op name, kernel name, exec duration (ms), global size, local size, output size
attn_norm-0,kernel_rms_norm_mul,0.013300,16384x1x1,1024x1x1,3584x16x1x1
Qcur-0,kernel_add_row,0.010100,14336x0x0,64x0x0,3584x16x1x1
Qcur-0,kernel_rope_neox_f32,0.005500,1792x16x1,64x1x1,128x28x16x1
Kcur-0,kernel_add_row,0.004700,2048x0x0,64x0x0,512x16x1x1
Kcur-0,kernel_rope_neox_f32,0.002700,256x16x1,64x1x1,128x4x16x1
node_11,kernel_mul_mv_q6_K_f32,0.959300,512x1024x1,2x64x1,512x16x1x1
Vcur-0,kernel_add_row,0.002500,2048x0x0,64x0x0,512x16x1x1
cache_k_l0 (view),kernel_set_rows_f16_i64,0.003700,8192x1x1,512x1x1,512x4096x1x1
cache_v_l0 (view),kernel_set_rows_f16_i64,0.002900,8192x1x1,512x1x1,512x4096x1x1
 (copy),kernel_cpy_f32_f16,0.004500,4096x1x1,64x1x1,256x64x1x1
__fattn__-0,flash_attn_f32_f16,1.345800,32x28x0,32x1x0,128x28x16x1
ffn_inp-0,kernel_add,0.024600,1024x1x1,64x1x1,3584x16x1x1
ffn_norm-0,kernel_rms_norm_mul,0.009100,16384x1x1,1024x1x1,3584x16x1x1
ffn_swiglu-0,kernel_swiglu,0.053100,8192x1x1,512x1x1,18944x16x1x1
ffn_out-0,kernel_mul_mv_q6_K_f32,39.660000,3584x1024x1,2x64x1,3584x16x1x1
l_out-0,kernel_add,0.023300,1024x1x1,64x1x1,3584x16x1x1
attn_norm-1,kernel_rms_norm_mul,0.009200,16384x1x1,1024x1x1,3584x16x1x1
Qcur-1,kernel_add_row,0.007900,14336x0x0,64x0x0,3584x16x1x1
Qcur-1,kernel_rope_neox_f32,0.005500,1792x16x1,64x1x1,128x28x16x1
Kcur-1,kernel_add_row,0.004900,2048x0x0,64x0x0,512x16x1x1
Kcur-1,kernel_rope_neox_f32,0.002800,256x16x1,64x1x1,128x4x16x1
node_46,kernel_mul_mv_q6_K_f32,0.954900,512x1024x1,2x64x1,512x16x1x1
Vcur-1,kernel_add_row,0.002300,2048x0x0,64x0x0,512x16x1x1
cache_k_l1 (view),kernel_set_rows_f16_i64,0.003200,8192x1x1,512x1x1,512x4096x1x1
cache_v_l1 (view),kernel_set_rows_f16_i64,0.002800,8192x1x1,512x1x1,512x4096x1x1
__fattn__-1,flash_attn_f32_f16,1.332800,32x28x0,32x1x0,128x28x16x1
ffn_inp-1,kernel_add,0.023300,1024x1x1,64x1x1,3584x16x1x1
ffn_norm-1,kernel_rms_norm_mul,0.009200,16384x1x1,1024x1x1,3584x16x1x1
ffn_swiglu-1,kernel_swiglu,0.047000,8192x1x1,512x1x1,18944x16x1x1
ffn_out-1,kernel_mul_mv_q6_K_f32,39.650501,3584x1024x1,2x64x1,3584x16x1x1
l_out-1,kernel_add,0.023100,1024x1x1,64x1x1,3584x16x1x1
attn_norm-2,kernel_rms_norm_mul,0.009200,16384x1x1,1024x1x1,3584x16x1x1
Qcur-2,kernel_add_row,0.008200,14336x0x0,64x0x0,3584x16x1x1
Qcur-2,kernel_rope_neox_f32,0.005500,1792x16x1,64x1x1,128x28x16x1
Kcur-2,kernel_add_row,0.005000,2048x0x0,64x0x0,512x16x1x1
Kcur-2,kernel_rope_neox_f32,0.002800,256x16x1,64x1x1,128x4x16x1
node_80,kernel_mul_mv_q6_K_f32,0.955000,512x1024x1,2x64x1,512x16x1x1
Vcur-2,kernel_add_row,0.002200,2048x0x0,64x0x0,512x16x1x1
cache_k_l2 (view),kernel_set_rows_f16_i64,0.003200,8192x1x1,512x1x1,512x4096x1x1
cache_v_l2 (view),kernel_set_rows_f16_i64,0.002800,8192x1x1,512x1x1,512x4096x1x1
__fattn__-2,flash_attn_f32_f16,1.376200,32x28x0,32x1x0,128x28x16x1
ffn_inp-2,kernel_add,0.023200,1024x1x1,64x1x1,3584x16x1x1
ffn_norm-2,kernel_rms_norm_mul,0.009200,16384x1x1,1024x1x1,3584x16x1x1
ffn_swiglu-2,kernel_swiglu,0.046300,8192x1x1,512x1x1,18944x16x1x1
ffn_out-2,kernel_mul_mv_q6_K_f32,40.725800,3584x1024x1,2x64x1,3584x16x1x1
l_out-2,kernel_add,0.023600,1024x1x1,64x1x1,3584x16x1x1
attn_norm-3,kernel_rms_norm_mul,0.009200,16384x1x1,1024x1x1,3584x16x1x1
Qcur-3,kernel_add_row,0.011000,14336x0x0,64x0x0,3584x16x1x1
Qcur-3,kernel_rope_neox_f32,0.005400,1792x16x1,64x1x1,128x28x16x1
Kcur-3,kernel_add_row,0.005100,2048x0x0,64x0x0,512x16x1x1
Kcur-3,kernel_rope_neox_f32,0.002700,256x16x1,64x1x1,128x4x16x1
Vcur-3,kernel_add_row,0.005200,2048x0x0,64x0x0,512x16x1x1
cache_k_l3 (view),kernel_set_rows_f16_i64,0.003200,8192x1x1,512x1x1,512x4096x1x1
cache_v_l3 (view),kernel_set_rows_f16_i64,0.002800,8192x1x1,512x1x1,512x4096x1x1
__fattn__-3,flash_attn_f32_f16,1.340800,32x28x0,32x1x0,128x28x16x1
ffn_inp-3,kernel_add,0.021900,1024x1x1,64x1x1,3584x16x1x1
ffn_norm-3,kernel_rms_norm_mul,0.009200,16384x1x1,1024x1x1,3584x16x1x1
l_out-3,kernel_add,0.024400,1024x1x1,64x1x1,3584x16x1x1
attn_norm-4,kernel_rms_norm_mul,0.009100,16384x1x1,1024x1x1,3584x16x1x1
Qcur-4,kernel_add_row,0.007800,14336x0x0,64x0x0,3584x16x1x1
Qcur-4,kernel_rope_neox_f32,0.005600,1792x16x1,64x1x1,128x28x16x1
Kcur-4,kernel_add_row,0.004900,2048x0x0,64x0x0,512x16x1x1
Kcur-4,kernel_rope_neox_f32,0.002700,256x16x1,64x1x1,128x4x16x1
Vcur-4,kernel_add_row,0.002800,2048x0x0,64x0x0,512x16x1x1
cache_k_l4 (view),kernel_set_rows_f16_i64,0.003300,8192x1x1,512x1x1,512x4096x1x1
cache_v_l4 (view),kernel_set_rows_f16_i64,0.002800,8192x1x1,512x1x1,512x4096x1x1
__fattn__-4,flash_attn_f32_f16,1.349700,32x28x0,32x1x0,128x28x16x1
ffn_inp-4,kernel_add,0.023100,1024x1x1,64x1x1,3584x16x1x1
ffn_norm-4,kernel_rms_norm_mul,0.009200,16384x1x1,1024x1x1,3584x16x1x1
l_out-4,kernel_add,0.023400,1024x1x1,64x1x1,3584x16x1x1
attn_norm-5,kernel_rms_norm_mul,0.009100,16384x1x1,1024x1x1,3584x16x1x1
Qcur-5,kernel_add_row,0.007500,14336x0x0,64x0x0,3584x16x1x1
Qcur-5,kernel_rope_neox_f32,0.005400,1792x16x1,64x1x1,128x28x16x1
Kcur-5,kernel_add_row,0.002800,2048x0x0,64x0x0,512x16x1x1
Kcur-5,kernel_rope_neox_f32,0.002800,256x16x1,64x1x1,128x4x16x1
node_182,kernel_mul_mv_q6_K_f32,0.953800,512x1024x1,2x64x1,512x16x1x1
Vcur-5,kernel_add_row,0.002500,2048x0x0,64x0x0,512x16x1x1
cache_k_l5 (view),kernel_set_rows_f16_i64,0.003100,8192x1x1,512x1x1,512x4096x1x1
cache_v_l5 (view),kernel_set_rows_f16_i64,0.002800,8192x1x1,512x1x1,512x4096x1x1
__fattn__-5,flash_attn_f32_f16,1.366500,32x28x0,32x1x0,128x28x16x1
ffn_inp-5,kernel_add,0.024500,1024x1x1,64x1x1,3584x16x1x1
ffn_norm-5,kernel_rms_norm_mul,0.009300,16384x1x1,1024x1x1,3584x16x1x1
ffn_swiglu-5,kernel_swiglu,0.047500,8192x1x1,512x1x1,18944x16x1x1
ffn_out-5,kernel_mul_mv_q6_K_f32,40.667900,3584x1024x1,2x64x1,3584x16x1x1
l_out-5,kernel_add,0.022800,1024x1x1,64x1x1,3584x16x1x1
attn_norm-6,kernel_rms_norm_mul,0.009200,16384x1x1,1024x1x1,3584x16x1x1
Qcur-6,kernel_add_row,0.009500,14336x0x0,64x0x0,3584x16x1x1
Qcur-6,kernel_rope_neox_f32,0.005500,1792x16x1,64x1x1,128x28x16x1
Kcur-6,kernel_add_row,0.005100,2048x0x0,64x0x0,512x16x1x1
Kcur-6,kernel_rope_neox_f32,0.002700,256x16x1,64x1x1,128x4x16x1
Vcur-6,kernel_add_row,0.005300,2048x0x0,64x0x0,512x16x1x1
cache_k_l6 (view),kernel_set_rows_f16_i64,0.003300,8192x1x1,512x1x1,512x4096x1x1
cache_v_l6 (view),kernel_set_rows_f16_i64,0.002800,8192x1x1,512x1x1,512x4096x1x1
__fattn__-6,flash_attn_f32_f16,1.371500,32x28x0,32x1x0,128x28x16x1
ffn_inp-6,kernel_add,0.021800,1024x1x1,64x1x1,3584x16x1x1
ffn_norm-6,kernel_rms_norm_mul,0.009200,16384x1x1,1024x1x1,3584x16x1x1
l_out-6,kernel_add,0.024500,1024x1x1,64x1x1,3584x16x1x1
attn_norm-7,kernel_rms_norm_mul,0.009200,16384x1x1,1024x1x1,3584x16x1x1
Qcur-7,kernel_add_row,0.008100,14336x0x0,64x0x0,3584x16x1x1
Qcur-7,kernel_rope_neox_f32,0.005400,1792x16x1,64x1x1,128x28x16x1
Kcur-7,kernel_add_row,0.004900,2048x0x0,64x0x0,512x16x1x1
Kcur-7,kernel_rope_neox_f32,0.002800,256x16x1,64x1x1,128x4x16x1
Vcur-7,kernel_add_row,0.005100,2048x0x0,64x0x0,512x16x1x1
cache_k_l7 (view),kernel_set_rows_f16_i64,0.003000,8192x1x1,512x1x1,512x4096x1x1
cache_v_l7 (view),kernel_set_rows_f16_i64,0.002700,8192x1x1,512x1x1,512x4096x1x1
__fattn__-7,flash_attn_f32_f16,1.351400,32x28x0,32x1x0,128x28x16x1
ffn_inp-7,kernel_add,0.023300,1024x1x1,64x1x1,3584x16x1x1
ffn_norm-7,kernel_rms_norm_mul,0.009100,16384x1x1,1024x1x1,3584x16x1x1
l_out-7,kernel_add,0.023300,1024x1x1,64x1x1,3584x16x1x1
attn_norm-8,kernel_rms_norm_mul,0.009100,16384x1x1,1024x1x1,3584x16x1x1
Qcur-8,kernel_add_row,0.007500,14336x0x0,64x0x0,3584x16x1x1
Qcur-8,kernel_rope_neox_f32,0.005400,1792x16x1,64x1x1,128x28x16x1
Kcur-8,kernel_add_row,0.002700,2048x0x0,64x0x0,512x16x1x1
Kcur-8,kernel_rope_neox_f32,0.002800,256x16x1,64x1x1,128x4x16x1
node_284,kernel_mul_mv_q6_K_f32,0.954700,512x1024x1,2x64x1,512x16x1x1
Vcur-8,kernel_add_row,0.002300,2048x0x0,64x0x0,512x16x1x1
cache_k_l8 (view),kernel_set_rows_f16_i64,0.003200,8192x1x1,512x1x1,512x4096x1x1
cache_v_l8 (view),kernel_set_rows_f16_i64,0.002900,8192x1x1,512x1x1,512x4096x1x1
__fattn__-8,flash_attn_f32_f16,1.335000,32x28x0,32x1x0,128x28x16x1
ffn_inp-8,kernel_add,0.024100,1024x1x1,64x1x1,3584x16x1x1
ffn_norm-8,kernel_rms_norm_mul,0.009200,16384x1x1,1024x1x1,3584x16x1x1
ffn_swiglu-8,kernel_swiglu,0.048300,8192x1x1,512x1x1,18944x16x1x1
ffn_out-8,kernel_mul_mv_q6_K_f32,40.214802,3584x1024x1,2x64x1,3584x16x1x1
l_out-8,kernel_add,0.023200,1024x1x1,64x1x1,3584x16x1x1
attn_norm-9,kernel_rms_norm_mul,0.009200,16384x1x1,1024x1x1,3584x16x1x1
Qcur-9,kernel_add_row,0.013700,14336x0x0,64x0x0,3584x16x1x1
Qcur-9,kernel_rope_neox_f32,0.005600,1792x16x1,64x1x1,128x28x16x1
Kcur-9,kernel_add_row,0.005600,2048x0x0,64x0x0,512x16x1x1
Kcur-9,kernel_rope_neox_f32,0.002800,256x16x1,64x1x1,128x4x16x1
Vcur-9,kernel_add_row,0.005700,2048x0x0,64x0x0,512x16x1x1
cache_k_l9 (view),kernel_set_rows_f16_i64,0.003500,8192x1x1,512x1x1,512x4096x1x1
cache_v_l9 (view),kernel_set_rows_f16_i64,0.002800,8192x1x1,512x1x1,512x4096x1x1
__fattn__-9,flash_attn_f32_f16,1.345600,32x28x0,32x1x0,128x28x16x1
ffn_inp-9,kernel_add,0.024000,1024x1x1,64x1x1,3584x16x1x1
ffn_norm-9,kernel_rms_norm_mul,0.009300,16384x1x1,1024x1x1,3584x16x1x1
l_out-9,kernel_add,0.024800,1024x1x1,64x1x1,3584x16x1x1
attn_norm-10,kernel_rms_norm_mul,0.009100,16384x1x1,1024x1x1,3584x16x1x1
Qcur-10,kernel_add_row,0.013400,14336x0x0,64x0x0,3584x16x1x1
Qcur-10,kernel_rope_neox_f32,0.005500,1792x16x1,64x1x1,128x28x16x1
Kcur-10,kernel_add_row,0.005700,2048x0x0,64x0x0,512x16x1x1
Kcur-10,kernel_rope_neox_f32,0.002700,256x16x1,64x1x1,128x4x16x1
Vcur-10,kernel_add_row,0.005500,2048x0x0,64x0x0,512x16x1x1
cache_k_l10 (view),kernel_set_rows_f16_i64,0.003200,8192x1x1,512x1x1,512x4096x1x1
cache_v_l10 (view),kernel_set_rows_f16_i64,0.002800,8192x1x1,512x1x1,512x4096x1x1
__fattn__-10,flash_attn_f32_f16,1.353100,32x28x0,32x1x0,128x28x16x1
ffn_inp-10,kernel_add,0.024600,1024x1x1,64x1x1,3584x16x1x1
ffn_norm-10,kernel_rms_norm_mul,0.009300,16384x1x1,1024x1x1,3584x16x1x1
l_out-10,kernel_add,0.023700,1024x1x1,64x1x1,3584x16x1x1
attn_norm-11,kernel_rms_norm_mul,0.009100,16384x1x1,1024x1x1,3584x16x1x1
Qcur-11,kernel_add_row,0.007500,14336x0x0,64x0x0,3584x16x1x1
Qcur-11,kernel_rope_neox_f32,0.005500,1792x16x1,64x1x1,128x28x16x1
Kcur-11,kernel_add_row,0.005600,2048x0x0,64x0x0,512x16x1x1
Kcur-11,kernel_rope_neox_f32,0.002700,256x16x1,64x1x1,128x4x16x1
node_386,kernel_mul_mv_q6_K_f32,0.955200,512x1024x1,2x64x1,512x16x1x1
Vcur-11,kernel_add_row,0.002500,2048x0x0,64x0x0,512x16x1x1
cache_k_l11 (view),kernel_set_rows_f16_i64,0.003400,8192x1x1,512x1x1,512x4096x1x1
cache_v_l11 (view),kernel_set_rows_f16_i64,0.002900,8192x1x1,512x1x1,512x4096x1x1
__fattn__-11,flash_attn_f32_f16,1.354000,32x28x0,32x1x0,128x28x16x1
ffn_inp-11,kernel_add,0.025200,1024x1x1,64x1x1,3584x16x1x1
ffn_norm-11,kernel_rms_norm_mul,0.009400,16384x1x1,1024x1x1,3584x16x1x1
ffn_swiglu-11,kernel_swiglu,0.048100,8192x1x1,512x1x1,18944x16x1x1
ffn_out-11,kernel_mul_mv_q6_K_f32,39.636200,3584x1024x1,2x64x1,3584x16x1x1
l_out-11,kernel_add,0.023500,1024x1x1,64x1x1,3584x16x1x1
attn_norm-12,kernel_rms_norm_mul,0.009300,16384x1x1,1024x1x1,3584x16x1x1
Qcur-12,kernel_add_row,0.013100,14336x0x0,64x0x0,3584x16x1x1
Qcur-12,kernel_rope_neox_f32,0.005500,1792x16x1,64x1x1,128x28x16x1
Kcur-12,kernel_add_row,0.005600,2048x0x0,64x0x0,512x16x1x1
Kcur-12,kernel_rope_neox_f32,0.003000,256x16x1,64x1x1,128x4x16x1
Vcur-12,kernel_add_row,0.005500,2048x0x0,64x0x0,512x16x1x1
cache_k_l12 (view),kernel_set_rows_f16_i64,0.003400,8192x1x1,512x1x1,512x4096x1x1
cache_v_l12 (view),kernel_set_rows_f16_i64,0.002800,8192x1x1,512x1x1,512x4096x1x1
__fattn__-12,flash_attn_f32_f16,1.345100,32x28x0,32x1x0,128x28x16x1
ffn_inp-12,kernel_add,0.024300,1024x1x1,64x1x1,3584x16x1x1
ffn_norm-12,kernel_rms_norm_mul,0.009300,16384x1x1,1024x1x1,3584x16x1x1
l_out-12,kernel_add,0.024300,1024x1x1,64x1x1,3584x16x1x1
attn_norm-13,kernel_rms_norm_mul,0.009200,16384x1x1,1024x1x1,3584x16x1x1
Qcur-13,kernel_add_row,0.013200,14336x0x0,64x0x0,3584x16x1x1
Qcur-13,kernel_rope_neox_f32,0.005500,1792x16x1,64x1x1,128x28x16x1
Kcur-13,kernel_add_row,0.005600,2048x0x0,64x0x0,512x16x1x1
Kcur-13,kernel_rope_neox_f32,0.002800,256x16x1,64x1x1,128x4x16x1
Vcur-13,kernel_add_row,0.005600,2048x0x0,64x0x0,512x16x1x1
cache_k_l13 (view),kernel_set_rows_f16_i64,0.003200,8192x1x1,512x1x1,512x4096x1x1
cache_v_l13 (view),kernel_set_rows_f16_i64,0.002800,8192x1x1,512x1x1,512x4096x1x1
__fattn__-13,flash_attn_f32_f16,1.341600,32x28x0,32x1x0,128x28x16x1
ffn_inp-13,kernel_add,0.024900,1024x1x1,64x1x1,3584x16x1x1
ffn_norm-13,kernel_rms_norm_mul,0.009200,16384x1x1,1024x1x1,3584x16x1x1
l_out-13,kernel_add,0.023400,1024x1x1,64x1x1,3584x16x1x1
attn_norm-14,kernel_rms_norm_mul,0.009200,16384x1x1,1024x1x1,3584x16x1x1
Qcur-14,kernel_add_row,0.007600,14336x0x0,64x0x0,3584x16x1x1
Qcur-14,kernel_rope_neox_f32,0.005500,1792x16x1,64x1x1,128x28x16x1
Kcur-14,kernel_add_row,0.005600,2048x0x0,64x0x0,512x16x1x1
Kcur-14,kernel_rope_neox_f32,0.002800,256x16x1,64x1x1,128x4x16x1
node_488,kernel_mul_mv_q6_K_f32,0.954200,512x1024x1,2x64x1,512x16x1x1
Vcur-14,kernel_add_row,0.002600,2048x0x0,64x0x0,512x16x1x1
cache_k_l14 (view),kernel_set_rows_f16_i64,0.003300,8192x1x1,512x1x1,512x4096x1x1
cache_v_l14 (view),kernel_set_rows_f16_i64,0.002800,8192x1x1,512x1x1,512x4096x1x1
__fattn__-14,flash_attn_f32_f16,1.353300,32x28x0,32x1x0,128x28x16x1
ffn_inp-14,kernel_add,0.025400,1024x1x1,64x1x1,3584x16x1x1
ffn_norm-14,kernel_rms_norm_mul,0.009200,16384x1x1,1024x1x1,3584x16x1x1
ffn_swiglu-14,kernel_swiglu,0.047800,8192x1x1,512x1x1,18944x16x1x1
ffn_out-14,kernel_mul_mv_q6_K_f32,39.526402,3584x1024x1,2x64x1,3584x16x1x1
l_out-14,kernel_add,0.023200,1024x1x1,64x1x1,3584x16x1x1
attn_norm-15,kernel_rms_norm_mul,0.009300,16384x1x1,1024x1x1,3584x16x1x1
Qcur-15,kernel_add_row,0.013000,14336x0x0,64x0x0,3584x16x1x1
Qcur-15,kernel_rope_neox_f32,0.005600,1792x16x1,64x1x1,128x28x16x1
Kcur-15,kernel_add_row,0.005600,2048x0x0,64x0x0,512x16x1x1
Kcur-15,kernel_rope_neox_f32,0.002700,256x16x1,64x1x1,128x4x16x1
Vcur-15,kernel_add_row,0.005800,2048x0x0,64x0x0,512x16x1x1
cache_k_l15 (view),kernel_set_rows_f16_i64,0.003300,8192x1x1,512x1x1,512x4096x1x1
cache_v_l15 (view),kernel_set_rows_f16_i64,0.002800,8192x1x1,512x1x1,512x4096x1x1
__fattn__-15,flash_attn_f32_f16,1.335300,32x28x0,32x1x0,128x28x16x1
ffn_inp-15,kernel_add,0.024200,1024x1x1,64x1x1,3584x16x1x1
ffn_norm-15,kernel_rms_norm_mul,0.009300,16384x1x1,1024x1x1,3584x16x1x1
l_out-15,kernel_add,0.024200,1024x1x1,64x1x1,3584x16x1x1
attn_norm-16,kernel_rms_norm_mul,0.009200,16384x1x1,1024x1x1,3584x16x1x1
Qcur-16,kernel_add_row,0.013300,14336x0x0,64x0x0,3584x16x1x1
Qcur-16,kernel_rope_neox_f32,0.005500,1792x16x1,64x1x1,128x28x16x1
Kcur-16,kernel_add_row,0.005800,2048x0x0,64x0x0,512x16x1x1
Kcur-16,kernel_rope_neox_f32,0.002700,256x16x1,64x1x1,128x4x16x1
Vcur-16,kernel_add_row,0.005500,2048x0x0,64x0x0,512x16x1x1
cache_k_l16 (view),kernel_set_rows_f16_i64,0.003300,8192x1x1,512x1x1,512x4096x1x1
cache_v_l16 (view),kernel_set_rows_f16_i64,0.002800,8192x1x1,512x1x1,512x4096x1x1
__fattn__-16,flash_attn_f32_f16,1.340600,32x28x0,32x1x0,128x28x16x1
ffn_inp-16,kernel_add,0.024900,1024x1x1,64x1x1,3584x16x1x1
ffn_norm-16,kernel_rms_norm_mul,0.009100,16384x1x1,1024x1x1,3584x16x1x1
l_out-16,kernel_add,0.023600,1024x1x1,64x1x1,3584x16x1x1
attn_norm-17,kernel_rms_norm_mul,0.009100,16384x1x1,1024x1x1,3584x16x1x1
Qcur-17,kernel_add_row,0.007700,14336x0x0,64x0x0,3584x16x1x1
Qcur-17,kernel_rope_neox_f32,0.005400,1792x16x1,64x1x1,128x28x16x1
Kcur-17,kernel_add_row,0.005700,2048x0x0,64x0x0,512x16x1x1
Kcur-17,kernel_rope_neox_f32,0.002800,256x16x1,64x1x1,128x4x16x1
node_590,kernel_mul_mv_q6_K_f32,0.955900,512x1024x1,2x64x1,512x16x1x1
Vcur-17,kernel_add_row,0.002600,2048x0x0,64x0x0,512x16x1x1
cache_k_l17 (view),kernel_set_rows_f16_i64,0.003300,8192x1x1,512x1x1,512x4096x1x1
cache_v_l17 (view),kernel_set_rows_f16_i64,0.002800,8192x1x1,512x1x1,512x4096x1x1
__fattn__-17,flash_attn_f32_f16,1.354600,32x28x0,32x1x0,128x28x16x1
ffn_inp-17,kernel_add,0.025000,1024x1x1,64x1x1,3584x16x1x1
ffn_norm-17,kernel_rms_norm_mul,0.009100,16384x1x1,1024x1x1,3584x16x1x1
ffn_swiglu-17,kernel_swiglu,0.048100,8192x1x1,512x1x1,18944x16x1x1
ffn_out-17,kernel_mul_mv_q6_K_f32,39.873001,3584x1024x1,2x64x1,3584x16x1x1
l_out-17,kernel_add,0.023500,1024x1x1,64x1x1,3584x16x1x1
attn_norm-18,kernel_rms_norm_mul,0.009100,16384x1x1,1024x1x1,3584x16x1x1
Qcur-18,kernel_add_row,0.012200,14336x0x0,64x0x0,3584x16x1x1
Qcur-18,kernel_rope_neox_f32,0.005400,1792x16x1,64x1x1,128x28x16x1
Kcur-18,kernel_add_row,0.005800,2048x0x0,64x0x0,512x16x1x1
Kcur-18,kernel_rope_neox_f32,0.002700,256x16x1,64x1x1,128x4x16x1
Vcur-18,kernel_add_row,0.005900,2048x0x0,64x0x0,512x16x1x1
cache_k_l18 (view),kernel_set_rows_f16_i64,0.003300,8192x1x1,512x1x1,512x4096x1x1
cache_v_l18 (view),kernel_set_rows_f16_i64,0.002800,8192x1x1,512x1x1,512x4096x1x1
__fattn__-18,flash_attn_f32_f16,1.338300,32x28x0,32x1x0,128x28x16x1
ffn_inp-18,kernel_add,0.024600,1024x1x1,64x1x1,3584x16x1x1
ffn_norm-18,kernel_rms_norm_mul,0.009200,16384x1x1,1024x1x1,3584x16x1x1
l_out-18,kernel_add,0.024600,1024x1x1,64x1x1,3584x16x1x1
attn_norm-19,kernel_rms_norm_mul,0.009300,16384x1x1,1024x1x1,3584x16x1x1
Qcur-19,kernel_add_row,0.010400,14336x0x0,64x0x0,3584x16x1x1
Qcur-19,kernel_rope_neox_f32,0.005500,1792x16x1,64x1x1,128x28x16x1
Kcur-19,kernel_add_row,0.005600,2048x0x0,64x0x0,512x16x1x1
Kcur-19,kernel_rope_neox_f32,0.002800,256x16x1,64x1x1,128x4x16x1
Vcur-19,kernel_add_row,0.005700,2048x0x0,64x0x0,512x16x1x1
cache_k_l19 (view),kernel_set_rows_f16_i64,0.003500,8192x1x1,512x1x1,512x4096x1x1
cache_v_l19 (view),kernel_set_rows_f16_i64,0.002800,8192x1x1,512x1x1,512x4096x1x1
__fattn__-19,flash_attn_f32_f16,1.356000,32x28x0,32x1x0,128x28x16x1
ffn_inp-19,kernel_add,0.024600,1024x1x1,64x1x1,3584x16x1x1
ffn_norm-19,kernel_rms_norm_mul,0.009200,16384x1x1,1024x1x1,3584x16x1x1
l_out-19,kernel_add,0.023100,1024x1x1,64x1x1,3584x16x1x1
attn_norm-20,kernel_rms_norm_mul,0.009100,16384x1x1,1024x1x1,3584x16x1x1
Qcur-20,kernel_add_row,0.007300,14336x0x0,64x0x0,3584x16x1x1
Qcur-20,kernel_rope_neox_f32,0.005500,1792x16x1,64x1x1,128x28x16x1
Kcur-20,kernel_add_row,0.005600,2048x0x0,64x0x0,512x16x1x1
Kcur-20,kernel_rope_neox_f32,0.002700,256x16x1,64x1x1,128x4x16x1
node_692,kernel_mul_mv_q6_K_f32,0.954900,512x1024x1,2x64x1,512x16x1x1
Vcur-20,kernel_add_row,0.002500,2048x0x0,64x0x0,512x16x1x1
cache_k_l20 (view),kernel_set_rows_f16_i64,0.003300,8192x1x1,512x1x1,512x4096x1x1
cache_v_l20 (view),kernel_set_rows_f16_i64,0.002800,8192x1x1,512x1x1,512x4096x1x1
__fattn__-20,flash_attn_f32_f16,1.337100,32x28x0,32x1x0,128x28x16x1
ffn_inp-20,kernel_add,0.024700,1024x1x1,64x1x1,3584x16x1x1
ffn_norm-20,kernel_rms_norm_mul,0.009200,16384x1x1,1024x1x1,3584x16x1x1
ffn_swiglu-20,kernel_swiglu,0.047900,8192x1x1,512x1x1,18944x16x1x1
ffn_out-20,kernel_mul_mv_q6_K_f32,39.569801,3584x1024x1,2x64x1,3584x16x1x1
l_out-20,kernel_add,0.023500,1024x1x1,64x1x1,3584x16x1x1
attn_norm-21,kernel_rms_norm_mul,0.009200,16384x1x1,1024x1x1,3584x16x1x1
Qcur-21,kernel_add_row,0.011300,14336x0x0,64x0x0,3584x16x1x1
Qcur-21,kernel_rope_neox_f32,0.005400,1792x16x1,64x1x1,128x28x16x1
Kcur-21,kernel_add_row,0.005600,2048x0x0,64x0x0,512x16x1x1
Kcur-21,kernel_rope_neox_f32,0.002700,256x16x1,64x1x1,128x4x16x1
Vcur-21,kernel_add_row,0.005700,2048x0x0,64x0x0,512x16x1x1
cache_k_l21 (view),kernel_set_rows_f16_i64,0.003500,8192x1x1,512x1x1,512x4096x1x1
cache_v_l21 (view),kernel_set_rows_f16_i64,0.002900,8192x1x1,512x1x1,512x4096x1x1
__fattn__-21,flash_attn_f32_f16,1.343800,32x28x0,32x1x0,128x28x16x1
ffn_inp-21,kernel_add,0.024200,1024x1x1,64x1x1,3584x16x1x1
ffn_norm-21,kernel_rms_norm_mul,0.009100,16384x1x1,1024x1x1,3584x16x1x1
l_out-21,kernel_add,0.024400,1024x1x1,64x1x1,3584x16x1x1
attn_norm-22,kernel_rms_norm_mul,0.009200,16384x1x1,1024x1x1,3584x16x1x1
Qcur-22,kernel_add_row,0.013100,14336x0x0,64x0x0,3584x16x1x1
Qcur-22,kernel_rope_neox_f32,0.005400,1792x16x1,64x1x1,128x28x16x1
Kcur-22,kernel_add_row,0.005600,2048x0x0,64x0x0,512x16x1x1
Kcur-22,kernel_rope_neox_f32,0.002900,256x16x1,64x1x1,128x4x16x1
Vcur-22,kernel_add_row,0.005800,2048x0x0,64x0x0,512x16x1x1
cache_k_l22 (view),kernel_set_rows_f16_i64,0.003500,8192x1x1,512x1x1,512x4096x1x1
cache_v_l22 (view),kernel_set_rows_f16_i64,0.002900,8192x1x1,512x1x1,512x4096x1x1
__fattn__-22,flash_attn_f32_f16,1.345000,32x28x0,32x1x0,128x28x16x1
ffn_inp-22,kernel_add,0.025000,1024x1x1,64x1x1,3584x16x1x1
ffn_norm-22,kernel_rms_norm_mul,0.009100,16384x1x1,1024x1x1,3584x16x1x1
l_out-22,kernel_add,0.023300,1024x1x1,64x1x1,3584x16x1x1
attn_norm-23,kernel_rms_norm_mul,0.009200,16384x1x1,1024x1x1,3584x16x1x1
Qcur-23,kernel_add_row,0.007700,14336x0x0,64x0x0,3584x16x1x1
Qcur-23,kernel_rope_neox_f32,0.005400,1792x16x1,64x1x1,128x28x16x1
Kcur-23,kernel_add_row,0.005700,2048x0x0,64x0x0,512x16x1x1
Kcur-23,kernel_rope_neox_f32,0.002800,256x16x1,64x1x1,128x4x16x1
node_794,kernel_mul_mv_q6_K_f32,0.953900,512x1024x1,2x64x1,512x16x1x1
Vcur-23,kernel_add_row,0.002500,2048x0x0,64x0x0,512x16x1x1
cache_k_l23 (view),kernel_set_rows_f16_i64,0.003300,8192x1x1,512x1x1,512x4096x1x1
cache_v_l23 (view),kernel_set_rows_f16_i64,0.002800,8192x1x1,512x1x1,512x4096x1x1
__fattn__-23,flash_attn_f32_f16,1.352400,32x28x0,32x1x0,128x28x16x1
ffn_inp-23,kernel_add,0.025100,1024x1x1,64x1x1,3584x16x1x1
ffn_norm-23,kernel_rms_norm_mul,0.009200,16384x1x1,1024x1x1,3584x16x1x1
ffn_swiglu-23,kernel_swiglu,0.047900,8192x1x1,512x1x1,18944x16x1x1
ffn_out-23,kernel_mul_mv_q6_K_f32,39.597301,3584x1024x1,2x64x1,3584x16x1x1
l_out-23,kernel_add,0.023300,1024x1x1,64x1x1,3584x16x1x1
attn_norm-24,kernel_rms_norm_mul,0.009100,16384x1x1,1024x1x1,3584x16x1x1
Qcur-24,kernel_add_row,0.008200,14336x0x0,64x0x0,3584x16x1x1
Qcur-24,kernel_rope_neox_f32,0.005600,1792x16x1,64x1x1,128x28x16x1
Kcur-24,kernel_add_row,0.005700,2048x0x0,64x0x0,512x16x1x1
Kcur-24,kernel_rope_neox_f32,0.002700,256x16x1,64x1x1,128x4x16x1
node_828,kernel_mul_mv_q6_K_f32,0.956100,512x1024x1,2x64x1,512x16x1x1
Vcur-24,kernel_add_row,0.002600,2048x0x0,64x0x0,512x16x1x1
cache_k_l24 (view),kernel_set_rows_f16_i64,0.003400,8192x1x1,512x1x1,512x4096x1x1
cache_v_l24 (view),kernel_set_rows_f16_i64,0.002900,8192x1x1,512x1x1,512x4096x1x1
__fattn__-24,flash_attn_f32_f16,1.334200,32x28x0,32x1x0,128x28x16x1
ffn_inp-24,kernel_add,0.023700,1024x1x1,64x1x1,3584x16x1x1
ffn_norm-24,kernel_rms_norm_mul,0.009100,16384x1x1,1024x1x1,3584x16x1x1
ffn_swiglu-24,kernel_swiglu,0.047500,8192x1x1,512x1x1,18944x16x1x1
ffn_out-24,kernel_mul_mv_q6_K_f32,39.622200,3584x1024x1,2x64x1,3584x16x1x1
l_out-24,kernel_add,0.023500,1024x1x1,64x1x1,3584x16x1x1
attn_norm-25,kernel_rms_norm_mul,0.009200,16384x1x1,1024x1x1,3584x16x1x1
Qcur-25,kernel_add_row,0.008400,14336x0x0,64x0x0,3584x16x1x1
Qcur-25,kernel_rope_neox_f32,0.005500,1792x16x1,64x1x1,128x28x16x1
Kcur-25,kernel_add_row,0.005700,2048x0x0,64x0x0,512x16x1x1
Kcur-25,kernel_rope_neox_f32,0.002700,256x16x1,64x1x1,128x4x16x1
node_862,kernel_mul_mv_q6_K_f32,0.956200,512x1024x1,2x64x1,512x16x1x1
Vcur-25,kernel_add_row,0.002600,2048x0x0,64x0x0,512x16x1x1
cache_k_l25 (view),kernel_set_rows_f16_i64,0.003200,8192x1x1,512x1x1,512x4096x1x1
cache_v_l25 (view),kernel_set_rows_f16_i64,0.002800,8192x1x1,512x1x1,512x4096x1x1
__fattn__-25,flash_attn_f32_f16,1.356400,32x28x0,32x1x0,128x28x16x1
ffn_inp-25,kernel_add,0.024100,1024x1x1,64x1x1,3584x16x1x1
ffn_norm-25,kernel_rms_norm_mul,0.009300,16384x1x1,1024x1x1,3584x16x1x1
ffn_swiglu-25,kernel_swiglu,0.048600,8192x1x1,512x1x1,18944x16x1x1
ffn_out-25,kernel_mul_mv_q6_K_f32,39.593700,3584x1024x1,2x64x1,3584x16x1x1
l_out-25,kernel_add,0.022900,1024x1x1,64x1x1,3584x16x1x1
attn_norm-26,kernel_rms_norm_mul,0.009200,16384x1x1,1024x1x1,3584x16x1x1
Qcur-26,kernel_add_row,0.008100,14336x0x0,64x0x0,3584x16x1x1
Qcur-26,kernel_rope_neox_f32,0.005500,1792x16x1,64x1x1,128x28x16x1
Kcur-26,kernel_add_row,0.005600,2048x0x0,64x0x0,512x16x1x1
Kcur-26,kernel_rope_neox_f32,0.002700,256x16x1,64x1x1,128x4x16x1
node_896,kernel_mul_mv_q6_K_f32,0.954500,512x1024x1,2x64x1,512x16x1x1
Vcur-26,kernel_add_row,0.002600,2048x0x0,64x0x0,512x16x1x1
cache_k_l26 (view),kernel_set_rows_f16_i64,0.003300,8192x1x1,512x1x1,512x4096x1x1
cache_v_l26 (view),kernel_set_rows_f16_i64,0.002800,8192x1x1,512x1x1,512x4096x1x1
__fattn__-26,flash_attn_f32_f16,1.356500,32x28x0,32x1x0,128x28x16x1
ffn_inp-26,kernel_add,0.023700,1024x1x1,64x1x1,3584x16x1x1
ffn_norm-26,kernel_rms_norm_mul,0.009300,16384x1x1,1024x1x1,3584x16x1x1
ffn_swiglu-26,kernel_swiglu,0.046500,8192x1x1,512x1x1,18944x16x1x1
ffn_out-26,kernel_mul_mv_q6_K_f32,39.564602,3584x1024x1,2x64x1,3584x16x1x1
l_out-26,kernel_add,0.023600,1024x1x1,64x1x1,3584x16x1x1
attn_norm-27,kernel_rms_norm_mul,0.009300,16384x1x1,1024x1x1,3584x16x1x1
Qcur-27,kernel_add_row,0.007700,14336x0x0,64x0x0,3584x16x1x1
Qcur-27,kernel_rope_neox_f32,0.005400,1792x16x1,64x1x1,128x28x16x1
Kcur-27,kernel_add_row,0.005800,2048x0x0,64x0x0,512x16x1x1
Kcur-27,kernel_rope_neox_f32,0.002800,256x16x1,64x1x1,128x4x16x1
node_930,kernel_mul_mv_q6_K_f32,0.954200,512x1024x1,2x64x1,512x16x1x1
Vcur-27,kernel_add_row,0.002500,2048x0x0,64x0x0,512x16x1x1
cache_k_l27 (view),kernel_set_rows_f16_i64,0.003300,8192x1x1,512x1x1,512x4096x1x1
cache_v_l27 (view),kernel_set_rows_f16_i64,0.002800,8192x1x1,512x1x1,512x4096x1x1
__fattn__-27,flash_attn_f32_f16,1.355800,32x28x0,32x1x0,128x28x16x1
attn_norm-0,kernel_rms_norm_mul,0.012500,16384x1x1,1024x1x1,3584x16x1x1
Qcur-0,kernel_add_row,0.007700,14336x0x0,64x0x0,3584x16x1x1
Qcur-0,kernel_rope_neox_f32,0.005600,1792x16x1,64x1x1,128x28x16x1
Kcur-0,kernel_add_row,0.005700,2048x0x0,64x0x0,512x16x1x1
Kcur-0,kernel_rope_neox_f32,0.002900,256x16x1,64x1x1,128x4x16x1
node_11,kernel_mul_mv_q6_K_f32,0.956700,512x1024x1,2x64x1,512x16x1x1
Vcur-0,kernel_add_row,0.002600,2048x0x0,64x0x0,512x16x1x1
cache_k_l0 (view),kernel_set_rows_f16_i64,0.003300,8192x1x1,512x1x1,512x4096x1x1
cache_v_l0 (view),kernel_set_rows_f16_i64,0.002800,8192x1x1,512x1x1,512x4096x1x1
 (copy),kernel_cpy_f32_f16,0.003700,4096x1x1,64x1x1,256x64x1x1
__fattn__-0,flash_attn_f32_f16,1.351500,32x28x0,32x1x0,128x28x16x1
ffn_inp-0,kernel_add,0.025200,1024x1x1,64x1x1,3584x16x1x1
ffn_norm-0,kernel_rms_norm_mul,0.009300,16384x1x1,1024x1x1,3584x16x1x1
ffn_swiglu-0,kernel_swiglu,0.046600,8192x1x1,512x1x1,18944x16x1x1
ffn_out-0,kernel_mul_mv_q6_K_f32,39.580299,3584x1024x1,2x64x1,3584x16x1x1
l_out-0,kernel_add,0.022900,1024x1x1,64x1x1,3584x16x1x1
attn_norm-1,kernel_rms_norm_mul,0.009200,16384x1x1,1024x1x1,3584x16x1x1
Qcur-1,kernel_add_row,0.007500,14336x0x0,64x0x0,3584x16x1x1
Qcur-1,kernel_rope_neox_f32,0.005500,1792x16x1,64x1x1,128x28x16x1
Kcur-1,kernel_add_row,0.005700,2048x0x0,64x0x0,512x16x1x1
Kcur-1,kernel_rope_neox_f32,0.002800,256x16x1,64x1x1,128x4x16x1
node_46,kernel_mul_mv_q6_K_f32,0.953500,512x1024x1,2x64x1,512x16x1x1
Vcur-1,kernel_add_row,0.002500,2048x0x0,64x0x0,512x16x1x1
cache_k_l1 (view),kernel_set_rows_f16_i64,0.003400,8192x1x1,512x1x1,512x4096x1x1
cache_v_l1 (view),kernel_set_rows_f16_i64,0.002800,8192x1x1,512x1x1,512x4096x1x1
__fattn__-1,flash_attn_f32_f16,1.359100,32x28x0,32x1x0,128x28x16x1
ffn_inp-1,kernel_add,0.024300,1024x1x1,64x1x1,3584x16x1x1
ffn_norm-1,kernel_rms_norm_mul,0.009200,16384x1x1,1024x1x1,3584x16x1x1
ffn_swiglu-1,kernel_swiglu,0.046500,8192x1x1,512x1x1,18944x16x1x1
ffn_out-1,kernel_mul_mv_q6_K_f32,39.635601,3584x1024x1,2x64x1,3584x16x1x1
l_out-1,kernel_add,0.023200,1024x1x1,64x1x1,3584x16x1x1
attn_norm-2,kernel_rms_norm_mul,0.009300,16384x1x1,1024x1x1,3584x16x1x1
Qcur-2,kernel_add_row,0.007800,14336x0x0,64x0x0,3584x16x1x1
Qcur-2,kernel_rope_neox_f32,0.005400,1792x16x1,64x1x1,128x28x16x1
Kcur-2,kernel_add_row,0.005700,2048x0x0,64x0x0,512x16x1x1
Kcur-2,kernel_rope_neox_f32,0.002600,256x16x1,64x1x1,128x4x16x1
node_80,kernel_mul_mv_q6_K_f32,0.954700,512x1024x1,2x64x1,512x16x1x1
Vcur-2,kernel_add_row,0.002600,2048x0x0,64x0x0,512x16x1x1
cache_k_l2 (view),kernel_set_rows_f16_i64,0.003400,8192x1x1,512x1x1,512x4096x1x1
cache_v_l2 (view),kernel_set_rows_f16_i64,0.002800,8192x1x1,512x1x1,512x4096x1x1
__fattn__-2,flash_attn_f32_f16,1.349400,32x28x0,32x1x0,128x28x16x1
ffn_inp-2,kernel_add,0.024100,1024x1x1,64x1x1,3584x16x1x1
ffn_norm-2,kernel_rms_norm_mul,0.009200,16384x1x1,1024x1x1,3584x16x1x1
ffn_swiglu-2,kernel_swiglu,0.052300,8192x1x1,512x1x1,18944x16x1x1
ffn_out-2,kernel_mul_mv_q6_K_f32,40.680500,3584x1024x1,2x64x1,3584x16x1x1
l_out-2,kernel_add,0.023400,1024x1x1,64x1x1,3584x16x1x1
attn_norm-3,kernel_rms_norm_mul,0.009200,16384x1x1,1024x1x1,3584x16x1x1
Qcur-3,kernel_add_row,0.012500,14336x0x0,64x0x0,3584x16x1x1
Qcur-3,kernel_rope_neox_f32,0.005600,1792x16x1,64x1x1,128x28x16x1
Kcur-3,kernel_add_row,0.005800,2048x0x0,64x0x0,512x16x1x1
Kcur-3,kernel_rope_neox_f32,0.002900,256x16x1,64x1x1,128x4x16x1
Vcur-3,kernel_add_row,0.005600,2048x0x0,64x0x0,512x16x1x1
cache_k_l3 (view),kernel_set_rows_f16_i64,0.003300,8192x1x1,512x1x1,512x4096x1x1
cache_v_l3 (view),kernel_set_rows_f16_i64,0.002800,8192x1x1,512x1x1,512x4096x1x1
__fattn__-3,flash_attn_f32_f16,1.331600,32x28x0,32x1x0,128x28x16x1
ffn_inp-3,kernel_add,0.024100,1024x1x1,64x1x1,3584x16x1x1
ffn_norm-3,kernel_rms_norm_mul,0.009400,16384x1x1,1024x1x1,3584x16x1x1
l_out-3,kernel_add,0.023900,1024x1x1,64x1x1,3584x16x1x1
attn_norm-4,kernel_rms_norm_mul,0.009200,16384x1x1,1024x1x1,3584x16x1x1
Qcur-4,kernel_add_row,0.013300,14336x0x0,64x0x0,3584x16x1x1
Qcur-4,kernel_rope_neox_f32,0.005500,1792x16x1,64x1x1,128x28x16x1
Kcur-4,kernel_add_row,0.005600,2048x0x0,64x0x0,512x16x1x1
Kcur-4,kernel_rope_neox_f32,0.002800,256x16x1,64x1x1,128x4x16x1
Vcur-4,kernel_add_row,0.005600,2048x0x0,64x0x0,512x16x1x1
cache_k_l4 (view),kernel_set_rows_f16_i64,0.003500,8192x1x1,512x1x1,512x4096x1x1
cache_v_l4 (view),kernel_set_rows_f16_i64,0.002800,8192x1x1,512x1x1,512x4096x1x1
__fattn__-4,flash_attn_f32_f16,1.345200,32x28x0,32x1x0,128x28x16x1
ffn_inp-4,kernel_add,0.024400,1024x1x1,64x1x1,3584x16x1x1
ffn_norm-4,kernel_rms_norm_mul,0.009200,16384x1x1,1024x1x1,3584x16x1x1
l_out-4,kernel_add,0.022600,1024x1x1,64x1x1,3584x16x1x1
attn_norm-5,kernel_rms_norm_mul,0.009200,16384x1x1,1024x1x1,3584x16x1x1
Qcur-5,kernel_add_row,0.007400,14336x0x0,64x0x0,3584x16x1x1
Qcur-5,kernel_rope_neox_f32,0.005400,1792x16x1,64x1x1,128x28x16x1
Kcur-5,kernel_add_row,0.005700,2048x0x0,64x0x0,512x16x1x1
Kcur-5,kernel_rope_neox_f32,0.002700,256x16x1,64x1x1,128x4x16x1
node_182,kernel_mul_mv_q6_K_f32,0.955600,512x1024x1,2x64x1,512x16x1x1
Vcur-5,kernel_add_row,0.002600,2048x0x0,64x0x0,512x16x1x1
cache_k_l5 (view),kernel_set_rows_f16_i64,0.003300,8192x1x1,512x1x1,512x4096x1x1
cache_v_l5 (view),kernel_set_rows_f16_i64,0.002800,8192x1x1,512x1x1,512x4096x1x1
__fattn__-5,flash_attn_f32_f16,1.345700,32x28x0,32x1x0,128x28x16x1
ffn_inp-5,kernel_add,0.024600,1024x1x1,64x1x1,3584x16x1x1
ffn_norm-5,kernel_rms_norm_mul,0.009200,16384x1x1,1024x1x1,3584x16x1x1
ffn_swiglu-5,kernel_swiglu,0.046800,8192x1x1,512x1x1,18944x16x1x1
ffn_out-5,kernel_mul_mv_q6_K_f32,40.548698,3584x1024x1,2x64x1,3584x16x1x1
l_out-5,kernel_add,0.023800,1024x1x1,64x1x1,3584x16x1x1
attn_norm-6,kernel_rms_norm_mul,0.009300,16384x1x1,1024x1x1,3584x16x1x1
Qcur-6,kernel_add_row,0.012300,14336x0x0,64x0x0,3584x16x1x1
Qcur-6,kernel_rope_neox_f32,0.005500,1792x16x1,64x1x1,128x28x16x1
Kcur-6,kernel_add_row,0.005600,2048x0x0,64x0x0,512x16x1x1
Kcur-6,kernel_rope_neox_f32,0.002600,256x16x1,64x1x1,128x4x16x1
Vcur-6,kernel_add_row,0.005500,2048x0x0,64x0x0,512x16x1x1
cache_k_l6 (view),kernel_set_rows_f16_i64,0.003400,8192x1x1,512x1x1,512x4096x1x1
cache_v_l6 (view),kernel_set_rows_f16_i64,0.002800,8192x1x1,512x1x1,512x4096x1x1
__fattn__-6,flash_attn_f32_f16,1.366800,32x28x0,32x1x0,128x28x16x1
ffn_inp-6,kernel_add,0.023900,1024x1x1,64x1x1,3584x16x1x1
ffn_norm-6,kernel_rms_norm_mul,0.009100,16384x1x1,1024x1x1,3584x16x1x1
l_out-6,kernel_add,0.024100,1024x1x1,64x1x1,3584x16x1x1
attn_norm-7,kernel_rms_norm_mul,0.009100,16384x1x1,1024x1x1,3584x16x1x1
Qcur-7,kernel_add_row,0.013100,14336x0x0,64x0x0,3584x16x1x1
Qcur-7,kernel_rope_neox_f32,0.005500,1792x16x1,64x1x1,128x28x16x1
Kcur-7,kernel_add_row,0.005800,2048x0x0,64x0x0,512x16x1x1
Kcur-7,kernel_rope_neox_f32,0.002700,256x16x1,64x1x1,128x4x16x1
Vcur-7,kernel_add_row,0.005600,2048x0x0,64x0x0,512x16x1x1
cache_k_l7 (view),kernel_set_rows_f16_i64,0.003300,8192x1x1,512x1x1,512x4096x1x1
cache_v_l7 (view),kernel_set_rows_f16_i64,0.002900,8192x1x1,512x1x1,512x4096x1x1
__fattn__-7,flash_attn_f32_f16,1.334500,32x28x0,32x1x0,128x28x16x1
ffn_inp-7,kernel_add,0.024800,1024x1x1,64x1x1,3584x16x1x1
ffn_norm-7,kernel_rms_norm_mul,0.009100,16384x1x1,1024x1x1,3584x16x1x1
l_out-7,kernel_add,0.023300,1024x1x1,64x1x1,3584x16x1x1
attn_norm-8,kernel_rms_norm_mul,0.009300,16384x1x1,1024x1x1,3584x16x1x1
Qcur-8,kernel_add_row,0.007500,14336x0x0,64x0x0,3584x16x1x1
Qcur-8,kernel_rope_neox_f32,0.005500,1792x16x1,64x1x1,128x28x16x1
Kcur-8,kernel_add_row,0.005700,2048x0x0,64x0x0,512x16x1x1
Kcur-8,kernel_rope_neox_f32,0.002700,256x16x1,64x1x1,128x4x16x1
node_284,kernel_mul_mv_q6_K_f32,0.955100,512x1024x1,2x64x1,512x16x1x1
Vcur-8,kernel_add_row,0.002300,2048x0x0,64x0x0,512x16x1x1
cache_k_l8 (view),kernel_set_rows_f16_i64,0.003100,8192x1x1,512x1x1,512x4096x1x1
cache_v_l8 (view),kernel_set_rows_f16_i64,0.002700,8192x1x1,512x1x1,512x4096x1x1
__fattn__-8,flash_attn_f32_f16,1.344400,32x28x0,32x1x0,128x28x16x1
ffn_inp-8,kernel_add,0.024300,1024x1x1,64x1x1,3584x16x1x1
ffn_norm-8,kernel_rms_norm_mul,0.009200,16384x1x1,1024x1x1,3584x16x1x1
ffn_swiglu-8,kernel_swiglu,0.046800,8192x1x1,512x1x1,18944x16x1x1
ffn_out-8,kernel_mul_mv_q6_K_f32,40.235600,3584x1024x1,2x64x1,3584x16x1x1
l_out-8,kernel_add,0.023200,1024x1x1,64x1x1,3584x16x1x1
attn_norm-9,kernel_rms_norm_mul,0.009200,16384x1x1,1024x1x1,3584x16x1x1
Qcur-9,kernel_add_row,0.012100,14336x0x0,64x0x0,3584x16x1x1
Qcur-9,kernel_rope_neox_f32,0.005500,1792x16x1,64x1x1,128x28x16x1
Kcur-9,kernel_add_row,0.005600,2048x0x0,64x0x0,512x16x1x1
Kcur-9,kernel_rope_neox_f32,0.002700,256x16x1,64x1x1,128x4x16x1
Vcur-9,kernel_add_row,0.005600,2048x0x0,64x0x0,512x16x1x1
cache_k_l9 (view),kernel_set_rows_f16_i64,0.003400,8192x1x1,512x1x1,512x4096x1x1
cache_v_l9 (view),kernel_set_rows_f16_i64,0.002700,8192x1x1,512x1x1,512x4096x1x1
__fattn__-9,flash_attn_f32_f16,1.351600,32x28x0,32x1x0,128x28x16x1
ffn_inp-9,kernel_add,0.024100,1024x1x1,64x1x1,3584x16x1x1
ffn_norm-9,kernel_rms_norm_mul,0.009200,16384x1x1,1024x1x1,3584x16x1x1
l_out-9,kernel_add,0.023700,1024x1x1,64x1x1,3584x16x1x1
attn_norm-10,kernel_rms_norm_mul,0.009200,16384x1x1,1024x1x1,3584x16x1x1
Qcur-10,kernel_add_row,0.013000,14336x0x0,64x0x0,3584x16x1x1
Qcur-10,kernel_rope_neox_f32,0.005500,1792x16x1,64x1x1,128x28x16x1
Kcur-10,kernel_add_row,0.005700,2048x0x0,64x0x0,512x16x1x1
Kcur-10,kernel_rope_neox_f32,0.002800,256x16x1,64x1x1,128x4x16x1
Vcur-10,kernel_add_row,0.005700,2048x0x0,64x0x0,512x16x1x1
cache_k_l10 (view),kernel_set_rows_f16_i64,0.003200,8192x1x1,512x1x1,512x4096x1x1
cache_v_l10 (view),kernel_set_rows_f16_i64,0.002800,8192x1x1,512x1x1,512x4096x1x1
__fattn__-10,flash_attn_f32_f16,1.343000,32x28x0,32x1x0,128x28x16x1
ffn_inp-10,kernel_add,0.024500,1024x1x1,64x1x1,3584x16x1x1
ffn_norm-10,kernel_rms_norm_mul,0.009200,16384x1x1,1024x1x1,3584x16x1x1
l_out-10,kernel_add,0.022600,1024x1x1,64x1x1,3584x16x1x1
attn_norm-11,kernel_rms_norm_mul,0.009200,16384x1x1,1024x1x1,3584x16x1x1
Qcur-11,kernel_add_row,0.007300,14336x0x0,64x0x0,3584x16x1x1
Qcur-11,kernel_rope_neox_f32,0.005700,1792x16x1,64x1x1,128x28x16x1
Kcur-11,kernel_add_row,0.005800,2048x0x0,64x0x0,512x16x1x1
Kcur-11,kernel_rope_neox_f32,0.002700,256x16x1,64x1x1,128x4x16x1
node_386,kernel_mul_mv_q6_K_f32,0.954900,512x1024x1,2x64x1,512x16x1x1
Vcur-11,kernel_add_row,0.002600,2048x0x0,64x0x0,512x16x1x1
cache_k_l11 (view),kernel_set_rows_f16_i64,0.003300,8192x1x1,512x1x1,512x4096x1x1
cache_v_l11 (view),kernel_set_rows_f16_i64,0.002800,8192x1x1,512x1x1,512x4096x1x1
__fattn__-11,flash_attn_f32_f16,1.352200,32x28x0,32x1x0,128x28x16x1
ffn_inp-11,kernel_add,0.024800,1024x1x1,64x1x1,3584x16x1x1
ffn_norm-11,kernel_rms_norm_mul,0.009100,16384x1x1,1024x1x1,3584x16x1x1
ffn_swiglu-11,kernel_swiglu,0.047200,8192x1x1,512x1x1,18944x16x1x1
ffn_out-11,kernel_mul_mv_q6_K_f32,39.632500,3584x1024x1,2x64x1,3584x16x1x1
l_out-11,kernel_add,0.023500,1024x1x1,64x1x1,3584x16x1x1
attn_norm-12,kernel_rms_norm_mul,0.009200,16384x1x1,1024x1x1,3584x16x1x1
Qcur-12,kernel_add_row,0.012600,14336x0x0,64x0x0,3584x16x1x1
Qcur-12,kernel_rope_neox_f32,0.005400,1792x16x1,64x1x1,128x28x16x1
Kcur-12,kernel_add_row,0.005500,2048x0x0,64x0x0,512x16x1x1
Kcur-12,kernel_rope_neox_f32,0.002700,256x16x1,64x1x1,128x4x16x1
Vcur-12,kernel_add_row,0.005600,2048x0x0,64x0x0,512x16x1x1
cache_k_l12 (view),kernel_set_rows_f16_i64,0.003300,8192x1x1,512x1x1,512x4096x1x1
cache_v_l12 (view),kernel_set_rows_f16_i64,0.002800,8192x1x1,512x1x1,512x4096x1x1
__fattn__-12,flash_attn_f32_f16,1.350500,32x28x0,32x1x0,128x28x16x1
ffn_inp-12,kernel_add,0.024200,1024x1x1,64x1x1,3584x16x1x1
ffn_norm-12,kernel_rms_norm_mul,0.009200,16384x1x1,1024x1x1,3584x16x1x1
l_out-12,kernel_add,0.024400,1024x1x1,64x1x1,3584x16x1x1
attn_norm-13,kernel_rms_norm_mul,0.009300,16384x1x1,1024x1x1,3584x16x1x1
Qcur-13,kernel_add_row,0.013100,14336x0x0,64x0x0,3584x16x1x1
Qcur-13,kernel_rope_neox_f32,0.005500,1792x16x1,64x1x1,128x28x16x1
Kcur-13,kernel_add_row,0.005600,2048x0x0,64x0x0,512x16x1x1
Kcur-13,kernel_rope_neox_f32,0.002700,256x16x1,64x1x1,128x4x16x1
Vcur-13,kernel_add_row,0.005700,2048x0x0,64x0x0,512x16x1x1
cache_k_l13 (view),kernel_set_rows_f16_i64,0.003400,8192x1x1,512x1x1,512x4096x1x1
cache_v_l13 (view),kernel_set_rows_f16_i64,0.002700,8192x1x1,512x1x1,512x4096x1x1
__fattn__-13,flash_attn_f32_f16,1.350200,32x28x0,32x1x0,128x28x16x1
ffn_inp-13,kernel_add,0.024600,1024x1x1,64x1x1,3584x16x1x1
ffn_norm-13,kernel_rms_norm_mul,0.009100,16384x1x1,1024x1x1,3584x16x1x1
l_out-13,kernel_add,0.023000,1024x1x1,64x1x1,3584x16x1x1
attn_norm-14,kernel_rms_norm_mul,0.009200,16384x1x1,1024x1x1,3584x16x1x1
Qcur-14,kernel_add_row,0.007500,14336x0x0,64x0x0,3584x16x1x1
Qcur-14,kernel_rope_neox_f32,0.005500,1792x16x1,64x1x1,128x28x16x1
Kcur-14,kernel_add_row,0.005700,2048x0x0,64x0x0,512x16x1x1
Kcur-14,kernel_rope_neox_f32,0.002900,256x16x1,64x1x1,128x4x16x1
node_488,kernel_mul_mv_q6_K_f32,0.955800,512x1024x1,2x64x1,512x16x1x1
Vcur-14,kernel_add_row,0.002600,2048x0x0,64x0x0,512x16x1x1
cache_k_l14 (view),kernel_set_rows_f16_i64,0.003300,8192x1x1,512x1x1,512x4096x1x1
cache_v_l14 (view),kernel_set_rows_f16_i64,0.002800,8192x1x1,512x1x1,512x4096x1x1
__fattn__-14,flash_attn_f32_f16,1.357200,32x28x0,32x1x0,128x28x16x1
ffn_inp-14,kernel_add,0.024900,1024x1x1,64x1x1,3584x16x1x1
ffn_norm-14,kernel_rms_norm_mul,0.009400,16384x1x1,1024x1x1,3584x16x1x1
ffn_swiglu-14,kernel_swiglu,0.047300,8192x1x1,512x1x1,18944x16x1x1
ffn_out-14,kernel_mul_mv_q6_K_f32,39.631599,3584x1024x1,2x64x1,3584x16x1x1
l_out-14,kernel_add,0.023700,1024x1x1,64x1x1,3584x16x1x1
attn_norm-15,kernel_rms_norm_mul,0.009200,16384x1x1,1024x1x1,3584x16x1x1
Qcur-15,kernel_add_row,0.012400,14336x0x0,64x0x0,3584x16x1x1
Qcur-15,kernel_rope_neox_f32,0.005500,1792x16x1,64x1x1,128x28x16x1
Kcur-15,kernel_add_row,0.005600,2048x0x0,64x0x0,512x16x1x1
Kcur-15,kernel_rope_neox_f32,0.002800,256x16x1,64x1x1,128x4x16x1
Vcur-15,kernel_add_row,0.005600,2048x0x0,64x0x0,512x16x1x1
cache_k_l15 (view),kernel_set_rows_f16_i64,0.003200,8192x1x1,512x1x1,512x4096x1x1
cache_v_l15 (view),kernel_set_rows_f16_i64,0.002700,8192x1x1,512x1x1,512x4096x1x1
__fattn__-15,flash_attn_f32_f16,1.349000,32x28x0,32x1x0,128x28x16x1
ffn_inp-15,kernel_add,0.023600,1024x1x1,64x1x1,3584x16x1x1
ffn_norm-15,kernel_rms_norm_mul,0.009200,16384x1x1,1024x1x1,3584x16x1x1
l_out-15,kernel_add,0.024400,1024x1x1,64x1x1,3584x16x1x1
attn_norm-16,kernel_rms_norm_mul,0.009100,16384x1x1,1024x1x1,3584x16x1x1
Qcur-16,kernel_add_row,0.013000,14336x0x0,64x0x0,3584x16x1x1
Qcur-16,kernel_rope_neox_f32,0.005500,1792x16x1,64x1x1,128x28x16x1
Kcur-16,kernel_add_row,0.005800,2048x0x0,64x0x0,512x16x1x1
Kcur-16,kernel_rope_neox_f32,0.002900,256x16x1,64x1x1,128x4x16x1
Vcur-16,kernel_add_row,0.005700,2048x0x0,64x0x0,512x16x1x1
cache_k_l16 (view),kernel_set_rows_f16_i64,0.004400,8192x1x1,512x1x1,512x4096x1x1
cache_v_l16 (view),kernel_set_rows_f16_i64,0.002800,8192x1x1,512x1x1,512x4096x1x1
__fattn__-16,flash_attn_f32_f16,1.405200,32x28x0,32x1x0,128x28x16x1
ffn_inp-16,kernel_add,0.026200,1024x1x1,64x1x1,3584x16x1x1
ffn_norm-16,kernel_rms_norm_mul,0.009200,16384x1x1,1024x1x1,3584x16x1x1
l_out-16,kernel_add,0.022800,1024x1x1,64x1x1,3584x16x1x1
attn_norm-17,kernel_rms_norm_mul,0.009400,16384x1x1,1024x1x1,3584x16x1x1
Qcur-17,kernel_add_row,0.007500,14336x0x0,64x0x0,3584x16x1x1
Qcur-17,kernel_rope_neox_f32,0.005500,1792x16x1,64x1x1,128x28x16x1
Kcur-17,kernel_add_row,0.005700,2048x0x0,64x0x0,512x16x1x1
Kcur-17,kernel_rope_neox_f32,0.002800,256x16x1,64x1x1,128x4x16x1
node_590,kernel_mul_mv_q6_K_f32,0.954200,512x1024x1,2x64x1,512x16x1x1
Vcur-17,kernel_add_row,0.002300,2048x0x0,64x0x0,512x16x1x1
cache_k_l17 (view),kernel_set_rows_f16_i64,0.003300,8192x1x1,512x1x1,512x4096x1x1
cache_v_l17 (view),kernel_set_rows_f16_i64,0.002900,8192x1x1,512x1x1,512x4096x1x1
__fattn__-17,flash_attn_f32_f16,1.350500,32x28x0,32x1x0,128x28x16x1
ffn_inp-17,kernel_add,0.025300,1024x1x1,64x1x1,3584x16x1x1
ffn_norm-17,kernel_rms_norm_mul,0.009200,16384x1x1,1024x1x1,3584x16x1x1
ffn_swiglu-17,kernel_swiglu,0.047600,8192x1x1,512x1x1,18944x16x1x1
ffn_out-17,kernel_mul_mv_q6_K_f32,39.567101,3584x1024x1,2x64x1,3584x16x1x1
l_out-17,kernel_add,0.023600,1024x1x1,64x1x1,3584x16x1x1
attn_norm-18,kernel_rms_norm_mul,0.009300,16384x1x1,1024x1x1,3584x16x1x1
Qcur-18,kernel_add_row,0.012400,14336x0x0,64x0x0,3584x16x1x1
Qcur-18,kernel_rope_neox_f32,0.005600,1792x16x1,64x1x1,128x28x16x1
Kcur-18,kernel_add_row,0.005800,2048x0x0,64x0x0,512x16x1x1
Kcur-18,kernel_rope_neox_f32,0.002700,256x16x1,64x1x1,128x4x16x1
Vcur-18,kernel_add_row,0.005600,2048x0x0,64x0x0,512x16x1x1
cache_k_l18 (view),kernel_set_rows_f16_i64,0.003200,8192x1x1,512x1x1,512x4096x1x1
cache_v_l18 (view),kernel_set_rows_f16_i64,0.002800,8192x1x1,512x1x1,512x4096x1x1
__fattn__-18,flash_attn_f32_f16,1.338800,32x28x0,32x1x0,128x28x16x1
ffn_inp-18,kernel_add,0.024300,1024x1x1,64x1x1,3584x16x1x1
ffn_norm-18,kernel_rms_norm_mul,0.009200,16384x1x1,1024x1x1,3584x16x1x1
l_out-18,kernel_add,0.023900,1024x1x1,64x1x1,3584x16x1x1
attn_norm-19,kernel_rms_norm_mul,0.009300,16384x1x1,1024x1x1,3584x16x1x1
Qcur-19,kernel_add_row,0.013300,14336x0x0,64x0x0,3584x16x1x1
Qcur-19,kernel_rope_neox_f32,0.005500,1792x16x1,64x1x1,128x28x16x1
Kcur-19,kernel_add_row,0.005600,2048x0x0,64x0x0,512x16x1x1
Kcur-19,kernel_rope_neox_f32,0.002700,256x16x1,64x1x1,128x4x16x1
Vcur-19,kernel_add_row,0.005600,2048x0x0,64x0x0,512x16x1x1
cache_k_l19 (view),kernel_set_rows_f16_i64,0.003300,8192x1x1,512x1x1,512x4096x1x1
cache_v_l19 (view),kernel_set_rows_f16_i64,0.002700,8192x1x1,512x1x1,512x4096x1x1
__fattn__-19,flash_attn_f32_f16,1.344700,32x28x0,32x1x0,128x28x16x1
ffn_inp-19,kernel_add,0.025100,1024x1x1,64x1x1,3584x16x1x1
ffn_norm-19,kernel_rms_norm_mul,0.009100,16384x1x1,1024x1x1,3584x16x1x1
l_out-19,kernel_add,0.023200,1024x1x1,64x1x1,3584x16x1x1
attn_norm-20,kernel_rms_norm_mul,0.009200,16384x1x1,1024x1x1,3584x16x1x1
Qcur-20,kernel_add_row,0.007600,14336x0x0,64x0x0,3584x16x1x1
Qcur-20,kernel_rope_neox_f32,0.005500,1792x16x1,64x1x1,128x28x16x1
Kcur-20,kernel_add_row,0.005800,2048x0x0,64x0x0,512x16x1x1
Kcur-20,kernel_rope_neox_f32,0.002700,256x16x1,64x1x1,128x4x16x1
node_692,kernel_mul_mv_q6_K_f32,0.954300,512x1024x1,2x64x1,512x16x1x1
Vcur-20,kernel_add_row,0.002200,2048x0x0,64x0x0,512x16x1x1
cache_k_l20 (view),kernel_set_rows_f16_i64,0.003400,8192x1x1,512x1x1,512x4096x1x1
cache_v_l20 (view),kernel_set_rows_f16_i64,0.002900,8192x1x1,512x1x1,512x4096x1x1
__fattn__-20,flash_attn_f32_f16,1.361000,32x28x0,32x1x0,128x28x16x1
ffn_inp-20,kernel_add,0.024700,1024x1x1,64x1x1,3584x16x1x1
ffn_norm-20,kernel_rms_norm_mul,0.009200,16384x1x1,1024x1x1,3584x16x1x1
ffn_swiglu-20,kernel_swiglu,0.047500,8192x1x1,512x1x1,18944x16x1x1
ffn_out-20,kernel_mul_mv_q6_K_f32,39.631401,3584x1024x1,2x64x1,3584x16x1x1
l_out-20,kernel_add,0.023100,1024x1x1,64x1x1,3584x16x1x1
attn_norm-21,kernel_rms_norm_mul,0.009200,16384x1x1,1024x1x1,3584x16x1x1
Qcur-21,kernel_add_row,0.011300,14336x0x0,64x0x0,3584x16x1x1
Qcur-21,kernel_rope_neox_f32,0.005500,1792x16x1,64x1x1,128x28x16x1
Kcur-21,kernel_add_row,0.005600,2048x0x0,64x0x0,512x16x1x1
Kcur-21,kernel_rope_neox_f32,0.002800,256x16x1,64x1x1,128x4x16x1
Vcur-21,kernel_add_row,0.005600,2048x0x0,64x0x0,512x16x1x1
cache_k_l21 (view),kernel_set_rows_f16_i64,0.003200,8192x1x1,512x1x1,512x4096x1x1
cache_v_l21 (view),kernel_set_rows_f16_i64,0.002800,8192x1x1,512x1x1,512x4096x1x1
__fattn__-21,flash_attn_f32_f16,1.358100,32x28x0,32x1x0,128x28x16x1
ffn_inp-21,kernel_add,0.024200,1024x1x1,64x1x1,3584x16x1x1
ffn_norm-21,kernel_rms_norm_mul,0.009200,16384x1x1,1024x1x1,3584x16x1x1
l_out-21,kernel_add,0.024700,1024x1x1,64x1x1,3584x16x1x1
attn_norm-22,kernel_rms_norm_mul,0.009200,16384x1x1,1024x1x1,3584x16x1x1
Qcur-22,kernel_add_row,0.013100,14336x0x0,64x0x0,3584x16x1x1
Qcur-22,kernel_rope_neox_f32,0.005600,1792x16x1,64x1x1,128x28x16x1
Kcur-22,kernel_add_row,0.005700,2048x0x0,64x0x0,512x16x1x1
Kcur-22,kernel_rope_neox_f32,0.002800,256x16x1,64x1x1,128x4x16x1
Vcur-22,kernel_add_row,0.005600,2048x0x0,64x0x0,512x16x1x1
cache_k_l22 (view),kernel_set_rows_f16_i64,0.003200,8192x1x1,512x1x1,512x4096x1x1
cache_v_l22 (view),kernel_set_rows_f16_i64,0.002700,8192x1x1,512x1x1,512x4096x1x1
__fattn__-22,flash_attn_f32_f16,1.328000,32x28x0,32x1x0,128x28x16x1
ffn_inp-22,kernel_add,0.024900,1024x1x1,64x1x1,3584x16x1x1
ffn_norm-22,kernel_rms_norm_mul,0.009100,16384x1x1,1024x1x1,3584x16x1x1
l_out-22,kernel_add,0.023000,1024x1x1,64x1x1,3584x16x1x1
attn_norm-23,kernel_rms_norm_mul,0.009200,16384x1x1,1024x1x1,3584x16x1x1
Qcur-23,kernel_add_row,0.007600,14336x0x0,64x0x0,3584x16x1x1
Qcur-23,kernel_rope_neox_f32,0.005400,1792x16x1,64x1x1,128x28x16x1
Kcur-23,kernel_add_row,0.005700,2048x0x0,64x0x0,512x16x1x1
Kcur-23,kernel_rope_neox_f32,0.002900,256x16x1,64x1x1,128x4x16x1
node_794,kernel_mul_mv_q6_K_f32,0.954200,512x1024x1,2x64x1,512x16x1x1
Vcur-23,kernel_add_row,0.002500,2048x0x0,64x0x0,512x16x1x1
cache_k_l23 (view),kernel_set_rows_f16_i64,0.003200,8192x1x1,512x1x1,512x4096x1x1
cache_v_l23 (view),kernel_set_rows_f16_i64,0.002800,8192x1x1,512x1x1,512x4096x1x1
__fattn__-23,flash_attn_f32_f16,1.366600,32x28x0,32x1x0,128x28x16x1
ffn_inp-23,kernel_add,0.024900,1024x1x1,64x1x1,3584x16x1x1
ffn_norm-23,kernel_rms_norm_mul,0.009100,16384x1x1,1024x1x1,3584x16x1x1
ffn_swiglu-23,kernel_swiglu,0.047400,8192x1x1,512x1x1,18944x16x1x1
ffn_out-23,kernel_mul_mv_q6_K_f32,39.614899,3584x1024x1,2x64x1,3584x16x1x1
l_out-23,kernel_add,0.023600,1024x1x1,64x1x1,3584x16x1x1
attn_norm-24,kernel_rms_norm_mul,0.009200,16384x1x1,1024x1x1,3584x16x1x1
Qcur-24,kernel_add_row,0.008100,14336x0x0,64x0x0,3584x16x1x1
Qcur-24,kernel_rope_neox_f32,0.005500,1792x16x1,64x1x1,128x28x16x1
Kcur-24,kernel_add_row,0.005600,2048x0x0,64x0x0,512x16x1x1
Kcur-24,kernel_rope_neox_f32,0.002800,256x16x1,64x1x1,128x4x16x1
node_828,kernel_mul_mv_q6_K_f32,0.954500,512x1024x1,2x64x1,512x16x1x1
Vcur-24,kernel_add_row,0.002600,2048x0x0,64x0x0,512x16x1x1
cache_k_l24 (view),kernel_set_rows_f16_i64,0.003300,8192x1x1,512x1x1,512x4096x1x1
cache_v_l24 (view),kernel_set_rows_f16_i64,0.002800,8192x1x1,512x1x1,512x4096x1x1
__fattn__-24,flash_attn_f32_f16,1.361500,32x28x0,32x1x0,128x28x16x1
ffn_inp-24,kernel_add,0.024000,1024x1x1,64x1x1,3584x16x1x1
ffn_norm-24,kernel_rms_norm_mul,0.009300,16384x1x1,1024x1x1,3584x16x1x1
ffn_swiglu-24,kernel_swiglu,0.047400,8192x1x1,512x1x1,18944x16x1x1
ffn_out-24,kernel_mul_mv_q6_K_f32,39.617100,3584x1024x1,2x64x1,3584x16x1x1
l_out-24,kernel_add,0.023400,1024x1x1,64x1x1,3584x16x1x1
attn_norm-25,kernel_rms_norm_mul,0.009200,16384x1x1,1024x1x1,3584x16x1x1
Qcur-25,kernel_add_row,0.007900,14336x0x0,64x0x0,3584x16x1x1
Qcur-25,kernel_rope_neox_f32,0.005500,1792x16x1,64x1x1,128x28x16x1
Kcur-25,kernel_add_row,0.005600,2048x0x0,64x0x0,512x16x1x1
Kcur-25,kernel_rope_neox_f32,0.002700,256x16x1,64x1x1,128x4x16x1
node_862,kernel_mul_mv_q6_K_f32,0.955300,512x1024x1,2x64x1,512x16x1x1
Vcur-25,kernel_add_row,0.002500,2048x0x0,64x0x0,512x16x1x1
cache_k_l25 (view),kernel_set_rows_f16_i64,0.003400,8192x1x1,512x1x1,512x4096x1x1
cache_v_l25 (view),kernel_set_rows_f16_i64,0.002800,8192x1x1,512x1x1,512x4096x1x1
__fattn__-25,flash_attn_f32_f16,1.342400,32x28x0,32x1x0,128x28x16x1
ffn_inp-25,kernel_add,0.024400,1024x1x1,64x1x1,3584x16x1x1
ffn_norm-25,kernel_rms_norm_mul,0.009200,16384x1x1,1024x1x1,3584x16x1x1
ffn_swiglu-25,kernel_swiglu,0.046700,8192x1x1,512x1x1,18944x16x1x1
ffn_out-25,kernel_mul_mv_q6_K_f32,39.602699,3584x1024x1,2x64x1,3584x16x1x1
l_out-25,kernel_add,0.023600,1024x1x1,64x1x1,3584x16x1x1
attn_norm-26,kernel_rms_norm_mul,0.009300,16384x1x1,1024x1x1,3584x16x1x1
Qcur-26,kernel_add_row,0.007800,14336x0x0,64x0x0,3584x16x1x1
Qcur-26,kernel_rope_neox_f32,0.005400,1792x16x1,64x1x1,128x28x16x1
Kcur-26,kernel_add_row,0.005700,2048x0x0,64x0x0,512x16x1x1
Kcur-26,kernel_rope_neox_f32,0.002800,256x16x1,64x1x1,128x4x16x1
node_896,kernel_mul_mv_q6_K_f32,0.956100,512x1024x1,2x64x1,512x16x1x1
Vcur-26,kernel_add_row,0.002200,2048x0x0,64x0x0,512x16x1x1
cache_k_l26 (view),kernel_set_rows_f16_i64,0.003600,8192x1x1,512x1x1,512x4096x1x1
cache_v_l26 (view),kernel_set_rows_f16_i64,0.002800,8192x1x1,512x1x1,512x4096x1x1
__fattn__-26,flash_attn_f32_f16,1.338800,32x28x0,32x1x0,128x28x16x1
ffn_inp-26,kernel_add,0.023700,1024x1x1,64x1x1,3584x16x1x1
ffn_norm-26,kernel_rms_norm_mul,0.009100,16384x1x1,1024x1x1,3584x16x1x1
ffn_swiglu-26,kernel_swiglu,0.047300,8192x1x1,512x1x1,18944x16x1x1
ffn_out-26,kernel_mul_mv_q6_K_f32,39.571701,3584x1024x1,2x64x1,3584x16x1x1
l_out-26,kernel_add,0.023000,1024x1x1,64x1x1,3584x16x1x1
attn_norm-27,kernel_rms_norm_mul,0.009100,16384x1x1,1024x1x1,3584x16x1x1
Qcur-27,kernel_add_row,0.007900,14336x0x0,64x0x0,3584x16x1x1
Qcur-27,kernel_rope_neox_f32,0.005500,1792x16x1,64x1x1,128x28x16x1
Kcur-27,kernel_add_row,0.005600,2048x0x0,64x0x0,512x16x1x1
Kcur-27,kernel_rope_neox_f32,0.002700,256x16x1,64x1x1,128x4x16x1
node_930,kernel_mul_mv_q6_K_f32,0.954700,512x1024x1,2x64x1,512x16x1x1
Vcur-27,kernel_add_row,0.002500,2048x0x0,64x0x0,512x16x1x1
cache_k_l27 (view),kernel_set_rows_f16_i64,0.003300,8192x1x1,512x1x1,512x4096x1x1
cache_v_l27 (view),kernel_set_rows_f16_i64,0.002800,8192x1x1,512x1x1,512x4096x1x1
__fattn__-27,flash_attn_f32_f16,1.335700,32x28x0,32x1x0,128x28x16x1
attn_norm-0,kernel_rms_norm_mul,0.012300,16384x1x1,1024x1x1,3584x16x1x1
Qcur-0,kernel_add_row,0.007900,14336x0x0,64x0x0,3584x16x1x1
Qcur-0,kernel_rope_neox_f32,0.005600,1792x16x1,64x1x1,128x28x16x1
Kcur-0,kernel_add_row,0.005700,2048x0x0,64x0x0,512x16x1x1
Kcur-0,kernel_rope_neox_f32,0.002800,256x16x1,64x1x1,128x4x16x1
node_11,kernel_mul_mv_q6_K_f32,0.953500,512x1024x1,2x64x1,512x16x1x1
Vcur-0,kernel_add_row,0.002500,2048x0x0,64x0x0,512x16x1x1
cache_k_l0 (view),kernel_set_rows_f16_i64,0.003300,8192x1x1,512x1x1,512x4096x1x1
cache_v_l0 (view),kernel_set_rows_f16_i64,0.002900,8192x1x1,512x1x1,512x4096x1x1
 (copy),kernel_cpy_f32_f16,0.003700,4096x1x1,64x1x1,256x64x1x1
__fattn__-0,flash_attn_f32_f16,1.361800,32x28x0,32x1x0,128x28x16x1
ffn_inp-0,kernel_add,0.025100,1024x1x1,64x1x1,3584x16x1x1
ffn_norm-0,kernel_rms_norm_mul,0.009100,16384x1x1,1024x1x1,3584x16x1x1
ffn_swiglu-0,kernel_swiglu,0.047100,8192x1x1,512x1x1,18944x16x1x1
ffn_out-0,kernel_mul_mv_q6_K_f32,39.621799,3584x1024x1,2x64x1,3584x16x1x1
l_out-0,kernel_add,0.022900,1024x1x1,64x1x1,3584x16x1x1
attn_norm-1,kernel_rms_norm_mul,0.009200,16384x1x1,1024x1x1,3584x16x1x1
Qcur-1,kernel_add_row,0.007900,14336x0x0,64x0x0,3584x16x1x1
Qcur-1,kernel_rope_neox_f32,0.005600,1792x16x1,64x1x1,128x28x16x1
Kcur-1,kernel_add_row,0.005600,2048x0x0,64x0x0,512x16x1x1
Kcur-1,kernel_rope_neox_f32,0.003000,256x16x1,64x1x1,128x4x16x1
node_46,kernel_mul_mv_q6_K_f32,0.955300,512x1024x1,2x64x1,512x16x1x1
Vcur-1,kernel_add_row,0.002500,2048x0x0,64x0x0,512x16x1x1
cache_k_l1 (view),kernel_set_rows_f16_i64,0.003400,8192x1x1,512x1x1,512x4096x1x1
cache_v_l1 (view),kernel_set_rows_f16_i64,0.002800,8192x1x1,512x1x1,512x4096x1x1
__fattn__-1,flash_attn_f32_f16,1.341700,32x28x0,32x1x0,128x28x16x1
ffn_inp-1,kernel_add,0.023800,1024x1x1,64x1x1,3584x16x1x1
ffn_norm-1,kernel_rms_norm_mul,0.009200,16384x1x1,1024x1x1,3584x16x1x1
ffn_swiglu-1,kernel_swiglu,0.052000,8192x1x1,512x1x1,18944x16x1x1
ffn_out-1,kernel_mul_mv_q6_K_f32,39.546501,3584x1024x1,2x64x1,3584x16x1x1
l_out-1,kernel_add,0.023600,1024x1x1,64x1x1,3584x16x1x1
attn_norm-2,kernel_rms_norm_mul,0.009300,16384x1x1,1024x1x1,3584x16x1x1
Qcur-2,kernel_add_row,0.008000,14336x0x0,64x0x0,3584x16x1x1
Qcur-2,kernel_rope_neox_f32,0.005500,1792x16x1,64x1x1,128x28x16x1
Kcur-2,kernel_add_row,0.005700,2048x0x0,64x0x0,512x16x1x1
Kcur-2,kernel_rope_neox_f32,0.002800,256x16x1,64x1x1,128x4x16x1
node_80,kernel_mul_mv_q6_K_f32,0.957400,512x1024x1,2x64x1,512x16x1x1
Vcur-2,kernel_add_row,0.002500,2048x0x0,64x0x0,512x16x1x1
cache_k_l2 (view),kernel_set_rows_f16_i64,0.003300,8192x1x1,512x1x1,512x4096x1x1
cache_v_l2 (view),kernel_set_rows_f16_i64,0.002800,8192x1x1,512x1x1,512x4096x1x1
__fattn__-2,flash_attn_f32_f16,1.369700,32x28x0,32x1x0,128x28x16x1
ffn_inp-2,kernel_add,0.023500,1024x1x1,64x1x1,3584x16x1x1
ffn_norm-2,kernel_rms_norm_mul,0.009400,16384x1x1,1024x1x1,3584x16x1x1
ffn_swiglu-2,kernel_swiglu,0.046900,8192x1x1,512x1x1,18944x16x1x1
ffn_out-2,kernel_mul_mv_q6_K_f32,40.459202,3584x1024x1,2x64x1,3584x16x1x1
l_out-2,kernel_add,0.022900,1024x1x1,64x1x1,3584x16x1x1
attn_norm-3,kernel_rms_norm_mul,0.009200,16384x1x1,1024x1x1,3584x16x1x1
Qcur-3,kernel_add_row,0.012700,14336x0x0,64x0x0,3584x16x1x1
Qcur-3,kernel_rope_neox_f32,0.005400,1792x16x1,64x1x1,128x28x16x1
Kcur-3,kernel_add_row,0.005600,2048x0x0,64x0x0,512x16x1x1
Kcur-3,kernel_rope_neox_f32,0.002700,256x16x1,64x1x1,128x4x16x1
Vcur-3,kernel_add_row,0.005800,2048x0x0,64x0x0,512x16x1x1
cache_k_l3 (view),kernel_set_rows_f16_i64,0.003400,8192x1x1,512x1x1,512x4096x1x1
cache_v_l3 (view),kernel_set_rows_f16_i64,0.003000,8192x1x1,512x1x1,512x4096x1x1
__fattn__-3,flash_attn_f32_f16,1.347200,32x28x0,32x1x0,128x28x16x1
ffn_inp-3,kernel_add,0.024000,1024x1x1,64x1x1,3584x16x1x1
ffn_norm-3,kernel_rms_norm_mul,0.009100,16384x1x1,1024x1x1,3584x16x1x1
l_out-3,kernel_add,0.024400,1024x1x1,64x1x1,3584x16x1x1
attn_norm-4,kernel_rms_norm_mul,0.009200,16384x1x1,1024x1x1,3584x16x1x1
Qcur-4,kernel_add_row,0.013200,14336x0x0,64x0x0,3584x16x1x1
Qcur-4,kernel_rope_neox_f32,0.005400,1792x16x1,64x1x1,128x28x16x1
Kcur-4,kernel_add_row,0.005700,2048x0x0,64x0x0,512x16x1x1
Kcur-4,kernel_rope_neox_f32,0.002700,256x16x1,64x1x1,128x4x16x1
Vcur-4,kernel_add_row,0.005600,2048x0x0,64x0x0,512x16x1x1
cache_k_l4 (view),kernel_set_rows_f16_i64,0.003400,8192x1x1,512x1x1,512x4096x1x1
cache_v_l4 (view),kernel_set_rows_f16_i64,0.003000,8192x1x1,512x1x1,512x4096x1x1
__fattn__-4,flash_attn_f32_f16,1.345800,32x28x0,32x1x0,128x28x16x1
ffn_inp-4,kernel_add,0.024600,1024x1x1,64x1x1,3584x16x1x1
ffn_norm-4,kernel_rms_norm_mul,0.009100,16384x1x1,1024x1x1,3584x16x1x1
l_out-4,kernel_add,0.023300,1024x1x1,64x1x1,3584x16x1x1
attn_norm-5,kernel_rms_norm_mul,0.009300,16384x1x1,1024x1x1,3584x16x1x1
Qcur-5,kernel_add_row,0.007500,14336x0x0,64x0x0,3584x16x1x1
Qcur-5,kernel_rope_neox_f32,0.005400,1792x16x1,64x1x1,128x28x16x1
Kcur-5,kernel_add_row,0.005600,2048x0x0,64x0x0,512x16x1x1
Kcur-5,kernel_rope_neox_f32,0.002700,256x16x1,64x1x1,128x4x16x1
node_182,kernel_mul_mv_q6_K_f32,0.955100,512x1024x1,2x64x1,512x16x1x1
Vcur-5,kernel_add_row,0.002600,2048x0x0,64x0x0,512x16x1x1
cache_k_l5 (view),kernel_set_rows_f16_i64,0.003300,8192x1x1,512x1x1,512x4096x1x1
cache_v_l5 (view),kernel_set_rows_f16_i64,0.002800,8192x1x1,512x1x1,512x4096x1x1
__fattn__-5,flash_attn_f32_f16,1.361400,32x28x0,32x1x0,128x28x16x1
ffn_inp-5,kernel_add,0.024700,1024x1x1,64x1x1,3584x16x1x1
ffn_norm-5,kernel_rms_norm_mul,0.009200,16384x1x1,1024x1x1,3584x16x1x1
ffn_swiglu-5,kernel_swiglu,0.046500,8192x1x1,512x1x1,18944x16x1x1
ffn_out-5,kernel_mul_mv_q6_K_f32,40.575199,3584x1024x1,2x64x1,3584x16x1x1
l_out-5,kernel_add,0.022900,1024x1x1,64x1x1,3584x16x1x1
attn_norm-6,kernel_rms_norm_mul,0.009100,16384x1x1,1024x1x1,3584x16x1x1
Qcur-6,kernel_add_row,0.012300,14336x0x0,64x0x0,3584x16x1x1
Qcur-6,kernel_rope_neox_f32,0.005500,1792x16x1,64x1x1,128x28x16x1
Kcur-6,kernel_add_row,0.005600,2048x0x0,64x0x0,512x16x1x1
Kcur-6,kernel_rope_neox_f32,0.002700,256x16x1,64x1x1,128x4x16x1
Vcur-6,kernel_add_row,0.005500,2048x0x0,64x0x0,512x16x1x1
cache_k_l6 (view),kernel_set_rows_f16_i64,0.003400,8192x1x1,512x1x1,512x4096x1x1
cache_v_l6 (view),kernel_set_rows_f16_i64,0.002800,8192x1x1,512x1x1,512x4096x1x1
__fattn__-6,flash_attn_f32_f16,1.368000,32x28x0,32x1x0,128x28x16x1
ffn_inp-6,kernel_add,0.024200,1024x1x1,64x1x1,3584x16x1x1
ffn_norm-6,kernel_rms_norm_mul,0.009100,16384x1x1,1024x1x1,3584x16x1x1
l_out-6,kernel_add,0.024100,1024x1x1,64x1x1,3584x16x1x1
attn_norm-7,kernel_rms_norm_mul,0.009200,16384x1x1,1024x1x1,3584x16x1x1
Qcur-7,kernel_add_row,0.013200,14336x0x0,64x0x0,3584x16x1x1
Qcur-7,kernel_rope_neox_f32,0.005600,1792x16x1,64x1x1,128x28x16x1
Kcur-7,kernel_add_row,0.005600,2048x0x0,64x0x0,512x16x1x1
Kcur-7,kernel_rope_neox_f32,0.002800,256x16x1,64x1x1,128x4x16x1
Vcur-7,kernel_add_row,0.005600,2048x0x0,64x0x0,512x16x1x1
cache_k_l7 (view),kernel_set_rows_f16_i64,0.003100,8192x1x1,512x1x1,512x4096x1x1
cache_v_l7 (view),kernel_set_rows_f16_i64,0.002800,8192x1x1,512x1x1,512x4096x1x1
__fattn__-7,flash_attn_f32_f16,1.358400,32x28x0,32x1x0,128x28x16x1
ffn_inp-7,kernel_add,0.024700,1024x1x1,64x1x1,3584x16x1x1
ffn_norm-7,kernel_rms_norm_mul,0.009200,16384x1x1,1024x1x1,3584x16x1x1
l_out-7,kernel_add,0.023400,1024x1x1,64x1x1,3584x16x1x1
attn_norm-8,kernel_rms_norm_mul,0.009200,16384x1x1,1024x1x1,3584x16x1x1
Qcur-8,kernel_add_row,0.007500,14336x0x0,64x0x0,3584x16x1x1
Qcur-8,kernel_rope_neox_f32,0.005600,1792x16x1,64x1x1,128x28x16x1
Kcur-8,kernel_add_row,0.005900,2048x0x0,64x0x0,512x16x1x1
Kcur-8,kernel_rope_neox_f32,0.002800,256x16x1,64x1x1,128x4x16x1
node_284,kernel_mul_mv_q6_K_f32,0.956500,512x1024x1,2x64x1,512x16x1x1
Vcur-8,kernel_add_row,0.002500,2048x0x0,64x0x0,512x16x1x1
cache_k_l8 (view),kernel_set_rows_f16_i64,0.003300,8192x1x1,512x1x1,512x4096x1x1
cache_v_l8 (view),kernel_set_rows_f16_i64,0.002900,8192x1x1,512x1x1,512x4096x1x1
__fattn__-8,flash_attn_f32_f16,1.365400,32x28x0,32x1x0,128x28x16x1
ffn_inp-8,kernel_add,0.024800,1024x1x1,64x1x1,3584x16x1x1
ffn_norm-8,kernel_rms_norm_mul,0.009200,16384x1x1,1024x1x1,3584x16x1x1
ffn_swiglu-8,kernel_swiglu,0.047500,8192x1x1,512x1x1,18944x16x1x1
ffn_out-8,kernel_mul_mv_q6_K_f32,40.209499,3584x1024x1,2x64x1,3584x16x1x1
l_out-8,kernel_add,0.023400,1024x1x1,64x1x1,3584x16x1x1
attn_norm-9,kernel_rms_norm_mul,0.009200,16384x1x1,1024x1x1,3584x16x1x1
Qcur-9,kernel_add_row,0.012300,14336x0x0,64x0x0,3584x16x1x1
Qcur-9,kernel_rope_neox_f32,0.005600,1792x16x1,64x1x1,128x28x16x1
Kcur-9,kernel_add_row,0.005600,2048x0x0,64x0x0,512x16x1x1
Kcur-9,kernel_rope_neox_f32,0.002700,256x16x1,64x1x1,128x4x16x1
Vcur-9,kernel_add_row,0.005700,2048x0x0,64x0x0,512x16x1x1
cache_k_l9 (view),kernel_set_rows_f16_i64,0.003200,8192x1x1,512x1x1,512x4096x1x1
cache_v_l9 (view),kernel_set_rows_f16_i64,0.002700,8192x1x1,512x1x1,512x4096x1x1
__fattn__-9,flash_attn_f32_f16,1.361900,32x28x0,32x1x0,128x28x16x1
ffn_inp-9,kernel_add,0.024400,1024x1x1,64x1x1,3584x16x1x1
ffn_norm-9,kernel_rms_norm_mul,0.009300,16384x1x1,1024x1x1,3584x16x1x1
l_out-9,kernel_add,0.024200,1024x1x1,64x1x1,3584x16x1x1
attn_norm-10,kernel_rms_norm_mul,0.009100,16384x1x1,1024x1x1,3584x16x1x1
Qcur-10,kernel_add_row,0.013300,14336x0x0,64x0x0,3584x16x1x1
Qcur-10,kernel_rope_neox_f32,0.005500,1792x16x1,64x1x1,128x28x16x1
Kcur-10,kernel_add_row,0.005500,2048x0x0,64x0x0,512x16x1x1
Kcur-10,kernel_rope_neox_f32,0.002800,256x16x1,64x1x1,128x4x16x1
Vcur-10,kernel_add_row,0.005700,2048x0x0,64x0x0,512x16x1x1
cache_k_l10 (view),kernel_set_rows_f16_i64,0.003300,8192x1x1,512x1x1,512x4096x1x1
cache_v_l10 (view),kernel_set_rows_f16_i64,0.002800,8192x1x1,512x1x1,512x4096x1x1
__fattn__-10,flash_attn_f32_f16,1.361000,32x28x0,32x1x0,128x28x16x1
ffn_inp-10,kernel_add,0.024700,1024x1x1,64x1x1,3584x16x1x1
ffn_norm-10,kernel_rms_norm_mul,0.009100,16384x1x1,1024x1x1,3584x16x1x1
l_out-10,kernel_add,0.023000,1024x1x1,64x1x1,3584x16x1x1
attn_norm-11,kernel_rms_norm_mul,0.009200,16384x1x1,1024x1x1,3584x16x1x1
Qcur-11,kernel_add_row,0.007100,14336x0x0,64x0x0,3584x16x1x1
Qcur-11,kernel_rope_neox_f32,0.005500,1792x16x1,64x1x1,128x28x16x1
Kcur-11,kernel_add_row,0.005600,2048x0x0,64x0x0,512x16x1x1
Kcur-11,kernel_rope_neox_f32,0.002700,256x16x1,64x1x1,128x4x16x1
node_386,kernel_mul_mv_q6_K_f32,0.953700,512x1024x1,2x64x1,512x16x1x1
Vcur-11,kernel_add_row,0.002600,2048x0x0,64x0x0,512x16x1x1
cache_k_l11 (view),kernel_set_rows_f16_i64,0.003200,8192x1x1,512x1x1,512x4096x1x1
cache_v_l11 (view),kernel_set_rows_f16_i64,0.002700,8192x1x1,512x1x1,512x4096x1x1
__fattn__-11,flash_attn_f32_f16,1.347200,32x28x0,32x1x0,128x28x16x1
ffn_inp-11,kernel_add,0.025200,1024x1x1,64x1x1,3584x16x1x1
ffn_norm-11,kernel_rms_norm_mul,0.009200,16384x1x1,1024x1x1,3584x16x1x1
ffn_swiglu-11,kernel_swiglu,0.047700,8192x1x1,512x1x1,18944x16x1x1
ffn_out-11,kernel_mul_mv_q6_K_f32,39.591999,3584x1024x1,2x64x1,3584x16x1x1
l_out-11,kernel_add,0.023500,1024x1x1,64x1x1,3584x16x1x1
attn_norm-12,kernel_rms_norm_mul,0.009300,16384x1x1,1024x1x1,3584x16x1x1
Qcur-12,kernel_add_row,0.012000,14336x0x0,64x0x0,3584x16x1x1
Qcur-12,kernel_rope_neox_f32,0.005400,1792x16x1,64x1x1,128x28x16x1
Kcur-12,kernel_add_row,0.005700,2048x0x0,64x0x0,512x16x1x1
Kcur-12,kernel_rope_neox_f32,0.002700,256x16x1,64x1x1,128x4x16x1
Vcur-12,kernel_add_row,0.005600,2048x0x0,64x0x0,512x16x1x1
cache_k_l12 (view),kernel_set_rows_f16_i64,0.003300,8192x1x1,512x1x1,512x4096x1x1
cache_v_l12 (view),kernel_set_rows_f16_i64,0.002800,8192x1x1,512x1x1,512x4096x1x1
__fattn__-12,flash_attn_f32_f16,1.340500,32x28x0,32x1x0,128x28x16x1
ffn_inp-12,kernel_add,0.024700,1024x1x1,64x1x1,3584x16x1x1
ffn_norm-12,kernel_rms_norm_mul,0.009100,16384x1x1,1024x1x1,3584x16x1x1
l_out-12,kernel_add,0.024100,1024x1x1,64x1x1,3584x16x1x1
attn_norm-13,kernel_rms_norm_mul,0.009100,16384x1x1,1024x1x1,3584x16x1x1
Qcur-13,kernel_add_row,0.013000,14336x0x0,64x0x0,3584x16x1x1
Qcur-13,kernel_rope_neox_f32,0.005500,1792x16x1,64x1x1,128x28x16x1
Kcur-13,kernel_add_row,0.005600,2048x0x0,64x0x0,512x16x1x1
Kcur-13,kernel_rope_neox_f32,0.002700,256x16x1,64x1x1,128x4x16x1
Vcur-13,kernel_add_row,0.005600,2048x0x0,64x0x0,512x16x1x1
cache_k_l13 (view),kernel_set_rows_f16_i64,0.003300,8192x1x1,512x1x1,512x4096x1x1
cache_v_l13 (view),kernel_set_rows_f16_i64,0.002800,8192x1x1,512x1x1,512x4096x1x1
__fattn__-13,flash_attn_f32_f16,1.347200,32x28x0,32x1x0,128x28x16x1
ffn_inp-13,kernel_add,0.024200,1024x1x1,64x1x1,3584x16x1x1
ffn_norm-13,kernel_rms_norm_mul,0.009100,16384x1x1,1024x1x1,3584x16x1x1
l_out-13,kernel_add,0.023500,1024x1x1,64x1x1,3584x16x1x1
attn_norm-14,kernel_rms_norm_mul,0.009100,16384x1x1,1024x1x1,3584x16x1x1
Qcur-14,kernel_add_row,0.007100,14336x0x0,64x0x0,3584x16x1x1
Qcur-14,kernel_rope_neox_f32,0.005500,1792x16x1,64x1x1,128x28x16x1
Kcur-14,kernel_add_row,0.005600,2048x0x0,64x0x0,512x16x1x1
Kcur-14,kernel_rope_neox_f32,0.002800,256x16x1,64x1x1,128x4x16x1
node_488,kernel_mul_mv_q6_K_f32,0.953300,512x1024x1,2x64x1,512x16x1x1
Vcur-14,kernel_add_row,0.002400,2048x0x0,64x0x0,512x16x1x1
cache_k_l14 (view),kernel_set_rows_f16_i64,0.003200,8192x1x1,512x1x1,512x4096x1x1
cache_v_l14 (view),kernel_set_rows_f16_i64,0.002800,8192x1x1,512x1x1,512x4096x1x1
__fattn__-14,flash_attn_f32_f16,1.366100,32x28x0,32x1x0,128x28x16x1
ffn_inp-14,kernel_add,0.024800,1024x1x1,64x1x1,3584x16x1x1
ffn_norm-14,kernel_rms_norm_mul,0.009100,16384x1x1,1024x1x1,3584x16x1x1
ffn_swiglu-14,kernel_swiglu,0.047500,8192x1x1,512x1x1,18944x16x1x1
ffn_out-14,kernel_mul_mv_q6_K_f32,39.903099,3584x1024x1,2x64x1,3584x16x1x1
l_out-14,kernel_add,0.023500,1024x1x1,64x1x1,3584x16x1x1
attn_norm-15,kernel_rms_norm_mul,0.009200,16384x1x1,1024x1x1,3584x16x1x1
Qcur-15,kernel_add_row,0.012400,14336x0x0,64x0x0,3584x16x1x1
Qcur-15,kernel_rope_neox_f32,0.005400,1792x16x1,64x1x1,128x28x16x1
Kcur-15,kernel_add_row,0.005600,2048x0x0,64x0x0,512x16x1x1
Kcur-15,kernel_rope_neox_f32,0.002700,256x16x1,64x1x1,128x4x16x1
Vcur-15,kernel_add_row,0.005600,2048x0x0,64x0x0,512x16x1x1
cache_k_l15 (view),kernel_set_rows_f16_i64,0.003400,8192x1x1,512x1x1,512x4096x1x1
cache_v_l15 (view),kernel_set_rows_f16_i64,0.002800,8192x1x1,512x1x1,512x4096x1x1
__fattn__-15,flash_attn_f32_f16,1.348400,32x28x0,32x1x0,128x28x16x1
ffn_inp-15,kernel_add,0.024200,1024x1x1,64x1x1,3584x16x1x1
ffn_norm-15,kernel_rms_norm_mul,0.009200,16384x1x1,1024x1x1,3584x16x1x1
l_out-15,kernel_add,0.024300,1024x1x1,64x1x1,3584x16x1x1
attn_norm-16,kernel_rms_norm_mul,0.009300,16384x1x1,1024x1x1,3584x16x1x1
Qcur-16,kernel_add_row,0.013100,14336x0x0,64x0x0,3584x16x1x1
Qcur-16,kernel_rope_neox_f32,0.005600,1792x16x1,64x1x1,128x28x16x1
Kcur-16,kernel_add_row,0.005600,2048x0x0,64x0x0,512x16x1x1
Kcur-16,kernel_rope_neox_f32,0.002800,256x16x1,64x1x1,128x4x16x1
Vcur-16,kernel_add_row,0.005700,2048x0x0,64x0x0,512x16x1x1
cache_k_l16 (view),kernel_set_rows_f16_i64,0.003300,8192x1x1,512x1x1,512x4096x1x1
cache_v_l16 (view),kernel_set_rows_f16_i64,0.002800,8192x1x1,512x1x1,512x4096x1x1
__fattn__-16,flash_attn_f32_f16,1.354300,32x28x0,32x1x0,128x28x16x1
ffn_inp-16,kernel_add,0.023100,1024x1x1,64x1x1,3584x16x1x1
ffn_norm-16,kernel_rms_norm_mul,0.009100,16384x1x1,1024x1x1,3584x16x1x1
l_out-16,kernel_add,0.022300,1024x1x1,64x1x1,3584x16x1x1
attn_norm-17,kernel_rms_norm_mul,0.009200,16384x1x1,1024x1x1,3584x16x1x1
Qcur-17,kernel_add_row,0.007100,14336x0x0,64x0x0,3584x16x1x1
Qcur-17,kernel_rope_neox_f32,0.005500,1792x16x1,64x1x1,128x28x16x1
Kcur-17,kernel_add_row,0.005800,2048x0x0,64x0x0,512x16x1x1
Kcur-17,kernel_rope_neox_f32,0.002800,256x16x1,64x1x1,128x4x16x1
node_590,kernel_mul_mv_q6_K_f32,0.953700,512x1024x1,2x64x1,512x16x1x1
Vcur-17,kernel_add_row,0.002600,2048x0x0,64x0x0,512x16x1x1
cache_k_l17 (view),kernel_set_rows_f16_i64,0.003300,8192x1x1,512x1x1,512x4096x1x1
cache_v_l17 (view),kernel_set_rows_f16_i64,0.002800,8192x1x1,512x1x1,512x4096x1x1
__fattn__-17,flash_attn_f32_f16,1.354800,32x28x0,32x1x0,128x28x16x1
ffn_inp-17,kernel_add,0.024900,1024x1x1,64x1x1,3584x16x1x1
ffn_norm-17,kernel_rms_norm_mul,0.009300,16384x1x1,1024x1x1,3584x16x1x1
ffn_swiglu-17,kernel_swiglu,0.048000,8192x1x1,512x1x1,18944x16x1x1
ffn_out-17,kernel_mul_mv_q6_K_f32,39.627499,3584x1024x1,2x64x1,3584x16x1x1
l_out-17,kernel_add,0.022900,1024x1x1,64x1x1,3584x16x1x1
attn_norm-18,kernel_rms_norm_mul,0.009100,16384x1x1,1024x1x1,3584x16x1x1
Qcur-18,kernel_add_row,0.011800,14336x0x0,64x0x0,3584x16x1x1
Qcur-18,kernel_rope_neox_f32,0.005700,1792x16x1,64x1x1,128x28x16x1
Kcur-18,kernel_add_row,0.005600,2048x0x0,64x0x0,512x16x1x1
Kcur-18,kernel_rope_neox_f32,0.002800,256x16x1,64x1x1,128x4x16x1
Vcur-18,kernel_add_row,0.005700,2048x0x0,64x0x0,512x16x1x1
cache_k_l18 (view),kernel_set_rows_f16_i64,0.003200,8192x1x1,512x1x1,512x4096x1x1
cache_v_l18 (view),kernel_set_rows_f16_i64,0.002900,8192x1x1,512x1x1,512x4096x1x1
__fattn__-18,flash_attn_f32_f16,1.358300,32x28x0,32x1x0,128x28x16x1
ffn_inp-18,kernel_add,0.024100,1024x1x1,64x1x1,3584x16x1x1
ffn_norm-18,kernel_rms_norm_mul,0.009200,16384x1x1,1024x1x1,3584x16x1x1
l_out-18,kernel_add,0.024200,1024x1x1,64x1x1,3584x16x1x1
attn_norm-19,kernel_rms_norm_mul,0.009200,16384x1x1,1024x1x1,3584x16x1x1
Qcur-19,kernel_add_row,0.013000,14336x0x0,64x0x0,3584x16x1x1
Qcur-19,kernel_rope_neox_f32,0.005500,1792x16x1,64x1x1,128x28x16x1
Kcur-19,kernel_add_row,0.005600,2048x0x0,64x0x0,512x16x1x1
Kcur-19,kernel_rope_neox_f32,0.002800,256x16x1,64x1x1,128x4x16x1
Vcur-19,kernel_add_row,0.005800,2048x0x0,64x0x0,512x16x1x1
cache_k_l19 (view),kernel_set_rows_f16_i64,0.003600,8192x1x1,512x1x1,512x4096x1x1
cache_v_l19 (view),kernel_set_rows_f16_i64,0.002800,8192x1x1,512x1x1,512x4096x1x1
__fattn__-19,flash_attn_f32_f16,1.346600,32x28x0,32x1x0,128x28x16x1
ffn_inp-19,kernel_add,0.025000,1024x1x1,64x1x1,3584x16x1x1
ffn_norm-19,kernel_rms_norm_mul,0.009100,16384x1x1,1024x1x1,3584x16x1x1
l_out-19,kernel_add,0.022800,1024x1x1,64x1x1,3584x16x1x1
attn_norm-20,kernel_rms_norm_mul,0.009200,16384x1x1,1024x1x1,3584x16x1x1
Qcur-20,kernel_add_row,0.007200,14336x0x0,64x0x0,3584x16x1x1
Qcur-20,kernel_rope_neox_f32,0.005500,1792x16x1,64x1x1,128x28x16x1
Kcur-20,kernel_add_row,0.005800,2048x0x0,64x0x0,512x16x1x1
Kcur-20,kernel_rope_neox_f32,0.002800,256x16x1,64x1x1,128x4x16x1
node_692,kernel_mul_mv_q6_K_f32,0.955200,512x1024x1,2x64x1,512x16x1x1
Vcur-20,kernel_add_row,0.002600,2048x0x0,64x0x0,512x16x1x1
cache_k_l20 (view),kernel_set_rows_f16_i64,0.003300,8192x1x1,512x1x1,512x4096x1x1
cache_v_l20 (view),kernel_set_rows_f16_i64,0.002800,8192x1x1,512x1x1,512x4096x1x1
__fattn__-20,flash_attn_f32_f16,1.358700,32x28x0,32x1x0,128x28x16x1
ffn_inp-20,kernel_add,0.024300,1024x1x1,64x1x1,3584x16x1x1
ffn_norm-20,kernel_rms_norm_mul,0.009200,16384x1x1,1024x1x1,3584x16x1x1
ffn_swiglu-20,kernel_swiglu,0.047500,8192x1x1,512x1x1,18944x16x1x1
ffn_out-20,kernel_mul_mv_q6_K_f32,39.597500,3584x1024x1,2x64x1,3584x16x1x1
l_out-20,kernel_add,0.023000,1024x1x1,64x1x1,3584x16x1x1
attn_norm-21,kernel_rms_norm_mul,0.009200,16384x1x1,1024x1x1,3584x16x1x1
Qcur-21,kernel_add_row,0.011000,14336x0x0,64x0x0,3584x16x1x1
Qcur-21,kernel_rope_neox_f32,0.005500,1792x16x1,64x1x1,128x28x16x1
Kcur-21,kernel_add_row,0.005600,2048x0x0,64x0x0,512x16x1x1
Kcur-21,kernel_rope_neox_f32,0.002700,256x16x1,64x1x1,128x4x16x1
Vcur-21,kernel_add_row,0.005600,2048x0x0,64x0x0,512x16x1x1
cache_k_l21 (view),kernel_set_rows_f16_i64,0.003300,8192x1x1,512x1x1,512x4096x1x1
cache_v_l21 (view),kernel_set_rows_f16_i64,0.002800,8192x1x1,512x1x1,512x4096x1x1
__fattn__-21,flash_attn_f32_f16,1.356600,32x28x0,32x1x0,128x28x16x1
ffn_inp-21,kernel_add,0.024000,1024x1x1,64x1x1,3584x16x1x1
ffn_norm-21,kernel_rms_norm_mul,0.009300,16384x1x1,1024x1x1,3584x16x1x1
l_out-21,kernel_add,0.024600,1024x1x1,64x1x1,3584x16x1x1
attn_norm-22,kernel_rms_norm_mul,0.009200,16384x1x1,1024x1x1,3584x16x1x1
Qcur-22,kernel_add_row,0.012900,14336x0x0,64x0x0,3584x16x1x1
Qcur-22,kernel_rope_neox_f32,0.005500,1792x16x1,64x1x1,128x28x16x1
Kcur-22,kernel_add_row,0.005600,2048x0x0,64x0x0,512x16x1x1
Kcur-22,kernel_rope_neox_f32,0.002700,256x16x1,64x1x1,128x4x16x1
Vcur-22,kernel_add_row,0.005600,2048x0x0,64x0x0,512x16x1x1
cache_k_l22 (view),kernel_set_rows_f16_i64,0.003200,8192x1x1,512x1x1,512x4096x1x1
cache_v_l22 (view),kernel_set_rows_f16_i64,0.002800,8192x1x1,512x1x1,512x4096x1x1
__fattn__-22,flash_attn_f32_f16,1.359500,32x28x0,32x1x0,128x28x16x1
ffn_inp-22,kernel_add,0.024700,1024x1x1,64x1x1,3584x16x1x1
ffn_norm-22,kernel_rms_norm_mul,0.009300,16384x1x1,1024x1x1,3584x16x1x1
l_out-22,kernel_add,0.023000,1024x1x1,64x1x1,3584x16x1x1
attn_norm-23,kernel_rms_norm_mul,0.009100,16384x1x1,1024x1x1,3584x16x1x1
Qcur-23,kernel_add_row,0.007300,14336x0x0,64x0x0,3584x16x1x1
Qcur-23,kernel_rope_neox_f32,0.005400,1792x16x1,64x1x1,128x28x16x1
Kcur-23,kernel_add_row,0.005800,2048x0x0,64x0x0,512x16x1x1
Kcur-23,kernel_rope_neox_f32,0.002700,256x16x1,64x1x1,128x4x16x1
node_794,kernel_mul_mv_q6_K_f32,0.954100,512x1024x1,2x64x1,512x16x1x1
Vcur-23,kernel_add_row,0.002500,2048x0x0,64x0x0,512x16x1x1
cache_k_l23 (view),kernel_set_rows_f16_i64,0.003400,8192x1x1,512x1x1,512x4096x1x1
cache_v_l23 (view),kernel_set_rows_f16_i64,0.002800,8192x1x1,512x1x1,512x4096x1x1
__fattn__-23,flash_attn_f32_f16,1.345300,32x28x0,32x1x0,128x28x16x1
ffn_inp-23,kernel_add,0.024800,1024x1x1,64x1x1,3584x16x1x1
ffn_norm-23,kernel_rms_norm_mul,0.009300,16384x1x1,1024x1x1,3584x16x1x1
ffn_swiglu-23,kernel_swiglu,0.047100,8192x1x1,512x1x1,18944x16x1x1
ffn_out-23,kernel_mul_mv_q6_K_f32,39.609001,3584x1024x1,2x64x1,3584x16x1x1
l_out-23,kernel_add,0.023000,1024x1x1,64x1x1,3584x16x1x1
attn_norm-24,kernel_rms_norm_mul,0.009300,16384x1x1,1024x1x1,3584x16x1x1
Qcur-24,kernel_add_row,0.007800,14336x0x0,64x0x0,3584x16x1x1
Qcur-24,kernel_rope_neox_f32,0.005500,1792x16x1,64x1x1,128x28x16x1
Kcur-24,kernel_add_row,0.005800,2048x0x0,64x0x0,512x16x1x1
Kcur-24,kernel_rope_neox_f32,0.002800,256x16x1,64x1x1,128x4x16x1
node_828,kernel_mul_mv_q6_K_f32,0.954100,512x1024x1,2x64x1,512x16x1x1
Vcur-24,kernel_add_row,0.002500,2048x0x0,64x0x0,512x16x1x1
cache_k_l24 (view),kernel_set_rows_f16_i64,0.003200,8192x1x1,512x1x1,512x4096x1x1
cache_v_l24 (view),kernel_set_rows_f16_i64,0.002800,8192x1x1,512x1x1,512x4096x1x1
__fattn__-24,flash_attn_f32_f16,1.352800,32x28x0,32x1x0,128x28x16x1
ffn_inp-24,kernel_add,0.023600,1024x1x1,64x1x1,3584x16x1x1
ffn_norm-24,kernel_rms_norm_mul,0.009200,16384x1x1,1024x1x1,3584x16x1x1
ffn_swiglu-24,kernel_swiglu,0.046500,8192x1x1,512x1x1,18944x16x1x1
ffn_out-24,kernel_mul_mv_q6_K_f32,39.601799,3584x1024x1,2x64x1,3584x16x1x1
l_out-24,kernel_add,0.023000,1024x1x1,64x1x1,3584x16x1x1
attn_norm-25,kernel_rms_norm_mul,0.009100,16384x1x1,1024x1x1,3584x16x1x1
Qcur-25,kernel_add_row,0.007900,14336x0x0,64x0x0,3584x16x1x1
Qcur-25,kernel_rope_neox_f32,0.005500,1792x16x1,64x1x1,128x28x16x1
Kcur-25,kernel_add_row,0.005700,2048x0x0,64x0x0,512x16x1x1
Kcur-25,kernel_rope_neox_f32,0.002700,256x16x1,64x1x1,128x4x16x1
node_862,kernel_mul_mv_q6_K_f32,0.955700,512x1024x1,2x64x1,512x16x1x1
Vcur-25,kernel_add_row,0.002200,2048x0x0,64x0x0,512x16x1x1
cache_k_l25 (view),kernel_set_rows_f16_i64,0.003200,8192x1x1,512x1x1,512x4096x1x1
cache_v_l25 (view),kernel_set_rows_f16_i64,0.002800,8192x1x1,512x1x1,512x4096x1x1
__fattn__-25,flash_attn_f32_f16,1.355900,32x28x0,32x1x0,128x28x16x1
ffn_inp-25,kernel_add,0.024400,1024x1x1,64x1x1,3584x16x1x1
ffn_norm-25,kernel_rms_norm_mul,0.009400,16384x1x1,1024x1x1,3584x16x1x1
ffn_swiglu-25,kernel_swiglu,0.047000,8192x1x1,512x1x1,18944x16x1x1
ffn_out-25,kernel_mul_mv_q6_K_f32,39.630402,3584x1024x1,2x64x1,3584x16x1x1
l_out-25,kernel_add,0.023600,1024x1x1,64x1x1,3584x16x1x1
attn_norm-26,kernel_rms_norm_mul,0.009200,16384x1x1,1024x1x1,3584x16x1x1
Qcur-26,kernel_add_row,0.007800,14336x0x0,64x0x0,3584x16x1x1
Qcur-26,kernel_rope_neox_f32,0.005500,1792x16x1,64x1x1,128x28x16x1
Kcur-26,kernel_add_row,0.005800,2048x0x0,64x0x0,512x16x1x1
Kcur-26,kernel_rope_neox_f32,0.002700,256x16x1,64x1x1,128x4x16x1
node_896,kernel_mul_mv_q6_K_f32,0.955000,512x1024x1,2x64x1,512x16x1x1
Vcur-26,kernel_add_row,0.002500,2048x0x0,64x0x0,512x16x1x1
cache_k_l26 (view),kernel_set_rows_f16_i64,0.003500,8192x1x1,512x1x1,512x4096x1x1
cache_v_l26 (view),kernel_set_rows_f16_i64,0.002900,8192x1x1,512x1x1,512x4096x1x1
__fattn__-26,flash_attn_f32_f16,1.355000,32x28x0,32x1x0,128x28x16x1
ffn_inp-26,kernel_add,0.023700,1024x1x1,64x1x1,3584x16x1x1
ffn_norm-26,kernel_rms_norm_mul,0.009200,16384x1x1,1024x1x1,3584x16x1x1
ffn_swiglu-26,kernel_swiglu,0.047000,8192x1x1,512x1x1,18944x16x1x1
ffn_out-26,kernel_mul_mv_q6_K_f32,39.525902,3584x1024x1,2x64x1,3584x16x1x1
l_out-26,kernel_add,0.023400,1024x1x1,64x1x1,3584x16x1x1
attn_norm-27,kernel_rms_norm_mul,0.009200,16384x1x1,1024x1x1,3584x16x1x1
Qcur-27,kernel_add_row,0.008000,14336x0x0,64x0x0,3584x16x1x1
Qcur-27,kernel_rope_neox_f32,0.005400,1792x16x1,64x1x1,128x28x16x1
Kcur-27,kernel_add_row,0.005700,2048x0x0,64x0x0,512x16x1x1
Kcur-27,kernel_rope_neox_f32,0.002700,256x16x1,64x1x1,128x4x16x1
node_930,kernel_mul_mv_q6_K_f32,0.956600,512x1024x1,2x64x1,512x16x1x1
Vcur-27,kernel_add_row,0.002600,2048x0x0,64x0x0,512x16x1x1
cache_k_l27 (view),kernel_set_rows_f16_i64,0.003300,8192x1x1,512x1x1,512x4096x1x1
cache_v_l27 (view),kernel_set_rows_f16_i64,0.002900,8192x1x1,512x1x1,512x4096x1x1
__fattn__-27,flash_attn_f32_f16,1.352400,32x28x0,32x1x0,128x28x16x1
attn_norm-0,kernel_rms_norm_mul,0.012200,16384x1x1,1024x1x1,3584x16x1x1
Qcur-0,kernel_add_row,0.008000,14336x0x0,64x0x0,3584x16x1x1
Qcur-0,kernel_rope_neox_f32,0.005600,1792x16x1,64x1x1,128x28x16x1
Kcur-0,kernel_add_row,0.005600,2048x0x0,64x0x0,512x16x1x1
Kcur-0,kernel_rope_neox_f32,0.002800,256x16x1,64x1x1,128x4x16x1
node_11,kernel_mul_mv_q6_K_f32,0.956600,512x1024x1,2x64x1,512x16x1x1
Vcur-0,kernel_add_row,0.002500,2048x0x0,64x0x0,512x16x1x1
cache_k_l0 (view),kernel_set_rows_f16_i64,0.003400,8192x1x1,512x1x1,512x4096x1x1
cache_v_l0 (view),kernel_set_rows_f16_i64,0.002800,8192x1x1,512x1x1,512x4096x1x1
 (copy),kernel_cpy_f32_f16,0.003700,4096x1x1,64x1x1,256x64x1x1
__fattn__-0,flash_attn_f32_f16,1.358000,32x28x0,32x1x0,128x28x16x1
ffn_inp-0,kernel_add,0.025900,1024x1x1,64x1x1,3584x16x1x1
ffn_norm-0,kernel_rms_norm_mul,0.009200,16384x1x1,1024x1x1,3584x16x1x1
ffn_swiglu-0,kernel_swiglu,0.046300,8192x1x1,512x1x1,18944x16x1x1
ffn_out-0,kernel_mul_mv_q6_K_f32,39.595001,3584x1024x1,2x64x1,3584x16x1x1
l_out-0,kernel_add,0.023100,1024x1x1,64x1x1,3584x16x1x1
attn_norm-1,kernel_rms_norm_mul,0.009100,16384x1x1,1024x1x1,3584x16x1x1
Qcur-1,kernel_add_row,0.008000,14336x0x0,64x0x0,3584x16x1x1
Qcur-1,kernel_rope_neox_f32,0.005700,1792x16x1,64x1x1,128x28x16x1
Kcur-1,kernel_add_row,0.005600,2048x0x0,64x0x0,512x16x1x1
Kcur-1,kernel_rope_neox_f32,0.002700,256x16x1,64x1x1,128x4x16x1
node_46,kernel_mul_mv_q6_K_f32,0.956300,512x1024x1,2x64x1,512x16x1x1
Vcur-1,kernel_add_row,0.002300,2048x0x0,64x0x0,512x16x1x1
cache_k_l1 (view),kernel_set_rows_f16_i64,0.003300,8192x1x1,512x1x1,512x4096x1x1
cache_v_l1 (view),kernel_set_rows_f16_i64,0.002800,8192x1x1,512x1x1,512x4096x1x1
__fattn__-1,flash_attn_f32_f16,1.366600,32x28x0,32x1x0,128x28x16x1
ffn_inp-1,kernel_add,0.023700,1024x1x1,64x1x1,3584x16x1x1
ffn_norm-1,kernel_rms_norm_mul,0.009200,16384x1x1,1024x1x1,3584x16x1x1
ffn_swiglu-1,kernel_swiglu,0.047600,8192x1x1,512x1x1,18944x16x1x1
ffn_out-1,kernel_mul_mv_q6_K_f32,39.608101,3584x1024x1,2x64x1,3584x16x1x1
l_out-1,kernel_add,0.022900,1024x1x1,64x1x1,3584x16x1x1
attn_norm-2,kernel_rms_norm_mul,0.009200,16384x1x1,1024x1x1,3584x16x1x1
Qcur-2,kernel_add_row,0.007800,14336x0x0,64x0x0,3584x16x1x1
Qcur-2,kernel_rope_neox_f32,0.005400,1792x16x1,64x1x1,128x28x16x1
Kcur-2,kernel_add_row,0.005700,2048x0x0,64x0x0,512x16x1x1
Kcur-2,kernel_rope_neox_f32,0.002700,256x16x1,64x1x1,128x4x16x1
node_80,kernel_mul_mv_q6_K_f32,0.955100,512x1024x1,2x64x1,512x16x1x1
Vcur-2,kernel_add_row,0.002800,2048x0x0,64x0x0,512x16x1x1
cache_k_l2 (view),kernel_set_rows_f16_i64,0.003300,8192x1x1,512x1x1,512x4096x1x1
cache_v_l2 (view),kernel_set_rows_f16_i64,0.002800,8192x1x1,512x1x1,512x4096x1x1
__fattn__-2,flash_attn_f32_f16,1.365200,32x28x0,32x1x0,128x28x16x1
ffn_inp-2,kernel_add,0.023800,1024x1x1,64x1x1,3584x16x1x1
ffn_norm-2,kernel_rms_norm_mul,0.009400,16384x1x1,1024x1x1,3584x16x1x1
ffn_swiglu-2,kernel_swiglu,0.046700,8192x1x1,512x1x1,18944x16x1x1
ffn_out-2,kernel_mul_mv_q6_K_f32,40.421600,3584x1024x1,2x64x1,3584x16x1x1
l_out-2,kernel_add,0.023100,1024x1x1,64x1x1,3584x16x1x1
attn_norm-3,kernel_rms_norm_mul,0.009100,16384x1x1,1024x1x1,3584x16x1x1
Qcur-3,kernel_add_row,0.012800,14336x0x0,64x0x0,3584x16x1x1
Qcur-3,kernel_rope_neox_f32,0.005400,1792x16x1,64x1x1,128x28x16x1
Kcur-3,kernel_add_row,0.005900,2048x0x0,64x0x0,512x16x1x1
Kcur-3,kernel_rope_neox_f32,0.002700,256x16x1,64x1x1,128x4x16x1
Vcur-3,kernel_add_row,0.005800,2048x0x0,64x0x0,512x16x1x1
cache_k_l3 (view),kernel_set_rows_f16_i64,0.003400,8192x1x1,512x1x1,512x4096x1x1
cache_v_l3 (view),kernel_set_rows_f16_i64,0.002900,8192x1x1,512x1x1,512x4096x1x1
__fattn__-3,flash_attn_f32_f16,1.335900,32x28x0,32x1x0,128x28x16x1
ffn_inp-3,kernel_add,0.024200,1024x1x1,64x1x1,3584x16x1x1
ffn_norm-3,kernel_rms_norm_mul,0.009200,16384x1x1,1024x1x1,3584x16x1x1
l_out-3,kernel_add,0.024300,1024x1x1,64x1x1,3584x16x1x1
attn_norm-4,kernel_rms_norm_mul,0.009100,16384x1x1,1024x1x1,3584x16x1x1
Qcur-4,kernel_add_row,0.013300,14336x0x0,64x0x0,3584x16x1x1
Qcur-4,kernel_rope_neox_f32,0.005300,1792x16x1,64x1x1,128x28x16x1
Kcur-4,kernel_add_row,0.005800,2048x0x0,64x0x0,512x16x1x1
Kcur-4,kernel_rope_neox_f32,0.002800,256x16x1,64x1x1,128x4x16x1
Vcur-4,kernel_add_row,0.005600,2048x0x0,64x0x0,512x16x1x1
cache_k_l4 (view),kernel_set_rows_f16_i64,0.003300,8192x1x1,512x1x1,512x4096x1x1
cache_v_l4 (view),kernel_set_rows_f16_i64,0.002700,8192x1x1,512x1x1,512x4096x1x1
__fattn__-4,flash_attn_f32_f16,1.336500,32x28x0,32x1x0,128x28x16x1
ffn_inp-4,kernel_add,0.024900,1024x1x1,64x1x1,3584x16x1x1
ffn_norm-4,kernel_rms_norm_mul,0.009100,16384x1x1,1024x1x1,3584x16x1x1
l_out-4,kernel_add,0.023100,1024x1x1,64x1x1,3584x16x1x1
attn_norm-5,kernel_rms_norm_mul,0.009200,16384x1x1,1024x1x1,3584x16x1x1
Qcur-5,kernel_add_row,0.007600,14336x0x0,64x0x0,3584x16x1x1
Qcur-5,kernel_rope_neox_f32,0.005400,1792x16x1,64x1x1,128x28x16x1
Kcur-5,kernel_add_row,0.005600,2048x0x0,64x0x0,512x16x1x1
Kcur-5,kernel_rope_neox_f32,0.002800,256x16x1,64x1x1,128x4x16x1
node_182,kernel_mul_mv_q6_K_f32,0.956300,512x1024x1,2x64x1,512x16x1x1
Vcur-5,kernel_add_row,0.002500,2048x0x0,64x0x0,512x16x1x1
cache_k_l5 (view),kernel_set_rows_f16_i64,0.003300,8192x1x1,512x1x1,512x4096x1x1
cache_v_l5 (view),kernel_set_rows_f16_i64,0.002900,8192x1x1,512x1x1,512x4096x1x1
__fattn__-5,flash_attn_f32_f16,1.374600,32x28x0,32x1x0,128x28x16x1
ffn_inp-5,kernel_add,0.025000,1024x1x1,64x1x1,3584x16x1x1
ffn_norm-5,kernel_rms_norm_mul,0.009400,16384x1x1,1024x1x1,3584x16x1x1
ffn_swiglu-5,kernel_swiglu,0.048300,8192x1x1,512x1x1,18944x16x1x1
ffn_out-5,kernel_mul_mv_q6_K_f32,40.606499,3584x1024x1,2x64x1,3584x16x1x1
l_out-5,kernel_add,0.023100,1024x1x1,64x1x1,3584x16x1x1
attn_norm-6,kernel_rms_norm_mul,0.009200,16384x1x1,1024x1x1,3584x16x1x1
Qcur-6,kernel_add_row,0.012000,14336x0x0,64x0x0,3584x16x1x1
Qcur-6,kernel_rope_neox_f32,0.005500,1792x16x1,64x1x1,128x28x16x1
Kcur-6,kernel_add_row,0.005600,2048x0x0,64x0x0,512x16x1x1
Kcur-6,kernel_rope_neox_f32,0.002700,256x16x1,64x1x1,128x4x16x1
Vcur-6,kernel_add_row,0.005700,2048x0x0,64x0x0,512x16x1x1
cache_k_l6 (view),kernel_set_rows_f16_i64,0.003300,8192x1x1,512x1x1,512x4096x1x1
cache_v_l6 (view),kernel_set_rows_f16_i64,0.002700,8192x1x1,512x1x1,512x4096x1x1
__fattn__-6,flash_attn_f32_f16,1.352400,32x28x0,32x1x0,128x28x16x1
ffn_inp-6,kernel_add,0.024400,1024x1x1,64x1x1,3584x16x1x1
ffn_norm-6,kernel_rms_norm_mul,0.009200,16384x1x1,1024x1x1,3584x16x1x1
l_out-6,kernel_add,0.024400,1024x1x1,64x1x1,3584x16x1x1
attn_norm-7,kernel_rms_norm_mul,0.009200,16384x1x1,1024x1x1,3584x16x1x1
Qcur-7,kernel_add_row,0.013100,14336x0x0,64x0x0,3584x16x1x1
Qcur-7,kernel_rope_neox_f32,0.005500,1792x16x1,64x1x1,128x28x16x1
Kcur-7,kernel_add_row,0.005600,2048x0x0,64x0x0,512x16x1x1
Kcur-7,kernel_rope_neox_f32,0.002800,256x16x1,64x1x1,128x4x16x1
Vcur-7,kernel_add_row,0.005800,2048x0x0,64x0x0,512x16x1x1
cache_k_l7 (view),kernel_set_rows_f16_i64,0.003300,8192x1x1,512x1x1,512x4096x1x1
cache_v_l7 (view),kernel_set_rows_f16_i64,0.002800,8192x1x1,512x1x1,512x4096x1x1
__fattn__-7,flash_attn_f32_f16,1.362800,32x28x0,32x1x0,128x28x16x1
ffn_inp-7,kernel_add,0.024900,1024x1x1,64x1x1,3584x16x1x1
ffn_norm-7,kernel_rms_norm_mul,0.009100,16384x1x1,1024x1x1,3584x16x1x1
l_out-7,kernel_add,0.023200,1024x1x1,64x1x1,3584x16x1x1
attn_norm-8,kernel_rms_norm_mul,0.009100,16384x1x1,1024x1x1,3584x16x1x1
Qcur-8,kernel_add_row,0.007500,14336x0x0,64x0x0,3584x16x1x1
Qcur-8,kernel_rope_neox_f32,0.005600,1792x16x1,64x1x1,128x28x16x1
Kcur-8,kernel_add_row,0.006000,2048x0x0,64x0x0,512x16x1x1
Kcur-8,kernel_rope_neox_f32,0.002700,256x16x1,64x1x1,128x4x16x1
node_284,kernel_mul_mv_q6_K_f32,0.957000,512x1024x1,2x64x1,512x16x1x1
Vcur-8,kernel_add_row,0.002500,2048x0x0,64x0x0,512x16x1x1
cache_k_l8 (view),kernel_set_rows_f16_i64,0.003300,8192x1x1,512x1x1,512x4096x1x1
cache_v_l8 (view),kernel_set_rows_f16_i64,0.002900,8192x1x1,512x1x1,512x4096x1x1
__fattn__-8,flash_attn_f32_f16,1.333600,32x28x0,32x1x0,128x28x16x1
ffn_inp-8,kernel_add,0.024400,1024x1x1,64x1x1,3584x16x1x1
ffn_norm-8,kernel_rms_norm_mul,0.009200,16384x1x1,1024x1x1,3584x16x1x1
ffn_swiglu-8,kernel_swiglu,0.047400,8192x1x1,512x1x1,18944x16x1x1
ffn_out-8,kernel_mul_mv_q6_K_f32,40.201199,3584x1024x1,2x64x1,3584x16x1x1
l_out-8,kernel_add,0.023400,1024x1x1,64x1x1,3584x16x1x1
attn_norm-9,kernel_rms_norm_mul,0.009300,16384x1x1,1024x1x1,3584x16x1x1
Qcur-9,kernel_add_row,0.012100,14336x0x0,64x0x0,3584x16x1x1
Qcur-9,kernel_rope_neox_f32,0.005500,1792x16x1,64x1x1,128x28x16x1
Kcur-9,kernel_add_row,0.005600,2048x0x0,64x0x0,512x16x1x1
Kcur-9,kernel_rope_neox_f32,0.002800,256x16x1,64x1x1,128x4x16x1
Vcur-9,kernel_add_row,0.005500,2048x0x0,64x0x0,512x16x1x1
cache_k_l9 (view),kernel_set_rows_f16_i64,0.003400,8192x1x1,512x1x1,512x4096x1x1
cache_v_l9 (view),kernel_set_rows_f16_i64,0.002800,8192x1x1,512x1x1,512x4096x1x1
__fattn__-9,flash_attn_f32_f16,1.335500,32x28x0,32x1x0,128x28x16x1
ffn_inp-9,kernel_add,0.024200,1024x1x1,64x1x1,3584x16x1x1
ffn_norm-9,kernel_rms_norm_mul,0.009200,16384x1x1,1024x1x1,3584x16x1x1
l_out-9,kernel_add,0.024500,1024x1x1,64x1x1,3584x16x1x1
attn_norm-10,kernel_rms_norm_mul,0.009100,16384x1x1,1024x1x1,3584x16x1x1
Qcur-10,kernel_add_row,0.013200,14336x0x0,64x0x0,3584x16x1x1
Qcur-10,kernel_rope_neox_f32,0.005400,1792x16x1,64x1x1,128x28x16x1
Kcur-10,kernel_add_row,0.005800,2048x0x0,64x0x0,512x16x1x1
Kcur-10,kernel_rope_neox_f32,0.002800,256x16x1,64x1x1,128x4x16x1
Vcur-10,kernel_add_row,0.005600,2048x0x0,64x0x0,512x16x1x1
cache_k_l10 (view),kernel_set_rows_f16_i64,0.003200,8192x1x1,512x1x1,512x4096x1x1
cache_v_l10 (view),kernel_set_rows_f16_i64,0.002800,8192x1x1,512x1x1,512x4096x1x1
__fattn__-10,flash_attn_f32_f16,1.362800,32x28x0,32x1x0,128x28x16x1
ffn_inp-10,kernel_add,0.024400,1024x1x1,64x1x1,3584x16x1x1
ffn_norm-10,kernel_rms_norm_mul,0.009100,16384x1x1,1024x1x1,3584x16x1x1
l_out-10,kernel_add,0.023000,1024x1x1,64x1x1,3584x16x1x1
attn_norm-11,kernel_rms_norm_mul,0.009200,16384x1x1,1024x1x1,3584x16x1x1
Qcur-11,kernel_add_row,0.007200,14336x0x0,64x0x0,3584x16x1x1
Qcur-11,kernel_rope_neox_f32,0.005500,1792x16x1,64x1x1,128x28x16x1
Kcur-11,kernel_add_row,0.005700,2048x0x0,64x0x0,512x16x1x1
Kcur-11,kernel_rope_neox_f32,0.002800,256x16x1,64x1x1,128x4x16x1
node_386,kernel_mul_mv_q6_K_f32,0.955000,512x1024x1,2x64x1,512x16x1x1
Vcur-11,kernel_add_row,0.002500,2048x0x0,64x0x0,512x16x1x1
cache_k_l11 (view),kernel_set_rows_f16_i64,0.003300,8192x1x1,512x1x1,512x4096x1x1
cache_v_l11 (view),kernel_set_rows_f16_i64,0.003000,8192x1x1,512x1x1,512x4096x1x1
__fattn__-11,flash_attn_f32_f16,1.362200,32x28x0,32x1x0,128x28x16x1
ffn_inp-11,kernel_add,0.025000,1024x1x1,64x1x1,3584x16x1x1
ffn_norm-11,kernel_rms_norm_mul,0.009200,16384x1x1,1024x1x1,3584x16x1x1
ffn_swiglu-11,kernel_swiglu,0.047700,8192x1x1,512x1x1,18944x16x1x1
ffn_out-11,kernel_mul_mv_q6_K_f32,39.601398,3584x1024x1,2x64x1,3584x16x1x1
l_out-11,kernel_add,0.023400,1024x1x1,64x1x1,3584x16x1x1
attn_norm-12,kernel_rms_norm_mul,0.009100,16384x1x1,1024x1x1,3584x16x1x1
Qcur-12,kernel_add_row,0.012300,14336x0x0,64x0x0,3584x16x1x1
Qcur-12,kernel_rope_neox_f32,0.005700,1792x16x1,64x1x1,128x28x16x1
Kcur-12,kernel_add_row,0.005600,2048x0x0,64x0x0,512x16x1x1
Kcur-12,kernel_rope_neox_f32,0.002800,256x16x1,64x1x1,128x4x16x1
Vcur-12,kernel_add_row,0.005600,2048x0x0,64x0x0,512x16x1x1
cache_k_l12 (view),kernel_set_rows_f16_i64,0.003300,8192x1x1,512x1x1,512x4096x1x1
cache_v_l12 (view),kernel_set_rows_f16_i64,0.002800,8192x1x1,512x1x1,512x4096x1x1
__fattn__-12,flash_attn_f32_f16,1.332900,32x28x0,32x1x0,128x28x16x1
ffn_inp-12,kernel_add,0.024700,1024x1x1,64x1x1,3584x16x1x1
ffn_norm-12,kernel_rms_norm_mul,0.009200,16384x1x1,1024x1x1,3584x16x1x1
l_out-12,kernel_add,0.024000,1024x1x1,64x1x1,3584x16x1x1
attn_norm-13,kernel_rms_norm_mul,0.009100,16384x1x1,1024x1x1,3584x16x1x1
Qcur-13,kernel_add_row,0.013000,14336x0x0,64x0x0,3584x16x1x1
Qcur-13,kernel_rope_neox_f32,0.005400,1792x16x1,64x1x1,128x28x16x1
Kcur-13,kernel_add_row,0.005900,2048x0x0,64x0x0,512x16x1x1
Kcur-13,kernel_rope_neox_f32,0.002800,256x16x1,64x1x1,128x4x16x1
Vcur-13,kernel_add_row,0.005800,2048x0x0,64x0x0,512x16x1x1
cache_k_l13 (view),kernel_set_rows_f16_i64,0.003300,8192x1x1,512x1x1,512x4096x1x1
cache_v_l13 (view),kernel_set_rows_f16_i64,0.002800,8192x1x1,512x1x1,512x4096x1x1
__fattn__-13,flash_attn_f32_f16,1.349500,32x28x0,32x1x0,128x28x16x1
ffn_inp-13,kernel_add,0.024900,1024x1x1,64x1x1,3584x16x1x1
ffn_norm-13,kernel_rms_norm_mul,0.009200,16384x1x1,1024x1x1,3584x16x1x1
l_out-13,kernel_add,0.022700,1024x1x1,64x1x1,3584x16x1x1
attn_norm-14,kernel_rms_norm_mul,0.009300,16384x1x1,1024x1x1,3584x16x1x1
Qcur-14,kernel_add_row,0.007200,14336x0x0,64x0x0,3584x16x1x1
Qcur-14,kernel_rope_neox_f32,0.005400,1792x16x1,64x1x1,128x28x16x1
Kcur-14,kernel_add_row,0.005700,2048x0x0,64x0x0,512x16x1x1
Kcur-14,kernel_rope_neox_f32,0.002700,256x16x1,64x1x1,128x4x16x1
node_488,kernel_mul_mv_q6_K_f32,0.955100,512x1024x1,2x64x1,512x16x1x1
Vcur-14,kernel_add_row,0.002200,2048x0x0,64x0x0,512x16x1x1
cache_k_l14 (view),kernel_set_rows_f16_i64,0.003300,8192x1x1,512x1x1,512x4096x1x1
cache_v_l14 (view),kernel_set_rows_f16_i64,0.002800,8192x1x1,512x1x1,512x4096x1x1
__fattn__-14,flash_attn_f32_f16,1.344700,32x28x0,32x1x0,128x28x16x1
ffn_inp-14,kernel_add,0.024700,1024x1x1,64x1x1,3584x16x1x1
ffn_norm-14,kernel_rms_norm_mul,0.009100,16384x1x1,1024x1x1,3584x16x1x1
ffn_swiglu-14,kernel_swiglu,0.047400,8192x1x1,512x1x1,18944x16x1x1
ffn_out-14,kernel_mul_mv_q6_K_f32,39.640999,3584x1024x1,2x64x1,3584x16x1x1
l_out-14,kernel_add,0.022900,1024x1x1,64x1x1,3584x16x1x1
attn_norm-15,kernel_rms_norm_mul,0.009200,16384x1x1,1024x1x1,3584x16x1x1
Qcur-15,kernel_add_row,0.010500,14336x0x0,64x0x0,3584x16x1x1
Qcur-15,kernel_rope_neox_f32,0.005500,1792x16x1,64x1x1,128x28x16x1
Kcur-15,kernel_add_row,0.005600,2048x0x0,64x0x0,512x16x1x1
Kcur-15,kernel_rope_neox_f32,0.002700,256x16x1,64x1x1,128x4x16x1
Vcur-15,kernel_add_row,0.005600,2048x0x0,64x0x0,512x16x1x1
cache_k_l15 (view),kernel_set_rows_f16_i64,0.003300,8192x1x1,512x1x1,512x4096x1x1
cache_v_l15 (view),kernel_set_rows_f16_i64,0.002700,8192x1x1,512x1x1,512x4096x1x1
__fattn__-15,flash_attn_f32_f16,1.351500,32x28x0,32x1x0,128x28x16x1
ffn_inp-15,kernel_add,0.024200,1024x1x1,64x1x1,3584x16x1x1
ffn_norm-15,kernel_rms_norm_mul,0.009300,16384x1x1,1024x1x1,3584x16x1x1
l_out-15,kernel_add,0.023600,1024x1x1,64x1x1,3584x16x1x1
attn_norm-16,kernel_rms_norm_mul,0.009200,16384x1x1,1024x1x1,3584x16x1x1
Qcur-16,kernel_add_row,0.013000,14336x0x0,64x0x0,3584x16x1x1
Qcur-16,kernel_rope_neox_f32,0.005500,1792x16x1,64x1x1,128x28x16x1
Kcur-16,kernel_add_row,0.005600,2048x0x0,64x0x0,512x16x1x1
Kcur-16,kernel_rope_neox_f32,0.002700,256x16x1,64x1x1,128x4x16x1
Vcur-16,kernel_add_row,0.005600,2048x0x0,64x0x0,512x16x1x1
cache_k_l16 (view),kernel_set_rows_f16_i64,0.003500,8192x1x1,512x1x1,512x4096x1x1
cache_v_l16 (view),kernel_set_rows_f16_i64,0.002800,8192x1x1,512x1x1,512x4096x1x1
__fattn__-16,flash_attn_f32_f16,1.353500,32x28x0,32x1x0,128x28x16x1
ffn_inp-16,kernel_add,0.024700,1024x1x1,64x1x1,3584x16x1x1
ffn_norm-16,kernel_rms_norm_mul,0.009200,16384x1x1,1024x1x1,3584x16x1x1
l_out-16,kernel_add,0.022900,1024x1x1,64x1x1,3584x16x1x1
attn_norm-17,kernel_rms_norm_mul,0.009200,16384x1x1,1024x1x1,3584x16x1x1
Qcur-17,kernel_add_row,0.007400,14336x0x0,64x0x0,3584x16x1x1
Qcur-17,kernel_rope_neox_f32,0.005500,1792x16x1,64x1x1,128x28x16x1
Kcur-17,kernel_add_row,0.005700,2048x0x0,64x0x0,512x16x1x1
Kcur-17,kernel_rope_neox_f32,0.002700,256x16x1,64x1x1,128x4x16x1
node_590,kernel_mul_mv_q6_K_f32,0.954200,512x1024x1,2x64x1,512x16x1x1
Vcur-17,kernel_add_row,0.002200,2048x0x0,64x0x0,512x16x1x1
cache_k_l17 (view),kernel_set_rows_f16_i64,0.003100,8192x1x1,512x1x1,512x4096x1x1
cache_v_l17 (view),kernel_set_rows_f16_i64,0.002800,8192x1x1,512x1x1,512x4096x1x1
__fattn__-17,flash_attn_f32_f16,1.365700,32x28x0,32x1x0,128x28x16x1
ffn_inp-17,kernel_add,0.024500,1024x1x1,64x1x1,3584x16x1x1
ffn_norm-17,kernel_rms_norm_mul,0.009100,16384x1x1,1024x1x1,3584x16x1x1
ffn_swiglu-17,kernel_swiglu,0.047800,8192x1x1,512x1x1,18944x16x1x1
ffn_out-17,kernel_mul_mv_q6_K_f32,39.604900,3584x1024x1,2x64x1,3584x16x1x1
l_out-17,kernel_add,0.023100,1024x1x1,64x1x1,3584x16x1x1
attn_norm-18,kernel_rms_norm_mul,0.009200,16384x1x1,1024x1x1,3584x16x1x1
Qcur-18,kernel_add_row,0.011300,14336x0x0,64x0x0,3584x16x1x1
Qcur-18,kernel_rope_neox_f32,0.005400,1792x16x1,64x1x1,128x28x16x1
Kcur-18,kernel_add_row,0.005600,2048x0x0,64x0x0,512x16x1x1
Kcur-18,kernel_rope_neox_f32,0.002700,256x16x1,64x1x1,128x4x16x1
Vcur-18,kernel_add_row,0.005700,2048x0x0,64x0x0,512x16x1x1
cache_k_l18 (view),kernel_set_rows_f16_i64,0.003400,8192x1x1,512x1x1,512x4096x1x1
cache_v_l18 (view),kernel_set_rows_f16_i64,0.002800,8192x1x1,512x1x1,512x4096x1x1
__fattn__-18,flash_attn_f32_f16,1.350200,32x28x0,32x1x0,128x28x16x1
ffn_inp-18,kernel_add,0.024500,1024x1x1,64x1x1,3584x16x1x1
ffn_norm-18,kernel_rms_norm_mul,0.009100,16384x1x1,1024x1x1,3584x16x1x1
l_out-18,kernel_add,0.024300,1024x1x1,64x1x1,3584x16x1x1
attn_norm-19,kernel_rms_norm_mul,0.009100,16384x1x1,1024x1x1,3584x16x1x1
Qcur-19,kernel_add_row,0.013300,14336x0x0,64x0x0,3584x16x1x1
Qcur-19,kernel_rope_neox_f32,0.005400,1792x16x1,64x1x1,128x28x16x1
Kcur-19,kernel_add_row,0.005800,2048x0x0,64x0x0,512x16x1x1
Kcur-19,kernel_rope_neox_f32,0.002600,256x16x1,64x1x1,128x4x16x1
Vcur-19,kernel_add_row,0.005600,2048x0x0,64x0x0,512x16x1x1
cache_k_l19 (view),kernel_set_rows_f16_i64,0.003200,8192x1x1,512x1x1,512x4096x1x1
cache_v_l19 (view),kernel_set_rows_f16_i64,0.002900,8192x1x1,512x1x1,512x4096x1x1
__fattn__-19,flash_attn_f32_f16,1.356900,32x28x0,32x1x0,128x28x16x1
ffn_inp-19,kernel_add,0.024600,1024x1x1,64x1x1,3584x16x1x1
ffn_norm-19,kernel_rms_norm_mul,0.009100,16384x1x1,1024x1x1,3584x16x1x1
l_out-19,kernel_add,0.023300,1024x1x1,64x1x1,3584x16x1x1
attn_norm-20,kernel_rms_norm_mul,0.009100,16384x1x1,1024x1x1,3584x16x1x1
Qcur-20,kernel_add_row,0.007300,14336x0x0,64x0x0,3584x16x1x1
Qcur-20,kernel_rope_neox_f32,0.005300,1792x16x1,64x1x1,128x28x16x1
Kcur-20,kernel_add_row,0.005800,2048x0x0,64x0x0,512x16x1x1
Kcur-20,kernel_rope_neox_f32,0.002800,256x16x1,64x1x1,128x4x16x1
node_692,kernel_mul_mv_q6_K_f32,0.953200,512x1024x1,2x64x1,512x16x1x1
Vcur-20,kernel_add_row,0.002500,2048x0x0,64x0x0,512x16x1x1
cache_k_l20 (view),kernel_set_rows_f16_i64,0.003400,8192x1x1,512x1x1,512x4096x1x1
cache_v_l20 (view),kernel_set_rows_f16_i64,0.002900,8192x1x1,512x1x1,512x4096x1x1
__fattn__-20,flash_attn_f32_f16,1.371200,32x28x0,32x1x0,128x28x16x1
ffn_inp-20,kernel_add,0.024300,1024x1x1,64x1x1,3584x16x1x1
ffn_norm-20,kernel_rms_norm_mul,0.009200,16384x1x1,1024x1x1,3584x16x1x1
ffn_swiglu-20,kernel_swiglu,0.047800,8192x1x1,512x1x1,18944x16x1x1
ffn_out-20,kernel_mul_mv_q6_K_f32,39.588600,3584x1024x1,2x64x1,3584x16x1x1
l_out-20,kernel_add,0.022900,1024x1x1,64x1x1,3584x16x1x1
attn_norm-21,kernel_rms_norm_mul,0.009200,16384x1x1,1024x1x1,3584x16x1x1
Qcur-21,kernel_add_row,0.010400,14336x0x0,64x0x0,3584x16x1x1
Qcur-21,kernel_rope_neox_f32,0.005600,1792x16x1,64x1x1,128x28x16x1
Kcur-21,kernel_add_row,0.005600,2048x0x0,64x0x0,512x16x1x1
Kcur-21,kernel_rope_neox_f32,0.002600,256x16x1,64x1x1,128x4x16x1
Vcur-21,kernel_add_row,0.005700,2048x0x0,64x0x0,512x16x1x1
cache_k_l21 (view),kernel_set_rows_f16_i64,0.003300,8192x1x1,512x1x1,512x4096x1x1
cache_v_l21 (view),kernel_set_rows_f16_i64,0.002800,8192x1x1,512x1x1,512x4096x1x1
__fattn__-21,flash_attn_f32_f16,1.348400,32x28x0,32x1x0,128x28x16x1
ffn_inp-21,kernel_add,0.024000,1024x1x1,64x1x1,3584x16x1x1
ffn_norm-21,kernel_rms_norm_mul,0.009200,16384x1x1,1024x1x1,3584x16x1x1
l_out-21,kernel_add,0.024000,1024x1x1,64x1x1,3584x16x1x1
attn_norm-22,kernel_rms_norm_mul,0.009100,16384x1x1,1024x1x1,3584x16x1x1
Qcur-22,kernel_add_row,0.013200,14336x0x0,64x0x0,3584x16x1x1
Qcur-22,kernel_rope_neox_f32,0.005400,1792x16x1,64x1x1,128x28x16x1
Kcur-22,kernel_add_row,0.005700,2048x0x0,64x0x0,512x16x1x1
Kcur-22,kernel_rope_neox_f32,0.002600,256x16x1,64x1x1,128x4x16x1
Vcur-22,kernel_add_row,0.005700,2048x0x0,64x0x0,512x16x1x1
cache_k_l22 (view),kernel_set_rows_f16_i64,0.003100,8192x1x1,512x1x1,512x4096x1x1
cache_v_l22 (view),kernel_set_rows_f16_i64,0.002700,8192x1x1,512x1x1,512x4096x1x1
__fattn__-22,flash_attn_f32_f16,1.352700,32x28x0,32x1x0,128x28x16x1
ffn_inp-22,kernel_add,0.024500,1024x1x1,64x1x1,3584x16x1x1
ffn_norm-22,kernel_rms_norm_mul,0.009200,16384x1x1,1024x1x1,3584x16x1x1
l_out-22,kernel_add,0.023200,1024x1x1,64x1x1,3584x16x1x1
attn_norm-23,kernel_rms_norm_mul,0.009200,16384x1x1,1024x1x1,3584x16x1x1
Qcur-23,kernel_add_row,0.007100,14336x0x0,64x0x0,3584x16x1x1
Qcur-23,kernel_rope_neox_f32,0.005400,1792x16x1,64x1x1,128x28x16x1
Kcur-23,kernel_add_row,0.006000,2048x0x0,64x0x0,512x16x1x1
Kcur-23,kernel_rope_neox_f32,0.002800,256x16x1,64x1x1,128x4x16x1
node_794,kernel_mul_mv_q6_K_f32,0.954400,512x1024x1,2x64x1,512x16x1x1
Vcur-23,kernel_add_row,0.002600,2048x0x0,64x0x0,512x16x1x1
cache_k_l23 (view),kernel_set_rows_f16_i64,0.003300,8192x1x1,512x1x1,512x4096x1x1
cache_v_l23 (view),kernel_set_rows_f16_i64,0.002700,8192x1x1,512x1x1,512x4096x1x1
__fattn__-23,flash_attn_f32_f16,1.351200,32x28x0,32x1x0,128x28x16x1
ffn_inp-23,kernel_add,0.025000,1024x1x1,64x1x1,3584x16x1x1
ffn_norm-23,kernel_rms_norm_mul,0.009200,16384x1x1,1024x1x1,3584x16x1x1
ffn_swiglu-23,kernel_swiglu,0.046900,8192x1x1,512x1x1,18944x16x1x1
ffn_out-23,kernel_mul_mv_q6_K_f32,39.605900,3584x1024x1,2x64x1,3584x16x1x1
l_out-23,kernel_add,0.023800,1024x1x1,64x1x1,3584x16x1x1
attn_norm-24,kernel_rms_norm_mul,0.009100,16384x1x1,1024x1x1,3584x16x1x1
Qcur-24,kernel_add_row,0.007800,14336x0x0,64x0x0,3584x16x1x1
Qcur-24,kernel_rope_neox_f32,0.005500,1792x16x1,64x1x1,128x28x16x1
Kcur-24,kernel_add_row,0.005600,2048x0x0,64x0x0,512x16x1x1
Kcur-24,kernel_rope_neox_f32,0.002800,256x16x1,64x1x1,128x4x16x1
node_828,kernel_mul_mv_q6_K_f32,0.956100,512x1024x1,2x64x1,512x16x1x1
Vcur-24,kernel_add_row,0.002600,2048x0x0,64x0x0,512x16x1x1
cache_k_l24 (view),kernel_set_rows_f16_i64,0.003300,8192x1x1,512x1x1,512x4096x1x1
cache_v_l24 (view),kernel_set_rows_f16_i64,0.002800,8192x1x1,512x1x1,512x4096x1x1
__fattn__-24,flash_attn_f32_f16,1.373600,32x28x0,32x1x0,128x28x16x1
ffn_inp-24,kernel_add,0.023600,1024x1x1,64x1x1,3584x16x1x1
ffn_norm-24,kernel_rms_norm_mul,0.009200,16384x1x1,1024x1x1,3584x16x1x1
ffn_swiglu-24,kernel_swiglu,0.047000,8192x1x1,512x1x1,18944x16x1x1
ffn_out-24,kernel_mul_mv_q6_K_f32,39.610600,3584x1024x1,2x64x1,3584x16x1x1
l_out-24,kernel_add,0.023700,1024x1x1,64x1x1,3584x16x1x1
attn_norm-25,kernel_rms_norm_mul,0.009200,16384x1x1,1024x1x1,3584x16x1x1
Qcur-25,kernel_add_row,0.007900,14336x0x0,64x0x0,3584x16x1x1
Qcur-25,kernel_rope_neox_f32,0.005400,1792x16x1,64x1x1,128x28x16x1
Kcur-25,kernel_add_row,0.005700,2048x0x0,64x0x0,512x16x1x1
Kcur-25,kernel_rope_neox_f32,0.002900,256x16x1,64x1x1,128x4x16x1
node_862,kernel_mul_mv_q6_K_f32,0.955500,512x1024x1,2x64x1,512x16x1x1
Vcur-25,kernel_add_row,0.002700,2048x0x0,64x0x0,512x16x1x1
cache_k_l25 (view),kernel_set_rows_f16_i64,0.003200,8192x1x1,512x1x1,512x4096x1x1
cache_v_l25 (view),kernel_set_rows_f16_i64,0.002800,8192x1x1,512x1x1,512x4096x1x1
__fattn__-25,flash_attn_f32_f16,1.364200,32x28x0,32x1x0,128x28x16x1
ffn_inp-25,kernel_add,0.024000,1024x1x1,64x1x1,3584x16x1x1
ffn_norm-25,kernel_rms_norm_mul,0.009100,16384x1x1,1024x1x1,3584x16x1x1
ffn_swiglu-25,kernel_swiglu,0.047700,8192x1x1,512x1x1,18944x16x1x1
ffn_out-25,kernel_mul_mv_q6_K_f32,39.603802,3584x1024x1,2x64x1,3584x16x1x1
l_out-25,kernel_add,0.024000,1024x1x1,64x1x1,3584x16x1x1
attn_norm-26,kernel_rms_norm_mul,0.009300,16384x1x1,1024x1x1,3584x16x1x1
Qcur-26,kernel_add_row,0.008400,14336x0x0,64x0x0,3584x16x1x1
Qcur-26,kernel_rope_neox_f32,0.005400,1792x16x1,64x1x1,128x28x16x1
Kcur-26,kernel_add_row,0.005700,2048x0x0,64x0x0,512x16x1x1
Kcur-26,kernel_rope_neox_f32,0.002700,256x16x1,64x1x1,128x4x16x1
node_896,kernel_mul_mv_q6_K_f32,0.953700,512x1024x1,2x64x1,512x16x1x1
Vcur-26,kernel_add_row,0.002600,2048x0x0,64x0x0,512x16x1x1
cache_k_l26 (view),kernel_set_rows_f16_i64,0.003300,8192x1x1,512x1x1,512x4096x1x1
cache_v_l26 (view),kernel_set_rows_f16_i64,0.002800,8192x1x1,512x1x1,512x4096x1x1
__fattn__-26,flash_attn_f32_f16,1.343900,32x28x0,32x1x0,128x28x16x1
ffn_inp-26,kernel_add,0.023700,1024x1x1,64x1x1,3584x16x1x1
ffn_norm-26,kernel_rms_norm_mul,0.009200,16384x1x1,1024x1x1,3584x16x1x1
ffn_swiglu-26,kernel_swiglu,0.047300,8192x1x1,512x1x1,18944x16x1x1
ffn_out-26,kernel_mul_mv_q6_K_f32,39.538601,3584x1024x1,2x64x1,3584x16x1x1
l_out-26,kernel_add,0.023000,1024x1x1,64x1x1,3584x16x1x1
attn_norm-27,kernel_rms_norm_mul,0.009300,16384x1x1,1024x1x1,3584x16x1x1
Qcur-27,kernel_add_row,0.007600,14336x0x0,64x0x0,3584x16x1x1
Qcur-27,kernel_rope_neox_f32,0.005500,1792x16x1,64x1x1,128x28x16x1
Kcur-27,kernel_add_row,0.005700,2048x0x0,64x0x0,512x16x1x1
Kcur-27,kernel_rope_neox_f32,0.002700,256x16x1,64x1x1,128x4x16x1
node_930,kernel_mul_mv_q6_K_f32,0.954700,512x1024x1,2x64x1,512x16x1x1
Vcur-27,kernel_add_row,0.002500,2048x0x0,64x0x0,512x16x1x1
cache_k_l27 (view),kernel_set_rows_f16_i64,0.003200,8192x1x1,512x1x1,512x4096x1x1
cache_v_l27 (view),kernel_set_rows_f16_i64,0.002900,8192x1x1,512x1x1,512x4096x1x1
__fattn__-27,flash_attn_f32_f16,1.351000,32x28x0,32x1x0,128x28x16x1
attn_norm-0,kernel_rms_norm_mul,0.012600,16384x1x1,1024x1x1,3584x16x1x1
Qcur-0,kernel_add_row,0.008300,14336x0x0,64x0x0,3584x16x1x1
Qcur-0,kernel_rope_neox_f32,0.005500,1792x16x1,64x1x1,128x28x16x1
Kcur-0,kernel_add_row,0.005600,2048x0x0,64x0x0,512x16x1x1
Kcur-0,kernel_rope_neox_f32,0.002800,256x16x1,64x1x1,128x4x16x1
node_11,kernel_mul_mv_q6_K_f32,0.957000,512x1024x1,2x64x1,512x16x1x1
Vcur-0,kernel_add_row,0.002500,2048x0x0,64x0x0,512x16x1x1
cache_k_l0 (view),kernel_set_rows_f16_i64,0.003400,8192x1x1,512x1x1,512x4096x1x1
cache_v_l0 (view),kernel_set_rows_f16_i64,0.002800,8192x1x1,512x1x1,512x4096x1x1
 (copy),kernel_cpy_f32_f16,0.003600,4096x1x1,64x1x1,256x64x1x1
__fattn__-0,flash_attn_f32_f16,1.369200,32x28x0,32x1x0,128x28x16x1
ffn_inp-0,kernel_add,0.025400,1024x1x1,64x1x1,3584x16x1x1
ffn_norm-0,kernel_rms_norm_mul,0.009300,16384x1x1,1024x1x1,3584x16x1x1
ffn_swiglu-0,kernel_swiglu,0.046400,8192x1x1,512x1x1,18944x16x1x1
ffn_out-0,kernel_mul_mv_q6_K_f32,39.606400,3584x1024x1,2x64x1,3584x16x1x1
l_out-0,kernel_add,0.023400,1024x1x1,64x1x1,3584x16x1x1
attn_norm-1,kernel_rms_norm_mul,0.009100,16384x1x1,1024x1x1,3584x16x1x1
Qcur-1,kernel_add_row,0.007800,14336x0x0,64x0x0,3584x16x1x1
Qcur-1,kernel_rope_neox_f32,0.005400,1792x16x1,64x1x1,128x28x16x1
Kcur-1,kernel_add_row,0.005700,2048x0x0,64x0x0,512x16x1x1
Kcur-1,kernel_rope_neox_f32,0.002700,256x16x1,64x1x1,128x4x16x1
node_46,kernel_mul_mv_q6_K_f32,0.956900,512x1024x1,2x64x1,512x16x1x1
Vcur-1,kernel_add_row,0.002500,2048x0x0,64x0x0,512x16x1x1
cache_k_l1 (view),kernel_set_rows_f16_i64,0.003300,8192x1x1,512x1x1,512x4096x1x1
cache_v_l1 (view),kernel_set_rows_f16_i64,0.002900,8192x1x1,512x1x1,512x4096x1x1
__fattn__-1,flash_attn_f32_f16,1.358000,32x28x0,32x1x0,128x28x16x1
ffn_inp-1,kernel_add,0.024000,1024x1x1,64x1x1,3584x16x1x1
ffn_norm-1,kernel_rms_norm_mul,0.009100,16384x1x1,1024x1x1,3584x16x1x1
ffn_swiglu-1,kernel_swiglu,0.046400,8192x1x1,512x1x1,18944x16x1x1
ffn_out-1,kernel_mul_mv_q6_K_f32,39.575699,3584x1024x1,2x64x1,3584x16x1x1
l_out-1,kernel_add,0.023100,1024x1x1,64x1x1,3584x16x1x1
attn_norm-2,kernel_rms_norm_mul,0.009200,16384x1x1,1024x1x1,3584x16x1x1
Qcur-2,kernel_add_row,0.007900,14336x0x0,64x0x0,3584x16x1x1
Qcur-2,kernel_rope_neox_f32,0.005600,1792x16x1,64x1x1,128x28x16x1
Kcur-2,kernel_add_row,0.005700,2048x0x0,64x0x0,512x16x1x1
Kcur-2,kernel_rope_neox_f32,0.002700,256x16x1,64x1x1,128x4x16x1
node_80,kernel_mul_mv_q6_K_f32,0.961500,512x1024x1,2x64x1,512x16x1x1
Vcur-2,kernel_add_row,0.002500,2048x0x0,64x0x0,512x16x1x1
cache_k_l2 (view),kernel_set_rows_f16_i64,0.003300,8192x1x1,512x1x1,512x4096x1x1
cache_v_l2 (view),kernel_set_rows_f16_i64,0.002800,8192x1x1,512x1x1,512x4096x1x1
__fattn__-2,flash_attn_f32_f16,1.376800,32x28x0,32x1x0,128x28x16x1
ffn_inp-2,kernel_add,0.023500,1024x1x1,64x1x1,3584x16x1x1
ffn_norm-2,kernel_rms_norm_mul,0.009100,16384x1x1,1024x1x1,3584x16x1x1
ffn_swiglu-2,kernel_swiglu,0.046700,8192x1x1,512x1x1,18944x16x1x1
ffn_out-2,kernel_mul_mv_q6_K_f32,40.470200,3584x1024x1,2x64x1,3584x16x1x1
l_out-2,kernel_add,0.023200,1024x1x1,64x1x1,3584x16x1x1
attn_norm-3,kernel_rms_norm_mul,0.009200,16384x1x1,1024x1x1,3584x16x1x1
Qcur-3,kernel_add_row,0.012300,14336x0x0,64x0x0,3584x16x1x1
Qcur-3,kernel_rope_neox_f32,0.005600,1792x16x1,64x1x1,128x28x16x1
Kcur-3,kernel_add_row,0.005600,2048x0x0,64x0x0,512x16x1x1
Kcur-3,kernel_rope_neox_f32,0.002700,256x16x1,64x1x1,128x4x16x1
Vcur-3,kernel_add_row,0.005800,2048x0x0,64x0x0,512x16x1x1
cache_k_l3 (view),kernel_set_rows_f16_i64,0.003300,8192x1x1,512x1x1,512x4096x1x1
cache_v_l3 (view),kernel_set_rows_f16_i64,0.002800,8192x1x1,512x1x1,512x4096x1x1
__fattn__-3,flash_attn_f32_f16,1.329100,32x28x0,32x1x0,128x28x16x1
ffn_inp-3,kernel_add,0.023800,1024x1x1,64x1x1,3584x16x1x1
ffn_norm-3,kernel_rms_norm_mul,0.009200,16384x1x1,1024x1x1,3584x16x1x1
l_out-3,kernel_add,0.024900,1024x1x1,64x1x1,3584x16x1x1
attn_norm-4,kernel_rms_norm_mul,0.009200,16384x1x1,1024x1x1,3584x16x1x1
Qcur-4,kernel_add_row,0.013300,14336x0x0,64x0x0,3584x16x1x1
Qcur-4,kernel_rope_neox_f32,0.005500,1792x16x1,64x1x1,128x28x16x1
Kcur-4,kernel_add_row,0.005600,2048x0x0,64x0x0,512x16x1x1
Kcur-4,kernel_rope_neox_f32,0.002800,256x16x1,64x1x1,128x4x16x1
Vcur-4,kernel_add_row,0.005600,2048x0x0,64x0x0,512x16x1x1
cache_k_l4 (view),kernel_set_rows_f16_i64,0.003300,8192x1x1,512x1x1,512x4096x1x1
cache_v_l4 (view),kernel_set_rows_f16_i64,0.002800,8192x1x1,512x1x1,512x4096x1x1
__fattn__-4,flash_attn_f32_f16,1.354100,32x28x0,32x1x0,128x28x16x1
ffn_inp-4,kernel_add,0.024400,1024x1x1,64x1x1,3584x16x1x1
ffn_norm-4,kernel_rms_norm_mul,0.009200,16384x1x1,1024x1x1,3584x16x1x1
l_out-4,kernel_add,0.023000,1024x1x1,64x1x1,3584x16x1x1
attn_norm-5,kernel_rms_norm_mul,0.009200,16384x1x1,1024x1x1,3584x16x1x1
Qcur-5,kernel_add_row,0.007400,14336x0x0,64x0x0,3584x16x1x1
Qcur-5,kernel_rope_neox_f32,0.005500,1792x16x1,64x1x1,128x28x16x1
Kcur-5,kernel_add_row,0.005800,2048x0x0,64x0x0,512x16x1x1
Kcur-5,kernel_rope_neox_f32,0.002800,256x16x1,64x1x1,128x4x16x1
node_182,kernel_mul_mv_q6_K_f32,0.955900,512x1024x1,2x64x1,512x16x1x1
Vcur-5,kernel_add_row,0.002200,2048x0x0,64x0x0,512x16x1x1
cache_k_l5 (view),kernel_set_rows_f16_i64,0.003300,8192x1x1,512x1x1,512x4096x1x1
cache_v_l5 (view),kernel_set_rows_f16_i64,0.002900,8192x1x1,512x1x1,512x4096x1x1
__fattn__-5,flash_attn_f32_f16,1.347900,32x28x0,32x1x0,128x28x16x1
ffn_inp-5,kernel_add,0.025000,1024x1x1,64x1x1,3584x16x1x1
ffn_norm-5,kernel_rms_norm_mul,0.009100,16384x1x1,1024x1x1,3584x16x1x1
ffn_swiglu-5,kernel_swiglu,0.047100,8192x1x1,512x1x1,18944x16x1x1
ffn_out-5,kernel_mul_mv_q6_K_f32,40.572701,3584x1024x1,2x64x1,3584x16x1x1
l_out-5,kernel_add,0.023300,1024x1x1,64x1x1,3584x16x1x1
attn_norm-6,kernel_rms_norm_mul,0.009300,16384x1x1,1024x1x1,3584x16x1x1
Qcur-6,kernel_add_row,0.012000,14336x0x0,64x0x0,3584x16x1x1
Qcur-6,kernel_rope_neox_f32,0.005400,1792x16x1,64x1x1,128x28x16x1
Kcur-6,kernel_add_row,0.005600,2048x0x0,64x0x0,512x16x1x1
Kcur-6,kernel_rope_neox_f32,0.002700,256x16x1,64x1x1,128x4x16x1
Vcur-6,kernel_add_row,0.005600,2048x0x0,64x0x0,512x16x1x1
cache_k_l6 (view),kernel_set_rows_f16_i64,0.003600,8192x1x1,512x1x1,512x4096x1x1
cache_v_l6 (view),kernel_set_rows_f16_i64,0.002900,8192x1x1,512x1x1,512x4096x1x1
__fattn__-6,flash_attn_f32_f16,1.357800,32x28x0,32x1x0,128x28x16x1
ffn_inp-6,kernel_add,0.024100,1024x1x1,64x1x1,3584x16x1x1
ffn_norm-6,kernel_rms_norm_mul,0.009100,16384x1x1,1024x1x1,3584x16x1x1
l_out-6,kernel_add,0.024800,1024x1x1,64x1x1,3584x16x1x1
attn_norm-7,kernel_rms_norm_mul,0.009200,16384x1x1,1024x1x1,3584x16x1x1
Qcur-7,kernel_add_row,0.013200,14336x0x0,64x0x0,3584x16x1x1
Qcur-7,kernel_rope_neox_f32,0.005500,1792x16x1,64x1x1,128x28x16x1
Kcur-7,kernel_add_row,0.005700,2048x0x0,64x0x0,512x16x1x1
Kcur-7,kernel_rope_neox_f32,0.002700,256x16x1,64x1x1,128x4x16x1
Vcur-7,kernel_add_row,0.005900,2048x0x0,64x0x0,512x16x1x1
cache_k_l7 (view),kernel_set_rows_f16_i64,0.003200,8192x1x1,512x1x1,512x4096x1x1
cache_v_l7 (view),kernel_set_rows_f16_i64,0.002800,8192x1x1,512x1x1,512x4096x1x1
__fattn__-7,flash_attn_f32_f16,1.359500,32x28x0,32x1x0,128x28x16x1
ffn_inp-7,kernel_add,0.025000,1024x1x1,64x1x1,3584x16x1x1
ffn_norm-7,kernel_rms_norm_mul,0.009400,16384x1x1,1024x1x1,3584x16x1x1
l_out-7,kernel_add,0.023500,1024x1x1,64x1x1,3584x16x1x1
attn_norm-8,kernel_rms_norm_mul,0.009100,16384x1x1,1024x1x1,3584x16x1x1
Qcur-8,kernel_add_row,0.007100,14336x0x0,64x0x0,3584x16x1x1
Qcur-8,kernel_rope_neox_f32,0.005500,1792x16x1,64x1x1,128x28x16x1
Kcur-8,kernel_add_row,0.005700,2048x0x0,64x0x0,512x16x1x1
Kcur-8,kernel_rope_neox_f32,0.002900,256x16x1,64x1x1,128x4x16x1
node_284,kernel_mul_mv_q6_K_f32,0.956800,512x1024x1,2x64x1,512x16x1x1
Vcur-8,kernel_add_row,0.002700,2048x0x0,64x0x0,512x16x1x1
cache_k_l8 (view),kernel_set_rows_f16_i64,0.003300,8192x1x1,512x1x1,512x4096x1x1
cache_v_l8 (view),kernel_set_rows_f16_i64,0.002900,8192x1x1,512x1x1,512x4096x1x1
__fattn__-8,flash_attn_f32_f16,1.334400,32x28x0,32x1x0,128x28x16x1
ffn_inp-8,kernel_add,0.025600,1024x1x1,64x1x1,3584x16x1x1
ffn_norm-8,kernel_rms_norm_mul,0.009100,16384x1x1,1024x1x1,3584x16x1x1
ffn_swiglu-8,kernel_swiglu,0.047500,8192x1x1,512x1x1,18944x16x1x1
ffn_out-8,kernel_mul_mv_q6_K_f32,40.260101,3584x1024x1,2x64x1,3584x16x1x1
l_out-8,kernel_add,0.023700,1024x1x1,64x1x1,3584x16x1x1
attn_norm-9,kernel_rms_norm_mul,0.009200,16384x1x1,1024x1x1,3584x16x1x1
Qcur-9,kernel_add_row,0.012200,14336x0x0,64x0x0,3584x16x1x1
Qcur-9,kernel_rope_neox_f32,0.005500,1792x16x1,64x1x1,128x28x16x1
Kcur-9,kernel_add_row,0.005700,2048x0x0,64x0x0,512x16x1x1
Kcur-9,kernel_rope_neox_f32,0.002900,256x16x1,64x1x1,128x4x16x1
Vcur-9,kernel_add_row,0.005900,2048x0x0,64x0x0,512x16x1x1
cache_k_l9 (view),kernel_set_rows_f16_i64,0.003400,8192x1x1,512x1x1,512x4096x1x1
cache_v_l9 (view),kernel_set_rows_f16_i64,0.002800,8192x1x1,512x1x1,512x4096x1x1
__fattn__-9,flash_attn_f32_f16,1.342300,32x28x0,32x1x0,128x28x16x1
ffn_inp-9,kernel_add,0.024400,1024x1x1,64x1x1,3584x16x1x1
ffn_norm-9,kernel_rms_norm_mul,0.009200,16384x1x1,1024x1x1,3584x16x1x1
l_out-9,kernel_add,0.024400,1024x1x1,64x1x1,3584x16x1x1
attn_norm-10,kernel_rms_norm_mul,0.009100,16384x1x1,1024x1x1,3584x16x1x1
Qcur-10,kernel_add_row,0.013300,14336x0x0,64x0x0,3584x16x1x1
Qcur-10,kernel_rope_neox_f32,0.005500,1792x16x1,64x1x1,128x28x16x1
Kcur-10,kernel_add_row,0.005900,2048x0x0,64x0x0,512x16x1x1
Kcur-10,kernel_rope_neox_f32,0.002700,256x16x1,64x1x1,128x4x16x1
Vcur-10,kernel_add_row,0.005700,2048x0x0,64x0x0,512x16x1x1
cache_k_l10 (view),kernel_set_rows_f16_i64,0.003200,8192x1x1,512x1x1,512x4096x1x1
cache_v_l10 (view),kernel_set_rows_f16_i64,0.002800,8192x1x1,512x1x1,512x4096x1x1
__fattn__-10,flash_attn_f32_f16,1.357400,32x28x0,32x1x0,128x28x16x1
ffn_inp-10,kernel_add,0.024300,1024x1x1,64x1x1,3584x16x1x1
ffn_norm-10,kernel_rms_norm_mul,0.009100,16384x1x1,1024x1x1,3584x16x1x1
l_out-10,kernel_add,0.023200,1024x1x1,64x1x1,3584x16x1x1
attn_norm-11,kernel_rms_norm_mul,0.009200,16384x1x1,1024x1x1,3584x16x1x1
Qcur-11,kernel_add_row,0.007400,14336x0x0,64x0x0,3584x16x1x1
Qcur-11,kernel_rope_neox_f32,0.005600,1792x16x1,64x1x1,128x28x16x1
Kcur-11,kernel_add_row,0.005800,2048x0x0,64x0x0,512x16x1x1
Kcur-11,kernel_rope_neox_f32,0.002700,256x16x1,64x1x1,128x4x16x1
node_386,kernel_mul_mv_q6_K_f32,0.957000,512x1024x1,2x64x1,512x16x1x1
Vcur-11,kernel_add_row,0.002300,2048x0x0,64x0x0,512x16x1x1
cache_k_l11 (view),kernel_set_rows_f16_i64,0.003200,8192x1x1,512x1x1,512x4096x1x1
cache_v_l11 (view),kernel_set_rows_f16_i64,0.002900,8192x1x1,512x1x1,512x4096x1x1
__fattn__-11,flash_attn_f32_f16,1.332800,32x28x0,32x1x0,128x28x16x1
ffn_inp-11,kernel_add,0.025000,1024x1x1,64x1x1,3584x16x1x1
ffn_norm-11,kernel_rms_norm_mul,0.009200,16384x1x1,1024x1x1,3584x16x1x1
ffn_swiglu-11,kernel_swiglu,0.050800,8192x1x1,512x1x1,18944x16x1x1
ffn_out-11,kernel_mul_mv_q6_K_f32,39.588001,3584x1024x1,2x64x1,3584x16x1x1
l_out-11,kernel_add,0.023300,1024x1x1,64x1x1,3584x16x1x1
attn_norm-12,kernel_rms_norm_mul,0.009300,16384x1x1,1024x1x1,3584x16x1x1
Qcur-12,kernel_add_row,0.012900,14336x0x0,64x0x0,3584x16x1x1
Qcur-12,kernel_rope_neox_f32,0.005500,1792x16x1,64x1x1,128x28x16x1
Kcur-12,kernel_add_row,0.005800,2048x0x0,64x0x0,512x16x1x1
Kcur-12,kernel_rope_neox_f32,0.002700,256x16x1,64x1x1,128x4x16x1
Vcur-12,kernel_add_row,0.006000,2048x0x0,64x0x0,512x16x1x1
cache_k_l12 (view),kernel_set_rows_f16_i64,0.003300,8192x1x1,512x1x1,512x4096x1x1
cache_v_l12 (view),kernel_set_rows_f16_i64,0.002900,8192x1x1,512x1x1,512x4096x1x1
__fattn__-12,flash_attn_f32_f16,1.349200,32x28x0,32x1x0,128x28x16x1
ffn_inp-12,kernel_add,0.024600,1024x1x1,64x1x1,3584x16x1x1
ffn_norm-12,kernel_rms_norm_mul,0.009300,16384x1x1,1024x1x1,3584x16x1x1
l_out-12,kernel_add,0.024200,1024x1x1,64x1x1,3584x16x1x1
attn_norm-13,kernel_rms_norm_mul,0.009200,16384x1x1,1024x1x1,3584x16x1x1
Qcur-13,kernel_add_row,0.013000,14336x0x0,64x0x0,3584x16x1x1
Qcur-13,kernel_rope_neox_f32,0.005500,1792x16x1,64x1x1,128x28x16x1
Kcur-13,kernel_add_row,0.005700,2048x0x0,64x0x0,512x16x1x1
Kcur-13,kernel_rope_neox_f32,0.002700,256x16x1,64x1x1,128x4x16x1
Vcur-13,kernel_add_row,0.005600,2048x0x0,64x0x0,512x16x1x1
cache_k_l13 (view),kernel_set_rows_f16_i64,0.003200,8192x1x1,512x1x1,512x4096x1x1
cache_v_l13 (view),kernel_set_rows_f16_i64,0.002800,8192x1x1,512x1x1,512x4096x1x1
__fattn__-13,flash_attn_f32_f16,1.353400,32x28x0,32x1x0,128x28x16x1
ffn_inp-13,kernel_add,0.024700,1024x1x1,64x1x1,3584x16x1x1
ffn_norm-13,kernel_rms_norm_mul,0.009100,16384x1x1,1024x1x1,3584x16x1x1
l_out-13,kernel_add,0.022900,1024x1x1,64x1x1,3584x16x1x1
attn_norm-14,kernel_rms_norm_mul,0.009200,16384x1x1,1024x1x1,3584x16x1x1
Qcur-14,kernel_add_row,0.007800,14336x0x0,64x0x0,3584x16x1x1
Qcur-14,kernel_rope_neox_f32,0.005500,1792x16x1,64x1x1,128x28x16x1
Kcur-14,kernel_add_row,0.005700,2048x0x0,64x0x0,512x16x1x1
Kcur-14,kernel_rope_neox_f32,0.002900,256x16x1,64x1x1,128x4x16x1
node_488,kernel_mul_mv_q6_K_f32,0.955700,512x1024x1,2x64x1,512x16x1x1
Vcur-14,kernel_add_row,0.002200,2048x0x0,64x0x0,512x16x1x1
cache_k_l14 (view),kernel_set_rows_f16_i64,0.003200,8192x1x1,512x1x1,512x4096x1x1
cache_v_l14 (view),kernel_set_rows_f16_i64,0.002900,8192x1x1,512x1x1,512x4096x1x1
__fattn__-14,flash_attn_f32_f16,1.348000,32x28x0,32x1x0,128x28x16x1
ffn_inp-14,kernel_add,0.024900,1024x1x1,64x1x1,3584x16x1x1
ffn_norm-14,kernel_rms_norm_mul,0.009100,16384x1x1,1024x1x1,3584x16x1x1
ffn_swiglu-14,kernel_swiglu,0.047300,8192x1x1,512x1x1,18944x16x1x1
ffn_out-14,kernel_mul_mv_q6_K_f32,39.576698,3584x1024x1,2x64x1,3584x16x1x1
l_out-14,kernel_add,0.023300,1024x1x1,64x1x1,3584x16x1x1
attn_norm-15,kernel_rms_norm_mul,0.009100,16384x1x1,1024x1x1,3584x16x1x1
Qcur-15,kernel_add_row,0.012700,14336x0x0,64x0x0,3584x16x1x1
Qcur-15,kernel_rope_neox_f32,0.005400,1792x16x1,64x1x1,128x28x16x1
Kcur-15,kernel_add_row,0.005900,2048x0x0,64x0x0,512x16x1x1
Kcur-15,kernel_rope_neox_f32,0.002700,256x16x1,64x1x1,128x4x16x1
Vcur-15,kernel_add_row,0.005800,2048x0x0,64x0x0,512x16x1x1
cache_k_l15 (view),kernel_set_rows_f16_i64,0.003300,8192x1x1,512x1x1,512x4096x1x1
cache_v_l15 (view),kernel_set_rows_f16_i64,0.002800,8192x1x1,512x1x1,512x4096x1x1
__fattn__-15,flash_attn_f32_f16,1.374600,32x28x0,32x1x0,128x28x16x1
ffn_inp-15,kernel_add,0.024100,1024x1x1,64x1x1,3584x16x1x1
ffn_norm-15,kernel_rms_norm_mul,0.009100,16384x1x1,1024x1x1,3584x16x1x1
l_out-15,kernel_add,0.024300,1024x1x1,64x1x1,3584x16x1x1
attn_norm-16,kernel_rms_norm_mul,0.009200,16384x1x1,1024x1x1,3584x16x1x1
Qcur-16,kernel_add_row,0.013000,14336x0x0,64x0x0,3584x16x1x1
Qcur-16,kernel_rope_neox_f32,0.005400,1792x16x1,64x1x1,128x28x16x1
Kcur-16,kernel_add_row,0.005700,2048x0x0,64x0x0,512x16x1x1
Kcur-16,kernel_rope_neox_f32,0.002700,256x16x1,64x1x1,128x4x16x1
Vcur-16,kernel_add_row,0.005700,2048x0x0,64x0x0,512x16x1x1
cache_k_l16 (view),kernel_set_rows_f16_i64,0.003200,8192x1x1,512x1x1,512x4096x1x1
cache_v_l16 (view),kernel_set_rows_f16_i64,0.002700,8192x1x1,512x1x1,512x4096x1x1
__fattn__-16,flash_attn_f32_f16,1.342900,32x28x0,32x1x0,128x28x16x1
ffn_inp-16,kernel_add,0.024500,1024x1x1,64x1x1,3584x16x1x1
ffn_norm-16,kernel_rms_norm_mul,0.009100,16384x1x1,1024x1x1,3584x16x1x1
l_out-16,kernel_add,0.023100,1024x1x1,64x1x1,3584x16x1x1
attn_norm-17,kernel_rms_norm_mul,0.009100,16384x1x1,1024x1x1,3584x16x1x1
Qcur-17,kernel_add_row,0.007400,14336x0x0,64x0x0,3584x16x1x1
Qcur-17,kernel_rope_neox_f32,0.005600,1792x16x1,64x1x1,128x28x16x1
Kcur-17,kernel_add_row,0.005800,2048x0x0,64x0x0,512x16x1x1
Kcur-17,kernel_rope_neox_f32,0.002800,256x16x1,64x1x1,128x4x16x1
node_590,kernel_mul_mv_q6_K_f32,0.954500,512x1024x1,2x64x1,512x16x1x1
Vcur-17,kernel_add_row,0.002600,2048x0x0,64x0x0,512x16x1x1
cache_k_l17 (view),kernel_set_rows_f16_i64,0.003500,8192x1x1,512x1x1,512x4096x1x1
cache_v_l17 (view),kernel_set_rows_f16_i64,0.002900,8192x1x1,512x1x1,512x4096x1x1
__fattn__-17,flash_attn_f32_f16,1.341900,32x28x0,32x1x0,128x28x16x1
ffn_inp-17,kernel_add,0.024900,1024x1x1,64x1x1,3584x16x1x1
ffn_norm-17,kernel_rms_norm_mul,0.009100,16384x1x1,1024x1x1,3584x16x1x1
ffn_swiglu-17,kernel_swiglu,0.046700,8192x1x1,512x1x1,18944x16x1x1
ffn_out-17,kernel_mul_mv_q6_K_f32,39.618198,3584x1024x1,2x64x1,3584x16x1x1
l_out-17,kernel_add,0.023600,1024x1x1,64x1x1,3584x16x1x1
attn_norm-18,kernel_rms_norm_mul,0.009200,16384x1x1,1024x1x1,3584x16x1x1
Qcur-18,kernel_add_row,0.010700,14336x0x0,64x0x0,3584x16x1x1
Qcur-18,kernel_rope_neox_f32,0.005400,1792x16x1,64x1x1,128x28x16x1
Kcur-18,kernel_add_row,0.005800,2048x0x0,64x0x0,512x16x1x1
Kcur-18,kernel_rope_neox_f32,0.002700,256x16x1,64x1x1,128x4x16x1
Vcur-18,kernel_add_row,0.005700,2048x0x0,64x0x0,512x16x1x1
cache_k_l18 (view),kernel_set_rows_f16_i64,0.003200,8192x1x1,512x1x1,512x4096x1x1
cache_v_l18 (view),kernel_set_rows_f16_i64,0.002900,8192x1x1,512x1x1,512x4096x1x1
__fattn__-18,flash_attn_f32_f16,1.337700,32x28x0,32x1x0,128x28x16x1
ffn_inp-18,kernel_add,0.024200,1024x1x1,64x1x1,3584x16x1x1
ffn_norm-18,kernel_rms_norm_mul,0.009200,16384x1x1,1024x1x1,3584x16x1x1
l_out-18,kernel_add,0.024300,1024x1x1,64x1x1,3584x16x1x1
attn_norm-19,kernel_rms_norm_mul,0.009200,16384x1x1,1024x1x1,3584x16x1x1
Qcur-19,kernel_add_row,0.013200,14336x0x0,64x0x0,3584x16x1x1
Qcur-19,kernel_rope_neox_f32,0.005500,1792x16x1,64x1x1,128x28x16x1
Kcur-19,kernel_add_row,0.005900,2048x0x0,64x0x0,512x16x1x1
Kcur-19,kernel_rope_neox_f32,0.002800,256x16x1,64x1x1,128x4x16x1
Vcur-19,kernel_add_row,0.005700,2048x0x0,64x0x0,512x16x1x1
cache_k_l19 (view),kernel_set_rows_f16_i64,0.003300,8192x1x1,512x1x1,512x4096x1x1
cache_v_l19 (view),kernel_set_rows_f16_i64,0.002700,8192x1x1,512x1x1,512x4096x1x1
__fattn__-19,flash_attn_f32_f16,1.345000,32x28x0,32x1x0,128x28x16x1
ffn_inp-19,kernel_add,0.025200,1024x1x1,64x1x1,3584x16x1x1
ffn_norm-19,kernel_rms_norm_mul,0.009100,16384x1x1,1024x1x1,3584x16x1x1
l_out-19,kernel_add,0.022800,1024x1x1,64x1x1,3584x16x1x1
attn_norm-20,kernel_rms_norm_mul,0.009100,16384x1x1,1024x1x1,3584x16x1x1
Qcur-20,kernel_add_row,0.007400,14336x0x0,64x0x0,3584x16x1x1
Qcur-20,kernel_rope_neox_f32,0.005400,1792x16x1,64x1x1,128x28x16x1
Kcur-20,kernel_add_row,0.005900,2048x0x0,64x0x0,512x16x1x1
Kcur-20,kernel_rope_neox_f32,0.002700,256x16x1,64x1x1,128x4x16x1
node_692,kernel_mul_mv_q6_K_f32,0.956600,512x1024x1,2x64x1,512x16x1x1
Vcur-20,kernel_add_row,0.002600,2048x0x0,64x0x0,512x16x1x1
cache_k_l20 (view),kernel_set_rows_f16_i64,0.003300,8192x1x1,512x1x1,512x4096x1x1
cache_v_l20 (view),kernel_set_rows_f16_i64,0.002800,8192x1x1,512x1x1,512x4096x1x1
__fattn__-20,flash_attn_f32_f16,1.354400,32x28x0,32x1x0,128x28x16x1
ffn_inp-20,kernel_add,0.024500,1024x1x1,64x1x1,3584x16x1x1
ffn_norm-20,kernel_rms_norm_mul,0.009200,16384x1x1,1024x1x1,3584x16x1x1
ffn_swiglu-20,kernel_swiglu,0.047200,8192x1x1,512x1x1,18944x16x1x1
ffn_out-20,kernel_mul_mv_q6_K_f32,39.618301,3584x1024x1,2x64x1,3584x16x1x1
l_out-20,kernel_add,0.023200,1024x1x1,64x1x1,3584x16x1x1
attn_norm-21,kernel_rms_norm_mul,0.009300,16384x1x1,1024x1x1,3584x16x1x1
Qcur-21,kernel_add_row,0.011100,14336x0x0,64x0x0,3584x16x1x1
Qcur-21,kernel_rope_neox_f32,0.005500,1792x16x1,64x1x1,128x28x16x1
Kcur-21,kernel_add_row,0.005600,2048x0x0,64x0x0,512x16x1x1
Kcur-21,kernel_rope_neox_f32,0.002700,256x16x1,64x1x1,128x4x16x1
Vcur-21,kernel_add_row,0.005700,2048x0x0,64x0x0,512x16x1x1
cache_k_l21 (view),kernel_set_rows_f16_i64,0.003300,8192x1x1,512x1x1,512x4096x1x1
cache_v_l21 (view),kernel_set_rows_f16_i64,0.002800,8192x1x1,512x1x1,512x4096x1x1
__fattn__-21,flash_attn_f32_f16,1.342100,32x28x0,32x1x0,128x28x16x1
ffn_inp-21,kernel_add,0.024100,1024x1x1,64x1x1,3584x16x1x1
ffn_norm-21,kernel_rms_norm_mul,0.009200,16384x1x1,1024x1x1,3584x16x1x1
l_out-21,kernel_add,0.024400,1024x1x1,64x1x1,3584x16x1x1
attn_norm-22,kernel_rms_norm_mul,0.009100,16384x1x1,1024x1x1,3584x16x1x1
Qcur-22,kernel_add_row,0.013200,14336x0x0,64x0x0,3584x16x1x1
Qcur-22,kernel_rope_neox_f32,0.005500,1792x16x1,64x1x1,128x28x16x1
Kcur-22,kernel_add_row,0.005800,2048x0x0,64x0x0,512x16x1x1
Kcur-22,kernel_rope_neox_f32,0.002700,256x16x1,64x1x1,128x4x16x1
Vcur-22,kernel_add_row,0.005600,2048x0x0,64x0x0,512x16x1x1
cache_k_l22 (view),kernel_set_rows_f16_i64,0.003400,8192x1x1,512x1x1,512x4096x1x1
cache_v_l22 (view),kernel_set_rows_f16_i64,0.002800,8192x1x1,512x1x1,512x4096x1x1
__fattn__-22,flash_attn_f32_f16,1.353400,32x28x0,32x1x0,128x28x16x1
ffn_inp-22,kernel_add,0.024400,1024x1x1,64x1x1,3584x16x1x1
ffn_norm-22,kernel_rms_norm_mul,0.009200,16384x1x1,1024x1x1,3584x16x1x1
l_out-22,kernel_add,0.023200,1024x1x1,64x1x1,3584x16x1x1
attn_norm-23,kernel_rms_norm_mul,0.009100,16384x1x1,1024x1x1,3584x16x1x1
Qcur-23,kernel_add_row,0.007500,14336x0x0,64x0x0,3584x16x1x1
Qcur-23,kernel_rope_neox_f32,0.005500,1792x16x1,64x1x1,128x28x16x1
Kcur-23,kernel_add_row,0.005600,2048x0x0,64x0x0,512x16x1x1
Kcur-23,kernel_rope_neox_f32,0.002700,256x16x1,64x1x1,128x4x16x1
node_794,kernel_mul_mv_q6_K_f32,0.953000,512x1024x1,2x64x1,512x16x1x1
Vcur-23,kernel_add_row,0.002500,2048x0x0,64x0x0,512x16x1x1
cache_k_l23 (view),kernel_set_rows_f16_i64,0.003300,8192x1x1,512x1x1,512x4096x1x1
cache_v_l23 (view),kernel_set_rows_f16_i64,0.002800,8192x1x1,512x1x1,512x4096x1x1
__fattn__-23,flash_attn_f32_f16,1.352100,32x28x0,32x1x0,128x28x16x1
ffn_inp-23,kernel_add,0.024800,1024x1x1,64x1x1,3584x16x1x1
ffn_norm-23,kernel_rms_norm_mul,0.009200,16384x1x1,1024x1x1,3584x16x1x1
ffn_swiglu-23,kernel_swiglu,0.047600,8192x1x1,512x1x1,18944x16x1x1
ffn_out-23,kernel_mul_mv_q6_K_f32,39.628799,3584x1024x1,2x64x1,3584x16x1x1
l_out-23,kernel_add,0.023500,1024x1x1,64x1x1,3584x16x1x1
attn_norm-24,kernel_rms_norm_mul,0.009200,16384x1x1,1024x1x1,3584x16x1x1
Qcur-24,kernel_add_row,0.008100,14336x0x0,64x0x0,3584x16x1x1
Qcur-24,kernel_rope_neox_f32,0.005500,1792x16x1,64x1x1,128x28x16x1
Kcur-24,kernel_add_row,0.005800,2048x0x0,64x0x0,512x16x1x1
Kcur-24,kernel_rope_neox_f32,0.002700,256x16x1,64x1x1,128x4x16x1
node_828,kernel_mul_mv_q6_K_f32,0.953700,512x1024x1,2x64x1,512x16x1x1
Vcur-24,kernel_add_row,0.002500,2048x0x0,64x0x0,512x16x1x1
cache_k_l24 (view),kernel_set_rows_f16_i64,0.003400,8192x1x1,512x1x1,512x4096x1x1
cache_v_l24 (view),kernel_set_rows_f16_i64,0.002900,8192x1x1,512x1x1,512x4096x1x1
__fattn__-24,flash_attn_f32_f16,1.344400,32x28x0,32x1x0,128x28x16x1
ffn_inp-24,kernel_add,0.023500,1024x1x1,64x1x1,3584x16x1x1
ffn_norm-24,kernel_rms_norm_mul,0.009300,16384x1x1,1024x1x1,3584x16x1x1
ffn_swiglu-24,kernel_swiglu,0.047200,8192x1x1,512x1x1,18944x16x1x1
ffn_out-24,kernel_mul_mv_q6_K_f32,39.917599,3584x1024x1,2x64x1,3584x16x1x1
l_out-24,kernel_add,0.023700,1024x1x1,64x1x1,3584x16x1x1
attn_norm-25,kernel_rms_norm_mul,0.009100,16384x1x1,1024x1x1,3584x16x1x1
Qcur-25,kernel_add_row,0.008300,14336x0x0,64x0x0,3584x16x1x1
Qcur-25,kernel_rope_neox_f32,0.005600,1792x16x1,64x1x1,128x28x16x1
Kcur-25,kernel_add_row,0.005700,2048x0x0,64x0x0,512x16x1x1
Kcur-25,kernel_rope_neox_f32,0.002700,256x16x1,64x1x1,128x4x16x1
node_862,kernel_mul_mv_q6_K_f32,0.955200,512x1024x1,2x64x1,512x16x1x1
Vcur-25,kernel_add_row,0.002500,2048x0x0,64x0x0,512x16x1x1
cache_k_l25 (view),kernel_set_rows_f16_i64,0.003400,8192x1x1,512x1x1,512x4096x1x1
cache_v_l25 (view),kernel_set_rows_f16_i64,0.002800,8192x1x1,512x1x1,512x4096x1x1
__fattn__-25,flash_attn_f32_f16,1.344500,32x28x0,32x1x0,128x28x16x1
ffn_inp-25,kernel_add,0.024000,1024x1x1,64x1x1,3584x16x1x1
ffn_norm-25,kernel_rms_norm_mul,0.009200,16384x1x1,1024x1x1,3584x16x1x1
ffn_swiglu-25,kernel_swiglu,0.046800,8192x1x1,512x1x1,18944x16x1x1
ffn_out-25,kernel_mul_mv_q6_K_f32,39.627800,3584x1024x1,2x64x1,3584x16x1x1
l_out-25,kernel_add,0.023900,1024x1x1,64x1x1,3584x16x1x1
attn_norm-26,kernel_rms_norm_mul,0.009300,16384x1x1,1024x1x1,3584x16x1x1
Qcur-26,kernel_add_row,0.007700,14336x0x0,64x0x0,3584x16x1x1
Qcur-26,kernel_rope_neox_f32,0.005500,1792x16x1,64x1x1,128x28x16x1
Kcur-26,kernel_add_row,0.005600,2048x0x0,64x0x0,512x16x1x1
Kcur-26,kernel_rope_neox_f32,0.002800,256x16x1,64x1x1,128x4x16x1
node_896,kernel_mul_mv_q6_K_f32,0.955400,512x1024x1,2x64x1,512x16x1x1
Vcur-26,kernel_add_row,0.002500,2048x0x0,64x0x0,512x16x1x1
cache_k_l26 (view),kernel_set_rows_f16_i64,0.003500,8192x1x1,512x1x1,512x4096x1x1
cache_v_l26 (view),kernel_set_rows_f16_i64,0.002800,8192x1x1,512x1x1,512x4096x1x1
__fattn__-26,flash_attn_f32_f16,1.375900,32x28x0,32x1x0,128x28x16x1
ffn_inp-26,kernel_add,0.023500,1024x1x1,64x1x1,3584x16x1x1
ffn_norm-26,kernel_rms_norm_mul,0.009200,16384x1x1,1024x1x1,3584x16x1x1
ffn_swiglu-26,kernel_swiglu,0.047800,8192x1x1,512x1x1,18944x16x1x1
ffn_out-26,kernel_mul_mv_q6_K_f32,39.570999,3584x1024x1,2x64x1,3584x16x1x1
l_out-26,kernel_add,0.023200,1024x1x1,64x1x1,3584x16x1x1
attn_norm-27,kernel_rms_norm_mul,0.009200,16384x1x1,1024x1x1,3584x16x1x1
Qcur-27,kernel_add_row,0.007800,14336x0x0,64x0x0,3584x16x1x1
Qcur-27,kernel_rope_neox_f32,0.005500,1792x16x1,64x1x1,128x28x16x1
Kcur-27,kernel_add_row,0.005600,2048x0x0,64x0x0,512x16x1x1
Kcur-27,kernel_rope_neox_f32,0.002700,256x16x1,64x1x1,128x4x16x1
node_930,kernel_mul_mv_q6_K_f32,0.954700,512x1024x1,2x64x1,512x16x1x1
Vcur-27,kernel_add_row,0.002600,2048x0x0,64x0x0,512x16x1x1
cache_k_l27 (view),kernel_set_rows_f16_i64,0.003300,8192x1x1,512x1x1,512x4096x1x1
cache_v_l27 (view),kernel_set_rows_f16_i64,0.002800,8192x1x1,512x1x1,512x4096x1x1
__fattn__-27,flash_attn_f32_f16,1.365900,32x28x0,32x1x0,128x28x16x1
attn_norm-0,kernel_rms_norm_mul,0.012300,16384x1x1,1024x1x1,3584x16x1x1
Qcur-0,kernel_add_row,0.008100,14336x0x0,64x0x0,3584x16x1x1
Qcur-0,kernel_rope_neox_f32,0.005500,1792x16x1,64x1x1,128x28x16x1
Kcur-0,kernel_add_row,0.005600,2048x0x0,64x0x0,512x16x1x1
Kcur-0,kernel_rope_neox_f32,0.002900,256x16x1,64x1x1,128x4x16x1
node_11,kernel_mul_mv_q6_K_f32,0.953700,512x1024x1,2x64x1,512x16x1x1
Vcur-0,kernel_add_row,0.002200,2048x0x0,64x0x0,512x16x1x1
cache_k_l0 (view),kernel_set_rows_f16_i64,0.003300,8192x1x1,512x1x1,512x4096x1x1
cache_v_l0 (view),kernel_set_rows_f16_i64,0.002800,8192x1x1,512x1x1,512x4096x1x1
 (copy),kernel_cpy_f32_f16,0.003500,4096x1x1,64x1x1,256x64x1x1
__fattn__-0,flash_attn_f32_f16,1.375400,32x28x0,32x1x0,128x28x16x1
ffn_inp-0,kernel_add,0.025000,1024x1x1,64x1x1,3584x16x1x1
ffn_norm-0,kernel_rms_norm_mul,0.009300,16384x1x1,1024x1x1,3584x16x1x1
ffn_swiglu-0,kernel_swiglu,0.047500,8192x1x1,512x1x1,18944x16x1x1
ffn_out-0,kernel_mul_mv_q6_K_f32,39.604801,3584x1024x1,2x64x1,3584x16x1x1
l_out-0,kernel_add,0.023100,1024x1x1,64x1x1,3584x16x1x1
attn_norm-1,kernel_rms_norm_mul,0.009100,16384x1x1,1024x1x1,3584x16x1x1
Qcur-1,kernel_add_row,0.008200,14336x0x0,64x0x0,3584x16x1x1
Qcur-1,kernel_rope_neox_f32,0.005500,1792x16x1,64x1x1,128x28x16x1
Kcur-1,kernel_add_row,0.005700,2048x0x0,64x0x0,512x16x1x1
Kcur-1,kernel_rope_neox_f32,0.002700,256x16x1,64x1x1,128x4x16x1
node_46,kernel_mul_mv_q6_K_f32,0.957200,512x1024x1,2x64x1,512x16x1x1
Vcur-1,kernel_add_row,0.002500,2048x0x0,64x0x0,512x16x1x1
cache_k_l1 (view),kernel_set_rows_f16_i64,0.003500,8192x1x1,512x1x1,512x4096x1x1
cache_v_l1 (view),kernel_set_rows_f16_i64,0.002900,8192x1x1,512x1x1,512x4096x1x1
__fattn__-1,flash_attn_f32_f16,1.339100,32x28x0,32x1x0,128x28x16x1
ffn_inp-1,kernel_add,0.023800,1024x1x1,64x1x1,3584x16x1x1
ffn_norm-1,kernel_rms_norm_mul,0.009200,16384x1x1,1024x1x1,3584x16x1x1
ffn_swiglu-1,kernel_swiglu,0.047400,8192x1x1,512x1x1,18944x16x1x1
ffn_out-1,kernel_mul_mv_q6_K_f32,39.612499,3584x1024x1,2x64x1,3584x16x1x1
l_out-1,kernel_add,0.023400,1024x1x1,64x1x1,3584x16x1x1
attn_norm-2,kernel_rms_norm_mul,0.009100,16384x1x1,1024x1x1,3584x16x1x1
Qcur-2,kernel_add_row,0.008000,14336x0x0,64x0x0,3584x16x1x1
Qcur-2,kernel_rope_neox_f32,0.005400,1792x16x1,64x1x1,128x28x16x1
Kcur-2,kernel_add_row,0.005700,2048x0x0,64x0x0,512x16x1x1
Kcur-2,kernel_rope_neox_f32,0.002700,256x16x1,64x1x1,128x4x16x1
node_80,kernel_mul_mv_q6_K_f32,0.956600,512x1024x1,2x64x1,512x16x1x1
Vcur-2,kernel_add_row,0.002500,2048x0x0,64x0x0,512x16x1x1
cache_k_l2 (view),kernel_set_rows_f16_i64,0.003200,8192x1x1,512x1x1,512x4096x1x1
cache_v_l2 (view),kernel_set_rows_f16_i64,0.002800,8192x1x1,512x1x1,512x4096x1x1
__fattn__-2,flash_attn_f32_f16,1.343200,32x28x0,32x1x0,128x28x16x1
ffn_inp-2,kernel_add,0.023800,1024x1x1,64x1x1,3584x16x1x1
ffn_norm-2,kernel_rms_norm_mul,0.009200,16384x1x1,1024x1x1,3584x16x1x1
ffn_swiglu-2,kernel_swiglu,0.047000,8192x1x1,512x1x1,18944x16x1x1
ffn_out-2,kernel_mul_mv_q6_K_f32,40.389301,3584x1024x1,2x64x1,3584x16x1x1
l_out-2,kernel_add,0.023200,1024x1x1,64x1x1,3584x16x1x1
attn_norm-3,kernel_rms_norm_mul,0.009200,16384x1x1,1024x1x1,3584x16x1x1
Qcur-3,kernel_add_row,0.010300,14336x0x0,64x0x0,3584x16x1x1
Qcur-3,kernel_rope_neox_f32,0.005500,1792x16x1,64x1x1,128x28x16x1
Kcur-3,kernel_add_row,0.005600,2048x0x0,64x0x0,512x16x1x1
Kcur-3,kernel_rope_neox_f32,0.002900,256x16x1,64x1x1,128x4x16x1
Vcur-3,kernel_add_row,0.005600,2048x0x0,64x0x0,512x16x1x1
cache_k_l3 (view),kernel_set_rows_f16_i64,0.003400,8192x1x1,512x1x1,512x4096x1x1
cache_v_l3 (view),kernel_set_rows_f16_i64,0.002800,8192x1x1,512x1x1,512x4096x1x1
__fattn__-3,flash_attn_f32_f16,1.354600,32x28x0,32x1x0,128x28x16x1
ffn_inp-3,kernel_add,0.023800,1024x1x1,64x1x1,3584x16x1x1
ffn_norm-3,kernel_rms_norm_mul,0.009100,16384x1x1,1024x1x1,3584x16x1x1
l_out-3,kernel_add,0.024100,1024x1x1,64x1x1,3584x16x1x1
attn_norm-4,kernel_rms_norm_mul,0.009300,16384x1x1,1024x1x1,3584x16x1x1
Qcur-4,kernel_add_row,0.013100,14336x0x0,64x0x0,3584x16x1x1
Qcur-4,kernel_rope_neox_f32,0.005500,1792x16x1,64x1x1,128x28x16x1
Kcur-4,kernel_add_row,0.005500,2048x0x0,64x0x0,512x16x1x1
Kcur-4,kernel_rope_neox_f32,0.002700,256x16x1,64x1x1,128x4x16x1
Vcur-4,kernel_add_row,0.005600,2048x0x0,64x0x0,512x16x1x1
cache_k_l4 (view),kernel_set_rows_f16_i64,0.003200,8192x1x1,512x1x1,512x4096x1x1
cache_v_l4 (view),kernel_set_rows_f16_i64,0.002800,8192x1x1,512x1x1,512x4096x1x1
__fattn__-4,flash_attn_f32_f16,1.338900,32x28x0,32x1x0,128x28x16x1
ffn_inp-4,kernel_add,0.024500,1024x1x1,64x1x1,3584x16x1x1
ffn_norm-4,kernel_rms_norm_mul,0.009100,16384x1x1,1024x1x1,3584x16x1x1
l_out-4,kernel_add,0.022800,1024x1x1,64x1x1,3584x16x1x1
attn_norm-5,kernel_rms_norm_mul,0.009200,16384x1x1,1024x1x1,3584x16x1x1
Qcur-5,kernel_add_row,0.007400,14336x0x0,64x0x0,3584x16x1x1
Qcur-5,kernel_rope_neox_f32,0.005400,1792x16x1,64x1x1,128x28x16x1
Kcur-5,kernel_add_row,0.005700,2048x0x0,64x0x0,512x16x1x1
Kcur-5,kernel_rope_neox_f32,0.002700,256x16x1,64x1x1,128x4x16x1
node_182,kernel_mul_mv_q6_K_f32,0.955600,512x1024x1,2x64x1,512x16x1x1
Vcur-5,kernel_add_row,0.002500,2048x0x0,64x0x0,512x16x1x1
cache_k_l5 (view),kernel_set_rows_f16_i64,0.003300,8192x1x1,512x1x1,512x4096x1x1
cache_v_l5 (view),kernel_set_rows_f16_i64,0.002800,8192x1x1,512x1x1,512x4096x1x1
__fattn__-5,flash_attn_f32_f16,1.341000,32x28x0,32x1x0,128x28x16x1
ffn_inp-5,kernel_add,0.024700,1024x1x1,64x1x1,3584x16x1x1
ffn_norm-5,kernel_rms_norm_mul,0.009200,16384x1x1,1024x1x1,3584x16x1x1
ffn_swiglu-5,kernel_swiglu,0.046900,8192x1x1,512x1x1,18944x16x1x1
ffn_out-5,kernel_mul_mv_q6_K_f32,40.577599,3584x1024x1,2x64x1,3584x16x1x1
l_out-5,kernel_add,0.023200,1024x1x1,64x1x1,3584x16x1x1
attn_norm-6,kernel_rms_norm_mul,0.009200,16384x1x1,1024x1x1,3584x16x1x1
Qcur-6,kernel_add_row,0.012600,14336x0x0,64x0x0,3584x16x1x1
Qcur-6,kernel_rope_neox_f32,0.005400,1792x16x1,64x1x1,128x28x16x1
Kcur-6,kernel_add_row,0.005600,2048x0x0,64x0x0,512x16x1x1
Kcur-6,kernel_rope_neox_f32,0.002800,256x16x1,64x1x1,128x4x16x1
Vcur-6,kernel_add_row,0.005600,2048x0x0,64x0x0,512x16x1x1
cache_k_l6 (view),kernel_set_rows_f16_i64,0.003200,8192x1x1,512x1x1,512x4096x1x1
cache_v_l6 (view),kernel_set_rows_f16_i64,0.002700,8192x1x1,512x1x1,512x4096x1x1
__fattn__-6,flash_attn_f32_f16,1.358000,32x28x0,32x1x0,128x28x16x1
ffn_inp-6,kernel_add,0.024200,1024x1x1,64x1x1,3584x16x1x1
ffn_norm-6,kernel_rms_norm_mul,0.009200,16384x1x1,1024x1x1,3584x16x1x1
l_out-6,kernel_add,0.024200,1024x1x1,64x1x1,3584x16x1x1
attn_norm-7,kernel_rms_norm_mul,0.009200,16384x1x1,1024x1x1,3584x16x1x1
Qcur-7,kernel_add_row,0.013000,14336x0x0,64x0x0,3584x16x1x1
Qcur-7,kernel_rope_neox_f32,0.005500,1792x16x1,64x1x1,128x28x16x1
Kcur-7,kernel_add_row,0.005500,2048x0x0,64x0x0,512x16x1x1
Kcur-7,kernel_rope_neox_f32,0.002700,256x16x1,64x1x1,128x4x16x1
Vcur-7,kernel_add_row,0.005800,2048x0x0,64x0x0,512x16x1x1
cache_k_l7 (view),kernel_set_rows_f16_i64,0.003200,8192x1x1,512x1x1,512x4096x1x1
cache_v_l7 (view),kernel_set_rows_f16_i64,0.002800,8192x1x1,512x1x1,512x4096x1x1
__fattn__-7,flash_attn_f32_f16,1.327900,32x28x0,32x1x0,128x28x16x1
ffn_inp-7,kernel_add,0.024600,1024x1x1,64x1x1,3584x16x1x1
ffn_norm-7,kernel_rms_norm_mul,0.009200,16384x1x1,1024x1x1,3584x16x1x1
l_out-7,kernel_add,0.023300,1024x1x1,64x1x1,3584x16x1x1
attn_norm-8,kernel_rms_norm_mul,0.009400,16384x1x1,1024x1x1,3584x16x1x1
Qcur-8,kernel_add_row,0.007400,14336x0x0,64x0x0,3584x16x1x1
Qcur-8,kernel_rope_neox_f32,0.005400,1792x16x1,64x1x1,128x28x16x1
Kcur-8,kernel_add_row,0.005600,2048x0x0,64x0x0,512x16x1x1
Kcur-8,kernel_rope_neox_f32,0.002700,256x16x1,64x1x1,128x4x16x1
node_284,kernel_mul_mv_q6_K_f32,0.954800,512x1024x1,2x64x1,512x16x1x1
Vcur-8,kernel_add_row,0.002500,2048x0x0,64x0x0,512x16x1x1
cache_k_l8 (view),kernel_set_rows_f16_i64,0.003400,8192x1x1,512x1x1,512x4096x1x1
cache_v_l8 (view),kernel_set_rows_f16_i64,0.002900,8192x1x1,512x1x1,512x4096x1x1
__fattn__-8,flash_attn_f32_f16,1.342500,32x28x0,32x1x0,128x28x16x1
ffn_inp-8,kernel_add,0.024600,1024x1x1,64x1x1,3584x16x1x1
ffn_norm-8,kernel_rms_norm_mul,0.009200,16384x1x1,1024x1x1,3584x16x1x1
ffn_swiglu-8,kernel_swiglu,0.046900,8192x1x1,512x1x1,18944x16x1x1
ffn_out-8,kernel_mul_mv_q6_K_f32,40.163601,3584x1024x1,2x64x1,3584x16x1x1
l_out-8,kernel_add,0.023200,1024x1x1,64x1x1,3584x16x1x1
attn_norm-9,kernel_rms_norm_mul,0.009200,16384x1x1,1024x1x1,3584x16x1x1
Qcur-9,kernel_add_row,0.012500,14336x0x0,64x0x0,3584x16x1x1
Qcur-9,kernel_rope_neox_f32,0.005500,1792x16x1,64x1x1,128x28x16x1
Kcur-9,kernel_add_row,0.005700,2048x0x0,64x0x0,512x16x1x1
Kcur-9,kernel_rope_neox_f32,0.002800,256x16x1,64x1x1,128x4x16x1
Vcur-9,kernel_add_row,0.005900,2048x0x0,64x0x0,512x16x1x1
cache_k_l9 (view),kernel_set_rows_f16_i64,0.003200,8192x1x1,512x1x1,512x4096x1x1
cache_v_l9 (view),kernel_set_rows_f16_i64,0.002700,8192x1x1,512x1x1,512x4096x1x1
__fattn__-9,flash_attn_f32_f16,1.342100,32x28x0,32x1x0,128x28x16x1
ffn_inp-9,kernel_add,0.024400,1024x1x1,64x1x1,3584x16x1x1
ffn_norm-9,kernel_rms_norm_mul,0.009200,16384x1x1,1024x1x1,3584x16x1x1
l_out-9,kernel_add,0.025100,1024x1x1,64x1x1,3584x16x1x1
attn_norm-10,kernel_rms_norm_mul,0.009200,16384x1x1,1024x1x1,3584x16x1x1
Qcur-10,kernel_add_row,0.012800,14336x0x0,64x0x0,3584x16x1x1
Qcur-10,kernel_rope_neox_f32,0.005400,1792x16x1,64x1x1,128x28x16x1
Kcur-10,kernel_add_row,0.005700,2048x0x0,64x0x0,512x16x1x1
Kcur-10,kernel_rope_neox_f32,0.002800,256x16x1,64x1x1,128x4x16x1
Vcur-10,kernel_add_row,0.005700,2048x0x0,64x0x0,512x16x1x1
cache_k_l10 (view),kernel_set_rows_f16_i64,0.003400,8192x1x1,512x1x1,512x4096x1x1
cache_v_l10 (view),kernel_set_rows_f16_i64,0.002900,8192x1x1,512x1x1,512x4096x1x1
__fattn__-10,flash_attn_f32_f16,1.358400,32x28x0,32x1x0,128x28x16x1
ffn_inp-10,kernel_add,0.024000,1024x1x1,64x1x1,3584x16x1x1
ffn_norm-10,kernel_rms_norm_mul,0.009200,16384x1x1,1024x1x1,3584x16x1x1
l_out-10,kernel_add,0.022900,1024x1x1,64x1x1,3584x16x1x1
attn_norm-11,kernel_rms_norm_mul,0.009300,16384x1x1,1024x1x1,3584x16x1x1
Qcur-11,kernel_add_row,0.007400,14336x0x0,64x0x0,3584x16x1x1
Qcur-11,kernel_rope_neox_f32,0.005500,1792x16x1,64x1x1,128x28x16x1
Kcur-11,kernel_add_row,0.005800,2048x0x0,64x0x0,512x16x1x1
Kcur-11,kernel_rope_neox_f32,0.002800,256x16x1,64x1x1,128x4x16x1
node_386,kernel_mul_mv_q6_K_f32,0.954800,512x1024x1,2x64x1,512x16x1x1
Vcur-11,kernel_add_row,0.002400,2048x0x0,64x0x0,512x16x1x1
cache_k_l11 (view),kernel_set_rows_f16_i64,0.003300,8192x1x1,512x1x1,512x4096x1x1
cache_v_l11 (view),kernel_set_rows_f16_i64,0.002800,8192x1x1,512x1x1,512x4096x1x1
__fattn__-11,flash_attn_f32_f16,1.347700,32x28x0,32x1x0,128x28x16x1
ffn_inp-11,kernel_add,0.025000,1024x1x1,64x1x1,3584x16x1x1
ffn_norm-11,kernel_rms_norm_mul,0.009200,16384x1x1,1024x1x1,3584x16x1x1
ffn_swiglu-11,kernel_swiglu,0.048100,8192x1x1,512x1x1,18944x16x1x1
ffn_out-11,kernel_mul_mv_q6_K_f32,39.596298,3584x1024x1,2x64x1,3584x16x1x1
l_out-11,kernel_add,0.023200,1024x1x1,64x1x1,3584x16x1x1
attn_norm-12,kernel_rms_norm_mul,0.009200,16384x1x1,1024x1x1,3584x16x1x1
Qcur-12,kernel_add_row,0.012600,14336x0x0,64x0x0,3584x16x1x1
Qcur-12,kernel_rope_neox_f32,0.005500,1792x16x1,64x1x1,128x28x16x1
Kcur-12,kernel_add_row,0.005700,2048x0x0,64x0x0,512x16x1x1
Kcur-12,kernel_rope_neox_f32,0.002700,256x16x1,64x1x1,128x4x16x1
Vcur-12,kernel_add_row,0.005600,2048x0x0,64x0x0,512x16x1x1
cache_k_l12 (view),kernel_set_rows_f16_i64,0.003200,8192x1x1,512x1x1,512x4096x1x1
cache_v_l12 (view),kernel_set_rows_f16_i64,0.002900,8192x1x1,512x1x1,512x4096x1x1
__fattn__-12,flash_attn_f32_f16,1.342900,32x28x0,32x1x0,128x28x16x1
ffn_inp-12,kernel_add,0.024000,1024x1x1,64x1x1,3584x16x1x1
ffn_norm-12,kernel_rms_norm_mul,0.009400,16384x1x1,1024x1x1,3584x16x1x1
l_out-12,kernel_add,0.023900,1024x1x1,64x1x1,3584x16x1x1
attn_norm-13,kernel_rms_norm_mul,0.009100,16384x1x1,1024x1x1,3584x16x1x1
Qcur-13,kernel_add_row,0.012900,14336x0x0,64x0x0,3584x16x1x1
Qcur-13,kernel_rope_neox_f32,0.005600,1792x16x1,64x1x1,128x28x16x1
Kcur-13,kernel_add_row,0.005600,2048x0x0,64x0x0,512x16x1x1
Kcur-13,kernel_rope_neox_f32,0.002700,256x16x1,64x1x1,128x4x16x1
Vcur-13,kernel_add_row,0.005600,2048x0x0,64x0x0,512x16x1x1
cache_k_l13 (view),kernel_set_rows_f16_i64,0.003400,8192x1x1,512x1x1,512x4096x1x1
cache_v_l13 (view),kernel_set_rows_f16_i64,0.002700,8192x1x1,512x1x1,512x4096x1x1
__fattn__-13,flash_attn_f32_f16,1.360000,32x28x0,32x1x0,128x28x16x1
ffn_inp-13,kernel_add,0.024700,1024x1x1,64x1x1,3584x16x1x1
ffn_norm-13,kernel_rms_norm_mul,0.009100,16384x1x1,1024x1x1,3584x16x1x1
l_out-13,kernel_add,0.023500,1024x1x1,64x1x1,3584x16x1x1
attn_norm-14,kernel_rms_norm_mul,0.009200,16384x1x1,1024x1x1,3584x16x1x1
Qcur-14,kernel_add_row,0.007600,14336x0x0,64x0x0,3584x16x1x1
Qcur-14,kernel_rope_neox_f32,0.005400,1792x16x1,64x1x1,128x28x16x1
Kcur-14,kernel_add_row,0.005800,2048x0x0,64x0x0,512x16x1x1
Kcur-14,kernel_rope_neox_f32,0.002700,256x16x1,64x1x1,128x4x16x1
node_488,kernel_mul_mv_q6_K_f32,0.953200,512x1024x1,2x64x1,512x16x1x1
Vcur-14,kernel_add_row,0.002500,2048x0x0,64x0x0,512x16x1x1
cache_k_l14 (view),kernel_set_rows_f16_i64,0.003200,8192x1x1,512x1x1,512x4096x1x1
cache_v_l14 (view),kernel_set_rows_f16_i64,0.002800,8192x1x1,512x1x1,512x4096x1x1
__fattn__-14,flash_attn_f32_f16,1.343500,32x28x0,32x1x0,128x28x16x1
ffn_inp-14,kernel_add,0.025000,1024x1x1,64x1x1,3584x16x1x1
ffn_norm-14,kernel_rms_norm_mul,0.009200,16384x1x1,1024x1x1,3584x16x1x1
ffn_swiglu-14,kernel_swiglu,0.047000,8192x1x1,512x1x1,18944x16x1x1
ffn_out-14,kernel_mul_mv_q6_K_f32,39.621601,3584x1024x1,2x64x1,3584x16x1x1
l_out-14,kernel_add,0.023700,1024x1x1,64x1x1,3584x16x1x1
attn_norm-15,kernel_rms_norm_mul,0.009400,16384x1x1,1024x1x1,3584x16x1x1
Qcur-15,kernel_add_row,0.012800,14336x0x0,64x0x0,3584x16x1x1
Qcur-15,kernel_rope_neox_f32,0.005500,1792x16x1,64x1x1,128x28x16x1
Kcur-15,kernel_add_row,0.005900,2048x0x0,64x0x0,512x16x1x1
Kcur-15,kernel_rope_neox_f32,0.002700,256x16x1,64x1x1,128x4x16x1
Vcur-15,kernel_add_row,0.005500,2048x0x0,64x0x0,512x16x1x1
cache_k_l15 (view),kernel_set_rows_f16_i64,0.003400,8192x1x1,512x1x1,512x4096x1x1
cache_v_l15 (view),kernel_set_rows_f16_i64,0.002700,8192x1x1,512x1x1,512x4096x1x1
__fattn__-15,flash_attn_f32_f16,1.348700,32x28x0,32x1x0,128x28x16x1
ffn_inp-15,kernel_add,0.024200,1024x1x1,64x1x1,3584x16x1x1
ffn_norm-15,kernel_rms_norm_mul,0.009100,16384x1x1,1024x1x1,3584x16x1x1
l_out-15,kernel_add,0.023800,1024x1x1,64x1x1,3584x16x1x1
attn_norm-16,kernel_rms_norm_mul,0.009200,16384x1x1,1024x1x1,3584x16x1x1
Qcur-16,kernel_add_row,0.012900,14336x0x0,64x0x0,3584x16x1x1
Qcur-16,kernel_rope_neox_f32,0.005400,1792x16x1,64x1x1,128x28x16x1
Kcur-16,kernel_add_row,0.005600,2048x0x0,64x0x0,512x16x1x1
Kcur-16,kernel_rope_neox_f32,0.002900,256x16x1,64x1x1,128x4x16x1
Vcur-16,kernel_add_row,0.005800,2048x0x0,64x0x0,512x16x1x1
cache_k_l16 (view),kernel_set_rows_f16_i64,0.003400,8192x1x1,512x1x1,512x4096x1x1
cache_v_l16 (view),kernel_set_rows_f16_i64,0.002800,8192x1x1,512x1x1,512x4096x1x1
__fattn__-16,flash_attn_f32_f16,1.371000,32x28x0,32x1x0,128x28x16x1
ffn_inp-16,kernel_add,0.024400,1024x1x1,64x1x1,3584x16x1x1
ffn_norm-16,kernel_rms_norm_mul,0.009100,16384x1x1,1024x1x1,3584x16x1x1
l_out-16,kernel_add,0.023200,1024x1x1,64x1x1,3584x16x1x1
attn_norm-17,kernel_rms_norm_mul,0.009200,16384x1x1,1024x1x1,3584x16x1x1
Qcur-17,kernel_add_row,0.007300,14336x0x0,64x0x0,3584x16x1x1
Qcur-17,kernel_rope_neox_f32,0.005400,1792x16x1,64x1x1,128x28x16x1
Kcur-17,kernel_add_row,0.005800,2048x0x0,64x0x0,512x16x1x1
Kcur-17,kernel_rope_neox_f32,0.002700,256x16x1,64x1x1,128x4x16x1
node_590,kernel_mul_mv_q6_K_f32,0.954200,512x1024x1,2x64x1,512x16x1x1
Vcur-17,kernel_add_row,0.002500,2048x0x0,64x0x0,512x16x1x1
cache_k_l17 (view),kernel_set_rows_f16_i64,0.003400,8192x1x1,512x1x1,512x4096x1x1
cache_v_l17 (view),kernel_set_rows_f16_i64,0.002800,8192x1x1,512x1x1,512x4096x1x1
__fattn__-17,flash_attn_f32_f16,1.360000,32x28x0,32x1x0,128x28x16x1
ffn_inp-17,kernel_add,0.024800,1024x1x1,64x1x1,3584x16x1x1
ffn_norm-17,kernel_rms_norm_mul,0.009200,16384x1x1,1024x1x1,3584x16x1x1
ffn_swiglu-17,kernel_swiglu,0.046900,8192x1x1,512x1x1,18944x16x1x1
ffn_out-17,kernel_mul_mv_q6_K_f32,39.601299,3584x1024x1,2x64x1,3584x16x1x1
l_out-17,kernel_add,0.023400,1024x1x1,64x1x1,3584x16x1x1
attn_norm-18,kernel_rms_norm_mul,0.009300,16384x1x1,1024x1x1,3584x16x1x1
Qcur-18,kernel_add_row,0.012000,14336x0x0,64x0x0,3584x16x1x1
Qcur-18,kernel_rope_neox_f32,0.005500,1792x16x1,64x1x1,128x28x16x1
Kcur-18,kernel_add_row,0.005500,2048x0x0,64x0x0,512x16x1x1
Kcur-18,kernel_rope_neox_f32,0.002800,256x16x1,64x1x1,128x4x16x1
Vcur-18,kernel_add_row,0.005600,2048x0x0,64x0x0,512x16x1x1
cache_k_l18 (view),kernel_set_rows_f16_i64,0.003300,8192x1x1,512x1x1,512x4096x1x1
cache_v_l18 (view),kernel_set_rows_f16_i64,0.002800,8192x1x1,512x1x1,512x4096x1x1
__fattn__-18,flash_attn_f32_f16,1.329800,32x28x0,32x1x0,128x28x16x1
ffn_inp-18,kernel_add,0.025500,1024x1x1,64x1x1,3584x16x1x1
ffn_norm-18,kernel_rms_norm_mul,0.009200,16384x1x1,1024x1x1,3584x16x1x1
l_out-18,kernel_add,0.024500,1024x1x1,64x1x1,3584x16x1x1
attn_norm-19,kernel_rms_norm_mul,0.009200,16384x1x1,1024x1x1,3584x16x1x1
Qcur-19,kernel_add_row,0.012800,14336x0x0,64x0x0,3584x16x1x1
Qcur-19,kernel_rope_neox_f32,0.005500,1792x16x1,64x1x1,128x28x16x1
Kcur-19,kernel_add_row,0.005600,2048x0x0,64x0x0,512x16x1x1
Kcur-19,kernel_rope_neox_f32,0.002700,256x16x1,64x1x1,128x4x16x1
Vcur-19,kernel_add_row,0.005700,2048x0x0,64x0x0,512x16x1x1
cache_k_l19 (view),kernel_set_rows_f16_i64,0.003400,8192x1x1,512x1x1,512x4096x1x1
cache_v_l19 (view),kernel_set_rows_f16_i64,0.002900,8192x1x1,512x1x1,512x4096x1x1
__fattn__-19,flash_attn_f32_f16,1.355300,32x28x0,32x1x0,128x28x16x1
ffn_inp-19,kernel_add,0.025000,1024x1x1,64x1x1,3584x16x1x1
ffn_norm-19,kernel_rms_norm_mul,0.009200,16384x1x1,1024x1x1,3584x16x1x1
l_out-19,kernel_add,0.022900,1024x1x1,64x1x1,3584x16x1x1
attn_norm-20,kernel_rms_norm_mul,0.009300,16384x1x1,1024x1x1,3584x16x1x1
Qcur-20,kernel_add_row,0.007300,14336x0x0,64x0x0,3584x16x1x1
Qcur-20,kernel_rope_neox_f32,0.005400,1792x16x1,64x1x1,128x28x16x1
Kcur-20,kernel_add_row,0.005700,2048x0x0,64x0x0,512x16x1x1
Kcur-20,kernel_rope_neox_f32,0.002600,256x16x1,64x1x1,128x4x16x1
node_692,kernel_mul_mv_q6_K_f32,0.955200,512x1024x1,2x64x1,512x16x1x1
Vcur-20,kernel_add_row,0.002600,2048x0x0,64x0x0,512x16x1x1
cache_k_l20 (view),kernel_set_rows_f16_i64,0.003300,8192x1x1,512x1x1,512x4096x1x1
cache_v_l20 (view),kernel_set_rows_f16_i64,0.002800,8192x1x1,512x1x1,512x4096x1x1
__fattn__-20,flash_attn_f32_f16,1.366200,32x28x0,32x1x0,128x28x16x1
ffn_inp-20,kernel_add,0.025000,1024x1x1,64x1x1,3584x16x1x1
ffn_norm-20,kernel_rms_norm_mul,0.009200,16384x1x1,1024x1x1,3584x16x1x1
ffn_swiglu-20,kernel_swiglu,0.047600,8192x1x1,512x1x1,18944x16x1x1
ffn_out-20,kernel_mul_mv_q6_K_f32,39.621601,3584x1024x1,2x64x1,3584x16x1x1
l_out-20,kernel_add,0.023000,1024x1x1,64x1x1,3584x16x1x1
attn_norm-21,kernel_rms_norm_mul,0.009100,16384x1x1,1024x1x1,3584x16x1x1
Qcur-21,kernel_add_row,0.011300,14336x0x0,64x0x0,3584x16x1x1
Qcur-21,kernel_rope_neox_f32,0.005500,1792x16x1,64x1x1,128x28x16x1
Kcur-21,kernel_add_row,0.005700,2048x0x0,64x0x0,512x16x1x1
Kcur-21,kernel_rope_neox_f32,0.002800,256x16x1,64x1x1,128x4x16x1
Vcur-21,kernel_add_row,0.005900,2048x0x0,64x0x0,512x16x1x1
cache_k_l21 (view),kernel_set_rows_f16_i64,0.003400,8192x1x1,512x1x1,512x4096x1x1
cache_v_l21 (view),kernel_set_rows_f16_i64,0.002700,8192x1x1,512x1x1,512x4096x1x1
__fattn__-21,flash_attn_f32_f16,1.355000,32x28x0,32x1x0,128x28x16x1
ffn_inp-21,kernel_add,0.024000,1024x1x1,64x1x1,3584x16x1x1
ffn_norm-21,kernel_rms_norm_mul,0.009300,16384x1x1,1024x1x1,3584x16x1x1
l_out-21,kernel_add,0.023700,1024x1x1,64x1x1,3584x16x1x1
attn_norm-22,kernel_rms_norm_mul,0.009200,16384x1x1,1024x1x1,3584x16x1x1
Qcur-22,kernel_add_row,0.012700,14336x0x0,64x0x0,3584x16x1x1
Qcur-22,kernel_rope_neox_f32,0.005500,1792x16x1,64x1x1,128x28x16x1
Kcur-22,kernel_add_row,0.005600,2048x0x0,64x0x0,512x16x1x1
Kcur-22,kernel_rope_neox_f32,0.002800,256x16x1,64x1x1,128x4x16x1
Vcur-22,kernel_add_row,0.005600,2048x0x0,64x0x0,512x16x1x1
cache_k_l22 (view),kernel_set_rows_f16_i64,0.003200,8192x1x1,512x1x1,512x4096x1x1
cache_v_l22 (view),kernel_set_rows_f16_i64,0.002800,8192x1x1,512x1x1,512x4096x1x1
__fattn__-22,flash_attn_f32_f16,1.339700,32x28x0,32x1x0,128x28x16x1
ffn_inp-22,kernel_add,0.024700,1024x1x1,64x1x1,3584x16x1x1
ffn_norm-22,kernel_rms_norm_mul,0.009200,16384x1x1,1024x1x1,3584x16x1x1
l_out-22,kernel_add,0.023400,1024x1x1,64x1x1,3584x16x1x1
attn_norm-23,kernel_rms_norm_mul,0.009200,16384x1x1,1024x1x1,3584x16x1x1
Qcur-23,kernel_add_row,0.007600,14336x0x0,64x0x0,3584x16x1x1
Qcur-23,kernel_rope_neox_f32,0.005600,1792x16x1,64x1x1,128x28x16x1
Kcur-23,kernel_add_row,0.005800,2048x0x0,64x0x0,512x16x1x1
Kcur-23,kernel_rope_neox_f32,0.002700,256x16x1,64x1x1,128x4x16x1
node_794,kernel_mul_mv_q6_K_f32,0.953900,512x1024x1,2x64x1,512x16x1x1
Vcur-23,kernel_add_row,0.002600,2048x0x0,64x0x0,512x16x1x1
cache_k_l23 (view),kernel_set_rows_f16_i64,0.003500,8192x1x1,512x1x1,512x4096x1x1
cache_v_l23 (view),kernel_set_rows_f16_i64,0.002800,8192x1x1,512x1x1,512x4096x1x1
__fattn__-23,flash_attn_f32_f16,1.353600,32x28x0,32x1x0,128x28x16x1
ffn_inp-23,kernel_add,0.025400,1024x1x1,64x1x1,3584x16x1x1
ffn_norm-23,kernel_rms_norm_mul,0.009200,16384x1x1,1024x1x1,3584x16x1x1
ffn_swiglu-23,kernel_swiglu,0.047300,8192x1x1,512x1x1,18944x16x1x1
ffn_out-23,kernel_mul_mv_q6_K_f32,39.901100,3584x1024x1,2x64x1,3584x16x1x1
l_out-23,kernel_add,0.023500,1024x1x1,64x1x1,3584x16x1x1
attn_norm-24,kernel_rms_norm_mul,0.009100,16384x1x1,1024x1x1,3584x16x1x1
Qcur-24,kernel_add_row,0.008100,14336x0x0,64x0x0,3584x16x1x1
Qcur-24,kernel_rope_neox_f32,0.005500,1792x16x1,64x1x1,128x28x16x1
Kcur-24,kernel_add_row,0.005600,2048x0x0,64x0x0,512x16x1x1
Kcur-24,kernel_rope_neox_f32,0.002700,256x16x1,64x1x1,128x4x16x1
node_828,kernel_mul_mv_q6_K_f32,0.955200,512x1024x1,2x64x1,512x16x1x1
Vcur-24,kernel_add_row,0.002500,2048x0x0,64x0x0,512x16x1x1
cache_k_l24 (view),kernel_set_rows_f16_i64,0.003400,8192x1x1,512x1x1,512x4096x1x1
cache_v_l24 (view),kernel_set_rows_f16_i64,0.002900,8192x1x1,512x1x1,512x4096x1x1
__fattn__-24,flash_attn_f32_f16,1.372500,32x28x0,32x1x0,128x28x16x1
ffn_inp-24,kernel_add,0.024000,1024x1x1,64x1x1,3584x16x1x1
ffn_norm-24,kernel_rms_norm_mul,0.009200,16384x1x1,1024x1x1,3584x16x1x1
ffn_swiglu-24,kernel_swiglu,0.047000,8192x1x1,512x1x1,18944x16x1x1
ffn_out-24,kernel_mul_mv_q6_K_f32,39.623199,3584x1024x1,2x64x1,3584x16x1x1
l_out-24,kernel_add,0.023500,1024x1x1,64x1x1,3584x16x1x1
attn_norm-25,kernel_rms_norm_mul,0.009200,16384x1x1,1024x1x1,3584x16x1x1
Qcur-25,kernel_add_row,0.007900,14336x0x0,64x0x0,3584x16x1x1
Qcur-25,kernel_rope_neox_f32,0.005400,1792x16x1,64x1x1,128x28x16x1
Kcur-25,kernel_add_row,0.006000,2048x0x0,64x0x0,512x16x1x1
Kcur-25,kernel_rope_neox_f32,0.002700,256x16x1,64x1x1,128x4x16x1
node_862,kernel_mul_mv_q6_K_f32,0.955000,512x1024x1,2x64x1,512x16x1x1
Vcur-25,kernel_add_row,0.002500,2048x0x0,64x0x0,512x16x1x1
cache_k_l25 (view),kernel_set_rows_f16_i64,0.003500,8192x1x1,512x1x1,512x4096x1x1
cache_v_l25 (view),kernel_set_rows_f16_i64,0.002900,8192x1x1,512x1x1,512x4096x1x1
__fattn__-25,flash_attn_f32_f16,1.351300,32x28x0,32x1x0,128x28x16x1
ffn_inp-25,kernel_add,0.024100,1024x1x1,64x1x1,3584x16x1x1
ffn_norm-25,kernel_rms_norm_mul,0.009200,16384x1x1,1024x1x1,3584x16x1x1
ffn_swiglu-25,kernel_swiglu,0.046700,8192x1x1,512x1x1,18944x16x1x1
ffn_out-25,kernel_mul_mv_q6_K_f32,39.592999,3584x1024x1,2x64x1,3584x16x1x1
l_out-25,kernel_add,0.023500,1024x1x1,64x1x1,3584x16x1x1
attn_norm-26,kernel_rms_norm_mul,0.009300,16384x1x1,1024x1x1,3584x16x1x1
Qcur-26,kernel_add_row,0.008000,14336x0x0,64x0x0,3584x16x1x1
Qcur-26,kernel_rope_neox_f32,0.005500,1792x16x1,64x1x1,128x28x16x1
Kcur-26,kernel_add_row,0.005500,2048x0x0,64x0x0,512x16x1x1
Kcur-26,kernel_rope_neox_f32,0.002700,256x16x1,64x1x1,128x4x16x1
node_896,kernel_mul_mv_q6_K_f32,0.954700,512x1024x1,2x64x1,512x16x1x1
Vcur-26,kernel_add_row,0.002800,2048x0x0,64x0x0,512x16x1x1
cache_k_l26 (view),kernel_set_rows_f16_i64,0.003300,8192x1x1,512x1x1,512x4096x1x1
cache_v_l26 (view),kernel_set_rows_f16_i64,0.002800,8192x1x1,512x1x1,512x4096x1x1
__fattn__-26,flash_attn_f32_f16,1.371200,32x28x0,32x1x0,128x28x16x1
ffn_inp-26,kernel_add,0.023700,1024x1x1,64x1x1,3584x16x1x1
ffn_norm-26,kernel_rms_norm_mul,0.009200,16384x1x1,1024x1x1,3584x16x1x1
ffn_swiglu-26,kernel_swiglu,0.046800,8192x1x1,512x1x1,18944x16x1x1
ffn_out-26,kernel_mul_mv_q6_K_f32,39.551899,3584x1024x1,2x64x1,3584x16x1x1
l_out-26,kernel_add,0.023400,1024x1x1,64x1x1,3584x16x1x1
attn_norm-27,kernel_rms_norm_mul,0.009200,16384x1x1,1024x1x1,3584x16x1x1
Qcur-27,kernel_add_row,0.008100,14336x0x0,64x0x0,3584x16x1x1
Qcur-27,kernel_rope_neox_f32,0.005500,1792x16x1,64x1x1,128x28x16x1
Kcur-27,kernel_add_row,0.005600,2048x0x0,64x0x0,512x16x1x1
Kcur-27,kernel_rope_neox_f32,0.002800,256x16x1,64x1x1,128x4x16x1
node_930,kernel_mul_mv_q6_K_f32,0.956300,512x1024x1,2x64x1,512x16x1x1
Vcur-27,kernel_add_row,0.002100,2048x0x0,64x0x0,512x16x1x1
cache_k_l27 (view),kernel_set_rows_f16_i64,0.003200,8192x1x1,512x1x1,512x4096x1x1
cache_v_l27 (view),kernel_set_rows_f16_i64,0.002800,8192x1x1,512x1x1,512x4096x1x1
__fattn__-27,flash_attn_f32_f16,1.352300,32x28x0,32x1x0,128x28x16x1
attn_norm-0,kernel_rms_norm_mul,0.012500,16384x1x1,1024x1x1,3584x16x1x1
Qcur-0,kernel_add_row,0.007800,14336x0x0,64x0x0,3584x16x1x1
Qcur-0,kernel_rope_neox_f32,0.005400,1792x16x1,64x1x1,128x28x16x1
Kcur-0,kernel_add_row,0.005800,2048x0x0,64x0x0,512x16x1x1
Kcur-0,kernel_rope_neox_f32,0.002800,256x16x1,64x1x1,128x4x16x1
node_11,kernel_mul_mv_q6_K_f32,0.955200,512x1024x1,2x64x1,512x16x1x1
Vcur-0,kernel_add_row,0.002600,2048x0x0,64x0x0,512x16x1x1
cache_k_l0 (view),kernel_set_rows_f16_i64,0.003300,8192x1x1,512x1x1,512x4096x1x1
cache_v_l0 (view),kernel_set_rows_f16_i64,0.002800,8192x1x1,512x1x1,512x4096x1x1
 (copy),kernel_cpy_f32_f16,0.003400,4096x1x1,64x1x1,256x64x1x1
__fattn__-0,flash_attn_f32_f16,1.356100,32x28x0,32x1x0,128x28x16x1
ffn_inp-0,kernel_add,0.025300,1024x1x1,64x1x1,3584x16x1x1
ffn_norm-0,kernel_rms_norm_mul,0.009200,16384x1x1,1024x1x1,3584x16x1x1
ffn_swiglu-0,kernel_swiglu,0.046000,8192x1x1,512x1x1,18944x16x1x1
ffn_out-0,kernel_mul_mv_q6_K_f32,39.589699,3584x1024x1,2x64x1,3584x16x1x1
l_out-0,kernel_add,0.023100,1024x1x1,64x1x1,3584x16x1x1
attn_norm-1,kernel_rms_norm_mul,0.009100,16384x1x1,1024x1x1,3584x16x1x1
Qcur-1,kernel_add_row,0.007700,14336x0x0,64x0x0,3584x16x1x1
Qcur-1,kernel_rope_neox_f32,0.005500,1792x16x1,64x1x1,128x28x16x1
Kcur-1,kernel_add_row,0.005700,2048x0x0,64x0x0,512x16x1x1
Kcur-1,kernel_rope_neox_f32,0.003000,256x16x1,64x1x1,128x4x16x1
node_46,kernel_mul_mv_q6_K_f32,0.954100,512x1024x1,2x64x1,512x16x1x1
Vcur-1,kernel_add_row,0.002500,2048x0x0,64x0x0,512x16x1x1
cache_k_l1 (view),kernel_set_rows_f16_i64,0.003300,8192x1x1,512x1x1,512x4096x1x1
cache_v_l1 (view),kernel_set_rows_f16_i64,0.002800,8192x1x1,512x1x1,512x4096x1x1
__fattn__-1,flash_attn_f32_f16,1.355800,32x28x0,32x1x0,128x28x16x1
ffn_inp-1,kernel_add,0.024100,1024x1x1,64x1x1,3584x16x1x1
ffn_norm-1,kernel_rms_norm_mul,0.009100,16384x1x1,1024x1x1,3584x16x1x1
ffn_swiglu-1,kernel_swiglu,0.047100,8192x1x1,512x1x1,18944x16x1x1
ffn_out-1,kernel_mul_mv_q6_K_f32,39.567699,3584x1024x1,2x64x1,3584x16x1x1
l_out-1,kernel_add,0.023200,1024x1x1,64x1x1,3584x16x1x1
attn_norm-2,kernel_rms_norm_mul,0.009100,16384x1x1,1024x1x1,3584x16x1x1
Qcur-2,kernel_add_row,0.007900,14336x0x0,64x0x0,3584x16x1x1
Qcur-2,kernel_rope_neox_f32,0.005500,1792x16x1,64x1x1,128x28x16x1
Kcur-2,kernel_add_row,0.005700,2048x0x0,64x0x0,512x16x1x1
Kcur-2,kernel_rope_neox_f32,0.002700,256x16x1,64x1x1,128x4x16x1
node_80,kernel_mul_mv_q6_K_f32,0.957100,512x1024x1,2x64x1,512x16x1x1
Vcur-2,kernel_add_row,0.002500,2048x0x0,64x0x0,512x16x1x1
cache_k_l2 (view),kernel_set_rows_f16_i64,0.003300,8192x1x1,512x1x1,512x4096x1x1
cache_v_l2 (view),kernel_set_rows_f16_i64,0.002800,8192x1x1,512x1x1,512x4096x1x1
__fattn__-2,flash_attn_f32_f16,1.343800,32x28x0,32x1x0,128x28x16x1
ffn_inp-2,kernel_add,0.023900,1024x1x1,64x1x1,3584x16x1x1
ffn_norm-2,kernel_rms_norm_mul,0.009200,16384x1x1,1024x1x1,3584x16x1x1
ffn_swiglu-2,kernel_swiglu,0.047700,8192x1x1,512x1x1,18944x16x1x1
ffn_out-2,kernel_mul_mv_q6_K_f32,40.456902,3584x1024x1,2x64x1,3584x16x1x1
l_out-2,kernel_add,0.023100,1024x1x1,64x1x1,3584x16x1x1
attn_norm-3,kernel_rms_norm_mul,0.009300,16384x1x1,1024x1x1,3584x16x1x1
Qcur-3,kernel_add_row,0.013000,14336x0x0,64x0x0,3584x16x1x1
Qcur-3,kernel_rope_neox_f32,0.005500,1792x16x1,64x1x1,128x28x16x1
Kcur-3,kernel_add_row,0.005700,2048x0x0,64x0x0,512x16x1x1
Kcur-3,kernel_rope_neox_f32,0.002700,256x16x1,64x1x1,128x4x16x1
Vcur-3,kernel_add_row,0.005600,2048x0x0,64x0x0,512x16x1x1
cache_k_l3 (view),kernel_set_rows_f16_i64,0.003300,8192x1x1,512x1x1,512x4096x1x1
cache_v_l3 (view),kernel_set_rows_f16_i64,0.002700,8192x1x1,512x1x1,512x4096x1x1
__fattn__-3,flash_attn_f32_f16,1.343000,32x28x0,32x1x0,128x28x16x1
ffn_inp-3,kernel_add,0.024200,1024x1x1,64x1x1,3584x16x1x1
ffn_norm-3,kernel_rms_norm_mul,0.009100,16384x1x1,1024x1x1,3584x16x1x1
l_out-3,kernel_add,0.024400,1024x1x1,64x1x1,3584x16x1x1
attn_norm-4,kernel_rms_norm_mul,0.009100,16384x1x1,1024x1x1,3584x16x1x1
Qcur-4,kernel_add_row,0.013000,14336x0x0,64x0x0,3584x16x1x1
Qcur-4,kernel_rope_neox_f32,0.005500,1792x16x1,64x1x1,128x28x16x1
Kcur-4,kernel_add_row,0.005700,2048x0x0,64x0x0,512x16x1x1
Kcur-4,kernel_rope_neox_f32,0.002700,256x16x1,64x1x1,128x4x16x1
Vcur-4,kernel_add_row,0.005500,2048x0x0,64x0x0,512x16x1x1
cache_k_l4 (view),kernel_set_rows_f16_i64,0.003100,8192x1x1,512x1x1,512x4096x1x1
cache_v_l4 (view),kernel_set_rows_f16_i64,0.002800,8192x1x1,512x1x1,512x4096x1x1
__fattn__-4,flash_attn_f32_f16,1.366500,32x28x0,32x1x0,128x28x16x1
ffn_inp-4,kernel_add,0.024600,1024x1x1,64x1x1,3584x16x1x1
ffn_norm-4,kernel_rms_norm_mul,0.009200,16384x1x1,1024x1x1,3584x16x1x1
l_out-4,kernel_add,0.023200,1024x1x1,64x1x1,3584x16x1x1
attn_norm-5,kernel_rms_norm_mul,0.009200,16384x1x1,1024x1x1,3584x16x1x1
Qcur-5,kernel_add_row,0.007400,14336x0x0,64x0x0,3584x16x1x1
Qcur-5,kernel_rope_neox_f32,0.005500,1792x16x1,64x1x1,128x28x16x1
Kcur-5,kernel_add_row,0.005600,2048x0x0,64x0x0,512x16x1x1
Kcur-5,kernel_rope_neox_f32,0.002700,256x16x1,64x1x1,128x4x16x1
node_182,kernel_mul_mv_q6_K_f32,0.955100,512x1024x1,2x64x1,512x16x1x1
Vcur-5,kernel_add_row,0.002500,2048x0x0,64x0x0,512x16x1x1
cache_k_l5 (view),kernel_set_rows_f16_i64,0.003300,8192x1x1,512x1x1,512x4096x1x1
cache_v_l5 (view),kernel_set_rows_f16_i64,0.002800,8192x1x1,512x1x1,512x4096x1x1
__fattn__-5,flash_attn_f32_f16,1.333200,32x28x0,32x1x0,128x28x16x1
ffn_inp-5,kernel_add,0.024900,1024x1x1,64x1x1,3584x16x1x1
ffn_norm-5,kernel_rms_norm_mul,0.009300,16384x1x1,1024x1x1,3584x16x1x1
ffn_swiglu-5,kernel_swiglu,0.047900,8192x1x1,512x1x1,18944x16x1x1
ffn_out-5,kernel_mul_mv_q6_K_f32,40.638901,3584x1024x1,2x64x1,3584x16x1x1
l_out-5,kernel_add,0.023400,1024x1x1,64x1x1,3584x16x1x1
attn_norm-6,kernel_rms_norm_mul,0.009200,16384x1x1,1024x1x1,3584x16x1x1
Qcur-6,kernel_add_row,0.012800,14336x0x0,64x0x0,3584x16x1x1
Qcur-6,kernel_rope_neox_f32,0.005400,1792x16x1,64x1x1,128x28x16x1
Kcur-6,kernel_add_row,0.005600,2048x0x0,64x0x0,512x16x1x1
Kcur-6,kernel_rope_neox_f32,0.002800,256x16x1,64x1x1,128x4x16x1
Vcur-6,kernel_add_row,0.005700,2048x0x0,64x0x0,512x16x1x1
cache_k_l6 (view),kernel_set_rows_f16_i64,0.003400,8192x1x1,512x1x1,512x4096x1x1
cache_v_l6 (view),kernel_set_rows_f16_i64,0.002800,8192x1x1,512x1x1,512x4096x1x1
__fattn__-6,flash_attn_f32_f16,1.361300,32x28x0,32x1x0,128x28x16x1
ffn_inp-6,kernel_add,0.024700,1024x1x1,64x1x1,3584x16x1x1
ffn_norm-6,kernel_rms_norm_mul,0.009100,16384x1x1,1024x1x1,3584x16x1x1
l_out-6,kernel_add,0.024300,1024x1x1,64x1x1,3584x16x1x1
attn_norm-7,kernel_rms_norm_mul,0.009200,16384x1x1,1024x1x1,3584x16x1x1
Qcur-7,kernel_add_row,0.013100,14336x0x0,64x0x0,3584x16x1x1
Qcur-7,kernel_rope_neox_f32,0.005500,1792x16x1,64x1x1,128x28x16x1
Kcur-7,kernel_add_row,0.005600,2048x0x0,64x0x0,512x16x1x1
Kcur-7,kernel_rope_neox_f32,0.002900,256x16x1,64x1x1,128x4x16x1
Vcur-7,kernel_add_row,0.005800,2048x0x0,64x0x0,512x16x1x1
cache_k_l7 (view),kernel_set_rows_f16_i64,0.003200,8192x1x1,512x1x1,512x4096x1x1
cache_v_l7 (view),kernel_set_rows_f16_i64,0.002800,8192x1x1,512x1x1,512x4096x1x1
__fattn__-7,flash_attn_f32_f16,1.337200,32x28x0,32x1x0,128x28x16x1
ffn_inp-7,kernel_add,0.024700,1024x1x1,64x1x1,3584x16x1x1
ffn_norm-7,kernel_rms_norm_mul,0.009100,16384x1x1,1024x1x1,3584x16x1x1
l_out-7,kernel_add,0.022800,1024x1x1,64x1x1,3584x16x1x1
attn_norm-8,kernel_rms_norm_mul,0.009100,16384x1x1,1024x1x1,3584x16x1x1
Qcur-8,kernel_add_row,0.007500,14336x0x0,64x0x0,3584x16x1x1
Qcur-8,kernel_rope_neox_f32,0.005400,1792x16x1,64x1x1,128x28x16x1
Kcur-8,kernel_add_row,0.005600,2048x0x0,64x0x0,512x16x1x1
Kcur-8,kernel_rope_neox_f32,0.002800,256x16x1,64x1x1,128x4x16x1
node_284,kernel_mul_mv_q6_K_f32,0.956500,512x1024x1,2x64x1,512x16x1x1
Vcur-8,kernel_add_row,0.002700,2048x0x0,64x0x0,512x16x1x1
cache_k_l8 (view),kernel_set_rows_f16_i64,0.003300,8192x1x1,512x1x1,512x4096x1x1
cache_v_l8 (view),kernel_set_rows_f16_i64,0.002800,8192x1x1,512x1x1,512x4096x1x1
__fattn__-8,flash_attn_f32_f16,1.370800,32x28x0,32x1x0,128x28x16x1
ffn_inp-8,kernel_add,0.024600,1024x1x1,64x1x1,3584x16x1x1
ffn_norm-8,kernel_rms_norm_mul,0.009100,16384x1x1,1024x1x1,3584x16x1x1
ffn_swiglu-8,kernel_swiglu,0.053600,8192x1x1,512x1x1,18944x16x1x1
ffn_out-8,kernel_mul_mv_q6_K_f32,40.200199,3584x1024x1,2x64x1,3584x16x1x1
l_out-8,kernel_add,0.023100,1024x1x1,64x1x1,3584x16x1x1
attn_norm-9,kernel_rms_norm_mul,0.009200,16384x1x1,1024x1x1,3584x16x1x1
Qcur-9,kernel_add_row,0.012100,14336x0x0,64x0x0,3584x16x1x1
Qcur-9,kernel_rope_neox_f32,0.005500,1792x16x1,64x1x1,128x28x16x1
Kcur-9,kernel_add_row,0.005600,2048x0x0,64x0x0,512x16x1x1
Kcur-9,kernel_rope_neox_f32,0.002700,256x16x1,64x1x1,128x4x16x1
Vcur-9,kernel_add_row,0.005600,2048x0x0,64x0x0,512x16x1x1
cache_k_l9 (view),kernel_set_rows_f16_i64,0.003400,8192x1x1,512x1x1,512x4096x1x1
cache_v_l9 (view),kernel_set_rows_f16_i64,0.002800,8192x1x1,512x1x1,512x4096x1x1
__fattn__-9,flash_attn_f32_f16,1.355200,32x28x0,32x1x0,128x28x16x1
ffn_inp-9,kernel_add,0.024100,1024x1x1,64x1x1,3584x16x1x1
ffn_norm-9,kernel_rms_norm_mul,0.009100,16384x1x1,1024x1x1,3584x16x1x1
l_out-9,kernel_add,0.025300,1024x1x1,64x1x1,3584x16x1x1
attn_norm-10,kernel_rms_norm_mul,0.009600,16384x1x1,1024x1x1,3584x16x1x1
Qcur-10,kernel_add_row,0.012200,14336x0x0,64x0x0,3584x16x1x1
Qcur-10,kernel_rope_neox_f32,0.005600,1792x16x1,64x1x1,128x28x16x1
Kcur-10,kernel_add_row,0.005700,2048x0x0,64x0x0,512x16x1x1
Kcur-10,kernel_rope_neox_f32,0.002600,256x16x1,64x1x1,128x4x16x1
Vcur-10,kernel_add_row,0.005600,2048x0x0,64x0x0,512x16x1x1
cache_k_l10 (view),kernel_set_rows_f16_i64,0.003700,8192x1x1,512x1x1,512x4096x1x1
cache_v_l10 (view),kernel_set_rows_f16_i64,0.002700,8192x1x1,512x1x1,512x4096x1x1
__fattn__-10,flash_attn_f32_f16,1.360600,32x28x0,32x1x0,128x28x16x1
ffn_inp-10,kernel_add,0.023700,1024x1x1,64x1x1,3584x16x1x1
ffn_norm-10,kernel_rms_norm_mul,0.009100,16384x1x1,1024x1x1,3584x16x1x1
l_out-10,kernel_add,0.022700,1024x1x1,64x1x1,3584x16x1x1
attn_norm-11,kernel_rms_norm_mul,0.009200,16384x1x1,1024x1x1,3584x16x1x1
Qcur-11,kernel_add_row,0.007200,14336x0x0,64x0x0,3584x16x1x1
Qcur-11,kernel_rope_neox_f32,0.005500,1792x16x1,64x1x1,128x28x16x1
Kcur-11,kernel_add_row,0.005700,2048x0x0,64x0x0,512x16x1x1
Kcur-11,kernel_rope_neox_f32,0.002900,256x16x1,64x1x1,128x4x16x1
node_386,kernel_mul_mv_q6_K_f32,0.955700,512x1024x1,2x64x1,512x16x1x1
Vcur-11,kernel_add_row,0.002500,2048x0x0,64x0x0,512x16x1x1
cache_k_l11 (view),kernel_set_rows_f16_i64,0.003300,8192x1x1,512x1x1,512x4096x1x1
cache_v_l11 (view),kernel_set_rows_f16_i64,0.002800,8192x1x1,512x1x1,512x4096x1x1
__fattn__-11,flash_attn_f32_f16,1.350700,32x28x0,32x1x0,128x28x16x1
ffn_inp-11,kernel_add,0.024600,1024x1x1,64x1x1,3584x16x1x1
ffn_norm-11,kernel_rms_norm_mul,0.009100,16384x1x1,1024x1x1,3584x16x1x1
ffn_swiglu-11,kernel_swiglu,0.047600,8192x1x1,512x1x1,18944x16x1x1
ffn_out-11,kernel_mul_mv_q6_K_f32,39.626999,3584x1024x1,2x64x1,3584x16x1x1
l_out-11,kernel_add,0.023700,1024x1x1,64x1x1,3584x16x1x1
attn_norm-12,kernel_rms_norm_mul,0.009300,16384x1x1,1024x1x1,3584x16x1x1
Qcur-12,kernel_add_row,0.011600,14336x0x0,64x0x0,3584x16x1x1
Qcur-12,kernel_rope_neox_f32,0.005700,1792x16x1,64x1x1,128x28x16x1
Kcur-12,kernel_add_row,0.005700,2048x0x0,64x0x0,512x16x1x1
Kcur-12,kernel_rope_neox_f32,0.002800,256x16x1,64x1x1,128x4x16x1
Vcur-12,kernel_add_row,0.005700,2048x0x0,64x0x0,512x16x1x1
cache_k_l12 (view),kernel_set_rows_f16_i64,0.003400,8192x1x1,512x1x1,512x4096x1x1
cache_v_l12 (view),kernel_set_rows_f16_i64,0.002800,8192x1x1,512x1x1,512x4096x1x1
__fattn__-12,flash_attn_f32_f16,1.357200,32x28x0,32x1x0,128x28x16x1
ffn_inp-12,kernel_add,0.024600,1024x1x1,64x1x1,3584x16x1x1
ffn_norm-12,kernel_rms_norm_mul,0.009200,16384x1x1,1024x1x1,3584x16x1x1
l_out-12,kernel_add,0.024000,1024x1x1,64x1x1,3584x16x1x1
attn_norm-13,kernel_rms_norm_mul,0.009100,16384x1x1,1024x1x1,3584x16x1x1
Qcur-13,kernel_add_row,0.012900,14336x0x0,64x0x0,3584x16x1x1
Qcur-13,kernel_rope_neox_f32,0.005500,1792x16x1,64x1x1,128x28x16x1
Kcur-13,kernel_add_row,0.005600,2048x0x0,64x0x0,512x16x1x1
Kcur-13,kernel_rope_neox_f32,0.002700,256x16x1,64x1x1,128x4x16x1
Vcur-13,kernel_add_row,0.005600,2048x0x0,64x0x0,512x16x1x1
cache_k_l13 (view),kernel_set_rows_f16_i64,0.003300,8192x1x1,512x1x1,512x4096x1x1
cache_v_l13 (view),kernel_set_rows_f16_i64,0.002700,8192x1x1,512x1x1,512x4096x1x1
__fattn__-13,flash_attn_f32_f16,1.354900,32x28x0,32x1x0,128x28x16x1
ffn_inp-13,kernel_add,0.024300,1024x1x1,64x1x1,3584x16x1x1
ffn_norm-13,kernel_rms_norm_mul,0.009100,16384x1x1,1024x1x1,3584x16x1x1
l_out-13,kernel_add,0.023100,1024x1x1,64x1x1,3584x16x1x1
attn_norm-14,kernel_rms_norm_mul,0.009100,16384x1x1,1024x1x1,3584x16x1x1
Qcur-14,kernel_add_row,0.007600,14336x0x0,64x0x0,3584x16x1x1
Qcur-14,kernel_rope_neox_f32,0.005500,1792x16x1,64x1x1,128x28x16x1
Kcur-14,kernel_add_row,0.005600,2048x0x0,64x0x0,512x16x1x1
Kcur-14,kernel_rope_neox_f32,0.002800,256x16x1,64x1x1,128x4x16x1
node_488,kernel_mul_mv_q6_K_f32,0.954600,512x1024x1,2x64x1,512x16x1x1
Vcur-14,kernel_add_row,0.002500,2048x0x0,64x0x0,512x16x1x1
cache_k_l14 (view),kernel_set_rows_f16_i64,0.003400,8192x1x1,512x1x1,512x4096x1x1
cache_v_l14 (view),kernel_set_rows_f16_i64,0.002800,8192x1x1,512x1x1,512x4096x1x1
__fattn__-14,flash_attn_f32_f16,1.361900,32x28x0,32x1x0,128x28x16x1
ffn_inp-14,kernel_add,0.024700,1024x1x1,64x1x1,3584x16x1x1
ffn_norm-14,kernel_rms_norm_mul,0.009200,16384x1x1,1024x1x1,3584x16x1x1
ffn_swiglu-14,kernel_swiglu,0.047200,8192x1x1,512x1x1,18944x16x1x1
ffn_out-14,kernel_mul_mv_q6_K_f32,39.643700,3584x1024x1,2x64x1,3584x16x1x1
l_out-14,kernel_add,0.023600,1024x1x1,64x1x1,3584x16x1x1
attn_norm-15,kernel_rms_norm_mul,0.009300,16384x1x1,1024x1x1,3584x16x1x1
Qcur-15,kernel_add_row,0.012300,14336x0x0,64x0x0,3584x16x1x1
Qcur-15,kernel_rope_neox_f32,0.005500,1792x16x1,64x1x1,128x28x16x1
Kcur-15,kernel_add_row,0.005700,2048x0x0,64x0x0,512x16x1x1
Kcur-15,kernel_rope_neox_f32,0.002600,256x16x1,64x1x1,128x4x16x1
Vcur-15,kernel_add_row,0.005600,2048x0x0,64x0x0,512x16x1x1
cache_k_l15 (view),kernel_set_rows_f16_i64,0.003200,8192x1x1,512x1x1,512x4096x1x1
cache_v_l15 (view),kernel_set_rows_f16_i64,0.002700,8192x1x1,512x1x1,512x4096x1x1
__fattn__-15,flash_attn_f32_f16,1.352900,32x28x0,32x1x0,128x28x16x1
ffn_inp-15,kernel_add,0.024400,1024x1x1,64x1x1,3584x16x1x1
ffn_norm-15,kernel_rms_norm_mul,0.009300,16384x1x1,1024x1x1,3584x16x1x1
l_out-15,kernel_add,0.024300,1024x1x1,64x1x1,3584x16x1x1
attn_norm-16,kernel_rms_norm_mul,0.009200,16384x1x1,1024x1x1,3584x16x1x1
Qcur-16,kernel_add_row,0.012900,14336x0x0,64x0x0,3584x16x1x1
Qcur-16,kernel_rope_neox_f32,0.005700,1792x16x1,64x1x1,128x28x16x1
Kcur-16,kernel_add_row,0.005500,2048x0x0,64x0x0,512x16x1x1
Kcur-16,kernel_rope_neox_f32,0.002700,256x16x1,64x1x1,128x4x16x1
Vcur-16,kernel_add_row,0.005600,2048x0x0,64x0x0,512x16x1x1
cache_k_l16 (view),kernel_set_rows_f16_i64,0.003500,8192x1x1,512x1x1,512x4096x1x1
cache_v_l16 (view),kernel_set_rows_f16_i64,0.002900,8192x1x1,512x1x1,512x4096x1x1
__fattn__-16,flash_attn_f32_f16,1.352200,32x28x0,32x1x0,128x28x16x1
ffn_inp-16,kernel_add,0.024500,1024x1x1,64x1x1,3584x16x1x1
ffn_norm-16,kernel_rms_norm_mul,0.009100,16384x1x1,1024x1x1,3584x16x1x1
l_out-16,kernel_add,0.022800,1024x1x1,64x1x1,3584x16x1x1
attn_norm-17,kernel_rms_norm_mul,0.009100,16384x1x1,1024x1x1,3584x16x1x1
Qcur-17,kernel_add_row,0.007600,14336x0x0,64x0x0,3584x16x1x1
Qcur-17,kernel_rope_neox_f32,0.005500,1792x16x1,64x1x1,128x28x16x1
Kcur-17,kernel_add_row,0.005600,2048x0x0,64x0x0,512x16x1x1
Kcur-17,kernel_rope_neox_f32,0.002700,256x16x1,64x1x1,128x4x16x1
node_590,kernel_mul_mv_q6_K_f32,0.954300,512x1024x1,2x64x1,512x16x1x1
Vcur-17,kernel_add_row,0.002400,2048x0x0,64x0x0,512x16x1x1
cache_k_l17 (view),kernel_set_rows_f16_i64,0.003200,8192x1x1,512x1x1,512x4096x1x1
cache_v_l17 (view),kernel_set_rows_f16_i64,0.002700,8192x1x1,512x1x1,512x4096x1x1
__fattn__-17,flash_attn_f32_f16,1.365500,32x28x0,32x1x0,128x28x16x1
ffn_inp-17,kernel_add,0.025200,1024x1x1,64x1x1,3584x16x1x1
ffn_norm-17,kernel_rms_norm_mul,0.009300,16384x1x1,1024x1x1,3584x16x1x1
ffn_swiglu-17,kernel_swiglu,0.047800,8192x1x1,512x1x1,18944x16x1x1
ffn_out-17,kernel_mul_mv_q6_K_f32,39.594299,3584x1024x1,2x64x1,3584x16x1x1
l_out-17,kernel_add,0.023200,1024x1x1,64x1x1,3584x16x1x1
attn_norm-18,kernel_rms_norm_mul,0.009200,16384x1x1,1024x1x1,3584x16x1x1
Qcur-18,kernel_add_row,0.012100,14336x0x0,64x0x0,3584x16x1x1
Qcur-18,kernel_rope_neox_f32,0.005400,1792x16x1,64x1x1,128x28x16x1
Kcur-18,kernel_add_row,0.005800,2048x0x0,64x0x0,512x16x1x1
Kcur-18,kernel_rope_neox_f32,0.002800,256x16x1,64x1x1,128x4x16x1
Vcur-18,kernel_add_row,0.005700,2048x0x0,64x0x0,512x16x1x1
cache_k_l18 (view),kernel_set_rows_f16_i64,0.003400,8192x1x1,512x1x1,512x4096x1x1
cache_v_l18 (view),kernel_set_rows_f16_i64,0.002700,8192x1x1,512x1x1,512x4096x1x1
__fattn__-18,flash_attn_f32_f16,1.332100,32x28x0,32x1x0,128x28x16x1
ffn_inp-18,kernel_add,0.024300,1024x1x1,64x1x1,3584x16x1x1
ffn_norm-18,kernel_rms_norm_mul,0.009200,16384x1x1,1024x1x1,3584x16x1x1
l_out-18,kernel_add,0.023800,1024x1x1,64x1x1,3584x16x1x1
attn_norm-19,kernel_rms_norm_mul,0.009100,16384x1x1,1024x1x1,3584x16x1x1
Qcur-19,kernel_add_row,0.013100,14336x0x0,64x0x0,3584x16x1x1
Qcur-19,kernel_rope_neox_f32,0.005400,1792x16x1,64x1x1,128x28x16x1
Kcur-19,kernel_add_row,0.005700,2048x0x0,64x0x0,512x16x1x1
Kcur-19,kernel_rope_neox_f32,0.002800,256x16x1,64x1x1,128x4x16x1
Vcur-19,kernel_add_row,0.005600,2048x0x0,64x0x0,512x16x1x1
cache_k_l19 (view),kernel_set_rows_f16_i64,0.003300,8192x1x1,512x1x1,512x4096x1x1
cache_v_l19 (view),kernel_set_rows_f16_i64,0.002800,8192x1x1,512x1x1,512x4096x1x1
__fattn__-19,flash_attn_f32_f16,1.367600,32x28x0,32x1x0,128x28x16x1
ffn_inp-19,kernel_add,0.024600,1024x1x1,64x1x1,3584x16x1x1
ffn_norm-19,kernel_rms_norm_mul,0.009200,16384x1x1,1024x1x1,3584x16x1x1
l_out-19,kernel_add,0.023000,1024x1x1,64x1x1,3584x16x1x1
attn_norm-20,kernel_rms_norm_mul,0.009200,16384x1x1,1024x1x1,3584x16x1x1
Qcur-20,kernel_add_row,0.007300,14336x0x0,64x0x0,3584x16x1x1
Qcur-20,kernel_rope_neox_f32,0.005500,1792x16x1,64x1x1,128x28x16x1
Kcur-20,kernel_add_row,0.005700,2048x0x0,64x0x0,512x16x1x1
Kcur-20,kernel_rope_neox_f32,0.002800,256x16x1,64x1x1,128x4x16x1
node_692,kernel_mul_mv_q6_K_f32,0.954900,512x1024x1,2x64x1,512x16x1x1
Vcur-20,kernel_add_row,0.002500,2048x0x0,64x0x0,512x16x1x1
cache_k_l20 (view),kernel_set_rows_f16_i64,0.003400,8192x1x1,512x1x1,512x4096x1x1
cache_v_l20 (view),kernel_set_rows_f16_i64,0.002900,8192x1x1,512x1x1,512x4096x1x1
__fattn__-20,flash_attn_f32_f16,1.346000,32x28x0,32x1x0,128x28x16x1
ffn_inp-20,kernel_add,0.024800,1024x1x1,64x1x1,3584x16x1x1
ffn_norm-20,kernel_rms_norm_mul,0.009200,16384x1x1,1024x1x1,3584x16x1x1
ffn_swiglu-20,kernel_swiglu,0.047200,8192x1x1,512x1x1,18944x16x1x1
ffn_out-20,kernel_mul_mv_q6_K_f32,39.629002,3584x1024x1,2x64x1,3584x16x1x1
l_out-20,kernel_add,0.023300,1024x1x1,64x1x1,3584x16x1x1
attn_norm-21,kernel_rms_norm_mul,0.009100,16384x1x1,1024x1x1,3584x16x1x1
Qcur-21,kernel_add_row,0.010800,14336x0x0,64x0x0,3584x16x1x1
Qcur-21,kernel_rope_neox_f32,0.005400,1792x16x1,64x1x1,128x28x16x1
Kcur-21,kernel_add_row,0.005600,2048x0x0,64x0x0,512x16x1x1
Kcur-21,kernel_rope_neox_f32,0.002700,256x16x1,64x1x1,128x4x16x1
Vcur-21,kernel_add_row,0.005600,2048x0x0,64x0x0,512x16x1x1
cache_k_l21 (view),kernel_set_rows_f16_i64,0.003400,8192x1x1,512x1x1,512x4096x1x1
cache_v_l21 (view),kernel_set_rows_f16_i64,0.002800,8192x1x1,512x1x1,512x4096x1x1
__fattn__-21,flash_attn_f32_f16,1.363200,32x28x0,32x1x0,128x28x16x1
ffn_inp-21,kernel_add,0.050000,1024x1x1,64x1x1,3584x16x1x1
ffn_norm-21,kernel_rms_norm_mul,0.009100,16384x1x1,1024x1x1,3584x16x1x1
l_out-21,kernel_add,0.024400,1024x1x1,64x1x1,3584x16x1x1
attn_norm-22,kernel_rms_norm_mul,0.009100,16384x1x1,1024x1x1,3584x16x1x1
Qcur-22,kernel_add_row,0.013100,14336x0x0,64x0x0,3584x16x1x1
Qcur-22,kernel_rope_neox_f32,0.005400,1792x16x1,64x1x1,128x28x16x1
Kcur-22,kernel_add_row,0.005700,2048x0x0,64x0x0,512x16x1x1
Kcur-22,kernel_rope_neox_f32,0.002800,256x16x1,64x1x1,128x4x16x1
Vcur-22,kernel_add_row,0.005700,2048x0x0,64x0x0,512x16x1x1
cache_k_l22 (view),kernel_set_rows_f16_i64,0.003300,8192x1x1,512x1x1,512x4096x1x1
cache_v_l22 (view),kernel_set_rows_f16_i64,0.002800,8192x1x1,512x1x1,512x4096x1x1
__fattn__-22,flash_attn_f32_f16,1.363900,32x28x0,32x1x0,128x28x16x1
ffn_inp-22,kernel_add,0.024100,1024x1x1,64x1x1,3584x16x1x1
ffn_norm-22,kernel_rms_norm_mul,0.009200,16384x1x1,1024x1x1,3584x16x1x1
l_out-22,kernel_add,0.023100,1024x1x1,64x1x1,3584x16x1x1
attn_norm-23,kernel_rms_norm_mul,0.009100,16384x1x1,1024x1x1,3584x16x1x1
Qcur-23,kernel_add_row,0.007700,14336x0x0,64x0x0,3584x16x1x1
Qcur-23,kernel_rope_neox_f32,0.005400,1792x16x1,64x1x1,128x28x16x1
Kcur-23,kernel_add_row,0.005600,2048x0x0,64x0x0,512x16x1x1
Kcur-23,kernel_rope_neox_f32,0.002800,256x16x1,64x1x1,128x4x16x1
node_794,kernel_mul_mv_q6_K_f32,0.953900,512x1024x1,2x64x1,512x16x1x1
Vcur-23,kernel_add_row,0.002400,2048x0x0,64x0x0,512x16x1x1
cache_k_l23 (view),kernel_set_rows_f16_i64,0.003200,8192x1x1,512x1x1,512x4096x1x1
cache_v_l23 (view),kernel_set_rows_f16_i64,0.002800,8192x1x1,512x1x1,512x4096x1x1
__fattn__-23,flash_attn_f32_f16,1.331600,32x28x0,32x1x0,128x28x16x1
ffn_inp-23,kernel_add,0.024900,1024x1x1,64x1x1,3584x16x1x1
ffn_norm-23,kernel_rms_norm_mul,0.009100,16384x1x1,1024x1x1,3584x16x1x1
ffn_swiglu-23,kernel_swiglu,0.048900,8192x1x1,512x1x1,18944x16x1x1
ffn_out-23,kernel_mul_mv_q6_K_f32,39.603500,3584x1024x1,2x64x1,3584x16x1x1
l_out-23,kernel_add,0.023300,1024x1x1,64x1x1,3584x16x1x1
attn_norm-24,kernel_rms_norm_mul,0.009100,16384x1x1,1024x1x1,3584x16x1x1
Qcur-24,kernel_add_row,0.008200,14336x0x0,64x0x0,3584x16x1x1
Qcur-24,kernel_rope_neox_f32,0.005600,1792x16x1,64x1x1,128x28x16x1
Kcur-24,kernel_add_row,0.005600,2048x0x0,64x0x0,512x16x1x1
Kcur-24,kernel_rope_neox_f32,0.002800,256x16x1,64x1x1,128x4x16x1
node_828,kernel_mul_mv_q6_K_f32,0.957100,512x1024x1,2x64x1,512x16x1x1
Vcur-24,kernel_add_row,0.002500,2048x0x0,64x0x0,512x16x1x1
cache_k_l24 (view),kernel_set_rows_f16_i64,0.003300,8192x1x1,512x1x1,512x4096x1x1
cache_v_l24 (view),kernel_set_rows_f16_i64,0.002900,8192x1x1,512x1x1,512x4096x1x1
__fattn__-24,flash_attn_f32_f16,1.352600,32x28x0,32x1x0,128x28x16x1
ffn_inp-24,kernel_add,0.023900,1024x1x1,64x1x1,3584x16x1x1
ffn_norm-24,kernel_rms_norm_mul,0.009100,16384x1x1,1024x1x1,3584x16x1x1
ffn_swiglu-24,kernel_swiglu,0.046700,8192x1x1,512x1x1,18944x16x1x1
ffn_out-24,kernel_mul_mv_q6_K_f32,39.611198,3584x1024x1,2x64x1,3584x16x1x1
l_out-24,kernel_add,0.023000,1024x1x1,64x1x1,3584x16x1x1
attn_norm-25,kernel_rms_norm_mul,0.009200,16384x1x1,1024x1x1,3584x16x1x1
Qcur-25,kernel_add_row,0.008000,14336x0x0,64x0x0,3584x16x1x1
Qcur-25,kernel_rope_neox_f32,0.005400,1792x16x1,64x1x1,128x28x16x1
Kcur-25,kernel_add_row,0.005700,2048x0x0,64x0x0,512x16x1x1
Kcur-25,kernel_rope_neox_f32,0.002700,256x16x1,64x1x1,128x4x16x1
node_862,kernel_mul_mv_q6_K_f32,0.955400,512x1024x1,2x64x1,512x16x1x1
Vcur-25,kernel_add_row,0.002600,2048x0x0,64x0x0,512x16x1x1
cache_k_l25 (view),kernel_set_rows_f16_i64,0.003400,8192x1x1,512x1x1,512x4096x1x1
cache_v_l25 (view),kernel_set_rows_f16_i64,0.002800,8192x1x1,512x1x1,512x4096x1x1
__fattn__-25,flash_attn_f32_f16,1.367500,32x28x0,32x1x0,128x28x16x1
ffn_inp-25,kernel_add,0.024200,1024x1x1,64x1x1,3584x16x1x1
ffn_norm-25,kernel_rms_norm_mul,0.009100,16384x1x1,1024x1x1,3584x16x1x1
ffn_swiglu-25,kernel_swiglu,0.046600,8192x1x1,512x1x1,18944x16x1x1
ffn_out-25,kernel_mul_mv_q6_K_f32,39.614899,3584x1024x1,2x64x1,3584x16x1x1
l_out-25,kernel_add,0.023000,1024x1x1,64x1x1,3584x16x1x1
attn_norm-26,kernel_rms_norm_mul,0.009200,16384x1x1,1024x1x1,3584x16x1x1
Qcur-26,kernel_add_row,0.007700,14336x0x0,64x0x0,3584x16x1x1
Qcur-26,kernel_rope_neox_f32,0.005400,1792x16x1,64x1x1,128x28x16x1
Kcur-26,kernel_add_row,0.005600,2048x0x0,64x0x0,512x16x1x1
Kcur-26,kernel_rope_neox_f32,0.002800,256x16x1,64x1x1,128x4x16x1
node_896,kernel_mul_mv_q6_K_f32,0.954100,512x1024x1,2x64x1,512x16x1x1
Vcur-26,kernel_add_row,0.002600,2048x0x0,64x0x0,512x16x1x1
cache_k_l26 (view),kernel_set_rows_f16_i64,0.003400,8192x1x1,512x1x1,512x4096x1x1
cache_v_l26 (view),kernel_set_rows_f16_i64,0.002800,8192x1x1,512x1x1,512x4096x1x1
__fattn__-26,flash_attn_f32_f16,1.368100,32x28x0,32x1x0,128x28x16x1
ffn_inp-26,kernel_add,0.023500,1024x1x1,64x1x1,3584x16x1x1
ffn_norm-26,kernel_rms_norm_mul,0.009300,16384x1x1,1024x1x1,3584x16x1x1
ffn_swiglu-26,kernel_swiglu,0.049800,8192x1x1,512x1x1,18944x16x1x1
ffn_out-26,kernel_mul_mv_q6_K_f32,39.813900,3584x1024x1,2x64x1,3584x16x1x1
l_out-26,kernel_add,0.023100,1024x1x1,64x1x1,3584x16x1x1
attn_norm-27,kernel_rms_norm_mul,0.009200,16384x1x1,1024x1x1,3584x16x1x1
Qcur-27,kernel_add_row,0.044700,14336x0x0,64x0x0,3584x16x1x1
Qcur-27,kernel_rope_neox_f32,0.007700,1792x16x1,64x1x1,128x28x16x1
Kcur-27,kernel_add_row,0.004900,2048x0x0,64x0x0,512x16x1x1
Kcur-27,kernel_rope_neox_f32,0.002700,256x16x1,64x1x1,128x4x16x1
node_930,kernel_mul_mv_q6_K_f32,0.959300,512x1024x1,2x64x1,512x16x1x1
Vcur-27,kernel_add_row,0.002300,2048x0x0,64x0x0,512x16x1x1
cache_k_l27 (view),kernel_set_rows_f16_i64,0.003200,8192x1x1,512x1x1,512x4096x1x1
cache_v_l27 (view),kernel_set_rows_f16_i64,0.002900,8192x1x1,512x1x1,512x4096x1x1
__fattn__-27,flash_attn_f32_f16,1.366900,32x28x0,32x1x0,128x28x16x1
attn_norm-0,kernel_rms_norm_mul,0.012700,16384x1x1,1024x1x1,3584x16x1x1
Qcur-0,kernel_add_row,0.008000,14336x0x0,64x0x0,3584x16x1x1
Qcur-0,kernel_rope_neox_f32,0.005400,1792x16x1,64x1x1,128x28x16x1
Kcur-0,kernel_add_row,0.004600,2048x0x0,64x0x0,512x16x1x1
Kcur-0,kernel_rope_neox_f32,0.002700,256x16x1,64x1x1,128x4x16x1
node_11,kernel_mul_mv_q6_K_f32,0.957600,512x1024x1,2x64x1,512x16x1x1
Vcur-0,kernel_add_row,0.002200,2048x0x0,64x0x0,512x16x1x1
cache_k_l0 (view),kernel_set_rows_f16_i64,0.003300,8192x1x1,512x1x1,512x4096x1x1
cache_v_l0 (view),kernel_set_rows_f16_i64,0.002700,8192x1x1,512x1x1,512x4096x1x1
 (copy),kernel_cpy_f32_f16,0.003500,4096x1x1,64x1x1,256x64x1x1
__fattn__-0,flash_attn_f32_f16,1.368200,32x28x0,32x1x0,128x28x16x1
ffn_inp-0,kernel_add,0.025000,1024x1x1,64x1x1,3584x16x1x1
ffn_norm-0,kernel_rms_norm_mul,0.009300,16384x1x1,1024x1x1,3584x16x1x1
ffn_swiglu-0,kernel_swiglu,0.050600,8192x1x1,512x1x1,18944x16x1x1
ffn_out-0,kernel_mul_mv_q6_K_f32,39.882198,3584x1024x1,2x64x1,3584x16x1x1
l_out-0,kernel_add,0.023200,1024x1x1,64x1x1,3584x16x1x1
attn_norm-1,kernel_rms_norm_mul,0.009200,16384x1x1,1024x1x1,3584x16x1x1
Qcur-1,kernel_add_row,0.008900,14336x0x0,64x0x0,3584x16x1x1
Qcur-1,kernel_rope_neox_f32,0.005400,1792x16x1,64x1x1,128x28x16x1
Kcur-1,kernel_add_row,0.004800,2048x0x0,64x0x0,512x16x1x1
Kcur-1,kernel_rope_neox_f32,0.002700,256x16x1,64x1x1,128x4x16x1
node_46,kernel_mul_mv_q6_K_f32,0.957400,512x1024x1,2x64x1,512x16x1x1
Vcur-1,kernel_add_row,0.002400,2048x0x0,64x0x0,512x16x1x1
cache_k_l1 (view),kernel_set_rows_f16_i64,0.003300,8192x1x1,512x1x1,512x4096x1x1
cache_v_l1 (view),kernel_set_rows_f16_i64,0.002800,8192x1x1,512x1x1,512x4096x1x1
__fattn__-1,flash_attn_f32_f16,1.355200,32x28x0,32x1x0,128x28x16x1
ffn_inp-1,kernel_add,0.023900,1024x1x1,64x1x1,3584x16x1x1
ffn_norm-1,kernel_rms_norm_mul,0.009200,16384x1x1,1024x1x1,3584x16x1x1
ffn_swiglu-1,kernel_swiglu,0.048100,8192x1x1,512x1x1,18944x16x1x1
ffn_out-1,kernel_mul_mv_q6_K_f32,39.612400,3584x1024x1,2x64x1,3584x16x1x1
l_out-1,kernel_add,0.022800,1024x1x1,64x1x1,3584x16x1x1
attn_norm-2,kernel_rms_norm_mul,0.009200,16384x1x1,1024x1x1,3584x16x1x1
Qcur-2,kernel_add_row,0.008100,14336x0x0,64x0x0,3584x16x1x1
Qcur-2,kernel_rope_neox_f32,0.005500,1792x16x1,64x1x1,128x28x16x1
Kcur-2,kernel_add_row,0.005000,2048x0x0,64x0x0,512x16x1x1
Kcur-2,kernel_rope_neox_f32,0.002800,256x16x1,64x1x1,128x4x16x1
node_80,kernel_mul_mv_q6_K_f32,0.956200,512x1024x1,2x64x1,512x16x1x1
Vcur-2,kernel_add_row,0.002500,2048x0x0,64x0x0,512x16x1x1
cache_k_l2 (view),kernel_set_rows_f16_i64,0.003200,8192x1x1,512x1x1,512x4096x1x1
cache_v_l2 (view),kernel_set_rows_f16_i64,0.002800,8192x1x1,512x1x1,512x4096x1x1
__fattn__-2,flash_attn_f32_f16,1.348800,32x28x0,32x1x0,128x28x16x1
ffn_inp-2,kernel_add,0.023800,1024x1x1,64x1x1,3584x16x1x1
ffn_norm-2,kernel_rms_norm_mul,0.009200,16384x1x1,1024x1x1,3584x16x1x1
ffn_swiglu-2,kernel_swiglu,0.047300,8192x1x1,512x1x1,18944x16x1x1
ffn_out-2,kernel_mul_mv_q6_K_f32,40.419701,3584x1024x1,2x64x1,3584x16x1x1
l_out-2,kernel_add,0.022800,1024x1x1,64x1x1,3584x16x1x1
attn_norm-3,kernel_rms_norm_mul,0.009200,16384x1x1,1024x1x1,3584x16x1x1
Qcur-3,kernel_add_row,0.008600,14336x0x0,64x0x0,3584x16x1x1
Qcur-3,kernel_rope_neox_f32,0.005600,1792x16x1,64x1x1,128x28x16x1
Kcur-3,kernel_add_row,0.005000,2048x0x0,64x0x0,512x16x1x1
Kcur-3,kernel_rope_neox_f32,0.002800,256x16x1,64x1x1,128x4x16x1
Vcur-3,kernel_add_row,0.004800,2048x0x0,64x0x0,512x16x1x1
cache_k_l3 (view),kernel_set_rows_f16_i64,0.003100,8192x1x1,512x1x1,512x4096x1x1
cache_v_l3 (view),kernel_set_rows_f16_i64,0.002800,8192x1x1,512x1x1,512x4096x1x1
__fattn__-3,flash_attn_f32_f16,1.355600,32x28x0,32x1x0,128x28x16x1
ffn_inp-3,kernel_add,0.022700,1024x1x1,64x1x1,3584x16x1x1
ffn_norm-3,kernel_rms_norm_mul,0.009100,16384x1x1,1024x1x1,3584x16x1x1
l_out-3,kernel_add,0.024100,1024x1x1,64x1x1,3584x16x1x1
attn_norm-4,kernel_rms_norm_mul,0.009200,16384x1x1,1024x1x1,3584x16x1x1
Qcur-4,kernel_add_row,0.007800,14336x0x0,64x0x0,3584x16x1x1
Qcur-4,kernel_rope_neox_f32,0.005300,1792x16x1,64x1x1,128x28x16x1
Kcur-4,kernel_add_row,0.004900,2048x0x0,64x0x0,512x16x1x1
Kcur-4,kernel_rope_neox_f32,0.002800,256x16x1,64x1x1,128x4x16x1
Vcur-4,kernel_add_row,0.002900,2048x0x0,64x0x0,512x16x1x1
cache_k_l4 (view),kernel_set_rows_f16_i64,0.003200,8192x1x1,512x1x1,512x4096x1x1
cache_v_l4 (view),kernel_set_rows_f16_i64,0.002700,8192x1x1,512x1x1,512x4096x1x1
__fattn__-4,flash_attn_f32_f16,1.368000,32x28x0,32x1x0,128x28x16x1
ffn_inp-4,kernel_add,0.023300,1024x1x1,64x1x1,3584x16x1x1
ffn_norm-4,kernel_rms_norm_mul,0.009100,16384x1x1,1024x1x1,3584x16x1x1
l_out-4,kernel_add,0.024000,1024x1x1,64x1x1,3584x16x1x1
attn_norm-5,kernel_rms_norm_mul,0.009100,16384x1x1,1024x1x1,3584x16x1x1
Qcur-5,kernel_add_row,0.007500,14336x0x0,64x0x0,3584x16x1x1
Qcur-5,kernel_rope_neox_f32,0.005500,1792x16x1,64x1x1,128x28x16x1
Kcur-5,kernel_add_row,0.002600,2048x0x0,64x0x0,512x16x1x1
Kcur-5,kernel_rope_neox_f32,0.002700,256x16x1,64x1x1,128x4x16x1
node_182,kernel_mul_mv_q6_K_f32,0.955300,512x1024x1,2x64x1,512x16x1x1
Vcur-5,kernel_add_row,0.002600,2048x0x0,64x0x0,512x16x1x1
cache_k_l5 (view),kernel_set_rows_f16_i64,0.003200,8192x1x1,512x1x1,512x4096x1x1
cache_v_l5 (view),kernel_set_rows_f16_i64,0.002900,8192x1x1,512x1x1,512x4096x1x1
__fattn__-5,flash_attn_f32_f16,1.357500,32x28x0,32x1x0,128x28x16x1
ffn_inp-5,kernel_add,0.024200,1024x1x1,64x1x1,3584x16x1x1
ffn_norm-5,kernel_rms_norm_mul,0.009400,16384x1x1,1024x1x1,3584x16x1x1
ffn_swiglu-5,kernel_swiglu,0.048700,8192x1x1,512x1x1,18944x16x1x1
ffn_out-5,kernel_mul_mv_q6_K_f32,40.572300,3584x1024x1,2x64x1,3584x16x1x1
l_out-5,kernel_add,0.023200,1024x1x1,64x1x1,3584x16x1x1
attn_norm-6,kernel_rms_norm_mul,0.009300,16384x1x1,1024x1x1,3584x16x1x1
Qcur-6,kernel_add_row,0.007900,14336x0x0,64x0x0,3584x16x1x1
Qcur-6,kernel_rope_neox_f32,0.005500,1792x16x1,64x1x1,128x28x16x1
Kcur-6,kernel_add_row,0.005100,2048x0x0,64x0x0,512x16x1x1
Kcur-6,kernel_rope_neox_f32,0.002700,256x16x1,64x1x1,128x4x16x1
Vcur-6,kernel_add_row,0.002900,2048x0x0,64x0x0,512x16x1x1
cache_k_l6 (view),kernel_set_rows_f16_i64,0.003300,8192x1x1,512x1x1,512x4096x1x1
cache_v_l6 (view),kernel_set_rows_f16_i64,0.002700,8192x1x1,512x1x1,512x4096x1x1
__fattn__-6,flash_attn_f32_f16,1.348300,32x28x0,32x1x0,128x28x16x1
ffn_inp-6,kernel_add,0.022800,1024x1x1,64x1x1,3584x16x1x1
ffn_norm-6,kernel_rms_norm_mul,0.009100,16384x1x1,1024x1x1,3584x16x1x1
l_out-6,kernel_add,0.024000,1024x1x1,64x1x1,3584x16x1x1
attn_norm-7,kernel_rms_norm_mul,0.009200,16384x1x1,1024x1x1,3584x16x1x1
Qcur-7,kernel_add_row,0.007800,14336x0x0,64x0x0,3584x16x1x1
Qcur-7,kernel_rope_neox_f32,0.005400,1792x16x1,64x1x1,128x28x16x1
Kcur-7,kernel_add_row,0.004900,2048x0x0,64x0x0,512x16x1x1
Kcur-7,kernel_rope_neox_f32,0.002900,256x16x1,64x1x1,128x4x16x1
Vcur-7,kernel_add_row,0.002800,2048x0x0,64x0x0,512x16x1x1
cache_k_l7 (view),kernel_set_rows_f16_i64,0.003200,8192x1x1,512x1x1,512x4096x1x1
cache_v_l7 (view),kernel_set_rows_f16_i64,0.002800,8192x1x1,512x1x1,512x4096x1x1
__fattn__-7,flash_attn_f32_f16,1.335400,32x28x0,32x1x0,128x28x16x1
ffn_inp-7,kernel_add,0.023600,1024x1x1,64x1x1,3584x16x1x1
ffn_norm-7,kernel_rms_norm_mul,0.009200,16384x1x1,1024x1x1,3584x16x1x1
l_out-7,kernel_add,0.023300,1024x1x1,64x1x1,3584x16x1x1
attn_norm-8,kernel_rms_norm_mul,0.009100,16384x1x1,1024x1x1,3584x16x1x1
Qcur-8,kernel_add_row,0.007600,14336x0x0,64x0x0,3584x16x1x1
Qcur-8,kernel_rope_neox_f32,0.005500,1792x16x1,64x1x1,128x28x16x1
Kcur-8,kernel_add_row,0.002600,2048x0x0,64x0x0,512x16x1x1
Kcur-8,kernel_rope_neox_f32,0.002700,256x16x1,64x1x1,128x4x16x1
node_284,kernel_mul_mv_q6_K_f32,0.954700,512x1024x1,2x64x1,512x16x1x1
Vcur-8,kernel_add_row,0.002600,2048x0x0,64x0x0,512x16x1x1
cache_k_l8 (view),kernel_set_rows_f16_i64,0.003300,8192x1x1,512x1x1,512x4096x1x1
cache_v_l8 (view),kernel_set_rows_f16_i64,0.002900,8192x1x1,512x1x1,512x4096x1x1
__fattn__-8,flash_attn_f32_f16,1.356800,32x28x0,32x1x0,128x28x16x1
ffn_inp-8,kernel_add,0.024300,1024x1x1,64x1x1,3584x16x1x1
ffn_norm-8,kernel_rms_norm_mul,0.009100,16384x1x1,1024x1x1,3584x16x1x1
ffn_swiglu-8,kernel_swiglu,0.054000,8192x1x1,512x1x1,18944x16x1x1
ffn_out-8,kernel_mul_mv_q6_K_f32,40.220001,3584x1024x1,2x64x1,3584x16x1x1
l_out-8,kernel_add,0.023400,1024x1x1,64x1x1,3584x16x1x1
attn_norm-9,kernel_rms_norm_mul,0.009300,16384x1x1,1024x1x1,3584x16x1x1
Qcur-9,kernel_add_row,0.011900,14336x0x0,64x0x0,3584x16x1x1
Qcur-9,kernel_rope_neox_f32,0.010700,1792x16x1,64x1x1,128x28x16x1
Kcur-9,kernel_add_row,0.004900,2048x0x0,64x0x0,512x16x1x1
Kcur-9,kernel_rope_neox_f32,0.002700,256x16x1,64x1x1,128x4x16x1
Vcur-9,kernel_add_row,0.005000,2048x0x0,64x0x0,512x16x1x1
cache_k_l9 (view),kernel_set_rows_f16_i64,0.003200,8192x1x1,512x1x1,512x4096x1x1
cache_v_l9 (view),kernel_set_rows_f16_i64,0.002800,8192x1x1,512x1x1,512x4096x1x1
__fattn__-9,flash_attn_f32_f16,1.353100,32x28x0,32x1x0,128x28x16x1
ffn_inp-9,kernel_add,0.022300,1024x1x1,64x1x1,3584x16x1x1
ffn_norm-9,kernel_rms_norm_mul,0.009100,16384x1x1,1024x1x1,3584x16x1x1
l_out-9,kernel_add,0.023900,1024x1x1,64x1x1,3584x16x1x1
attn_norm-10,kernel_rms_norm_mul,0.009300,16384x1x1,1024x1x1,3584x16x1x1
Qcur-10,kernel_add_row,0.007900,14336x0x0,64x0x0,3584x16x1x1
Qcur-10,kernel_rope_neox_f32,0.005500,1792x16x1,64x1x1,128x28x16x1
Kcur-10,kernel_add_row,0.004700,2048x0x0,64x0x0,512x16x1x1
Kcur-10,kernel_rope_neox_f32,0.002700,256x16x1,64x1x1,128x4x16x1
Vcur-10,kernel_add_row,0.002800,2048x0x0,64x0x0,512x16x1x1
cache_k_l10 (view),kernel_set_rows_f16_i64,0.003200,8192x1x1,512x1x1,512x4096x1x1
cache_v_l10 (view),kernel_set_rows_f16_i64,0.002700,8192x1x1,512x1x1,512x4096x1x1
__fattn__-10,flash_attn_f32_f16,1.346200,32x28x0,32x1x0,128x28x16x1
ffn_inp-10,kernel_add,0.022700,1024x1x1,64x1x1,3584x16x1x1
ffn_norm-10,kernel_rms_norm_mul,0.009200,16384x1x1,1024x1x1,3584x16x1x1
l_out-10,kernel_add,0.024000,1024x1x1,64x1x1,3584x16x1x1
attn_norm-11,kernel_rms_norm_mul,0.009200,16384x1x1,1024x1x1,3584x16x1x1
Qcur-11,kernel_add_row,0.007300,14336x0x0,64x0x0,3584x16x1x1
Qcur-11,kernel_rope_neox_f32,0.005500,1792x16x1,64x1x1,128x28x16x1
Kcur-11,kernel_add_row,0.002600,2048x0x0,64x0x0,512x16x1x1
Kcur-11,kernel_rope_neox_f32,0.002800,256x16x1,64x1x1,128x4x16x1
node_386,kernel_mul_mv_q6_K_f32,0.952100,512x1024x1,2x64x1,512x16x1x1
Vcur-11,kernel_add_row,0.002300,2048x0x0,64x0x0,512x16x1x1
cache_k_l11 (view),kernel_set_rows_f16_i64,0.003200,8192x1x1,512x1x1,512x4096x1x1
cache_v_l11 (view),kernel_set_rows_f16_i64,0.002800,8192x1x1,512x1x1,512x4096x1x1
__fattn__-11,flash_attn_f32_f16,1.347400,32x28x0,32x1x0,128x28x16x1
ffn_inp-11,kernel_add,0.024000,1024x1x1,64x1x1,3584x16x1x1
ffn_norm-11,kernel_rms_norm_mul,0.009200,16384x1x1,1024x1x1,3584x16x1x1
ffn_swiglu-11,kernel_swiglu,0.047300,8192x1x1,512x1x1,18944x16x1x1
ffn_out-11,kernel_mul_mv_q6_K_f32,39.629002,3584x1024x1,2x64x1,3584x16x1x1
l_out-11,kernel_add,0.023000,1024x1x1,64x1x1,3584x16x1x1
attn_norm-12,kernel_rms_norm_mul,0.009200,16384x1x1,1024x1x1,3584x16x1x1
Qcur-12,kernel_add_row,0.043200,14336x0x0,64x0x0,3584x16x1x1
Qcur-12,kernel_rope_neox_f32,0.006300,1792x16x1,64x1x1,128x28x16x1
Kcur-12,kernel_add_row,0.004900,2048x0x0,64x0x0,512x16x1x1
Kcur-12,kernel_rope_neox_f32,0.002800,256x16x1,64x1x1,128x4x16x1
Vcur-12,kernel_add_row,0.004800,2048x0x0,64x0x0,512x16x1x1
cache_k_l12 (view),kernel_set_rows_f16_i64,0.003400,8192x1x1,512x1x1,512x4096x1x1
cache_v_l12 (view),kernel_set_rows_f16_i64,0.002800,8192x1x1,512x1x1,512x4096x1x1
__fattn__-12,flash_attn_f32_f16,1.353400,32x28x0,32x1x0,128x28x16x1
ffn_inp-12,kernel_add,0.021900,1024x1x1,64x1x1,3584x16x1x1
ffn_norm-12,kernel_rms_norm_mul,0.009200,16384x1x1,1024x1x1,3584x16x1x1
l_out-12,kernel_add,0.024200,1024x1x1,64x1x1,3584x16x1x1
attn_norm-13,kernel_rms_norm_mul,0.009100,16384x1x1,1024x1x1,3584x16x1x1
Qcur-13,kernel_add_row,0.007800,14336x0x0,64x0x0,3584x16x1x1
Qcur-13,kernel_rope_neox_f32,0.005400,1792x16x1,64x1x1,128x28x16x1
Kcur-13,kernel_add_row,0.004900,2048x0x0,64x0x0,512x16x1x1
Kcur-13,kernel_rope_neox_f32,0.002700,256x16x1,64x1x1,128x4x16x1
Vcur-13,kernel_add_row,0.002700,2048x0x0,64x0x0,512x16x1x1
cache_k_l13 (view),kernel_set_rows_f16_i64,0.003100,8192x1x1,512x1x1,512x4096x1x1
cache_v_l13 (view),kernel_set_rows_f16_i64,0.002800,8192x1x1,512x1x1,512x4096x1x1
__fattn__-13,flash_attn_f32_f16,1.351200,32x28x0,32x1x0,128x28x16x1
ffn_inp-13,kernel_add,0.022200,1024x1x1,64x1x1,3584x16x1x1
ffn_norm-13,kernel_rms_norm_mul,0.009300,16384x1x1,1024x1x1,3584x16x1x1
l_out-13,kernel_add,0.022200,1024x1x1,64x1x1,3584x16x1x1
attn_norm-14,kernel_rms_norm_mul,0.009100,16384x1x1,1024x1x1,3584x16x1x1
Qcur-14,kernel_add_row,0.007600,14336x0x0,64x0x0,3584x16x1x1
Qcur-14,kernel_rope_neox_f32,0.005400,1792x16x1,64x1x1,128x28x16x1
Kcur-14,kernel_add_row,0.002600,2048x0x0,64x0x0,512x16x1x1
Kcur-14,kernel_rope_neox_f32,0.002800,256x16x1,64x1x1,128x4x16x1
node_488,kernel_mul_mv_q6_K_f32,0.953600,512x1024x1,2x64x1,512x16x1x1
Vcur-14,kernel_add_row,0.002200,2048x0x0,64x0x0,512x16x1x1
cache_k_l14 (view),kernel_set_rows_f16_i64,0.003300,8192x1x1,512x1x1,512x4096x1x1
cache_v_l14 (view),kernel_set_rows_f16_i64,0.002800,8192x1x1,512x1x1,512x4096x1x1
__fattn__-14,flash_attn_f32_f16,1.363600,32x28x0,32x1x0,128x28x16x1
ffn_inp-14,kernel_add,0.023900,1024x1x1,64x1x1,3584x16x1x1
ffn_norm-14,kernel_rms_norm_mul,0.009100,16384x1x1,1024x1x1,3584x16x1x1
ffn_swiglu-14,kernel_swiglu,0.047400,8192x1x1,512x1x1,18944x16x1x1
ffn_out-14,kernel_mul_mv_q6_K_f32,39.646500,3584x1024x1,2x64x1,3584x16x1x1
l_out-14,kernel_add,0.023400,1024x1x1,64x1x1,3584x16x1x1
attn_norm-15,kernel_rms_norm_mul,0.009200,16384x1x1,1024x1x1,3584x16x1x1
Qcur-15,kernel_add_row,0.011100,14336x0x0,64x0x0,3584x16x1x1
Qcur-15,kernel_rope_neox_f32,0.005500,1792x16x1,64x1x1,128x28x16x1
Kcur-15,kernel_add_row,0.005300,2048x0x0,64x0x0,512x16x1x1
Kcur-15,kernel_rope_neox_f32,0.002800,256x16x1,64x1x1,128x4x16x1
Vcur-15,kernel_add_row,0.005400,2048x0x0,64x0x0,512x16x1x1
cache_k_l15 (view),kernel_set_rows_f16_i64,0.003400,8192x1x1,512x1x1,512x4096x1x1
cache_v_l15 (view),kernel_set_rows_f16_i64,0.002800,8192x1x1,512x1x1,512x4096x1x1
__fattn__-15,flash_attn_f32_f16,1.355400,32x28x0,32x1x0,128x28x16x1
ffn_inp-15,kernel_add,0.022300,1024x1x1,64x1x1,3584x16x1x1
ffn_norm-15,kernel_rms_norm_mul,0.009100,16384x1x1,1024x1x1,3584x16x1x1
l_out-15,kernel_add,0.024400,1024x1x1,64x1x1,3584x16x1x1
attn_norm-16,kernel_rms_norm_mul,0.009100,16384x1x1,1024x1x1,3584x16x1x1
Qcur-16,kernel_add_row,0.007900,14336x0x0,64x0x0,3584x16x1x1
Qcur-16,kernel_rope_neox_f32,0.005400,1792x16x1,64x1x1,128x28x16x1
Kcur-16,kernel_add_row,0.004800,2048x0x0,64x0x0,512x16x1x1
Kcur-16,kernel_rope_neox_f32,0.002800,256x16x1,64x1x1,128x4x16x1
Vcur-16,kernel_add_row,0.004700,2048x0x0,64x0x0,512x16x1x1
cache_k_l16 (view),kernel_set_rows_f16_i64,0.003200,8192x1x1,512x1x1,512x4096x1x1
cache_v_l16 (view),kernel_set_rows_f16_i64,0.002900,8192x1x1,512x1x1,512x4096x1x1
__fattn__-16,flash_attn_f32_f16,1.356200,32x28x0,32x1x0,128x28x16x1
ffn_inp-16,kernel_add,0.022800,1024x1x1,64x1x1,3584x16x1x1
ffn_norm-16,kernel_rms_norm_mul,0.009200,16384x1x1,1024x1x1,3584x16x1x1
l_out-16,kernel_add,0.022600,1024x1x1,64x1x1,3584x16x1x1
attn_norm-17,kernel_rms_norm_mul,0.009200,16384x1x1,1024x1x1,3584x16x1x1
Qcur-17,kernel_add_row,0.007300,14336x0x0,64x0x0,3584x16x1x1
Qcur-17,kernel_rope_neox_f32,0.005500,1792x16x1,64x1x1,128x28x16x1
Kcur-17,kernel_add_row,0.002700,2048x0x0,64x0x0,512x16x1x1
Kcur-17,kernel_rope_neox_f32,0.002700,256x16x1,64x1x1,128x4x16x1
node_590,kernel_mul_mv_q6_K_f32,0.960400,512x1024x1,2x64x1,512x16x1x1
Vcur-17,kernel_add_row,0.002700,2048x0x0,64x0x0,512x16x1x1
cache_k_l17 (view),kernel_set_rows_f16_i64,0.003300,8192x1x1,512x1x1,512x4096x1x1
cache_v_l17 (view),kernel_set_rows_f16_i64,0.002800,8192x1x1,512x1x1,512x4096x1x1
__fattn__-17,flash_attn_f32_f16,1.358000,32x28x0,32x1x0,128x28x16x1
ffn_inp-17,kernel_add,0.024500,1024x1x1,64x1x1,3584x16x1x1
ffn_norm-17,kernel_rms_norm_mul,0.009200,16384x1x1,1024x1x1,3584x16x1x1
ffn_swiglu-17,kernel_swiglu,0.047200,8192x1x1,512x1x1,18944x16x1x1
ffn_out-17,kernel_mul_mv_q6_K_f32,39.623402,3584x1024x1,2x64x1,3584x16x1x1
l_out-17,kernel_add,0.024300,1024x1x1,64x1x1,3584x16x1x1
attn_norm-18,kernel_rms_norm_mul,0.009200,16384x1x1,1024x1x1,3584x16x1x1
Qcur-18,kernel_add_row,0.010100,14336x0x0,64x0x0,3584x16x1x1
Qcur-18,kernel_rope_neox_f32,0.005400,1792x16x1,64x1x1,128x28x16x1
Kcur-18,kernel_add_row,0.005100,2048x0x0,64x0x0,512x16x1x1
Kcur-18,kernel_rope_neox_f32,0.002700,256x16x1,64x1x1,128x4x16x1
Vcur-18,kernel_add_row,0.005200,2048x0x0,64x0x0,512x16x1x1
cache_k_l18 (view),kernel_set_rows_f16_i64,0.003300,8192x1x1,512x1x1,512x4096x1x1
cache_v_l18 (view),kernel_set_rows_f16_i64,0.002800,8192x1x1,512x1x1,512x4096x1x1
__fattn__-18,flash_attn_f32_f16,1.339500,32x28x0,32x1x0,128x28x16x1
ffn_inp-18,kernel_add,0.022400,1024x1x1,64x1x1,3584x16x1x1
ffn_norm-18,kernel_rms_norm_mul,0.009100,16384x1x1,1024x1x1,3584x16x1x1
l_out-18,kernel_add,0.023900,1024x1x1,64x1x1,3584x16x1x1
attn_norm-19,kernel_rms_norm_mul,0.009300,16384x1x1,1024x1x1,3584x16x1x1
Qcur-19,kernel_add_row,0.007900,14336x0x0,64x0x0,3584x16x1x1
Qcur-19,kernel_rope_neox_f32,0.005500,1792x16x1,64x1x1,128x28x16x1
Kcur-19,kernel_add_row,0.004900,2048x0x0,64x0x0,512x16x1x1
Kcur-19,kernel_rope_neox_f32,0.002800,256x16x1,64x1x1,128x4x16x1
Vcur-19,kernel_add_row,0.002800,2048x0x0,64x0x0,512x16x1x1
cache_k_l19 (view),kernel_set_rows_f16_i64,0.003300,8192x1x1,512x1x1,512x4096x1x1
cache_v_l19 (view),kernel_set_rows_f16_i64,0.002700,8192x1x1,512x1x1,512x4096x1x1
__fattn__-19,flash_attn_f32_f16,1.360000,32x28x0,32x1x0,128x28x16x1
ffn_inp-19,kernel_add,0.022500,1024x1x1,64x1x1,3584x16x1x1
ffn_norm-19,kernel_rms_norm_mul,0.009200,16384x1x1,1024x1x1,3584x16x1x1
l_out-19,kernel_add,0.022600,1024x1x1,64x1x1,3584x16x1x1
attn_norm-20,kernel_rms_norm_mul,0.009100,16384x1x1,1024x1x1,3584x16x1x1
Qcur-20,kernel_add_row,0.007100,14336x0x0,64x0x0,3584x16x1x1
Qcur-20,kernel_rope_neox_f32,0.005400,1792x16x1,64x1x1,128x28x16x1
Kcur-20,kernel_add_row,0.002700,2048x0x0,64x0x0,512x16x1x1
Kcur-20,kernel_rope_neox_f32,0.002800,256x16x1,64x1x1,128x4x16x1
node_692,kernel_mul_mv_q6_K_f32,0.954400,512x1024x1,2x64x1,512x16x1x1
Vcur-20,kernel_add_row,0.002500,2048x0x0,64x0x0,512x16x1x1
cache_k_l20 (view),kernel_set_rows_f16_i64,0.003200,8192x1x1,512x1x1,512x4096x1x1
cache_v_l20 (view),kernel_set_rows_f16_i64,0.002700,8192x1x1,512x1x1,512x4096x1x1
__fattn__-20,flash_attn_f32_f16,1.378500,32x28x0,32x1x0,128x28x16x1
ffn_inp-20,kernel_add,0.024000,1024x1x1,64x1x1,3584x16x1x1
ffn_norm-20,kernel_rms_norm_mul,0.009100,16384x1x1,1024x1x1,3584x16x1x1
ffn_swiglu-20,kernel_swiglu,0.047200,8192x1x1,512x1x1,18944x16x1x1
ffn_out-20,kernel_mul_mv_q6_K_f32,39.614700,3584x1024x1,2x64x1,3584x16x1x1
l_out-20,kernel_add,0.023600,1024x1x1,64x1x1,3584x16x1x1
attn_norm-21,kernel_rms_norm_mul,0.009300,16384x1x1,1024x1x1,3584x16x1x1
Qcur-21,kernel_add_row,0.012100,14336x0x0,64x0x0,3584x16x1x1
Qcur-21,kernel_rope_neox_f32,0.010800,1792x16x1,64x1x1,128x28x16x1
Kcur-21,kernel_add_row,0.005000,2048x0x0,64x0x0,512x16x1x1
Kcur-21,kernel_rope_neox_f32,0.002700,256x16x1,64x1x1,128x4x16x1
Vcur-21,kernel_add_row,0.002900,2048x0x0,64x0x0,512x16x1x1
cache_k_l21 (view),kernel_set_rows_f16_i64,0.003400,8192x1x1,512x1x1,512x4096x1x1
cache_v_l21 (view),kernel_set_rows_f16_i64,0.002800,8192x1x1,512x1x1,512x4096x1x1
__fattn__-21,flash_attn_f32_f16,1.333200,32x28x0,32x1x0,128x28x16x1
ffn_inp-21,kernel_add,0.021900,1024x1x1,64x1x1,3584x16x1x1
ffn_norm-21,kernel_rms_norm_mul,0.009300,16384x1x1,1024x1x1,3584x16x1x1
l_out-21,kernel_add,0.024000,1024x1x1,64x1x1,3584x16x1x1
attn_norm-22,kernel_rms_norm_mul,0.009300,16384x1x1,1024x1x1,3584x16x1x1
Qcur-22,kernel_add_row,0.007800,14336x0x0,64x0x0,3584x16x1x1
Qcur-22,kernel_rope_neox_f32,0.005500,1792x16x1,64x1x1,128x28x16x1
Kcur-22,kernel_add_row,0.004900,2048x0x0,64x0x0,512x16x1x1
Kcur-22,kernel_rope_neox_f32,0.002600,256x16x1,64x1x1,128x4x16x1
Vcur-22,kernel_add_row,0.002600,2048x0x0,64x0x0,512x16x1x1
cache_k_l22 (view),kernel_set_rows_f16_i64,0.003200,8192x1x1,512x1x1,512x4096x1x1
cache_v_l22 (view),kernel_set_rows_f16_i64,0.002800,8192x1x1,512x1x1,512x4096x1x1
__fattn__-22,flash_attn_f32_f16,1.349500,32x28x0,32x1x0,128x28x16x1
ffn_inp-22,kernel_add,0.022400,1024x1x1,64x1x1,3584x16x1x1
ffn_norm-22,kernel_rms_norm_mul,0.009100,16384x1x1,1024x1x1,3584x16x1x1
l_out-22,kernel_add,0.022700,1024x1x1,64x1x1,3584x16x1x1
attn_norm-23,kernel_rms_norm_mul,0.009100,16384x1x1,1024x1x1,3584x16x1x1
Qcur-23,kernel_add_row,0.007600,14336x0x0,64x0x0,3584x16x1x1
Qcur-23,kernel_rope_neox_f32,0.005400,1792x16x1,64x1x1,128x28x16x1
Kcur-23,kernel_add_row,0.002600,2048x0x0,64x0x0,512x16x1x1
Kcur-23,kernel_rope_neox_f32,0.002800,256x16x1,64x1x1,128x4x16x1
node_794,kernel_mul_mv_q6_K_f32,0.953700,512x1024x1,2x64x1,512x16x1x1
Vcur-23,kernel_add_row,0.002500,2048x0x0,64x0x0,512x16x1x1
cache_k_l23 (view),kernel_set_rows_f16_i64,0.003300,8192x1x1,512x1x1,512x4096x1x1
cache_v_l23 (view),kernel_set_rows_f16_i64,0.002800,8192x1x1,512x1x1,512x4096x1x1
__fattn__-23,flash_attn_f32_f16,1.353800,32x28x0,32x1x0,128x28x16x1
ffn_inp-23,kernel_add,0.024300,1024x1x1,64x1x1,3584x16x1x1
ffn_norm-23,kernel_rms_norm_mul,0.009100,16384x1x1,1024x1x1,3584x16x1x1
ffn_swiglu-23,kernel_swiglu,0.047500,8192x1x1,512x1x1,18944x16x1x1
ffn_out-23,kernel_mul_mv_q6_K_f32,39.608002,3584x1024x1,2x64x1,3584x16x1x1
l_out-23,kernel_add,0.026800,1024x1x1,64x1x1,3584x16x1x1
attn_norm-24,kernel_rms_norm_mul,0.009300,16384x1x1,1024x1x1,3584x16x1x1
Qcur-24,kernel_add_row,0.007900,14336x0x0,64x0x0,3584x16x1x1
Qcur-24,kernel_rope_neox_f32,0.005400,1792x16x1,64x1x1,128x28x16x1
Kcur-24,kernel_add_row,0.005000,2048x0x0,64x0x0,512x16x1x1
Kcur-24,kernel_rope_neox_f32,0.002600,256x16x1,64x1x1,128x4x16x1
node_828,kernel_mul_mv_q6_K_f32,0.954300,512x1024x1,2x64x1,512x16x1x1
Vcur-24,kernel_add_row,0.002500,2048x0x0,64x0x0,512x16x1x1
cache_k_l24 (view),kernel_set_rows_f16_i64,0.003400,8192x1x1,512x1x1,512x4096x1x1
cache_v_l24 (view),kernel_set_rows_f16_i64,0.002800,8192x1x1,512x1x1,512x4096x1x1
__fattn__-24,flash_attn_f32_f16,1.334600,32x28x0,32x1x0,128x28x16x1
ffn_inp-24,kernel_add,0.022700,1024x1x1,64x1x1,3584x16x1x1
ffn_norm-24,kernel_rms_norm_mul,0.009100,16384x1x1,1024x1x1,3584x16x1x1
ffn_swiglu-24,kernel_swiglu,0.047400,8192x1x1,512x1x1,18944x16x1x1
ffn_out-24,kernel_mul_mv_q6_K_f32,39.590900,3584x1024x1,2x64x1,3584x16x1x1
l_out-24,kernel_add,0.023000,1024x1x1,64x1x1,3584x16x1x1
attn_norm-25,kernel_rms_norm_mul,0.009200,16384x1x1,1024x1x1,3584x16x1x1
Qcur-25,kernel_add_row,0.044300,14336x0x0,64x0x0,3584x16x1x1
Qcur-25,kernel_rope_neox_f32,0.007800,1792x16x1,64x1x1,128x28x16x1
Kcur-25,kernel_add_row,0.005700,2048x0x0,64x0x0,512x16x1x1
Kcur-25,kernel_rope_neox_f32,0.002800,256x16x1,64x1x1,128x4x16x1
node_862,kernel_mul_mv_q6_K_f32,0.954400,512x1024x1,2x64x1,512x16x1x1
Vcur-25,kernel_add_row,0.002200,2048x0x0,64x0x0,512x16x1x1
cache_k_l25 (view),kernel_set_rows_f16_i64,0.003400,8192x1x1,512x1x1,512x4096x1x1
cache_v_l25 (view),kernel_set_rows_f16_i64,0.002800,8192x1x1,512x1x1,512x4096x1x1
__fattn__-25,flash_attn_f32_f16,1.371700,32x28x0,32x1x0,128x28x16x1
ffn_inp-25,kernel_add,0.023200,1024x1x1,64x1x1,3584x16x1x1
ffn_norm-25,kernel_rms_norm_mul,0.009100,16384x1x1,1024x1x1,3584x16x1x1
ffn_swiglu-25,kernel_swiglu,0.046400,8192x1x1,512x1x1,18944x16x1x1
ffn_out-25,kernel_mul_mv_q6_K_f32,39.625900,3584x1024x1,2x64x1,3584x16x1x1
l_out-25,kernel_add,0.022900,1024x1x1,64x1x1,3584x16x1x1
attn_norm-26,kernel_rms_norm_mul,0.009200,16384x1x1,1024x1x1,3584x16x1x1
Qcur-26,kernel_add_row,0.012300,14336x0x0,64x0x0,3584x16x1x1
Qcur-26,kernel_rope_neox_f32,0.011000,1792x16x1,64x1x1,128x28x16x1
Kcur-26,kernel_add_row,0.004900,2048x0x0,64x0x0,512x16x1x1
Kcur-26,kernel_rope_neox_f32,0.002800,256x16x1,64x1x1,128x4x16x1
node_896,kernel_mul_mv_q6_K_f32,0.954300,512x1024x1,2x64x1,512x16x1x1
Vcur-26,kernel_add_row,0.002500,2048x0x0,64x0x0,512x16x1x1
cache_k_l26 (view),kernel_set_rows_f16_i64,0.003200,8192x1x1,512x1x1,512x4096x1x1
cache_v_l26 (view),kernel_set_rows_f16_i64,0.002700,8192x1x1,512x1x1,512x4096x1x1
__fattn__-26,flash_attn_f32_f16,1.345100,32x28x0,32x1x0,128x28x16x1
ffn_inp-26,kernel_add,0.022900,1024x1x1,64x1x1,3584x16x1x1
ffn_norm-26,kernel_rms_norm_mul,0.009100,16384x1x1,1024x1x1,3584x16x1x1
ffn_swiglu-26,kernel_swiglu,0.047600,8192x1x1,512x1x1,18944x16x1x1
ffn_out-26,kernel_mul_mv_q6_K_f32,39.584099,3584x1024x1,2x64x1,3584x16x1x1
l_out-26,kernel_add,0.024700,1024x1x1,64x1x1,3584x16x1x1
attn_norm-27,kernel_rms_norm_mul,0.009300,16384x1x1,1024x1x1,3584x16x1x1
Qcur-27,kernel_add_row,0.007800,14336x0x0,64x0x0,3584x16x1x1
Qcur-27,kernel_rope_neox_f32,0.005500,1792x16x1,64x1x1,128x28x16x1
Kcur-27,kernel_add_row,0.005000,2048x0x0,64x0x0,512x16x1x1
Kcur-27,kernel_rope_neox_f32,0.002800,256x16x1,64x1x1,128x4x16x1
node_930,kernel_mul_mv_q6_K_f32,0.954100,512x1024x1,2x64x1,512x16x1x1
Vcur-27,kernel_add_row,0.002700,2048x0x0,64x0x0,512x16x1x1
cache_k_l27 (view),kernel_set_rows_f16_i64,0.003300,8192x1x1,512x1x1,512x4096x1x1
cache_v_l27 (view),kernel_set_rows_f16_i64,0.002800,8192x1x1,512x1x1,512x4096x1x1
__fattn__-27,flash_attn_f32_f16,1.368800,32x28x0,32x1x0,128x28x16x1
attn_norm-0,kernel_rms_norm_mul,0.012800,16384x1x1,1024x1x1,3584x16x1x1
Qcur-0,kernel_add_row,0.007700,14336x0x0,64x0x0,3584x16x1x1
Qcur-0,kernel_rope_neox_f32,0.005500,1792x16x1,64x1x1,128x28x16x1
Kcur-0,kernel_add_row,0.005000,2048x0x0,64x0x0,512x16x1x1
Kcur-0,kernel_rope_neox_f32,0.002900,256x16x1,64x1x1,128x4x16x1
node_11,kernel_mul_mv_q6_K_f32,0.955300,512x1024x1,2x64x1,512x16x1x1
Vcur-0,kernel_add_row,0.002300,2048x0x0,64x0x0,512x16x1x1
cache_k_l0 (view),kernel_set_rows_f16_i64,0.003200,8192x1x1,512x1x1,512x4096x1x1
cache_v_l0 (view),kernel_set_rows_f16_i64,0.002800,8192x1x1,512x1x1,512x4096x1x1
 (copy),kernel_cpy_f32_f16,0.003700,4096x1x1,64x1x1,256x64x1x1
__fattn__-0,flash_attn_f32_f16,1.373000,32x28x0,32x1x0,128x28x16x1
ffn_inp-0,kernel_add,0.023900,1024x1x1,64x1x1,3584x16x1x1
ffn_norm-0,kernel_rms_norm_mul,0.009300,16384x1x1,1024x1x1,3584x16x1x1
ffn_swiglu-0,kernel_swiglu,0.046100,8192x1x1,512x1x1,18944x16x1x1
ffn_out-0,kernel_mul_mv_q6_K_f32,39.633499,3584x1024x1,2x64x1,3584x16x1x1
l_out-0,kernel_add,0.023400,1024x1x1,64x1x1,3584x16x1x1
attn_norm-1,kernel_rms_norm_mul,0.009100,16384x1x1,1024x1x1,3584x16x1x1
Qcur-1,kernel_add_row,0.007900,14336x0x0,64x0x0,3584x16x1x1
Qcur-1,kernel_rope_neox_f32,0.005500,1792x16x1,64x1x1,128x28x16x1
Kcur-1,kernel_add_row,0.005300,2048x0x0,64x0x0,512x16x1x1
Kcur-1,kernel_rope_neox_f32,0.002700,256x16x1,64x1x1,128x4x16x1
node_46,kernel_mul_mv_q6_K_f32,0.956500,512x1024x1,2x64x1,512x16x1x1
Vcur-1,kernel_add_row,0.002500,2048x0x0,64x0x0,512x16x1x1
cache_k_l1 (view),kernel_set_rows_f16_i64,0.003200,8192x1x1,512x1x1,512x4096x1x1
cache_v_l1 (view),kernel_set_rows_f16_i64,0.002800,8192x1x1,512x1x1,512x4096x1x1
__fattn__-1,flash_attn_f32_f16,1.334800,32x28x0,32x1x0,128x28x16x1
ffn_inp-1,kernel_add,0.023600,1024x1x1,64x1x1,3584x16x1x1
ffn_norm-1,kernel_rms_norm_mul,0.009200,16384x1x1,1024x1x1,3584x16x1x1
ffn_swiglu-1,kernel_swiglu,0.047400,8192x1x1,512x1x1,18944x16x1x1
ffn_out-1,kernel_mul_mv_q6_K_f32,39.606899,3584x1024x1,2x64x1,3584x16x1x1
l_out-1,kernel_add,0.023000,1024x1x1,64x1x1,3584x16x1x1
attn_norm-2,kernel_rms_norm_mul,0.009200,16384x1x1,1024x1x1,3584x16x1x1
Qcur-2,kernel_add_row,0.011900,14336x0x0,64x0x0,3584x16x1x1
Qcur-2,kernel_rope_neox_f32,0.010800,1792x16x1,64x1x1,128x28x16x1
Kcur-2,kernel_add_row,0.002700,2048x0x0,64x0x0,512x16x1x1
Kcur-2,kernel_rope_neox_f32,0.002900,256x16x1,64x1x1,128x4x16x1
node_80,kernel_mul_mv_q6_K_f32,0.955000,512x1024x1,2x64x1,512x16x1x1
Vcur-2,kernel_add_row,0.002500,2048x0x0,64x0x0,512x16x1x1
cache_k_l2 (view),kernel_set_rows_f16_i64,0.003200,8192x1x1,512x1x1,512x4096x1x1
cache_v_l2 (view),kernel_set_rows_f16_i64,0.002900,8192x1x1,512x1x1,512x4096x1x1
__fattn__-2,flash_attn_f32_f16,1.351000,32x28x0,32x1x0,128x28x16x1
ffn_inp-2,kernel_add,0.024000,1024x1x1,64x1x1,3584x16x1x1
ffn_norm-2,kernel_rms_norm_mul,0.009200,16384x1x1,1024x1x1,3584x16x1x1
ffn_swiglu-2,kernel_swiglu,0.047700,8192x1x1,512x1x1,18944x16x1x1
ffn_out-2,kernel_mul_mv_q6_K_f32,40.377701,3584x1024x1,2x64x1,3584x16x1x1
l_out-2,kernel_add,0.027100,1024x1x1,64x1x1,3584x16x1x1
attn_norm-3,kernel_rms_norm_mul,0.009100,16384x1x1,1024x1x1,3584x16x1x1
Qcur-3,kernel_add_row,0.044800,14336x0x0,64x0x0,3584x16x1x1
Qcur-3,kernel_rope_neox_f32,0.008100,1792x16x1,64x1x1,128x28x16x1
Kcur-3,kernel_add_row,0.005000,2048x0x0,64x0x0,512x16x1x1
Kcur-3,kernel_rope_neox_f32,0.002700,256x16x1,64x1x1,128x4x16x1
Vcur-3,kernel_add_row,0.002800,2048x0x0,64x0x0,512x16x1x1
cache_k_l3 (view),kernel_set_rows_f16_i64,0.003400,8192x1x1,512x1x1,512x4096x1x1
cache_v_l3 (view),kernel_set_rows_f16_i64,0.002800,8192x1x1,512x1x1,512x4096x1x1
__fattn__-3,flash_attn_f32_f16,1.341600,32x28x0,32x1x0,128x28x16x1
ffn_inp-3,kernel_add,0.023100,1024x1x1,64x1x1,3584x16x1x1
ffn_norm-3,kernel_rms_norm_mul,0.009200,16384x1x1,1024x1x1,3584x16x1x1
l_out-3,kernel_add,0.024500,1024x1x1,64x1x1,3584x16x1x1
attn_norm-4,kernel_rms_norm_mul,0.009200,16384x1x1,1024x1x1,3584x16x1x1
Qcur-4,kernel_add_row,0.007700,14336x0x0,64x0x0,3584x16x1x1
Qcur-4,kernel_rope_neox_f32,0.005400,1792x16x1,64x1x1,128x28x16x1
Kcur-4,kernel_add_row,0.004800,2048x0x0,64x0x0,512x16x1x1
Kcur-4,kernel_rope_neox_f32,0.002700,256x16x1,64x1x1,128x4x16x1
Vcur-4,kernel_add_row,0.002800,2048x0x0,64x0x0,512x16x1x1
cache_k_l4 (view),kernel_set_rows_f16_i64,0.003300,8192x1x1,512x1x1,512x4096x1x1
cache_v_l4 (view),kernel_set_rows_f16_i64,0.002800,8192x1x1,512x1x1,512x4096x1x1
__fattn__-4,flash_attn_f32_f16,1.355900,32x28x0,32x1x0,128x28x16x1
ffn_inp-4,kernel_add,0.022900,1024x1x1,64x1x1,3584x16x1x1
ffn_norm-4,kernel_rms_norm_mul,0.009100,16384x1x1,1024x1x1,3584x16x1x1
l_out-4,kernel_add,0.023600,1024x1x1,64x1x1,3584x16x1x1
attn_norm-5,kernel_rms_norm_mul,0.009200,16384x1x1,1024x1x1,3584x16x1x1
Qcur-5,kernel_add_row,0.007800,14336x0x0,64x0x0,3584x16x1x1
Qcur-5,kernel_rope_neox_f32,0.005400,1792x16x1,64x1x1,128x28x16x1
Kcur-5,kernel_add_row,0.002600,2048x0x0,64x0x0,512x16x1x1
Kcur-5,kernel_rope_neox_f32,0.002800,256x16x1,64x1x1,128x4x16x1
node_182,kernel_mul_mv_q6_K_f32,0.953800,512x1024x1,2x64x1,512x16x1x1
Vcur-5,kernel_add_row,0.002500,2048x0x0,64x0x0,512x16x1x1
cache_k_l5 (view),kernel_set_rows_f16_i64,0.003200,8192x1x1,512x1x1,512x4096x1x1
cache_v_l5 (view),kernel_set_rows_f16_i64,0.002800,8192x1x1,512x1x1,512x4096x1x1
__fattn__-5,flash_attn_f32_f16,1.349500,32x28x0,32x1x0,128x28x16x1
ffn_inp-5,kernel_add,0.024400,1024x1x1,64x1x1,3584x16x1x1
ffn_norm-5,kernel_rms_norm_mul,0.009200,16384x1x1,1024x1x1,3584x16x1x1
ffn_swiglu-5,kernel_swiglu,0.047400,8192x1x1,512x1x1,18944x16x1x1
ffn_out-5,kernel_mul_mv_q6_K_f32,40.484600,3584x1024x1,2x64x1,3584x16x1x1
l_out-5,kernel_add,0.022900,1024x1x1,64x1x1,3584x16x1x1
attn_norm-6,kernel_rms_norm_mul,0.009200,16384x1x1,1024x1x1,3584x16x1x1
Qcur-6,kernel_add_row,0.008000,14336x0x0,64x0x0,3584x16x1x1
Qcur-6,kernel_rope_neox_f32,0.005400,1792x16x1,64x1x1,128x28x16x1
Kcur-6,kernel_add_row,0.004900,2048x0x0,64x0x0,512x16x1x1
Kcur-6,kernel_rope_neox_f32,0.002700,256x16x1,64x1x1,128x4x16x1
Vcur-6,kernel_add_row,0.005100,2048x0x0,64x0x0,512x16x1x1
cache_k_l6 (view),kernel_set_rows_f16_i64,0.003400,8192x1x1,512x1x1,512x4096x1x1
cache_v_l6 (view),kernel_set_rows_f16_i64,0.002800,8192x1x1,512x1x1,512x4096x1x1
__fattn__-6,flash_attn_f32_f16,1.353800,32x28x0,32x1x0,128x28x16x1
ffn_inp-6,kernel_add,0.022600,1024x1x1,64x1x1,3584x16x1x1
ffn_norm-6,kernel_rms_norm_mul,0.009400,16384x1x1,1024x1x1,3584x16x1x1
l_out-6,kernel_add,0.023900,1024x1x1,64x1x1,3584x16x1x1
attn_norm-7,kernel_rms_norm_mul,0.009200,16384x1x1,1024x1x1,3584x16x1x1
Qcur-7,kernel_add_row,0.007900,14336x0x0,64x0x0,3584x16x1x1
Qcur-7,kernel_rope_neox_f32,0.005400,1792x16x1,64x1x1,128x28x16x1
Kcur-7,kernel_add_row,0.004900,2048x0x0,64x0x0,512x16x1x1
Kcur-7,kernel_rope_neox_f32,0.002800,256x16x1,64x1x1,128x4x16x1
Vcur-7,kernel_add_row,0.002800,2048x0x0,64x0x0,512x16x1x1
cache_k_l7 (view),kernel_set_rows_f16_i64,0.003200,8192x1x1,512x1x1,512x4096x1x1
cache_v_l7 (view),kernel_set_rows_f16_i64,0.002700,8192x1x1,512x1x1,512x4096x1x1
__fattn__-7,flash_attn_f32_f16,1.333800,32x28x0,32x1x0,128x28x16x1
ffn_inp-7,kernel_add,0.023500,1024x1x1,64x1x1,3584x16x1x1
ffn_norm-7,kernel_rms_norm_mul,0.009200,16384x1x1,1024x1x1,3584x16x1x1
l_out-7,kernel_add,0.022400,1024x1x1,64x1x1,3584x16x1x1
attn_norm-8,kernel_rms_norm_mul,0.009200,16384x1x1,1024x1x1,3584x16x1x1
Qcur-8,kernel_add_row,0.007400,14336x0x0,64x0x0,3584x16x1x1
Qcur-8,kernel_rope_neox_f32,0.005600,1792x16x1,64x1x1,128x28x16x1
Kcur-8,kernel_add_row,0.002600,2048x0x0,64x0x0,512x16x1x1
Kcur-8,kernel_rope_neox_f32,0.002800,256x16x1,64x1x1,128x4x16x1
node_284,kernel_mul_mv_q6_K_f32,0.956000,512x1024x1,2x64x1,512x16x1x1
Vcur-8,kernel_add_row,0.002500,2048x0x0,64x0x0,512x16x1x1
cache_k_l8 (view),kernel_set_rows_f16_i64,0.003400,8192x1x1,512x1x1,512x4096x1x1
cache_v_l8 (view),kernel_set_rows_f16_i64,0.002800,8192x1x1,512x1x1,512x4096x1x1
__fattn__-8,flash_attn_f32_f16,1.363000,32x28x0,32x1x0,128x28x16x1
ffn_inp-8,kernel_add,0.024000,1024x1x1,64x1x1,3584x16x1x1
ffn_norm-8,kernel_rms_norm_mul,0.009200,16384x1x1,1024x1x1,3584x16x1x1
ffn_swiglu-8,kernel_swiglu,0.047900,8192x1x1,512x1x1,18944x16x1x1
ffn_out-8,kernel_mul_mv_q6_K_f32,40.108799,3584x1024x1,2x64x1,3584x16x1x1
l_out-8,kernel_add,0.024000,1024x1x1,64x1x1,3584x16x1x1
attn_norm-9,kernel_rms_norm_mul,0.009200,16384x1x1,1024x1x1,3584x16x1x1
Qcur-9,kernel_add_row,0.009100,14336x0x0,64x0x0,3584x16x1x1
Qcur-9,kernel_rope_neox_f32,0.005500,1792x16x1,64x1x1,128x28x16x1
Kcur-9,kernel_add_row,0.005100,2048x0x0,64x0x0,512x16x1x1
Kcur-9,kernel_rope_neox_f32,0.002800,256x16x1,64x1x1,128x4x16x1
Vcur-9,kernel_add_row,0.005000,2048x0x0,64x0x0,512x16x1x1
cache_k_l9 (view),kernel_set_rows_f16_i64,0.003300,8192x1x1,512x1x1,512x4096x1x1
cache_v_l9 (view),kernel_set_rows_f16_i64,0.002800,8192x1x1,512x1x1,512x4096x1x1
__fattn__-9,flash_attn_f32_f16,1.356600,32x28x0,32x1x0,128x28x16x1
ffn_inp-9,kernel_add,0.022400,1024x1x1,64x1x1,3584x16x1x1
ffn_norm-9,kernel_rms_norm_mul,0.009100,16384x1x1,1024x1x1,3584x16x1x1
l_out-9,kernel_add,0.024300,1024x1x1,64x1x1,3584x16x1x1
attn_norm-10,kernel_rms_norm_mul,0.009200,16384x1x1,1024x1x1,3584x16x1x1
Qcur-10,kernel_add_row,0.008300,14336x0x0,64x0x0,3584x16x1x1
Qcur-10,kernel_rope_neox_f32,0.005600,1792x16x1,64x1x1,128x28x16x1
Kcur-10,kernel_add_row,0.005200,2048x0x0,64x0x0,512x16x1x1
Kcur-10,kernel_rope_neox_f32,0.002900,256x16x1,64x1x1,128x4x16x1
Vcur-10,kernel_add_row,0.002800,2048x0x0,64x0x0,512x16x1x1
cache_k_l10 (view),kernel_set_rows_f16_i64,0.003300,8192x1x1,512x1x1,512x4096x1x1
cache_v_l10 (view),kernel_set_rows_f16_i64,0.002800,8192x1x1,512x1x1,512x4096x1x1
__fattn__-10,flash_attn_f32_f16,1.361100,32x28x0,32x1x0,128x28x16x1
ffn_inp-10,kernel_add,0.022600,1024x1x1,64x1x1,3584x16x1x1
ffn_norm-10,kernel_rms_norm_mul,0.009200,16384x1x1,1024x1x1,3584x16x1x1
l_out-10,kernel_add,0.023500,1024x1x1,64x1x1,3584x16x1x1
attn_norm-11,kernel_rms_norm_mul,0.009100,16384x1x1,1024x1x1,3584x16x1x1
Qcur-11,kernel_add_row,0.007200,14336x0x0,64x0x0,3584x16x1x1
Qcur-11,kernel_rope_neox_f32,0.005400,1792x16x1,64x1x1,128x28x16x1
Kcur-11,kernel_add_row,0.002700,2048x0x0,64x0x0,512x16x1x1
Kcur-11,kernel_rope_neox_f32,0.002700,256x16x1,64x1x1,128x4x16x1
node_386,kernel_mul_mv_q6_K_f32,0.951800,512x1024x1,2x64x1,512x16x1x1
Vcur-11,kernel_add_row,0.002500,2048x0x0,64x0x0,512x16x1x1
cache_k_l11 (view),kernel_set_rows_f16_i64,0.003300,8192x1x1,512x1x1,512x4096x1x1
cache_v_l11 (view),kernel_set_rows_f16_i64,0.002800,8192x1x1,512x1x1,512x4096x1x1
__fattn__-11,flash_attn_f32_f16,1.348600,32x28x0,32x1x0,128x28x16x1
ffn_inp-11,kernel_add,0.024400,1024x1x1,64x1x1,3584x16x1x1
ffn_norm-11,kernel_rms_norm_mul,0.009200,16384x1x1,1024x1x1,3584x16x1x1
ffn_swiglu-11,kernel_swiglu,0.047300,8192x1x1,512x1x1,18944x16x1x1
ffn_out-11,kernel_mul_mv_q6_K_f32,39.578999,3584x1024x1,2x64x1,3584x16x1x1
l_out-11,kernel_add,0.023500,1024x1x1,64x1x1,3584x16x1x1
attn_norm-12,kernel_rms_norm_mul,0.009100,16384x1x1,1024x1x1,3584x16x1x1
Qcur-12,kernel_add_row,0.008800,14336x0x0,64x0x0,3584x16x1x1
Qcur-12,kernel_rope_neox_f32,0.005500,1792x16x1,64x1x1,128x28x16x1
Kcur-12,kernel_add_row,0.005100,2048x0x0,64x0x0,512x16x1x1
Kcur-12,kernel_rope_neox_f32,0.002800,256x16x1,64x1x1,128x4x16x1
Vcur-12,kernel_add_row,0.005000,2048x0x0,64x0x0,512x16x1x1
cache_k_l12 (view),kernel_set_rows_f16_i64,0.003300,8192x1x1,512x1x1,512x4096x1x1
cache_v_l12 (view),kernel_set_rows_f16_i64,0.002800,8192x1x1,512x1x1,512x4096x1x1
__fattn__-12,flash_attn_f32_f16,1.330100,32x28x0,32x1x0,128x28x16x1
ffn_inp-12,kernel_add,0.022300,1024x1x1,64x1x1,3584x16x1x1
ffn_norm-12,kernel_rms_norm_mul,0.009200,16384x1x1,1024x1x1,3584x16x1x1
l_out-12,kernel_add,0.023700,1024x1x1,64x1x1,3584x16x1x1
attn_norm-13,kernel_rms_norm_mul,0.009400,16384x1x1,1024x1x1,3584x16x1x1
Qcur-13,kernel_add_row,0.007800,14336x0x0,64x0x0,3584x16x1x1
Qcur-13,kernel_rope_neox_f32,0.005500,1792x16x1,64x1x1,128x28x16x1
Kcur-13,kernel_add_row,0.004800,2048x0x0,64x0x0,512x16x1x1
Kcur-13,kernel_rope_neox_f32,0.002700,256x16x1,64x1x1,128x4x16x1
Vcur-13,kernel_add_row,0.002800,2048x0x0,64x0x0,512x16x1x1
cache_k_l13 (view),kernel_set_rows_f16_i64,0.003200,8192x1x1,512x1x1,512x4096x1x1
cache_v_l13 (view),kernel_set_rows_f16_i64,0.002900,8192x1x1,512x1x1,512x4096x1x1
__fattn__-13,flash_attn_f32_f16,1.349300,32x28x0,32x1x0,128x28x16x1
ffn_inp-13,kernel_add,0.022800,1024x1x1,64x1x1,3584x16x1x1
ffn_norm-13,kernel_rms_norm_mul,0.009100,16384x1x1,1024x1x1,3584x16x1x1
l_out-13,kernel_add,0.024800,1024x1x1,64x1x1,3584x16x1x1
attn_norm-14,kernel_rms_norm_mul,0.009200,16384x1x1,1024x1x1,3584x16x1x1
Qcur-14,kernel_add_row,0.007500,14336x0x0,64x0x0,3584x16x1x1
Qcur-14,kernel_rope_neox_f32,0.005400,1792x16x1,64x1x1,128x28x16x1
Kcur-14,kernel_add_row,0.002700,2048x0x0,64x0x0,512x16x1x1
Kcur-14,kernel_rope_neox_f32,0.002700,256x16x1,64x1x1,128x4x16x1
node_488,kernel_mul_mv_q6_K_f32,0.955000,512x1024x1,2x64x1,512x16x1x1
Vcur-14,kernel_add_row,0.002600,2048x0x0,64x0x0,512x16x1x1
cache_k_l14 (view),kernel_set_rows_f16_i64,0.003200,8192x1x1,512x1x1,512x4096x1x1
cache_v_l14 (view),kernel_set_rows_f16_i64,0.002800,8192x1x1,512x1x1,512x4096x1x1
__fattn__-14,flash_attn_f32_f16,1.336400,32x28x0,32x1x0,128x28x16x1
ffn_inp-14,kernel_add,0.023600,1024x1x1,64x1x1,3584x16x1x1
ffn_norm-14,kernel_rms_norm_mul,0.009200,16384x1x1,1024x1x1,3584x16x1x1
ffn_swiglu-14,kernel_swiglu,0.047200,8192x1x1,512x1x1,18944x16x1x1
ffn_out-14,kernel_mul_mv_q6_K_f32,39.607201,3584x1024x1,2x64x1,3584x16x1x1
l_out-14,kernel_add,0.023000,1024x1x1,64x1x1,3584x16x1x1
attn_norm-15,kernel_rms_norm_mul,0.009200,16384x1x1,1024x1x1,3584x16x1x1
Qcur-15,kernel_add_row,0.013800,14336x0x0,64x0x0,3584x16x1x1
Qcur-15,kernel_rope_neox_f32,0.005500,1792x16x1,64x1x1,128x28x16x1
Kcur-15,kernel_add_row,0.005600,2048x0x0,64x0x0,512x16x1x1
Kcur-15,kernel_rope_neox_f32,0.002700,256x16x1,64x1x1,128x4x16x1
Vcur-15,kernel_add_row,0.005800,2048x0x0,64x0x0,512x16x1x1
cache_k_l15 (view),kernel_set_rows_f16_i64,0.003500,8192x1x1,512x1x1,512x4096x1x1
cache_v_l15 (view),kernel_set_rows_f16_i64,0.002800,8192x1x1,512x1x1,512x4096x1x1
__fattn__-15,flash_attn_f32_f16,1.362100,32x28x0,32x1x0,128x28x16x1
ffn_inp-15,kernel_add,0.024300,1024x1x1,64x1x1,3584x16x1x1
ffn_norm-15,kernel_rms_norm_mul,0.009400,16384x1x1,1024x1x1,3584x16x1x1
l_out-15,kernel_add,0.024200,1024x1x1,64x1x1,3584x16x1x1
attn_norm-16,kernel_rms_norm_mul,0.009100,16384x1x1,1024x1x1,3584x16x1x1
Qcur-16,kernel_add_row,0.013000,14336x0x0,64x0x0,3584x16x1x1
Qcur-16,kernel_rope_neox_f32,0.005600,1792x16x1,64x1x1,128x28x16x1
Kcur-16,kernel_add_row,0.005700,2048x0x0,64x0x0,512x16x1x1
Kcur-16,kernel_rope_neox_f32,0.003000,256x16x1,64x1x1,128x4x16x1
Vcur-16,kernel_add_row,0.005700,2048x0x0,64x0x0,512x16x1x1
cache_k_l16 (view),kernel_set_rows_f16_i64,0.003200,8192x1x1,512x1x1,512x4096x1x1
cache_v_l16 (view),kernel_set_rows_f16_i64,0.002800,8192x1x1,512x1x1,512x4096x1x1
__fattn__-16,flash_attn_f32_f16,1.347600,32x28x0,32x1x0,128x28x16x1
ffn_inp-16,kernel_add,0.024300,1024x1x1,64x1x1,3584x16x1x1
ffn_norm-16,kernel_rms_norm_mul,0.009100,16384x1x1,1024x1x1,3584x16x1x1
l_out-16,kernel_add,0.023200,1024x1x1,64x1x1,3584x16x1x1
attn_norm-17,kernel_rms_norm_mul,0.009200,16384x1x1,1024x1x1,3584x16x1x1
Qcur-17,kernel_add_row,0.007100,14336x0x0,64x0x0,3584x16x1x1
Qcur-17,kernel_rope_neox_f32,0.005500,1792x16x1,64x1x1,128x28x16x1
Kcur-17,kernel_add_row,0.005700,2048x0x0,64x0x0,512x16x1x1
Kcur-17,kernel_rope_neox_f32,0.002700,256x16x1,64x1x1,128x4x16x1
node_590,kernel_mul_mv_q6_K_f32,0.954600,512x1024x1,2x64x1,512x16x1x1
Vcur-17,kernel_add_row,0.002500,2048x0x0,64x0x0,512x16x1x1
cache_k_l17 (view),kernel_set_rows_f16_i64,0.003300,8192x1x1,512x1x1,512x4096x1x1
cache_v_l17 (view),kernel_set_rows_f16_i64,0.002900,8192x1x1,512x1x1,512x4096x1x1
__fattn__-17,flash_attn_f32_f16,1.367800,32x28x0,32x1x0,128x28x16x1
ffn_inp-17,kernel_add,0.024700,1024x1x1,64x1x1,3584x16x1x1
ffn_norm-17,kernel_rms_norm_mul,0.009200,16384x1x1,1024x1x1,3584x16x1x1
ffn_swiglu-17,kernel_swiglu,0.047400,8192x1x1,512x1x1,18944x16x1x1
ffn_out-17,kernel_mul_mv_q6_K_f32,39.599998,3584x1024x1,2x64x1,3584x16x1x1
l_out-17,kernel_add,0.023600,1024x1x1,64x1x1,3584x16x1x1
attn_norm-18,kernel_rms_norm_mul,0.009200,16384x1x1,1024x1x1,3584x16x1x1
Qcur-18,kernel_add_row,0.012600,14336x0x0,64x0x0,3584x16x1x1
Qcur-18,kernel_rope_neox_f32,0.005600,1792x16x1,64x1x1,128x28x16x1
Kcur-18,kernel_add_row,0.005600,2048x0x0,64x0x0,512x16x1x1
Kcur-18,kernel_rope_neox_f32,0.002700,256x16x1,64x1x1,128x4x16x1
Vcur-18,kernel_add_row,0.005600,2048x0x0,64x0x0,512x16x1x1
cache_k_l18 (view),kernel_set_rows_f16_i64,0.003400,8192x1x1,512x1x1,512x4096x1x1
cache_v_l18 (view),kernel_set_rows_f16_i64,0.002800,8192x1x1,512x1x1,512x4096x1x1
__fattn__-18,flash_attn_f32_f16,1.368400,32x28x0,32x1x0,128x28x16x1
ffn_inp-18,kernel_add,0.024200,1024x1x1,64x1x1,3584x16x1x1
ffn_norm-18,kernel_rms_norm_mul,0.009100,16384x1x1,1024x1x1,3584x16x1x1
l_out-18,kernel_add,0.024100,1024x1x1,64x1x1,3584x16x1x1
attn_norm-19,kernel_rms_norm_mul,0.009200,16384x1x1,1024x1x1,3584x16x1x1
Qcur-19,kernel_add_row,0.013300,14336x0x0,64x0x0,3584x16x1x1
Qcur-19,kernel_rope_neox_f32,0.005500,1792x16x1,64x1x1,128x28x16x1
Kcur-19,kernel_add_row,0.005700,2048x0x0,64x0x0,512x16x1x1
Kcur-19,kernel_rope_neox_f32,0.002700,256x16x1,64x1x1,128x4x16x1
Vcur-19,kernel_add_row,0.005600,2048x0x0,64x0x0,512x16x1x1
cache_k_l19 (view),kernel_set_rows_f16_i64,0.003200,8192x1x1,512x1x1,512x4096x1x1
cache_v_l19 (view),kernel_set_rows_f16_i64,0.002800,8192x1x1,512x1x1,512x4096x1x1
__fattn__-19,flash_attn_f32_f16,1.340200,32x28x0,32x1x0,128x28x16x1
ffn_inp-19,kernel_add,0.024800,1024x1x1,64x1x1,3584x16x1x1
ffn_norm-19,kernel_rms_norm_mul,0.009300,16384x1x1,1024x1x1,3584x16x1x1
l_out-19,kernel_add,0.023600,1024x1x1,64x1x1,3584x16x1x1
attn_norm-20,kernel_rms_norm_mul,0.009300,16384x1x1,1024x1x1,3584x16x1x1
Qcur-20,kernel_add_row,0.007200,14336x0x0,64x0x0,3584x16x1x1
Qcur-20,kernel_rope_neox_f32,0.005400,1792x16x1,64x1x1,128x28x16x1
Kcur-20,kernel_add_row,0.005700,2048x0x0,64x0x0,512x16x1x1
Kcur-20,kernel_rope_neox_f32,0.002800,256x16x1,64x1x1,128x4x16x1
node_692,kernel_mul_mv_q6_K_f32,0.955700,512x1024x1,2x64x1,512x16x1x1
Vcur-20,kernel_add_row,0.002500,2048x0x0,64x0x0,512x16x1x1
cache_k_l20 (view),kernel_set_rows_f16_i64,0.003300,8192x1x1,512x1x1,512x4096x1x1
cache_v_l20 (view),kernel_set_rows_f16_i64,0.002800,8192x1x1,512x1x1,512x4096x1x1
__fattn__-20,flash_attn_f32_f16,1.346900,32x28x0,32x1x0,128x28x16x1
ffn_inp-20,kernel_add,0.024700,1024x1x1,64x1x1,3584x16x1x1
ffn_norm-20,kernel_rms_norm_mul,0.009200,16384x1x1,1024x1x1,3584x16x1x1
ffn_swiglu-20,kernel_swiglu,0.047400,8192x1x1,512x1x1,18944x16x1x1
ffn_out-20,kernel_mul_mv_q6_K_f32,39.584400,3584x1024x1,2x64x1,3584x16x1x1
l_out-20,kernel_add,0.023300,1024x1x1,64x1x1,3584x16x1x1
attn_norm-21,kernel_rms_norm_mul,0.009300,16384x1x1,1024x1x1,3584x16x1x1
Qcur-21,kernel_add_row,0.011000,14336x0x0,64x0x0,3584x16x1x1
Qcur-21,kernel_rope_neox_f32,0.005500,1792x16x1,64x1x1,128x28x16x1
Kcur-21,kernel_add_row,0.005700,2048x0x0,64x0x0,512x16x1x1
Kcur-21,kernel_rope_neox_f32,0.002700,256x16x1,64x1x1,128x4x16x1
Vcur-21,kernel_add_row,0.005800,2048x0x0,64x0x0,512x16x1x1
cache_k_l21 (view),kernel_set_rows_f16_i64,0.003400,8192x1x1,512x1x1,512x4096x1x1
cache_v_l21 (view),kernel_set_rows_f16_i64,0.002900,8192x1x1,512x1x1,512x4096x1x1
__fattn__-21,flash_attn_f32_f16,1.345400,32x28x0,32x1x0,128x28x16x1
ffn_inp-21,kernel_add,0.023900,1024x1x1,64x1x1,3584x16x1x1
ffn_norm-21,kernel_rms_norm_mul,0.009200,16384x1x1,1024x1x1,3584x16x1x1
l_out-21,kernel_add,0.024100,1024x1x1,64x1x1,3584x16x1x1
attn_norm-22,kernel_rms_norm_mul,0.009100,16384x1x1,1024x1x1,3584x16x1x1
Qcur-22,kernel_add_row,0.013200,14336x0x0,64x0x0,3584x16x1x1
Qcur-22,kernel_rope_neox_f32,0.005400,1792x16x1,64x1x1,128x28x16x1
Kcur-22,kernel_add_row,0.005600,2048x0x0,64x0x0,512x16x1x1
Kcur-22,kernel_rope_neox_f32,0.002700,256x16x1,64x1x1,128x4x16x1
Vcur-22,kernel_add_row,0.005600,2048x0x0,64x0x0,512x16x1x1
cache_k_l22 (view),kernel_set_rows_f16_i64,0.003300,8192x1x1,512x1x1,512x4096x1x1
cache_v_l22 (view),kernel_set_rows_f16_i64,0.002700,8192x1x1,512x1x1,512x4096x1x1
__fattn__-22,flash_attn_f32_f16,1.324400,32x28x0,32x1x0,128x28x16x1
ffn_inp-22,kernel_add,0.024400,1024x1x1,64x1x1,3584x16x1x1
ffn_norm-22,kernel_rms_norm_mul,0.009200,16384x1x1,1024x1x1,3584x16x1x1
l_out-22,kernel_add,0.023500,1024x1x1,64x1x1,3584x16x1x1
attn_norm-23,kernel_rms_norm_mul,0.009200,16384x1x1,1024x1x1,3584x16x1x1
Qcur-23,kernel_add_row,0.007300,14336x0x0,64x0x0,3584x16x1x1
Qcur-23,kernel_rope_neox_f32,0.005500,1792x16x1,64x1x1,128x28x16x1
Kcur-23,kernel_add_row,0.005700,2048x0x0,64x0x0,512x16x1x1
Kcur-23,kernel_rope_neox_f32,0.002700,256x16x1,64x1x1,128x4x16x1
node_794,kernel_mul_mv_q6_K_f32,0.953600,512x1024x1,2x64x1,512x16x1x1
Vcur-23,kernel_add_row,0.002500,2048x0x0,64x0x0,512x16x1x1
cache_k_l23 (view),kernel_set_rows_f16_i64,0.003400,8192x1x1,512x1x1,512x4096x1x1
cache_v_l23 (view),kernel_set_rows_f16_i64,0.002900,8192x1x1,512x1x1,512x4096x1x1
__fattn__-23,flash_attn_f32_f16,1.351500,32x28x0,32x1x0,128x28x16x1
ffn_inp-23,kernel_add,0.025400,1024x1x1,64x1x1,3584x16x1x1
ffn_norm-23,kernel_rms_norm_mul,0.009400,16384x1x1,1024x1x1,3584x16x1x1
ffn_swiglu-23,kernel_swiglu,0.047000,8192x1x1,512x1x1,18944x16x1x1
ffn_out-23,kernel_mul_mv_q6_K_f32,39.607601,3584x1024x1,2x64x1,3584x16x1x1
l_out-23,kernel_add,0.023500,1024x1x1,64x1x1,3584x16x1x1
attn_norm-24,kernel_rms_norm_mul,0.009300,16384x1x1,1024x1x1,3584x16x1x1
Qcur-24,kernel_add_row,0.007800,14336x0x0,64x0x0,3584x16x1x1
Qcur-24,kernel_rope_neox_f32,0.005400,1792x16x1,64x1x1,128x28x16x1
Kcur-24,kernel_add_row,0.005800,2048x0x0,64x0x0,512x16x1x1
Kcur-24,kernel_rope_neox_f32,0.002700,256x16x1,64x1x1,128x4x16x1
node_828,kernel_mul_mv_q6_K_f32,0.956600,512x1024x1,2x64x1,512x16x1x1
Vcur-24,kernel_add_row,0.002500,2048x0x0,64x0x0,512x16x1x1
cache_k_l24 (view),kernel_set_rows_f16_i64,0.003600,8192x1x1,512x1x1,512x4096x1x1
cache_v_l24 (view),kernel_set_rows_f16_i64,0.002800,8192x1x1,512x1x1,512x4096x1x1
__fattn__-24,flash_attn_f32_f16,1.363600,32x28x0,32x1x0,128x28x16x1
ffn_inp-24,kernel_add,0.024200,1024x1x1,64x1x1,3584x16x1x1
ffn_norm-24,kernel_rms_norm_mul,0.009200,16384x1x1,1024x1x1,3584x16x1x1
ffn_swiglu-24,kernel_swiglu,0.047000,8192x1x1,512x1x1,18944x16x1x1
ffn_out-24,kernel_mul_mv_q6_K_f32,39.633701,3584x1024x1,2x64x1,3584x16x1x1
l_out-24,kernel_add,0.023700,1024x1x1,64x1x1,3584x16x1x1
attn_norm-25,kernel_rms_norm_mul,0.009100,16384x1x1,1024x1x1,3584x16x1x1
Qcur-25,kernel_add_row,0.008100,14336x0x0,64x0x0,3584x16x1x1
Qcur-25,kernel_rope_neox_f32,0.005500,1792x16x1,64x1x1,128x28x16x1
Kcur-25,kernel_add_row,0.005900,2048x0x0,64x0x0,512x16x1x1
Kcur-25,kernel_rope_neox_f32,0.002700,256x16x1,64x1x1,128x4x16x1
node_862,kernel_mul_mv_q6_K_f32,0.956200,512x1024x1,2x64x1,512x16x1x1
Vcur-25,kernel_add_row,0.002500,2048x0x0,64x0x0,512x16x1x1
cache_k_l25 (view),kernel_set_rows_f16_i64,0.003200,8192x1x1,512x1x1,512x4096x1x1
cache_v_l25 (view),kernel_set_rows_f16_i64,0.002800,8192x1x1,512x1x1,512x4096x1x1
__fattn__-25,flash_attn_f32_f16,1.348700,32x28x0,32x1x0,128x28x16x1
ffn_inp-25,kernel_add,0.023700,1024x1x1,64x1x1,3584x16x1x1
ffn_norm-25,kernel_rms_norm_mul,0.009400,16384x1x1,1024x1x1,3584x16x1x1
ffn_swiglu-25,kernel_swiglu,0.047600,8192x1x1,512x1x1,18944x16x1x1
ffn_out-25,kernel_mul_mv_q6_K_f32,39.536098,3584x1024x1,2x64x1,3584x16x1x1
l_out-25,kernel_add,0.023100,1024x1x1,64x1x1,3584x16x1x1
attn_norm-26,kernel_rms_norm_mul,0.009100,16384x1x1,1024x1x1,3584x16x1x1
Qcur-26,kernel_add_row,0.007800,14336x0x0,64x0x0,3584x16x1x1
Qcur-26,kernel_rope_neox_f32,0.005500,1792x16x1,64x1x1,128x28x16x1
Kcur-26,kernel_add_row,0.005600,2048x0x0,64x0x0,512x16x1x1
Kcur-26,kernel_rope_neox_f32,0.002800,256x16x1,64x1x1,128x4x16x1
node_896,kernel_mul_mv_q6_K_f32,0.956800,512x1024x1,2x64x1,512x16x1x1
Vcur-26,kernel_add_row,0.002600,2048x0x0,64x0x0,512x16x1x1
cache_k_l26 (view),kernel_set_rows_f16_i64,0.003400,8192x1x1,512x1x1,512x4096x1x1
cache_v_l26 (view),kernel_set_rows_f16_i64,0.002900,8192x1x1,512x1x1,512x4096x1x1
__fattn__-26,flash_attn_f32_f16,1.335900,32x28x0,32x1x0,128x28x16x1
ffn_inp-26,kernel_add,0.023700,1024x1x1,64x1x1,3584x16x1x1
ffn_norm-26,kernel_rms_norm_mul,0.009200,16384x1x1,1024x1x1,3584x16x1x1
ffn_swiglu-26,kernel_swiglu,0.047200,8192x1x1,512x1x1,18944x16x1x1
ffn_out-26,kernel_mul_mv_q6_K_f32,39.589600,3584x1024x1,2x64x1,3584x16x1x1
l_out-26,kernel_add,0.023400,1024x1x1,64x1x1,3584x16x1x1
attn_norm-27,kernel_rms_norm_mul,0.009200,16384x1x1,1024x1x1,3584x16x1x1
Qcur-27,kernel_add_row,0.008100,14336x0x0,64x0x0,3584x16x1x1
Qcur-27,kernel_rope_neox_f32,0.005500,1792x16x1,64x1x1,128x28x16x1
Kcur-27,kernel_add_row,0.005800,2048x0x0,64x0x0,512x16x1x1
Kcur-27,kernel_rope_neox_f32,0.002800,256x16x1,64x1x1,128x4x16x1
node_930,kernel_mul_mv_q6_K_f32,0.951900,512x1024x1,2x64x1,512x16x1x1
Vcur-27,kernel_add_row,0.002500,2048x0x0,64x0x0,512x16x1x1
cache_k_l27 (view),kernel_set_rows_f16_i64,0.003500,8192x1x1,512x1x1,512x4096x1x1
cache_v_l27 (view),kernel_set_rows_f16_i64,0.002800,8192x1x1,512x1x1,512x4096x1x1
__fattn__-27,flash_attn_f32_f16,1.365900,32x28x0,32x1x0,128x28x16x1
attn_norm-0,kernel_rms_norm_mul,0.012600,16384x1x1,1024x1x1,3584x16x1x1
Qcur-0,kernel_add_row,0.008300,14336x0x0,64x0x0,3584x16x1x1
Qcur-0,kernel_rope_neox_f32,0.005400,1792x16x1,64x1x1,128x28x16x1
Kcur-0,kernel_add_row,0.005700,2048x0x0,64x0x0,512x16x1x1
Kcur-0,kernel_rope_neox_f32,0.002900,256x16x1,64x1x1,128x4x16x1
node_11,kernel_mul_mv_q6_K_f32,0.953700,512x1024x1,2x64x1,512x16x1x1
Vcur-0,kernel_add_row,0.002300,2048x0x0,64x0x0,512x16x1x1
cache_k_l0 (view),kernel_set_rows_f16_i64,0.003300,8192x1x1,512x1x1,512x4096x1x1
cache_v_l0 (view),kernel_set_rows_f16_i64,0.002800,8192x1x1,512x1x1,512x4096x1x1
 (copy),kernel_cpy_f32_f16,0.003500,4096x1x1,64x1x1,256x64x1x1
__fattn__-0,flash_attn_f32_f16,1.367600,32x28x0,32x1x0,128x28x16x1
ffn_inp-0,kernel_add,0.026000,1024x1x1,64x1x1,3584x16x1x1
ffn_norm-0,kernel_rms_norm_mul,0.009100,16384x1x1,1024x1x1,3584x16x1x1
ffn_swiglu-0,kernel_swiglu,0.047000,8192x1x1,512x1x1,18944x16x1x1
ffn_out-0,kernel_mul_mv_q6_K_f32,39.588001,3584x1024x1,2x64x1,3584x16x1x1
l_out-0,kernel_add,0.023700,1024x1x1,64x1x1,3584x16x1x1
attn_norm-1,kernel_rms_norm_mul,0.009200,16384x1x1,1024x1x1,3584x16x1x1
Qcur-1,kernel_add_row,0.007700,14336x0x0,64x0x0,3584x16x1x1
Qcur-1,kernel_rope_neox_f32,0.005500,1792x16x1,64x1x1,128x28x16x1
Kcur-1,kernel_add_row,0.005800,2048x0x0,64x0x0,512x16x1x1
Kcur-1,kernel_rope_neox_f32,0.002700,256x16x1,64x1x1,128x4x16x1
node_46,kernel_mul_mv_q6_K_f32,0.953000,512x1024x1,2x64x1,512x16x1x1
Vcur-1,kernel_add_row,0.002500,2048x0x0,64x0x0,512x16x1x1
cache_k_l1 (view),kernel_set_rows_f16_i64,0.003300,8192x1x1,512x1x1,512x4096x1x1
cache_v_l1 (view),kernel_set_rows_f16_i64,0.002800,8192x1x1,512x1x1,512x4096x1x1
__fattn__-1,flash_attn_f32_f16,1.345200,32x28x0,32x1x0,128x28x16x1
ffn_inp-1,kernel_add,0.024000,1024x1x1,64x1x1,3584x16x1x1
ffn_norm-1,kernel_rms_norm_mul,0.009300,16384x1x1,1024x1x1,3584x16x1x1
ffn_swiglu-1,kernel_swiglu,0.046800,8192x1x1,512x1x1,18944x16x1x1
ffn_out-1,kernel_mul_mv_q6_K_f32,39.646500,3584x1024x1,2x64x1,3584x16x1x1
l_out-1,kernel_add,0.023400,1024x1x1,64x1x1,3584x16x1x1
attn_norm-2,kernel_rms_norm_mul,0.009200,16384x1x1,1024x1x1,3584x16x1x1
Qcur-2,kernel_add_row,0.007900,14336x0x0,64x0x0,3584x16x1x1
Qcur-2,kernel_rope_neox_f32,0.005600,1792x16x1,64x1x1,128x28x16x1
Kcur-2,kernel_add_row,0.005800,2048x0x0,64x0x0,512x16x1x1
Kcur-2,kernel_rope_neox_f32,0.002700,256x16x1,64x1x1,128x4x16x1
node_80,kernel_mul_mv_q6_K_f32,0.955900,512x1024x1,2x64x1,512x16x1x1
Vcur-2,kernel_add_row,0.002400,2048x0x0,64x0x0,512x16x1x1
cache_k_l2 (view),kernel_set_rows_f16_i64,0.003200,8192x1x1,512x1x1,512x4096x1x1
cache_v_l2 (view),kernel_set_rows_f16_i64,0.002800,8192x1x1,512x1x1,512x4096x1x1
__fattn__-2,flash_attn_f32_f16,1.365900,32x28x0,32x1x0,128x28x16x1
ffn_inp-2,kernel_add,0.023700,1024x1x1,64x1x1,3584x16x1x1
ffn_norm-2,kernel_rms_norm_mul,0.009300,16384x1x1,1024x1x1,3584x16x1x1
ffn_swiglu-2,kernel_swiglu,0.047400,8192x1x1,512x1x1,18944x16x1x1
ffn_out-2,kernel_mul_mv_q6_K_f32,40.413399,3584x1024x1,2x64x1,3584x16x1x1
l_out-2,kernel_add,0.023200,1024x1x1,64x1x1,3584x16x1x1
attn_norm-3,kernel_rms_norm_mul,0.009200,16384x1x1,1024x1x1,3584x16x1x1
Qcur-3,kernel_add_row,0.009600,14336x0x0,64x0x0,3584x16x1x1
Qcur-3,kernel_rope_neox_f32,0.005400,1792x16x1,64x1x1,128x28x16x1
Kcur-3,kernel_add_row,0.005600,2048x0x0,64x0x0,512x16x1x1
Kcur-3,kernel_rope_neox_f32,0.002600,256x16x1,64x1x1,128x4x16x1
Vcur-3,kernel_add_row,0.005800,2048x0x0,64x0x0,512x16x1x1
cache_k_l3 (view),kernel_set_rows_f16_i64,0.003500,8192x1x1,512x1x1,512x4096x1x1
cache_v_l3 (view),kernel_set_rows_f16_i64,0.002800,8192x1x1,512x1x1,512x4096x1x1
__fattn__-3,flash_attn_f32_f16,1.346300,32x28x0,32x1x0,128x28x16x1
ffn_inp-3,kernel_add,0.024500,1024x1x1,64x1x1,3584x16x1x1
ffn_norm-3,kernel_rms_norm_mul,0.009200,16384x1x1,1024x1x1,3584x16x1x1
l_out-3,kernel_add,0.024200,1024x1x1,64x1x1,3584x16x1x1
attn_norm-4,kernel_rms_norm_mul,0.009100,16384x1x1,1024x1x1,3584x16x1x1
Qcur-4,kernel_add_row,0.013400,14336x0x0,64x0x0,3584x16x1x1
Qcur-4,kernel_rope_neox_f32,0.005500,1792x16x1,64x1x1,128x28x16x1
Kcur-4,kernel_add_row,0.005500,2048x0x0,64x0x0,512x16x1x1
Kcur-4,kernel_rope_neox_f32,0.002700,256x16x1,64x1x1,128x4x16x1
Vcur-4,kernel_add_row,0.005600,2048x0x0,64x0x0,512x16x1x1
cache_k_l4 (view),kernel_set_rows_f16_i64,0.003200,8192x1x1,512x1x1,512x4096x1x1
cache_v_l4 (view),kernel_set_rows_f16_i64,0.002800,8192x1x1,512x1x1,512x4096x1x1
__fattn__-4,flash_attn_f32_f16,1.367100,32x28x0,32x1x0,128x28x16x1
ffn_inp-4,kernel_add,0.024300,1024x1x1,64x1x1,3584x16x1x1
ffn_norm-4,kernel_rms_norm_mul,0.009200,16384x1x1,1024x1x1,3584x16x1x1
l_out-4,kernel_add,0.022700,1024x1x1,64x1x1,3584x16x1x1
attn_norm-5,kernel_rms_norm_mul,0.009200,16384x1x1,1024x1x1,3584x16x1x1
Qcur-5,kernel_add_row,0.007500,14336x0x0,64x0x0,3584x16x1x1
Qcur-5,kernel_rope_neox_f32,0.005500,1792x16x1,64x1x1,128x28x16x1
Kcur-5,kernel_add_row,0.005700,2048x0x0,64x0x0,512x16x1x1
Kcur-5,kernel_rope_neox_f32,0.002900,256x16x1,64x1x1,128x4x16x1
node_182,kernel_mul_mv_q6_K_f32,0.956500,512x1024x1,2x64x1,512x16x1x1
Vcur-5,kernel_add_row,0.002500,2048x0x0,64x0x0,512x16x1x1
cache_k_l5 (view),kernel_set_rows_f16_i64,0.003400,8192x1x1,512x1x1,512x4096x1x1
cache_v_l5 (view),kernel_set_rows_f16_i64,0.002800,8192x1x1,512x1x1,512x4096x1x1
__fattn__-5,flash_attn_f32_f16,1.363300,32x28x0,32x1x0,128x28x16x1
ffn_inp-5,kernel_add,0.024600,1024x1x1,64x1x1,3584x16x1x1
ffn_norm-5,kernel_rms_norm_mul,0.009100,16384x1x1,1024x1x1,3584x16x1x1
ffn_swiglu-5,kernel_swiglu,0.048300,8192x1x1,512x1x1,18944x16x1x1
ffn_out-5,kernel_mul_mv_q6_K_f32,40.591202,3584x1024x1,2x64x1,3584x16x1x1
l_out-5,kernel_add,0.023100,1024x1x1,64x1x1,3584x16x1x1
attn_norm-6,kernel_rms_norm_mul,0.009400,16384x1x1,1024x1x1,3584x16x1x1
Qcur-6,kernel_add_row,0.011800,14336x0x0,64x0x0,3584x16x1x1
Qcur-6,kernel_rope_neox_f32,0.005700,1792x16x1,64x1x1,128x28x16x1
Kcur-6,kernel_add_row,0.006000,2048x0x0,64x0x0,512x16x1x1
Kcur-6,kernel_rope_neox_f32,0.002800,256x16x1,64x1x1,128x4x16x1
Vcur-6,kernel_add_row,0.005600,2048x0x0,64x0x0,512x16x1x1
cache_k_l6 (view),kernel_set_rows_f16_i64,0.003500,8192x1x1,512x1x1,512x4096x1x1
cache_v_l6 (view),kernel_set_rows_f16_i64,0.002700,8192x1x1,512x1x1,512x4096x1x1
__fattn__-6,flash_attn_f32_f16,1.355000,32x28x0,32x1x0,128x28x16x1
ffn_inp-6,kernel_add,0.023900,1024x1x1,64x1x1,3584x16x1x1
ffn_norm-6,kernel_rms_norm_mul,0.009200,16384x1x1,1024x1x1,3584x16x1x1
l_out-6,kernel_add,0.024200,1024x1x1,64x1x1,3584x16x1x1
attn_norm-7,kernel_rms_norm_mul,0.009100,16384x1x1,1024x1x1,3584x16x1x1
Qcur-7,kernel_add_row,0.013000,14336x0x0,64x0x0,3584x16x1x1
Qcur-7,kernel_rope_neox_f32,0.005400,1792x16x1,64x1x1,128x28x16x1
Kcur-7,kernel_add_row,0.005800,2048x0x0,64x0x0,512x16x1x1
Kcur-7,kernel_rope_neox_f32,0.002700,256x16x1,64x1x1,128x4x16x1
Vcur-7,kernel_add_row,0.005800,2048x0x0,64x0x0,512x16x1x1
cache_k_l7 (view),kernel_set_rows_f16_i64,0.003300,8192x1x1,512x1x1,512x4096x1x1
cache_v_l7 (view),kernel_set_rows_f16_i64,0.002900,8192x1x1,512x1x1,512x4096x1x1
__fattn__-7,flash_attn_f32_f16,1.345800,32x28x0,32x1x0,128x28x16x1
ffn_inp-7,kernel_add,0.024500,1024x1x1,64x1x1,3584x16x1x1
ffn_norm-7,kernel_rms_norm_mul,0.009200,16384x1x1,1024x1x1,3584x16x1x1
l_out-7,kernel_add,0.023100,1024x1x1,64x1x1,3584x16x1x1
attn_norm-8,kernel_rms_norm_mul,0.009200,16384x1x1,1024x1x1,3584x16x1x1
Qcur-8,kernel_add_row,0.007400,14336x0x0,64x0x0,3584x16x1x1
Qcur-8,kernel_rope_neox_f32,0.005400,1792x16x1,64x1x1,128x28x16x1
Kcur-8,kernel_add_row,0.005600,2048x0x0,64x0x0,512x16x1x1
Kcur-8,kernel_rope_neox_f32,0.002800,256x16x1,64x1x1,128x4x16x1
node_284,kernel_mul_mv_q6_K_f32,0.956000,512x1024x1,2x64x1,512x16x1x1
Vcur-8,kernel_add_row,0.002600,2048x0x0,64x0x0,512x16x1x1
cache_k_l8 (view),kernel_set_rows_f16_i64,0.003300,8192x1x1,512x1x1,512x4096x1x1
cache_v_l8 (view),kernel_set_rows_f16_i64,0.002800,8192x1x1,512x1x1,512x4096x1x1
__fattn__-8,flash_attn_f32_f16,1.353200,32x28x0,32x1x0,128x28x16x1
ffn_inp-8,kernel_add,0.025000,1024x1x1,64x1x1,3584x16x1x1
ffn_norm-8,kernel_rms_norm_mul,0.009100,16384x1x1,1024x1x1,3584x16x1x1
ffn_swiglu-8,kernel_swiglu,0.046600,8192x1x1,512x1x1,18944x16x1x1
ffn_out-8,kernel_mul_mv_q6_K_f32,40.220901,3584x1024x1,2x64x1,3584x16x1x1
l_out-8,kernel_add,0.023400,1024x1x1,64x1x1,3584x16x1x1
attn_norm-9,kernel_rms_norm_mul,0.009200,16384x1x1,1024x1x1,3584x16x1x1
Qcur-9,kernel_add_row,0.012200,14336x0x0,64x0x0,3584x16x1x1
Qcur-9,kernel_rope_neox_f32,0.005300,1792x16x1,64x1x1,128x28x16x1
Kcur-9,kernel_add_row,0.005500,2048x0x0,64x0x0,512x16x1x1
Kcur-9,kernel_rope_neox_f32,0.002800,256x16x1,64x1x1,128x4x16x1
Vcur-9,kernel_add_row,0.005600,2048x0x0,64x0x0,512x16x1x1
cache_k_l9 (view),kernel_set_rows_f16_i64,0.003400,8192x1x1,512x1x1,512x4096x1x1
cache_v_l9 (view),kernel_set_rows_f16_i64,0.002800,8192x1x1,512x1x1,512x4096x1x1
__fattn__-9,flash_attn_f32_f16,1.363300,32x28x0,32x1x0,128x28x16x1
ffn_inp-9,kernel_add,0.024200,1024x1x1,64x1x1,3584x16x1x1
ffn_norm-9,kernel_rms_norm_mul,0.009100,16384x1x1,1024x1x1,3584x16x1x1
l_out-9,kernel_add,0.024500,1024x1x1,64x1x1,3584x16x1x1
attn_norm-10,kernel_rms_norm_mul,0.009100,16384x1x1,1024x1x1,3584x16x1x1
Qcur-10,kernel_add_row,0.013500,14336x0x0,64x0x0,3584x16x1x1
Qcur-10,kernel_rope_neox_f32,0.005300,1792x16x1,64x1x1,128x28x16x1
Kcur-10,kernel_add_row,0.005600,2048x0x0,64x0x0,512x16x1x1
Kcur-10,kernel_rope_neox_f32,0.002800,256x16x1,64x1x1,128x4x16x1
Vcur-10,kernel_add_row,0.005600,2048x0x0,64x0x0,512x16x1x1
cache_k_l10 (view),kernel_set_rows_f16_i64,0.003300,8192x1x1,512x1x1,512x4096x1x1
cache_v_l10 (view),kernel_set_rows_f16_i64,0.002900,8192x1x1,512x1x1,512x4096x1x1
__fattn__-10,flash_attn_f32_f16,1.359000,32x28x0,32x1x0,128x28x16x1
ffn_inp-10,kernel_add,0.025000,1024x1x1,64x1x1,3584x16x1x1
ffn_norm-10,kernel_rms_norm_mul,0.009200,16384x1x1,1024x1x1,3584x16x1x1
l_out-10,kernel_add,0.023100,1024x1x1,64x1x1,3584x16x1x1
attn_norm-11,kernel_rms_norm_mul,0.009200,16384x1x1,1024x1x1,3584x16x1x1
Qcur-11,kernel_add_row,0.007200,14336x0x0,64x0x0,3584x16x1x1
Qcur-11,kernel_rope_neox_f32,0.005400,1792x16x1,64x1x1,128x28x16x1
Kcur-11,kernel_add_row,0.005700,2048x0x0,64x0x0,512x16x1x1
Kcur-11,kernel_rope_neox_f32,0.002800,256x16x1,64x1x1,128x4x16x1
node_386,kernel_mul_mv_q6_K_f32,0.955500,512x1024x1,2x64x1,512x16x1x1
Vcur-11,kernel_add_row,0.002600,2048x0x0,64x0x0,512x16x1x1
cache_k_l11 (view),kernel_set_rows_f16_i64,0.003300,8192x1x1,512x1x1,512x4096x1x1
cache_v_l11 (view),kernel_set_rows_f16_i64,0.002900,8192x1x1,512x1x1,512x4096x1x1
__fattn__-11,flash_attn_f32_f16,1.349300,32x28x0,32x1x0,128x28x16x1
ffn_inp-11,kernel_add,0.025500,1024x1x1,64x1x1,3584x16x1x1
ffn_norm-11,kernel_rms_norm_mul,0.009300,16384x1x1,1024x1x1,3584x16x1x1
ffn_swiglu-11,kernel_swiglu,0.047600,8192x1x1,512x1x1,18944x16x1x1
ffn_out-11,kernel_mul_mv_q6_K_f32,39.606098,3584x1024x1,2x64x1,3584x16x1x1
l_out-11,kernel_add,0.023300,1024x1x1,64x1x1,3584x16x1x1
attn_norm-12,kernel_rms_norm_mul,0.009200,16384x1x1,1024x1x1,3584x16x1x1
Qcur-12,kernel_add_row,0.012400,14336x0x0,64x0x0,3584x16x1x1
Qcur-12,kernel_rope_neox_f32,0.005500,1792x16x1,64x1x1,128x28x16x1
Kcur-12,kernel_add_row,0.005700,2048x0x0,64x0x0,512x16x1x1
Kcur-12,kernel_rope_neox_f32,0.002800,256x16x1,64x1x1,128x4x16x1
Vcur-12,kernel_add_row,0.005600,2048x0x0,64x0x0,512x16x1x1
cache_k_l12 (view),kernel_set_rows_f16_i64,0.003300,8192x1x1,512x1x1,512x4096x1x1
cache_v_l12 (view),kernel_set_rows_f16_i64,0.002800,8192x1x1,512x1x1,512x4096x1x1
__fattn__-12,flash_attn_f32_f16,1.327800,32x28x0,32x1x0,128x28x16x1
ffn_inp-12,kernel_add,0.024500,1024x1x1,64x1x1,3584x16x1x1
ffn_norm-12,kernel_rms_norm_mul,0.009100,16384x1x1,1024x1x1,3584x16x1x1
l_out-12,kernel_add,0.024300,1024x1x1,64x1x1,3584x16x1x1
attn_norm-13,kernel_rms_norm_mul,0.009500,16384x1x1,1024x1x1,3584x16x1x1
Qcur-13,kernel_add_row,0.008700,14336x0x0,64x0x0,3584x16x1x1
Qcur-13,kernel_rope_neox_f32,0.005600,1792x16x1,64x1x1,128x28x16x1
Kcur-13,kernel_add_row,0.005500,2048x0x0,64x0x0,512x16x1x1
Kcur-13,kernel_rope_neox_f32,0.002700,256x16x1,64x1x1,128x4x16x1
Vcur-13,kernel_add_row,0.005700,2048x0x0,64x0x0,512x16x1x1
cache_k_l13 (view),kernel_set_rows_f16_i64,0.003500,8192x1x1,512x1x1,512x4096x1x1
cache_v_l13 (view),kernel_set_rows_f16_i64,0.002900,8192x1x1,512x1x1,512x4096x1x1
__fattn__-13,flash_attn_f32_f16,1.344900,32x28x0,32x1x0,128x28x16x1
ffn_inp-13,kernel_add,0.023800,1024x1x1,64x1x1,3584x16x1x1
ffn_norm-13,kernel_rms_norm_mul,0.009100,16384x1x1,1024x1x1,3584x16x1x1
l_out-13,kernel_add,0.022200,1024x1x1,64x1x1,3584x16x1x1
attn_norm-14,kernel_rms_norm_mul,0.009300,16384x1x1,1024x1x1,3584x16x1x1
Qcur-14,kernel_add_row,0.007400,14336x0x0,64x0x0,3584x16x1x1
Qcur-14,kernel_rope_neox_f32,0.005400,1792x16x1,64x1x1,128x28x16x1
Kcur-14,kernel_add_row,0.005700,2048x0x0,64x0x0,512x16x1x1
Kcur-14,kernel_rope_neox_f32,0.002700,256x16x1,64x1x1,128x4x16x1
node_488,kernel_mul_mv_q6_K_f32,0.954300,512x1024x1,2x64x1,512x16x1x1
Vcur-14,kernel_add_row,0.002500,2048x0x0,64x0x0,512x16x1x1
cache_k_l14 (view),kernel_set_rows_f16_i64,0.003300,8192x1x1,512x1x1,512x4096x1x1
cache_v_l14 (view),kernel_set_rows_f16_i64,0.002900,8192x1x1,512x1x1,512x4096x1x1
__fattn__-14,flash_attn_f32_f16,1.360800,32x28x0,32x1x0,128x28x16x1
ffn_inp-14,kernel_add,0.024900,1024x1x1,64x1x1,3584x16x1x1
ffn_norm-14,kernel_rms_norm_mul,0.009300,16384x1x1,1024x1x1,3584x16x1x1
ffn_swiglu-14,kernel_swiglu,0.047700,8192x1x1,512x1x1,18944x16x1x1
ffn_out-14,kernel_mul_mv_q6_K_f32,39.597301,3584x1024x1,2x64x1,3584x16x1x1
l_out-14,kernel_add,0.022900,1024x1x1,64x1x1,3584x16x1x1
attn_norm-15,kernel_rms_norm_mul,0.009200,16384x1x1,1024x1x1,3584x16x1x1
Qcur-15,kernel_add_row,0.012500,14336x0x0,64x0x0,3584x16x1x1
Qcur-15,kernel_rope_neox_f32,0.005500,1792x16x1,64x1x1,128x28x16x1
Kcur-15,kernel_add_row,0.005600,2048x0x0,64x0x0,512x16x1x1
Kcur-15,kernel_rope_neox_f32,0.002700,256x16x1,64x1x1,128x4x16x1
Vcur-15,kernel_add_row,0.005700,2048x0x0,64x0x0,512x16x1x1
cache_k_l15 (view),kernel_set_rows_f16_i64,0.003400,8192x1x1,512x1x1,512x4096x1x1
cache_v_l15 (view),kernel_set_rows_f16_i64,0.002800,8192x1x1,512x1x1,512x4096x1x1
__fattn__-15,flash_attn_f32_f16,1.357800,32x28x0,32x1x0,128x28x16x1
ffn_inp-15,kernel_add,0.024100,1024x1x1,64x1x1,3584x16x1x1
ffn_norm-15,kernel_rms_norm_mul,0.009300,16384x1x1,1024x1x1,3584x16x1x1
l_out-15,kernel_add,0.024400,1024x1x1,64x1x1,3584x16x1x1
attn_norm-16,kernel_rms_norm_mul,0.009300,16384x1x1,1024x1x1,3584x16x1x1
Qcur-16,kernel_add_row,0.012700,14336x0x0,64x0x0,3584x16x1x1
Qcur-16,kernel_rope_neox_f32,0.005400,1792x16x1,64x1x1,128x28x16x1
Kcur-16,kernel_add_row,0.005500,2048x0x0,64x0x0,512x16x1x1
Kcur-16,kernel_rope_neox_f32,0.002800,256x16x1,64x1x1,128x4x16x1
Vcur-16,kernel_add_row,0.005700,2048x0x0,64x0x0,512x16x1x1
cache_k_l16 (view),kernel_set_rows_f16_i64,0.003400,8192x1x1,512x1x1,512x4096x1x1
cache_v_l16 (view),kernel_set_rows_f16_i64,0.002800,8192x1x1,512x1x1,512x4096x1x1
__fattn__-16,flash_attn_f32_f16,1.348200,32x28x0,32x1x0,128x28x16x1
ffn_inp-16,kernel_add,0.024200,1024x1x1,64x1x1,3584x16x1x1
ffn_norm-16,kernel_rms_norm_mul,0.009200,16384x1x1,1024x1x1,3584x16x1x1
l_out-16,kernel_add,0.023300,1024x1x1,64x1x1,3584x16x1x1
attn_norm-17,kernel_rms_norm_mul,0.009100,16384x1x1,1024x1x1,3584x16x1x1
Qcur-17,kernel_add_row,0.007600,14336x0x0,64x0x0,3584x16x1x1
Qcur-17,kernel_rope_neox_f32,0.005400,1792x16x1,64x1x1,128x28x16x1
Kcur-17,kernel_add_row,0.005700,2048x0x0,64x0x0,512x16x1x1
Kcur-17,kernel_rope_neox_f32,0.002700,256x16x1,64x1x1,128x4x16x1
node_590,kernel_mul_mv_q6_K_f32,0.954400,512x1024x1,2x64x1,512x16x1x1
Vcur-17,kernel_add_row,0.002300,2048x0x0,64x0x0,512x16x1x1
cache_k_l17 (view),kernel_set_rows_f16_i64,0.003200,8192x1x1,512x1x1,512x4096x1x1
cache_v_l17 (view),kernel_set_rows_f16_i64,0.002800,8192x1x1,512x1x1,512x4096x1x1
__fattn__-17,flash_attn_f32_f16,1.363700,32x28x0,32x1x0,128x28x16x1
ffn_inp-17,kernel_add,0.024900,1024x1x1,64x1x1,3584x16x1x1
ffn_norm-17,kernel_rms_norm_mul,0.009100,16384x1x1,1024x1x1,3584x16x1x1
ffn_swiglu-17,kernel_swiglu,0.048600,8192x1x1,512x1x1,18944x16x1x1
ffn_out-17,kernel_mul_mv_q6_K_f32,39.593399,3584x1024x1,2x64x1,3584x16x1x1
l_out-17,kernel_add,0.023600,1024x1x1,64x1x1,3584x16x1x1
attn_norm-18,kernel_rms_norm_mul,0.009100,16384x1x1,1024x1x1,3584x16x1x1
Qcur-18,kernel_add_row,0.012400,14336x0x0,64x0x0,3584x16x1x1
Qcur-18,kernel_rope_neox_f32,0.005700,1792x16x1,64x1x1,128x28x16x1
Kcur-18,kernel_add_row,0.005800,2048x0x0,64x0x0,512x16x1x1
Kcur-18,kernel_rope_neox_f32,0.002700,256x16x1,64x1x1,128x4x16x1
Vcur-18,kernel_add_row,0.005800,2048x0x0,64x0x0,512x16x1x1
cache_k_l18 (view),kernel_set_rows_f16_i64,0.003200,8192x1x1,512x1x1,512x4096x1x1
cache_v_l18 (view),kernel_set_rows_f16_i64,0.002800,8192x1x1,512x1x1,512x4096x1x1
__fattn__-18,flash_attn_f32_f16,1.364700,32x28x0,32x1x0,128x28x16x1
ffn_inp-18,kernel_add,0.024200,1024x1x1,64x1x1,3584x16x1x1
ffn_norm-18,kernel_rms_norm_mul,0.009200,16384x1x1,1024x1x1,3584x16x1x1
l_out-18,kernel_add,0.024000,1024x1x1,64x1x1,3584x16x1x1
attn_norm-19,kernel_rms_norm_mul,0.009200,16384x1x1,1024x1x1,3584x16x1x1
Qcur-19,kernel_add_row,0.013000,14336x0x0,64x0x0,3584x16x1x1
Qcur-19,kernel_rope_neox_f32,0.005400,1792x16x1,64x1x1,128x28x16x1
Kcur-19,kernel_add_row,0.005700,2048x0x0,64x0x0,512x16x1x1
Kcur-19,kernel_rope_neox_f32,0.002800,256x16x1,64x1x1,128x4x16x1
Vcur-19,kernel_add_row,0.005600,2048x0x0,64x0x0,512x16x1x1
cache_k_l19 (view),kernel_set_rows_f16_i64,0.003300,8192x1x1,512x1x1,512x4096x1x1
cache_v_l19 (view),kernel_set_rows_f16_i64,0.002800,8192x1x1,512x1x1,512x4096x1x1
__fattn__-19,flash_attn_f32_f16,1.358800,32x28x0,32x1x0,128x28x16x1
ffn_inp-19,kernel_add,0.024500,1024x1x1,64x1x1,3584x16x1x1
ffn_norm-19,kernel_rms_norm_mul,0.009200,16384x1x1,1024x1x1,3584x16x1x1
l_out-19,kernel_add,0.023000,1024x1x1,64x1x1,3584x16x1x1
attn_norm-20,kernel_rms_norm_mul,0.009300,16384x1x1,1024x1x1,3584x16x1x1
Qcur-20,kernel_add_row,0.007300,14336x0x0,64x0x0,3584x16x1x1
Qcur-20,kernel_rope_neox_f32,0.005500,1792x16x1,64x1x1,128x28x16x1
Kcur-20,kernel_add_row,0.005700,2048x0x0,64x0x0,512x16x1x1
Kcur-20,kernel_rope_neox_f32,0.002800,256x16x1,64x1x1,128x4x16x1
node_692,kernel_mul_mv_q6_K_f32,0.956200,512x1024x1,2x64x1,512x16x1x1
Vcur-20,kernel_add_row,0.002600,2048x0x0,64x0x0,512x16x1x1
cache_k_l20 (view),kernel_set_rows_f16_i64,0.003300,8192x1x1,512x1x1,512x4096x1x1
cache_v_l20 (view),kernel_set_rows_f16_i64,0.002800,8192x1x1,512x1x1,512x4096x1x1
__fattn__-20,flash_attn_f32_f16,1.352600,32x28x0,32x1x0,128x28x16x1
ffn_inp-20,kernel_add,0.025000,1024x1x1,64x1x1,3584x16x1x1
ffn_norm-20,kernel_rms_norm_mul,0.009200,16384x1x1,1024x1x1,3584x16x1x1
ffn_swiglu-20,kernel_swiglu,0.048700,8192x1x1,512x1x1,18944x16x1x1
ffn_out-20,kernel_mul_mv_q6_K_f32,39.640099,3584x1024x1,2x64x1,3584x16x1x1
l_out-20,kernel_add,0.022800,1024x1x1,64x1x1,3584x16x1x1
attn_norm-21,kernel_rms_norm_mul,0.009300,16384x1x1,1024x1x1,3584x16x1x1
Qcur-21,kernel_add_row,0.011400,14336x0x0,64x0x0,3584x16x1x1
Qcur-21,kernel_rope_neox_f32,0.005400,1792x16x1,64x1x1,128x28x16x1
Kcur-21,kernel_add_row,0.005600,2048x0x0,64x0x0,512x16x1x1
Kcur-21,kernel_rope_neox_f32,0.002600,256x16x1,64x1x1,128x4x16x1
Vcur-21,kernel_add_row,0.005700,2048x0x0,64x0x0,512x16x1x1
cache_k_l21 (view),kernel_set_rows_f16_i64,0.003200,8192x1x1,512x1x1,512x4096x1x1
cache_v_l21 (view),kernel_set_rows_f16_i64,0.002900,8192x1x1,512x1x1,512x4096x1x1
__fattn__-21,flash_attn_f32_f16,1.351200,32x28x0,32x1x0,128x28x16x1
ffn_inp-21,kernel_add,0.024300,1024x1x1,64x1x1,3584x16x1x1
ffn_norm-21,kernel_rms_norm_mul,0.009200,16384x1x1,1024x1x1,3584x16x1x1
l_out-21,kernel_add,0.024100,1024x1x1,64x1x1,3584x16x1x1
attn_norm-22,kernel_rms_norm_mul,0.009200,16384x1x1,1024x1x1,3584x16x1x1
Qcur-22,kernel_add_row,0.013000,14336x0x0,64x0x0,3584x16x1x1
Qcur-22,kernel_rope_neox_f32,0.005500,1792x16x1,64x1x1,128x28x16x1
Kcur-22,kernel_add_row,0.005600,2048x0x0,64x0x0,512x16x1x1
Kcur-22,kernel_rope_neox_f32,0.002900,256x16x1,64x1x1,128x4x16x1
Vcur-22,kernel_add_row,0.005600,2048x0x0,64x0x0,512x16x1x1
cache_k_l22 (view),kernel_set_rows_f16_i64,0.003300,8192x1x1,512x1x1,512x4096x1x1
cache_v_l22 (view),kernel_set_rows_f16_i64,0.002800,8192x1x1,512x1x1,512x4096x1x1
__fattn__-22,flash_attn_f32_f16,1.352400,32x28x0,32x1x0,128x28x16x1
ffn_inp-22,kernel_add,0.024600,1024x1x1,64x1x1,3584x16x1x1
ffn_norm-22,kernel_rms_norm_mul,0.009100,16384x1x1,1024x1x1,3584x16x1x1
l_out-22,kernel_add,0.022900,1024x1x1,64x1x1,3584x16x1x1
attn_norm-23,kernel_rms_norm_mul,0.009100,16384x1x1,1024x1x1,3584x16x1x1
Qcur-23,kernel_add_row,0.007500,14336x0x0,64x0x0,3584x16x1x1
Qcur-23,kernel_rope_neox_f32,0.005500,1792x16x1,64x1x1,128x28x16x1
Kcur-23,kernel_add_row,0.005700,2048x0x0,64x0x0,512x16x1x1
Kcur-23,kernel_rope_neox_f32,0.002700,256x16x1,64x1x1,128x4x16x1
node_794,kernel_mul_mv_q6_K_f32,0.955400,512x1024x1,2x64x1,512x16x1x1
Vcur-23,kernel_add_row,0.002500,2048x0x0,64x0x0,512x16x1x1
cache_k_l23 (view),kernel_set_rows_f16_i64,0.003300,8192x1x1,512x1x1,512x4096x1x1
cache_v_l23 (view),kernel_set_rows_f16_i64,0.002900,8192x1x1,512x1x1,512x4096x1x1
__fattn__-23,flash_attn_f32_f16,1.351500,32x28x0,32x1x0,128x28x16x1
ffn_inp-23,kernel_add,0.024800,1024x1x1,64x1x1,3584x16x1x1
ffn_norm-23,kernel_rms_norm_mul,0.009100,16384x1x1,1024x1x1,3584x16x1x1
ffn_swiglu-23,kernel_swiglu,0.046900,8192x1x1,512x1x1,18944x16x1x1
ffn_out-23,kernel_mul_mv_q6_K_f32,39.626999,3584x1024x1,2x64x1,3584x16x1x1
l_out-23,kernel_add,0.024000,1024x1x1,64x1x1,3584x16x1x1
attn_norm-24,kernel_rms_norm_mul,0.009200,16384x1x1,1024x1x1,3584x16x1x1
Qcur-24,kernel_add_row,0.008100,14336x0x0,64x0x0,3584x16x1x1
Qcur-24,kernel_rope_neox_f32,0.005500,1792x16x1,64x1x1,128x28x16x1
Kcur-24,kernel_add_row,0.005700,2048x0x0,64x0x0,512x16x1x1
Kcur-24,kernel_rope_neox_f32,0.002700,256x16x1,64x1x1,128x4x16x1
node_828,kernel_mul_mv_q6_K_f32,0.955900,512x1024x1,2x64x1,512x16x1x1
Vcur-24,kernel_add_row,0.002500,2048x0x0,64x0x0,512x16x1x1
cache_k_l24 (view),kernel_set_rows_f16_i64,0.003300,8192x1x1,512x1x1,512x4096x1x1
cache_v_l24 (view),kernel_set_rows_f16_i64,0.002900,8192x1x1,512x1x1,512x4096x1x1
__fattn__-24,flash_attn_f32_f16,1.363900,32x28x0,32x1x0,128x28x16x1
ffn_inp-24,kernel_add,0.023700,1024x1x1,64x1x1,3584x16x1x1
ffn_norm-24,kernel_rms_norm_mul,0.009200,16384x1x1,1024x1x1,3584x16x1x1
ffn_swiglu-24,kernel_swiglu,0.047300,8192x1x1,512x1x1,18944x16x1x1
ffn_out-24,kernel_mul_mv_q6_K_f32,39.605000,3584x1024x1,2x64x1,3584x16x1x1
l_out-24,kernel_add,0.023400,1024x1x1,64x1x1,3584x16x1x1
attn_norm-25,kernel_rms_norm_mul,0.009100,16384x1x1,1024x1x1,3584x16x1x1
Qcur-25,kernel_add_row,0.008000,14336x0x0,64x0x0,3584x16x1x1
Qcur-25,kernel_rope_neox_f32,0.005600,1792x16x1,64x1x1,128x28x16x1
Kcur-25,kernel_add_row,0.005700,2048x0x0,64x0x0,512x16x1x1
Kcur-25,kernel_rope_neox_f32,0.002700,256x16x1,64x1x1,128x4x16x1
node_862,kernel_mul_mv_q6_K_f32,0.954100,512x1024x1,2x64x1,512x16x1x1
Vcur-25,kernel_add_row,0.002500,2048x0x0,64x0x0,512x16x1x1
cache_k_l25 (view),kernel_set_rows_f16_i64,0.003300,8192x1x1,512x1x1,512x4096x1x1
cache_v_l25 (view),kernel_set_rows_f16_i64,0.002800,8192x1x1,512x1x1,512x4096x1x1
__fattn__-25,flash_attn_f32_f16,1.355300,32x28x0,32x1x0,128x28x16x1
ffn_inp-25,kernel_add,0.024200,1024x1x1,64x1x1,3584x16x1x1
ffn_norm-25,kernel_rms_norm_mul,0.009300,16384x1x1,1024x1x1,3584x16x1x1
ffn_swiglu-25,kernel_swiglu,0.055100,8192x1x1,512x1x1,18944x16x1x1
ffn_out-25,kernel_mul_mv_q6_K_f32,39.681499,3584x1024x1,2x64x1,3584x16x1x1
l_out-25,kernel_add,0.023100,1024x1x1,64x1x1,3584x16x1x1
attn_norm-26,kernel_rms_norm_mul,0.009200,16384x1x1,1024x1x1,3584x16x1x1
Qcur-26,kernel_add_row,0.007800,14336x0x0,64x0x0,3584x16x1x1
Qcur-26,kernel_rope_neox_f32,0.005300,1792x16x1,64x1x1,128x28x16x1
Kcur-26,kernel_add_row,0.005600,2048x0x0,64x0x0,512x16x1x1
Kcur-26,kernel_rope_neox_f32,0.002700,256x16x1,64x1x1,128x4x16x1
node_896,kernel_mul_mv_q6_K_f32,0.954900,512x1024x1,2x64x1,512x16x1x1
Vcur-26,kernel_add_row,0.002500,2048x0x0,64x0x0,512x16x1x1
cache_k_l26 (view),kernel_set_rows_f16_i64,0.003300,8192x1x1,512x1x1,512x4096x1x1
cache_v_l26 (view),kernel_set_rows_f16_i64,0.002800,8192x1x1,512x1x1,512x4096x1x1
__fattn__-26,flash_attn_f32_f16,1.327300,32x28x0,32x1x0,128x28x16x1
ffn_inp-26,kernel_add,0.023900,1024x1x1,64x1x1,3584x16x1x1
ffn_norm-26,kernel_rms_norm_mul,0.009300,16384x1x1,1024x1x1,3584x16x1x1
ffn_swiglu-26,kernel_swiglu,0.046700,8192x1x1,512x1x1,18944x16x1x1
ffn_out-26,kernel_mul_mv_q6_K_f32,39.533100,3584x1024x1,2x64x1,3584x16x1x1
l_out-26,kernel_add,0.022800,1024x1x1,64x1x1,3584x16x1x1
attn_norm-27,kernel_rms_norm_mul,0.009200,16384x1x1,1024x1x1,3584x16x1x1
Qcur-27,kernel_add_row,0.008000,14336x0x0,64x0x0,3584x16x1x1
Qcur-27,kernel_rope_neox_f32,0.005400,1792x16x1,64x1x1,128x28x16x1
Kcur-27,kernel_add_row,0.005800,2048x0x0,64x0x0,512x16x1x1
Kcur-27,kernel_rope_neox_f32,0.002800,256x16x1,64x1x1,128x4x16x1
node_930,kernel_mul_mv_q6_K_f32,0.955500,512x1024x1,2x64x1,512x16x1x1
Vcur-27,kernel_add_row,0.002500,2048x0x0,64x0x0,512x16x1x1
cache_k_l27 (view),kernel_set_rows_f16_i64,0.003300,8192x1x1,512x1x1,512x4096x1x1
cache_v_l27 (view),kernel_set_rows_f16_i64,0.002900,8192x1x1,512x1x1,512x4096x1x1
__fattn__-27,flash_attn_f32_f16,1.347300,32x28x0,32x1x0,128x28x16x1
attn_norm-0,kernel_rms_norm_mul,0.012400,16384x1x1,1024x1x1,3584x16x1x1
Qcur-0,kernel_add_row,0.007800,14336x0x0,64x0x0,3584x16x1x1
Qcur-0,kernel_rope_neox_f32,0.005700,1792x16x1,64x1x1,128x28x16x1
Kcur-0,kernel_add_row,0.005600,2048x0x0,64x0x0,512x16x1x1
Kcur-0,kernel_rope_neox_f32,0.002900,256x16x1,64x1x1,128x4x16x1
node_11,kernel_mul_mv_q6_K_f32,0.957200,512x1024x1,2x64x1,512x16x1x1
Vcur-0,kernel_add_row,0.002500,2048x0x0,64x0x0,512x16x1x1
cache_k_l0 (view),kernel_set_rows_f16_i64,0.003400,8192x1x1,512x1x1,512x4096x1x1
cache_v_l0 (view),kernel_set_rows_f16_i64,0.002900,8192x1x1,512x1x1,512x4096x1x1
 (copy),kernel_cpy_f32_f16,0.003600,4096x1x1,64x1x1,256x64x1x1
__fattn__-0,flash_attn_f32_f16,1.371100,32x28x0,32x1x0,128x28x16x1
ffn_inp-0,kernel_add,0.025400,1024x1x1,64x1x1,3584x16x1x1
ffn_norm-0,kernel_rms_norm_mul,0.009100,16384x1x1,1024x1x1,3584x16x1x1
ffn_swiglu-0,kernel_swiglu,0.046000,8192x1x1,512x1x1,18944x16x1x1
ffn_out-0,kernel_mul_mv_q6_K_f32,39.616001,3584x1024x1,2x64x1,3584x16x1x1
l_out-0,kernel_add,0.023300,1024x1x1,64x1x1,3584x16x1x1
attn_norm-1,kernel_rms_norm_mul,0.009300,16384x1x1,1024x1x1,3584x16x1x1
Qcur-1,kernel_add_row,0.007900,14336x0x0,64x0x0,3584x16x1x1
Qcur-1,kernel_rope_neox_f32,0.005600,1792x16x1,64x1x1,128x28x16x1
Kcur-1,kernel_add_row,0.005600,2048x0x0,64x0x0,512x16x1x1
Kcur-1,kernel_rope_neox_f32,0.002900,256x16x1,64x1x1,128x4x16x1
node_46,kernel_mul_mv_q6_K_f32,0.954900,512x1024x1,2x64x1,512x16x1x1
Vcur-1,kernel_add_row,0.002500,2048x0x0,64x0x0,512x16x1x1
cache_k_l1 (view),kernel_set_rows_f16_i64,0.003300,8192x1x1,512x1x1,512x4096x1x1
cache_v_l1 (view),kernel_set_rows_f16_i64,0.002900,8192x1x1,512x1x1,512x4096x1x1
__fattn__-1,flash_attn_f32_f16,1.348400,32x28x0,32x1x0,128x28x16x1
ffn_inp-1,kernel_add,0.023900,1024x1x1,64x1x1,3584x16x1x1
ffn_norm-1,kernel_rms_norm_mul,0.009100,16384x1x1,1024x1x1,3584x16x1x1
ffn_swiglu-1,kernel_swiglu,0.047400,8192x1x1,512x1x1,18944x16x1x1
ffn_out-1,kernel_mul_mv_q6_K_f32,39.619999,3584x1024x1,2x64x1,3584x16x1x1
l_out-1,kernel_add,0.023100,1024x1x1,64x1x1,3584x16x1x1
attn_norm-2,kernel_rms_norm_mul,0.009200,16384x1x1,1024x1x1,3584x16x1x1
Qcur-2,kernel_add_row,0.008400,14336x0x0,64x0x0,3584x16x1x1
Qcur-2,kernel_rope_neox_f32,0.005600,1792x16x1,64x1x1,128x28x16x1
Kcur-2,kernel_add_row,0.005900,2048x0x0,64x0x0,512x16x1x1
Kcur-2,kernel_rope_neox_f32,0.002700,256x16x1,64x1x1,128x4x16x1
node_80,kernel_mul_mv_q6_K_f32,0.954900,512x1024x1,2x64x1,512x16x1x1
Vcur-2,kernel_add_row,0.002600,2048x0x0,64x0x0,512x16x1x1
cache_k_l2 (view),kernel_set_rows_f16_i64,0.003300,8192x1x1,512x1x1,512x4096x1x1
cache_v_l2 (view),kernel_set_rows_f16_i64,0.002800,8192x1x1,512x1x1,512x4096x1x1
__fattn__-2,flash_attn_f32_f16,1.361400,32x28x0,32x1x0,128x28x16x1
ffn_inp-2,kernel_add,0.023800,1024x1x1,64x1x1,3584x16x1x1
ffn_norm-2,kernel_rms_norm_mul,0.009100,16384x1x1,1024x1x1,3584x16x1x1
ffn_swiglu-2,kernel_swiglu,0.046800,8192x1x1,512x1x1,18944x16x1x1
ffn_out-2,kernel_mul_mv_q6_K_f32,40.407299,3584x1024x1,2x64x1,3584x16x1x1
l_out-2,kernel_add,0.023600,1024x1x1,64x1x1,3584x16x1x1
attn_norm-3,kernel_rms_norm_mul,0.009300,16384x1x1,1024x1x1,3584x16x1x1
Qcur-3,kernel_add_row,0.013100,14336x0x0,64x0x0,3584x16x1x1
Qcur-3,kernel_rope_neox_f32,0.005500,1792x16x1,64x1x1,128x28x16x1
Kcur-3,kernel_add_row,0.005800,2048x0x0,64x0x0,512x16x1x1
Kcur-3,kernel_rope_neox_f32,0.002800,256x16x1,64x1x1,128x4x16x1
Vcur-3,kernel_add_row,0.005600,2048x0x0,64x0x0,512x16x1x1
cache_k_l3 (view),kernel_set_rows_f16_i64,0.003300,8192x1x1,512x1x1,512x4096x1x1
cache_v_l3 (view),kernel_set_rows_f16_i64,0.002800,8192x1x1,512x1x1,512x4096x1x1
__fattn__-3,flash_attn_f32_f16,1.363300,32x28x0,32x1x0,128x28x16x1
ffn_inp-3,kernel_add,0.024200,1024x1x1,64x1x1,3584x16x1x1
ffn_norm-3,kernel_rms_norm_mul,0.009100,16384x1x1,1024x1x1,3584x16x1x1
l_out-3,kernel_add,0.024200,1024x1x1,64x1x1,3584x16x1x1
attn_norm-4,kernel_rms_norm_mul,0.009100,16384x1x1,1024x1x1,3584x16x1x1
Qcur-4,kernel_add_row,0.013200,14336x0x0,64x0x0,3584x16x1x1
Qcur-4,kernel_rope_neox_f32,0.005400,1792x16x1,64x1x1,128x28x16x1
Kcur-4,kernel_add_row,0.005800,2048x0x0,64x0x0,512x16x1x1
Kcur-4,kernel_rope_neox_f32,0.002700,256x16x1,64x1x1,128x4x16x1
Vcur-4,kernel_add_row,0.005700,2048x0x0,64x0x0,512x16x1x1
cache_k_l4 (view),kernel_set_rows_f16_i64,0.003300,8192x1x1,512x1x1,512x4096x1x1
cache_v_l4 (view),kernel_set_rows_f16_i64,0.002700,8192x1x1,512x1x1,512x4096x1x1
__fattn__-4,flash_attn_f32_f16,1.363500,32x28x0,32x1x0,128x28x16x1
ffn_inp-4,kernel_add,0.024400,1024x1x1,64x1x1,3584x16x1x1
ffn_norm-4,kernel_rms_norm_mul,0.009200,16384x1x1,1024x1x1,3584x16x1x1
l_out-4,kernel_add,0.023000,1024x1x1,64x1x1,3584x16x1x1
attn_norm-5,kernel_rms_norm_mul,0.009400,16384x1x1,1024x1x1,3584x16x1x1
Qcur-5,kernel_add_row,0.007600,14336x0x0,64x0x0,3584x16x1x1
Qcur-5,kernel_rope_neox_f32,0.005400,1792x16x1,64x1x1,128x28x16x1
Kcur-5,kernel_add_row,0.005700,2048x0x0,64x0x0,512x16x1x1
Kcur-5,kernel_rope_neox_f32,0.002800,256x16x1,64x1x1,128x4x16x1
node_182,kernel_mul_mv_q6_K_f32,0.956600,512x1024x1,2x64x1,512x16x1x1
Vcur-5,kernel_add_row,0.002500,2048x0x0,64x0x0,512x16x1x1
cache_k_l5 (view),kernel_set_rows_f16_i64,0.003300,8192x1x1,512x1x1,512x4096x1x1
cache_v_l5 (view),kernel_set_rows_f16_i64,0.002800,8192x1x1,512x1x1,512x4096x1x1
__fattn__-5,flash_attn_f32_f16,1.353100,32x28x0,32x1x0,128x28x16x1
ffn_inp-5,kernel_add,0.024800,1024x1x1,64x1x1,3584x16x1x1
ffn_norm-5,kernel_rms_norm_mul,0.009300,16384x1x1,1024x1x1,3584x16x1x1
ffn_swiglu-5,kernel_swiglu,0.048100,8192x1x1,512x1x1,18944x16x1x1
ffn_out-5,kernel_mul_mv_q6_K_f32,40.585999,3584x1024x1,2x64x1,3584x16x1x1
l_out-5,kernel_add,0.023200,1024x1x1,64x1x1,3584x16x1x1
attn_norm-6,kernel_rms_norm_mul,0.009200,16384x1x1,1024x1x1,3584x16x1x1
Qcur-6,kernel_add_row,0.012600,14336x0x0,64x0x0,3584x16x1x1
Qcur-6,kernel_rope_neox_f32,0.005600,1792x16x1,64x1x1,128x28x16x1
Kcur-6,kernel_add_row,0.005600,2048x0x0,64x0x0,512x16x1x1
Kcur-6,kernel_rope_neox_f32,0.002700,256x16x1,64x1x1,128x4x16x1
Vcur-6,kernel_add_row,0.005600,2048x0x0,64x0x0,512x16x1x1
cache_k_l6 (view),kernel_set_rows_f16_i64,0.003200,8192x1x1,512x1x1,512x4096x1x1
cache_v_l6 (view),kernel_set_rows_f16_i64,0.002700,8192x1x1,512x1x1,512x4096x1x1
__fattn__-6,flash_attn_f32_f16,1.373500,32x28x0,32x1x0,128x28x16x1
ffn_inp-6,kernel_add,0.023900,1024x1x1,64x1x1,3584x16x1x1
ffn_norm-6,kernel_rms_norm_mul,0.009300,16384x1x1,1024x1x1,3584x16x1x1
l_out-6,kernel_add,0.024800,1024x1x1,64x1x1,3584x16x1x1
attn_norm-7,kernel_rms_norm_mul,0.009200,16384x1x1,1024x1x1,3584x16x1x1
Qcur-7,kernel_add_row,0.013200,14336x0x0,64x0x0,3584x16x1x1
Qcur-7,kernel_rope_neox_f32,0.005500,1792x16x1,64x1x1,128x28x16x1
Kcur-7,kernel_add_row,0.005500,2048x0x0,64x0x0,512x16x1x1
Kcur-7,kernel_rope_neox_f32,0.002700,256x16x1,64x1x1,128x4x16x1
Vcur-7,kernel_add_row,0.005700,2048x0x0,64x0x0,512x16x1x1
cache_k_l7 (view),kernel_set_rows_f16_i64,0.003400,8192x1x1,512x1x1,512x4096x1x1
cache_v_l7 (view),kernel_set_rows_f16_i64,0.002800,8192x1x1,512x1x1,512x4096x1x1
__fattn__-7,flash_attn_f32_f16,1.357900,32x28x0,32x1x0,128x28x16x1
ffn_inp-7,kernel_add,0.024500,1024x1x1,64x1x1,3584x16x1x1
ffn_norm-7,kernel_rms_norm_mul,0.009200,16384x1x1,1024x1x1,3584x16x1x1
l_out-7,kernel_add,0.023400,1024x1x1,64x1x1,3584x16x1x1
attn_norm-8,kernel_rms_norm_mul,0.009200,16384x1x1,1024x1x1,3584x16x1x1
Qcur-8,kernel_add_row,0.007500,14336x0x0,64x0x0,3584x16x1x1
Qcur-8,kernel_rope_neox_f32,0.005300,1792x16x1,64x1x1,128x28x16x1
Kcur-8,kernel_add_row,0.005600,2048x0x0,64x0x0,512x16x1x1
Kcur-8,kernel_rope_neox_f32,0.002700,256x16x1,64x1x1,128x4x16x1
node_284,kernel_mul_mv_q6_K_f32,0.956800,512x1024x1,2x64x1,512x16x1x1
Vcur-8,kernel_add_row,0.002600,2048x0x0,64x0x0,512x16x1x1
cache_k_l8 (view),kernel_set_rows_f16_i64,0.003200,8192x1x1,512x1x1,512x4096x1x1
cache_v_l8 (view),kernel_set_rows_f16_i64,0.002800,8192x1x1,512x1x1,512x4096x1x1
__fattn__-8,flash_attn_f32_f16,1.355900,32x28x0,32x1x0,128x28x16x1
ffn_inp-8,kernel_add,0.025100,1024x1x1,64x1x1,3584x16x1x1
ffn_norm-8,kernel_rms_norm_mul,0.009100,16384x1x1,1024x1x1,3584x16x1x1
ffn_swiglu-8,kernel_swiglu,0.047500,8192x1x1,512x1x1,18944x16x1x1
ffn_out-8,kernel_mul_mv_q6_K_f32,40.207901,3584x1024x1,2x64x1,3584x16x1x1
l_out-8,kernel_add,0.023600,1024x1x1,64x1x1,3584x16x1x1
attn_norm-9,kernel_rms_norm_mul,0.009300,16384x1x1,1024x1x1,3584x16x1x1
Qcur-9,kernel_add_row,0.010800,14336x0x0,64x0x0,3584x16x1x1
Qcur-9,kernel_rope_neox_f32,0.005600,1792x16x1,64x1x1,128x28x16x1
Kcur-9,kernel_add_row,0.005700,2048x0x0,64x0x0,512x16x1x1
Kcur-9,kernel_rope_neox_f32,0.002700,256x16x1,64x1x1,128x4x16x1
Vcur-9,kernel_add_row,0.005600,2048x0x0,64x0x0,512x16x1x1
cache_k_l9 (view),kernel_set_rows_f16_i64,0.003300,8192x1x1,512x1x1,512x4096x1x1
cache_v_l9 (view),kernel_set_rows_f16_i64,0.002700,8192x1x1,512x1x1,512x4096x1x1
__fattn__-9,flash_attn_f32_f16,1.348300,32x28x0,32x1x0,128x28x16x1
ffn_inp-9,kernel_add,0.024200,1024x1x1,64x1x1,3584x16x1x1
ffn_norm-9,kernel_rms_norm_mul,0.009200,16384x1x1,1024x1x1,3584x16x1x1
l_out-9,kernel_add,0.024100,1024x1x1,64x1x1,3584x16x1x1
attn_norm-10,kernel_rms_norm_mul,0.009300,16384x1x1,1024x1x1,3584x16x1x1
Qcur-10,kernel_add_row,0.013200,14336x0x0,64x0x0,3584x16x1x1
Qcur-10,kernel_rope_neox_f32,0.005500,1792x16x1,64x1x1,128x28x16x1
Kcur-10,kernel_add_row,0.005700,2048x0x0,64x0x0,512x16x1x1
Kcur-10,kernel_rope_neox_f32,0.002800,256x16x1,64x1x1,128x4x16x1
Vcur-10,kernel_add_row,0.005700,2048x0x0,64x0x0,512x16x1x1
cache_k_l10 (view),kernel_set_rows_f16_i64,0.003400,8192x1x1,512x1x1,512x4096x1x1
cache_v_l10 (view),kernel_set_rows_f16_i64,0.002800,8192x1x1,512x1x1,512x4096x1x1
__fattn__-10,flash_attn_f32_f16,1.366400,32x28x0,32x1x0,128x28x16x1
ffn_inp-10,kernel_add,0.024300,1024x1x1,64x1x1,3584x16x1x1
ffn_norm-10,kernel_rms_norm_mul,0.009200,16384x1x1,1024x1x1,3584x16x1x1
l_out-10,kernel_add,0.023800,1024x1x1,64x1x1,3584x16x1x1
attn_norm-11,kernel_rms_norm_mul,0.009300,16384x1x1,1024x1x1,3584x16x1x1
Qcur-11,kernel_add_row,0.007300,14336x0x0,64x0x0,3584x16x1x1
Qcur-11,kernel_rope_neox_f32,0.005600,1792x16x1,64x1x1,128x28x16x1
Kcur-11,kernel_add_row,0.005600,2048x0x0,64x0x0,512x16x1x1
Kcur-11,kernel_rope_neox_f32,0.002700,256x16x1,64x1x1,128x4x16x1
node_386,kernel_mul_mv_q6_K_f32,0.955900,512x1024x1,2x64x1,512x16x1x1
Vcur-11,kernel_add_row,0.002500,2048x0x0,64x0x0,512x16x1x1
cache_k_l11 (view),kernel_set_rows_f16_i64,0.003400,8192x1x1,512x1x1,512x4096x1x1
cache_v_l11 (view),kernel_set_rows_f16_i64,0.002800,8192x1x1,512x1x1,512x4096x1x1
__fattn__-11,flash_attn_f32_f16,1.367400,32x28x0,32x1x0,128x28x16x1
ffn_inp-11,kernel_add,0.024900,1024x1x1,64x1x1,3584x16x1x1
ffn_norm-11,kernel_rms_norm_mul,0.009300,16384x1x1,1024x1x1,3584x16x1x1
ffn_swiglu-11,kernel_swiglu,0.047200,8192x1x1,512x1x1,18944x16x1x1
ffn_out-11,kernel_mul_mv_q6_K_f32,39.627899,3584x1024x1,2x64x1,3584x16x1x1
l_out-11,kernel_add,0.023700,1024x1x1,64x1x1,3584x16x1x1
attn_norm-12,kernel_rms_norm_mul,0.009200,16384x1x1,1024x1x1,3584x16x1x1
Qcur-12,kernel_add_row,0.012800,14336x0x0,64x0x0,3584x16x1x1
Qcur-12,kernel_rope_neox_f32,0.005400,1792x16x1,64x1x1,128x28x16x1
Kcur-12,kernel_add_row,0.005800,2048x0x0,64x0x0,512x16x1x1
Kcur-12,kernel_rope_neox_f32,0.002700,256x16x1,64x1x1,128x4x16x1
Vcur-12,kernel_add_row,0.005600,2048x0x0,64x0x0,512x16x1x1
cache_k_l12 (view),kernel_set_rows_f16_i64,0.003400,8192x1x1,512x1x1,512x4096x1x1
cache_v_l12 (view),kernel_set_rows_f16_i64,0.002800,8192x1x1,512x1x1,512x4096x1x1
__fattn__-12,flash_attn_f32_f16,1.348700,32x28x0,32x1x0,128x28x16x1
ffn_inp-12,kernel_add,0.024400,1024x1x1,64x1x1,3584x16x1x1
ffn_norm-12,kernel_rms_norm_mul,0.009100,16384x1x1,1024x1x1,3584x16x1x1
l_out-12,kernel_add,0.024800,1024x1x1,64x1x1,3584x16x1x1
attn_norm-13,kernel_rms_norm_mul,0.009300,16384x1x1,1024x1x1,3584x16x1x1
Qcur-13,kernel_add_row,0.013000,14336x0x0,64x0x0,3584x16x1x1
Qcur-13,kernel_rope_neox_f32,0.005500,1792x16x1,64x1x1,128x28x16x1
Kcur-13,kernel_add_row,0.005600,2048x0x0,64x0x0,512x16x1x1
Kcur-13,kernel_rope_neox_f32,0.002800,256x16x1,64x1x1,128x4x16x1
Vcur-13,kernel_add_row,0.005700,2048x0x0,64x0x0,512x16x1x1
cache_k_l13 (view),kernel_set_rows_f16_i64,0.003200,8192x1x1,512x1x1,512x4096x1x1
cache_v_l13 (view),kernel_set_rows_f16_i64,0.002700,8192x1x1,512x1x1,512x4096x1x1
__fattn__-13,flash_attn_f32_f16,1.359000,32x28x0,32x1x0,128x28x16x1
ffn_inp-13,kernel_add,0.024200,1024x1x1,64x1x1,3584x16x1x1
ffn_norm-13,kernel_rms_norm_mul,0.009100,16384x1x1,1024x1x1,3584x16x1x1
l_out-13,kernel_add,0.023100,1024x1x1,64x1x1,3584x16x1x1
attn_norm-14,kernel_rms_norm_mul,0.009200,16384x1x1,1024x1x1,3584x16x1x1
Qcur-14,kernel_add_row,0.007600,14336x0x0,64x0x0,3584x16x1x1
Qcur-14,kernel_rope_neox_f32,0.005500,1792x16x1,64x1x1,128x28x16x1
Kcur-14,kernel_add_row,0.005600,2048x0x0,64x0x0,512x16x1x1
Kcur-14,kernel_rope_neox_f32,0.002700,256x16x1,64x1x1,128x4x16x1
node_488,kernel_mul_mv_q6_K_f32,0.956500,512x1024x1,2x64x1,512x16x1x1
Vcur-14,kernel_add_row,0.002600,2048x0x0,64x0x0,512x16x1x1
cache_k_l14 (view),kernel_set_rows_f16_i64,0.003300,8192x1x1,512x1x1,512x4096x1x1
cache_v_l14 (view),kernel_set_rows_f16_i64,0.002700,8192x1x1,512x1x1,512x4096x1x1
__fattn__-14,flash_attn_f32_f16,1.350200,32x28x0,32x1x0,128x28x16x1
ffn_inp-14,kernel_add,0.024900,1024x1x1,64x1x1,3584x16x1x1
ffn_norm-14,kernel_rms_norm_mul,0.009100,16384x1x1,1024x1x1,3584x16x1x1
ffn_swiglu-14,kernel_swiglu,0.046600,8192x1x1,512x1x1,18944x16x1x1
ffn_out-14,kernel_mul_mv_q6_K_f32,39.596100,3584x1024x1,2x64x1,3584x16x1x1
l_out-14,kernel_add,0.023400,1024x1x1,64x1x1,3584x16x1x1
attn_norm-15,kernel_rms_norm_mul,0.009100,16384x1x1,1024x1x1,3584x16x1x1
Qcur-15,kernel_add_row,0.011700,14336x0x0,64x0x0,3584x16x1x1
Qcur-15,kernel_rope_neox_f32,0.005700,1792x16x1,64x1x1,128x28x16x1
Kcur-15,kernel_add_row,0.005800,2048x0x0,64x0x0,512x16x1x1
Kcur-15,kernel_rope_neox_f32,0.002700,256x16x1,64x1x1,128x4x16x1
Vcur-15,kernel_add_row,0.005700,2048x0x0,64x0x0,512x16x1x1
cache_k_l15 (view),kernel_set_rows_f16_i64,0.003300,8192x1x1,512x1x1,512x4096x1x1
cache_v_l15 (view),kernel_set_rows_f16_i64,0.002900,8192x1x1,512x1x1,512x4096x1x1
__fattn__-15,flash_attn_f32_f16,1.365100,32x28x0,32x1x0,128x28x16x1
ffn_inp-15,kernel_add,0.024200,1024x1x1,64x1x1,3584x16x1x1
ffn_norm-15,kernel_rms_norm_mul,0.009100,16384x1x1,1024x1x1,3584x16x1x1
l_out-15,kernel_add,0.024300,1024x1x1,64x1x1,3584x16x1x1
attn_norm-16,kernel_rms_norm_mul,0.009200,16384x1x1,1024x1x1,3584x16x1x1
Qcur-16,kernel_add_row,0.013300,14336x0x0,64x0x0,3584x16x1x1
Qcur-16,kernel_rope_neox_f32,0.005300,1792x16x1,64x1x1,128x28x16x1
Kcur-16,kernel_add_row,0.005600,2048x0x0,64x0x0,512x16x1x1
Kcur-16,kernel_rope_neox_f32,0.002700,256x16x1,64x1x1,128x4x16x1
Vcur-16,kernel_add_row,0.005800,2048x0x0,64x0x0,512x16x1x1
cache_k_l16 (view),kernel_set_rows_f16_i64,0.003500,8192x1x1,512x1x1,512x4096x1x1
cache_v_l16 (view),kernel_set_rows_f16_i64,0.002700,8192x1x1,512x1x1,512x4096x1x1
__fattn__-16,flash_attn_f32_f16,1.352200,32x28x0,32x1x0,128x28x16x1
ffn_inp-16,kernel_add,0.024700,1024x1x1,64x1x1,3584x16x1x1
ffn_norm-16,kernel_rms_norm_mul,0.009200,16384x1x1,1024x1x1,3584x16x1x1
l_out-16,kernel_add,0.023400,1024x1x1,64x1x1,3584x16x1x1
attn_norm-17,kernel_rms_norm_mul,0.009200,16384x1x1,1024x1x1,3584x16x1x1
Qcur-17,kernel_add_row,0.007300,14336x0x0,64x0x0,3584x16x1x1
Qcur-17,kernel_rope_neox_f32,0.005500,1792x16x1,64x1x1,128x28x16x1
Kcur-17,kernel_add_row,0.005600,2048x0x0,64x0x0,512x16x1x1
Kcur-17,kernel_rope_neox_f32,0.002700,256x16x1,64x1x1,128x4x16x1
node_590,kernel_mul_mv_q6_K_f32,0.953900,512x1024x1,2x64x1,512x16x1x1
Vcur-17,kernel_add_row,0.002500,2048x0x0,64x0x0,512x16x1x1
cache_k_l17 (view),kernel_set_rows_f16_i64,0.003400,8192x1x1,512x1x1,512x4096x1x1
cache_v_l17 (view),kernel_set_rows_f16_i64,0.002800,8192x1x1,512x1x1,512x4096x1x1
__fattn__-17,flash_attn_f32_f16,1.373200,32x28x0,32x1x0,128x28x16x1
ffn_inp-17,kernel_add,0.025000,1024x1x1,64x1x1,3584x16x1x1
ffn_norm-17,kernel_rms_norm_mul,0.009200,16384x1x1,1024x1x1,3584x16x1x1
ffn_swiglu-17,kernel_swiglu,0.047400,8192x1x1,512x1x1,18944x16x1x1
ffn_out-17,kernel_mul_mv_q6_K_f32,39.596001,3584x1024x1,2x64x1,3584x16x1x1
l_out-17,kernel_add,0.023200,1024x1x1,64x1x1,3584x16x1x1
attn_norm-18,kernel_rms_norm_mul,0.009300,16384x1x1,1024x1x1,3584x16x1x1
Qcur-18,kernel_add_row,0.012700,14336x0x0,64x0x0,3584x16x1x1
Qcur-18,kernel_rope_neox_f32,0.005700,1792x16x1,64x1x1,128x28x16x1
Kcur-18,kernel_add_row,0.005500,2048x0x0,64x0x0,512x16x1x1
Kcur-18,kernel_rope_neox_f32,0.002800,256x16x1,64x1x1,128x4x16x1
Vcur-18,kernel_add_row,0.005600,2048x0x0,64x0x0,512x16x1x1
cache_k_l18 (view),kernel_set_rows_f16_i64,0.003300,8192x1x1,512x1x1,512x4096x1x1
cache_v_l18 (view),kernel_set_rows_f16_i64,0.003000,8192x1x1,512x1x1,512x4096x1x1
__fattn__-18,flash_attn_f32_f16,1.361100,32x28x0,32x1x0,128x28x16x1
ffn_inp-18,kernel_add,0.024200,1024x1x1,64x1x1,3584x16x1x1
ffn_norm-18,kernel_rms_norm_mul,0.009100,16384x1x1,1024x1x1,3584x16x1x1
l_out-18,kernel_add,0.024700,1024x1x1,64x1x1,3584x16x1x1
attn_norm-19,kernel_rms_norm_mul,0.009200,16384x1x1,1024x1x1,3584x16x1x1
Qcur-19,kernel_add_row,0.012500,14336x0x0,64x0x0,3584x16x1x1
Qcur-19,kernel_rope_neox_f32,0.005400,1792x16x1,64x1x1,128x28x16x1
Kcur-19,kernel_add_row,0.005600,2048x0x0,64x0x0,512x16x1x1
Kcur-19,kernel_rope_neox_f32,0.002700,256x16x1,64x1x1,128x4x16x1
Vcur-19,kernel_add_row,0.005800,2048x0x0,64x0x0,512x16x1x1
cache_k_l19 (view),kernel_set_rows_f16_i64,0.003200,8192x1x1,512x1x1,512x4096x1x1
cache_v_l19 (view),kernel_set_rows_f16_i64,0.002800,8192x1x1,512x1x1,512x4096x1x1
__fattn__-19,flash_attn_f32_f16,1.356700,32x28x0,32x1x0,128x28x16x1
ffn_inp-19,kernel_add,0.024700,1024x1x1,64x1x1,3584x16x1x1
ffn_norm-19,kernel_rms_norm_mul,0.009300,16384x1x1,1024x1x1,3584x16x1x1
l_out-19,kernel_add,0.023300,1024x1x1,64x1x1,3584x16x1x1
attn_norm-20,kernel_rms_norm_mul,0.009200,16384x1x1,1024x1x1,3584x16x1x1
Qcur-20,kernel_add_row,0.007300,14336x0x0,64x0x0,3584x16x1x1
Qcur-20,kernel_rope_neox_f32,0.005400,1792x16x1,64x1x1,128x28x16x1
Kcur-20,kernel_add_row,0.005700,2048x0x0,64x0x0,512x16x1x1
Kcur-20,kernel_rope_neox_f32,0.002900,256x16x1,64x1x1,128x4x16x1
node_692,kernel_mul_mv_q6_K_f32,0.954800,512x1024x1,2x64x1,512x16x1x1
Vcur-20,kernel_add_row,0.002200,2048x0x0,64x0x0,512x16x1x1
cache_k_l20 (view),kernel_set_rows_f16_i64,0.003200,8192x1x1,512x1x1,512x4096x1x1
cache_v_l20 (view),kernel_set_rows_f16_i64,0.002800,8192x1x1,512x1x1,512x4096x1x1
__fattn__-20,flash_attn_f32_f16,1.338400,32x28x0,32x1x0,128x28x16x1
ffn_inp-20,kernel_add,0.024600,1024x1x1,64x1x1,3584x16x1x1
ffn_norm-20,kernel_rms_norm_mul,0.009200,16384x1x1,1024x1x1,3584x16x1x1
ffn_swiglu-20,kernel_swiglu,0.046900,8192x1x1,512x1x1,18944x16x1x1
ffn_out-20,kernel_mul_mv_q6_K_f32,39.624599,3584x1024x1,2x64x1,3584x16x1x1
l_out-20,kernel_add,0.022900,1024x1x1,64x1x1,3584x16x1x1
attn_norm-21,kernel_rms_norm_mul,0.009100,16384x1x1,1024x1x1,3584x16x1x1
Qcur-21,kernel_add_row,0.011200,14336x0x0,64x0x0,3584x16x1x1
Qcur-21,kernel_rope_neox_f32,0.005600,1792x16x1,64x1x1,128x28x16x1
Kcur-21,kernel_add_row,0.005500,2048x0x0,64x0x0,512x16x1x1
Kcur-21,kernel_rope_neox_f32,0.002800,256x16x1,64x1x1,128x4x16x1
Vcur-21,kernel_add_row,0.005800,2048x0x0,64x0x0,512x16x1x1
cache_k_l21 (view),kernel_set_rows_f16_i64,0.003600,8192x1x1,512x1x1,512x4096x1x1
cache_v_l21 (view),kernel_set_rows_f16_i64,0.002800,8192x1x1,512x1x1,512x4096x1x1
__fattn__-21,flash_attn_f32_f16,1.331900,32x28x0,32x1x0,128x28x16x1
ffn_inp-21,kernel_add,0.024000,1024x1x1,64x1x1,3584x16x1x1
ffn_norm-21,kernel_rms_norm_mul,0.009200,16384x1x1,1024x1x1,3584x16x1x1
l_out-21,kernel_add,0.023900,1024x1x1,64x1x1,3584x16x1x1
attn_norm-22,kernel_rms_norm_mul,0.009100,16384x1x1,1024x1x1,3584x16x1x1
Qcur-22,kernel_add_row,0.013000,14336x0x0,64x0x0,3584x16x1x1
Qcur-22,kernel_rope_neox_f32,0.005400,1792x16x1,64x1x1,128x28x16x1
Kcur-22,kernel_add_row,0.005600,2048x0x0,64x0x0,512x16x1x1
Kcur-22,kernel_rope_neox_f32,0.002700,256x16x1,64x1x1,128x4x16x1
Vcur-22,kernel_add_row,0.005500,2048x0x0,64x0x0,512x16x1x1
cache_k_l22 (view),kernel_set_rows_f16_i64,0.003400,8192x1x1,512x1x1,512x4096x1x1
cache_v_l22 (view),kernel_set_rows_f16_i64,0.002800,8192x1x1,512x1x1,512x4096x1x1
__fattn__-22,flash_attn_f32_f16,1.371800,32x28x0,32x1x0,128x28x16x1
ffn_inp-22,kernel_add,0.024400,1024x1x1,64x1x1,3584x16x1x1
ffn_norm-22,kernel_rms_norm_mul,0.009200,16384x1x1,1024x1x1,3584x16x1x1
l_out-22,kernel_add,0.023400,1024x1x1,64x1x1,3584x16x1x1
attn_norm-23,kernel_rms_norm_mul,0.009200,16384x1x1,1024x1x1,3584x16x1x1
Qcur-23,kernel_add_row,0.007600,14336x0x0,64x0x0,3584x16x1x1
Qcur-23,kernel_rope_neox_f32,0.005500,1792x16x1,64x1x1,128x28x16x1
Kcur-23,kernel_add_row,0.005700,2048x0x0,64x0x0,512x16x1x1
Kcur-23,kernel_rope_neox_f32,0.002800,256x16x1,64x1x1,128x4x16x1
node_794,kernel_mul_mv_q6_K_f32,0.954500,512x1024x1,2x64x1,512x16x1x1
Vcur-23,kernel_add_row,0.002500,2048x0x0,64x0x0,512x16x1x1
cache_k_l23 (view),kernel_set_rows_f16_i64,0.003300,8192x1x1,512x1x1,512x4096x1x1
cache_v_l23 (view),kernel_set_rows_f16_i64,0.002900,8192x1x1,512x1x1,512x4096x1x1
__fattn__-23,flash_attn_f32_f16,1.375400,32x28x0,32x1x0,128x28x16x1
ffn_inp-23,kernel_add,0.025400,1024x1x1,64x1x1,3584x16x1x1
ffn_norm-23,kernel_rms_norm_mul,0.009300,16384x1x1,1024x1x1,3584x16x1x1
ffn_swiglu-23,kernel_swiglu,0.048200,8192x1x1,512x1x1,18944x16x1x1
ffn_out-23,kernel_mul_mv_q6_K_f32,39.605099,3584x1024x1,2x64x1,3584x16x1x1
l_out-23,kernel_add,0.024100,1024x1x1,64x1x1,3584x16x1x1
attn_norm-24,kernel_rms_norm_mul,0.009200,16384x1x1,1024x1x1,3584x16x1x1
Qcur-24,kernel_add_row,0.007800,14336x0x0,64x0x0,3584x16x1x1
Qcur-24,kernel_rope_neox_f32,0.005600,1792x16x1,64x1x1,128x28x16x1
Kcur-24,kernel_add_row,0.005800,2048x0x0,64x0x0,512x16x1x1
Kcur-24,kernel_rope_neox_f32,0.002700,256x16x1,64x1x1,128x4x16x1
node_828,kernel_mul_mv_q6_K_f32,0.953700,512x1024x1,2x64x1,512x16x1x1
Vcur-24,kernel_add_row,0.002500,2048x0x0,64x0x0,512x16x1x1
cache_k_l24 (view),kernel_set_rows_f16_i64,0.003300,8192x1x1,512x1x1,512x4096x1x1
cache_v_l24 (view),kernel_set_rows_f16_i64,0.002800,8192x1x1,512x1x1,512x4096x1x1
__fattn__-24,flash_attn_f32_f16,1.338300,32x28x0,32x1x0,128x28x16x1
ffn_inp-24,kernel_add,0.024200,1024x1x1,64x1x1,3584x16x1x1
ffn_norm-24,kernel_rms_norm_mul,0.009200,16384x1x1,1024x1x1,3584x16x1x1
ffn_swiglu-24,kernel_swiglu,0.046800,8192x1x1,512x1x1,18944x16x1x1
ffn_out-24,kernel_mul_mv_q6_K_f32,39.617199,3584x1024x1,2x64x1,3584x16x1x1
l_out-24,kernel_add,0.023600,1024x1x1,64x1x1,3584x16x1x1
attn_norm-25,kernel_rms_norm_mul,0.009200,16384x1x1,1024x1x1,3584x16x1x1
Qcur-25,kernel_add_row,0.008600,14336x0x0,64x0x0,3584x16x1x1
Qcur-25,kernel_rope_neox_f32,0.005500,1792x16x1,64x1x1,128x28x16x1
Kcur-25,kernel_add_row,0.005800,2048x0x0,64x0x0,512x16x1x1
Kcur-25,kernel_rope_neox_f32,0.002700,256x16x1,64x1x1,128x4x16x1
node_862,kernel_mul_mv_q6_K_f32,0.956000,512x1024x1,2x64x1,512x16x1x1
Vcur-25,kernel_add_row,0.002500,2048x0x0,64x0x0,512x16x1x1
cache_k_l25 (view),kernel_set_rows_f16_i64,0.003300,8192x1x1,512x1x1,512x4096x1x1
cache_v_l25 (view),kernel_set_rows_f16_i64,0.002900,8192x1x1,512x1x1,512x4096x1x1
__fattn__-25,flash_attn_f32_f16,1.353500,32x28x0,32x1x0,128x28x16x1
ffn_inp-25,kernel_add,0.024000,1024x1x1,64x1x1,3584x16x1x1
ffn_norm-25,kernel_rms_norm_mul,0.009200,16384x1x1,1024x1x1,3584x16x1x1
ffn_swiglu-25,kernel_swiglu,0.047100,8192x1x1,512x1x1,18944x16x1x1
ffn_out-25,kernel_mul_mv_q6_K_f32,39.567600,3584x1024x1,2x64x1,3584x16x1x1
l_out-25,kernel_add,0.023100,1024x1x1,64x1x1,3584x16x1x1
attn_norm-26,kernel_rms_norm_mul,0.009100,16384x1x1,1024x1x1,3584x16x1x1
Qcur-26,kernel_add_row,0.007600,14336x0x0,64x0x0,3584x16x1x1
Qcur-26,kernel_rope_neox_f32,0.005400,1792x16x1,64x1x1,128x28x16x1
Kcur-26,kernel_add_row,0.005700,2048x0x0,64x0x0,512x16x1x1
Kcur-26,kernel_rope_neox_f32,0.002700,256x16x1,64x1x1,128x4x16x1
node_896,kernel_mul_mv_q6_K_f32,0.953700,512x1024x1,2x64x1,512x16x1x1
Vcur-26,kernel_add_row,0.002300,2048x0x0,64x0x0,512x16x1x1
cache_k_l26 (view),kernel_set_rows_f16_i64,0.003300,8192x1x1,512x1x1,512x4096x1x1
cache_v_l26 (view),kernel_set_rows_f16_i64,0.002800,8192x1x1,512x1x1,512x4096x1x1
__fattn__-26,flash_attn_f32_f16,1.373900,32x28x0,32x1x0,128x28x16x1
ffn_inp-26,kernel_add,0.024000,1024x1x1,64x1x1,3584x16x1x1
ffn_norm-26,kernel_rms_norm_mul,0.009200,16384x1x1,1024x1x1,3584x16x1x1
ffn_swiglu-26,kernel_swiglu,0.048000,8192x1x1,512x1x1,18944x16x1x1
ffn_out-26,kernel_mul_mv_q6_K_f32,39.598999,3584x1024x1,2x64x1,3584x16x1x1
l_out-26,kernel_add,0.023500,1024x1x1,64x1x1,3584x16x1x1
attn_norm-27,kernel_rms_norm_mul,0.009100,16384x1x1,1024x1x1,3584x16x1x1
Qcur-27,kernel_add_row,0.007700,14336x0x0,64x0x0,3584x16x1x1
Qcur-27,kernel_rope_neox_f32,0.005400,1792x16x1,64x1x1,128x28x16x1
Kcur-27,kernel_add_row,0.005700,2048x0x0,64x0x0,512x16x1x1
Kcur-27,kernel_rope_neox_f32,0.002900,256x16x1,64x1x1,128x4x16x1
node_930,kernel_mul_mv_q6_K_f32,0.954600,512x1024x1,2x64x1,512x16x1x1
Vcur-27,kernel_add_row,0.002500,2048x0x0,64x0x0,512x16x1x1
cache_k_l27 (view),kernel_set_rows_f16_i64,0.003300,8192x1x1,512x1x1,512x4096x1x1
cache_v_l27 (view),kernel_set_rows_f16_i64,0.002800,8192x1x1,512x1x1,512x4096x1x1
__fattn__-27,flash_attn_f32_f16,1.353700,32x28x0,32x1x0,128x28x16x1
attn_norm-0,kernel_rms_norm_mul,0.012400,16384x1x1,1024x1x1,3584x16x1x1
Qcur-0,kernel_add_row,0.007800,14336x0x0,64x0x0,3584x16x1x1
Qcur-0,kernel_rope_neox_f32,0.005600,1792x16x1,64x1x1,128x28x16x1
Kcur-0,kernel_add_row,0.005700,2048x0x0,64x0x0,512x16x1x1
Kcur-0,kernel_rope_neox_f32,0.002900,256x16x1,64x1x1,128x4x16x1
node_11,kernel_mul_mv_q6_K_f32,0.954300,512x1024x1,2x64x1,512x16x1x1
Vcur-0,kernel_add_row,0.002500,2048x0x0,64x0x0,512x16x1x1
cache_k_l0 (view),kernel_set_rows_f16_i64,0.003400,8192x1x1,512x1x1,512x4096x1x1
cache_v_l0 (view),kernel_set_rows_f16_i64,0.002900,8192x1x1,512x1x1,512x4096x1x1
 (copy),kernel_cpy_f32_f16,0.003500,4096x1x1,64x1x1,256x64x1x1
__fattn__-0,flash_attn_f32_f16,1.345600,32x28x0,32x1x0,128x28x16x1
ffn_inp-0,kernel_add,0.025100,1024x1x1,64x1x1,3584x16x1x1
ffn_norm-0,kernel_rms_norm_mul,0.009100,16384x1x1,1024x1x1,3584x16x1x1
ffn_swiglu-0,kernel_swiglu,0.046800,8192x1x1,512x1x1,18944x16x1x1
ffn_out-0,kernel_mul_mv_q6_K_f32,39.621700,3584x1024x1,2x64x1,3584x16x1x1
l_out-0,kernel_add,0.023500,1024x1x1,64x1x1,3584x16x1x1
attn_norm-1,kernel_rms_norm_mul,0.009100,16384x1x1,1024x1x1,3584x16x1x1
Qcur-1,kernel_add_row,0.007800,14336x0x0,64x0x0,3584x16x1x1
Qcur-1,kernel_rope_neox_f32,0.005400,1792x16x1,64x1x1,128x28x16x1
Kcur-1,kernel_add_row,0.005600,2048x0x0,64x0x0,512x16x1x1
Kcur-1,kernel_rope_neox_f32,0.002700,256x16x1,64x1x1,128x4x16x1
node_46,kernel_mul_mv_q6_K_f32,0.955100,512x1024x1,2x64x1,512x16x1x1
Vcur-1,kernel_add_row,0.002300,2048x0x0,64x0x0,512x16x1x1
cache_k_l1 (view),kernel_set_rows_f16_i64,0.003200,8192x1x1,512x1x1,512x4096x1x1
cache_v_l1 (view),kernel_set_rows_f16_i64,0.002800,8192x1x1,512x1x1,512x4096x1x1
__fattn__-1,flash_attn_f32_f16,1.361600,32x28x0,32x1x0,128x28x16x1
ffn_inp-1,kernel_add,0.023400,1024x1x1,64x1x1,3584x16x1x1
ffn_norm-1,kernel_rms_norm_mul,0.009100,16384x1x1,1024x1x1,3584x16x1x1
ffn_swiglu-1,kernel_swiglu,0.047500,8192x1x1,512x1x1,18944x16x1x1
ffn_out-1,kernel_mul_mv_q6_K_f32,39.582298,3584x1024x1,2x64x1,3584x16x1x1
l_out-1,kernel_add,0.023400,1024x1x1,64x1x1,3584x16x1x1
attn_norm-2,kernel_rms_norm_mul,0.009300,16384x1x1,1024x1x1,3584x16x1x1
Qcur-2,kernel_add_row,0.008000,14336x0x0,64x0x0,3584x16x1x1
Qcur-2,kernel_rope_neox_f32,0.005500,1792x16x1,64x1x1,128x28x16x1
Kcur-2,kernel_add_row,0.005600,2048x0x0,64x0x0,512x16x1x1
Kcur-2,kernel_rope_neox_f32,0.002700,256x16x1,64x1x1,128x4x16x1
node_80,kernel_mul_mv_q6_K_f32,0.953400,512x1024x1,2x64x1,512x16x1x1
Vcur-2,kernel_add_row,0.002600,2048x0x0,64x0x0,512x16x1x1
cache_k_l2 (view),kernel_set_rows_f16_i64,0.003300,8192x1x1,512x1x1,512x4096x1x1
cache_v_l2 (view),kernel_set_rows_f16_i64,0.002900,8192x1x1,512x1x1,512x4096x1x1
__fattn__-2,flash_attn_f32_f16,1.347700,32x28x0,32x1x0,128x28x16x1
ffn_inp-2,kernel_add,0.023300,1024x1x1,64x1x1,3584x16x1x1
ffn_norm-2,kernel_rms_norm_mul,0.009200,16384x1x1,1024x1x1,3584x16x1x1
ffn_swiglu-2,kernel_swiglu,0.047000,8192x1x1,512x1x1,18944x16x1x1
ffn_out-2,kernel_mul_mv_q6_K_f32,40.421101,3584x1024x1,2x64x1,3584x16x1x1
l_out-2,kernel_add,0.023200,1024x1x1,64x1x1,3584x16x1x1
attn_norm-3,kernel_rms_norm_mul,0.009200,16384x1x1,1024x1x1,3584x16x1x1
Qcur-3,kernel_add_row,0.012400,14336x0x0,64x0x0,3584x16x1x1
Qcur-3,kernel_rope_neox_f32,0.005700,1792x16x1,64x1x1,128x28x16x1
Kcur-3,kernel_add_row,0.005600,2048x0x0,64x0x0,512x16x1x1
Kcur-3,kernel_rope_neox_f32,0.002800,256x16x1,64x1x1,128x4x16x1
Vcur-3,kernel_add_row,0.005500,2048x0x0,64x0x0,512x16x1x1
cache_k_l3 (view),kernel_set_rows_f16_i64,0.003300,8192x1x1,512x1x1,512x4096x1x1
cache_v_l3 (view),kernel_set_rows_f16_i64,0.002800,8192x1x1,512x1x1,512x4096x1x1
__fattn__-3,flash_attn_f32_f16,1.368500,32x28x0,32x1x0,128x28x16x1
ffn_inp-3,kernel_add,0.024100,1024x1x1,64x1x1,3584x16x1x1
ffn_norm-3,kernel_rms_norm_mul,0.009200,16384x1x1,1024x1x1,3584x16x1x1
l_out-3,kernel_add,0.024100,1024x1x1,64x1x1,3584x16x1x1
attn_norm-4,kernel_rms_norm_mul,0.009100,16384x1x1,1024x1x1,3584x16x1x1
Qcur-4,kernel_add_row,0.012900,14336x0x0,64x0x0,3584x16x1x1
Qcur-4,kernel_rope_neox_f32,0.005400,1792x16x1,64x1x1,128x28x16x1
Kcur-4,kernel_add_row,0.005800,2048x0x0,64x0x0,512x16x1x1
Kcur-4,kernel_rope_neox_f32,0.002700,256x16x1,64x1x1,128x4x16x1
Vcur-4,kernel_add_row,0.005800,2048x0x0,64x0x0,512x16x1x1
cache_k_l4 (view),kernel_set_rows_f16_i64,0.003100,8192x1x1,512x1x1,512x4096x1x1
cache_v_l4 (view),kernel_set_rows_f16_i64,0.002800,8192x1x1,512x1x1,512x4096x1x1
__fattn__-4,flash_attn_f32_f16,1.350200,32x28x0,32x1x0,128x28x16x1
ffn_inp-4,kernel_add,0.024900,1024x1x1,64x1x1,3584x16x1x1
ffn_norm-4,kernel_rms_norm_mul,0.009200,16384x1x1,1024x1x1,3584x16x1x1
l_out-4,kernel_add,0.023000,1024x1x1,64x1x1,3584x16x1x1
attn_norm-5,kernel_rms_norm_mul,0.009300,16384x1x1,1024x1x1,3584x16x1x1
Qcur-5,kernel_add_row,0.007500,14336x0x0,64x0x0,3584x16x1x1
Qcur-5,kernel_rope_neox_f32,0.005700,1792x16x1,64x1x1,128x28x16x1
Kcur-5,kernel_add_row,0.005600,2048x0x0,64x0x0,512x16x1x1
Kcur-5,kernel_rope_neox_f32,0.002700,256x16x1,64x1x1,128x4x16x1
node_182,kernel_mul_mv_q6_K_f32,0.955800,512x1024x1,2x64x1,512x16x1x1
Vcur-5,kernel_add_row,0.002600,2048x0x0,64x0x0,512x16x1x1
cache_k_l5 (view),kernel_set_rows_f16_i64,0.003400,8192x1x1,512x1x1,512x4096x1x1
cache_v_l5 (view),kernel_set_rows_f16_i64,0.002800,8192x1x1,512x1x1,512x4096x1x1
__fattn__-5,flash_attn_f32_f16,1.348700,32x28x0,32x1x0,128x28x16x1
ffn_inp-5,kernel_add,0.024800,1024x1x1,64x1x1,3584x16x1x1
ffn_norm-5,kernel_rms_norm_mul,0.009300,16384x1x1,1024x1x1,3584x16x1x1
ffn_swiglu-5,kernel_swiglu,0.047200,8192x1x1,512x1x1,18944x16x1x1
ffn_out-5,kernel_mul_mv_q6_K_f32,40.603500,3584x1024x1,2x64x1,3584x16x1x1
l_out-5,kernel_add,0.023100,1024x1x1,64x1x1,3584x16x1x1
attn_norm-6,kernel_rms_norm_mul,0.009400,16384x1x1,1024x1x1,3584x16x1x1
Qcur-6,kernel_add_row,0.011800,14336x0x0,64x0x0,3584x16x1x1
Qcur-6,kernel_rope_neox_f32,0.005600,1792x16x1,64x1x1,128x28x16x1
Kcur-6,kernel_add_row,0.005600,2048x0x0,64x0x0,512x16x1x1
Kcur-6,kernel_rope_neox_f32,0.002700,256x16x1,64x1x1,128x4x16x1
Vcur-6,kernel_add_row,0.005900,2048x0x0,64x0x0,512x16x1x1
cache_k_l6 (view),kernel_set_rows_f16_i64,0.003300,8192x1x1,512x1x1,512x4096x1x1
cache_v_l6 (view),kernel_set_rows_f16_i64,0.003000,8192x1x1,512x1x1,512x4096x1x1
__fattn__-6,flash_attn_f32_f16,1.364100,32x28x0,32x1x0,128x28x16x1
ffn_inp-6,kernel_add,0.024600,1024x1x1,64x1x1,3584x16x1x1
ffn_norm-6,kernel_rms_norm_mul,0.009200,16384x1x1,1024x1x1,3584x16x1x1
l_out-6,kernel_add,0.024000,1024x1x1,64x1x1,3584x16x1x1
attn_norm-7,kernel_rms_norm_mul,0.009100,16384x1x1,1024x1x1,3584x16x1x1
Qcur-7,kernel_add_row,0.012600,14336x0x0,64x0x0,3584x16x1x1
Qcur-7,kernel_rope_neox_f32,0.005400,1792x16x1,64x1x1,128x28x16x1
Kcur-7,kernel_add_row,0.005600,2048x0x0,64x0x0,512x16x1x1
Kcur-7,kernel_rope_neox_f32,0.002700,256x16x1,64x1x1,128x4x16x1
Vcur-7,kernel_add_row,0.005500,2048x0x0,64x0x0,512x16x1x1
cache_k_l7 (view),kernel_set_rows_f16_i64,0.003500,8192x1x1,512x1x1,512x4096x1x1
cache_v_l7 (view),kernel_set_rows_f16_i64,0.002800,8192x1x1,512x1x1,512x4096x1x1
__fattn__-7,flash_attn_f32_f16,1.332000,32x28x0,32x1x0,128x28x16x1
ffn_inp-7,kernel_add,0.024400,1024x1x1,64x1x1,3584x16x1x1
ffn_norm-7,kernel_rms_norm_mul,0.009100,16384x1x1,1024x1x1,3584x16x1x1
l_out-7,kernel_add,0.023200,1024x1x1,64x1x1,3584x16x1x1
attn_norm-8,kernel_rms_norm_mul,0.009100,16384x1x1,1024x1x1,3584x16x1x1
Qcur-8,kernel_add_row,0.007500,14336x0x0,64x0x0,3584x16x1x1
Qcur-8,kernel_rope_neox_f32,0.005500,1792x16x1,64x1x1,128x28x16x1
Kcur-8,kernel_add_row,0.005600,2048x0x0,64x0x0,512x16x1x1
Kcur-8,kernel_rope_neox_f32,0.002700,256x16x1,64x1x1,128x4x16x1
node_284,kernel_mul_mv_q6_K_f32,0.956200,512x1024x1,2x64x1,512x16x1x1
Vcur-8,kernel_add_row,0.002600,2048x0x0,64x0x0,512x16x1x1
cache_k_l8 (view),kernel_set_rows_f16_i64,0.003400,8192x1x1,512x1x1,512x4096x1x1
cache_v_l8 (view),kernel_set_rows_f16_i64,0.002900,8192x1x1,512x1x1,512x4096x1x1
__fattn__-8,flash_attn_f32_f16,1.363600,32x28x0,32x1x0,128x28x16x1
ffn_inp-8,kernel_add,0.025200,1024x1x1,64x1x1,3584x16x1x1
ffn_norm-8,kernel_rms_norm_mul,0.009200,16384x1x1,1024x1x1,3584x16x1x1
ffn_swiglu-8,kernel_swiglu,0.047700,8192x1x1,512x1x1,18944x16x1x1
ffn_out-8,kernel_mul_mv_q6_K_f32,40.206501,3584x1024x1,2x64x1,3584x16x1x1
l_out-8,kernel_add,0.023100,1024x1x1,64x1x1,3584x16x1x1
attn_norm-9,kernel_rms_norm_mul,0.009300,16384x1x1,1024x1x1,3584x16x1x1
Qcur-9,kernel_add_row,0.012800,14336x0x0,64x0x0,3584x16x1x1
Qcur-9,kernel_rope_neox_f32,0.005400,1792x16x1,64x1x1,128x28x16x1
Kcur-9,kernel_add_row,0.005700,2048x0x0,64x0x0,512x16x1x1
Kcur-9,kernel_rope_neox_f32,0.002700,256x16x1,64x1x1,128x4x16x1
Vcur-9,kernel_add_row,0.005900,2048x0x0,64x0x0,512x16x1x1
cache_k_l9 (view),kernel_set_rows_f16_i64,0.004300,8192x1x1,512x1x1,512x4096x1x1
cache_v_l9 (view),kernel_set_rows_f16_i64,0.002900,8192x1x1,512x1x1,512x4096x1x1
__fattn__-9,flash_attn_f32_f16,1.360000,32x28x0,32x1x0,128x28x16x1
ffn_inp-9,kernel_add,0.024400,1024x1x1,64x1x1,3584x16x1x1
ffn_norm-9,kernel_rms_norm_mul,0.009200,16384x1x1,1024x1x1,3584x16x1x1
l_out-9,kernel_add,0.024400,1024x1x1,64x1x1,3584x16x1x1
attn_norm-10,kernel_rms_norm_mul,0.009100,16384x1x1,1024x1x1,3584x16x1x1
Qcur-10,kernel_add_row,0.013200,14336x0x0,64x0x0,3584x16x1x1
Qcur-10,kernel_rope_neox_f32,0.005500,1792x16x1,64x1x1,128x28x16x1
Kcur-10,kernel_add_row,0.005700,2048x0x0,64x0x0,512x16x1x1
Kcur-10,kernel_rope_neox_f32,0.002700,256x16x1,64x1x1,128x4x16x1
Vcur-10,kernel_add_row,0.005600,2048x0x0,64x0x0,512x16x1x1
cache_k_l10 (view),kernel_set_rows_f16_i64,0.003200,8192x1x1,512x1x1,512x4096x1x1
cache_v_l10 (view),kernel_set_rows_f16_i64,0.002700,8192x1x1,512x1x1,512x4096x1x1
__fattn__-10,flash_attn_f32_f16,1.342000,32x28x0,32x1x0,128x28x16x1
ffn_inp-10,kernel_add,0.024500,1024x1x1,64x1x1,3584x16x1x1
ffn_norm-10,kernel_rms_norm_mul,0.009300,16384x1x1,1024x1x1,3584x16x1x1
l_out-10,kernel_add,0.023100,1024x1x1,64x1x1,3584x16x1x1
attn_norm-11,kernel_rms_norm_mul,0.009100,16384x1x1,1024x1x1,3584x16x1x1
Qcur-11,kernel_add_row,0.007200,14336x0x0,64x0x0,3584x16x1x1
Qcur-11,kernel_rope_neox_f32,0.005500,1792x16x1,64x1x1,128x28x16x1
Kcur-11,kernel_add_row,0.005700,2048x0x0,64x0x0,512x16x1x1
Kcur-11,kernel_rope_neox_f32,0.002800,256x16x1,64x1x1,128x4x16x1
node_386,kernel_mul_mv_q6_K_f32,0.954000,512x1024x1,2x64x1,512x16x1x1
Vcur-11,kernel_add_row,0.002500,2048x0x0,64x0x0,512x16x1x1
cache_k_l11 (view),kernel_set_rows_f16_i64,0.003300,8192x1x1,512x1x1,512x4096x1x1
cache_v_l11 (view),kernel_set_rows_f16_i64,0.002800,8192x1x1,512x1x1,512x4096x1x1
__fattn__-11,flash_attn_f32_f16,1.359300,32x28x0,32x1x0,128x28x16x1
ffn_inp-11,kernel_add,0.025100,1024x1x1,64x1x1,3584x16x1x1
ffn_norm-11,kernel_rms_norm_mul,0.009200,16384x1x1,1024x1x1,3584x16x1x1
ffn_swiglu-11,kernel_swiglu,0.047900,8192x1x1,512x1x1,18944x16x1x1
ffn_out-11,kernel_mul_mv_q6_K_f32,39.660801,3584x1024x1,2x64x1,3584x16x1x1
l_out-11,kernel_add,0.023300,1024x1x1,64x1x1,3584x16x1x1
attn_norm-12,kernel_rms_norm_mul,0.009100,16384x1x1,1024x1x1,3584x16x1x1
Qcur-12,kernel_add_row,0.012600,14336x0x0,64x0x0,3584x16x1x1
Qcur-12,kernel_rope_neox_f32,0.005600,1792x16x1,64x1x1,128x28x16x1
Kcur-12,kernel_add_row,0.005900,2048x0x0,64x0x0,512x16x1x1
Kcur-12,kernel_rope_neox_f32,0.002800,256x16x1,64x1x1,128x4x16x1
Vcur-12,kernel_add_row,0.005700,2048x0x0,64x0x0,512x16x1x1
cache_k_l12 (view),kernel_set_rows_f16_i64,0.003500,8192x1x1,512x1x1,512x4096x1x1
cache_v_l12 (view),kernel_set_rows_f16_i64,0.002700,8192x1x1,512x1x1,512x4096x1x1
__fattn__-12,flash_attn_f32_f16,1.341500,32x28x0,32x1x0,128x28x16x1
ffn_inp-12,kernel_add,0.024500,1024x1x1,64x1x1,3584x16x1x1
ffn_norm-12,kernel_rms_norm_mul,0.009100,16384x1x1,1024x1x1,3584x16x1x1
l_out-12,kernel_add,0.024200,1024x1x1,64x1x1,3584x16x1x1
attn_norm-13,kernel_rms_norm_mul,0.009200,16384x1x1,1024x1x1,3584x16x1x1
Qcur-13,kernel_add_row,0.012400,14336x0x0,64x0x0,3584x16x1x1
Qcur-13,kernel_rope_neox_f32,0.005500,1792x16x1,64x1x1,128x28x16x1
Kcur-13,kernel_add_row,0.005700,2048x0x0,64x0x0,512x16x1x1
Kcur-13,kernel_rope_neox_f32,0.002700,256x16x1,64x1x1,128x4x16x1
Vcur-13,kernel_add_row,0.005600,2048x0x0,64x0x0,512x16x1x1
cache_k_l13 (view),kernel_set_rows_f16_i64,0.003300,8192x1x1,512x1x1,512x4096x1x1
cache_v_l13 (view),kernel_set_rows_f16_i64,0.002900,8192x1x1,512x1x1,512x4096x1x1
__fattn__-13,flash_attn_f32_f16,1.345400,32x28x0,32x1x0,128x28x16x1
ffn_inp-13,kernel_add,0.024700,1024x1x1,64x1x1,3584x16x1x1
ffn_norm-13,kernel_rms_norm_mul,0.009200,16384x1x1,1024x1x1,3584x16x1x1
l_out-13,kernel_add,0.023100,1024x1x1,64x1x1,3584x16x1x1
attn_norm-14,kernel_rms_norm_mul,0.009100,16384x1x1,1024x1x1,3584x16x1x1
Qcur-14,kernel_add_row,0.007300,14336x0x0,64x0x0,3584x16x1x1
Qcur-14,kernel_rope_neox_f32,0.005400,1792x16x1,64x1x1,128x28x16x1
Kcur-14,kernel_add_row,0.005600,2048x0x0,64x0x0,512x16x1x1
Kcur-14,kernel_rope_neox_f32,0.002700,256x16x1,64x1x1,128x4x16x1
node_488,kernel_mul_mv_q6_K_f32,0.954000,512x1024x1,2x64x1,512x16x1x1
Vcur-14,kernel_add_row,0.002500,2048x0x0,64x0x0,512x16x1x1
cache_k_l14 (view),kernel_set_rows_f16_i64,0.003300,8192x1x1,512x1x1,512x4096x1x1
cache_v_l14 (view),kernel_set_rows_f16_i64,0.002800,8192x1x1,512x1x1,512x4096x1x1
__fattn__-14,flash_attn_f32_f16,1.360700,32x28x0,32x1x0,128x28x16x1
ffn_inp-14,kernel_add,0.024600,1024x1x1,64x1x1,3584x16x1x1
ffn_norm-14,kernel_rms_norm_mul,0.009100,16384x1x1,1024x1x1,3584x16x1x1
ffn_swiglu-14,kernel_swiglu,0.047400,8192x1x1,512x1x1,18944x16x1x1
ffn_out-14,kernel_mul_mv_q6_K_f32,39.602299,3584x1024x1,2x64x1,3584x16x1x1
l_out-14,kernel_add,0.023300,1024x1x1,64x1x1,3584x16x1x1
attn_norm-15,kernel_rms_norm_mul,0.009200,16384x1x1,1024x1x1,3584x16x1x1
Qcur-15,kernel_add_row,0.012500,14336x0x0,64x0x0,3584x16x1x1
Qcur-15,kernel_rope_neox_f32,0.005600,1792x16x1,64x1x1,128x28x16x1
Kcur-15,kernel_add_row,0.005700,2048x0x0,64x0x0,512x16x1x1
Kcur-15,kernel_rope_neox_f32,0.002700,256x16x1,64x1x1,128x4x16x1
Vcur-15,kernel_add_row,0.005600,2048x0x0,64x0x0,512x16x1x1
cache_k_l15 (view),kernel_set_rows_f16_i64,0.003400,8192x1x1,512x1x1,512x4096x1x1
cache_v_l15 (view),kernel_set_rows_f16_i64,0.002800,8192x1x1,512x1x1,512x4096x1x1
__fattn__-15,flash_attn_f32_f16,1.344000,32x28x0,32x1x0,128x28x16x1
ffn_inp-15,kernel_add,0.024700,1024x1x1,64x1x1,3584x16x1x1
ffn_norm-15,kernel_rms_norm_mul,0.009200,16384x1x1,1024x1x1,3584x16x1x1
l_out-15,kernel_add,0.024400,1024x1x1,64x1x1,3584x16x1x1
attn_norm-16,kernel_rms_norm_mul,0.009200,16384x1x1,1024x1x1,3584x16x1x1
Qcur-16,kernel_add_row,0.013200,14336x0x0,64x0x0,3584x16x1x1
Qcur-16,kernel_rope_neox_f32,0.005500,1792x16x1,64x1x1,128x28x16x1
Kcur-16,kernel_add_row,0.005700,2048x0x0,64x0x0,512x16x1x1
Kcur-16,kernel_rope_neox_f32,0.002600,256x16x1,64x1x1,128x4x16x1
Vcur-16,kernel_add_row,0.005700,2048x0x0,64x0x0,512x16x1x1
cache_k_l16 (view),kernel_set_rows_f16_i64,0.003400,8192x1x1,512x1x1,512x4096x1x1
cache_v_l16 (view),kernel_set_rows_f16_i64,0.002800,8192x1x1,512x1x1,512x4096x1x1
__fattn__-16,flash_attn_f32_f16,1.344600,32x28x0,32x1x0,128x28x16x1
ffn_inp-16,kernel_add,0.025000,1024x1x1,64x1x1,3584x16x1x1
ffn_norm-16,kernel_rms_norm_mul,0.009200,16384x1x1,1024x1x1,3584x16x1x1
l_out-16,kernel_add,0.023100,1024x1x1,64x1x1,3584x16x1x1
attn_norm-17,kernel_rms_norm_mul,0.009200,16384x1x1,1024x1x1,3584x16x1x1
Qcur-17,kernel_add_row,0.007300,14336x0x0,64x0x0,3584x16x1x1
Qcur-17,kernel_rope_neox_f32,0.005400,1792x16x1,64x1x1,128x28x16x1
Kcur-17,kernel_add_row,0.005600,2048x0x0,64x0x0,512x16x1x1
Kcur-17,kernel_rope_neox_f32,0.002700,256x16x1,64x1x1,128x4x16x1
node_590,kernel_mul_mv_q6_K_f32,0.955900,512x1024x1,2x64x1,512x16x1x1
Vcur-17,kernel_add_row,0.002500,2048x0x0,64x0x0,512x16x1x1
cache_k_l17 (view),kernel_set_rows_f16_i64,0.003500,8192x1x1,512x1x1,512x4096x1x1
cache_v_l17 (view),kernel_set_rows_f16_i64,0.002800,8192x1x1,512x1x1,512x4096x1x1
__fattn__-17,flash_attn_f32_f16,1.348000,32x28x0,32x1x0,128x28x16x1
ffn_inp-17,kernel_add,0.025100,1024x1x1,64x1x1,3584x16x1x1
ffn_norm-17,kernel_rms_norm_mul,0.009200,16384x1x1,1024x1x1,3584x16x1x1
ffn_swiglu-17,kernel_swiglu,0.047100,8192x1x1,512x1x1,18944x16x1x1
ffn_out-17,kernel_mul_mv_q6_K_f32,39.587200,3584x1024x1,2x64x1,3584x16x1x1
l_out-17,kernel_add,0.023800,1024x1x1,64x1x1,3584x16x1x1
attn_norm-18,kernel_rms_norm_mul,0.009300,16384x1x1,1024x1x1,3584x16x1x1
Qcur-18,kernel_add_row,0.012100,14336x0x0,64x0x0,3584x16x1x1
Qcur-18,kernel_rope_neox_f32,0.005500,1792x16x1,64x1x1,128x28x16x1
Kcur-18,kernel_add_row,0.005600,2048x0x0,64x0x0,512x16x1x1
Kcur-18,kernel_rope_neox_f32,0.002700,256x16x1,64x1x1,128x4x16x1
Vcur-18,kernel_add_row,0.005600,2048x0x0,64x0x0,512x16x1x1
cache_k_l18 (view),kernel_set_rows_f16_i64,0.003300,8192x1x1,512x1x1,512x4096x1x1
cache_v_l18 (view),kernel_set_rows_f16_i64,0.002800,8192x1x1,512x1x1,512x4096x1x1
__fattn__-18,flash_attn_f32_f16,1.352100,32x28x0,32x1x0,128x28x16x1
ffn_inp-18,kernel_add,0.024300,1024x1x1,64x1x1,3584x16x1x1
ffn_norm-18,kernel_rms_norm_mul,0.009200,16384x1x1,1024x1x1,3584x16x1x1
l_out-18,kernel_add,0.024100,1024x1x1,64x1x1,3584x16x1x1
attn_norm-19,kernel_rms_norm_mul,0.009100,16384x1x1,1024x1x1,3584x16x1x1
Qcur-19,kernel_add_row,0.013200,14336x0x0,64x0x0,3584x16x1x1
Qcur-19,kernel_rope_neox_f32,0.005400,1792x16x1,64x1x1,128x28x16x1
Kcur-19,kernel_add_row,0.005700,2048x0x0,64x0x0,512x16x1x1
Kcur-19,kernel_rope_neox_f32,0.002700,256x16x1,64x1x1,128x4x16x1
Vcur-19,kernel_add_row,0.005800,2048x0x0,64x0x0,512x16x1x1
cache_k_l19 (view),kernel_set_rows_f16_i64,0.003300,8192x1x1,512x1x1,512x4096x1x1
cache_v_l19 (view),kernel_set_rows_f16_i64,0.002700,8192x1x1,512x1x1,512x4096x1x1
__fattn__-19,flash_attn_f32_f16,1.347700,32x28x0,32x1x0,128x28x16x1
ffn_inp-19,kernel_add,0.024700,1024x1x1,64x1x1,3584x16x1x1
ffn_norm-19,kernel_rms_norm_mul,0.009100,16384x1x1,1024x1x1,3584x16x1x1
l_out-19,kernel_add,0.023500,1024x1x1,64x1x1,3584x16x1x1
attn_norm-20,kernel_rms_norm_mul,0.009300,16384x1x1,1024x1x1,3584x16x1x1
Qcur-20,kernel_add_row,0.007300,14336x0x0,64x0x0,3584x16x1x1
Qcur-20,kernel_rope_neox_f32,0.005500,1792x16x1,64x1x1,128x28x16x1
Kcur-20,kernel_add_row,0.005800,2048x0x0,64x0x0,512x16x1x1
Kcur-20,kernel_rope_neox_f32,0.002800,256x16x1,64x1x1,128x4x16x1
node_692,kernel_mul_mv_q6_K_f32,0.955100,512x1024x1,2x64x1,512x16x1x1
Vcur-20,kernel_add_row,0.002500,2048x0x0,64x0x0,512x16x1x1
cache_k_l20 (view),kernel_set_rows_f16_i64,0.003400,8192x1x1,512x1x1,512x4096x1x1
cache_v_l20 (view),kernel_set_rows_f16_i64,0.002800,8192x1x1,512x1x1,512x4096x1x1
__fattn__-20,flash_attn_f32_f16,1.370000,32x28x0,32x1x0,128x28x16x1
ffn_inp-20,kernel_add,0.025100,1024x1x1,64x1x1,3584x16x1x1
ffn_norm-20,kernel_rms_norm_mul,0.009200,16384x1x1,1024x1x1,3584x16x1x1
ffn_swiglu-20,kernel_swiglu,0.047100,8192x1x1,512x1x1,18944x16x1x1
ffn_out-20,kernel_mul_mv_q6_K_f32,39.617802,3584x1024x1,2x64x1,3584x16x1x1
l_out-20,kernel_add,0.023100,1024x1x1,64x1x1,3584x16x1x1
attn_norm-21,kernel_rms_norm_mul,0.009200,16384x1x1,1024x1x1,3584x16x1x1
Qcur-21,kernel_add_row,0.011700,14336x0x0,64x0x0,3584x16x1x1
Qcur-21,kernel_rope_neox_f32,0.005500,1792x16x1,64x1x1,128x28x16x1
Kcur-21,kernel_add_row,0.005700,2048x0x0,64x0x0,512x16x1x1
Kcur-21,kernel_rope_neox_f32,0.002700,256x16x1,64x1x1,128x4x16x1
Vcur-21,kernel_add_row,0.005600,2048x0x0,64x0x0,512x16x1x1
cache_k_l21 (view),kernel_set_rows_f16_i64,0.003200,8192x1x1,512x1x1,512x4096x1x1
cache_v_l21 (view),kernel_set_rows_f16_i64,0.002800,8192x1x1,512x1x1,512x4096x1x1
__fattn__-21,flash_attn_f32_f16,1.348800,32x28x0,32x1x0,128x28x16x1
ffn_inp-21,kernel_add,0.024300,1024x1x1,64x1x1,3584x16x1x1
ffn_norm-21,kernel_rms_norm_mul,0.009200,16384x1x1,1024x1x1,3584x16x1x1
l_out-21,kernel_add,0.024000,1024x1x1,64x1x1,3584x16x1x1
attn_norm-22,kernel_rms_norm_mul,0.009100,16384x1x1,1024x1x1,3584x16x1x1
Qcur-22,kernel_add_row,0.013100,14336x0x0,64x0x0,3584x16x1x1
Qcur-22,kernel_rope_neox_f32,0.005300,1792x16x1,64x1x1,128x28x16x1
Kcur-22,kernel_add_row,0.005600,2048x0x0,64x0x0,512x16x1x1
Kcur-22,kernel_rope_neox_f32,0.002800,256x16x1,64x1x1,128x4x16x1
Vcur-22,kernel_add_row,0.005700,2048x0x0,64x0x0,512x16x1x1
cache_k_l22 (view),kernel_set_rows_f16_i64,0.003400,8192x1x1,512x1x1,512x4096x1x1
cache_v_l22 (view),kernel_set_rows_f16_i64,0.002800,8192x1x1,512x1x1,512x4096x1x1
__fattn__-22,flash_attn_f32_f16,1.349200,32x28x0,32x1x0,128x28x16x1
ffn_inp-22,kernel_add,0.024600,1024x1x1,64x1x1,3584x16x1x1
ffn_norm-22,kernel_rms_norm_mul,0.009200,16384x1x1,1024x1x1,3584x16x1x1
l_out-22,kernel_add,0.024500,1024x1x1,64x1x1,3584x16x1x1
attn_norm-23,kernel_rms_norm_mul,0.009200,16384x1x1,1024x1x1,3584x16x1x1
Qcur-23,kernel_add_row,0.007600,14336x0x0,64x0x0,3584x16x1x1
Qcur-23,kernel_rope_neox_f32,0.005400,1792x16x1,64x1x1,128x28x16x1
Kcur-23,kernel_add_row,0.005700,2048x0x0,64x0x0,512x16x1x1
Kcur-23,kernel_rope_neox_f32,0.002600,256x16x1,64x1x1,128x4x16x1
node_794,kernel_mul_mv_q6_K_f32,0.954900,512x1024x1,2x64x1,512x16x1x1
Vcur-23,kernel_add_row,0.002600,2048x0x0,64x0x0,512x16x1x1
cache_k_l23 (view),kernel_set_rows_f16_i64,0.003300,8192x1x1,512x1x1,512x4096x1x1
cache_v_l23 (view),kernel_set_rows_f16_i64,0.002800,8192x1x1,512x1x1,512x4096x1x1
__fattn__-23,flash_attn_f32_f16,1.357200,32x28x0,32x1x0,128x28x16x1
ffn_inp-23,kernel_add,0.025000,1024x1x1,64x1x1,3584x16x1x1
ffn_norm-23,kernel_rms_norm_mul,0.009100,16384x1x1,1024x1x1,3584x16x1x1
ffn_swiglu-23,kernel_swiglu,0.046900,8192x1x1,512x1x1,18944x16x1x1
ffn_out-23,kernel_mul_mv_q6_K_f32,39.616600,3584x1024x1,2x64x1,3584x16x1x1
l_out-23,kernel_add,0.023300,1024x1x1,64x1x1,3584x16x1x1
attn_norm-24,kernel_rms_norm_mul,0.009100,16384x1x1,1024x1x1,3584x16x1x1
Qcur-24,kernel_add_row,0.008000,14336x0x0,64x0x0,3584x16x1x1
Qcur-24,kernel_rope_neox_f32,0.005500,1792x16x1,64x1x1,128x28x16x1
Kcur-24,kernel_add_row,0.005700,2048x0x0,64x0x0,512x16x1x1
Kcur-24,kernel_rope_neox_f32,0.002900,256x16x1,64x1x1,128x4x16x1
node_828,kernel_mul_mv_q6_K_f32,0.954800,512x1024x1,2x64x1,512x16x1x1
Vcur-24,kernel_add_row,0.002600,2048x0x0,64x0x0,512x16x1x1
cache_k_l24 (view),kernel_set_rows_f16_i64,0.003400,8192x1x1,512x1x1,512x4096x1x1
cache_v_l24 (view),kernel_set_rows_f16_i64,0.002900,8192x1x1,512x1x1,512x4096x1x1
__fattn__-24,flash_attn_f32_f16,1.360100,32x28x0,32x1x0,128x28x16x1
ffn_inp-24,kernel_add,0.024000,1024x1x1,64x1x1,3584x16x1x1
ffn_norm-24,kernel_rms_norm_mul,0.009200,16384x1x1,1024x1x1,3584x16x1x1
ffn_swiglu-24,kernel_swiglu,0.046800,8192x1x1,512x1x1,18944x16x1x1
ffn_out-24,kernel_mul_mv_q6_K_f32,39.592999,3584x1024x1,2x64x1,3584x16x1x1
l_out-24,kernel_add,0.023400,1024x1x1,64x1x1,3584x16x1x1
attn_norm-25,kernel_rms_norm_mul,0.009200,16384x1x1,1024x1x1,3584x16x1x1
Qcur-25,kernel_add_row,0.007800,14336x0x0,64x0x0,3584x16x1x1
Qcur-25,kernel_rope_neox_f32,0.005300,1792x16x1,64x1x1,128x28x16x1
Kcur-25,kernel_add_row,0.005700,2048x0x0,64x0x0,512x16x1x1
Kcur-25,kernel_rope_neox_f32,0.002700,256x16x1,64x1x1,128x4x16x1
node_862,kernel_mul_mv_q6_K_f32,0.955000,512x1024x1,2x64x1,512x16x1x1
Vcur-25,kernel_add_row,0.002300,2048x0x0,64x0x0,512x16x1x1
cache_k_l25 (view),kernel_set_rows_f16_i64,0.003300,8192x1x1,512x1x1,512x4096x1x1
cache_v_l25 (view),kernel_set_rows_f16_i64,0.002800,8192x1x1,512x1x1,512x4096x1x1
__fattn__-25,flash_attn_f32_f16,1.360000,32x28x0,32x1x0,128x28x16x1
ffn_inp-25,kernel_add,0.024200,1024x1x1,64x1x1,3584x16x1x1
ffn_norm-25,kernel_rms_norm_mul,0.009200,16384x1x1,1024x1x1,3584x16x1x1
ffn_swiglu-25,kernel_swiglu,0.047500,8192x1x1,512x1x1,18944x16x1x1
ffn_out-25,kernel_mul_mv_q6_K_f32,39.619900,3584x1024x1,2x64x1,3584x16x1x1
l_out-25,kernel_add,0.023100,1024x1x1,64x1x1,3584x16x1x1
attn_norm-26,kernel_rms_norm_mul,0.009200,16384x1x1,1024x1x1,3584x16x1x1
Qcur-26,kernel_add_row,0.007900,14336x0x0,64x0x0,3584x16x1x1
Qcur-26,kernel_rope_neox_f32,0.005400,1792x16x1,64x1x1,128x28x16x1
Kcur-26,kernel_add_row,0.005800,2048x0x0,64x0x0,512x16x1x1
Kcur-26,kernel_rope_neox_f32,0.002800,256x16x1,64x1x1,128x4x16x1
node_896,kernel_mul_mv_q6_K_f32,0.955300,512x1024x1,2x64x1,512x16x1x1
Vcur-26,kernel_add_row,0.002500,2048x0x0,64x0x0,512x16x1x1
cache_k_l26 (view),kernel_set_rows_f16_i64,0.003300,8192x1x1,512x1x1,512x4096x1x1
cache_v_l26 (view),kernel_set_rows_f16_i64,0.002800,8192x1x1,512x1x1,512x4096x1x1
__fattn__-26,flash_attn_f32_f16,1.363800,32x28x0,32x1x0,128x28x16x1
ffn_inp-26,kernel_add,0.023800,1024x1x1,64x1x1,3584x16x1x1
ffn_norm-26,kernel_rms_norm_mul,0.009400,16384x1x1,1024x1x1,3584x16x1x1
ffn_swiglu-26,kernel_swiglu,0.047000,8192x1x1,512x1x1,18944x16x1x1
ffn_out-26,kernel_mul_mv_q6_K_f32,39.577702,3584x1024x1,2x64x1,3584x16x1x1
l_out-26,kernel_add,0.023800,1024x1x1,64x1x1,3584x16x1x1
attn_norm-27,kernel_rms_norm_mul,0.009100,16384x1x1,1024x1x1,3584x16x1x1
Qcur-27,kernel_add_row,0.007500,14336x0x0,64x0x0,3584x16x1x1
Qcur-27,kernel_rope_neox_f32,0.005400,1792x16x1,64x1x1,128x28x16x1
Kcur-27,kernel_add_row,0.005700,2048x0x0,64x0x0,512x16x1x1
Kcur-27,kernel_rope_neox_f32,0.002700,256x16x1,64x1x1,128x4x16x1
node_930,kernel_mul_mv_q6_K_f32,0.957200,512x1024x1,2x64x1,512x16x1x1
Vcur-27,kernel_add_row,0.002300,2048x0x0,64x0x0,512x16x1x1
cache_k_l27 (view),kernel_set_rows_f16_i64,0.003200,8192x1x1,512x1x1,512x4096x1x1
cache_v_l27 (view),kernel_set_rows_f16_i64,0.002900,8192x1x1,512x1x1,512x4096x1x1
__fattn__-27,flash_attn_f32_f16,1.366300,32x28x0,32x1x0,128x28x16x1
attn_norm-0,kernel_rms_norm_mul,0.012400,16384x1x1,1024x1x1,3584x16x1x1
Qcur-0,kernel_add_row,0.007900,14336x0x0,64x0x0,3584x16x1x1
Qcur-0,kernel_rope_neox_f32,0.005600,1792x16x1,64x1x1,128x28x16x1
Kcur-0,kernel_add_row,0.005600,2048x0x0,64x0x0,512x16x1x1
Kcur-0,kernel_rope_neox_f32,0.002800,256x16x1,64x1x1,128x4x16x1
node_11,kernel_mul_mv_q6_K_f32,0.954200,512x1024x1,2x64x1,512x16x1x1
Vcur-0,kernel_add_row,0.002500,2048x0x0,64x0x0,512x16x1x1
cache_k_l0 (view),kernel_set_rows_f16_i64,0.003400,8192x1x1,512x1x1,512x4096x1x1
cache_v_l0 (view),kernel_set_rows_f16_i64,0.002900,8192x1x1,512x1x1,512x4096x1x1
 (copy),kernel_cpy_f32_f16,0.003500,4096x1x1,64x1x1,256x64x1x1
__fattn__-0,flash_attn_f32_f16,1.365100,32x28x0,32x1x0,128x28x16x1
ffn_inp-0,kernel_add,0.025100,1024x1x1,64x1x1,3584x16x1x1
ffn_norm-0,kernel_rms_norm_mul,0.009200,16384x1x1,1024x1x1,3584x16x1x1
ffn_swiglu-0,kernel_swiglu,0.046200,8192x1x1,512x1x1,18944x16x1x1
ffn_out-0,kernel_mul_mv_q6_K_f32,39.587601,3584x1024x1,2x64x1,3584x16x1x1
l_out-0,kernel_add,0.023000,1024x1x1,64x1x1,3584x16x1x1
attn_norm-1,kernel_rms_norm_mul,0.009200,16384x1x1,1024x1x1,3584x16x1x1
Qcur-1,kernel_add_row,0.008100,14336x0x0,64x0x0,3584x16x1x1
Qcur-1,kernel_rope_neox_f32,0.005600,1792x16x1,64x1x1,128x28x16x1
Kcur-1,kernel_add_row,0.005600,2048x0x0,64x0x0,512x16x1x1
Kcur-1,kernel_rope_neox_f32,0.002800,256x16x1,64x1x1,128x4x16x1
node_46,kernel_mul_mv_q6_K_f32,0.955500,512x1024x1,2x64x1,512x16x1x1
Vcur-1,kernel_add_row,0.002500,2048x0x0,64x0x0,512x16x1x1
cache_k_l1 (view),kernel_set_rows_f16_i64,0.003400,8192x1x1,512x1x1,512x4096x1x1
cache_v_l1 (view),kernel_set_rows_f16_i64,0.002800,8192x1x1,512x1x1,512x4096x1x1
__fattn__-1,flash_attn_f32_f16,1.332700,32x28x0,32x1x0,128x28x16x1
ffn_inp-1,kernel_add,0.023800,1024x1x1,64x1x1,3584x16x1x1
ffn_norm-1,kernel_rms_norm_mul,0.009300,16384x1x1,1024x1x1,3584x16x1x1
ffn_swiglu-1,kernel_swiglu,0.046700,8192x1x1,512x1x1,18944x16x1x1
ffn_out-1,kernel_mul_mv_q6_K_f32,39.614601,3584x1024x1,2x64x1,3584x16x1x1
l_out-1,kernel_add,0.023100,1024x1x1,64x1x1,3584x16x1x1
attn_norm-2,kernel_rms_norm_mul,0.009200,16384x1x1,1024x1x1,3584x16x1x1
Qcur-2,kernel_add_row,0.008000,14336x0x0,64x0x0,3584x16x1x1
Qcur-2,kernel_rope_neox_f32,0.005600,1792x16x1,64x1x1,128x28x16x1
Kcur-2,kernel_add_row,0.005700,2048x0x0,64x0x0,512x16x1x1
Kcur-2,kernel_rope_neox_f32,0.002700,256x16x1,64x1x1,128x4x16x1
node_80,kernel_mul_mv_q6_K_f32,0.954600,512x1024x1,2x64x1,512x16x1x1
Vcur-2,kernel_add_row,0.002400,2048x0x0,64x0x0,512x16x1x1
cache_k_l2 (view),kernel_set_rows_f16_i64,0.003300,8192x1x1,512x1x1,512x4096x1x1
cache_v_l2 (view),kernel_set_rows_f16_i64,0.002900,8192x1x1,512x1x1,512x4096x1x1
__fattn__-2,flash_attn_f32_f16,1.370000,32x28x0,32x1x0,128x28x16x1
ffn_inp-2,kernel_add,0.023800,1024x1x1,64x1x1,3584x16x1x1
ffn_norm-2,kernel_rms_norm_mul,0.009200,16384x1x1,1024x1x1,3584x16x1x1
ffn_swiglu-2,kernel_swiglu,0.046000,8192x1x1,512x1x1,18944x16x1x1
ffn_out-2,kernel_mul_mv_q6_K_f32,40.468102,3584x1024x1,2x64x1,3584x16x1x1
l_out-2,kernel_add,0.023000,1024x1x1,64x1x1,3584x16x1x1
attn_norm-3,kernel_rms_norm_mul,0.009300,16384x1x1,1024x1x1,3584x16x1x1
Qcur-3,kernel_add_row,0.012800,14336x0x0,64x0x0,3584x16x1x1
Qcur-3,kernel_rope_neox_f32,0.005600,1792x16x1,64x1x1,128x28x16x1
Kcur-3,kernel_add_row,0.005700,2048x0x0,64x0x0,512x16x1x1
Kcur-3,kernel_rope_neox_f32,0.002700,256x16x1,64x1x1,128x4x16x1
Vcur-3,kernel_add_row,0.005600,2048x0x0,64x0x0,512x16x1x1
cache_k_l3 (view),kernel_set_rows_f16_i64,0.003400,8192x1x1,512x1x1,512x4096x1x1
cache_v_l3 (view),kernel_set_rows_f16_i64,0.002800,8192x1x1,512x1x1,512x4096x1x1
__fattn__-3,flash_attn_f32_f16,1.356400,32x28x0,32x1x0,128x28x16x1
ffn_inp-3,kernel_add,0.024000,1024x1x1,64x1x1,3584x16x1x1
ffn_norm-3,kernel_rms_norm_mul,0.009300,16384x1x1,1024x1x1,3584x16x1x1
l_out-3,kernel_add,0.024200,1024x1x1,64x1x1,3584x16x1x1
attn_norm-4,kernel_rms_norm_mul,0.009300,16384x1x1,1024x1x1,3584x16x1x1
Qcur-4,kernel_add_row,0.013400,14336x0x0,64x0x0,3584x16x1x1
Qcur-4,kernel_rope_neox_f32,0.005400,1792x16x1,64x1x1,128x28x16x1
Kcur-4,kernel_add_row,0.005700,2048x0x0,64x0x0,512x16x1x1
Kcur-4,kernel_rope_neox_f32,0.002700,256x16x1,64x1x1,128x4x16x1
Vcur-4,kernel_add_row,0.005600,2048x0x0,64x0x0,512x16x1x1
cache_k_l4 (view),kernel_set_rows_f16_i64,0.003500,8192x1x1,512x1x1,512x4096x1x1
cache_v_l4 (view),kernel_set_rows_f16_i64,0.002800,8192x1x1,512x1x1,512x4096x1x1
__fattn__-4,flash_attn_f32_f16,1.356900,32x28x0,32x1x0,128x28x16x1
ffn_inp-4,kernel_add,0.024500,1024x1x1,64x1x1,3584x16x1x1
ffn_norm-4,kernel_rms_norm_mul,0.009300,16384x1x1,1024x1x1,3584x16x1x1
l_out-4,kernel_add,0.023100,1024x1x1,64x1x1,3584x16x1x1
attn_norm-5,kernel_rms_norm_mul,0.009200,16384x1x1,1024x1x1,3584x16x1x1
Qcur-5,kernel_add_row,0.007600,14336x0x0,64x0x0,3584x16x1x1
Qcur-5,kernel_rope_neox_f32,0.005500,1792x16x1,64x1x1,128x28x16x1
Kcur-5,kernel_add_row,0.005600,2048x0x0,64x0x0,512x16x1x1
Kcur-5,kernel_rope_neox_f32,0.002800,256x16x1,64x1x1,128x4x16x1
node_182,kernel_mul_mv_q6_K_f32,0.956800,512x1024x1,2x64x1,512x16x1x1
Vcur-5,kernel_add_row,0.002200,2048x0x0,64x0x0,512x16x1x1
cache_k_l5 (view),kernel_set_rows_f16_i64,0.003300,8192x1x1,512x1x1,512x4096x1x1
cache_v_l5 (view),kernel_set_rows_f16_i64,0.002800,8192x1x1,512x1x1,512x4096x1x1
__fattn__-5,flash_attn_f32_f16,1.360100,32x28x0,32x1x0,128x28x16x1
ffn_inp-5,kernel_add,0.024800,1024x1x1,64x1x1,3584x16x1x1
ffn_norm-5,kernel_rms_norm_mul,0.009100,16384x1x1,1024x1x1,3584x16x1x1
ffn_swiglu-5,kernel_swiglu,0.046500,8192x1x1,512x1x1,18944x16x1x1
ffn_out-5,kernel_mul_mv_q6_K_f32,40.641102,3584x1024x1,2x64x1,3584x16x1x1
l_out-5,kernel_add,0.022900,1024x1x1,64x1x1,3584x16x1x1
attn_norm-6,kernel_rms_norm_mul,0.009200,16384x1x1,1024x1x1,3584x16x1x1
Qcur-6,kernel_add_row,0.011800,14336x0x0,64x0x0,3584x16x1x1
Qcur-6,kernel_rope_neox_f32,0.005400,1792x16x1,64x1x1,128x28x16x1
Kcur-6,kernel_add_row,0.005700,2048x0x0,64x0x0,512x16x1x1
Kcur-6,kernel_rope_neox_f32,0.002700,256x16x1,64x1x1,128x4x16x1
Vcur-6,kernel_add_row,0.005600,2048x0x0,64x0x0,512x16x1x1
cache_k_l6 (view),kernel_set_rows_f16_i64,0.003600,8192x1x1,512x1x1,512x4096x1x1
cache_v_l6 (view),kernel_set_rows_f16_i64,0.002800,8192x1x1,512x1x1,512x4096x1x1
__fattn__-6,flash_attn_f32_f16,1.343500,32x28x0,32x1x0,128x28x16x1
ffn_inp-6,kernel_add,0.024100,1024x1x1,64x1x1,3584x16x1x1
ffn_norm-6,kernel_rms_norm_mul,0.009200,16384x1x1,1024x1x1,3584x16x1x1
l_out-6,kernel_add,0.024100,1024x1x1,64x1x1,3584x16x1x1
attn_norm-7,kernel_rms_norm_mul,0.009100,16384x1x1,1024x1x1,3584x16x1x1
Qcur-7,kernel_add_row,0.013200,14336x0x0,64x0x0,3584x16x1x1
Qcur-7,kernel_rope_neox_f32,0.005600,1792x16x1,64x1x1,128x28x16x1
Kcur-7,kernel_add_row,0.006000,2048x0x0,64x0x0,512x16x1x1
Kcur-7,kernel_rope_neox_f32,0.002700,256x16x1,64x1x1,128x4x16x1
Vcur-7,kernel_add_row,0.005600,2048x0x0,64x0x0,512x16x1x1
cache_k_l7 (view),kernel_set_rows_f16_i64,0.003100,8192x1x1,512x1x1,512x4096x1x1
cache_v_l7 (view),kernel_set_rows_f16_i64,0.002900,8192x1x1,512x1x1,512x4096x1x1
__fattn__-7,flash_attn_f32_f16,1.356600,32x28x0,32x1x0,128x28x16x1
ffn_inp-7,kernel_add,0.024600,1024x1x1,64x1x1,3584x16x1x1
ffn_norm-7,kernel_rms_norm_mul,0.009100,16384x1x1,1024x1x1,3584x16x1x1
l_out-7,kernel_add,0.023900,1024x1x1,64x1x1,3584x16x1x1
attn_norm-8,kernel_rms_norm_mul,0.009100,16384x1x1,1024x1x1,3584x16x1x1
Qcur-8,kernel_add_row,0.007600,14336x0x0,64x0x0,3584x16x1x1
Qcur-8,kernel_rope_neox_f32,0.005400,1792x16x1,64x1x1,128x28x16x1
Kcur-8,kernel_add_row,0.005600,2048x0x0,64x0x0,512x16x1x1
Kcur-8,kernel_rope_neox_f32,0.002900,256x16x1,64x1x1,128x4x16x1
node_284,kernel_mul_mv_q6_K_f32,0.955400,512x1024x1,2x64x1,512x16x1x1
Vcur-8,kernel_add_row,0.002400,2048x0x0,64x0x0,512x16x1x1
cache_k_l8 (view),kernel_set_rows_f16_i64,0.003200,8192x1x1,512x1x1,512x4096x1x1
cache_v_l8 (view),kernel_set_rows_f16_i64,0.002900,8192x1x1,512x1x1,512x4096x1x1
__fattn__-8,flash_attn_f32_f16,1.358800,32x28x0,32x1x0,128x28x16x1
ffn_inp-8,kernel_add,0.024900,1024x1x1,64x1x1,3584x16x1x1
ffn_norm-8,kernel_rms_norm_mul,0.009200,16384x1x1,1024x1x1,3584x16x1x1
ffn_swiglu-8,kernel_swiglu,0.046900,8192x1x1,512x1x1,18944x16x1x1
ffn_out-8,kernel_mul_mv_q6_K_f32,40.179901,3584x1024x1,2x64x1,3584x16x1x1
l_out-8,kernel_add,0.022900,1024x1x1,64x1x1,3584x16x1x1
attn_norm-9,kernel_rms_norm_mul,0.009100,16384x1x1,1024x1x1,3584x16x1x1
Qcur-9,kernel_add_row,0.012400,14336x0x0,64x0x0,3584x16x1x1
Qcur-9,kernel_rope_neox_f32,0.005500,1792x16x1,64x1x1,128x28x16x1
Kcur-9,kernel_add_row,0.005600,2048x0x0,64x0x0,512x16x1x1
Kcur-9,kernel_rope_neox_f32,0.002600,256x16x1,64x1x1,128x4x16x1
Vcur-9,kernel_add_row,0.005600,2048x0x0,64x0x0,512x16x1x1
cache_k_l9 (view),kernel_set_rows_f16_i64,0.003300,8192x1x1,512x1x1,512x4096x1x1
cache_v_l9 (view),kernel_set_rows_f16_i64,0.002900,8192x1x1,512x1x1,512x4096x1x1
__fattn__-9,flash_attn_f32_f16,1.333600,32x28x0,32x1x0,128x28x16x1
ffn_inp-9,kernel_add,0.024200,1024x1x1,64x1x1,3584x16x1x1
ffn_norm-9,kernel_rms_norm_mul,0.009200,16384x1x1,1024x1x1,3584x16x1x1
l_out-9,kernel_add,0.024400,1024x1x1,64x1x1,3584x16x1x1
attn_norm-10,kernel_rms_norm_mul,0.009100,16384x1x1,1024x1x1,3584x16x1x1
Qcur-10,kernel_add_row,0.013200,14336x0x0,64x0x0,3584x16x1x1
Qcur-10,kernel_rope_neox_f32,0.005500,1792x16x1,64x1x1,128x28x16x1
Kcur-10,kernel_add_row,0.005500,2048x0x0,64x0x0,512x16x1x1
Kcur-10,kernel_rope_neox_f32,0.002700,256x16x1,64x1x1,128x4x16x1
Vcur-10,kernel_add_row,0.005700,2048x0x0,64x0x0,512x16x1x1
cache_k_l10 (view),kernel_set_rows_f16_i64,0.003400,8192x1x1,512x1x1,512x4096x1x1
cache_v_l10 (view),kernel_set_rows_f16_i64,0.002800,8192x1x1,512x1x1,512x4096x1x1
__fattn__-10,flash_attn_f32_f16,1.348900,32x28x0,32x1x0,128x28x16x1
ffn_inp-10,kernel_add,0.024700,1024x1x1,64x1x1,3584x16x1x1
ffn_norm-10,kernel_rms_norm_mul,0.009200,16384x1x1,1024x1x1,3584x16x1x1
l_out-10,kernel_add,0.022900,1024x1x1,64x1x1,3584x16x1x1
attn_norm-11,kernel_rms_norm_mul,0.009200,16384x1x1,1024x1x1,3584x16x1x1
Qcur-11,kernel_add_row,0.007200,14336x0x0,64x0x0,3584x16x1x1
Qcur-11,kernel_rope_neox_f32,0.005500,1792x16x1,64x1x1,128x28x16x1
Kcur-11,kernel_add_row,0.005700,2048x0x0,64x0x0,512x16x1x1
Kcur-11,kernel_rope_neox_f32,0.002700,256x16x1,64x1x1,128x4x16x1
node_386,kernel_mul_mv_q6_K_f32,0.957200,512x1024x1,2x64x1,512x16x1x1
Vcur-11,kernel_add_row,0.002500,2048x0x0,64x0x0,512x16x1x1
cache_k_l11 (view),kernel_set_rows_f16_i64,0.003300,8192x1x1,512x1x1,512x4096x1x1
cache_v_l11 (view),kernel_set_rows_f16_i64,0.002900,8192x1x1,512x1x1,512x4096x1x1
__fattn__-11,flash_attn_f32_f16,1.345800,32x28x0,32x1x0,128x28x16x1
ffn_inp-11,kernel_add,0.025200,1024x1x1,64x1x1,3584x16x1x1
ffn_norm-11,kernel_rms_norm_mul,0.009200,16384x1x1,1024x1x1,3584x16x1x1
ffn_swiglu-11,kernel_swiglu,0.047500,8192x1x1,512x1x1,18944x16x1x1
ffn_out-11,kernel_mul_mv_q6_K_f32,39.651001,3584x1024x1,2x64x1,3584x16x1x1
l_out-11,kernel_add,0.023700,1024x1x1,64x1x1,3584x16x1x1
attn_norm-12,kernel_rms_norm_mul,0.009100,16384x1x1,1024x1x1,3584x16x1x1
Qcur-12,kernel_add_row,0.012900,14336x0x0,64x0x0,3584x16x1x1
Qcur-12,kernel_rope_neox_f32,0.005400,1792x16x1,64x1x1,128x28x16x1
Kcur-12,kernel_add_row,0.005600,2048x0x0,64x0x0,512x16x1x1
Kcur-12,kernel_rope_neox_f32,0.002700,256x16x1,64x1x1,128x4x16x1
Vcur-12,kernel_add_row,0.005600,2048x0x0,64x0x0,512x16x1x1
cache_k_l12 (view),kernel_set_rows_f16_i64,0.003400,8192x1x1,512x1x1,512x4096x1x1
cache_v_l12 (view),kernel_set_rows_f16_i64,0.002800,8192x1x1,512x1x1,512x4096x1x1
__fattn__-12,flash_attn_f32_f16,1.355100,32x28x0,32x1x0,128x28x16x1
ffn_inp-12,kernel_add,0.024300,1024x1x1,64x1x1,3584x16x1x1
ffn_norm-12,kernel_rms_norm_mul,0.009300,16384x1x1,1024x1x1,3584x16x1x1
l_out-12,kernel_add,0.024200,1024x1x1,64x1x1,3584x16x1x1
attn_norm-13,kernel_rms_norm_mul,0.009200,16384x1x1,1024x1x1,3584x16x1x1
Qcur-13,kernel_add_row,0.013100,14336x0x0,64x0x0,3584x16x1x1
Qcur-13,kernel_rope_neox_f32,0.005500,1792x16x1,64x1x1,128x28x16x1
Kcur-13,kernel_add_row,0.005600,2048x0x0,64x0x0,512x16x1x1
Kcur-13,kernel_rope_neox_f32,0.002700,256x16x1,64x1x1,128x4x16x1
Vcur-13,kernel_add_row,0.005700,2048x0x0,64x0x0,512x16x1x1
cache_k_l13 (view),kernel_set_rows_f16_i64,0.003400,8192x1x1,512x1x1,512x4096x1x1
cache_v_l13 (view),kernel_set_rows_f16_i64,0.002800,8192x1x1,512x1x1,512x4096x1x1
__fattn__-13,flash_attn_f32_f16,1.383900,32x28x0,32x1x0,128x28x16x1
ffn_inp-13,kernel_add,0.024300,1024x1x1,64x1x1,3584x16x1x1
ffn_norm-13,kernel_rms_norm_mul,0.009100,16384x1x1,1024x1x1,3584x16x1x1
l_out-13,kernel_add,0.023000,1024x1x1,64x1x1,3584x16x1x1
attn_norm-14,kernel_rms_norm_mul,0.009100,16384x1x1,1024x1x1,3584x16x1x1
Qcur-14,kernel_add_row,0.007200,14336x0x0,64x0x0,3584x16x1x1
Qcur-14,kernel_rope_neox_f32,0.005400,1792x16x1,64x1x1,128x28x16x1
Kcur-14,kernel_add_row,0.005700,2048x0x0,64x0x0,512x16x1x1
Kcur-14,kernel_rope_neox_f32,0.002700,256x16x1,64x1x1,128x4x16x1
node_488,kernel_mul_mv_q6_K_f32,0.955700,512x1024x1,2x64x1,512x16x1x1
Vcur-14,kernel_add_row,0.002600,2048x0x0,64x0x0,512x16x1x1
cache_k_l14 (view),kernel_set_rows_f16_i64,0.003400,8192x1x1,512x1x1,512x4096x1x1
cache_v_l14 (view),kernel_set_rows_f16_i64,0.002800,8192x1x1,512x1x1,512x4096x1x1
__fattn__-14,flash_attn_f32_f16,1.345200,32x28x0,32x1x0,128x28x16x1
ffn_inp-14,kernel_add,0.025100,1024x1x1,64x1x1,3584x16x1x1
ffn_norm-14,kernel_rms_norm_mul,0.009200,16384x1x1,1024x1x1,3584x16x1x1
ffn_swiglu-14,kernel_swiglu,0.047900,8192x1x1,512x1x1,18944x16x1x1
ffn_out-14,kernel_mul_mv_q6_K_f32,39.559601,3584x1024x1,2x64x1,3584x16x1x1
l_out-14,kernel_add,0.023200,1024x1x1,64x1x1,3584x16x1x1
attn_norm-15,kernel_rms_norm_mul,0.009300,16384x1x1,1024x1x1,3584x16x1x1
Qcur-15,kernel_add_row,0.012200,14336x0x0,64x0x0,3584x16x1x1
Qcur-15,kernel_rope_neox_f32,0.005500,1792x16x1,64x1x1,128x28x16x1
Kcur-15,kernel_add_row,0.005600,2048x0x0,64x0x0,512x16x1x1
Kcur-15,kernel_rope_neox_f32,0.002700,256x16x1,64x1x1,128x4x16x1
Vcur-15,kernel_add_row,0.005600,2048x0x0,64x0x0,512x16x1x1
cache_k_l15 (view),kernel_set_rows_f16_i64,0.003400,8192x1x1,512x1x1,512x4096x1x1
cache_v_l15 (view),kernel_set_rows_f16_i64,0.002900,8192x1x1,512x1x1,512x4096x1x1
__fattn__-15,flash_attn_f32_f16,1.347400,32x28x0,32x1x0,128x28x16x1
ffn_inp-15,kernel_add,0.024500,1024x1x1,64x1x1,3584x16x1x1
ffn_norm-15,kernel_rms_norm_mul,0.009200,16384x1x1,1024x1x1,3584x16x1x1
l_out-15,kernel_add,0.024200,1024x1x1,64x1x1,3584x16x1x1
attn_norm-16,kernel_rms_norm_mul,0.009200,16384x1x1,1024x1x1,3584x16x1x1
Qcur-16,kernel_add_row,0.013200,14336x0x0,64x0x0,3584x16x1x1
Qcur-16,kernel_rope_neox_f32,0.005600,1792x16x1,64x1x1,128x28x16x1
Kcur-16,kernel_add_row,0.005500,2048x0x0,64x0x0,512x16x1x1
Kcur-16,kernel_rope_neox_f32,0.002700,256x16x1,64x1x1,128x4x16x1
Vcur-16,kernel_add_row,0.005800,2048x0x0,64x0x0,512x16x1x1
cache_k_l16 (view),kernel_set_rows_f16_i64,0.003300,8192x1x1,512x1x1,512x4096x1x1
cache_v_l16 (view),kernel_set_rows_f16_i64,0.002800,8192x1x1,512x1x1,512x4096x1x1
__fattn__-16,flash_attn_f32_f16,1.346500,32x28x0,32x1x0,128x28x16x1
ffn_inp-16,kernel_add,0.024400,1024x1x1,64x1x1,3584x16x1x1
ffn_norm-16,kernel_rms_norm_mul,0.009300,16384x1x1,1024x1x1,3584x16x1x1
l_out-16,kernel_add,0.022800,1024x1x1,64x1x1,3584x16x1x1
attn_norm-17,kernel_rms_norm_mul,0.009100,16384x1x1,1024x1x1,3584x16x1x1
Qcur-17,kernel_add_row,0.007200,14336x0x0,64x0x0,3584x16x1x1
Qcur-17,kernel_rope_neox_f32,0.005500,1792x16x1,64x1x1,128x28x16x1
Kcur-17,kernel_add_row,0.005700,2048x0x0,64x0x0,512x16x1x1
Kcur-17,kernel_rope_neox_f32,0.002800,256x16x1,64x1x1,128x4x16x1
node_590,kernel_mul_mv_q6_K_f32,0.955400,512x1024x1,2x64x1,512x16x1x1
Vcur-17,kernel_add_row,0.002500,2048x0x0,64x0x0,512x16x1x1
cache_k_l17 (view),kernel_set_rows_f16_i64,0.003300,8192x1x1,512x1x1,512x4096x1x1
cache_v_l17 (view),kernel_set_rows_f16_i64,0.002800,8192x1x1,512x1x1,512x4096x1x1
__fattn__-17,flash_attn_f32_f16,1.364800,32x28x0,32x1x0,128x28x16x1
ffn_inp-17,kernel_add,0.024700,1024x1x1,64x1x1,3584x16x1x1
ffn_norm-17,kernel_rms_norm_mul,0.009300,16384x1x1,1024x1x1,3584x16x1x1
ffn_swiglu-17,kernel_swiglu,0.049400,8192x1x1,512x1x1,18944x16x1x1
ffn_out-17,kernel_mul_mv_q6_K_f32,39.669998,3584x1024x1,2x64x1,3584x16x1x1
l_out-17,kernel_add,0.023400,1024x1x1,64x1x1,3584x16x1x1
attn_norm-18,kernel_rms_norm_mul,0.009200,16384x1x1,1024x1x1,3584x16x1x1
Qcur-18,kernel_add_row,0.009500,14336x0x0,64x0x0,3584x16x1x1
Qcur-18,kernel_rope_neox_f32,0.005500,1792x16x1,64x1x1,128x28x16x1
Kcur-18,kernel_add_row,0.005500,2048x0x0,64x0x0,512x16x1x1
Kcur-18,kernel_rope_neox_f32,0.002700,256x16x1,64x1x1,128x4x16x1
Vcur-18,kernel_add_row,0.005800,2048x0x0,64x0x0,512x16x1x1
cache_k_l18 (view),kernel_set_rows_f16_i64,0.003400,8192x1x1,512x1x1,512x4096x1x1
cache_v_l18 (view),kernel_set_rows_f16_i64,0.002800,8192x1x1,512x1x1,512x4096x1x1
__fattn__-18,flash_attn_f32_f16,1.366200,32x28x0,32x1x0,128x28x16x1
ffn_inp-18,kernel_add,0.024300,1024x1x1,64x1x1,3584x16x1x1
ffn_norm-18,kernel_rms_norm_mul,0.009200,16384x1x1,1024x1x1,3584x16x1x1
l_out-18,kernel_add,0.023900,1024x1x1,64x1x1,3584x16x1x1
attn_norm-19,kernel_rms_norm_mul,0.009200,16384x1x1,1024x1x1,3584x16x1x1
Qcur-19,kernel_add_row,0.012800,14336x0x0,64x0x0,3584x16x1x1
Qcur-19,kernel_rope_neox_f32,0.005400,1792x16x1,64x1x1,128x28x16x1
Kcur-19,kernel_add_row,0.005600,2048x0x0,64x0x0,512x16x1x1
Kcur-19,kernel_rope_neox_f32,0.002700,256x16x1,64x1x1,128x4x16x1
Vcur-19,kernel_add_row,0.005600,2048x0x0,64x0x0,512x16x1x1
cache_k_l19 (view),kernel_set_rows_f16_i64,0.003100,8192x1x1,512x1x1,512x4096x1x1
cache_v_l19 (view),kernel_set_rows_f16_i64,0.002700,8192x1x1,512x1x1,512x4096x1x1
__fattn__-19,flash_attn_f32_f16,1.346200,32x28x0,32x1x0,128x28x16x1
ffn_inp-19,kernel_add,0.024700,1024x1x1,64x1x1,3584x16x1x1
ffn_norm-19,kernel_rms_norm_mul,0.009100,16384x1x1,1024x1x1,3584x16x1x1
l_out-19,kernel_add,0.024300,1024x1x1,64x1x1,3584x16x1x1
attn_norm-20,kernel_rms_norm_mul,0.009600,16384x1x1,1024x1x1,3584x16x1x1
Qcur-20,kernel_add_row,0.007500,14336x0x0,64x0x0,3584x16x1x1
Qcur-20,kernel_rope_neox_f32,0.005400,1792x16x1,64x1x1,128x28x16x1
Kcur-20,kernel_add_row,0.005800,2048x0x0,64x0x0,512x16x1x1
Kcur-20,kernel_rope_neox_f32,0.002700,256x16x1,64x1x1,128x4x16x1
node_692,kernel_mul_mv_q6_K_f32,0.955300,512x1024x1,2x64x1,512x16x1x1
Vcur-20,kernel_add_row,0.002500,2048x0x0,64x0x0,512x16x1x1
cache_k_l20 (view),kernel_set_rows_f16_i64,0.003800,8192x1x1,512x1x1,512x4096x1x1
cache_v_l20 (view),kernel_set_rows_f16_i64,0.002900,8192x1x1,512x1x1,512x4096x1x1
__fattn__-20,flash_attn_f32_f16,1.379200,32x28x0,32x1x0,128x28x16x1
ffn_inp-20,kernel_add,0.023100,1024x1x1,64x1x1,3584x16x1x1
ffn_norm-20,kernel_rms_norm_mul,0.009200,16384x1x1,1024x1x1,3584x16x1x1
ffn_swiglu-20,kernel_swiglu,0.048000,8192x1x1,512x1x1,18944x16x1x1
ffn_out-20,kernel_mul_mv_q6_K_f32,39.869999,3584x1024x1,2x64x1,3584x16x1x1
l_out-20,kernel_add,0.023800,1024x1x1,64x1x1,3584x16x1x1
attn_norm-21,kernel_rms_norm_mul,0.009200,16384x1x1,1024x1x1,3584x16x1x1
Qcur-21,kernel_add_row,0.010000,14336x0x0,64x0x0,3584x16x1x1
Qcur-21,kernel_rope_neox_f32,0.005600,1792x16x1,64x1x1,128x28x16x1
Kcur-21,kernel_add_row,0.005800,2048x0x0,64x0x0,512x16x1x1
Kcur-21,kernel_rope_neox_f32,0.002700,256x16x1,64x1x1,128x4x16x1
Vcur-21,kernel_add_row,0.005600,2048x0x0,64x0x0,512x16x1x1
cache_k_l21 (view),kernel_set_rows_f16_i64,0.003400,8192x1x1,512x1x1,512x4096x1x1
cache_v_l21 (view),kernel_set_rows_f16_i64,0.002800,8192x1x1,512x1x1,512x4096x1x1
__fattn__-21,flash_attn_f32_f16,1.350700,32x28x0,32x1x0,128x28x16x1
ffn_inp-21,kernel_add,0.024600,1024x1x1,64x1x1,3584x16x1x1
ffn_norm-21,kernel_rms_norm_mul,0.009100,16384x1x1,1024x1x1,3584x16x1x1
l_out-21,kernel_add,0.024400,1024x1x1,64x1x1,3584x16x1x1
attn_norm-22,kernel_rms_norm_mul,0.009200,16384x1x1,1024x1x1,3584x16x1x1
Qcur-22,kernel_add_row,0.012700,14336x0x0,64x0x0,3584x16x1x1
Qcur-22,kernel_rope_neox_f32,0.005500,1792x16x1,64x1x1,128x28x16x1
Kcur-22,kernel_add_row,0.005800,2048x0x0,64x0x0,512x16x1x1
Kcur-22,kernel_rope_neox_f32,0.002700,256x16x1,64x1x1,128x4x16x1
Vcur-22,kernel_add_row,0.005700,2048x0x0,64x0x0,512x16x1x1
cache_k_l22 (view),kernel_set_rows_f16_i64,0.003400,8192x1x1,512x1x1,512x4096x1x1
cache_v_l22 (view),kernel_set_rows_f16_i64,0.002800,8192x1x1,512x1x1,512x4096x1x1
__fattn__-22,flash_attn_f32_f16,1.342600,32x28x0,32x1x0,128x28x16x1
ffn_inp-22,kernel_add,0.024400,1024x1x1,64x1x1,3584x16x1x1
ffn_norm-22,kernel_rms_norm_mul,0.009100,16384x1x1,1024x1x1,3584x16x1x1
l_out-22,kernel_add,0.023400,1024x1x1,64x1x1,3584x16x1x1
attn_norm-23,kernel_rms_norm_mul,0.009100,16384x1x1,1024x1x1,3584x16x1x1
Qcur-23,kernel_add_row,0.007700,14336x0x0,64x0x0,3584x16x1x1
Qcur-23,kernel_rope_neox_f32,0.005500,1792x16x1,64x1x1,128x28x16x1
Kcur-23,kernel_add_row,0.005600,2048x0x0,64x0x0,512x16x1x1
Kcur-23,kernel_rope_neox_f32,0.002800,256x16x1,64x1x1,128x4x16x1
node_794,kernel_mul_mv_q6_K_f32,0.954000,512x1024x1,2x64x1,512x16x1x1
Vcur-23,kernel_add_row,0.002200,2048x0x0,64x0x0,512x16x1x1
cache_k_l23 (view),kernel_set_rows_f16_i64,0.003300,8192x1x1,512x1x1,512x4096x1x1
cache_v_l23 (view),kernel_set_rows_f16_i64,0.002900,8192x1x1,512x1x1,512x4096x1x1
__fattn__-23,flash_attn_f32_f16,1.370800,32x28x0,32x1x0,128x28x16x1
ffn_inp-23,kernel_add,0.042500,1024x1x1,64x1x1,3584x16x1x1
ffn_norm-23,kernel_rms_norm_mul,0.009200,16384x1x1,1024x1x1,3584x16x1x1
ffn_swiglu-23,kernel_swiglu,0.050700,8192x1x1,512x1x1,18944x16x1x1
ffn_out-23,kernel_mul_mv_q6_K_f32,39.855099,3584x1024x1,2x64x1,3584x16x1x1
l_out-23,kernel_add,0.023100,1024x1x1,64x1x1,3584x16x1x1
attn_norm-24,kernel_rms_norm_mul,0.009200,16384x1x1,1024x1x1,3584x16x1x1
Qcur-24,kernel_add_row,0.044100,14336x0x0,64x0x0,3584x16x1x1
Qcur-24,kernel_rope_neox_f32,0.010300,1792x16x1,64x1x1,128x28x16x1
Kcur-24,kernel_add_row,0.004700,2048x0x0,64x0x0,512x16x1x1
Kcur-24,kernel_rope_neox_f32,0.002800,256x16x1,64x1x1,128x4x16x1
node_828,kernel_mul_mv_q6_K_f32,0.959100,512x1024x1,2x64x1,512x16x1x1
Vcur-24,kernel_add_row,0.002300,2048x0x0,64x0x0,512x16x1x1
cache_k_l24 (view),kernel_set_rows_f16_i64,0.003300,8192x1x1,512x1x1,512x4096x1x1
cache_v_l24 (view),kernel_set_rows_f16_i64,0.002800,8192x1x1,512x1x1,512x4096x1x1
__fattn__-24,flash_attn_f32_f16,1.355700,32x28x0,32x1x0,128x28x16x1
ffn_inp-24,kernel_add,0.024500,1024x1x1,64x1x1,3584x16x1x1
ffn_norm-24,kernel_rms_norm_mul,0.009300,16384x1x1,1024x1x1,3584x16x1x1
ffn_swiglu-24,kernel_swiglu,0.051200,8192x1x1,512x1x1,18944x16x1x1
ffn_out-24,kernel_mul_mv_q6_K_f32,40.118099,3584x1024x1,2x64x1,3584x16x1x1
l_out-24,kernel_add,0.023200,1024x1x1,64x1x1,3584x16x1x1
attn_norm-25,kernel_rms_norm_mul,0.009200,16384x1x1,1024x1x1,3584x16x1x1
Qcur-25,kernel_add_row,0.044400,14336x0x0,64x0x0,3584x16x1x1
Qcur-25,kernel_rope_neox_f32,0.010500,1792x16x1,64x1x1,128x28x16x1
Kcur-25,kernel_add_row,0.004800,2048x0x0,64x0x0,512x16x1x1
Kcur-25,kernel_rope_neox_f32,0.002800,256x16x1,64x1x1,128x4x16x1
node_862,kernel_mul_mv_q6_K_f32,0.956200,512x1024x1,2x64x1,512x16x1x1
Vcur-25,kernel_add_row,0.002500,2048x0x0,64x0x0,512x16x1x1
cache_k_l25 (view),kernel_set_rows_f16_i64,0.003200,8192x1x1,512x1x1,512x4096x1x1
cache_v_l25 (view),kernel_set_rows_f16_i64,0.002800,8192x1x1,512x1x1,512x4096x1x1
__fattn__-25,flash_attn_f32_f16,1.355000,32x28x0,32x1x0,128x28x16x1
ffn_inp-25,kernel_add,0.023900,1024x1x1,64x1x1,3584x16x1x1
ffn_norm-25,kernel_rms_norm_mul,0.009200,16384x1x1,1024x1x1,3584x16x1x1
ffn_swiglu-25,kernel_swiglu,0.059100,8192x1x1,512x1x1,18944x16x1x1
ffn_out-25,kernel_mul_mv_q6_K_f32,39.808399,3584x1024x1,2x64x1,3584x16x1x1
l_out-25,kernel_add,0.023200,1024x1x1,64x1x1,3584x16x1x1
attn_norm-26,kernel_rms_norm_mul,0.009200,16384x1x1,1024x1x1,3584x16x1x1
Qcur-26,kernel_add_row,0.009200,14336x0x0,64x0x0,3584x16x1x1
Qcur-26,kernel_rope_neox_f32,0.005500,1792x16x1,64x1x1,128x28x16x1
Kcur-26,kernel_add_row,0.002900,2048x0x0,64x0x0,512x16x1x1
Kcur-26,kernel_rope_neox_f32,0.002800,256x16x1,64x1x1,128x4x16x1
node_896,kernel_mul_mv_q6_K_f32,0.959800,512x1024x1,2x64x1,512x16x1x1
Vcur-26,kernel_add_row,0.002500,2048x0x0,64x0x0,512x16x1x1
cache_k_l26 (view),kernel_set_rows_f16_i64,0.003300,8192x1x1,512x1x1,512x4096x1x1
cache_v_l26 (view),kernel_set_rows_f16_i64,0.002900,8192x1x1,512x1x1,512x4096x1x1
__fattn__-26,flash_attn_f32_f16,1.349400,32x28x0,32x1x0,128x28x16x1
ffn_inp-26,kernel_add,0.023600,1024x1x1,64x1x1,3584x16x1x1
ffn_norm-26,kernel_rms_norm_mul,0.009100,16384x1x1,1024x1x1,3584x16x1x1
ffn_swiglu-26,kernel_swiglu,0.049200,8192x1x1,512x1x1,18944x16x1x1
ffn_out-26,kernel_mul_mv_q6_K_f32,39.576099,3584x1024x1,2x64x1,3584x16x1x1
l_out-26,kernel_add,0.023600,1024x1x1,64x1x1,3584x16x1x1
attn_norm-27,kernel_rms_norm_mul,0.009100,16384x1x1,1024x1x1,3584x16x1x1
Qcur-27,kernel_add_row,0.044100,14336x0x0,64x0x0,3584x16x1x1
Qcur-27,kernel_rope_neox_f32,0.007600,1792x16x1,64x1x1,128x28x16x1
Kcur-27,kernel_add_row,0.004800,2048x0x0,64x0x0,512x16x1x1
Kcur-27,kernel_rope_neox_f32,0.002700,256x16x1,64x1x1,128x4x16x1
node_930,kernel_mul_mv_q6_K_f32,0.954900,512x1024x1,2x64x1,512x16x1x1
Vcur-27,kernel_add_row,0.002500,2048x0x0,64x0x0,512x16x1x1
cache_k_l27 (view),kernel_set_rows_f16_i64,0.003100,8192x1x1,512x1x1,512x4096x1x1
cache_v_l27 (view),kernel_set_rows_f16_i64,0.002900,8192x1x1,512x1x1,512x4096x1x1
__fattn__-27,flash_attn_f32_f16,1.365600,32x28x0,32x1x0,128x28x16x1
attn_norm-0,kernel_rms_norm_mul,0.012400,16384x1x1,1024x1x1,3584x16x1x1
Qcur-0,kernel_add_row,0.008500,14336x0x0,64x0x0,3584x16x1x1
Qcur-0,kernel_rope_neox_f32,0.005500,1792x16x1,64x1x1,128x28x16x1
Kcur-0,kernel_add_row,0.004900,2048x0x0,64x0x0,512x16x1x1
Kcur-0,kernel_rope_neox_f32,0.002700,256x16x1,64x1x1,128x4x16x1
node_11,kernel_mul_mv_q6_K_f32,0.955800,512x1024x1,2x64x1,512x16x1x1
Vcur-0,kernel_add_row,0.002500,2048x0x0,64x0x0,512x16x1x1
cache_k_l0 (view),kernel_set_rows_f16_i64,0.003300,8192x1x1,512x1x1,512x4096x1x1
cache_v_l0 (view),kernel_set_rows_f16_i64,0.002700,8192x1x1,512x1x1,512x4096x1x1
 (copy),kernel_cpy_f32_f16,0.003500,4096x1x1,64x1x1,256x64x1x1
__fattn__-0,flash_attn_f32_f16,1.352400,32x28x0,32x1x0,128x28x16x1
ffn_inp-0,kernel_add,0.024000,1024x1x1,64x1x1,3584x16x1x1
ffn_norm-0,kernel_rms_norm_mul,0.009200,16384x1x1,1024x1x1,3584x16x1x1
ffn_swiglu-0,kernel_swiglu,0.047700,8192x1x1,512x1x1,18944x16x1x1
ffn_out-0,kernel_mul_mv_q6_K_f32,39.603500,3584x1024x1,2x64x1,3584x16x1x1
l_out-0,kernel_add,0.025900,1024x1x1,64x1x1,3584x16x1x1
attn_norm-1,kernel_rms_norm_mul,0.009200,16384x1x1,1024x1x1,3584x16x1x1
Qcur-1,kernel_add_row,0.020300,14336x0x0,64x0x0,3584x16x1x1
Qcur-1,kernel_rope_neox_f32,0.011100,1792x16x1,64x1x1,128x28x16x1
Kcur-1,kernel_add_row,0.004700,2048x0x0,64x0x0,512x16x1x1
Kcur-1,kernel_rope_neox_f32,0.002700,256x16x1,64x1x1,128x4x16x1
node_46,kernel_mul_mv_q6_K_f32,0.956500,512x1024x1,2x64x1,512x16x1x1
Vcur-1,kernel_add_row,0.002500,2048x0x0,64x0x0,512x16x1x1
cache_k_l1 (view),kernel_set_rows_f16_i64,0.003200,8192x1x1,512x1x1,512x4096x1x1
cache_v_l1 (view),kernel_set_rows_f16_i64,0.002900,8192x1x1,512x1x1,512x4096x1x1
__fattn__-1,flash_attn_f32_f16,1.349200,32x28x0,32x1x0,128x28x16x1
ffn_inp-1,kernel_add,0.023500,1024x1x1,64x1x1,3584x16x1x1
ffn_norm-1,kernel_rms_norm_mul,0.009100,16384x1x1,1024x1x1,3584x16x1x1
ffn_swiglu-1,kernel_swiglu,0.046700,8192x1x1,512x1x1,18944x16x1x1
ffn_out-1,kernel_mul_mv_q6_K_f32,39.570400,3584x1024x1,2x64x1,3584x16x1x1
l_out-1,kernel_add,0.025000,1024x1x1,64x1x1,3584x16x1x1
attn_norm-2,kernel_rms_norm_mul,0.009100,16384x1x1,1024x1x1,3584x16x1x1
Qcur-2,kernel_add_row,0.044700,14336x0x0,64x0x0,3584x16x1x1
Qcur-2,kernel_rope_neox_f32,0.007700,1792x16x1,64x1x1,128x28x16x1
Kcur-2,kernel_add_row,0.005000,2048x0x0,64x0x0,512x16x1x1
Kcur-2,kernel_rope_neox_f32,0.002700,256x16x1,64x1x1,128x4x16x1
node_80,kernel_mul_mv_q6_K_f32,0.954900,512x1024x1,2x64x1,512x16x1x1
Vcur-2,kernel_add_row,0.002600,2048x0x0,64x0x0,512x16x1x1
cache_k_l2 (view),kernel_set_rows_f16_i64,0.003300,8192x1x1,512x1x1,512x4096x1x1
cache_v_l2 (view),kernel_set_rows_f16_i64,0.002700,8192x1x1,512x1x1,512x4096x1x1
__fattn__-2,flash_attn_f32_f16,1.355500,32x28x0,32x1x0,128x28x16x1
ffn_inp-2,kernel_add,0.023800,1024x1x1,64x1x1,3584x16x1x1
ffn_norm-2,kernel_rms_norm_mul,0.009200,16384x1x1,1024x1x1,3584x16x1x1
ffn_swiglu-2,kernel_swiglu,0.046600,8192x1x1,512x1x1,18944x16x1x1
ffn_out-2,kernel_mul_mv_q6_K_f32,40.354401,3584x1024x1,2x64x1,3584x16x1x1
l_out-2,kernel_add,0.023400,1024x1x1,64x1x1,3584x16x1x1
attn_norm-3,kernel_rms_norm_mul,0.009200,16384x1x1,1024x1x1,3584x16x1x1
Qcur-3,kernel_add_row,0.009000,14336x0x0,64x0x0,3584x16x1x1
Qcur-3,kernel_rope_neox_f32,0.005400,1792x16x1,64x1x1,128x28x16x1
Kcur-3,kernel_add_row,0.005100,2048x0x0,64x0x0,512x16x1x1
Kcur-3,kernel_rope_neox_f32,0.002700,256x16x1,64x1x1,128x4x16x1
Vcur-3,kernel_add_row,0.005100,2048x0x0,64x0x0,512x16x1x1
cache_k_l3 (view),kernel_set_rows_f16_i64,0.003300,8192x1x1,512x1x1,512x4096x1x1
cache_v_l3 (view),kernel_set_rows_f16_i64,0.002800,8192x1x1,512x1x1,512x4096x1x1
__fattn__-3,flash_attn_f32_f16,1.367300,32x28x0,32x1x0,128x28x16x1
ffn_inp-3,kernel_add,0.022600,1024x1x1,64x1x1,3584x16x1x1
ffn_norm-3,kernel_rms_norm_mul,0.009200,16384x1x1,1024x1x1,3584x16x1x1
l_out-3,kernel_add,0.024400,1024x1x1,64x1x1,3584x16x1x1
attn_norm-4,kernel_rms_norm_mul,0.009100,16384x1x1,1024x1x1,3584x16x1x1
Qcur-4,kernel_add_row,0.007900,14336x0x0,64x0x0,3584x16x1x1
Qcur-4,kernel_rope_neox_f32,0.005400,1792x16x1,64x1x1,128x28x16x1
Kcur-4,kernel_add_row,0.005000,2048x0x0,64x0x0,512x16x1x1
Kcur-4,kernel_rope_neox_f32,0.002800,256x16x1,64x1x1,128x4x16x1
Vcur-4,kernel_add_row,0.003000,2048x0x0,64x0x0,512x16x1x1
cache_k_l4 (view),kernel_set_rows_f16_i64,0.003200,8192x1x1,512x1x1,512x4096x1x1
cache_v_l4 (view),kernel_set_rows_f16_i64,0.002700,8192x1x1,512x1x1,512x4096x1x1
__fattn__-4,flash_attn_f32_f16,1.347100,32x28x0,32x1x0,128x28x16x1
ffn_inp-4,kernel_add,0.023100,1024x1x1,64x1x1,3584x16x1x1
ffn_norm-4,kernel_rms_norm_mul,0.009200,16384x1x1,1024x1x1,3584x16x1x1
l_out-4,kernel_add,0.024000,1024x1x1,64x1x1,3584x16x1x1
attn_norm-5,kernel_rms_norm_mul,0.009100,16384x1x1,1024x1x1,3584x16x1x1
Qcur-5,kernel_add_row,0.007500,14336x0x0,64x0x0,3584x16x1x1
Qcur-5,kernel_rope_neox_f32,0.005500,1792x16x1,64x1x1,128x28x16x1
Kcur-5,kernel_add_row,0.002600,2048x0x0,64x0x0,512x16x1x1
Kcur-5,kernel_rope_neox_f32,0.002700,256x16x1,64x1x1,128x4x16x1
node_182,kernel_mul_mv_q6_K_f32,0.957200,512x1024x1,2x64x1,512x16x1x1
Vcur-5,kernel_add_row,0.002500,2048x0x0,64x0x0,512x16x1x1
cache_k_l5 (view),kernel_set_rows_f16_i64,0.003100,8192x1x1,512x1x1,512x4096x1x1
cache_v_l5 (view),kernel_set_rows_f16_i64,0.002900,8192x1x1,512x1x1,512x4096x1x1
__fattn__-5,flash_attn_f32_f16,1.346700,32x28x0,32x1x0,128x28x16x1
ffn_inp-5,kernel_add,0.024300,1024x1x1,64x1x1,3584x16x1x1
ffn_norm-5,kernel_rms_norm_mul,0.009100,16384x1x1,1024x1x1,3584x16x1x1
ffn_swiglu-5,kernel_swiglu,0.047500,8192x1x1,512x1x1,18944x16x1x1
ffn_out-5,kernel_mul_mv_q6_K_f32,40.514198,3584x1024x1,2x64x1,3584x16x1x1
l_out-5,kernel_add,0.025000,1024x1x1,64x1x1,3584x16x1x1
attn_norm-6,kernel_rms_norm_mul,0.009200,16384x1x1,1024x1x1,3584x16x1x1
Qcur-6,kernel_add_row,0.043300,14336x0x0,64x0x0,3584x16x1x1
Qcur-6,kernel_rope_neox_f32,0.007300,1792x16x1,64x1x1,128x28x16x1
Kcur-6,kernel_add_row,0.005000,2048x0x0,64x0x0,512x16x1x1
Kcur-6,kernel_rope_neox_f32,0.002700,256x16x1,64x1x1,128x4x16x1
Vcur-6,kernel_add_row,0.005100,2048x0x0,64x0x0,512x16x1x1
cache_k_l6 (view),kernel_set_rows_f16_i64,0.003200,8192x1x1,512x1x1,512x4096x1x1
cache_v_l6 (view),kernel_set_rows_f16_i64,0.002700,8192x1x1,512x1x1,512x4096x1x1
__fattn__-6,flash_attn_f32_f16,1.353100,32x28x0,32x1x0,128x28x16x1
ffn_inp-6,kernel_add,0.022200,1024x1x1,64x1x1,3584x16x1x1
ffn_norm-6,kernel_rms_norm_mul,0.009100,16384x1x1,1024x1x1,3584x16x1x1
l_out-6,kernel_add,0.024800,1024x1x1,64x1x1,3584x16x1x1
attn_norm-7,kernel_rms_norm_mul,0.009100,16384x1x1,1024x1x1,3584x16x1x1
Qcur-7,kernel_add_row,0.008000,14336x0x0,64x0x0,3584x16x1x1
Qcur-7,kernel_rope_neox_f32,0.005400,1792x16x1,64x1x1,128x28x16x1
Kcur-7,kernel_add_row,0.004800,2048x0x0,64x0x0,512x16x1x1
Kcur-7,kernel_rope_neox_f32,0.002700,256x16x1,64x1x1,128x4x16x1
Vcur-7,kernel_add_row,0.002800,2048x0x0,64x0x0,512x16x1x1
cache_k_l7 (view),kernel_set_rows_f16_i64,0.003200,8192x1x1,512x1x1,512x4096x1x1
cache_v_l7 (view),kernel_set_rows_f16_i64,0.002900,8192x1x1,512x1x1,512x4096x1x1
__fattn__-7,flash_attn_f32_f16,1.343300,32x28x0,32x1x0,128x28x16x1
ffn_inp-7,kernel_add,0.023100,1024x1x1,64x1x1,3584x16x1x1
ffn_norm-7,kernel_rms_norm_mul,0.009300,16384x1x1,1024x1x1,3584x16x1x1
l_out-7,kernel_add,0.023300,1024x1x1,64x1x1,3584x16x1x1
attn_norm-8,kernel_rms_norm_mul,0.009200,16384x1x1,1024x1x1,3584x16x1x1
Qcur-8,kernel_add_row,0.007700,14336x0x0,64x0x0,3584x16x1x1
Qcur-8,kernel_rope_neox_f32,0.005400,1792x16x1,64x1x1,128x28x16x1
Kcur-8,kernel_add_row,0.002700,2048x0x0,64x0x0,512x16x1x1
Kcur-8,kernel_rope_neox_f32,0.002700,256x16x1,64x1x1,128x4x16x1
node_284,kernel_mul_mv_q6_K_f32,0.955900,512x1024x1,2x64x1,512x16x1x1
Vcur-8,kernel_add_row,0.002500,2048x0x0,64x0x0,512x16x1x1
cache_k_l8 (view),kernel_set_rows_f16_i64,0.003300,8192x1x1,512x1x1,512x4096x1x1
cache_v_l8 (view),kernel_set_rows_f16_i64,0.002800,8192x1x1,512x1x1,512x4096x1x1
__fattn__-8,flash_attn_f32_f16,1.363500,32x28x0,32x1x0,128x28x16x1
ffn_inp-8,kernel_add,0.024000,1024x1x1,64x1x1,3584x16x1x1
ffn_norm-8,kernel_rms_norm_mul,0.009200,16384x1x1,1024x1x1,3584x16x1x1
ffn_swiglu-8,kernel_swiglu,0.046900,8192x1x1,512x1x1,18944x16x1x1
ffn_out-8,kernel_mul_mv_q6_K_f32,40.212101,3584x1024x1,2x64x1,3584x16x1x1
l_out-8,kernel_add,0.027900,1024x1x1,64x1x1,3584x16x1x1
attn_norm-9,kernel_rms_norm_mul,0.009200,16384x1x1,1024x1x1,3584x16x1x1
Qcur-9,kernel_add_row,0.045300,14336x0x0,64x0x0,3584x16x1x1
Qcur-9,kernel_rope_neox_f32,0.010400,1792x16x1,64x1x1,128x28x16x1
Kcur-9,kernel_add_row,0.005000,2048x0x0,64x0x0,512x16x1x1
Kcur-9,kernel_rope_neox_f32,0.002700,256x16x1,64x1x1,128x4x16x1
Vcur-9,kernel_add_row,0.005000,2048x0x0,64x0x0,512x16x1x1
cache_k_l9 (view),kernel_set_rows_f16_i64,0.003300,8192x1x1,512x1x1,512x4096x1x1
cache_v_l9 (view),kernel_set_rows_f16_i64,0.002900,8192x1x1,512x1x1,512x4096x1x1
__fattn__-9,flash_attn_f32_f16,1.331600,32x28x0,32x1x0,128x28x16x1
ffn_inp-9,kernel_add,0.022700,1024x1x1,64x1x1,3584x16x1x1
ffn_norm-9,kernel_rms_norm_mul,0.009200,16384x1x1,1024x1x1,3584x16x1x1
l_out-9,kernel_add,0.024500,1024x1x1,64x1x1,3584x16x1x1
attn_norm-10,kernel_rms_norm_mul,0.009200,16384x1x1,1024x1x1,3584x16x1x1
Qcur-10,kernel_add_row,0.007900,14336x0x0,64x0x0,3584x16x1x1
Qcur-10,kernel_rope_neox_f32,0.005400,1792x16x1,64x1x1,128x28x16x1
Kcur-10,kernel_add_row,0.005000,2048x0x0,64x0x0,512x16x1x1
Kcur-10,kernel_rope_neox_f32,0.002900,256x16x1,64x1x1,128x4x16x1
Vcur-10,kernel_add_row,0.002900,2048x0x0,64x0x0,512x16x1x1
cache_k_l10 (view),kernel_set_rows_f16_i64,0.003200,8192x1x1,512x1x1,512x4096x1x1
cache_v_l10 (view),kernel_set_rows_f16_i64,0.002800,8192x1x1,512x1x1,512x4096x1x1
__fattn__-10,flash_attn_f32_f16,1.361500,32x28x0,32x1x0,128x28x16x1
ffn_inp-10,kernel_add,0.023800,1024x1x1,64x1x1,3584x16x1x1
ffn_norm-10,kernel_rms_norm_mul,0.009200,16384x1x1,1024x1x1,3584x16x1x1
l_out-10,kernel_add,0.023700,1024x1x1,64x1x1,3584x16x1x1
attn_norm-11,kernel_rms_norm_mul,0.009200,16384x1x1,1024x1x1,3584x16x1x1
Qcur-11,kernel_add_row,0.007300,14336x0x0,64x0x0,3584x16x1x1
Qcur-11,kernel_rope_neox_f32,0.005400,1792x16x1,64x1x1,128x28x16x1
Kcur-11,kernel_add_row,0.002700,2048x0x0,64x0x0,512x16x1x1
Kcur-11,kernel_rope_neox_f32,0.002700,256x16x1,64x1x1,128x4x16x1
node_386,kernel_mul_mv_q6_K_f32,0.951300,512x1024x1,2x64x1,512x16x1x1
Vcur-11,kernel_add_row,0.002200,2048x0x0,64x0x0,512x16x1x1
cache_k_l11 (view),kernel_set_rows_f16_i64,0.003300,8192x1x1,512x1x1,512x4096x1x1
cache_v_l11 (view),kernel_set_rows_f16_i64,0.002800,8192x1x1,512x1x1,512x4096x1x1
__fattn__-11,flash_attn_f32_f16,1.346000,32x28x0,32x1x0,128x28x16x1
ffn_inp-11,kernel_add,0.024300,1024x1x1,64x1x1,3584x16x1x1
ffn_norm-11,kernel_rms_norm_mul,0.009300,16384x1x1,1024x1x1,3584x16x1x1
ffn_swiglu-11,kernel_swiglu,0.048500,8192x1x1,512x1x1,18944x16x1x1
ffn_out-11,kernel_mul_mv_q6_K_f32,39.606998,3584x1024x1,2x64x1,3584x16x1x1
l_out-11,kernel_add,0.027600,1024x1x1,64x1x1,3584x16x1x1
attn_norm-12,kernel_rms_norm_mul,0.009200,16384x1x1,1024x1x1,3584x16x1x1
Qcur-12,kernel_add_row,0.044300,14336x0x0,64x0x0,3584x16x1x1
Qcur-12,kernel_rope_neox_f32,0.010500,1792x16x1,64x1x1,128x28x16x1
Kcur-12,kernel_add_row,0.005000,2048x0x0,64x0x0,512x16x1x1
Kcur-12,kernel_rope_neox_f32,0.002800,256x16x1,64x1x1,128x4x16x1
Vcur-12,kernel_add_row,0.002800,2048x0x0,64x0x0,512x16x1x1
cache_k_l12 (view),kernel_set_rows_f16_i64,0.003300,8192x1x1,512x1x1,512x4096x1x1
cache_v_l12 (view),kernel_set_rows_f16_i64,0.002900,8192x1x1,512x1x1,512x4096x1x1
__fattn__-12,flash_attn_f32_f16,1.353000,32x28x0,32x1x0,128x28x16x1
ffn_inp-12,kernel_add,0.022000,1024x1x1,64x1x1,3584x16x1x1
ffn_norm-12,kernel_rms_norm_mul,0.009200,16384x1x1,1024x1x1,3584x16x1x1
l_out-12,kernel_add,0.024800,1024x1x1,64x1x1,3584x16x1x1
attn_norm-13,kernel_rms_norm_mul,0.009200,16384x1x1,1024x1x1,3584x16x1x1
Qcur-13,kernel_add_row,0.007700,14336x0x0,64x0x0,3584x16x1x1
Qcur-13,kernel_rope_neox_f32,0.005400,1792x16x1,64x1x1,128x28x16x1
Kcur-13,kernel_add_row,0.004800,2048x0x0,64x0x0,512x16x1x1
Kcur-13,kernel_rope_neox_f32,0.002700,256x16x1,64x1x1,128x4x16x1
Vcur-13,kernel_add_row,0.002700,2048x0x0,64x0x0,512x16x1x1
cache_k_l13 (view),kernel_set_rows_f16_i64,0.003400,8192x1x1,512x1x1,512x4096x1x1
cache_v_l13 (view),kernel_set_rows_f16_i64,0.002700,8192x1x1,512x1x1,512x4096x1x1
__fattn__-13,flash_attn_f32_f16,1.352200,32x28x0,32x1x0,128x28x16x1
ffn_inp-13,kernel_add,0.022600,1024x1x1,64x1x1,3584x16x1x1
ffn_norm-13,kernel_rms_norm_mul,0.009200,16384x1x1,1024x1x1,3584x16x1x1
l_out-13,kernel_add,0.023900,1024x1x1,64x1x1,3584x16x1x1
attn_norm-14,kernel_rms_norm_mul,0.009300,16384x1x1,1024x1x1,3584x16x1x1
Qcur-14,kernel_add_row,0.007600,14336x0x0,64x0x0,3584x16x1x1
Qcur-14,kernel_rope_neox_f32,0.005400,1792x16x1,64x1x1,128x28x16x1
Kcur-14,kernel_add_row,0.002900,2048x0x0,64x0x0,512x16x1x1
Kcur-14,kernel_rope_neox_f32,0.002700,256x16x1,64x1x1,128x4x16x1
node_488,kernel_mul_mv_q6_K_f32,0.955700,512x1024x1,2x64x1,512x16x1x1
Vcur-14,kernel_add_row,0.002500,2048x0x0,64x0x0,512x16x1x1
cache_k_l14 (view),kernel_set_rows_f16_i64,0.003200,8192x1x1,512x1x1,512x4096x1x1
cache_v_l14 (view),kernel_set_rows_f16_i64,0.002900,8192x1x1,512x1x1,512x4096x1x1
__fattn__-14,flash_attn_f32_f16,1.353300,32x28x0,32x1x0,128x28x16x1
ffn_inp-14,kernel_add,0.023900,1024x1x1,64x1x1,3584x16x1x1
ffn_norm-14,kernel_rms_norm_mul,0.009200,16384x1x1,1024x1x1,3584x16x1x1
ffn_swiglu-14,kernel_swiglu,0.047100,8192x1x1,512x1x1,18944x16x1x1
ffn_out-14,kernel_mul_mv_q6_K_f32,39.625900,3584x1024x1,2x64x1,3584x16x1x1
l_out-14,kernel_add,0.023500,1024x1x1,64x1x1,3584x16x1x1
attn_norm-15,kernel_rms_norm_mul,0.009100,16384x1x1,1024x1x1,3584x16x1x1
Qcur-15,kernel_add_row,0.011700,14336x0x0,64x0x0,3584x16x1x1
Qcur-15,kernel_rope_neox_f32,0.010700,1792x16x1,64x1x1,128x28x16x1
Kcur-15,kernel_add_row,0.004800,2048x0x0,64x0x0,512x16x1x1
Kcur-15,kernel_rope_neox_f32,0.002700,256x16x1,64x1x1,128x4x16x1
Vcur-15,kernel_add_row,0.002800,2048x0x0,64x0x0,512x16x1x1
cache_k_l15 (view),kernel_set_rows_f16_i64,0.003300,8192x1x1,512x1x1,512x4096x1x1
cache_v_l15 (view),kernel_set_rows_f16_i64,0.002800,8192x1x1,512x1x1,512x4096x1x1
__fattn__-15,flash_attn_f32_f16,1.344400,32x28x0,32x1x0,128x28x16x1
ffn_inp-15,kernel_add,0.022600,1024x1x1,64x1x1,3584x16x1x1
ffn_norm-15,kernel_rms_norm_mul,0.009200,16384x1x1,1024x1x1,3584x16x1x1
l_out-15,kernel_add,0.024200,1024x1x1,64x1x1,3584x16x1x1
attn_norm-16,kernel_rms_norm_mul,0.009200,16384x1x1,1024x1x1,3584x16x1x1
Qcur-16,kernel_add_row,0.007800,14336x0x0,64x0x0,3584x16x1x1
Qcur-16,kernel_rope_neox_f32,0.005600,1792x16x1,64x1x1,128x28x16x1
Kcur-16,kernel_add_row,0.004700,2048x0x0,64x0x0,512x16x1x1
Kcur-16,kernel_rope_neox_f32,0.002700,256x16x1,64x1x1,128x4x16x1
Vcur-16,kernel_add_row,0.002600,2048x0x0,64x0x0,512x16x1x1
cache_k_l16 (view),kernel_set_rows_f16_i64,0.003400,8192x1x1,512x1x1,512x4096x1x1
cache_v_l16 (view),kernel_set_rows_f16_i64,0.002800,8192x1x1,512x1x1,512x4096x1x1
__fattn__-16,flash_attn_f32_f16,1.336300,32x28x0,32x1x0,128x28x16x1
ffn_inp-16,kernel_add,0.023800,1024x1x1,64x1x1,3584x16x1x1
ffn_norm-16,kernel_rms_norm_mul,0.009200,16384x1x1,1024x1x1,3584x16x1x1
l_out-16,kernel_add,0.024800,1024x1x1,64x1x1,3584x16x1x1
attn_norm-17,kernel_rms_norm_mul,0.009200,16384x1x1,1024x1x1,3584x16x1x1
Qcur-17,kernel_add_row,0.007600,14336x0x0,64x0x0,3584x16x1x1
Qcur-17,kernel_rope_neox_f32,0.005500,1792x16x1,64x1x1,128x28x16x1
Kcur-17,kernel_add_row,0.002700,2048x0x0,64x0x0,512x16x1x1
Kcur-17,kernel_rope_neox_f32,0.002900,256x16x1,64x1x1,128x4x16x1
node_590,kernel_mul_mv_q6_K_f32,0.953900,512x1024x1,2x64x1,512x16x1x1
Vcur-17,kernel_add_row,0.002300,2048x0x0,64x0x0,512x16x1x1
cache_k_l17 (view),kernel_set_rows_f16_i64,0.003200,8192x1x1,512x1x1,512x4096x1x1
cache_v_l17 (view),kernel_set_rows_f16_i64,0.002800,8192x1x1,512x1x1,512x4096x1x1
__fattn__-17,flash_attn_f32_f16,1.359900,32x28x0,32x1x0,128x28x16x1
ffn_inp-17,kernel_add,0.024100,1024x1x1,64x1x1,3584x16x1x1
ffn_norm-17,kernel_rms_norm_mul,0.009200,16384x1x1,1024x1x1,3584x16x1x1
ffn_swiglu-17,kernel_swiglu,0.046800,8192x1x1,512x1x1,18944x16x1x1
ffn_out-17,kernel_mul_mv_q6_K_f32,39.637001,3584x1024x1,2x64x1,3584x16x1x1
l_out-17,kernel_add,0.029300,1024x1x1,64x1x1,3584x16x1x1
attn_norm-18,kernel_rms_norm_mul,0.009200,16384x1x1,1024x1x1,3584x16x1x1
Qcur-18,kernel_add_row,0.011600,14336x0x0,64x0x0,3584x16x1x1
Qcur-18,kernel_rope_neox_f32,0.010600,1792x16x1,64x1x1,128x28x16x1
Kcur-18,kernel_add_row,0.004700,2048x0x0,64x0x0,512x16x1x1
Kcur-18,kernel_rope_neox_f32,0.002900,256x16x1,64x1x1,128x4x16x1
Vcur-18,kernel_add_row,0.005000,2048x0x0,64x0x0,512x16x1x1
cache_k_l18 (view),kernel_set_rows_f16_i64,0.003200,8192x1x1,512x1x1,512x4096x1x1
cache_v_l18 (view),kernel_set_rows_f16_i64,0.002800,8192x1x1,512x1x1,512x4096x1x1
__fattn__-18,flash_attn_f32_f16,1.349600,32x28x0,32x1x0,128x28x16x1
ffn_inp-18,kernel_add,0.022000,1024x1x1,64x1x1,3584x16x1x1
ffn_norm-18,kernel_rms_norm_mul,0.009200,16384x1x1,1024x1x1,3584x16x1x1
l_out-18,kernel_add,0.024600,1024x1x1,64x1x1,3584x16x1x1
attn_norm-19,kernel_rms_norm_mul,0.009100,16384x1x1,1024x1x1,3584x16x1x1
Qcur-19,kernel_add_row,0.007800,14336x0x0,64x0x0,3584x16x1x1
Qcur-19,kernel_rope_neox_f32,0.005500,1792x16x1,64x1x1,128x28x16x1
Kcur-19,kernel_add_row,0.004700,2048x0x0,64x0x0,512x16x1x1
Kcur-19,kernel_rope_neox_f32,0.002800,256x16x1,64x1x1,128x4x16x1
Vcur-19,kernel_add_row,0.002600,2048x0x0,64x0x0,512x16x1x1
cache_k_l19 (view),kernel_set_rows_f16_i64,0.003300,8192x1x1,512x1x1,512x4096x1x1
cache_v_l19 (view),kernel_set_rows_f16_i64,0.002700,8192x1x1,512x1x1,512x4096x1x1
__fattn__-19,flash_attn_f32_f16,1.358200,32x28x0,32x1x0,128x28x16x1
ffn_inp-19,kernel_add,0.022600,1024x1x1,64x1x1,3584x16x1x1
ffn_norm-19,kernel_rms_norm_mul,0.009200,16384x1x1,1024x1x1,3584x16x1x1
l_out-19,kernel_add,0.023700,1024x1x1,64x1x1,3584x16x1x1
attn_norm-20,kernel_rms_norm_mul,0.009100,16384x1x1,1024x1x1,3584x16x1x1
Qcur-20,kernel_add_row,0.007200,14336x0x0,64x0x0,3584x16x1x1
Qcur-20,kernel_rope_neox_f32,0.005500,1792x16x1,64x1x1,128x28x16x1
Kcur-20,kernel_add_row,0.002600,2048x0x0,64x0x0,512x16x1x1
Kcur-20,kernel_rope_neox_f32,0.002700,256x16x1,64x1x1,128x4x16x1
node_692,kernel_mul_mv_q6_K_f32,0.953100,512x1024x1,2x64x1,512x16x1x1
Vcur-20,kernel_add_row,0.002500,2048x0x0,64x0x0,512x16x1x1
cache_k_l20 (view),kernel_set_rows_f16_i64,0.003300,8192x1x1,512x1x1,512x4096x1x1
cache_v_l20 (view),kernel_set_rows_f16_i64,0.002900,8192x1x1,512x1x1,512x4096x1x1
__fattn__-20,flash_attn_f32_f16,1.346700,32x28x0,32x1x0,128x28x16x1
ffn_inp-20,kernel_add,0.024000,1024x1x1,64x1x1,3584x16x1x1
ffn_norm-20,kernel_rms_norm_mul,0.009200,16384x1x1,1024x1x1,3584x16x1x1
ffn_swiglu-20,kernel_swiglu,0.047900,8192x1x1,512x1x1,18944x16x1x1
ffn_out-20,kernel_mul_mv_q6_K_f32,39.626999,3584x1024x1,2x64x1,3584x16x1x1
l_out-20,kernel_add,0.026600,1024x1x1,64x1x1,3584x16x1x1
attn_norm-21,kernel_rms_norm_mul,0.009100,16384x1x1,1024x1x1,3584x16x1x1
Qcur-21,kernel_add_row,0.008700,14336x0x0,64x0x0,3584x16x1x1
Qcur-21,kernel_rope_neox_f32,0.005700,1792x16x1,64x1x1,128x28x16x1
Kcur-21,kernel_add_row,0.005100,2048x0x0,64x0x0,512x16x1x1
Kcur-21,kernel_rope_neox_f32,0.002800,256x16x1,64x1x1,128x4x16x1
Vcur-21,kernel_add_row,0.005000,2048x0x0,64x0x0,512x16x1x1
cache_k_l21 (view),kernel_set_rows_f16_i64,0.003300,8192x1x1,512x1x1,512x4096x1x1
cache_v_l21 (view),kernel_set_rows_f16_i64,0.002800,8192x1x1,512x1x1,512x4096x1x1
__fattn__-21,flash_attn_f32_f16,1.339400,32x28x0,32x1x0,128x28x16x1
ffn_inp-21,kernel_add,0.022700,1024x1x1,64x1x1,3584x16x1x1
ffn_norm-21,kernel_rms_norm_mul,0.009100,16384x1x1,1024x1x1,3584x16x1x1
l_out-21,kernel_add,0.024500,1024x1x1,64x1x1,3584x16x1x1
attn_norm-22,kernel_rms_norm_mul,0.009100,16384x1x1,1024x1x1,3584x16x1x1
Qcur-22,kernel_add_row,0.008200,14336x0x0,64x0x0,3584x16x1x1
Qcur-22,kernel_rope_neox_f32,0.005500,1792x16x1,64x1x1,128x28x16x1
Kcur-22,kernel_add_row,0.004800,2048x0x0,64x0x0,512x16x1x1
Kcur-22,kernel_rope_neox_f32,0.002800,256x16x1,64x1x1,128x4x16x1
Vcur-22,kernel_add_row,0.002700,2048x0x0,64x0x0,512x16x1x1
cache_k_l22 (view),kernel_set_rows_f16_i64,0.003400,8192x1x1,512x1x1,512x4096x1x1
cache_v_l22 (view),kernel_set_rows_f16_i64,0.002800,8192x1x1,512x1x1,512x4096x1x1
__fattn__-22,flash_attn_f32_f16,1.370900,32x28x0,32x1x0,128x28x16x1
ffn_inp-22,kernel_add,0.023200,1024x1x1,64x1x1,3584x16x1x1
ffn_norm-22,kernel_rms_norm_mul,0.009200,16384x1x1,1024x1x1,3584x16x1x1
l_out-22,kernel_add,0.023800,1024x1x1,64x1x1,3584x16x1x1
attn_norm-23,kernel_rms_norm_mul,0.009100,16384x1x1,1024x1x1,3584x16x1x1
Qcur-23,kernel_add_row,0.007300,14336x0x0,64x0x0,3584x16x1x1
Qcur-23,kernel_rope_neox_f32,0.005500,1792x16x1,64x1x1,128x28x16x1
Kcur-23,kernel_add_row,0.002700,2048x0x0,64x0x0,512x16x1x1
Kcur-23,kernel_rope_neox_f32,0.002800,256x16x1,64x1x1,128x4x16x1
node_794,kernel_mul_mv_q6_K_f32,0.951800,512x1024x1,2x64x1,512x16x1x1
Vcur-23,kernel_add_row,0.002500,2048x0x0,64x0x0,512x16x1x1
cache_k_l23 (view),kernel_set_rows_f16_i64,0.003100,8192x1x1,512x1x1,512x4096x1x1
cache_v_l23 (view),kernel_set_rows_f16_i64,0.002800,8192x1x1,512x1x1,512x4096x1x1
__fattn__-23,flash_attn_f32_f16,1.345600,32x28x0,32x1x0,128x28x16x1
ffn_inp-23,kernel_add,0.024000,1024x1x1,64x1x1,3584x16x1x1
ffn_norm-23,kernel_rms_norm_mul,0.009200,16384x1x1,1024x1x1,3584x16x1x1
ffn_swiglu-23,kernel_swiglu,0.046600,8192x1x1,512x1x1,18944x16x1x1
ffn_out-23,kernel_mul_mv_q6_K_f32,39.585800,3584x1024x1,2x64x1,3584x16x1x1
l_out-23,kernel_add,0.026800,1024x1x1,64x1x1,3584x16x1x1
attn_norm-24,kernel_rms_norm_mul,0.009200,16384x1x1,1024x1x1,3584x16x1x1
Qcur-24,kernel_add_row,0.012100,14336x0x0,64x0x0,3584x16x1x1
Qcur-24,kernel_rope_neox_f32,0.010700,1792x16x1,64x1x1,128x28x16x1
Kcur-24,kernel_add_row,0.005700,2048x0x0,64x0x0,512x16x1x1
Kcur-24,kernel_rope_neox_f32,0.002700,256x16x1,64x1x1,128x4x16x1
node_828,kernel_mul_mv_q6_K_f32,0.955300,512x1024x1,2x64x1,512x16x1x1
Vcur-24,kernel_add_row,0.002500,2048x0x0,64x0x0,512x16x1x1
cache_k_l24 (view),kernel_set_rows_f16_i64,0.003300,8192x1x1,512x1x1,512x4096x1x1
cache_v_l24 (view),kernel_set_rows_f16_i64,0.002900,8192x1x1,512x1x1,512x4096x1x1
__fattn__-24,flash_attn_f32_f16,1.353100,32x28x0,32x1x0,128x28x16x1
ffn_inp-24,kernel_add,0.023100,1024x1x1,64x1x1,3584x16x1x1
ffn_norm-24,kernel_rms_norm_mul,0.009100,16384x1x1,1024x1x1,3584x16x1x1
ffn_swiglu-24,kernel_swiglu,0.047300,8192x1x1,512x1x1,18944x16x1x1
ffn_out-24,kernel_mul_mv_q6_K_f32,39.596001,3584x1024x1,2x64x1,3584x16x1x1
l_out-24,kernel_add,0.025100,1024x1x1,64x1x1,3584x16x1x1
attn_norm-25,kernel_rms_norm_mul,0.009200,16384x1x1,1024x1x1,3584x16x1x1
Qcur-25,kernel_add_row,0.008700,14336x0x0,64x0x0,3584x16x1x1
Qcur-25,kernel_rope_neox_f32,0.005500,1792x16x1,64x1x1,128x28x16x1
Kcur-25,kernel_add_row,0.005200,2048x0x0,64x0x0,512x16x1x1
Kcur-25,kernel_rope_neox_f32,0.002700,256x16x1,64x1x1,128x4x16x1
node_862,kernel_mul_mv_q6_K_f32,0.955000,512x1024x1,2x64x1,512x16x1x1
Vcur-25,kernel_add_row,0.002500,2048x0x0,64x0x0,512x16x1x1
cache_k_l25 (view),kernel_set_rows_f16_i64,0.003300,8192x1x1,512x1x1,512x4096x1x1
cache_v_l25 (view),kernel_set_rows_f16_i64,0.002700,8192x1x1,512x1x1,512x4096x1x1
__fattn__-25,flash_attn_f32_f16,1.373900,32x28x0,32x1x0,128x28x16x1
ffn_inp-25,kernel_add,0.023500,1024x1x1,64x1x1,3584x16x1x1
ffn_norm-25,kernel_rms_norm_mul,0.009200,16384x1x1,1024x1x1,3584x16x1x1
ffn_swiglu-25,kernel_swiglu,0.046500,8192x1x1,512x1x1,18944x16x1x1
ffn_out-25,kernel_mul_mv_q6_K_f32,39.621899,3584x1024x1,2x64x1,3584x16x1x1
l_out-25,kernel_add,0.025400,1024x1x1,64x1x1,3584x16x1x1
attn_norm-26,kernel_rms_norm_mul,0.009400,16384x1x1,1024x1x1,3584x16x1x1
Qcur-26,kernel_add_row,0.007800,14336x0x0,64x0x0,3584x16x1x1
Qcur-26,kernel_rope_neox_f32,0.005500,1792x16x1,64x1x1,128x28x16x1
Kcur-26,kernel_add_row,0.004900,2048x0x0,64x0x0,512x16x1x1
Kcur-26,kernel_rope_neox_f32,0.002700,256x16x1,64x1x1,128x4x16x1
node_896,kernel_mul_mv_q6_K_f32,0.955500,512x1024x1,2x64x1,512x16x1x1
Vcur-26,kernel_add_row,0.002500,2048x0x0,64x0x0,512x16x1x1
cache_k_l26 (view),kernel_set_rows_f16_i64,0.003300,8192x1x1,512x1x1,512x4096x1x1
cache_v_l26 (view),kernel_set_rows_f16_i64,0.002700,8192x1x1,512x1x1,512x4096x1x1
__fattn__-26,flash_attn_f32_f16,1.364700,32x28x0,32x1x0,128x28x16x1
ffn_inp-26,kernel_add,0.023100,1024x1x1,64x1x1,3584x16x1x1
ffn_norm-26,kernel_rms_norm_mul,0.009300,16384x1x1,1024x1x1,3584x16x1x1
ffn_swiglu-26,kernel_swiglu,0.047700,8192x1x1,512x1x1,18944x16x1x1
ffn_out-26,kernel_mul_mv_q6_K_f32,39.521301,3584x1024x1,2x64x1,3584x16x1x1
l_out-26,kernel_add,0.026800,1024x1x1,64x1x1,3584x16x1x1
attn_norm-27,kernel_rms_norm_mul,0.009100,16384x1x1,1024x1x1,3584x16x1x1
Qcur-27,kernel_add_row,0.007700,14336x0x0,64x0x0,3584x16x1x1
Qcur-27,kernel_rope_neox_f32,0.005700,1792x16x1,64x1x1,128x28x16x1
Kcur-27,kernel_add_row,0.005800,2048x0x0,64x0x0,512x16x1x1
Kcur-27,kernel_rope_neox_f32,0.002700,256x16x1,64x1x1,128x4x16x1
node_930,kernel_mul_mv_q6_K_f32,0.955200,512x1024x1,2x64x1,512x16x1x1
Vcur-27,kernel_add_row,0.002500,2048x0x0,64x0x0,512x16x1x1
cache_k_l27 (view),kernel_set_rows_f16_i64,0.003400,8192x1x1,512x1x1,512x4096x1x1
cache_v_l27 (view),kernel_set_rows_f16_i64,0.002800,8192x1x1,512x1x1,512x4096x1x1
__fattn__-27,flash_attn_f32_f16,1.354100,32x28x0,32x1x0,128x28x16x1
attn_norm-0,kernel_rms_norm_mul,0.012300,16384x1x1,1024x1x1,3584x16x1x1
Qcur-0,kernel_add_row,0.007500,14336x0x0,64x0x0,3584x16x1x1
Qcur-0,kernel_rope_neox_f32,0.005500,1792x16x1,64x1x1,128x28x16x1
Kcur-0,kernel_add_row,0.005700,2048x0x0,64x0x0,512x16x1x1
Kcur-0,kernel_rope_neox_f32,0.002900,256x16x1,64x1x1,128x4x16x1
node_11,kernel_mul_mv_q6_K_f32,0.955100,512x1024x1,2x64x1,512x16x1x1
Vcur-0,kernel_add_row,0.002500,2048x0x0,64x0x0,512x16x1x1
cache_k_l0 (view),kernel_set_rows_f16_i64,0.003300,8192x1x1,512x1x1,512x4096x1x1
cache_v_l0 (view),kernel_set_rows_f16_i64,0.002800,8192x1x1,512x1x1,512x4096x1x1
 (copy),kernel_cpy_f32_f16,0.003600,4096x1x1,64x1x1,256x64x1x1
__fattn__-0,flash_attn_f32_f16,1.344600,32x28x0,32x1x0,128x28x16x1
ffn_inp-0,kernel_add,0.025100,1024x1x1,64x1x1,3584x16x1x1
ffn_norm-0,kernel_rms_norm_mul,0.009200,16384x1x1,1024x1x1,3584x16x1x1
ffn_swiglu-0,kernel_swiglu,0.045900,8192x1x1,512x1x1,18944x16x1x1
ffn_out-0,kernel_mul_mv_q6_K_f32,39.597198,3584x1024x1,2x64x1,3584x16x1x1
l_out-0,kernel_add,0.023400,1024x1x1,64x1x1,3584x16x1x1
attn_norm-1,kernel_rms_norm_mul,0.009100,16384x1x1,1024x1x1,3584x16x1x1
Qcur-1,kernel_add_row,0.008000,14336x0x0,64x0x0,3584x16x1x1
Qcur-1,kernel_rope_neox_f32,0.005500,1792x16x1,64x1x1,128x28x16x1
Kcur-1,kernel_add_row,0.005600,2048x0x0,64x0x0,512x16x1x1
Kcur-1,kernel_rope_neox_f32,0.002800,256x16x1,64x1x1,128x4x16x1
node_46,kernel_mul_mv_q6_K_f32,0.956300,512x1024x1,2x64x1,512x16x1x1
Vcur-1,kernel_add_row,0.002500,2048x0x0,64x0x0,512x16x1x1
cache_k_l1 (view),kernel_set_rows_f16_i64,0.003200,8192x1x1,512x1x1,512x4096x1x1
cache_v_l1 (view),kernel_set_rows_f16_i64,0.002800,8192x1x1,512x1x1,512x4096x1x1
__fattn__-1,flash_attn_f32_f16,1.353000,32x28x0,32x1x0,128x28x16x1
ffn_inp-1,kernel_add,0.024000,1024x1x1,64x1x1,3584x16x1x1
ffn_norm-1,kernel_rms_norm_mul,0.009200,16384x1x1,1024x1x1,3584x16x1x1
ffn_swiglu-1,kernel_swiglu,0.047200,8192x1x1,512x1x1,18944x16x1x1
ffn_out-1,kernel_mul_mv_q6_K_f32,39.608299,3584x1024x1,2x64x1,3584x16x1x1
l_out-1,kernel_add,0.023100,1024x1x1,64x1x1,3584x16x1x1
attn_norm-2,kernel_rms_norm_mul,0.009200,16384x1x1,1024x1x1,3584x16x1x1
Qcur-2,kernel_add_row,0.007700,14336x0x0,64x0x0,3584x16x1x1
Qcur-2,kernel_rope_neox_f32,0.005500,1792x16x1,64x1x1,128x28x16x1
Kcur-2,kernel_add_row,0.005700,2048x0x0,64x0x0,512x16x1x1
Kcur-2,kernel_rope_neox_f32,0.002800,256x16x1,64x1x1,128x4x16x1
node_80,kernel_mul_mv_q6_K_f32,0.955600,512x1024x1,2x64x1,512x16x1x1
Vcur-2,kernel_add_row,0.002500,2048x0x0,64x0x0,512x16x1x1
cache_k_l2 (view),kernel_set_rows_f16_i64,0.003300,8192x1x1,512x1x1,512x4096x1x1
cache_v_l2 (view),kernel_set_rows_f16_i64,0.002900,8192x1x1,512x1x1,512x4096x1x1
__fattn__-2,flash_attn_f32_f16,1.358400,32x28x0,32x1x0,128x28x16x1
ffn_inp-2,kernel_add,0.023900,1024x1x1,64x1x1,3584x16x1x1
ffn_norm-2,kernel_rms_norm_mul,0.009200,16384x1x1,1024x1x1,3584x16x1x1
ffn_swiglu-2,kernel_swiglu,0.048100,8192x1x1,512x1x1,18944x16x1x1
ffn_out-2,kernel_mul_mv_q6_K_f32,40.445999,3584x1024x1,2x64x1,3584x16x1x1
l_out-2,kernel_add,0.023600,1024x1x1,64x1x1,3584x16x1x1
attn_norm-3,kernel_rms_norm_mul,0.009200,16384x1x1,1024x1x1,3584x16x1x1
Qcur-3,kernel_add_row,0.012100,14336x0x0,64x0x0,3584x16x1x1
Qcur-3,kernel_rope_neox_f32,0.005400,1792x16x1,64x1x1,128x28x16x1
Kcur-3,kernel_add_row,0.005600,2048x0x0,64x0x0,512x16x1x1
Kcur-3,kernel_rope_neox_f32,0.002700,256x16x1,64x1x1,128x4x16x1
Vcur-3,kernel_add_row,0.005700,2048x0x0,64x0x0,512x16x1x1
cache_k_l3 (view),kernel_set_rows_f16_i64,0.003200,8192x1x1,512x1x1,512x4096x1x1
cache_v_l3 (view),kernel_set_rows_f16_i64,0.002800,8192x1x1,512x1x1,512x4096x1x1
__fattn__-3,flash_attn_f32_f16,1.360700,32x28x0,32x1x0,128x28x16x1
ffn_inp-3,kernel_add,0.024600,1024x1x1,64x1x1,3584x16x1x1
ffn_norm-3,kernel_rms_norm_mul,0.009200,16384x1x1,1024x1x1,3584x16x1x1
l_out-3,kernel_add,0.024300,1024x1x1,64x1x1,3584x16x1x1
attn_norm-4,kernel_rms_norm_mul,0.009100,16384x1x1,1024x1x1,3584x16x1x1
Qcur-4,kernel_add_row,0.013400,14336x0x0,64x0x0,3584x16x1x1
Qcur-4,kernel_rope_neox_f32,0.005400,1792x16x1,64x1x1,128x28x16x1
Kcur-4,kernel_add_row,0.005800,2048x0x0,64x0x0,512x16x1x1
Kcur-4,kernel_rope_neox_f32,0.002800,256x16x1,64x1x1,128x4x16x1
Vcur-4,kernel_add_row,0.005600,2048x0x0,64x0x0,512x16x1x1
cache_k_l4 (view),kernel_set_rows_f16_i64,0.003200,8192x1x1,512x1x1,512x4096x1x1
cache_v_l4 (view),kernel_set_rows_f16_i64,0.002700,8192x1x1,512x1x1,512x4096x1x1
__fattn__-4,flash_attn_f32_f16,1.359100,32x28x0,32x1x0,128x28x16x1
ffn_inp-4,kernel_add,0.024500,1024x1x1,64x1x1,3584x16x1x1
ffn_norm-4,kernel_rms_norm_mul,0.009200,16384x1x1,1024x1x1,3584x16x1x1
l_out-4,kernel_add,0.022900,1024x1x1,64x1x1,3584x16x1x1
attn_norm-5,kernel_rms_norm_mul,0.009300,16384x1x1,1024x1x1,3584x16x1x1
Qcur-5,kernel_add_row,0.007700,14336x0x0,64x0x0,3584x16x1x1
Qcur-5,kernel_rope_neox_f32,0.005500,1792x16x1,64x1x1,128x28x16x1
Kcur-5,kernel_add_row,0.005700,2048x0x0,64x0x0,512x16x1x1
Kcur-5,kernel_rope_neox_f32,0.002800,256x16x1,64x1x1,128x4x16x1
node_182,kernel_mul_mv_q6_K_f32,0.958100,512x1024x1,2x64x1,512x16x1x1
Vcur-5,kernel_add_row,0.002500,2048x0x0,64x0x0,512x16x1x1
cache_k_l5 (view),kernel_set_rows_f16_i64,0.003300,8192x1x1,512x1x1,512x4096x1x1
cache_v_l5 (view),kernel_set_rows_f16_i64,0.002800,8192x1x1,512x1x1,512x4096x1x1
__fattn__-5,flash_attn_f32_f16,1.356900,32x28x0,32x1x0,128x28x16x1
ffn_inp-5,kernel_add,0.024800,1024x1x1,64x1x1,3584x16x1x1
ffn_norm-5,kernel_rms_norm_mul,0.009200,16384x1x1,1024x1x1,3584x16x1x1
ffn_swiglu-5,kernel_swiglu,0.047200,8192x1x1,512x1x1,18944x16x1x1
ffn_out-5,kernel_mul_mv_q6_K_f32,40.620300,3584x1024x1,2x64x1,3584x16x1x1
l_out-5,kernel_add,0.023500,1024x1x1,64x1x1,3584x16x1x1
attn_norm-6,kernel_rms_norm_mul,0.009200,16384x1x1,1024x1x1,3584x16x1x1
Qcur-6,kernel_add_row,0.012200,14336x0x0,64x0x0,3584x16x1x1
Qcur-6,kernel_rope_neox_f32,0.005400,1792x16x1,64x1x1,128x28x16x1
Kcur-6,kernel_add_row,0.005500,2048x0x0,64x0x0,512x16x1x1
Kcur-6,kernel_rope_neox_f32,0.002700,256x16x1,64x1x1,128x4x16x1
Vcur-6,kernel_add_row,0.005600,2048x0x0,64x0x0,512x16x1x1
cache_k_l6 (view),kernel_set_rows_f16_i64,0.003400,8192x1x1,512x1x1,512x4096x1x1
cache_v_l6 (view),kernel_set_rows_f16_i64,0.002900,8192x1x1,512x1x1,512x4096x1x1
__fattn__-6,flash_attn_f32_f16,1.356400,32x28x0,32x1x0,128x28x16x1
ffn_inp-6,kernel_add,0.024100,1024x1x1,64x1x1,3584x16x1x1
ffn_norm-6,kernel_rms_norm_mul,0.009200,16384x1x1,1024x1x1,3584x16x1x1
l_out-6,kernel_add,0.024600,1024x1x1,64x1x1,3584x16x1x1
attn_norm-7,kernel_rms_norm_mul,0.009200,16384x1x1,1024x1x1,3584x16x1x1
Qcur-7,kernel_add_row,0.013300,14336x0x0,64x0x0,3584x16x1x1
Qcur-7,kernel_rope_neox_f32,0.005400,1792x16x1,64x1x1,128x28x16x1
Kcur-7,kernel_add_row,0.005600,2048x0x0,64x0x0,512x16x1x1
Kcur-7,kernel_rope_neox_f32,0.002700,256x16x1,64x1x1,128x4x16x1
Vcur-7,kernel_add_row,0.005800,2048x0x0,64x0x0,512x16x1x1
cache_k_l7 (view),kernel_set_rows_f16_i64,0.003400,8192x1x1,512x1x1,512x4096x1x1
cache_v_l7 (view),kernel_set_rows_f16_i64,0.002800,8192x1x1,512x1x1,512x4096x1x1
__fattn__-7,flash_attn_f32_f16,1.360600,32x28x0,32x1x0,128x28x16x1
ffn_inp-7,kernel_add,0.024400,1024x1x1,64x1x1,3584x16x1x1
ffn_norm-7,kernel_rms_norm_mul,0.009200,16384x1x1,1024x1x1,3584x16x1x1
l_out-7,kernel_add,0.023200,1024x1x1,64x1x1,3584x16x1x1
attn_norm-8,kernel_rms_norm_mul,0.009100,16384x1x1,1024x1x1,3584x16x1x1
Qcur-8,kernel_add_row,0.007400,14336x0x0,64x0x0,3584x16x1x1
Qcur-8,kernel_rope_neox_f32,0.005400,1792x16x1,64x1x1,128x28x16x1
Kcur-8,kernel_add_row,0.005600,2048x0x0,64x0x0,512x16x1x1
Kcur-8,kernel_rope_neox_f32,0.002700,256x16x1,64x1x1,128x4x16x1
node_284,kernel_mul_mv_q6_K_f32,0.954500,512x1024x1,2x64x1,512x16x1x1
Vcur-8,kernel_add_row,0.002600,2048x0x0,64x0x0,512x16x1x1
cache_k_l8 (view),kernel_set_rows_f16_i64,0.003300,8192x1x1,512x1x1,512x4096x1x1
cache_v_l8 (view),kernel_set_rows_f16_i64,0.002800,8192x1x1,512x1x1,512x4096x1x1
__fattn__-8,flash_attn_f32_f16,1.354700,32x28x0,32x1x0,128x28x16x1
ffn_inp-8,kernel_add,0.024700,1024x1x1,64x1x1,3584x16x1x1
ffn_norm-8,kernel_rms_norm_mul,0.009200,16384x1x1,1024x1x1,3584x16x1x1
ffn_swiglu-8,kernel_swiglu,0.047000,8192x1x1,512x1x1,18944x16x1x1
ffn_out-8,kernel_mul_mv_q6_K_f32,40.223202,3584x1024x1,2x64x1,3584x16x1x1
l_out-8,kernel_add,0.023200,1024x1x1,64x1x1,3584x16x1x1
attn_norm-9,kernel_rms_norm_mul,0.009200,16384x1x1,1024x1x1,3584x16x1x1
Qcur-9,kernel_add_row,0.013100,14336x0x0,64x0x0,3584x16x1x1
Qcur-9,kernel_rope_neox_f32,0.005400,1792x16x1,64x1x1,128x28x16x1
Kcur-9,kernel_add_row,0.005500,2048x0x0,64x0x0,512x16x1x1
Kcur-9,kernel_rope_neox_f32,0.002700,256x16x1,64x1x1,128x4x16x1
Vcur-9,kernel_add_row,0.005700,2048x0x0,64x0x0,512x16x1x1
cache_k_l9 (view),kernel_set_rows_f16_i64,0.003300,8192x1x1,512x1x1,512x4096x1x1
cache_v_l9 (view),kernel_set_rows_f16_i64,0.002900,8192x1x1,512x1x1,512x4096x1x1
__fattn__-9,flash_attn_f32_f16,1.343400,32x28x0,32x1x0,128x28x16x1
ffn_inp-9,kernel_add,0.024700,1024x1x1,64x1x1,3584x16x1x1
ffn_norm-9,kernel_rms_norm_mul,0.009200,16384x1x1,1024x1x1,3584x16x1x1
l_out-9,kernel_add,0.024400,1024x1x1,64x1x1,3584x16x1x1
attn_norm-10,kernel_rms_norm_mul,0.009100,16384x1x1,1024x1x1,3584x16x1x1
Qcur-10,kernel_add_row,0.013500,14336x0x0,64x0x0,3584x16x1x1
Qcur-10,kernel_rope_neox_f32,0.005600,1792x16x1,64x1x1,128x28x16x1
Kcur-10,kernel_add_row,0.005600,2048x0x0,64x0x0,512x16x1x1
Kcur-10,kernel_rope_neox_f32,0.002700,256x16x1,64x1x1,128x4x16x1
Vcur-10,kernel_add_row,0.005900,2048x0x0,64x0x0,512x16x1x1
cache_k_l10 (view),kernel_set_rows_f16_i64,0.003200,8192x1x1,512x1x1,512x4096x1x1
cache_v_l10 (view),kernel_set_rows_f16_i64,0.002700,8192x1x1,512x1x1,512x4096x1x1
__fattn__-10,flash_attn_f32_f16,1.369100,32x28x0,32x1x0,128x28x16x1
ffn_inp-10,kernel_add,0.024500,1024x1x1,64x1x1,3584x16x1x1
ffn_norm-10,kernel_rms_norm_mul,0.009300,16384x1x1,1024x1x1,3584x16x1x1
l_out-10,kernel_add,0.024700,1024x1x1,64x1x1,3584x16x1x1
attn_norm-11,kernel_rms_norm_mul,0.009100,16384x1x1,1024x1x1,3584x16x1x1
Qcur-11,kernel_add_row,0.007200,14336x0x0,64x0x0,3584x16x1x1
Qcur-11,kernel_rope_neox_f32,0.005400,1792x16x1,64x1x1,128x28x16x1
Kcur-11,kernel_add_row,0.005700,2048x0x0,64x0x0,512x16x1x1
Kcur-11,kernel_rope_neox_f32,0.002700,256x16x1,64x1x1,128x4x16x1
node_386,kernel_mul_mv_q6_K_f32,0.958900,512x1024x1,2x64x1,512x16x1x1
Vcur-11,kernel_add_row,0.002500,2048x0x0,64x0x0,512x16x1x1
cache_k_l11 (view),kernel_set_rows_f16_i64,0.003400,8192x1x1,512x1x1,512x4096x1x1
cache_v_l11 (view),kernel_set_rows_f16_i64,0.002900,8192x1x1,512x1x1,512x4096x1x1
__fattn__-11,flash_attn_f32_f16,1.343700,32x28x0,32x1x0,128x28x16x1
ffn_inp-11,kernel_add,0.025100,1024x1x1,64x1x1,3584x16x1x1
ffn_norm-11,kernel_rms_norm_mul,0.009200,16384x1x1,1024x1x1,3584x16x1x1
ffn_swiglu-11,kernel_swiglu,0.048300,8192x1x1,512x1x1,18944x16x1x1
ffn_out-11,kernel_mul_mv_q6_K_f32,39.644901,3584x1024x1,2x64x1,3584x16x1x1
l_out-11,kernel_add,0.023200,1024x1x1,64x1x1,3584x16x1x1
attn_norm-12,kernel_rms_norm_mul,0.009100,16384x1x1,1024x1x1,3584x16x1x1
Qcur-12,kernel_add_row,0.013000,14336x0x0,64x0x0,3584x16x1x1
Qcur-12,kernel_rope_neox_f32,0.005400,1792x16x1,64x1x1,128x28x16x1
Kcur-12,kernel_add_row,0.005800,2048x0x0,64x0x0,512x16x1x1
Kcur-12,kernel_rope_neox_f32,0.002800,256x16x1,64x1x1,128x4x16x1
Vcur-12,kernel_add_row,0.005600,2048x0x0,64x0x0,512x16x1x1
cache_k_l12 (view),kernel_set_rows_f16_i64,0.003300,8192x1x1,512x1x1,512x4096x1x1
cache_v_l12 (view),kernel_set_rows_f16_i64,0.002800,8192x1x1,512x1x1,512x4096x1x1
__fattn__-12,flash_attn_f32_f16,1.348400,32x28x0,32x1x0,128x28x16x1
ffn_inp-12,kernel_add,0.024400,1024x1x1,64x1x1,3584x16x1x1
ffn_norm-12,kernel_rms_norm_mul,0.009300,16384x1x1,1024x1x1,3584x16x1x1
l_out-12,kernel_add,0.024100,1024x1x1,64x1x1,3584x16x1x1
attn_norm-13,kernel_rms_norm_mul,0.009200,16384x1x1,1024x1x1,3584x16x1x1
Qcur-13,kernel_add_row,0.013200,14336x0x0,64x0x0,3584x16x1x1
Qcur-13,kernel_rope_neox_f32,0.005400,1792x16x1,64x1x1,128x28x16x1
Kcur-13,kernel_add_row,0.005800,2048x0x0,64x0x0,512x16x1x1
Kcur-13,kernel_rope_neox_f32,0.002700,256x16x1,64x1x1,128x4x16x1
Vcur-13,kernel_add_row,0.005700,2048x0x0,64x0x0,512x16x1x1
cache_k_l13 (view),kernel_set_rows_f16_i64,0.003400,8192x1x1,512x1x1,512x4096x1x1
cache_v_l13 (view),kernel_set_rows_f16_i64,0.002900,8192x1x1,512x1x1,512x4096x1x1
__fattn__-13,flash_attn_f32_f16,1.350200,32x28x0,32x1x0,128x28x16x1
ffn_inp-13,kernel_add,0.024400,1024x1x1,64x1x1,3584x16x1x1
ffn_norm-13,kernel_rms_norm_mul,0.009200,16384x1x1,1024x1x1,3584x16x1x1
l_out-13,kernel_add,0.023400,1024x1x1,64x1x1,3584x16x1x1
attn_norm-14,kernel_rms_norm_mul,0.009200,16384x1x1,1024x1x1,3584x16x1x1
Qcur-14,kernel_add_row,0.007800,14336x0x0,64x0x0,3584x16x1x1
Qcur-14,kernel_rope_neox_f32,0.005400,1792x16x1,64x1x1,128x28x16x1
Kcur-14,kernel_add_row,0.005600,2048x0x0,64x0x0,512x16x1x1
Kcur-14,kernel_rope_neox_f32,0.002800,256x16x1,64x1x1,128x4x16x1
node_488,kernel_mul_mv_q6_K_f32,0.954500,512x1024x1,2x64x1,512x16x1x1
Vcur-14,kernel_add_row,0.002600,2048x0x0,64x0x0,512x16x1x1
cache_k_l14 (view),kernel_set_rows_f16_i64,0.003300,8192x1x1,512x1x1,512x4096x1x1
cache_v_l14 (view),kernel_set_rows_f16_i64,0.002800,8192x1x1,512x1x1,512x4096x1x1
__fattn__-14,flash_attn_f32_f16,1.365000,32x28x0,32x1x0,128x28x16x1
ffn_inp-14,kernel_add,0.025200,1024x1x1,64x1x1,3584x16x1x1
ffn_norm-14,kernel_rms_norm_mul,0.009200,16384x1x1,1024x1x1,3584x16x1x1
ffn_swiglu-14,kernel_swiglu,0.047800,8192x1x1,512x1x1,18944x16x1x1
ffn_out-14,kernel_mul_mv_q6_K_f32,39.621799,3584x1024x1,2x64x1,3584x16x1x1
l_out-14,kernel_add,0.023500,1024x1x1,64x1x1,3584x16x1x1
attn_norm-15,kernel_rms_norm_mul,0.009200,16384x1x1,1024x1x1,3584x16x1x1
Qcur-15,kernel_add_row,0.013000,14336x0x0,64x0x0,3584x16x1x1
Qcur-15,kernel_rope_neox_f32,0.005500,1792x16x1,64x1x1,128x28x16x1
Kcur-15,kernel_add_row,0.005700,2048x0x0,64x0x0,512x16x1x1
Kcur-15,kernel_rope_neox_f32,0.002700,256x16x1,64x1x1,128x4x16x1
Vcur-15,kernel_add_row,0.005600,2048x0x0,64x0x0,512x16x1x1
cache_k_l15 (view),kernel_set_rows_f16_i64,0.003300,8192x1x1,512x1x1,512x4096x1x1
cache_v_l15 (view),kernel_set_rows_f16_i64,0.002900,8192x1x1,512x1x1,512x4096x1x1
__fattn__-15,flash_attn_f32_f16,1.358700,32x28x0,32x1x0,128x28x16x1
ffn_inp-15,kernel_add,0.024200,1024x1x1,64x1x1,3584x16x1x1
ffn_norm-15,kernel_rms_norm_mul,0.009200,16384x1x1,1024x1x1,3584x16x1x1
l_out-15,kernel_add,0.024200,1024x1x1,64x1x1,3584x16x1x1
attn_norm-16,kernel_rms_norm_mul,0.009100,16384x1x1,1024x1x1,3584x16x1x1
Qcur-16,kernel_add_row,0.013000,14336x0x0,64x0x0,3584x16x1x1
Qcur-16,kernel_rope_neox_f32,0.005700,1792x16x1,64x1x1,128x28x16x1
Kcur-16,kernel_add_row,0.005700,2048x0x0,64x0x0,512x16x1x1
Kcur-16,kernel_rope_neox_f32,0.002700,256x16x1,64x1x1,128x4x16x1
Vcur-16,kernel_add_row,0.005600,2048x0x0,64x0x0,512x16x1x1
cache_k_l16 (view),kernel_set_rows_f16_i64,0.003400,8192x1x1,512x1x1,512x4096x1x1
cache_v_l16 (view),kernel_set_rows_f16_i64,0.002900,8192x1x1,512x1x1,512x4096x1x1
__fattn__-16,flash_attn_f32_f16,1.316600,32x28x0,32x1x0,128x28x16x1
ffn_inp-16,kernel_add,0.024300,1024x1x1,64x1x1,3584x16x1x1
ffn_norm-16,kernel_rms_norm_mul,0.009100,16384x1x1,1024x1x1,3584x16x1x1
l_out-16,kernel_add,0.023800,1024x1x1,64x1x1,3584x16x1x1
attn_norm-17,kernel_rms_norm_mul,0.009100,16384x1x1,1024x1x1,3584x16x1x1
Qcur-17,kernel_add_row,0.007400,14336x0x0,64x0x0,3584x16x1x1
Qcur-17,kernel_rope_neox_f32,0.005500,1792x16x1,64x1x1,128x28x16x1
Kcur-17,kernel_add_row,0.005600,2048x0x0,64x0x0,512x16x1x1
Kcur-17,kernel_rope_neox_f32,0.002700,256x16x1,64x1x1,128x4x16x1
node_590,kernel_mul_mv_q6_K_f32,0.954500,512x1024x1,2x64x1,512x16x1x1
Vcur-17,kernel_add_row,0.002600,2048x0x0,64x0x0,512x16x1x1
cache_k_l17 (view),kernel_set_rows_f16_i64,0.003300,8192x1x1,512x1x1,512x4096x1x1
cache_v_l17 (view),kernel_set_rows_f16_i64,0.002900,8192x1x1,512x1x1,512x4096x1x1
__fattn__-17,flash_attn_f32_f16,1.381900,32x28x0,32x1x0,128x28x16x1
ffn_inp-17,kernel_add,0.024600,1024x1x1,64x1x1,3584x16x1x1
ffn_norm-17,kernel_rms_norm_mul,0.009300,16384x1x1,1024x1x1,3584x16x1x1
ffn_swiglu-17,kernel_swiglu,0.046700,8192x1x1,512x1x1,18944x16x1x1
ffn_out-17,kernel_mul_mv_q6_K_f32,39.598301,3584x1024x1,2x64x1,3584x16x1x1
l_out-17,kernel_add,0.023500,1024x1x1,64x1x1,3584x16x1x1
attn_norm-18,kernel_rms_norm_mul,0.009200,16384x1x1,1024x1x1,3584x16x1x1
Qcur-18,kernel_add_row,0.012500,14336x0x0,64x0x0,3584x16x1x1
Qcur-18,kernel_rope_neox_f32,0.005400,1792x16x1,64x1x1,128x28x16x1
Kcur-18,kernel_add_row,0.005800,2048x0x0,64x0x0,512x16x1x1
Kcur-18,kernel_rope_neox_f32,0.002700,256x16x1,64x1x1,128x4x16x1
Vcur-18,kernel_add_row,0.005600,2048x0x0,64x0x0,512x16x1x1
cache_k_l18 (view),kernel_set_rows_f16_i64,0.003400,8192x1x1,512x1x1,512x4096x1x1
cache_v_l18 (view),kernel_set_rows_f16_i64,0.002800,8192x1x1,512x1x1,512x4096x1x1
__fattn__-18,flash_attn_f32_f16,1.345800,32x28x0,32x1x0,128x28x16x1
ffn_inp-18,kernel_add,0.024200,1024x1x1,64x1x1,3584x16x1x1
ffn_norm-18,kernel_rms_norm_mul,0.009200,16384x1x1,1024x1x1,3584x16x1x1
l_out-18,kernel_add,0.024300,1024x1x1,64x1x1,3584x16x1x1
attn_norm-19,kernel_rms_norm_mul,0.009200,16384x1x1,1024x1x1,3584x16x1x1
Qcur-19,kernel_add_row,0.013400,14336x0x0,64x0x0,3584x16x1x1
Qcur-19,kernel_rope_neox_f32,0.005500,1792x16x1,64x1x1,128x28x16x1
Kcur-19,kernel_add_row,0.005700,2048x0x0,64x0x0,512x16x1x1
Kcur-19,kernel_rope_neox_f32,0.002700,256x16x1,64x1x1,128x4x16x1
Vcur-19,kernel_add_row,0.005700,2048x0x0,64x0x0,512x16x1x1
cache_k_l19 (view),kernel_set_rows_f16_i64,0.003500,8192x1x1,512x1x1,512x4096x1x1
cache_v_l19 (view),kernel_set_rows_f16_i64,0.002800,8192x1x1,512x1x1,512x4096x1x1
__fattn__-19,flash_attn_f32_f16,1.357500,32x28x0,32x1x0,128x28x16x1
ffn_inp-19,kernel_add,0.024500,1024x1x1,64x1x1,3584x16x1x1
ffn_norm-19,kernel_rms_norm_mul,0.009100,16384x1x1,1024x1x1,3584x16x1x1
l_out-19,kernel_add,0.023000,1024x1x1,64x1x1,3584x16x1x1
attn_norm-20,kernel_rms_norm_mul,0.009200,16384x1x1,1024x1x1,3584x16x1x1
Qcur-20,kernel_add_row,0.007600,14336x0x0,64x0x0,3584x16x1x1
Qcur-20,kernel_rope_neox_f32,0.005600,1792x16x1,64x1x1,128x28x16x1
Kcur-20,kernel_add_row,0.005700,2048x0x0,64x0x0,512x16x1x1
Kcur-20,kernel_rope_neox_f32,0.002800,256x16x1,64x1x1,128x4x16x1
node_692,kernel_mul_mv_q6_K_f32,0.955400,512x1024x1,2x64x1,512x16x1x1
Vcur-20,kernel_add_row,0.002100,2048x0x0,64x0x0,512x16x1x1
cache_k_l20 (view),kernel_set_rows_f16_i64,0.003200,8192x1x1,512x1x1,512x4096x1x1
cache_v_l20 (view),kernel_set_rows_f16_i64,0.002800,8192x1x1,512x1x1,512x4096x1x1
__fattn__-20,flash_attn_f32_f16,1.363600,32x28x0,32x1x0,128x28x16x1
ffn_inp-20,kernel_add,0.048900,1024x1x1,64x1x1,3584x16x1x1
ffn_norm-20,kernel_rms_norm_mul,0.009200,16384x1x1,1024x1x1,3584x16x1x1
ffn_swiglu-20,kernel_swiglu,0.047300,8192x1x1,512x1x1,18944x16x1x1
ffn_out-20,kernel_mul_mv_q6_K_f32,39.619701,3584x1024x1,2x64x1,3584x16x1x1
l_out-20,kernel_add,0.023100,1024x1x1,64x1x1,3584x16x1x1
attn_norm-21,kernel_rms_norm_mul,0.009200,16384x1x1,1024x1x1,3584x16x1x1
Qcur-21,kernel_add_row,0.011400,14336x0x0,64x0x0,3584x16x1x1
Qcur-21,kernel_rope_neox_f32,0.005400,1792x16x1,64x1x1,128x28x16x1
Kcur-21,kernel_add_row,0.005600,2048x0x0,64x0x0,512x16x1x1
Kcur-21,kernel_rope_neox_f32,0.002700,256x16x1,64x1x1,128x4x16x1
Vcur-21,kernel_add_row,0.005600,2048x0x0,64x0x0,512x16x1x1
cache_k_l21 (view),kernel_set_rows_f16_i64,0.003300,8192x1x1,512x1x1,512x4096x1x1
cache_v_l21 (view),kernel_set_rows_f16_i64,0.002700,8192x1x1,512x1x1,512x4096x1x1
__fattn__-21,flash_attn_f32_f16,1.354100,32x28x0,32x1x0,128x28x16x1
ffn_inp-21,kernel_add,0.024100,1024x1x1,64x1x1,3584x16x1x1
ffn_norm-21,kernel_rms_norm_mul,0.009200,16384x1x1,1024x1x1,3584x16x1x1
l_out-21,kernel_add,0.024100,1024x1x1,64x1x1,3584x16x1x1
attn_norm-22,kernel_rms_norm_mul,0.009200,16384x1x1,1024x1x1,3584x16x1x1
Qcur-22,kernel_add_row,0.013600,14336x0x0,64x0x0,3584x16x1x1
Qcur-22,kernel_rope_neox_f32,0.005500,1792x16x1,64x1x1,128x28x16x1
Kcur-22,kernel_add_row,0.005700,2048x0x0,64x0x0,512x16x1x1
Kcur-22,kernel_rope_neox_f32,0.002800,256x16x1,64x1x1,128x4x16x1
Vcur-22,kernel_add_row,0.005700,2048x0x0,64x0x0,512x16x1x1
cache_k_l22 (view),kernel_set_rows_f16_i64,0.003500,8192x1x1,512x1x1,512x4096x1x1
cache_v_l22 (view),kernel_set_rows_f16_i64,0.002700,8192x1x1,512x1x1,512x4096x1x1
__fattn__-22,flash_attn_f32_f16,1.359700,32x28x0,32x1x0,128x28x16x1
ffn_inp-22,kernel_add,0.024400,1024x1x1,64x1x1,3584x16x1x1
ffn_norm-22,kernel_rms_norm_mul,0.009200,16384x1x1,1024x1x1,3584x16x1x1
l_out-22,kernel_add,0.022900,1024x1x1,64x1x1,3584x16x1x1
attn_norm-23,kernel_rms_norm_mul,0.009100,16384x1x1,1024x1x1,3584x16x1x1
Qcur-23,kernel_add_row,0.007400,14336x0x0,64x0x0,3584x16x1x1
Qcur-23,kernel_rope_neox_f32,0.005500,1792x16x1,64x1x1,128x28x16x1
Kcur-23,kernel_add_row,0.005600,2048x0x0,64x0x0,512x16x1x1
Kcur-23,kernel_rope_neox_f32,0.002700,256x16x1,64x1x1,128x4x16x1
node_794,kernel_mul_mv_q6_K_f32,0.953300,512x1024x1,2x64x1,512x16x1x1
Vcur-23,kernel_add_row,0.002500,2048x0x0,64x0x0,512x16x1x1
cache_k_l23 (view),kernel_set_rows_f16_i64,0.003500,8192x1x1,512x1x1,512x4096x1x1
cache_v_l23 (view),kernel_set_rows_f16_i64,0.002900,8192x1x1,512x1x1,512x4096x1x1
__fattn__-23,flash_attn_f32_f16,1.349300,32x28x0,32x1x0,128x28x16x1
ffn_inp-23,kernel_add,0.025000,1024x1x1,64x1x1,3584x16x1x1
ffn_norm-23,kernel_rms_norm_mul,0.009200,16384x1x1,1024x1x1,3584x16x1x1
ffn_swiglu-23,kernel_swiglu,0.046800,8192x1x1,512x1x1,18944x16x1x1
ffn_out-23,kernel_mul_mv_q6_K_f32,39.608398,3584x1024x1,2x64x1,3584x16x1x1
l_out-23,kernel_add,0.023700,1024x1x1,64x1x1,3584x16x1x1
attn_norm-24,kernel_rms_norm_mul,0.009200,16384x1x1,1024x1x1,3584x16x1x1
Qcur-24,kernel_add_row,0.008300,14336x0x0,64x0x0,3584x16x1x1
Qcur-24,kernel_rope_neox_f32,0.005500,1792x16x1,64x1x1,128x28x16x1
Kcur-24,kernel_add_row,0.005700,2048x0x0,64x0x0,512x16x1x1
Kcur-24,kernel_rope_neox_f32,0.002700,256x16x1,64x1x1,128x4x16x1
node_828,kernel_mul_mv_q6_K_f32,1.142500,512x1024x1,2x64x1,512x16x1x1
Vcur-24,kernel_add_row,0.003300,2048x0x0,64x0x0,512x16x1x1
cache_k_l24 (view),kernel_set_rows_f16_i64,0.004200,8192x1x1,512x1x1,512x4096x1x1
cache_v_l24 (view),kernel_set_rows_f16_i64,0.002800,8192x1x1,512x1x1,512x4096x1x1
__fattn__-24,flash_attn_f32_f16,1.414200,32x28x0,32x1x0,128x28x16x1
ffn_inp-24,kernel_add,0.023600,1024x1x1,64x1x1,3584x16x1x1
ffn_norm-24,kernel_rms_norm_mul,0.009100,16384x1x1,1024x1x1,3584x16x1x1
ffn_swiglu-24,kernel_swiglu,0.047700,8192x1x1,512x1x1,18944x16x1x1
ffn_out-24,kernel_mul_mv_q6_K_f32,39.609200,3584x1024x1,2x64x1,3584x16x1x1
l_out-24,kernel_add,0.023200,1024x1x1,64x1x1,3584x16x1x1
attn_norm-25,kernel_rms_norm_mul,0.009200,16384x1x1,1024x1x1,3584x16x1x1
Qcur-25,kernel_add_row,0.008000,14336x0x0,64x0x0,3584x16x1x1
Qcur-25,kernel_rope_neox_f32,0.005500,1792x16x1,64x1x1,128x28x16x1
Kcur-25,kernel_add_row,0.005700,2048x0x0,64x0x0,512x16x1x1
Kcur-25,kernel_rope_neox_f32,0.002700,256x16x1,64x1x1,128x4x16x1
node_862,kernel_mul_mv_q6_K_f32,0.955600,512x1024x1,2x64x1,512x16x1x1
Vcur-25,kernel_add_row,0.002200,2048x0x0,64x0x0,512x16x1x1
cache_k_l25 (view),kernel_set_rows_f16_i64,0.003400,8192x1x1,512x1x1,512x4096x1x1
cache_v_l25 (view),kernel_set_rows_f16_i64,0.002800,8192x1x1,512x1x1,512x4096x1x1
__fattn__-25,flash_attn_f32_f16,1.378400,32x28x0,32x1x0,128x28x16x1
ffn_inp-25,kernel_add,0.024000,1024x1x1,64x1x1,3584x16x1x1
ffn_norm-25,kernel_rms_norm_mul,0.009200,16384x1x1,1024x1x1,3584x16x1x1
ffn_swiglu-25,kernel_swiglu,0.047600,8192x1x1,512x1x1,18944x16x1x1
ffn_out-25,kernel_mul_mv_q6_K_f32,39.642700,3584x1024x1,2x64x1,3584x16x1x1
l_out-25,kernel_add,0.023500,1024x1x1,64x1x1,3584x16x1x1
attn_norm-26,kernel_rms_norm_mul,0.009200,16384x1x1,1024x1x1,3584x16x1x1
Qcur-26,kernel_add_row,0.012100,14336x0x0,64x0x0,3584x16x1x1
Qcur-26,kernel_rope_neox_f32,0.010600,1792x16x1,64x1x1,128x28x16x1
Kcur-26,kernel_add_row,0.005400,2048x0x0,64x0x0,512x16x1x1
Kcur-26,kernel_rope_neox_f32,0.002800,256x16x1,64x1x1,128x4x16x1
node_896,kernel_mul_mv_q6_K_f32,0.956500,512x1024x1,2x64x1,512x16x1x1
Vcur-26,kernel_add_row,0.002200,2048x0x0,64x0x0,512x16x1x1
cache_k_l26 (view),kernel_set_rows_f16_i64,0.003300,8192x1x1,512x1x1,512x4096x1x1
cache_v_l26 (view),kernel_set_rows_f16_i64,0.002800,8192x1x1,512x1x1,512x4096x1x1
__fattn__-26,flash_attn_f32_f16,1.347500,32x28x0,32x1x0,128x28x16x1
ffn_inp-26,kernel_add,0.023400,1024x1x1,64x1x1,3584x16x1x1
ffn_norm-26,kernel_rms_norm_mul,0.009100,16384x1x1,1024x1x1,3584x16x1x1
ffn_swiglu-26,kernel_swiglu,0.049600,8192x1x1,512x1x1,18944x16x1x1
ffn_out-26,kernel_mul_mv_q6_K_f32,39.585499,3584x1024x1,2x64x1,3584x16x1x1
l_out-26,kernel_add,0.023000,1024x1x1,64x1x1,3584x16x1x1
attn_norm-27,kernel_rms_norm_mul,0.009100,16384x1x1,1024x1x1,3584x16x1x1
Qcur-27,kernel_add_row,0.008000,14336x0x0,64x0x0,3584x16x1x1
Qcur-27,kernel_rope_neox_f32,0.005500,1792x16x1,64x1x1,128x28x16x1
Kcur-27,kernel_add_row,0.006000,2048x0x0,64x0x0,512x16x1x1
Kcur-27,kernel_rope_neox_f32,0.002700,256x16x1,64x1x1,128x4x16x1
node_930,kernel_mul_mv_q6_K_f32,0.957400,512x1024x1,2x64x1,512x16x1x1
Vcur-27,kernel_add_row,0.002500,2048x0x0,64x0x0,512x16x1x1
cache_k_l27 (view),kernel_set_rows_f16_i64,0.003100,8192x1x1,512x1x1,512x4096x1x1
cache_v_l27 (view),kernel_set_rows_f16_i64,0.002900,8192x1x1,512x1x1,512x4096x1x1
__fattn__-27,flash_attn_f32_f16,1.361300,32x28x0,32x1x0,128x28x16x1
attn_norm-0,kernel_rms_norm_mul,0.012400,16384x1x1,1024x1x1,3584x16x1x1
Qcur-0,kernel_add_row,0.008000,14336x0x0,64x0x0,3584x16x1x1
Qcur-0,kernel_rope_neox_f32,0.005700,1792x16x1,64x1x1,128x28x16x1
Kcur-0,kernel_add_row,0.005600,2048x0x0,64x0x0,512x16x1x1
Kcur-0,kernel_rope_neox_f32,0.002900,256x16x1,64x1x1,128x4x16x1
node_11,kernel_mul_mv_q6_K_f32,0.955900,512x1024x1,2x64x1,512x16x1x1
Vcur-0,kernel_add_row,0.002600,2048x0x0,64x0x0,512x16x1x1
cache_k_l0 (view),kernel_set_rows_f16_i64,0.003300,8192x1x1,512x1x1,512x4096x1x1
cache_v_l0 (view),kernel_set_rows_f16_i64,0.002900,8192x1x1,512x1x1,512x4096x1x1
 (copy),kernel_cpy_f32_f16,0.003500,4096x1x1,64x1x1,256x64x1x1
__fattn__-0,flash_attn_f32_f16,1.357000,32x28x0,32x1x0,128x28x16x1
ffn_inp-0,kernel_add,0.025000,1024x1x1,64x1x1,3584x16x1x1
ffn_norm-0,kernel_rms_norm_mul,0.009100,16384x1x1,1024x1x1,3584x16x1x1
ffn_swiglu-0,kernel_swiglu,0.047700,8192x1x1,512x1x1,18944x16x1x1
ffn_out-0,kernel_mul_mv_q6_K_f32,39.607300,3584x1024x1,2x64x1,3584x16x1x1
l_out-0,kernel_add,0.023200,1024x1x1,64x1x1,3584x16x1x1
attn_norm-1,kernel_rms_norm_mul,0.009300,16384x1x1,1024x1x1,3584x16x1x1
Qcur-1,kernel_add_row,0.008000,14336x0x0,64x0x0,3584x16x1x1
Qcur-1,kernel_rope_neox_f32,0.005500,1792x16x1,64x1x1,128x28x16x1
Kcur-1,kernel_add_row,0.005700,2048x0x0,64x0x0,512x16x1x1
Kcur-1,kernel_rope_neox_f32,0.002900,256x16x1,64x1x1,128x4x16x1
node_46,kernel_mul_mv_q6_K_f32,0.954200,512x1024x1,2x64x1,512x16x1x1
Vcur-1,kernel_add_row,0.002600,2048x0x0,64x0x0,512x16x1x1
cache_k_l1 (view),kernel_set_rows_f16_i64,0.003300,8192x1x1,512x1x1,512x4096x1x1
cache_v_l1 (view),kernel_set_rows_f16_i64,0.002900,8192x1x1,512x1x1,512x4096x1x1
__fattn__-1,flash_attn_f32_f16,1.334700,32x28x0,32x1x0,128x28x16x1
ffn_inp-1,kernel_add,0.023800,1024x1x1,64x1x1,3584x16x1x1
ffn_norm-1,kernel_rms_norm_mul,0.009100,16384x1x1,1024x1x1,3584x16x1x1
ffn_swiglu-1,kernel_swiglu,0.048700,8192x1x1,512x1x1,18944x16x1x1
ffn_out-1,kernel_mul_mv_q6_K_f32,39.627998,3584x1024x1,2x64x1,3584x16x1x1
l_out-1,kernel_add,0.023000,1024x1x1,64x1x1,3584x16x1x1
attn_norm-2,kernel_rms_norm_mul,0.009200,16384x1x1,1024x1x1,3584x16x1x1
Qcur-2,kernel_add_row,0.007800,14336x0x0,64x0x0,3584x16x1x1
Qcur-2,kernel_rope_neox_f32,0.005500,1792x16x1,64x1x1,128x28x16x1
Kcur-2,kernel_add_row,0.005700,2048x0x0,64x0x0,512x16x1x1
Kcur-2,kernel_rope_neox_f32,0.002800,256x16x1,64x1x1,128x4x16x1
node_80,kernel_mul_mv_q6_K_f32,0.955200,512x1024x1,2x64x1,512x16x1x1
Vcur-2,kernel_add_row,0.002600,2048x0x0,64x0x0,512x16x1x1
cache_k_l2 (view),kernel_set_rows_f16_i64,0.003300,8192x1x1,512x1x1,512x4096x1x1
cache_v_l2 (view),kernel_set_rows_f16_i64,0.003000,8192x1x1,512x1x1,512x4096x1x1
__fattn__-2,flash_attn_f32_f16,1.355400,32x28x0,32x1x0,128x28x16x1
ffn_inp-2,kernel_add,0.023600,1024x1x1,64x1x1,3584x16x1x1
ffn_norm-2,kernel_rms_norm_mul,0.009200,16384x1x1,1024x1x1,3584x16x1x1
ffn_swiglu-2,kernel_swiglu,0.047500,8192x1x1,512x1x1,18944x16x1x1
ffn_out-2,kernel_mul_mv_q6_K_f32,40.357101,3584x1024x1,2x64x1,3584x16x1x1
l_out-2,kernel_add,0.023300,1024x1x1,64x1x1,3584x16x1x1
attn_norm-3,kernel_rms_norm_mul,0.009200,16384x1x1,1024x1x1,3584x16x1x1
Qcur-3,kernel_add_row,0.012300,14336x0x0,64x0x0,3584x16x1x1
Qcur-3,kernel_rope_neox_f32,0.005400,1792x16x1,64x1x1,128x28x16x1
Kcur-3,kernel_add_row,0.005700,2048x0x0,64x0x0,512x16x1x1
Kcur-3,kernel_rope_neox_f32,0.002700,256x16x1,64x1x1,128x4x16x1
Vcur-3,kernel_add_row,0.005700,2048x0x0,64x0x0,512x16x1x1
cache_k_l3 (view),kernel_set_rows_f16_i64,0.003200,8192x1x1,512x1x1,512x4096x1x1
cache_v_l3 (view),kernel_set_rows_f16_i64,0.002800,8192x1x1,512x1x1,512x4096x1x1
__fattn__-3,flash_attn_f32_f16,1.362700,32x28x0,32x1x0,128x28x16x1
ffn_inp-3,kernel_add,0.024400,1024x1x1,64x1x1,3584x16x1x1
ffn_norm-3,kernel_rms_norm_mul,0.009100,16384x1x1,1024x1x1,3584x16x1x1
l_out-3,kernel_add,0.024300,1024x1x1,64x1x1,3584x16x1x1
attn_norm-4,kernel_rms_norm_mul,0.009300,16384x1x1,1024x1x1,3584x16x1x1
Qcur-4,kernel_add_row,0.012800,14336x0x0,64x0x0,3584x16x1x1
Qcur-4,kernel_rope_neox_f32,0.005500,1792x16x1,64x1x1,128x28x16x1
Kcur-4,kernel_add_row,0.005500,2048x0x0,64x0x0,512x16x1x1
Kcur-4,kernel_rope_neox_f32,0.002700,256x16x1,64x1x1,128x4x16x1
Vcur-4,kernel_add_row,0.005800,2048x0x0,64x0x0,512x16x1x1
cache_k_l4 (view),kernel_set_rows_f16_i64,0.003300,8192x1x1,512x1x1,512x4096x1x1
cache_v_l4 (view),kernel_set_rows_f16_i64,0.002800,8192x1x1,512x1x1,512x4096x1x1
__fattn__-4,flash_attn_f32_f16,1.357700,32x28x0,32x1x0,128x28x16x1
ffn_inp-4,kernel_add,0.024400,1024x1x1,64x1x1,3584x16x1x1
ffn_norm-4,kernel_rms_norm_mul,0.009200,16384x1x1,1024x1x1,3584x16x1x1
l_out-4,kernel_add,0.023400,1024x1x1,64x1x1,3584x16x1x1
attn_norm-5,kernel_rms_norm_mul,0.009200,16384x1x1,1024x1x1,3584x16x1x1
Qcur-5,kernel_add_row,0.007500,14336x0x0,64x0x0,3584x16x1x1
Qcur-5,kernel_rope_neox_f32,0.005500,1792x16x1,64x1x1,128x28x16x1
Kcur-5,kernel_add_row,0.005600,2048x0x0,64x0x0,512x16x1x1
Kcur-5,kernel_rope_neox_f32,0.002600,256x16x1,64x1x1,128x4x16x1
node_182,kernel_mul_mv_q6_K_f32,0.958300,512x1024x1,2x64x1,512x16x1x1
Vcur-5,kernel_add_row,0.002500,2048x0x0,64x0x0,512x16x1x1
cache_k_l5 (view),kernel_set_rows_f16_i64,0.003400,8192x1x1,512x1x1,512x4096x1x1
cache_v_l5 (view),kernel_set_rows_f16_i64,0.003000,8192x1x1,512x1x1,512x4096x1x1
__fattn__-5,flash_attn_f32_f16,1.342900,32x28x0,32x1x0,128x28x16x1
ffn_inp-5,kernel_add,0.024500,1024x1x1,64x1x1,3584x16x1x1
ffn_norm-5,kernel_rms_norm_mul,0.009100,16384x1x1,1024x1x1,3584x16x1x1
ffn_swiglu-5,kernel_swiglu,0.047300,8192x1x1,512x1x1,18944x16x1x1
ffn_out-5,kernel_mul_mv_q6_K_f32,40.590900,3584x1024x1,2x64x1,3584x16x1x1
l_out-5,kernel_add,0.023200,1024x1x1,64x1x1,3584x16x1x1
attn_norm-6,kernel_rms_norm_mul,0.009200,16384x1x1,1024x1x1,3584x16x1x1
Qcur-6,kernel_add_row,0.012600,14336x0x0,64x0x0,3584x16x1x1
Qcur-6,kernel_rope_neox_f32,0.005400,1792x16x1,64x1x1,128x28x16x1
Kcur-6,kernel_add_row,0.005500,2048x0x0,64x0x0,512x16x1x1
Kcur-6,kernel_rope_neox_f32,0.002700,256x16x1,64x1x1,128x4x16x1
Vcur-6,kernel_add_row,0.005600,2048x0x0,64x0x0,512x16x1x1
cache_k_l6 (view),kernel_set_rows_f16_i64,0.003400,8192x1x1,512x1x1,512x4096x1x1
cache_v_l6 (view),kernel_set_rows_f16_i64,0.002900,8192x1x1,512x1x1,512x4096x1x1
__fattn__-6,flash_attn_f32_f16,1.341500,32x28x0,32x1x0,128x28x16x1
ffn_inp-6,kernel_add,0.024100,1024x1x1,64x1x1,3584x16x1x1
ffn_norm-6,kernel_rms_norm_mul,0.009100,16384x1x1,1024x1x1,3584x16x1x1
l_out-6,kernel_add,0.024600,1024x1x1,64x1x1,3584x16x1x1
attn_norm-7,kernel_rms_norm_mul,0.009200,16384x1x1,1024x1x1,3584x16x1x1
Qcur-7,kernel_add_row,0.013100,14336x0x0,64x0x0,3584x16x1x1
Qcur-7,kernel_rope_neox_f32,0.005500,1792x16x1,64x1x1,128x28x16x1
Kcur-7,kernel_add_row,0.005600,2048x0x0,64x0x0,512x16x1x1
Kcur-7,kernel_rope_neox_f32,0.002800,256x16x1,64x1x1,128x4x16x1
Vcur-7,kernel_add_row,0.005700,2048x0x0,64x0x0,512x16x1x1
cache_k_l7 (view),kernel_set_rows_f16_i64,0.003300,8192x1x1,512x1x1,512x4096x1x1
cache_v_l7 (view),kernel_set_rows_f16_i64,0.002700,8192x1x1,512x1x1,512x4096x1x1
__fattn__-7,flash_attn_f32_f16,1.334100,32x28x0,32x1x0,128x28x16x1
ffn_inp-7,kernel_add,0.025200,1024x1x1,64x1x1,3584x16x1x1
ffn_norm-7,kernel_rms_norm_mul,0.009200,16384x1x1,1024x1x1,3584x16x1x1
l_out-7,kernel_add,0.023600,1024x1x1,64x1x1,3584x16x1x1
attn_norm-8,kernel_rms_norm_mul,0.009200,16384x1x1,1024x1x1,3584x16x1x1
Qcur-8,kernel_add_row,0.007300,14336x0x0,64x0x0,3584x16x1x1
Qcur-8,kernel_rope_neox_f32,0.005400,1792x16x1,64x1x1,128x28x16x1
Kcur-8,kernel_add_row,0.005700,2048x0x0,64x0x0,512x16x1x1
Kcur-8,kernel_rope_neox_f32,0.002700,256x16x1,64x1x1,128x4x16x1
node_284,kernel_mul_mv_q6_K_f32,0.957100,512x1024x1,2x64x1,512x16x1x1
Vcur-8,kernel_add_row,0.002600,2048x0x0,64x0x0,512x16x1x1
cache_k_l8 (view),kernel_set_rows_f16_i64,0.003400,8192x1x1,512x1x1,512x4096x1x1
cache_v_l8 (view),kernel_set_rows_f16_i64,0.002900,8192x1x1,512x1x1,512x4096x1x1
__fattn__-8,flash_attn_f32_f16,1.350100,32x28x0,32x1x0,128x28x16x1
ffn_inp-8,kernel_add,0.025400,1024x1x1,64x1x1,3584x16x1x1
ffn_norm-8,kernel_rms_norm_mul,0.009100,16384x1x1,1024x1x1,3584x16x1x1
ffn_swiglu-8,kernel_swiglu,0.047400,8192x1x1,512x1x1,18944x16x1x1
ffn_out-8,kernel_mul_mv_q6_K_f32,40.390800,3584x1024x1,2x64x1,3584x16x1x1
l_out-8,kernel_add,0.023100,1024x1x1,64x1x1,3584x16x1x1
attn_norm-9,kernel_rms_norm_mul,0.009500,16384x1x1,1024x1x1,3584x16x1x1
Qcur-9,kernel_add_row,0.012900,14336x0x0,64x0x0,3584x16x1x1
Qcur-9,kernel_rope_neox_f32,0.005300,1792x16x1,64x1x1,128x28x16x1
Kcur-9,kernel_add_row,0.005700,2048x0x0,64x0x0,512x16x1x1
Kcur-9,kernel_rope_neox_f32,0.002700,256x16x1,64x1x1,128x4x16x1
Vcur-9,kernel_add_row,0.005700,2048x0x0,64x0x0,512x16x1x1
cache_k_l9 (view),kernel_set_rows_f16_i64,0.003300,8192x1x1,512x1x1,512x4096x1x1
cache_v_l9 (view),kernel_set_rows_f16_i64,0.002900,8192x1x1,512x1x1,512x4096x1x1
__fattn__-9,flash_attn_f32_f16,1.338900,32x28x0,32x1x0,128x28x16x1
ffn_inp-9,kernel_add,0.024200,1024x1x1,64x1x1,3584x16x1x1
ffn_norm-9,kernel_rms_norm_mul,0.009300,16384x1x1,1024x1x1,3584x16x1x1
l_out-9,kernel_add,0.024700,1024x1x1,64x1x1,3584x16x1x1
attn_norm-10,kernel_rms_norm_mul,0.009300,16384x1x1,1024x1x1,3584x16x1x1
Qcur-10,kernel_add_row,0.009700,14336x0x0,64x0x0,3584x16x1x1
Qcur-10,kernel_rope_neox_f32,0.005500,1792x16x1,64x1x1,128x28x16x1
Kcur-10,kernel_add_row,0.005500,2048x0x0,64x0x0,512x16x1x1
Kcur-10,kernel_rope_neox_f32,0.002700,256x16x1,64x1x1,128x4x16x1
Vcur-10,kernel_add_row,0.005800,2048x0x0,64x0x0,512x16x1x1
cache_k_l10 (view),kernel_set_rows_f16_i64,0.003200,8192x1x1,512x1x1,512x4096x1x1
cache_v_l10 (view),kernel_set_rows_f16_i64,0.002800,8192x1x1,512x1x1,512x4096x1x1
__fattn__-10,flash_attn_f32_f16,1.370500,32x28x0,32x1x0,128x28x16x1
ffn_inp-10,kernel_add,0.024700,1024x1x1,64x1x1,3584x16x1x1
ffn_norm-10,kernel_rms_norm_mul,0.009200,16384x1x1,1024x1x1,3584x16x1x1
l_out-10,kernel_add,0.022800,1024x1x1,64x1x1,3584x16x1x1
attn_norm-11,kernel_rms_norm_mul,0.009100,16384x1x1,1024x1x1,3584x16x1x1
Qcur-11,kernel_add_row,0.007200,14336x0x0,64x0x0,3584x16x1x1
Qcur-11,kernel_rope_neox_f32,0.005400,1792x16x1,64x1x1,128x28x16x1
Kcur-11,kernel_add_row,0.005600,2048x0x0,64x0x0,512x16x1x1
Kcur-11,kernel_rope_neox_f32,0.002800,256x16x1,64x1x1,128x4x16x1
node_386,kernel_mul_mv_q6_K_f32,0.954200,512x1024x1,2x64x1,512x16x1x1
Vcur-11,kernel_add_row,0.002200,2048x0x0,64x0x0,512x16x1x1
cache_k_l11 (view),kernel_set_rows_f16_i64,0.003300,8192x1x1,512x1x1,512x4096x1x1
cache_v_l11 (view),kernel_set_rows_f16_i64,0.002800,8192x1x1,512x1x1,512x4096x1x1
__fattn__-11,flash_attn_f32_f16,1.343700,32x28x0,32x1x0,128x28x16x1
ffn_inp-11,kernel_add,0.024900,1024x1x1,64x1x1,3584x16x1x1
ffn_norm-11,kernel_rms_norm_mul,0.009100,16384x1x1,1024x1x1,3584x16x1x1
ffn_swiglu-11,kernel_swiglu,0.048400,8192x1x1,512x1x1,18944x16x1x1
ffn_out-11,kernel_mul_mv_q6_K_f32,39.634800,3584x1024x1,2x64x1,3584x16x1x1
l_out-11,kernel_add,0.023300,1024x1x1,64x1x1,3584x16x1x1
attn_norm-12,kernel_rms_norm_mul,0.009200,16384x1x1,1024x1x1,3584x16x1x1
Qcur-12,kernel_add_row,0.012200,14336x0x0,64x0x0,3584x16x1x1
Qcur-12,kernel_rope_neox_f32,0.005500,1792x16x1,64x1x1,128x28x16x1
Kcur-12,kernel_add_row,0.005600,2048x0x0,64x0x0,512x16x1x1
Kcur-12,kernel_rope_neox_f32,0.002700,256x16x1,64x1x1,128x4x16x1
Vcur-12,kernel_add_row,0.005600,2048x0x0,64x0x0,512x16x1x1
cache_k_l12 (view),kernel_set_rows_f16_i64,0.003200,8192x1x1,512x1x1,512x4096x1x1
cache_v_l12 (view),kernel_set_rows_f16_i64,0.002700,8192x1x1,512x1x1,512x4096x1x1
__fattn__-12,flash_attn_f32_f16,1.334400,32x28x0,32x1x0,128x28x16x1
ffn_inp-12,kernel_add,0.024300,1024x1x1,64x1x1,3584x16x1x1
ffn_norm-12,kernel_rms_norm_mul,0.009200,16384x1x1,1024x1x1,3584x16x1x1
l_out-12,kernel_add,0.024000,1024x1x1,64x1x1,3584x16x1x1
attn_norm-13,kernel_rms_norm_mul,0.009600,16384x1x1,1024x1x1,3584x16x1x1
Qcur-13,kernel_add_row,0.012000,14336x0x0,64x0x0,3584x16x1x1
Qcur-13,kernel_rope_neox_f32,0.005600,1792x16x1,64x1x1,128x28x16x1
Kcur-13,kernel_add_row,0.005600,2048x0x0,64x0x0,512x16x1x1
Kcur-13,kernel_rope_neox_f32,0.002700,256x16x1,64x1x1,128x4x16x1
Vcur-13,kernel_add_row,0.005500,2048x0x0,64x0x0,512x16x1x1
cache_k_l13 (view),kernel_set_rows_f16_i64,0.004000,8192x1x1,512x1x1,512x4096x1x1
cache_v_l13 (view),kernel_set_rows_f16_i64,0.002700,8192x1x1,512x1x1,512x4096x1x1
__fattn__-13,flash_attn_f32_f16,1.360000,32x28x0,32x1x0,128x28x16x1
ffn_inp-13,kernel_add,0.024000,1024x1x1,64x1x1,3584x16x1x1
ffn_norm-13,kernel_rms_norm_mul,0.009200,16384x1x1,1024x1x1,3584x16x1x1
l_out-13,kernel_add,0.022700,1024x1x1,64x1x1,3584x16x1x1
attn_norm-14,kernel_rms_norm_mul,0.009200,16384x1x1,1024x1x1,3584x16x1x1
Qcur-14,kernel_add_row,0.007500,14336x0x0,64x0x0,3584x16x1x1
Qcur-14,kernel_rope_neox_f32,0.005500,1792x16x1,64x1x1,128x28x16x1
Kcur-14,kernel_add_row,0.005600,2048x0x0,64x0x0,512x16x1x1
Kcur-14,kernel_rope_neox_f32,0.002600,256x16x1,64x1x1,128x4x16x1
node_488,kernel_mul_mv_q6_K_f32,0.954100,512x1024x1,2x64x1,512x16x1x1
Vcur-14,kernel_add_row,0.002100,2048x0x0,64x0x0,512x16x1x1
cache_k_l14 (view),kernel_set_rows_f16_i64,0.003200,8192x1x1,512x1x1,512x4096x1x1
cache_v_l14 (view),kernel_set_rows_f16_i64,0.002700,8192x1x1,512x1x1,512x4096x1x1
__fattn__-14,flash_attn_f32_f16,1.334200,32x28x0,32x1x0,128x28x16x1
ffn_inp-14,kernel_add,0.024300,1024x1x1,64x1x1,3584x16x1x1
ffn_norm-14,kernel_rms_norm_mul,0.009200,16384x1x1,1024x1x1,3584x16x1x1
ffn_swiglu-14,kernel_swiglu,0.050900,8192x1x1,512x1x1,18944x16x1x1
ffn_out-14,kernel_mul_mv_q6_K_f32,39.612301,3584x1024x1,2x64x1,3584x16x1x1
l_out-14,kernel_add,0.023100,1024x1x1,64x1x1,3584x16x1x1
attn_norm-15,kernel_rms_norm_mul,0.009300,16384x1x1,1024x1x1,3584x16x1x1
Qcur-15,kernel_add_row,0.008500,14336x0x0,64x0x0,3584x16x1x1
Qcur-15,kernel_rope_neox_f32,0.005500,1792x16x1,64x1x1,128x28x16x1
Kcur-15,kernel_add_row,0.005600,2048x0x0,64x0x0,512x16x1x1
Kcur-15,kernel_rope_neox_f32,0.002600,256x16x1,64x1x1,128x4x16x1
Vcur-15,kernel_add_row,0.005600,2048x0x0,64x0x0,512x16x1x1
cache_k_l15 (view),kernel_set_rows_f16_i64,0.003400,8192x1x1,512x1x1,512x4096x1x1
cache_v_l15 (view),kernel_set_rows_f16_i64,0.002800,8192x1x1,512x1x1,512x4096x1x1
__fattn__-15,flash_attn_f32_f16,1.364900,32x28x0,32x1x0,128x28x16x1
ffn_inp-15,kernel_add,0.024300,1024x1x1,64x1x1,3584x16x1x1
ffn_norm-15,kernel_rms_norm_mul,0.009200,16384x1x1,1024x1x1,3584x16x1x1
l_out-15,kernel_add,0.024300,1024x1x1,64x1x1,3584x16x1x1
attn_norm-16,kernel_rms_norm_mul,0.009300,16384x1x1,1024x1x1,3584x16x1x1
Qcur-16,kernel_add_row,0.012800,14336x0x0,64x0x0,3584x16x1x1
Qcur-16,kernel_rope_neox_f32,0.005300,1792x16x1,64x1x1,128x28x16x1
Kcur-16,kernel_add_row,0.005600,2048x0x0,64x0x0,512x16x1x1
Kcur-16,kernel_rope_neox_f32,0.002700,256x16x1,64x1x1,128x4x16x1
Vcur-16,kernel_add_row,0.005600,2048x0x0,64x0x0,512x16x1x1
cache_k_l16 (view),kernel_set_rows_f16_i64,0.003300,8192x1x1,512x1x1,512x4096x1x1
cache_v_l16 (view),kernel_set_rows_f16_i64,0.002800,8192x1x1,512x1x1,512x4096x1x1
__fattn__-16,flash_attn_f32_f16,1.348200,32x28x0,32x1x0,128x28x16x1
ffn_inp-16,kernel_add,0.025100,1024x1x1,64x1x1,3584x16x1x1
ffn_norm-16,kernel_rms_norm_mul,0.009300,16384x1x1,1024x1x1,3584x16x1x1
l_out-16,kernel_add,0.022900,1024x1x1,64x1x1,3584x16x1x1
attn_norm-17,kernel_rms_norm_mul,0.009200,16384x1x1,1024x1x1,3584x16x1x1
Qcur-17,kernel_add_row,0.007600,14336x0x0,64x0x0,3584x16x1x1
Qcur-17,kernel_rope_neox_f32,0.005400,1792x16x1,64x1x1,128x28x16x1
Kcur-17,kernel_add_row,0.005800,2048x0x0,64x0x0,512x16x1x1
Kcur-17,kernel_rope_neox_f32,0.002700,256x16x1,64x1x1,128x4x16x1
node_590,kernel_mul_mv_q6_K_f32,0.956500,512x1024x1,2x64x1,512x16x1x1
Vcur-17,kernel_add_row,0.002500,2048x0x0,64x0x0,512x16x1x1
cache_k_l17 (view),kernel_set_rows_f16_i64,0.003300,8192x1x1,512x1x1,512x4096x1x1
cache_v_l17 (view),kernel_set_rows_f16_i64,0.002900,8192x1x1,512x1x1,512x4096x1x1
__fattn__-17,flash_attn_f32_f16,1.352500,32x28x0,32x1x0,128x28x16x1
ffn_inp-17,kernel_add,0.024900,1024x1x1,64x1x1,3584x16x1x1
ffn_norm-17,kernel_rms_norm_mul,0.009200,16384x1x1,1024x1x1,3584x16x1x1
ffn_swiglu-17,kernel_swiglu,0.047600,8192x1x1,512x1x1,18944x16x1x1
ffn_out-17,kernel_mul_mv_q6_K_f32,39.595699,3584x1024x1,2x64x1,3584x16x1x1
l_out-17,kernel_add,0.023400,1024x1x1,64x1x1,3584x16x1x1
attn_norm-18,kernel_rms_norm_mul,0.009200,16384x1x1,1024x1x1,3584x16x1x1
Qcur-18,kernel_add_row,0.011800,14336x0x0,64x0x0,3584x16x1x1
Qcur-18,kernel_rope_neox_f32,0.005600,1792x16x1,64x1x1,128x28x16x1
Kcur-18,kernel_add_row,0.005600,2048x0x0,64x0x0,512x16x1x1
Kcur-18,kernel_rope_neox_f32,0.002800,256x16x1,64x1x1,128x4x16x1
Vcur-18,kernel_add_row,0.005600,2048x0x0,64x0x0,512x16x1x1
cache_k_l18 (view),kernel_set_rows_f16_i64,0.003400,8192x1x1,512x1x1,512x4096x1x1
cache_v_l18 (view),kernel_set_rows_f16_i64,0.002700,8192x1x1,512x1x1,512x4096x1x1
__fattn__-18,flash_attn_f32_f16,1.348700,32x28x0,32x1x0,128x28x16x1
ffn_inp-18,kernel_add,0.024600,1024x1x1,64x1x1,3584x16x1x1
ffn_norm-18,kernel_rms_norm_mul,0.009200,16384x1x1,1024x1x1,3584x16x1x1
l_out-18,kernel_add,0.024400,1024x1x1,64x1x1,3584x16x1x1
attn_norm-19,kernel_rms_norm_mul,0.009100,16384x1x1,1024x1x1,3584x16x1x1
Qcur-19,kernel_add_row,0.013300,14336x0x0,64x0x0,3584x16x1x1
Qcur-19,kernel_rope_neox_f32,0.005600,1792x16x1,64x1x1,128x28x16x1
Kcur-19,kernel_add_row,0.005700,2048x0x0,64x0x0,512x16x1x1
Kcur-19,kernel_rope_neox_f32,0.002700,256x16x1,64x1x1,128x4x16x1
Vcur-19,kernel_add_row,0.005600,2048x0x0,64x0x0,512x16x1x1
cache_k_l19 (view),kernel_set_rows_f16_i64,0.003200,8192x1x1,512x1x1,512x4096x1x1
cache_v_l19 (view),kernel_set_rows_f16_i64,0.002800,8192x1x1,512x1x1,512x4096x1x1
__fattn__-19,flash_attn_f32_f16,1.346600,32x28x0,32x1x0,128x28x16x1
ffn_inp-19,kernel_add,0.025000,1024x1x1,64x1x1,3584x16x1x1
ffn_norm-19,kernel_rms_norm_mul,0.009200,16384x1x1,1024x1x1,3584x16x1x1
l_out-19,kernel_add,0.022900,1024x1x1,64x1x1,3584x16x1x1
attn_norm-20,kernel_rms_norm_mul,0.009200,16384x1x1,1024x1x1,3584x16x1x1
Qcur-20,kernel_add_row,0.007500,14336x0x0,64x0x0,3584x16x1x1
Qcur-20,kernel_rope_neox_f32,0.005500,1792x16x1,64x1x1,128x28x16x1
Kcur-20,kernel_add_row,0.005700,2048x0x0,64x0x0,512x16x1x1
Kcur-20,kernel_rope_neox_f32,0.002700,256x16x1,64x1x1,128x4x16x1
node_692,kernel_mul_mv_q6_K_f32,0.953900,512x1024x1,2x64x1,512x16x1x1
Vcur-20,kernel_add_row,0.002500,2048x0x0,64x0x0,512x16x1x1
cache_k_l20 (view),kernel_set_rows_f16_i64,0.003200,8192x1x1,512x1x1,512x4096x1x1
cache_v_l20 (view),kernel_set_rows_f16_i64,0.002900,8192x1x1,512x1x1,512x4096x1x1
__fattn__-20,flash_attn_f32_f16,1.366900,32x28x0,32x1x0,128x28x16x1
ffn_inp-20,kernel_add,0.024900,1024x1x1,64x1x1,3584x16x1x1
ffn_norm-20,kernel_rms_norm_mul,0.009200,16384x1x1,1024x1x1,3584x16x1x1
ffn_swiglu-20,kernel_swiglu,0.047200,8192x1x1,512x1x1,18944x16x1x1
ffn_out-20,kernel_mul_mv_q6_K_f32,39.618099,3584x1024x1,2x64x1,3584x16x1x1
l_out-20,kernel_add,0.023200,1024x1x1,64x1x1,3584x16x1x1
attn_norm-21,kernel_rms_norm_mul,0.009300,16384x1x1,1024x1x1,3584x16x1x1
Qcur-21,kernel_add_row,0.010600,14336x0x0,64x0x0,3584x16x1x1
Qcur-21,kernel_rope_neox_f32,0.005500,1792x16x1,64x1x1,128x28x16x1
Kcur-21,kernel_add_row,0.005800,2048x0x0,64x0x0,512x16x1x1
Kcur-21,kernel_rope_neox_f32,0.002700,256x16x1,64x1x1,128x4x16x1
Vcur-21,kernel_add_row,0.005600,2048x0x0,64x0x0,512x16x1x1
cache_k_l21 (view),kernel_set_rows_f16_i64,0.003400,8192x1x1,512x1x1,512x4096x1x1
cache_v_l21 (view),kernel_set_rows_f16_i64,0.002800,8192x1x1,512x1x1,512x4096x1x1
__fattn__-21,flash_attn_f32_f16,1.350500,32x28x0,32x1x0,128x28x16x1
ffn_inp-21,kernel_add,0.024300,1024x1x1,64x1x1,3584x16x1x1
ffn_norm-21,kernel_rms_norm_mul,0.009400,16384x1x1,1024x1x1,3584x16x1x1
l_out-21,kernel_add,0.023900,1024x1x1,64x1x1,3584x16x1x1
attn_norm-22,kernel_rms_norm_mul,0.009300,16384x1x1,1024x1x1,3584x16x1x1
Qcur-22,kernel_add_row,0.013500,14336x0x0,64x0x0,3584x16x1x1
Qcur-22,kernel_rope_neox_f32,0.005400,1792x16x1,64x1x1,128x28x16x1
Kcur-22,kernel_add_row,0.005600,2048x0x0,64x0x0,512x16x1x1
Kcur-22,kernel_rope_neox_f32,0.002800,256x16x1,64x1x1,128x4x16x1
Vcur-22,kernel_add_row,0.005700,2048x0x0,64x0x0,512x16x1x1
cache_k_l22 (view),kernel_set_rows_f16_i64,0.003300,8192x1x1,512x1x1,512x4096x1x1
cache_v_l22 (view),kernel_set_rows_f16_i64,0.002700,8192x1x1,512x1x1,512x4096x1x1
__fattn__-22,flash_attn_f32_f16,1.371900,32x28x0,32x1x0,128x28x16x1
ffn_inp-22,kernel_add,0.024600,1024x1x1,64x1x1,3584x16x1x1
ffn_norm-22,kernel_rms_norm_mul,0.009100,16384x1x1,1024x1x1,3584x16x1x1
l_out-22,kernel_add,0.023200,1024x1x1,64x1x1,3584x16x1x1
attn_norm-23,kernel_rms_norm_mul,0.009100,16384x1x1,1024x1x1,3584x16x1x1
Qcur-23,kernel_add_row,0.007700,14336x0x0,64x0x0,3584x16x1x1
Qcur-23,kernel_rope_neox_f32,0.005500,1792x16x1,64x1x1,128x28x16x1
Kcur-23,kernel_add_row,0.005700,2048x0x0,64x0x0,512x16x1x1
Kcur-23,kernel_rope_neox_f32,0.002700,256x16x1,64x1x1,128x4x16x1
node_794,kernel_mul_mv_q6_K_f32,0.955600,512x1024x1,2x64x1,512x16x1x1
Vcur-23,kernel_add_row,0.002400,2048x0x0,64x0x0,512x16x1x1
cache_k_l23 (view),kernel_set_rows_f16_i64,0.003300,8192x1x1,512x1x1,512x4096x1x1
cache_v_l23 (view),kernel_set_rows_f16_i64,0.002800,8192x1x1,512x1x1,512x4096x1x1
__fattn__-23,flash_attn_f32_f16,1.360100,32x28x0,32x1x0,128x28x16x1
ffn_inp-23,kernel_add,0.025300,1024x1x1,64x1x1,3584x16x1x1
ffn_norm-23,kernel_rms_norm_mul,0.009200,16384x1x1,1024x1x1,3584x16x1x1
ffn_swiglu-23,kernel_swiglu,0.046800,8192x1x1,512x1x1,18944x16x1x1
ffn_out-23,kernel_mul_mv_q6_K_f32,39.609299,3584x1024x1,2x64x1,3584x16x1x1
l_out-23,kernel_add,0.023300,1024x1x1,64x1x1,3584x16x1x1
attn_norm-24,kernel_rms_norm_mul,0.009200,16384x1x1,1024x1x1,3584x16x1x1
Qcur-24,kernel_add_row,0.008000,14336x0x0,64x0x0,3584x16x1x1
Qcur-24,kernel_rope_neox_f32,0.005400,1792x16x1,64x1x1,128x28x16x1
Kcur-24,kernel_add_row,0.005600,2048x0x0,64x0x0,512x16x1x1
Kcur-24,kernel_rope_neox_f32,0.002700,256x16x1,64x1x1,128x4x16x1
node_828,kernel_mul_mv_q6_K_f32,0.955300,512x1024x1,2x64x1,512x16x1x1
Vcur-24,kernel_add_row,0.002500,2048x0x0,64x0x0,512x16x1x1
cache_k_l24 (view),kernel_set_rows_f16_i64,0.003300,8192x1x1,512x1x1,512x4096x1x1
cache_v_l24 (view),kernel_set_rows_f16_i64,0.002800,8192x1x1,512x1x1,512x4096x1x1
__fattn__-24,flash_attn_f32_f16,1.347900,32x28x0,32x1x0,128x28x16x1
ffn_inp-24,kernel_add,0.024000,1024x1x1,64x1x1,3584x16x1x1
ffn_norm-24,kernel_rms_norm_mul,0.009200,16384x1x1,1024x1x1,3584x16x1x1
ffn_swiglu-24,kernel_swiglu,0.047500,8192x1x1,512x1x1,18944x16x1x1
ffn_out-24,kernel_mul_mv_q6_K_f32,39.607899,3584x1024x1,2x64x1,3584x16x1x1
l_out-24,kernel_add,0.023400,1024x1x1,64x1x1,3584x16x1x1
attn_norm-25,kernel_rms_norm_mul,0.009200,16384x1x1,1024x1x1,3584x16x1x1
Qcur-25,kernel_add_row,0.008300,14336x0x0,64x0x0,3584x16x1x1
Qcur-25,kernel_rope_neox_f32,0.005500,1792x16x1,64x1x1,128x28x16x1
Kcur-25,kernel_add_row,0.005700,2048x0x0,64x0x0,512x16x1x1
Kcur-25,kernel_rope_neox_f32,0.002700,256x16x1,64x1x1,128x4x16x1
node_862,kernel_mul_mv_q6_K_f32,0.954400,512x1024x1,2x64x1,512x16x1x1
Vcur-25,kernel_add_row,0.002700,2048x0x0,64x0x0,512x16x1x1
cache_k_l25 (view),kernel_set_rows_f16_i64,0.003400,8192x1x1,512x1x1,512x4096x1x1
cache_v_l25 (view),kernel_set_rows_f16_i64,0.002900,8192x1x1,512x1x1,512x4096x1x1
__fattn__-25,flash_attn_f32_f16,1.356500,32x28x0,32x1x0,128x28x16x1
ffn_inp-25,kernel_add,0.023800,1024x1x1,64x1x1,3584x16x1x1
ffn_norm-25,kernel_rms_norm_mul,0.009200,16384x1x1,1024x1x1,3584x16x1x1
ffn_swiglu-25,kernel_swiglu,0.047400,8192x1x1,512x1x1,18944x16x1x1
ffn_out-25,kernel_mul_mv_q6_K_f32,39.618099,3584x1024x1,2x64x1,3584x16x1x1
l_out-25,kernel_add,0.023400,1024x1x1,64x1x1,3584x16x1x1
attn_norm-26,kernel_rms_norm_mul,0.009100,16384x1x1,1024x1x1,3584x16x1x1
Qcur-26,kernel_add_row,0.008000,14336x0x0,64x0x0,3584x16x1x1
Qcur-26,kernel_rope_neox_f32,0.005400,1792x16x1,64x1x1,128x28x16x1
Kcur-26,kernel_add_row,0.005700,2048x0x0,64x0x0,512x16x1x1
Kcur-26,kernel_rope_neox_f32,0.002700,256x16x1,64x1x1,128x4x16x1
node_896,kernel_mul_mv_q6_K_f32,0.955700,512x1024x1,2x64x1,512x16x1x1
Vcur-26,kernel_add_row,0.002500,2048x0x0,64x0x0,512x16x1x1
cache_k_l26 (view),kernel_set_rows_f16_i64,0.003400,8192x1x1,512x1x1,512x4096x1x1
cache_v_l26 (view),kernel_set_rows_f16_i64,0.002700,8192x1x1,512x1x1,512x4096x1x1
__fattn__-26,flash_attn_f32_f16,1.345800,32x28x0,32x1x0,128x28x16x1
ffn_inp-26,kernel_add,0.023800,1024x1x1,64x1x1,3584x16x1x1
ffn_norm-26,kernel_rms_norm_mul,0.009200,16384x1x1,1024x1x1,3584x16x1x1
ffn_swiglu-26,kernel_swiglu,0.047700,8192x1x1,512x1x1,18944x16x1x1
ffn_out-26,kernel_mul_mv_q6_K_f32,39.599899,3584x1024x1,2x64x1,3584x16x1x1
l_out-26,kernel_add,0.023600,1024x1x1,64x1x1,3584x16x1x1
attn_norm-27,kernel_rms_norm_mul,0.009100,16384x1x1,1024x1x1,3584x16x1x1
Qcur-27,kernel_add_row,0.008100,14336x0x0,64x0x0,3584x16x1x1
Qcur-27,kernel_rope_neox_f32,0.005600,1792x16x1,64x1x1,128x28x16x1
Kcur-27,kernel_add_row,0.005700,2048x0x0,64x0x0,512x16x1x1
Kcur-27,kernel_rope_neox_f32,0.002700,256x16x1,64x1x1,128x4x16x1
node_930,kernel_mul_mv_q6_K_f32,0.953500,512x1024x1,2x64x1,512x16x1x1
Vcur-27,kernel_add_row,0.002500,2048x0x0,64x0x0,512x16x1x1
cache_k_l27 (view),kernel_set_rows_f16_i64,0.003200,8192x1x1,512x1x1,512x4096x1x1
cache_v_l27 (view),kernel_set_rows_f16_i64,0.003000,8192x1x1,512x1x1,512x4096x1x1
__fattn__-27,flash_attn_f32_f16,1.353900,32x28x0,32x1x0,128x28x16x1
attn_norm-0,kernel_rms_norm_mul,0.012700,16384x1x1,1024x1x1,3584x16x1x1
Qcur-0,kernel_add_row,0.007800,14336x0x0,64x0x0,3584x16x1x1
Qcur-0,kernel_rope_neox_f32,0.005600,1792x16x1,64x1x1,128x28x16x1
Kcur-0,kernel_add_row,0.005700,2048x0x0,64x0x0,512x16x1x1
Kcur-0,kernel_rope_neox_f32,0.002900,256x16x1,64x1x1,128x4x16x1
node_11,kernel_mul_mv_q6_K_f32,0.955800,512x1024x1,2x64x1,512x16x1x1
Vcur-0,kernel_add_row,0.002600,2048x0x0,64x0x0,512x16x1x1
cache_k_l0 (view),kernel_set_rows_f16_i64,0.003300,8192x1x1,512x1x1,512x4096x1x1
cache_v_l0 (view),kernel_set_rows_f16_i64,0.002900,8192x1x1,512x1x1,512x4096x1x1
 (copy),kernel_cpy_f32_f16,0.004700,4096x1x1,64x1x1,512x64x1x1
__fattn__-0,flash_attn_f32_f16,2.712800,32x28x0,32x1x0,128x28x16x1
ffn_inp-0,kernel_add,0.025400,1024x1x1,64x1x1,3584x16x1x1
ffn_norm-0,kernel_rms_norm_mul,0.009300,16384x1x1,1024x1x1,3584x16x1x1
ffn_swiglu-0,kernel_swiglu,0.045900,8192x1x1,512x1x1,18944x16x1x1
ffn_out-0,kernel_mul_mv_q6_K_f32,39.570900,3584x1024x1,2x64x1,3584x16x1x1
l_out-0,kernel_add,0.023400,1024x1x1,64x1x1,3584x16x1x1
attn_norm-1,kernel_rms_norm_mul,0.009200,16384x1x1,1024x1x1,3584x16x1x1
Qcur-1,kernel_add_row,0.008100,14336x0x0,64x0x0,3584x16x1x1
Qcur-1,kernel_rope_neox_f32,0.005600,1792x16x1,64x1x1,128x28x16x1
Kcur-1,kernel_add_row,0.005700,2048x0x0,64x0x0,512x16x1x1
Kcur-1,kernel_rope_neox_f32,0.002800,256x16x1,64x1x1,128x4x16x1
node_46,kernel_mul_mv_q6_K_f32,0.955000,512x1024x1,2x64x1,512x16x1x1
Vcur-1,kernel_add_row,0.002500,2048x0x0,64x0x0,512x16x1x1
cache_k_l1 (view),kernel_set_rows_f16_i64,0.003300,8192x1x1,512x1x1,512x4096x1x1
cache_v_l1 (view),kernel_set_rows_f16_i64,0.002900,8192x1x1,512x1x1,512x4096x1x1
__fattn__-1,flash_attn_f32_f16,2.726600,32x28x0,32x1x0,128x28x16x1
ffn_inp-1,kernel_add,0.024400,1024x1x1,64x1x1,3584x16x1x1
ffn_norm-1,kernel_rms_norm_mul,0.009300,16384x1x1,1024x1x1,3584x16x1x1
ffn_swiglu-1,kernel_swiglu,0.047700,8192x1x1,512x1x1,18944x16x1x1
ffn_out-1,kernel_mul_mv_q6_K_f32,39.609299,3584x1024x1,2x64x1,3584x16x1x1
l_out-1,kernel_add,0.023100,1024x1x1,64x1x1,3584x16x1x1
attn_norm-2,kernel_rms_norm_mul,0.009300,16384x1x1,1024x1x1,3584x16x1x1
Qcur-2,kernel_add_row,0.008000,14336x0x0,64x0x0,3584x16x1x1
Qcur-2,kernel_rope_neox_f32,0.005500,1792x16x1,64x1x1,128x28x16x1
Kcur-2,kernel_add_row,0.005700,2048x0x0,64x0x0,512x16x1x1
Kcur-2,kernel_rope_neox_f32,0.002800,256x16x1,64x1x1,128x4x16x1
node_80,kernel_mul_mv_q6_K_f32,0.956000,512x1024x1,2x64x1,512x16x1x1
Vcur-2,kernel_add_row,0.002200,2048x0x0,64x0x0,512x16x1x1
cache_k_l2 (view),kernel_set_rows_f16_i64,0.003500,8192x1x1,512x1x1,512x4096x1x1
cache_v_l2 (view),kernel_set_rows_f16_i64,0.002900,8192x1x1,512x1x1,512x4096x1x1
__fattn__-2,flash_attn_f32_f16,2.707300,32x28x0,32x1x0,128x28x16x1
ffn_inp-2,kernel_add,0.024100,1024x1x1,64x1x1,3584x16x1x1
ffn_norm-2,kernel_rms_norm_mul,0.009200,16384x1x1,1024x1x1,3584x16x1x1
ffn_swiglu-2,kernel_swiglu,0.046700,8192x1x1,512x1x1,18944x16x1x1
ffn_out-2,kernel_mul_mv_q6_K_f32,40.404202,3584x1024x1,2x64x1,3584x16x1x1
l_out-2,kernel_add,0.023000,1024x1x1,64x1x1,3584x16x1x1
attn_norm-3,kernel_rms_norm_mul,0.009200,16384x1x1,1024x1x1,3584x16x1x1
Qcur-3,kernel_add_row,0.013100,14336x0x0,64x0x0,3584x16x1x1
Qcur-3,kernel_rope_neox_f32,0.005600,1792x16x1,64x1x1,128x28x16x1
Kcur-3,kernel_add_row,0.005800,2048x0x0,64x0x0,512x16x1x1
Kcur-3,kernel_rope_neox_f32,0.002700,256x16x1,64x1x1,128x4x16x1
Vcur-3,kernel_add_row,0.005600,2048x0x0,64x0x0,512x16x1x1
cache_k_l3 (view),kernel_set_rows_f16_i64,0.003400,8192x1x1,512x1x1,512x4096x1x1
cache_v_l3 (view),kernel_set_rows_f16_i64,0.002800,8192x1x1,512x1x1,512x4096x1x1
__fattn__-3,flash_attn_f32_f16,2.714900,32x28x0,32x1x0,128x28x16x1
ffn_inp-3,kernel_add,0.024500,1024x1x1,64x1x1,3584x16x1x1
ffn_norm-3,kernel_rms_norm_mul,0.009100,16384x1x1,1024x1x1,3584x16x1x1
l_out-3,kernel_add,0.024500,1024x1x1,64x1x1,3584x16x1x1
attn_norm-4,kernel_rms_norm_mul,0.009100,16384x1x1,1024x1x1,3584x16x1x1
Qcur-4,kernel_add_row,0.013500,14336x0x0,64x0x0,3584x16x1x1
Qcur-4,kernel_rope_neox_f32,0.005400,1792x16x1,64x1x1,128x28x16x1
Kcur-4,kernel_add_row,0.005700,2048x0x0,64x0x0,512x16x1x1
Kcur-4,kernel_rope_neox_f32,0.002700,256x16x1,64x1x1,128x4x16x1
Vcur-4,kernel_add_row,0.005700,2048x0x0,64x0x0,512x16x1x1
cache_k_l4 (view),kernel_set_rows_f16_i64,0.003100,8192x1x1,512x1x1,512x4096x1x1
cache_v_l4 (view),kernel_set_rows_f16_i64,0.002900,8192x1x1,512x1x1,512x4096x1x1
__fattn__-4,flash_attn_f32_f16,2.687000,32x28x0,32x1x0,128x28x16x1
ffn_inp-4,kernel_add,0.024800,1024x1x1,64x1x1,3584x16x1x1
ffn_norm-4,kernel_rms_norm_mul,0.009200,16384x1x1,1024x1x1,3584x16x1x1
l_out-4,kernel_add,0.023100,1024x1x1,64x1x1,3584x16x1x1
attn_norm-5,kernel_rms_norm_mul,0.009300,16384x1x1,1024x1x1,3584x16x1x1
Qcur-5,kernel_add_row,0.007600,14336x0x0,64x0x0,3584x16x1x1
Qcur-5,kernel_rope_neox_f32,0.005400,1792x16x1,64x1x1,128x28x16x1
Kcur-5,kernel_add_row,0.005600,2048x0x0,64x0x0,512x16x1x1
Kcur-5,kernel_rope_neox_f32,0.002700,256x16x1,64x1x1,128x4x16x1
node_182,kernel_mul_mv_q6_K_f32,0.956200,512x1024x1,2x64x1,512x16x1x1
Vcur-5,kernel_add_row,0.002600,2048x0x0,64x0x0,512x16x1x1
cache_k_l5 (view),kernel_set_rows_f16_i64,0.003300,8192x1x1,512x1x1,512x4096x1x1
cache_v_l5 (view),kernel_set_rows_f16_i64,0.002800,8192x1x1,512x1x1,512x4096x1x1
__fattn__-5,flash_attn_f32_f16,2.701800,32x28x0,32x1x0,128x28x16x1
ffn_inp-5,kernel_add,0.025200,1024x1x1,64x1x1,3584x16x1x1
ffn_norm-5,kernel_rms_norm_mul,0.009200,16384x1x1,1024x1x1,3584x16x1x1
ffn_swiglu-5,kernel_swiglu,0.048500,8192x1x1,512x1x1,18944x16x1x1
ffn_out-5,kernel_mul_mv_q6_K_f32,40.579700,3584x1024x1,2x64x1,3584x16x1x1
l_out-5,kernel_add,0.023300,1024x1x1,64x1x1,3584x16x1x1
attn_norm-6,kernel_rms_norm_mul,0.009300,16384x1x1,1024x1x1,3584x16x1x1
Qcur-6,kernel_add_row,0.012800,14336x0x0,64x0x0,3584x16x1x1
Qcur-6,kernel_rope_neox_f32,0.005600,1792x16x1,64x1x1,128x28x16x1
Kcur-6,kernel_add_row,0.005600,2048x0x0,64x0x0,512x16x1x1
Kcur-6,kernel_rope_neox_f32,0.002700,256x16x1,64x1x1,128x4x16x1
Vcur-6,kernel_add_row,0.005700,2048x0x0,64x0x0,512x16x1x1
cache_k_l6 (view),kernel_set_rows_f16_i64,0.003400,8192x1x1,512x1x1,512x4096x1x1
cache_v_l6 (view),kernel_set_rows_f16_i64,0.002900,8192x1x1,512x1x1,512x4096x1x1
__fattn__-6,flash_attn_f32_f16,2.698300,32x28x0,32x1x0,128x28x16x1
ffn_inp-6,kernel_add,0.024300,1024x1x1,64x1x1,3584x16x1x1
ffn_norm-6,kernel_rms_norm_mul,0.009200,16384x1x1,1024x1x1,3584x16x1x1
l_out-6,kernel_add,0.024400,1024x1x1,64x1x1,3584x16x1x1
attn_norm-7,kernel_rms_norm_mul,0.009200,16384x1x1,1024x1x1,3584x16x1x1
Qcur-7,kernel_add_row,0.013300,14336x0x0,64x0x0,3584x16x1x1
Qcur-7,kernel_rope_neox_f32,0.005500,1792x16x1,64x1x1,128x28x16x1
Kcur-7,kernel_add_row,0.005800,2048x0x0,64x0x0,512x16x1x1
Kcur-7,kernel_rope_neox_f32,0.002900,256x16x1,64x1x1,128x4x16x1
Vcur-7,kernel_add_row,0.005600,2048x0x0,64x0x0,512x16x1x1
cache_k_l7 (view),kernel_set_rows_f16_i64,0.003200,8192x1x1,512x1x1,512x4096x1x1
cache_v_l7 (view),kernel_set_rows_f16_i64,0.002800,8192x1x1,512x1x1,512x4096x1x1
__fattn__-7,flash_attn_f32_f16,2.680700,32x28x0,32x1x0,128x28x16x1
ffn_inp-7,kernel_add,0.025200,1024x1x1,64x1x1,3584x16x1x1
ffn_norm-7,kernel_rms_norm_mul,0.009200,16384x1x1,1024x1x1,3584x16x1x1
l_out-7,kernel_add,0.023000,1024x1x1,64x1x1,3584x16x1x1
attn_norm-8,kernel_rms_norm_mul,0.009200,16384x1x1,1024x1x1,3584x16x1x1
Qcur-8,kernel_add_row,0.007500,14336x0x0,64x0x0,3584x16x1x1
Qcur-8,kernel_rope_neox_f32,0.005400,1792x16x1,64x1x1,128x28x16x1
Kcur-8,kernel_add_row,0.005700,2048x0x0,64x0x0,512x16x1x1
Kcur-8,kernel_rope_neox_f32,0.002700,256x16x1,64x1x1,128x4x16x1
node_284,kernel_mul_mv_q6_K_f32,0.956300,512x1024x1,2x64x1,512x16x1x1
Vcur-8,kernel_add_row,0.002500,2048x0x0,64x0x0,512x16x1x1
cache_k_l8 (view),kernel_set_rows_f16_i64,0.003300,8192x1x1,512x1x1,512x4096x1x1
cache_v_l8 (view),kernel_set_rows_f16_i64,0.003000,8192x1x1,512x1x1,512x4096x1x1
__fattn__-8,flash_attn_f32_f16,2.686500,32x28x0,32x1x0,128x28x16x1
ffn_inp-8,kernel_add,0.024900,1024x1x1,64x1x1,3584x16x1x1
ffn_norm-8,kernel_rms_norm_mul,0.009200,16384x1x1,1024x1x1,3584x16x1x1
ffn_swiglu-8,kernel_swiglu,0.047400,8192x1x1,512x1x1,18944x16x1x1
ffn_out-8,kernel_mul_mv_q6_K_f32,40.206600,3584x1024x1,2x64x1,3584x16x1x1
l_out-8,kernel_add,0.023700,1024x1x1,64x1x1,3584x16x1x1
attn_norm-9,kernel_rms_norm_mul,0.009200,16384x1x1,1024x1x1,3584x16x1x1
Qcur-9,kernel_add_row,0.012600,14336x0x0,64x0x0,3584x16x1x1
Qcur-9,kernel_rope_neox_f32,0.005500,1792x16x1,64x1x1,128x28x16x1
Kcur-9,kernel_add_row,0.005600,2048x0x0,64x0x0,512x16x1x1
Kcur-9,kernel_rope_neox_f32,0.002800,256x16x1,64x1x1,128x4x16x1
Vcur-9,kernel_add_row,0.005800,2048x0x0,64x0x0,512x16x1x1
cache_k_l9 (view),kernel_set_rows_f16_i64,0.003300,8192x1x1,512x1x1,512x4096x1x1
cache_v_l9 (view),kernel_set_rows_f16_i64,0.002900,8192x1x1,512x1x1,512x4096x1x1
__fattn__-9,flash_attn_f32_f16,2.716300,32x28x0,32x1x0,128x28x16x1
ffn_inp-9,kernel_add,0.024500,1024x1x1,64x1x1,3584x16x1x1
ffn_norm-9,kernel_rms_norm_mul,0.009300,16384x1x1,1024x1x1,3584x16x1x1
l_out-9,kernel_add,0.024600,1024x1x1,64x1x1,3584x16x1x1
attn_norm-10,kernel_rms_norm_mul,0.009200,16384x1x1,1024x1x1,3584x16x1x1
Qcur-10,kernel_add_row,0.013400,14336x0x0,64x0x0,3584x16x1x1
Qcur-10,kernel_rope_neox_f32,0.005500,1792x16x1,64x1x1,128x28x16x1
Kcur-10,kernel_add_row,0.005700,2048x0x0,64x0x0,512x16x1x1
Kcur-10,kernel_rope_neox_f32,0.002700,256x16x1,64x1x1,128x4x16x1
Vcur-10,kernel_add_row,0.005900,2048x0x0,64x0x0,512x16x1x1
cache_k_l10 (view),kernel_set_rows_f16_i64,0.003200,8192x1x1,512x1x1,512x4096x1x1
cache_v_l10 (view),kernel_set_rows_f16_i64,0.003100,8192x1x1,512x1x1,512x4096x1x1
__fattn__-10,flash_attn_f32_f16,2.698400,32x28x0,32x1x0,128x28x16x1
ffn_inp-10,kernel_add,0.025300,1024x1x1,64x1x1,3584x16x1x1
ffn_norm-10,kernel_rms_norm_mul,0.009300,16384x1x1,1024x1x1,3584x16x1x1
l_out-10,kernel_add,0.023700,1024x1x1,64x1x1,3584x16x1x1
attn_norm-11,kernel_rms_norm_mul,0.009300,16384x1x1,1024x1x1,3584x16x1x1
Qcur-11,kernel_add_row,0.007300,14336x0x0,64x0x0,3584x16x1x1
Qcur-11,kernel_rope_neox_f32,0.005600,1792x16x1,64x1x1,128x28x16x1
Kcur-11,kernel_add_row,0.005700,2048x0x0,64x0x0,512x16x1x1
Kcur-11,kernel_rope_neox_f32,0.002800,256x16x1,64x1x1,128x4x16x1
node_386,kernel_mul_mv_q6_K_f32,0.954500,512x1024x1,2x64x1,512x16x1x1
Vcur-11,kernel_add_row,0.002500,2048x0x0,64x0x0,512x16x1x1
cache_k_l11 (view),kernel_set_rows_f16_i64,0.003400,8192x1x1,512x1x1,512x4096x1x1
cache_v_l11 (view),kernel_set_rows_f16_i64,0.002900,8192x1x1,512x1x1,512x4096x1x1
__fattn__-11,flash_attn_f32_f16,2.698400,32x28x0,32x1x0,128x28x16x1
ffn_inp-11,kernel_add,0.025200,1024x1x1,64x1x1,3584x16x1x1
ffn_norm-11,kernel_rms_norm_mul,0.009100,16384x1x1,1024x1x1,3584x16x1x1
ffn_swiglu-11,kernel_swiglu,0.048300,8192x1x1,512x1x1,18944x16x1x1
ffn_out-11,kernel_mul_mv_q6_K_f32,39.575298,3584x1024x1,2x64x1,3584x16x1x1
l_out-11,kernel_add,0.023600,1024x1x1,64x1x1,3584x16x1x1
attn_norm-12,kernel_rms_norm_mul,0.009100,16384x1x1,1024x1x1,3584x16x1x1
Qcur-12,kernel_add_row,0.012000,14336x0x0,64x0x0,3584x16x1x1
Qcur-12,kernel_rope_neox_f32,0.005500,1792x16x1,64x1x1,128x28x16x1
Kcur-12,kernel_add_row,0.005600,2048x0x0,64x0x0,512x16x1x1
Kcur-12,kernel_rope_neox_f32,0.002800,256x16x1,64x1x1,128x4x16x1
Vcur-12,kernel_add_row,0.005700,2048x0x0,64x0x0,512x16x1x1
cache_k_l12 (view),kernel_set_rows_f16_i64,0.003300,8192x1x1,512x1x1,512x4096x1x1
cache_v_l12 (view),kernel_set_rows_f16_i64,0.002800,8192x1x1,512x1x1,512x4096x1x1
__fattn__-12,flash_attn_f32_f16,2.685600,32x28x0,32x1x0,128x28x16x1
ffn_inp-12,kernel_add,0.024700,1024x1x1,64x1x1,3584x16x1x1
ffn_norm-12,kernel_rms_norm_mul,0.009200,16384x1x1,1024x1x1,3584x16x1x1
l_out-12,kernel_add,0.024300,1024x1x1,64x1x1,3584x16x1x1
attn_norm-13,kernel_rms_norm_mul,0.009300,16384x1x1,1024x1x1,3584x16x1x1
Qcur-13,kernel_add_row,0.012600,14336x0x0,64x0x0,3584x16x1x1
Qcur-13,kernel_rope_neox_f32,0.005500,1792x16x1,64x1x1,128x28x16x1
Kcur-13,kernel_add_row,0.005600,2048x0x0,64x0x0,512x16x1x1
Kcur-13,kernel_rope_neox_f32,0.002700,256x16x1,64x1x1,128x4x16x1
Vcur-13,kernel_add_row,0.005600,2048x0x0,64x0x0,512x16x1x1
cache_k_l13 (view),kernel_set_rows_f16_i64,0.003200,8192x1x1,512x1x1,512x4096x1x1
cache_v_l13 (view),kernel_set_rows_f16_i64,0.002800,8192x1x1,512x1x1,512x4096x1x1
__fattn__-13,flash_attn_f32_f16,2.685700,32x28x0,32x1x0,128x28x16x1
ffn_inp-13,kernel_add,0.025200,1024x1x1,64x1x1,3584x16x1x1
ffn_norm-13,kernel_rms_norm_mul,0.009200,16384x1x1,1024x1x1,3584x16x1x1
l_out-13,kernel_add,0.023300,1024x1x1,64x1x1,3584x16x1x1
attn_norm-14,kernel_rms_norm_mul,0.009100,16384x1x1,1024x1x1,3584x16x1x1
Qcur-14,kernel_add_row,0.007800,14336x0x0,64x0x0,3584x16x1x1
Qcur-14,kernel_rope_neox_f32,0.005400,1792x16x1,64x1x1,128x28x16x1
Kcur-14,kernel_add_row,0.005600,2048x0x0,64x0x0,512x16x1x1
Kcur-14,kernel_rope_neox_f32,0.002800,256x16x1,64x1x1,128x4x16x1
node_488,kernel_mul_mv_q6_K_f32,0.955300,512x1024x1,2x64x1,512x16x1x1
Vcur-14,kernel_add_row,0.002600,2048x0x0,64x0x0,512x16x1x1
cache_k_l14 (view),kernel_set_rows_f16_i64,0.003300,8192x1x1,512x1x1,512x4096x1x1
cache_v_l14 (view),kernel_set_rows_f16_i64,0.002800,8192x1x1,512x1x1,512x4096x1x1
__fattn__-14,flash_attn_f32_f16,2.683600,32x28x0,32x1x0,128x28x16x1
ffn_inp-14,kernel_add,0.024900,1024x1x1,64x1x1,3584x16x1x1
ffn_norm-14,kernel_rms_norm_mul,0.009200,16384x1x1,1024x1x1,3584x16x1x1
ffn_swiglu-14,kernel_swiglu,0.047500,8192x1x1,512x1x1,18944x16x1x1
ffn_out-14,kernel_mul_mv_q6_K_f32,39.577000,3584x1024x1,2x64x1,3584x16x1x1
l_out-14,kernel_add,0.023400,1024x1x1,64x1x1,3584x16x1x1
attn_norm-15,kernel_rms_norm_mul,0.009100,16384x1x1,1024x1x1,3584x16x1x1
Qcur-15,kernel_add_row,0.010200,14336x0x0,64x0x0,3584x16x1x1
Qcur-15,kernel_rope_neox_f32,0.005600,1792x16x1,64x1x1,128x28x16x1
Kcur-15,kernel_add_row,0.005600,2048x0x0,64x0x0,512x16x1x1
Kcur-15,kernel_rope_neox_f32,0.002700,256x16x1,64x1x1,128x4x16x1
Vcur-15,kernel_add_row,0.005800,2048x0x0,64x0x0,512x16x1x1
cache_k_l15 (view),kernel_set_rows_f16_i64,0.003200,8192x1x1,512x1x1,512x4096x1x1
cache_v_l15 (view),kernel_set_rows_f16_i64,0.002700,8192x1x1,512x1x1,512x4096x1x1
__fattn__-15,flash_attn_f32_f16,2.731700,32x28x0,32x1x0,128x28x16x1
ffn_inp-15,kernel_add,0.024400,1024x1x1,64x1x1,3584x16x1x1
ffn_norm-15,kernel_rms_norm_mul,0.009100,16384x1x1,1024x1x1,3584x16x1x1
l_out-15,kernel_add,0.024300,1024x1x1,64x1x1,3584x16x1x1
attn_norm-16,kernel_rms_norm_mul,0.009200,16384x1x1,1024x1x1,3584x16x1x1
Qcur-16,kernel_add_row,0.013200,14336x0x0,64x0x0,3584x16x1x1
Qcur-16,kernel_rope_neox_f32,0.005500,1792x16x1,64x1x1,128x28x16x1
Kcur-16,kernel_add_row,0.005600,2048x0x0,64x0x0,512x16x1x1
Kcur-16,kernel_rope_neox_f32,0.002700,256x16x1,64x1x1,128x4x16x1
Vcur-16,kernel_add_row,0.005700,2048x0x0,64x0x0,512x16x1x1
cache_k_l16 (view),kernel_set_rows_f16_i64,0.003200,8192x1x1,512x1x1,512x4096x1x1
cache_v_l16 (view),kernel_set_rows_f16_i64,0.002900,8192x1x1,512x1x1,512x4096x1x1
__fattn__-16,flash_attn_f32_f16,2.719100,32x28x0,32x1x0,128x28x16x1
ffn_inp-16,kernel_add,0.025200,1024x1x1,64x1x1,3584x16x1x1
ffn_norm-16,kernel_rms_norm_mul,0.009100,16384x1x1,1024x1x1,3584x16x1x1
l_out-16,kernel_add,0.023800,1024x1x1,64x1x1,3584x16x1x1
attn_norm-17,kernel_rms_norm_mul,0.009200,16384x1x1,1024x1x1,3584x16x1x1
Qcur-17,kernel_add_row,0.007300,14336x0x0,64x0x0,3584x16x1x1
Qcur-17,kernel_rope_neox_f32,0.005500,1792x16x1,64x1x1,128x28x16x1
Kcur-17,kernel_add_row,0.005600,2048x0x0,64x0x0,512x16x1x1
Kcur-17,kernel_rope_neox_f32,0.002800,256x16x1,64x1x1,128x4x16x1
node_590,kernel_mul_mv_q6_K_f32,0.955200,512x1024x1,2x64x1,512x16x1x1
Vcur-17,kernel_add_row,0.002200,2048x0x0,64x0x0,512x16x1x1
cache_k_l17 (view),kernel_set_rows_f16_i64,0.003300,8192x1x1,512x1x1,512x4096x1x1
cache_v_l17 (view),kernel_set_rows_f16_i64,0.002900,8192x1x1,512x1x1,512x4096x1x1
__fattn__-17,flash_attn_f32_f16,2.690700,32x28x0,32x1x0,128x28x16x1
ffn_inp-17,kernel_add,0.025700,1024x1x1,64x1x1,3584x16x1x1
ffn_norm-17,kernel_rms_norm_mul,0.009200,16384x1x1,1024x1x1,3584x16x1x1
ffn_swiglu-17,kernel_swiglu,0.047800,8192x1x1,512x1x1,18944x16x1x1
ffn_out-17,kernel_mul_mv_q6_K_f32,39.613201,3584x1024x1,2x64x1,3584x16x1x1
l_out-17,kernel_add,0.023300,1024x1x1,64x1x1,3584x16x1x1
attn_norm-18,kernel_rms_norm_mul,0.009200,16384x1x1,1024x1x1,3584x16x1x1
Qcur-18,kernel_add_row,0.012700,14336x0x0,64x0x0,3584x16x1x1
Qcur-18,kernel_rope_neox_f32,0.005600,1792x16x1,64x1x1,128x28x16x1
Kcur-18,kernel_add_row,0.005800,2048x0x0,64x0x0,512x16x1x1
Kcur-18,kernel_rope_neox_f32,0.002800,256x16x1,64x1x1,128x4x16x1
Vcur-18,kernel_add_row,0.005600,2048x0x0,64x0x0,512x16x1x1
cache_k_l18 (view),kernel_set_rows_f16_i64,0.003400,8192x1x1,512x1x1,512x4096x1x1
cache_v_l18 (view),kernel_set_rows_f16_i64,0.002800,8192x1x1,512x1x1,512x4096x1x1
__fattn__-18,flash_attn_f32_f16,2.646700,32x28x0,32x1x0,128x28x16x1
ffn_inp-18,kernel_add,0.024400,1024x1x1,64x1x1,3584x16x1x1
ffn_norm-18,kernel_rms_norm_mul,0.009100,16384x1x1,1024x1x1,3584x16x1x1
l_out-18,kernel_add,0.024500,1024x1x1,64x1x1,3584x16x1x1
attn_norm-19,kernel_rms_norm_mul,0.009300,16384x1x1,1024x1x1,3584x16x1x1
Qcur-19,kernel_add_row,0.013300,14336x0x0,64x0x0,3584x16x1x1
Qcur-19,kernel_rope_neox_f32,0.005400,1792x16x1,64x1x1,128x28x16x1
Kcur-19,kernel_add_row,0.005700,2048x0x0,64x0x0,512x16x1x1
Kcur-19,kernel_rope_neox_f32,0.002700,256x16x1,64x1x1,128x4x16x1
Vcur-19,kernel_add_row,0.005600,2048x0x0,64x0x0,512x16x1x1
cache_k_l19 (view),kernel_set_rows_f16_i64,0.003200,8192x1x1,512x1x1,512x4096x1x1
cache_v_l19 (view),kernel_set_rows_f16_i64,0.002800,8192x1x1,512x1x1,512x4096x1x1
__fattn__-19,flash_attn_f32_f16,2.700800,32x28x0,32x1x0,128x28x16x1
ffn_inp-19,kernel_add,0.025400,1024x1x1,64x1x1,3584x16x1x1
ffn_norm-19,kernel_rms_norm_mul,0.009200,16384x1x1,1024x1x1,3584x16x1x1
l_out-19,kernel_add,0.024200,1024x1x1,64x1x1,3584x16x1x1
attn_norm-20,kernel_rms_norm_mul,0.009300,16384x1x1,1024x1x1,3584x16x1x1
Qcur-20,kernel_add_row,0.007200,14336x0x0,64x0x0,3584x16x1x1
Qcur-20,kernel_rope_neox_f32,0.005500,1792x16x1,64x1x1,128x28x16x1
Kcur-20,kernel_add_row,0.005700,2048x0x0,64x0x0,512x16x1x1
Kcur-20,kernel_rope_neox_f32,0.002700,256x16x1,64x1x1,128x4x16x1
node_692,kernel_mul_mv_q6_K_f32,0.954800,512x1024x1,2x64x1,512x16x1x1
Vcur-20,kernel_add_row,0.002500,2048x0x0,64x0x0,512x16x1x1
cache_k_l20 (view),kernel_set_rows_f16_i64,0.003200,8192x1x1,512x1x1,512x4096x1x1
cache_v_l20 (view),kernel_set_rows_f16_i64,0.002800,8192x1x1,512x1x1,512x4096x1x1
__fattn__-20,flash_attn_f32_f16,2.669500,32x28x0,32x1x0,128x28x16x1
ffn_inp-20,kernel_add,0.024800,1024x1x1,64x1x1,3584x16x1x1
ffn_norm-20,kernel_rms_norm_mul,0.009200,16384x1x1,1024x1x1,3584x16x1x1
ffn_swiglu-20,kernel_swiglu,0.047300,8192x1x1,512x1x1,18944x16x1x1
ffn_out-20,kernel_mul_mv_q6_K_f32,39.647499,3584x1024x1,2x64x1,3584x16x1x1
l_out-20,kernel_add,0.022900,1024x1x1,64x1x1,3584x16x1x1
attn_norm-21,kernel_rms_norm_mul,0.009200,16384x1x1,1024x1x1,3584x16x1x1
Qcur-21,kernel_add_row,0.009400,14336x0x0,64x0x0,3584x16x1x1
Qcur-21,kernel_rope_neox_f32,0.005400,1792x16x1,64x1x1,128x28x16x1
Kcur-21,kernel_add_row,0.005600,2048x0x0,64x0x0,512x16x1x1
Kcur-21,kernel_rope_neox_f32,0.002800,256x16x1,64x1x1,128x4x16x1
Vcur-21,kernel_add_row,0.005600,2048x0x0,64x0x0,512x16x1x1
cache_k_l21 (view),kernel_set_rows_f16_i64,0.003300,8192x1x1,512x1x1,512x4096x1x1
cache_v_l21 (view),kernel_set_rows_f16_i64,0.002800,8192x1x1,512x1x1,512x4096x1x1
__fattn__-21,flash_attn_f32_f16,2.691800,32x28x0,32x1x0,128x28x16x1
ffn_inp-21,kernel_add,0.024400,1024x1x1,64x1x1,3584x16x1x1
ffn_norm-21,kernel_rms_norm_mul,0.009300,16384x1x1,1024x1x1,3584x16x1x1
l_out-21,kernel_add,0.024300,1024x1x1,64x1x1,3584x16x1x1
attn_norm-22,kernel_rms_norm_mul,0.009300,16384x1x1,1024x1x1,3584x16x1x1
Qcur-22,kernel_add_row,0.012900,14336x0x0,64x0x0,3584x16x1x1
Qcur-22,kernel_rope_neox_f32,0.005400,1792x16x1,64x1x1,128x28x16x1
Kcur-22,kernel_add_row,0.005600,2048x0x0,64x0x0,512x16x1x1
Kcur-22,kernel_rope_neox_f32,0.002800,256x16x1,64x1x1,128x4x16x1
Vcur-22,kernel_add_row,0.005700,2048x0x0,64x0x0,512x16x1x1
cache_k_l22 (view),kernel_set_rows_f16_i64,0.003500,8192x1x1,512x1x1,512x4096x1x1
cache_v_l22 (view),kernel_set_rows_f16_i64,0.002800,8192x1x1,512x1x1,512x4096x1x1
__fattn__-22,flash_attn_f32_f16,2.706400,32x28x0,32x1x0,128x28x16x1
ffn_inp-22,kernel_add,0.024800,1024x1x1,64x1x1,3584x16x1x1
ffn_norm-22,kernel_rms_norm_mul,0.009300,16384x1x1,1024x1x1,3584x16x1x1
l_out-22,kernel_add,0.023100,1024x1x1,64x1x1,3584x16x1x1
attn_norm-23,kernel_rms_norm_mul,0.009400,16384x1x1,1024x1x1,3584x16x1x1
Qcur-23,kernel_add_row,0.007500,14336x0x0,64x0x0,3584x16x1x1
Qcur-23,kernel_rope_neox_f32,0.005500,1792x16x1,64x1x1,128x28x16x1
Kcur-23,kernel_add_row,0.005700,2048x0x0,64x0x0,512x16x1x1
Kcur-23,kernel_rope_neox_f32,0.002800,256x16x1,64x1x1,128x4x16x1
node_794,kernel_mul_mv_q6_K_f32,0.954300,512x1024x1,2x64x1,512x16x1x1
Vcur-23,kernel_add_row,0.002500,2048x0x0,64x0x0,512x16x1x1
cache_k_l23 (view),kernel_set_rows_f16_i64,0.003300,8192x1x1,512x1x1,512x4096x1x1
cache_v_l23 (view),kernel_set_rows_f16_i64,0.002800,8192x1x1,512x1x1,512x4096x1x1
__fattn__-23,flash_attn_f32_f16,2.699200,32x28x0,32x1x0,128x28x16x1
ffn_inp-23,kernel_add,0.024900,1024x1x1,64x1x1,3584x16x1x1
ffn_norm-23,kernel_rms_norm_mul,0.009300,16384x1x1,1024x1x1,3584x16x1x1
ffn_swiglu-23,kernel_swiglu,0.047200,8192x1x1,512x1x1,18944x16x1x1
ffn_out-23,kernel_mul_mv_q6_K_f32,39.617802,3584x1024x1,2x64x1,3584x16x1x1
l_out-23,kernel_add,0.023700,1024x1x1,64x1x1,3584x16x1x1
attn_norm-24,kernel_rms_norm_mul,0.009100,16384x1x1,1024x1x1,3584x16x1x1
Qcur-24,kernel_add_row,0.008000,14336x0x0,64x0x0,3584x16x1x1
Qcur-24,kernel_rope_neox_f32,0.005400,1792x16x1,64x1x1,128x28x16x1
Kcur-24,kernel_add_row,0.005700,2048x0x0,64x0x0,512x16x1x1
Kcur-24,kernel_rope_neox_f32,0.002800,256x16x1,64x1x1,128x4x16x1
node_828,kernel_mul_mv_q6_K_f32,0.954700,512x1024x1,2x64x1,512x16x1x1
Vcur-24,kernel_add_row,0.002500,2048x0x0,64x0x0,512x16x1x1
cache_k_l24 (view),kernel_set_rows_f16_i64,0.003500,8192x1x1,512x1x1,512x4096x1x1
cache_v_l24 (view),kernel_set_rows_f16_i64,0.002800,8192x1x1,512x1x1,512x4096x1x1
__fattn__-24,flash_attn_f32_f16,2.697700,32x28x0,32x1x0,128x28x16x1
ffn_inp-24,kernel_add,0.023500,1024x1x1,64x1x1,3584x16x1x1
ffn_norm-24,kernel_rms_norm_mul,0.009200,16384x1x1,1024x1x1,3584x16x1x1
ffn_swiglu-24,kernel_swiglu,0.047400,8192x1x1,512x1x1,18944x16x1x1
ffn_out-24,kernel_mul_mv_q6_K_f32,39.594501,3584x1024x1,2x64x1,3584x16x1x1
l_out-24,kernel_add,0.023400,1024x1x1,64x1x1,3584x16x1x1
attn_norm-25,kernel_rms_norm_mul,0.009200,16384x1x1,1024x1x1,3584x16x1x1
Qcur-25,kernel_add_row,0.008300,14336x0x0,64x0x0,3584x16x1x1
Qcur-25,kernel_rope_neox_f32,0.005400,1792x16x1,64x1x1,128x28x16x1
Kcur-25,kernel_add_row,0.005600,2048x0x0,64x0x0,512x16x1x1
Kcur-25,kernel_rope_neox_f32,0.002700,256x16x1,64x1x1,128x4x16x1
node_862,kernel_mul_mv_q6_K_f32,0.953100,512x1024x1,2x64x1,512x16x1x1
Vcur-25,kernel_add_row,0.002200,2048x0x0,64x0x0,512x16x1x1
cache_k_l25 (view),kernel_set_rows_f16_i64,0.003300,8192x1x1,512x1x1,512x4096x1x1
cache_v_l25 (view),kernel_set_rows_f16_i64,0.002800,8192x1x1,512x1x1,512x4096x1x1
__fattn__-25,flash_attn_f32_f16,2.728100,32x28x0,32x1x0,128x28x16x1
ffn_inp-25,kernel_add,0.024000,1024x1x1,64x1x1,3584x16x1x1
ffn_norm-25,kernel_rms_norm_mul,0.009200,16384x1x1,1024x1x1,3584x16x1x1
ffn_swiglu-25,kernel_swiglu,0.047500,8192x1x1,512x1x1,18944x16x1x1
ffn_out-25,kernel_mul_mv_q6_K_f32,39.600899,3584x1024x1,2x64x1,3584x16x1x1
l_out-25,kernel_add,0.023300,1024x1x1,64x1x1,3584x16x1x1
attn_norm-26,kernel_rms_norm_mul,0.009200,16384x1x1,1024x1x1,3584x16x1x1
Qcur-26,kernel_add_row,0.007800,14336x0x0,64x0x0,3584x16x1x1
Qcur-26,kernel_rope_neox_f32,0.005400,1792x16x1,64x1x1,128x28x16x1
Kcur-26,kernel_add_row,0.005700,2048x0x0,64x0x0,512x16x1x1
Kcur-26,kernel_rope_neox_f32,0.002700,256x16x1,64x1x1,128x4x16x1
node_896,kernel_mul_mv_q6_K_f32,0.955400,512x1024x1,2x64x1,512x16x1x1
Vcur-26,kernel_add_row,0.002600,2048x0x0,64x0x0,512x16x1x1
cache_k_l26 (view),kernel_set_rows_f16_i64,0.003300,8192x1x1,512x1x1,512x4096x1x1
cache_v_l26 (view),kernel_set_rows_f16_i64,0.002800,8192x1x1,512x1x1,512x4096x1x1
__fattn__-26,flash_attn_f32_f16,2.677000,32x28x0,32x1x0,128x28x16x1
ffn_inp-26,kernel_add,0.023800,1024x1x1,64x1x1,3584x16x1x1
ffn_norm-26,kernel_rms_norm_mul,0.009100,16384x1x1,1024x1x1,3584x16x1x1
ffn_swiglu-26,kernel_swiglu,0.048100,8192x1x1,512x1x1,18944x16x1x1
ffn_out-26,kernel_mul_mv_q6_K_f32,39.603500,3584x1024x1,2x64x1,3584x16x1x1
l_out-26,kernel_add,0.023600,1024x1x1,64x1x1,3584x16x1x1
attn_norm-27,kernel_rms_norm_mul,0.009200,16384x1x1,1024x1x1,3584x16x1x1
Qcur-27,kernel_add_row,0.007700,14336x0x0,64x0x0,3584x16x1x1
Qcur-27,kernel_rope_neox_f32,0.005500,1792x16x1,64x1x1,128x28x16x1
Kcur-27,kernel_add_row,0.005700,2048x0x0,64x0x0,512x16x1x1
Kcur-27,kernel_rope_neox_f32,0.002700,256x16x1,64x1x1,128x4x16x1
node_930,kernel_mul_mv_q6_K_f32,0.956500,512x1024x1,2x64x1,512x16x1x1
Vcur-27,kernel_add_row,0.002600,2048x0x0,64x0x0,512x16x1x1
cache_k_l27 (view),kernel_set_rows_f16_i64,0.003400,8192x1x1,512x1x1,512x4096x1x1
cache_v_l27 (view),kernel_set_rows_f16_i64,0.002800,8192x1x1,512x1x1,512x4096x1x1
__fattn__-27,flash_attn_f32_f16,2.695200,32x28x0,32x1x0,128x28x16x1
attn_norm-0,kernel_rms_norm_mul,0.012400,16384x1x1,1024x1x1,3584x16x1x1
Qcur-0,kernel_add_row,0.007900,14336x0x0,64x0x0,3584x16x1x1
Qcur-0,kernel_rope_neox_f32,0.005600,1792x16x1,64x1x1,128x28x16x1
Kcur-0,kernel_add_row,0.005700,2048x0x0,64x0x0,512x16x1x1
Kcur-0,kernel_rope_neox_f32,0.002900,256x16x1,64x1x1,128x4x16x1
node_11,kernel_mul_mv_q6_K_f32,0.954900,512x1024x1,2x64x1,512x16x1x1
Vcur-0,kernel_add_row,0.002600,2048x0x0,64x0x0,512x16x1x1
cache_k_l0 (view),kernel_set_rows_f16_i64,0.003400,8192x1x1,512x1x1,512x4096x1x1
cache_v_l0 (view),kernel_set_rows_f16_i64,0.002900,8192x1x1,512x1x1,512x4096x1x1
 (copy),kernel_cpy_f32_f16,0.004800,4096x1x1,64x1x1,512x64x1x1
__fattn__-0,flash_attn_f32_f16,2.702300,32x28x0,32x1x0,128x28x16x1
ffn_inp-0,kernel_add,0.025800,1024x1x1,64x1x1,3584x16x1x1
ffn_norm-0,kernel_rms_norm_mul,0.009200,16384x1x1,1024x1x1,3584x16x1x1
ffn_swiglu-0,kernel_swiglu,0.046800,8192x1x1,512x1x1,18944x16x1x1
ffn_out-0,kernel_mul_mv_q6_K_f32,39.596500,3584x1024x1,2x64x1,3584x16x1x1
l_out-0,kernel_add,0.023000,1024x1x1,64x1x1,3584x16x1x1
attn_norm-1,kernel_rms_norm_mul,0.009200,16384x1x1,1024x1x1,3584x16x1x1
Qcur-1,kernel_add_row,0.007700,14336x0x0,64x0x0,3584x16x1x1
Qcur-1,kernel_rope_neox_f32,0.005600,1792x16x1,64x1x1,128x28x16x1
Kcur-1,kernel_add_row,0.005600,2048x0x0,64x0x0,512x16x1x1
Kcur-1,kernel_rope_neox_f32,0.003000,256x16x1,64x1x1,128x4x16x1
node_46,kernel_mul_mv_q6_K_f32,0.954300,512x1024x1,2x64x1,512x16x1x1
Vcur-1,kernel_add_row,0.002600,2048x0x0,64x0x0,512x16x1x1
cache_k_l1 (view),kernel_set_rows_f16_i64,0.003100,8192x1x1,512x1x1,512x4096x1x1
cache_v_l1 (view),kernel_set_rows_f16_i64,0.002800,8192x1x1,512x1x1,512x4096x1x1
__fattn__-1,flash_attn_f32_f16,2.667800,32x28x0,32x1x0,128x28x16x1
ffn_inp-1,kernel_add,0.024000,1024x1x1,64x1x1,3584x16x1x1
ffn_norm-1,kernel_rms_norm_mul,0.009300,16384x1x1,1024x1x1,3584x16x1x1
ffn_swiglu-1,kernel_swiglu,0.046800,8192x1x1,512x1x1,18944x16x1x1
ffn_out-1,kernel_mul_mv_q6_K_f32,39.614201,3584x1024x1,2x64x1,3584x16x1x1
l_out-1,kernel_add,0.023300,1024x1x1,64x1x1,3584x16x1x1
attn_norm-2,kernel_rms_norm_mul,0.009100,16384x1x1,1024x1x1,3584x16x1x1
Qcur-2,kernel_add_row,0.007700,14336x0x0,64x0x0,3584x16x1x1
Qcur-2,kernel_rope_neox_f32,0.005500,1792x16x1,64x1x1,128x28x16x1
Kcur-2,kernel_add_row,0.005700,2048x0x0,64x0x0,512x16x1x1
Kcur-2,kernel_rope_neox_f32,0.002900,256x16x1,64x1x1,128x4x16x1
node_80,kernel_mul_mv_q6_K_f32,0.958700,512x1024x1,2x64x1,512x16x1x1
Vcur-2,kernel_add_row,0.002500,2048x0x0,64x0x0,512x16x1x1
cache_k_l2 (view),kernel_set_rows_f16_i64,0.003400,8192x1x1,512x1x1,512x4096x1x1
cache_v_l2 (view),kernel_set_rows_f16_i64,0.002800,8192x1x1,512x1x1,512x4096x1x1
__fattn__-2,flash_attn_f32_f16,2.714100,32x28x0,32x1x0,128x28x16x1
ffn_inp-2,kernel_add,0.024100,1024x1x1,64x1x1,3584x16x1x1
ffn_norm-2,kernel_rms_norm_mul,0.009200,16384x1x1,1024x1x1,3584x16x1x1
ffn_swiglu-2,kernel_swiglu,0.047900,8192x1x1,512x1x1,18944x16x1x1
ffn_out-2,kernel_mul_mv_q6_K_f32,40.408100,3584x1024x1,2x64x1,3584x16x1x1
l_out-2,kernel_add,0.023200,1024x1x1,64x1x1,3584x16x1x1
attn_norm-3,kernel_rms_norm_mul,0.009200,16384x1x1,1024x1x1,3584x16x1x1
Qcur-3,kernel_add_row,0.012500,14336x0x0,64x0x0,3584x16x1x1
Qcur-3,kernel_rope_neox_f32,0.005400,1792x16x1,64x1x1,128x28x16x1
Kcur-3,kernel_add_row,0.005500,2048x0x0,64x0x0,512x16x1x1
Kcur-3,kernel_rope_neox_f32,0.002700,256x16x1,64x1x1,128x4x16x1
Vcur-3,kernel_add_row,0.005700,2048x0x0,64x0x0,512x16x1x1
cache_k_l3 (view),kernel_set_rows_f16_i64,0.003300,8192x1x1,512x1x1,512x4096x1x1
cache_v_l3 (view),kernel_set_rows_f16_i64,0.002900,8192x1x1,512x1x1,512x4096x1x1
__fattn__-3,flash_attn_f32_f16,2.641500,32x28x0,32x1x0,128x28x16x1
ffn_inp-3,kernel_add,0.023900,1024x1x1,64x1x1,3584x16x1x1
ffn_norm-3,kernel_rms_norm_mul,0.009100,16384x1x1,1024x1x1,3584x16x1x1
l_out-3,kernel_add,0.024200,1024x1x1,64x1x1,3584x16x1x1
attn_norm-4,kernel_rms_norm_mul,0.009100,16384x1x1,1024x1x1,3584x16x1x1
Qcur-4,kernel_add_row,0.013200,14336x0x0,64x0x0,3584x16x1x1
Qcur-4,kernel_rope_neox_f32,0.005600,1792x16x1,64x1x1,128x28x16x1
Kcur-4,kernel_add_row,0.005600,2048x0x0,64x0x0,512x16x1x1
Kcur-4,kernel_rope_neox_f32,0.002800,256x16x1,64x1x1,128x4x16x1
Vcur-4,kernel_add_row,0.005500,2048x0x0,64x0x0,512x16x1x1
cache_k_l4 (view),kernel_set_rows_f16_i64,0.003400,8192x1x1,512x1x1,512x4096x1x1
cache_v_l4 (view),kernel_set_rows_f16_i64,0.002700,8192x1x1,512x1x1,512x4096x1x1
__fattn__-4,flash_attn_f32_f16,2.737500,32x28x0,32x1x0,128x28x16x1
ffn_inp-4,kernel_add,0.025400,1024x1x1,64x1x1,3584x16x1x1
ffn_norm-4,kernel_rms_norm_mul,0.009100,16384x1x1,1024x1x1,3584x16x1x1
l_out-4,kernel_add,0.024000,1024x1x1,64x1x1,3584x16x1x1
attn_norm-5,kernel_rms_norm_mul,0.009200,16384x1x1,1024x1x1,3584x16x1x1
Qcur-5,kernel_add_row,0.007600,14336x0x0,64x0x0,3584x16x1x1
Qcur-5,kernel_rope_neox_f32,0.005400,1792x16x1,64x1x1,128x28x16x1
Kcur-5,kernel_add_row,0.005600,2048x0x0,64x0x0,512x16x1x1
Kcur-5,kernel_rope_neox_f32,0.002900,256x16x1,64x1x1,128x4x16x1
node_182,kernel_mul_mv_q6_K_f32,0.956400,512x1024x1,2x64x1,512x16x1x1
Vcur-5,kernel_add_row,0.002500,2048x0x0,64x0x0,512x16x1x1
cache_k_l5 (view),kernel_set_rows_f16_i64,0.003200,8192x1x1,512x1x1,512x4096x1x1
cache_v_l5 (view),kernel_set_rows_f16_i64,0.002700,8192x1x1,512x1x1,512x4096x1x1
__fattn__-5,flash_attn_f32_f16,2.693100,32x28x0,32x1x0,128x28x16x1
ffn_inp-5,kernel_add,0.024700,1024x1x1,64x1x1,3584x16x1x1
ffn_norm-5,kernel_rms_norm_mul,0.009300,16384x1x1,1024x1x1,3584x16x1x1
ffn_swiglu-5,kernel_swiglu,0.047200,8192x1x1,512x1x1,18944x16x1x1
ffn_out-5,kernel_mul_mv_q6_K_f32,40.521900,3584x1024x1,2x64x1,3584x16x1x1
l_out-5,kernel_add,0.023100,1024x1x1,64x1x1,3584x16x1x1
attn_norm-6,kernel_rms_norm_mul,0.009200,16384x1x1,1024x1x1,3584x16x1x1
Qcur-6,kernel_add_row,0.012600,14336x0x0,64x0x0,3584x16x1x1
Qcur-6,kernel_rope_neox_f32,0.005600,1792x16x1,64x1x1,128x28x16x1
Kcur-6,kernel_add_row,0.005600,2048x0x0,64x0x0,512x16x1x1
Kcur-6,kernel_rope_neox_f32,0.002800,256x16x1,64x1x1,128x4x16x1
Vcur-6,kernel_add_row,0.005600,2048x0x0,64x0x0,512x16x1x1
cache_k_l6 (view),kernel_set_rows_f16_i64,0.003300,8192x1x1,512x1x1,512x4096x1x1
cache_v_l6 (view),kernel_set_rows_f16_i64,0.002900,8192x1x1,512x1x1,512x4096x1x1
__fattn__-6,flash_attn_f32_f16,2.690000,32x28x0,32x1x0,128x28x16x1
ffn_inp-6,kernel_add,0.024500,1024x1x1,64x1x1,3584x16x1x1
ffn_norm-6,kernel_rms_norm_mul,0.009200,16384x1x1,1024x1x1,3584x16x1x1
l_out-6,kernel_add,0.024300,1024x1x1,64x1x1,3584x16x1x1
attn_norm-7,kernel_rms_norm_mul,0.009200,16384x1x1,1024x1x1,3584x16x1x1
Qcur-7,kernel_add_row,0.013100,14336x0x0,64x0x0,3584x16x1x1
Qcur-7,kernel_rope_neox_f32,0.005400,1792x16x1,64x1x1,128x28x16x1
Kcur-7,kernel_add_row,0.005800,2048x0x0,64x0x0,512x16x1x1
Kcur-7,kernel_rope_neox_f32,0.002700,256x16x1,64x1x1,128x4x16x1
Vcur-7,kernel_add_row,0.005500,2048x0x0,64x0x0,512x16x1x1
cache_k_l7 (view),kernel_set_rows_f16_i64,0.003200,8192x1x1,512x1x1,512x4096x1x1
cache_v_l7 (view),kernel_set_rows_f16_i64,0.002800,8192x1x1,512x1x1,512x4096x1x1
__fattn__-7,flash_attn_f32_f16,2.727400,32x28x0,32x1x0,128x28x16x1
ffn_inp-7,kernel_add,0.025000,1024x1x1,64x1x1,3584x16x1x1
ffn_norm-7,kernel_rms_norm_mul,0.009200,16384x1x1,1024x1x1,3584x16x1x1
l_out-7,kernel_add,0.023100,1024x1x1,64x1x1,3584x16x1x1
attn_norm-8,kernel_rms_norm_mul,0.009200,16384x1x1,1024x1x1,3584x16x1x1
Qcur-8,kernel_add_row,0.007400,14336x0x0,64x0x0,3584x16x1x1
Qcur-8,kernel_rope_neox_f32,0.005400,1792x16x1,64x1x1,128x28x16x1
Kcur-8,kernel_add_row,0.005700,2048x0x0,64x0x0,512x16x1x1
Kcur-8,kernel_rope_neox_f32,0.003000,256x16x1,64x1x1,128x4x16x1
node_284,kernel_mul_mv_q6_K_f32,0.955700,512x1024x1,2x64x1,512x16x1x1
Vcur-8,kernel_add_row,0.002600,2048x0x0,64x0x0,512x16x1x1
cache_k_l8 (view),kernel_set_rows_f16_i64,0.003400,8192x1x1,512x1x1,512x4096x1x1
cache_v_l8 (view),kernel_set_rows_f16_i64,0.002900,8192x1x1,512x1x1,512x4096x1x1
__fattn__-8,flash_attn_f32_f16,2.699700,32x28x0,32x1x0,128x28x16x1
ffn_inp-8,kernel_add,0.025600,1024x1x1,64x1x1,3584x16x1x1
ffn_norm-8,kernel_rms_norm_mul,0.009100,16384x1x1,1024x1x1,3584x16x1x1
ffn_swiglu-8,kernel_swiglu,0.047500,8192x1x1,512x1x1,18944x16x1x1
ffn_out-8,kernel_mul_mv_q6_K_f32,40.244400,3584x1024x1,2x64x1,3584x16x1x1
l_out-8,kernel_add,0.022900,1024x1x1,64x1x1,3584x16x1x1
attn_norm-9,kernel_rms_norm_mul,0.009200,16384x1x1,1024x1x1,3584x16x1x1
Qcur-9,kernel_add_row,0.012600,14336x0x0,64x0x0,3584x16x1x1
Qcur-9,kernel_rope_neox_f32,0.005400,1792x16x1,64x1x1,128x28x16x1
Kcur-9,kernel_add_row,0.005700,2048x0x0,64x0x0,512x16x1x1
Kcur-9,kernel_rope_neox_f32,0.002700,256x16x1,64x1x1,128x4x16x1
Vcur-9,kernel_add_row,0.005600,2048x0x0,64x0x0,512x16x1x1
cache_k_l9 (view),kernel_set_rows_f16_i64,0.003400,8192x1x1,512x1x1,512x4096x1x1
cache_v_l9 (view),kernel_set_rows_f16_i64,0.002900,8192x1x1,512x1x1,512x4096x1x1
__fattn__-9,flash_attn_f32_f16,2.690900,32x28x0,32x1x0,128x28x16x1
ffn_inp-9,kernel_add,0.024000,1024x1x1,64x1x1,3584x16x1x1
ffn_norm-9,kernel_rms_norm_mul,0.009200,16384x1x1,1024x1x1,3584x16x1x1
l_out-9,kernel_add,0.024300,1024x1x1,64x1x1,3584x16x1x1
attn_norm-10,kernel_rms_norm_mul,0.009100,16384x1x1,1024x1x1,3584x16x1x1
Qcur-10,kernel_add_row,0.013100,14336x0x0,64x0x0,3584x16x1x1
Qcur-10,kernel_rope_neox_f32,0.005500,1792x16x1,64x1x1,128x28x16x1
Kcur-10,kernel_add_row,0.005700,2048x0x0,64x0x0,512x16x1x1
Kcur-10,kernel_rope_neox_f32,0.002700,256x16x1,64x1x1,128x4x16x1
Vcur-10,kernel_add_row,0.005800,2048x0x0,64x0x0,512x16x1x1
cache_k_l10 (view),kernel_set_rows_f16_i64,0.003300,8192x1x1,512x1x1,512x4096x1x1
cache_v_l10 (view),kernel_set_rows_f16_i64,0.002800,8192x1x1,512x1x1,512x4096x1x1
__fattn__-10,flash_attn_f32_f16,2.722700,32x28x0,32x1x0,128x28x16x1
ffn_inp-10,kernel_add,0.025300,1024x1x1,64x1x1,3584x16x1x1
ffn_norm-10,kernel_rms_norm_mul,0.009200,16384x1x1,1024x1x1,3584x16x1x1
l_out-10,kernel_add,0.024600,1024x1x1,64x1x1,3584x16x1x1
attn_norm-11,kernel_rms_norm_mul,0.009100,16384x1x1,1024x1x1,3584x16x1x1
Qcur-11,kernel_add_row,0.007200,14336x0x0,64x0x0,3584x16x1x1
Qcur-11,kernel_rope_neox_f32,0.005600,1792x16x1,64x1x1,128x28x16x1
Kcur-11,kernel_add_row,0.005600,2048x0x0,64x0x0,512x16x1x1
Kcur-11,kernel_rope_neox_f32,0.002800,256x16x1,64x1x1,128x4x16x1
node_386,kernel_mul_mv_q6_K_f32,0.953900,512x1024x1,2x64x1,512x16x1x1
Vcur-11,kernel_add_row,0.002200,2048x0x0,64x0x0,512x16x1x1
cache_k_l11 (view),kernel_set_rows_f16_i64,0.003300,8192x1x1,512x1x1,512x4096x1x1
cache_v_l11 (view),kernel_set_rows_f16_i64,0.002800,8192x1x1,512x1x1,512x4096x1x1
__fattn__-11,flash_attn_f32_f16,2.715000,32x28x0,32x1x0,128x28x16x1
ffn_inp-11,kernel_add,0.024800,1024x1x1,64x1x1,3584x16x1x1
ffn_norm-11,kernel_rms_norm_mul,0.009200,16384x1x1,1024x1x1,3584x16x1x1
ffn_swiglu-11,kernel_swiglu,0.048800,8192x1x1,512x1x1,18944x16x1x1
ffn_out-11,kernel_mul_mv_q6_K_f32,39.613602,3584x1024x1,2x64x1,3584x16x1x1
l_out-11,kernel_add,0.023200,1024x1x1,64x1x1,3584x16x1x1
attn_norm-12,kernel_rms_norm_mul,0.009200,16384x1x1,1024x1x1,3584x16x1x1
Qcur-12,kernel_add_row,0.011800,14336x0x0,64x0x0,3584x16x1x1
Qcur-12,kernel_rope_neox_f32,0.005400,1792x16x1,64x1x1,128x28x16x1
Kcur-12,kernel_add_row,0.005600,2048x0x0,64x0x0,512x16x1x1
Kcur-12,kernel_rope_neox_f32,0.002700,256x16x1,64x1x1,128x4x16x1
Vcur-12,kernel_add_row,0.005600,2048x0x0,64x0x0,512x16x1x1
cache_k_l12 (view),kernel_set_rows_f16_i64,0.003400,8192x1x1,512x1x1,512x4096x1x1
cache_v_l12 (view),kernel_set_rows_f16_i64,0.002800,8192x1x1,512x1x1,512x4096x1x1
__fattn__-12,flash_attn_f32_f16,2.729500,32x28x0,32x1x0,128x28x16x1
ffn_inp-12,kernel_add,0.024600,1024x1x1,64x1x1,3584x16x1x1
ffn_norm-12,kernel_rms_norm_mul,0.009100,16384x1x1,1024x1x1,3584x16x1x1
l_out-12,kernel_add,0.023900,1024x1x1,64x1x1,3584x16x1x1
attn_norm-13,kernel_rms_norm_mul,0.009200,16384x1x1,1024x1x1,3584x16x1x1
Qcur-13,kernel_add_row,0.013000,14336x0x0,64x0x0,3584x16x1x1
Qcur-13,kernel_rope_neox_f32,0.005500,1792x16x1,64x1x1,128x28x16x1
Kcur-13,kernel_add_row,0.005700,2048x0x0,64x0x0,512x16x1x1
Kcur-13,kernel_rope_neox_f32,0.002800,256x16x1,64x1x1,128x4x16x1
Vcur-13,kernel_add_row,0.005600,2048x0x0,64x0x0,512x16x1x1
cache_k_l13 (view),kernel_set_rows_f16_i64,0.003300,8192x1x1,512x1x1,512x4096x1x1
cache_v_l13 (view),kernel_set_rows_f16_i64,0.002800,8192x1x1,512x1x1,512x4096x1x1
__fattn__-13,flash_attn_f32_f16,2.645000,32x28x0,32x1x0,128x28x16x1
ffn_inp-13,kernel_add,0.025400,1024x1x1,64x1x1,3584x16x1x1
ffn_norm-13,kernel_rms_norm_mul,0.009200,16384x1x1,1024x1x1,3584x16x1x1
l_out-13,kernel_add,0.023300,1024x1x1,64x1x1,3584x16x1x1
attn_norm-14,kernel_rms_norm_mul,0.009100,16384x1x1,1024x1x1,3584x16x1x1
Qcur-14,kernel_add_row,0.007600,14336x0x0,64x0x0,3584x16x1x1
Qcur-14,kernel_rope_neox_f32,0.005500,1792x16x1,64x1x1,128x28x16x1
Kcur-14,kernel_add_row,0.005700,2048x0x0,64x0x0,512x16x1x1
Kcur-14,kernel_rope_neox_f32,0.002800,256x16x1,64x1x1,128x4x16x1
node_488,kernel_mul_mv_q6_K_f32,0.955000,512x1024x1,2x64x1,512x16x1x1
Vcur-14,kernel_add_row,0.002400,2048x0x0,64x0x0,512x16x1x1
cache_k_l14 (view),kernel_set_rows_f16_i64,0.003200,8192x1x1,512x1x1,512x4096x1x1
cache_v_l14 (view),kernel_set_rows_f16_i64,0.002800,8192x1x1,512x1x1,512x4096x1x1
__fattn__-14,flash_attn_f32_f16,2.689000,32x28x0,32x1x0,128x28x16x1
ffn_inp-14,kernel_add,0.025000,1024x1x1,64x1x1,3584x16x1x1
ffn_norm-14,kernel_rms_norm_mul,0.009300,16384x1x1,1024x1x1,3584x16x1x1
ffn_swiglu-14,kernel_swiglu,0.048000,8192x1x1,512x1x1,18944x16x1x1
ffn_out-14,kernel_mul_mv_q6_K_f32,39.561001,3584x1024x1,2x64x1,3584x16x1x1
l_out-14,kernel_add,0.023100,1024x1x1,64x1x1,3584x16x1x1
attn_norm-15,kernel_rms_norm_mul,0.009100,16384x1x1,1024x1x1,3584x16x1x1
Qcur-15,kernel_add_row,0.012300,14336x0x0,64x0x0,3584x16x1x1
Qcur-15,kernel_rope_neox_f32,0.005500,1792x16x1,64x1x1,128x28x16x1
Kcur-15,kernel_add_row,0.005700,2048x0x0,64x0x0,512x16x1x1
Kcur-15,kernel_rope_neox_f32,0.002700,256x16x1,64x1x1,128x4x16x1
Vcur-15,kernel_add_row,0.005700,2048x0x0,64x0x0,512x16x1x1
cache_k_l15 (view),kernel_set_rows_f16_i64,0.003300,8192x1x1,512x1x1,512x4096x1x1
cache_v_l15 (view),kernel_set_rows_f16_i64,0.002800,8192x1x1,512x1x1,512x4096x1x1
__fattn__-15,flash_attn_f32_f16,2.692800,32x28x0,32x1x0,128x28x16x1
ffn_inp-15,kernel_add,0.024200,1024x1x1,64x1x1,3584x16x1x1
ffn_norm-15,kernel_rms_norm_mul,0.009300,16384x1x1,1024x1x1,3584x16x1x1
l_out-15,kernel_add,0.024400,1024x1x1,64x1x1,3584x16x1x1
attn_norm-16,kernel_rms_norm_mul,0.009100,16384x1x1,1024x1x1,3584x16x1x1
Qcur-16,kernel_add_row,0.012700,14336x0x0,64x0x0,3584x16x1x1
Qcur-16,kernel_rope_neox_f32,0.005500,1792x16x1,64x1x1,128x28x16x1
Kcur-16,kernel_add_row,0.005800,2048x0x0,64x0x0,512x16x1x1
Kcur-16,kernel_rope_neox_f32,0.002900,256x16x1,64x1x1,128x4x16x1
Vcur-16,kernel_add_row,0.005800,2048x0x0,64x0x0,512x16x1x1
cache_k_l16 (view),kernel_set_rows_f16_i64,0.003300,8192x1x1,512x1x1,512x4096x1x1
cache_v_l16 (view),kernel_set_rows_f16_i64,0.002800,8192x1x1,512x1x1,512x4096x1x1
__fattn__-16,flash_attn_f32_f16,2.641800,32x28x0,32x1x0,128x28x16x1
ffn_inp-16,kernel_add,0.025100,1024x1x1,64x1x1,3584x16x1x1
ffn_norm-16,kernel_rms_norm_mul,0.009200,16384x1x1,1024x1x1,3584x16x1x1
l_out-16,kernel_add,0.023000,1024x1x1,64x1x1,3584x16x1x1
attn_norm-17,kernel_rms_norm_mul,0.009100,16384x1x1,1024x1x1,3584x16x1x1
Qcur-17,kernel_add_row,0.007200,14336x0x0,64x0x0,3584x16x1x1
Qcur-17,kernel_rope_neox_f32,0.005400,1792x16x1,64x1x1,128x28x16x1
Kcur-17,kernel_add_row,0.005700,2048x0x0,64x0x0,512x16x1x1
Kcur-17,kernel_rope_neox_f32,0.002700,256x16x1,64x1x1,128x4x16x1
node_590,kernel_mul_mv_q6_K_f32,0.954800,512x1024x1,2x64x1,512x16x1x1
Vcur-17,kernel_add_row,0.002500,2048x0x0,64x0x0,512x16x1x1
cache_k_l17 (view),kernel_set_rows_f16_i64,0.003200,8192x1x1,512x1x1,512x4096x1x1
cache_v_l17 (view),kernel_set_rows_f16_i64,0.002900,8192x1x1,512x1x1,512x4096x1x1
__fattn__-17,flash_attn_f32_f16,2.716500,32x28x0,32x1x0,128x28x16x1
ffn_inp-17,kernel_add,0.024900,1024x1x1,64x1x1,3584x16x1x1
ffn_norm-17,kernel_rms_norm_mul,0.009200,16384x1x1,1024x1x1,3584x16x1x1
ffn_swiglu-17,kernel_swiglu,0.055100,8192x1x1,512x1x1,18944x16x1x1
ffn_out-17,kernel_mul_mv_q6_K_f32,39.884102,3584x1024x1,2x64x1,3584x16x1x1
l_out-17,kernel_add,0.023400,1024x1x1,64x1x1,3584x16x1x1
attn_norm-18,kernel_rms_norm_mul,0.009300,16384x1x1,1024x1x1,3584x16x1x1
Qcur-18,kernel_add_row,0.012800,14336x0x0,64x0x0,3584x16x1x1
Qcur-18,kernel_rope_neox_f32,0.005300,1792x16x1,64x1x1,128x28x16x1
Kcur-18,kernel_add_row,0.005700,2048x0x0,64x0x0,512x16x1x1
Kcur-18,kernel_rope_neox_f32,0.002700,256x16x1,64x1x1,128x4x16x1
Vcur-18,kernel_add_row,0.005600,2048x0x0,64x0x0,512x16x1x1
cache_k_l18 (view),kernel_set_rows_f16_i64,0.003300,8192x1x1,512x1x1,512x4096x1x1
cache_v_l18 (view),kernel_set_rows_f16_i64,0.002800,8192x1x1,512x1x1,512x4096x1x1
__fattn__-18,flash_attn_f32_f16,2.694600,32x28x0,32x1x0,128x28x16x1
ffn_inp-18,kernel_add,0.034700,1024x1x1,64x1x1,3584x16x1x1
ffn_norm-18,kernel_rms_norm_mul,0.009300,16384x1x1,1024x1x1,3584x16x1x1
l_out-18,kernel_add,0.024300,1024x1x1,64x1x1,3584x16x1x1
attn_norm-19,kernel_rms_norm_mul,0.009200,16384x1x1,1024x1x1,3584x16x1x1
Qcur-19,kernel_add_row,0.013300,14336x0x0,64x0x0,3584x16x1x1
Qcur-19,kernel_rope_neox_f32,0.005500,1792x16x1,64x1x1,128x28x16x1
Kcur-19,kernel_add_row,0.005800,2048x0x0,64x0x0,512x16x1x1
Kcur-19,kernel_rope_neox_f32,0.002700,256x16x1,64x1x1,128x4x16x1
Vcur-19,kernel_add_row,0.005700,2048x0x0,64x0x0,512x16x1x1
cache_k_l19 (view),kernel_set_rows_f16_i64,0.003300,8192x1x1,512x1x1,512x4096x1x1
cache_v_l19 (view),kernel_set_rows_f16_i64,0.002800,8192x1x1,512x1x1,512x4096x1x1
__fattn__-19,flash_attn_f32_f16,2.685000,32x28x0,32x1x0,128x28x16x1
ffn_inp-19,kernel_add,0.024700,1024x1x1,64x1x1,3584x16x1x1
ffn_norm-19,kernel_rms_norm_mul,0.009200,16384x1x1,1024x1x1,3584x16x1x1
l_out-19,kernel_add,0.023000,1024x1x1,64x1x1,3584x16x1x1
attn_norm-20,kernel_rms_norm_mul,0.009100,16384x1x1,1024x1x1,3584x16x1x1
Qcur-20,kernel_add_row,0.007300,14336x0x0,64x0x0,3584x16x1x1
Qcur-20,kernel_rope_neox_f32,0.005600,1792x16x1,64x1x1,128x28x16x1
Kcur-20,kernel_add_row,0.005700,2048x0x0,64x0x0,512x16x1x1
Kcur-20,kernel_rope_neox_f32,0.002700,256x16x1,64x1x1,128x4x16x1
node_692,kernel_mul_mv_q6_K_f32,0.954600,512x1024x1,2x64x1,512x16x1x1
Vcur-20,kernel_add_row,0.002600,2048x0x0,64x0x0,512x16x1x1
cache_k_l20 (view),kernel_set_rows_f16_i64,0.003300,8192x1x1,512x1x1,512x4096x1x1
cache_v_l20 (view),kernel_set_rows_f16_i64,0.002900,8192x1x1,512x1x1,512x4096x1x1
__fattn__-20,flash_attn_f32_f16,2.663500,32x28x0,32x1x0,128x28x16x1
ffn_inp-20,kernel_add,0.024700,1024x1x1,64x1x1,3584x16x1x1
ffn_norm-20,kernel_rms_norm_mul,0.009200,16384x1x1,1024x1x1,3584x16x1x1
ffn_swiglu-20,kernel_swiglu,0.047000,8192x1x1,512x1x1,18944x16x1x1
ffn_out-20,kernel_mul_mv_q6_K_f32,39.635300,3584x1024x1,2x64x1,3584x16x1x1
l_out-20,kernel_add,0.023900,1024x1x1,64x1x1,3584x16x1x1
attn_norm-21,kernel_rms_norm_mul,0.009300,16384x1x1,1024x1x1,3584x16x1x1
Qcur-21,kernel_add_row,0.012800,14336x0x0,64x0x0,3584x16x1x1
Qcur-21,kernel_rope_neox_f32,0.005400,1792x16x1,64x1x1,128x28x16x1
Kcur-21,kernel_add_row,0.005700,2048x0x0,64x0x0,512x16x1x1
Kcur-21,kernel_rope_neox_f32,0.002800,256x16x1,64x1x1,128x4x16x1
Vcur-21,kernel_add_row,0.005600,2048x0x0,64x0x0,512x16x1x1
cache_k_l21 (view),kernel_set_rows_f16_i64,0.003300,8192x1x1,512x1x1,512x4096x1x1
cache_v_l21 (view),kernel_set_rows_f16_i64,0.002700,8192x1x1,512x1x1,512x4096x1x1
__fattn__-21,flash_attn_f32_f16,2.682700,32x28x0,32x1x0,128x28x16x1
ffn_inp-21,kernel_add,0.024200,1024x1x1,64x1x1,3584x16x1x1
ffn_norm-21,kernel_rms_norm_mul,0.009200,16384x1x1,1024x1x1,3584x16x1x1
l_out-21,kernel_add,0.024300,1024x1x1,64x1x1,3584x16x1x1
attn_norm-22,kernel_rms_norm_mul,0.009100,16384x1x1,1024x1x1,3584x16x1x1
Qcur-22,kernel_add_row,0.012900,14336x0x0,64x0x0,3584x16x1x1
Qcur-22,kernel_rope_neox_f32,0.005400,1792x16x1,64x1x1,128x28x16x1
Kcur-22,kernel_add_row,0.005600,2048x0x0,64x0x0,512x16x1x1
Kcur-22,kernel_rope_neox_f32,0.002700,256x16x1,64x1x1,128x4x16x1
Vcur-22,kernel_add_row,0.005900,2048x0x0,64x0x0,512x16x1x1
cache_k_l22 (view),kernel_set_rows_f16_i64,0.003400,8192x1x1,512x1x1,512x4096x1x1
cache_v_l22 (view),kernel_set_rows_f16_i64,0.002900,8192x1x1,512x1x1,512x4096x1x1
__fattn__-22,flash_attn_f32_f16,2.656600,32x28x0,32x1x0,128x28x16x1
ffn_inp-22,kernel_add,0.025400,1024x1x1,64x1x1,3584x16x1x1
ffn_norm-22,kernel_rms_norm_mul,0.009100,16384x1x1,1024x1x1,3584x16x1x1
l_out-22,kernel_add,0.023000,1024x1x1,64x1x1,3584x16x1x1
attn_norm-23,kernel_rms_norm_mul,0.009100,16384x1x1,1024x1x1,3584x16x1x1
Qcur-23,kernel_add_row,0.007500,14336x0x0,64x0x0,3584x16x1x1
Qcur-23,kernel_rope_neox_f32,0.005400,1792x16x1,64x1x1,128x28x16x1
Kcur-23,kernel_add_row,0.005600,2048x0x0,64x0x0,512x16x1x1
Kcur-23,kernel_rope_neox_f32,0.002800,256x16x1,64x1x1,128x4x16x1
node_794,kernel_mul_mv_q6_K_f32,0.955400,512x1024x1,2x64x1,512x16x1x1
Vcur-23,kernel_add_row,0.002500,2048x0x0,64x0x0,512x16x1x1
cache_k_l23 (view),kernel_set_rows_f16_i64,0.003400,8192x1x1,512x1x1,512x4096x1x1
cache_v_l23 (view),kernel_set_rows_f16_i64,0.002800,8192x1x1,512x1x1,512x4096x1x1
__fattn__-23,flash_attn_f32_f16,2.707400,32x28x0,32x1x0,128x28x16x1
ffn_inp-23,kernel_add,0.025600,1024x1x1,64x1x1,3584x16x1x1
ffn_norm-23,kernel_rms_norm_mul,0.009200,16384x1x1,1024x1x1,3584x16x1x1
ffn_swiglu-23,kernel_swiglu,0.047500,8192x1x1,512x1x1,18944x16x1x1
ffn_out-23,kernel_mul_mv_q6_K_f32,39.624699,3584x1024x1,2x64x1,3584x16x1x1
l_out-23,kernel_add,0.023300,1024x1x1,64x1x1,3584x16x1x1
attn_norm-24,kernel_rms_norm_mul,0.009200,16384x1x1,1024x1x1,3584x16x1x1
Qcur-24,kernel_add_row,0.007900,14336x0x0,64x0x0,3584x16x1x1
Qcur-24,kernel_rope_neox_f32,0.005500,1792x16x1,64x1x1,128x28x16x1
Kcur-24,kernel_add_row,0.005700,2048x0x0,64x0x0,512x16x1x1
Kcur-24,kernel_rope_neox_f32,0.002800,256x16x1,64x1x1,128x4x16x1
node_828,kernel_mul_mv_q6_K_f32,0.954500,512x1024x1,2x64x1,512x16x1x1
Vcur-24,kernel_add_row,0.002500,2048x0x0,64x0x0,512x16x1x1
cache_k_l24 (view),kernel_set_rows_f16_i64,0.003300,8192x1x1,512x1x1,512x4096x1x1
cache_v_l24 (view),kernel_set_rows_f16_i64,0.002900,8192x1x1,512x1x1,512x4096x1x1
__fattn__-24,flash_attn_f32_f16,2.715900,32x28x0,32x1x0,128x28x16x1
ffn_inp-24,kernel_add,0.024200,1024x1x1,64x1x1,3584x16x1x1
ffn_norm-24,kernel_rms_norm_mul,0.009300,16384x1x1,1024x1x1,3584x16x1x1
ffn_swiglu-24,kernel_swiglu,0.047500,8192x1x1,512x1x1,18944x16x1x1
ffn_out-24,kernel_mul_mv_q6_K_f32,39.634499,3584x1024x1,2x64x1,3584x16x1x1
l_out-24,kernel_add,0.023600,1024x1x1,64x1x1,3584x16x1x1
attn_norm-25,kernel_rms_norm_mul,0.009100,16384x1x1,1024x1x1,3584x16x1x1
Qcur-25,kernel_add_row,0.007700,14336x0x0,64x0x0,3584x16x1x1
Qcur-25,kernel_rope_neox_f32,0.005400,1792x16x1,64x1x1,128x28x16x1
Kcur-25,kernel_add_row,0.005700,2048x0x0,64x0x0,512x16x1x1
Kcur-25,kernel_rope_neox_f32,0.002800,256x16x1,64x1x1,128x4x16x1
node_862,kernel_mul_mv_q6_K_f32,0.954500,512x1024x1,2x64x1,512x16x1x1
Vcur-25,kernel_add_row,0.002600,2048x0x0,64x0x0,512x16x1x1
cache_k_l25 (view),kernel_set_rows_f16_i64,0.003400,8192x1x1,512x1x1,512x4096x1x1
cache_v_l25 (view),kernel_set_rows_f16_i64,0.002900,8192x1x1,512x1x1,512x4096x1x1
__fattn__-25,flash_attn_f32_f16,2.687500,32x28x0,32x1x0,128x28x16x1
ffn_inp-25,kernel_add,0.023800,1024x1x1,64x1x1,3584x16x1x1
ffn_norm-25,kernel_rms_norm_mul,0.009100,16384x1x1,1024x1x1,3584x16x1x1
ffn_swiglu-25,kernel_swiglu,0.048000,8192x1x1,512x1x1,18944x16x1x1
ffn_out-25,kernel_mul_mv_q6_K_f32,39.606800,3584x1024x1,2x64x1,3584x16x1x1
l_out-25,kernel_add,0.023500,1024x1x1,64x1x1,3584x16x1x1
attn_norm-26,kernel_rms_norm_mul,0.009100,16384x1x1,1024x1x1,3584x16x1x1
Qcur-26,kernel_add_row,0.007900,14336x0x0,64x0x0,3584x16x1x1
Qcur-26,kernel_rope_neox_f32,0.005500,1792x16x1,64x1x1,128x28x16x1
Kcur-26,kernel_add_row,0.005600,2048x0x0,64x0x0,512x16x1x1
Kcur-26,kernel_rope_neox_f32,0.002800,256x16x1,64x1x1,128x4x16x1
node_896,kernel_mul_mv_q6_K_f32,0.955900,512x1024x1,2x64x1,512x16x1x1
Vcur-26,kernel_add_row,0.002600,2048x0x0,64x0x0,512x16x1x1
cache_k_l26 (view),kernel_set_rows_f16_i64,0.003300,8192x1x1,512x1x1,512x4096x1x1
cache_v_l26 (view),kernel_set_rows_f16_i64,0.002800,8192x1x1,512x1x1,512x4096x1x1
__fattn__-26,flash_attn_f32_f16,2.709400,32x28x0,32x1x0,128x28x16x1
ffn_inp-26,kernel_add,0.024200,1024x1x1,64x1x1,3584x16x1x1
ffn_norm-26,kernel_rms_norm_mul,0.009100,16384x1x1,1024x1x1,3584x16x1x1
ffn_swiglu-26,kernel_swiglu,0.047900,8192x1x1,512x1x1,18944x16x1x1
ffn_out-26,kernel_mul_mv_q6_K_f32,39.591400,3584x1024x1,2x64x1,3584x16x1x1
l_out-26,kernel_add,0.023500,1024x1x1,64x1x1,3584x16x1x1
attn_norm-27,kernel_rms_norm_mul,0.009200,16384x1x1,1024x1x1,3584x16x1x1
Qcur-27,kernel_add_row,0.008100,14336x0x0,64x0x0,3584x16x1x1
Qcur-27,kernel_rope_neox_f32,0.005500,1792x16x1,64x1x1,128x28x16x1
Kcur-27,kernel_add_row,0.005700,2048x0x0,64x0x0,512x16x1x1
Kcur-27,kernel_rope_neox_f32,0.002700,256x16x1,64x1x1,128x4x16x1
node_930,kernel_mul_mv_q6_K_f32,0.958000,512x1024x1,2x64x1,512x16x1x1
Vcur-27,kernel_add_row,0.002500,2048x0x0,64x0x0,512x16x1x1
cache_k_l27 (view),kernel_set_rows_f16_i64,0.003200,8192x1x1,512x1x1,512x4096x1x1
cache_v_l27 (view),kernel_set_rows_f16_i64,0.002800,8192x1x1,512x1x1,512x4096x1x1
__fattn__-27,flash_attn_f32_f16,2.687500,32x28x0,32x1x0,128x28x16x1
attn_norm-0,kernel_rms_norm_mul,0.012400,16384x1x1,1024x1x1,3584x16x1x1
Qcur-0,kernel_add_row,0.007600,14336x0x0,64x0x0,3584x16x1x1
Qcur-0,kernel_rope_neox_f32,0.005400,1792x16x1,64x1x1,128x28x16x1
Kcur-0,kernel_add_row,0.005800,2048x0x0,64x0x0,512x16x1x1
Kcur-0,kernel_rope_neox_f32,0.002900,256x16x1,64x1x1,128x4x16x1
node_11,kernel_mul_mv_q6_K_f32,0.954400,512x1024x1,2x64x1,512x16x1x1
Vcur-0,kernel_add_row,0.002500,2048x0x0,64x0x0,512x16x1x1
cache_k_l0 (view),kernel_set_rows_f16_i64,0.003400,8192x1x1,512x1x1,512x4096x1x1
cache_v_l0 (view),kernel_set_rows_f16_i64,0.002800,8192x1x1,512x1x1,512x4096x1x1
 (copy),kernel_cpy_f32_f16,0.004700,4096x1x1,64x1x1,512x64x1x1
__fattn__-0,flash_attn_f32_f16,2.722000,32x28x0,32x1x0,128x28x16x1
ffn_inp-0,kernel_add,0.026100,1024x1x1,64x1x1,3584x16x1x1
ffn_norm-0,kernel_rms_norm_mul,0.009100,16384x1x1,1024x1x1,3584x16x1x1
ffn_swiglu-0,kernel_swiglu,0.046800,8192x1x1,512x1x1,18944x16x1x1
ffn_out-0,kernel_mul_mv_q6_K_f32,39.604000,3584x1024x1,2x64x1,3584x16x1x1
l_out-0,kernel_add,0.023400,1024x1x1,64x1x1,3584x16x1x1
attn_norm-1,kernel_rms_norm_mul,0.009100,16384x1x1,1024x1x1,3584x16x1x1
Qcur-1,kernel_add_row,0.008200,14336x0x0,64x0x0,3584x16x1x1
Qcur-1,kernel_rope_neox_f32,0.005500,1792x16x1,64x1x1,128x28x16x1
Kcur-1,kernel_add_row,0.005800,2048x0x0,64x0x0,512x16x1x1
Kcur-1,kernel_rope_neox_f32,0.002800,256x16x1,64x1x1,128x4x16x1
node_46,kernel_mul_mv_q6_K_f32,0.956900,512x1024x1,2x64x1,512x16x1x1
Vcur-1,kernel_add_row,0.002500,2048x0x0,64x0x0,512x16x1x1
cache_k_l1 (view),kernel_set_rows_f16_i64,0.003300,8192x1x1,512x1x1,512x4096x1x1
cache_v_l1 (view),kernel_set_rows_f16_i64,0.002900,8192x1x1,512x1x1,512x4096x1x1
__fattn__-1,flash_attn_f32_f16,2.664600,32x28x0,32x1x0,128x28x16x1
ffn_inp-1,kernel_add,0.024600,1024x1x1,64x1x1,3584x16x1x1
ffn_norm-1,kernel_rms_norm_mul,0.009100,16384x1x1,1024x1x1,3584x16x1x1
ffn_swiglu-1,kernel_swiglu,0.047700,8192x1x1,512x1x1,18944x16x1x1
ffn_out-1,kernel_mul_mv_q6_K_f32,39.607601,3584x1024x1,2x64x1,3584x16x1x1
l_out-1,kernel_add,0.023100,1024x1x1,64x1x1,3584x16x1x1
attn_norm-2,kernel_rms_norm_mul,0.009100,16384x1x1,1024x1x1,3584x16x1x1
Qcur-2,kernel_add_row,0.007700,14336x0x0,64x0x0,3584x16x1x1
Qcur-2,kernel_rope_neox_f32,0.005400,1792x16x1,64x1x1,128x28x16x1
Kcur-2,kernel_add_row,0.005800,2048x0x0,64x0x0,512x16x1x1
Kcur-2,kernel_rope_neox_f32,0.002800,256x16x1,64x1x1,128x4x16x1
node_80,kernel_mul_mv_q6_K_f32,0.956600,512x1024x1,2x64x1,512x16x1x1
Vcur-2,kernel_add_row,0.002400,2048x0x0,64x0x0,512x16x1x1
cache_k_l2 (view),kernel_set_rows_f16_i64,0.003300,8192x1x1,512x1x1,512x4096x1x1
cache_v_l2 (view),kernel_set_rows_f16_i64,0.002800,8192x1x1,512x1x1,512x4096x1x1
__fattn__-2,flash_attn_f32_f16,2.692400,32x28x0,32x1x0,128x28x16x1
ffn_inp-2,kernel_add,0.023900,1024x1x1,64x1x1,3584x16x1x1
ffn_norm-2,kernel_rms_norm_mul,0.009300,16384x1x1,1024x1x1,3584x16x1x1
ffn_swiglu-2,kernel_swiglu,0.052500,8192x1x1,512x1x1,18944x16x1x1
ffn_out-2,kernel_mul_mv_q6_K_f32,40.396702,3584x1024x1,2x64x1,3584x16x1x1
l_out-2,kernel_add,0.023300,1024x1x1,64x1x1,3584x16x1x1
attn_norm-3,kernel_rms_norm_mul,0.009200,16384x1x1,1024x1x1,3584x16x1x1
Qcur-3,kernel_add_row,0.012500,14336x0x0,64x0x0,3584x16x1x1
Qcur-3,kernel_rope_neox_f32,0.005300,1792x16x1,64x1x1,128x28x16x1
Kcur-3,kernel_add_row,0.005700,2048x0x0,64x0x0,512x16x1x1
Kcur-3,kernel_rope_neox_f32,0.002700,256x16x1,64x1x1,128x4x16x1
Vcur-3,kernel_add_row,0.005600,2048x0x0,64x0x0,512x16x1x1
cache_k_l3 (view),kernel_set_rows_f16_i64,0.003400,8192x1x1,512x1x1,512x4096x1x1
cache_v_l3 (view),kernel_set_rows_f16_i64,0.002800,8192x1x1,512x1x1,512x4096x1x1
__fattn__-3,flash_attn_f32_f16,2.690000,32x28x0,32x1x0,128x28x16x1
ffn_inp-3,kernel_add,0.024600,1024x1x1,64x1x1,3584x16x1x1
ffn_norm-3,kernel_rms_norm_mul,0.009300,16384x1x1,1024x1x1,3584x16x1x1
l_out-3,kernel_add,0.023900,1024x1x1,64x1x1,3584x16x1x1
attn_norm-4,kernel_rms_norm_mul,0.009300,16384x1x1,1024x1x1,3584x16x1x1
Qcur-4,kernel_add_row,0.013000,14336x0x0,64x0x0,3584x16x1x1
Qcur-4,kernel_rope_neox_f32,0.005400,1792x16x1,64x1x1,128x28x16x1
Kcur-4,kernel_add_row,0.005900,2048x0x0,64x0x0,512x16x1x1
Kcur-4,kernel_rope_neox_f32,0.002800,256x16x1,64x1x1,128x4x16x1
Vcur-4,kernel_add_row,0.005600,2048x0x0,64x0x0,512x16x1x1
cache_k_l4 (view),kernel_set_rows_f16_i64,0.003300,8192x1x1,512x1x1,512x4096x1x1
cache_v_l4 (view),kernel_set_rows_f16_i64,0.002900,8192x1x1,512x1x1,512x4096x1x1
__fattn__-4,flash_attn_f32_f16,2.736100,32x28x0,32x1x0,128x28x16x1
ffn_inp-4,kernel_add,0.025100,1024x1x1,64x1x1,3584x16x1x1
ffn_norm-4,kernel_rms_norm_mul,0.009300,16384x1x1,1024x1x1,3584x16x1x1
l_out-4,kernel_add,0.022800,1024x1x1,64x1x1,3584x16x1x1
attn_norm-5,kernel_rms_norm_mul,0.009100,16384x1x1,1024x1x1,3584x16x1x1
Qcur-5,kernel_add_row,0.007400,14336x0x0,64x0x0,3584x16x1x1
Qcur-5,kernel_rope_neox_f32,0.005500,1792x16x1,64x1x1,128x28x16x1
Kcur-5,kernel_add_row,0.005600,2048x0x0,64x0x0,512x16x1x1
Kcur-5,kernel_rope_neox_f32,0.002700,256x16x1,64x1x1,128x4x16x1
node_182,kernel_mul_mv_q6_K_f32,0.955900,512x1024x1,2x64x1,512x16x1x1
Vcur-5,kernel_add_row,0.002500,2048x0x0,64x0x0,512x16x1x1
cache_k_l5 (view),kernel_set_rows_f16_i64,0.003200,8192x1x1,512x1x1,512x4096x1x1
cache_v_l5 (view),kernel_set_rows_f16_i64,0.002800,8192x1x1,512x1x1,512x4096x1x1
__fattn__-5,flash_attn_f32_f16,2.700000,32x28x0,32x1x0,128x28x16x1
ffn_inp-5,kernel_add,0.024800,1024x1x1,64x1x1,3584x16x1x1
ffn_norm-5,kernel_rms_norm_mul,0.009300,16384x1x1,1024x1x1,3584x16x1x1
ffn_swiglu-5,kernel_swiglu,0.048400,8192x1x1,512x1x1,18944x16x1x1
ffn_out-5,kernel_mul_mv_q6_K_f32,40.642399,3584x1024x1,2x64x1,3584x16x1x1
l_out-5,kernel_add,0.023100,1024x1x1,64x1x1,3584x16x1x1
attn_norm-6,kernel_rms_norm_mul,0.009400,16384x1x1,1024x1x1,3584x16x1x1
Qcur-6,kernel_add_row,0.012100,14336x0x0,64x0x0,3584x16x1x1
Qcur-6,kernel_rope_neox_f32,0.005500,1792x16x1,64x1x1,128x28x16x1
Kcur-6,kernel_add_row,0.005800,2048x0x0,64x0x0,512x16x1x1
Kcur-6,kernel_rope_neox_f32,0.002800,256x16x1,64x1x1,128x4x16x1
Vcur-6,kernel_add_row,0.005700,2048x0x0,64x0x0,512x16x1x1
cache_k_l6 (view),kernel_set_rows_f16_i64,0.003300,8192x1x1,512x1x1,512x4096x1x1
cache_v_l6 (view),kernel_set_rows_f16_i64,0.002800,8192x1x1,512x1x1,512x4096x1x1
__fattn__-6,flash_attn_f32_f16,2.669000,32x28x0,32x1x0,128x28x16x1
ffn_inp-6,kernel_add,0.024100,1024x1x1,64x1x1,3584x16x1x1
ffn_norm-6,kernel_rms_norm_mul,0.009100,16384x1x1,1024x1x1,3584x16x1x1
l_out-6,kernel_add,0.024800,1024x1x1,64x1x1,3584x16x1x1
attn_norm-7,kernel_rms_norm_mul,0.009200,16384x1x1,1024x1x1,3584x16x1x1
Qcur-7,kernel_add_row,0.013100,14336x0x0,64x0x0,3584x16x1x1
Qcur-7,kernel_rope_neox_f32,0.005500,1792x16x1,64x1x1,128x28x16x1
Kcur-7,kernel_add_row,0.005700,2048x0x0,64x0x0,512x16x1x1
Kcur-7,kernel_rope_neox_f32,0.002800,256x16x1,64x1x1,128x4x16x1
Vcur-7,kernel_add_row,0.005600,2048x0x0,64x0x0,512x16x1x1
cache_k_l7 (view),kernel_set_rows_f16_i64,0.003400,8192x1x1,512x1x1,512x4096x1x1
cache_v_l7 (view),kernel_set_rows_f16_i64,0.002800,8192x1x1,512x1x1,512x4096x1x1
__fattn__-7,flash_attn_f32_f16,2.648900,32x28x0,32x1x0,128x28x16x1
ffn_inp-7,kernel_add,0.024600,1024x1x1,64x1x1,3584x16x1x1
ffn_norm-7,kernel_rms_norm_mul,0.009100,16384x1x1,1024x1x1,3584x16x1x1
l_out-7,kernel_add,0.022800,1024x1x1,64x1x1,3584x16x1x1
attn_norm-8,kernel_rms_norm_mul,0.009200,16384x1x1,1024x1x1,3584x16x1x1
Qcur-8,kernel_add_row,0.007200,14336x0x0,64x0x0,3584x16x1x1
Qcur-8,kernel_rope_neox_f32,0.005400,1792x16x1,64x1x1,128x28x16x1
Kcur-8,kernel_add_row,0.005600,2048x0x0,64x0x0,512x16x1x1
Kcur-8,kernel_rope_neox_f32,0.002700,256x16x1,64x1x1,128x4x16x1
node_284,kernel_mul_mv_q6_K_f32,0.956200,512x1024x1,2x64x1,512x16x1x1
Vcur-8,kernel_add_row,0.002200,2048x0x0,64x0x0,512x16x1x1
cache_k_l8 (view),kernel_set_rows_f16_i64,0.003200,8192x1x1,512x1x1,512x4096x1x1
cache_v_l8 (view),kernel_set_rows_f16_i64,0.002800,8192x1x1,512x1x1,512x4096x1x1
__fattn__-8,flash_attn_f32_f16,2.702300,32x28x0,32x1x0,128x28x16x1
ffn_inp-8,kernel_add,0.025000,1024x1x1,64x1x1,3584x16x1x1
ffn_norm-8,kernel_rms_norm_mul,0.009200,16384x1x1,1024x1x1,3584x16x1x1
ffn_swiglu-8,kernel_swiglu,0.047100,8192x1x1,512x1x1,18944x16x1x1
ffn_out-8,kernel_mul_mv_q6_K_f32,40.211498,3584x1024x1,2x64x1,3584x16x1x1
l_out-8,kernel_add,0.023500,1024x1x1,64x1x1,3584x16x1x1
attn_norm-9,kernel_rms_norm_mul,0.009200,16384x1x1,1024x1x1,3584x16x1x1
Qcur-9,kernel_add_row,0.012500,14336x0x0,64x0x0,3584x16x1x1
Qcur-9,kernel_rope_neox_f32,0.005400,1792x16x1,64x1x1,128x28x16x1
Kcur-9,kernel_add_row,0.005600,2048x0x0,64x0x0,512x16x1x1
Kcur-9,kernel_rope_neox_f32,0.002700,256x16x1,64x1x1,128x4x16x1
Vcur-9,kernel_add_row,0.005700,2048x0x0,64x0x0,512x16x1x1
cache_k_l9 (view),kernel_set_rows_f16_i64,0.003400,8192x1x1,512x1x1,512x4096x1x1
cache_v_l9 (view),kernel_set_rows_f16_i64,0.002800,8192x1x1,512x1x1,512x4096x1x1
__fattn__-9,flash_attn_f32_f16,2.661100,32x28x0,32x1x0,128x28x16x1
ffn_inp-9,kernel_add,0.024500,1024x1x1,64x1x1,3584x16x1x1
ffn_norm-9,kernel_rms_norm_mul,0.009200,16384x1x1,1024x1x1,3584x16x1x1
l_out-9,kernel_add,0.024400,1024x1x1,64x1x1,3584x16x1x1
attn_norm-10,kernel_rms_norm_mul,0.009300,16384x1x1,1024x1x1,3584x16x1x1
Qcur-10,kernel_add_row,0.013100,14336x0x0,64x0x0,3584x16x1x1
Qcur-10,kernel_rope_neox_f32,0.005600,1792x16x1,64x1x1,128x28x16x1
Kcur-10,kernel_add_row,0.005600,2048x0x0,64x0x0,512x16x1x1
Kcur-10,kernel_rope_neox_f32,0.002700,256x16x1,64x1x1,128x4x16x1
Vcur-10,kernel_add_row,0.005600,2048x0x0,64x0x0,512x16x1x1
cache_k_l10 (view),kernel_set_rows_f16_i64,0.003200,8192x1x1,512x1x1,512x4096x1x1
cache_v_l10 (view),kernel_set_rows_f16_i64,0.002800,8192x1x1,512x1x1,512x4096x1x1
__fattn__-10,flash_attn_f32_f16,2.720100,32x28x0,32x1x0,128x28x16x1
ffn_inp-10,kernel_add,0.025000,1024x1x1,64x1x1,3584x16x1x1
ffn_norm-10,kernel_rms_norm_mul,0.009300,16384x1x1,1024x1x1,3584x16x1x1
l_out-10,kernel_add,0.023300,1024x1x1,64x1x1,3584x16x1x1
attn_norm-11,kernel_rms_norm_mul,0.009200,16384x1x1,1024x1x1,3584x16x1x1
Qcur-11,kernel_add_row,0.007400,14336x0x0,64x0x0,3584x16x1x1
Qcur-11,kernel_rope_neox_f32,0.005400,1792x16x1,64x1x1,128x28x16x1
Kcur-11,kernel_add_row,0.005700,2048x0x0,64x0x0,512x16x1x1
Kcur-11,kernel_rope_neox_f32,0.002900,256x16x1,64x1x1,128x4x16x1
node_386,kernel_mul_mv_q6_K_f32,0.954800,512x1024x1,2x64x1,512x16x1x1
Vcur-11,kernel_add_row,0.002500,2048x0x0,64x0x0,512x16x1x1
cache_k_l11 (view),kernel_set_rows_f16_i64,0.003200,8192x1x1,512x1x1,512x4096x1x1
cache_v_l11 (view),kernel_set_rows_f16_i64,0.002800,8192x1x1,512x1x1,512x4096x1x1
__fattn__-11,flash_attn_f32_f16,2.718300,32x28x0,32x1x0,128x28x16x1
ffn_inp-11,kernel_add,0.025100,1024x1x1,64x1x1,3584x16x1x1
ffn_norm-11,kernel_rms_norm_mul,0.009300,16384x1x1,1024x1x1,3584x16x1x1
ffn_swiglu-11,kernel_swiglu,0.047500,8192x1x1,512x1x1,18944x16x1x1
ffn_out-11,kernel_mul_mv_q6_K_f32,39.605301,3584x1024x1,2x64x1,3584x16x1x1
l_out-11,kernel_add,0.023300,1024x1x1,64x1x1,3584x16x1x1
attn_norm-12,kernel_rms_norm_mul,0.009300,16384x1x1,1024x1x1,3584x16x1x1
Qcur-12,kernel_add_row,0.011400,14336x0x0,64x0x0,3584x16x1x1
Qcur-12,kernel_rope_neox_f32,0.005400,1792x16x1,64x1x1,128x28x16x1
Kcur-12,kernel_add_row,0.005800,2048x0x0,64x0x0,512x16x1x1
Kcur-12,kernel_rope_neox_f32,0.002700,256x16x1,64x1x1,128x4x16x1
Vcur-12,kernel_add_row,0.005700,2048x0x0,64x0x0,512x16x1x1
cache_k_l12 (view),kernel_set_rows_f16_i64,0.003400,8192x1x1,512x1x1,512x4096x1x1
cache_v_l12 (view),kernel_set_rows_f16_i64,0.002700,8192x1x1,512x1x1,512x4096x1x1
__fattn__-12,flash_attn_f32_f16,2.713000,32x28x0,32x1x0,128x28x16x1
ffn_inp-12,kernel_add,0.024200,1024x1x1,64x1x1,3584x16x1x1
ffn_norm-12,kernel_rms_norm_mul,0.009200,16384x1x1,1024x1x1,3584x16x1x1
l_out-12,kernel_add,0.024200,1024x1x1,64x1x1,3584x16x1x1
attn_norm-13,kernel_rms_norm_mul,0.009200,16384x1x1,1024x1x1,3584x16x1x1
Qcur-13,kernel_add_row,0.013000,14336x0x0,64x0x0,3584x16x1x1
Qcur-13,kernel_rope_neox_f32,0.005600,1792x16x1,64x1x1,128x28x16x1
Kcur-13,kernel_add_row,0.005800,2048x0x0,64x0x0,512x16x1x1
Kcur-13,kernel_rope_neox_f32,0.002900,256x16x1,64x1x1,128x4x16x1
Vcur-13,kernel_add_row,0.005600,2048x0x0,64x0x0,512x16x1x1
cache_k_l13 (view),kernel_set_rows_f16_i64,0.003500,8192x1x1,512x1x1,512x4096x1x1
cache_v_l13 (view),kernel_set_rows_f16_i64,0.002700,8192x1x1,512x1x1,512x4096x1x1
__fattn__-13,flash_attn_f32_f16,2.714900,32x28x0,32x1x0,128x28x16x1
ffn_inp-13,kernel_add,0.025200,1024x1x1,64x1x1,3584x16x1x1
ffn_norm-13,kernel_rms_norm_mul,0.009200,16384x1x1,1024x1x1,3584x16x1x1
l_out-13,kernel_add,0.023000,1024x1x1,64x1x1,3584x16x1x1
attn_norm-14,kernel_rms_norm_mul,0.009100,16384x1x1,1024x1x1,3584x16x1x1
Qcur-14,kernel_add_row,0.007700,14336x0x0,64x0x0,3584x16x1x1
Qcur-14,kernel_rope_neox_f32,0.005600,1792x16x1,64x1x1,128x28x16x1
Kcur-14,kernel_add_row,0.005600,2048x0x0,64x0x0,512x16x1x1
Kcur-14,kernel_rope_neox_f32,0.002700,256x16x1,64x1x1,128x4x16x1
node_488,kernel_mul_mv_q6_K_f32,0.956800,512x1024x1,2x64x1,512x16x1x1
Vcur-14,kernel_add_row,0.002600,2048x0x0,64x0x0,512x16x1x1
cache_k_l14 (view),kernel_set_rows_f16_i64,0.003200,8192x1x1,512x1x1,512x4096x1x1
cache_v_l14 (view),kernel_set_rows_f16_i64,0.002800,8192x1x1,512x1x1,512x4096x1x1
__fattn__-14,flash_attn_f32_f16,2.698100,32x28x0,32x1x0,128x28x16x1
ffn_inp-14,kernel_add,0.025100,1024x1x1,64x1x1,3584x16x1x1
ffn_norm-14,kernel_rms_norm_mul,0.009400,16384x1x1,1024x1x1,3584x16x1x1
ffn_swiglu-14,kernel_swiglu,0.047400,8192x1x1,512x1x1,18944x16x1x1
ffn_out-14,kernel_mul_mv_q6_K_f32,39.612701,3584x1024x1,2x64x1,3584x16x1x1
l_out-14,kernel_add,0.023300,1024x1x1,64x1x1,3584x16x1x1
attn_norm-15,kernel_rms_norm_mul,0.009200,16384x1x1,1024x1x1,3584x16x1x1
Qcur-15,kernel_add_row,0.012100,14336x0x0,64x0x0,3584x16x1x1
Qcur-15,kernel_rope_neox_f32,0.005500,1792x16x1,64x1x1,128x28x16x1
Kcur-15,kernel_add_row,0.005800,2048x0x0,64x0x0,512x16x1x1
Kcur-15,kernel_rope_neox_f32,0.002700,256x16x1,64x1x1,128x4x16x1
Vcur-15,kernel_add_row,0.005600,2048x0x0,64x0x0,512x16x1x1
cache_k_l15 (view),kernel_set_rows_f16_i64,0.003300,8192x1x1,512x1x1,512x4096x1x1
cache_v_l15 (view),kernel_set_rows_f16_i64,0.002800,8192x1x1,512x1x1,512x4096x1x1
__fattn__-15,flash_attn_f32_f16,2.698800,32x28x0,32x1x0,128x28x16x1
ffn_inp-15,kernel_add,0.024400,1024x1x1,64x1x1,3584x16x1x1
ffn_norm-15,kernel_rms_norm_mul,0.009100,16384x1x1,1024x1x1,3584x16x1x1
l_out-15,kernel_add,0.024700,1024x1x1,64x1x1,3584x16x1x1
attn_norm-16,kernel_rms_norm_mul,0.009200,16384x1x1,1024x1x1,3584x16x1x1
Qcur-16,kernel_add_row,0.012600,14336x0x0,64x0x0,3584x16x1x1
Qcur-16,kernel_rope_neox_f32,0.005700,1792x16x1,64x1x1,128x28x16x1
Kcur-16,kernel_add_row,0.005500,2048x0x0,64x0x0,512x16x1x1
Kcur-16,kernel_rope_neox_f32,0.002800,256x16x1,64x1x1,128x4x16x1
Vcur-16,kernel_add_row,0.005800,2048x0x0,64x0x0,512x16x1x1
cache_k_l16 (view),kernel_set_rows_f16_i64,0.003500,8192x1x1,512x1x1,512x4096x1x1
cache_v_l16 (view),kernel_set_rows_f16_i64,0.002700,8192x1x1,512x1x1,512x4096x1x1
__fattn__-16,flash_attn_f32_f16,2.741100,32x28x0,32x1x0,128x28x16x1
ffn_inp-16,kernel_add,0.024700,1024x1x1,64x1x1,3584x16x1x1
ffn_norm-16,kernel_rms_norm_mul,0.009200,16384x1x1,1024x1x1,3584x16x1x1
l_out-16,kernel_add,0.022700,1024x1x1,64x1x1,3584x16x1x1
attn_norm-17,kernel_rms_norm_mul,0.009100,16384x1x1,1024x1x1,3584x16x1x1
Qcur-17,kernel_add_row,0.007800,14336x0x0,64x0x0,3584x16x1x1
Qcur-17,kernel_rope_neox_f32,0.005400,1792x16x1,64x1x1,128x28x16x1
Kcur-17,kernel_add_row,0.005600,2048x0x0,64x0x0,512x16x1x1
Kcur-17,kernel_rope_neox_f32,0.002800,256x16x1,64x1x1,128x4x16x1
node_590,kernel_mul_mv_q6_K_f32,0.954500,512x1024x1,2x64x1,512x16x1x1
Vcur-17,kernel_add_row,0.002200,2048x0x0,64x0x0,512x16x1x1
cache_k_l17 (view),kernel_set_rows_f16_i64,0.003300,8192x1x1,512x1x1,512x4096x1x1
cache_v_l17 (view),kernel_set_rows_f16_i64,0.003000,8192x1x1,512x1x1,512x4096x1x1
__fattn__-17,flash_attn_f32_f16,2.697400,32x28x0,32x1x0,128x28x16x1
ffn_inp-17,kernel_add,0.024900,1024x1x1,64x1x1,3584x16x1x1
ffn_norm-17,kernel_rms_norm_mul,0.009200,16384x1x1,1024x1x1,3584x16x1x1
ffn_swiglu-17,kernel_swiglu,0.048600,8192x1x1,512x1x1,18944x16x1x1
ffn_out-17,kernel_mul_mv_q6_K_f32,39.629902,3584x1024x1,2x64x1,3584x16x1x1
l_out-17,kernel_add,0.023200,1024x1x1,64x1x1,3584x16x1x1
attn_norm-18,kernel_rms_norm_mul,0.009200,16384x1x1,1024x1x1,3584x16x1x1
Qcur-18,kernel_add_row,0.044000,14336x0x0,64x0x0,3584x16x1x1
Qcur-18,kernel_rope_neox_f32,0.007900,1792x16x1,64x1x1,128x28x16x1
Kcur-18,kernel_add_row,0.005600,2048x0x0,64x0x0,512x16x1x1
Kcur-18,kernel_rope_neox_f32,0.002800,256x16x1,64x1x1,128x4x16x1
Vcur-18,kernel_add_row,0.005800,2048x0x0,64x0x0,512x16x1x1
cache_k_l18 (view),kernel_set_rows_f16_i64,0.003300,8192x1x1,512x1x1,512x4096x1x1
cache_v_l18 (view),kernel_set_rows_f16_i64,0.002800,8192x1x1,512x1x1,512x4096x1x1
__fattn__-18,flash_attn_f32_f16,2.723300,32x28x0,32x1x0,128x28x16x1
ffn_inp-18,kernel_add,0.024900,1024x1x1,64x1x1,3584x16x1x1
ffn_norm-18,kernel_rms_norm_mul,0.009200,16384x1x1,1024x1x1,3584x16x1x1
l_out-18,kernel_add,0.024200,1024x1x1,64x1x1,3584x16x1x1
attn_norm-19,kernel_rms_norm_mul,0.009100,16384x1x1,1024x1x1,3584x16x1x1
Qcur-19,kernel_add_row,0.011800,14336x0x0,64x0x0,3584x16x1x1
Qcur-19,kernel_rope_neox_f32,0.005400,1792x16x1,64x1x1,128x28x16x1
Kcur-19,kernel_add_row,0.005600,2048x0x0,64x0x0,512x16x1x1
Kcur-19,kernel_rope_neox_f32,0.002700,256x16x1,64x1x1,128x4x16x1
Vcur-19,kernel_add_row,0.005500,2048x0x0,64x0x0,512x16x1x1
cache_k_l19 (view),kernel_set_rows_f16_i64,0.003300,8192x1x1,512x1x1,512x4096x1x1
cache_v_l19 (view),kernel_set_rows_f16_i64,0.002800,8192x1x1,512x1x1,512x4096x1x1
__fattn__-19,flash_attn_f32_f16,2.655600,32x28x0,32x1x0,128x28x16x1
ffn_inp-19,kernel_add,0.025400,1024x1x1,64x1x1,3584x16x1x1
ffn_norm-19,kernel_rms_norm_mul,0.009200,16384x1x1,1024x1x1,3584x16x1x1
l_out-19,kernel_add,0.023300,1024x1x1,64x1x1,3584x16x1x1
attn_norm-20,kernel_rms_norm_mul,0.009300,16384x1x1,1024x1x1,3584x16x1x1
Qcur-20,kernel_add_row,0.007400,14336x0x0,64x0x0,3584x16x1x1
Qcur-20,kernel_rope_neox_f32,0.005400,1792x16x1,64x1x1,128x28x16x1
Kcur-20,kernel_add_row,0.005700,2048x0x0,64x0x0,512x16x1x1
Kcur-20,kernel_rope_neox_f32,0.002800,256x16x1,64x1x1,128x4x16x1
node_692,kernel_mul_mv_q6_K_f32,0.955700,512x1024x1,2x64x1,512x16x1x1
Vcur-20,kernel_add_row,0.002500,2048x0x0,64x0x0,512x16x1x1
cache_k_l20 (view),kernel_set_rows_f16_i64,0.003400,8192x1x1,512x1x1,512x4096x1x1
cache_v_l20 (view),kernel_set_rows_f16_i64,0.002900,8192x1x1,512x1x1,512x4096x1x1
__fattn__-20,flash_attn_f32_f16,2.700200,32x28x0,32x1x0,128x28x16x1
ffn_inp-20,kernel_add,0.024800,1024x1x1,64x1x1,3584x16x1x1
ffn_norm-20,kernel_rms_norm_mul,0.009200,16384x1x1,1024x1x1,3584x16x1x1
ffn_swiglu-20,kernel_swiglu,0.047500,8192x1x1,512x1x1,18944x16x1x1
ffn_out-20,kernel_mul_mv_q6_K_f32,39.617599,3584x1024x1,2x64x1,3584x16x1x1
l_out-20,kernel_add,0.023000,1024x1x1,64x1x1,3584x16x1x1
attn_norm-21,kernel_rms_norm_mul,0.009100,16384x1x1,1024x1x1,3584x16x1x1
Qcur-21,kernel_add_row,0.010800,14336x0x0,64x0x0,3584x16x1x1
Qcur-21,kernel_rope_neox_f32,0.005400,1792x16x1,64x1x1,128x28x16x1
Kcur-21,kernel_add_row,0.005700,2048x0x0,64x0x0,512x16x1x1
Kcur-21,kernel_rope_neox_f32,0.002700,256x16x1,64x1x1,128x4x16x1
Vcur-21,kernel_add_row,0.005600,2048x0x0,64x0x0,512x16x1x1
cache_k_l21 (view),kernel_set_rows_f16_i64,0.003300,8192x1x1,512x1x1,512x4096x1x1
cache_v_l21 (view),kernel_set_rows_f16_i64,0.002800,8192x1x1,512x1x1,512x4096x1x1
__fattn__-21,flash_attn_f32_f16,2.716600,32x28x0,32x1x0,128x28x16x1
ffn_inp-21,kernel_add,0.024100,1024x1x1,64x1x1,3584x16x1x1
ffn_norm-21,kernel_rms_norm_mul,0.009200,16384x1x1,1024x1x1,3584x16x1x1
l_out-21,kernel_add,0.024400,1024x1x1,64x1x1,3584x16x1x1
attn_norm-22,kernel_rms_norm_mul,0.009100,16384x1x1,1024x1x1,3584x16x1x1
Qcur-22,kernel_add_row,0.012900,14336x0x0,64x0x0,3584x16x1x1
Qcur-22,kernel_rope_neox_f32,0.005600,1792x16x1,64x1x1,128x28x16x1
Kcur-22,kernel_add_row,0.010700,2048x0x0,64x0x0,512x16x1x1
Kcur-22,kernel_rope_neox_f32,0.002800,256x16x1,64x1x1,128x4x16x1
Vcur-22,kernel_add_row,0.005700,2048x0x0,64x0x0,512x16x1x1
cache_k_l22 (view),kernel_set_rows_f16_i64,0.003300,8192x1x1,512x1x1,512x4096x1x1
cache_v_l22 (view),kernel_set_rows_f16_i64,0.002800,8192x1x1,512x1x1,512x4096x1x1
__fattn__-22,flash_attn_f32_f16,2.668200,32x28x0,32x1x0,128x28x16x1
ffn_inp-22,kernel_add,0.025300,1024x1x1,64x1x1,3584x16x1x1
ffn_norm-22,kernel_rms_norm_mul,0.009200,16384x1x1,1024x1x1,3584x16x1x1
l_out-22,kernel_add,0.023400,1024x1x1,64x1x1,3584x16x1x1
attn_norm-23,kernel_rms_norm_mul,0.009100,16384x1x1,1024x1x1,3584x16x1x1
Qcur-23,kernel_add_row,0.007600,14336x0x0,64x0x0,3584x16x1x1
Qcur-23,kernel_rope_neox_f32,0.005500,1792x16x1,64x1x1,128x28x16x1
Kcur-23,kernel_add_row,0.005600,2048x0x0,64x0x0,512x16x1x1
Kcur-23,kernel_rope_neox_f32,0.002700,256x16x1,64x1x1,128x4x16x1
node_794,kernel_mul_mv_q6_K_f32,0.955400,512x1024x1,2x64x1,512x16x1x1
Vcur-23,kernel_add_row,0.002500,2048x0x0,64x0x0,512x16x1x1
cache_k_l23 (view),kernel_set_rows_f16_i64,0.003400,8192x1x1,512x1x1,512x4096x1x1
cache_v_l23 (view),kernel_set_rows_f16_i64,0.002800,8192x1x1,512x1x1,512x4096x1x1
__fattn__-23,flash_attn_f32_f16,2.741600,32x28x0,32x1x0,128x28x16x1
ffn_inp-23,kernel_add,0.025200,1024x1x1,64x1x1,3584x16x1x1
ffn_norm-23,kernel_rms_norm_mul,0.009200,16384x1x1,1024x1x1,3584x16x1x1
ffn_swiglu-23,kernel_swiglu,0.048400,8192x1x1,512x1x1,18944x16x1x1
ffn_out-23,kernel_mul_mv_q6_K_f32,39.620998,3584x1024x1,2x64x1,3584x16x1x1
l_out-23,kernel_add,0.023500,1024x1x1,64x1x1,3584x16x1x1
attn_norm-24,kernel_rms_norm_mul,0.009100,16384x1x1,1024x1x1,3584x16x1x1
Qcur-24,kernel_add_row,0.007900,14336x0x0,64x0x0,3584x16x1x1
Qcur-24,kernel_rope_neox_f32,0.005400,1792x16x1,64x1x1,128x28x16x1
Kcur-24,kernel_add_row,0.005500,2048x0x0,64x0x0,512x16x1x1
Kcur-24,kernel_rope_neox_f32,0.002700,256x16x1,64x1x1,128x4x16x1
node_828,kernel_mul_mv_q6_K_f32,0.956000,512x1024x1,2x64x1,512x16x1x1
Vcur-24,kernel_add_row,0.002500,2048x0x0,64x0x0,512x16x1x1
cache_k_l24 (view),kernel_set_rows_f16_i64,0.003300,8192x1x1,512x1x1,512x4096x1x1
cache_v_l24 (view),kernel_set_rows_f16_i64,0.003000,8192x1x1,512x1x1,512x4096x1x1
__fattn__-24,flash_attn_f32_f16,2.661800,32x28x0,32x1x0,128x28x16x1
ffn_inp-24,kernel_add,0.024000,1024x1x1,64x1x1,3584x16x1x1
ffn_norm-24,kernel_rms_norm_mul,0.009200,16384x1x1,1024x1x1,3584x16x1x1
ffn_swiglu-24,kernel_swiglu,0.047700,8192x1x1,512x1x1,18944x16x1x1
ffn_out-24,kernel_mul_mv_q6_K_f32,39.669201,3584x1024x1,2x64x1,3584x16x1x1
l_out-24,kernel_add,0.023000,1024x1x1,64x1x1,3584x16x1x1
attn_norm-25,kernel_rms_norm_mul,0.009200,16384x1x1,1024x1x1,3584x16x1x1
Qcur-25,kernel_add_row,0.008100,14336x0x0,64x0x0,3584x16x1x1
Qcur-25,kernel_rope_neox_f32,0.005600,1792x16x1,64x1x1,128x28x16x1
Kcur-25,kernel_add_row,0.005600,2048x0x0,64x0x0,512x16x1x1
Kcur-25,kernel_rope_neox_f32,0.002700,256x16x1,64x1x1,128x4x16x1
node_862,kernel_mul_mv_q6_K_f32,0.957300,512x1024x1,2x64x1,512x16x1x1
Vcur-25,kernel_add_row,0.002500,2048x0x0,64x0x0,512x16x1x1
cache_k_l25 (view),kernel_set_rows_f16_i64,0.003300,8192x1x1,512x1x1,512x4096x1x1
cache_v_l25 (view),kernel_set_rows_f16_i64,0.002800,8192x1x1,512x1x1,512x4096x1x1
__fattn__-25,flash_attn_f32_f16,2.668000,32x28x0,32x1x0,128x28x16x1
ffn_inp-25,kernel_add,0.023900,1024x1x1,64x1x1,3584x16x1x1
ffn_norm-25,kernel_rms_norm_mul,0.009300,16384x1x1,1024x1x1,3584x16x1x1
ffn_swiglu-25,kernel_swiglu,0.047600,8192x1x1,512x1x1,18944x16x1x1
ffn_out-25,kernel_mul_mv_q6_K_f32,39.568802,3584x1024x1,2x64x1,3584x16x1x1
l_out-25,kernel_add,0.022800,1024x1x1,64x1x1,3584x16x1x1
attn_norm-26,kernel_rms_norm_mul,0.009300,16384x1x1,1024x1x1,3584x16x1x1
Qcur-26,kernel_add_row,0.007800,14336x0x0,64x0x0,3584x16x1x1
Qcur-26,kernel_rope_neox_f32,0.005500,1792x16x1,64x1x1,128x28x16x1
Kcur-26,kernel_add_row,0.005700,2048x0x0,64x0x0,512x16x1x1
Kcur-26,kernel_rope_neox_f32,0.002700,256x16x1,64x1x1,128x4x16x1
node_896,kernel_mul_mv_q6_K_f32,0.955500,512x1024x1,2x64x1,512x16x1x1
Vcur-26,kernel_add_row,0.002500,2048x0x0,64x0x0,512x16x1x1
cache_k_l26 (view),kernel_set_rows_f16_i64,0.003500,8192x1x1,512x1x1,512x4096x1x1
cache_v_l26 (view),kernel_set_rows_f16_i64,0.002800,8192x1x1,512x1x1,512x4096x1x1
__fattn__-26,flash_attn_f32_f16,2.699500,32x28x0,32x1x0,128x28x16x1
ffn_inp-26,kernel_add,0.023900,1024x1x1,64x1x1,3584x16x1x1
ffn_norm-26,kernel_rms_norm_mul,0.009200,16384x1x1,1024x1x1,3584x16x1x1
ffn_swiglu-26,kernel_swiglu,0.047300,8192x1x1,512x1x1,18944x16x1x1
ffn_out-26,kernel_mul_mv_q6_K_f32,39.552799,3584x1024x1,2x64x1,3584x16x1x1
l_out-26,kernel_add,0.022900,1024x1x1,64x1x1,3584x16x1x1
attn_norm-27,kernel_rms_norm_mul,0.009100,16384x1x1,1024x1x1,3584x16x1x1
Qcur-27,kernel_add_row,0.007700,14336x0x0,64x0x0,3584x16x1x1
Qcur-27,kernel_rope_neox_f32,0.005600,1792x16x1,64x1x1,128x28x16x1
Kcur-27,kernel_add_row,0.005700,2048x0x0,64x0x0,512x16x1x1
Kcur-27,kernel_rope_neox_f32,0.002700,256x16x1,64x1x1,128x4x16x1
node_930,kernel_mul_mv_q6_K_f32,0.953900,512x1024x1,2x64x1,512x16x1x1
Vcur-27,kernel_add_row,0.002200,2048x0x0,64x0x0,512x16x1x1
cache_k_l27 (view),kernel_set_rows_f16_i64,0.003300,8192x1x1,512x1x1,512x4096x1x1
cache_v_l27 (view),kernel_set_rows_f16_i64,0.002900,8192x1x1,512x1x1,512x4096x1x1
__fattn__-27,flash_attn_f32_f16,2.679300,32x28x0,32x1x0,128x28x16x1
attn_norm-0,kernel_rms_norm_mul,0.012300,16384x1x1,1024x1x1,3584x16x1x1
Qcur-0,kernel_add_row,0.007800,14336x0x0,64x0x0,3584x16x1x1
Qcur-0,kernel_rope_neox_f32,0.005500,1792x16x1,64x1x1,128x28x16x1
Kcur-0,kernel_add_row,0.005800,2048x0x0,64x0x0,512x16x1x1
Kcur-0,kernel_rope_neox_f32,0.002900,256x16x1,64x1x1,128x4x16x1
node_11,kernel_mul_mv_q6_K_f32,0.954000,512x1024x1,2x64x1,512x16x1x1
Vcur-0,kernel_add_row,0.002700,2048x0x0,64x0x0,512x16x1x1
cache_k_l0 (view),kernel_set_rows_f16_i64,0.003300,8192x1x1,512x1x1,512x4096x1x1
cache_v_l0 (view),kernel_set_rows_f16_i64,0.002800,8192x1x1,512x1x1,512x4096x1x1
 (copy),kernel_cpy_f32_f16,0.004500,4096x1x1,64x1x1,512x64x1x1
__fattn__-0,flash_attn_f32_f16,2.699500,32x28x0,32x1x0,128x28x16x1
ffn_inp-0,kernel_add,0.025400,1024x1x1,64x1x1,3584x16x1x1
ffn_norm-0,kernel_rms_norm_mul,0.009200,16384x1x1,1024x1x1,3584x16x1x1
ffn_swiglu-0,kernel_swiglu,0.047300,8192x1x1,512x1x1,18944x16x1x1
ffn_out-0,kernel_mul_mv_q6_K_f32,39.862701,3584x1024x1,2x64x1,3584x16x1x1
l_out-0,kernel_add,0.023300,1024x1x1,64x1x1,3584x16x1x1
attn_norm-1,kernel_rms_norm_mul,0.009300,16384x1x1,1024x1x1,3584x16x1x1
Qcur-1,kernel_add_row,0.007900,14336x0x0,64x0x0,3584x16x1x1
Qcur-1,kernel_rope_neox_f32,0.005600,1792x16x1,64x1x1,128x28x16x1
Kcur-1,kernel_add_row,0.005600,2048x0x0,64x0x0,512x16x1x1
Kcur-1,kernel_rope_neox_f32,0.002700,256x16x1,64x1x1,128x4x16x1
node_46,kernel_mul_mv_q6_K_f32,0.955000,512x1024x1,2x64x1,512x16x1x1
Vcur-1,kernel_add_row,0.002500,2048x0x0,64x0x0,512x16x1x1
cache_k_l1 (view),kernel_set_rows_f16_i64,0.003200,8192x1x1,512x1x1,512x4096x1x1
cache_v_l1 (view),kernel_set_rows_f16_i64,0.002900,8192x1x1,512x1x1,512x4096x1x1
__fattn__-1,flash_attn_f32_f16,2.698400,32x28x0,32x1x0,128x28x16x1
ffn_inp-1,kernel_add,0.024100,1024x1x1,64x1x1,3584x16x1x1
ffn_norm-1,kernel_rms_norm_mul,0.009000,16384x1x1,1024x1x1,3584x16x1x1
ffn_swiglu-1,kernel_swiglu,0.047200,8192x1x1,512x1x1,18944x16x1x1
ffn_out-1,kernel_mul_mv_q6_K_f32,39.606098,3584x1024x1,2x64x1,3584x16x1x1
l_out-1,kernel_add,0.023500,1024x1x1,64x1x1,3584x16x1x1
attn_norm-2,kernel_rms_norm_mul,0.009300,16384x1x1,1024x1x1,3584x16x1x1
Qcur-2,kernel_add_row,0.008300,14336x0x0,64x0x0,3584x16x1x1
Qcur-2,kernel_rope_neox_f32,0.005500,1792x16x1,64x1x1,128x28x16x1
Kcur-2,kernel_add_row,0.005700,2048x0x0,64x0x0,512x16x1x1
Kcur-2,kernel_rope_neox_f32,0.002700,256x16x1,64x1x1,128x4x16x1
node_80,kernel_mul_mv_q6_K_f32,0.955400,512x1024x1,2x64x1,512x16x1x1
Vcur-2,kernel_add_row,0.002500,2048x0x0,64x0x0,512x16x1x1
cache_k_l2 (view),kernel_set_rows_f16_i64,0.003300,8192x1x1,512x1x1,512x4096x1x1
cache_v_l2 (view),kernel_set_rows_f16_i64,0.002800,8192x1x1,512x1x1,512x4096x1x1
__fattn__-2,flash_attn_f32_f16,2.723900,32x28x0,32x1x0,128x28x16x1
ffn_inp-2,kernel_add,0.023800,1024x1x1,64x1x1,3584x16x1x1
ffn_norm-2,kernel_rms_norm_mul,0.009200,16384x1x1,1024x1x1,3584x16x1x1
ffn_swiglu-2,kernel_swiglu,0.048500,8192x1x1,512x1x1,18944x16x1x1
ffn_out-2,kernel_mul_mv_q6_K_f32,40.429199,3584x1024x1,2x64x1,3584x16x1x1
l_out-2,kernel_add,0.023800,1024x1x1,64x1x1,3584x16x1x1
attn_norm-3,kernel_rms_norm_mul,0.009300,16384x1x1,1024x1x1,3584x16x1x1
Qcur-3,kernel_add_row,0.012100,14336x0x0,64x0x0,3584x16x1x1
Qcur-3,kernel_rope_neox_f32,0.005600,1792x16x1,64x1x1,128x28x16x1
Kcur-3,kernel_add_row,0.005600,2048x0x0,64x0x0,512x16x1x1
Kcur-3,kernel_rope_neox_f32,0.002700,256x16x1,64x1x1,128x4x16x1
Vcur-3,kernel_add_row,0.005700,2048x0x0,64x0x0,512x16x1x1
cache_k_l3 (view),kernel_set_rows_f16_i64,0.003500,8192x1x1,512x1x1,512x4096x1x1
cache_v_l3 (view),kernel_set_rows_f16_i64,0.002800,8192x1x1,512x1x1,512x4096x1x1
__fattn__-3,flash_attn_f32_f16,2.692600,32x28x0,32x1x0,128x28x16x1
ffn_inp-3,kernel_add,0.024400,1024x1x1,64x1x1,3584x16x1x1
ffn_norm-3,kernel_rms_norm_mul,0.009200,16384x1x1,1024x1x1,3584x16x1x1
l_out-3,kernel_add,0.024000,1024x1x1,64x1x1,3584x16x1x1
attn_norm-4,kernel_rms_norm_mul,0.009100,16384x1x1,1024x1x1,3584x16x1x1
Qcur-4,kernel_add_row,0.012800,14336x0x0,64x0x0,3584x16x1x1
Qcur-4,kernel_rope_neox_f32,0.005500,1792x16x1,64x1x1,128x28x16x1
Kcur-4,kernel_add_row,0.005600,2048x0x0,64x0x0,512x16x1x1
Kcur-4,kernel_rope_neox_f32,0.002700,256x16x1,64x1x1,128x4x16x1
Vcur-4,kernel_add_row,0.005600,2048x0x0,64x0x0,512x16x1x1
cache_k_l4 (view),kernel_set_rows_f16_i64,0.003200,8192x1x1,512x1x1,512x4096x1x1
cache_v_l4 (view),kernel_set_rows_f16_i64,0.002800,8192x1x1,512x1x1,512x4096x1x1
__fattn__-4,flash_attn_f32_f16,2.711800,32x28x0,32x1x0,128x28x16x1
ffn_inp-4,kernel_add,0.025400,1024x1x1,64x1x1,3584x16x1x1
ffn_norm-4,kernel_rms_norm_mul,0.009200,16384x1x1,1024x1x1,3584x16x1x1
l_out-4,kernel_add,0.023300,1024x1x1,64x1x1,3584x16x1x1
attn_norm-5,kernel_rms_norm_mul,0.009200,16384x1x1,1024x1x1,3584x16x1x1
Qcur-5,kernel_add_row,0.007600,14336x0x0,64x0x0,3584x16x1x1
Qcur-5,kernel_rope_neox_f32,0.005400,1792x16x1,64x1x1,128x28x16x1
Kcur-5,kernel_add_row,0.005900,2048x0x0,64x0x0,512x16x1x1
Kcur-5,kernel_rope_neox_f32,0.002700,256x16x1,64x1x1,128x4x16x1
node_182,kernel_mul_mv_q6_K_f32,0.955000,512x1024x1,2x64x1,512x16x1x1
Vcur-5,kernel_add_row,0.002400,2048x0x0,64x0x0,512x16x1x1
cache_k_l5 (view),kernel_set_rows_f16_i64,0.003200,8192x1x1,512x1x1,512x4096x1x1
cache_v_l5 (view),kernel_set_rows_f16_i64,0.002900,8192x1x1,512x1x1,512x4096x1x1
__fattn__-5,flash_attn_f32_f16,2.657100,32x28x0,32x1x0,128x28x16x1
ffn_inp-5,kernel_add,0.025000,1024x1x1,64x1x1,3584x16x1x1
ffn_norm-5,kernel_rms_norm_mul,0.009100,16384x1x1,1024x1x1,3584x16x1x1
ffn_swiglu-5,kernel_swiglu,0.048800,8192x1x1,512x1x1,18944x16x1x1
ffn_out-5,kernel_mul_mv_q6_K_f32,40.592999,3584x1024x1,2x64x1,3584x16x1x1
l_out-5,kernel_add,0.023400,1024x1x1,64x1x1,3584x16x1x1
attn_norm-6,kernel_rms_norm_mul,0.009100,16384x1x1,1024x1x1,3584x16x1x1
Qcur-6,kernel_add_row,0.012800,14336x0x0,64x0x0,3584x16x1x1
Qcur-6,kernel_rope_neox_f32,0.005600,1792x16x1,64x1x1,128x28x16x1
Kcur-6,kernel_add_row,0.005600,2048x0x0,64x0x0,512x16x1x1
Kcur-6,kernel_rope_neox_f32,0.002800,256x16x1,64x1x1,128x4x16x1
Vcur-6,kernel_add_row,0.005700,2048x0x0,64x0x0,512x16x1x1
cache_k_l6 (view),kernel_set_rows_f16_i64,0.003400,8192x1x1,512x1x1,512x4096x1x1
cache_v_l6 (view),kernel_set_rows_f16_i64,0.002900,8192x1x1,512x1x1,512x4096x1x1
__fattn__-6,flash_attn_f32_f16,2.719100,32x28x0,32x1x0,128x28x16x1
ffn_inp-6,kernel_add,0.024100,1024x1x1,64x1x1,3584x16x1x1
ffn_norm-6,kernel_rms_norm_mul,0.009200,16384x1x1,1024x1x1,3584x16x1x1
l_out-6,kernel_add,0.024500,1024x1x1,64x1x1,3584x16x1x1
attn_norm-7,kernel_rms_norm_mul,0.009300,16384x1x1,1024x1x1,3584x16x1x1
Qcur-7,kernel_add_row,0.012100,14336x0x0,64x0x0,3584x16x1x1
Qcur-7,kernel_rope_neox_f32,0.005500,1792x16x1,64x1x1,128x28x16x1
Kcur-7,kernel_add_row,0.005800,2048x0x0,64x0x0,512x16x1x1
Kcur-7,kernel_rope_neox_f32,0.002700,256x16x1,64x1x1,128x4x16x1
Vcur-7,kernel_add_row,0.005700,2048x0x0,64x0x0,512x16x1x1
cache_k_l7 (view),kernel_set_rows_f16_i64,0.003400,8192x1x1,512x1x1,512x4096x1x1
cache_v_l7 (view),kernel_set_rows_f16_i64,0.002900,8192x1x1,512x1x1,512x4096x1x1
__fattn__-7,flash_attn_f32_f16,2.670000,32x28x0,32x1x0,128x28x16x1
ffn_inp-7,kernel_add,0.025100,1024x1x1,64x1x1,3584x16x1x1
ffn_norm-7,kernel_rms_norm_mul,0.009100,16384x1x1,1024x1x1,3584x16x1x1
l_out-7,kernel_add,0.023300,1024x1x1,64x1x1,3584x16x1x1
attn_norm-8,kernel_rms_norm_mul,0.009200,16384x1x1,1024x1x1,3584x16x1x1
Qcur-8,kernel_add_row,0.007600,14336x0x0,64x0x0,3584x16x1x1
Qcur-8,kernel_rope_neox_f32,0.005600,1792x16x1,64x1x1,128x28x16x1
Kcur-8,kernel_add_row,0.005700,2048x0x0,64x0x0,512x16x1x1
Kcur-8,kernel_rope_neox_f32,0.002800,256x16x1,64x1x1,128x4x16x1
node_284,kernel_mul_mv_q6_K_f32,0.955300,512x1024x1,2x64x1,512x16x1x1
Vcur-8,kernel_add_row,0.002500,2048x0x0,64x0x0,512x16x1x1
cache_k_l8 (view),kernel_set_rows_f16_i64,0.003300,8192x1x1,512x1x1,512x4096x1x1
cache_v_l8 (view),kernel_set_rows_f16_i64,0.002900,8192x1x1,512x1x1,512x4096x1x1
__fattn__-8,flash_attn_f32_f16,2.686700,32x28x0,32x1x0,128x28x16x1
ffn_inp-8,kernel_add,0.025200,1024x1x1,64x1x1,3584x16x1x1
ffn_norm-8,kernel_rms_norm_mul,0.009100,16384x1x1,1024x1x1,3584x16x1x1
ffn_swiglu-8,kernel_swiglu,0.047400,8192x1x1,512x1x1,18944x16x1x1
ffn_out-8,kernel_mul_mv_q6_K_f32,40.160599,3584x1024x1,2x64x1,3584x16x1x1
l_out-8,kernel_add,0.023400,1024x1x1,64x1x1,3584x16x1x1
attn_norm-9,kernel_rms_norm_mul,0.009300,16384x1x1,1024x1x1,3584x16x1x1
Qcur-9,kernel_add_row,0.012800,14336x0x0,64x0x0,3584x16x1x1
Qcur-9,kernel_rope_neox_f32,0.005600,1792x16x1,64x1x1,128x28x16x1
Kcur-9,kernel_add_row,0.005500,2048x0x0,64x0x0,512x16x1x1
Kcur-9,kernel_rope_neox_f32,0.002700,256x16x1,64x1x1,128x4x16x1
Vcur-9,kernel_add_row,0.005500,2048x0x0,64x0x0,512x16x1x1
cache_k_l9 (view),kernel_set_rows_f16_i64,0.003700,8192x1x1,512x1x1,512x4096x1x1
cache_v_l9 (view),kernel_set_rows_f16_i64,0.002900,8192x1x1,512x1x1,512x4096x1x1
__fattn__-9,flash_attn_f32_f16,2.669000,32x28x0,32x1x0,128x28x16x1
ffn_inp-9,kernel_add,0.024500,1024x1x1,64x1x1,3584x16x1x1
ffn_norm-9,kernel_rms_norm_mul,0.009300,16384x1x1,1024x1x1,3584x16x1x1
l_out-9,kernel_add,0.024700,1024x1x1,64x1x1,3584x16x1x1
attn_norm-10,kernel_rms_norm_mul,0.009300,16384x1x1,1024x1x1,3584x16x1x1
Qcur-10,kernel_add_row,0.012900,14336x0x0,64x0x0,3584x16x1x1
Qcur-10,kernel_rope_neox_f32,0.005500,1792x16x1,64x1x1,128x28x16x1
Kcur-10,kernel_add_row,0.005600,2048x0x0,64x0x0,512x16x1x1
Kcur-10,kernel_rope_neox_f32,0.002800,256x16x1,64x1x1,128x4x16x1
Vcur-10,kernel_add_row,0.005600,2048x0x0,64x0x0,512x16x1x1
cache_k_l10 (view),kernel_set_rows_f16_i64,0.003300,8192x1x1,512x1x1,512x4096x1x1
cache_v_l10 (view),kernel_set_rows_f16_i64,0.002700,8192x1x1,512x1x1,512x4096x1x1
__fattn__-10,flash_attn_f32_f16,2.717100,32x28x0,32x1x0,128x28x16x1
ffn_inp-10,kernel_add,0.024800,1024x1x1,64x1x1,3584x16x1x1
ffn_norm-10,kernel_rms_norm_mul,0.009100,16384x1x1,1024x1x1,3584x16x1x1
l_out-10,kernel_add,0.023100,1024x1x1,64x1x1,3584x16x1x1
attn_norm-11,kernel_rms_norm_mul,0.009200,16384x1x1,1024x1x1,3584x16x1x1
Qcur-11,kernel_add_row,0.007300,14336x0x0,64x0x0,3584x16x1x1
Qcur-11,kernel_rope_neox_f32,0.005500,1792x16x1,64x1x1,128x28x16x1
Kcur-11,kernel_add_row,0.005700,2048x0x0,64x0x0,512x16x1x1
Kcur-11,kernel_rope_neox_f32,0.002800,256x16x1,64x1x1,128x4x16x1
node_386,kernel_mul_mv_q6_K_f32,0.954200,512x1024x1,2x64x1,512x16x1x1
Vcur-11,kernel_add_row,0.002600,2048x0x0,64x0x0,512x16x1x1
cache_k_l11 (view),kernel_set_rows_f16_i64,0.003400,8192x1x1,512x1x1,512x4096x1x1
cache_v_l11 (view),kernel_set_rows_f16_i64,0.002800,8192x1x1,512x1x1,512x4096x1x1
__fattn__-11,flash_attn_f32_f16,2.638700,32x28x0,32x1x0,128x28x16x1
ffn_inp-11,kernel_add,0.025800,1024x1x1,64x1x1,3584x16x1x1
ffn_norm-11,kernel_rms_norm_mul,0.009200,16384x1x1,1024x1x1,3584x16x1x1
ffn_swiglu-11,kernel_swiglu,0.047700,8192x1x1,512x1x1,18944x16x1x1
ffn_out-11,kernel_mul_mv_q6_K_f32,39.643700,3584x1024x1,2x64x1,3584x16x1x1
l_out-11,kernel_add,0.023500,1024x1x1,64x1x1,3584x16x1x1
attn_norm-12,kernel_rms_norm_mul,0.009200,16384x1x1,1024x1x1,3584x16x1x1
Qcur-12,kernel_add_row,0.012500,14336x0x0,64x0x0,3584x16x1x1
Qcur-12,kernel_rope_neox_f32,0.005500,1792x16x1,64x1x1,128x28x16x1
Kcur-12,kernel_add_row,0.005700,2048x0x0,64x0x0,512x16x1x1
Kcur-12,kernel_rope_neox_f32,0.002800,256x16x1,64x1x1,128x4x16x1
Vcur-12,kernel_add_row,0.005600,2048x0x0,64x0x0,512x16x1x1
cache_k_l12 (view),kernel_set_rows_f16_i64,0.003400,8192x1x1,512x1x1,512x4096x1x1
cache_v_l12 (view),kernel_set_rows_f16_i64,0.002800,8192x1x1,512x1x1,512x4096x1x1
__fattn__-12,flash_attn_f32_f16,2.717500,32x28x0,32x1x0,128x28x16x1
ffn_inp-12,kernel_add,0.024400,1024x1x1,64x1x1,3584x16x1x1
ffn_norm-12,kernel_rms_norm_mul,0.009200,16384x1x1,1024x1x1,3584x16x1x1
l_out-12,kernel_add,0.024300,1024x1x1,64x1x1,3584x16x1x1
attn_norm-13,kernel_rms_norm_mul,0.009200,16384x1x1,1024x1x1,3584x16x1x1
Qcur-13,kernel_add_row,0.013100,14336x0x0,64x0x0,3584x16x1x1
Qcur-13,kernel_rope_neox_f32,0.005500,1792x16x1,64x1x1,128x28x16x1
Kcur-13,kernel_add_row,0.005700,2048x0x0,64x0x0,512x16x1x1
Kcur-13,kernel_rope_neox_f32,0.002700,256x16x1,64x1x1,128x4x16x1
Vcur-13,kernel_add_row,0.005600,2048x0x0,64x0x0,512x16x1x1
cache_k_l13 (view),kernel_set_rows_f16_i64,0.003300,8192x1x1,512x1x1,512x4096x1x1
cache_v_l13 (view),kernel_set_rows_f16_i64,0.002800,8192x1x1,512x1x1,512x4096x1x1
__fattn__-13,flash_attn_f32_f16,2.698800,32x28x0,32x1x0,128x28x16x1
ffn_inp-13,kernel_add,0.024800,1024x1x1,64x1x1,3584x16x1x1
ffn_norm-13,kernel_rms_norm_mul,0.009200,16384x1x1,1024x1x1,3584x16x1x1
l_out-13,kernel_add,0.024900,1024x1x1,64x1x1,3584x16x1x1
attn_norm-14,kernel_rms_norm_mul,0.009100,16384x1x1,1024x1x1,3584x16x1x1
Qcur-14,kernel_add_row,0.007200,14336x0x0,64x0x0,3584x16x1x1
Qcur-14,kernel_rope_neox_f32,0.005500,1792x16x1,64x1x1,128x28x16x1
Kcur-14,kernel_add_row,0.005700,2048x0x0,64x0x0,512x16x1x1
Kcur-14,kernel_rope_neox_f32,0.002800,256x16x1,64x1x1,128x4x16x1
node_488,kernel_mul_mv_q6_K_f32,0.956400,512x1024x1,2x64x1,512x16x1x1
Vcur-14,kernel_add_row,0.002500,2048x0x0,64x0x0,512x16x1x1
cache_k_l14 (view),kernel_set_rows_f16_i64,0.003300,8192x1x1,512x1x1,512x4096x1x1
cache_v_l14 (view),kernel_set_rows_f16_i64,0.002900,8192x1x1,512x1x1,512x4096x1x1
__fattn__-14,flash_attn_f32_f16,2.719400,32x28x0,32x1x0,128x28x16x1
ffn_inp-14,kernel_add,0.025100,1024x1x1,64x1x1,3584x16x1x1
ffn_norm-14,kernel_rms_norm_mul,0.009100,16384x1x1,1024x1x1,3584x16x1x1
ffn_swiglu-14,kernel_swiglu,0.048000,8192x1x1,512x1x1,18944x16x1x1
ffn_out-14,kernel_mul_mv_q6_K_f32,39.584599,3584x1024x1,2x64x1,3584x16x1x1
l_out-14,kernel_add,0.023400,1024x1x1,64x1x1,3584x16x1x1
attn_norm-15,kernel_rms_norm_mul,0.009200,16384x1x1,1024x1x1,3584x16x1x1
Qcur-15,kernel_add_row,0.012200,14336x0x0,64x0x0,3584x16x1x1
Qcur-15,kernel_rope_neox_f32,0.005500,1792x16x1,64x1x1,128x28x16x1
Kcur-15,kernel_add_row,0.005700,2048x0x0,64x0x0,512x16x1x1
Kcur-15,kernel_rope_neox_f32,0.002800,256x16x1,64x1x1,128x4x16x1
Vcur-15,kernel_add_row,0.005600,2048x0x0,64x0x0,512x16x1x1
cache_k_l15 (view),kernel_set_rows_f16_i64,0.003300,8192x1x1,512x1x1,512x4096x1x1
cache_v_l15 (view),kernel_set_rows_f16_i64,0.002800,8192x1x1,512x1x1,512x4096x1x1
__fattn__-15,flash_attn_f32_f16,2.699400,32x28x0,32x1x0,128x28x16x1
ffn_inp-15,kernel_add,0.024400,1024x1x1,64x1x1,3584x16x1x1
ffn_norm-15,kernel_rms_norm_mul,0.009100,16384x1x1,1024x1x1,3584x16x1x1
l_out-15,kernel_add,0.024100,1024x1x1,64x1x1,3584x16x1x1
attn_norm-16,kernel_rms_norm_mul,0.009300,16384x1x1,1024x1x1,3584x16x1x1
Qcur-16,kernel_add_row,0.012600,14336x0x0,64x0x0,3584x16x1x1
Qcur-16,kernel_rope_neox_f32,0.005500,1792x16x1,64x1x1,128x28x16x1
Kcur-16,kernel_add_row,0.005600,2048x0x0,64x0x0,512x16x1x1
Kcur-16,kernel_rope_neox_f32,0.002700,256x16x1,64x1x1,128x4x16x1
Vcur-16,kernel_add_row,0.005800,2048x0x0,64x0x0,512x16x1x1
cache_k_l16 (view),kernel_set_rows_f16_i64,0.003200,8192x1x1,512x1x1,512x4096x1x1
cache_v_l16 (view),kernel_set_rows_f16_i64,0.002900,8192x1x1,512x1x1,512x4096x1x1
__fattn__-16,flash_attn_f32_f16,2.683800,32x28x0,32x1x0,128x28x16x1
ffn_inp-16,kernel_add,0.025100,1024x1x1,64x1x1,3584x16x1x1
ffn_norm-16,kernel_rms_norm_mul,0.009200,16384x1x1,1024x1x1,3584x16x1x1
l_out-16,kernel_add,0.023000,1024x1x1,64x1x1,3584x16x1x1
attn_norm-17,kernel_rms_norm_mul,0.009300,16384x1x1,1024x1x1,3584x16x1x1
Qcur-17,kernel_add_row,0.007400,14336x0x0,64x0x0,3584x16x1x1
Qcur-17,kernel_rope_neox_f32,0.005400,1792x16x1,64x1x1,128x28x16x1
Kcur-17,kernel_add_row,0.005800,2048x0x0,64x0x0,512x16x1x1
Kcur-17,kernel_rope_neox_f32,0.002700,256x16x1,64x1x1,128x4x16x1
node_590,kernel_mul_mv_q6_K_f32,0.955000,512x1024x1,2x64x1,512x16x1x1
Vcur-17,kernel_add_row,0.002500,2048x0x0,64x0x0,512x16x1x1
cache_k_l17 (view),kernel_set_rows_f16_i64,0.003400,8192x1x1,512x1x1,512x4096x1x1
cache_v_l17 (view),kernel_set_rows_f16_i64,0.002800,8192x1x1,512x1x1,512x4096x1x1
__fattn__-17,flash_attn_f32_f16,2.726400,32x28x0,32x1x0,128x28x16x1
ffn_inp-17,kernel_add,0.025100,1024x1x1,64x1x1,3584x16x1x1
ffn_norm-17,kernel_rms_norm_mul,0.009200,16384x1x1,1024x1x1,3584x16x1x1
ffn_swiglu-17,kernel_swiglu,0.048200,8192x1x1,512x1x1,18944x16x1x1
ffn_out-17,kernel_mul_mv_q6_K_f32,39.612099,3584x1024x1,2x64x1,3584x16x1x1
l_out-17,kernel_add,0.023100,1024x1x1,64x1x1,3584x16x1x1
attn_norm-18,kernel_rms_norm_mul,0.009200,16384x1x1,1024x1x1,3584x16x1x1
Qcur-18,kernel_add_row,0.012700,14336x0x0,64x0x0,3584x16x1x1
Qcur-18,kernel_rope_neox_f32,0.005500,1792x16x1,64x1x1,128x28x16x1
Kcur-18,kernel_add_row,0.005600,2048x0x0,64x0x0,512x16x1x1
Kcur-18,kernel_rope_neox_f32,0.002700,256x16x1,64x1x1,128x4x16x1
Vcur-18,kernel_add_row,0.005700,2048x0x0,64x0x0,512x16x1x1
cache_k_l18 (view),kernel_set_rows_f16_i64,0.003300,8192x1x1,512x1x1,512x4096x1x1
cache_v_l18 (view),kernel_set_rows_f16_i64,0.002800,8192x1x1,512x1x1,512x4096x1x1
__fattn__-18,flash_attn_f32_f16,2.677500,32x28x0,32x1x0,128x28x16x1
ffn_inp-18,kernel_add,0.024400,1024x1x1,64x1x1,3584x16x1x1
ffn_norm-18,kernel_rms_norm_mul,0.009300,16384x1x1,1024x1x1,3584x16x1x1
l_out-18,kernel_add,0.024600,1024x1x1,64x1x1,3584x16x1x1
attn_norm-19,kernel_rms_norm_mul,0.009100,16384x1x1,1024x1x1,3584x16x1x1
Qcur-19,kernel_add_row,0.013100,14336x0x0,64x0x0,3584x16x1x1
Qcur-19,kernel_rope_neox_f32,0.005500,1792x16x1,64x1x1,128x28x16x1
Kcur-19,kernel_add_row,0.005600,2048x0x0,64x0x0,512x16x1x1
Kcur-19,kernel_rope_neox_f32,0.002700,256x16x1,64x1x1,128x4x16x1
Vcur-19,kernel_add_row,0.005600,2048x0x0,64x0x0,512x16x1x1
cache_k_l19 (view),kernel_set_rows_f16_i64,0.003400,8192x1x1,512x1x1,512x4096x1x1
cache_v_l19 (view),kernel_set_rows_f16_i64,0.002800,8192x1x1,512x1x1,512x4096x1x1
__fattn__-19,flash_attn_f32_f16,2.709400,32x28x0,32x1x0,128x28x16x1
ffn_inp-19,kernel_add,0.025100,1024x1x1,64x1x1,3584x16x1x1
ffn_norm-19,kernel_rms_norm_mul,0.009200,16384x1x1,1024x1x1,3584x16x1x1
l_out-19,kernel_add,0.023300,1024x1x1,64x1x1,3584x16x1x1
attn_norm-20,kernel_rms_norm_mul,0.009000,16384x1x1,1024x1x1,3584x16x1x1
Qcur-20,kernel_add_row,0.007300,14336x0x0,64x0x0,3584x16x1x1
Qcur-20,kernel_rope_neox_f32,0.005400,1792x16x1,64x1x1,128x28x16x1
Kcur-20,kernel_add_row,0.005700,2048x0x0,64x0x0,512x16x1x1
Kcur-20,kernel_rope_neox_f32,0.002700,256x16x1,64x1x1,128x4x16x1
node_692,kernel_mul_mv_q6_K_f32,0.953600,512x1024x1,2x64x1,512x16x1x1
Vcur-20,kernel_add_row,0.002500,2048x0x0,64x0x0,512x16x1x1
cache_k_l20 (view),kernel_set_rows_f16_i64,0.003300,8192x1x1,512x1x1,512x4096x1x1
cache_v_l20 (view),kernel_set_rows_f16_i64,0.002800,8192x1x1,512x1x1,512x4096x1x1
__fattn__-20,flash_attn_f32_f16,2.681000,32x28x0,32x1x0,128x28x16x1
ffn_inp-20,kernel_add,0.024500,1024x1x1,64x1x1,3584x16x1x1
ffn_norm-20,kernel_rms_norm_mul,0.009200,16384x1x1,1024x1x1,3584x16x1x1
ffn_swiglu-20,kernel_swiglu,0.047400,8192x1x1,512x1x1,18944x16x1x1
ffn_out-20,kernel_mul_mv_q6_K_f32,39.616798,3584x1024x1,2x64x1,3584x16x1x1
l_out-20,kernel_add,0.023000,1024x1x1,64x1x1,3584x16x1x1
attn_norm-21,kernel_rms_norm_mul,0.009300,16384x1x1,1024x1x1,3584x16x1x1
Qcur-21,kernel_add_row,0.008200,14336x0x0,64x0x0,3584x16x1x1
Qcur-21,kernel_rope_neox_f32,0.005500,1792x16x1,64x1x1,128x28x16x1
Kcur-21,kernel_add_row,0.005100,2048x0x0,64x0x0,512x16x1x1
Kcur-21,kernel_rope_neox_f32,0.002900,256x16x1,64x1x1,128x4x16x1
Vcur-21,kernel_add_row,0.004900,2048x0x0,64x0x0,512x16x1x1
cache_k_l21 (view),kernel_set_rows_f16_i64,0.003400,8192x1x1,512x1x1,512x4096x1x1
cache_v_l21 (view),kernel_set_rows_f16_i64,0.002900,8192x1x1,512x1x1,512x4096x1x1
__fattn__-21,flash_attn_f32_f16,2.673600,32x28x0,32x1x0,128x28x16x1
ffn_inp-21,kernel_add,0.022700,1024x1x1,64x1x1,3584x16x1x1
ffn_norm-21,kernel_rms_norm_mul,0.009200,16384x1x1,1024x1x1,3584x16x1x1
l_out-21,kernel_add,0.024600,1024x1x1,64x1x1,3584x16x1x1
attn_norm-22,kernel_rms_norm_mul,0.009200,16384x1x1,1024x1x1,3584x16x1x1
Qcur-22,kernel_add_row,0.007900,14336x0x0,64x0x0,3584x16x1x1
Qcur-22,kernel_rope_neox_f32,0.005600,1792x16x1,64x1x1,128x28x16x1
Kcur-22,kernel_add_row,0.004700,2048x0x0,64x0x0,512x16x1x1
Kcur-22,kernel_rope_neox_f32,0.002700,256x16x1,64x1x1,128x4x16x1
Vcur-22,kernel_add_row,0.002600,2048x0x0,64x0x0,512x16x1x1
cache_k_l22 (view),kernel_set_rows_f16_i64,0.003100,8192x1x1,512x1x1,512x4096x1x1
cache_v_l22 (view),kernel_set_rows_f16_i64,0.002700,8192x1x1,512x1x1,512x4096x1x1
__fattn__-22,flash_attn_f32_f16,2.681400,32x28x0,32x1x0,128x28x16x1
ffn_inp-22,kernel_add,0.023700,1024x1x1,64x1x1,3584x16x1x1
ffn_norm-22,kernel_rms_norm_mul,0.009200,16384x1x1,1024x1x1,3584x16x1x1
l_out-22,kernel_add,0.022300,1024x1x1,64x1x1,3584x16x1x1
attn_norm-23,kernel_rms_norm_mul,0.009200,16384x1x1,1024x1x1,3584x16x1x1
Qcur-23,kernel_add_row,0.007400,14336x0x0,64x0x0,3584x16x1x1
Qcur-23,kernel_rope_neox_f32,0.005400,1792x16x1,64x1x1,128x28x16x1
Kcur-23,kernel_add_row,0.002700,2048x0x0,64x0x0,512x16x1x1
Kcur-23,kernel_rope_neox_f32,0.002700,256x16x1,64x1x1,128x4x16x1
node_794,kernel_mul_mv_q6_K_f32,0.953100,512x1024x1,2x64x1,512x16x1x1
Vcur-23,kernel_add_row,0.002600,2048x0x0,64x0x0,512x16x1x1
cache_k_l23 (view),kernel_set_rows_f16_i64,0.003200,8192x1x1,512x1x1,512x4096x1x1
cache_v_l23 (view),kernel_set_rows_f16_i64,0.002700,8192x1x1,512x1x1,512x4096x1x1
__fattn__-23,flash_attn_f32_f16,2.728800,32x28x0,32x1x0,128x28x16x1
ffn_inp-23,kernel_add,0.024500,1024x1x1,64x1x1,3584x16x1x1
ffn_norm-23,kernel_rms_norm_mul,0.009200,16384x1x1,1024x1x1,3584x16x1x1
ffn_swiglu-23,kernel_swiglu,0.047200,8192x1x1,512x1x1,18944x16x1x1
ffn_out-23,kernel_mul_mv_q6_K_f32,39.614498,3584x1024x1,2x64x1,3584x16x1x1
l_out-23,kernel_add,0.023100,1024x1x1,64x1x1,3584x16x1x1
attn_norm-24,kernel_rms_norm_mul,0.009100,16384x1x1,1024x1x1,3584x16x1x1
Qcur-24,kernel_add_row,0.044300,14336x0x0,64x0x0,3584x16x1x1
Qcur-24,kernel_rope_neox_f32,0.007500,1792x16x1,64x1x1,128x28x16x1
Kcur-24,kernel_add_row,0.005700,2048x0x0,64x0x0,512x16x1x1
Kcur-24,kernel_rope_neox_f32,0.002800,256x16x1,64x1x1,128x4x16x1
node_828,kernel_mul_mv_q6_K_f32,0.955400,512x1024x1,2x64x1,512x16x1x1
Vcur-24,kernel_add_row,0.002500,2048x0x0,64x0x0,512x16x1x1
cache_k_l24 (view),kernel_set_rows_f16_i64,0.003400,8192x1x1,512x1x1,512x4096x1x1
cache_v_l24 (view),kernel_set_rows_f16_i64,0.002800,8192x1x1,512x1x1,512x4096x1x1
__fattn__-24,flash_attn_f32_f16,2.731300,32x28x0,32x1x0,128x28x16x1
ffn_inp-24,kernel_add,0.023600,1024x1x1,64x1x1,3584x16x1x1
ffn_norm-24,kernel_rms_norm_mul,0.009200,16384x1x1,1024x1x1,3584x16x1x1
ffn_swiglu-24,kernel_swiglu,0.047400,8192x1x1,512x1x1,18944x16x1x1
ffn_out-24,kernel_mul_mv_q6_K_f32,39.579102,3584x1024x1,2x64x1,3584x16x1x1
l_out-24,kernel_add,0.023400,1024x1x1,64x1x1,3584x16x1x1
attn_norm-25,kernel_rms_norm_mul,0.009200,16384x1x1,1024x1x1,3584x16x1x1
Qcur-25,kernel_add_row,0.008000,14336x0x0,64x0x0,3584x16x1x1
Qcur-25,kernel_rope_neox_f32,0.005400,1792x16x1,64x1x1,128x28x16x1
Kcur-25,kernel_add_row,0.005700,2048x0x0,64x0x0,512x16x1x1
Kcur-25,kernel_rope_neox_f32,0.002800,256x16x1,64x1x1,128x4x16x1
node_862,kernel_mul_mv_q6_K_f32,0.956300,512x1024x1,2x64x1,512x16x1x1
Vcur-25,kernel_add_row,0.002300,2048x0x0,64x0x0,512x16x1x1
cache_k_l25 (view),kernel_set_rows_f16_i64,0.003200,8192x1x1,512x1x1,512x4096x1x1
cache_v_l25 (view),kernel_set_rows_f16_i64,0.002700,8192x1x1,512x1x1,512x4096x1x1
__fattn__-25,flash_attn_f32_f16,2.710100,32x28x0,32x1x0,128x28x16x1
ffn_inp-25,kernel_add,0.024100,1024x1x1,64x1x1,3584x16x1x1
ffn_norm-25,kernel_rms_norm_mul,0.009200,16384x1x1,1024x1x1,3584x16x1x1
ffn_swiglu-25,kernel_swiglu,0.047800,8192x1x1,512x1x1,18944x16x1x1
ffn_out-25,kernel_mul_mv_q6_K_f32,39.641899,3584x1024x1,2x64x1,3584x16x1x1
l_out-25,kernel_add,0.023100,1024x1x1,64x1x1,3584x16x1x1
attn_norm-26,kernel_rms_norm_mul,0.009200,16384x1x1,1024x1x1,3584x16x1x1
Qcur-26,kernel_add_row,0.008200,14336x0x0,64x0x0,3584x16x1x1
Qcur-26,kernel_rope_neox_f32,0.005500,1792x16x1,64x1x1,128x28x16x1
Kcur-26,kernel_add_row,0.005600,2048x0x0,64x0x0,512x16x1x1
Kcur-26,kernel_rope_neox_f32,0.002800,256x16x1,64x1x1,128x4x16x1
node_896,kernel_mul_mv_q6_K_f32,0.954700,512x1024x1,2x64x1,512x16x1x1
Vcur-26,kernel_add_row,0.002500,2048x0x0,64x0x0,512x16x1x1
cache_k_l26 (view),kernel_set_rows_f16_i64,0.003400,8192x1x1,512x1x1,512x4096x1x1
cache_v_l26 (view),kernel_set_rows_f16_i64,0.002800,8192x1x1,512x1x1,512x4096x1x1
__fattn__-26,flash_attn_f32_f16,2.681100,32x28x0,32x1x0,128x28x16x1
ffn_inp-26,kernel_add,0.024200,1024x1x1,64x1x1,3584x16x1x1
ffn_norm-26,kernel_rms_norm_mul,0.009100,16384x1x1,1024x1x1,3584x16x1x1
ffn_swiglu-26,kernel_swiglu,0.046900,8192x1x1,512x1x1,18944x16x1x1
ffn_out-26,kernel_mul_mv_q6_K_f32,39.496498,3584x1024x1,2x64x1,3584x16x1x1
l_out-26,kernel_add,0.023300,1024x1x1,64x1x1,3584x16x1x1
attn_norm-27,kernel_rms_norm_mul,0.009100,16384x1x1,1024x1x1,3584x16x1x1
Qcur-27,kernel_add_row,0.008000,14336x0x0,64x0x0,3584x16x1x1
Qcur-27,kernel_rope_neox_f32,0.005500,1792x16x1,64x1x1,128x28x16x1
Kcur-27,kernel_add_row,0.005700,2048x0x0,64x0x0,512x16x1x1
Kcur-27,kernel_rope_neox_f32,0.002800,256x16x1,64x1x1,128x4x16x1
node_930,kernel_mul_mv_q6_K_f32,0.954400,512x1024x1,2x64x1,512x16x1x1
Vcur-27,kernel_add_row,0.002500,2048x0x0,64x0x0,512x16x1x1
cache_k_l27 (view),kernel_set_rows_f16_i64,0.003500,8192x1x1,512x1x1,512x4096x1x1
cache_v_l27 (view),kernel_set_rows_f16_i64,0.002800,8192x1x1,512x1x1,512x4096x1x1
__fattn__-27,flash_attn_f32_f16,2.710200,32x28x0,32x1x0,128x28x16x1
attn_norm-0,kernel_rms_norm_mul,0.012500,16384x1x1,1024x1x1,3584x16x1x1
Qcur-0,kernel_add_row,0.015100,14336x0x0,64x0x0,3584x16x1x1
Qcur-0,kernel_rope_neox_f32,0.005500,1792x16x1,64x1x1,128x28x16x1
Kcur-0,kernel_add_row,0.005600,2048x0x0,64x0x0,512x16x1x1
Kcur-0,kernel_rope_neox_f32,0.002800,256x16x1,64x1x1,128x4x16x1
node_11,kernel_mul_mv_q6_K_f32,0.956100,512x1024x1,2x64x1,512x16x1x1
Vcur-0,kernel_add_row,0.002500,2048x0x0,64x0x0,512x16x1x1
cache_k_l0 (view),kernel_set_rows_f16_i64,0.003300,8192x1x1,512x1x1,512x4096x1x1
cache_v_l0 (view),kernel_set_rows_f16_i64,0.002800,8192x1x1,512x1x1,512x4096x1x1
 (copy),kernel_cpy_f32_f16,0.004800,4096x1x1,64x1x1,512x64x1x1
__fattn__-0,flash_attn_f32_f16,2.730800,32x28x0,32x1x0,128x28x16x1
ffn_inp-0,kernel_add,0.025500,1024x1x1,64x1x1,3584x16x1x1
ffn_norm-0,kernel_rms_norm_mul,0.009200,16384x1x1,1024x1x1,3584x16x1x1
ffn_swiglu-0,kernel_swiglu,0.047500,8192x1x1,512x1x1,18944x16x1x1
ffn_out-0,kernel_mul_mv_q6_K_f32,39.569000,3584x1024x1,2x64x1,3584x16x1x1
l_out-0,kernel_add,0.023600,1024x1x1,64x1x1,3584x16x1x1
attn_norm-1,kernel_rms_norm_mul,0.009100,16384x1x1,1024x1x1,3584x16x1x1
Qcur-1,kernel_add_row,0.007700,14336x0x0,64x0x0,3584x16x1x1
Qcur-1,kernel_rope_neox_f32,0.005500,1792x16x1,64x1x1,128x28x16x1
Kcur-1,kernel_add_row,0.005900,2048x0x0,64x0x0,512x16x1x1
Kcur-1,kernel_rope_neox_f32,0.002700,256x16x1,64x1x1,128x4x16x1
node_46,kernel_mul_mv_q6_K_f32,0.956400,512x1024x1,2x64x1,512x16x1x1
Vcur-1,kernel_add_row,0.002600,2048x0x0,64x0x0,512x16x1x1
cache_k_l1 (view),kernel_set_rows_f16_i64,0.003300,8192x1x1,512x1x1,512x4096x1x1
cache_v_l1 (view),kernel_set_rows_f16_i64,0.002800,8192x1x1,512x1x1,512x4096x1x1
__fattn__-1,flash_attn_f32_f16,2.695700,32x28x0,32x1x0,128x28x16x1
ffn_inp-1,kernel_add,0.024500,1024x1x1,64x1x1,3584x16x1x1
ffn_norm-1,kernel_rms_norm_mul,0.009200,16384x1x1,1024x1x1,3584x16x1x1
ffn_swiglu-1,kernel_swiglu,0.046700,8192x1x1,512x1x1,18944x16x1x1
ffn_out-1,kernel_mul_mv_q6_K_f32,39.572498,3584x1024x1,2x64x1,3584x16x1x1
l_out-1,kernel_add,0.023400,1024x1x1,64x1x1,3584x16x1x1
attn_norm-2,kernel_rms_norm_mul,0.009200,16384x1x1,1024x1x1,3584x16x1x1
Qcur-2,kernel_add_row,0.008000,14336x0x0,64x0x0,3584x16x1x1
Qcur-2,kernel_rope_neox_f32,0.005600,1792x16x1,64x1x1,128x28x16x1
Kcur-2,kernel_add_row,0.005600,2048x0x0,64x0x0,512x16x1x1
Kcur-2,kernel_rope_neox_f32,0.002700,256x16x1,64x1x1,128x4x16x1
node_80,kernel_mul_mv_q6_K_f32,0.956600,512x1024x1,2x64x1,512x16x1x1
Vcur-2,kernel_add_row,0.002500,2048x0x0,64x0x0,512x16x1x1
cache_k_l2 (view),kernel_set_rows_f16_i64,0.003400,8192x1x1,512x1x1,512x4096x1x1
cache_v_l2 (view),kernel_set_rows_f16_i64,0.002900,8192x1x1,512x1x1,512x4096x1x1
__fattn__-2,flash_attn_f32_f16,2.677000,32x28x0,32x1x0,128x28x16x1
ffn_inp-2,kernel_add,0.024000,1024x1x1,64x1x1,3584x16x1x1
ffn_norm-2,kernel_rms_norm_mul,0.009200,16384x1x1,1024x1x1,3584x16x1x1
ffn_swiglu-2,kernel_swiglu,0.047600,8192x1x1,512x1x1,18944x16x1x1
ffn_out-2,kernel_mul_mv_q6_K_f32,40.459801,3584x1024x1,2x64x1,3584x16x1x1
l_out-2,kernel_add,0.023500,1024x1x1,64x1x1,3584x16x1x1
attn_norm-3,kernel_rms_norm_mul,0.009200,16384x1x1,1024x1x1,3584x16x1x1
Qcur-3,kernel_add_row,0.010700,14336x0x0,64x0x0,3584x16x1x1
Qcur-3,kernel_rope_neox_f32,0.005400,1792x16x1,64x1x1,128x28x16x1
Kcur-3,kernel_add_row,0.005600,2048x0x0,64x0x0,512x16x1x1
Kcur-3,kernel_rope_neox_f32,0.002800,256x16x1,64x1x1,128x4x16x1
Vcur-3,kernel_add_row,0.005600,2048x0x0,64x0x0,512x16x1x1
cache_k_l3 (view),kernel_set_rows_f16_i64,0.003200,8192x1x1,512x1x1,512x4096x1x1
cache_v_l3 (view),kernel_set_rows_f16_i64,0.002800,8192x1x1,512x1x1,512x4096x1x1
__fattn__-3,flash_attn_f32_f16,2.713200,32x28x0,32x1x0,128x28x16x1
ffn_inp-3,kernel_add,0.024300,1024x1x1,64x1x1,3584x16x1x1
ffn_norm-3,kernel_rms_norm_mul,0.009200,16384x1x1,1024x1x1,3584x16x1x1
l_out-3,kernel_add,0.024400,1024x1x1,64x1x1,3584x16x1x1
attn_norm-4,kernel_rms_norm_mul,0.009100,16384x1x1,1024x1x1,3584x16x1x1
Qcur-4,kernel_add_row,0.013100,14336x0x0,64x0x0,3584x16x1x1
Qcur-4,kernel_rope_neox_f32,0.005500,1792x16x1,64x1x1,128x28x16x1
Kcur-4,kernel_add_row,0.005600,2048x0x0,64x0x0,512x16x1x1
Kcur-4,kernel_rope_neox_f32,0.002900,256x16x1,64x1x1,128x4x16x1
Vcur-4,kernel_add_row,0.005600,2048x0x0,64x0x0,512x16x1x1
cache_k_l4 (view),kernel_set_rows_f16_i64,0.003300,8192x1x1,512x1x1,512x4096x1x1
cache_v_l4 (view),kernel_set_rows_f16_i64,0.002800,8192x1x1,512x1x1,512x4096x1x1
__fattn__-4,flash_attn_f32_f16,2.671700,32x28x0,32x1x0,128x28x16x1
ffn_inp-4,kernel_add,0.025000,1024x1x1,64x1x1,3584x16x1x1
ffn_norm-4,kernel_rms_norm_mul,0.009200,16384x1x1,1024x1x1,3584x16x1x1
l_out-4,kernel_add,0.023200,1024x1x1,64x1x1,3584x16x1x1
attn_norm-5,kernel_rms_norm_mul,0.009100,16384x1x1,1024x1x1,3584x16x1x1
Qcur-5,kernel_add_row,0.007500,14336x0x0,64x0x0,3584x16x1x1
Qcur-5,kernel_rope_neox_f32,0.005500,1792x16x1,64x1x1,128x28x16x1
Kcur-5,kernel_add_row,0.005700,2048x0x0,64x0x0,512x16x1x1
Kcur-5,kernel_rope_neox_f32,0.002600,256x16x1,64x1x1,128x4x16x1
node_182,kernel_mul_mv_q6_K_f32,0.955300,512x1024x1,2x64x1,512x16x1x1
Vcur-5,kernel_add_row,0.002600,2048x0x0,64x0x0,512x16x1x1
cache_k_l5 (view),kernel_set_rows_f16_i64,0.003400,8192x1x1,512x1x1,512x4096x1x1
cache_v_l5 (view),kernel_set_rows_f16_i64,0.002900,8192x1x1,512x1x1,512x4096x1x1
__fattn__-5,flash_attn_f32_f16,2.654200,32x28x0,32x1x0,128x28x16x1
ffn_inp-5,kernel_add,0.024900,1024x1x1,64x1x1,3584x16x1x1
ffn_norm-5,kernel_rms_norm_mul,0.009200,16384x1x1,1024x1x1,3584x16x1x1
ffn_swiglu-5,kernel_swiglu,0.047600,8192x1x1,512x1x1,18944x16x1x1
ffn_out-5,kernel_mul_mv_q6_K_f32,40.611401,3584x1024x1,2x64x1,3584x16x1x1
l_out-5,kernel_add,0.023100,1024x1x1,64x1x1,3584x16x1x1
attn_norm-6,kernel_rms_norm_mul,0.009200,16384x1x1,1024x1x1,3584x16x1x1
Qcur-6,kernel_add_row,0.011100,14336x0x0,64x0x0,3584x16x1x1
Qcur-6,kernel_rope_neox_f32,0.005600,1792x16x1,64x1x1,128x28x16x1
Kcur-6,kernel_add_row,0.005600,2048x0x0,64x0x0,512x16x1x1
Kcur-6,kernel_rope_neox_f32,0.002800,256x16x1,64x1x1,128x4x16x1
Vcur-6,kernel_add_row,0.005600,2048x0x0,64x0x0,512x16x1x1
cache_k_l6 (view),kernel_set_rows_f16_i64,0.003200,8192x1x1,512x1x1,512x4096x1x1
cache_v_l6 (view),kernel_set_rows_f16_i64,0.002800,8192x1x1,512x1x1,512x4096x1x1
__fattn__-6,flash_attn_f32_f16,2.689000,32x28x0,32x1x0,128x28x16x1
ffn_inp-6,kernel_add,0.024700,1024x1x1,64x1x1,3584x16x1x1
ffn_norm-6,kernel_rms_norm_mul,0.009300,16384x1x1,1024x1x1,3584x16x1x1
l_out-6,kernel_add,0.024000,1024x1x1,64x1x1,3584x16x1x1
attn_norm-7,kernel_rms_norm_mul,0.009200,16384x1x1,1024x1x1,3584x16x1x1
Qcur-7,kernel_add_row,0.013200,14336x0x0,64x0x0,3584x16x1x1
Qcur-7,kernel_rope_neox_f32,0.005400,1792x16x1,64x1x1,128x28x16x1
Kcur-7,kernel_add_row,0.005600,2048x0x0,64x0x0,512x16x1x1
Kcur-7,kernel_rope_neox_f32,0.002700,256x16x1,64x1x1,128x4x16x1
Vcur-7,kernel_add_row,0.005700,2048x0x0,64x0x0,512x16x1x1
cache_k_l7 (view),kernel_set_rows_f16_i64,0.003200,8192x1x1,512x1x1,512x4096x1x1
cache_v_l7 (view),kernel_set_rows_f16_i64,0.002800,8192x1x1,512x1x1,512x4096x1x1
__fattn__-7,flash_attn_f32_f16,2.708500,32x28x0,32x1x0,128x28x16x1
ffn_inp-7,kernel_add,0.024800,1024x1x1,64x1x1,3584x16x1x1
ffn_norm-7,kernel_rms_norm_mul,0.009300,16384x1x1,1024x1x1,3584x16x1x1
l_out-7,kernel_add,0.022900,1024x1x1,64x1x1,3584x16x1x1
attn_norm-8,kernel_rms_norm_mul,0.009200,16384x1x1,1024x1x1,3584x16x1x1
Qcur-8,kernel_add_row,0.007700,14336x0x0,64x0x0,3584x16x1x1
Qcur-8,kernel_rope_neox_f32,0.005500,1792x16x1,64x1x1,128x28x16x1
Kcur-8,kernel_add_row,0.005600,2048x0x0,64x0x0,512x16x1x1
Kcur-8,kernel_rope_neox_f32,0.002700,256x16x1,64x1x1,128x4x16x1
node_284,kernel_mul_mv_q6_K_f32,0.955700,512x1024x1,2x64x1,512x16x1x1
Vcur-8,kernel_add_row,0.002600,2048x0x0,64x0x0,512x16x1x1
cache_k_l8 (view),kernel_set_rows_f16_i64,0.003300,8192x1x1,512x1x1,512x4096x1x1
cache_v_l8 (view),kernel_set_rows_f16_i64,0.002900,8192x1x1,512x1x1,512x4096x1x1
__fattn__-8,flash_attn_f32_f16,2.669900,32x28x0,32x1x0,128x28x16x1
ffn_inp-8,kernel_add,0.024900,1024x1x1,64x1x1,3584x16x1x1
ffn_norm-8,kernel_rms_norm_mul,0.009200,16384x1x1,1024x1x1,3584x16x1x1
ffn_swiglu-8,kernel_swiglu,0.046900,8192x1x1,512x1x1,18944x16x1x1
ffn_out-8,kernel_mul_mv_q6_K_f32,40.221500,3584x1024x1,2x64x1,3584x16x1x1
l_out-8,kernel_add,0.023000,1024x1x1,64x1x1,3584x16x1x1
attn_norm-9,kernel_rms_norm_mul,0.009100,16384x1x1,1024x1x1,3584x16x1x1
Qcur-9,kernel_add_row,0.012800,14336x0x0,64x0x0,3584x16x1x1
Qcur-9,kernel_rope_neox_f32,0.005400,1792x16x1,64x1x1,128x28x16x1
Kcur-9,kernel_add_row,0.005800,2048x0x0,64x0x0,512x16x1x1
Kcur-9,kernel_rope_neox_f32,0.002800,256x16x1,64x1x1,128x4x16x1
Vcur-9,kernel_add_row,0.005900,2048x0x0,64x0x0,512x16x1x1
cache_k_l9 (view),kernel_set_rows_f16_i64,0.003400,8192x1x1,512x1x1,512x4096x1x1
cache_v_l9 (view),kernel_set_rows_f16_i64,0.002800,8192x1x1,512x1x1,512x4096x1x1
__fattn__-9,flash_attn_f32_f16,2.711100,32x28x0,32x1x0,128x28x16x1
ffn_inp-9,kernel_add,0.024300,1024x1x1,64x1x1,3584x16x1x1
ffn_norm-9,kernel_rms_norm_mul,0.009200,16384x1x1,1024x1x1,3584x16x1x1
l_out-9,kernel_add,0.024700,1024x1x1,64x1x1,3584x16x1x1
attn_norm-10,kernel_rms_norm_mul,0.009100,16384x1x1,1024x1x1,3584x16x1x1
Qcur-10,kernel_add_row,0.013300,14336x0x0,64x0x0,3584x16x1x1
Qcur-10,kernel_rope_neox_f32,0.005400,1792x16x1,64x1x1,128x28x16x1
Kcur-10,kernel_add_row,0.005800,2048x0x0,64x0x0,512x16x1x1
Kcur-10,kernel_rope_neox_f32,0.002800,256x16x1,64x1x1,128x4x16x1
Vcur-10,kernel_add_row,0.005600,2048x0x0,64x0x0,512x16x1x1
cache_k_l10 (view),kernel_set_rows_f16_i64,0.003200,8192x1x1,512x1x1,512x4096x1x1
cache_v_l10 (view),kernel_set_rows_f16_i64,0.002700,8192x1x1,512x1x1,512x4096x1x1
__fattn__-10,flash_attn_f32_f16,2.690100,32x28x0,32x1x0,128x28x16x1
ffn_inp-10,kernel_add,0.025100,1024x1x1,64x1x1,3584x16x1x1
ffn_norm-10,kernel_rms_norm_mul,0.009200,16384x1x1,1024x1x1,3584x16x1x1
l_out-10,kernel_add,0.023200,1024x1x1,64x1x1,3584x16x1x1
attn_norm-11,kernel_rms_norm_mul,0.009200,16384x1x1,1024x1x1,3584x16x1x1
Qcur-11,kernel_add_row,0.007300,14336x0x0,64x0x0,3584x16x1x1
Qcur-11,kernel_rope_neox_f32,0.005500,1792x16x1,64x1x1,128x28x16x1
Kcur-11,kernel_add_row,0.005700,2048x0x0,64x0x0,512x16x1x1
Kcur-11,kernel_rope_neox_f32,0.002800,256x16x1,64x1x1,128x4x16x1
node_386,kernel_mul_mv_q6_K_f32,0.954300,512x1024x1,2x64x1,512x16x1x1
Vcur-11,kernel_add_row,0.002200,2048x0x0,64x0x0,512x16x1x1
cache_k_l11 (view),kernel_set_rows_f16_i64,0.003200,8192x1x1,512x1x1,512x4096x1x1
cache_v_l11 (view),kernel_set_rows_f16_i64,0.002900,8192x1x1,512x1x1,512x4096x1x1
__fattn__-11,flash_attn_f32_f16,2.709900,32x28x0,32x1x0,128x28x16x1
ffn_inp-11,kernel_add,0.024800,1024x1x1,64x1x1,3584x16x1x1
ffn_norm-11,kernel_rms_norm_mul,0.009200,16384x1x1,1024x1x1,3584x16x1x1
ffn_swiglu-11,kernel_swiglu,0.050200,8192x1x1,512x1x1,18944x16x1x1
ffn_out-11,kernel_mul_mv_q6_K_f32,39.567101,3584x1024x1,2x64x1,3584x16x1x1
l_out-11,kernel_add,0.023100,1024x1x1,64x1x1,3584x16x1x1
attn_norm-12,kernel_rms_norm_mul,0.009200,16384x1x1,1024x1x1,3584x16x1x1
Qcur-12,kernel_add_row,0.010000,14336x0x0,64x0x0,3584x16x1x1
Qcur-12,kernel_rope_neox_f32,0.005400,1792x16x1,64x1x1,128x28x16x1
Kcur-12,kernel_add_row,0.005900,2048x0x0,64x0x0,512x16x1x1
Kcur-12,kernel_rope_neox_f32,0.002600,256x16x1,64x1x1,128x4x16x1
Vcur-12,kernel_add_row,0.005600,2048x0x0,64x0x0,512x16x1x1
cache_k_l12 (view),kernel_set_rows_f16_i64,0.003500,8192x1x1,512x1x1,512x4096x1x1
cache_v_l12 (view),kernel_set_rows_f16_i64,0.002800,8192x1x1,512x1x1,512x4096x1x1
__fattn__-12,flash_attn_f32_f16,2.713300,32x28x0,32x1x0,128x28x16x1
ffn_inp-12,kernel_add,0.024300,1024x1x1,64x1x1,3584x16x1x1
ffn_norm-12,kernel_rms_norm_mul,0.009100,16384x1x1,1024x1x1,3584x16x1x1
l_out-12,kernel_add,0.024900,1024x1x1,64x1x1,3584x16x1x1
attn_norm-13,kernel_rms_norm_mul,0.009200,16384x1x1,1024x1x1,3584x16x1x1
Qcur-13,kernel_add_row,0.012100,14336x0x0,64x0x0,3584x16x1x1
Qcur-13,kernel_rope_neox_f32,0.005400,1792x16x1,64x1x1,128x28x16x1
Kcur-13,kernel_add_row,0.005700,2048x0x0,64x0x0,512x16x1x1
Kcur-13,kernel_rope_neox_f32,0.002700,256x16x1,64x1x1,128x4x16x1
Vcur-13,kernel_add_row,0.005700,2048x0x0,64x0x0,512x16x1x1
cache_k_l13 (view),kernel_set_rows_f16_i64,0.003100,8192x1x1,512x1x1,512x4096x1x1
cache_v_l13 (view),kernel_set_rows_f16_i64,0.002700,8192x1x1,512x1x1,512x4096x1x1
__fattn__-13,flash_attn_f32_f16,2.738800,32x28x0,32x1x0,128x28x16x1
ffn_inp-13,kernel_add,0.024900,1024x1x1,64x1x1,3584x16x1x1
ffn_norm-13,kernel_rms_norm_mul,0.009300,16384x1x1,1024x1x1,3584x16x1x1
l_out-13,kernel_add,0.023100,1024x1x1,64x1x1,3584x16x1x1
attn_norm-14,kernel_rms_norm_mul,0.009300,16384x1x1,1024x1x1,3584x16x1x1
Qcur-14,kernel_add_row,0.007300,14336x0x0,64x0x0,3584x16x1x1
Qcur-14,kernel_rope_neox_f32,0.005400,1792x16x1,64x1x1,128x28x16x1
Kcur-14,kernel_add_row,0.005700,2048x0x0,64x0x0,512x16x1x1
Kcur-14,kernel_rope_neox_f32,0.002800,256x16x1,64x1x1,128x4x16x1
node_488,kernel_mul_mv_q6_K_f32,0.955500,512x1024x1,2x64x1,512x16x1x1
Vcur-14,kernel_add_row,0.002500,2048x0x0,64x0x0,512x16x1x1
cache_k_l14 (view),kernel_set_rows_f16_i64,0.003400,8192x1x1,512x1x1,512x4096x1x1
cache_v_l14 (view),kernel_set_rows_f16_i64,0.002900,8192x1x1,512x1x1,512x4096x1x1
__fattn__-14,flash_attn_f32_f16,2.715300,32x28x0,32x1x0,128x28x16x1
ffn_inp-14,kernel_add,0.025100,1024x1x1,64x1x1,3584x16x1x1
ffn_norm-14,kernel_rms_norm_mul,0.009200,16384x1x1,1024x1x1,3584x16x1x1
ffn_swiglu-14,kernel_swiglu,0.047100,8192x1x1,512x1x1,18944x16x1x1
ffn_out-14,kernel_mul_mv_q6_K_f32,39.652100,3584x1024x1,2x64x1,3584x16x1x1
l_out-14,kernel_add,0.022800,1024x1x1,64x1x1,3584x16x1x1
attn_norm-15,kernel_rms_norm_mul,0.009200,16384x1x1,1024x1x1,3584x16x1x1
Qcur-15,kernel_add_row,0.008500,14336x0x0,64x0x0,3584x16x1x1
Qcur-15,kernel_rope_neox_f32,0.005400,1792x16x1,64x1x1,128x28x16x1
Kcur-15,kernel_add_row,0.005700,2048x0x0,64x0x0,512x16x1x1
Kcur-15,kernel_rope_neox_f32,0.002800,256x16x1,64x1x1,128x4x16x1
Vcur-15,kernel_add_row,0.005600,2048x0x0,64x0x0,512x16x1x1
cache_k_l15 (view),kernel_set_rows_f16_i64,0.003500,8192x1x1,512x1x1,512x4096x1x1
cache_v_l15 (view),kernel_set_rows_f16_i64,0.002900,8192x1x1,512x1x1,512x4096x1x1
__fattn__-15,flash_attn_f32_f16,2.673300,32x28x0,32x1x0,128x28x16x1
ffn_inp-15,kernel_add,0.024300,1024x1x1,64x1x1,3584x16x1x1
ffn_norm-15,kernel_rms_norm_mul,0.009200,16384x1x1,1024x1x1,3584x16x1x1
l_out-15,kernel_add,0.024100,1024x1x1,64x1x1,3584x16x1x1
attn_norm-16,kernel_rms_norm_mul,0.009200,16384x1x1,1024x1x1,3584x16x1x1
Qcur-16,kernel_add_row,0.012700,14336x0x0,64x0x0,3584x16x1x1
Qcur-16,kernel_rope_neox_f32,0.005600,1792x16x1,64x1x1,128x28x16x1
Kcur-16,kernel_add_row,0.005600,2048x0x0,64x0x0,512x16x1x1
Kcur-16,kernel_rope_neox_f32,0.002700,256x16x1,64x1x1,128x4x16x1
Vcur-16,kernel_add_row,0.005600,2048x0x0,64x0x0,512x16x1x1
cache_k_l16 (view),kernel_set_rows_f16_i64,0.003500,8192x1x1,512x1x1,512x4096x1x1
cache_v_l16 (view),kernel_set_rows_f16_i64,0.002700,8192x1x1,512x1x1,512x4096x1x1
__fattn__-16,flash_attn_f32_f16,2.670500,32x28x0,32x1x0,128x28x16x1
ffn_inp-16,kernel_add,0.025100,1024x1x1,64x1x1,3584x16x1x1
ffn_norm-16,kernel_rms_norm_mul,0.009200,16384x1x1,1024x1x1,3584x16x1x1
l_out-16,kernel_add,0.023100,1024x1x1,64x1x1,3584x16x1x1
attn_norm-17,kernel_rms_norm_mul,0.009200,16384x1x1,1024x1x1,3584x16x1x1
Qcur-17,kernel_add_row,0.007300,14336x0x0,64x0x0,3584x16x1x1
Qcur-17,kernel_rope_neox_f32,0.005400,1792x16x1,64x1x1,128x28x16x1
Kcur-17,kernel_add_row,0.005700,2048x0x0,64x0x0,512x16x1x1
Kcur-17,kernel_rope_neox_f32,0.002700,256x16x1,64x1x1,128x4x16x1
node_590,kernel_mul_mv_q6_K_f32,0.955300,512x1024x1,2x64x1,512x16x1x1
Vcur-17,kernel_add_row,0.002500,2048x0x0,64x0x0,512x16x1x1
cache_k_l17 (view),kernel_set_rows_f16_i64,0.003400,8192x1x1,512x1x1,512x4096x1x1
cache_v_l17 (view),kernel_set_rows_f16_i64,0.002800,8192x1x1,512x1x1,512x4096x1x1
__fattn__-17,flash_attn_f32_f16,2.708400,32x28x0,32x1x0,128x28x16x1
ffn_inp-17,kernel_add,0.024600,1024x1x1,64x1x1,3584x16x1x1
ffn_norm-17,kernel_rms_norm_mul,0.009200,16384x1x1,1024x1x1,3584x16x1x1
ffn_swiglu-17,kernel_swiglu,0.047900,8192x1x1,512x1x1,18944x16x1x1
ffn_out-17,kernel_mul_mv_q6_K_f32,39.636299,3584x1024x1,2x64x1,3584x16x1x1
l_out-17,kernel_add,0.023400,1024x1x1,64x1x1,3584x16x1x1
attn_norm-18,kernel_rms_norm_mul,0.009100,16384x1x1,1024x1x1,3584x16x1x1
Qcur-18,kernel_add_row,0.011200,14336x0x0,64x0x0,3584x16x1x1
Qcur-18,kernel_rope_neox_f32,0.005600,1792x16x1,64x1x1,128x28x16x1
Kcur-18,kernel_add_row,0.005600,2048x0x0,64x0x0,512x16x1x1
Kcur-18,kernel_rope_neox_f32,0.002800,256x16x1,64x1x1,128x4x16x1
Vcur-18,kernel_add_row,0.005800,2048x0x0,64x0x0,512x16x1x1
cache_k_l18 (view),kernel_set_rows_f16_i64,0.003400,8192x1x1,512x1x1,512x4096x1x1
cache_v_l18 (view),kernel_set_rows_f16_i64,0.002800,8192x1x1,512x1x1,512x4096x1x1
__fattn__-18,flash_attn_f32_f16,2.676300,32x28x0,32x1x0,128x28x16x1
ffn_inp-18,kernel_add,0.024300,1024x1x1,64x1x1,3584x16x1x1
ffn_norm-18,kernel_rms_norm_mul,0.009200,16384x1x1,1024x1x1,3584x16x1x1
l_out-18,kernel_add,0.024500,1024x1x1,64x1x1,3584x16x1x1
attn_norm-19,kernel_rms_norm_mul,0.009300,16384x1x1,1024x1x1,3584x16x1x1
Qcur-19,kernel_add_row,0.009400,14336x0x0,64x0x0,3584x16x1x1
Qcur-19,kernel_rope_neox_f32,0.005500,1792x16x1,64x1x1,128x28x16x1
Kcur-19,kernel_add_row,0.005600,2048x0x0,64x0x0,512x16x1x1
Kcur-19,kernel_rope_neox_f32,0.002800,256x16x1,64x1x1,128x4x16x1
Vcur-19,kernel_add_row,0.005600,2048x0x0,64x0x0,512x16x1x1
cache_k_l19 (view),kernel_set_rows_f16_i64,0.003300,8192x1x1,512x1x1,512x4096x1x1
cache_v_l19 (view),kernel_set_rows_f16_i64,0.002800,8192x1x1,512x1x1,512x4096x1x1
__fattn__-19,flash_attn_f32_f16,2.693100,32x28x0,32x1x0,128x28x16x1
ffn_inp-19,kernel_add,0.024700,1024x1x1,64x1x1,3584x16x1x1
ffn_norm-19,kernel_rms_norm_mul,0.009100,16384x1x1,1024x1x1,3584x16x1x1
l_out-19,kernel_add,0.024200,1024x1x1,64x1x1,3584x16x1x1
attn_norm-20,kernel_rms_norm_mul,0.009200,16384x1x1,1024x1x1,3584x16x1x1
Qcur-20,kernel_add_row,0.007300,14336x0x0,64x0x0,3584x16x1x1
Qcur-20,kernel_rope_neox_f32,0.005500,1792x16x1,64x1x1,128x28x16x1
Kcur-20,kernel_add_row,0.005700,2048x0x0,64x0x0,512x16x1x1
Kcur-20,kernel_rope_neox_f32,0.002800,256x16x1,64x1x1,128x4x16x1
node_692,kernel_mul_mv_q6_K_f32,0.953400,512x1024x1,2x64x1,512x16x1x1
Vcur-20,kernel_add_row,0.002300,2048x0x0,64x0x0,512x16x1x1
cache_k_l20 (view),kernel_set_rows_f16_i64,0.003200,8192x1x1,512x1x1,512x4096x1x1
cache_v_l20 (view),kernel_set_rows_f16_i64,0.002800,8192x1x1,512x1x1,512x4096x1x1
__fattn__-20,flash_attn_f32_f16,2.730700,32x28x0,32x1x0,128x28x16x1
ffn_inp-20,kernel_add,0.024900,1024x1x1,64x1x1,3584x16x1x1
ffn_norm-20,kernel_rms_norm_mul,0.009100,16384x1x1,1024x1x1,3584x16x1x1
ffn_swiglu-20,kernel_swiglu,0.048700,8192x1x1,512x1x1,18944x16x1x1
ffn_out-20,kernel_mul_mv_q6_K_f32,39.649101,3584x1024x1,2x64x1,3584x16x1x1
l_out-20,kernel_add,0.023000,1024x1x1,64x1x1,3584x16x1x1
attn_norm-21,kernel_rms_norm_mul,0.009300,16384x1x1,1024x1x1,3584x16x1x1
Qcur-21,kernel_add_row,0.010100,14336x0x0,64x0x0,3584x16x1x1
Qcur-21,kernel_rope_neox_f32,0.005400,1792x16x1,64x1x1,128x28x16x1
Kcur-21,kernel_add_row,0.005700,2048x0x0,64x0x0,512x16x1x1
Kcur-21,kernel_rope_neox_f32,0.002700,256x16x1,64x1x1,128x4x16x1
Vcur-21,kernel_add_row,0.005900,2048x0x0,64x0x0,512x16x1x1
cache_k_l21 (view),kernel_set_rows_f16_i64,0.003400,8192x1x1,512x1x1,512x4096x1x1
cache_v_l21 (view),kernel_set_rows_f16_i64,0.002800,8192x1x1,512x1x1,512x4096x1x1
__fattn__-21,flash_attn_f32_f16,2.695800,32x28x0,32x1x0,128x28x16x1
ffn_inp-21,kernel_add,0.025000,1024x1x1,64x1x1,3584x16x1x1
ffn_norm-21,kernel_rms_norm_mul,0.009100,16384x1x1,1024x1x1,3584x16x1x1
l_out-21,kernel_add,0.024000,1024x1x1,64x1x1,3584x16x1x1
attn_norm-22,kernel_rms_norm_mul,0.009200,16384x1x1,1024x1x1,3584x16x1x1
Qcur-22,kernel_add_row,0.012800,14336x0x0,64x0x0,3584x16x1x1
Qcur-22,kernel_rope_neox_f32,0.005500,1792x16x1,64x1x1,128x28x16x1
Kcur-22,kernel_add_row,0.005400,2048x0x0,64x0x0,512x16x1x1
Kcur-22,kernel_rope_neox_f32,0.002700,256x16x1,64x1x1,128x4x16x1
Vcur-22,kernel_add_row,0.005600,2048x0x0,64x0x0,512x16x1x1
cache_k_l22 (view),kernel_set_rows_f16_i64,0.003300,8192x1x1,512x1x1,512x4096x1x1
cache_v_l22 (view),kernel_set_rows_f16_i64,0.002700,8192x1x1,512x1x1,512x4096x1x1
__fattn__-22,flash_attn_f32_f16,2.703900,32x28x0,32x1x0,128x28x16x1
ffn_inp-22,kernel_add,0.024900,1024x1x1,64x1x1,3584x16x1x1
ffn_norm-22,kernel_rms_norm_mul,0.009200,16384x1x1,1024x1x1,3584x16x1x1
l_out-22,kernel_add,0.023500,1024x1x1,64x1x1,3584x16x1x1
attn_norm-23,kernel_rms_norm_mul,0.009300,16384x1x1,1024x1x1,3584x16x1x1
Qcur-23,kernel_add_row,0.007600,14336x0x0,64x0x0,3584x16x1x1
Qcur-23,kernel_rope_neox_f32,0.005500,1792x16x1,64x1x1,128x28x16x1
Kcur-23,kernel_add_row,0.005600,2048x0x0,64x0x0,512x16x1x1
Kcur-23,kernel_rope_neox_f32,0.002800,256x16x1,64x1x1,128x4x16x1
node_794,kernel_mul_mv_q6_K_f32,0.955600,512x1024x1,2x64x1,512x16x1x1
Vcur-23,kernel_add_row,0.002600,2048x0x0,64x0x0,512x16x1x1
cache_k_l23 (view),kernel_set_rows_f16_i64,0.003300,8192x1x1,512x1x1,512x4096x1x1
cache_v_l23 (view),kernel_set_rows_f16_i64,0.002800,8192x1x1,512x1x1,512x4096x1x1
__fattn__-23,flash_attn_f32_f16,2.713900,32x28x0,32x1x0,128x28x16x1
ffn_inp-23,kernel_add,0.025200,1024x1x1,64x1x1,3584x16x1x1
ffn_norm-23,kernel_rms_norm_mul,0.009200,16384x1x1,1024x1x1,3584x16x1x1
ffn_swiglu-23,kernel_swiglu,0.047500,8192x1x1,512x1x1,18944x16x1x1
ffn_out-23,kernel_mul_mv_q6_K_f32,39.591801,3584x1024x1,2x64x1,3584x16x1x1
l_out-23,kernel_add,0.023500,1024x1x1,64x1x1,3584x16x1x1
attn_norm-24,kernel_rms_norm_mul,0.009300,16384x1x1,1024x1x1,3584x16x1x1
Qcur-24,kernel_add_row,0.008400,14336x0x0,64x0x0,3584x16x1x1
Qcur-24,kernel_rope_neox_f32,0.005500,1792x16x1,64x1x1,128x28x16x1
Kcur-24,kernel_add_row,0.005600,2048x0x0,64x0x0,512x16x1x1
Kcur-24,kernel_rope_neox_f32,0.002600,256x16x1,64x1x1,128x4x16x1
node_828,kernel_mul_mv_q6_K_f32,0.954300,512x1024x1,2x64x1,512x16x1x1
Vcur-24,kernel_add_row,0.002500,2048x0x0,64x0x0,512x16x1x1
cache_k_l24 (view),kernel_set_rows_f16_i64,0.003300,8192x1x1,512x1x1,512x4096x1x1
cache_v_l24 (view),kernel_set_rows_f16_i64,0.003000,8192x1x1,512x1x1,512x4096x1x1
__fattn__-24,flash_attn_f32_f16,2.717700,32x28x0,32x1x0,128x28x16x1
ffn_inp-24,kernel_add,0.024200,1024x1x1,64x1x1,3584x16x1x1
ffn_norm-24,kernel_rms_norm_mul,0.009200,16384x1x1,1024x1x1,3584x16x1x1
ffn_swiglu-24,kernel_swiglu,0.047100,8192x1x1,512x1x1,18944x16x1x1
ffn_out-24,kernel_mul_mv_q6_K_f32,39.599499,3584x1024x1,2x64x1,3584x16x1x1
l_out-24,kernel_add,0.023200,1024x1x1,64x1x1,3584x16x1x1
attn_norm-25,kernel_rms_norm_mul,0.009400,16384x1x1,1024x1x1,3584x16x1x1
Qcur-25,kernel_add_row,0.007700,14336x0x0,64x0x0,3584x16x1x1
Qcur-25,kernel_rope_neox_f32,0.005400,1792x16x1,64x1x1,128x28x16x1
Kcur-25,kernel_add_row,0.005700,2048x0x0,64x0x0,512x16x1x1
Kcur-25,kernel_rope_neox_f32,0.002800,256x16x1,64x1x1,128x4x16x1
node_862,kernel_mul_mv_q6_K_f32,0.954500,512x1024x1,2x64x1,512x16x1x1
Vcur-25,kernel_add_row,0.002600,2048x0x0,64x0x0,512x16x1x1
cache_k_l25 (view),kernel_set_rows_f16_i64,0.003300,8192x1x1,512x1x1,512x4096x1x1
cache_v_l25 (view),kernel_set_rows_f16_i64,0.002900,8192x1x1,512x1x1,512x4096x1x1
__fattn__-25,flash_attn_f32_f16,2.685500,32x28x0,32x1x0,128x28x16x1
ffn_inp-25,kernel_add,0.024300,1024x1x1,64x1x1,3584x16x1x1
ffn_norm-25,kernel_rms_norm_mul,0.009100,16384x1x1,1024x1x1,3584x16x1x1
ffn_swiglu-25,kernel_swiglu,0.052400,8192x1x1,512x1x1,18944x16x1x1
ffn_out-25,kernel_mul_mv_q6_K_f32,39.611801,3584x1024x1,2x64x1,3584x16x1x1
l_out-25,kernel_add,0.023600,1024x1x1,64x1x1,3584x16x1x1
attn_norm-26,kernel_rms_norm_mul,0.009200,16384x1x1,1024x1x1,3584x16x1x1
Qcur-26,kernel_add_row,0.007900,14336x0x0,64x0x0,3584x16x1x1
Qcur-26,kernel_rope_neox_f32,0.005600,1792x16x1,64x1x1,128x28x16x1
Kcur-26,kernel_add_row,0.005700,2048x0x0,64x0x0,512x16x1x1
Kcur-26,kernel_rope_neox_f32,0.002800,256x16x1,64x1x1,128x4x16x1
node_896,kernel_mul_mv_q6_K_f32,0.954600,512x1024x1,2x64x1,512x16x1x1
Vcur-26,kernel_add_row,0.002500,2048x0x0,64x0x0,512x16x1x1
cache_k_l26 (view),kernel_set_rows_f16_i64,0.003400,8192x1x1,512x1x1,512x4096x1x1
cache_v_l26 (view),kernel_set_rows_f16_i64,0.002900,8192x1x1,512x1x1,512x4096x1x1
__fattn__-26,flash_attn_f32_f16,2.699200,32x28x0,32x1x0,128x28x16x1
ffn_inp-26,kernel_add,0.024200,1024x1x1,64x1x1,3584x16x1x1
ffn_norm-26,kernel_rms_norm_mul,0.009100,16384x1x1,1024x1x1,3584x16x1x1
ffn_swiglu-26,kernel_swiglu,0.047700,8192x1x1,512x1x1,18944x16x1x1
ffn_out-26,kernel_mul_mv_q6_K_f32,39.482601,3584x1024x1,2x64x1,3584x16x1x1
l_out-26,kernel_add,0.023400,1024x1x1,64x1x1,3584x16x1x1
attn_norm-27,kernel_rms_norm_mul,0.009400,16384x1x1,1024x1x1,3584x16x1x1
Qcur-27,kernel_add_row,0.008300,14336x0x0,64x0x0,3584x16x1x1
Qcur-27,kernel_rope_neox_f32,0.005600,1792x16x1,64x1x1,128x28x16x1
Kcur-27,kernel_add_row,0.005600,2048x0x0,64x0x0,512x16x1x1
Kcur-27,kernel_rope_neox_f32,0.002700,256x16x1,64x1x1,128x4x16x1
node_930,kernel_mul_mv_q6_K_f32,0.956400,512x1024x1,2x64x1,512x16x1x1
Vcur-27,kernel_add_row,0.002500,2048x0x0,64x0x0,512x16x1x1
cache_k_l27 (view),kernel_set_rows_f16_i64,0.003200,8192x1x1,512x1x1,512x4096x1x1
cache_v_l27 (view),kernel_set_rows_f16_i64,0.002800,8192x1x1,512x1x1,512x4096x1x1
__fattn__-27,flash_attn_f32_f16,2.665500,32x28x0,32x1x0,128x28x16x1
attn_norm-0,kernel_rms_norm_mul,0.012400,16384x1x1,1024x1x1,3584x16x1x1
Qcur-0,kernel_add_row,0.007800,14336x0x0,64x0x0,3584x16x1x1
Qcur-0,kernel_rope_neox_f32,0.005600,1792x16x1,64x1x1,128x28x16x1
Kcur-0,kernel_add_row,0.005600,2048x0x0,64x0x0,512x16x1x1
Kcur-0,kernel_rope_neox_f32,0.002900,256x16x1,64x1x1,128x4x16x1
node_11,kernel_mul_mv_q6_K_f32,0.955500,512x1024x1,2x64x1,512x16x1x1
Vcur-0,kernel_add_row,0.002400,2048x0x0,64x0x0,512x16x1x1
cache_k_l0 (view),kernel_set_rows_f16_i64,0.003200,8192x1x1,512x1x1,512x4096x1x1
cache_v_l0 (view),kernel_set_rows_f16_i64,0.002900,8192x1x1,512x1x1,512x4096x1x1
 (copy),kernel_cpy_f32_f16,0.004600,4096x1x1,64x1x1,512x64x1x1
__fattn__-0,flash_attn_f32_f16,2.712800,32x28x0,32x1x0,128x28x16x1
ffn_inp-0,kernel_add,0.025300,1024x1x1,64x1x1,3584x16x1x1
ffn_norm-0,kernel_rms_norm_mul,0.009200,16384x1x1,1024x1x1,3584x16x1x1
ffn_swiglu-0,kernel_swiglu,0.046400,8192x1x1,512x1x1,18944x16x1x1
ffn_out-0,kernel_mul_mv_q6_K_f32,39.584999,3584x1024x1,2x64x1,3584x16x1x1
l_out-0,kernel_add,0.023200,1024x1x1,64x1x1,3584x16x1x1
attn_norm-1,kernel_rms_norm_mul,0.009100,16384x1x1,1024x1x1,3584x16x1x1
Qcur-1,kernel_add_row,0.007600,14336x0x0,64x0x0,3584x16x1x1
Qcur-1,kernel_rope_neox_f32,0.005600,1792x16x1,64x1x1,128x28x16x1
Kcur-1,kernel_add_row,0.005600,2048x0x0,64x0x0,512x16x1x1
Kcur-1,kernel_rope_neox_f32,0.002900,256x16x1,64x1x1,128x4x16x1
node_46,kernel_mul_mv_q6_K_f32,0.956800,512x1024x1,2x64x1,512x16x1x1
Vcur-1,kernel_add_row,0.002300,2048x0x0,64x0x0,512x16x1x1
cache_k_l1 (view),kernel_set_rows_f16_i64,0.003300,8192x1x1,512x1x1,512x4096x1x1
cache_v_l1 (view),kernel_set_rows_f16_i64,0.002800,8192x1x1,512x1x1,512x4096x1x1
__fattn__-1,flash_attn_f32_f16,2.651400,32x28x0,32x1x0,128x28x16x1
ffn_inp-1,kernel_add,0.024000,1024x1x1,64x1x1,3584x16x1x1
ffn_norm-1,kernel_rms_norm_mul,0.009100,16384x1x1,1024x1x1,3584x16x1x1
ffn_swiglu-1,kernel_swiglu,0.047200,8192x1x1,512x1x1,18944x16x1x1
ffn_out-1,kernel_mul_mv_q6_K_f32,39.602600,3584x1024x1,2x64x1,3584x16x1x1
l_out-1,kernel_add,0.023300,1024x1x1,64x1x1,3584x16x1x1
attn_norm-2,kernel_rms_norm_mul,0.009100,16384x1x1,1024x1x1,3584x16x1x1
Qcur-2,kernel_add_row,0.007700,14336x0x0,64x0x0,3584x16x1x1
Qcur-2,kernel_rope_neox_f32,0.005500,1792x16x1,64x1x1,128x28x16x1
Kcur-2,kernel_add_row,0.005900,2048x0x0,64x0x0,512x16x1x1
Kcur-2,kernel_rope_neox_f32,0.002700,256x16x1,64x1x1,128x4x16x1
node_80,kernel_mul_mv_q6_K_f32,0.953900,512x1024x1,2x64x1,512x16x1x1
Vcur-2,kernel_add_row,0.002400,2048x0x0,64x0x0,512x16x1x1
cache_k_l2 (view),kernel_set_rows_f16_i64,0.003300,8192x1x1,512x1x1,512x4096x1x1
cache_v_l2 (view),kernel_set_rows_f16_i64,0.002800,8192x1x1,512x1x1,512x4096x1x1
__fattn__-2,flash_attn_f32_f16,2.727800,32x28x0,32x1x0,128x28x16x1
ffn_inp-2,kernel_add,0.024100,1024x1x1,64x1x1,3584x16x1x1
ffn_norm-2,kernel_rms_norm_mul,0.009100,16384x1x1,1024x1x1,3584x16x1x1
ffn_swiglu-2,kernel_swiglu,0.047300,8192x1x1,512x1x1,18944x16x1x1
ffn_out-2,kernel_mul_mv_q6_K_f32,40.403400,3584x1024x1,2x64x1,3584x16x1x1
l_out-2,kernel_add,0.023000,1024x1x1,64x1x1,3584x16x1x1
attn_norm-3,kernel_rms_norm_mul,0.009200,16384x1x1,1024x1x1,3584x16x1x1
Qcur-3,kernel_add_row,0.012600,14336x0x0,64x0x0,3584x16x1x1
Qcur-3,kernel_rope_neox_f32,0.005400,1792x16x1,64x1x1,128x28x16x1
Kcur-3,kernel_add_row,0.005500,2048x0x0,64x0x0,512x16x1x1
Kcur-3,kernel_rope_neox_f32,0.002700,256x16x1,64x1x1,128x4x16x1
Vcur-3,kernel_add_row,0.005800,2048x0x0,64x0x0,512x16x1x1
cache_k_l3 (view),kernel_set_rows_f16_i64,0.003500,8192x1x1,512x1x1,512x4096x1x1
cache_v_l3 (view),kernel_set_rows_f16_i64,0.002900,8192x1x1,512x1x1,512x4096x1x1
__fattn__-3,flash_attn_f32_f16,2.680100,32x28x0,32x1x0,128x28x16x1
ffn_inp-3,kernel_add,0.024600,1024x1x1,64x1x1,3584x16x1x1
ffn_norm-3,kernel_rms_norm_mul,0.009100,16384x1x1,1024x1x1,3584x16x1x1
l_out-3,kernel_add,0.024500,1024x1x1,64x1x1,3584x16x1x1
attn_norm-4,kernel_rms_norm_mul,0.009100,16384x1x1,1024x1x1,3584x16x1x1
Qcur-4,kernel_add_row,0.012200,14336x0x0,64x0x0,3584x16x1x1
Qcur-4,kernel_rope_neox_f32,0.005500,1792x16x1,64x1x1,128x28x16x1
Kcur-4,kernel_add_row,0.005900,2048x0x0,64x0x0,512x16x1x1
Kcur-4,kernel_rope_neox_f32,0.002700,256x16x1,64x1x1,128x4x16x1
Vcur-4,kernel_add_row,0.005600,2048x0x0,64x0x0,512x16x1x1
cache_k_l4 (view),kernel_set_rows_f16_i64,0.003400,8192x1x1,512x1x1,512x4096x1x1
cache_v_l4 (view),kernel_set_rows_f16_i64,0.002900,8192x1x1,512x1x1,512x4096x1x1
__fattn__-4,flash_attn_f32_f16,2.712600,32x28x0,32x1x0,128x28x16x1
ffn_inp-4,kernel_add,0.024600,1024x1x1,64x1x1,3584x16x1x1
ffn_norm-4,kernel_rms_norm_mul,0.009200,16384x1x1,1024x1x1,3584x16x1x1
l_out-4,kernel_add,0.023000,1024x1x1,64x1x1,3584x16x1x1
attn_norm-5,kernel_rms_norm_mul,0.009200,16384x1x1,1024x1x1,3584x16x1x1
Qcur-5,kernel_add_row,0.007500,14336x0x0,64x0x0,3584x16x1x1
Qcur-5,kernel_rope_neox_f32,0.005500,1792x16x1,64x1x1,128x28x16x1
Kcur-5,kernel_add_row,0.005800,2048x0x0,64x0x0,512x16x1x1
Kcur-5,kernel_rope_neox_f32,0.002700,256x16x1,64x1x1,128x4x16x1
node_182,kernel_mul_mv_q6_K_f32,0.956700,512x1024x1,2x64x1,512x16x1x1
Vcur-5,kernel_add_row,0.002500,2048x0x0,64x0x0,512x16x1x1
cache_k_l5 (view),kernel_set_rows_f16_i64,0.003300,8192x1x1,512x1x1,512x4096x1x1
cache_v_l5 (view),kernel_set_rows_f16_i64,0.002800,8192x1x1,512x1x1,512x4096x1x1
__fattn__-5,flash_attn_f32_f16,2.711800,32x28x0,32x1x0,128x28x16x1
ffn_inp-5,kernel_add,0.024900,1024x1x1,64x1x1,3584x16x1x1
ffn_norm-5,kernel_rms_norm_mul,0.009200,16384x1x1,1024x1x1,3584x16x1x1
ffn_swiglu-5,kernel_swiglu,0.048300,8192x1x1,512x1x1,18944x16x1x1
ffn_out-5,kernel_mul_mv_q6_K_f32,40.522400,3584x1024x1,2x64x1,3584x16x1x1
l_out-5,kernel_add,0.022900,1024x1x1,64x1x1,3584x16x1x1
attn_norm-6,kernel_rms_norm_mul,0.009200,16384x1x1,1024x1x1,3584x16x1x1
Qcur-6,kernel_add_row,0.012000,14336x0x0,64x0x0,3584x16x1x1
Qcur-6,kernel_rope_neox_f32,0.005400,1792x16x1,64x1x1,128x28x16x1
Kcur-6,kernel_add_row,0.005700,2048x0x0,64x0x0,512x16x1x1
Kcur-6,kernel_rope_neox_f32,0.002800,256x16x1,64x1x1,128x4x16x1
Vcur-6,kernel_add_row,0.005500,2048x0x0,64x0x0,512x16x1x1
cache_k_l6 (view),kernel_set_rows_f16_i64,0.003200,8192x1x1,512x1x1,512x4096x1x1
cache_v_l6 (view),kernel_set_rows_f16_i64,0.002700,8192x1x1,512x1x1,512x4096x1x1
__fattn__-6,flash_attn_f32_f16,2.667100,32x28x0,32x1x0,128x28x16x1
ffn_inp-6,kernel_add,0.024500,1024x1x1,64x1x1,3584x16x1x1
ffn_norm-6,kernel_rms_norm_mul,0.009100,16384x1x1,1024x1x1,3584x16x1x1
l_out-6,kernel_add,0.024500,1024x1x1,64x1x1,3584x16x1x1
attn_norm-7,kernel_rms_norm_mul,0.009200,16384x1x1,1024x1x1,3584x16x1x1
Qcur-7,kernel_add_row,0.013100,14336x0x0,64x0x0,3584x16x1x1
Qcur-7,kernel_rope_neox_f32,0.005400,1792x16x1,64x1x1,128x28x16x1
Kcur-7,kernel_add_row,0.005700,2048x0x0,64x0x0,512x16x1x1
Kcur-7,kernel_rope_neox_f32,0.002900,256x16x1,64x1x1,128x4x16x1
Vcur-7,kernel_add_row,0.005600,2048x0x0,64x0x0,512x16x1x1
cache_k_l7 (view),kernel_set_rows_f16_i64,0.003500,8192x1x1,512x1x1,512x4096x1x1
cache_v_l7 (view),kernel_set_rows_f16_i64,0.002800,8192x1x1,512x1x1,512x4096x1x1
__fattn__-7,flash_attn_f32_f16,2.657600,32x28x0,32x1x0,128x28x16x1
ffn_inp-7,kernel_add,0.025000,1024x1x1,64x1x1,3584x16x1x1
ffn_norm-7,kernel_rms_norm_mul,0.009200,16384x1x1,1024x1x1,3584x16x1x1
l_out-7,kernel_add,0.023400,1024x1x1,64x1x1,3584x16x1x1
attn_norm-8,kernel_rms_norm_mul,0.009100,16384x1x1,1024x1x1,3584x16x1x1
Qcur-8,kernel_add_row,0.007600,14336x0x0,64x0x0,3584x16x1x1
Qcur-8,kernel_rope_neox_f32,0.005500,1792x16x1,64x1x1,128x28x16x1
Kcur-8,kernel_add_row,0.005600,2048x0x0,64x0x0,512x16x1x1
Kcur-8,kernel_rope_neox_f32,0.002800,256x16x1,64x1x1,128x4x16x1
node_284,kernel_mul_mv_q6_K_f32,0.956100,512x1024x1,2x64x1,512x16x1x1
Vcur-8,kernel_add_row,0.002500,2048x0x0,64x0x0,512x16x1x1
cache_k_l8 (view),kernel_set_rows_f16_i64,0.003300,8192x1x1,512x1x1,512x4096x1x1
cache_v_l8 (view),kernel_set_rows_f16_i64,0.002800,8192x1x1,512x1x1,512x4096x1x1
__fattn__-8,flash_attn_f32_f16,2.704300,32x28x0,32x1x0,128x28x16x1
ffn_inp-8,kernel_add,0.025400,1024x1x1,64x1x1,3584x16x1x1
ffn_norm-8,kernel_rms_norm_mul,0.009200,16384x1x1,1024x1x1,3584x16x1x1
ffn_swiglu-8,kernel_swiglu,0.047600,8192x1x1,512x1x1,18944x16x1x1
ffn_out-8,kernel_mul_mv_q6_K_f32,40.251099,3584x1024x1,2x64x1,3584x16x1x1
l_out-8,kernel_add,0.023900,1024x1x1,64x1x1,3584x16x1x1
attn_norm-9,kernel_rms_norm_mul,0.009200,16384x1x1,1024x1x1,3584x16x1x1
Qcur-9,kernel_add_row,0.012500,14336x0x0,64x0x0,3584x16x1x1
Qcur-9,kernel_rope_neox_f32,0.005400,1792x16x1,64x1x1,128x28x16x1
Kcur-9,kernel_add_row,0.005500,2048x0x0,64x0x0,512x16x1x1
Kcur-9,kernel_rope_neox_f32,0.002900,256x16x1,64x1x1,128x4x16x1
Vcur-9,kernel_add_row,0.005600,2048x0x0,64x0x0,512x16x1x1
cache_k_l9 (view),kernel_set_rows_f16_i64,0.003300,8192x1x1,512x1x1,512x4096x1x1
cache_v_l9 (view),kernel_set_rows_f16_i64,0.002800,8192x1x1,512x1x1,512x4096x1x1
__fattn__-9,flash_attn_f32_f16,2.667800,32x28x0,32x1x0,128x28x16x1
ffn_inp-9,kernel_add,0.024400,1024x1x1,64x1x1,3584x16x1x1
ffn_norm-9,kernel_rms_norm_mul,0.009200,16384x1x1,1024x1x1,3584x16x1x1
l_out-9,kernel_add,0.024300,1024x1x1,64x1x1,3584x16x1x1
attn_norm-10,kernel_rms_norm_mul,0.009200,16384x1x1,1024x1x1,3584x16x1x1
Qcur-10,kernel_add_row,0.013600,14336x0x0,64x0x0,3584x16x1x1
Qcur-10,kernel_rope_neox_f32,0.005500,1792x16x1,64x1x1,128x28x16x1
Kcur-10,kernel_add_row,0.005700,2048x0x0,64x0x0,512x16x1x1
Kcur-10,kernel_rope_neox_f32,0.002700,256x16x1,64x1x1,128x4x16x1
Vcur-10,kernel_add_row,0.005700,2048x0x0,64x0x0,512x16x1x1
cache_k_l10 (view),kernel_set_rows_f16_i64,0.003300,8192x1x1,512x1x1,512x4096x1x1
cache_v_l10 (view),kernel_set_rows_f16_i64,0.002700,8192x1x1,512x1x1,512x4096x1x1
__fattn__-10,flash_attn_f32_f16,2.721300,32x28x0,32x1x0,128x28x16x1
ffn_inp-10,kernel_add,0.024500,1024x1x1,64x1x1,3584x16x1x1
ffn_norm-10,kernel_rms_norm_mul,0.009200,16384x1x1,1024x1x1,3584x16x1x1
l_out-10,kernel_add,0.024200,1024x1x1,64x1x1,3584x16x1x1
attn_norm-11,kernel_rms_norm_mul,0.009100,16384x1x1,1024x1x1,3584x16x1x1
Qcur-11,kernel_add_row,0.007500,14336x0x0,64x0x0,3584x16x1x1
Qcur-11,kernel_rope_neox_f32,0.005500,1792x16x1,64x1x1,128x28x16x1
Kcur-11,kernel_add_row,0.005700,2048x0x0,64x0x0,512x16x1x1
Kcur-11,kernel_rope_neox_f32,0.002800,256x16x1,64x1x1,128x4x16x1
node_386,kernel_mul_mv_q6_K_f32,0.956000,512x1024x1,2x64x1,512x16x1x1
Vcur-11,kernel_add_row,0.002300,2048x0x0,64x0x0,512x16x1x1
cache_k_l11 (view),kernel_set_rows_f16_i64,0.003300,8192x1x1,512x1x1,512x4096x1x1
cache_v_l11 (view),kernel_set_rows_f16_i64,0.002800,8192x1x1,512x1x1,512x4096x1x1
__fattn__-11,flash_attn_f32_f16,2.677900,32x28x0,32x1x0,128x28x16x1
ffn_inp-11,kernel_add,0.025200,1024x1x1,64x1x1,3584x16x1x1
ffn_norm-11,kernel_rms_norm_mul,0.009200,16384x1x1,1024x1x1,3584x16x1x1
ffn_swiglu-11,kernel_swiglu,0.047700,8192x1x1,512x1x1,18944x16x1x1
ffn_out-11,kernel_mul_mv_q6_K_f32,39.608101,3584x1024x1,2x64x1,3584x16x1x1
l_out-11,kernel_add,0.023100,1024x1x1,64x1x1,3584x16x1x1
attn_norm-12,kernel_rms_norm_mul,0.009200,16384x1x1,1024x1x1,3584x16x1x1
Qcur-12,kernel_add_row,0.013000,14336x0x0,64x0x0,3584x16x1x1
Qcur-12,kernel_rope_neox_f32,0.005600,1792x16x1,64x1x1,128x28x16x1
Kcur-12,kernel_add_row,0.005700,2048x0x0,64x0x0,512x16x1x1
Kcur-12,kernel_rope_neox_f32,0.002700,256x16x1,64x1x1,128x4x16x1
Vcur-12,kernel_add_row,0.005800,2048x0x0,64x0x0,512x16x1x1
cache_k_l12 (view),kernel_set_rows_f16_i64,0.003400,8192x1x1,512x1x1,512x4096x1x1
cache_v_l12 (view),kernel_set_rows_f16_i64,0.002900,8192x1x1,512x1x1,512x4096x1x1
__fattn__-12,flash_attn_f32_f16,2.641800,32x28x0,32x1x0,128x28x16x1
ffn_inp-12,kernel_add,0.024600,1024x1x1,64x1x1,3584x16x1x1
ffn_norm-12,kernel_rms_norm_mul,0.009200,16384x1x1,1024x1x1,3584x16x1x1
l_out-12,kernel_add,0.024100,1024x1x1,64x1x1,3584x16x1x1
attn_norm-13,kernel_rms_norm_mul,0.009200,16384x1x1,1024x1x1,3584x16x1x1
Qcur-13,kernel_add_row,0.013100,14336x0x0,64x0x0,3584x16x1x1
Qcur-13,kernel_rope_neox_f32,0.005400,1792x16x1,64x1x1,128x28x16x1
Kcur-13,kernel_add_row,0.005600,2048x0x0,64x0x0,512x16x1x1
Kcur-13,kernel_rope_neox_f32,0.002800,256x16x1,64x1x1,128x4x16x1
Vcur-13,kernel_add_row,0.005700,2048x0x0,64x0x0,512x16x1x1
cache_k_l13 (view),kernel_set_rows_f16_i64,0.003200,8192x1x1,512x1x1,512x4096x1x1
cache_v_l13 (view),kernel_set_rows_f16_i64,0.002800,8192x1x1,512x1x1,512x4096x1x1
__fattn__-13,flash_attn_f32_f16,2.722200,32x28x0,32x1x0,128x28x16x1
ffn_inp-13,kernel_add,0.025000,1024x1x1,64x1x1,3584x16x1x1
ffn_norm-13,kernel_rms_norm_mul,0.009300,16384x1x1,1024x1x1,3584x16x1x1
l_out-13,kernel_add,0.023400,1024x1x1,64x1x1,3584x16x1x1
attn_norm-14,kernel_rms_norm_mul,0.009000,16384x1x1,1024x1x1,3584x16x1x1
Qcur-14,kernel_add_row,0.007200,14336x0x0,64x0x0,3584x16x1x1
Qcur-14,kernel_rope_neox_f32,0.005700,1792x16x1,64x1x1,128x28x16x1
Kcur-14,kernel_add_row,0.005900,2048x0x0,64x0x0,512x16x1x1
Kcur-14,kernel_rope_neox_f32,0.002700,256x16x1,64x1x1,128x4x16x1
node_488,kernel_mul_mv_q6_K_f32,0.954100,512x1024x1,2x64x1,512x16x1x1
Vcur-14,kernel_add_row,0.002500,2048x0x0,64x0x0,512x16x1x1
cache_k_l14 (view),kernel_set_rows_f16_i64,0.003300,8192x1x1,512x1x1,512x4096x1x1
cache_v_l14 (view),kernel_set_rows_f16_i64,0.002900,8192x1x1,512x1x1,512x4096x1x1
__fattn__-14,flash_attn_f32_f16,2.729900,32x28x0,32x1x0,128x28x16x1
ffn_inp-14,kernel_add,0.025100,1024x1x1,64x1x1,3584x16x1x1
ffn_norm-14,kernel_rms_norm_mul,0.009200,16384x1x1,1024x1x1,3584x16x1x1
ffn_swiglu-14,kernel_swiglu,0.048100,8192x1x1,512x1x1,18944x16x1x1
ffn_out-14,kernel_mul_mv_q6_K_f32,39.587601,3584x1024x1,2x64x1,3584x16x1x1
l_out-14,kernel_add,0.023000,1024x1x1,64x1x1,3584x16x1x1
attn_norm-15,kernel_rms_norm_mul,0.009300,16384x1x1,1024x1x1,3584x16x1x1
Qcur-15,kernel_add_row,0.012800,14336x0x0,64x0x0,3584x16x1x1
Qcur-15,kernel_rope_neox_f32,0.005500,1792x16x1,64x1x1,128x28x16x1
Kcur-15,kernel_add_row,0.005500,2048x0x0,64x0x0,512x16x1x1
Kcur-15,kernel_rope_neox_f32,0.002800,256x16x1,64x1x1,128x4x16x1
Vcur-15,kernel_add_row,0.005700,2048x0x0,64x0x0,512x16x1x1
cache_k_l15 (view),kernel_set_rows_f16_i64,0.003300,8192x1x1,512x1x1,512x4096x1x1
cache_v_l15 (view),kernel_set_rows_f16_i64,0.002800,8192x1x1,512x1x1,512x4096x1x1
__fattn__-15,flash_attn_f32_f16,2.683700,32x28x0,32x1x0,128x28x16x1
ffn_inp-15,kernel_add,0.024400,1024x1x1,64x1x1,3584x16x1x1
ffn_norm-15,kernel_rms_norm_mul,0.009100,16384x1x1,1024x1x1,3584x16x1x1
l_out-15,kernel_add,0.024200,1024x1x1,64x1x1,3584x16x1x1
attn_norm-16,kernel_rms_norm_mul,0.009200,16384x1x1,1024x1x1,3584x16x1x1
Qcur-16,kernel_add_row,0.013000,14336x0x0,64x0x0,3584x16x1x1
Qcur-16,kernel_rope_neox_f32,0.005500,1792x16x1,64x1x1,128x28x16x1
Kcur-16,kernel_add_row,0.005700,2048x0x0,64x0x0,512x16x1x1
Kcur-16,kernel_rope_neox_f32,0.002700,256x16x1,64x1x1,128x4x16x1
Vcur-16,kernel_add_row,0.005600,2048x0x0,64x0x0,512x16x1x1
cache_k_l16 (view),kernel_set_rows_f16_i64,0.003200,8192x1x1,512x1x1,512x4096x1x1
cache_v_l16 (view),kernel_set_rows_f16_i64,0.002800,8192x1x1,512x1x1,512x4096x1x1
__fattn__-16,flash_attn_f32_f16,2.686200,32x28x0,32x1x0,128x28x16x1
ffn_inp-16,kernel_add,0.024900,1024x1x1,64x1x1,3584x16x1x1
ffn_norm-16,kernel_rms_norm_mul,0.009100,16384x1x1,1024x1x1,3584x16x1x1
l_out-16,kernel_add,0.022900,1024x1x1,64x1x1,3584x16x1x1
attn_norm-17,kernel_rms_norm_mul,0.009200,16384x1x1,1024x1x1,3584x16x1x1
Qcur-17,kernel_add_row,0.035700,14336x0x0,64x0x0,3584x16x1x1
Qcur-17,kernel_rope_neox_f32,0.005500,1792x16x1,64x1x1,128x28x16x1
Kcur-17,kernel_add_row,0.005600,2048x0x0,64x0x0,512x16x1x1
Kcur-17,kernel_rope_neox_f32,0.002700,256x16x1,64x1x1,128x4x16x1
node_590,kernel_mul_mv_q6_K_f32,0.954000,512x1024x1,2x64x1,512x16x1x1
Vcur-17,kernel_add_row,0.002600,2048x0x0,64x0x0,512x16x1x1
cache_k_l17 (view),kernel_set_rows_f16_i64,0.003300,8192x1x1,512x1x1,512x4096x1x1
cache_v_l17 (view),kernel_set_rows_f16_i64,0.002900,8192x1x1,512x1x1,512x4096x1x1
__fattn__-17,flash_attn_f32_f16,2.707900,32x28x0,32x1x0,128x28x16x1
ffn_inp-17,kernel_add,0.024900,1024x1x1,64x1x1,3584x16x1x1
ffn_norm-17,kernel_rms_norm_mul,0.009100,16384x1x1,1024x1x1,3584x16x1x1
ffn_swiglu-17,kernel_swiglu,0.047600,8192x1x1,512x1x1,18944x16x1x1
ffn_out-17,kernel_mul_mv_q6_K_f32,39.606998,3584x1024x1,2x64x1,3584x16x1x1
l_out-17,kernel_add,0.023100,1024x1x1,64x1x1,3584x16x1x1
attn_norm-18,kernel_rms_norm_mul,0.009200,16384x1x1,1024x1x1,3584x16x1x1
Qcur-18,kernel_add_row,0.012300,14336x0x0,64x0x0,3584x16x1x1
Qcur-18,kernel_rope_neox_f32,0.005600,1792x16x1,64x1x1,128x28x16x1
Kcur-18,kernel_add_row,0.005800,2048x0x0,64x0x0,512x16x1x1
Kcur-18,kernel_rope_neox_f32,0.002800,256x16x1,64x1x1,128x4x16x1
Vcur-18,kernel_add_row,0.005700,2048x0x0,64x0x0,512x16x1x1
cache_k_l18 (view),kernel_set_rows_f16_i64,0.003300,8192x1x1,512x1x1,512x4096x1x1
cache_v_l18 (view),kernel_set_rows_f16_i64,0.002800,8192x1x1,512x1x1,512x4096x1x1
__fattn__-18,flash_attn_f32_f16,2.651700,32x28x0,32x1x0,128x28x16x1
ffn_inp-18,kernel_add,0.024500,1024x1x1,64x1x1,3584x16x1x1
ffn_norm-18,kernel_rms_norm_mul,0.009200,16384x1x1,1024x1x1,3584x16x1x1
l_out-18,kernel_add,0.024400,1024x1x1,64x1x1,3584x16x1x1
attn_norm-19,kernel_rms_norm_mul,0.009300,16384x1x1,1024x1x1,3584x16x1x1
Qcur-19,kernel_add_row,0.013000,14336x0x0,64x0x0,3584x16x1x1
Qcur-19,kernel_rope_neox_f32,0.005500,1792x16x1,64x1x1,128x28x16x1
Kcur-19,kernel_add_row,0.005600,2048x0x0,64x0x0,512x16x1x1
Kcur-19,kernel_rope_neox_f32,0.002700,256x16x1,64x1x1,128x4x16x1
Vcur-19,kernel_add_row,0.005900,2048x0x0,64x0x0,512x16x1x1
cache_k_l19 (view),kernel_set_rows_f16_i64,0.003400,8192x1x1,512x1x1,512x4096x1x1
cache_v_l19 (view),kernel_set_rows_f16_i64,0.002900,8192x1x1,512x1x1,512x4096x1x1
__fattn__-19,flash_attn_f32_f16,2.698300,32x28x0,32x1x0,128x28x16x1
ffn_inp-19,kernel_add,0.025100,1024x1x1,64x1x1,3584x16x1x1
ffn_norm-19,kernel_rms_norm_mul,0.009200,16384x1x1,1024x1x1,3584x16x1x1
l_out-19,kernel_add,0.023100,1024x1x1,64x1x1,3584x16x1x1
attn_norm-20,kernel_rms_norm_mul,0.009200,16384x1x1,1024x1x1,3584x16x1x1
Qcur-20,kernel_add_row,0.007200,14336x0x0,64x0x0,3584x16x1x1
Qcur-20,kernel_rope_neox_f32,0.005500,1792x16x1,64x1x1,128x28x16x1
Kcur-20,kernel_add_row,0.005600,2048x0x0,64x0x0,512x16x1x1
Kcur-20,kernel_rope_neox_f32,0.002900,256x16x1,64x1x1,128x4x16x1
node_692,kernel_mul_mv_q6_K_f32,0.954900,512x1024x1,2x64x1,512x16x1x1
Vcur-20,kernel_add_row,0.002500,2048x0x0,64x0x0,512x16x1x1
cache_k_l20 (view),kernel_set_rows_f16_i64,0.003400,8192x1x1,512x1x1,512x4096x1x1
cache_v_l20 (view),kernel_set_rows_f16_i64,0.002800,8192x1x1,512x1x1,512x4096x1x1
__fattn__-20,flash_attn_f32_f16,2.678300,32x28x0,32x1x0,128x28x16x1
ffn_inp-20,kernel_add,0.024900,1024x1x1,64x1x1,3584x16x1x1
ffn_norm-20,kernel_rms_norm_mul,0.009200,16384x1x1,1024x1x1,3584x16x1x1
ffn_swiglu-20,kernel_swiglu,0.047500,8192x1x1,512x1x1,18944x16x1x1
ffn_out-20,kernel_mul_mv_q6_K_f32,39.559799,3584x1024x1,2x64x1,3584x16x1x1
l_out-20,kernel_add,0.022900,1024x1x1,64x1x1,3584x16x1x1
attn_norm-21,kernel_rms_norm_mul,0.009100,16384x1x1,1024x1x1,3584x16x1x1
Qcur-21,kernel_add_row,0.011200,14336x0x0,64x0x0,3584x16x1x1
Qcur-21,kernel_rope_neox_f32,0.005600,1792x16x1,64x1x1,128x28x16x1
Kcur-21,kernel_add_row,0.005600,2048x0x0,64x0x0,512x16x1x1
Kcur-21,kernel_rope_neox_f32,0.002700,256x16x1,64x1x1,128x4x16x1
Vcur-21,kernel_add_row,0.005500,2048x0x0,64x0x0,512x16x1x1
cache_k_l21 (view),kernel_set_rows_f16_i64,0.003500,8192x1x1,512x1x1,512x4096x1x1
cache_v_l21 (view),kernel_set_rows_f16_i64,0.002800,8192x1x1,512x1x1,512x4096x1x1
__fattn__-21,flash_attn_f32_f16,2.718100,32x28x0,32x1x0,128x28x16x1
ffn_inp-21,kernel_add,0.023900,1024x1x1,64x1x1,3584x16x1x1
ffn_norm-21,kernel_rms_norm_mul,0.009400,16384x1x1,1024x1x1,3584x16x1x1
l_out-21,kernel_add,0.024200,1024x1x1,64x1x1,3584x16x1x1
attn_norm-22,kernel_rms_norm_mul,0.009200,16384x1x1,1024x1x1,3584x16x1x1
Qcur-22,kernel_add_row,0.013200,14336x0x0,64x0x0,3584x16x1x1
Qcur-22,kernel_rope_neox_f32,0.005500,1792x16x1,64x1x1,128x28x16x1
Kcur-22,kernel_add_row,0.005600,2048x0x0,64x0x0,512x16x1x1
Kcur-22,kernel_rope_neox_f32,0.002700,256x16x1,64x1x1,128x4x16x1
Vcur-22,kernel_add_row,0.005700,2048x0x0,64x0x0,512x16x1x1
cache_k_l22 (view),kernel_set_rows_f16_i64,0.003300,8192x1x1,512x1x1,512x4096x1x1
cache_v_l22 (view),kernel_set_rows_f16_i64,0.002700,8192x1x1,512x1x1,512x4096x1x1
__fattn__-22,flash_attn_f32_f16,2.670200,32x28x0,32x1x0,128x28x16x1
ffn_inp-22,kernel_add,0.024700,1024x1x1,64x1x1,3584x16x1x1
ffn_norm-22,kernel_rms_norm_mul,0.009100,16384x1x1,1024x1x1,3584x16x1x1
l_out-22,kernel_add,0.023500,1024x1x1,64x1x1,3584x16x1x1
attn_norm-23,kernel_rms_norm_mul,0.009200,16384x1x1,1024x1x1,3584x16x1x1
Qcur-23,kernel_add_row,0.007600,14336x0x0,64x0x0,3584x16x1x1
Qcur-23,kernel_rope_neox_f32,0.005600,1792x16x1,64x1x1,128x28x16x1
Kcur-23,kernel_add_row,0.005800,2048x0x0,64x0x0,512x16x1x1
Kcur-23,kernel_rope_neox_f32,0.002900,256x16x1,64x1x1,128x4x16x1
node_794,kernel_mul_mv_q6_K_f32,0.955200,512x1024x1,2x64x1,512x16x1x1
Vcur-23,kernel_add_row,0.002500,2048x0x0,64x0x0,512x16x1x1
cache_k_l23 (view),kernel_set_rows_f16_i64,0.003200,8192x1x1,512x1x1,512x4096x1x1
cache_v_l23 (view),kernel_set_rows_f16_i64,0.002900,8192x1x1,512x1x1,512x4096x1x1
__fattn__-23,flash_attn_f32_f16,2.675300,32x28x0,32x1x0,128x28x16x1
ffn_inp-23,kernel_add,0.025300,1024x1x1,64x1x1,3584x16x1x1
ffn_norm-23,kernel_rms_norm_mul,0.009100,16384x1x1,1024x1x1,3584x16x1x1
ffn_swiglu-23,kernel_swiglu,0.047600,8192x1x1,512x1x1,18944x16x1x1
ffn_out-23,kernel_mul_mv_q6_K_f32,39.585701,3584x1024x1,2x64x1,3584x16x1x1
l_out-23,kernel_add,0.023200,1024x1x1,64x1x1,3584x16x1x1
attn_norm-24,kernel_rms_norm_mul,0.009200,16384x1x1,1024x1x1,3584x16x1x1
Qcur-24,kernel_add_row,0.007900,14336x0x0,64x0x0,3584x16x1x1
Qcur-24,kernel_rope_neox_f32,0.005500,1792x16x1,64x1x1,128x28x16x1
Kcur-24,kernel_add_row,0.005700,2048x0x0,64x0x0,512x16x1x1
Kcur-24,kernel_rope_neox_f32,0.002700,256x16x1,64x1x1,128x4x16x1
node_828,kernel_mul_mv_q6_K_f32,0.955800,512x1024x1,2x64x1,512x16x1x1
Vcur-24,kernel_add_row,0.002600,2048x0x0,64x0x0,512x16x1x1
cache_k_l24 (view),kernel_set_rows_f16_i64,0.003300,8192x1x1,512x1x1,512x4096x1x1
cache_v_l24 (view),kernel_set_rows_f16_i64,0.002800,8192x1x1,512x1x1,512x4096x1x1
__fattn__-24,flash_attn_f32_f16,2.652700,32x28x0,32x1x0,128x28x16x1
ffn_inp-24,kernel_add,0.024100,1024x1x1,64x1x1,3584x16x1x1
ffn_norm-24,kernel_rms_norm_mul,0.009100,16384x1x1,1024x1x1,3584x16x1x1
ffn_swiglu-24,kernel_swiglu,0.047400,8192x1x1,512x1x1,18944x16x1x1
ffn_out-24,kernel_mul_mv_q6_K_f32,39.588001,3584x1024x1,2x64x1,3584x16x1x1
l_out-24,kernel_add,0.023000,1024x1x1,64x1x1,3584x16x1x1
attn_norm-25,kernel_rms_norm_mul,0.009100,16384x1x1,1024x1x1,3584x16x1x1
Qcur-25,kernel_add_row,0.007900,14336x0x0,64x0x0,3584x16x1x1
Qcur-25,kernel_rope_neox_f32,0.005400,1792x16x1,64x1x1,128x28x16x1
Kcur-25,kernel_add_row,0.005600,2048x0x0,64x0x0,512x16x1x1
Kcur-25,kernel_rope_neox_f32,0.002700,256x16x1,64x1x1,128x4x16x1
node_862,kernel_mul_mv_q6_K_f32,0.954100,512x1024x1,2x64x1,512x16x1x1
Vcur-25,kernel_add_row,0.002500,2048x0x0,64x0x0,512x16x1x1
cache_k_l25 (view),kernel_set_rows_f16_i64,0.003200,8192x1x1,512x1x1,512x4096x1x1
cache_v_l25 (view),kernel_set_rows_f16_i64,0.002900,8192x1x1,512x1x1,512x4096x1x1
__fattn__-25,flash_attn_f32_f16,2.729000,32x28x0,32x1x0,128x28x16x1
ffn_inp-25,kernel_add,0.024000,1024x1x1,64x1x1,3584x16x1x1
ffn_norm-25,kernel_rms_norm_mul,0.009200,16384x1x1,1024x1x1,3584x16x1x1
ffn_swiglu-25,kernel_swiglu,0.048100,8192x1x1,512x1x1,18944x16x1x1
ffn_out-25,kernel_mul_mv_q6_K_f32,39.631302,3584x1024x1,2x64x1,3584x16x1x1
l_out-25,kernel_add,0.023800,1024x1x1,64x1x1,3584x16x1x1
attn_norm-26,kernel_rms_norm_mul,0.009300,16384x1x1,1024x1x1,3584x16x1x1
Qcur-26,kernel_add_row,0.007900,14336x0x0,64x0x0,3584x16x1x1
Qcur-26,kernel_rope_neox_f32,0.005400,1792x16x1,64x1x1,128x28x16x1
Kcur-26,kernel_add_row,0.005600,2048x0x0,64x0x0,512x16x1x1
Kcur-26,kernel_rope_neox_f32,0.002900,256x16x1,64x1x1,128x4x16x1
node_896,kernel_mul_mv_q6_K_f32,0.954200,512x1024x1,2x64x1,512x16x1x1
Vcur-26,kernel_add_row,0.002300,2048x0x0,64x0x0,512x16x1x1
cache_k_l26 (view),kernel_set_rows_f16_i64,0.003200,8192x1x1,512x1x1,512x4096x1x1
cache_v_l26 (view),kernel_set_rows_f16_i64,0.002800,8192x1x1,512x1x1,512x4096x1x1
__fattn__-26,flash_attn_f32_f16,2.716700,32x28x0,32x1x0,128x28x16x1
ffn_inp-26,kernel_add,0.024100,1024x1x1,64x1x1,3584x16x1x1
ffn_norm-26,kernel_rms_norm_mul,0.009300,16384x1x1,1024x1x1,3584x16x1x1
ffn_swiglu-26,kernel_swiglu,0.046400,8192x1x1,512x1x1,18944x16x1x1
ffn_out-26,kernel_mul_mv_q6_K_f32,39.572601,3584x1024x1,2x64x1,3584x16x1x1
l_out-26,kernel_add,0.023700,1024x1x1,64x1x1,3584x16x1x1
attn_norm-27,kernel_rms_norm_mul,0.009200,16384x1x1,1024x1x1,3584x16x1x1
Qcur-27,kernel_add_row,0.007700,14336x0x0,64x0x0,3584x16x1x1
Qcur-27,kernel_rope_neox_f32,0.005500,1792x16x1,64x1x1,128x28x16x1
Kcur-27,kernel_add_row,0.005600,2048x0x0,64x0x0,512x16x1x1
Kcur-27,kernel_rope_neox_f32,0.002800,256x16x1,64x1x1,128x4x16x1
node_930,kernel_mul_mv_q6_K_f32,0.952900,512x1024x1,2x64x1,512x16x1x1
Vcur-27,kernel_add_row,0.002500,2048x0x0,64x0x0,512x16x1x1
cache_k_l27 (view),kernel_set_rows_f16_i64,0.003300,8192x1x1,512x1x1,512x4096x1x1
cache_v_l27 (view),kernel_set_rows_f16_i64,0.002900,8192x1x1,512x1x1,512x4096x1x1
__fattn__-27,flash_attn_f32_f16,2.692700,32x28x0,32x1x0,128x28x16x1
attn_norm-0,kernel_rms_norm_mul,0.012400,16384x1x1,1024x1x1,3584x16x1x1
Qcur-0,kernel_add_row,0.007900,14336x0x0,64x0x0,3584x16x1x1
Qcur-0,kernel_rope_neox_f32,0.005700,1792x16x1,64x1x1,128x28x16x1
Kcur-0,kernel_add_row,0.005700,2048x0x0,64x0x0,512x16x1x1
Kcur-0,kernel_rope_neox_f32,0.003000,256x16x1,64x1x1,128x4x16x1
node_11,kernel_mul_mv_q6_K_f32,0.956200,512x1024x1,2x64x1,512x16x1x1
Vcur-0,kernel_add_row,0.002600,2048x0x0,64x0x0,512x16x1x1
cache_k_l0 (view),kernel_set_rows_f16_i64,0.003400,8192x1x1,512x1x1,512x4096x1x1
cache_v_l0 (view),kernel_set_rows_f16_i64,0.002800,8192x1x1,512x1x1,512x4096x1x1
 (copy),kernel_cpy_f32_f16,0.004900,4096x1x1,64x1x1,512x64x1x1
__fattn__-0,flash_attn_f32_f16,2.717300,32x28x0,32x1x0,128x28x16x1
ffn_inp-0,kernel_add,0.025900,1024x1x1,64x1x1,3584x16x1x1
ffn_norm-0,kernel_rms_norm_mul,0.009100,16384x1x1,1024x1x1,3584x16x1x1
ffn_swiglu-0,kernel_swiglu,0.045800,8192x1x1,512x1x1,18944x16x1x1
ffn_out-0,kernel_mul_mv_q6_K_f32,39.570702,3584x1024x1,2x64x1,3584x16x1x1
l_out-0,kernel_add,0.023200,1024x1x1,64x1x1,3584x16x1x1
attn_norm-1,kernel_rms_norm_mul,0.009200,16384x1x1,1024x1x1,3584x16x1x1
Qcur-1,kernel_add_row,0.007800,14336x0x0,64x0x0,3584x16x1x1
Qcur-1,kernel_rope_neox_f32,0.005500,1792x16x1,64x1x1,128x28x16x1
Kcur-1,kernel_add_row,0.005600,2048x0x0,64x0x0,512x16x1x1
Kcur-1,kernel_rope_neox_f32,0.002700,256x16x1,64x1x1,128x4x16x1
node_46,kernel_mul_mv_q6_K_f32,0.953800,512x1024x1,2x64x1,512x16x1x1
Vcur-1,kernel_add_row,0.002500,2048x0x0,64x0x0,512x16x1x1
cache_k_l1 (view),kernel_set_rows_f16_i64,0.003300,8192x1x1,512x1x1,512x4096x1x1
cache_v_l1 (view),kernel_set_rows_f16_i64,0.002800,8192x1x1,512x1x1,512x4096x1x1
__fattn__-1,flash_attn_f32_f16,2.674900,32x28x0,32x1x0,128x28x16x1
ffn_inp-1,kernel_add,0.023800,1024x1x1,64x1x1,3584x16x1x1
ffn_norm-1,kernel_rms_norm_mul,0.009200,16384x1x1,1024x1x1,3584x16x1x1
ffn_swiglu-1,kernel_swiglu,0.047700,8192x1x1,512x1x1,18944x16x1x1
ffn_out-1,kernel_mul_mv_q6_K_f32,39.591801,3584x1024x1,2x64x1,3584x16x1x1
l_out-1,kernel_add,0.023100,1024x1x1,64x1x1,3584x16x1x1
attn_norm-2,kernel_rms_norm_mul,0.009300,16384x1x1,1024x1x1,3584x16x1x1
Qcur-2,kernel_add_row,0.007900,14336x0x0,64x0x0,3584x16x1x1
Qcur-2,kernel_rope_neox_f32,0.005500,1792x16x1,64x1x1,128x28x16x1
Kcur-2,kernel_add_row,0.006000,2048x0x0,64x0x0,512x16x1x1
Kcur-2,kernel_rope_neox_f32,0.002800,256x16x1,64x1x1,128x4x16x1
node_80,kernel_mul_mv_q6_K_f32,0.956100,512x1024x1,2x64x1,512x16x1x1
Vcur-2,kernel_add_row,0.002500,2048x0x0,64x0x0,512x16x1x1
cache_k_l2 (view),kernel_set_rows_f16_i64,0.003200,8192x1x1,512x1x1,512x4096x1x1
cache_v_l2 (view),kernel_set_rows_f16_i64,0.002800,8192x1x1,512x1x1,512x4096x1x1
__fattn__-2,flash_attn_f32_f16,2.707000,32x28x0,32x1x0,128x28x16x1
ffn_inp-2,kernel_add,0.024000,1024x1x1,64x1x1,3584x16x1x1
ffn_norm-2,kernel_rms_norm_mul,0.009200,16384x1x1,1024x1x1,3584x16x1x1
ffn_swiglu-2,kernel_swiglu,0.047500,8192x1x1,512x1x1,18944x16x1x1
ffn_out-2,kernel_mul_mv_q6_K_f32,40.403000,3584x1024x1,2x64x1,3584x16x1x1
l_out-2,kernel_add,0.023500,1024x1x1,64x1x1,3584x16x1x1
attn_norm-3,kernel_rms_norm_mul,0.009200,16384x1x1,1024x1x1,3584x16x1x1
Qcur-3,kernel_add_row,0.012400,14336x0x0,64x0x0,3584x16x1x1
Qcur-3,kernel_rope_neox_f32,0.005400,1792x16x1,64x1x1,128x28x16x1
Kcur-3,kernel_add_row,0.005600,2048x0x0,64x0x0,512x16x1x1
Kcur-3,kernel_rope_neox_f32,0.002700,256x16x1,64x1x1,128x4x16x1
Vcur-3,kernel_add_row,0.005600,2048x0x0,64x0x0,512x16x1x1
cache_k_l3 (view),kernel_set_rows_f16_i64,0.003400,8192x1x1,512x1x1,512x4096x1x1
cache_v_l3 (view),kernel_set_rows_f16_i64,0.002900,8192x1x1,512x1x1,512x4096x1x1
__fattn__-3,flash_attn_f32_f16,2.663100,32x28x0,32x1x0,128x28x16x1
ffn_inp-3,kernel_add,0.024500,1024x1x1,64x1x1,3584x16x1x1
ffn_norm-3,kernel_rms_norm_mul,0.009200,16384x1x1,1024x1x1,3584x16x1x1
l_out-3,kernel_add,0.024600,1024x1x1,64x1x1,3584x16x1x1
attn_norm-4,kernel_rms_norm_mul,0.009100,16384x1x1,1024x1x1,3584x16x1x1
Qcur-4,kernel_add_row,0.011800,14336x0x0,64x0x0,3584x16x1x1
Qcur-4,kernel_rope_neox_f32,0.005500,1792x16x1,64x1x1,128x28x16x1
Kcur-4,kernel_add_row,0.005700,2048x0x0,64x0x0,512x16x1x1
Kcur-4,kernel_rope_neox_f32,0.002800,256x16x1,64x1x1,128x4x16x1
Vcur-4,kernel_add_row,0.005800,2048x0x0,64x0x0,512x16x1x1
cache_k_l4 (view),kernel_set_rows_f16_i64,0.003300,8192x1x1,512x1x1,512x4096x1x1
cache_v_l4 (view),kernel_set_rows_f16_i64,0.002800,8192x1x1,512x1x1,512x4096x1x1
__fattn__-4,flash_attn_f32_f16,2.689600,32x28x0,32x1x0,128x28x16x1
ffn_inp-4,kernel_add,0.025500,1024x1x1,64x1x1,3584x16x1x1
ffn_norm-4,kernel_rms_norm_mul,0.009200,16384x1x1,1024x1x1,3584x16x1x1
l_out-4,kernel_add,0.023000,1024x1x1,64x1x1,3584x16x1x1
attn_norm-5,kernel_rms_norm_mul,0.009200,16384x1x1,1024x1x1,3584x16x1x1
Qcur-5,kernel_add_row,0.007600,14336x0x0,64x0x0,3584x16x1x1
Qcur-5,kernel_rope_neox_f32,0.005500,1792x16x1,64x1x1,128x28x16x1
Kcur-5,kernel_add_row,0.005600,2048x0x0,64x0x0,512x16x1x1
Kcur-5,kernel_rope_neox_f32,0.002700,256x16x1,64x1x1,128x4x16x1
node_182,kernel_mul_mv_q6_K_f32,0.956300,512x1024x1,2x64x1,512x16x1x1
Vcur-5,kernel_add_row,0.002500,2048x0x0,64x0x0,512x16x1x1
cache_k_l5 (view),kernel_set_rows_f16_i64,0.003300,8192x1x1,512x1x1,512x4096x1x1
cache_v_l5 (view),kernel_set_rows_f16_i64,0.002900,8192x1x1,512x1x1,512x4096x1x1
__fattn__-5,flash_attn_f32_f16,2.710200,32x28x0,32x1x0,128x28x16x1
ffn_inp-5,kernel_add,0.024800,1024x1x1,64x1x1,3584x16x1x1
ffn_norm-5,kernel_rms_norm_mul,0.009200,16384x1x1,1024x1x1,3584x16x1x1
ffn_swiglu-5,kernel_swiglu,0.047400,8192x1x1,512x1x1,18944x16x1x1
ffn_out-5,kernel_mul_mv_q6_K_f32,40.525700,3584x1024x1,2x64x1,3584x16x1x1
l_out-5,kernel_add,0.023200,1024x1x1,64x1x1,3584x16x1x1
attn_norm-6,kernel_rms_norm_mul,0.009200,16384x1x1,1024x1x1,3584x16x1x1
Qcur-6,kernel_add_row,0.012000,14336x0x0,64x0x0,3584x16x1x1
Qcur-6,kernel_rope_neox_f32,0.005500,1792x16x1,64x1x1,128x28x16x1
Kcur-6,kernel_add_row,0.005700,2048x0x0,64x0x0,512x16x1x1
Kcur-6,kernel_rope_neox_f32,0.002600,256x16x1,64x1x1,128x4x16x1
Vcur-6,kernel_add_row,0.005700,2048x0x0,64x0x0,512x16x1x1
cache_k_l6 (view),kernel_set_rows_f16_i64,0.003500,8192x1x1,512x1x1,512x4096x1x1
cache_v_l6 (view),kernel_set_rows_f16_i64,0.002900,8192x1x1,512x1x1,512x4096x1x1
__fattn__-6,flash_attn_f32_f16,2.726200,32x28x0,32x1x0,128x28x16x1
ffn_inp-6,kernel_add,0.024400,1024x1x1,64x1x1,3584x16x1x1
ffn_norm-6,kernel_rms_norm_mul,0.009200,16384x1x1,1024x1x1,3584x16x1x1
l_out-6,kernel_add,0.024700,1024x1x1,64x1x1,3584x16x1x1
attn_norm-7,kernel_rms_norm_mul,0.009100,16384x1x1,1024x1x1,3584x16x1x1
Qcur-7,kernel_add_row,0.012600,14336x0x0,64x0x0,3584x16x1x1
Qcur-7,kernel_rope_neox_f32,0.005500,1792x16x1,64x1x1,128x28x16x1
Kcur-7,kernel_add_row,0.005700,2048x0x0,64x0x0,512x16x1x1
Kcur-7,kernel_rope_neox_f32,0.002800,256x16x1,64x1x1,128x4x16x1
Vcur-7,kernel_add_row,0.005600,2048x0x0,64x0x0,512x16x1x1
cache_k_l7 (view),kernel_set_rows_f16_i64,0.003400,8192x1x1,512x1x1,512x4096x1x1
cache_v_l7 (view),kernel_set_rows_f16_i64,0.002800,8192x1x1,512x1x1,512x4096x1x1
__fattn__-7,flash_attn_f32_f16,2.712800,32x28x0,32x1x0,128x28x16x1
ffn_inp-7,kernel_add,0.024900,1024x1x1,64x1x1,3584x16x1x1
ffn_norm-7,kernel_rms_norm_mul,0.009200,16384x1x1,1024x1x1,3584x16x1x1
l_out-7,kernel_add,0.023500,1024x1x1,64x1x1,3584x16x1x1
attn_norm-8,kernel_rms_norm_mul,0.009600,16384x1x1,1024x1x1,3584x16x1x1
Qcur-8,kernel_add_row,0.007700,14336x0x0,64x0x0,3584x16x1x1
Qcur-8,kernel_rope_neox_f32,0.005500,1792x16x1,64x1x1,128x28x16x1
Kcur-8,kernel_add_row,0.005600,2048x0x0,64x0x0,512x16x1x1
Kcur-8,kernel_rope_neox_f32,0.002700,256x16x1,64x1x1,128x4x16x1
node_284,kernel_mul_mv_q6_K_f32,0.957400,512x1024x1,2x64x1,512x16x1x1
Vcur-8,kernel_add_row,0.002700,2048x0x0,64x0x0,512x16x1x1
cache_k_l8 (view),kernel_set_rows_f16_i64,0.003600,8192x1x1,512x1x1,512x4096x1x1
cache_v_l8 (view),kernel_set_rows_f16_i64,0.002900,8192x1x1,512x1x1,512x4096x1x1
__fattn__-8,flash_attn_f32_f16,2.649900,32x28x0,32x1x0,128x28x16x1
ffn_inp-8,kernel_add,0.024300,1024x1x1,64x1x1,3584x16x1x1
ffn_norm-8,kernel_rms_norm_mul,0.009200,16384x1x1,1024x1x1,3584x16x1x1
ffn_swiglu-8,kernel_swiglu,0.047900,8192x1x1,512x1x1,18944x16x1x1
ffn_out-8,kernel_mul_mv_q6_K_f32,40.441399,3584x1024x1,2x64x1,3584x16x1x1
l_out-8,kernel_add,0.022900,1024x1x1,64x1x1,3584x16x1x1
attn_norm-9,kernel_rms_norm_mul,0.009100,16384x1x1,1024x1x1,3584x16x1x1
Qcur-9,kernel_add_row,0.011100,14336x0x0,64x0x0,3584x16x1x1
Qcur-9,kernel_rope_neox_f32,0.005600,1792x16x1,64x1x1,128x28x16x1
Kcur-9,kernel_add_row,0.005600,2048x0x0,64x0x0,512x16x1x1
Kcur-9,kernel_rope_neox_f32,0.002700,256x16x1,64x1x1,128x4x16x1
Vcur-9,kernel_add_row,0.005700,2048x0x0,64x0x0,512x16x1x1
cache_k_l9 (view),kernel_set_rows_f16_i64,0.003500,8192x1x1,512x1x1,512x4096x1x1
cache_v_l9 (view),kernel_set_rows_f16_i64,0.002800,8192x1x1,512x1x1,512x4096x1x1
__fattn__-9,flash_attn_f32_f16,2.735300,32x28x0,32x1x0,128x28x16x1
ffn_inp-9,kernel_add,0.024400,1024x1x1,64x1x1,3584x16x1x1
ffn_norm-9,kernel_rms_norm_mul,0.009100,16384x1x1,1024x1x1,3584x16x1x1
l_out-9,kernel_add,0.024100,1024x1x1,64x1x1,3584x16x1x1
attn_norm-10,kernel_rms_norm_mul,0.009200,16384x1x1,1024x1x1,3584x16x1x1
Qcur-10,kernel_add_row,0.013000,14336x0x0,64x0x0,3584x16x1x1
Qcur-10,kernel_rope_neox_f32,0.005500,1792x16x1,64x1x1,128x28x16x1
Kcur-10,kernel_add_row,0.005500,2048x0x0,64x0x0,512x16x1x1
Kcur-10,kernel_rope_neox_f32,0.002900,256x16x1,64x1x1,128x4x16x1
Vcur-10,kernel_add_row,0.005700,2048x0x0,64x0x0,512x16x1x1
cache_k_l10 (view),kernel_set_rows_f16_i64,0.003300,8192x1x1,512x1x1,512x4096x1x1
cache_v_l10 (view),kernel_set_rows_f16_i64,0.002700,8192x1x1,512x1x1,512x4096x1x1
__fattn__-10,flash_attn_f32_f16,2.705400,32x28x0,32x1x0,128x28x16x1
ffn_inp-10,kernel_add,0.025200,1024x1x1,64x1x1,3584x16x1x1
ffn_norm-10,kernel_rms_norm_mul,0.009200,16384x1x1,1024x1x1,3584x16x1x1
l_out-10,kernel_add,0.022900,1024x1x1,64x1x1,3584x16x1x1
attn_norm-11,kernel_rms_norm_mul,0.009100,16384x1x1,1024x1x1,3584x16x1x1
Qcur-11,kernel_add_row,0.007500,14336x0x0,64x0x0,3584x16x1x1
Qcur-11,kernel_rope_neox_f32,0.005400,1792x16x1,64x1x1,128x28x16x1
Kcur-11,kernel_add_row,0.005800,2048x0x0,64x0x0,512x16x1x1
Kcur-11,kernel_rope_neox_f32,0.002700,256x16x1,64x1x1,128x4x16x1
node_386,kernel_mul_mv_q6_K_f32,0.956200,512x1024x1,2x64x1,512x16x1x1
Vcur-11,kernel_add_row,0.002600,2048x0x0,64x0x0,512x16x1x1
cache_k_l11 (view),kernel_set_rows_f16_i64,0.003400,8192x1x1,512x1x1,512x4096x1x1
cache_v_l11 (view),kernel_set_rows_f16_i64,0.002900,8192x1x1,512x1x1,512x4096x1x1
__fattn__-11,flash_attn_f32_f16,2.666300,32x28x0,32x1x0,128x28x16x1
ffn_inp-11,kernel_add,0.025000,1024x1x1,64x1x1,3584x16x1x1
ffn_norm-11,kernel_rms_norm_mul,0.009200,16384x1x1,1024x1x1,3584x16x1x1
ffn_swiglu-11,kernel_swiglu,0.048700,8192x1x1,512x1x1,18944x16x1x1
ffn_out-11,kernel_mul_mv_q6_K_f32,39.615898,3584x1024x1,2x64x1,3584x16x1x1
l_out-11,kernel_add,0.023300,1024x1x1,64x1x1,3584x16x1x1
attn_norm-12,kernel_rms_norm_mul,0.009200,16384x1x1,1024x1x1,3584x16x1x1
Qcur-12,kernel_add_row,0.012200,14336x0x0,64x0x0,3584x16x1x1
Qcur-12,kernel_rope_neox_f32,0.005500,1792x16x1,64x1x1,128x28x16x1
Kcur-12,kernel_add_row,0.005600,2048x0x0,64x0x0,512x16x1x1
Kcur-12,kernel_rope_neox_f32,0.002800,256x16x1,64x1x1,128x4x16x1
Vcur-12,kernel_add_row,0.005700,2048x0x0,64x0x0,512x16x1x1
cache_k_l12 (view),kernel_set_rows_f16_i64,0.003300,8192x1x1,512x1x1,512x4096x1x1
cache_v_l12 (view),kernel_set_rows_f16_i64,0.002800,8192x1x1,512x1x1,512x4096x1x1
__fattn__-12,flash_attn_f32_f16,2.655300,32x28x0,32x1x0,128x28x16x1
ffn_inp-12,kernel_add,0.024400,1024x1x1,64x1x1,3584x16x1x1
ffn_norm-12,kernel_rms_norm_mul,0.009200,16384x1x1,1024x1x1,3584x16x1x1
l_out-12,kernel_add,0.024500,1024x1x1,64x1x1,3584x16x1x1
attn_norm-13,kernel_rms_norm_mul,0.009100,16384x1x1,1024x1x1,3584x16x1x1
Qcur-13,kernel_add_row,0.012700,14336x0x0,64x0x0,3584x16x1x1
Qcur-13,kernel_rope_neox_f32,0.005400,1792x16x1,64x1x1,128x28x16x1
Kcur-13,kernel_add_row,0.005700,2048x0x0,64x0x0,512x16x1x1
Kcur-13,kernel_rope_neox_f32,0.002800,256x16x1,64x1x1,128x4x16x1
Vcur-13,kernel_add_row,0.005600,2048x0x0,64x0x0,512x16x1x1
cache_k_l13 (view),kernel_set_rows_f16_i64,0.003400,8192x1x1,512x1x1,512x4096x1x1
cache_v_l13 (view),kernel_set_rows_f16_i64,0.002700,8192x1x1,512x1x1,512x4096x1x1
__fattn__-13,flash_attn_f32_f16,2.680800,32x28x0,32x1x0,128x28x16x1
ffn_inp-13,kernel_add,0.025000,1024x1x1,64x1x1,3584x16x1x1
ffn_norm-13,kernel_rms_norm_mul,0.009100,16384x1x1,1024x1x1,3584x16x1x1
l_out-13,kernel_add,0.023400,1024x1x1,64x1x1,3584x16x1x1
attn_norm-14,kernel_rms_norm_mul,0.009100,16384x1x1,1024x1x1,3584x16x1x1
Qcur-14,kernel_add_row,0.007800,14336x0x0,64x0x0,3584x16x1x1
Qcur-14,kernel_rope_neox_f32,0.005400,1792x16x1,64x1x1,128x28x16x1
Kcur-14,kernel_add_row,0.005700,2048x0x0,64x0x0,512x16x1x1
Kcur-14,kernel_rope_neox_f32,0.002800,256x16x1,64x1x1,128x4x16x1
node_488,kernel_mul_mv_q6_K_f32,0.954100,512x1024x1,2x64x1,512x16x1x1
Vcur-14,kernel_add_row,0.002500,2048x0x0,64x0x0,512x16x1x1
cache_k_l14 (view),kernel_set_rows_f16_i64,0.003400,8192x1x1,512x1x1,512x4096x1x1
cache_v_l14 (view),kernel_set_rows_f16_i64,0.002900,8192x1x1,512x1x1,512x4096x1x1
__fattn__-14,flash_attn_f32_f16,2.696200,32x28x0,32x1x0,128x28x16x1
ffn_inp-14,kernel_add,0.024800,1024x1x1,64x1x1,3584x16x1x1
ffn_norm-14,kernel_rms_norm_mul,0.009200,16384x1x1,1024x1x1,3584x16x1x1
ffn_swiglu-14,kernel_swiglu,0.048100,8192x1x1,512x1x1,18944x16x1x1
ffn_out-14,kernel_mul_mv_q6_K_f32,39.580700,3584x1024x1,2x64x1,3584x16x1x1
l_out-14,kernel_add,0.023500,1024x1x1,64x1x1,3584x16x1x1
attn_norm-15,kernel_rms_norm_mul,0.009200,16384x1x1,1024x1x1,3584x16x1x1
Qcur-15,kernel_add_row,0.012300,14336x0x0,64x0x0,3584x16x1x1
Qcur-15,kernel_rope_neox_f32,0.005400,1792x16x1,64x1x1,128x28x16x1
Kcur-15,kernel_add_row,0.005600,2048x0x0,64x0x0,512x16x1x1
Kcur-15,kernel_rope_neox_f32,0.002700,256x16x1,64x1x1,128x4x16x1
Vcur-15,kernel_add_row,0.005700,2048x0x0,64x0x0,512x16x1x1
cache_k_l15 (view),kernel_set_rows_f16_i64,0.003400,8192x1x1,512x1x1,512x4096x1x1
cache_v_l15 (view),kernel_set_rows_f16_i64,0.002800,8192x1x1,512x1x1,512x4096x1x1
__fattn__-15,flash_attn_f32_f16,2.724900,32x28x0,32x1x0,128x28x16x1
ffn_inp-15,kernel_add,0.024700,1024x1x1,64x1x1,3584x16x1x1
ffn_norm-15,kernel_rms_norm_mul,0.009200,16384x1x1,1024x1x1,3584x16x1x1
l_out-15,kernel_add,0.024800,1024x1x1,64x1x1,3584x16x1x1
attn_norm-16,kernel_rms_norm_mul,0.009100,16384x1x1,1024x1x1,3584x16x1x1
Qcur-16,kernel_add_row,0.012900,14336x0x0,64x0x0,3584x16x1x1
Qcur-16,kernel_rope_neox_f32,0.005400,1792x16x1,64x1x1,128x28x16x1
Kcur-16,kernel_add_row,0.005700,2048x0x0,64x0x0,512x16x1x1
Kcur-16,kernel_rope_neox_f32,0.002700,256x16x1,64x1x1,128x4x16x1
Vcur-16,kernel_add_row,0.005500,2048x0x0,64x0x0,512x16x1x1
cache_k_l16 (view),kernel_set_rows_f16_i64,0.003300,8192x1x1,512x1x1,512x4096x1x1
cache_v_l16 (view),kernel_set_rows_f16_i64,0.002800,8192x1x1,512x1x1,512x4096x1x1
__fattn__-16,flash_attn_f32_f16,2.723000,32x28x0,32x1x0,128x28x16x1
ffn_inp-16,kernel_add,0.025400,1024x1x1,64x1x1,3584x16x1x1
ffn_norm-16,kernel_rms_norm_mul,0.009100,16384x1x1,1024x1x1,3584x16x1x1
l_out-16,kernel_add,0.023500,1024x1x1,64x1x1,3584x16x1x1
attn_norm-17,kernel_rms_norm_mul,0.009300,16384x1x1,1024x1x1,3584x16x1x1
Qcur-17,kernel_add_row,0.007900,14336x0x0,64x0x0,3584x16x1x1
Qcur-17,kernel_rope_neox_f32,0.005500,1792x16x1,64x1x1,128x28x16x1
Kcur-17,kernel_add_row,0.005700,2048x0x0,64x0x0,512x16x1x1
Kcur-17,kernel_rope_neox_f32,0.002800,256x16x1,64x1x1,128x4x16x1
node_590,kernel_mul_mv_q6_K_f32,0.955300,512x1024x1,2x64x1,512x16x1x1
Vcur-17,kernel_add_row,0.002500,2048x0x0,64x0x0,512x16x1x1
cache_k_l17 (view),kernel_set_rows_f16_i64,0.003500,8192x1x1,512x1x1,512x4096x1x1
cache_v_l17 (view),kernel_set_rows_f16_i64,0.002800,8192x1x1,512x1x1,512x4096x1x1
__fattn__-17,flash_attn_f32_f16,2.730900,32x28x0,32x1x0,128x28x16x1
ffn_inp-17,kernel_add,0.025200,1024x1x1,64x1x1,3584x16x1x1
ffn_norm-17,kernel_rms_norm_mul,0.009100,16384x1x1,1024x1x1,3584x16x1x1
ffn_swiglu-17,kernel_swiglu,0.048600,8192x1x1,512x1x1,18944x16x1x1
ffn_out-17,kernel_mul_mv_q6_K_f32,39.633099,3584x1024x1,2x64x1,3584x16x1x1
l_out-17,kernel_add,0.023800,1024x1x1,64x1x1,3584x16x1x1
attn_norm-18,kernel_rms_norm_mul,0.009200,16384x1x1,1024x1x1,3584x16x1x1
Qcur-18,kernel_add_row,0.012700,14336x0x0,64x0x0,3584x16x1x1
Qcur-18,kernel_rope_neox_f32,0.005600,1792x16x1,64x1x1,128x28x16x1
Kcur-18,kernel_add_row,0.005700,2048x0x0,64x0x0,512x16x1x1
Kcur-18,kernel_rope_neox_f32,0.002700,256x16x1,64x1x1,128x4x16x1
Vcur-18,kernel_add_row,0.005700,2048x0x0,64x0x0,512x16x1x1
cache_k_l18 (view),kernel_set_rows_f16_i64,0.003200,8192x1x1,512x1x1,512x4096x1x1
cache_v_l18 (view),kernel_set_rows_f16_i64,0.002700,8192x1x1,512x1x1,512x4096x1x1
__fattn__-18,flash_attn_f32_f16,2.695100,32x28x0,32x1x0,128x28x16x1
ffn_inp-18,kernel_add,0.024600,1024x1x1,64x1x1,3584x16x1x1
ffn_norm-18,kernel_rms_norm_mul,0.009200,16384x1x1,1024x1x1,3584x16x1x1
l_out-18,kernel_add,0.024300,1024x1x1,64x1x1,3584x16x1x1
attn_norm-19,kernel_rms_norm_mul,0.009200,16384x1x1,1024x1x1,3584x16x1x1
Qcur-19,kernel_add_row,0.012900,14336x0x0,64x0x0,3584x16x1x1
Qcur-19,kernel_rope_neox_f32,0.005400,1792x16x1,64x1x1,128x28x16x1
Kcur-19,kernel_add_row,0.005700,2048x0x0,64x0x0,512x16x1x1
Kcur-19,kernel_rope_neox_f32,0.002700,256x16x1,64x1x1,128x4x16x1
Vcur-19,kernel_add_row,0.005900,2048x0x0,64x0x0,512x16x1x1
cache_k_l19 (view),kernel_set_rows_f16_i64,0.003400,8192x1x1,512x1x1,512x4096x1x1
cache_v_l19 (view),kernel_set_rows_f16_i64,0.002800,8192x1x1,512x1x1,512x4096x1x1
__fattn__-19,flash_attn_f32_f16,2.684500,32x28x0,32x1x0,128x28x16x1
ffn_inp-19,kernel_add,0.025700,1024x1x1,64x1x1,3584x16x1x1
ffn_norm-19,kernel_rms_norm_mul,0.009100,16384x1x1,1024x1x1,3584x16x1x1
l_out-19,kernel_add,0.022800,1024x1x1,64x1x1,3584x16x1x1
attn_norm-20,kernel_rms_norm_mul,0.009100,16384x1x1,1024x1x1,3584x16x1x1
Qcur-20,kernel_add_row,0.007300,14336x0x0,64x0x0,3584x16x1x1
Qcur-20,kernel_rope_neox_f32,0.005600,1792x16x1,64x1x1,128x28x16x1
Kcur-20,kernel_add_row,0.005800,2048x0x0,64x0x0,512x16x1x1
Kcur-20,kernel_rope_neox_f32,0.002800,256x16x1,64x1x1,128x4x16x1
node_692,kernel_mul_mv_q6_K_f32,0.955100,512x1024x1,2x64x1,512x16x1x1
Vcur-20,kernel_add_row,0.002500,2048x0x0,64x0x0,512x16x1x1
cache_k_l20 (view),kernel_set_rows_f16_i64,0.003300,8192x1x1,512x1x1,512x4096x1x1
cache_v_l20 (view),kernel_set_rows_f16_i64,0.002900,8192x1x1,512x1x1,512x4096x1x1
__fattn__-20,flash_attn_f32_f16,2.689900,32x28x0,32x1x0,128x28x16x1
ffn_inp-20,kernel_add,0.025400,1024x1x1,64x1x1,3584x16x1x1
ffn_norm-20,kernel_rms_norm_mul,0.009200,16384x1x1,1024x1x1,3584x16x1x1
ffn_swiglu-20,kernel_swiglu,0.047300,8192x1x1,512x1x1,18944x16x1x1
ffn_out-20,kernel_mul_mv_q6_K_f32,39.550598,3584x1024x1,2x64x1,3584x16x1x1
l_out-20,kernel_add,0.023300,1024x1x1,64x1x1,3584x16x1x1
attn_norm-21,kernel_rms_norm_mul,0.009100,16384x1x1,1024x1x1,3584x16x1x1
Qcur-21,kernel_add_row,0.011300,14336x0x0,64x0x0,3584x16x1x1
Qcur-21,kernel_rope_neox_f32,0.005500,1792x16x1,64x1x1,128x28x16x1
Kcur-21,kernel_add_row,0.005700,2048x0x0,64x0x0,512x16x1x1
Kcur-21,kernel_rope_neox_f32,0.002700,256x16x1,64x1x1,128x4x16x1
Vcur-21,kernel_add_row,0.005700,2048x0x0,64x0x0,512x16x1x1
cache_k_l21 (view),kernel_set_rows_f16_i64,0.003300,8192x1x1,512x1x1,512x4096x1x1
cache_v_l21 (view),kernel_set_rows_f16_i64,0.002800,8192x1x1,512x1x1,512x4096x1x1
__fattn__-21,flash_attn_f32_f16,2.693500,32x28x0,32x1x0,128x28x16x1
ffn_inp-21,kernel_add,0.024200,1024x1x1,64x1x1,3584x16x1x1
ffn_norm-21,kernel_rms_norm_mul,0.009200,16384x1x1,1024x1x1,3584x16x1x1
l_out-21,kernel_add,0.024400,1024x1x1,64x1x1,3584x16x1x1
attn_norm-22,kernel_rms_norm_mul,0.009200,16384x1x1,1024x1x1,3584x16x1x1
Qcur-22,kernel_add_row,0.013000,14336x0x0,64x0x0,3584x16x1x1
Qcur-22,kernel_rope_neox_f32,0.005500,1792x16x1,64x1x1,128x28x16x1
Kcur-22,kernel_add_row,0.005600,2048x0x0,64x0x0,512x16x1x1
Kcur-22,kernel_rope_neox_f32,0.002800,256x16x1,64x1x1,128x4x16x1
Vcur-22,kernel_add_row,0.005600,2048x0x0,64x0x0,512x16x1x1
cache_k_l22 (view),kernel_set_rows_f16_i64,0.003400,8192x1x1,512x1x1,512x4096x1x1
cache_v_l22 (view),kernel_set_rows_f16_i64,0.002800,8192x1x1,512x1x1,512x4096x1x1
__fattn__-22,flash_attn_f32_f16,2.678900,32x28x0,32x1x0,128x28x16x1
ffn_inp-22,kernel_add,0.024500,1024x1x1,64x1x1,3584x16x1x1
ffn_norm-22,kernel_rms_norm_mul,0.009200,16384x1x1,1024x1x1,3584x16x1x1
l_out-22,kernel_add,0.024500,1024x1x1,64x1x1,3584x16x1x1
attn_norm-23,kernel_rms_norm_mul,0.009200,16384x1x1,1024x1x1,3584x16x1x1
Qcur-23,kernel_add_row,0.007700,14336x0x0,64x0x0,3584x16x1x1
Qcur-23,kernel_rope_neox_f32,0.005400,1792x16x1,64x1x1,128x28x16x1
Kcur-23,kernel_add_row,0.005800,2048x0x0,64x0x0,512x16x1x1
Kcur-23,kernel_rope_neox_f32,0.002800,256x16x1,64x1x1,128x4x16x1
node_794,kernel_mul_mv_q6_K_f32,0.955500,512x1024x1,2x64x1,512x16x1x1
Vcur-23,kernel_add_row,0.002500,2048x0x0,64x0x0,512x16x1x1
cache_k_l23 (view),kernel_set_rows_f16_i64,0.003500,8192x1x1,512x1x1,512x4096x1x1
cache_v_l23 (view),kernel_set_rows_f16_i64,0.002800,8192x1x1,512x1x1,512x4096x1x1
__fattn__-23,flash_attn_f32_f16,2.740000,32x28x0,32x1x0,128x28x16x1
ffn_inp-23,kernel_add,0.025100,1024x1x1,64x1x1,3584x16x1x1
ffn_norm-23,kernel_rms_norm_mul,0.009200,16384x1x1,1024x1x1,3584x16x1x1
ffn_swiglu-23,kernel_swiglu,0.047300,8192x1x1,512x1x1,18944x16x1x1
ffn_out-23,kernel_mul_mv_q6_K_f32,39.595901,3584x1024x1,2x64x1,3584x16x1x1
l_out-23,kernel_add,0.023200,1024x1x1,64x1x1,3584x16x1x1
attn_norm-24,kernel_rms_norm_mul,0.009200,16384x1x1,1024x1x1,3584x16x1x1
Qcur-24,kernel_add_row,0.008100,14336x0x0,64x0x0,3584x16x1x1
Qcur-24,kernel_rope_neox_f32,0.005600,1792x16x1,64x1x1,128x28x16x1
Kcur-24,kernel_add_row,0.005600,2048x0x0,64x0x0,512x16x1x1
Kcur-24,kernel_rope_neox_f32,0.002800,256x16x1,64x1x1,128x4x16x1
node_828,kernel_mul_mv_q6_K_f32,0.956000,512x1024x1,2x64x1,512x16x1x1
Vcur-24,kernel_add_row,0.002500,2048x0x0,64x0x0,512x16x1x1
cache_k_l24 (view),kernel_set_rows_f16_i64,0.003400,8192x1x1,512x1x1,512x4096x1x1
cache_v_l24 (view),kernel_set_rows_f16_i64,0.002800,8192x1x1,512x1x1,512x4096x1x1
__fattn__-24,flash_attn_f32_f16,2.712300,32x28x0,32x1x0,128x28x16x1
ffn_inp-24,kernel_add,0.024300,1024x1x1,64x1x1,3584x16x1x1
ffn_norm-24,kernel_rms_norm_mul,0.009200,16384x1x1,1024x1x1,3584x16x1x1
ffn_swiglu-24,kernel_swiglu,0.047100,8192x1x1,512x1x1,18944x16x1x1
ffn_out-24,kernel_mul_mv_q6_K_f32,39.630501,3584x1024x1,2x64x1,3584x16x1x1
l_out-24,kernel_add,0.023200,1024x1x1,64x1x1,3584x16x1x1
attn_norm-25,kernel_rms_norm_mul,0.009200,16384x1x1,1024x1x1,3584x16x1x1
Qcur-25,kernel_add_row,0.007900,14336x0x0,64x0x0,3584x16x1x1
Qcur-25,kernel_rope_neox_f32,0.005500,1792x16x1,64x1x1,128x28x16x1
Kcur-25,kernel_add_row,0.005600,2048x0x0,64x0x0,512x16x1x1
Kcur-25,kernel_rope_neox_f32,0.002700,256x16x1,64x1x1,128x4x16x1
node_862,kernel_mul_mv_q6_K_f32,0.954800,512x1024x1,2x64x1,512x16x1x1
Vcur-25,kernel_add_row,0.002400,2048x0x0,64x0x0,512x16x1x1
cache_k_l25 (view),kernel_set_rows_f16_i64,0.003300,8192x1x1,512x1x1,512x4096x1x1
cache_v_l25 (view),kernel_set_rows_f16_i64,0.002800,8192x1x1,512x1x1,512x4096x1x1
__fattn__-25,flash_attn_f32_f16,2.704900,32x28x0,32x1x0,128x28x16x1
ffn_inp-25,kernel_add,0.024300,1024x1x1,64x1x1,3584x16x1x1
ffn_norm-25,kernel_rms_norm_mul,0.009200,16384x1x1,1024x1x1,3584x16x1x1
ffn_swiglu-25,kernel_swiglu,0.047400,8192x1x1,512x1x1,18944x16x1x1
ffn_out-25,kernel_mul_mv_q6_K_f32,39.581799,3584x1024x1,2x64x1,3584x16x1x1
l_out-25,kernel_add,0.023300,1024x1x1,64x1x1,3584x16x1x1
attn_norm-26,kernel_rms_norm_mul,0.009200,16384x1x1,1024x1x1,3584x16x1x1
Qcur-26,kernel_add_row,0.007900,14336x0x0,64x0x0,3584x16x1x1
Qcur-26,kernel_rope_neox_f32,0.005500,1792x16x1,64x1x1,128x28x16x1
Kcur-26,kernel_add_row,0.005700,2048x0x0,64x0x0,512x16x1x1
Kcur-26,kernel_rope_neox_f32,0.002600,256x16x1,64x1x1,128x4x16x1
node_896,kernel_mul_mv_q6_K_f32,0.954100,512x1024x1,2x64x1,512x16x1x1
Vcur-26,kernel_add_row,0.002100,2048x0x0,64x0x0,512x16x1x1
cache_k_l26 (view),kernel_set_rows_f16_i64,0.003300,8192x1x1,512x1x1,512x4096x1x1
cache_v_l26 (view),kernel_set_rows_f16_i64,0.003000,8192x1x1,512x1x1,512x4096x1x1
__fattn__-26,flash_attn_f32_f16,2.674400,32x28x0,32x1x0,128x28x16x1
ffn_inp-26,kernel_add,0.023800,1024x1x1,64x1x1,3584x16x1x1
ffn_norm-26,kernel_rms_norm_mul,0.009100,16384x1x1,1024x1x1,3584x16x1x1
ffn_swiglu-26,kernel_swiglu,0.047400,8192x1x1,512x1x1,18944x16x1x1
ffn_out-26,kernel_mul_mv_q6_K_f32,39.559399,3584x1024x1,2x64x1,3584x16x1x1
l_out-26,kernel_add,0.023400,1024x1x1,64x1x1,3584x16x1x1
attn_norm-27,kernel_rms_norm_mul,0.009200,16384x1x1,1024x1x1,3584x16x1x1
Qcur-27,kernel_add_row,0.007700,14336x0x0,64x0x0,3584x16x1x1
Qcur-27,kernel_rope_neox_f32,0.005500,1792x16x1,64x1x1,128x28x16x1
Kcur-27,kernel_add_row,0.005600,2048x0x0,64x0x0,512x16x1x1
Kcur-27,kernel_rope_neox_f32,0.002700,256x16x1,64x1x1,128x4x16x1
node_930,kernel_mul_mv_q6_K_f32,0.954700,512x1024x1,2x64x1,512x16x1x1
Vcur-27,kernel_add_row,0.002500,2048x0x0,64x0x0,512x16x1x1
cache_k_l27 (view),kernel_set_rows_f16_i64,0.003300,8192x1x1,512x1x1,512x4096x1x1
cache_v_l27 (view),kernel_set_rows_f16_i64,0.002900,8192x1x1,512x1x1,512x4096x1x1
__fattn__-27,flash_attn_f32_f16,2.723100,32x28x0,32x1x0,128x28x16x1
attn_norm-0,kernel_rms_norm_mul,0.012300,16384x1x1,1024x1x1,3584x16x1x1
Qcur-0,kernel_add_row,0.007800,14336x0x0,64x0x0,3584x16x1x1
Qcur-0,kernel_rope_neox_f32,0.005600,1792x16x1,64x1x1,128x28x16x1
Kcur-0,kernel_add_row,0.005800,2048x0x0,64x0x0,512x16x1x1
Kcur-0,kernel_rope_neox_f32,0.002800,256x16x1,64x1x1,128x4x16x1
node_11,kernel_mul_mv_q6_K_f32,0.955900,512x1024x1,2x64x1,512x16x1x1
Vcur-0,kernel_add_row,0.002500,2048x0x0,64x0x0,512x16x1x1
cache_k_l0 (view),kernel_set_rows_f16_i64,0.003300,8192x1x1,512x1x1,512x4096x1x1
cache_v_l0 (view),kernel_set_rows_f16_i64,0.002900,8192x1x1,512x1x1,512x4096x1x1
 (copy),kernel_cpy_f32_f16,0.004700,4096x1x1,64x1x1,512x64x1x1
__fattn__-0,flash_attn_f32_f16,2.705800,32x28x0,32x1x0,128x28x16x1
ffn_inp-0,kernel_add,0.025400,1024x1x1,64x1x1,3584x16x1x1
ffn_norm-0,kernel_rms_norm_mul,0.009200,16384x1x1,1024x1x1,3584x16x1x1
ffn_swiglu-0,kernel_swiglu,0.047200,8192x1x1,512x1x1,18944x16x1x1
ffn_out-0,kernel_mul_mv_q6_K_f32,39.590401,3584x1024x1,2x64x1,3584x16x1x1
l_out-0,kernel_add,0.023200,1024x1x1,64x1x1,3584x16x1x1
attn_norm-1,kernel_rms_norm_mul,0.009100,16384x1x1,1024x1x1,3584x16x1x1
Qcur-1,kernel_add_row,0.008100,14336x0x0,64x0x0,3584x16x1x1
Qcur-1,kernel_rope_neox_f32,0.005500,1792x16x1,64x1x1,128x28x16x1
Kcur-1,kernel_add_row,0.005700,2048x0x0,64x0x0,512x16x1x1
Kcur-1,kernel_rope_neox_f32,0.002800,256x16x1,64x1x1,128x4x16x1
node_46,kernel_mul_mv_q6_K_f32,0.956200,512x1024x1,2x64x1,512x16x1x1
Vcur-1,kernel_add_row,0.002600,2048x0x0,64x0x0,512x16x1x1
cache_k_l1 (view),kernel_set_rows_f16_i64,0.003200,8192x1x1,512x1x1,512x4096x1x1
cache_v_l1 (view),kernel_set_rows_f16_i64,0.002900,8192x1x1,512x1x1,512x4096x1x1
__fattn__-1,flash_attn_f32_f16,2.725900,32x28x0,32x1x0,128x28x16x1
ffn_inp-1,kernel_add,0.024100,1024x1x1,64x1x1,3584x16x1x1
ffn_norm-1,kernel_rms_norm_mul,0.009200,16384x1x1,1024x1x1,3584x16x1x1
ffn_swiglu-1,kernel_swiglu,0.047600,8192x1x1,512x1x1,18944x16x1x1
ffn_out-1,kernel_mul_mv_q6_K_f32,39.579102,3584x1024x1,2x64x1,3584x16x1x1
l_out-1,kernel_add,0.023400,1024x1x1,64x1x1,3584x16x1x1
attn_norm-2,kernel_rms_norm_mul,0.009200,16384x1x1,1024x1x1,3584x16x1x1
Qcur-2,kernel_add_row,0.008400,14336x0x0,64x0x0,3584x16x1x1
Qcur-2,kernel_rope_neox_f32,0.005400,1792x16x1,64x1x1,128x28x16x1
Kcur-2,kernel_add_row,0.005900,2048x0x0,64x0x0,512x16x1x1
Kcur-2,kernel_rope_neox_f32,0.002700,256x16x1,64x1x1,128x4x16x1
node_80,kernel_mul_mv_q6_K_f32,0.955900,512x1024x1,2x64x1,512x16x1x1
Vcur-2,kernel_add_row,0.002500,2048x0x0,64x0x0,512x16x1x1
cache_k_l2 (view),kernel_set_rows_f16_i64,0.003200,8192x1x1,512x1x1,512x4096x1x1
cache_v_l2 (view),kernel_set_rows_f16_i64,0.002800,8192x1x1,512x1x1,512x4096x1x1
__fattn__-2,flash_attn_f32_f16,2.689000,32x28x0,32x1x0,128x28x16x1
ffn_inp-2,kernel_add,0.024400,1024x1x1,64x1x1,3584x16x1x1
ffn_norm-2,kernel_rms_norm_mul,0.009100,16384x1x1,1024x1x1,3584x16x1x1
ffn_swiglu-2,kernel_swiglu,0.047100,8192x1x1,512x1x1,18944x16x1x1
ffn_out-2,kernel_mul_mv_q6_K_f32,40.371498,3584x1024x1,2x64x1,3584x16x1x1
l_out-2,kernel_add,0.023800,1024x1x1,64x1x1,3584x16x1x1
attn_norm-3,kernel_rms_norm_mul,0.009200,16384x1x1,1024x1x1,3584x16x1x1
Qcur-3,kernel_add_row,0.012100,14336x0x0,64x0x0,3584x16x1x1
Qcur-3,kernel_rope_neox_f32,0.005400,1792x16x1,64x1x1,128x28x16x1
Kcur-3,kernel_add_row,0.005700,2048x0x0,64x0x0,512x16x1x1
Kcur-3,kernel_rope_neox_f32,0.002800,256x16x1,64x1x1,128x4x16x1
Vcur-3,kernel_add_row,0.005600,2048x0x0,64x0x0,512x16x1x1
cache_k_l3 (view),kernel_set_rows_f16_i64,0.003300,8192x1x1,512x1x1,512x4096x1x1
cache_v_l3 (view),kernel_set_rows_f16_i64,0.002800,8192x1x1,512x1x1,512x4096x1x1
__fattn__-3,flash_attn_f32_f16,2.694300,32x28x0,32x1x0,128x28x16x1
ffn_inp-3,kernel_add,0.024300,1024x1x1,64x1x1,3584x16x1x1
ffn_norm-3,kernel_rms_norm_mul,0.009300,16384x1x1,1024x1x1,3584x16x1x1
l_out-3,kernel_add,0.024500,1024x1x1,64x1x1,3584x16x1x1
attn_norm-4,kernel_rms_norm_mul,0.009200,16384x1x1,1024x1x1,3584x16x1x1
Qcur-4,kernel_add_row,0.013000,14336x0x0,64x0x0,3584x16x1x1
Qcur-4,kernel_rope_neox_f32,0.005500,1792x16x1,64x1x1,128x28x16x1
Kcur-4,kernel_add_row,0.005600,2048x0x0,64x0x0,512x16x1x1
Kcur-4,kernel_rope_neox_f32,0.002800,256x16x1,64x1x1,128x4x16x1
Vcur-4,kernel_add_row,0.005500,2048x0x0,64x0x0,512x16x1x1
cache_k_l4 (view),kernel_set_rows_f16_i64,0.003200,8192x1x1,512x1x1,512x4096x1x1
cache_v_l4 (view),kernel_set_rows_f16_i64,0.002800,8192x1x1,512x1x1,512x4096x1x1
__fattn__-4,flash_attn_f32_f16,2.719700,32x28x0,32x1x0,128x28x16x1
ffn_inp-4,kernel_add,0.024900,1024x1x1,64x1x1,3584x16x1x1
ffn_norm-4,kernel_rms_norm_mul,0.009100,16384x1x1,1024x1x1,3584x16x1x1
l_out-4,kernel_add,0.022700,1024x1x1,64x1x1,3584x16x1x1
attn_norm-5,kernel_rms_norm_mul,0.009100,16384x1x1,1024x1x1,3584x16x1x1
Qcur-5,kernel_add_row,0.007800,14336x0x0,64x0x0,3584x16x1x1
Qcur-5,kernel_rope_neox_f32,0.005500,1792x16x1,64x1x1,128x28x16x1
Kcur-5,kernel_add_row,0.005700,2048x0x0,64x0x0,512x16x1x1
Kcur-5,kernel_rope_neox_f32,0.002700,256x16x1,64x1x1,128x4x16x1
node_182,kernel_mul_mv_q6_K_f32,0.954900,512x1024x1,2x64x1,512x16x1x1
Vcur-5,kernel_add_row,0.002600,2048x0x0,64x0x0,512x16x1x1
cache_k_l5 (view),kernel_set_rows_f16_i64,0.003300,8192x1x1,512x1x1,512x4096x1x1
cache_v_l5 (view),kernel_set_rows_f16_i64,0.002800,8192x1x1,512x1x1,512x4096x1x1
__fattn__-5,flash_attn_f32_f16,2.696900,32x28x0,32x1x0,128x28x16x1
ffn_inp-5,kernel_add,0.024400,1024x1x1,64x1x1,3584x16x1x1
ffn_norm-5,kernel_rms_norm_mul,0.009100,16384x1x1,1024x1x1,3584x16x1x1
ffn_swiglu-5,kernel_swiglu,0.047500,8192x1x1,512x1x1,18944x16x1x1
ffn_out-5,kernel_mul_mv_q6_K_f32,40.585602,3584x1024x1,2x64x1,3584x16x1x1
l_out-5,kernel_add,0.023100,1024x1x1,64x1x1,3584x16x1x1
attn_norm-6,kernel_rms_norm_mul,0.009200,16384x1x1,1024x1x1,3584x16x1x1
Qcur-6,kernel_add_row,0.012000,14336x0x0,64x0x0,3584x16x1x1
Qcur-6,kernel_rope_neox_f32,0.005500,1792x16x1,64x1x1,128x28x16x1
Kcur-6,kernel_add_row,0.005600,2048x0x0,64x0x0,512x16x1x1
Kcur-6,kernel_rope_neox_f32,0.002900,256x16x1,64x1x1,128x4x16x1
Vcur-6,kernel_add_row,0.005600,2048x0x0,64x0x0,512x16x1x1
cache_k_l6 (view),kernel_set_rows_f16_i64,0.003200,8192x1x1,512x1x1,512x4096x1x1
cache_v_l6 (view),kernel_set_rows_f16_i64,0.002800,8192x1x1,512x1x1,512x4096x1x1
__fattn__-6,flash_attn_f32_f16,2.688700,32x28x0,32x1x0,128x28x16x1
ffn_inp-6,kernel_add,0.024300,1024x1x1,64x1x1,3584x16x1x1
ffn_norm-6,kernel_rms_norm_mul,0.009100,16384x1x1,1024x1x1,3584x16x1x1
l_out-6,kernel_add,0.024700,1024x1x1,64x1x1,3584x16x1x1
attn_norm-7,kernel_rms_norm_mul,0.009200,16384x1x1,1024x1x1,3584x16x1x1
Qcur-7,kernel_add_row,0.012900,14336x0x0,64x0x0,3584x16x1x1
Qcur-7,kernel_rope_neox_f32,0.005400,1792x16x1,64x1x1,128x28x16x1
Kcur-7,kernel_add_row,0.005800,2048x0x0,64x0x0,512x16x1x1
Kcur-7,kernel_rope_neox_f32,0.002700,256x16x1,64x1x1,128x4x16x1
Vcur-7,kernel_add_row,0.005600,2048x0x0,64x0x0,512x16x1x1
cache_k_l7 (view),kernel_set_rows_f16_i64,0.003200,8192x1x1,512x1x1,512x4096x1x1
cache_v_l7 (view),kernel_set_rows_f16_i64,0.002800,8192x1x1,512x1x1,512x4096x1x1
__fattn__-7,flash_attn_f32_f16,2.679800,32x28x0,32x1x0,128x28x16x1
ffn_inp-7,kernel_add,0.024200,1024x1x1,64x1x1,3584x16x1x1
ffn_norm-7,kernel_rms_norm_mul,0.009200,16384x1x1,1024x1x1,3584x16x1x1
l_out-7,kernel_add,0.023400,1024x1x1,64x1x1,3584x16x1x1
attn_norm-8,kernel_rms_norm_mul,0.009100,16384x1x1,1024x1x1,3584x16x1x1
Qcur-8,kernel_add_row,0.007600,14336x0x0,64x0x0,3584x16x1x1
Qcur-8,kernel_rope_neox_f32,0.005500,1792x16x1,64x1x1,128x28x16x1
Kcur-8,kernel_add_row,0.005700,2048x0x0,64x0x0,512x16x1x1
Kcur-8,kernel_rope_neox_f32,0.002700,256x16x1,64x1x1,128x4x16x1
node_284,kernel_mul_mv_q6_K_f32,0.955000,512x1024x1,2x64x1,512x16x1x1
Vcur-8,kernel_add_row,0.002500,2048x0x0,64x0x0,512x16x1x1
cache_k_l8 (view),kernel_set_rows_f16_i64,0.003400,8192x1x1,512x1x1,512x4096x1x1
cache_v_l8 (view),kernel_set_rows_f16_i64,0.002800,8192x1x1,512x1x1,512x4096x1x1
__fattn__-8,flash_attn_f32_f16,2.711700,32x28x0,32x1x0,128x28x16x1
ffn_inp-8,kernel_add,0.024800,1024x1x1,64x1x1,3584x16x1x1
ffn_norm-8,kernel_rms_norm_mul,0.009200,16384x1x1,1024x1x1,3584x16x1x1
ffn_swiglu-8,kernel_swiglu,0.047400,8192x1x1,512x1x1,18944x16x1x1
ffn_out-8,kernel_mul_mv_q6_K_f32,40.154099,3584x1024x1,2x64x1,3584x16x1x1
l_out-8,kernel_add,0.023400,1024x1x1,64x1x1,3584x16x1x1
attn_norm-9,kernel_rms_norm_mul,0.009300,16384x1x1,1024x1x1,3584x16x1x1
Qcur-9,kernel_add_row,0.012400,14336x0x0,64x0x0,3584x16x1x1
Qcur-9,kernel_rope_neox_f32,0.005600,1792x16x1,64x1x1,128x28x16x1
Kcur-9,kernel_add_row,0.005600,2048x0x0,64x0x0,512x16x1x1
Kcur-9,kernel_rope_neox_f32,0.002700,256x16x1,64x1x1,128x4x16x1
Vcur-9,kernel_add_row,0.005600,2048x0x0,64x0x0,512x16x1x1
cache_k_l9 (view),kernel_set_rows_f16_i64,0.003500,8192x1x1,512x1x1,512x4096x1x1
cache_v_l9 (view),kernel_set_rows_f16_i64,0.002800,8192x1x1,512x1x1,512x4096x1x1
__fattn__-9,flash_attn_f32_f16,2.677600,32x28x0,32x1x0,128x28x16x1
ffn_inp-9,kernel_add,0.024700,1024x1x1,64x1x1,3584x16x1x1
ffn_norm-9,kernel_rms_norm_mul,0.009100,16384x1x1,1024x1x1,3584x16x1x1
l_out-9,kernel_add,0.024700,1024x1x1,64x1x1,3584x16x1x1
attn_norm-10,kernel_rms_norm_mul,0.009200,16384x1x1,1024x1x1,3584x16x1x1
Qcur-10,kernel_add_row,0.013300,14336x0x0,64x0x0,3584x16x1x1
Qcur-10,kernel_rope_neox_f32,0.005400,1792x16x1,64x1x1,128x28x16x1
Kcur-10,kernel_add_row,0.005800,2048x0x0,64x0x0,512x16x1x1
Kcur-10,kernel_rope_neox_f32,0.002700,256x16x1,64x1x1,128x4x16x1
Vcur-10,kernel_add_row,0.005600,2048x0x0,64x0x0,512x16x1x1
cache_k_l10 (view),kernel_set_rows_f16_i64,0.003200,8192x1x1,512x1x1,512x4096x1x1
cache_v_l10 (view),kernel_set_rows_f16_i64,0.002700,8192x1x1,512x1x1,512x4096x1x1
__fattn__-10,flash_attn_f32_f16,2.688900,32x28x0,32x1x0,128x28x16x1
ffn_inp-10,kernel_add,0.025100,1024x1x1,64x1x1,3584x16x1x1
ffn_norm-10,kernel_rms_norm_mul,0.009300,16384x1x1,1024x1x1,3584x16x1x1
l_out-10,kernel_add,0.023300,1024x1x1,64x1x1,3584x16x1x1
attn_norm-11,kernel_rms_norm_mul,0.009200,16384x1x1,1024x1x1,3584x16x1x1
Qcur-11,kernel_add_row,0.007300,14336x0x0,64x0x0,3584x16x1x1
Qcur-11,kernel_rope_neox_f32,0.005400,1792x16x1,64x1x1,128x28x16x1
Kcur-11,kernel_add_row,0.005500,2048x0x0,64x0x0,512x16x1x1
Kcur-11,kernel_rope_neox_f32,0.002800,256x16x1,64x1x1,128x4x16x1
node_386,kernel_mul_mv_q6_K_f32,0.954500,512x1024x1,2x64x1,512x16x1x1
Vcur-11,kernel_add_row,0.002300,2048x0x0,64x0x0,512x16x1x1
cache_k_l11 (view),kernel_set_rows_f16_i64,0.003300,8192x1x1,512x1x1,512x4096x1x1
cache_v_l11 (view),kernel_set_rows_f16_i64,0.002800,8192x1x1,512x1x1,512x4096x1x1
__fattn__-11,flash_attn_f32_f16,2.693200,32x28x0,32x1x0,128x28x16x1
ffn_inp-11,kernel_add,0.024900,1024x1x1,64x1x1,3584x16x1x1
ffn_norm-11,kernel_rms_norm_mul,0.009300,16384x1x1,1024x1x1,3584x16x1x1
ffn_swiglu-11,kernel_swiglu,0.048400,8192x1x1,512x1x1,18944x16x1x1
ffn_out-11,kernel_mul_mv_q6_K_f32,39.618900,3584x1024x1,2x64x1,3584x16x1x1
l_out-11,kernel_add,0.023300,1024x1x1,64x1x1,3584x16x1x1
attn_norm-12,kernel_rms_norm_mul,0.009400,16384x1x1,1024x1x1,3584x16x1x1
Qcur-12,kernel_add_row,0.011500,14336x0x0,64x0x0,3584x16x1x1
Qcur-12,kernel_rope_neox_f32,0.005500,1792x16x1,64x1x1,128x28x16x1
Kcur-12,kernel_add_row,0.005700,2048x0x0,64x0x0,512x16x1x1
Kcur-12,kernel_rope_neox_f32,0.002800,256x16x1,64x1x1,128x4x16x1
Vcur-12,kernel_add_row,0.005700,2048x0x0,64x0x0,512x16x1x1
cache_k_l12 (view),kernel_set_rows_f16_i64,0.003400,8192x1x1,512x1x1,512x4096x1x1
cache_v_l12 (view),kernel_set_rows_f16_i64,0.002800,8192x1x1,512x1x1,512x4096x1x1
__fattn__-12,flash_attn_f32_f16,2.667000,32x28x0,32x1x0,128x28x16x1
ffn_inp-12,kernel_add,0.024400,1024x1x1,64x1x1,3584x16x1x1
ffn_norm-12,kernel_rms_norm_mul,0.009300,16384x1x1,1024x1x1,3584x16x1x1
l_out-12,kernel_add,0.024600,1024x1x1,64x1x1,3584x16x1x1
attn_norm-13,kernel_rms_norm_mul,0.009100,16384x1x1,1024x1x1,3584x16x1x1
Qcur-13,kernel_add_row,0.012900,14336x0x0,64x0x0,3584x16x1x1
Qcur-13,kernel_rope_neox_f32,0.005600,1792x16x1,64x1x1,128x28x16x1
Kcur-13,kernel_add_row,0.005600,2048x0x0,64x0x0,512x16x1x1
Kcur-13,kernel_rope_neox_f32,0.002700,256x16x1,64x1x1,128x4x16x1
Vcur-13,kernel_add_row,0.005800,2048x0x0,64x0x0,512x16x1x1
cache_k_l13 (view),kernel_set_rows_f16_i64,0.003200,8192x1x1,512x1x1,512x4096x1x1
cache_v_l13 (view),kernel_set_rows_f16_i64,0.002800,8192x1x1,512x1x1,512x4096x1x1
__fattn__-13,flash_attn_f32_f16,2.650700,32x28x0,32x1x0,128x28x16x1
ffn_inp-13,kernel_add,0.024700,1024x1x1,64x1x1,3584x16x1x1
ffn_norm-13,kernel_rms_norm_mul,0.009200,16384x1x1,1024x1x1,3584x16x1x1
l_out-13,kernel_add,0.023200,1024x1x1,64x1x1,3584x16x1x1
attn_norm-14,kernel_rms_norm_mul,0.009300,16384x1x1,1024x1x1,3584x16x1x1
Qcur-14,kernel_add_row,0.007500,14336x0x0,64x0x0,3584x16x1x1
Qcur-14,kernel_rope_neox_f32,0.005500,1792x16x1,64x1x1,128x28x16x1
Kcur-14,kernel_add_row,0.005700,2048x0x0,64x0x0,512x16x1x1
Kcur-14,kernel_rope_neox_f32,0.002800,256x16x1,64x1x1,128x4x16x1
node_488,kernel_mul_mv_q6_K_f32,0.953300,512x1024x1,2x64x1,512x16x1x1
Vcur-14,kernel_add_row,0.002600,2048x0x0,64x0x0,512x16x1x1
cache_k_l14 (view),kernel_set_rows_f16_i64,0.003300,8192x1x1,512x1x1,512x4096x1x1
cache_v_l14 (view),kernel_set_rows_f16_i64,0.002800,8192x1x1,512x1x1,512x4096x1x1
__fattn__-14,flash_attn_f32_f16,2.723000,32x28x0,32x1x0,128x28x16x1
ffn_inp-14,kernel_add,0.024800,1024x1x1,64x1x1,3584x16x1x1
ffn_norm-14,kernel_rms_norm_mul,0.009200,16384x1x1,1024x1x1,3584x16x1x1
ffn_swiglu-14,kernel_swiglu,0.047600,8192x1x1,512x1x1,18944x16x1x1
ffn_out-14,kernel_mul_mv_q6_K_f32,39.593800,3584x1024x1,2x64x1,3584x16x1x1
l_out-14,kernel_add,0.023700,1024x1x1,64x1x1,3584x16x1x1
attn_norm-15,kernel_rms_norm_mul,0.009400,16384x1x1,1024x1x1,3584x16x1x1
Qcur-15,kernel_add_row,0.012300,14336x0x0,64x0x0,3584x16x1x1
Qcur-15,kernel_rope_neox_f32,0.005400,1792x16x1,64x1x1,128x28x16x1
Kcur-15,kernel_add_row,0.005600,2048x0x0,64x0x0,512x16x1x1
Kcur-15,kernel_rope_neox_f32,0.002700,256x16x1,64x1x1,128x4x16x1
Vcur-15,kernel_add_row,0.005700,2048x0x0,64x0x0,512x16x1x1
cache_k_l15 (view),kernel_set_rows_f16_i64,0.003500,8192x1x1,512x1x1,512x4096x1x1
cache_v_l15 (view),kernel_set_rows_f16_i64,0.002800,8192x1x1,512x1x1,512x4096x1x1
__fattn__-15,flash_attn_f32_f16,2.728600,32x28x0,32x1x0,128x28x16x1
ffn_inp-15,kernel_add,0.024100,1024x1x1,64x1x1,3584x16x1x1
ffn_norm-15,kernel_rms_norm_mul,0.009300,16384x1x1,1024x1x1,3584x16x1x1
l_out-15,kernel_add,0.024100,1024x1x1,64x1x1,3584x16x1x1
attn_norm-16,kernel_rms_norm_mul,0.009100,16384x1x1,1024x1x1,3584x16x1x1
Qcur-16,kernel_add_row,0.012900,14336x0x0,64x0x0,3584x16x1x1
Qcur-16,kernel_rope_neox_f32,0.005400,1792x16x1,64x1x1,128x28x16x1
Kcur-16,kernel_add_row,0.005600,2048x0x0,64x0x0,512x16x1x1
Kcur-16,kernel_rope_neox_f32,0.002800,256x16x1,64x1x1,128x4x16x1
Vcur-16,kernel_add_row,0.005700,2048x0x0,64x0x0,512x16x1x1
cache_k_l16 (view),kernel_set_rows_f16_i64,0.003400,8192x1x1,512x1x1,512x4096x1x1
cache_v_l16 (view),kernel_set_rows_f16_i64,0.002800,8192x1x1,512x1x1,512x4096x1x1
__fattn__-16,flash_attn_f32_f16,2.686500,32x28x0,32x1x0,128x28x16x1
ffn_inp-16,kernel_add,0.025500,1024x1x1,64x1x1,3584x16x1x1
ffn_norm-16,kernel_rms_norm_mul,0.009300,16384x1x1,1024x1x1,3584x16x1x1
l_out-16,kernel_add,0.023600,1024x1x1,64x1x1,3584x16x1x1
attn_norm-17,kernel_rms_norm_mul,0.009200,16384x1x1,1024x1x1,3584x16x1x1
Qcur-17,kernel_add_row,0.007500,14336x0x0,64x0x0,3584x16x1x1
Qcur-17,kernel_rope_neox_f32,0.005500,1792x16x1,64x1x1,128x28x16x1
Kcur-17,kernel_add_row,0.005600,2048x0x0,64x0x0,512x16x1x1
Kcur-17,kernel_rope_neox_f32,0.002800,256x16x1,64x1x1,128x4x16x1
node_590,kernel_mul_mv_q6_K_f32,0.953400,512x1024x1,2x64x1,512x16x1x1
Vcur-17,kernel_add_row,0.002400,2048x0x0,64x0x0,512x16x1x1
cache_k_l17 (view),kernel_set_rows_f16_i64,0.003400,8192x1x1,512x1x1,512x4096x1x1
cache_v_l17 (view),kernel_set_rows_f16_i64,0.002800,8192x1x1,512x1x1,512x4096x1x1
__fattn__-17,flash_attn_f32_f16,2.706500,32x28x0,32x1x0,128x28x16x1
ffn_inp-17,kernel_add,0.025800,1024x1x1,64x1x1,3584x16x1x1
ffn_norm-17,kernel_rms_norm_mul,0.009200,16384x1x1,1024x1x1,3584x16x1x1
ffn_swiglu-17,kernel_swiglu,0.047900,8192x1x1,512x1x1,18944x16x1x1
ffn_out-17,kernel_mul_mv_q6_K_f32,39.544899,3584x1024x1,2x64x1,3584x16x1x1
l_out-17,kernel_add,0.023600,1024x1x1,64x1x1,3584x16x1x1
attn_norm-18,kernel_rms_norm_mul,0.009200,16384x1x1,1024x1x1,3584x16x1x1
Qcur-18,kernel_add_row,0.012700,14336x0x0,64x0x0,3584x16x1x1
Qcur-18,kernel_rope_neox_f32,0.005400,1792x16x1,64x1x1,128x28x16x1
Kcur-18,kernel_add_row,0.005800,2048x0x0,64x0x0,512x16x1x1
Kcur-18,kernel_rope_neox_f32,0.002700,256x16x1,64x1x1,128x4x16x1
Vcur-18,kernel_add_row,0.005700,2048x0x0,64x0x0,512x16x1x1
cache_k_l18 (view),kernel_set_rows_f16_i64,0.003400,8192x1x1,512x1x1,512x4096x1x1
cache_v_l18 (view),kernel_set_rows_f16_i64,0.002800,8192x1x1,512x1x1,512x4096x1x1
__fattn__-18,flash_attn_f32_f16,2.680700,32x28x0,32x1x0,128x28x16x1
ffn_inp-18,kernel_add,0.024500,1024x1x1,64x1x1,3584x16x1x1
ffn_norm-18,kernel_rms_norm_mul,0.009200,16384x1x1,1024x1x1,3584x16x1x1
l_out-18,kernel_add,0.024100,1024x1x1,64x1x1,3584x16x1x1
attn_norm-19,kernel_rms_norm_mul,0.009200,16384x1x1,1024x1x1,3584x16x1x1
Qcur-19,kernel_add_row,0.013100,14336x0x0,64x0x0,3584x16x1x1
Qcur-19,kernel_rope_neox_f32,0.005500,1792x16x1,64x1x1,128x28x16x1
Kcur-19,kernel_add_row,0.005900,2048x0x0,64x0x0,512x16x1x1
Kcur-19,kernel_rope_neox_f32,0.002800,256x16x1,64x1x1,128x4x16x1
Vcur-19,kernel_add_row,0.005700,2048x0x0,64x0x0,512x16x1x1
cache_k_l19 (view),kernel_set_rows_f16_i64,0.003300,8192x1x1,512x1x1,512x4096x1x1
cache_v_l19 (view),kernel_set_rows_f16_i64,0.002800,8192x1x1,512x1x1,512x4096x1x1
__fattn__-19,flash_attn_f32_f16,2.732100,32x28x0,32x1x0,128x28x16x1
ffn_inp-19,kernel_add,0.025000,1024x1x1,64x1x1,3584x16x1x1
ffn_norm-19,kernel_rms_norm_mul,0.009100,16384x1x1,1024x1x1,3584x16x1x1
l_out-19,kernel_add,0.023100,1024x1x1,64x1x1,3584x16x1x1
attn_norm-20,kernel_rms_norm_mul,0.009300,16384x1x1,1024x1x1,3584x16x1x1
Qcur-20,kernel_add_row,0.007300,14336x0x0,64x0x0,3584x16x1x1
Qcur-20,kernel_rope_neox_f32,0.005500,1792x16x1,64x1x1,128x28x16x1
Kcur-20,kernel_add_row,0.005600,2048x0x0,64x0x0,512x16x1x1
Kcur-20,kernel_rope_neox_f32,0.002700,256x16x1,64x1x1,128x4x16x1
node_692,kernel_mul_mv_q6_K_f32,0.952700,512x1024x1,2x64x1,512x16x1x1
Vcur-20,kernel_add_row,0.002200,2048x0x0,64x0x0,512x16x1x1
cache_k_l20 (view),kernel_set_rows_f16_i64,0.003100,8192x1x1,512x1x1,512x4096x1x1
cache_v_l20 (view),kernel_set_rows_f16_i64,0.002800,8192x1x1,512x1x1,512x4096x1x1
__fattn__-20,flash_attn_f32_f16,2.731800,32x28x0,32x1x0,128x28x16x1
ffn_inp-20,kernel_add,0.025000,1024x1x1,64x1x1,3584x16x1x1
ffn_norm-20,kernel_rms_norm_mul,0.009100,16384x1x1,1024x1x1,3584x16x1x1
ffn_swiglu-20,kernel_swiglu,0.056800,8192x1x1,512x1x1,18944x16x1x1
ffn_out-20,kernel_mul_mv_q6_K_f32,39.616699,3584x1024x1,2x64x1,3584x16x1x1
l_out-20,kernel_add,0.023300,1024x1x1,64x1x1,3584x16x1x1
attn_norm-21,kernel_rms_norm_mul,0.009100,16384x1x1,1024x1x1,3584x16x1x1
Qcur-21,kernel_add_row,0.011900,14336x0x0,64x0x0,3584x16x1x1
Qcur-21,kernel_rope_neox_f32,0.005500,1792x16x1,64x1x1,128x28x16x1
Kcur-21,kernel_add_row,0.005600,2048x0x0,64x0x0,512x16x1x1
Kcur-21,kernel_rope_neox_f32,0.002700,256x16x1,64x1x1,128x4x16x1
Vcur-21,kernel_add_row,0.005900,2048x0x0,64x0x0,512x16x1x1
cache_k_l21 (view),kernel_set_rows_f16_i64,0.003300,8192x1x1,512x1x1,512x4096x1x1
cache_v_l21 (view),kernel_set_rows_f16_i64,0.002800,8192x1x1,512x1x1,512x4096x1x1
__fattn__-21,flash_attn_f32_f16,2.707900,32x28x0,32x1x0,128x28x16x1
ffn_inp-21,kernel_add,0.024200,1024x1x1,64x1x1,3584x16x1x1
ffn_norm-21,kernel_rms_norm_mul,0.009200,16384x1x1,1024x1x1,3584x16x1x1
l_out-21,kernel_add,0.024300,1024x1x1,64x1x1,3584x16x1x1
attn_norm-22,kernel_rms_norm_mul,0.009200,16384x1x1,1024x1x1,3584x16x1x1
Qcur-22,kernel_add_row,0.013100,14336x0x0,64x0x0,3584x16x1x1
Qcur-22,kernel_rope_neox_f32,0.005500,1792x16x1,64x1x1,128x28x16x1
Kcur-22,kernel_add_row,0.005700,2048x0x0,64x0x0,512x16x1x1
Kcur-22,kernel_rope_neox_f32,0.002700,256x16x1,64x1x1,128x4x16x1
Vcur-22,kernel_add_row,0.005700,2048x0x0,64x0x0,512x16x1x1
cache_k_l22 (view),kernel_set_rows_f16_i64,0.003200,8192x1x1,512x1x1,512x4096x1x1
cache_v_l22 (view),kernel_set_rows_f16_i64,0.002700,8192x1x1,512x1x1,512x4096x1x1
__fattn__-22,flash_attn_f32_f16,2.720900,32x28x0,32x1x0,128x28x16x1
ffn_inp-22,kernel_add,0.024900,1024x1x1,64x1x1,3584x16x1x1
ffn_norm-22,kernel_rms_norm_mul,0.009200,16384x1x1,1024x1x1,3584x16x1x1
l_out-22,kernel_add,0.023000,1024x1x1,64x1x1,3584x16x1x1
attn_norm-23,kernel_rms_norm_mul,0.009300,16384x1x1,1024x1x1,3584x16x1x1
Qcur-23,kernel_add_row,0.007100,14336x0x0,64x0x0,3584x16x1x1
Qcur-23,kernel_rope_neox_f32,0.005500,1792x16x1,64x1x1,128x28x16x1
Kcur-23,kernel_add_row,0.005700,2048x0x0,64x0x0,512x16x1x1
Kcur-23,kernel_rope_neox_f32,0.002700,256x16x1,64x1x1,128x4x16x1
node_794,kernel_mul_mv_q6_K_f32,0.954200,512x1024x1,2x64x1,512x16x1x1
Vcur-23,kernel_add_row,0.002500,2048x0x0,64x0x0,512x16x1x1
cache_k_l23 (view),kernel_set_rows_f16_i64,0.003300,8192x1x1,512x1x1,512x4096x1x1
cache_v_l23 (view),kernel_set_rows_f16_i64,0.003000,8192x1x1,512x1x1,512x4096x1x1
__fattn__-23,flash_attn_f32_f16,2.702200,32x28x0,32x1x0,128x28x16x1
ffn_inp-23,kernel_add,0.025300,1024x1x1,64x1x1,3584x16x1x1
ffn_norm-23,kernel_rms_norm_mul,0.009200,16384x1x1,1024x1x1,3584x16x1x1
ffn_swiglu-23,kernel_swiglu,0.047900,8192x1x1,512x1x1,18944x16x1x1
ffn_out-23,kernel_mul_mv_q6_K_f32,39.607300,3584x1024x1,2x64x1,3584x16x1x1
l_out-23,kernel_add,0.023300,1024x1x1,64x1x1,3584x16x1x1
attn_norm-24,kernel_rms_norm_mul,0.009400,16384x1x1,1024x1x1,3584x16x1x1
Qcur-24,kernel_add_row,0.007700,14336x0x0,64x0x0,3584x16x1x1
Qcur-24,kernel_rope_neox_f32,0.005500,1792x16x1,64x1x1,128x28x16x1
Kcur-24,kernel_add_row,0.005600,2048x0x0,64x0x0,512x16x1x1
Kcur-24,kernel_rope_neox_f32,0.002700,256x16x1,64x1x1,128x4x16x1
node_828,kernel_mul_mv_q6_K_f32,0.955600,512x1024x1,2x64x1,512x16x1x1
Vcur-24,kernel_add_row,0.002500,2048x0x0,64x0x0,512x16x1x1
cache_k_l24 (view),kernel_set_rows_f16_i64,0.003400,8192x1x1,512x1x1,512x4096x1x1
cache_v_l24 (view),kernel_set_rows_f16_i64,0.002900,8192x1x1,512x1x1,512x4096x1x1
__fattn__-24,flash_attn_f32_f16,2.681100,32x28x0,32x1x0,128x28x16x1
ffn_inp-24,kernel_add,0.023800,1024x1x1,64x1x1,3584x16x1x1
ffn_norm-24,kernel_rms_norm_mul,0.009200,16384x1x1,1024x1x1,3584x16x1x1
ffn_swiglu-24,kernel_swiglu,0.047400,8192x1x1,512x1x1,18944x16x1x1
ffn_out-24,kernel_mul_mv_q6_K_f32,39.624500,3584x1024x1,2x64x1,3584x16x1x1
l_out-24,kernel_add,0.023300,1024x1x1,64x1x1,3584x16x1x1
attn_norm-25,kernel_rms_norm_mul,0.009100,16384x1x1,1024x1x1,3584x16x1x1
Qcur-25,kernel_add_row,0.008000,14336x0x0,64x0x0,3584x16x1x1
Qcur-25,kernel_rope_neox_f32,0.005400,1792x16x1,64x1x1,128x28x16x1
Kcur-25,kernel_add_row,0.005600,2048x0x0,64x0x0,512x16x1x1
Kcur-25,kernel_rope_neox_f32,0.002800,256x16x1,64x1x1,128x4x16x1
node_862,kernel_mul_mv_q6_K_f32,0.955200,512x1024x1,2x64x1,512x16x1x1
Vcur-25,kernel_add_row,0.002200,2048x0x0,64x0x0,512x16x1x1
cache_k_l25 (view),kernel_set_rows_f16_i64,0.003400,8192x1x1,512x1x1,512x4096x1x1
cache_v_l25 (view),kernel_set_rows_f16_i64,0.002800,8192x1x1,512x1x1,512x4096x1x1
__fattn__-25,flash_attn_f32_f16,2.689300,32x28x0,32x1x0,128x28x16x1
ffn_inp-25,kernel_add,0.024300,1024x1x1,64x1x1,3584x16x1x1
ffn_norm-25,kernel_rms_norm_mul,0.009300,16384x1x1,1024x1x1,3584x16x1x1
ffn_swiglu-25,kernel_swiglu,0.047000,8192x1x1,512x1x1,18944x16x1x1
ffn_out-25,kernel_mul_mv_q6_K_f32,39.605400,3584x1024x1,2x64x1,3584x16x1x1
l_out-25,kernel_add,0.023700,1024x1x1,64x1x1,3584x16x1x1
attn_norm-26,kernel_rms_norm_mul,0.009300,16384x1x1,1024x1x1,3584x16x1x1
Qcur-26,kernel_add_row,0.008200,14336x0x0,64x0x0,3584x16x1x1
Qcur-26,kernel_rope_neox_f32,0.005400,1792x16x1,64x1x1,128x28x16x1
Kcur-26,kernel_add_row,0.005700,2048x0x0,64x0x0,512x16x1x1
Kcur-26,kernel_rope_neox_f32,0.002800,256x16x1,64x1x1,128x4x16x1
node_896,kernel_mul_mv_q6_K_f32,0.953900,512x1024x1,2x64x1,512x16x1x1
Vcur-26,kernel_add_row,0.002500,2048x0x0,64x0x0,512x16x1x1
cache_k_l26 (view),kernel_set_rows_f16_i64,0.003200,8192x1x1,512x1x1,512x4096x1x1
cache_v_l26 (view),kernel_set_rows_f16_i64,0.002900,8192x1x1,512x1x1,512x4096x1x1
__fattn__-26,flash_attn_f32_f16,2.694600,32x28x0,32x1x0,128x28x16x1
ffn_inp-26,kernel_add,0.023700,1024x1x1,64x1x1,3584x16x1x1
ffn_norm-26,kernel_rms_norm_mul,0.009100,16384x1x1,1024x1x1,3584x16x1x1
ffn_swiglu-26,kernel_swiglu,0.046500,8192x1x1,512x1x1,18944x16x1x1
ffn_out-26,kernel_mul_mv_q6_K_f32,39.602901,3584x1024x1,2x64x1,3584x16x1x1
l_out-26,kernel_add,0.023400,1024x1x1,64x1x1,3584x16x1x1
attn_norm-27,kernel_rms_norm_mul,0.009200,16384x1x1,1024x1x1,3584x16x1x1
Qcur-27,kernel_add_row,0.007700,14336x0x0,64x0x0,3584x16x1x1
Qcur-27,kernel_rope_neox_f32,0.005400,1792x16x1,64x1x1,128x28x16x1
Kcur-27,kernel_add_row,0.005700,2048x0x0,64x0x0,512x16x1x1
Kcur-27,kernel_rope_neox_f32,0.002700,256x16x1,64x1x1,128x4x16x1
node_930,kernel_mul_mv_q6_K_f32,0.956700,512x1024x1,2x64x1,512x16x1x1
Vcur-27,kernel_add_row,0.002500,2048x0x0,64x0x0,512x16x1x1
cache_k_l27 (view),kernel_set_rows_f16_i64,0.003400,8192x1x1,512x1x1,512x4096x1x1
cache_v_l27 (view),kernel_set_rows_f16_i64,0.002800,8192x1x1,512x1x1,512x4096x1x1
__fattn__-27,flash_attn_f32_f16,2.702900,32x28x0,32x1x0,128x28x16x1
attn_norm-0,kernel_rms_norm_mul,0.012500,16384x1x1,1024x1x1,3584x16x1x1
Qcur-0,kernel_add_row,0.007700,14336x0x0,64x0x0,3584x16x1x1
Qcur-0,kernel_rope_neox_f32,0.005700,1792x16x1,64x1x1,128x28x16x1
Kcur-0,kernel_add_row,0.005600,2048x0x0,64x0x0,512x16x1x1
Kcur-0,kernel_rope_neox_f32,0.002800,256x16x1,64x1x1,128x4x16x1
node_11,kernel_mul_mv_q6_K_f32,0.956700,512x1024x1,2x64x1,512x16x1x1
Vcur-0,kernel_add_row,0.002600,2048x0x0,64x0x0,512x16x1x1
cache_k_l0 (view),kernel_set_rows_f16_i64,0.003300,8192x1x1,512x1x1,512x4096x1x1
cache_v_l0 (view),kernel_set_rows_f16_i64,0.002900,8192x1x1,512x1x1,512x4096x1x1
 (copy),kernel_cpy_f32_f16,0.004500,4096x1x1,64x1x1,512x64x1x1
__fattn__-0,flash_attn_f32_f16,2.675400,32x28x0,32x1x0,128x28x16x1
ffn_inp-0,kernel_add,0.026000,1024x1x1,64x1x1,3584x16x1x1
ffn_norm-0,kernel_rms_norm_mul,0.009100,16384x1x1,1024x1x1,3584x16x1x1
ffn_swiglu-0,kernel_swiglu,0.046000,8192x1x1,512x1x1,18944x16x1x1
ffn_out-0,kernel_mul_mv_q6_K_f32,39.597000,3584x1024x1,2x64x1,3584x16x1x1
l_out-0,kernel_add,0.023200,1024x1x1,64x1x1,3584x16x1x1
attn_norm-1,kernel_rms_norm_mul,0.009100,16384x1x1,1024x1x1,3584x16x1x1
Qcur-1,kernel_add_row,0.007900,14336x0x0,64x0x0,3584x16x1x1
Qcur-1,kernel_rope_neox_f32,0.005600,1792x16x1,64x1x1,128x28x16x1
Kcur-1,kernel_add_row,0.005600,2048x0x0,64x0x0,512x16x1x1
Kcur-1,kernel_rope_neox_f32,0.002700,256x16x1,64x1x1,128x4x16x1
node_46,kernel_mul_mv_q6_K_f32,0.956100,512x1024x1,2x64x1,512x16x1x1
Vcur-1,kernel_add_row,0.002200,2048x0x0,64x0x0,512x16x1x1
cache_k_l1 (view),kernel_set_rows_f16_i64,0.003300,8192x1x1,512x1x1,512x4096x1x1
cache_v_l1 (view),kernel_set_rows_f16_i64,0.002900,8192x1x1,512x1x1,512x4096x1x1
__fattn__-1,flash_attn_f32_f16,2.684100,32x28x0,32x1x0,128x28x16x1
ffn_inp-1,kernel_add,0.023900,1024x1x1,64x1x1,3584x16x1x1
ffn_norm-1,kernel_rms_norm_mul,0.009100,16384x1x1,1024x1x1,3584x16x1x1
ffn_swiglu-1,kernel_swiglu,0.048100,8192x1x1,512x1x1,18944x16x1x1
ffn_out-1,kernel_mul_mv_q6_K_f32,39.625301,3584x1024x1,2x64x1,3584x16x1x1
l_out-1,kernel_add,0.023600,1024x1x1,64x1x1,3584x16x1x1
attn_norm-2,kernel_rms_norm_mul,0.009300,16384x1x1,1024x1x1,3584x16x1x1
Qcur-2,kernel_add_row,0.008200,14336x0x0,64x0x0,3584x16x1x1
Qcur-2,kernel_rope_neox_f32,0.005600,1792x16x1,64x1x1,128x28x16x1
Kcur-2,kernel_add_row,0.005600,2048x0x0,64x0x0,512x16x1x1
Kcur-2,kernel_rope_neox_f32,0.002800,256x16x1,64x1x1,128x4x16x1
node_80,kernel_mul_mv_q6_K_f32,0.955500,512x1024x1,2x64x1,512x16x1x1
Vcur-2,kernel_add_row,0.002600,2048x0x0,64x0x0,512x16x1x1
cache_k_l2 (view),kernel_set_rows_f16_i64,0.003100,8192x1x1,512x1x1,512x4096x1x1
cache_v_l2 (view),kernel_set_rows_f16_i64,0.003000,8192x1x1,512x1x1,512x4096x1x1
__fattn__-2,flash_attn_f32_f16,2.694100,32x28x0,32x1x0,128x28x16x1
ffn_inp-2,kernel_add,0.024100,1024x1x1,64x1x1,3584x16x1x1
ffn_norm-2,kernel_rms_norm_mul,0.009100,16384x1x1,1024x1x1,3584x16x1x1
ffn_swiglu-2,kernel_swiglu,0.047200,8192x1x1,512x1x1,18944x16x1x1
ffn_out-2,kernel_mul_mv_q6_K_f32,40.423901,3584x1024x1,2x64x1,3584x16x1x1
l_out-2,kernel_add,0.023300,1024x1x1,64x1x1,3584x16x1x1
attn_norm-3,kernel_rms_norm_mul,0.009200,16384x1x1,1024x1x1,3584x16x1x1
Qcur-3,kernel_add_row,0.012400,14336x0x0,64x0x0,3584x16x1x1
Qcur-3,kernel_rope_neox_f32,0.005500,1792x16x1,64x1x1,128x28x16x1
Kcur-3,kernel_add_row,0.005600,2048x0x0,64x0x0,512x16x1x1
Kcur-3,kernel_rope_neox_f32,0.002800,256x16x1,64x1x1,128x4x16x1
Vcur-3,kernel_add_row,0.005600,2048x0x0,64x0x0,512x16x1x1
cache_k_l3 (view),kernel_set_rows_f16_i64,0.003300,8192x1x1,512x1x1,512x4096x1x1
cache_v_l3 (view),kernel_set_rows_f16_i64,0.002900,8192x1x1,512x1x1,512x4096x1x1
__fattn__-3,flash_attn_f32_f16,2.677900,32x28x0,32x1x0,128x28x16x1
ffn_inp-3,kernel_add,0.024100,1024x1x1,64x1x1,3584x16x1x1
ffn_norm-3,kernel_rms_norm_mul,0.009100,16384x1x1,1024x1x1,3584x16x1x1
l_out-3,kernel_add,0.024100,1024x1x1,64x1x1,3584x16x1x1
attn_norm-4,kernel_rms_norm_mul,0.009200,16384x1x1,1024x1x1,3584x16x1x1
Qcur-4,kernel_add_row,0.012800,14336x0x0,64x0x0,3584x16x1x1
Qcur-4,kernel_rope_neox_f32,0.005500,1792x16x1,64x1x1,128x28x16x1
Kcur-4,kernel_add_row,0.005600,2048x0x0,64x0x0,512x16x1x1
Kcur-4,kernel_rope_neox_f32,0.002700,256x16x1,64x1x1,128x4x16x1
Vcur-4,kernel_add_row,0.005700,2048x0x0,64x0x0,512x16x1x1
cache_k_l4 (view),kernel_set_rows_f16_i64,0.003200,8192x1x1,512x1x1,512x4096x1x1
cache_v_l4 (view),kernel_set_rows_f16_i64,0.002700,8192x1x1,512x1x1,512x4096x1x1
__fattn__-4,flash_attn_f32_f16,2.724600,32x28x0,32x1x0,128x28x16x1
ffn_inp-4,kernel_add,0.024800,1024x1x1,64x1x1,3584x16x1x1
ffn_norm-4,kernel_rms_norm_mul,0.009200,16384x1x1,1024x1x1,3584x16x1x1
l_out-4,kernel_add,0.023400,1024x1x1,64x1x1,3584x16x1x1
attn_norm-5,kernel_rms_norm_mul,0.009100,16384x1x1,1024x1x1,3584x16x1x1
Qcur-5,kernel_add_row,0.007600,14336x0x0,64x0x0,3584x16x1x1
Qcur-5,kernel_rope_neox_f32,0.005500,1792x16x1,64x1x1,128x28x16x1
Kcur-5,kernel_add_row,0.005700,2048x0x0,64x0x0,512x16x1x1
Kcur-5,kernel_rope_neox_f32,0.002900,256x16x1,64x1x1,128x4x16x1
node_182,kernel_mul_mv_q6_K_f32,0.955900,512x1024x1,2x64x1,512x16x1x1
Vcur-5,kernel_add_row,0.002500,2048x0x0,64x0x0,512x16x1x1
cache_k_l5 (view),kernel_set_rows_f16_i64,0.003200,8192x1x1,512x1x1,512x4096x1x1
cache_v_l5 (view),kernel_set_rows_f16_i64,0.002800,8192x1x1,512x1x1,512x4096x1x1
__fattn__-5,flash_attn_f32_f16,2.698100,32x28x0,32x1x0,128x28x16x1
ffn_inp-5,kernel_add,0.024900,1024x1x1,64x1x1,3584x16x1x1
ffn_norm-5,kernel_rms_norm_mul,0.009300,16384x1x1,1024x1x1,3584x16x1x1
ffn_swiglu-5,kernel_swiglu,0.048700,8192x1x1,512x1x1,18944x16x1x1
ffn_out-5,kernel_mul_mv_q6_K_f32,40.632000,3584x1024x1,2x64x1,3584x16x1x1
l_out-5,kernel_add,0.022800,1024x1x1,64x1x1,3584x16x1x1
attn_norm-6,kernel_rms_norm_mul,0.009200,16384x1x1,1024x1x1,3584x16x1x1
Qcur-6,kernel_add_row,0.012000,14336x0x0,64x0x0,3584x16x1x1
Qcur-6,kernel_rope_neox_f32,0.005600,1792x16x1,64x1x1,128x28x16x1
Kcur-6,kernel_add_row,0.005900,2048x0x0,64x0x0,512x16x1x1
Kcur-6,kernel_rope_neox_f32,0.002800,256x16x1,64x1x1,128x4x16x1
Vcur-6,kernel_add_row,0.005600,2048x0x0,64x0x0,512x16x1x1
cache_k_l6 (view),kernel_set_rows_f16_i64,0.003400,8192x1x1,512x1x1,512x4096x1x1
cache_v_l6 (view),kernel_set_rows_f16_i64,0.002800,8192x1x1,512x1x1,512x4096x1x1
__fattn__-6,flash_attn_f32_f16,2.667300,32x28x0,32x1x0,128x28x16x1
ffn_inp-6,kernel_add,0.024300,1024x1x1,64x1x1,3584x16x1x1
ffn_norm-6,kernel_rms_norm_mul,0.009200,16384x1x1,1024x1x1,3584x16x1x1
l_out-6,kernel_add,0.024500,1024x1x1,64x1x1,3584x16x1x1
attn_norm-7,kernel_rms_norm_mul,0.009100,16384x1x1,1024x1x1,3584x16x1x1
Qcur-7,kernel_add_row,0.012900,14336x0x0,64x0x0,3584x16x1x1
Qcur-7,kernel_rope_neox_f32,0.005700,1792x16x1,64x1x1,128x28x16x1
Kcur-7,kernel_add_row,0.005600,2048x0x0,64x0x0,512x16x1x1
Kcur-7,kernel_rope_neox_f32,0.002800,256x16x1,64x1x1,128x4x16x1
Vcur-7,kernel_add_row,0.005600,2048x0x0,64x0x0,512x16x1x1
cache_k_l7 (view),kernel_set_rows_f16_i64,0.003300,8192x1x1,512x1x1,512x4096x1x1
cache_v_l7 (view),kernel_set_rows_f16_i64,0.002800,8192x1x1,512x1x1,512x4096x1x1
__fattn__-7,flash_attn_f32_f16,2.693800,32x28x0,32x1x0,128x28x16x1
ffn_inp-7,kernel_add,0.025400,1024x1x1,64x1x1,3584x16x1x1
ffn_norm-7,kernel_rms_norm_mul,0.009200,16384x1x1,1024x1x1,3584x16x1x1
l_out-7,kernel_add,0.023400,1024x1x1,64x1x1,3584x16x1x1
attn_norm-8,kernel_rms_norm_mul,0.009200,16384x1x1,1024x1x1,3584x16x1x1
Qcur-8,kernel_add_row,0.007500,14336x0x0,64x0x0,3584x16x1x1
Qcur-8,kernel_rope_neox_f32,0.005400,1792x16x1,64x1x1,128x28x16x1
Kcur-8,kernel_add_row,0.005800,2048x0x0,64x0x0,512x16x1x1
Kcur-8,kernel_rope_neox_f32,0.002700,256x16x1,64x1x1,128x4x16x1
node_284,kernel_mul_mv_q6_K_f32,0.956000,512x1024x1,2x64x1,512x16x1x1
Vcur-8,kernel_add_row,0.002200,2048x0x0,64x0x0,512x16x1x1
cache_k_l8 (view),kernel_set_rows_f16_i64,0.003300,8192x1x1,512x1x1,512x4096x1x1
cache_v_l8 (view),kernel_set_rows_f16_i64,0.002800,8192x1x1,512x1x1,512x4096x1x1
__fattn__-8,flash_attn_f32_f16,2.695300,32x28x0,32x1x0,128x28x16x1
ffn_inp-8,kernel_add,0.025200,1024x1x1,64x1x1,3584x16x1x1
ffn_norm-8,kernel_rms_norm_mul,0.009200,16384x1x1,1024x1x1,3584x16x1x1
ffn_swiglu-8,kernel_swiglu,0.047700,8192x1x1,512x1x1,18944x16x1x1
ffn_out-8,kernel_mul_mv_q6_K_f32,40.193100,3584x1024x1,2x64x1,3584x16x1x1
l_out-8,kernel_add,0.023400,1024x1x1,64x1x1,3584x16x1x1
attn_norm-9,kernel_rms_norm_mul,0.009300,16384x1x1,1024x1x1,3584x16x1x1
Qcur-9,kernel_add_row,0.012500,14336x0x0,64x0x0,3584x16x1x1
Qcur-9,kernel_rope_neox_f32,0.005600,1792x16x1,64x1x1,128x28x16x1
Kcur-9,kernel_add_row,0.005500,2048x0x0,64x0x0,512x16x1x1
Kcur-9,kernel_rope_neox_f32,0.002800,256x16x1,64x1x1,128x4x16x1
Vcur-9,kernel_add_row,0.005700,2048x0x0,64x0x0,512x16x1x1
cache_k_l9 (view),kernel_set_rows_f16_i64,0.003300,8192x1x1,512x1x1,512x4096x1x1
cache_v_l9 (view),kernel_set_rows_f16_i64,0.002800,8192x1x1,512x1x1,512x4096x1x1
__fattn__-9,flash_attn_f32_f16,2.689000,32x28x0,32x1x0,128x28x16x1
ffn_inp-9,kernel_add,0.024400,1024x1x1,64x1x1,3584x16x1x1
ffn_norm-9,kernel_rms_norm_mul,0.009100,16384x1x1,1024x1x1,3584x16x1x1
l_out-9,kernel_add,0.024700,1024x1x1,64x1x1,3584x16x1x1
attn_norm-10,kernel_rms_norm_mul,0.009200,16384x1x1,1024x1x1,3584x16x1x1
Qcur-10,kernel_add_row,0.013300,14336x0x0,64x0x0,3584x16x1x1
Qcur-10,kernel_rope_neox_f32,0.005400,1792x16x1,64x1x1,128x28x16x1
Kcur-10,kernel_add_row,0.005600,2048x0x0,64x0x0,512x16x1x1
Kcur-10,kernel_rope_neox_f32,0.002800,256x16x1,64x1x1,128x4x16x1
Vcur-10,kernel_add_row,0.005600,2048x0x0,64x0x0,512x16x1x1
cache_k_l10 (view),kernel_set_rows_f16_i64,0.003300,8192x1x1,512x1x1,512x4096x1x1
cache_v_l10 (view),kernel_set_rows_f16_i64,0.002700,8192x1x1,512x1x1,512x4096x1x1
__fattn__-10,flash_attn_f32_f16,2.688700,32x28x0,32x1x0,128x28x16x1
ffn_inp-10,kernel_add,0.024600,1024x1x1,64x1x1,3584x16x1x1
ffn_norm-10,kernel_rms_norm_mul,0.009200,16384x1x1,1024x1x1,3584x16x1x1
l_out-10,kernel_add,0.023300,1024x1x1,64x1x1,3584x16x1x1
attn_norm-11,kernel_rms_norm_mul,0.009200,16384x1x1,1024x1x1,3584x16x1x1
Qcur-11,kernel_add_row,0.007300,14336x0x0,64x0x0,3584x16x1x1
Qcur-11,kernel_rope_neox_f32,0.005400,1792x16x1,64x1x1,128x28x16x1
Kcur-11,kernel_add_row,0.005600,2048x0x0,64x0x0,512x16x1x1
Kcur-11,kernel_rope_neox_f32,0.002900,256x16x1,64x1x1,128x4x16x1
node_386,kernel_mul_mv_q6_K_f32,0.953500,512x1024x1,2x64x1,512x16x1x1
Vcur-11,kernel_add_row,0.002500,2048x0x0,64x0x0,512x16x1x1
cache_k_l11 (view),kernel_set_rows_f16_i64,0.003400,8192x1x1,512x1x1,512x4096x1x1
cache_v_l11 (view),kernel_set_rows_f16_i64,0.002900,8192x1x1,512x1x1,512x4096x1x1
__fattn__-11,flash_attn_f32_f16,2.647400,32x28x0,32x1x0,128x28x16x1
ffn_inp-11,kernel_add,0.024900,1024x1x1,64x1x1,3584x16x1x1
ffn_norm-11,kernel_rms_norm_mul,0.009200,16384x1x1,1024x1x1,3584x16x1x1
ffn_swiglu-11,kernel_swiglu,0.047400,8192x1x1,512x1x1,18944x16x1x1
ffn_out-11,kernel_mul_mv_q6_K_f32,39.620499,3584x1024x1,2x64x1,3584x16x1x1
l_out-11,kernel_add,0.023500,1024x1x1,64x1x1,3584x16x1x1
attn_norm-12,kernel_rms_norm_mul,0.009200,16384x1x1,1024x1x1,3584x16x1x1
Qcur-12,kernel_add_row,0.012400,14336x0x0,64x0x0,3584x16x1x1
Qcur-12,kernel_rope_neox_f32,0.005400,1792x16x1,64x1x1,128x28x16x1
Kcur-12,kernel_add_row,0.005600,2048x0x0,64x0x0,512x16x1x1
Kcur-12,kernel_rope_neox_f32,0.002800,256x16x1,64x1x1,128x4x16x1
Vcur-12,kernel_add_row,0.005700,2048x0x0,64x0x0,512x16x1x1
cache_k_l12 (view),kernel_set_rows_f16_i64,0.003400,8192x1x1,512x1x1,512x4096x1x1
cache_v_l12 (view),kernel_set_rows_f16_i64,0.002800,8192x1x1,512x1x1,512x4096x1x1
__fattn__-12,flash_attn_f32_f16,2.674900,32x28x0,32x1x0,128x28x16x1
ffn_inp-12,kernel_add,0.024400,1024x1x1,64x1x1,3584x16x1x1
ffn_norm-12,kernel_rms_norm_mul,0.009200,16384x1x1,1024x1x1,3584x16x1x1
l_out-12,kernel_add,0.024100,1024x1x1,64x1x1,3584x16x1x1
attn_norm-13,kernel_rms_norm_mul,0.009100,16384x1x1,1024x1x1,3584x16x1x1
Qcur-13,kernel_add_row,0.012200,14336x0x0,64x0x0,3584x16x1x1
Qcur-13,kernel_rope_neox_f32,0.005400,1792x16x1,64x1x1,128x28x16x1
Kcur-13,kernel_add_row,0.005700,2048x0x0,64x0x0,512x16x1x1
Kcur-13,kernel_rope_neox_f32,0.002900,256x16x1,64x1x1,128x4x16x1
Vcur-13,kernel_add_row,0.005600,2048x0x0,64x0x0,512x16x1x1
cache_k_l13 (view),kernel_set_rows_f16_i64,0.003300,8192x1x1,512x1x1,512x4096x1x1
cache_v_l13 (view),kernel_set_rows_f16_i64,0.002900,8192x1x1,512x1x1,512x4096x1x1
__fattn__-13,flash_attn_f32_f16,2.670400,32x28x0,32x1x0,128x28x16x1
ffn_inp-13,kernel_add,0.025100,1024x1x1,64x1x1,3584x16x1x1
ffn_norm-13,kernel_rms_norm_mul,0.009200,16384x1x1,1024x1x1,3584x16x1x1
l_out-13,kernel_add,0.023300,1024x1x1,64x1x1,3584x16x1x1
attn_norm-14,kernel_rms_norm_mul,0.009300,16384x1x1,1024x1x1,3584x16x1x1
Qcur-14,kernel_add_row,0.007300,14336x0x0,64x0x0,3584x16x1x1
Qcur-14,kernel_rope_neox_f32,0.005400,1792x16x1,64x1x1,128x28x16x1
Kcur-14,kernel_add_row,0.005600,2048x0x0,64x0x0,512x16x1x1
Kcur-14,kernel_rope_neox_f32,0.002700,256x16x1,64x1x1,128x4x16x1
node_488,kernel_mul_mv_q6_K_f32,0.953700,512x1024x1,2x64x1,512x16x1x1
Vcur-14,kernel_add_row,0.002500,2048x0x0,64x0x0,512x16x1x1
cache_k_l14 (view),kernel_set_rows_f16_i64,0.003300,8192x1x1,512x1x1,512x4096x1x1
cache_v_l14 (view),kernel_set_rows_f16_i64,0.002800,8192x1x1,512x1x1,512x4096x1x1
__fattn__-14,flash_attn_f32_f16,2.685000,32x28x0,32x1x0,128x28x16x1
ffn_inp-14,kernel_add,0.024900,1024x1x1,64x1x1,3584x16x1x1
ffn_norm-14,kernel_rms_norm_mul,0.009100,16384x1x1,1024x1x1,3584x16x1x1
ffn_swiglu-14,kernel_swiglu,0.048600,8192x1x1,512x1x1,18944x16x1x1
ffn_out-14,kernel_mul_mv_q6_K_f32,39.615501,3584x1024x1,2x64x1,3584x16x1x1
l_out-14,kernel_add,0.022900,1024x1x1,64x1x1,3584x16x1x1
attn_norm-15,kernel_rms_norm_mul,0.009300,16384x1x1,1024x1x1,3584x16x1x1
Qcur-15,kernel_add_row,0.012000,14336x0x0,64x0x0,3584x16x1x1
Qcur-15,kernel_rope_neox_f32,0.005600,1792x16x1,64x1x1,128x28x16x1
Kcur-15,kernel_add_row,0.005600,2048x0x0,64x0x0,512x16x1x1
Kcur-15,kernel_rope_neox_f32,0.002700,256x16x1,64x1x1,128x4x16x1
Vcur-15,kernel_add_row,0.005600,2048x0x0,64x0x0,512x16x1x1
cache_k_l15 (view),kernel_set_rows_f16_i64,0.003300,8192x1x1,512x1x1,512x4096x1x1
cache_v_l15 (view),kernel_set_rows_f16_i64,0.002800,8192x1x1,512x1x1,512x4096x1x1
__fattn__-15,flash_attn_f32_f16,2.693600,32x28x0,32x1x0,128x28x16x1
ffn_inp-15,kernel_add,0.024300,1024x1x1,64x1x1,3584x16x1x1
ffn_norm-15,kernel_rms_norm_mul,0.009300,16384x1x1,1024x1x1,3584x16x1x1
l_out-15,kernel_add,0.024300,1024x1x1,64x1x1,3584x16x1x1
attn_norm-16,kernel_rms_norm_mul,0.009100,16384x1x1,1024x1x1,3584x16x1x1
Qcur-16,kernel_add_row,0.012900,14336x0x0,64x0x0,3584x16x1x1
Qcur-16,kernel_rope_neox_f32,0.005500,1792x16x1,64x1x1,128x28x16x1
Kcur-16,kernel_add_row,0.005600,2048x0x0,64x0x0,512x16x1x1
Kcur-16,kernel_rope_neox_f32,0.002700,256x16x1,64x1x1,128x4x16x1
Vcur-16,kernel_add_row,0.005800,2048x0x0,64x0x0,512x16x1x1
cache_k_l16 (view),kernel_set_rows_f16_i64,0.003300,8192x1x1,512x1x1,512x4096x1x1
cache_v_l16 (view),kernel_set_rows_f16_i64,0.002800,8192x1x1,512x1x1,512x4096x1x1
__fattn__-16,flash_attn_f32_f16,2.689400,32x28x0,32x1x0,128x28x16x1
ffn_inp-16,kernel_add,0.025000,1024x1x1,64x1x1,3584x16x1x1
ffn_norm-16,kernel_rms_norm_mul,0.009300,16384x1x1,1024x1x1,3584x16x1x1
l_out-16,kernel_add,0.023300,1024x1x1,64x1x1,3584x16x1x1
attn_norm-17,kernel_rms_norm_mul,0.009200,16384x1x1,1024x1x1,3584x16x1x1
Qcur-17,kernel_add_row,0.007200,14336x0x0,64x0x0,3584x16x1x1
Qcur-17,kernel_rope_neox_f32,0.005400,1792x16x1,64x1x1,128x28x16x1
Kcur-17,kernel_add_row,0.005800,2048x0x0,64x0x0,512x16x1x1
Kcur-17,kernel_rope_neox_f32,0.002700,256x16x1,64x1x1,128x4x16x1
node_590,kernel_mul_mv_q6_K_f32,0.955400,512x1024x1,2x64x1,512x16x1x1
Vcur-17,kernel_add_row,0.002200,2048x0x0,64x0x0,512x16x1x1
cache_k_l17 (view),kernel_set_rows_f16_i64,0.003300,8192x1x1,512x1x1,512x4096x1x1
cache_v_l17 (view),kernel_set_rows_f16_i64,0.002900,8192x1x1,512x1x1,512x4096x1x1
__fattn__-17,flash_attn_f32_f16,2.714100,32x28x0,32x1x0,128x28x16x1
ffn_inp-17,kernel_add,0.025100,1024x1x1,64x1x1,3584x16x1x1
ffn_norm-17,kernel_rms_norm_mul,0.009100,16384x1x1,1024x1x1,3584x16x1x1
ffn_swiglu-17,kernel_swiglu,0.048000,8192x1x1,512x1x1,18944x16x1x1
ffn_out-17,kernel_mul_mv_q6_K_f32,39.621300,3584x1024x1,2x64x1,3584x16x1x1
l_out-17,kernel_add,0.023100,1024x1x1,64x1x1,3584x16x1x1
attn_norm-18,kernel_rms_norm_mul,0.009100,16384x1x1,1024x1x1,3584x16x1x1
Qcur-18,kernel_add_row,0.012700,14336x0x0,64x0x0,3584x16x1x1
Qcur-18,kernel_rope_neox_f32,0.005500,1792x16x1,64x1x1,128x28x16x1
Kcur-18,kernel_add_row,0.005700,2048x0x0,64x0x0,512x16x1x1
Kcur-18,kernel_rope_neox_f32,0.002700,256x16x1,64x1x1,128x4x16x1
Vcur-18,kernel_add_row,0.005800,2048x0x0,64x0x0,512x16x1x1
cache_k_l18 (view),kernel_set_rows_f16_i64,0.003300,8192x1x1,512x1x1,512x4096x1x1
cache_v_l18 (view),kernel_set_rows_f16_i64,0.002900,8192x1x1,512x1x1,512x4096x1x1
__fattn__-18,flash_attn_f32_f16,2.654400,32x28x0,32x1x0,128x28x16x1
ffn_inp-18,kernel_add,0.024700,1024x1x1,64x1x1,3584x16x1x1
ffn_norm-18,kernel_rms_norm_mul,0.009200,16384x1x1,1024x1x1,3584x16x1x1
l_out-18,kernel_add,0.024100,1024x1x1,64x1x1,3584x16x1x1
attn_norm-19,kernel_rms_norm_mul,0.009100,16384x1x1,1024x1x1,3584x16x1x1
Qcur-19,kernel_add_row,0.012900,14336x0x0,64x0x0,3584x16x1x1
Qcur-19,kernel_rope_neox_f32,0.005300,1792x16x1,64x1x1,128x28x16x1
Kcur-19,kernel_add_row,0.005600,2048x0x0,64x0x0,512x16x1x1
Kcur-19,kernel_rope_neox_f32,0.002800,256x16x1,64x1x1,128x4x16x1
Vcur-19,kernel_add_row,0.005500,2048x0x0,64x0x0,512x16x1x1
cache_k_l19 (view),kernel_set_rows_f16_i64,0.003300,8192x1x1,512x1x1,512x4096x1x1
cache_v_l19 (view),kernel_set_rows_f16_i64,0.002800,8192x1x1,512x1x1,512x4096x1x1
__fattn__-19,flash_attn_f32_f16,2.732300,32x28x0,32x1x0,128x28x16x1
ffn_inp-19,kernel_add,0.025400,1024x1x1,64x1x1,3584x16x1x1
ffn_norm-19,kernel_rms_norm_mul,0.009200,16384x1x1,1024x1x1,3584x16x1x1
l_out-19,kernel_add,0.022700,1024x1x1,64x1x1,3584x16x1x1
attn_norm-20,kernel_rms_norm_mul,0.009300,16384x1x1,1024x1x1,3584x16x1x1
Qcur-20,kernel_add_row,0.007100,14336x0x0,64x0x0,3584x16x1x1
Qcur-20,kernel_rope_neox_f32,0.005400,1792x16x1,64x1x1,128x28x16x1
Kcur-20,kernel_add_row,0.005800,2048x0x0,64x0x0,512x16x1x1
Kcur-20,kernel_rope_neox_f32,0.002700,256x16x1,64x1x1,128x4x16x1
node_692,kernel_mul_mv_q6_K_f32,0.956700,512x1024x1,2x64x1,512x16x1x1
Vcur-20,kernel_add_row,0.002500,2048x0x0,64x0x0,512x16x1x1
cache_k_l20 (view),kernel_set_rows_f16_i64,0.003300,8192x1x1,512x1x1,512x4096x1x1
cache_v_l20 (view),kernel_set_rows_f16_i64,0.002900,8192x1x1,512x1x1,512x4096x1x1
__fattn__-20,flash_attn_f32_f16,2.693800,32x28x0,32x1x0,128x28x16x1
ffn_inp-20,kernel_add,0.025200,1024x1x1,64x1x1,3584x16x1x1
ffn_norm-20,kernel_rms_norm_mul,0.009300,16384x1x1,1024x1x1,3584x16x1x1
ffn_swiglu-20,kernel_swiglu,0.047100,8192x1x1,512x1x1,18944x16x1x1
ffn_out-20,kernel_mul_mv_q6_K_f32,39.608101,3584x1024x1,2x64x1,3584x16x1x1
l_out-20,kernel_add,0.023300,1024x1x1,64x1x1,3584x16x1x1
attn_norm-21,kernel_rms_norm_mul,0.009200,16384x1x1,1024x1x1,3584x16x1x1
Qcur-21,kernel_add_row,0.011400,14336x0x0,64x0x0,3584x16x1x1
Qcur-21,kernel_rope_neox_f32,0.005500,1792x16x1,64x1x1,128x28x16x1
Kcur-21,kernel_add_row,0.005600,2048x0x0,64x0x0,512x16x1x1
Kcur-21,kernel_rope_neox_f32,0.002900,256x16x1,64x1x1,128x4x16x1
Vcur-21,kernel_add_row,0.005600,2048x0x0,64x0x0,512x16x1x1
cache_k_l21 (view),kernel_set_rows_f16_i64,0.003400,8192x1x1,512x1x1,512x4096x1x1
cache_v_l21 (view),kernel_set_rows_f16_i64,0.002900,8192x1x1,512x1x1,512x4096x1x1
__fattn__-21,flash_attn_f32_f16,2.678500,32x28x0,32x1x0,128x28x16x1
ffn_inp-21,kernel_add,0.024200,1024x1x1,64x1x1,3584x16x1x1
ffn_norm-21,kernel_rms_norm_mul,0.009100,16384x1x1,1024x1x1,3584x16x1x1
l_out-21,kernel_add,0.024200,1024x1x1,64x1x1,3584x16x1x1
attn_norm-22,kernel_rms_norm_mul,0.009100,16384x1x1,1024x1x1,3584x16x1x1
Qcur-22,kernel_add_row,0.013400,14336x0x0,64x0x0,3584x16x1x1
Qcur-22,kernel_rope_neox_f32,0.005400,1792x16x1,64x1x1,128x28x16x1
Kcur-22,kernel_add_row,0.005600,2048x0x0,64x0x0,512x16x1x1
Kcur-22,kernel_rope_neox_f32,0.002700,256x16x1,64x1x1,128x4x16x1
Vcur-22,kernel_add_row,0.005800,2048x0x0,64x0x0,512x16x1x1
cache_k_l22 (view),kernel_set_rows_f16_i64,0.003200,8192x1x1,512x1x1,512x4096x1x1
cache_v_l22 (view),kernel_set_rows_f16_i64,0.002800,8192x1x1,512x1x1,512x4096x1x1
__fattn__-22,flash_attn_f32_f16,2.686100,32x28x0,32x1x0,128x28x16x1
ffn_inp-22,kernel_add,0.025100,1024x1x1,64x1x1,3584x16x1x1
ffn_norm-22,kernel_rms_norm_mul,0.009100,16384x1x1,1024x1x1,3584x16x1x1
l_out-22,kernel_add,0.023300,1024x1x1,64x1x1,3584x16x1x1
attn_norm-23,kernel_rms_norm_mul,0.009200,16384x1x1,1024x1x1,3584x16x1x1
Qcur-23,kernel_add_row,0.007800,14336x0x0,64x0x0,3584x16x1x1
Qcur-23,kernel_rope_neox_f32,0.005400,1792x16x1,64x1x1,128x28x16x1
Kcur-23,kernel_add_row,0.005600,2048x0x0,64x0x0,512x16x1x1
Kcur-23,kernel_rope_neox_f32,0.002700,256x16x1,64x1x1,128x4x16x1
node_794,kernel_mul_mv_q6_K_f32,0.953800,512x1024x1,2x64x1,512x16x1x1
Vcur-23,kernel_add_row,0.002200,2048x0x0,64x0x0,512x16x1x1
cache_k_l23 (view),kernel_set_rows_f16_i64,0.003300,8192x1x1,512x1x1,512x4096x1x1
cache_v_l23 (view),kernel_set_rows_f16_i64,0.002900,8192x1x1,512x1x1,512x4096x1x1
__fattn__-23,flash_attn_f32_f16,2.686300,32x28x0,32x1x0,128x28x16x1
ffn_inp-23,kernel_add,0.025500,1024x1x1,64x1x1,3584x16x1x1
ffn_norm-23,kernel_rms_norm_mul,0.009200,16384x1x1,1024x1x1,3584x16x1x1
ffn_swiglu-23,kernel_swiglu,0.048700,8192x1x1,512x1x1,18944x16x1x1
ffn_out-23,kernel_mul_mv_q6_K_f32,39.615002,3584x1024x1,2x64x1,3584x16x1x1
l_out-23,kernel_add,0.023100,1024x1x1,64x1x1,3584x16x1x1
attn_norm-24,kernel_rms_norm_mul,0.009200,16384x1x1,1024x1x1,3584x16x1x1
Qcur-24,kernel_add_row,0.008100,14336x0x0,64x0x0,3584x16x1x1
Qcur-24,kernel_rope_neox_f32,0.005400,1792x16x1,64x1x1,128x28x16x1
Kcur-24,kernel_add_row,0.005700,2048x0x0,64x0x0,512x16x1x1
Kcur-24,kernel_rope_neox_f32,0.002700,256x16x1,64x1x1,128x4x16x1
node_828,kernel_mul_mv_q6_K_f32,0.956500,512x1024x1,2x64x1,512x16x1x1
Vcur-24,kernel_add_row,0.002300,2048x0x0,64x0x0,512x16x1x1
cache_k_l24 (view),kernel_set_rows_f16_i64,0.003200,8192x1x1,512x1x1,512x4096x1x1
cache_v_l24 (view),kernel_set_rows_f16_i64,0.002800,8192x1x1,512x1x1,512x4096x1x1
__fattn__-24,flash_attn_f32_f16,2.690800,32x28x0,32x1x0,128x28x16x1
ffn_inp-24,kernel_add,0.024300,1024x1x1,64x1x1,3584x16x1x1
ffn_norm-24,kernel_rms_norm_mul,0.009200,16384x1x1,1024x1x1,3584x16x1x1
ffn_swiglu-24,kernel_swiglu,0.047100,8192x1x1,512x1x1,18944x16x1x1
ffn_out-24,kernel_mul_mv_q6_K_f32,39.601398,3584x1024x1,2x64x1,3584x16x1x1
l_out-24,kernel_add,0.023300,1024x1x1,64x1x1,3584x16x1x1
attn_norm-25,kernel_rms_norm_mul,0.009200,16384x1x1,1024x1x1,3584x16x1x1
Qcur-25,kernel_add_row,0.008000,14336x0x0,64x0x0,3584x16x1x1
Qcur-25,kernel_rope_neox_f32,0.005500,1792x16x1,64x1x1,128x28x16x1
Kcur-25,kernel_add_row,0.005900,2048x0x0,64x0x0,512x16x1x1
Kcur-25,kernel_rope_neox_f32,0.002800,256x16x1,64x1x1,128x4x16x1
node_862,kernel_mul_mv_q6_K_f32,0.955200,512x1024x1,2x64x1,512x16x1x1
Vcur-25,kernel_add_row,0.002200,2048x0x0,64x0x0,512x16x1x1
cache_k_l25 (view),kernel_set_rows_f16_i64,0.003400,8192x1x1,512x1x1,512x4096x1x1
cache_v_l25 (view),kernel_set_rows_f16_i64,0.002800,8192x1x1,512x1x1,512x4096x1x1
__fattn__-25,flash_attn_f32_f16,2.682100,32x28x0,32x1x0,128x28x16x1
ffn_inp-25,kernel_add,0.024400,1024x1x1,64x1x1,3584x16x1x1
ffn_norm-25,kernel_rms_norm_mul,0.009200,16384x1x1,1024x1x1,3584x16x1x1
ffn_swiglu-25,kernel_swiglu,0.047400,8192x1x1,512x1x1,18944x16x1x1
ffn_out-25,kernel_mul_mv_q6_K_f32,39.619400,3584x1024x1,2x64x1,3584x16x1x1
l_out-25,kernel_add,0.022800,1024x1x1,64x1x1,3584x16x1x1
attn_norm-26,kernel_rms_norm_mul,0.009300,16384x1x1,1024x1x1,3584x16x1x1
Qcur-26,kernel_add_row,0.008000,14336x0x0,64x0x0,3584x16x1x1
Qcur-26,kernel_rope_neox_f32,0.005600,1792x16x1,64x1x1,128x28x16x1
Kcur-26,kernel_add_row,0.005700,2048x0x0,64x0x0,512x16x1x1
Kcur-26,kernel_rope_neox_f32,0.002800,256x16x1,64x1x1,128x4x16x1
node_896,kernel_mul_mv_q6_K_f32,0.955200,512x1024x1,2x64x1,512x16x1x1
Vcur-26,kernel_add_row,0.002500,2048x0x0,64x0x0,512x16x1x1
cache_k_l26 (view),kernel_set_rows_f16_i64,0.003600,8192x1x1,512x1x1,512x4096x1x1
cache_v_l26 (view),kernel_set_rows_f16_i64,0.002900,8192x1x1,512x1x1,512x4096x1x1
__fattn__-26,flash_attn_f32_f16,2.665500,32x28x0,32x1x0,128x28x16x1
ffn_inp-26,kernel_add,0.024100,1024x1x1,64x1x1,3584x16x1x1
ffn_norm-26,kernel_rms_norm_mul,0.009100,16384x1x1,1024x1x1,3584x16x1x1
ffn_swiglu-26,kernel_swiglu,0.046700,8192x1x1,512x1x1,18944x16x1x1
ffn_out-26,kernel_mul_mv_q6_K_f32,39.562199,3584x1024x1,2x64x1,3584x16x1x1
l_out-26,kernel_add,0.023000,1024x1x1,64x1x1,3584x16x1x1
attn_norm-27,kernel_rms_norm_mul,0.009300,16384x1x1,1024x1x1,3584x16x1x1
Qcur-27,kernel_add_row,0.007800,14336x0x0,64x0x0,3584x16x1x1
Qcur-27,kernel_rope_neox_f32,0.005400,1792x16x1,64x1x1,128x28x16x1
Kcur-27,kernel_add_row,0.005700,2048x0x0,64x0x0,512x16x1x1
Kcur-27,kernel_rope_neox_f32,0.002800,256x16x1,64x1x1,128x4x16x1
node_930,kernel_mul_mv_q6_K_f32,0.954300,512x1024x1,2x64x1,512x16x1x1
Vcur-27,kernel_add_row,0.002600,2048x0x0,64x0x0,512x16x1x1
cache_k_l27 (view),kernel_set_rows_f16_i64,0.003300,8192x1x1,512x1x1,512x4096x1x1
cache_v_l27 (view),kernel_set_rows_f16_i64,0.002800,8192x1x1,512x1x1,512x4096x1x1
__fattn__-27,flash_attn_f32_f16,2.701400,32x28x0,32x1x0,128x28x16x1
attn_norm-0,kernel_rms_norm_mul,0.012500,16384x1x1,1024x1x1,3584x16x1x1
Qcur-0,kernel_add_row,0.007900,14336x0x0,64x0x0,3584x16x1x1
Qcur-0,kernel_rope_neox_f32,0.005600,1792x16x1,64x1x1,128x28x16x1
Kcur-0,kernel_add_row,0.005700,2048x0x0,64x0x0,512x16x1x1
Kcur-0,kernel_rope_neox_f32,0.002800,256x16x1,64x1x1,128x4x16x1
node_11,kernel_mul_mv_q6_K_f32,0.954400,512x1024x1,2x64x1,512x16x1x1
Vcur-0,kernel_add_row,0.002600,2048x0x0,64x0x0,512x16x1x1
cache_k_l0 (view),kernel_set_rows_f16_i64,0.003400,8192x1x1,512x1x1,512x4096x1x1
cache_v_l0 (view),kernel_set_rows_f16_i64,0.002800,8192x1x1,512x1x1,512x4096x1x1
 (copy),kernel_cpy_f32_f16,0.004700,4096x1x1,64x1x1,512x64x1x1
__fattn__-0,flash_attn_f32_f16,2.720000,32x28x0,32x1x0,128x28x16x1
ffn_inp-0,kernel_add,0.025400,1024x1x1,64x1x1,3584x16x1x1
ffn_norm-0,kernel_rms_norm_mul,0.009300,16384x1x1,1024x1x1,3584x16x1x1
ffn_swiglu-0,kernel_swiglu,0.046300,8192x1x1,512x1x1,18944x16x1x1
ffn_out-0,kernel_mul_mv_q6_K_f32,39.617500,3584x1024x1,2x64x1,3584x16x1x1
l_out-0,kernel_add,0.023100,1024x1x1,64x1x1,3584x16x1x1
attn_norm-1,kernel_rms_norm_mul,0.009100,16384x1x1,1024x1x1,3584x16x1x1
Qcur-1,kernel_add_row,0.008000,14336x0x0,64x0x0,3584x16x1x1
Qcur-1,kernel_rope_neox_f32,0.005400,1792x16x1,64x1x1,128x28x16x1
Kcur-1,kernel_add_row,0.005700,2048x0x0,64x0x0,512x16x1x1
Kcur-1,kernel_rope_neox_f32,0.002900,256x16x1,64x1x1,128x4x16x1
node_46,kernel_mul_mv_q6_K_f32,0.954300,512x1024x1,2x64x1,512x16x1x1
Vcur-1,kernel_add_row,0.002500,2048x0x0,64x0x0,512x16x1x1
cache_k_l1 (view),kernel_set_rows_f16_i64,0.003400,8192x1x1,512x1x1,512x4096x1x1
cache_v_l1 (view),kernel_set_rows_f16_i64,0.002800,8192x1x1,512x1x1,512x4096x1x1
__fattn__-1,flash_attn_f32_f16,2.710700,32x28x0,32x1x0,128x28x16x1
ffn_inp-1,kernel_add,0.024000,1024x1x1,64x1x1,3584x16x1x1
ffn_norm-1,kernel_rms_norm_mul,0.009100,16384x1x1,1024x1x1,3584x16x1x1
ffn_swiglu-1,kernel_swiglu,0.047400,8192x1x1,512x1x1,18944x16x1x1
ffn_out-1,kernel_mul_mv_q6_K_f32,39.621899,3584x1024x1,2x64x1,3584x16x1x1
l_out-1,kernel_add,0.023300,1024x1x1,64x1x1,3584x16x1x1
attn_norm-2,kernel_rms_norm_mul,0.009200,16384x1x1,1024x1x1,3584x16x1x1
Qcur-2,kernel_add_row,0.007700,14336x0x0,64x0x0,3584x16x1x1
Qcur-2,kernel_rope_neox_f32,0.005700,1792x16x1,64x1x1,128x28x16x1
Kcur-2,kernel_add_row,0.005800,2048x0x0,64x0x0,512x16x1x1
Kcur-2,kernel_rope_neox_f32,0.002700,256x16x1,64x1x1,128x4x16x1
node_80,kernel_mul_mv_q6_K_f32,0.954300,512x1024x1,2x64x1,512x16x1x1
Vcur-2,kernel_add_row,0.002500,2048x0x0,64x0x0,512x16x1x1
cache_k_l2 (view),kernel_set_rows_f16_i64,0.003300,8192x1x1,512x1x1,512x4096x1x1
cache_v_l2 (view),kernel_set_rows_f16_i64,0.003000,8192x1x1,512x1x1,512x4096x1x1
__fattn__-2,flash_attn_f32_f16,2.687300,32x28x0,32x1x0,128x28x16x1
ffn_inp-2,kernel_add,0.024300,1024x1x1,64x1x1,3584x16x1x1
ffn_norm-2,kernel_rms_norm_mul,0.009200,16384x1x1,1024x1x1,3584x16x1x1
ffn_swiglu-2,kernel_swiglu,0.047000,8192x1x1,512x1x1,18944x16x1x1
ffn_out-2,kernel_mul_mv_q6_K_f32,40.367100,3584x1024x1,2x64x1,3584x16x1x1
l_out-2,kernel_add,0.023200,1024x1x1,64x1x1,3584x16x1x1
attn_norm-3,kernel_rms_norm_mul,0.009300,16384x1x1,1024x1x1,3584x16x1x1
Qcur-3,kernel_add_row,0.012600,14336x0x0,64x0x0,3584x16x1x1
Qcur-3,kernel_rope_neox_f32,0.005400,1792x16x1,64x1x1,128x28x16x1
Kcur-3,kernel_add_row,0.005700,2048x0x0,64x0x0,512x16x1x1
Kcur-3,kernel_rope_neox_f32,0.002700,256x16x1,64x1x1,128x4x16x1
Vcur-3,kernel_add_row,0.005800,2048x0x0,64x0x0,512x16x1x1
cache_k_l3 (view),kernel_set_rows_f16_i64,0.003300,8192x1x1,512x1x1,512x4096x1x1
cache_v_l3 (view),kernel_set_rows_f16_i64,0.002800,8192x1x1,512x1x1,512x4096x1x1
__fattn__-3,flash_attn_f32_f16,2.680500,32x28x0,32x1x0,128x28x16x1
ffn_inp-3,kernel_add,0.024400,1024x1x1,64x1x1,3584x16x1x1
ffn_norm-3,kernel_rms_norm_mul,0.009200,16384x1x1,1024x1x1,3584x16x1x1
l_out-3,kernel_add,0.024100,1024x1x1,64x1x1,3584x16x1x1
attn_norm-4,kernel_rms_norm_mul,0.009300,16384x1x1,1024x1x1,3584x16x1x1
Qcur-4,kernel_add_row,0.013100,14336x0x0,64x0x0,3584x16x1x1
Qcur-4,kernel_rope_neox_f32,0.005500,1792x16x1,64x1x1,128x28x16x1
Kcur-4,kernel_add_row,0.005600,2048x0x0,64x0x0,512x16x1x1
Kcur-4,kernel_rope_neox_f32,0.002700,256x16x1,64x1x1,128x4x16x1
Vcur-4,kernel_add_row,0.005800,2048x0x0,64x0x0,512x16x1x1
cache_k_l4 (view),kernel_set_rows_f16_i64,0.003200,8192x1x1,512x1x1,512x4096x1x1
cache_v_l4 (view),kernel_set_rows_f16_i64,0.002700,8192x1x1,512x1x1,512x4096x1x1
__fattn__-4,flash_attn_f32_f16,2.683800,32x28x0,32x1x0,128x28x16x1
ffn_inp-4,kernel_add,0.024700,1024x1x1,64x1x1,3584x16x1x1
ffn_norm-4,kernel_rms_norm_mul,0.009300,16384x1x1,1024x1x1,3584x16x1x1
l_out-4,kernel_add,0.023000,1024x1x1,64x1x1,3584x16x1x1
attn_norm-5,kernel_rms_norm_mul,0.009200,16384x1x1,1024x1x1,3584x16x1x1
Qcur-5,kernel_add_row,0.007400,14336x0x0,64x0x0,3584x16x1x1
Qcur-5,kernel_rope_neox_f32,0.005400,1792x16x1,64x1x1,128x28x16x1
Kcur-5,kernel_add_row,0.005700,2048x0x0,64x0x0,512x16x1x1
Kcur-5,kernel_rope_neox_f32,0.002700,256x16x1,64x1x1,128x4x16x1
node_182,kernel_mul_mv_q6_K_f32,0.956200,512x1024x1,2x64x1,512x16x1x1
Vcur-5,kernel_add_row,0.002500,2048x0x0,64x0x0,512x16x1x1
cache_k_l5 (view),kernel_set_rows_f16_i64,0.003200,8192x1x1,512x1x1,512x4096x1x1
cache_v_l5 (view),kernel_set_rows_f16_i64,0.002900,8192x1x1,512x1x1,512x4096x1x1
__fattn__-5,flash_attn_f32_f16,2.698100,32x28x0,32x1x0,128x28x16x1
ffn_inp-5,kernel_add,0.025200,1024x1x1,64x1x1,3584x16x1x1
ffn_norm-5,kernel_rms_norm_mul,0.009100,16384x1x1,1024x1x1,3584x16x1x1
ffn_swiglu-5,kernel_swiglu,0.048500,8192x1x1,512x1x1,18944x16x1x1
ffn_out-5,kernel_mul_mv_q6_K_f32,40.619400,3584x1024x1,2x64x1,3584x16x1x1
l_out-5,kernel_add,0.023500,1024x1x1,64x1x1,3584x16x1x1
attn_norm-6,kernel_rms_norm_mul,0.009200,16384x1x1,1024x1x1,3584x16x1x1
Qcur-6,kernel_add_row,0.011800,14336x0x0,64x0x0,3584x16x1x1
Qcur-6,kernel_rope_neox_f32,0.005500,1792x16x1,64x1x1,128x28x16x1
Kcur-6,kernel_add_row,0.006000,2048x0x0,64x0x0,512x16x1x1
Kcur-6,kernel_rope_neox_f32,0.002700,256x16x1,64x1x1,128x4x16x1
Vcur-6,kernel_add_row,0.005800,2048x0x0,64x0x0,512x16x1x1
cache_k_l6 (view),kernel_set_rows_f16_i64,0.003500,8192x1x1,512x1x1,512x4096x1x1
cache_v_l6 (view),kernel_set_rows_f16_i64,0.002900,8192x1x1,512x1x1,512x4096x1x1
__fattn__-6,flash_attn_f32_f16,2.686900,32x28x0,32x1x0,128x28x16x1
ffn_inp-6,kernel_add,0.024200,1024x1x1,64x1x1,3584x16x1x1
ffn_norm-6,kernel_rms_norm_mul,0.009200,16384x1x1,1024x1x1,3584x16x1x1
l_out-6,kernel_add,0.024400,1024x1x1,64x1x1,3584x16x1x1
attn_norm-7,kernel_rms_norm_mul,0.009200,16384x1x1,1024x1x1,3584x16x1x1
Qcur-7,kernel_add_row,0.008100,14336x0x0,64x0x0,3584x16x1x1
Qcur-7,kernel_rope_neox_f32,0.005500,1792x16x1,64x1x1,128x28x16x1
Kcur-7,kernel_add_row,0.005100,2048x0x0,64x0x0,512x16x1x1
Kcur-7,kernel_rope_neox_f32,0.002700,256x16x1,64x1x1,128x4x16x1
Vcur-7,kernel_add_row,0.005600,2048x0x0,64x0x0,512x16x1x1
cache_k_l7 (view),kernel_set_rows_f16_i64,0.003300,8192x1x1,512x1x1,512x4096x1x1
cache_v_l7 (view),kernel_set_rows_f16_i64,0.002800,8192x1x1,512x1x1,512x4096x1x1
__fattn__-7,flash_attn_f32_f16,2.662600,32x28x0,32x1x0,128x28x16x1
ffn_inp-7,kernel_add,0.024800,1024x1x1,64x1x1,3584x16x1x1
ffn_norm-7,kernel_rms_norm_mul,0.009200,16384x1x1,1024x1x1,3584x16x1x1
l_out-7,kernel_add,0.022800,1024x1x1,64x1x1,3584x16x1x1
attn_norm-8,kernel_rms_norm_mul,0.009200,16384x1x1,1024x1x1,3584x16x1x1
Qcur-8,kernel_add_row,0.007200,14336x0x0,64x0x0,3584x16x1x1
Qcur-8,kernel_rope_neox_f32,0.005600,1792x16x1,64x1x1,128x28x16x1
Kcur-8,kernel_add_row,0.005700,2048x0x0,64x0x0,512x16x1x1
Kcur-8,kernel_rope_neox_f32,0.002700,256x16x1,64x1x1,128x4x16x1
node_284,kernel_mul_mv_q6_K_f32,0.954800,512x1024x1,2x64x1,512x16x1x1
Vcur-8,kernel_add_row,0.002300,2048x0x0,64x0x0,512x16x1x1
cache_k_l8 (view),kernel_set_rows_f16_i64,0.003200,8192x1x1,512x1x1,512x4096x1x1
cache_v_l8 (view),kernel_set_rows_f16_i64,0.002800,8192x1x1,512x1x1,512x4096x1x1
__fattn__-8,flash_attn_f32_f16,2.663300,32x28x0,32x1x0,128x28x16x1
ffn_inp-8,kernel_add,0.025700,1024x1x1,64x1x1,3584x16x1x1
ffn_norm-8,kernel_rms_norm_mul,0.009100,16384x1x1,1024x1x1,3584x16x1x1
ffn_swiglu-8,kernel_swiglu,0.048300,8192x1x1,512x1x1,18944x16x1x1
ffn_out-8,kernel_mul_mv_q6_K_f32,40.243401,3584x1024x1,2x64x1,3584x16x1x1
l_out-8,kernel_add,0.023100,1024x1x1,64x1x1,3584x16x1x1
attn_norm-9,kernel_rms_norm_mul,0.009200,16384x1x1,1024x1x1,3584x16x1x1
Qcur-9,kernel_add_row,0.012000,14336x0x0,64x0x0,3584x16x1x1
Qcur-9,kernel_rope_neox_f32,0.005400,1792x16x1,64x1x1,128x28x16x1
Kcur-9,kernel_add_row,0.005800,2048x0x0,64x0x0,512x16x1x1
Kcur-9,kernel_rope_neox_f32,0.002700,256x16x1,64x1x1,128x4x16x1
Vcur-9,kernel_add_row,0.005600,2048x0x0,64x0x0,512x16x1x1
cache_k_l9 (view),kernel_set_rows_f16_i64,0.003600,8192x1x1,512x1x1,512x4096x1x1
cache_v_l9 (view),kernel_set_rows_f16_i64,0.002800,8192x1x1,512x1x1,512x4096x1x1
__fattn__-9,flash_attn_f32_f16,2.688700,32x28x0,32x1x0,128x28x16x1
ffn_inp-9,kernel_add,0.024000,1024x1x1,64x1x1,3584x16x1x1
ffn_norm-9,kernel_rms_norm_mul,0.009100,16384x1x1,1024x1x1,3584x16x1x1
l_out-9,kernel_add,0.024300,1024x1x1,64x1x1,3584x16x1x1
attn_norm-10,kernel_rms_norm_mul,0.009100,16384x1x1,1024x1x1,3584x16x1x1
Qcur-10,kernel_add_row,0.012200,14336x0x0,64x0x0,3584x16x1x1
Qcur-10,kernel_rope_neox_f32,0.005500,1792x16x1,64x1x1,128x28x16x1
Kcur-10,kernel_add_row,0.005600,2048x0x0,64x0x0,512x16x1x1
Kcur-10,kernel_rope_neox_f32,0.002800,256x16x1,64x1x1,128x4x16x1
Vcur-10,kernel_add_row,0.005700,2048x0x0,64x0x0,512x16x1x1
cache_k_l10 (view),kernel_set_rows_f16_i64,0.003400,8192x1x1,512x1x1,512x4096x1x1
cache_v_l10 (view),kernel_set_rows_f16_i64,0.002900,8192x1x1,512x1x1,512x4096x1x1
__fattn__-10,flash_attn_f32_f16,2.721200,32x28x0,32x1x0,128x28x16x1
ffn_inp-10,kernel_add,0.025000,1024x1x1,64x1x1,3584x16x1x1
ffn_norm-10,kernel_rms_norm_mul,0.009200,16384x1x1,1024x1x1,3584x16x1x1
l_out-10,kernel_add,0.023200,1024x1x1,64x1x1,3584x16x1x1
attn_norm-11,kernel_rms_norm_mul,0.009100,16384x1x1,1024x1x1,3584x16x1x1
Qcur-11,kernel_add_row,0.007100,14336x0x0,64x0x0,3584x16x1x1
Qcur-11,kernel_rope_neox_f32,0.005400,1792x16x1,64x1x1,128x28x16x1
Kcur-11,kernel_add_row,0.005900,2048x0x0,64x0x0,512x16x1x1
Kcur-11,kernel_rope_neox_f32,0.002800,256x16x1,64x1x1,128x4x16x1
node_386,kernel_mul_mv_q6_K_f32,0.955300,512x1024x1,2x64x1,512x16x1x1
Vcur-11,kernel_add_row,0.002500,2048x0x0,64x0x0,512x16x1x1
cache_k_l11 (view),kernel_set_rows_f16_i64,0.003400,8192x1x1,512x1x1,512x4096x1x1
cache_v_l11 (view),kernel_set_rows_f16_i64,0.002900,8192x1x1,512x1x1,512x4096x1x1
__fattn__-11,flash_attn_f32_f16,2.686700,32x28x0,32x1x0,128x28x16x1
ffn_inp-11,kernel_add,0.025300,1024x1x1,64x1x1,3584x16x1x1
ffn_norm-11,kernel_rms_norm_mul,0.009200,16384x1x1,1024x1x1,3584x16x1x1
ffn_swiglu-11,kernel_swiglu,0.047400,8192x1x1,512x1x1,18944x16x1x1
ffn_out-11,kernel_mul_mv_q6_K_f32,39.605000,3584x1024x1,2x64x1,3584x16x1x1
l_out-11,kernel_add,0.023400,1024x1x1,64x1x1,3584x16x1x1
attn_norm-12,kernel_rms_norm_mul,0.009200,16384x1x1,1024x1x1,3584x16x1x1
Qcur-12,kernel_add_row,0.012200,14336x0x0,64x0x0,3584x16x1x1
Qcur-12,kernel_rope_neox_f32,0.005500,1792x16x1,64x1x1,128x28x16x1
Kcur-12,kernel_add_row,0.005700,2048x0x0,64x0x0,512x16x1x1
Kcur-12,kernel_rope_neox_f32,0.002800,256x16x1,64x1x1,128x4x16x1
Vcur-12,kernel_add_row,0.005700,2048x0x0,64x0x0,512x16x1x1
cache_k_l12 (view),kernel_set_rows_f16_i64,0.003300,8192x1x1,512x1x1,512x4096x1x1
cache_v_l12 (view),kernel_set_rows_f16_i64,0.002900,8192x1x1,512x1x1,512x4096x1x1
__fattn__-12,flash_attn_f32_f16,2.716900,32x28x0,32x1x0,128x28x16x1
ffn_inp-12,kernel_add,0.024600,1024x1x1,64x1x1,3584x16x1x1
ffn_norm-12,kernel_rms_norm_mul,0.009200,16384x1x1,1024x1x1,3584x16x1x1
l_out-12,kernel_add,0.024400,1024x1x1,64x1x1,3584x16x1x1
attn_norm-13,kernel_rms_norm_mul,0.009200,16384x1x1,1024x1x1,3584x16x1x1
Qcur-13,kernel_add_row,0.012900,14336x0x0,64x0x0,3584x16x1x1
Qcur-13,kernel_rope_neox_f32,0.005400,1792x16x1,64x1x1,128x28x16x1
Kcur-13,kernel_add_row,0.005700,2048x0x0,64x0x0,512x16x1x1
Kcur-13,kernel_rope_neox_f32,0.002700,256x16x1,64x1x1,128x4x16x1
Vcur-13,kernel_add_row,0.005700,2048x0x0,64x0x0,512x16x1x1
cache_k_l13 (view),kernel_set_rows_f16_i64,0.003400,8192x1x1,512x1x1,512x4096x1x1
cache_v_l13 (view),kernel_set_rows_f16_i64,0.002800,8192x1x1,512x1x1,512x4096x1x1
__fattn__-13,flash_attn_f32_f16,2.683000,32x28x0,32x1x0,128x28x16x1
ffn_inp-13,kernel_add,0.024700,1024x1x1,64x1x1,3584x16x1x1
ffn_norm-13,kernel_rms_norm_mul,0.009200,16384x1x1,1024x1x1,3584x16x1x1
l_out-13,kernel_add,0.022900,1024x1x1,64x1x1,3584x16x1x1
attn_norm-14,kernel_rms_norm_mul,0.009200,16384x1x1,1024x1x1,3584x16x1x1
Qcur-14,kernel_add_row,0.007400,14336x0x0,64x0x0,3584x16x1x1
Qcur-14,kernel_rope_neox_f32,0.005500,1792x16x1,64x1x1,128x28x16x1
Kcur-14,kernel_add_row,0.005800,2048x0x0,64x0x0,512x16x1x1
Kcur-14,kernel_rope_neox_f32,0.002700,256x16x1,64x1x1,128x4x16x1
node_488,kernel_mul_mv_q6_K_f32,0.956000,512x1024x1,2x64x1,512x16x1x1
Vcur-14,kernel_add_row,0.002600,2048x0x0,64x0x0,512x16x1x1
cache_k_l14 (view),kernel_set_rows_f16_i64,0.003300,8192x1x1,512x1x1,512x4096x1x1
cache_v_l14 (view),kernel_set_rows_f16_i64,0.002800,8192x1x1,512x1x1,512x4096x1x1
__fattn__-14,flash_attn_f32_f16,2.692100,32x28x0,32x1x0,128x28x16x1
ffn_inp-14,kernel_add,0.024900,1024x1x1,64x1x1,3584x16x1x1
ffn_norm-14,kernel_rms_norm_mul,0.009200,16384x1x1,1024x1x1,3584x16x1x1
ffn_swiglu-14,kernel_swiglu,0.047100,8192x1x1,512x1x1,18944x16x1x1
ffn_out-14,kernel_mul_mv_q6_K_f32,39.624500,3584x1024x1,2x64x1,3584x16x1x1
l_out-14,kernel_add,0.023400,1024x1x1,64x1x1,3584x16x1x1
attn_norm-15,kernel_rms_norm_mul,0.009200,16384x1x1,1024x1x1,3584x16x1x1
Qcur-15,kernel_add_row,0.012500,14336x0x0,64x0x0,3584x16x1x1
Qcur-15,kernel_rope_neox_f32,0.005500,1792x16x1,64x1x1,128x28x16x1
Kcur-15,kernel_add_row,0.005700,2048x0x0,64x0x0,512x16x1x1
Kcur-15,kernel_rope_neox_f32,0.002800,256x16x1,64x1x1,128x4x16x1
Vcur-15,kernel_add_row,0.005600,2048x0x0,64x0x0,512x16x1x1
cache_k_l15 (view),kernel_set_rows_f16_i64,0.003400,8192x1x1,512x1x1,512x4096x1x1
cache_v_l15 (view),kernel_set_rows_f16_i64,0.002800,8192x1x1,512x1x1,512x4096x1x1
__fattn__-15,flash_attn_f32_f16,2.718900,32x28x0,32x1x0,128x28x16x1
ffn_inp-15,kernel_add,0.024500,1024x1x1,64x1x1,3584x16x1x1
ffn_norm-15,kernel_rms_norm_mul,0.009200,16384x1x1,1024x1x1,3584x16x1x1
l_out-15,kernel_add,0.024500,1024x1x1,64x1x1,3584x16x1x1
attn_norm-16,kernel_rms_norm_mul,0.009200,16384x1x1,1024x1x1,3584x16x1x1
Qcur-16,kernel_add_row,0.013100,14336x0x0,64x0x0,3584x16x1x1
Qcur-16,kernel_rope_neox_f32,0.005300,1792x16x1,64x1x1,128x28x16x1
Kcur-16,kernel_add_row,0.005700,2048x0x0,64x0x0,512x16x1x1
Kcur-16,kernel_rope_neox_f32,0.002700,256x16x1,64x1x1,128x4x16x1
Vcur-16,kernel_add_row,0.005600,2048x0x0,64x0x0,512x16x1x1
cache_k_l16 (view),kernel_set_rows_f16_i64,0.003200,8192x1x1,512x1x1,512x4096x1x1
cache_v_l16 (view),kernel_set_rows_f16_i64,0.002800,8192x1x1,512x1x1,512x4096x1x1
__fattn__-16,flash_attn_f32_f16,2.742100,32x28x0,32x1x0,128x28x16x1
ffn_inp-16,kernel_add,0.025000,1024x1x1,64x1x1,3584x16x1x1
ffn_norm-16,kernel_rms_norm_mul,0.009200,16384x1x1,1024x1x1,3584x16x1x1
l_out-16,kernel_add,0.022800,1024x1x1,64x1x1,3584x16x1x1
attn_norm-17,kernel_rms_norm_mul,0.009200,16384x1x1,1024x1x1,3584x16x1x1
Qcur-17,kernel_add_row,0.007500,14336x0x0,64x0x0,3584x16x1x1
Qcur-17,kernel_rope_neox_f32,0.005400,1792x16x1,64x1x1,128x28x16x1
Kcur-17,kernel_add_row,0.005600,2048x0x0,64x0x0,512x16x1x1
Kcur-17,kernel_rope_neox_f32,0.002800,256x16x1,64x1x1,128x4x16x1
node_590,kernel_mul_mv_q6_K_f32,0.955100,512x1024x1,2x64x1,512x16x1x1
Vcur-17,kernel_add_row,0.002200,2048x0x0,64x0x0,512x16x1x1
cache_k_l17 (view),kernel_set_rows_f16_i64,0.003300,8192x1x1,512x1x1,512x4096x1x1
cache_v_l17 (view),kernel_set_rows_f16_i64,0.002800,8192x1x1,512x1x1,512x4096x1x1
__fattn__-17,flash_attn_f32_f16,2.715000,32x28x0,32x1x0,128x28x16x1
ffn_inp-17,kernel_add,0.025200,1024x1x1,64x1x1,3584x16x1x1
ffn_norm-17,kernel_rms_norm_mul,0.009200,16384x1x1,1024x1x1,3584x16x1x1
ffn_swiglu-17,kernel_swiglu,0.048700,8192x1x1,512x1x1,18944x16x1x1
ffn_out-17,kernel_mul_mv_q6_K_f32,39.619598,3584x1024x1,2x64x1,3584x16x1x1
l_out-17,kernel_add,0.022800,1024x1x1,64x1x1,3584x16x1x1
attn_norm-18,kernel_rms_norm_mul,0.009200,16384x1x1,1024x1x1,3584x16x1x1
Qcur-18,kernel_add_row,0.011900,14336x0x0,64x0x0,3584x16x1x1
Qcur-18,kernel_rope_neox_f32,0.005500,1792x16x1,64x1x1,128x28x16x1
Kcur-18,kernel_add_row,0.005600,2048x0x0,64x0x0,512x16x1x1
Kcur-18,kernel_rope_neox_f32,0.002800,256x16x1,64x1x1,128x4x16x1
Vcur-18,kernel_add_row,0.005600,2048x0x0,64x0x0,512x16x1x1
cache_k_l18 (view),kernel_set_rows_f16_i64,0.003200,8192x1x1,512x1x1,512x4096x1x1
cache_v_l18 (view),kernel_set_rows_f16_i64,0.002800,8192x1x1,512x1x1,512x4096x1x1
__fattn__-18,flash_attn_f32_f16,2.713100,32x28x0,32x1x0,128x28x16x1
ffn_inp-18,kernel_add,0.024600,1024x1x1,64x1x1,3584x16x1x1
ffn_norm-18,kernel_rms_norm_mul,0.009200,16384x1x1,1024x1x1,3584x16x1x1
l_out-18,kernel_add,0.024300,1024x1x1,64x1x1,3584x16x1x1
attn_norm-19,kernel_rms_norm_mul,0.009300,16384x1x1,1024x1x1,3584x16x1x1
Qcur-19,kernel_add_row,0.013200,14336x0x0,64x0x0,3584x16x1x1
Qcur-19,kernel_rope_neox_f32,0.005400,1792x16x1,64x1x1,128x28x16x1
Kcur-19,kernel_add_row,0.005600,2048x0x0,64x0x0,512x16x1x1
Kcur-19,kernel_rope_neox_f32,0.002800,256x16x1,64x1x1,128x4x16x1
Vcur-19,kernel_add_row,0.005800,2048x0x0,64x0x0,512x16x1x1
cache_k_l19 (view),kernel_set_rows_f16_i64,0.003200,8192x1x1,512x1x1,512x4096x1x1
cache_v_l19 (view),kernel_set_rows_f16_i64,0.002900,8192x1x1,512x1x1,512x4096x1x1
__fattn__-19,flash_attn_f32_f16,2.667600,32x28x0,32x1x0,128x28x16x1
ffn_inp-19,kernel_add,0.025000,1024x1x1,64x1x1,3584x16x1x1
ffn_norm-19,kernel_rms_norm_mul,0.009200,16384x1x1,1024x1x1,3584x16x1x1
l_out-19,kernel_add,0.022800,1024x1x1,64x1x1,3584x16x1x1
attn_norm-20,kernel_rms_norm_mul,0.009200,16384x1x1,1024x1x1,3584x16x1x1
Qcur-20,kernel_add_row,0.007200,14336x0x0,64x0x0,3584x16x1x1
Qcur-20,kernel_rope_neox_f32,0.005400,1792x16x1,64x1x1,128x28x16x1
Kcur-20,kernel_add_row,0.005600,2048x0x0,64x0x0,512x16x1x1
Kcur-20,kernel_rope_neox_f32,0.002800,256x16x1,64x1x1,128x4x16x1
node_692,kernel_mul_mv_q6_K_f32,0.952800,512x1024x1,2x64x1,512x16x1x1
Vcur-20,kernel_add_row,0.002500,2048x0x0,64x0x0,512x16x1x1
cache_k_l20 (view),kernel_set_rows_f16_i64,0.003200,8192x1x1,512x1x1,512x4096x1x1
cache_v_l20 (view),kernel_set_rows_f16_i64,0.002800,8192x1x1,512x1x1,512x4096x1x1
__fattn__-20,flash_attn_f32_f16,2.697200,32x28x0,32x1x0,128x28x16x1
ffn_inp-20,kernel_add,0.025000,1024x1x1,64x1x1,3584x16x1x1
ffn_norm-20,kernel_rms_norm_mul,0.009200,16384x1x1,1024x1x1,3584x16x1x1
ffn_swiglu-20,kernel_swiglu,0.047700,8192x1x1,512x1x1,18944x16x1x1
ffn_out-20,kernel_mul_mv_q6_K_f32,39.590599,3584x1024x1,2x64x1,3584x16x1x1
l_out-20,kernel_add,0.022800,1024x1x1,64x1x1,3584x16x1x1
attn_norm-21,kernel_rms_norm_mul,0.009200,16384x1x1,1024x1x1,3584x16x1x1
Qcur-21,kernel_add_row,0.010800,14336x0x0,64x0x0,3584x16x1x1
Qcur-21,kernel_rope_neox_f32,0.005400,1792x16x1,64x1x1,128x28x16x1
Kcur-21,kernel_add_row,0.005900,2048x0x0,64x0x0,512x16x1x1
Kcur-21,kernel_rope_neox_f32,0.002700,256x16x1,64x1x1,128x4x16x1
Vcur-21,kernel_add_row,0.005700,2048x0x0,64x0x0,512x16x1x1
cache_k_l21 (view),kernel_set_rows_f16_i64,0.003400,8192x1x1,512x1x1,512x4096x1x1
cache_v_l21 (view),kernel_set_rows_f16_i64,0.003000,8192x1x1,512x1x1,512x4096x1x1
__fattn__-21,flash_attn_f32_f16,2.646400,32x28x0,32x1x0,128x28x16x1
ffn_inp-21,kernel_add,0.024600,1024x1x1,64x1x1,3584x16x1x1
ffn_norm-21,kernel_rms_norm_mul,0.009200,16384x1x1,1024x1x1,3584x16x1x1
l_out-21,kernel_add,0.024200,1024x1x1,64x1x1,3584x16x1x1
attn_norm-22,kernel_rms_norm_mul,0.009200,16384x1x1,1024x1x1,3584x16x1x1
Qcur-22,kernel_add_row,0.013100,14336x0x0,64x0x0,3584x16x1x1
Qcur-22,kernel_rope_neox_f32,0.005600,1792x16x1,64x1x1,128x28x16x1
Kcur-22,kernel_add_row,0.005700,2048x0x0,64x0x0,512x16x1x1
Kcur-22,kernel_rope_neox_f32,0.002700,256x16x1,64x1x1,128x4x16x1
Vcur-22,kernel_add_row,0.005600,2048x0x0,64x0x0,512x16x1x1
cache_k_l22 (view),kernel_set_rows_f16_i64,0.003200,8192x1x1,512x1x1,512x4096x1x1
cache_v_l22 (view),kernel_set_rows_f16_i64,0.002700,8192x1x1,512x1x1,512x4096x1x1
__fattn__-22,flash_attn_f32_f16,2.688000,32x28x0,32x1x0,128x28x16x1
ffn_inp-22,kernel_add,0.024900,1024x1x1,64x1x1,3584x16x1x1
ffn_norm-22,kernel_rms_norm_mul,0.009300,16384x1x1,1024x1x1,3584x16x1x1
l_out-22,kernel_add,0.023600,1024x1x1,64x1x1,3584x16x1x1
attn_norm-23,kernel_rms_norm_mul,0.009100,16384x1x1,1024x1x1,3584x16x1x1
Qcur-23,kernel_add_row,0.007200,14336x0x0,64x0x0,3584x16x1x1
Qcur-23,kernel_rope_neox_f32,0.005500,1792x16x1,64x1x1,128x28x16x1
Kcur-23,kernel_add_row,0.005700,2048x0x0,64x0x0,512x16x1x1
Kcur-23,kernel_rope_neox_f32,0.002800,256x16x1,64x1x1,128x4x16x1
node_794,kernel_mul_mv_q6_K_f32,0.954600,512x1024x1,2x64x1,512x16x1x1
Vcur-23,kernel_add_row,0.002500,2048x0x0,64x0x0,512x16x1x1
cache_k_l23 (view),kernel_set_rows_f16_i64,0.003300,8192x1x1,512x1x1,512x4096x1x1
cache_v_l23 (view),kernel_set_rows_f16_i64,0.002800,8192x1x1,512x1x1,512x4096x1x1
__fattn__-23,flash_attn_f32_f16,2.713800,32x28x0,32x1x0,128x28x16x1
ffn_inp-23,kernel_add,0.025400,1024x1x1,64x1x1,3584x16x1x1
ffn_norm-23,kernel_rms_norm_mul,0.009200,16384x1x1,1024x1x1,3584x16x1x1
ffn_swiglu-23,kernel_swiglu,0.048400,8192x1x1,512x1x1,18944x16x1x1
ffn_out-23,kernel_mul_mv_q6_K_f32,39.609200,3584x1024x1,2x64x1,3584x16x1x1
l_out-23,kernel_add,0.024000,1024x1x1,64x1x1,3584x16x1x1
attn_norm-24,kernel_rms_norm_mul,0.009200,16384x1x1,1024x1x1,3584x16x1x1
Qcur-24,kernel_add_row,0.008200,14336x0x0,64x0x0,3584x16x1x1
Qcur-24,kernel_rope_neox_f32,0.005500,1792x16x1,64x1x1,128x28x16x1
Kcur-24,kernel_add_row,0.005700,2048x0x0,64x0x0,512x16x1x1
Kcur-24,kernel_rope_neox_f32,0.002700,256x16x1,64x1x1,128x4x16x1
node_828,kernel_mul_mv_q6_K_f32,0.956300,512x1024x1,2x64x1,512x16x1x1
Vcur-24,kernel_add_row,0.002500,2048x0x0,64x0x0,512x16x1x1
cache_k_l24 (view),kernel_set_rows_f16_i64,0.003200,8192x1x1,512x1x1,512x4096x1x1
cache_v_l24 (view),kernel_set_rows_f16_i64,0.002800,8192x1x1,512x1x1,512x4096x1x1
__fattn__-24,flash_attn_f32_f16,2.651600,32x28x0,32x1x0,128x28x16x1
ffn_inp-24,kernel_add,0.024200,1024x1x1,64x1x1,3584x16x1x1
ffn_norm-24,kernel_rms_norm_mul,0.009100,16384x1x1,1024x1x1,3584x16x1x1
ffn_swiglu-24,kernel_swiglu,0.048100,8192x1x1,512x1x1,18944x16x1x1
ffn_out-24,kernel_mul_mv_q6_K_f32,39.603001,3584x1024x1,2x64x1,3584x16x1x1
l_out-24,kernel_add,0.023000,1024x1x1,64x1x1,3584x16x1x1
attn_norm-25,kernel_rms_norm_mul,0.009100,16384x1x1,1024x1x1,3584x16x1x1
Qcur-25,kernel_add_row,0.008000,14336x0x0,64x0x0,3584x16x1x1
Qcur-25,kernel_rope_neox_f32,0.005500,1792x16x1,64x1x1,128x28x16x1
Kcur-25,kernel_add_row,0.005600,2048x0x0,64x0x0,512x16x1x1
Kcur-25,kernel_rope_neox_f32,0.002800,256x16x1,64x1x1,128x4x16x1
node_862,kernel_mul_mv_q6_K_f32,0.956100,512x1024x1,2x64x1,512x16x1x1
Vcur-25,kernel_add_row,0.002600,2048x0x0,64x0x0,512x16x1x1
cache_k_l25 (view),kernel_set_rows_f16_i64,0.003300,8192x1x1,512x1x1,512x4096x1x1
cache_v_l25 (view),kernel_set_rows_f16_i64,0.002800,8192x1x1,512x1x1,512x4096x1x1
__fattn__-25,flash_attn_f32_f16,2.707000,32x28x0,32x1x0,128x28x16x1
ffn_inp-25,kernel_add,0.023900,1024x1x1,64x1x1,3584x16x1x1
ffn_norm-25,kernel_rms_norm_mul,0.009200,16384x1x1,1024x1x1,3584x16x1x1
ffn_swiglu-25,kernel_swiglu,0.047400,8192x1x1,512x1x1,18944x16x1x1
ffn_out-25,kernel_mul_mv_q6_K_f32,39.619202,3584x1024x1,2x64x1,3584x16x1x1
l_out-25,kernel_add,0.023200,1024x1x1,64x1x1,3584x16x1x1
attn_norm-26,kernel_rms_norm_mul,0.009400,16384x1x1,1024x1x1,3584x16x1x1
Qcur-26,kernel_add_row,0.007800,14336x0x0,64x0x0,3584x16x1x1
Qcur-26,kernel_rope_neox_f32,0.005500,1792x16x1,64x1x1,128x28x16x1
Kcur-26,kernel_add_row,0.005700,2048x0x0,64x0x0,512x16x1x1
Kcur-26,kernel_rope_neox_f32,0.002700,256x16x1,64x1x1,128x4x16x1
node_896,kernel_mul_mv_q6_K_f32,0.957800,512x1024x1,2x64x1,512x16x1x1
Vcur-26,kernel_add_row,0.002200,2048x0x0,64x0x0,512x16x1x1
cache_k_l26 (view),kernel_set_rows_f16_i64,0.003400,8192x1x1,512x1x1,512x4096x1x1
cache_v_l26 (view),kernel_set_rows_f16_i64,0.002900,8192x1x1,512x1x1,512x4096x1x1
__fattn__-26,flash_attn_f32_f16,2.692000,32x28x0,32x1x0,128x28x16x1
ffn_inp-26,kernel_add,0.024200,1024x1x1,64x1x1,3584x16x1x1
ffn_norm-26,kernel_rms_norm_mul,0.009200,16384x1x1,1024x1x1,3584x16x1x1
ffn_swiglu-26,kernel_swiglu,0.048600,8192x1x1,512x1x1,18944x16x1x1
ffn_out-26,kernel_mul_mv_q6_K_f32,39.557598,3584x1024x1,2x64x1,3584x16x1x1
l_out-26,kernel_add,0.022900,1024x1x1,64x1x1,3584x16x1x1
attn_norm-27,kernel_rms_norm_mul,0.009100,16384x1x1,1024x1x1,3584x16x1x1
Qcur-27,kernel_add_row,0.007800,14336x0x0,64x0x0,3584x16x1x1
Qcur-27,kernel_rope_neox_f32,0.005600,1792x16x1,64x1x1,128x28x16x1
Kcur-27,kernel_add_row,0.005700,2048x0x0,64x0x0,512x16x1x1
Kcur-27,kernel_rope_neox_f32,0.002800,256x16x1,64x1x1,128x4x16x1
node_930,kernel_mul_mv_q6_K_f32,0.955100,512x1024x1,2x64x1,512x16x1x1
Vcur-27,kernel_add_row,0.002600,2048x0x0,64x0x0,512x16x1x1
cache_k_l27 (view),kernel_set_rows_f16_i64,0.003300,8192x1x1,512x1x1,512x4096x1x1
cache_v_l27 (view),kernel_set_rows_f16_i64,0.002800,8192x1x1,512x1x1,512x4096x1x1
__fattn__-27,flash_attn_f32_f16,2.724400,32x28x0,32x1x0,128x28x16x1
attn_norm-0,kernel_rms_norm_mul,0.012500,16384x1x1,1024x1x1,3584x16x1x1
Qcur-0,kernel_add_row,0.007800,14336x0x0,64x0x0,3584x16x1x1
Qcur-0,kernel_rope_neox_f32,0.005600,1792x16x1,64x1x1,128x28x16x1
Kcur-0,kernel_add_row,0.005700,2048x0x0,64x0x0,512x16x1x1
Kcur-0,kernel_rope_neox_f32,0.002900,256x16x1,64x1x1,128x4x16x1
node_11,kernel_mul_mv_q6_K_f32,0.955900,512x1024x1,2x64x1,512x16x1x1
Vcur-0,kernel_add_row,0.002400,2048x0x0,64x0x0,512x16x1x1
cache_k_l0 (view),kernel_set_rows_f16_i64,0.003300,8192x1x1,512x1x1,512x4096x1x1
cache_v_l0 (view),kernel_set_rows_f16_i64,0.002800,8192x1x1,512x1x1,512x4096x1x1
 (copy),kernel_cpy_f32_f16,0.004600,4096x1x1,64x1x1,512x64x1x1
__fattn__-0,flash_attn_f32_f16,2.694600,32x28x0,32x1x0,128x28x16x1
ffn_inp-0,kernel_add,0.025400,1024x1x1,64x1x1,3584x16x1x1
ffn_norm-0,kernel_rms_norm_mul,0.009200,16384x1x1,1024x1x1,3584x16x1x1
ffn_swiglu-0,kernel_swiglu,0.047200,8192x1x1,512x1x1,18944x16x1x1
ffn_out-0,kernel_mul_mv_q6_K_f32,39.620499,3584x1024x1,2x64x1,3584x16x1x1
l_out-0,kernel_add,0.023500,1024x1x1,64x1x1,3584x16x1x1
attn_norm-1,kernel_rms_norm_mul,0.009200,16384x1x1,1024x1x1,3584x16x1x1
Qcur-1,kernel_add_row,0.008000,14336x0x0,64x0x0,3584x16x1x1
Qcur-1,kernel_rope_neox_f32,0.005400,1792x16x1,64x1x1,128x28x16x1
Kcur-1,kernel_add_row,0.005600,2048x0x0,64x0x0,512x16x1x1
Kcur-1,kernel_rope_neox_f32,0.002800,256x16x1,64x1x1,128x4x16x1
node_46,kernel_mul_mv_q6_K_f32,0.955900,512x1024x1,2x64x1,512x16x1x1
Vcur-1,kernel_add_row,0.002500,2048x0x0,64x0x0,512x16x1x1
cache_k_l1 (view),kernel_set_rows_f16_i64,0.003700,8192x1x1,512x1x1,512x4096x1x1
cache_v_l1 (view),kernel_set_rows_f16_i64,0.002800,8192x1x1,512x1x1,512x4096x1x1
__fattn__-1,flash_attn_f32_f16,2.695700,32x28x0,32x1x0,128x28x16x1
ffn_inp-1,kernel_add,0.024300,1024x1x1,64x1x1,3584x16x1x1
ffn_norm-1,kernel_rms_norm_mul,0.009200,16384x1x1,1024x1x1,3584x16x1x1
ffn_swiglu-1,kernel_swiglu,0.047800,8192x1x1,512x1x1,18944x16x1x1
ffn_out-1,kernel_mul_mv_q6_K_f32,39.624500,3584x1024x1,2x64x1,3584x16x1x1
l_out-1,kernel_add,0.023100,1024x1x1,64x1x1,3584x16x1x1
attn_norm-2,kernel_rms_norm_mul,0.009100,16384x1x1,1024x1x1,3584x16x1x1
Qcur-2,kernel_add_row,0.008000,14336x0x0,64x0x0,3584x16x1x1
Qcur-2,kernel_rope_neox_f32,0.005400,1792x16x1,64x1x1,128x28x16x1
Kcur-2,kernel_add_row,0.005800,2048x0x0,64x0x0,512x16x1x1
Kcur-2,kernel_rope_neox_f32,0.002700,256x16x1,64x1x1,128x4x16x1
node_80,kernel_mul_mv_q6_K_f32,0.954800,512x1024x1,2x64x1,512x16x1x1
Vcur-2,kernel_add_row,0.002600,2048x0x0,64x0x0,512x16x1x1
cache_k_l2 (view),kernel_set_rows_f16_i64,0.003300,8192x1x1,512x1x1,512x4096x1x1
cache_v_l2 (view),kernel_set_rows_f16_i64,0.002900,8192x1x1,512x1x1,512x4096x1x1
__fattn__-2,flash_attn_f32_f16,2.737300,32x28x0,32x1x0,128x28x16x1
ffn_inp-2,kernel_add,0.024200,1024x1x1,64x1x1,3584x16x1x1
ffn_norm-2,kernel_rms_norm_mul,0.009200,16384x1x1,1024x1x1,3584x16x1x1
ffn_swiglu-2,kernel_swiglu,0.048000,8192x1x1,512x1x1,18944x16x1x1
ffn_out-2,kernel_mul_mv_q6_K_f32,40.433601,3584x1024x1,2x64x1,3584x16x1x1
l_out-2,kernel_add,0.023300,1024x1x1,64x1x1,3584x16x1x1
attn_norm-3,kernel_rms_norm_mul,0.009200,16384x1x1,1024x1x1,3584x16x1x1
Qcur-3,kernel_add_row,0.012100,14336x0x0,64x0x0,3584x16x1x1
Qcur-3,kernel_rope_neox_f32,0.005500,1792x16x1,64x1x1,128x28x16x1
Kcur-3,kernel_add_row,0.005700,2048x0x0,64x0x0,512x16x1x1
Kcur-3,kernel_rope_neox_f32,0.002700,256x16x1,64x1x1,128x4x16x1
Vcur-3,kernel_add_row,0.005700,2048x0x0,64x0x0,512x16x1x1
cache_k_l3 (view),kernel_set_rows_f16_i64,0.003600,8192x1x1,512x1x1,512x4096x1x1
cache_v_l3 (view),kernel_set_rows_f16_i64,0.002800,8192x1x1,512x1x1,512x4096x1x1
__fattn__-3,flash_attn_f32_f16,2.668100,32x28x0,32x1x0,128x28x16x1
ffn_inp-3,kernel_add,0.024600,1024x1x1,64x1x1,3584x16x1x1
ffn_norm-3,kernel_rms_norm_mul,0.009300,16384x1x1,1024x1x1,3584x16x1x1
l_out-3,kernel_add,0.024500,1024x1x1,64x1x1,3584x16x1x1
attn_norm-4,kernel_rms_norm_mul,0.009200,16384x1x1,1024x1x1,3584x16x1x1
Qcur-4,kernel_add_row,0.012300,14336x0x0,64x0x0,3584x16x1x1
Qcur-4,kernel_rope_neox_f32,0.005400,1792x16x1,64x1x1,128x28x16x1
Kcur-4,kernel_add_row,0.005700,2048x0x0,64x0x0,512x16x1x1
Kcur-4,kernel_rope_neox_f32,0.002700,256x16x1,64x1x1,128x4x16x1
Vcur-4,kernel_add_row,0.005700,2048x0x0,64x0x0,512x16x1x1
cache_k_l4 (view),kernel_set_rows_f16_i64,0.003300,8192x1x1,512x1x1,512x4096x1x1
cache_v_l4 (view),kernel_set_rows_f16_i64,0.002800,8192x1x1,512x1x1,512x4096x1x1
__fattn__-4,flash_attn_f32_f16,2.710700,32x28x0,32x1x0,128x28x16x1
ffn_inp-4,kernel_add,0.025400,1024x1x1,64x1x1,3584x16x1x1
ffn_norm-4,kernel_rms_norm_mul,0.009200,16384x1x1,1024x1x1,3584x16x1x1
l_out-4,kernel_add,0.022700,1024x1x1,64x1x1,3584x16x1x1
attn_norm-5,kernel_rms_norm_mul,0.009100,16384x1x1,1024x1x1,3584x16x1x1
Qcur-5,kernel_add_row,0.007300,14336x0x0,64x0x0,3584x16x1x1
Qcur-5,kernel_rope_neox_f32,0.005500,1792x16x1,64x1x1,128x28x16x1
Kcur-5,kernel_add_row,0.005700,2048x0x0,64x0x0,512x16x1x1
Kcur-5,kernel_rope_neox_f32,0.002900,256x16x1,64x1x1,128x4x16x1
node_182,kernel_mul_mv_q6_K_f32,0.954300,512x1024x1,2x64x1,512x16x1x1
Vcur-5,kernel_add_row,0.002500,2048x0x0,64x0x0,512x16x1x1
cache_k_l5 (view),kernel_set_rows_f16_i64,0.003300,8192x1x1,512x1x1,512x4096x1x1
cache_v_l5 (view),kernel_set_rows_f16_i64,0.002900,8192x1x1,512x1x1,512x4096x1x1
__fattn__-5,flash_attn_f32_f16,2.713400,32x28x0,32x1x0,128x28x16x1
ffn_inp-5,kernel_add,0.024600,1024x1x1,64x1x1,3584x16x1x1
ffn_norm-5,kernel_rms_norm_mul,0.009300,16384x1x1,1024x1x1,3584x16x1x1
ffn_swiglu-5,kernel_swiglu,0.047600,8192x1x1,512x1x1,18944x16x1x1
ffn_out-5,kernel_mul_mv_q6_K_f32,40.549999,3584x1024x1,2x64x1,3584x16x1x1
l_out-5,kernel_add,0.023400,1024x1x1,64x1x1,3584x16x1x1
attn_norm-6,kernel_rms_norm_mul,0.009200,16384x1x1,1024x1x1,3584x16x1x1
Qcur-6,kernel_add_row,0.012600,14336x0x0,64x0x0,3584x16x1x1
Qcur-6,kernel_rope_neox_f32,0.005700,1792x16x1,64x1x1,128x28x16x1
Kcur-6,kernel_add_row,0.005600,2048x0x0,64x0x0,512x16x1x1
Kcur-6,kernel_rope_neox_f32,0.002700,256x16x1,64x1x1,128x4x16x1
Vcur-6,kernel_add_row,0.005600,2048x0x0,64x0x0,512x16x1x1
cache_k_l6 (view),kernel_set_rows_f16_i64,0.003400,8192x1x1,512x1x1,512x4096x1x1
cache_v_l6 (view),kernel_set_rows_f16_i64,0.002800,8192x1x1,512x1x1,512x4096x1x1
__fattn__-6,flash_attn_f32_f16,2.674000,32x28x0,32x1x0,128x28x16x1
ffn_inp-6,kernel_add,0.024600,1024x1x1,64x1x1,3584x16x1x1
ffn_norm-6,kernel_rms_norm_mul,0.009200,16384x1x1,1024x1x1,3584x16x1x1
l_out-6,kernel_add,0.024400,1024x1x1,64x1x1,3584x16x1x1
attn_norm-7,kernel_rms_norm_mul,0.009200,16384x1x1,1024x1x1,3584x16x1x1
Qcur-7,kernel_add_row,0.012900,14336x0x0,64x0x0,3584x16x1x1
Qcur-7,kernel_rope_neox_f32,0.005400,1792x16x1,64x1x1,128x28x16x1
Kcur-7,kernel_add_row,0.005500,2048x0x0,64x0x0,512x16x1x1
Kcur-7,kernel_rope_neox_f32,0.002700,256x16x1,64x1x1,128x4x16x1
Vcur-7,kernel_add_row,0.005600,2048x0x0,64x0x0,512x16x1x1
cache_k_l7 (view),kernel_set_rows_f16_i64,0.003300,8192x1x1,512x1x1,512x4096x1x1
cache_v_l7 (view),kernel_set_rows_f16_i64,0.002800,8192x1x1,512x1x1,512x4096x1x1
__fattn__-7,flash_attn_f32_f16,2.663700,32x28x0,32x1x0,128x28x16x1
ffn_inp-7,kernel_add,0.025000,1024x1x1,64x1x1,3584x16x1x1
ffn_norm-7,kernel_rms_norm_mul,0.009300,16384x1x1,1024x1x1,3584x16x1x1
l_out-7,kernel_add,0.023100,1024x1x1,64x1x1,3584x16x1x1
attn_norm-8,kernel_rms_norm_mul,0.009200,16384x1x1,1024x1x1,3584x16x1x1
Qcur-8,kernel_add_row,0.007500,14336x0x0,64x0x0,3584x16x1x1
Qcur-8,kernel_rope_neox_f32,0.005500,1792x16x1,64x1x1,128x28x16x1
Kcur-8,kernel_add_row,0.005700,2048x0x0,64x0x0,512x16x1x1
Kcur-8,kernel_rope_neox_f32,0.002800,256x16x1,64x1x1,128x4x16x1
node_284,kernel_mul_mv_q6_K_f32,0.954900,512x1024x1,2x64x1,512x16x1x1
Vcur-8,kernel_add_row,0.002600,2048x0x0,64x0x0,512x16x1x1
cache_k_l8 (view),kernel_set_rows_f16_i64,0.003300,8192x1x1,512x1x1,512x4096x1x1
cache_v_l8 (view),kernel_set_rows_f16_i64,0.002900,8192x1x1,512x1x1,512x4096x1x1
__fattn__-8,flash_attn_f32_f16,2.662800,32x28x0,32x1x0,128x28x16x1
ffn_inp-8,kernel_add,0.024800,1024x1x1,64x1x1,3584x16x1x1
ffn_norm-8,kernel_rms_norm_mul,0.009100,16384x1x1,1024x1x1,3584x16x1x1
ffn_swiglu-8,kernel_swiglu,0.047600,8192x1x1,512x1x1,18944x16x1x1
ffn_out-8,kernel_mul_mv_q6_K_f32,40.215302,3584x1024x1,2x64x1,3584x16x1x1
l_out-8,kernel_add,0.023200,1024x1x1,64x1x1,3584x16x1x1
attn_norm-9,kernel_rms_norm_mul,0.009200,16384x1x1,1024x1x1,3584x16x1x1
Qcur-9,kernel_add_row,0.012500,14336x0x0,64x0x0,3584x16x1x1
Qcur-9,kernel_rope_neox_f32,0.005500,1792x16x1,64x1x1,128x28x16x1
Kcur-9,kernel_add_row,0.005600,2048x0x0,64x0x0,512x16x1x1
Kcur-9,kernel_rope_neox_f32,0.002800,256x16x1,64x1x1,128x4x16x1
Vcur-9,kernel_add_row,0.005800,2048x0x0,64x0x0,512x16x1x1
cache_k_l9 (view),kernel_set_rows_f16_i64,0.003400,8192x1x1,512x1x1,512x4096x1x1
cache_v_l9 (view),kernel_set_rows_f16_i64,0.002900,8192x1x1,512x1x1,512x4096x1x1
__fattn__-9,flash_attn_f32_f16,2.623000,32x28x0,32x1x0,128x28x16x1
ffn_inp-9,kernel_add,0.024400,1024x1x1,64x1x1,3584x16x1x1
ffn_norm-9,kernel_rms_norm_mul,0.009100,16384x1x1,1024x1x1,3584x16x1x1
l_out-9,kernel_add,0.024400,1024x1x1,64x1x1,3584x16x1x1
attn_norm-10,kernel_rms_norm_mul,0.009200,16384x1x1,1024x1x1,3584x16x1x1
Qcur-10,kernel_add_row,0.013200,14336x0x0,64x0x0,3584x16x1x1
Qcur-10,kernel_rope_neox_f32,0.005500,1792x16x1,64x1x1,128x28x16x1
Kcur-10,kernel_add_row,0.005700,2048x0x0,64x0x0,512x16x1x1
Kcur-10,kernel_rope_neox_f32,0.002700,256x16x1,64x1x1,128x4x16x1
Vcur-10,kernel_add_row,0.005600,2048x0x0,64x0x0,512x16x1x1
cache_k_l10 (view),kernel_set_rows_f16_i64,0.003200,8192x1x1,512x1x1,512x4096x1x1
cache_v_l10 (view),kernel_set_rows_f16_i64,0.002800,8192x1x1,512x1x1,512x4096x1x1
__fattn__-10,flash_attn_f32_f16,2.690600,32x28x0,32x1x0,128x28x16x1
ffn_inp-10,kernel_add,0.025300,1024x1x1,64x1x1,3584x16x1x1
ffn_norm-10,kernel_rms_norm_mul,0.009200,16384x1x1,1024x1x1,3584x16x1x1
l_out-10,kernel_add,0.023100,1024x1x1,64x1x1,3584x16x1x1
attn_norm-11,kernel_rms_norm_mul,0.009200,16384x1x1,1024x1x1,3584x16x1x1
Qcur-11,kernel_add_row,0.007200,14336x0x0,64x0x0,3584x16x1x1
Qcur-11,kernel_rope_neox_f32,0.005600,1792x16x1,64x1x1,128x28x16x1
Kcur-11,kernel_add_row,0.005700,2048x0x0,64x0x0,512x16x1x1
Kcur-11,kernel_rope_neox_f32,0.002700,256x16x1,64x1x1,128x4x16x1
node_386,kernel_mul_mv_q6_K_f32,0.955000,512x1024x1,2x64x1,512x16x1x1
Vcur-11,kernel_add_row,0.002500,2048x0x0,64x0x0,512x16x1x1
cache_k_l11 (view),kernel_set_rows_f16_i64,0.003200,8192x1x1,512x1x1,512x4096x1x1
cache_v_l11 (view),kernel_set_rows_f16_i64,0.002800,8192x1x1,512x1x1,512x4096x1x1
__fattn__-11,flash_attn_f32_f16,2.697600,32x28x0,32x1x0,128x28x16x1
ffn_inp-11,kernel_add,0.025100,1024x1x1,64x1x1,3584x16x1x1
ffn_norm-11,kernel_rms_norm_mul,0.009100,16384x1x1,1024x1x1,3584x16x1x1
ffn_swiglu-11,kernel_swiglu,0.047900,8192x1x1,512x1x1,18944x16x1x1
ffn_out-11,kernel_mul_mv_q6_K_f32,39.586498,3584x1024x1,2x64x1,3584x16x1x1
l_out-11,kernel_add,0.023300,1024x1x1,64x1x1,3584x16x1x1
attn_norm-12,kernel_rms_norm_mul,0.009100,16384x1x1,1024x1x1,3584x16x1x1
Qcur-12,kernel_add_row,0.011200,14336x0x0,64x0x0,3584x16x1x1
Qcur-12,kernel_rope_neox_f32,0.005400,1792x16x1,64x1x1,128x28x16x1
Kcur-12,kernel_add_row,0.005600,2048x0x0,64x0x0,512x16x1x1
Kcur-12,kernel_rope_neox_f32,0.002700,256x16x1,64x1x1,128x4x16x1
Vcur-12,kernel_add_row,0.005600,2048x0x0,64x0x0,512x16x1x1
cache_k_l12 (view),kernel_set_rows_f16_i64,0.003300,8192x1x1,512x1x1,512x4096x1x1
cache_v_l12 (view),kernel_set_rows_f16_i64,0.002900,8192x1x1,512x1x1,512x4096x1x1
__fattn__-12,flash_attn_f32_f16,2.687200,32x28x0,32x1x0,128x28x16x1
ffn_inp-12,kernel_add,0.024400,1024x1x1,64x1x1,3584x16x1x1
ffn_norm-12,kernel_rms_norm_mul,0.009100,16384x1x1,1024x1x1,3584x16x1x1
l_out-12,kernel_add,0.024000,1024x1x1,64x1x1,3584x16x1x1
attn_norm-13,kernel_rms_norm_mul,0.009100,16384x1x1,1024x1x1,3584x16x1x1
Qcur-13,kernel_add_row,0.012800,14336x0x0,64x0x0,3584x16x1x1
Qcur-13,kernel_rope_neox_f32,0.005600,1792x16x1,64x1x1,128x28x16x1
Kcur-13,kernel_add_row,0.005600,2048x0x0,64x0x0,512x16x1x1
Kcur-13,kernel_rope_neox_f32,0.002700,256x16x1,64x1x1,128x4x16x1
Vcur-13,kernel_add_row,0.005600,2048x0x0,64x0x0,512x16x1x1
cache_k_l13 (view),kernel_set_rows_f16_i64,0.003400,8192x1x1,512x1x1,512x4096x1x1
cache_v_l13 (view),kernel_set_rows_f16_i64,0.002800,8192x1x1,512x1x1,512x4096x1x1
__fattn__-13,flash_attn_f32_f16,2.738900,32x28x0,32x1x0,128x28x16x1
ffn_inp-13,kernel_add,0.024700,1024x1x1,64x1x1,3584x16x1x1
ffn_norm-13,kernel_rms_norm_mul,0.009200,16384x1x1,1024x1x1,3584x16x1x1
l_out-13,kernel_add,0.023400,1024x1x1,64x1x1,3584x16x1x1
attn_norm-14,kernel_rms_norm_mul,0.009100,16384x1x1,1024x1x1,3584x16x1x1
Qcur-14,kernel_add_row,0.007400,14336x0x0,64x0x0,3584x16x1x1
Qcur-14,kernel_rope_neox_f32,0.005600,1792x16x1,64x1x1,128x28x16x1
Kcur-14,kernel_add_row,0.005800,2048x0x0,64x0x0,512x16x1x1
Kcur-14,kernel_rope_neox_f32,0.002900,256x16x1,64x1x1,128x4x16x1
node_488,kernel_mul_mv_q6_K_f32,0.953600,512x1024x1,2x64x1,512x16x1x1
Vcur-14,kernel_add_row,0.002500,2048x0x0,64x0x0,512x16x1x1
cache_k_l14 (view),kernel_set_rows_f16_i64,0.003200,8192x1x1,512x1x1,512x4096x1x1
cache_v_l14 (view),kernel_set_rows_f16_i64,0.002900,8192x1x1,512x1x1,512x4096x1x1
__fattn__-14,flash_attn_f32_f16,2.692200,32x28x0,32x1x0,128x28x16x1
ffn_inp-14,kernel_add,0.025000,1024x1x1,64x1x1,3584x16x1x1
ffn_norm-14,kernel_rms_norm_mul,0.009200,16384x1x1,1024x1x1,3584x16x1x1
ffn_swiglu-14,kernel_swiglu,0.050400,8192x1x1,512x1x1,18944x16x1x1
ffn_out-14,kernel_mul_mv_q6_K_f32,39.605400,3584x1024x1,2x64x1,3584x16x1x1
l_out-14,kernel_add,0.023500,1024x1x1,64x1x1,3584x16x1x1
attn_norm-15,kernel_rms_norm_mul,0.009200,16384x1x1,1024x1x1,3584x16x1x1
Qcur-15,kernel_add_row,0.012700,14336x0x0,64x0x0,3584x16x1x1
Qcur-15,kernel_rope_neox_f32,0.005500,1792x16x1,64x1x1,128x28x16x1
Kcur-15,kernel_add_row,0.005600,2048x0x0,64x0x0,512x16x1x1
Kcur-15,kernel_rope_neox_f32,0.002700,256x16x1,64x1x1,128x4x16x1
Vcur-15,kernel_add_row,0.005600,2048x0x0,64x0x0,512x16x1x1
cache_k_l15 (view),kernel_set_rows_f16_i64,0.003300,8192x1x1,512x1x1,512x4096x1x1
cache_v_l15 (view),kernel_set_rows_f16_i64,0.002800,8192x1x1,512x1x1,512x4096x1x1
__fattn__-15,flash_attn_f32_f16,2.705600,32x28x0,32x1x0,128x28x16x1
ffn_inp-15,kernel_add,0.024500,1024x1x1,64x1x1,3584x16x1x1
ffn_norm-15,kernel_rms_norm_mul,0.009200,16384x1x1,1024x1x1,3584x16x1x1
l_out-15,kernel_add,0.024500,1024x1x1,64x1x1,3584x16x1x1
attn_norm-16,kernel_rms_norm_mul,0.009200,16384x1x1,1024x1x1,3584x16x1x1
Qcur-16,kernel_add_row,0.013000,14336x0x0,64x0x0,3584x16x1x1
Qcur-16,kernel_rope_neox_f32,0.005400,1792x16x1,64x1x1,128x28x16x1
Kcur-16,kernel_add_row,0.005800,2048x0x0,64x0x0,512x16x1x1
Kcur-16,kernel_rope_neox_f32,0.002700,256x16x1,64x1x1,128x4x16x1
Vcur-16,kernel_add_row,0.005600,2048x0x0,64x0x0,512x16x1x1
cache_k_l16 (view),kernel_set_rows_f16_i64,0.003400,8192x1x1,512x1x1,512x4096x1x1
cache_v_l16 (view),kernel_set_rows_f16_i64,0.002800,8192x1x1,512x1x1,512x4096x1x1
__fattn__-16,flash_attn_f32_f16,2.674800,32x28x0,32x1x0,128x28x16x1
ffn_inp-16,kernel_add,0.024800,1024x1x1,64x1x1,3584x16x1x1
ffn_norm-16,kernel_rms_norm_mul,0.009200,16384x1x1,1024x1x1,3584x16x1x1
l_out-16,kernel_add,0.023100,1024x1x1,64x1x1,3584x16x1x1
attn_norm-17,kernel_rms_norm_mul,0.009300,16384x1x1,1024x1x1,3584x16x1x1
Qcur-17,kernel_add_row,0.007400,14336x0x0,64x0x0,3584x16x1x1
Qcur-17,kernel_rope_neox_f32,0.005400,1792x16x1,64x1x1,128x28x16x1
Kcur-17,kernel_add_row,0.005800,2048x0x0,64x0x0,512x16x1x1
Kcur-17,kernel_rope_neox_f32,0.002700,256x16x1,64x1x1,128x4x16x1
node_590,kernel_mul_mv_q6_K_f32,0.953900,512x1024x1,2x64x1,512x16x1x1
Vcur-17,kernel_add_row,0.002200,2048x0x0,64x0x0,512x16x1x1
cache_k_l17 (view),kernel_set_rows_f16_i64,0.003500,8192x1x1,512x1x1,512x4096x1x1
cache_v_l17 (view),kernel_set_rows_f16_i64,0.002800,8192x1x1,512x1x1,512x4096x1x1
__fattn__-17,flash_attn_f32_f16,2.646000,32x28x0,32x1x0,128x28x16x1
ffn_inp-17,kernel_add,0.024800,1024x1x1,64x1x1,3584x16x1x1
ffn_norm-17,kernel_rms_norm_mul,0.009200,16384x1x1,1024x1x1,3584x16x1x1
ffn_swiglu-17,kernel_swiglu,0.047600,8192x1x1,512x1x1,18944x16x1x1
ffn_out-17,kernel_mul_mv_q6_K_f32,39.629799,3584x1024x1,2x64x1,3584x16x1x1
l_out-17,kernel_add,0.023400,1024x1x1,64x1x1,3584x16x1x1
attn_norm-18,kernel_rms_norm_mul,0.009200,16384x1x1,1024x1x1,3584x16x1x1
Qcur-18,kernel_add_row,0.012500,14336x0x0,64x0x0,3584x16x1x1
Qcur-18,kernel_rope_neox_f32,0.005500,1792x16x1,64x1x1,128x28x16x1
Kcur-18,kernel_add_row,0.005700,2048x0x0,64x0x0,512x16x1x1
Kcur-18,kernel_rope_neox_f32,0.002800,256x16x1,64x1x1,128x4x16x1
Vcur-18,kernel_add_row,0.005700,2048x0x0,64x0x0,512x16x1x1
cache_k_l18 (view),kernel_set_rows_f16_i64,0.003500,8192x1x1,512x1x1,512x4096x1x1
cache_v_l18 (view),kernel_set_rows_f16_i64,0.002800,8192x1x1,512x1x1,512x4096x1x1
__fattn__-18,flash_attn_f32_f16,2.681000,32x28x0,32x1x0,128x28x16x1
ffn_inp-18,kernel_add,0.024500,1024x1x1,64x1x1,3584x16x1x1
ffn_norm-18,kernel_rms_norm_mul,0.009200,16384x1x1,1024x1x1,3584x16x1x1
l_out-18,kernel_add,0.024300,1024x1x1,64x1x1,3584x16x1x1
attn_norm-19,kernel_rms_norm_mul,0.009200,16384x1x1,1024x1x1,3584x16x1x1
Qcur-19,kernel_add_row,0.013200,14336x0x0,64x0x0,3584x16x1x1
Qcur-19,kernel_rope_neox_f32,0.005500,1792x16x1,64x1x1,128x28x16x1
Kcur-19,kernel_add_row,0.005600,2048x0x0,64x0x0,512x16x1x1
Kcur-19,kernel_rope_neox_f32,0.002700,256x16x1,64x1x1,128x4x16x1
Vcur-19,kernel_add_row,0.005700,2048x0x0,64x0x0,512x16x1x1
cache_k_l19 (view),kernel_set_rows_f16_i64,0.003100,8192x1x1,512x1x1,512x4096x1x1
cache_v_l19 (view),kernel_set_rows_f16_i64,0.002800,8192x1x1,512x1x1,512x4096x1x1
__fattn__-19,flash_attn_f32_f16,2.650400,32x28x0,32x1x0,128x28x16x1
ffn_inp-19,kernel_add,0.025000,1024x1x1,64x1x1,3584x16x1x1
ffn_norm-19,kernel_rms_norm_mul,0.009100,16384x1x1,1024x1x1,3584x16x1x1
l_out-19,kernel_add,0.023300,1024x1x1,64x1x1,3584x16x1x1
attn_norm-20,kernel_rms_norm_mul,0.009200,16384x1x1,1024x1x1,3584x16x1x1
Qcur-20,kernel_add_row,0.007400,14336x0x0,64x0x0,3584x16x1x1
Qcur-20,kernel_rope_neox_f32,0.005600,1792x16x1,64x1x1,128x28x16x1
Kcur-20,kernel_add_row,0.005700,2048x0x0,64x0x0,512x16x1x1
Kcur-20,kernel_rope_neox_f32,0.002800,256x16x1,64x1x1,128x4x16x1
node_692,kernel_mul_mv_q6_K_f32,0.952300,512x1024x1,2x64x1,512x16x1x1
Vcur-20,kernel_add_row,0.002500,2048x0x0,64x0x0,512x16x1x1
cache_k_l20 (view),kernel_set_rows_f16_i64,0.003400,8192x1x1,512x1x1,512x4096x1x1
cache_v_l20 (view),kernel_set_rows_f16_i64,0.002900,8192x1x1,512x1x1,512x4096x1x1
__fattn__-20,flash_attn_f32_f16,2.733400,32x28x0,32x1x0,128x28x16x1
ffn_inp-20,kernel_add,0.025100,1024x1x1,64x1x1,3584x16x1x1
ffn_norm-20,kernel_rms_norm_mul,0.009200,16384x1x1,1024x1x1,3584x16x1x1
ffn_swiglu-20,kernel_swiglu,0.046700,8192x1x1,512x1x1,18944x16x1x1
ffn_out-20,kernel_mul_mv_q6_K_f32,39.609600,3584x1024x1,2x64x1,3584x16x1x1
l_out-20,kernel_add,0.023200,1024x1x1,64x1x1,3584x16x1x1
attn_norm-21,kernel_rms_norm_mul,0.009200,16384x1x1,1024x1x1,3584x16x1x1
Qcur-21,kernel_add_row,0.011100,14336x0x0,64x0x0,3584x16x1x1
Qcur-21,kernel_rope_neox_f32,0.005500,1792x16x1,64x1x1,128x28x16x1
Kcur-21,kernel_add_row,0.005600,2048x0x0,64x0x0,512x16x1x1
Kcur-21,kernel_rope_neox_f32,0.002800,256x16x1,64x1x1,128x4x16x1
Vcur-21,kernel_add_row,0.005600,2048x0x0,64x0x0,512x16x1x1
cache_k_l21 (view),kernel_set_rows_f16_i64,0.003300,8192x1x1,512x1x1,512x4096x1x1
cache_v_l21 (view),kernel_set_rows_f16_i64,0.002900,8192x1x1,512x1x1,512x4096x1x1
__fattn__-21,flash_attn_f32_f16,2.705400,32x28x0,32x1x0,128x28x16x1
ffn_inp-21,kernel_add,0.024500,1024x1x1,64x1x1,3584x16x1x1
ffn_norm-21,kernel_rms_norm_mul,0.009200,16384x1x1,1024x1x1,3584x16x1x1
l_out-21,kernel_add,0.024100,1024x1x1,64x1x1,3584x16x1x1
attn_norm-22,kernel_rms_norm_mul,0.009100,16384x1x1,1024x1x1,3584x16x1x1
Qcur-22,kernel_add_row,0.013300,14336x0x0,64x0x0,3584x16x1x1
Qcur-22,kernel_rope_neox_f32,0.005400,1792x16x1,64x1x1,128x28x16x1
Kcur-22,kernel_add_row,0.005600,2048x0x0,64x0x0,512x16x1x1
Kcur-22,kernel_rope_neox_f32,0.002700,256x16x1,64x1x1,128x4x16x1
Vcur-22,kernel_add_row,0.005500,2048x0x0,64x0x0,512x16x1x1
cache_k_l22 (view),kernel_set_rows_f16_i64,0.003300,8192x1x1,512x1x1,512x4096x1x1
cache_v_l22 (view),kernel_set_rows_f16_i64,0.002800,8192x1x1,512x1x1,512x4096x1x1
__fattn__-22,flash_attn_f32_f16,2.633700,32x28x0,32x1x0,128x28x16x1
ffn_inp-22,kernel_add,0.024900,1024x1x1,64x1x1,3584x16x1x1
ffn_norm-22,kernel_rms_norm_mul,0.009200,16384x1x1,1024x1x1,3584x16x1x1
l_out-22,kernel_add,0.022800,1024x1x1,64x1x1,3584x16x1x1
attn_norm-23,kernel_rms_norm_mul,0.009200,16384x1x1,1024x1x1,3584x16x1x1
Qcur-23,kernel_add_row,0.007500,14336x0x0,64x0x0,3584x16x1x1
Qcur-23,kernel_rope_neox_f32,0.005400,1792x16x1,64x1x1,128x28x16x1
Kcur-23,kernel_add_row,0.005600,2048x0x0,64x0x0,512x16x1x1
Kcur-23,kernel_rope_neox_f32,0.002700,256x16x1,64x1x1,128x4x16x1
node_794,kernel_mul_mv_q6_K_f32,0.956300,512x1024x1,2x64x1,512x16x1x1
Vcur-23,kernel_add_row,0.002100,2048x0x0,64x0x0,512x16x1x1
cache_k_l23 (view),kernel_set_rows_f16_i64,0.003300,8192x1x1,512x1x1,512x4096x1x1
cache_v_l23 (view),kernel_set_rows_f16_i64,0.002800,8192x1x1,512x1x1,512x4096x1x1
__fattn__-23,flash_attn_f32_f16,2.698000,32x28x0,32x1x0,128x28x16x1
ffn_inp-23,kernel_add,0.025400,1024x1x1,64x1x1,3584x16x1x1
ffn_norm-23,kernel_rms_norm_mul,0.009400,16384x1x1,1024x1x1,3584x16x1x1
ffn_swiglu-23,kernel_swiglu,0.046700,8192x1x1,512x1x1,18944x16x1x1
ffn_out-23,kernel_mul_mv_q6_K_f32,39.611500,3584x1024x1,2x64x1,3584x16x1x1
l_out-23,kernel_add,0.023300,1024x1x1,64x1x1,3584x16x1x1
attn_norm-24,kernel_rms_norm_mul,0.009200,16384x1x1,1024x1x1,3584x16x1x1
Qcur-24,kernel_add_row,0.007900,14336x0x0,64x0x0,3584x16x1x1
Qcur-24,kernel_rope_neox_f32,0.005500,1792x16x1,64x1x1,128x28x16x1
Kcur-24,kernel_add_row,0.005600,2048x0x0,64x0x0,512x16x1x1
Kcur-24,kernel_rope_neox_f32,0.002700,256x16x1,64x1x1,128x4x16x1
node_828,kernel_mul_mv_q6_K_f32,0.955900,512x1024x1,2x64x1,512x16x1x1
Vcur-24,kernel_add_row,0.002500,2048x0x0,64x0x0,512x16x1x1
cache_k_l24 (view),kernel_set_rows_f16_i64,0.003300,8192x1x1,512x1x1,512x4096x1x1
cache_v_l24 (view),kernel_set_rows_f16_i64,0.002900,8192x1x1,512x1x1,512x4096x1x1
__fattn__-24,flash_attn_f32_f16,2.724400,32x28x0,32x1x0,128x28x16x1
ffn_inp-24,kernel_add,0.024400,1024x1x1,64x1x1,3584x16x1x1
ffn_norm-24,kernel_rms_norm_mul,0.009200,16384x1x1,1024x1x1,3584x16x1x1
ffn_swiglu-24,kernel_swiglu,0.047600,8192x1x1,512x1x1,18944x16x1x1
ffn_out-24,kernel_mul_mv_q6_K_f32,39.555000,3584x1024x1,2x64x1,3584x16x1x1
l_out-24,kernel_add,0.023500,1024x1x1,64x1x1,3584x16x1x1
attn_norm-25,kernel_rms_norm_mul,0.009200,16384x1x1,1024x1x1,3584x16x1x1
Qcur-25,kernel_add_row,0.008100,14336x0x0,64x0x0,3584x16x1x1
Qcur-25,kernel_rope_neox_f32,0.005600,1792x16x1,64x1x1,128x28x16x1
Kcur-25,kernel_add_row,0.005700,2048x0x0,64x0x0,512x16x1x1
Kcur-25,kernel_rope_neox_f32,0.002700,256x16x1,64x1x1,128x4x16x1
node_862,kernel_mul_mv_q6_K_f32,0.955200,512x1024x1,2x64x1,512x16x1x1
Vcur-25,kernel_add_row,0.002300,2048x0x0,64x0x0,512x16x1x1
cache_k_l25 (view),kernel_set_rows_f16_i64,0.003100,8192x1x1,512x1x1,512x4096x1x1
cache_v_l25 (view),kernel_set_rows_f16_i64,0.002800,8192x1x1,512x1x1,512x4096x1x1
__fattn__-25,flash_attn_f32_f16,2.679300,32x28x0,32x1x0,128x28x16x1
ffn_inp-25,kernel_add,0.024300,1024x1x1,64x1x1,3584x16x1x1
ffn_norm-25,kernel_rms_norm_mul,0.009200,16384x1x1,1024x1x1,3584x16x1x1
ffn_swiglu-25,kernel_swiglu,0.047100,8192x1x1,512x1x1,18944x16x1x1
ffn_out-25,kernel_mul_mv_q6_K_f32,39.583599,3584x1024x1,2x64x1,3584x16x1x1
l_out-25,kernel_add,0.023000,1024x1x1,64x1x1,3584x16x1x1
attn_norm-26,kernel_rms_norm_mul,0.009200,16384x1x1,1024x1x1,3584x16x1x1
Qcur-26,kernel_add_row,0.007900,14336x0x0,64x0x0,3584x16x1x1
Qcur-26,kernel_rope_neox_f32,0.005400,1792x16x1,64x1x1,128x28x16x1
Kcur-26,kernel_add_row,0.005600,2048x0x0,64x0x0,512x16x1x1
Kcur-26,kernel_rope_neox_f32,0.002700,256x16x1,64x1x1,128x4x16x1
node_896,kernel_mul_mv_q6_K_f32,0.956100,512x1024x1,2x64x1,512x16x1x1
Vcur-26,kernel_add_row,0.002500,2048x0x0,64x0x0,512x16x1x1
cache_k_l26 (view),kernel_set_rows_f16_i64,0.003400,8192x1x1,512x1x1,512x4096x1x1
cache_v_l26 (view),kernel_set_rows_f16_i64,0.002900,8192x1x1,512x1x1,512x4096x1x1
__fattn__-26,flash_attn_f32_f16,2.678400,32x28x0,32x1x0,128x28x16x1
ffn_inp-26,kernel_add,0.023900,1024x1x1,64x1x1,3584x16x1x1
ffn_norm-26,kernel_rms_norm_mul,0.009100,16384x1x1,1024x1x1,3584x16x1x1
ffn_swiglu-26,kernel_swiglu,0.047000,8192x1x1,512x1x1,18944x16x1x1
ffn_out-26,kernel_mul_mv_q6_K_f32,39.579102,3584x1024x1,2x64x1,3584x16x1x1
l_out-26,kernel_add,0.023000,1024x1x1,64x1x1,3584x16x1x1
attn_norm-27,kernel_rms_norm_mul,0.009100,16384x1x1,1024x1x1,3584x16x1x1
Qcur-27,kernel_add_row,0.008300,14336x0x0,64x0x0,3584x16x1x1
Qcur-27,kernel_rope_neox_f32,0.005500,1792x16x1,64x1x1,128x28x16x1
Kcur-27,kernel_add_row,0.005900,2048x0x0,64x0x0,512x16x1x1
Kcur-27,kernel_rope_neox_f32,0.002800,256x16x1,64x1x1,128x4x16x1
node_930,kernel_mul_mv_q6_K_f32,0.999500,512x1024x1,2x64x1,512x16x1x1
Vcur-27,kernel_add_row,0.003400,2048x0x0,64x0x0,512x16x1x1
cache_k_l27 (view),kernel_set_rows_f16_i64,0.004300,8192x1x1,512x1x1,512x4096x1x1
cache_v_l27 (view),kernel_set_rows_f16_i64,0.002800,8192x1x1,512x1x1,512x4096x1x1
__fattn__-27,flash_attn_f32_f16,2.796000,32x28x0,32x1x0,128x28x16x1
attn_norm-0,kernel_rms_norm_mul,0.012500,16384x1x1,1024x1x1,3584x16x1x1
Qcur-0,kernel_add_row,0.008000,14336x0x0,64x0x0,3584x16x1x1
Qcur-0,kernel_rope_neox_f32,0.005600,1792x16x1,64x1x1,128x28x16x1
Kcur-0,kernel_add_row,0.005700,2048x0x0,64x0x0,512x16x1x1
Kcur-0,kernel_rope_neox_f32,0.002800,256x16x1,64x1x1,128x4x16x1
node_11,kernel_mul_mv_q6_K_f32,0.953600,512x1024x1,2x64x1,512x16x1x1
Vcur-0,kernel_add_row,0.002500,2048x0x0,64x0x0,512x16x1x1
cache_k_l0 (view),kernel_set_rows_f16_i64,0.003400,8192x1x1,512x1x1,512x4096x1x1
cache_v_l0 (view),kernel_set_rows_f16_i64,0.002900,8192x1x1,512x1x1,512x4096x1x1
 (copy),kernel_cpy_f32_f16,0.004700,4096x1x1,64x1x1,512x64x1x1
__fattn__-0,flash_attn_f32_f16,2.718400,32x28x0,32x1x0,128x28x16x1
ffn_inp-0,kernel_add,0.025400,1024x1x1,64x1x1,3584x16x1x1
ffn_norm-0,kernel_rms_norm_mul,0.009000,16384x1x1,1024x1x1,3584x16x1x1
ffn_swiglu-0,kernel_swiglu,0.045900,8192x1x1,512x1x1,18944x16x1x1
ffn_out-0,kernel_mul_mv_q6_K_f32,39.611500,3584x1024x1,2x64x1,3584x16x1x1
l_out-0,kernel_add,0.023500,1024x1x1,64x1x1,3584x16x1x1
attn_norm-1,kernel_rms_norm_mul,0.009200,16384x1x1,1024x1x1,3584x16x1x1
Qcur-1,kernel_add_row,0.007700,14336x0x0,64x0x0,3584x16x1x1
Qcur-1,kernel_rope_neox_f32,0.005400,1792x16x1,64x1x1,128x28x16x1
Kcur-1,kernel_add_row,0.005700,2048x0x0,64x0x0,512x16x1x1
Kcur-1,kernel_rope_neox_f32,0.002800,256x16x1,64x1x1,128x4x16x1
node_46,kernel_mul_mv_q6_K_f32,0.954500,512x1024x1,2x64x1,512x16x1x1
Vcur-1,kernel_add_row,0.002300,2048x0x0,64x0x0,512x16x1x1
cache_k_l1 (view),kernel_set_rows_f16_i64,0.003300,8192x1x1,512x1x1,512x4096x1x1
cache_v_l1 (view),kernel_set_rows_f16_i64,0.002800,8192x1x1,512x1x1,512x4096x1x1
__fattn__-1,flash_attn_f32_f16,2.681000,32x28x0,32x1x0,128x28x16x1
ffn_inp-1,kernel_add,0.023600,1024x1x1,64x1x1,3584x16x1x1
ffn_norm-1,kernel_rms_norm_mul,0.009400,16384x1x1,1024x1x1,3584x16x1x1
ffn_swiglu-1,kernel_swiglu,0.046600,8192x1x1,512x1x1,18944x16x1x1
ffn_out-1,kernel_mul_mv_q6_K_f32,39.623402,3584x1024x1,2x64x1,3584x16x1x1
l_out-1,kernel_add,0.023100,1024x1x1,64x1x1,3584x16x1x1
attn_norm-2,kernel_rms_norm_mul,0.009300,16384x1x1,1024x1x1,3584x16x1x1
Qcur-2,kernel_add_row,0.008000,14336x0x0,64x0x0,3584x16x1x1
Qcur-2,kernel_rope_neox_f32,0.005500,1792x16x1,64x1x1,128x28x16x1
Kcur-2,kernel_add_row,0.005600,2048x0x0,64x0x0,512x16x1x1
Kcur-2,kernel_rope_neox_f32,0.002800,256x16x1,64x1x1,128x4x16x1
node_80,kernel_mul_mv_q6_K_f32,0.954500,512x1024x1,2x64x1,512x16x1x1
Vcur-2,kernel_add_row,0.002300,2048x0x0,64x0x0,512x16x1x1
cache_k_l2 (view),kernel_set_rows_f16_i64,0.003400,8192x1x1,512x1x1,512x4096x1x1
cache_v_l2 (view),kernel_set_rows_f16_i64,0.002800,8192x1x1,512x1x1,512x4096x1x1
__fattn__-2,flash_attn_f32_f16,2.701300,32x28x0,32x1x0,128x28x16x1
ffn_inp-2,kernel_add,0.024200,1024x1x1,64x1x1,3584x16x1x1
ffn_norm-2,kernel_rms_norm_mul,0.009100,16384x1x1,1024x1x1,3584x16x1x1
ffn_swiglu-2,kernel_swiglu,0.046400,8192x1x1,512x1x1,18944x16x1x1
ffn_out-2,kernel_mul_mv_q6_K_f32,40.322899,3584x1024x1,2x64x1,3584x16x1x1
l_out-2,kernel_add,0.023000,1024x1x1,64x1x1,3584x16x1x1
attn_norm-3,kernel_rms_norm_mul,0.009100,16384x1x1,1024x1x1,3584x16x1x1
Qcur-3,kernel_add_row,0.012600,14336x0x0,64x0x0,3584x16x1x1
Qcur-3,kernel_rope_neox_f32,0.005400,1792x16x1,64x1x1,128x28x16x1
Kcur-3,kernel_add_row,0.005500,2048x0x0,64x0x0,512x16x1x1
Kcur-3,kernel_rope_neox_f32,0.002700,256x16x1,64x1x1,128x4x16x1
Vcur-3,kernel_add_row,0.005700,2048x0x0,64x0x0,512x16x1x1
cache_k_l3 (view),kernel_set_rows_f16_i64,0.003500,8192x1x1,512x1x1,512x4096x1x1
cache_v_l3 (view),kernel_set_rows_f16_i64,0.002900,8192x1x1,512x1x1,512x4096x1x1
__fattn__-3,flash_attn_f32_f16,2.703400,32x28x0,32x1x0,128x28x16x1
ffn_inp-3,kernel_add,0.024400,1024x1x1,64x1x1,3584x16x1x1
ffn_norm-3,kernel_rms_norm_mul,0.009200,16384x1x1,1024x1x1,3584x16x1x1
l_out-3,kernel_add,0.024400,1024x1x1,64x1x1,3584x16x1x1
attn_norm-4,kernel_rms_norm_mul,0.009200,16384x1x1,1024x1x1,3584x16x1x1
Qcur-4,kernel_add_row,0.012700,14336x0x0,64x0x0,3584x16x1x1
Qcur-4,kernel_rope_neox_f32,0.005400,1792x16x1,64x1x1,128x28x16x1
Kcur-4,kernel_add_row,0.005600,2048x0x0,64x0x0,512x16x1x1
Kcur-4,kernel_rope_neox_f32,0.002800,256x16x1,64x1x1,128x4x16x1
Vcur-4,kernel_add_row,0.005700,2048x0x0,64x0x0,512x16x1x1
cache_k_l4 (view),kernel_set_rows_f16_i64,0.003300,8192x1x1,512x1x1,512x4096x1x1
cache_v_l4 (view),kernel_set_rows_f16_i64,0.003000,8192x1x1,512x1x1,512x4096x1x1
__fattn__-4,flash_attn_f32_f16,2.723500,32x28x0,32x1x0,128x28x16x1
ffn_inp-4,kernel_add,0.024900,1024x1x1,64x1x1,3584x16x1x1
ffn_norm-4,kernel_rms_norm_mul,0.009100,16384x1x1,1024x1x1,3584x16x1x1
l_out-4,kernel_add,0.023200,1024x1x1,64x1x1,3584x16x1x1
attn_norm-5,kernel_rms_norm_mul,0.009200,16384x1x1,1024x1x1,3584x16x1x1
Qcur-5,kernel_add_row,0.007600,14336x0x0,64x0x0,3584x16x1x1
Qcur-5,kernel_rope_neox_f32,0.005500,1792x16x1,64x1x1,128x28x16x1
Kcur-5,kernel_add_row,0.005700,2048x0x0,64x0x0,512x16x1x1
Kcur-5,kernel_rope_neox_f32,0.002700,256x16x1,64x1x1,128x4x16x1
node_182,kernel_mul_mv_q6_K_f32,0.955800,512x1024x1,2x64x1,512x16x1x1
Vcur-5,kernel_add_row,0.002500,2048x0x0,64x0x0,512x16x1x1
cache_k_l5 (view),kernel_set_rows_f16_i64,0.003300,8192x1x1,512x1x1,512x4096x1x1
cache_v_l5 (view),kernel_set_rows_f16_i64,0.002900,8192x1x1,512x1x1,512x4096x1x1
__fattn__-5,flash_attn_f32_f16,2.686100,32x28x0,32x1x0,128x28x16x1
ffn_inp-5,kernel_add,0.024700,1024x1x1,64x1x1,3584x16x1x1
ffn_norm-5,kernel_rms_norm_mul,0.009200,16384x1x1,1024x1x1,3584x16x1x1
ffn_swiglu-5,kernel_swiglu,0.046800,8192x1x1,512x1x1,18944x16x1x1
ffn_out-5,kernel_mul_mv_q6_K_f32,40.541599,3584x1024x1,2x64x1,3584x16x1x1
l_out-5,kernel_add,0.023300,1024x1x1,64x1x1,3584x16x1x1
attn_norm-6,kernel_rms_norm_mul,0.009300,16384x1x1,1024x1x1,3584x16x1x1
Qcur-6,kernel_add_row,0.011900,14336x0x0,64x0x0,3584x16x1x1
Qcur-6,kernel_rope_neox_f32,0.005400,1792x16x1,64x1x1,128x28x16x1
Kcur-6,kernel_add_row,0.005700,2048x0x0,64x0x0,512x16x1x1
Kcur-6,kernel_rope_neox_f32,0.002800,256x16x1,64x1x1,128x4x16x1
Vcur-6,kernel_add_row,0.005600,2048x0x0,64x0x0,512x16x1x1
cache_k_l6 (view),kernel_set_rows_f16_i64,0.003400,8192x1x1,512x1x1,512x4096x1x1
cache_v_l6 (view),kernel_set_rows_f16_i64,0.002800,8192x1x1,512x1x1,512x4096x1x1
__fattn__-6,flash_attn_f32_f16,2.714400,32x28x0,32x1x0,128x28x16x1
ffn_inp-6,kernel_add,0.024200,1024x1x1,64x1x1,3584x16x1x1
ffn_norm-6,kernel_rms_norm_mul,0.009300,16384x1x1,1024x1x1,3584x16x1x1
l_out-6,kernel_add,0.024100,1024x1x1,64x1x1,3584x16x1x1
attn_norm-7,kernel_rms_norm_mul,0.009200,16384x1x1,1024x1x1,3584x16x1x1
Qcur-7,kernel_add_row,0.013000,14336x0x0,64x0x0,3584x16x1x1
Qcur-7,kernel_rope_neox_f32,0.005500,1792x16x1,64x1x1,128x28x16x1
Kcur-7,kernel_add_row,0.005700,2048x0x0,64x0x0,512x16x1x1
Kcur-7,kernel_rope_neox_f32,0.002700,256x16x1,64x1x1,128x4x16x1
Vcur-7,kernel_add_row,0.005600,2048x0x0,64x0x0,512x16x1x1
cache_k_l7 (view),kernel_set_rows_f16_i64,0.003400,8192x1x1,512x1x1,512x4096x1x1
cache_v_l7 (view),kernel_set_rows_f16_i64,0.002800,8192x1x1,512x1x1,512x4096x1x1
__fattn__-7,flash_attn_f32_f16,2.726000,32x28x0,32x1x0,128x28x16x1
ffn_inp-7,kernel_add,0.025300,1024x1x1,64x1x1,3584x16x1x1
ffn_norm-7,kernel_rms_norm_mul,0.009200,16384x1x1,1024x1x1,3584x16x1x1
l_out-7,kernel_add,0.023300,1024x1x1,64x1x1,3584x16x1x1
attn_norm-8,kernel_rms_norm_mul,0.009200,16384x1x1,1024x1x1,3584x16x1x1
Qcur-8,kernel_add_row,0.007700,14336x0x0,64x0x0,3584x16x1x1
Qcur-8,kernel_rope_neox_f32,0.005500,1792x16x1,64x1x1,128x28x16x1
Kcur-8,kernel_add_row,0.005600,2048x0x0,64x0x0,512x16x1x1
Kcur-8,kernel_rope_neox_f32,0.002800,256x16x1,64x1x1,128x4x16x1
node_284,kernel_mul_mv_q6_K_f32,0.955800,512x1024x1,2x64x1,512x16x1x1
Vcur-8,kernel_add_row,0.002500,2048x0x0,64x0x0,512x16x1x1
cache_k_l8 (view),kernel_set_rows_f16_i64,0.003400,8192x1x1,512x1x1,512x4096x1x1
cache_v_l8 (view),kernel_set_rows_f16_i64,0.002800,8192x1x1,512x1x1,512x4096x1x1
__fattn__-8,flash_attn_f32_f16,2.685600,32x28x0,32x1x0,128x28x16x1
ffn_inp-8,kernel_add,0.025200,1024x1x1,64x1x1,3584x16x1x1
ffn_norm-8,kernel_rms_norm_mul,0.009300,16384x1x1,1024x1x1,3584x16x1x1
ffn_swiglu-8,kernel_swiglu,0.047300,8192x1x1,512x1x1,18944x16x1x1
ffn_out-8,kernel_mul_mv_q6_K_f32,40.179001,3584x1024x1,2x64x1,3584x16x1x1
l_out-8,kernel_add,0.023100,1024x1x1,64x1x1,3584x16x1x1
attn_norm-9,kernel_rms_norm_mul,0.009100,16384x1x1,1024x1x1,3584x16x1x1
Qcur-9,kernel_add_row,0.012400,14336x0x0,64x0x0,3584x16x1x1
Qcur-9,kernel_rope_neox_f32,0.005300,1792x16x1,64x1x1,128x28x16x1
Kcur-9,kernel_add_row,0.005800,2048x0x0,64x0x0,512x16x1x1
Kcur-9,kernel_rope_neox_f32,0.002700,256x16x1,64x1x1,128x4x16x1
Vcur-9,kernel_add_row,0.006000,2048x0x0,64x0x0,512x16x1x1
cache_k_l9 (view),kernel_set_rows_f16_i64,0.003300,8192x1x1,512x1x1,512x4096x1x1
cache_v_l9 (view),kernel_set_rows_f16_i64,0.002900,8192x1x1,512x1x1,512x4096x1x1
__fattn__-9,flash_attn_f32_f16,2.709500,32x28x0,32x1x0,128x28x16x1
ffn_inp-9,kernel_add,0.024500,1024x1x1,64x1x1,3584x16x1x1
ffn_norm-9,kernel_rms_norm_mul,0.009200,16384x1x1,1024x1x1,3584x16x1x1
l_out-9,kernel_add,0.024600,1024x1x1,64x1x1,3584x16x1x1
attn_norm-10,kernel_rms_norm_mul,0.009200,16384x1x1,1024x1x1,3584x16x1x1
Qcur-10,kernel_add_row,0.013100,14336x0x0,64x0x0,3584x16x1x1
Qcur-10,kernel_rope_neox_f32,0.005600,1792x16x1,64x1x1,128x28x16x1
Kcur-10,kernel_add_row,0.005700,2048x0x0,64x0x0,512x16x1x1
Kcur-10,kernel_rope_neox_f32,0.002700,256x16x1,64x1x1,128x4x16x1
Vcur-10,kernel_add_row,0.005800,2048x0x0,64x0x0,512x16x1x1
cache_k_l10 (view),kernel_set_rows_f16_i64,0.003200,8192x1x1,512x1x1,512x4096x1x1
cache_v_l10 (view),kernel_set_rows_f16_i64,0.002800,8192x1x1,512x1x1,512x4096x1x1
__fattn__-10,flash_attn_f32_f16,2.678400,32x28x0,32x1x0,128x28x16x1
ffn_inp-10,kernel_add,0.024900,1024x1x1,64x1x1,3584x16x1x1
ffn_norm-10,kernel_rms_norm_mul,0.009200,16384x1x1,1024x1x1,3584x16x1x1
l_out-10,kernel_add,0.023200,1024x1x1,64x1x1,3584x16x1x1
attn_norm-11,kernel_rms_norm_mul,0.009100,16384x1x1,1024x1x1,3584x16x1x1
Qcur-11,kernel_add_row,0.007200,14336x0x0,64x0x0,3584x16x1x1
Qcur-11,kernel_rope_neox_f32,0.005400,1792x16x1,64x1x1,128x28x16x1
Kcur-11,kernel_add_row,0.005700,2048x0x0,64x0x0,512x16x1x1
Kcur-11,kernel_rope_neox_f32,0.002800,256x16x1,64x1x1,128x4x16x1
node_386,kernel_mul_mv_q6_K_f32,0.955700,512x1024x1,2x64x1,512x16x1x1
Vcur-11,kernel_add_row,0.002600,2048x0x0,64x0x0,512x16x1x1
cache_k_l11 (view),kernel_set_rows_f16_i64,0.003500,8192x1x1,512x1x1,512x4096x1x1
cache_v_l11 (view),kernel_set_rows_f16_i64,0.002700,8192x1x1,512x1x1,512x4096x1x1
__fattn__-11,flash_attn_f32_f16,2.685200,32x28x0,32x1x0,128x28x16x1
ffn_inp-11,kernel_add,0.025400,1024x1x1,64x1x1,3584x16x1x1
ffn_norm-11,kernel_rms_norm_mul,0.009300,16384x1x1,1024x1x1,3584x16x1x1
ffn_swiglu-11,kernel_swiglu,0.047600,8192x1x1,512x1x1,18944x16x1x1
ffn_out-11,kernel_mul_mv_q6_K_f32,39.632099,3584x1024x1,2x64x1,3584x16x1x1
l_out-11,kernel_add,0.023300,1024x1x1,64x1x1,3584x16x1x1
attn_norm-12,kernel_rms_norm_mul,0.009400,16384x1x1,1024x1x1,3584x16x1x1
Qcur-12,kernel_add_row,0.012100,14336x0x0,64x0x0,3584x16x1x1
Qcur-12,kernel_rope_neox_f32,0.005700,1792x16x1,64x1x1,128x28x16x1
Kcur-12,kernel_add_row,0.005600,2048x0x0,64x0x0,512x16x1x1
Kcur-12,kernel_rope_neox_f32,0.002700,256x16x1,64x1x1,128x4x16x1
Vcur-12,kernel_add_row,0.005700,2048x0x0,64x0x0,512x16x1x1
cache_k_l12 (view),kernel_set_rows_f16_i64,0.003400,8192x1x1,512x1x1,512x4096x1x1
cache_v_l12 (view),kernel_set_rows_f16_i64,0.002700,8192x1x1,512x1x1,512x4096x1x1
__fattn__-12,flash_attn_f32_f16,2.733700,32x28x0,32x1x0,128x28x16x1
ffn_inp-12,kernel_add,0.024500,1024x1x1,64x1x1,3584x16x1x1
ffn_norm-12,kernel_rms_norm_mul,0.009100,16384x1x1,1024x1x1,3584x16x1x1
l_out-12,kernel_add,0.024300,1024x1x1,64x1x1,3584x16x1x1
attn_norm-13,kernel_rms_norm_mul,0.009400,16384x1x1,1024x1x1,3584x16x1x1
Qcur-13,kernel_add_row,0.013000,14336x0x0,64x0x0,3584x16x1x1
Qcur-13,kernel_rope_neox_f32,0.005500,1792x16x1,64x1x1,128x28x16x1
Kcur-13,kernel_add_row,0.005800,2048x0x0,64x0x0,512x16x1x1
Kcur-13,kernel_rope_neox_f32,0.002800,256x16x1,64x1x1,128x4x16x1
Vcur-13,kernel_add_row,0.005600,2048x0x0,64x0x0,512x16x1x1
cache_k_l13 (view),kernel_set_rows_f16_i64,0.003500,8192x1x1,512x1x1,512x4096x1x1
cache_v_l13 (view),kernel_set_rows_f16_i64,0.002800,8192x1x1,512x1x1,512x4096x1x1
__fattn__-13,flash_attn_f32_f16,2.692900,32x28x0,32x1x0,128x28x16x1
ffn_inp-13,kernel_add,0.024300,1024x1x1,64x1x1,3584x16x1x1
ffn_norm-13,kernel_rms_norm_mul,0.009200,16384x1x1,1024x1x1,3584x16x1x1
l_out-13,kernel_add,0.022900,1024x1x1,64x1x1,3584x16x1x1
attn_norm-14,kernel_rms_norm_mul,0.009300,16384x1x1,1024x1x1,3584x16x1x1
Qcur-14,kernel_add_row,0.007200,14336x0x0,64x0x0,3584x16x1x1
Qcur-14,kernel_rope_neox_f32,0.005600,1792x16x1,64x1x1,128x28x16x1
Kcur-14,kernel_add_row,0.005600,2048x0x0,64x0x0,512x16x1x1
Kcur-14,kernel_rope_neox_f32,0.002700,256x16x1,64x1x1,128x4x16x1
node_488,kernel_mul_mv_q6_K_f32,0.953700,512x1024x1,2x64x1,512x16x1x1
Vcur-14,kernel_add_row,0.002500,2048x0x0,64x0x0,512x16x1x1
cache_k_l14 (view),kernel_set_rows_f16_i64,0.003300,8192x1x1,512x1x1,512x4096x1x1
cache_v_l14 (view),kernel_set_rows_f16_i64,0.002900,8192x1x1,512x1x1,512x4096x1x1
__fattn__-14,flash_attn_f32_f16,2.680400,32x28x0,32x1x0,128x28x16x1
ffn_inp-14,kernel_add,0.025000,1024x1x1,64x1x1,3584x16x1x1
ffn_norm-14,kernel_rms_norm_mul,0.009200,16384x1x1,1024x1x1,3584x16x1x1
ffn_swiglu-14,kernel_swiglu,0.048100,8192x1x1,512x1x1,18944x16x1x1
ffn_out-14,kernel_mul_mv_q6_K_f32,39.593899,3584x1024x1,2x64x1,3584x16x1x1
l_out-14,kernel_add,0.023300,1024x1x1,64x1x1,3584x16x1x1
attn_norm-15,kernel_rms_norm_mul,0.009200,16384x1x1,1024x1x1,3584x16x1x1
Qcur-15,kernel_add_row,0.011800,14336x0x0,64x0x0,3584x16x1x1
Qcur-15,kernel_rope_neox_f32,0.005400,1792x16x1,64x1x1,128x28x16x1
Kcur-15,kernel_add_row,0.005500,2048x0x0,64x0x0,512x16x1x1
Kcur-15,kernel_rope_neox_f32,0.002700,256x16x1,64x1x1,128x4x16x1
Vcur-15,kernel_add_row,0.005800,2048x0x0,64x0x0,512x16x1x1
cache_k_l15 (view),kernel_set_rows_f16_i64,0.003400,8192x1x1,512x1x1,512x4096x1x1
cache_v_l15 (view),kernel_set_rows_f16_i64,0.002900,8192x1x1,512x1x1,512x4096x1x1
__fattn__-15,flash_attn_f32_f16,2.689900,32x28x0,32x1x0,128x28x16x1
ffn_inp-15,kernel_add,0.024400,1024x1x1,64x1x1,3584x16x1x1
ffn_norm-15,kernel_rms_norm_mul,0.009200,16384x1x1,1024x1x1,3584x16x1x1
l_out-15,kernel_add,0.024100,1024x1x1,64x1x1,3584x16x1x1
attn_norm-16,kernel_rms_norm_mul,0.009200,16384x1x1,1024x1x1,3584x16x1x1
Qcur-16,kernel_add_row,0.012800,14336x0x0,64x0x0,3584x16x1x1
Qcur-16,kernel_rope_neox_f32,0.005500,1792x16x1,64x1x1,128x28x16x1
Kcur-16,kernel_add_row,0.005900,2048x0x0,64x0x0,512x16x1x1
Kcur-16,kernel_rope_neox_f32,0.002700,256x16x1,64x1x1,128x4x16x1
Vcur-16,kernel_add_row,0.005600,2048x0x0,64x0x0,512x16x1x1
cache_k_l16 (view),kernel_set_rows_f16_i64,0.003500,8192x1x1,512x1x1,512x4096x1x1
cache_v_l16 (view),kernel_set_rows_f16_i64,0.002900,8192x1x1,512x1x1,512x4096x1x1
__fattn__-16,flash_attn_f32_f16,2.696900,32x28x0,32x1x0,128x28x16x1
ffn_inp-16,kernel_add,0.025600,1024x1x1,64x1x1,3584x16x1x1
ffn_norm-16,kernel_rms_norm_mul,0.009100,16384x1x1,1024x1x1,3584x16x1x1
l_out-16,kernel_add,0.022800,1024x1x1,64x1x1,3584x16x1x1
attn_norm-17,kernel_rms_norm_mul,0.009200,16384x1x1,1024x1x1,3584x16x1x1
Qcur-17,kernel_add_row,0.007500,14336x0x0,64x0x0,3584x16x1x1
Qcur-17,kernel_rope_neox_f32,0.005400,1792x16x1,64x1x1,128x28x16x1
Kcur-17,kernel_add_row,0.005600,2048x0x0,64x0x0,512x16x1x1
Kcur-17,kernel_rope_neox_f32,0.002600,256x16x1,64x1x1,128x4x16x1
node_590,kernel_mul_mv_q6_K_f32,0.955000,512x1024x1,2x64x1,512x16x1x1
Vcur-17,kernel_add_row,0.002600,2048x0x0,64x0x0,512x16x1x1
cache_k_l17 (view),kernel_set_rows_f16_i64,0.003300,8192x1x1,512x1x1,512x4096x1x1
cache_v_l17 (view),kernel_set_rows_f16_i64,0.003000,8192x1x1,512x1x1,512x4096x1x1
__fattn__-17,flash_attn_f32_f16,2.704300,32x28x0,32x1x0,128x28x16x1
ffn_inp-17,kernel_add,0.024600,1024x1x1,64x1x1,3584x16x1x1
ffn_norm-17,kernel_rms_norm_mul,0.009200,16384x1x1,1024x1x1,3584x16x1x1
ffn_swiglu-17,kernel_swiglu,0.047800,8192x1x1,512x1x1,18944x16x1x1
ffn_out-17,kernel_mul_mv_q6_K_f32,39.610802,3584x1024x1,2x64x1,3584x16x1x1
l_out-17,kernel_add,0.023300,1024x1x1,64x1x1,3584x16x1x1
attn_norm-18,kernel_rms_norm_mul,0.009200,16384x1x1,1024x1x1,3584x16x1x1
Qcur-18,kernel_add_row,0.011600,14336x0x0,64x0x0,3584x16x1x1
Qcur-18,kernel_rope_neox_f32,0.005700,1792x16x1,64x1x1,128x28x16x1
Kcur-18,kernel_add_row,0.005800,2048x0x0,64x0x0,512x16x1x1
Kcur-18,kernel_rope_neox_f32,0.002700,256x16x1,64x1x1,128x4x16x1
Vcur-18,kernel_add_row,0.005900,2048x0x0,64x0x0,512x16x1x1
cache_k_l18 (view),kernel_set_rows_f16_i64,0.003300,8192x1x1,512x1x1,512x4096x1x1
cache_v_l18 (view),kernel_set_rows_f16_i64,0.002900,8192x1x1,512x1x1,512x4096x1x1
__fattn__-18,flash_attn_f32_f16,2.692400,32x28x0,32x1x0,128x28x16x1
ffn_inp-18,kernel_add,0.024500,1024x1x1,64x1x1,3584x16x1x1
ffn_norm-18,kernel_rms_norm_mul,0.009100,16384x1x1,1024x1x1,3584x16x1x1
l_out-18,kernel_add,0.024600,1024x1x1,64x1x1,3584x16x1x1
attn_norm-19,kernel_rms_norm_mul,0.009100,16384x1x1,1024x1x1,3584x16x1x1
Qcur-19,kernel_add_row,0.013200,14336x0x0,64x0x0,3584x16x1x1
Qcur-19,kernel_rope_neox_f32,0.005500,1792x16x1,64x1x1,128x28x16x1
Kcur-19,kernel_add_row,0.005900,2048x0x0,64x0x0,512x16x1x1
Kcur-19,kernel_rope_neox_f32,0.002800,256x16x1,64x1x1,128x4x16x1
Vcur-19,kernel_add_row,0.005600,2048x0x0,64x0x0,512x16x1x1
cache_k_l19 (view),kernel_set_rows_f16_i64,0.003300,8192x1x1,512x1x1,512x4096x1x1
cache_v_l19 (view),kernel_set_rows_f16_i64,0.002800,8192x1x1,512x1x1,512x4096x1x1
__fattn__-19,flash_attn_f32_f16,2.729600,32x28x0,32x1x0,128x28x16x1
ffn_inp-19,kernel_add,0.025600,1024x1x1,64x1x1,3584x16x1x1
ffn_norm-19,kernel_rms_norm_mul,0.009300,16384x1x1,1024x1x1,3584x16x1x1
l_out-19,kernel_add,0.038400,1024x1x1,64x1x1,3584x16x1x1
attn_norm-20,kernel_rms_norm_mul,0.009200,16384x1x1,1024x1x1,3584x16x1x1
Qcur-20,kernel_add_row,0.007300,14336x0x0,64x0x0,3584x16x1x1
Qcur-20,kernel_rope_neox_f32,0.005700,1792x16x1,64x1x1,128x28x16x1
Kcur-20,kernel_add_row,0.005600,2048x0x0,64x0x0,512x16x1x1
Kcur-20,kernel_rope_neox_f32,0.002800,256x16x1,64x1x1,128x4x16x1
node_692,kernel_mul_mv_q6_K_f32,0.955300,512x1024x1,2x64x1,512x16x1x1
Vcur-20,kernel_add_row,0.002600,2048x0x0,64x0x0,512x16x1x1
cache_k_l20 (view),kernel_set_rows_f16_i64,0.003200,8192x1x1,512x1x1,512x4096x1x1
cache_v_l20 (view),kernel_set_rows_f16_i64,0.002800,8192x1x1,512x1x1,512x4096x1x1
__fattn__-20,flash_attn_f32_f16,2.710100,32x28x0,32x1x0,128x28x16x1
ffn_inp-20,kernel_add,0.024700,1024x1x1,64x1x1,3584x16x1x1
ffn_norm-20,kernel_rms_norm_mul,0.009200,16384x1x1,1024x1x1,3584x16x1x1
ffn_swiglu-20,kernel_swiglu,0.048400,8192x1x1,512x1x1,18944x16x1x1
ffn_out-20,kernel_mul_mv_q6_K_f32,39.573002,3584x1024x1,2x64x1,3584x16x1x1
l_out-20,kernel_add,0.023500,1024x1x1,64x1x1,3584x16x1x1
attn_norm-21,kernel_rms_norm_mul,0.009200,16384x1x1,1024x1x1,3584x16x1x1
Qcur-21,kernel_add_row,0.009800,14336x0x0,64x0x0,3584x16x1x1
Qcur-21,kernel_rope_neox_f32,0.005500,1792x16x1,64x1x1,128x28x16x1
Kcur-21,kernel_add_row,0.005700,2048x0x0,64x0x0,512x16x1x1
Kcur-21,kernel_rope_neox_f32,0.002800,256x16x1,64x1x1,128x4x16x1
Vcur-21,kernel_add_row,0.005600,2048x0x0,64x0x0,512x16x1x1
cache_k_l21 (view),kernel_set_rows_f16_i64,0.003300,8192x1x1,512x1x1,512x4096x1x1
cache_v_l21 (view),kernel_set_rows_f16_i64,0.003000,8192x1x1,512x1x1,512x4096x1x1
__fattn__-21,flash_attn_f32_f16,2.713700,32x28x0,32x1x0,128x28x16x1
ffn_inp-21,kernel_add,0.024200,1024x1x1,64x1x1,3584x16x1x1
ffn_norm-21,kernel_rms_norm_mul,0.009400,16384x1x1,1024x1x1,3584x16x1x1
l_out-21,kernel_add,0.024500,1024x1x1,64x1x1,3584x16x1x1
attn_norm-22,kernel_rms_norm_mul,0.009300,16384x1x1,1024x1x1,3584x16x1x1
Qcur-22,kernel_add_row,0.013200,14336x0x0,64x0x0,3584x16x1x1
Qcur-22,kernel_rope_neox_f32,0.005400,1792x16x1,64x1x1,128x28x16x1
Kcur-22,kernel_add_row,0.005700,2048x0x0,64x0x0,512x16x1x1
Kcur-22,kernel_rope_neox_f32,0.002800,256x16x1,64x1x1,128x4x16x1
Vcur-22,kernel_add_row,0.005700,2048x0x0,64x0x0,512x16x1x1
cache_k_l22 (view),kernel_set_rows_f16_i64,0.003300,8192x1x1,512x1x1,512x4096x1x1
cache_v_l22 (view),kernel_set_rows_f16_i64,0.002900,8192x1x1,512x1x1,512x4096x1x1
__fattn__-22,flash_attn_f32_f16,2.690200,32x28x0,32x1x0,128x28x16x1
ffn_inp-22,kernel_add,0.025200,1024x1x1,64x1x1,3584x16x1x1
ffn_norm-22,kernel_rms_norm_mul,0.009200,16384x1x1,1024x1x1,3584x16x1x1
l_out-22,kernel_add,0.023700,1024x1x1,64x1x1,3584x16x1x1
attn_norm-23,kernel_rms_norm_mul,0.009100,16384x1x1,1024x1x1,3584x16x1x1
Qcur-23,kernel_add_row,0.007300,14336x0x0,64x0x0,3584x16x1x1
Qcur-23,kernel_rope_neox_f32,0.005400,1792x16x1,64x1x1,128x28x16x1
Kcur-23,kernel_add_row,0.005600,2048x0x0,64x0x0,512x16x1x1
Kcur-23,kernel_rope_neox_f32,0.002700,256x16x1,64x1x1,128x4x16x1
node_794,kernel_mul_mv_q6_K_f32,0.957500,512x1024x1,2x64x1,512x16x1x1
Vcur-23,kernel_add_row,0.002600,2048x0x0,64x0x0,512x16x1x1
cache_k_l23 (view),kernel_set_rows_f16_i64,0.003200,8192x1x1,512x1x1,512x4096x1x1
cache_v_l23 (view),kernel_set_rows_f16_i64,0.002800,8192x1x1,512x1x1,512x4096x1x1
__fattn__-23,flash_attn_f32_f16,2.716900,32x28x0,32x1x0,128x28x16x1
ffn_inp-23,kernel_add,0.025100,1024x1x1,64x1x1,3584x16x1x1
ffn_norm-23,kernel_rms_norm_mul,0.009200,16384x1x1,1024x1x1,3584x16x1x1
ffn_swiglu-23,kernel_swiglu,0.048000,8192x1x1,512x1x1,18944x16x1x1
ffn_out-23,kernel_mul_mv_q6_K_f32,39.632801,3584x1024x1,2x64x1,3584x16x1x1
l_out-23,kernel_add,0.023200,1024x1x1,64x1x1,3584x16x1x1
attn_norm-24,kernel_rms_norm_mul,0.009100,16384x1x1,1024x1x1,3584x16x1x1
Qcur-24,kernel_add_row,0.008000,14336x0x0,64x0x0,3584x16x1x1
Qcur-24,kernel_rope_neox_f32,0.005700,1792x16x1,64x1x1,128x28x16x1
Kcur-24,kernel_add_row,0.005700,2048x0x0,64x0x0,512x16x1x1
Kcur-24,kernel_rope_neox_f32,0.002700,256x16x1,64x1x1,128x4x16x1
node_828,kernel_mul_mv_q6_K_f32,0.954000,512x1024x1,2x64x1,512x16x1x1
Vcur-24,kernel_add_row,0.002500,2048x0x0,64x0x0,512x16x1x1
cache_k_l24 (view),kernel_set_rows_f16_i64,0.003400,8192x1x1,512x1x1,512x4096x1x1
cache_v_l24 (view),kernel_set_rows_f16_i64,0.002900,8192x1x1,512x1x1,512x4096x1x1
__fattn__-24,flash_attn_f32_f16,2.706800,32x28x0,32x1x0,128x28x16x1
ffn_inp-24,kernel_add,0.023800,1024x1x1,64x1x1,3584x16x1x1
ffn_norm-24,kernel_rms_norm_mul,0.009200,16384x1x1,1024x1x1,3584x16x1x1
ffn_swiglu-24,kernel_swiglu,0.047200,8192x1x1,512x1x1,18944x16x1x1
ffn_out-24,kernel_mul_mv_q6_K_f32,39.614101,3584x1024x1,2x64x1,3584x16x1x1
l_out-24,kernel_add,0.023100,1024x1x1,64x1x1,3584x16x1x1
attn_norm-25,kernel_rms_norm_mul,0.009200,16384x1x1,1024x1x1,3584x16x1x1
Qcur-25,kernel_add_row,0.008300,14336x0x0,64x0x0,3584x16x1x1
Qcur-25,kernel_rope_neox_f32,0.005500,1792x16x1,64x1x1,128x28x16x1
Kcur-25,kernel_add_row,0.005600,2048x0x0,64x0x0,512x16x1x1
Kcur-25,kernel_rope_neox_f32,0.002700,256x16x1,64x1x1,128x4x16x1
node_862,kernel_mul_mv_q6_K_f32,0.955200,512x1024x1,2x64x1,512x16x1x1
Vcur-25,kernel_add_row,0.002500,2048x0x0,64x0x0,512x16x1x1
cache_k_l25 (view),kernel_set_rows_f16_i64,0.003400,8192x1x1,512x1x1,512x4096x1x1
cache_v_l25 (view),kernel_set_rows_f16_i64,0.002900,8192x1x1,512x1x1,512x4096x1x1
__fattn__-25,flash_attn_f32_f16,2.704700,32x28x0,32x1x0,128x28x16x1
ffn_inp-25,kernel_add,0.024200,1024x1x1,64x1x1,3584x16x1x1
ffn_norm-25,kernel_rms_norm_mul,0.009200,16384x1x1,1024x1x1,3584x16x1x1
ffn_swiglu-25,kernel_swiglu,0.049900,8192x1x1,512x1x1,18944x16x1x1
ffn_out-25,kernel_mul_mv_q6_K_f32,39.599499,3584x1024x1,2x64x1,3584x16x1x1
l_out-25,kernel_add,0.023200,1024x1x1,64x1x1,3584x16x1x1
attn_norm-26,kernel_rms_norm_mul,0.009200,16384x1x1,1024x1x1,3584x16x1x1
Qcur-26,kernel_add_row,0.007900,14336x0x0,64x0x0,3584x16x1x1
Qcur-26,kernel_rope_neox_f32,0.005400,1792x16x1,64x1x1,128x28x16x1
Kcur-26,kernel_add_row,0.005600,2048x0x0,64x0x0,512x16x1x1
Kcur-26,kernel_rope_neox_f32,0.002700,256x16x1,64x1x1,128x4x16x1
node_896,kernel_mul_mv_q6_K_f32,0.953400,512x1024x1,2x64x1,512x16x1x1
Vcur-26,kernel_add_row,0.002500,2048x0x0,64x0x0,512x16x1x1
cache_k_l26 (view),kernel_set_rows_f16_i64,0.003700,8192x1x1,512x1x1,512x4096x1x1
cache_v_l26 (view),kernel_set_rows_f16_i64,0.002800,8192x1x1,512x1x1,512x4096x1x1
__fattn__-26,flash_attn_f32_f16,2.666100,32x28x0,32x1x0,128x28x16x1
ffn_inp-26,kernel_add,0.024100,1024x1x1,64x1x1,3584x16x1x1
ffn_norm-26,kernel_rms_norm_mul,0.009100,16384x1x1,1024x1x1,3584x16x1x1
ffn_swiglu-26,kernel_swiglu,0.048500,8192x1x1,512x1x1,18944x16x1x1
ffn_out-26,kernel_mul_mv_q6_K_f32,39.522598,3584x1024x1,2x64x1,3584x16x1x1
l_out-26,kernel_add,0.023500,1024x1x1,64x1x1,3584x16x1x1
attn_norm-27,kernel_rms_norm_mul,0.009200,16384x1x1,1024x1x1,3584x16x1x1
Qcur-27,kernel_add_row,0.008100,14336x0x0,64x0x0,3584x16x1x1
Qcur-27,kernel_rope_neox_f32,0.005500,1792x16x1,64x1x1,128x28x16x1
Kcur-27,kernel_add_row,0.005700,2048x0x0,64x0x0,512x16x1x1
Kcur-27,kernel_rope_neox_f32,0.002600,256x16x1,64x1x1,128x4x16x1
node_930,kernel_mul_mv_q6_K_f32,0.954600,512x1024x1,2x64x1,512x16x1x1
Vcur-27,kernel_add_row,0.002600,2048x0x0,64x0x0,512x16x1x1
cache_k_l27 (view),kernel_set_rows_f16_i64,0.003200,8192x1x1,512x1x1,512x4096x1x1
cache_v_l27 (view),kernel_set_rows_f16_i64,0.002900,8192x1x1,512x1x1,512x4096x1x1
__fattn__-27,flash_attn_f32_f16,2.671300,32x28x0,32x1x0,128x28x16x1
attn_norm-0,kernel_rms_norm_mul,0.012300,16384x1x1,1024x1x1,3584x16x1x1
Qcur-0,kernel_add_row,0.008100,14336x0x0,64x0x0,3584x16x1x1
Qcur-0,kernel_rope_neox_f32,0.005600,1792x16x1,64x1x1,128x28x16x1
Kcur-0,kernel_add_row,0.005800,2048x0x0,64x0x0,512x16x1x1
Kcur-0,kernel_rope_neox_f32,0.002800,256x16x1,64x1x1,128x4x16x1
node_11,kernel_mul_mv_q6_K_f32,0.953600,512x1024x1,2x64x1,512x16x1x1
Vcur-0,kernel_add_row,0.002200,2048x0x0,64x0x0,512x16x1x1
cache_k_l0 (view),kernel_set_rows_f16_i64,0.003300,8192x1x1,512x1x1,512x4096x1x1
cache_v_l0 (view),kernel_set_rows_f16_i64,0.003000,8192x1x1,512x1x1,512x4096x1x1
 (copy),kernel_cpy_f32_f16,0.004500,4096x1x1,64x1x1,512x64x1x1
__fattn__-0,flash_attn_f32_f16,2.704000,32x28x0,32x1x0,128x28x16x1
ffn_inp-0,kernel_add,0.025300,1024x1x1,64x1x1,3584x16x1x1
ffn_norm-0,kernel_rms_norm_mul,0.009200,16384x1x1,1024x1x1,3584x16x1x1
ffn_swiglu-0,kernel_swiglu,0.047500,8192x1x1,512x1x1,18944x16x1x1
ffn_out-0,kernel_mul_mv_q6_K_f32,39.609100,3584x1024x1,2x64x1,3584x16x1x1
l_out-0,kernel_add,0.023500,1024x1x1,64x1x1,3584x16x1x1
attn_norm-1,kernel_rms_norm_mul,0.009200,16384x1x1,1024x1x1,3584x16x1x1
Qcur-1,kernel_add_row,0.007600,14336x0x0,64x0x0,3584x16x1x1
Qcur-1,kernel_rope_neox_f32,0.005400,1792x16x1,64x1x1,128x28x16x1
Kcur-1,kernel_add_row,0.005800,2048x0x0,64x0x0,512x16x1x1
Kcur-1,kernel_rope_neox_f32,0.002900,256x16x1,64x1x1,128x4x16x1
node_46,kernel_mul_mv_q6_K_f32,0.956700,512x1024x1,2x64x1,512x16x1x1
Vcur-1,kernel_add_row,0.002600,2048x0x0,64x0x0,512x16x1x1
cache_k_l1 (view),kernel_set_rows_f16_i64,0.003200,8192x1x1,512x1x1,512x4096x1x1
cache_v_l1 (view),kernel_set_rows_f16_i64,0.002900,8192x1x1,512x1x1,512x4096x1x1
__fattn__-1,flash_attn_f32_f16,2.641000,32x28x0,32x1x0,128x28x16x1
ffn_inp-1,kernel_add,0.024100,1024x1x1,64x1x1,3584x16x1x1
ffn_norm-1,kernel_rms_norm_mul,0.009200,16384x1x1,1024x1x1,3584x16x1x1
ffn_swiglu-1,kernel_swiglu,0.049500,8192x1x1,512x1x1,18944x16x1x1
ffn_out-1,kernel_mul_mv_q6_K_f32,39.570099,3584x1024x1,2x64x1,3584x16x1x1
l_out-1,kernel_add,0.022800,1024x1x1,64x1x1,3584x16x1x1
attn_norm-2,kernel_rms_norm_mul,0.009300,16384x1x1,1024x1x1,3584x16x1x1
Qcur-2,kernel_add_row,0.008100,14336x0x0,64x0x0,3584x16x1x1
Qcur-2,kernel_rope_neox_f32,0.005400,1792x16x1,64x1x1,128x28x16x1
Kcur-2,kernel_add_row,0.005700,2048x0x0,64x0x0,512x16x1x1
Kcur-2,kernel_rope_neox_f32,0.002700,256x16x1,64x1x1,128x4x16x1
node_80,kernel_mul_mv_q6_K_f32,0.957000,512x1024x1,2x64x1,512x16x1x1
Vcur-2,kernel_add_row,0.002500,2048x0x0,64x0x0,512x16x1x1
cache_k_l2 (view),kernel_set_rows_f16_i64,0.003200,8192x1x1,512x1x1,512x4096x1x1
cache_v_l2 (view),kernel_set_rows_f16_i64,0.002900,8192x1x1,512x1x1,512x4096x1x1
__fattn__-2,flash_attn_f32_f16,2.697700,32x28x0,32x1x0,128x28x16x1
ffn_inp-2,kernel_add,0.024000,1024x1x1,64x1x1,3584x16x1x1
ffn_norm-2,kernel_rms_norm_mul,0.009200,16384x1x1,1024x1x1,3584x16x1x1
ffn_swiglu-2,kernel_swiglu,0.047100,8192x1x1,512x1x1,18944x16x1x1
ffn_out-2,kernel_mul_mv_q6_K_f32,40.423302,3584x1024x1,2x64x1,3584x16x1x1
l_out-2,kernel_add,0.023900,1024x1x1,64x1x1,3584x16x1x1
attn_norm-3,kernel_rms_norm_mul,0.009200,16384x1x1,1024x1x1,3584x16x1x1
Qcur-3,kernel_add_row,0.012300,14336x0x0,64x0x0,3584x16x1x1
Qcur-3,kernel_rope_neox_f32,0.005500,1792x16x1,64x1x1,128x28x16x1
Kcur-3,kernel_add_row,0.005700,2048x0x0,64x0x0,512x16x1x1
Kcur-3,kernel_rope_neox_f32,0.002800,256x16x1,64x1x1,128x4x16x1
Vcur-3,kernel_add_row,0.005600,2048x0x0,64x0x0,512x16x1x1
cache_k_l3 (view),kernel_set_rows_f16_i64,0.003200,8192x1x1,512x1x1,512x4096x1x1
cache_v_l3 (view),kernel_set_rows_f16_i64,0.002900,8192x1x1,512x1x1,512x4096x1x1
__fattn__-3,flash_attn_f32_f16,2.684100,32x28x0,32x1x0,128x28x16x1
ffn_inp-3,kernel_add,0.024100,1024x1x1,64x1x1,3584x16x1x1
ffn_norm-3,kernel_rms_norm_mul,0.009200,16384x1x1,1024x1x1,3584x16x1x1
l_out-3,kernel_add,0.024700,1024x1x1,64x1x1,3584x16x1x1
attn_norm-4,kernel_rms_norm_mul,0.009100,16384x1x1,1024x1x1,3584x16x1x1
Qcur-4,kernel_add_row,0.013300,14336x0x0,64x0x0,3584x16x1x1
Qcur-4,kernel_rope_neox_f32,0.005400,1792x16x1,64x1x1,128x28x16x1
Kcur-4,kernel_add_row,0.005900,2048x0x0,64x0x0,512x16x1x1
Kcur-4,kernel_rope_neox_f32,0.002700,256x16x1,64x1x1,128x4x16x1
Vcur-4,kernel_add_row,0.005700,2048x0x0,64x0x0,512x16x1x1
cache_k_l4 (view),kernel_set_rows_f16_i64,0.003200,8192x1x1,512x1x1,512x4096x1x1
cache_v_l4 (view),kernel_set_rows_f16_i64,0.002800,8192x1x1,512x1x1,512x4096x1x1
__fattn__-4,flash_attn_f32_f16,2.694000,32x28x0,32x1x0,128x28x16x1
ffn_inp-4,kernel_add,0.024900,1024x1x1,64x1x1,3584x16x1x1
ffn_norm-4,kernel_rms_norm_mul,0.009300,16384x1x1,1024x1x1,3584x16x1x1
l_out-4,kernel_add,0.022800,1024x1x1,64x1x1,3584x16x1x1
attn_norm-5,kernel_rms_norm_mul,0.009100,16384x1x1,1024x1x1,3584x16x1x1
Qcur-5,kernel_add_row,0.007400,14336x0x0,64x0x0,3584x16x1x1
Qcur-5,kernel_rope_neox_f32,0.005600,1792x16x1,64x1x1,128x28x16x1
Kcur-5,kernel_add_row,0.005600,2048x0x0,64x0x0,512x16x1x1
Kcur-5,kernel_rope_neox_f32,0.002900,256x16x1,64x1x1,128x4x16x1
node_182,kernel_mul_mv_q6_K_f32,0.955800,512x1024x1,2x64x1,512x16x1x1
Vcur-5,kernel_add_row,0.002500,2048x0x0,64x0x0,512x16x1x1
cache_k_l5 (view),kernel_set_rows_f16_i64,0.003400,8192x1x1,512x1x1,512x4096x1x1
cache_v_l5 (view),kernel_set_rows_f16_i64,0.002800,8192x1x1,512x1x1,512x4096x1x1
__fattn__-5,flash_attn_f32_f16,2.696800,32x28x0,32x1x0,128x28x16x1
ffn_inp-5,kernel_add,0.025000,1024x1x1,64x1x1,3584x16x1x1
ffn_norm-5,kernel_rms_norm_mul,0.009300,16384x1x1,1024x1x1,3584x16x1x1
ffn_swiglu-5,kernel_swiglu,0.047500,8192x1x1,512x1x1,18944x16x1x1
ffn_out-5,kernel_mul_mv_q6_K_f32,40.626701,3584x1024x1,2x64x1,3584x16x1x1
l_out-5,kernel_add,0.023500,1024x1x1,64x1x1,3584x16x1x1
attn_norm-6,kernel_rms_norm_mul,0.009300,16384x1x1,1024x1x1,3584x16x1x1
Qcur-6,kernel_add_row,0.012000,14336x0x0,64x0x0,3584x16x1x1
Qcur-6,kernel_rope_neox_f32,0.005500,1792x16x1,64x1x1,128x28x16x1
Kcur-6,kernel_add_row,0.005700,2048x0x0,64x0x0,512x16x1x1
Kcur-6,kernel_rope_neox_f32,0.002700,256x16x1,64x1x1,128x4x16x1
Vcur-6,kernel_add_row,0.005600,2048x0x0,64x0x0,512x16x1x1
cache_k_l6 (view),kernel_set_rows_f16_i64,0.003300,8192x1x1,512x1x1,512x4096x1x1
cache_v_l6 (view),kernel_set_rows_f16_i64,0.002800,8192x1x1,512x1x1,512x4096x1x1
__fattn__-6,flash_attn_f32_f16,2.730300,32x28x0,32x1x0,128x28x16x1
ffn_inp-6,kernel_add,0.024200,1024x1x1,64x1x1,3584x16x1x1
ffn_norm-6,kernel_rms_norm_mul,0.009100,16384x1x1,1024x1x1,3584x16x1x1
l_out-6,kernel_add,0.024300,1024x1x1,64x1x1,3584x16x1x1
attn_norm-7,kernel_rms_norm_mul,0.009100,16384x1x1,1024x1x1,3584x16x1x1
Qcur-7,kernel_add_row,0.012900,14336x0x0,64x0x0,3584x16x1x1
Qcur-7,kernel_rope_neox_f32,0.005600,1792x16x1,64x1x1,128x28x16x1
Kcur-7,kernel_add_row,0.005600,2048x0x0,64x0x0,512x16x1x1
Kcur-7,kernel_rope_neox_f32,0.002700,256x16x1,64x1x1,128x4x16x1
Vcur-7,kernel_add_row,0.005700,2048x0x0,64x0x0,512x16x1x1
cache_k_l7 (view),kernel_set_rows_f16_i64,0.003300,8192x1x1,512x1x1,512x4096x1x1
cache_v_l7 (view),kernel_set_rows_f16_i64,0.002700,8192x1x1,512x1x1,512x4096x1x1
__fattn__-7,flash_attn_f32_f16,2.746300,32x28x0,32x1x0,128x28x16x1
ffn_inp-7,kernel_add,0.025300,1024x1x1,64x1x1,3584x16x1x1
ffn_norm-7,kernel_rms_norm_mul,0.009200,16384x1x1,1024x1x1,3584x16x1x1
l_out-7,kernel_add,0.023000,1024x1x1,64x1x1,3584x16x1x1
attn_norm-8,kernel_rms_norm_mul,0.009300,16384x1x1,1024x1x1,3584x16x1x1
Qcur-8,kernel_add_row,0.007500,14336x0x0,64x0x0,3584x16x1x1
Qcur-8,kernel_rope_neox_f32,0.005500,1792x16x1,64x1x1,128x28x16x1
Kcur-8,kernel_add_row,0.005700,2048x0x0,64x0x0,512x16x1x1
Kcur-8,kernel_rope_neox_f32,0.002700,256x16x1,64x1x1,128x4x16x1
node_284,kernel_mul_mv_q6_K_f32,0.956700,512x1024x1,2x64x1,512x16x1x1
Vcur-8,kernel_add_row,0.002500,2048x0x0,64x0x0,512x16x1x1
cache_k_l8 (view),kernel_set_rows_f16_i64,0.003300,8192x1x1,512x1x1,512x4096x1x1
cache_v_l8 (view),kernel_set_rows_f16_i64,0.002800,8192x1x1,512x1x1,512x4096x1x1
__fattn__-8,flash_attn_f32_f16,2.709600,32x28x0,32x1x0,128x28x16x1
ffn_inp-8,kernel_add,0.025000,1024x1x1,64x1x1,3584x16x1x1
ffn_norm-8,kernel_rms_norm_mul,0.009200,16384x1x1,1024x1x1,3584x16x1x1
ffn_swiglu-8,kernel_swiglu,0.047400,8192x1x1,512x1x1,18944x16x1x1
ffn_out-8,kernel_mul_mv_q6_K_f32,40.248600,3584x1024x1,2x64x1,3584x16x1x1
l_out-8,kernel_add,0.023000,1024x1x1,64x1x1,3584x16x1x1
attn_norm-9,kernel_rms_norm_mul,0.009100,16384x1x1,1024x1x1,3584x16x1x1
Qcur-9,kernel_add_row,0.011600,14336x0x0,64x0x0,3584x16x1x1
Qcur-9,kernel_rope_neox_f32,0.005500,1792x16x1,64x1x1,128x28x16x1
Kcur-9,kernel_add_row,0.005800,2048x0x0,64x0x0,512x16x1x1
Kcur-9,kernel_rope_neox_f32,0.002700,256x16x1,64x1x1,128x4x16x1
Vcur-9,kernel_add_row,0.005700,2048x0x0,64x0x0,512x16x1x1
cache_k_l9 (view),kernel_set_rows_f16_i64,0.003200,8192x1x1,512x1x1,512x4096x1x1
cache_v_l9 (view),kernel_set_rows_f16_i64,0.002800,8192x1x1,512x1x1,512x4096x1x1
__fattn__-9,flash_attn_f32_f16,2.671800,32x28x0,32x1x0,128x28x16x1
ffn_inp-9,kernel_add,0.024700,1024x1x1,64x1x1,3584x16x1x1
ffn_norm-9,kernel_rms_norm_mul,0.009100,16384x1x1,1024x1x1,3584x16x1x1
l_out-9,kernel_add,0.024500,1024x1x1,64x1x1,3584x16x1x1
attn_norm-10,kernel_rms_norm_mul,0.009200,16384x1x1,1024x1x1,3584x16x1x1
Qcur-10,kernel_add_row,0.013300,14336x0x0,64x0x0,3584x16x1x1
Qcur-10,kernel_rope_neox_f32,0.005400,1792x16x1,64x1x1,128x28x16x1
Kcur-10,kernel_add_row,0.005600,2048x0x0,64x0x0,512x16x1x1
Kcur-10,kernel_rope_neox_f32,0.002700,256x16x1,64x1x1,128x4x16x1
Vcur-10,kernel_add_row,0.005600,2048x0x0,64x0x0,512x16x1x1
cache_k_l10 (view),kernel_set_rows_f16_i64,0.003300,8192x1x1,512x1x1,512x4096x1x1
cache_v_l10 (view),kernel_set_rows_f16_i64,0.002800,8192x1x1,512x1x1,512x4096x1x1
__fattn__-10,flash_attn_f32_f16,2.670500,32x28x0,32x1x0,128x28x16x1
ffn_inp-10,kernel_add,0.025100,1024x1x1,64x1x1,3584x16x1x1
ffn_norm-10,kernel_rms_norm_mul,0.009200,16384x1x1,1024x1x1,3584x16x1x1
l_out-10,kernel_add,0.023700,1024x1x1,64x1x1,3584x16x1x1
attn_norm-11,kernel_rms_norm_mul,0.009200,16384x1x1,1024x1x1,3584x16x1x1
Qcur-11,kernel_add_row,0.007500,14336x0x0,64x0x0,3584x16x1x1
Qcur-11,kernel_rope_neox_f32,0.005400,1792x16x1,64x1x1,128x28x16x1
Kcur-11,kernel_add_row,0.005700,2048x0x0,64x0x0,512x16x1x1
Kcur-11,kernel_rope_neox_f32,0.002800,256x16x1,64x1x1,128x4x16x1
node_386,kernel_mul_mv_q6_K_f32,0.955200,512x1024x1,2x64x1,512x16x1x1
Vcur-11,kernel_add_row,0.002400,2048x0x0,64x0x0,512x16x1x1
cache_k_l11 (view),kernel_set_rows_f16_i64,0.003300,8192x1x1,512x1x1,512x4096x1x1
cache_v_l11 (view),kernel_set_rows_f16_i64,0.002900,8192x1x1,512x1x1,512x4096x1x1
__fattn__-11,flash_attn_f32_f16,2.683800,32x28x0,32x1x0,128x28x16x1
ffn_inp-11,kernel_add,0.025100,1024x1x1,64x1x1,3584x16x1x1
ffn_norm-11,kernel_rms_norm_mul,0.009200,16384x1x1,1024x1x1,3584x16x1x1
ffn_swiglu-11,kernel_swiglu,0.048300,8192x1x1,512x1x1,18944x16x1x1
ffn_out-11,kernel_mul_mv_q6_K_f32,39.575100,3584x1024x1,2x64x1,3584x16x1x1
l_out-11,kernel_add,0.023400,1024x1x1,64x1x1,3584x16x1x1
attn_norm-12,kernel_rms_norm_mul,0.009100,16384x1x1,1024x1x1,3584x16x1x1
Qcur-12,kernel_add_row,0.012800,14336x0x0,64x0x0,3584x16x1x1
Qcur-12,kernel_rope_neox_f32,0.005600,1792x16x1,64x1x1,128x28x16x1
Kcur-12,kernel_add_row,0.005700,2048x0x0,64x0x0,512x16x1x1
Kcur-12,kernel_rope_neox_f32,0.002900,256x16x1,64x1x1,128x4x16x1
Vcur-12,kernel_add_row,0.005700,2048x0x0,64x0x0,512x16x1x1
cache_k_l12 (view),kernel_set_rows_f16_i64,0.003200,8192x1x1,512x1x1,512x4096x1x1
cache_v_l12 (view),kernel_set_rows_f16_i64,0.002800,8192x1x1,512x1x1,512x4096x1x1
__fattn__-12,flash_attn_f32_f16,2.735400,32x28x0,32x1x0,128x28x16x1
ffn_inp-12,kernel_add,0.025000,1024x1x1,64x1x1,3584x16x1x1
ffn_norm-12,kernel_rms_norm_mul,0.009200,16384x1x1,1024x1x1,3584x16x1x1
l_out-12,kernel_add,0.024300,1024x1x1,64x1x1,3584x16x1x1
attn_norm-13,kernel_rms_norm_mul,0.009200,16384x1x1,1024x1x1,3584x16x1x1
Qcur-13,kernel_add_row,0.013200,14336x0x0,64x0x0,3584x16x1x1
Qcur-13,kernel_rope_neox_f32,0.005400,1792x16x1,64x1x1,128x28x16x1
Kcur-13,kernel_add_row,0.005600,2048x0x0,64x0x0,512x16x1x1
Kcur-13,kernel_rope_neox_f32,0.002800,256x16x1,64x1x1,128x4x16x1
Vcur-13,kernel_add_row,0.005700,2048x0x0,64x0x0,512x16x1x1
cache_k_l13 (view),kernel_set_rows_f16_i64,0.003300,8192x1x1,512x1x1,512x4096x1x1
cache_v_l13 (view),kernel_set_rows_f16_i64,0.002800,8192x1x1,512x1x1,512x4096x1x1
__fattn__-13,flash_attn_f32_f16,2.686100,32x28x0,32x1x0,128x28x16x1
ffn_inp-13,kernel_add,0.024700,1024x1x1,64x1x1,3584x16x1x1
ffn_norm-13,kernel_rms_norm_mul,0.009200,16384x1x1,1024x1x1,3584x16x1x1
l_out-13,kernel_add,0.023400,1024x1x1,64x1x1,3584x16x1x1
attn_norm-14,kernel_rms_norm_mul,0.009200,16384x1x1,1024x1x1,3584x16x1x1
Qcur-14,kernel_add_row,0.007200,14336x0x0,64x0x0,3584x16x1x1
Qcur-14,kernel_rope_neox_f32,0.005300,1792x16x1,64x1x1,128x28x16x1
Kcur-14,kernel_add_row,0.005700,2048x0x0,64x0x0,512x16x1x1
Kcur-14,kernel_rope_neox_f32,0.002700,256x16x1,64x1x1,128x4x16x1
node_488,kernel_mul_mv_q6_K_f32,0.953700,512x1024x1,2x64x1,512x16x1x1
Vcur-14,kernel_add_row,0.002300,2048x0x0,64x0x0,512x16x1x1
cache_k_l14 (view),kernel_set_rows_f16_i64,0.003500,8192x1x1,512x1x1,512x4096x1x1
cache_v_l14 (view),kernel_set_rows_f16_i64,0.002800,8192x1x1,512x1x1,512x4096x1x1
__fattn__-14,flash_attn_f32_f16,2.702100,32x28x0,32x1x0,128x28x16x1
ffn_inp-14,kernel_add,0.025500,1024x1x1,64x1x1,3584x16x1x1
ffn_norm-14,kernel_rms_norm_mul,0.009400,16384x1x1,1024x1x1,3584x16x1x1
ffn_swiglu-14,kernel_swiglu,0.048700,8192x1x1,512x1x1,18944x16x1x1
ffn_out-14,kernel_mul_mv_q6_K_f32,39.619999,3584x1024x1,2x64x1,3584x16x1x1
l_out-14,kernel_add,0.023800,1024x1x1,64x1x1,3584x16x1x1
attn_norm-15,kernel_rms_norm_mul,0.009100,16384x1x1,1024x1x1,3584x16x1x1
Qcur-15,kernel_add_row,0.012300,14336x0x0,64x0x0,3584x16x1x1
Qcur-15,kernel_rope_neox_f32,0.005500,1792x16x1,64x1x1,128x28x16x1
Kcur-15,kernel_add_row,0.005600,2048x0x0,64x0x0,512x16x1x1
Kcur-15,kernel_rope_neox_f32,0.002800,256x16x1,64x1x1,128x4x16x1
Vcur-15,kernel_add_row,0.005800,2048x0x0,64x0x0,512x16x1x1
cache_k_l15 (view),kernel_set_rows_f16_i64,0.003400,8192x1x1,512x1x1,512x4096x1x1
cache_v_l15 (view),kernel_set_rows_f16_i64,0.002800,8192x1x1,512x1x1,512x4096x1x1
__fattn__-15,flash_attn_f32_f16,2.691000,32x28x0,32x1x0,128x28x16x1
ffn_inp-15,kernel_add,0.024500,1024x1x1,64x1x1,3584x16x1x1
ffn_norm-15,kernel_rms_norm_mul,0.009200,16384x1x1,1024x1x1,3584x16x1x1
l_out-15,kernel_add,0.024300,1024x1x1,64x1x1,3584x16x1x1
attn_norm-16,kernel_rms_norm_mul,0.009200,16384x1x1,1024x1x1,3584x16x1x1
Qcur-16,kernel_add_row,0.012400,14336x0x0,64x0x0,3584x16x1x1
Qcur-16,kernel_rope_neox_f32,0.005400,1792x16x1,64x1x1,128x28x16x1
Kcur-16,kernel_add_row,0.005600,2048x0x0,64x0x0,512x16x1x1
Kcur-16,kernel_rope_neox_f32,0.002800,256x16x1,64x1x1,128x4x16x1
Vcur-16,kernel_add_row,0.005600,2048x0x0,64x0x0,512x16x1x1
cache_k_l16 (view),kernel_set_rows_f16_i64,0.003500,8192x1x1,512x1x1,512x4096x1x1
cache_v_l16 (view),kernel_set_rows_f16_i64,0.002900,8192x1x1,512x1x1,512x4096x1x1
__fattn__-16,flash_attn_f32_f16,2.721800,32x28x0,32x1x0,128x28x16x1
ffn_inp-16,kernel_add,0.025300,1024x1x1,64x1x1,3584x16x1x1
ffn_norm-16,kernel_rms_norm_mul,0.009100,16384x1x1,1024x1x1,3584x16x1x1
l_out-16,kernel_add,0.023100,1024x1x1,64x1x1,3584x16x1x1
attn_norm-17,kernel_rms_norm_mul,0.009300,16384x1x1,1024x1x1,3584x16x1x1
Qcur-17,kernel_add_row,0.007200,14336x0x0,64x0x0,3584x16x1x1
Qcur-17,kernel_rope_neox_f32,0.005500,1792x16x1,64x1x1,128x28x16x1
Kcur-17,kernel_add_row,0.005600,2048x0x0,64x0x0,512x16x1x1
Kcur-17,kernel_rope_neox_f32,0.002700,256x16x1,64x1x1,128x4x16x1
node_590,kernel_mul_mv_q6_K_f32,0.955100,512x1024x1,2x64x1,512x16x1x1
Vcur-17,kernel_add_row,0.002600,2048x0x0,64x0x0,512x16x1x1
cache_k_l17 (view),kernel_set_rows_f16_i64,0.003300,8192x1x1,512x1x1,512x4096x1x1
cache_v_l17 (view),kernel_set_rows_f16_i64,0.002900,8192x1x1,512x1x1,512x4096x1x1
__fattn__-17,flash_attn_f32_f16,2.722100,32x28x0,32x1x0,128x28x16x1
ffn_inp-17,kernel_add,0.025100,1024x1x1,64x1x1,3584x16x1x1
ffn_norm-17,kernel_rms_norm_mul,0.009300,16384x1x1,1024x1x1,3584x16x1x1
ffn_swiglu-17,kernel_swiglu,0.047800,8192x1x1,512x1x1,18944x16x1x1
ffn_out-17,kernel_mul_mv_q6_K_f32,39.535000,3584x1024x1,2x64x1,3584x16x1x1
l_out-17,kernel_add,0.023400,1024x1x1,64x1x1,3584x16x1x1
attn_norm-18,kernel_rms_norm_mul,0.009300,16384x1x1,1024x1x1,3584x16x1x1
Qcur-18,kernel_add_row,0.011900,14336x0x0,64x0x0,3584x16x1x1
Qcur-18,kernel_rope_neox_f32,0.005600,1792x16x1,64x1x1,128x28x16x1
Kcur-18,kernel_add_row,0.005600,2048x0x0,64x0x0,512x16x1x1
Kcur-18,kernel_rope_neox_f32,0.002700,256x16x1,64x1x1,128x4x16x1
Vcur-18,kernel_add_row,0.005800,2048x0x0,64x0x0,512x16x1x1
cache_k_l18 (view),kernel_set_rows_f16_i64,0.003300,8192x1x1,512x1x1,512x4096x1x1
cache_v_l18 (view),kernel_set_rows_f16_i64,0.003000,8192x1x1,512x1x1,512x4096x1x1
__fattn__-18,flash_attn_f32_f16,2.661800,32x28x0,32x1x0,128x28x16x1
ffn_inp-18,kernel_add,0.024200,1024x1x1,64x1x1,3584x16x1x1
ffn_norm-18,kernel_rms_norm_mul,0.009200,16384x1x1,1024x1x1,3584x16x1x1
l_out-18,kernel_add,0.024000,1024x1x1,64x1x1,3584x16x1x1
attn_norm-19,kernel_rms_norm_mul,0.009100,16384x1x1,1024x1x1,3584x16x1x1
Qcur-19,kernel_add_row,0.013200,14336x0x0,64x0x0,3584x16x1x1
Qcur-19,kernel_rope_neox_f32,0.005600,1792x16x1,64x1x1,128x28x16x1
Kcur-19,kernel_add_row,0.005600,2048x0x0,64x0x0,512x16x1x1
Kcur-19,kernel_rope_neox_f32,0.002800,256x16x1,64x1x1,128x4x16x1
Vcur-19,kernel_add_row,0.005600,2048x0x0,64x0x0,512x16x1x1
cache_k_l19 (view),kernel_set_rows_f16_i64,0.003200,8192x1x1,512x1x1,512x4096x1x1
cache_v_l19 (view),kernel_set_rows_f16_i64,0.002800,8192x1x1,512x1x1,512x4096x1x1
__fattn__-19,flash_attn_f32_f16,2.688800,32x28x0,32x1x0,128x28x16x1
ffn_inp-19,kernel_add,0.024900,1024x1x1,64x1x1,3584x16x1x1
ffn_norm-19,kernel_rms_norm_mul,0.009200,16384x1x1,1024x1x1,3584x16x1x1
l_out-19,kernel_add,0.023000,1024x1x1,64x1x1,3584x16x1x1
attn_norm-20,kernel_rms_norm_mul,0.009100,16384x1x1,1024x1x1,3584x16x1x1
Qcur-20,kernel_add_row,0.007500,14336x0x0,64x0x0,3584x16x1x1
Qcur-20,kernel_rope_neox_f32,0.005400,1792x16x1,64x1x1,128x28x16x1
Kcur-20,kernel_add_row,0.005600,2048x0x0,64x0x0,512x16x1x1
Kcur-20,kernel_rope_neox_f32,0.002700,256x16x1,64x1x1,128x4x16x1
node_692,kernel_mul_mv_q6_K_f32,0.953900,512x1024x1,2x64x1,512x16x1x1
Vcur-20,kernel_add_row,0.002600,2048x0x0,64x0x0,512x16x1x1
cache_k_l20 (view),kernel_set_rows_f16_i64,0.003300,8192x1x1,512x1x1,512x4096x1x1
cache_v_l20 (view),kernel_set_rows_f16_i64,0.002900,8192x1x1,512x1x1,512x4096x1x1
__fattn__-20,flash_attn_f32_f16,2.711500,32x28x0,32x1x0,128x28x16x1
ffn_inp-20,kernel_add,0.025400,1024x1x1,64x1x1,3584x16x1x1
ffn_norm-20,kernel_rms_norm_mul,0.009400,16384x1x1,1024x1x1,3584x16x1x1
ffn_swiglu-20,kernel_swiglu,0.047400,8192x1x1,512x1x1,18944x16x1x1
ffn_out-20,kernel_mul_mv_q6_K_f32,39.606300,3584x1024x1,2x64x1,3584x16x1x1
l_out-20,kernel_add,0.023300,1024x1x1,64x1x1,3584x16x1x1
attn_norm-21,kernel_rms_norm_mul,0.009200,16384x1x1,1024x1x1,3584x16x1x1
Qcur-21,kernel_add_row,0.010900,14336x0x0,64x0x0,3584x16x1x1
Qcur-21,kernel_rope_neox_f32,0.005500,1792x16x1,64x1x1,128x28x16x1
Kcur-21,kernel_add_row,0.005500,2048x0x0,64x0x0,512x16x1x1
Kcur-21,kernel_rope_neox_f32,0.002700,256x16x1,64x1x1,128x4x16x1
Vcur-21,kernel_add_row,0.005700,2048x0x0,64x0x0,512x16x1x1
cache_k_l21 (view),kernel_set_rows_f16_i64,0.003700,8192x1x1,512x1x1,512x4096x1x1
cache_v_l21 (view),kernel_set_rows_f16_i64,0.002800,8192x1x1,512x1x1,512x4096x1x1
__fattn__-21,flash_attn_f32_f16,2.707800,32x28x0,32x1x0,128x28x16x1
ffn_inp-21,kernel_add,0.024400,1024x1x1,64x1x1,3584x16x1x1
ffn_norm-21,kernel_rms_norm_mul,0.009200,16384x1x1,1024x1x1,3584x16x1x1
l_out-21,kernel_add,0.024200,1024x1x1,64x1x1,3584x16x1x1
attn_norm-22,kernel_rms_norm_mul,0.009200,16384x1x1,1024x1x1,3584x16x1x1
Qcur-22,kernel_add_row,0.013200,14336x0x0,64x0x0,3584x16x1x1
Qcur-22,kernel_rope_neox_f32,0.005500,1792x16x1,64x1x1,128x28x16x1
Kcur-22,kernel_add_row,0.005500,2048x0x0,64x0x0,512x16x1x1
Kcur-22,kernel_rope_neox_f32,0.002800,256x16x1,64x1x1,128x4x16x1
Vcur-22,kernel_add_row,0.005600,2048x0x0,64x0x0,512x16x1x1
cache_k_l22 (view),kernel_set_rows_f16_i64,0.003400,8192x1x1,512x1x1,512x4096x1x1
cache_v_l22 (view),kernel_set_rows_f16_i64,0.002800,8192x1x1,512x1x1,512x4096x1x1
__fattn__-22,flash_attn_f32_f16,2.661900,32x28x0,32x1x0,128x28x16x1
ffn_inp-22,kernel_add,0.025000,1024x1x1,64x1x1,3584x16x1x1
ffn_norm-22,kernel_rms_norm_mul,0.009200,16384x1x1,1024x1x1,3584x16x1x1
l_out-22,kernel_add,0.023200,1024x1x1,64x1x1,3584x16x1x1
attn_norm-23,kernel_rms_norm_mul,0.009200,16384x1x1,1024x1x1,3584x16x1x1
Qcur-23,kernel_add_row,0.007200,14336x0x0,64x0x0,3584x16x1x1
Qcur-23,kernel_rope_neox_f32,0.005600,1792x16x1,64x1x1,128x28x16x1
Kcur-23,kernel_add_row,0.005600,2048x0x0,64x0x0,512x16x1x1
Kcur-23,kernel_rope_neox_f32,0.002700,256x16x1,64x1x1,128x4x16x1
node_794,kernel_mul_mv_q6_K_f32,0.954500,512x1024x1,2x64x1,512x16x1x1
Vcur-23,kernel_add_row,0.002500,2048x0x0,64x0x0,512x16x1x1
cache_k_l23 (view),kernel_set_rows_f16_i64,0.003300,8192x1x1,512x1x1,512x4096x1x1
cache_v_l23 (view),kernel_set_rows_f16_i64,0.002800,8192x1x1,512x1x1,512x4096x1x1
__fattn__-23,flash_attn_f32_f16,2.659400,32x28x0,32x1x0,128x28x16x1
ffn_inp-23,kernel_add,0.025200,1024x1x1,64x1x1,3584x16x1x1
ffn_norm-23,kernel_rms_norm_mul,0.009200,16384x1x1,1024x1x1,3584x16x1x1
ffn_swiglu-23,kernel_swiglu,0.047000,8192x1x1,512x1x1,18944x16x1x1
ffn_out-23,kernel_mul_mv_q6_K_f32,39.623699,3584x1024x1,2x64x1,3584x16x1x1
l_out-23,kernel_add,0.023000,1024x1x1,64x1x1,3584x16x1x1
attn_norm-24,kernel_rms_norm_mul,0.009200,16384x1x1,1024x1x1,3584x16x1x1
Qcur-24,kernel_add_row,0.009100,14336x0x0,64x0x0,3584x16x1x1
Qcur-24,kernel_rope_neox_f32,0.005500,1792x16x1,64x1x1,128x28x16x1
Kcur-24,kernel_add_row,0.005900,2048x0x0,64x0x0,512x16x1x1
Kcur-24,kernel_rope_neox_f32,0.002800,256x16x1,64x1x1,128x4x16x1
node_828,kernel_mul_mv_q6_K_f32,0.958800,512x1024x1,2x64x1,512x16x1x1
Vcur-24,kernel_add_row,0.002500,2048x0x0,64x0x0,512x16x1x1
cache_k_l24 (view),kernel_set_rows_f16_i64,0.003100,8192x1x1,512x1x1,512x4096x1x1
cache_v_l24 (view),kernel_set_rows_f16_i64,0.002800,8192x1x1,512x1x1,512x4096x1x1
__fattn__-24,flash_attn_f32_f16,2.680000,32x28x0,32x1x0,128x28x16x1
ffn_inp-24,kernel_add,0.024400,1024x1x1,64x1x1,3584x16x1x1
ffn_norm-24,kernel_rms_norm_mul,0.009200,16384x1x1,1024x1x1,3584x16x1x1
ffn_swiglu-24,kernel_swiglu,0.047200,8192x1x1,512x1x1,18944x16x1x1
ffn_out-24,kernel_mul_mv_q6_K_f32,39.603600,3584x1024x1,2x64x1,3584x16x1x1
l_out-24,kernel_add,0.023400,1024x1x1,64x1x1,3584x16x1x1
attn_norm-25,kernel_rms_norm_mul,0.009100,16384x1x1,1024x1x1,3584x16x1x1
Qcur-25,kernel_add_row,0.007700,14336x0x0,64x0x0,3584x16x1x1
Qcur-25,kernel_rope_neox_f32,0.005600,1792x16x1,64x1x1,128x28x16x1
Kcur-25,kernel_add_row,0.005600,2048x0x0,64x0x0,512x16x1x1
Kcur-25,kernel_rope_neox_f32,0.002700,256x16x1,64x1x1,128x4x16x1
node_862,kernel_mul_mv_q6_K_f32,0.954500,512x1024x1,2x64x1,512x16x1x1
Vcur-25,kernel_add_row,0.002600,2048x0x0,64x0x0,512x16x1x1
cache_k_l25 (view),kernel_set_rows_f16_i64,0.003300,8192x1x1,512x1x1,512x4096x1x1
cache_v_l25 (view),kernel_set_rows_f16_i64,0.002800,8192x1x1,512x1x1,512x4096x1x1
__fattn__-25,flash_attn_f32_f16,2.687500,32x28x0,32x1x0,128x28x16x1
ffn_inp-25,kernel_add,0.024700,1024x1x1,64x1x1,3584x16x1x1
ffn_norm-25,kernel_rms_norm_mul,0.009300,16384x1x1,1024x1x1,3584x16x1x1
ffn_swiglu-25,kernel_swiglu,0.047500,8192x1x1,512x1x1,18944x16x1x1
ffn_out-25,kernel_mul_mv_q6_K_f32,39.627899,3584x1024x1,2x64x1,3584x16x1x1
l_out-25,kernel_add,0.023400,1024x1x1,64x1x1,3584x16x1x1
attn_norm-26,kernel_rms_norm_mul,0.009200,16384x1x1,1024x1x1,3584x16x1x1
Qcur-26,kernel_add_row,0.007800,14336x0x0,64x0x0,3584x16x1x1
Qcur-26,kernel_rope_neox_f32,0.005700,1792x16x1,64x1x1,128x28x16x1
Kcur-26,kernel_add_row,0.005700,2048x0x0,64x0x0,512x16x1x1
Kcur-26,kernel_rope_neox_f32,0.002600,256x16x1,64x1x1,128x4x16x1
node_896,kernel_mul_mv_q6_K_f32,0.956500,512x1024x1,2x64x1,512x16x1x1
Vcur-26,kernel_add_row,0.002600,2048x0x0,64x0x0,512x16x1x1
cache_k_l26 (view),kernel_set_rows_f16_i64,0.003400,8192x1x1,512x1x1,512x4096x1x1
cache_v_l26 (view),kernel_set_rows_f16_i64,0.002900,8192x1x1,512x1x1,512x4096x1x1
__fattn__-26,flash_attn_f32_f16,2.697200,32x28x0,32x1x0,128x28x16x1
ffn_inp-26,kernel_add,0.024100,1024x1x1,64x1x1,3584x16x1x1
ffn_norm-26,kernel_rms_norm_mul,0.009300,16384x1x1,1024x1x1,3584x16x1x1
ffn_swiglu-26,kernel_swiglu,0.047700,8192x1x1,512x1x1,18944x16x1x1
ffn_out-26,kernel_mul_mv_q6_K_f32,39.586300,3584x1024x1,2x64x1,3584x16x1x1
l_out-26,kernel_add,0.023200,1024x1x1,64x1x1,3584x16x1x1
attn_norm-27,kernel_rms_norm_mul,0.009100,16384x1x1,1024x1x1,3584x16x1x1
Qcur-27,kernel_add_row,0.007900,14336x0x0,64x0x0,3584x16x1x1
Qcur-27,kernel_rope_neox_f32,0.005500,1792x16x1,64x1x1,128x28x16x1
Kcur-27,kernel_add_row,0.005600,2048x0x0,64x0x0,512x16x1x1
Kcur-27,kernel_rope_neox_f32,0.002700,256x16x1,64x1x1,128x4x16x1
node_930,kernel_mul_mv_q6_K_f32,0.953300,512x1024x1,2x64x1,512x16x1x1
Vcur-27,kernel_add_row,0.002500,2048x0x0,64x0x0,512x16x1x1
cache_k_l27 (view),kernel_set_rows_f16_i64,0.003300,8192x1x1,512x1x1,512x4096x1x1
cache_v_l27 (view),kernel_set_rows_f16_i64,0.002900,8192x1x1,512x1x1,512x4096x1x1
__fattn__-27,flash_attn_f32_f16,2.655100,32x28x0,32x1x0,128x28x16x1
attn_norm-0,kernel_rms_norm_mul,0.012300,16384x1x1,1024x1x1,3584x16x1x1
Qcur-0,kernel_add_row,0.007800,14336x0x0,64x0x0,3584x16x1x1
Qcur-0,kernel_rope_neox_f32,0.005500,1792x16x1,64x1x1,128x28x16x1
Kcur-0,kernel_add_row,0.005600,2048x0x0,64x0x0,512x16x1x1
Kcur-0,kernel_rope_neox_f32,0.002700,256x16x1,64x1x1,128x4x16x1
node_11,kernel_mul_mv_q6_K_f32,0.955800,512x1024x1,2x64x1,512x16x1x1
Vcur-0,kernel_add_row,0.002200,2048x0x0,64x0x0,512x16x1x1
cache_k_l0 (view),kernel_set_rows_f16_i64,0.003300,8192x1x1,512x1x1,512x4096x1x1
cache_v_l0 (view),kernel_set_rows_f16_i64,0.002800,8192x1x1,512x1x1,512x4096x1x1
 (copy),kernel_cpy_f32_f16,0.004500,4096x1x1,64x1x1,512x64x1x1
__fattn__-0,flash_attn_f32_f16,2.677500,32x28x0,32x1x0,128x28x16x1
ffn_inp-0,kernel_add,0.025100,1024x1x1,64x1x1,3584x16x1x1
ffn_norm-0,kernel_rms_norm_mul,0.009200,16384x1x1,1024x1x1,3584x16x1x1
ffn_swiglu-0,kernel_swiglu,0.047700,8192x1x1,512x1x1,18944x16x1x1
ffn_out-0,kernel_mul_mv_q6_K_f32,33.138699,3584x1024x1,2x64x1,3584x16x1x1
l_out-0,kernel_add,0.023800,1024x1x1,64x1x1,3584x16x1x1
attn_norm-1,kernel_rms_norm_mul,0.009400,16384x1x1,1024x1x1,3584x16x1x1
Qcur-1,kernel_add_row,0.008300,14336x0x0,64x0x0,3584x16x1x1
Qcur-1,kernel_rope_neox_f32,0.005500,1792x16x1,64x1x1,128x28x16x1
Kcur-1,kernel_add_row,0.005600,2048x0x0,64x0x0,512x16x1x1
Kcur-1,kernel_rope_neox_f32,0.002800,256x16x1,64x1x1,128x4x16x1
node_46,kernel_mul_mv_q6_K_f32,0.953800,512x1024x1,2x64x1,512x16x1x1
Vcur-1,kernel_add_row,0.002500,2048x0x0,64x0x0,512x16x1x1
cache_k_l1 (view),kernel_set_rows_f16_i64,0.003800,8192x1x1,512x1x1,512x4096x1x1
cache_v_l1 (view),kernel_set_rows_f16_i64,0.002900,8192x1x1,512x1x1,512x4096x1x1
__fattn__-1,flash_attn_f32_f16,2.692900,32x28x0,32x1x0,128x28x16x1
ffn_inp-1,kernel_add,0.024200,1024x1x1,64x1x1,3584x16x1x1
ffn_norm-1,kernel_rms_norm_mul,0.009200,16384x1x1,1024x1x1,3584x16x1x1
ffn_swiglu-1,kernel_swiglu,0.048100,8192x1x1,512x1x1,18944x16x1x1
ffn_out-1,kernel_mul_mv_q6_K_f32,33.134899,3584x1024x1,2x64x1,3584x16x1x1
l_out-1,kernel_add,0.023100,1024x1x1,64x1x1,3584x16x1x1
attn_norm-2,kernel_rms_norm_mul,0.009500,16384x1x1,1024x1x1,3584x16x1x1
Qcur-2,kernel_add_row,0.008200,14336x0x0,64x0x0,3584x16x1x1
Qcur-2,kernel_rope_neox_f32,0.005600,1792x16x1,64x1x1,128x28x16x1
Kcur-2,kernel_add_row,0.005700,2048x0x0,64x0x0,512x16x1x1
Kcur-2,kernel_rope_neox_f32,0.002700,256x16x1,64x1x1,128x4x16x1
node_80,kernel_mul_mv_q6_K_f32,0.956000,512x1024x1,2x64x1,512x16x1x1
Vcur-2,kernel_add_row,0.002500,2048x0x0,64x0x0,512x16x1x1
cache_k_l2 (view),kernel_set_rows_f16_i64,0.003700,8192x1x1,512x1x1,512x4096x1x1
cache_v_l2 (view),kernel_set_rows_f16_i64,0.002900,8192x1x1,512x1x1,512x4096x1x1
__fattn__-2,flash_attn_f32_f16,2.728900,32x28x0,32x1x0,128x28x16x1
ffn_inp-2,kernel_add,0.023900,1024x1x1,64x1x1,3584x16x1x1
ffn_norm-2,kernel_rms_norm_mul,0.009100,16384x1x1,1024x1x1,3584x16x1x1
ffn_swiglu-2,kernel_swiglu,0.059300,8192x1x1,512x1x1,18944x16x1x1
ffn_out-2,kernel_mul_mv_q6_K_f32,34.280701,3584x1024x1,2x64x1,3584x16x1x1
l_out-2,kernel_add,0.022900,1024x1x1,64x1x1,3584x16x1x1
attn_norm-3,kernel_rms_norm_mul,0.009300,16384x1x1,1024x1x1,3584x16x1x1
Qcur-3,kernel_add_row,0.011900,14336x0x0,64x0x0,3584x16x1x1
Qcur-3,kernel_rope_neox_f32,0.010600,1792x16x1,64x1x1,128x28x16x1
Kcur-3,kernel_add_row,0.005600,2048x0x0,64x0x0,512x16x1x1
Kcur-3,kernel_rope_neox_f32,0.002700,256x16x1,64x1x1,128x4x16x1
Vcur-3,kernel_add_row,0.005600,2048x0x0,64x0x0,512x16x1x1
cache_k_l3 (view),kernel_set_rows_f16_i64,0.004100,8192x1x1,512x1x1,512x4096x1x1
cache_v_l3 (view),kernel_set_rows_f16_i64,0.002800,8192x1x1,512x1x1,512x4096x1x1
__fattn__-3,flash_attn_f32_f16,2.677800,32x28x0,32x1x0,128x28x16x1
ffn_inp-3,kernel_add,0.023900,1024x1x1,64x1x1,3584x16x1x1
ffn_norm-3,kernel_rms_norm_mul,0.009100,16384x1x1,1024x1x1,3584x16x1x1
l_out-3,kernel_add,0.025200,1024x1x1,64x1x1,3584x16x1x1
attn_norm-4,kernel_rms_norm_mul,0.009600,16384x1x1,1024x1x1,3584x16x1x1
Qcur-4,kernel_add_row,0.008200,14336x0x0,64x0x0,3584x16x1x1
Qcur-4,kernel_rope_neox_f32,0.005600,1792x16x1,64x1x1,128x28x16x1
Kcur-4,kernel_add_row,0.005900,2048x0x0,64x0x0,512x16x1x1
Kcur-4,kernel_rope_neox_f32,0.002700,256x16x1,64x1x1,128x4x16x1
Vcur-4,kernel_add_row,0.005700,2048x0x0,64x0x0,512x16x1x1
cache_k_l4 (view),kernel_set_rows_f16_i64,0.004200,8192x1x1,512x1x1,512x4096x1x1
cache_v_l4 (view),kernel_set_rows_f16_i64,0.002800,8192x1x1,512x1x1,512x4096x1x1
__fattn__-4,flash_attn_f32_f16,2.670000,32x28x0,32x1x0,128x28x16x1
ffn_inp-4,kernel_add,0.023100,1024x1x1,64x1x1,3584x16x1x1
ffn_norm-4,kernel_rms_norm_mul,0.009100,16384x1x1,1024x1x1,3584x16x1x1
l_out-4,kernel_add,0.025100,1024x1x1,64x1x1,3584x16x1x1
attn_norm-5,kernel_rms_norm_mul,0.009500,16384x1x1,1024x1x1,3584x16x1x1
Qcur-5,kernel_add_row,0.008100,14336x0x0,64x0x0,3584x16x1x1
Qcur-5,kernel_rope_neox_f32,0.005500,1792x16x1,64x1x1,128x28x16x1
Kcur-5,kernel_add_row,0.005600,2048x0x0,64x0x0,512x16x1x1
Kcur-5,kernel_rope_neox_f32,0.002700,256x16x1,64x1x1,128x4x16x1
node_182,kernel_mul_mv_q6_K_f32,0.956300,512x1024x1,2x64x1,512x16x1x1
Vcur-5,kernel_add_row,0.002500,2048x0x0,64x0x0,512x16x1x1
cache_k_l5 (view),kernel_set_rows_f16_i64,0.003900,8192x1x1,512x1x1,512x4096x1x1
cache_v_l5 (view),kernel_set_rows_f16_i64,0.002800,8192x1x1,512x1x1,512x4096x1x1
__fattn__-5,flash_attn_f32_f16,2.717600,32x28x0,32x1x0,128x28x16x1
ffn_inp-5,kernel_add,0.023500,1024x1x1,64x1x1,3584x16x1x1
ffn_norm-5,kernel_rms_norm_mul,0.009200,16384x1x1,1024x1x1,3584x16x1x1
ffn_swiglu-5,kernel_swiglu,0.050500,8192x1x1,512x1x1,18944x16x1x1
ffn_out-5,kernel_mul_mv_q6_K_f32,34.495899,3584x1024x1,2x64x1,3584x16x1x1
l_out-5,kernel_add,0.023300,1024x1x1,64x1x1,3584x16x1x1
attn_norm-6,kernel_rms_norm_mul,0.009400,16384x1x1,1024x1x1,3584x16x1x1
Qcur-6,kernel_add_row,0.012200,14336x0x0,64x0x0,3584x16x1x1
Qcur-6,kernel_rope_neox_f32,0.010600,1792x16x1,64x1x1,128x28x16x1
Kcur-6,kernel_add_row,0.005500,2048x0x0,64x0x0,512x16x1x1
Kcur-6,kernel_rope_neox_f32,0.002700,256x16x1,64x1x1,128x4x16x1
Vcur-6,kernel_add_row,0.005700,2048x0x0,64x0x0,512x16x1x1
cache_k_l6 (view),kernel_set_rows_f16_i64,0.004000,8192x1x1,512x1x1,512x4096x1x1
cache_v_l6 (view),kernel_set_rows_f16_i64,0.002900,8192x1x1,512x1x1,512x4096x1x1
__fattn__-6,flash_attn_f32_f16,2.733400,32x28x0,32x1x0,128x28x16x1
ffn_inp-6,kernel_add,0.023600,1024x1x1,64x1x1,3584x16x1x1
ffn_norm-6,kernel_rms_norm_mul,0.009200,16384x1x1,1024x1x1,3584x16x1x1
l_out-6,kernel_add,0.025200,1024x1x1,64x1x1,3584x16x1x1
attn_norm-7,kernel_rms_norm_mul,0.009600,16384x1x1,1024x1x1,3584x16x1x1
Qcur-7,kernel_add_row,0.008100,14336x0x0,64x0x0,3584x16x1x1
Qcur-7,kernel_rope_neox_f32,0.005700,1792x16x1,64x1x1,128x28x16x1
Kcur-7,kernel_add_row,0.005600,2048x0x0,64x0x0,512x16x1x1
Kcur-7,kernel_rope_neox_f32,0.002800,256x16x1,64x1x1,128x4x16x1
Vcur-7,kernel_add_row,0.005600,2048x0x0,64x0x0,512x16x1x1
cache_k_l7 (view),kernel_set_rows_f16_i64,0.003900,8192x1x1,512x1x1,512x4096x1x1
cache_v_l7 (view),kernel_set_rows_f16_i64,0.002800,8192x1x1,512x1x1,512x4096x1x1
__fattn__-7,flash_attn_f32_f16,2.698200,32x28x0,32x1x0,128x28x16x1
ffn_inp-7,kernel_add,0.023000,1024x1x1,64x1x1,3584x16x1x1
ffn_norm-7,kernel_rms_norm_mul,0.009200,16384x1x1,1024x1x1,3584x16x1x1
l_out-7,kernel_add,0.024800,1024x1x1,64x1x1,3584x16x1x1
attn_norm-8,kernel_rms_norm_mul,0.009600,16384x1x1,1024x1x1,3584x16x1x1
Qcur-8,kernel_add_row,0.008100,14336x0x0,64x0x0,3584x16x1x1
Qcur-8,kernel_rope_neox_f32,0.005600,1792x16x1,64x1x1,128x28x16x1
Kcur-8,kernel_add_row,0.005600,2048x0x0,64x0x0,512x16x1x1
Kcur-8,kernel_rope_neox_f32,0.002800,256x16x1,64x1x1,128x4x16x1
node_284,kernel_mul_mv_q6_K_f32,0.957600,512x1024x1,2x64x1,512x16x1x1
Vcur-8,kernel_add_row,0.002500,2048x0x0,64x0x0,512x16x1x1
cache_k_l8 (view),kernel_set_rows_f16_i64,0.003800,8192x1x1,512x1x1,512x4096x1x1
cache_v_l8 (view),kernel_set_rows_f16_i64,0.002800,8192x1x1,512x1x1,512x4096x1x1
__fattn__-8,flash_attn_f32_f16,2.718100,32x28x0,32x1x0,128x28x16x1
ffn_inp-8,kernel_add,0.023600,1024x1x1,64x1x1,3584x16x1x1
ffn_norm-8,kernel_rms_norm_mul,0.009100,16384x1x1,1024x1x1,3584x16x1x1
ffn_swiglu-8,kernel_swiglu,0.048300,8192x1x1,512x1x1,18944x16x1x1
ffn_out-8,kernel_mul_mv_q6_K_f32,34.023399,3584x1024x1,2x64x1,3584x16x1x1
l_out-8,kernel_add,0.023300,1024x1x1,64x1x1,3584x16x1x1
attn_norm-9,kernel_rms_norm_mul,0.009400,16384x1x1,1024x1x1,3584x16x1x1
Qcur-9,kernel_add_row,0.011700,14336x0x0,64x0x0,3584x16x1x1
Qcur-9,kernel_rope_neox_f32,0.010500,1792x16x1,64x1x1,128x28x16x1
Kcur-9,kernel_add_row,0.005900,2048x0x0,64x0x0,512x16x1x1
Kcur-9,kernel_rope_neox_f32,0.002700,256x16x1,64x1x1,128x4x16x1
Vcur-9,kernel_add_row,0.005700,2048x0x0,64x0x0,512x16x1x1
cache_k_l9 (view),kernel_set_rows_f16_i64,0.003800,8192x1x1,512x1x1,512x4096x1x1
cache_v_l9 (view),kernel_set_rows_f16_i64,0.002700,8192x1x1,512x1x1,512x4096x1x1
__fattn__-9,flash_attn_f32_f16,2.676500,32x28x0,32x1x0,128x28x16x1
ffn_inp-9,kernel_add,0.023800,1024x1x1,64x1x1,3584x16x1x1
ffn_norm-9,kernel_rms_norm_mul,0.009200,16384x1x1,1024x1x1,3584x16x1x1
l_out-9,kernel_add,0.025200,1024x1x1,64x1x1,3584x16x1x1
attn_norm-10,kernel_rms_norm_mul,0.009700,16384x1x1,1024x1x1,3584x16x1x1
Qcur-10,kernel_add_row,0.008100,14336x0x0,64x0x0,3584x16x1x1
Qcur-10,kernel_rope_neox_f32,0.005600,1792x16x1,64x1x1,128x28x16x1
Kcur-10,kernel_add_row,0.005600,2048x0x0,64x0x0,512x16x1x1
Kcur-10,kernel_rope_neox_f32,0.002700,256x16x1,64x1x1,128x4x16x1
Vcur-10,kernel_add_row,0.005600,2048x0x0,64x0x0,512x16x1x1
cache_k_l10 (view),kernel_set_rows_f16_i64,0.004000,8192x1x1,512x1x1,512x4096x1x1
cache_v_l10 (view),kernel_set_rows_f16_i64,0.002700,8192x1x1,512x1x1,512x4096x1x1
__fattn__-10,flash_attn_f32_f16,2.724400,32x28x0,32x1x0,128x28x16x1
ffn_inp-10,kernel_add,0.023300,1024x1x1,64x1x1,3584x16x1x1
ffn_norm-10,kernel_rms_norm_mul,0.009200,16384x1x1,1024x1x1,3584x16x1x1
l_out-10,kernel_add,0.025100,1024x1x1,64x1x1,3584x16x1x1
attn_norm-11,kernel_rms_norm_mul,0.009500,16384x1x1,1024x1x1,3584x16x1x1
Qcur-11,kernel_add_row,0.008000,14336x0x0,64x0x0,3584x16x1x1
Qcur-11,kernel_rope_neox_f32,0.005400,1792x16x1,64x1x1,128x28x16x1
Kcur-11,kernel_add_row,0.005600,2048x0x0,64x0x0,512x16x1x1
Kcur-11,kernel_rope_neox_f32,0.002800,256x16x1,64x1x1,128x4x16x1
node_386,kernel_mul_mv_q6_K_f32,0.956100,512x1024x1,2x64x1,512x16x1x1
Vcur-11,kernel_add_row,0.002500,2048x0x0,64x0x0,512x16x1x1
cache_k_l11 (view),kernel_set_rows_f16_i64,0.003700,8192x1x1,512x1x1,512x4096x1x1
cache_v_l11 (view),kernel_set_rows_f16_i64,0.002900,8192x1x1,512x1x1,512x4096x1x1
__fattn__-11,flash_attn_f32_f16,2.686900,32x28x0,32x1x0,128x28x16x1
ffn_inp-11,kernel_add,0.024000,1024x1x1,64x1x1,3584x16x1x1
ffn_norm-11,kernel_rms_norm_mul,0.009200,16384x1x1,1024x1x1,3584x16x1x1
ffn_swiglu-11,kernel_swiglu,0.047800,8192x1x1,512x1x1,18944x16x1x1
ffn_out-11,kernel_mul_mv_q6_K_f32,33.162800,3584x1024x1,2x64x1,3584x16x1x1
l_out-11,kernel_add,0.023000,1024x1x1,64x1x1,3584x16x1x1
attn_norm-12,kernel_rms_norm_mul,0.009400,16384x1x1,1024x1x1,3584x16x1x1
Qcur-12,kernel_add_row,0.008200,14336x0x0,64x0x0,3584x16x1x1
Qcur-12,kernel_rope_neox_f32,0.005500,1792x16x1,64x1x1,128x28x16x1
Kcur-12,kernel_add_row,0.005800,2048x0x0,64x0x0,512x16x1x1
Kcur-12,kernel_rope_neox_f32,0.002700,256x16x1,64x1x1,128x4x16x1
Vcur-12,kernel_add_row,0.005700,2048x0x0,64x0x0,512x16x1x1
cache_k_l12 (view),kernel_set_rows_f16_i64,0.003800,8192x1x1,512x1x1,512x4096x1x1
cache_v_l12 (view),kernel_set_rows_f16_i64,0.002800,8192x1x1,512x1x1,512x4096x1x1
__fattn__-12,flash_attn_f32_f16,2.686700,32x28x0,32x1x0,128x28x16x1
ffn_inp-12,kernel_add,0.024500,1024x1x1,64x1x1,3584x16x1x1
ffn_norm-12,kernel_rms_norm_mul,0.009100,16384x1x1,1024x1x1,3584x16x1x1
l_out-12,kernel_add,0.024600,1024x1x1,64x1x1,3584x16x1x1
attn_norm-13,kernel_rms_norm_mul,0.009600,16384x1x1,1024x1x1,3584x16x1x1
Qcur-13,kernel_add_row,0.008200,14336x0x0,64x0x0,3584x16x1x1
Qcur-13,kernel_rope_neox_f32,0.005600,1792x16x1,64x1x1,128x28x16x1
Kcur-13,kernel_add_row,0.005600,2048x0x0,64x0x0,512x16x1x1
Kcur-13,kernel_rope_neox_f32,0.002900,256x16x1,64x1x1,128x4x16x1
Vcur-13,kernel_add_row,0.005700,2048x0x0,64x0x0,512x16x1x1
cache_k_l13 (view),kernel_set_rows_f16_i64,0.003900,8192x1x1,512x1x1,512x4096x1x1
cache_v_l13 (view),kernel_set_rows_f16_i64,0.002800,8192x1x1,512x1x1,512x4096x1x1
__fattn__-13,flash_attn_f32_f16,2.666400,32x28x0,32x1x0,128x28x16x1
ffn_inp-13,kernel_add,0.023100,1024x1x1,64x1x1,3584x16x1x1
ffn_norm-13,kernel_rms_norm_mul,0.009300,16384x1x1,1024x1x1,3584x16x1x1
l_out-13,kernel_add,0.025100,1024x1x1,64x1x1,3584x16x1x1
attn_norm-14,kernel_rms_norm_mul,0.009500,16384x1x1,1024x1x1,3584x16x1x1
Qcur-14,kernel_add_row,0.008300,14336x0x0,64x0x0,3584x16x1x1
Qcur-14,kernel_rope_neox_f32,0.005500,1792x16x1,64x1x1,128x28x16x1
Kcur-14,kernel_add_row,0.005800,2048x0x0,64x0x0,512x16x1x1
Kcur-14,kernel_rope_neox_f32,0.002700,256x16x1,64x1x1,128x4x16x1
node_488,kernel_mul_mv_q6_K_f32,0.955400,512x1024x1,2x64x1,512x16x1x1
Vcur-14,kernel_add_row,0.002500,2048x0x0,64x0x0,512x16x1x1
cache_k_l14 (view),kernel_set_rows_f16_i64,0.003500,8192x1x1,512x1x1,512x4096x1x1
cache_v_l14 (view),kernel_set_rows_f16_i64,0.002800,8192x1x1,512x1x1,512x4096x1x1
__fattn__-14,flash_attn_f32_f16,2.707700,32x28x0,32x1x0,128x28x16x1
ffn_inp-14,kernel_add,0.024300,1024x1x1,64x1x1,3584x16x1x1
ffn_norm-14,kernel_rms_norm_mul,0.009100,16384x1x1,1024x1x1,3584x16x1x1
ffn_swiglu-14,kernel_swiglu,0.048600,8192x1x1,512x1x1,18944x16x1x1
ffn_out-14,kernel_mul_mv_q6_K_f32,33.103298,3584x1024x1,2x64x1,3584x16x1x1
l_out-14,kernel_add,0.022800,1024x1x1,64x1x1,3584x16x1x1
attn_norm-15,kernel_rms_norm_mul,0.009400,16384x1x1,1024x1x1,3584x16x1x1
Qcur-15,kernel_add_row,0.008200,14336x0x0,64x0x0,3584x16x1x1
Qcur-15,kernel_rope_neox_f32,0.005500,1792x16x1,64x1x1,128x28x16x1
Kcur-15,kernel_add_row,0.005600,2048x0x0,64x0x0,512x16x1x1
Kcur-15,kernel_rope_neox_f32,0.002700,256x16x1,64x1x1,128x4x16x1
Vcur-15,kernel_add_row,0.005600,2048x0x0,64x0x0,512x16x1x1
cache_k_l15 (view),kernel_set_rows_f16_i64,0.004200,8192x1x1,512x1x1,512x4096x1x1
cache_v_l15 (view),kernel_set_rows_f16_i64,0.002800,8192x1x1,512x1x1,512x4096x1x1
__fattn__-15,flash_attn_f32_f16,2.703800,32x28x0,32x1x0,128x28x16x1
ffn_inp-15,kernel_add,0.024100,1024x1x1,64x1x1,3584x16x1x1
ffn_norm-15,kernel_rms_norm_mul,0.009200,16384x1x1,1024x1x1,3584x16x1x1
l_out-15,kernel_add,0.025100,1024x1x1,64x1x1,3584x16x1x1
attn_norm-16,kernel_rms_norm_mul,0.009400,16384x1x1,1024x1x1,3584x16x1x1
Qcur-16,kernel_add_row,0.007800,14336x0x0,64x0x0,3584x16x1x1
Qcur-16,kernel_rope_neox_f32,0.005500,1792x16x1,64x1x1,128x28x16x1
Kcur-16,kernel_add_row,0.005600,2048x0x0,64x0x0,512x16x1x1
Kcur-16,kernel_rope_neox_f32,0.002900,256x16x1,64x1x1,128x4x16x1
Vcur-16,kernel_add_row,0.005600,2048x0x0,64x0x0,512x16x1x1
cache_k_l16 (view),kernel_set_rows_f16_i64,0.004100,8192x1x1,512x1x1,512x4096x1x1
cache_v_l16 (view),kernel_set_rows_f16_i64,0.002800,8192x1x1,512x1x1,512x4096x1x1
__fattn__-16,flash_attn_f32_f16,2.690100,32x28x0,32x1x0,128x28x16x1
ffn_inp-16,kernel_add,0.022800,1024x1x1,64x1x1,3584x16x1x1
ffn_norm-16,kernel_rms_norm_mul,0.009100,16384x1x1,1024x1x1,3584x16x1x1
l_out-16,kernel_add,0.024600,1024x1x1,64x1x1,3584x16x1x1
attn_norm-17,kernel_rms_norm_mul,0.009500,16384x1x1,1024x1x1,3584x16x1x1
Qcur-17,kernel_add_row,0.008400,14336x0x0,64x0x0,3584x16x1x1
Qcur-17,kernel_rope_neox_f32,0.005400,1792x16x1,64x1x1,128x28x16x1
Kcur-17,kernel_add_row,0.005700,2048x0x0,64x0x0,512x16x1x1
Kcur-17,kernel_rope_neox_f32,0.002700,256x16x1,64x1x1,128x4x16x1
node_590,kernel_mul_mv_q6_K_f32,0.954700,512x1024x1,2x64x1,512x16x1x1
Vcur-17,kernel_add_row,0.002500,2048x0x0,64x0x0,512x16x1x1
cache_k_l17 (view),kernel_set_rows_f16_i64,0.003800,8192x1x1,512x1x1,512x4096x1x1
cache_v_l17 (view),kernel_set_rows_f16_i64,0.002900,8192x1x1,512x1x1,512x4096x1x1
__fattn__-17,flash_attn_f32_f16,2.681300,32x28x0,32x1x0,128x28x16x1
ffn_inp-17,kernel_add,0.023800,1024x1x1,64x1x1,3584x16x1x1
ffn_norm-17,kernel_rms_norm_mul,0.009200,16384x1x1,1024x1x1,3584x16x1x1
ffn_swiglu-17,kernel_swiglu,0.048500,8192x1x1,512x1x1,18944x16x1x1
ffn_out-17,kernel_mul_mv_q6_K_f32,33.136501,3584x1024x1,2x64x1,3584x16x1x1
l_out-17,kernel_add,0.022900,1024x1x1,64x1x1,3584x16x1x1
attn_norm-18,kernel_rms_norm_mul,0.009400,16384x1x1,1024x1x1,3584x16x1x1
Qcur-18,kernel_add_row,0.007900,14336x0x0,64x0x0,3584x16x1x1
Qcur-18,kernel_rope_neox_f32,0.005500,1792x16x1,64x1x1,128x28x16x1
Kcur-18,kernel_add_row,0.005500,2048x0x0,64x0x0,512x16x1x1
Kcur-18,kernel_rope_neox_f32,0.002700,256x16x1,64x1x1,128x4x16x1
Vcur-18,kernel_add_row,0.005500,2048x0x0,64x0x0,512x16x1x1
cache_k_l18 (view),kernel_set_rows_f16_i64,0.004100,8192x1x1,512x1x1,512x4096x1x1
cache_v_l18 (view),kernel_set_rows_f16_i64,0.002800,8192x1x1,512x1x1,512x4096x1x1
__fattn__-18,flash_attn_f32_f16,2.693400,32x28x0,32x1x0,128x28x16x1
ffn_inp-18,kernel_add,0.024300,1024x1x1,64x1x1,3584x16x1x1
ffn_norm-18,kernel_rms_norm_mul,0.009100,16384x1x1,1024x1x1,3584x16x1x1
l_out-18,kernel_add,0.024800,1024x1x1,64x1x1,3584x16x1x1
attn_norm-19,kernel_rms_norm_mul,0.009700,16384x1x1,1024x1x1,3584x16x1x1
Qcur-19,kernel_add_row,0.008100,14336x0x0,64x0x0,3584x16x1x1
Qcur-19,kernel_rope_neox_f32,0.005800,1792x16x1,64x1x1,128x28x16x1
Kcur-19,kernel_add_row,0.005600,2048x0x0,64x0x0,512x16x1x1
Kcur-19,kernel_rope_neox_f32,0.002700,256x16x1,64x1x1,128x4x16x1
Vcur-19,kernel_add_row,0.005700,2048x0x0,64x0x0,512x16x1x1
cache_k_l19 (view),kernel_set_rows_f16_i64,0.003900,8192x1x1,512x1x1,512x4096x1x1
cache_v_l19 (view),kernel_set_rows_f16_i64,0.002800,8192x1x1,512x1x1,512x4096x1x1
__fattn__-19,flash_attn_f32_f16,2.707300,32x28x0,32x1x0,128x28x16x1
ffn_inp-19,kernel_add,0.023500,1024x1x1,64x1x1,3584x16x1x1
ffn_norm-19,kernel_rms_norm_mul,0.009200,16384x1x1,1024x1x1,3584x16x1x1
l_out-19,kernel_add,0.024800,1024x1x1,64x1x1,3584x16x1x1
attn_norm-20,kernel_rms_norm_mul,0.009600,16384x1x1,1024x1x1,3584x16x1x1
Qcur-20,kernel_add_row,0.008000,14336x0x0,64x0x0,3584x16x1x1
Qcur-20,kernel_rope_neox_f32,0.005400,1792x16x1,64x1x1,128x28x16x1
Kcur-20,kernel_add_row,0.005600,2048x0x0,64x0x0,512x16x1x1
Kcur-20,kernel_rope_neox_f32,0.002800,256x16x1,64x1x1,128x4x16x1
node_692,kernel_mul_mv_q6_K_f32,0.954700,512x1024x1,2x64x1,512x16x1x1
Vcur-20,kernel_add_row,0.002600,2048x0x0,64x0x0,512x16x1x1
cache_k_l20 (view),kernel_set_rows_f16_i64,0.003700,8192x1x1,512x1x1,512x4096x1x1
cache_v_l20 (view),kernel_set_rows_f16_i64,0.002800,8192x1x1,512x1x1,512x4096x1x1
__fattn__-20,flash_attn_f32_f16,2.714800,32x28x0,32x1x0,128x28x16x1
ffn_inp-20,kernel_add,0.023700,1024x1x1,64x1x1,3584x16x1x1
ffn_norm-20,kernel_rms_norm_mul,0.009100,16384x1x1,1024x1x1,3584x16x1x1
ffn_swiglu-20,kernel_swiglu,0.048900,8192x1x1,512x1x1,18944x16x1x1
ffn_out-20,kernel_mul_mv_q6_K_f32,33.145302,3584x1024x1,2x64x1,3584x16x1x1
l_out-20,kernel_add,0.023200,1024x1x1,64x1x1,3584x16x1x1
attn_norm-21,kernel_rms_norm_mul,0.009400,16384x1x1,1024x1x1,3584x16x1x1
Qcur-21,kernel_add_row,0.008600,14336x0x0,64x0x0,3584x16x1x1
Qcur-21,kernel_rope_neox_f32,0.005400,1792x16x1,64x1x1,128x28x16x1
Kcur-21,kernel_add_row,0.005600,2048x0x0,64x0x0,512x16x1x1
Kcur-21,kernel_rope_neox_f32,0.002600,256x16x1,64x1x1,128x4x16x1
Vcur-21,kernel_add_row,0.005700,2048x0x0,64x0x0,512x16x1x1
cache_k_l21 (view),kernel_set_rows_f16_i64,0.003900,8192x1x1,512x1x1,512x4096x1x1
cache_v_l21 (view),kernel_set_rows_f16_i64,0.002800,8192x1x1,512x1x1,512x4096x1x1
__fattn__-21,flash_attn_f32_f16,2.655500,32x28x0,32x1x0,128x28x16x1
ffn_inp-21,kernel_add,0.024400,1024x1x1,64x1x1,3584x16x1x1
ffn_norm-21,kernel_rms_norm_mul,0.009300,16384x1x1,1024x1x1,3584x16x1x1
l_out-21,kernel_add,0.024800,1024x1x1,64x1x1,3584x16x1x1
attn_norm-22,kernel_rms_norm_mul,0.009500,16384x1x1,1024x1x1,3584x16x1x1
Qcur-22,kernel_add_row,0.007800,14336x0x0,64x0x0,3584x16x1x1
Qcur-22,kernel_rope_neox_f32,0.005500,1792x16x1,64x1x1,128x28x16x1
Kcur-22,kernel_add_row,0.005600,2048x0x0,64x0x0,512x16x1x1
Kcur-22,kernel_rope_neox_f32,0.002700,256x16x1,64x1x1,128x4x16x1
Vcur-22,kernel_add_row,0.005700,2048x0x0,64x0x0,512x16x1x1
cache_k_l22 (view),kernel_set_rows_f16_i64,0.003800,8192x1x1,512x1x1,512x4096x1x1
cache_v_l22 (view),kernel_set_rows_f16_i64,0.002700,8192x1x1,512x1x1,512x4096x1x1
__fattn__-22,flash_attn_f32_f16,2.706100,32x28x0,32x1x0,128x28x16x1
ffn_inp-22,kernel_add,0.023100,1024x1x1,64x1x1,3584x16x1x1
ffn_norm-22,kernel_rms_norm_mul,0.009200,16384x1x1,1024x1x1,3584x16x1x1
l_out-22,kernel_add,0.025000,1024x1x1,64x1x1,3584x16x1x1
attn_norm-23,kernel_rms_norm_mul,0.009500,16384x1x1,1024x1x1,3584x16x1x1
Qcur-23,kernel_add_row,0.008200,14336x0x0,64x0x0,3584x16x1x1
Qcur-23,kernel_rope_neox_f32,0.005400,1792x16x1,64x1x1,128x28x16x1
Kcur-23,kernel_add_row,0.005700,2048x0x0,64x0x0,512x16x1x1
Kcur-23,kernel_rope_neox_f32,0.002700,256x16x1,64x1x1,128x4x16x1
node_794,kernel_mul_mv_q6_K_f32,0.956200,512x1024x1,2x64x1,512x16x1x1
Vcur-23,kernel_add_row,0.002600,2048x0x0,64x0x0,512x16x1x1
cache_k_l23 (view),kernel_set_rows_f16_i64,0.003700,8192x1x1,512x1x1,512x4096x1x1
cache_v_l23 (view),kernel_set_rows_f16_i64,0.002800,8192x1x1,512x1x1,512x4096x1x1
__fattn__-23,flash_attn_f32_f16,2.696800,32x28x0,32x1x0,128x28x16x1
ffn_inp-23,kernel_add,0.023800,1024x1x1,64x1x1,3584x16x1x1
ffn_norm-23,kernel_rms_norm_mul,0.009200,16384x1x1,1024x1x1,3584x16x1x1
ffn_swiglu-23,kernel_swiglu,0.046600,8192x1x1,512x1x1,18944x16x1x1
ffn_out-23,kernel_mul_mv_q6_K_f32,33.110100,3584x1024x1,2x64x1,3584x16x1x1
l_out-23,kernel_add,0.023200,1024x1x1,64x1x1,3584x16x1x1
attn_norm-24,kernel_rms_norm_mul,0.009400,16384x1x1,1024x1x1,3584x16x1x1
Qcur-24,kernel_add_row,0.008000,14336x0x0,64x0x0,3584x16x1x1
Qcur-24,kernel_rope_neox_f32,0.005500,1792x16x1,64x1x1,128x28x16x1
Kcur-24,kernel_add_row,0.005600,2048x0x0,64x0x0,512x16x1x1
Kcur-24,kernel_rope_neox_f32,0.002800,256x16x1,64x1x1,128x4x16x1
node_828,kernel_mul_mv_q6_K_f32,0.955600,512x1024x1,2x64x1,512x16x1x1
Vcur-24,kernel_add_row,0.002600,2048x0x0,64x0x0,512x16x1x1
cache_k_l24 (view),kernel_set_rows_f16_i64,0.003700,8192x1x1,512x1x1,512x4096x1x1
cache_v_l24 (view),kernel_set_rows_f16_i64,0.003000,8192x1x1,512x1x1,512x4096x1x1
__fattn__-24,flash_attn_f32_f16,2.707100,32x28x0,32x1x0,128x28x16x1
ffn_inp-24,kernel_add,0.023800,1024x1x1,64x1x1,3584x16x1x1
ffn_norm-24,kernel_rms_norm_mul,0.009100,16384x1x1,1024x1x1,3584x16x1x1
ffn_swiglu-24,kernel_swiglu,0.047400,8192x1x1,512x1x1,18944x16x1x1
ffn_out-24,kernel_mul_mv_q6_K_f32,33.143398,3584x1024x1,2x64x1,3584x16x1x1
l_out-24,kernel_add,0.023200,1024x1x1,64x1x1,3584x16x1x1
attn_norm-25,kernel_rms_norm_mul,0.009400,16384x1x1,1024x1x1,3584x16x1x1
Qcur-25,kernel_add_row,0.008000,14336x0x0,64x0x0,3584x16x1x1
Qcur-25,kernel_rope_neox_f32,0.005400,1792x16x1,64x1x1,128x28x16x1
Kcur-25,kernel_add_row,0.005600,2048x0x0,64x0x0,512x16x1x1
Kcur-25,kernel_rope_neox_f32,0.002700,256x16x1,64x1x1,128x4x16x1
node_862,kernel_mul_mv_q6_K_f32,0.955500,512x1024x1,2x64x1,512x16x1x1
Vcur-25,kernel_add_row,0.002500,2048x0x0,64x0x0,512x16x1x1
cache_k_l25 (view),kernel_set_rows_f16_i64,0.003800,8192x1x1,512x1x1,512x4096x1x1
cache_v_l25 (view),kernel_set_rows_f16_i64,0.002900,8192x1x1,512x1x1,512x4096x1x1
__fattn__-25,flash_attn_f32_f16,2.686800,32x28x0,32x1x0,128x28x16x1
ffn_inp-25,kernel_add,0.023900,1024x1x1,64x1x1,3584x16x1x1
ffn_norm-25,kernel_rms_norm_mul,0.009200,16384x1x1,1024x1x1,3584x16x1x1
ffn_swiglu-25,kernel_swiglu,0.060000,8192x1x1,512x1x1,18944x16x1x1
ffn_out-25,kernel_mul_mv_q6_K_f32,33.140202,3584x1024x1,2x64x1,3584x16x1x1
l_out-25,kernel_add,0.023500,1024x1x1,64x1x1,3584x16x1x1
attn_norm-26,kernel_rms_norm_mul,0.009500,16384x1x1,1024x1x1,3584x16x1x1
Qcur-26,kernel_add_row,0.007800,14336x0x0,64x0x0,3584x16x1x1
Qcur-26,kernel_rope_neox_f32,0.005600,1792x16x1,64x1x1,128x28x16x1
Kcur-26,kernel_add_row,0.005600,2048x0x0,64x0x0,512x16x1x1
Kcur-26,kernel_rope_neox_f32,0.002700,256x16x1,64x1x1,128x4x16x1
node_896,kernel_mul_mv_q6_K_f32,0.954500,512x1024x1,2x64x1,512x16x1x1
Vcur-26,kernel_add_row,0.002600,2048x0x0,64x0x0,512x16x1x1
cache_k_l26 (view),kernel_set_rows_f16_i64,0.003800,8192x1x1,512x1x1,512x4096x1x1
cache_v_l26 (view),kernel_set_rows_f16_i64,0.002800,8192x1x1,512x1x1,512x4096x1x1
__fattn__-26,flash_attn_f32_f16,2.665100,32x28x0,32x1x0,128x28x16x1
ffn_inp-26,kernel_add,0.023700,1024x1x1,64x1x1,3584x16x1x1
ffn_norm-26,kernel_rms_norm_mul,0.009200,16384x1x1,1024x1x1,3584x16x1x1
ffn_swiglu-26,kernel_swiglu,0.049800,8192x1x1,512x1x1,18944x16x1x1
ffn_out-26,kernel_mul_mv_q6_K_f32,33.051201,3584x1024x1,2x64x1,3584x16x1x1
l_out-26,kernel_add,0.023300,1024x1x1,64x1x1,3584x16x1x1
attn_norm-27,kernel_rms_norm_mul,0.009500,16384x1x1,1024x1x1,3584x16x1x1
Qcur-27,kernel_add_row,0.007900,14336x0x0,64x0x0,3584x16x1x1
Qcur-27,kernel_rope_neox_f32,0.005500,1792x16x1,64x1x1,128x28x16x1
Kcur-27,kernel_add_row,0.005700,2048x0x0,64x0x0,512x16x1x1
Kcur-27,kernel_rope_neox_f32,0.002800,256x16x1,64x1x1,128x4x16x1
node_930,kernel_mul_mv_q6_K_f32,0.955300,512x1024x1,2x64x1,512x16x1x1
Vcur-27,kernel_add_row,0.002600,2048x0x0,64x0x0,512x16x1x1
cache_k_l27 (view),kernel_set_rows_f16_i64,0.003700,8192x1x1,512x1x1,512x4096x1x1
cache_v_l27 (view),kernel_set_rows_f16_i64,0.002800,8192x1x1,512x1x1,512x4096x1x1
__fattn__-27,flash_attn_f32_f16,2.683600,32x28x0,32x1x0,128x28x16x1
attn_norm-0,kernel_rms_norm_mul,0.012600,16384x1x1,1024x1x1,3584x16x1x1
Qcur-0,kernel_add_row,0.007900,14336x0x0,64x0x0,3584x16x1x1
Qcur-0,kernel_rope_neox_f32,0.005700,1792x16x1,64x1x1,128x28x16x1
Kcur-0,kernel_add_row,0.005700,2048x0x0,64x0x0,512x16x1x1
Kcur-0,kernel_rope_neox_f32,0.002900,256x16x1,64x1x1,128x4x16x1
node_11,kernel_mul_mv_q6_K_f32,0.952500,512x1024x1,2x64x1,512x16x1x1
Vcur-0,kernel_add_row,0.002600,2048x0x0,64x0x0,512x16x1x1
cache_k_l0 (view),kernel_set_rows_f16_i64,0.003300,8192x1x1,512x1x1,512x4096x1x1
cache_v_l0 (view),kernel_set_rows_f16_i64,0.002900,8192x1x1,512x1x1,512x4096x1x1
 (copy),kernel_cpy_f32_f16,0.004500,4096x1x1,64x1x1,512x64x1x1
__fattn__-0,flash_attn_f32_f16,2.719400,32x28x0,32x1x0,128x28x16x1
ffn_inp-0,kernel_add,0.025200,1024x1x1,64x1x1,3584x16x1x1
ffn_norm-0,kernel_rms_norm_mul,0.009200,16384x1x1,1024x1x1,3584x16x1x1
ffn_swiglu-0,kernel_swiglu,0.048600,8192x1x1,512x1x1,18944x16x1x1
ffn_out-0,kernel_mul_mv_q6_K_f32,33.127399,3584x1024x1,2x64x1,3584x16x1x1
l_out-0,kernel_add,0.023700,1024x1x1,64x1x1,3584x16x1x1
attn_norm-1,kernel_rms_norm_mul,0.009300,16384x1x1,1024x1x1,3584x16x1x1
Qcur-1,kernel_add_row,0.008100,14336x0x0,64x0x0,3584x16x1x1
Qcur-1,kernel_rope_neox_f32,0.005500,1792x16x1,64x1x1,128x28x16x1
Kcur-1,kernel_add_row,0.005600,2048x0x0,64x0x0,512x16x1x1
Kcur-1,kernel_rope_neox_f32,0.002700,256x16x1,64x1x1,128x4x16x1
node_46,kernel_mul_mv_q6_K_f32,0.956800,512x1024x1,2x64x1,512x16x1x1
Vcur-1,kernel_add_row,0.002500,2048x0x0,64x0x0,512x16x1x1
cache_k_l1 (view),kernel_set_rows_f16_i64,0.003700,8192x1x1,512x1x1,512x4096x1x1
cache_v_l1 (view),kernel_set_rows_f16_i64,0.002900,8192x1x1,512x1x1,512x4096x1x1
__fattn__-1,flash_attn_f32_f16,2.685800,32x28x0,32x1x0,128x28x16x1
ffn_inp-1,kernel_add,0.024200,1024x1x1,64x1x1,3584x16x1x1
ffn_norm-1,kernel_rms_norm_mul,0.009200,16384x1x1,1024x1x1,3584x16x1x1
ffn_swiglu-1,kernel_swiglu,0.058300,8192x1x1,512x1x1,18944x16x1x1
ffn_out-1,kernel_mul_mv_q6_K_f32,33.141499,3584x1024x1,2x64x1,3584x16x1x1
l_out-1,kernel_add,0.023400,1024x1x1,64x1x1,3584x16x1x1
attn_norm-2,kernel_rms_norm_mul,0.009400,16384x1x1,1024x1x1,3584x16x1x1
Qcur-2,kernel_add_row,0.007800,14336x0x0,64x0x0,3584x16x1x1
Qcur-2,kernel_rope_neox_f32,0.005400,1792x16x1,64x1x1,128x28x16x1
Kcur-2,kernel_add_row,0.005700,2048x0x0,64x0x0,512x16x1x1
Kcur-2,kernel_rope_neox_f32,0.002800,256x16x1,64x1x1,128x4x16x1
node_80,kernel_mul_mv_q6_K_f32,0.954400,512x1024x1,2x64x1,512x16x1x1
Vcur-2,kernel_add_row,0.002500,2048x0x0,64x0x0,512x16x1x1
cache_k_l2 (view),kernel_set_rows_f16_i64,0.003700,8192x1x1,512x1x1,512x4096x1x1
cache_v_l2 (view),kernel_set_rows_f16_i64,0.002800,8192x1x1,512x1x1,512x4096x1x1
__fattn__-2,flash_attn_f32_f16,2.731700,32x28x0,32x1x0,128x28x16x1
ffn_inp-2,kernel_add,0.024000,1024x1x1,64x1x1,3584x16x1x1
ffn_norm-2,kernel_rms_norm_mul,0.009200,16384x1x1,1024x1x1,3584x16x1x1
ffn_swiglu-2,kernel_swiglu,0.047800,8192x1x1,512x1x1,18944x16x1x1
ffn_out-2,kernel_mul_mv_q6_K_f32,34.274200,3584x1024x1,2x64x1,3584x16x1x1
l_out-2,kernel_add,0.023700,1024x1x1,64x1x1,3584x16x1x1
attn_norm-3,kernel_rms_norm_mul,0.009400,16384x1x1,1024x1x1,3584x16x1x1
Qcur-3,kernel_add_row,0.012400,14336x0x0,64x0x0,3584x16x1x1
Qcur-3,kernel_rope_neox_f32,0.010600,1792x16x1,64x1x1,128x28x16x1
Kcur-3,kernel_add_row,0.005500,2048x0x0,64x0x0,512x16x1x1
Kcur-3,kernel_rope_neox_f32,0.002700,256x16x1,64x1x1,128x4x16x1
Vcur-3,kernel_add_row,0.005800,2048x0x0,64x0x0,512x16x1x1
cache_k_l3 (view),kernel_set_rows_f16_i64,0.003900,8192x1x1,512x1x1,512x4096x1x1
cache_v_l3 (view),kernel_set_rows_f16_i64,0.002900,8192x1x1,512x1x1,512x4096x1x1
__fattn__-3,flash_attn_f32_f16,2.668800,32x28x0,32x1x0,128x28x16x1
ffn_inp-3,kernel_add,0.024000,1024x1x1,64x1x1,3584x16x1x1
ffn_norm-3,kernel_rms_norm_mul,0.009200,16384x1x1,1024x1x1,3584x16x1x1
l_out-3,kernel_add,0.024600,1024x1x1,64x1x1,3584x16x1x1
attn_norm-4,kernel_rms_norm_mul,0.009700,16384x1x1,1024x1x1,3584x16x1x1
Qcur-4,kernel_add_row,0.008600,14336x0x0,64x0x0,3584x16x1x1
Qcur-4,kernel_rope_neox_f32,0.005700,1792x16x1,64x1x1,128x28x16x1
Kcur-4,kernel_add_row,0.005700,2048x0x0,64x0x0,512x16x1x1
Kcur-4,kernel_rope_neox_f32,0.002700,256x16x1,64x1x1,128x4x16x1
Vcur-4,kernel_add_row,0.005600,2048x0x0,64x0x0,512x16x1x1
cache_k_l4 (view),kernel_set_rows_f16_i64,0.004000,8192x1x1,512x1x1,512x4096x1x1
cache_v_l4 (view),kernel_set_rows_f16_i64,0.002800,8192x1x1,512x1x1,512x4096x1x1
__fattn__-4,flash_attn_f32_f16,2.704300,32x28x0,32x1x0,128x28x16x1
ffn_inp-4,kernel_add,0.023400,1024x1x1,64x1x1,3584x16x1x1
ffn_norm-4,kernel_rms_norm_mul,0.009200,16384x1x1,1024x1x1,3584x16x1x1
l_out-4,kernel_add,0.024700,1024x1x1,64x1x1,3584x16x1x1
attn_norm-5,kernel_rms_norm_mul,0.009600,16384x1x1,1024x1x1,3584x16x1x1
Qcur-5,kernel_add_row,0.008300,14336x0x0,64x0x0,3584x16x1x1
Qcur-5,kernel_rope_neox_f32,0.005500,1792x16x1,64x1x1,128x28x16x1
Kcur-5,kernel_add_row,0.005700,2048x0x0,64x0x0,512x16x1x1
Kcur-5,kernel_rope_neox_f32,0.002800,256x16x1,64x1x1,128x4x16x1
node_182,kernel_mul_mv_q6_K_f32,0.955300,512x1024x1,2x64x1,512x16x1x1
Vcur-5,kernel_add_row,0.002500,2048x0x0,64x0x0,512x16x1x1
cache_k_l5 (view),kernel_set_rows_f16_i64,0.003800,8192x1x1,512x1x1,512x4096x1x1
cache_v_l5 (view),kernel_set_rows_f16_i64,0.002800,8192x1x1,512x1x1,512x4096x1x1
__fattn__-5,flash_attn_f32_f16,2.682700,32x28x0,32x1x0,128x28x16x1
ffn_inp-5,kernel_add,0.023400,1024x1x1,64x1x1,3584x16x1x1
ffn_norm-5,kernel_rms_norm_mul,0.009200,16384x1x1,1024x1x1,3584x16x1x1
ffn_swiglu-5,kernel_swiglu,0.048100,8192x1x1,512x1x1,18944x16x1x1
ffn_out-5,kernel_mul_mv_q6_K_f32,34.599701,3584x1024x1,2x64x1,3584x16x1x1
l_out-5,kernel_add,0.023100,1024x1x1,64x1x1,3584x16x1x1
attn_norm-6,kernel_rms_norm_mul,0.009500,16384x1x1,1024x1x1,3584x16x1x1
Qcur-6,kernel_add_row,0.012100,14336x0x0,64x0x0,3584x16x1x1
Qcur-6,kernel_rope_neox_f32,0.010600,1792x16x1,64x1x1,128x28x16x1
Kcur-6,kernel_add_row,0.005700,2048x0x0,64x0x0,512x16x1x1
Kcur-6,kernel_rope_neox_f32,0.002800,256x16x1,64x1x1,128x4x16x1
Vcur-6,kernel_add_row,0.005800,2048x0x0,64x0x0,512x16x1x1
cache_k_l6 (view),kernel_set_rows_f16_i64,0.004000,8192x1x1,512x1x1,512x4096x1x1
cache_v_l6 (view),kernel_set_rows_f16_i64,0.002800,8192x1x1,512x1x1,512x4096x1x1
__fattn__-6,flash_attn_f32_f16,2.710500,32x28x0,32x1x0,128x28x16x1
ffn_inp-6,kernel_add,0.024000,1024x1x1,64x1x1,3584x16x1x1
ffn_norm-6,kernel_rms_norm_mul,0.009200,16384x1x1,1024x1x1,3584x16x1x1
l_out-6,kernel_add,0.025200,1024x1x1,64x1x1,3584x16x1x1
attn_norm-7,kernel_rms_norm_mul,0.009500,16384x1x1,1024x1x1,3584x16x1x1
Qcur-7,kernel_add_row,0.008200,14336x0x0,64x0x0,3584x16x1x1
Qcur-7,kernel_rope_neox_f32,0.005500,1792x16x1,64x1x1,128x28x16x1
Kcur-7,kernel_add_row,0.005900,2048x0x0,64x0x0,512x16x1x1
Kcur-7,kernel_rope_neox_f32,0.002700,256x16x1,64x1x1,128x4x16x1
Vcur-7,kernel_add_row,0.005800,2048x0x0,64x0x0,512x16x1x1
cache_k_l7 (view),kernel_set_rows_f16_i64,0.004000,8192x1x1,512x1x1,512x4096x1x1
cache_v_l7 (view),kernel_set_rows_f16_i64,0.002900,8192x1x1,512x1x1,512x4096x1x1
__fattn__-7,flash_attn_f32_f16,2.674100,32x28x0,32x1x0,128x28x16x1
ffn_inp-7,kernel_add,0.023300,1024x1x1,64x1x1,3584x16x1x1
ffn_norm-7,kernel_rms_norm_mul,0.009100,16384x1x1,1024x1x1,3584x16x1x1
l_out-7,kernel_add,0.025000,1024x1x1,64x1x1,3584x16x1x1
attn_norm-8,kernel_rms_norm_mul,0.009500,16384x1x1,1024x1x1,3584x16x1x1
Qcur-8,kernel_add_row,0.008000,14336x0x0,64x0x0,3584x16x1x1
Qcur-8,kernel_rope_neox_f32,0.005400,1792x16x1,64x1x1,128x28x16x1
Kcur-8,kernel_add_row,0.005600,2048x0x0,64x0x0,512x16x1x1
Kcur-8,kernel_rope_neox_f32,0.002800,256x16x1,64x1x1,128x4x16x1
node_284,kernel_mul_mv_q6_K_f32,0.958500,512x1024x1,2x64x1,512x16x1x1
Vcur-8,kernel_add_row,0.002700,2048x0x0,64x0x0,512x16x1x1
cache_k_l8 (view),kernel_set_rows_f16_i64,0.003800,8192x1x1,512x1x1,512x4096x1x1
cache_v_l8 (view),kernel_set_rows_f16_i64,0.002800,8192x1x1,512x1x1,512x4096x1x1
__fattn__-8,flash_attn_f32_f16,2.671300,32x28x0,32x1x0,128x28x16x1
ffn_inp-8,kernel_add,0.023200,1024x1x1,64x1x1,3584x16x1x1
ffn_norm-8,kernel_rms_norm_mul,0.009200,16384x1x1,1024x1x1,3584x16x1x1
ffn_swiglu-8,kernel_swiglu,0.047500,8192x1x1,512x1x1,18944x16x1x1
ffn_out-8,kernel_mul_mv_q6_K_f32,33.965900,3584x1024x1,2x64x1,3584x16x1x1
l_out-8,kernel_add,0.023600,1024x1x1,64x1x1,3584x16x1x1
attn_norm-9,kernel_rms_norm_mul,0.009400,16384x1x1,1024x1x1,3584x16x1x1
Qcur-9,kernel_add_row,0.012200,14336x0x0,64x0x0,3584x16x1x1
Qcur-9,kernel_rope_neox_f32,0.010500,1792x16x1,64x1x1,128x28x16x1
Kcur-9,kernel_add_row,0.005500,2048x0x0,64x0x0,512x16x1x1
Kcur-9,kernel_rope_neox_f32,0.002800,256x16x1,64x1x1,128x4x16x1
Vcur-9,kernel_add_row,0.005600,2048x0x0,64x0x0,512x16x1x1
cache_k_l9 (view),kernel_set_rows_f16_i64,0.003800,8192x1x1,512x1x1,512x4096x1x1
cache_v_l9 (view),kernel_set_rows_f16_i64,0.002900,8192x1x1,512x1x1,512x4096x1x1
__fattn__-9,flash_attn_f32_f16,2.638800,32x28x0,32x1x0,128x28x16x1
ffn_inp-9,kernel_add,0.023900,1024x1x1,64x1x1,3584x16x1x1
ffn_norm-9,kernel_rms_norm_mul,0.009200,16384x1x1,1024x1x1,3584x16x1x1
l_out-9,kernel_add,0.024800,1024x1x1,64x1x1,3584x16x1x1
attn_norm-10,kernel_rms_norm_mul,0.009600,16384x1x1,1024x1x1,3584x16x1x1
Qcur-10,kernel_add_row,0.008400,14336x0x0,64x0x0,3584x16x1x1
Qcur-10,kernel_rope_neox_f32,0.005700,1792x16x1,64x1x1,128x28x16x1
Kcur-10,kernel_add_row,0.005700,2048x0x0,64x0x0,512x16x1x1
Kcur-10,kernel_rope_neox_f32,0.002700,256x16x1,64x1x1,128x4x16x1
Vcur-10,kernel_add_row,0.005800,2048x0x0,64x0x0,512x16x1x1
cache_k_l10 (view),kernel_set_rows_f16_i64,0.004200,8192x1x1,512x1x1,512x4096x1x1
cache_v_l10 (view),kernel_set_rows_f16_i64,0.002800,8192x1x1,512x1x1,512x4096x1x1
__fattn__-10,flash_attn_f32_f16,2.706300,32x28x0,32x1x0,128x28x16x1
ffn_inp-10,kernel_add,0.023300,1024x1x1,64x1x1,3584x16x1x1
ffn_norm-10,kernel_rms_norm_mul,0.009200,16384x1x1,1024x1x1,3584x16x1x1
l_out-10,kernel_add,0.025100,1024x1x1,64x1x1,3584x16x1x1
attn_norm-11,kernel_rms_norm_mul,0.009600,16384x1x1,1024x1x1,3584x16x1x1
Qcur-11,kernel_add_row,0.008400,14336x0x0,64x0x0,3584x16x1x1
Qcur-11,kernel_rope_neox_f32,0.005400,1792x16x1,64x1x1,128x28x16x1
Kcur-11,kernel_add_row,0.005700,2048x0x0,64x0x0,512x16x1x1
Kcur-11,kernel_rope_neox_f32,0.002700,256x16x1,64x1x1,128x4x16x1
node_386,kernel_mul_mv_q6_K_f32,0.956700,512x1024x1,2x64x1,512x16x1x1
Vcur-11,kernel_add_row,0.002500,2048x0x0,64x0x0,512x16x1x1
cache_k_l11 (view),kernel_set_rows_f16_i64,0.003600,8192x1x1,512x1x1,512x4096x1x1
cache_v_l11 (view),kernel_set_rows_f16_i64,0.002900,8192x1x1,512x1x1,512x4096x1x1
__fattn__-11,flash_attn_f32_f16,2.661400,32x28x0,32x1x0,128x28x16x1
ffn_inp-11,kernel_add,0.023900,1024x1x1,64x1x1,3584x16x1x1
ffn_norm-11,kernel_rms_norm_mul,0.009200,16384x1x1,1024x1x1,3584x16x1x1
ffn_swiglu-11,kernel_swiglu,0.048000,8192x1x1,512x1x1,18944x16x1x1
ffn_out-11,kernel_mul_mv_q6_K_f32,33.145000,3584x1024x1,2x64x1,3584x16x1x1
l_out-11,kernel_add,0.023200,1024x1x1,64x1x1,3584x16x1x1
attn_norm-12,kernel_rms_norm_mul,0.009500,16384x1x1,1024x1x1,3584x16x1x1
Qcur-12,kernel_add_row,0.008300,14336x0x0,64x0x0,3584x16x1x1
Qcur-12,kernel_rope_neox_f32,0.005400,1792x16x1,64x1x1,128x28x16x1
Kcur-12,kernel_add_row,0.005600,2048x0x0,64x0x0,512x16x1x1
Kcur-12,kernel_rope_neox_f32,0.002700,256x16x1,64x1x1,128x4x16x1
Vcur-12,kernel_add_row,0.005700,2048x0x0,64x0x0,512x16x1x1
cache_k_l12 (view),kernel_set_rows_f16_i64,0.004200,8192x1x1,512x1x1,512x4096x1x1
cache_v_l12 (view),kernel_set_rows_f16_i64,0.002800,8192x1x1,512x1x1,512x4096x1x1
__fattn__-12,flash_attn_f32_f16,2.704700,32x28x0,32x1x0,128x28x16x1
ffn_inp-12,kernel_add,0.024400,1024x1x1,64x1x1,3584x16x1x1
ffn_norm-12,kernel_rms_norm_mul,0.009200,16384x1x1,1024x1x1,3584x16x1x1
l_out-12,kernel_add,0.024900,1024x1x1,64x1x1,3584x16x1x1
attn_norm-13,kernel_rms_norm_mul,0.009600,16384x1x1,1024x1x1,3584x16x1x1
Qcur-13,kernel_add_row,0.008100,14336x0x0,64x0x0,3584x16x1x1
Qcur-13,kernel_rope_neox_f32,0.005600,1792x16x1,64x1x1,128x28x16x1
Kcur-13,kernel_add_row,0.005500,2048x0x0,64x0x0,512x16x1x1
Kcur-13,kernel_rope_neox_f32,0.002700,256x16x1,64x1x1,128x4x16x1
Vcur-13,kernel_add_row,0.005700,2048x0x0,64x0x0,512x16x1x1
cache_k_l13 (view),kernel_set_rows_f16_i64,0.003800,8192x1x1,512x1x1,512x4096x1x1
cache_v_l13 (view),kernel_set_rows_f16_i64,0.002800,8192x1x1,512x1x1,512x4096x1x1
__fattn__-13,flash_attn_f32_f16,2.734400,32x28x0,32x1x0,128x28x16x1
ffn_inp-13,kernel_add,0.023200,1024x1x1,64x1x1,3584x16x1x1
ffn_norm-13,kernel_rms_norm_mul,0.009100,16384x1x1,1024x1x1,3584x16x1x1
l_out-13,kernel_add,0.024800,1024x1x1,64x1x1,3584x16x1x1
attn_norm-14,kernel_rms_norm_mul,0.009700,16384x1x1,1024x1x1,3584x16x1x1
Qcur-14,kernel_add_row,0.008100,14336x0x0,64x0x0,3584x16x1x1
Qcur-14,kernel_rope_neox_f32,0.005400,1792x16x1,64x1x1,128x28x16x1
Kcur-14,kernel_add_row,0.005800,2048x0x0,64x0x0,512x16x1x1
Kcur-14,kernel_rope_neox_f32,0.002700,256x16x1,64x1x1,128x4x16x1
node_488,kernel_mul_mv_q6_K_f32,0.953100,512x1024x1,2x64x1,512x16x1x1
Vcur-14,kernel_add_row,0.002500,2048x0x0,64x0x0,512x16x1x1
cache_k_l14 (view),kernel_set_rows_f16_i64,0.003500,8192x1x1,512x1x1,512x4096x1x1
cache_v_l14 (view),kernel_set_rows_f16_i64,0.002900,8192x1x1,512x1x1,512x4096x1x1
__fattn__-14,flash_attn_f32_f16,2.665300,32x28x0,32x1x0,128x28x16x1
ffn_inp-14,kernel_add,0.024100,1024x1x1,64x1x1,3584x16x1x1
ffn_norm-14,kernel_rms_norm_mul,0.009200,16384x1x1,1024x1x1,3584x16x1x1
ffn_swiglu-14,kernel_swiglu,0.049200,8192x1x1,512x1x1,18944x16x1x1
ffn_out-14,kernel_mul_mv_q6_K_f32,33.138901,3584x1024x1,2x64x1,3584x16x1x1
l_out-14,kernel_add,0.022700,1024x1x1,64x1x1,3584x16x1x1
attn_norm-15,kernel_rms_norm_mul,0.009400,16384x1x1,1024x1x1,3584x16x1x1
Qcur-15,kernel_add_row,0.008300,14336x0x0,64x0x0,3584x16x1x1
Qcur-15,kernel_rope_neox_f32,0.005500,1792x16x1,64x1x1,128x28x16x1
Kcur-15,kernel_add_row,0.005700,2048x0x0,64x0x0,512x16x1x1
Kcur-15,kernel_rope_neox_f32,0.002700,256x16x1,64x1x1,128x4x16x1
Vcur-15,kernel_add_row,0.005600,2048x0x0,64x0x0,512x16x1x1
cache_k_l15 (view),kernel_set_rows_f16_i64,0.004200,8192x1x1,512x1x1,512x4096x1x1
cache_v_l15 (view),kernel_set_rows_f16_i64,0.002800,8192x1x1,512x1x1,512x4096x1x1
__fattn__-15,flash_attn_f32_f16,2.692600,32x28x0,32x1x0,128x28x16x1
ffn_inp-15,kernel_add,0.024300,1024x1x1,64x1x1,3584x16x1x1
ffn_norm-15,kernel_rms_norm_mul,0.009200,16384x1x1,1024x1x1,3584x16x1x1
l_out-15,kernel_add,0.024600,1024x1x1,64x1x1,3584x16x1x1
attn_norm-16,kernel_rms_norm_mul,0.009500,16384x1x1,1024x1x1,3584x16x1x1
Qcur-16,kernel_add_row,0.008100,14336x0x0,64x0x0,3584x16x1x1
Qcur-16,kernel_rope_neox_f32,0.005600,1792x16x1,64x1x1,128x28x16x1
Kcur-16,kernel_add_row,0.005600,2048x0x0,64x0x0,512x16x1x1
Kcur-16,kernel_rope_neox_f32,0.002700,256x16x1,64x1x1,128x4x16x1
Vcur-16,kernel_add_row,0.005700,2048x0x0,64x0x0,512x16x1x1
cache_k_l16 (view),kernel_set_rows_f16_i64,0.003800,8192x1x1,512x1x1,512x4096x1x1
cache_v_l16 (view),kernel_set_rows_f16_i64,0.002800,8192x1x1,512x1x1,512x4096x1x1
__fattn__-16,flash_attn_f32_f16,2.670400,32x28x0,32x1x0,128x28x16x1
ffn_inp-16,kernel_add,0.023200,1024x1x1,64x1x1,3584x16x1x1
ffn_norm-16,kernel_rms_norm_mul,0.009200,16384x1x1,1024x1x1,3584x16x1x1
l_out-16,kernel_add,0.024700,1024x1x1,64x1x1,3584x16x1x1
attn_norm-17,kernel_rms_norm_mul,0.009500,16384x1x1,1024x1x1,3584x16x1x1
Qcur-17,kernel_add_row,0.008300,14336x0x0,64x0x0,3584x16x1x1
Qcur-17,kernel_rope_neox_f32,0.005700,1792x16x1,64x1x1,128x28x16x1
Kcur-17,kernel_add_row,0.005700,2048x0x0,64x0x0,512x16x1x1
Kcur-17,kernel_rope_neox_f32,0.002700,256x16x1,64x1x1,128x4x16x1
node_590,kernel_mul_mv_q6_K_f32,0.955700,512x1024x1,2x64x1,512x16x1x1
Vcur-17,kernel_add_row,0.002500,2048x0x0,64x0x0,512x16x1x1
cache_k_l17 (view),kernel_set_rows_f16_i64,0.003700,8192x1x1,512x1x1,512x4096x1x1
cache_v_l17 (view),kernel_set_rows_f16_i64,0.002900,8192x1x1,512x1x1,512x4096x1x1
__fattn__-17,flash_attn_f32_f16,2.731300,32x28x0,32x1x0,128x28x16x1
ffn_inp-17,kernel_add,0.023900,1024x1x1,64x1x1,3584x16x1x1
ffn_norm-17,kernel_rms_norm_mul,0.009200,16384x1x1,1024x1x1,3584x16x1x1
ffn_swiglu-17,kernel_swiglu,0.049200,8192x1x1,512x1x1,18944x16x1x1
ffn_out-17,kernel_mul_mv_q6_K_f32,33.142200,3584x1024x1,2x64x1,3584x16x1x1
l_out-17,kernel_add,0.023500,1024x1x1,64x1x1,3584x16x1x1
attn_norm-18,kernel_rms_norm_mul,0.009500,16384x1x1,1024x1x1,3584x16x1x1
Qcur-18,kernel_add_row,0.008100,14336x0x0,64x0x0,3584x16x1x1
Qcur-18,kernel_rope_neox_f32,0.005500,1792x16x1,64x1x1,128x28x16x1
Kcur-18,kernel_add_row,0.005700,2048x0x0,64x0x0,512x16x1x1
Kcur-18,kernel_rope_neox_f32,0.002700,256x16x1,64x1x1,128x4x16x1
Vcur-18,kernel_add_row,0.005800,2048x0x0,64x0x0,512x16x1x1
cache_k_l18 (view),kernel_set_rows_f16_i64,0.003800,8192x1x1,512x1x1,512x4096x1x1
cache_v_l18 (view),kernel_set_rows_f16_i64,0.002700,8192x1x1,512x1x1,512x4096x1x1
__fattn__-18,flash_attn_f32_f16,2.707400,32x28x0,32x1x0,128x28x16x1
ffn_inp-18,kernel_add,0.024000,1024x1x1,64x1x1,3584x16x1x1
ffn_norm-18,kernel_rms_norm_mul,0.009200,16384x1x1,1024x1x1,3584x16x1x1
l_out-18,kernel_add,0.025000,1024x1x1,64x1x1,3584x16x1x1
attn_norm-19,kernel_rms_norm_mul,0.009800,16384x1x1,1024x1x1,3584x16x1x1
Qcur-19,kernel_add_row,0.008100,14336x0x0,64x0x0,3584x16x1x1
Qcur-19,kernel_rope_neox_f32,0.005600,1792x16x1,64x1x1,128x28x16x1
Kcur-19,kernel_add_row,0.005600,2048x0x0,64x0x0,512x16x1x1
Kcur-19,kernel_rope_neox_f32,0.002700,256x16x1,64x1x1,128x4x16x1
Vcur-19,kernel_add_row,0.005600,2048x0x0,64x0x0,512x16x1x1
cache_k_l19 (view),kernel_set_rows_f16_i64,0.004300,8192x1x1,512x1x1,512x4096x1x1
cache_v_l19 (view),kernel_set_rows_f16_i64,0.002800,8192x1x1,512x1x1,512x4096x1x1
__fattn__-19,flash_attn_f32_f16,2.713400,32x28x0,32x1x0,128x28x16x1
ffn_inp-19,kernel_add,0.023800,1024x1x1,64x1x1,3584x16x1x1
ffn_norm-19,kernel_rms_norm_mul,0.009200,16384x1x1,1024x1x1,3584x16x1x1
l_out-19,kernel_add,0.025100,1024x1x1,64x1x1,3584x16x1x1
attn_norm-20,kernel_rms_norm_mul,0.009500,16384x1x1,1024x1x1,3584x16x1x1
Qcur-20,kernel_add_row,0.008200,14336x0x0,64x0x0,3584x16x1x1
Qcur-20,kernel_rope_neox_f32,0.005500,1792x16x1,64x1x1,128x28x16x1
Kcur-20,kernel_add_row,0.005600,2048x0x0,64x0x0,512x16x1x1
Kcur-20,kernel_rope_neox_f32,0.002800,256x16x1,64x1x1,128x4x16x1
node_692,kernel_mul_mv_q6_K_f32,0.955100,512x1024x1,2x64x1,512x16x1x1
Vcur-20,kernel_add_row,0.002600,2048x0x0,64x0x0,512x16x1x1
cache_k_l20 (view),kernel_set_rows_f16_i64,0.003600,8192x1x1,512x1x1,512x4096x1x1
cache_v_l20 (view),kernel_set_rows_f16_i64,0.002800,8192x1x1,512x1x1,512x4096x1x1
__fattn__-20,flash_attn_f32_f16,2.718700,32x28x0,32x1x0,128x28x16x1
ffn_inp-20,kernel_add,0.024000,1024x1x1,64x1x1,3584x16x1x1
ffn_norm-20,kernel_rms_norm_mul,0.009200,16384x1x1,1024x1x1,3584x16x1x1
ffn_swiglu-20,kernel_swiglu,0.050000,8192x1x1,512x1x1,18944x16x1x1
ffn_out-20,kernel_mul_mv_q6_K_f32,33.140301,3584x1024x1,2x64x1,3584x16x1x1
l_out-20,kernel_add,0.023200,1024x1x1,64x1x1,3584x16x1x1
attn_norm-21,kernel_rms_norm_mul,0.009400,16384x1x1,1024x1x1,3584x16x1x1
Qcur-21,kernel_add_row,0.008800,14336x0x0,64x0x0,3584x16x1x1
Qcur-21,kernel_rope_neox_f32,0.005400,1792x16x1,64x1x1,128x28x16x1
Kcur-21,kernel_add_row,0.005700,2048x0x0,64x0x0,512x16x1x1
Kcur-21,kernel_rope_neox_f32,0.002700,256x16x1,64x1x1,128x4x16x1
Vcur-21,kernel_add_row,0.005600,2048x0x0,64x0x0,512x16x1x1
cache_k_l21 (view),kernel_set_rows_f16_i64,0.004000,8192x1x1,512x1x1,512x4096x1x1
cache_v_l21 (view),kernel_set_rows_f16_i64,0.002700,8192x1x1,512x1x1,512x4096x1x1
__fattn__-21,flash_attn_f32_f16,2.644400,32x28x0,32x1x0,128x28x16x1
ffn_inp-21,kernel_add,0.023700,1024x1x1,64x1x1,3584x16x1x1
ffn_norm-21,kernel_rms_norm_mul,0.009200,16384x1x1,1024x1x1,3584x16x1x1
l_out-21,kernel_add,0.025600,1024x1x1,64x1x1,3584x16x1x1
attn_norm-22,kernel_rms_norm_mul,0.009600,16384x1x1,1024x1x1,3584x16x1x1
Qcur-22,kernel_add_row,0.008100,14336x0x0,64x0x0,3584x16x1x1
Qcur-22,kernel_rope_neox_f32,0.005500,1792x16x1,64x1x1,128x28x16x1
Kcur-22,kernel_add_row,0.005700,2048x0x0,64x0x0,512x16x1x1
Kcur-22,kernel_rope_neox_f32,0.002800,256x16x1,64x1x1,128x4x16x1
Vcur-22,kernel_add_row,0.005600,2048x0x0,64x0x0,512x16x1x1
cache_k_l22 (view),kernel_set_rows_f16_i64,0.004000,8192x1x1,512x1x1,512x4096x1x1
cache_v_l22 (view),kernel_set_rows_f16_i64,0.002800,8192x1x1,512x1x1,512x4096x1x1
__fattn__-22,flash_attn_f32_f16,2.688200,32x28x0,32x1x0,128x28x16x1
ffn_inp-22,kernel_add,0.022900,1024x1x1,64x1x1,3584x16x1x1
ffn_norm-22,kernel_rms_norm_mul,0.009200,16384x1x1,1024x1x1,3584x16x1x1
l_out-22,kernel_add,0.024800,1024x1x1,64x1x1,3584x16x1x1
attn_norm-23,kernel_rms_norm_mul,0.009600,16384x1x1,1024x1x1,3584x16x1x1
Qcur-23,kernel_add_row,0.008300,14336x0x0,64x0x0,3584x16x1x1
Qcur-23,kernel_rope_neox_f32,0.005500,1792x16x1,64x1x1,128x28x16x1
Kcur-23,kernel_add_row,0.005600,2048x0x0,64x0x0,512x16x1x1
Kcur-23,kernel_rope_neox_f32,0.002700,256x16x1,64x1x1,128x4x16x1
node_794,kernel_mul_mv_q6_K_f32,0.953600,512x1024x1,2x64x1,512x16x1x1
Vcur-23,kernel_add_row,0.002500,2048x0x0,64x0x0,512x16x1x1
cache_k_l23 (view),kernel_set_rows_f16_i64,0.003800,8192x1x1,512x1x1,512x4096x1x1
cache_v_l23 (view),kernel_set_rows_f16_i64,0.002900,8192x1x1,512x1x1,512x4096x1x1
__fattn__-23,flash_attn_f32_f16,2.722200,32x28x0,32x1x0,128x28x16x1
ffn_inp-23,kernel_add,0.024000,1024x1x1,64x1x1,3584x16x1x1
ffn_norm-23,kernel_rms_norm_mul,0.009200,16384x1x1,1024x1x1,3584x16x1x1
ffn_swiglu-23,kernel_swiglu,0.047800,8192x1x1,512x1x1,18944x16x1x1
ffn_out-23,kernel_mul_mv_q6_K_f32,33.081200,3584x1024x1,2x64x1,3584x16x1x1
l_out-23,kernel_add,0.023500,1024x1x1,64x1x1,3584x16x1x1
attn_norm-24,kernel_rms_norm_mul,0.009500,16384x1x1,1024x1x1,3584x16x1x1
Qcur-24,kernel_add_row,0.007800,14336x0x0,64x0x0,3584x16x1x1
Qcur-24,kernel_rope_neox_f32,0.005600,1792x16x1,64x1x1,128x28x16x1
Kcur-24,kernel_add_row,0.005800,2048x0x0,64x0x0,512x16x1x1
Kcur-24,kernel_rope_neox_f32,0.002700,256x16x1,64x1x1,128x4x16x1
node_828,kernel_mul_mv_q6_K_f32,0.955000,512x1024x1,2x64x1,512x16x1x1
Vcur-24,kernel_add_row,0.002500,2048x0x0,64x0x0,512x16x1x1
cache_k_l24 (view),kernel_set_rows_f16_i64,0.003800,8192x1x1,512x1x1,512x4096x1x1
cache_v_l24 (view),kernel_set_rows_f16_i64,0.002800,8192x1x1,512x1x1,512x4096x1x1
__fattn__-24,flash_attn_f32_f16,2.717400,32x28x0,32x1x0,128x28x16x1
ffn_inp-24,kernel_add,0.023500,1024x1x1,64x1x1,3584x16x1x1
ffn_norm-24,kernel_rms_norm_mul,0.009200,16384x1x1,1024x1x1,3584x16x1x1
ffn_swiglu-24,kernel_swiglu,0.060100,8192x1x1,512x1x1,18944x16x1x1
ffn_out-24,kernel_mul_mv_q6_K_f32,33.149502,3584x1024x1,2x64x1,3584x16x1x1
l_out-24,kernel_add,0.023200,1024x1x1,64x1x1,3584x16x1x1
attn_norm-25,kernel_rms_norm_mul,0.009500,16384x1x1,1024x1x1,3584x16x1x1
Qcur-25,kernel_add_row,0.008300,14336x0x0,64x0x0,3584x16x1x1
Qcur-25,kernel_rope_neox_f32,0.005600,1792x16x1,64x1x1,128x28x16x1
Kcur-25,kernel_add_row,0.005700,2048x0x0,64x0x0,512x16x1x1
Kcur-25,kernel_rope_neox_f32,0.002700,256x16x1,64x1x1,128x4x16x1
node_862,kernel_mul_mv_q6_K_f32,0.954500,512x1024x1,2x64x1,512x16x1x1
Vcur-25,kernel_add_row,0.002200,2048x0x0,64x0x0,512x16x1x1
cache_k_l25 (view),kernel_set_rows_f16_i64,0.003600,8192x1x1,512x1x1,512x4096x1x1
cache_v_l25 (view),kernel_set_rows_f16_i64,0.002900,8192x1x1,512x1x1,512x4096x1x1
__fattn__-25,flash_attn_f32_f16,2.683200,32x28x0,32x1x0,128x28x16x1
ffn_inp-25,kernel_add,0.023700,1024x1x1,64x1x1,3584x16x1x1
ffn_norm-25,kernel_rms_norm_mul,0.009200,16384x1x1,1024x1x1,3584x16x1x1
ffn_swiglu-25,kernel_swiglu,0.048000,8192x1x1,512x1x1,18944x16x1x1
ffn_out-25,kernel_mul_mv_q6_K_f32,33.134998,3584x1024x1,2x64x1,3584x16x1x1
l_out-25,kernel_add,0.023300,1024x1x1,64x1x1,3584x16x1x1
attn_norm-26,kernel_rms_norm_mul,0.009400,16384x1x1,1024x1x1,3584x16x1x1
Qcur-26,kernel_add_row,0.007900,14336x0x0,64x0x0,3584x16x1x1
Qcur-26,kernel_rope_neox_f32,0.005500,1792x16x1,64x1x1,128x28x16x1
Kcur-26,kernel_add_row,0.005700,2048x0x0,64x0x0,512x16x1x1
Kcur-26,kernel_rope_neox_f32,0.002800,256x16x1,64x1x1,128x4x16x1
node_896,kernel_mul_mv_q6_K_f32,0.954800,512x1024x1,2x64x1,512x16x1x1
Vcur-26,kernel_add_row,0.002600,2048x0x0,64x0x0,512x16x1x1
cache_k_l26 (view),kernel_set_rows_f16_i64,0.003700,8192x1x1,512x1x1,512x4096x1x1
cache_v_l26 (view),kernel_set_rows_f16_i64,0.002900,8192x1x1,512x1x1,512x4096x1x1
__fattn__-26,flash_attn_f32_f16,2.647500,32x28x0,32x1x0,128x28x16x1
ffn_inp-26,kernel_add,0.023600,1024x1x1,64x1x1,3584x16x1x1
ffn_norm-26,kernel_rms_norm_mul,0.009200,16384x1x1,1024x1x1,3584x16x1x1
ffn_swiglu-26,kernel_swiglu,0.047400,8192x1x1,512x1x1,18944x16x1x1
ffn_out-26,kernel_mul_mv_q6_K_f32,33.053799,3584x1024x1,2x64x1,3584x16x1x1
l_out-26,kernel_add,0.023400,1024x1x1,64x1x1,3584x16x1x1
attn_norm-27,kernel_rms_norm_mul,0.009600,16384x1x1,1024x1x1,3584x16x1x1
Qcur-27,kernel_add_row,0.008000,14336x0x0,64x0x0,3584x16x1x1
Qcur-27,kernel_rope_neox_f32,0.005500,1792x16x1,64x1x1,128x28x16x1
Kcur-27,kernel_add_row,0.005600,2048x0x0,64x0x0,512x16x1x1
Kcur-27,kernel_rope_neox_f32,0.002700,256x16x1,64x1x1,128x4x16x1
node_930,kernel_mul_mv_q6_K_f32,0.953600,512x1024x1,2x64x1,512x16x1x1
Vcur-27,kernel_add_row,0.002600,2048x0x0,64x0x0,512x16x1x1
cache_k_l27 (view),kernel_set_rows_f16_i64,0.003800,8192x1x1,512x1x1,512x4096x1x1
cache_v_l27 (view),kernel_set_rows_f16_i64,0.002900,8192x1x1,512x1x1,512x4096x1x1
__fattn__-27,flash_attn_f32_f16,2.682900,32x28x0,32x1x0,128x28x16x1
attn_norm-0,kernel_rms_norm_mul,0.012500,16384x1x1,1024x1x1,3584x16x1x1
Qcur-0,kernel_add_row,0.007900,14336x0x0,64x0x0,3584x16x1x1
Qcur-0,kernel_rope_neox_f32,0.005400,1792x16x1,64x1x1,128x28x16x1
Kcur-0,kernel_add_row,0.005700,2048x0x0,64x0x0,512x16x1x1
Kcur-0,kernel_rope_neox_f32,0.002800,256x16x1,64x1x1,128x4x16x1
node_11,kernel_mul_mv_q6_K_f32,0.953300,512x1024x1,2x64x1,512x16x1x1
Vcur-0,kernel_add_row,0.002500,2048x0x0,64x0x0,512x16x1x1
cache_k_l0 (view),kernel_set_rows_f16_i64,0.003200,8192x1x1,512x1x1,512x4096x1x1
cache_v_l0 (view),kernel_set_rows_f16_i64,0.002800,8192x1x1,512x1x1,512x4096x1x1
 (copy),kernel_cpy_f32_f16,0.004400,4096x1x1,64x1x1,512x64x1x1
__fattn__-0,flash_attn_f32_f16,2.702000,32x28x0,32x1x0,128x28x16x1
ffn_inp-0,kernel_add,0.025700,1024x1x1,64x1x1,3584x16x1x1
ffn_norm-0,kernel_rms_norm_mul,0.009100,16384x1x1,1024x1x1,3584x16x1x1
ffn_swiglu-0,kernel_swiglu,0.057800,8192x1x1,512x1x1,18944x16x1x1
ffn_out-0,kernel_mul_mv_q6_K_f32,33.113899,3584x1024x1,2x64x1,3584x16x1x1
l_out-0,kernel_add,0.023400,1024x1x1,64x1x1,3584x16x1x1
attn_norm-1,kernel_rms_norm_mul,0.009400,16384x1x1,1024x1x1,3584x16x1x1
Qcur-1,kernel_add_row,0.007900,14336x0x0,64x0x0,3584x16x1x1
Qcur-1,kernel_rope_neox_f32,0.005500,1792x16x1,64x1x1,128x28x16x1
Kcur-1,kernel_add_row,0.005700,2048x0x0,64x0x0,512x16x1x1
Kcur-1,kernel_rope_neox_f32,0.002700,256x16x1,64x1x1,128x4x16x1
node_46,kernel_mul_mv_q6_K_f32,0.953500,512x1024x1,2x64x1,512x16x1x1
Vcur-1,kernel_add_row,0.002500,2048x0x0,64x0x0,512x16x1x1
cache_k_l1 (view),kernel_set_rows_f16_i64,0.003600,8192x1x1,512x1x1,512x4096x1x1
cache_v_l1 (view),kernel_set_rows_f16_i64,0.002900,8192x1x1,512x1x1,512x4096x1x1
__fattn__-1,flash_attn_f32_f16,2.678500,32x28x0,32x1x0,128x28x16x1
ffn_inp-1,kernel_add,0.024400,1024x1x1,64x1x1,3584x16x1x1
ffn_norm-1,kernel_rms_norm_mul,0.009200,16384x1x1,1024x1x1,3584x16x1x1
ffn_swiglu-1,kernel_swiglu,0.047400,8192x1x1,512x1x1,18944x16x1x1
ffn_out-1,kernel_mul_mv_q6_K_f32,33.101398,3584x1024x1,2x64x1,3584x16x1x1
l_out-1,kernel_add,0.023400,1024x1x1,64x1x1,3584x16x1x1
attn_norm-2,kernel_rms_norm_mul,0.009500,16384x1x1,1024x1x1,3584x16x1x1
Qcur-2,kernel_add_row,0.007800,14336x0x0,64x0x0,3584x16x1x1
Qcur-2,kernel_rope_neox_f32,0.005400,1792x16x1,64x1x1,128x28x16x1
Kcur-2,kernel_add_row,0.005700,2048x0x0,64x0x0,512x16x1x1
Kcur-2,kernel_rope_neox_f32,0.002700,256x16x1,64x1x1,128x4x16x1
node_80,kernel_mul_mv_q6_K_f32,0.955500,512x1024x1,2x64x1,512x16x1x1
Vcur-2,kernel_add_row,0.002500,2048x0x0,64x0x0,512x16x1x1
cache_k_l2 (view),kernel_set_rows_f16_i64,0.003600,8192x1x1,512x1x1,512x4096x1x1
cache_v_l2 (view),kernel_set_rows_f16_i64,0.002800,8192x1x1,512x1x1,512x4096x1x1
__fattn__-2,flash_attn_f32_f16,2.714400,32x28x0,32x1x0,128x28x16x1
ffn_inp-2,kernel_add,0.024200,1024x1x1,64x1x1,3584x16x1x1
ffn_norm-2,kernel_rms_norm_mul,0.009200,16384x1x1,1024x1x1,3584x16x1x1
ffn_swiglu-2,kernel_swiglu,0.047900,8192x1x1,512x1x1,18944x16x1x1
ffn_out-2,kernel_mul_mv_q6_K_f32,34.316200,3584x1024x1,2x64x1,3584x16x1x1
l_out-2,kernel_add,0.023600,1024x1x1,64x1x1,3584x16x1x1
attn_norm-3,kernel_rms_norm_mul,0.009400,16384x1x1,1024x1x1,3584x16x1x1
Qcur-3,kernel_add_row,0.011800,14336x0x0,64x0x0,3584x16x1x1
Qcur-3,kernel_rope_neox_f32,0.010500,1792x16x1,64x1x1,128x28x16x1
Kcur-3,kernel_add_row,0.005400,2048x0x0,64x0x0,512x16x1x1
Kcur-3,kernel_rope_neox_f32,0.002700,256x16x1,64x1x1,128x4x16x1
Vcur-3,kernel_add_row,0.005700,2048x0x0,64x0x0,512x16x1x1
cache_k_l3 (view),kernel_set_rows_f16_i64,0.004100,8192x1x1,512x1x1,512x4096x1x1
cache_v_l3 (view),kernel_set_rows_f16_i64,0.002800,8192x1x1,512x1x1,512x4096x1x1
__fattn__-3,flash_attn_f32_f16,2.720200,32x28x0,32x1x0,128x28x16x1
ffn_inp-3,kernel_add,0.024200,1024x1x1,64x1x1,3584x16x1x1
ffn_norm-3,kernel_rms_norm_mul,0.009300,16384x1x1,1024x1x1,3584x16x1x1
l_out-3,kernel_add,0.025100,1024x1x1,64x1x1,3584x16x1x1
attn_norm-4,kernel_rms_norm_mul,0.009500,16384x1x1,1024x1x1,3584x16x1x1
Qcur-4,kernel_add_row,0.008000,14336x0x0,64x0x0,3584x16x1x1
Qcur-4,kernel_rope_neox_f32,0.005500,1792x16x1,64x1x1,128x28x16x1
Kcur-4,kernel_add_row,0.005500,2048x0x0,64x0x0,512x16x1x1
Kcur-4,kernel_rope_neox_f32,0.002700,256x16x1,64x1x1,128x4x16x1
Vcur-4,kernel_add_row,0.005600,2048x0x0,64x0x0,512x16x1x1
cache_k_l4 (view),kernel_set_rows_f16_i64,0.004300,8192x1x1,512x1x1,512x4096x1x1
cache_v_l4 (view),kernel_set_rows_f16_i64,0.002800,8192x1x1,512x1x1,512x4096x1x1
__fattn__-4,flash_attn_f32_f16,2.730000,32x28x0,32x1x0,128x28x16x1
ffn_inp-4,kernel_add,0.023000,1024x1x1,64x1x1,3584x16x1x1
ffn_norm-4,kernel_rms_norm_mul,0.009200,16384x1x1,1024x1x1,3584x16x1x1
l_out-4,kernel_add,0.024800,1024x1x1,64x1x1,3584x16x1x1
attn_norm-5,kernel_rms_norm_mul,0.009500,16384x1x1,1024x1x1,3584x16x1x1
Qcur-5,kernel_add_row,0.008100,14336x0x0,64x0x0,3584x16x1x1
Qcur-5,kernel_rope_neox_f32,0.005500,1792x16x1,64x1x1,128x28x16x1
Kcur-5,kernel_add_row,0.005600,2048x0x0,64x0x0,512x16x1x1
Kcur-5,kernel_rope_neox_f32,0.002700,256x16x1,64x1x1,128x4x16x1
node_182,kernel_mul_mv_q6_K_f32,0.954400,512x1024x1,2x64x1,512x16x1x1
Vcur-5,kernel_add_row,0.002500,2048x0x0,64x0x0,512x16x1x1
cache_k_l5 (view),kernel_set_rows_f16_i64,0.003700,8192x1x1,512x1x1,512x4096x1x1
cache_v_l5 (view),kernel_set_rows_f16_i64,0.003000,8192x1x1,512x1x1,512x4096x1x1
__fattn__-5,flash_attn_f32_f16,2.694500,32x28x0,32x1x0,128x28x16x1
ffn_inp-5,kernel_add,0.023600,1024x1x1,64x1x1,3584x16x1x1
ffn_norm-5,kernel_rms_norm_mul,0.009300,16384x1x1,1024x1x1,3584x16x1x1
ffn_swiglu-5,kernel_swiglu,0.049100,8192x1x1,512x1x1,18944x16x1x1
ffn_out-5,kernel_mul_mv_q6_K_f32,34.489300,3584x1024x1,2x64x1,3584x16x1x1
l_out-5,kernel_add,0.023800,1024x1x1,64x1x1,3584x16x1x1
attn_norm-6,kernel_rms_norm_mul,0.009500,16384x1x1,1024x1x1,3584x16x1x1
Qcur-6,kernel_add_row,0.012300,14336x0x0,64x0x0,3584x16x1x1
Qcur-6,kernel_rope_neox_f32,0.010600,1792x16x1,64x1x1,128x28x16x1
Kcur-6,kernel_add_row,0.005800,2048x0x0,64x0x0,512x16x1x1
Kcur-6,kernel_rope_neox_f32,0.002800,256x16x1,64x1x1,128x4x16x1
Vcur-6,kernel_add_row,0.005600,2048x0x0,64x0x0,512x16x1x1
cache_k_l6 (view),kernel_set_rows_f16_i64,0.004000,8192x1x1,512x1x1,512x4096x1x1
cache_v_l6 (view),kernel_set_rows_f16_i64,0.002700,8192x1x1,512x1x1,512x4096x1x1
__fattn__-6,flash_attn_f32_f16,2.721600,32x28x0,32x1x0,128x28x16x1
ffn_inp-6,kernel_add,0.023700,1024x1x1,64x1x1,3584x16x1x1
ffn_norm-6,kernel_rms_norm_mul,0.009400,16384x1x1,1024x1x1,3584x16x1x1
l_out-6,kernel_add,0.024900,1024x1x1,64x1x1,3584x16x1x1
attn_norm-7,kernel_rms_norm_mul,0.009500,16384x1x1,1024x1x1,3584x16x1x1
Qcur-7,kernel_add_row,0.008100,14336x0x0,64x0x0,3584x16x1x1
Qcur-7,kernel_rope_neox_f32,0.005800,1792x16x1,64x1x1,128x28x16x1
Kcur-7,kernel_add_row,0.005700,2048x0x0,64x0x0,512x16x1x1
Kcur-7,kernel_rope_neox_f32,0.002800,256x16x1,64x1x1,128x4x16x1
Vcur-7,kernel_add_row,0.005600,2048x0x0,64x0x0,512x16x1x1
cache_k_l7 (view),kernel_set_rows_f16_i64,0.004100,8192x1x1,512x1x1,512x4096x1x1
cache_v_l7 (view),kernel_set_rows_f16_i64,0.002900,8192x1x1,512x1x1,512x4096x1x1
__fattn__-7,flash_attn_f32_f16,2.651600,32x28x0,32x1x0,128x28x16x1
ffn_inp-7,kernel_add,0.023400,1024x1x1,64x1x1,3584x16x1x1
ffn_norm-7,kernel_rms_norm_mul,0.009200,16384x1x1,1024x1x1,3584x16x1x1
l_out-7,kernel_add,0.024800,1024x1x1,64x1x1,3584x16x1x1
attn_norm-8,kernel_rms_norm_mul,0.009800,16384x1x1,1024x1x1,3584x16x1x1
Qcur-8,kernel_add_row,0.008200,14336x0x0,64x0x0,3584x16x1x1
Qcur-8,kernel_rope_neox_f32,0.005500,1792x16x1,64x1x1,128x28x16x1
Kcur-8,kernel_add_row,0.005600,2048x0x0,64x0x0,512x16x1x1
Kcur-8,kernel_rope_neox_f32,0.002800,256x16x1,64x1x1,128x4x16x1
node_284,kernel_mul_mv_q6_K_f32,0.954500,512x1024x1,2x64x1,512x16x1x1
Vcur-8,kernel_add_row,0.002500,2048x0x0,64x0x0,512x16x1x1
cache_k_l8 (view),kernel_set_rows_f16_i64,0.003800,8192x1x1,512x1x1,512x4096x1x1
cache_v_l8 (view),kernel_set_rows_f16_i64,0.002800,8192x1x1,512x1x1,512x4096x1x1
__fattn__-8,flash_attn_f32_f16,2.699600,32x28x0,32x1x0,128x28x16x1
ffn_inp-8,kernel_add,0.023500,1024x1x1,64x1x1,3584x16x1x1
ffn_norm-8,kernel_rms_norm_mul,0.009100,16384x1x1,1024x1x1,3584x16x1x1
ffn_swiglu-8,kernel_swiglu,0.048400,8192x1x1,512x1x1,18944x16x1x1
ffn_out-8,kernel_mul_mv_q6_K_f32,34.010101,3584x1024x1,2x64x1,3584x16x1x1
l_out-8,kernel_add,0.023300,1024x1x1,64x1x1,3584x16x1x1
attn_norm-9,kernel_rms_norm_mul,0.009500,16384x1x1,1024x1x1,3584x16x1x1
Qcur-9,kernel_add_row,0.012100,14336x0x0,64x0x0,3584x16x1x1
Qcur-9,kernel_rope_neox_f32,0.010600,1792x16x1,64x1x1,128x28x16x1
Kcur-9,kernel_add_row,0.006000,2048x0x0,64x0x0,512x16x1x1
Kcur-9,kernel_rope_neox_f32,0.002700,256x16x1,64x1x1,128x4x16x1
Vcur-9,kernel_add_row,0.005600,2048x0x0,64x0x0,512x16x1x1
cache_k_l9 (view),kernel_set_rows_f16_i64,0.003800,8192x1x1,512x1x1,512x4096x1x1
cache_v_l9 (view),kernel_set_rows_f16_i64,0.002800,8192x1x1,512x1x1,512x4096x1x1
__fattn__-9,flash_attn_f32_f16,2.691900,32x28x0,32x1x0,128x28x16x1
ffn_inp-9,kernel_add,0.024100,1024x1x1,64x1x1,3584x16x1x1
ffn_norm-9,kernel_rms_norm_mul,0.009200,16384x1x1,1024x1x1,3584x16x1x1
l_out-9,kernel_add,0.025000,1024x1x1,64x1x1,3584x16x1x1
attn_norm-10,kernel_rms_norm_mul,0.009500,16384x1x1,1024x1x1,3584x16x1x1
Qcur-10,kernel_add_row,0.008100,14336x0x0,64x0x0,3584x16x1x1
Qcur-10,kernel_rope_neox_f32,0.005500,1792x16x1,64x1x1,128x28x16x1
Kcur-10,kernel_add_row,0.005600,2048x0x0,64x0x0,512x16x1x1
Kcur-10,kernel_rope_neox_f32,0.002900,256x16x1,64x1x1,128x4x16x1
Vcur-10,kernel_add_row,0.005700,2048x0x0,64x0x0,512x16x1x1
cache_k_l10 (view),kernel_set_rows_f16_i64,0.003800,8192x1x1,512x1x1,512x4096x1x1
cache_v_l10 (view),kernel_set_rows_f16_i64,0.002800,8192x1x1,512x1x1,512x4096x1x1
__fattn__-10,flash_attn_f32_f16,2.718600,32x28x0,32x1x0,128x28x16x1
ffn_inp-10,kernel_add,0.023400,1024x1x1,64x1x1,3584x16x1x1
ffn_norm-10,kernel_rms_norm_mul,0.009100,16384x1x1,1024x1x1,3584x16x1x1
l_out-10,kernel_add,0.024600,1024x1x1,64x1x1,3584x16x1x1
attn_norm-11,kernel_rms_norm_mul,0.009600,16384x1x1,1024x1x1,3584x16x1x1
Qcur-11,kernel_add_row,0.007700,14336x0x0,64x0x0,3584x16x1x1
Qcur-11,kernel_rope_neox_f32,0.005600,1792x16x1,64x1x1,128x28x16x1
Kcur-11,kernel_add_row,0.005700,2048x0x0,64x0x0,512x16x1x1
Kcur-11,kernel_rope_neox_f32,0.002800,256x16x1,64x1x1,128x4x16x1
node_386,kernel_mul_mv_q6_K_f32,0.954200,512x1024x1,2x64x1,512x16x1x1
Vcur-11,kernel_add_row,0.002500,2048x0x0,64x0x0,512x16x1x1
cache_k_l11 (view),kernel_set_rows_f16_i64,0.003700,8192x1x1,512x1x1,512x4096x1x1
cache_v_l11 (view),kernel_set_rows_f16_i64,0.002800,8192x1x1,512x1x1,512x4096x1x1
__fattn__-11,flash_attn_f32_f16,2.697300,32x28x0,32x1x0,128x28x16x1
ffn_inp-11,kernel_add,0.024200,1024x1x1,64x1x1,3584x16x1x1
ffn_norm-11,kernel_rms_norm_mul,0.009300,16384x1x1,1024x1x1,3584x16x1x1
ffn_swiglu-11,kernel_swiglu,0.047800,8192x1x1,512x1x1,18944x16x1x1
ffn_out-11,kernel_mul_mv_q6_K_f32,33.148701,3584x1024x1,2x64x1,3584x16x1x1
l_out-11,kernel_add,0.023100,1024x1x1,64x1x1,3584x16x1x1
attn_norm-12,kernel_rms_norm_mul,0.009400,16384x1x1,1024x1x1,3584x16x1x1
Qcur-12,kernel_add_row,0.008700,14336x0x0,64x0x0,3584x16x1x1
Qcur-12,kernel_rope_neox_f32,0.005700,1792x16x1,64x1x1,128x28x16x1
Kcur-12,kernel_add_row,0.005700,2048x0x0,64x0x0,512x16x1x1
Kcur-12,kernel_rope_neox_f32,0.002700,256x16x1,64x1x1,128x4x16x1
Vcur-12,kernel_add_row,0.005700,2048x0x0,64x0x0,512x16x1x1
cache_k_l12 (view),kernel_set_rows_f16_i64,0.003900,8192x1x1,512x1x1,512x4096x1x1
cache_v_l12 (view),kernel_set_rows_f16_i64,0.002800,8192x1x1,512x1x1,512x4096x1x1
__fattn__-12,flash_attn_f32_f16,2.727500,32x28x0,32x1x0,128x28x16x1
ffn_inp-12,kernel_add,0.024000,1024x1x1,64x1x1,3584x16x1x1
ffn_norm-12,kernel_rms_norm_mul,0.009100,16384x1x1,1024x1x1,3584x16x1x1
l_out-12,kernel_add,0.024600,1024x1x1,64x1x1,3584x16x1x1
attn_norm-13,kernel_rms_norm_mul,0.009400,16384x1x1,1024x1x1,3584x16x1x1
Qcur-13,kernel_add_row,0.008300,14336x0x0,64x0x0,3584x16x1x1
Qcur-13,kernel_rope_neox_f32,0.005600,1792x16x1,64x1x1,128x28x16x1
Kcur-13,kernel_add_row,0.005600,2048x0x0,64x0x0,512x16x1x1
Kcur-13,kernel_rope_neox_f32,0.002700,256x16x1,64x1x1,128x4x16x1
Vcur-13,kernel_add_row,0.005700,2048x0x0,64x0x0,512x16x1x1
cache_k_l13 (view),kernel_set_rows_f16_i64,0.004000,8192x1x1,512x1x1,512x4096x1x1
cache_v_l13 (view),kernel_set_rows_f16_i64,0.002700,8192x1x1,512x1x1,512x4096x1x1
__fattn__-13,flash_attn_f32_f16,2.699500,32x28x0,32x1x0,128x28x16x1
ffn_inp-13,kernel_add,0.024000,1024x1x1,64x1x1,3584x16x1x1
ffn_norm-13,kernel_rms_norm_mul,0.009300,16384x1x1,1024x1x1,3584x16x1x1
l_out-13,kernel_add,0.024700,1024x1x1,64x1x1,3584x16x1x1
attn_norm-14,kernel_rms_norm_mul,0.009600,16384x1x1,1024x1x1,3584x16x1x1
Qcur-14,kernel_add_row,0.008000,14336x0x0,64x0x0,3584x16x1x1
Qcur-14,kernel_rope_neox_f32,0.005700,1792x16x1,64x1x1,128x28x16x1
Kcur-14,kernel_add_row,0.005700,2048x0x0,64x0x0,512x16x1x1
Kcur-14,kernel_rope_neox_f32,0.002700,256x16x1,64x1x1,128x4x16x1
node_488,kernel_mul_mv_q6_K_f32,0.953400,512x1024x1,2x64x1,512x16x1x1
Vcur-14,kernel_add_row,0.002500,2048x0x0,64x0x0,512x16x1x1
cache_k_l14 (view),kernel_set_rows_f16_i64,0.003700,8192x1x1,512x1x1,512x4096x1x1
cache_v_l14 (view),kernel_set_rows_f16_i64,0.002900,8192x1x1,512x1x1,512x4096x1x1
__fattn__-14,flash_attn_f32_f16,2.657400,32x28x0,32x1x0,128x28x16x1
ffn_inp-14,kernel_add,0.024200,1024x1x1,64x1x1,3584x16x1x1
ffn_norm-14,kernel_rms_norm_mul,0.009100,16384x1x1,1024x1x1,3584x16x1x1
ffn_swiglu-14,kernel_swiglu,0.049800,8192x1x1,512x1x1,18944x16x1x1
ffn_out-14,kernel_mul_mv_q6_K_f32,33.156601,3584x1024x1,2x64x1,3584x16x1x1
l_out-14,kernel_add,0.023100,1024x1x1,64x1x1,3584x16x1x1
attn_norm-15,kernel_rms_norm_mul,0.009500,16384x1x1,1024x1x1,3584x16x1x1
Qcur-15,kernel_add_row,0.008000,14336x0x0,64x0x0,3584x16x1x1
Qcur-15,kernel_rope_neox_f32,0.005400,1792x16x1,64x1x1,128x28x16x1
Kcur-15,kernel_add_row,0.005700,2048x0x0,64x0x0,512x16x1x1
Kcur-15,kernel_rope_neox_f32,0.002700,256x16x1,64x1x1,128x4x16x1
Vcur-15,kernel_add_row,0.005600,2048x0x0,64x0x0,512x16x1x1
cache_k_l15 (view),kernel_set_rows_f16_i64,0.003900,8192x1x1,512x1x1,512x4096x1x1
cache_v_l15 (view),kernel_set_rows_f16_i64,0.002800,8192x1x1,512x1x1,512x4096x1x1
__fattn__-15,flash_attn_f32_f16,2.668200,32x28x0,32x1x0,128x28x16x1
ffn_inp-15,kernel_add,0.024200,1024x1x1,64x1x1,3584x16x1x1
ffn_norm-15,kernel_rms_norm_mul,0.009100,16384x1x1,1024x1x1,3584x16x1x1
l_out-15,kernel_add,0.024900,1024x1x1,64x1x1,3584x16x1x1
attn_norm-16,kernel_rms_norm_mul,0.009600,16384x1x1,1024x1x1,3584x16x1x1
Qcur-16,kernel_add_row,0.008100,14336x0x0,64x0x0,3584x16x1x1
Qcur-16,kernel_rope_neox_f32,0.005500,1792x16x1,64x1x1,128x28x16x1
Kcur-16,kernel_add_row,0.005800,2048x0x0,64x0x0,512x16x1x1
Kcur-16,kernel_rope_neox_f32,0.002800,256x16x1,64x1x1,128x4x16x1
Vcur-16,kernel_add_row,0.005600,2048x0x0,64x0x0,512x16x1x1
cache_k_l16 (view),kernel_set_rows_f16_i64,0.003900,8192x1x1,512x1x1,512x4096x1x1
cache_v_l16 (view),kernel_set_rows_f16_i64,0.002900,8192x1x1,512x1x1,512x4096x1x1
__fattn__-16,flash_attn_f32_f16,2.711200,32x28x0,32x1x0,128x28x16x1
ffn_inp-16,kernel_add,0.023500,1024x1x1,64x1x1,3584x16x1x1
ffn_norm-16,kernel_rms_norm_mul,0.009200,16384x1x1,1024x1x1,3584x16x1x1
l_out-16,kernel_add,0.024800,1024x1x1,64x1x1,3584x16x1x1
attn_norm-17,kernel_rms_norm_mul,0.009500,16384x1x1,1024x1x1,3584x16x1x1
Qcur-17,kernel_add_row,0.008300,14336x0x0,64x0x0,3584x16x1x1
Qcur-17,kernel_rope_neox_f32,0.005500,1792x16x1,64x1x1,128x28x16x1
Kcur-17,kernel_add_row,0.005600,2048x0x0,64x0x0,512x16x1x1
Kcur-17,kernel_rope_neox_f32,0.002700,256x16x1,64x1x1,128x4x16x1
node_590,kernel_mul_mv_q6_K_f32,0.954200,512x1024x1,2x64x1,512x16x1x1
Vcur-17,kernel_add_row,0.002200,2048x0x0,64x0x0,512x16x1x1
cache_k_l17 (view),kernel_set_rows_f16_i64,0.003700,8192x1x1,512x1x1,512x4096x1x1
cache_v_l17 (view),kernel_set_rows_f16_i64,0.002800,8192x1x1,512x1x1,512x4096x1x1
__fattn__-17,flash_attn_f32_f16,2.699400,32x28x0,32x1x0,128x28x16x1
ffn_inp-17,kernel_add,0.023600,1024x1x1,64x1x1,3584x16x1x1
ffn_norm-17,kernel_rms_norm_mul,0.009100,16384x1x1,1024x1x1,3584x16x1x1
ffn_swiglu-17,kernel_swiglu,0.049700,8192x1x1,512x1x1,18944x16x1x1
ffn_out-17,kernel_mul_mv_q6_K_f32,33.079498,3584x1024x1,2x64x1,3584x16x1x1
l_out-17,kernel_add,0.023000,1024x1x1,64x1x1,3584x16x1x1
attn_norm-18,kernel_rms_norm_mul,0.009600,16384x1x1,1024x1x1,3584x16x1x1
Qcur-18,kernel_add_row,0.008300,14336x0x0,64x0x0,3584x16x1x1
Qcur-18,kernel_rope_neox_f32,0.005500,1792x16x1,64x1x1,128x28x16x1
Kcur-18,kernel_add_row,0.005700,2048x0x0,64x0x0,512x16x1x1
Kcur-18,kernel_rope_neox_f32,0.002700,256x16x1,64x1x1,128x4x16x1
Vcur-18,kernel_add_row,0.005500,2048x0x0,64x0x0,512x16x1x1
cache_k_l18 (view),kernel_set_rows_f16_i64,0.004000,8192x1x1,512x1x1,512x4096x1x1
cache_v_l18 (view),kernel_set_rows_f16_i64,0.002800,8192x1x1,512x1x1,512x4096x1x1
__fattn__-18,flash_attn_f32_f16,2.713400,32x28x0,32x1x0,128x28x16x1
ffn_inp-18,kernel_add,0.023800,1024x1x1,64x1x1,3584x16x1x1
ffn_norm-18,kernel_rms_norm_mul,0.009100,16384x1x1,1024x1x1,3584x16x1x1
l_out-18,kernel_add,0.024800,1024x1x1,64x1x1,3584x16x1x1
attn_norm-19,kernel_rms_norm_mul,0.009500,16384x1x1,1024x1x1,3584x16x1x1
Qcur-19,kernel_add_row,0.007800,14336x0x0,64x0x0,3584x16x1x1
Qcur-19,kernel_rope_neox_f32,0.005700,1792x16x1,64x1x1,128x28x16x1
Kcur-19,kernel_add_row,0.005700,2048x0x0,64x0x0,512x16x1x1
Kcur-19,kernel_rope_neox_f32,0.002800,256x16x1,64x1x1,128x4x16x1
Vcur-19,kernel_add_row,0.005700,2048x0x0,64x0x0,512x16x1x1
cache_k_l19 (view),kernel_set_rows_f16_i64,0.003800,8192x1x1,512x1x1,512x4096x1x1
cache_v_l19 (view),kernel_set_rows_f16_i64,0.002800,8192x1x1,512x1x1,512x4096x1x1
__fattn__-19,flash_attn_f32_f16,2.700300,32x28x0,32x1x0,128x28x16x1
ffn_inp-19,kernel_add,0.023500,1024x1x1,64x1x1,3584x16x1x1
ffn_norm-19,kernel_rms_norm_mul,0.009100,16384x1x1,1024x1x1,3584x16x1x1
l_out-19,kernel_add,0.024700,1024x1x1,64x1x1,3584x16x1x1
attn_norm-20,kernel_rms_norm_mul,0.009700,16384x1x1,1024x1x1,3584x16x1x1
Qcur-20,kernel_add_row,0.008200,14336x0x0,64x0x0,3584x16x1x1
Qcur-20,kernel_rope_neox_f32,0.005500,1792x16x1,64x1x1,128x28x16x1
Kcur-20,kernel_add_row,0.005600,2048x0x0,64x0x0,512x16x1x1
Kcur-20,kernel_rope_neox_f32,0.002700,256x16x1,64x1x1,128x4x16x1
node_692,kernel_mul_mv_q6_K_f32,0.954400,512x1024x1,2x64x1,512x16x1x1
Vcur-20,kernel_add_row,0.002500,2048x0x0,64x0x0,512x16x1x1
cache_k_l20 (view),kernel_set_rows_f16_i64,0.003800,8192x1x1,512x1x1,512x4096x1x1
cache_v_l20 (view),kernel_set_rows_f16_i64,0.002800,8192x1x1,512x1x1,512x4096x1x1
__fattn__-20,flash_attn_f32_f16,2.710000,32x28x0,32x1x0,128x28x16x1
ffn_inp-20,kernel_add,0.023900,1024x1x1,64x1x1,3584x16x1x1
ffn_norm-20,kernel_rms_norm_mul,0.009100,16384x1x1,1024x1x1,3584x16x1x1
ffn_swiglu-20,kernel_swiglu,0.058500,8192x1x1,512x1x1,18944x16x1x1
ffn_out-20,kernel_mul_mv_q6_K_f32,33.124901,3584x1024x1,2x64x1,3584x16x1x1
l_out-20,kernel_add,0.023500,1024x1x1,64x1x1,3584x16x1x1
attn_norm-21,kernel_rms_norm_mul,0.009500,16384x1x1,1024x1x1,3584x16x1x1
Qcur-21,kernel_add_row,0.009000,14336x0x0,64x0x0,3584x16x1x1
Qcur-21,kernel_rope_neox_f32,0.005500,1792x16x1,64x1x1,128x28x16x1
Kcur-21,kernel_add_row,0.005800,2048x0x0,64x0x0,512x16x1x1
Kcur-21,kernel_rope_neox_f32,0.002700,256x16x1,64x1x1,128x4x16x1
Vcur-21,kernel_add_row,0.005600,2048x0x0,64x0x0,512x16x1x1
cache_k_l21 (view),kernel_set_rows_f16_i64,0.003800,8192x1x1,512x1x1,512x4096x1x1
cache_v_l21 (view),kernel_set_rows_f16_i64,0.003000,8192x1x1,512x1x1,512x4096x1x1
__fattn__-21,flash_attn_f32_f16,2.670300,32x28x0,32x1x0,128x28x16x1
ffn_inp-21,kernel_add,0.024000,1024x1x1,64x1x1,3584x16x1x1
ffn_norm-21,kernel_rms_norm_mul,0.009200,16384x1x1,1024x1x1,3584x16x1x1
l_out-21,kernel_add,0.025000,1024x1x1,64x1x1,3584x16x1x1
attn_norm-22,kernel_rms_norm_mul,0.009500,16384x1x1,1024x1x1,3584x16x1x1
Qcur-22,kernel_add_row,0.007800,14336x0x0,64x0x0,3584x16x1x1
Qcur-22,kernel_rope_neox_f32,0.005700,1792x16x1,64x1x1,128x28x16x1
Kcur-22,kernel_add_row,0.005700,2048x0x0,64x0x0,512x16x1x1
Kcur-22,kernel_rope_neox_f32,0.002700,256x16x1,64x1x1,128x4x16x1
Vcur-22,kernel_add_row,0.005700,2048x0x0,64x0x0,512x16x1x1
cache_k_l22 (view),kernel_set_rows_f16_i64,0.004000,8192x1x1,512x1x1,512x4096x1x1
cache_v_l22 (view),kernel_set_rows_f16_i64,0.002800,8192x1x1,512x1x1,512x4096x1x1
__fattn__-22,flash_attn_f32_f16,2.702500,32x28x0,32x1x0,128x28x16x1
ffn_inp-22,kernel_add,0.023300,1024x1x1,64x1x1,3584x16x1x1
ffn_norm-22,kernel_rms_norm_mul,0.009200,16384x1x1,1024x1x1,3584x16x1x1
l_out-22,kernel_add,0.025100,1024x1x1,64x1x1,3584x16x1x1
attn_norm-23,kernel_rms_norm_mul,0.009600,16384x1x1,1024x1x1,3584x16x1x1
Qcur-23,kernel_add_row,0.008200,14336x0x0,64x0x0,3584x16x1x1
Qcur-23,kernel_rope_neox_f32,0.005500,1792x16x1,64x1x1,128x28x16x1
Kcur-23,kernel_add_row,0.005800,2048x0x0,64x0x0,512x16x1x1
Kcur-23,kernel_rope_neox_f32,0.002700,256x16x1,64x1x1,128x4x16x1
node_794,kernel_mul_mv_q6_K_f32,0.952900,512x1024x1,2x64x1,512x16x1x1
Vcur-23,kernel_add_row,0.002500,2048x0x0,64x0x0,512x16x1x1
cache_k_l23 (view),kernel_set_rows_f16_i64,0.003900,8192x1x1,512x1x1,512x4096x1x1
cache_v_l23 (view),kernel_set_rows_f16_i64,0.002800,8192x1x1,512x1x1,512x4096x1x1
__fattn__-23,flash_attn_f32_f16,2.714500,32x28x0,32x1x0,128x28x16x1
ffn_inp-23,kernel_add,0.023800,1024x1x1,64x1x1,3584x16x1x1
ffn_norm-23,kernel_rms_norm_mul,0.009300,16384x1x1,1024x1x1,3584x16x1x1
ffn_swiglu-23,kernel_swiglu,0.059600,8192x1x1,512x1x1,18944x16x1x1
ffn_out-23,kernel_mul_mv_q6_K_f32,33.098301,3584x1024x1,2x64x1,3584x16x1x1
l_out-23,kernel_add,0.023300,1024x1x1,64x1x1,3584x16x1x1
attn_norm-24,kernel_rms_norm_mul,0.009500,16384x1x1,1024x1x1,3584x16x1x1
Qcur-24,kernel_add_row,0.007600,14336x0x0,64x0x0,3584x16x1x1
Qcur-24,kernel_rope_neox_f32,0.005400,1792x16x1,64x1x1,128x28x16x1
Kcur-24,kernel_add_row,0.005600,2048x0x0,64x0x0,512x16x1x1
Kcur-24,kernel_rope_neox_f32,0.002800,256x16x1,64x1x1,128x4x16x1
node_828,kernel_mul_mv_q6_K_f32,0.955100,512x1024x1,2x64x1,512x16x1x1
Vcur-24,kernel_add_row,0.002500,2048x0x0,64x0x0,512x16x1x1
cache_k_l24 (view),kernel_set_rows_f16_i64,0.003700,8192x1x1,512x1x1,512x4096x1x1
cache_v_l24 (view),kernel_set_rows_f16_i64,0.002800,8192x1x1,512x1x1,512x4096x1x1
__fattn__-24,flash_attn_f32_f16,2.687900,32x28x0,32x1x0,128x28x16x1
ffn_inp-24,kernel_add,0.024200,1024x1x1,64x1x1,3584x16x1x1
ffn_norm-24,kernel_rms_norm_mul,0.009100,16384x1x1,1024x1x1,3584x16x1x1
ffn_swiglu-24,kernel_swiglu,0.048200,8192x1x1,512x1x1,18944x16x1x1
ffn_out-24,kernel_mul_mv_q6_K_f32,33.147499,3584x1024x1,2x64x1,3584x16x1x1
l_out-24,kernel_add,0.023200,1024x1x1,64x1x1,3584x16x1x1
attn_norm-25,kernel_rms_norm_mul,0.009300,16384x1x1,1024x1x1,3584x16x1x1
Qcur-25,kernel_add_row,0.007900,14336x0x0,64x0x0,3584x16x1x1
Qcur-25,kernel_rope_neox_f32,0.005500,1792x16x1,64x1x1,128x28x16x1
Kcur-25,kernel_add_row,0.002800,2048x0x0,64x0x0,512x16x1x1
Kcur-25,kernel_rope_neox_f32,0.002800,256x16x1,64x1x1,128x4x16x1
node_862,kernel_mul_mv_q6_K_f32,0.954300,512x1024x1,2x64x1,512x16x1x1
Vcur-25,kernel_add_row,0.002600,2048x0x0,64x0x0,512x16x1x1
cache_k_l25 (view),kernel_set_rows_f16_i64,0.003600,8192x1x1,512x1x1,512x4096x1x1
cache_v_l25 (view),kernel_set_rows_f16_i64,0.002800,8192x1x1,512x1x1,512x4096x1x1
__fattn__-25,flash_attn_f32_f16,2.705000,32x28x0,32x1x0,128x28x16x1
ffn_inp-25,kernel_add,0.023700,1024x1x1,64x1x1,3584x16x1x1
ffn_norm-25,kernel_rms_norm_mul,0.009100,16384x1x1,1024x1x1,3584x16x1x1
ffn_swiglu-25,kernel_swiglu,0.048300,8192x1x1,512x1x1,18944x16x1x1
ffn_out-25,kernel_mul_mv_q6_K_f32,39.568298,3584x1024x1,2x64x1,3584x16x1x1
l_out-25,kernel_add,0.023100,1024x1x1,64x1x1,3584x16x1x1
attn_norm-26,kernel_rms_norm_mul,0.009200,16384x1x1,1024x1x1,3584x16x1x1
Qcur-26,kernel_add_row,0.012100,14336x0x0,64x0x0,3584x16x1x1
Qcur-26,kernel_rope_neox_f32,0.010700,1792x16x1,64x1x1,128x28x16x1
Kcur-26,kernel_add_row,0.005600,2048x0x0,64x0x0,512x16x1x1
Kcur-26,kernel_rope_neox_f32,0.002700,256x16x1,64x1x1,128x4x16x1
node_896,kernel_mul_mv_q6_K_f32,0.956300,512x1024x1,2x64x1,512x16x1x1
Vcur-26,kernel_add_row,0.002500,2048x0x0,64x0x0,512x16x1x1
cache_k_l26 (view),kernel_set_rows_f16_i64,0.003400,8192x1x1,512x1x1,512x4096x1x1
cache_v_l26 (view),kernel_set_rows_f16_i64,0.002900,8192x1x1,512x1x1,512x4096x1x1
__fattn__-26,flash_attn_f32_f16,2.654300,32x28x0,32x1x0,128x28x16x1
ffn_inp-26,kernel_add,0.023500,1024x1x1,64x1x1,3584x16x1x1
ffn_norm-26,kernel_rms_norm_mul,0.009100,16384x1x1,1024x1x1,3584x16x1x1
ffn_swiglu-26,kernel_swiglu,0.051300,8192x1x1,512x1x1,18944x16x1x1
ffn_out-26,kernel_mul_mv_q6_K_f32,33.034500,3584x1024x1,2x64x1,3584x16x1x1
l_out-26,kernel_add,0.023800,1024x1x1,64x1x1,3584x16x1x1
attn_norm-27,kernel_rms_norm_mul,0.009400,16384x1x1,1024x1x1,3584x16x1x1
Qcur-27,kernel_add_row,0.007600,14336x0x0,64x0x0,3584x16x1x1
Qcur-27,kernel_rope_neox_f32,0.005500,1792x16x1,64x1x1,128x28x16x1
Kcur-27,kernel_add_row,0.005900,2048x0x0,64x0x0,512x16x1x1
Kcur-27,kernel_rope_neox_f32,0.002800,256x16x1,64x1x1,128x4x16x1
node_930,kernel_mul_mv_q6_K_f32,0.952800,512x1024x1,2x64x1,512x16x1x1
Vcur-27,kernel_add_row,0.002200,2048x0x0,64x0x0,512x16x1x1
cache_k_l27 (view),kernel_set_rows_f16_i64,0.003700,8192x1x1,512x1x1,512x4096x1x1
cache_v_l27 (view),kernel_set_rows_f16_i64,0.002800,8192x1x1,512x1x1,512x4096x1x1
__fattn__-27,flash_attn_f32_f16,2.650300,32x28x0,32x1x0,128x28x16x1
attn_norm-0,kernel_rms_norm_mul,0.012400,16384x1x1,1024x1x1,3584x16x1x1
Qcur-0,kernel_add_row,0.008300,14336x0x0,64x0x0,3584x16x1x1
Qcur-0,kernel_rope_neox_f32,0.005600,1792x16x1,64x1x1,128x28x16x1
Kcur-0,kernel_add_row,0.005600,2048x0x0,64x0x0,512x16x1x1
Kcur-0,kernel_rope_neox_f32,0.002900,256x16x1,64x1x1,128x4x16x1
node_11,kernel_mul_mv_q6_K_f32,0.954300,512x1024x1,2x64x1,512x16x1x1
Vcur-0,kernel_add_row,0.002500,2048x0x0,64x0x0,512x16x1x1
cache_k_l0 (view),kernel_set_rows_f16_i64,0.003200,8192x1x1,512x1x1,512x4096x1x1
cache_v_l0 (view),kernel_set_rows_f16_i64,0.002900,8192x1x1,512x1x1,512x4096x1x1
 (copy),kernel_cpy_f32_f16,0.005600,4096x1x1,64x1x1,768x64x1x1
__fattn__-0,flash_attn_f32_f16,4.036700,32x28x0,32x1x0,128x28x16x1
ffn_inp-0,kernel_add,0.025300,1024x1x1,64x1x1,3584x16x1x1
ffn_norm-0,kernel_rms_norm_mul,0.009300,16384x1x1,1024x1x1,3584x16x1x1
ffn_swiglu-0,kernel_swiglu,0.050800,8192x1x1,512x1x1,18944x16x1x1
ffn_out-0,kernel_mul_mv_q6_K_f32,33.091702,3584x1024x1,2x64x1,3584x16x1x1
l_out-0,kernel_add,0.022900,1024x1x1,64x1x1,3584x16x1x1
attn_norm-1,kernel_rms_norm_mul,0.009300,16384x1x1,1024x1x1,3584x16x1x1
Qcur-1,kernel_add_row,0.008100,14336x0x0,64x0x0,3584x16x1x1
Qcur-1,kernel_rope_neox_f32,0.005600,1792x16x1,64x1x1,128x28x16x1
Kcur-1,kernel_add_row,0.005700,2048x0x0,64x0x0,512x16x1x1
Kcur-1,kernel_rope_neox_f32,0.002700,256x16x1,64x1x1,128x4x16x1
node_46,kernel_mul_mv_q6_K_f32,0.954500,512x1024x1,2x64x1,512x16x1x1
Vcur-1,kernel_add_row,0.002600,2048x0x0,64x0x0,512x16x1x1
cache_k_l1 (view),kernel_set_rows_f16_i64,0.003700,8192x1x1,512x1x1,512x4096x1x1
cache_v_l1 (view),kernel_set_rows_f16_i64,0.002900,8192x1x1,512x1x1,512x4096x1x1
__fattn__-1,flash_attn_f32_f16,4.045400,32x28x0,32x1x0,128x28x16x1
ffn_inp-1,kernel_add,0.024600,1024x1x1,64x1x1,3584x16x1x1
ffn_norm-1,kernel_rms_norm_mul,0.009200,16384x1x1,1024x1x1,3584x16x1x1
ffn_swiglu-1,kernel_swiglu,0.050300,8192x1x1,512x1x1,18944x16x1x1
ffn_out-1,kernel_mul_mv_q6_K_f32,33.132099,3584x1024x1,2x64x1,3584x16x1x1
l_out-1,kernel_add,0.023100,1024x1x1,64x1x1,3584x16x1x1
attn_norm-2,kernel_rms_norm_mul,0.009500,16384x1x1,1024x1x1,3584x16x1x1
Qcur-2,kernel_add_row,0.008400,14336x0x0,64x0x0,3584x16x1x1
Qcur-2,kernel_rope_neox_f32,0.005500,1792x16x1,64x1x1,128x28x16x1
Kcur-2,kernel_add_row,0.005600,2048x0x0,64x0x0,512x16x1x1
Kcur-2,kernel_rope_neox_f32,0.002800,256x16x1,64x1x1,128x4x16x1
node_80,kernel_mul_mv_q6_K_f32,0.954500,512x1024x1,2x64x1,512x16x1x1
Vcur-2,kernel_add_row,0.002500,2048x0x0,64x0x0,512x16x1x1
cache_k_l2 (view),kernel_set_rows_f16_i64,0.003900,8192x1x1,512x1x1,512x4096x1x1
cache_v_l2 (view),kernel_set_rows_f16_i64,0.002900,8192x1x1,512x1x1,512x4096x1x1
__fattn__-2,flash_attn_f32_f16,4.061400,32x28x0,32x1x0,128x28x16x1
ffn_inp-2,kernel_add,0.024400,1024x1x1,64x1x1,3584x16x1x1
ffn_norm-2,kernel_rms_norm_mul,0.009300,16384x1x1,1024x1x1,3584x16x1x1
ffn_swiglu-2,kernel_swiglu,0.050400,8192x1x1,512x1x1,18944x16x1x1
ffn_out-2,kernel_mul_mv_q6_K_f32,34.283298,3584x1024x1,2x64x1,3584x16x1x1
l_out-2,kernel_add,0.022900,1024x1x1,64x1x1,3584x16x1x1
attn_norm-3,kernel_rms_norm_mul,0.009500,16384x1x1,1024x1x1,3584x16x1x1
Qcur-3,kernel_add_row,0.011800,14336x0x0,64x0x0,3584x16x1x1
Qcur-3,kernel_rope_neox_f32,0.010600,1792x16x1,64x1x1,128x28x16x1
Kcur-3,kernel_add_row,0.005600,2048x0x0,64x0x0,512x16x1x1
Kcur-3,kernel_rope_neox_f32,0.002700,256x16x1,64x1x1,128x4x16x1
Vcur-3,kernel_add_row,0.005500,2048x0x0,64x0x0,512x16x1x1
cache_k_l3 (view),kernel_set_rows_f16_i64,0.004100,8192x1x1,512x1x1,512x4096x1x1
cache_v_l3 (view),kernel_set_rows_f16_i64,0.002900,8192x1x1,512x1x1,512x4096x1x1
__fattn__-3,flash_attn_f32_f16,3.996600,32x28x0,32x1x0,128x28x16x1
ffn_inp-3,kernel_add,0.024100,1024x1x1,64x1x1,3584x16x1x1
ffn_norm-3,kernel_rms_norm_mul,0.009100,16384x1x1,1024x1x1,3584x16x1x1
l_out-3,kernel_add,0.025000,1024x1x1,64x1x1,3584x16x1x1
attn_norm-4,kernel_rms_norm_mul,0.009500,16384x1x1,1024x1x1,3584x16x1x1
Qcur-4,kernel_add_row,0.008600,14336x0x0,64x0x0,3584x16x1x1
Qcur-4,kernel_rope_neox_f32,0.005700,1792x16x1,64x1x1,128x28x16x1
Kcur-4,kernel_add_row,0.005600,2048x0x0,64x0x0,512x16x1x1
Kcur-4,kernel_rope_neox_f32,0.002700,256x16x1,64x1x1,128x4x16x1
Vcur-4,kernel_add_row,0.005700,2048x0x0,64x0x0,512x16x1x1
cache_k_l4 (view),kernel_set_rows_f16_i64,0.003900,8192x1x1,512x1x1,512x4096x1x1
cache_v_l4 (view),kernel_set_rows_f16_i64,0.002900,8192x1x1,512x1x1,512x4096x1x1
__fattn__-4,flash_attn_f32_f16,4.024400,32x28x0,32x1x0,128x28x16x1
ffn_inp-4,kernel_add,0.022900,1024x1x1,64x1x1,3584x16x1x1
ffn_norm-4,kernel_rms_norm_mul,0.009400,16384x1x1,1024x1x1,3584x16x1x1
l_out-4,kernel_add,0.025000,1024x1x1,64x1x1,3584x16x1x1
attn_norm-5,kernel_rms_norm_mul,0.009500,16384x1x1,1024x1x1,3584x16x1x1
Qcur-5,kernel_add_row,0.008200,14336x0x0,64x0x0,3584x16x1x1
Qcur-5,kernel_rope_neox_f32,0.005500,1792x16x1,64x1x1,128x28x16x1
Kcur-5,kernel_add_row,0.005800,2048x0x0,64x0x0,512x16x1x1
Kcur-5,kernel_rope_neox_f32,0.002800,256x16x1,64x1x1,128x4x16x1
node_182,kernel_mul_mv_q6_K_f32,0.954400,512x1024x1,2x64x1,512x16x1x1
Vcur-5,kernel_add_row,0.002600,2048x0x0,64x0x0,512x16x1x1
cache_k_l5 (view),kernel_set_rows_f16_i64,0.003700,8192x1x1,512x1x1,512x4096x1x1
cache_v_l5 (view),kernel_set_rows_f16_i64,0.002800,8192x1x1,512x1x1,512x4096x1x1
__fattn__-5,flash_attn_f32_f16,4.018900,32x28x0,32x1x0,128x28x16x1
ffn_inp-5,kernel_add,0.023700,1024x1x1,64x1x1,3584x16x1x1
ffn_norm-5,kernel_rms_norm_mul,0.009200,16384x1x1,1024x1x1,3584x16x1x1
ffn_swiglu-5,kernel_swiglu,0.048700,8192x1x1,512x1x1,18944x16x1x1
ffn_out-5,kernel_mul_mv_q6_K_f32,34.465900,3584x1024x1,2x64x1,3584x16x1x1
l_out-5,kernel_add,0.023400,1024x1x1,64x1x1,3584x16x1x1
attn_norm-6,kernel_rms_norm_mul,0.009600,16384x1x1,1024x1x1,3584x16x1x1
Qcur-6,kernel_add_row,0.012100,14336x0x0,64x0x0,3584x16x1x1
Qcur-6,kernel_rope_neox_f32,0.010600,1792x16x1,64x1x1,128x28x16x1
Kcur-6,kernel_add_row,0.005500,2048x0x0,64x0x0,512x16x1x1
Kcur-6,kernel_rope_neox_f32,0.002700,256x16x1,64x1x1,128x4x16x1
Vcur-6,kernel_add_row,0.005600,2048x0x0,64x0x0,512x16x1x1
cache_k_l6 (view),kernel_set_rows_f16_i64,0.004100,8192x1x1,512x1x1,512x4096x1x1
cache_v_l6 (view),kernel_set_rows_f16_i64,0.003000,8192x1x1,512x1x1,512x4096x1x1
__fattn__-6,flash_attn_f32_f16,4.062000,32x28x0,32x1x0,128x28x16x1
ffn_inp-6,kernel_add,0.024600,1024x1x1,64x1x1,3584x16x1x1
ffn_norm-6,kernel_rms_norm_mul,0.009100,16384x1x1,1024x1x1,3584x16x1x1
l_out-6,kernel_add,0.025000,1024x1x1,64x1x1,3584x16x1x1
attn_norm-7,kernel_rms_norm_mul,0.009500,16384x1x1,1024x1x1,3584x16x1x1
Qcur-7,kernel_add_row,0.008300,14336x0x0,64x0x0,3584x16x1x1
Qcur-7,kernel_rope_neox_f32,0.005600,1792x16x1,64x1x1,128x28x16x1
Kcur-7,kernel_add_row,0.005600,2048x0x0,64x0x0,512x16x1x1
Kcur-7,kernel_rope_neox_f32,0.002900,256x16x1,64x1x1,128x4x16x1
Vcur-7,kernel_add_row,0.005600,2048x0x0,64x0x0,512x16x1x1
cache_k_l7 (view),kernel_set_rows_f16_i64,0.004000,8192x1x1,512x1x1,512x4096x1x1
cache_v_l7 (view),kernel_set_rows_f16_i64,0.002900,8192x1x1,512x1x1,512x4096x1x1
__fattn__-7,flash_attn_f32_f16,4.112600,32x28x0,32x1x0,128x28x16x1
ffn_inp-7,kernel_add,0.023200,1024x1x1,64x1x1,3584x16x1x1
ffn_norm-7,kernel_rms_norm_mul,0.009300,16384x1x1,1024x1x1,3584x16x1x1
l_out-7,kernel_add,0.025300,1024x1x1,64x1x1,3584x16x1x1
attn_norm-8,kernel_rms_norm_mul,0.009600,16384x1x1,1024x1x1,3584x16x1x1
Qcur-8,kernel_add_row,0.007900,14336x0x0,64x0x0,3584x16x1x1
Qcur-8,kernel_rope_neox_f32,0.005600,1792x16x1,64x1x1,128x28x16x1
Kcur-8,kernel_add_row,0.005600,2048x0x0,64x0x0,512x16x1x1
Kcur-8,kernel_rope_neox_f32,0.002800,256x16x1,64x1x1,128x4x16x1
node_284,kernel_mul_mv_q6_K_f32,0.956700,512x1024x1,2x64x1,512x16x1x1
Vcur-8,kernel_add_row,0.002500,2048x0x0,64x0x0,512x16x1x1
cache_k_l8 (view),kernel_set_rows_f16_i64,0.003600,8192x1x1,512x1x1,512x4096x1x1
cache_v_l8 (view),kernel_set_rows_f16_i64,0.002800,8192x1x1,512x1x1,512x4096x1x1
__fattn__-8,flash_attn_f32_f16,4.015600,32x28x0,32x1x0,128x28x16x1
ffn_inp-8,kernel_add,0.023900,1024x1x1,64x1x1,3584x16x1x1
ffn_norm-8,kernel_rms_norm_mul,0.009100,16384x1x1,1024x1x1,3584x16x1x1
ffn_swiglu-8,kernel_swiglu,0.049600,8192x1x1,512x1x1,18944x16x1x1
ffn_out-8,kernel_mul_mv_q6_K_f32,33.997501,3584x1024x1,2x64x1,3584x16x1x1
l_out-8,kernel_add,0.023500,1024x1x1,64x1x1,3584x16x1x1
attn_norm-9,kernel_rms_norm_mul,0.009400,16384x1x1,1024x1x1,3584x16x1x1
Qcur-9,kernel_add_row,0.012000,14336x0x0,64x0x0,3584x16x1x1
Qcur-9,kernel_rope_neox_f32,0.010700,1792x16x1,64x1x1,128x28x16x1
Kcur-9,kernel_add_row,0.005600,2048x0x0,64x0x0,512x16x1x1
Kcur-9,kernel_rope_neox_f32,0.002700,256x16x1,64x1x1,128x4x16x1
Vcur-9,kernel_add_row,0.005700,2048x0x0,64x0x0,512x16x1x1
cache_k_l9 (view),kernel_set_rows_f16_i64,0.004000,8192x1x1,512x1x1,512x4096x1x1
cache_v_l9 (view),kernel_set_rows_f16_i64,0.002700,8192x1x1,512x1x1,512x4096x1x1
__fattn__-9,flash_attn_f32_f16,4.080300,32x28x0,32x1x0,128x28x16x1
ffn_inp-9,kernel_add,0.024100,1024x1x1,64x1x1,3584x16x1x1
ffn_norm-9,kernel_rms_norm_mul,0.009200,16384x1x1,1024x1x1,3584x16x1x1
l_out-9,kernel_add,0.025300,1024x1x1,64x1x1,3584x16x1x1
attn_norm-10,kernel_rms_norm_mul,0.009600,16384x1x1,1024x1x1,3584x16x1x1
Qcur-10,kernel_add_row,0.008100,14336x0x0,64x0x0,3584x16x1x1
Qcur-10,kernel_rope_neox_f32,0.005600,1792x16x1,64x1x1,128x28x16x1
Kcur-10,kernel_add_row,0.005800,2048x0x0,64x0x0,512x16x1x1
Kcur-10,kernel_rope_neox_f32,0.002800,256x16x1,64x1x1,128x4x16x1
Vcur-10,kernel_add_row,0.005600,2048x0x0,64x0x0,512x16x1x1
cache_k_l10 (view),kernel_set_rows_f16_i64,0.004100,8192x1x1,512x1x1,512x4096x1x1
cache_v_l10 (view),kernel_set_rows_f16_i64,0.003000,8192x1x1,512x1x1,512x4096x1x1
__fattn__-10,flash_attn_f32_f16,4.027500,32x28x0,32x1x0,128x28x16x1
ffn_inp-10,kernel_add,0.023300,1024x1x1,64x1x1,3584x16x1x1
ffn_norm-10,kernel_rms_norm_mul,0.009200,16384x1x1,1024x1x1,3584x16x1x1
l_out-10,kernel_add,0.024700,1024x1x1,64x1x1,3584x16x1x1
attn_norm-11,kernel_rms_norm_mul,0.009500,16384x1x1,1024x1x1,3584x16x1x1
Qcur-11,kernel_add_row,0.007900,14336x0x0,64x0x0,3584x16x1x1
Qcur-11,kernel_rope_neox_f32,0.005500,1792x16x1,64x1x1,128x28x16x1
Kcur-11,kernel_add_row,0.005700,2048x0x0,64x0x0,512x16x1x1
Kcur-11,kernel_rope_neox_f32,0.002700,256x16x1,64x1x1,128x4x16x1
node_386,kernel_mul_mv_q6_K_f32,0.953600,512x1024x1,2x64x1,512x16x1x1
Vcur-11,kernel_add_row,0.002500,2048x0x0,64x0x0,512x16x1x1
cache_k_l11 (view),kernel_set_rows_f16_i64,0.003800,8192x1x1,512x1x1,512x4096x1x1
cache_v_l11 (view),kernel_set_rows_f16_i64,0.002900,8192x1x1,512x1x1,512x4096x1x1
__fattn__-11,flash_attn_f32_f16,4.088300,32x28x0,32x1x0,128x28x16x1
ffn_inp-11,kernel_add,0.024400,1024x1x1,64x1x1,3584x16x1x1
ffn_norm-11,kernel_rms_norm_mul,0.009200,16384x1x1,1024x1x1,3584x16x1x1
ffn_swiglu-11,kernel_swiglu,0.049300,8192x1x1,512x1x1,18944x16x1x1
ffn_out-11,kernel_mul_mv_q6_K_f32,33.134998,3584x1024x1,2x64x1,3584x16x1x1
l_out-11,kernel_add,0.023100,1024x1x1,64x1x1,3584x16x1x1
attn_norm-12,kernel_rms_norm_mul,0.009400,16384x1x1,1024x1x1,3584x16x1x1
Qcur-12,kernel_add_row,0.009100,14336x0x0,64x0x0,3584x16x1x1
Qcur-12,kernel_rope_neox_f32,0.005500,1792x16x1,64x1x1,128x28x16x1
Kcur-12,kernel_add_row,0.005600,2048x0x0,64x0x0,512x16x1x1
Kcur-12,kernel_rope_neox_f32,0.002700,256x16x1,64x1x1,128x4x16x1
Vcur-12,kernel_add_row,0.005600,2048x0x0,64x0x0,512x16x1x1
cache_k_l12 (view),kernel_set_rows_f16_i64,0.003900,8192x1x1,512x1x1,512x4096x1x1
cache_v_l12 (view),kernel_set_rows_f16_i64,0.002800,8192x1x1,512x1x1,512x4096x1x1
__fattn__-12,flash_attn_f32_f16,3.978100,32x28x0,32x1x0,128x28x16x1
ffn_inp-12,kernel_add,0.027000,1024x1x1,64x1x1,3584x16x1x1
ffn_norm-12,kernel_rms_norm_mul,0.009300,16384x1x1,1024x1x1,3584x16x1x1
l_out-12,kernel_add,0.025200,1024x1x1,64x1x1,3584x16x1x1
attn_norm-13,kernel_rms_norm_mul,0.009700,16384x1x1,1024x1x1,3584x16x1x1
Qcur-13,kernel_add_row,0.008300,14336x0x0,64x0x0,3584x16x1x1
Qcur-13,kernel_rope_neox_f32,0.005600,1792x16x1,64x1x1,128x28x16x1
Kcur-13,kernel_add_row,0.005600,2048x0x0,64x0x0,512x16x1x1
Kcur-13,kernel_rope_neox_f32,0.002800,256x16x1,64x1x1,128x4x16x1
Vcur-13,kernel_add_row,0.005500,2048x0x0,64x0x0,512x16x1x1
cache_k_l13 (view),kernel_set_rows_f16_i64,0.003900,8192x1x1,512x1x1,512x4096x1x1
cache_v_l13 (view),kernel_set_rows_f16_i64,0.002800,8192x1x1,512x1x1,512x4096x1x1
__fattn__-13,flash_attn_f32_f16,4.084200,32x28x0,32x1x0,128x28x16x1
ffn_inp-13,kernel_add,0.023200,1024x1x1,64x1x1,3584x16x1x1
ffn_norm-13,kernel_rms_norm_mul,0.009300,16384x1x1,1024x1x1,3584x16x1x1
l_out-13,kernel_add,0.024600,1024x1x1,64x1x1,3584x16x1x1
attn_norm-14,kernel_rms_norm_mul,0.009600,16384x1x1,1024x1x1,3584x16x1x1
Qcur-14,kernel_add_row,0.008400,14336x0x0,64x0x0,3584x16x1x1
Qcur-14,kernel_rope_neox_f32,0.005600,1792x16x1,64x1x1,128x28x16x1
Kcur-14,kernel_add_row,0.005600,2048x0x0,64x0x0,512x16x1x1
Kcur-14,kernel_rope_neox_f32,0.002800,256x16x1,64x1x1,128x4x16x1
node_488,kernel_mul_mv_q6_K_f32,0.952000,512x1024x1,2x64x1,512x16x1x1
Vcur-14,kernel_add_row,0.002200,2048x0x0,64x0x0,512x16x1x1
cache_k_l14 (view),kernel_set_rows_f16_i64,0.003700,8192x1x1,512x1x1,512x4096x1x1
cache_v_l14 (view),kernel_set_rows_f16_i64,0.002800,8192x1x1,512x1x1,512x4096x1x1
__fattn__-14,flash_attn_f32_f16,4.037100,32x28x0,32x1x0,128x28x16x1
ffn_inp-14,kernel_add,0.023600,1024x1x1,64x1x1,3584x16x1x1
ffn_norm-14,kernel_rms_norm_mul,0.009100,16384x1x1,1024x1x1,3584x16x1x1
ffn_swiglu-14,kernel_swiglu,0.050100,8192x1x1,512x1x1,18944x16x1x1
ffn_out-14,kernel_mul_mv_q6_K_f32,33.120899,3584x1024x1,2x64x1,3584x16x1x1
l_out-14,kernel_add,0.023200,1024x1x1,64x1x1,3584x16x1x1
attn_norm-15,kernel_rms_norm_mul,0.009500,16384x1x1,1024x1x1,3584x16x1x1
Qcur-15,kernel_add_row,0.008800,14336x0x0,64x0x0,3584x16x1x1
Qcur-15,kernel_rope_neox_f32,0.005600,1792x16x1,64x1x1,128x28x16x1
Kcur-15,kernel_add_row,0.005700,2048x0x0,64x0x0,512x16x1x1
Kcur-15,kernel_rope_neox_f32,0.002800,256x16x1,64x1x1,128x4x16x1
Vcur-15,kernel_add_row,0.005700,2048x0x0,64x0x0,512x16x1x1
cache_k_l15 (view),kernel_set_rows_f16_i64,0.003800,8192x1x1,512x1x1,512x4096x1x1
cache_v_l15 (view),kernel_set_rows_f16_i64,0.002800,8192x1x1,512x1x1,512x4096x1x1
__fattn__-15,flash_attn_f32_f16,4.044900,32x28x0,32x1x0,128x28x16x1
ffn_inp-15,kernel_add,0.024200,1024x1x1,64x1x1,3584x16x1x1
ffn_norm-15,kernel_rms_norm_mul,0.009100,16384x1x1,1024x1x1,3584x16x1x1
l_out-15,kernel_add,0.024800,1024x1x1,64x1x1,3584x16x1x1
attn_norm-16,kernel_rms_norm_mul,0.009500,16384x1x1,1024x1x1,3584x16x1x1
Qcur-16,kernel_add_row,0.008000,14336x0x0,64x0x0,3584x16x1x1
Qcur-16,kernel_rope_neox_f32,0.005600,1792x16x1,64x1x1,128x28x16x1
Kcur-16,kernel_add_row,0.005600,2048x0x0,64x0x0,512x16x1x1
Kcur-16,kernel_rope_neox_f32,0.002800,256x16x1,64x1x1,128x4x16x1
Vcur-16,kernel_add_row,0.005700,2048x0x0,64x0x0,512x16x1x1
cache_k_l16 (view),kernel_set_rows_f16_i64,0.003900,8192x1x1,512x1x1,512x4096x1x1
cache_v_l16 (view),kernel_set_rows_f16_i64,0.002800,8192x1x1,512x1x1,512x4096x1x1
__fattn__-16,flash_attn_f32_f16,3.987100,32x28x0,32x1x0,128x28x16x1
ffn_inp-16,kernel_add,0.023000,1024x1x1,64x1x1,3584x16x1x1
ffn_norm-16,kernel_rms_norm_mul,0.009100,16384x1x1,1024x1x1,3584x16x1x1
l_out-16,kernel_add,0.024800,1024x1x1,64x1x1,3584x16x1x1
attn_norm-17,kernel_rms_norm_mul,0.009500,16384x1x1,1024x1x1,3584x16x1x1
Qcur-17,kernel_add_row,0.008300,14336x0x0,64x0x0,3584x16x1x1
Qcur-17,kernel_rope_neox_f32,0.005600,1792x16x1,64x1x1,128x28x16x1
Kcur-17,kernel_add_row,0.005800,2048x0x0,64x0x0,512x16x1x1
Kcur-17,kernel_rope_neox_f32,0.002700,256x16x1,64x1x1,128x4x16x1
node_590,kernel_mul_mv_q6_K_f32,0.953600,512x1024x1,2x64x1,512x16x1x1
Vcur-17,kernel_add_row,0.002600,2048x0x0,64x0x0,512x16x1x1
cache_k_l17 (view),kernel_set_rows_f16_i64,0.003700,8192x1x1,512x1x1,512x4096x1x1
cache_v_l17 (view),kernel_set_rows_f16_i64,0.002900,8192x1x1,512x1x1,512x4096x1x1
__fattn__-17,flash_attn_f32_f16,3.986100,32x28x0,32x1x0,128x28x16x1
ffn_inp-17,kernel_add,0.023800,1024x1x1,64x1x1,3584x16x1x1
ffn_norm-17,kernel_rms_norm_mul,0.009200,16384x1x1,1024x1x1,3584x16x1x1
ffn_swiglu-17,kernel_swiglu,0.051200,8192x1x1,512x1x1,18944x16x1x1
ffn_out-17,kernel_mul_mv_q6_K_f32,33.148602,3584x1024x1,2x64x1,3584x16x1x1
l_out-17,kernel_add,0.023800,1024x1x1,64x1x1,3584x16x1x1
attn_norm-18,kernel_rms_norm_mul,0.009300,16384x1x1,1024x1x1,3584x16x1x1
Qcur-18,kernel_add_row,0.007800,14336x0x0,64x0x0,3584x16x1x1
Qcur-18,kernel_rope_neox_f32,0.005500,1792x16x1,64x1x1,128x28x16x1
Kcur-18,kernel_add_row,0.005500,2048x0x0,64x0x0,512x16x1x1
Kcur-18,kernel_rope_neox_f32,0.002700,256x16x1,64x1x1,128x4x16x1
Vcur-18,kernel_add_row,0.005500,2048x0x0,64x0x0,512x16x1x1
cache_k_l18 (view),kernel_set_rows_f16_i64,0.003900,8192x1x1,512x1x1,512x4096x1x1
cache_v_l18 (view),kernel_set_rows_f16_i64,0.002800,8192x1x1,512x1x1,512x4096x1x1
__fattn__-18,flash_attn_f32_f16,4.069300,32x28x0,32x1x0,128x28x16x1
ffn_inp-18,kernel_add,0.024400,1024x1x1,64x1x1,3584x16x1x1
ffn_norm-18,kernel_rms_norm_mul,0.009300,16384x1x1,1024x1x1,3584x16x1x1
l_out-18,kernel_add,0.024800,1024x1x1,64x1x1,3584x16x1x1
attn_norm-19,kernel_rms_norm_mul,0.009500,16384x1x1,1024x1x1,3584x16x1x1
Qcur-19,kernel_add_row,0.007800,14336x0x0,64x0x0,3584x16x1x1
Qcur-19,kernel_rope_neox_f32,0.005500,1792x16x1,64x1x1,128x28x16x1
Kcur-19,kernel_add_row,0.005600,2048x0x0,64x0x0,512x16x1x1
Kcur-19,kernel_rope_neox_f32,0.002700,256x16x1,64x1x1,128x4x16x1
Vcur-19,kernel_add_row,0.005600,2048x0x0,64x0x0,512x16x1x1
cache_k_l19 (view),kernel_set_rows_f16_i64,0.003900,8192x1x1,512x1x1,512x4096x1x1
cache_v_l19 (view),kernel_set_rows_f16_i64,0.002800,8192x1x1,512x1x1,512x4096x1x1
__fattn__-19,flash_attn_f32_f16,4.062000,32x28x0,32x1x0,128x28x16x1
ffn_inp-19,kernel_add,0.023900,1024x1x1,64x1x1,3584x16x1x1
ffn_norm-19,kernel_rms_norm_mul,0.009100,16384x1x1,1024x1x1,3584x16x1x1
l_out-19,kernel_add,0.024600,1024x1x1,64x1x1,3584x16x1x1
attn_norm-20,kernel_rms_norm_mul,0.009500,16384x1x1,1024x1x1,3584x16x1x1
Qcur-20,kernel_add_row,0.008100,14336x0x0,64x0x0,3584x16x1x1
Qcur-20,kernel_rope_neox_f32,0.005500,1792x16x1,64x1x1,128x28x16x1
Kcur-20,kernel_add_row,0.005700,2048x0x0,64x0x0,512x16x1x1
Kcur-20,kernel_rope_neox_f32,0.002700,256x16x1,64x1x1,128x4x16x1
node_692,kernel_mul_mv_q6_K_f32,0.953700,512x1024x1,2x64x1,512x16x1x1
Vcur-20,kernel_add_row,0.002600,2048x0x0,64x0x0,512x16x1x1
cache_k_l20 (view),kernel_set_rows_f16_i64,0.003700,8192x1x1,512x1x1,512x4096x1x1
cache_v_l20 (view),kernel_set_rows_f16_i64,0.003000,8192x1x1,512x1x1,512x4096x1x1
__fattn__-20,flash_attn_f32_f16,4.036200,32x28x0,32x1x0,128x28x16x1
ffn_inp-20,kernel_add,0.023900,1024x1x1,64x1x1,3584x16x1x1
ffn_norm-20,kernel_rms_norm_mul,0.009100,16384x1x1,1024x1x1,3584x16x1x1
ffn_swiglu-20,kernel_swiglu,0.049700,8192x1x1,512x1x1,18944x16x1x1
ffn_out-20,kernel_mul_mv_q6_K_f32,33.155701,3584x1024x1,2x64x1,3584x16x1x1
l_out-20,kernel_add,0.023100,1024x1x1,64x1x1,3584x16x1x1
attn_norm-21,kernel_rms_norm_mul,0.009500,16384x1x1,1024x1x1,3584x16x1x1
Qcur-21,kernel_add_row,0.009300,14336x0x0,64x0x0,3584x16x1x1
Qcur-21,kernel_rope_neox_f32,0.005600,1792x16x1,64x1x1,128x28x16x1
Kcur-21,kernel_add_row,0.005700,2048x0x0,64x0x0,512x16x1x1
Kcur-21,kernel_rope_neox_f32,0.002700,256x16x1,64x1x1,128x4x16x1
Vcur-21,kernel_add_row,0.005700,2048x0x0,64x0x0,512x16x1x1
cache_k_l21 (view),kernel_set_rows_f16_i64,0.004000,8192x1x1,512x1x1,512x4096x1x1
cache_v_l21 (view),kernel_set_rows_f16_i64,0.002800,8192x1x1,512x1x1,512x4096x1x1
__fattn__-21,flash_attn_f32_f16,4.016600,32x28x0,32x1x0,128x28x16x1
ffn_inp-21,kernel_add,0.024200,1024x1x1,64x1x1,3584x16x1x1
ffn_norm-21,kernel_rms_norm_mul,0.009100,16384x1x1,1024x1x1,3584x16x1x1
l_out-21,kernel_add,0.024900,1024x1x1,64x1x1,3584x16x1x1
attn_norm-22,kernel_rms_norm_mul,0.009500,16384x1x1,1024x1x1,3584x16x1x1
Qcur-22,kernel_add_row,0.008200,14336x0x0,64x0x0,3584x16x1x1
Qcur-22,kernel_rope_neox_f32,0.005500,1792x16x1,64x1x1,128x28x16x1
Kcur-22,kernel_add_row,0.005700,2048x0x0,64x0x0,512x16x1x1
Kcur-22,kernel_rope_neox_f32,0.003000,256x16x1,64x1x1,128x4x16x1
Vcur-22,kernel_add_row,0.005600,2048x0x0,64x0x0,512x16x1x1
cache_k_l22 (view),kernel_set_rows_f16_i64,0.004000,8192x1x1,512x1x1,512x4096x1x1
cache_v_l22 (view),kernel_set_rows_f16_i64,0.002900,8192x1x1,512x1x1,512x4096x1x1
__fattn__-22,flash_attn_f32_f16,4.071200,32x28x0,32x1x0,128x28x16x1
ffn_inp-22,kernel_add,0.023500,1024x1x1,64x1x1,3584x16x1x1
ffn_norm-22,kernel_rms_norm_mul,0.009300,16384x1x1,1024x1x1,3584x16x1x1
l_out-22,kernel_add,0.025300,1024x1x1,64x1x1,3584x16x1x1
attn_norm-23,kernel_rms_norm_mul,0.009600,16384x1x1,1024x1x1,3584x16x1x1
Qcur-23,kernel_add_row,0.008200,14336x0x0,64x0x0,3584x16x1x1
Qcur-23,kernel_rope_neox_f32,0.005400,1792x16x1,64x1x1,128x28x16x1
Kcur-23,kernel_add_row,0.005800,2048x0x0,64x0x0,512x16x1x1
Kcur-23,kernel_rope_neox_f32,0.002800,256x16x1,64x1x1,128x4x16x1
node_794,kernel_mul_mv_q6_K_f32,0.953200,512x1024x1,2x64x1,512x16x1x1
Vcur-23,kernel_add_row,0.002500,2048x0x0,64x0x0,512x16x1x1
cache_k_l23 (view),kernel_set_rows_f16_i64,0.004000,8192x1x1,512x1x1,512x4096x1x1
cache_v_l23 (view),kernel_set_rows_f16_i64,0.002800,8192x1x1,512x1x1,512x4096x1x1
__fattn__-23,flash_attn_f32_f16,4.037500,32x28x0,32x1x0,128x28x16x1
ffn_inp-23,kernel_add,0.024200,1024x1x1,64x1x1,3584x16x1x1
ffn_norm-23,kernel_rms_norm_mul,0.009200,16384x1x1,1024x1x1,3584x16x1x1
ffn_swiglu-23,kernel_swiglu,0.049900,8192x1x1,512x1x1,18944x16x1x1
ffn_out-23,kernel_mul_mv_q6_K_f32,33.148800,3584x1024x1,2x64x1,3584x16x1x1
l_out-23,kernel_add,0.023000,1024x1x1,64x1x1,3584x16x1x1
attn_norm-24,kernel_rms_norm_mul,0.009400,16384x1x1,1024x1x1,3584x16x1x1
Qcur-24,kernel_add_row,0.008200,14336x0x0,64x0x0,3584x16x1x1
Qcur-24,kernel_rope_neox_f32,0.005500,1792x16x1,64x1x1,128x28x16x1
Kcur-24,kernel_add_row,0.005600,2048x0x0,64x0x0,512x16x1x1
Kcur-24,kernel_rope_neox_f32,0.002800,256x16x1,64x1x1,128x4x16x1
node_828,kernel_mul_mv_q6_K_f32,0.952400,512x1024x1,2x64x1,512x16x1x1
Vcur-24,kernel_add_row,0.002500,2048x0x0,64x0x0,512x16x1x1
cache_k_l24 (view),kernel_set_rows_f16_i64,0.003800,8192x1x1,512x1x1,512x4096x1x1
cache_v_l24 (view),kernel_set_rows_f16_i64,0.002800,8192x1x1,512x1x1,512x4096x1x1
__fattn__-24,flash_attn_f32_f16,4.071200,32x28x0,32x1x0,128x28x16x1
ffn_inp-24,kernel_add,0.024800,1024x1x1,64x1x1,3584x16x1x1
ffn_norm-24,kernel_rms_norm_mul,0.009200,16384x1x1,1024x1x1,3584x16x1x1
ffn_swiglu-24,kernel_swiglu,0.049500,8192x1x1,512x1x1,18944x16x1x1
ffn_out-24,kernel_mul_mv_q6_K_f32,33.111099,3584x1024x1,2x64x1,3584x16x1x1
l_out-24,kernel_add,0.023200,1024x1x1,64x1x1,3584x16x1x1
attn_norm-25,kernel_rms_norm_mul,0.009300,16384x1x1,1024x1x1,3584x16x1x1
Qcur-25,kernel_add_row,0.008100,14336x0x0,64x0x0,3584x16x1x1
Qcur-25,kernel_rope_neox_f32,0.005600,1792x16x1,64x1x1,128x28x16x1
Kcur-25,kernel_add_row,0.005700,2048x0x0,64x0x0,512x16x1x1
Kcur-25,kernel_rope_neox_f32,0.002700,256x16x1,64x1x1,128x4x16x1
node_862,kernel_mul_mv_q6_K_f32,0.954500,512x1024x1,2x64x1,512x16x1x1
Vcur-25,kernel_add_row,0.002500,2048x0x0,64x0x0,512x16x1x1
cache_k_l25 (view),kernel_set_rows_f16_i64,0.003700,8192x1x1,512x1x1,512x4096x1x1
cache_v_l25 (view),kernel_set_rows_f16_i64,0.002900,8192x1x1,512x1x1,512x4096x1x1
__fattn__-25,flash_attn_f32_f16,4.111000,32x28x0,32x1x0,128x28x16x1
ffn_inp-25,kernel_add,0.024200,1024x1x1,64x1x1,3584x16x1x1
ffn_norm-25,kernel_rms_norm_mul,0.009100,16384x1x1,1024x1x1,3584x16x1x1
ffn_swiglu-25,kernel_swiglu,0.049300,8192x1x1,512x1x1,18944x16x1x1
ffn_out-25,kernel_mul_mv_q6_K_f32,33.157902,3584x1024x1,2x64x1,3584x16x1x1
l_out-25,kernel_add,0.023200,1024x1x1,64x1x1,3584x16x1x1
attn_norm-26,kernel_rms_norm_mul,0.009400,16384x1x1,1024x1x1,3584x16x1x1
Qcur-26,kernel_add_row,0.007800,14336x0x0,64x0x0,3584x16x1x1
Qcur-26,kernel_rope_neox_f32,0.005500,1792x16x1,64x1x1,128x28x16x1
Kcur-26,kernel_add_row,0.005700,2048x0x0,64x0x0,512x16x1x1
Kcur-26,kernel_rope_neox_f32,0.002700,256x16x1,64x1x1,128x4x16x1
node_896,kernel_mul_mv_q6_K_f32,0.955000,512x1024x1,2x64x1,512x16x1x1
Vcur-26,kernel_add_row,0.002400,2048x0x0,64x0x0,512x16x1x1
cache_k_l26 (view),kernel_set_rows_f16_i64,0.003600,8192x1x1,512x1x1,512x4096x1x1
cache_v_l26 (view),kernel_set_rows_f16_i64,0.002800,8192x1x1,512x1x1,512x4096x1x1
__fattn__-26,flash_attn_f32_f16,4.048500,32x28x0,32x1x0,128x28x16x1
ffn_inp-26,kernel_add,0.024000,1024x1x1,64x1x1,3584x16x1x1
ffn_norm-26,kernel_rms_norm_mul,0.009200,16384x1x1,1024x1x1,3584x16x1x1
ffn_swiglu-26,kernel_swiglu,0.052500,8192x1x1,512x1x1,18944x16x1x1
ffn_out-26,kernel_mul_mv_q6_K_f32,33.070801,3584x1024x1,2x64x1,3584x16x1x1
l_out-26,kernel_add,0.023300,1024x1x1,64x1x1,3584x16x1x1
attn_norm-27,kernel_rms_norm_mul,0.009400,16384x1x1,1024x1x1,3584x16x1x1
Qcur-27,kernel_add_row,0.007800,14336x0x0,64x0x0,3584x16x1x1
Qcur-27,kernel_rope_neox_f32,0.005400,1792x16x1,64x1x1,128x28x16x1
Kcur-27,kernel_add_row,0.005700,2048x0x0,64x0x0,512x16x1x1
Kcur-27,kernel_rope_neox_f32,0.002700,256x16x1,64x1x1,128x4x16x1
node_930,kernel_mul_mv_q6_K_f32,0.954300,512x1024x1,2x64x1,512x16x1x1
Vcur-27,kernel_add_row,0.002200,2048x0x0,64x0x0,512x16x1x1
cache_k_l27 (view),kernel_set_rows_f16_i64,0.003400,8192x1x1,512x1x1,512x4096x1x1
cache_v_l27 (view),kernel_set_rows_f16_i64,0.002800,8192x1x1,512x1x1,512x4096x1x1
__fattn__-27,flash_attn_f32_f16,3.996400,32x28x0,32x1x0,128x28x16x1
attn_norm-0,kernel_rms_norm_mul,0.012600,16384x1x1,1024x1x1,3584x16x1x1
Qcur-0,kernel_add_row,0.008000,14336x0x0,64x0x0,3584x16x1x1
Qcur-0,kernel_rope_neox_f32,0.005600,1792x16x1,64x1x1,128x28x16x1
Kcur-0,kernel_add_row,0.005800,2048x0x0,64x0x0,512x16x1x1
Kcur-0,kernel_rope_neox_f32,0.002900,256x16x1,64x1x1,128x4x16x1
node_11,kernel_mul_mv_q6_K_f32,0.956100,512x1024x1,2x64x1,512x16x1x1
Vcur-0,kernel_add_row,0.002500,2048x0x0,64x0x0,512x16x1x1
cache_k_l0 (view),kernel_set_rows_f16_i64,0.003300,8192x1x1,512x1x1,512x4096x1x1
cache_v_l0 (view),kernel_set_rows_f16_i64,0.002800,8192x1x1,512x1x1,512x4096x1x1
 (copy),kernel_cpy_f32_f16,0.005600,4096x1x1,64x1x1,768x64x1x1
__fattn__-0,flash_attn_f32_f16,4.062400,32x28x0,32x1x0,128x28x16x1
ffn_inp-0,kernel_add,0.025300,1024x1x1,64x1x1,3584x16x1x1
ffn_norm-0,kernel_rms_norm_mul,0.009100,16384x1x1,1024x1x1,3584x16x1x1
ffn_swiglu-0,kernel_swiglu,0.049500,8192x1x1,512x1x1,18944x16x1x1
ffn_out-0,kernel_mul_mv_q6_K_f32,33.110401,3584x1024x1,2x64x1,3584x16x1x1
l_out-0,kernel_add,0.023200,1024x1x1,64x1x1,3584x16x1x1
attn_norm-1,kernel_rms_norm_mul,0.009400,16384x1x1,1024x1x1,3584x16x1x1
Qcur-1,kernel_add_row,0.007800,14336x0x0,64x0x0,3584x16x1x1
Qcur-1,kernel_rope_neox_f32,0.005700,1792x16x1,64x1x1,128x28x16x1
Kcur-1,kernel_add_row,0.005700,2048x0x0,64x0x0,512x16x1x1
Kcur-1,kernel_rope_neox_f32,0.002700,256x16x1,64x1x1,128x4x16x1
node_46,kernel_mul_mv_q6_K_f32,0.954100,512x1024x1,2x64x1,512x16x1x1
Vcur-1,kernel_add_row,0.002600,2048x0x0,64x0x0,512x16x1x1
cache_k_l1 (view),kernel_set_rows_f16_i64,0.003900,8192x1x1,512x1x1,512x4096x1x1
cache_v_l1 (view),kernel_set_rows_f16_i64,0.002900,8192x1x1,512x1x1,512x4096x1x1
__fattn__-1,flash_attn_f32_f16,4.075600,32x28x0,32x1x0,128x28x16x1
ffn_inp-1,kernel_add,0.024600,1024x1x1,64x1x1,3584x16x1x1
ffn_norm-1,kernel_rms_norm_mul,0.009100,16384x1x1,1024x1x1,3584x16x1x1
ffn_swiglu-1,kernel_swiglu,0.050100,8192x1x1,512x1x1,18944x16x1x1
ffn_out-1,kernel_mul_mv_q6_K_f32,33.143600,3584x1024x1,2x64x1,3584x16x1x1
l_out-1,kernel_add,0.023200,1024x1x1,64x1x1,3584x16x1x1
attn_norm-2,kernel_rms_norm_mul,0.009500,16384x1x1,1024x1x1,3584x16x1x1
Qcur-2,kernel_add_row,0.008100,14336x0x0,64x0x0,3584x16x1x1
Qcur-2,kernel_rope_neox_f32,0.005500,1792x16x1,64x1x1,128x28x16x1
Kcur-2,kernel_add_row,0.005600,2048x0x0,64x0x0,512x16x1x1
Kcur-2,kernel_rope_neox_f32,0.002600,256x16x1,64x1x1,128x4x16x1
node_80,kernel_mul_mv_q6_K_f32,0.956100,512x1024x1,2x64x1,512x16x1x1
Vcur-2,kernel_add_row,0.002500,2048x0x0,64x0x0,512x16x1x1
cache_k_l2 (view),kernel_set_rows_f16_i64,0.003700,8192x1x1,512x1x1,512x4096x1x1
cache_v_l2 (view),kernel_set_rows_f16_i64,0.003000,8192x1x1,512x1x1,512x4096x1x1
__fattn__-2,flash_attn_f32_f16,4.068200,32x28x0,32x1x0,128x28x16x1
ffn_inp-2,kernel_add,0.024300,1024x1x1,64x1x1,3584x16x1x1
ffn_norm-2,kernel_rms_norm_mul,0.009200,16384x1x1,1024x1x1,3584x16x1x1
ffn_swiglu-2,kernel_swiglu,0.048500,8192x1x1,512x1x1,18944x16x1x1
ffn_out-2,kernel_mul_mv_q6_K_f32,34.320702,3584x1024x1,2x64x1,3584x16x1x1
l_out-2,kernel_add,0.023000,1024x1x1,64x1x1,3584x16x1x1
attn_norm-3,kernel_rms_norm_mul,0.009600,16384x1x1,1024x1x1,3584x16x1x1
Qcur-3,kernel_add_row,0.011700,14336x0x0,64x0x0,3584x16x1x1
Qcur-3,kernel_rope_neox_f32,0.010500,1792x16x1,64x1x1,128x28x16x1
Kcur-3,kernel_add_row,0.005500,2048x0x0,64x0x0,512x16x1x1
Kcur-3,kernel_rope_neox_f32,0.002700,256x16x1,64x1x1,128x4x16x1
Vcur-3,kernel_add_row,0.005800,2048x0x0,64x0x0,512x16x1x1
cache_k_l3 (view),kernel_set_rows_f16_i64,0.004100,8192x1x1,512x1x1,512x4096x1x1
cache_v_l3 (view),kernel_set_rows_f16_i64,0.002800,8192x1x1,512x1x1,512x4096x1x1
__fattn__-3,flash_attn_f32_f16,4.065000,32x28x0,32x1x0,128x28x16x1
ffn_inp-3,kernel_add,0.024600,1024x1x1,64x1x1,3584x16x1x1
ffn_norm-3,kernel_rms_norm_mul,0.009200,16384x1x1,1024x1x1,3584x16x1x1
l_out-3,kernel_add,0.025200,1024x1x1,64x1x1,3584x16x1x1
attn_norm-4,kernel_rms_norm_mul,0.009400,16384x1x1,1024x1x1,3584x16x1x1
Qcur-4,kernel_add_row,0.008700,14336x0x0,64x0x0,3584x16x1x1
Qcur-4,kernel_rope_neox_f32,0.005600,1792x16x1,64x1x1,128x28x16x1
Kcur-4,kernel_add_row,0.005500,2048x0x0,64x0x0,512x16x1x1
Kcur-4,kernel_rope_neox_f32,0.002700,256x16x1,64x1x1,128x4x16x1
Vcur-4,kernel_add_row,0.005600,2048x0x0,64x0x0,512x16x1x1
cache_k_l4 (view),kernel_set_rows_f16_i64,0.004000,8192x1x1,512x1x1,512x4096x1x1
cache_v_l4 (view),kernel_set_rows_f16_i64,0.002800,8192x1x1,512x1x1,512x4096x1x1
__fattn__-4,flash_attn_f32_f16,4.129900,32x28x0,32x1x0,128x28x16x1
ffn_inp-4,kernel_add,0.023300,1024x1x1,64x1x1,3584x16x1x1
ffn_norm-4,kernel_rms_norm_mul,0.009200,16384x1x1,1024x1x1,3584x16x1x1
l_out-4,kernel_add,0.025000,1024x1x1,64x1x1,3584x16x1x1
attn_norm-5,kernel_rms_norm_mul,0.009600,16384x1x1,1024x1x1,3584x16x1x1
Qcur-5,kernel_add_row,0.008500,14336x0x0,64x0x0,3584x16x1x1
Qcur-5,kernel_rope_neox_f32,0.005500,1792x16x1,64x1x1,128x28x16x1
Kcur-5,kernel_add_row,0.005700,2048x0x0,64x0x0,512x16x1x1
Kcur-5,kernel_rope_neox_f32,0.002700,256x16x1,64x1x1,128x4x16x1
node_182,kernel_mul_mv_q6_K_f32,0.954200,512x1024x1,2x64x1,512x16x1x1
Vcur-5,kernel_add_row,0.002600,2048x0x0,64x0x0,512x16x1x1
cache_k_l5 (view),kernel_set_rows_f16_i64,0.003900,8192x1x1,512x1x1,512x4096x1x1
cache_v_l5 (view),kernel_set_rows_f16_i64,0.002800,8192x1x1,512x1x1,512x4096x1x1
__fattn__-5,flash_attn_f32_f16,4.070500,32x28x0,32x1x0,128x28x16x1
ffn_inp-5,kernel_add,0.023800,1024x1x1,64x1x1,3584x16x1x1
ffn_norm-5,kernel_rms_norm_mul,0.009100,16384x1x1,1024x1x1,3584x16x1x1
ffn_swiglu-5,kernel_swiglu,0.051800,8192x1x1,512x1x1,18944x16x1x1
ffn_out-5,kernel_mul_mv_q6_K_f32,34.503300,3584x1024x1,2x64x1,3584x16x1x1
l_out-5,kernel_add,0.023000,1024x1x1,64x1x1,3584x16x1x1
attn_norm-6,kernel_rms_norm_mul,0.009400,16384x1x1,1024x1x1,3584x16x1x1
Qcur-6,kernel_add_row,0.040900,14336x0x0,64x0x0,3584x16x1x1
Qcur-6,kernel_rope_neox_f32,0.006200,1792x16x1,64x1x1,128x28x16x1
Kcur-6,kernel_add_row,0.005600,2048x0x0,64x0x0,512x16x1x1
Kcur-6,kernel_rope_neox_f32,0.002800,256x16x1,64x1x1,128x4x16x1
Vcur-6,kernel_add_row,0.005700,2048x0x0,64x0x0,512x16x1x1
cache_k_l6 (view),kernel_set_rows_f16_i64,0.004000,8192x1x1,512x1x1,512x4096x1x1
cache_v_l6 (view),kernel_set_rows_f16_i64,0.002700,8192x1x1,512x1x1,512x4096x1x1
__fattn__-6,flash_attn_f32_f16,4.074600,32x28x0,32x1x0,128x28x16x1
ffn_inp-6,kernel_add,0.024300,1024x1x1,64x1x1,3584x16x1x1
ffn_norm-6,kernel_rms_norm_mul,0.009200,16384x1x1,1024x1x1,3584x16x1x1
l_out-6,kernel_add,0.025100,1024x1x1,64x1x1,3584x16x1x1
attn_norm-7,kernel_rms_norm_mul,0.009500,16384x1x1,1024x1x1,3584x16x1x1
Qcur-7,kernel_add_row,0.007900,14336x0x0,64x0x0,3584x16x1x1
Qcur-7,kernel_rope_neox_f32,0.005600,1792x16x1,64x1x1,128x28x16x1
Kcur-7,kernel_add_row,0.005800,2048x0x0,64x0x0,512x16x1x1
Kcur-7,kernel_rope_neox_f32,0.002700,256x16x1,64x1x1,128x4x16x1
Vcur-7,kernel_add_row,0.005600,2048x0x0,64x0x0,512x16x1x1
cache_k_l7 (view),kernel_set_rows_f16_i64,0.004000,8192x1x1,512x1x1,512x4096x1x1
cache_v_l7 (view),kernel_set_rows_f16_i64,0.002900,8192x1x1,512x1x1,512x4096x1x1
__fattn__-7,flash_attn_f32_f16,4.085600,32x28x0,32x1x0,128x28x16x1
ffn_inp-7,kernel_add,0.023400,1024x1x1,64x1x1,3584x16x1x1
ffn_norm-7,kernel_rms_norm_mul,0.009200,16384x1x1,1024x1x1,3584x16x1x1
l_out-7,kernel_add,0.025000,1024x1x1,64x1x1,3584x16x1x1
attn_norm-8,kernel_rms_norm_mul,0.009600,16384x1x1,1024x1x1,3584x16x1x1
Qcur-8,kernel_add_row,0.008300,14336x0x0,64x0x0,3584x16x1x1
Qcur-8,kernel_rope_neox_f32,0.005600,1792x16x1,64x1x1,128x28x16x1
Kcur-8,kernel_add_row,0.005700,2048x0x0,64x0x0,512x16x1x1
Kcur-8,kernel_rope_neox_f32,0.002700,256x16x1,64x1x1,128x4x16x1
node_284,kernel_mul_mv_q6_K_f32,0.955700,512x1024x1,2x64x1,512x16x1x1
Vcur-8,kernel_add_row,0.002500,2048x0x0,64x0x0,512x16x1x1
cache_k_l8 (view),kernel_set_rows_f16_i64,0.003700,8192x1x1,512x1x1,512x4096x1x1
cache_v_l8 (view),kernel_set_rows_f16_i64,0.002900,8192x1x1,512x1x1,512x4096x1x1
__fattn__-8,flash_attn_f32_f16,4.060700,32x28x0,32x1x0,128x28x16x1
ffn_inp-8,kernel_add,0.023700,1024x1x1,64x1x1,3584x16x1x1
ffn_norm-8,kernel_rms_norm_mul,0.009300,16384x1x1,1024x1x1,3584x16x1x1
ffn_swiglu-8,kernel_swiglu,0.048900,8192x1x1,512x1x1,18944x16x1x1
ffn_out-8,kernel_mul_mv_q6_K_f32,34.024300,3584x1024x1,2x64x1,3584x16x1x1
l_out-8,kernel_add,0.023600,1024x1x1,64x1x1,3584x16x1x1
attn_norm-9,kernel_rms_norm_mul,0.009400,16384x1x1,1024x1x1,3584x16x1x1
Qcur-9,kernel_add_row,0.012100,14336x0x0,64x0x0,3584x16x1x1
Qcur-9,kernel_rope_neox_f32,0.010700,1792x16x1,64x1x1,128x28x16x1
Kcur-9,kernel_add_row,0.005500,2048x0x0,64x0x0,512x16x1x1
Kcur-9,kernel_rope_neox_f32,0.002800,256x16x1,64x1x1,128x4x16x1
Vcur-9,kernel_add_row,0.005800,2048x0x0,64x0x0,512x16x1x1
cache_k_l9 (view),kernel_set_rows_f16_i64,0.004000,8192x1x1,512x1x1,512x4096x1x1
cache_v_l9 (view),kernel_set_rows_f16_i64,0.002900,8192x1x1,512x1x1,512x4096x1x1
__fattn__-9,flash_attn_f32_f16,4.072100,32x28x0,32x1x0,128x28x16x1
ffn_inp-9,kernel_add,0.024300,1024x1x1,64x1x1,3584x16x1x1
ffn_norm-9,kernel_rms_norm_mul,0.009300,16384x1x1,1024x1x1,3584x16x1x1
l_out-9,kernel_add,0.024800,1024x1x1,64x1x1,3584x16x1x1
attn_norm-10,kernel_rms_norm_mul,0.009700,16384x1x1,1024x1x1,3584x16x1x1
Qcur-10,kernel_add_row,0.007900,14336x0x0,64x0x0,3584x16x1x1
Qcur-10,kernel_rope_neox_f32,0.005600,1792x16x1,64x1x1,128x28x16x1
Kcur-10,kernel_add_row,0.005100,2048x0x0,64x0x0,512x16x1x1
Kcur-10,kernel_rope_neox_f32,0.002700,256x16x1,64x1x1,128x4x16x1
Vcur-10,kernel_add_row,0.005600,2048x0x0,64x0x0,512x16x1x1
cache_k_l10 (view),kernel_set_rows_f16_i64,0.004200,8192x1x1,512x1x1,512x4096x1x1
cache_v_l10 (view),kernel_set_rows_f16_i64,0.002800,8192x1x1,512x1x1,512x4096x1x1
__fattn__-10,flash_attn_f32_f16,4.079100,32x28x0,32x1x0,128x28x16x1
ffn_inp-10,kernel_add,0.023000,1024x1x1,64x1x1,3584x16x1x1
ffn_norm-10,kernel_rms_norm_mul,0.009200,16384x1x1,1024x1x1,3584x16x1x1
l_out-10,kernel_add,0.024800,1024x1x1,64x1x1,3584x16x1x1
attn_norm-11,kernel_rms_norm_mul,0.009500,16384x1x1,1024x1x1,3584x16x1x1
Qcur-11,kernel_add_row,0.007900,14336x0x0,64x0x0,3584x16x1x1
Qcur-11,kernel_rope_neox_f32,0.005400,1792x16x1,64x1x1,128x28x16x1
Kcur-11,kernel_add_row,0.005700,2048x0x0,64x0x0,512x16x1x1
Kcur-11,kernel_rope_neox_f32,0.002900,256x16x1,64x1x1,128x4x16x1
node_386,kernel_mul_mv_q6_K_f32,0.954100,512x1024x1,2x64x1,512x16x1x1
Vcur-11,kernel_add_row,0.002400,2048x0x0,64x0x0,512x16x1x1
cache_k_l11 (view),kernel_set_rows_f16_i64,0.003700,8192x1x1,512x1x1,512x4096x1x1
cache_v_l11 (view),kernel_set_rows_f16_i64,0.002900,8192x1x1,512x1x1,512x4096x1x1
__fattn__-11,flash_attn_f32_f16,4.064000,32x28x0,32x1x0,128x28x16x1
ffn_inp-11,kernel_add,0.024500,1024x1x1,64x1x1,3584x16x1x1
ffn_norm-11,kernel_rms_norm_mul,0.009300,16384x1x1,1024x1x1,3584x16x1x1
ffn_swiglu-11,kernel_swiglu,0.051200,8192x1x1,512x1x1,18944x16x1x1
ffn_out-11,kernel_mul_mv_q6_K_f32,33.177101,3584x1024x1,2x64x1,3584x16x1x1
l_out-11,kernel_add,0.023300,1024x1x1,64x1x1,3584x16x1x1
attn_norm-12,kernel_rms_norm_mul,0.009300,16384x1x1,1024x1x1,3584x16x1x1
Qcur-12,kernel_add_row,0.009300,14336x0x0,64x0x0,3584x16x1x1
Qcur-12,kernel_rope_neox_f32,0.005400,1792x16x1,64x1x1,128x28x16x1
Kcur-12,kernel_add_row,0.005600,2048x0x0,64x0x0,512x16x1x1
Kcur-12,kernel_rope_neox_f32,0.002700,256x16x1,64x1x1,128x4x16x1
Vcur-12,kernel_add_row,0.005800,2048x0x0,64x0x0,512x16x1x1
cache_k_l12 (view),kernel_set_rows_f16_i64,0.004000,8192x1x1,512x1x1,512x4096x1x1
cache_v_l12 (view),kernel_set_rows_f16_i64,0.002800,8192x1x1,512x1x1,512x4096x1x1
__fattn__-12,flash_attn_f32_f16,4.044600,32x28x0,32x1x0,128x28x16x1
ffn_inp-12,kernel_add,0.023900,1024x1x1,64x1x1,3584x16x1x1
ffn_norm-12,kernel_rms_norm_mul,0.009100,16384x1x1,1024x1x1,3584x16x1x1
l_out-12,kernel_add,0.025000,1024x1x1,64x1x1,3584x16x1x1
attn_norm-13,kernel_rms_norm_mul,0.009500,16384x1x1,1024x1x1,3584x16x1x1
Qcur-13,kernel_add_row,0.008100,14336x0x0,64x0x0,3584x16x1x1
Qcur-13,kernel_rope_neox_f32,0.005700,1792x16x1,64x1x1,128x28x16x1
Kcur-13,kernel_add_row,0.005600,2048x0x0,64x0x0,512x16x1x1
Kcur-13,kernel_rope_neox_f32,0.002800,256x16x1,64x1x1,128x4x16x1
Vcur-13,kernel_add_row,0.005700,2048x0x0,64x0x0,512x16x1x1
cache_k_l13 (view),kernel_set_rows_f16_i64,0.003900,8192x1x1,512x1x1,512x4096x1x1
cache_v_l13 (view),kernel_set_rows_f16_i64,0.002800,8192x1x1,512x1x1,512x4096x1x1
__fattn__-13,flash_attn_f32_f16,4.007700,32x28x0,32x1x0,128x28x16x1
ffn_inp-13,kernel_add,0.023200,1024x1x1,64x1x1,3584x16x1x1
ffn_norm-13,kernel_rms_norm_mul,0.009200,16384x1x1,1024x1x1,3584x16x1x1
l_out-13,kernel_add,0.025000,1024x1x1,64x1x1,3584x16x1x1
attn_norm-14,kernel_rms_norm_mul,0.009500,16384x1x1,1024x1x1,3584x16x1x1
Qcur-14,kernel_add_row,0.008100,14336x0x0,64x0x0,3584x16x1x1
Qcur-14,kernel_rope_neox_f32,0.005500,1792x16x1,64x1x1,128x28x16x1
Kcur-14,kernel_add_row,0.005600,2048x0x0,64x0x0,512x16x1x1
Kcur-14,kernel_rope_neox_f32,0.002700,256x16x1,64x1x1,128x4x16x1
node_488,kernel_mul_mv_q6_K_f32,0.954900,512x1024x1,2x64x1,512x16x1x1
Vcur-14,kernel_add_row,0.002500,2048x0x0,64x0x0,512x16x1x1
cache_k_l14 (view),kernel_set_rows_f16_i64,0.003600,8192x1x1,512x1x1,512x4096x1x1
cache_v_l14 (view),kernel_set_rows_f16_i64,0.002900,8192x1x1,512x1x1,512x4096x1x1
__fattn__-14,flash_attn_f32_f16,4.010000,32x28x0,32x1x0,128x28x16x1
ffn_inp-14,kernel_add,0.024300,1024x1x1,64x1x1,3584x16x1x1
ffn_norm-14,kernel_rms_norm_mul,0.009200,16384x1x1,1024x1x1,3584x16x1x1
ffn_swiglu-14,kernel_swiglu,0.048900,8192x1x1,512x1x1,18944x16x1x1
ffn_out-14,kernel_mul_mv_q6_K_f32,33.163601,3584x1024x1,2x64x1,3584x16x1x1
l_out-14,kernel_add,0.023300,1024x1x1,64x1x1,3584x16x1x1
attn_norm-15,kernel_rms_norm_mul,0.009400,16384x1x1,1024x1x1,3584x16x1x1
Qcur-15,kernel_add_row,0.008700,14336x0x0,64x0x0,3584x16x1x1
Qcur-15,kernel_rope_neox_f32,0.005400,1792x16x1,64x1x1,128x28x16x1
Kcur-15,kernel_add_row,0.005500,2048x0x0,64x0x0,512x16x1x1
Kcur-15,kernel_rope_neox_f32,0.002700,256x16x1,64x1x1,128x4x16x1
Vcur-15,kernel_add_row,0.005600,2048x0x0,64x0x0,512x16x1x1
cache_k_l15 (view),kernel_set_rows_f16_i64,0.003800,8192x1x1,512x1x1,512x4096x1x1
cache_v_l15 (view),kernel_set_rows_f16_i64,0.002800,8192x1x1,512x1x1,512x4096x1x1
__fattn__-15,flash_attn_f32_f16,4.075900,32x28x0,32x1x0,128x28x16x1
ffn_inp-15,kernel_add,0.024800,1024x1x1,64x1x1,3584x16x1x1
ffn_norm-15,kernel_rms_norm_mul,0.009200,16384x1x1,1024x1x1,3584x16x1x1
l_out-15,kernel_add,0.025100,1024x1x1,64x1x1,3584x16x1x1
attn_norm-16,kernel_rms_norm_mul,0.009500,16384x1x1,1024x1x1,3584x16x1x1
Qcur-16,kernel_add_row,0.008200,14336x0x0,64x0x0,3584x16x1x1
Qcur-16,kernel_rope_neox_f32,0.005500,1792x16x1,64x1x1,128x28x16x1
Kcur-16,kernel_add_row,0.005600,2048x0x0,64x0x0,512x16x1x1
Kcur-16,kernel_rope_neox_f32,0.002700,256x16x1,64x1x1,128x4x16x1
Vcur-16,kernel_add_row,0.005600,2048x0x0,64x0x0,512x16x1x1
cache_k_l16 (view),kernel_set_rows_f16_i64,0.003900,8192x1x1,512x1x1,512x4096x1x1
cache_v_l16 (view),kernel_set_rows_f16_i64,0.002700,8192x1x1,512x1x1,512x4096x1x1
__fattn__-16,flash_attn_f32_f16,4.012500,32x28x0,32x1x0,128x28x16x1
ffn_inp-16,kernel_add,0.023400,1024x1x1,64x1x1,3584x16x1x1
ffn_norm-16,kernel_rms_norm_mul,0.009300,16384x1x1,1024x1x1,3584x16x1x1
l_out-16,kernel_add,0.024800,1024x1x1,64x1x1,3584x16x1x1
attn_norm-17,kernel_rms_norm_mul,0.009800,16384x1x1,1024x1x1,3584x16x1x1
Qcur-17,kernel_add_row,0.008200,14336x0x0,64x0x0,3584x16x1x1
Qcur-17,kernel_rope_neox_f32,0.005500,1792x16x1,64x1x1,128x28x16x1
Kcur-17,kernel_add_row,0.005600,2048x0x0,64x0x0,512x16x1x1
Kcur-17,kernel_rope_neox_f32,0.002700,256x16x1,64x1x1,128x4x16x1
node_590,kernel_mul_mv_q6_K_f32,0.953500,512x1024x1,2x64x1,512x16x1x1
Vcur-17,kernel_add_row,0.002500,2048x0x0,64x0x0,512x16x1x1
cache_k_l17 (view),kernel_set_rows_f16_i64,0.003700,8192x1x1,512x1x1,512x4096x1x1
cache_v_l17 (view),kernel_set_rows_f16_i64,0.002800,8192x1x1,512x1x1,512x4096x1x1
__fattn__-17,flash_attn_f32_f16,4.062300,32x28x0,32x1x0,128x28x16x1
ffn_inp-17,kernel_add,0.024300,1024x1x1,64x1x1,3584x16x1x1
ffn_norm-17,kernel_rms_norm_mul,0.009100,16384x1x1,1024x1x1,3584x16x1x1
ffn_swiglu-17,kernel_swiglu,0.050900,8192x1x1,512x1x1,18944x16x1x1
ffn_out-17,kernel_mul_mv_q6_K_f32,33.111099,3584x1024x1,2x64x1,3584x16x1x1
l_out-17,kernel_add,0.023000,1024x1x1,64x1x1,3584x16x1x1
attn_norm-18,kernel_rms_norm_mul,0.009400,16384x1x1,1024x1x1,3584x16x1x1
Qcur-18,kernel_add_row,0.008000,14336x0x0,64x0x0,3584x16x1x1
Qcur-18,kernel_rope_neox_f32,0.005400,1792x16x1,64x1x1,128x28x16x1
Kcur-18,kernel_add_row,0.005600,2048x0x0,64x0x0,512x16x1x1
Kcur-18,kernel_rope_neox_f32,0.002700,256x16x1,64x1x1,128x4x16x1
Vcur-18,kernel_add_row,0.005700,2048x0x0,64x0x0,512x16x1x1
cache_k_l18 (view),kernel_set_rows_f16_i64,0.004000,8192x1x1,512x1x1,512x4096x1x1
cache_v_l18 (view),kernel_set_rows_f16_i64,0.002800,8192x1x1,512x1x1,512x4096x1x1
__fattn__-18,flash_attn_f32_f16,4.052900,32x28x0,32x1x0,128x28x16x1
ffn_inp-18,kernel_add,0.024500,1024x1x1,64x1x1,3584x16x1x1
ffn_norm-18,kernel_rms_norm_mul,0.009100,16384x1x1,1024x1x1,3584x16x1x1
l_out-18,kernel_add,0.025000,1024x1x1,64x1x1,3584x16x1x1
attn_norm-19,kernel_rms_norm_mul,0.009600,16384x1x1,1024x1x1,3584x16x1x1
Qcur-19,kernel_add_row,0.007900,14336x0x0,64x0x0,3584x16x1x1
Qcur-19,kernel_rope_neox_f32,0.005500,1792x16x1,64x1x1,128x28x16x1
Kcur-19,kernel_add_row,0.005500,2048x0x0,64x0x0,512x16x1x1
Kcur-19,kernel_rope_neox_f32,0.002800,256x16x1,64x1x1,128x4x16x1
Vcur-19,kernel_add_row,0.005600,2048x0x0,64x0x0,512x16x1x1
cache_k_l19 (view),kernel_set_rows_f16_i64,0.003700,8192x1x1,512x1x1,512x4096x1x1
cache_v_l19 (view),kernel_set_rows_f16_i64,0.002800,8192x1x1,512x1x1,512x4096x1x1
__fattn__-19,flash_attn_f32_f16,4.086800,32x28x0,32x1x0,128x28x16x1
ffn_inp-19,kernel_add,0.023000,1024x1x1,64x1x1,3584x16x1x1
ffn_norm-19,kernel_rms_norm_mul,0.009200,16384x1x1,1024x1x1,3584x16x1x1
l_out-19,kernel_add,0.025300,1024x1x1,64x1x1,3584x16x1x1
attn_norm-20,kernel_rms_norm_mul,0.009600,16384x1x1,1024x1x1,3584x16x1x1
Qcur-20,kernel_add_row,0.008100,14336x0x0,64x0x0,3584x16x1x1
Qcur-20,kernel_rope_neox_f32,0.005500,1792x16x1,64x1x1,128x28x16x1
Kcur-20,kernel_add_row,0.005700,2048x0x0,64x0x0,512x16x1x1
Kcur-20,kernel_rope_neox_f32,0.002700,256x16x1,64x1x1,128x4x16x1
node_692,kernel_mul_mv_q6_K_f32,0.958400,512x1024x1,2x64x1,512x16x1x1
Vcur-20,kernel_add_row,0.002500,2048x0x0,64x0x0,512x16x1x1
cache_k_l20 (view),kernel_set_rows_f16_i64,0.003800,8192x1x1,512x1x1,512x4096x1x1
cache_v_l20 (view),kernel_set_rows_f16_i64,0.002800,8192x1x1,512x1x1,512x4096x1x1
__fattn__-20,flash_attn_f32_f16,3.998200,32x28x0,32x1x0,128x28x16x1
ffn_inp-20,kernel_add,0.023900,1024x1x1,64x1x1,3584x16x1x1
ffn_norm-20,kernel_rms_norm_mul,0.009200,16384x1x1,1024x1x1,3584x16x1x1
ffn_swiglu-20,kernel_swiglu,0.049100,8192x1x1,512x1x1,18944x16x1x1
ffn_out-20,kernel_mul_mv_q6_K_f32,33.143398,3584x1024x1,2x64x1,3584x16x1x1
l_out-20,kernel_add,0.023600,1024x1x1,64x1x1,3584x16x1x1
attn_norm-21,kernel_rms_norm_mul,0.009300,16384x1x1,1024x1x1,3584x16x1x1
Qcur-21,kernel_add_row,0.008700,14336x0x0,64x0x0,3584x16x1x1
Qcur-21,kernel_rope_neox_f32,0.005600,1792x16x1,64x1x1,128x28x16x1
Kcur-21,kernel_add_row,0.005600,2048x0x0,64x0x0,512x16x1x1
Kcur-21,kernel_rope_neox_f32,0.002800,256x16x1,64x1x1,128x4x16x1
Vcur-21,kernel_add_row,0.005800,2048x0x0,64x0x0,512x16x1x1
cache_k_l21 (view),kernel_set_rows_f16_i64,0.003800,8192x1x1,512x1x1,512x4096x1x1
cache_v_l21 (view),kernel_set_rows_f16_i64,0.002800,8192x1x1,512x1x1,512x4096x1x1
__fattn__-21,flash_attn_f32_f16,4.051300,32x28x0,32x1x0,128x28x16x1
ffn_inp-21,kernel_add,0.024200,1024x1x1,64x1x1,3584x16x1x1
ffn_norm-21,kernel_rms_norm_mul,0.009100,16384x1x1,1024x1x1,3584x16x1x1
l_out-21,kernel_add,0.024800,1024x1x1,64x1x1,3584x16x1x1
attn_norm-22,kernel_rms_norm_mul,0.009500,16384x1x1,1024x1x1,3584x16x1x1
Qcur-22,kernel_add_row,0.007800,14336x0x0,64x0x0,3584x16x1x1
Qcur-22,kernel_rope_neox_f32,0.005800,1792x16x1,64x1x1,128x28x16x1
Kcur-22,kernel_add_row,0.005600,2048x0x0,64x0x0,512x16x1x1
Kcur-22,kernel_rope_neox_f32,0.002700,256x16x1,64x1x1,128x4x16x1
Vcur-22,kernel_add_row,0.005700,2048x0x0,64x0x0,512x16x1x1
cache_k_l22 (view),kernel_set_rows_f16_i64,0.004000,8192x1x1,512x1x1,512x4096x1x1
cache_v_l22 (view),kernel_set_rows_f16_i64,0.002800,8192x1x1,512x1x1,512x4096x1x1
__fattn__-22,flash_attn_f32_f16,4.043900,32x28x0,32x1x0,128x28x16x1
ffn_inp-22,kernel_add,0.023200,1024x1x1,64x1x1,3584x16x1x1
ffn_norm-22,kernel_rms_norm_mul,0.009300,16384x1x1,1024x1x1,3584x16x1x1
l_out-22,kernel_add,0.025300,1024x1x1,64x1x1,3584x16x1x1
attn_norm-23,kernel_rms_norm_mul,0.009500,16384x1x1,1024x1x1,3584x16x1x1
Qcur-23,kernel_add_row,0.008200,14336x0x0,64x0x0,3584x16x1x1
Qcur-23,kernel_rope_neox_f32,0.005500,1792x16x1,64x1x1,128x28x16x1
Kcur-23,kernel_add_row,0.005700,2048x0x0,64x0x0,512x16x1x1
Kcur-23,kernel_rope_neox_f32,0.002700,256x16x1,64x1x1,128x4x16x1
node_794,kernel_mul_mv_q6_K_f32,0.954900,512x1024x1,2x64x1,512x16x1x1
Vcur-23,kernel_add_row,0.002500,2048x0x0,64x0x0,512x16x1x1
cache_k_l23 (view),kernel_set_rows_f16_i64,0.003800,8192x1x1,512x1x1,512x4096x1x1
cache_v_l23 (view),kernel_set_rows_f16_i64,0.002800,8192x1x1,512x1x1,512x4096x1x1
__fattn__-23,flash_attn_f32_f16,4.096200,32x28x0,32x1x0,128x28x16x1
ffn_inp-23,kernel_add,0.024300,1024x1x1,64x1x1,3584x16x1x1
ffn_norm-23,kernel_rms_norm_mul,0.009100,16384x1x1,1024x1x1,3584x16x1x1
ffn_swiglu-23,kernel_swiglu,0.048900,8192x1x1,512x1x1,18944x16x1x1
ffn_out-23,kernel_mul_mv_q6_K_f32,33.145199,3584x1024x1,2x64x1,3584x16x1x1
l_out-23,kernel_add,0.023400,1024x1x1,64x1x1,3584x16x1x1
attn_norm-24,kernel_rms_norm_mul,0.009300,16384x1x1,1024x1x1,3584x16x1x1
Qcur-24,kernel_add_row,0.007900,14336x0x0,64x0x0,3584x16x1x1
Qcur-24,kernel_rope_neox_f32,0.005400,1792x16x1,64x1x1,128x28x16x1
Kcur-24,kernel_add_row,0.005600,2048x0x0,64x0x0,512x16x1x1
Kcur-24,kernel_rope_neox_f32,0.002700,256x16x1,64x1x1,128x4x16x1
node_828,kernel_mul_mv_q6_K_f32,0.955300,512x1024x1,2x64x1,512x16x1x1
Vcur-24,kernel_add_row,0.002200,2048x0x0,64x0x0,512x16x1x1
cache_k_l24 (view),kernel_set_rows_f16_i64,0.003800,8192x1x1,512x1x1,512x4096x1x1
cache_v_l24 (view),kernel_set_rows_f16_i64,0.002800,8192x1x1,512x1x1,512x4096x1x1
__fattn__-24,flash_attn_f32_f16,4.047400,32x28x0,32x1x0,128x28x16x1
ffn_inp-24,kernel_add,0.024400,1024x1x1,64x1x1,3584x16x1x1
ffn_norm-24,kernel_rms_norm_mul,0.009200,16384x1x1,1024x1x1,3584x16x1x1
ffn_swiglu-24,kernel_swiglu,0.047900,8192x1x1,512x1x1,18944x16x1x1
ffn_out-24,kernel_mul_mv_q6_K_f32,33.118301,3584x1024x1,2x64x1,3584x16x1x1
l_out-24,kernel_add,0.023100,1024x1x1,64x1x1,3584x16x1x1
attn_norm-25,kernel_rms_norm_mul,0.009400,16384x1x1,1024x1x1,3584x16x1x1
Qcur-25,kernel_add_row,0.008400,14336x0x0,64x0x0,3584x16x1x1
Qcur-25,kernel_rope_neox_f32,0.005300,1792x16x1,64x1x1,128x28x16x1
Kcur-25,kernel_add_row,0.005700,2048x0x0,64x0x0,512x16x1x1
Kcur-25,kernel_rope_neox_f32,0.002700,256x16x1,64x1x1,128x4x16x1
node_862,kernel_mul_mv_q6_K_f32,0.955300,512x1024x1,2x64x1,512x16x1x1
Vcur-25,kernel_add_row,0.002500,2048x0x0,64x0x0,512x16x1x1
cache_k_l25 (view),kernel_set_rows_f16_i64,0.003700,8192x1x1,512x1x1,512x4096x1x1
cache_v_l25 (view),kernel_set_rows_f16_i64,0.002900,8192x1x1,512x1x1,512x4096x1x1
__fattn__-25,flash_attn_f32_f16,4.082500,32x28x0,32x1x0,128x28x16x1
ffn_inp-25,kernel_add,0.024100,1024x1x1,64x1x1,3584x16x1x1
ffn_norm-25,kernel_rms_norm_mul,0.009400,16384x1x1,1024x1x1,3584x16x1x1
ffn_swiglu-25,kernel_swiglu,0.050400,8192x1x1,512x1x1,18944x16x1x1
ffn_out-25,kernel_mul_mv_q6_K_f32,33.148201,3584x1024x1,2x64x1,3584x16x1x1
l_out-25,kernel_add,0.023000,1024x1x1,64x1x1,3584x16x1x1
attn_norm-26,kernel_rms_norm_mul,0.009300,16384x1x1,1024x1x1,3584x16x1x1
Qcur-26,kernel_add_row,0.008100,14336x0x0,64x0x0,3584x16x1x1
Qcur-26,kernel_rope_neox_f32,0.005500,1792x16x1,64x1x1,128x28x16x1
Kcur-26,kernel_add_row,0.005700,2048x0x0,64x0x0,512x16x1x1
Kcur-26,kernel_rope_neox_f32,0.002800,256x16x1,64x1x1,128x4x16x1
node_896,kernel_mul_mv_q6_K_f32,0.954200,512x1024x1,2x64x1,512x16x1x1
Vcur-26,kernel_add_row,0.002500,2048x0x0,64x0x0,512x16x1x1
cache_k_l26 (view),kernel_set_rows_f16_i64,0.003800,8192x1x1,512x1x1,512x4096x1x1
cache_v_l26 (view),kernel_set_rows_f16_i64,0.002800,8192x1x1,512x1x1,512x4096x1x1
__fattn__-26,flash_attn_f32_f16,4.019100,32x28x0,32x1x0,128x28x16x1
ffn_inp-26,kernel_add,0.024300,1024x1x1,64x1x1,3584x16x1x1
ffn_norm-26,kernel_rms_norm_mul,0.009100,16384x1x1,1024x1x1,3584x16x1x1
ffn_swiglu-26,kernel_swiglu,0.049800,8192x1x1,512x1x1,18944x16x1x1
ffn_out-26,kernel_mul_mv_q6_K_f32,33.080399,3584x1024x1,2x64x1,3584x16x1x1
l_out-26,kernel_add,0.023200,1024x1x1,64x1x1,3584x16x1x1
attn_norm-27,kernel_rms_norm_mul,0.009500,16384x1x1,1024x1x1,3584x16x1x1
Qcur-27,kernel_add_row,0.008000,14336x0x0,64x0x0,3584x16x1x1
Qcur-27,kernel_rope_neox_f32,0.005400,1792x16x1,64x1x1,128x28x16x1
Kcur-27,kernel_add_row,0.005600,2048x0x0,64x0x0,512x16x1x1
Kcur-27,kernel_rope_neox_f32,0.002800,256x16x1,64x1x1,128x4x16x1
node_930,kernel_mul_mv_q6_K_f32,0.953900,512x1024x1,2x64x1,512x16x1x1
Vcur-27,kernel_add_row,0.002500,2048x0x0,64x0x0,512x16x1x1
cache_k_l27 (view),kernel_set_rows_f16_i64,0.003700,8192x1x1,512x1x1,512x4096x1x1
cache_v_l27 (view),kernel_set_rows_f16_i64,0.002800,8192x1x1,512x1x1,512x4096x1x1
__fattn__-27,flash_attn_f32_f16,4.059300,32x28x0,32x1x0,128x28x16x1
attn_norm-0,kernel_rms_norm_mul,0.012500,16384x1x1,1024x1x1,3584x16x1x1
Qcur-0,kernel_add_row,0.007900,14336x0x0,64x0x0,3584x16x1x1
Qcur-0,kernel_rope_neox_f32,0.005600,1792x16x1,64x1x1,128x28x16x1
Kcur-0,kernel_add_row,0.005900,2048x0x0,64x0x0,512x16x1x1
Kcur-0,kernel_rope_neox_f32,0.002800,256x16x1,64x1x1,128x4x16x1
node_11,kernel_mul_mv_q6_K_f32,0.953300,512x1024x1,2x64x1,512x16x1x1
Vcur-0,kernel_add_row,0.002200,2048x0x0,64x0x0,512x16x1x1
cache_k_l0 (view),kernel_set_rows_f16_i64,0.003400,8192x1x1,512x1x1,512x4096x1x1
cache_v_l0 (view),kernel_set_rows_f16_i64,0.002800,8192x1x1,512x1x1,512x4096x1x1
 (copy),kernel_cpy_f32_f16,0.005900,4096x1x1,64x1x1,768x64x1x1
__fattn__-0,flash_attn_f32_f16,4.057100,32x28x0,32x1x0,128x28x16x1
ffn_inp-0,kernel_add,0.025900,1024x1x1,64x1x1,3584x16x1x1
ffn_norm-0,kernel_rms_norm_mul,0.009200,16384x1x1,1024x1x1,3584x16x1x1
ffn_swiglu-0,kernel_swiglu,0.049000,8192x1x1,512x1x1,18944x16x1x1
ffn_out-0,kernel_mul_mv_q6_K_f32,33.078400,3584x1024x1,2x64x1,3584x16x1x1
l_out-0,kernel_add,0.023400,1024x1x1,64x1x1,3584x16x1x1
attn_norm-1,kernel_rms_norm_mul,0.009400,16384x1x1,1024x1x1,3584x16x1x1
Qcur-1,kernel_add_row,0.007700,14336x0x0,64x0x0,3584x16x1x1
Qcur-1,kernel_rope_neox_f32,0.005600,1792x16x1,64x1x1,128x28x16x1
Kcur-1,kernel_add_row,0.005800,2048x0x0,64x0x0,512x16x1x1
Kcur-1,kernel_rope_neox_f32,0.002800,256x16x1,64x1x1,128x4x16x1
node_46,kernel_mul_mv_q6_K_f32,0.956100,512x1024x1,2x64x1,512x16x1x1
Vcur-1,kernel_add_row,0.002500,2048x0x0,64x0x0,512x16x1x1
cache_k_l1 (view),kernel_set_rows_f16_i64,0.003700,8192x1x1,512x1x1,512x4096x1x1
cache_v_l1 (view),kernel_set_rows_f16_i64,0.002900,8192x1x1,512x1x1,512x4096x1x1
__fattn__-1,flash_attn_f32_f16,4.009400,32x28x0,32x1x0,128x28x16x1
ffn_inp-1,kernel_add,0.024600,1024x1x1,64x1x1,3584x16x1x1
ffn_norm-1,kernel_rms_norm_mul,0.009100,16384x1x1,1024x1x1,3584x16x1x1
ffn_swiglu-1,kernel_swiglu,0.048800,8192x1x1,512x1x1,18944x16x1x1
ffn_out-1,kernel_mul_mv_q6_K_f32,33.136398,3584x1024x1,2x64x1,3584x16x1x1
l_out-1,kernel_add,0.023200,1024x1x1,64x1x1,3584x16x1x1
attn_norm-2,kernel_rms_norm_mul,0.009400,16384x1x1,1024x1x1,3584x16x1x1
Qcur-2,kernel_add_row,0.008200,14336x0x0,64x0x0,3584x16x1x1
Qcur-2,kernel_rope_neox_f32,0.005500,1792x16x1,64x1x1,128x28x16x1
Kcur-2,kernel_add_row,0.005600,2048x0x0,64x0x0,512x16x1x1
Kcur-2,kernel_rope_neox_f32,0.002700,256x16x1,64x1x1,128x4x16x1
node_80,kernel_mul_mv_q6_K_f32,0.953700,512x1024x1,2x64x1,512x16x1x1
Vcur-2,kernel_add_row,0.002500,2048x0x0,64x0x0,512x16x1x1
cache_k_l2 (view),kernel_set_rows_f16_i64,0.003800,8192x1x1,512x1x1,512x4096x1x1
cache_v_l2 (view),kernel_set_rows_f16_i64,0.002900,8192x1x1,512x1x1,512x4096x1x1
__fattn__-2,flash_attn_f32_f16,4.105900,32x28x0,32x1x0,128x28x16x1
ffn_inp-2,kernel_add,0.024200,1024x1x1,64x1x1,3584x16x1x1
ffn_norm-2,kernel_rms_norm_mul,0.009100,16384x1x1,1024x1x1,3584x16x1x1
ffn_swiglu-2,kernel_swiglu,0.048700,8192x1x1,512x1x1,18944x16x1x1
ffn_out-2,kernel_mul_mv_q6_K_f32,34.241402,3584x1024x1,2x64x1,3584x16x1x1
l_out-2,kernel_add,0.022900,1024x1x1,64x1x1,3584x16x1x1
attn_norm-3,kernel_rms_norm_mul,0.009500,16384x1x1,1024x1x1,3584x16x1x1
Qcur-3,kernel_add_row,0.012400,14336x0x0,64x0x0,3584x16x1x1
Qcur-3,kernel_rope_neox_f32,0.011500,1792x16x1,64x1x1,128x28x16x1
Kcur-3,kernel_add_row,0.005700,2048x0x0,64x0x0,512x16x1x1
Kcur-3,kernel_rope_neox_f32,0.002700,256x16x1,64x1x1,128x4x16x1
Vcur-3,kernel_add_row,0.005600,2048x0x0,64x0x0,512x16x1x1
cache_k_l3 (view),kernel_set_rows_f16_i64,0.004100,8192x1x1,512x1x1,512x4096x1x1
cache_v_l3 (view),kernel_set_rows_f16_i64,0.002800,8192x1x1,512x1x1,512x4096x1x1
__fattn__-3,flash_attn_f32_f16,4.052700,32x28x0,32x1x0,128x28x16x1
ffn_inp-3,kernel_add,0.024400,1024x1x1,64x1x1,3584x16x1x1
ffn_norm-3,kernel_rms_norm_mul,0.009200,16384x1x1,1024x1x1,3584x16x1x1
l_out-3,kernel_add,0.025200,1024x1x1,64x1x1,3584x16x1x1
attn_norm-4,kernel_rms_norm_mul,0.009500,16384x1x1,1024x1x1,3584x16x1x1
Qcur-4,kernel_add_row,0.008300,14336x0x0,64x0x0,3584x16x1x1
Qcur-4,kernel_rope_neox_f32,0.005600,1792x16x1,64x1x1,128x28x16x1
Kcur-4,kernel_add_row,0.005900,2048x0x0,64x0x0,512x16x1x1
Kcur-4,kernel_rope_neox_f32,0.002700,256x16x1,64x1x1,128x4x16x1
Vcur-4,kernel_add_row,0.005800,2048x0x0,64x0x0,512x16x1x1
cache_k_l4 (view),kernel_set_rows_f16_i64,0.004200,8192x1x1,512x1x1,512x4096x1x1
cache_v_l4 (view),kernel_set_rows_f16_i64,0.002700,8192x1x1,512x1x1,512x4096x1x1
__fattn__-4,flash_attn_f32_f16,4.069900,32x28x0,32x1x0,128x28x16x1
ffn_inp-4,kernel_add,0.023800,1024x1x1,64x1x1,3584x16x1x1
ffn_norm-4,kernel_rms_norm_mul,0.009300,16384x1x1,1024x1x1,3584x16x1x1
l_out-4,kernel_add,0.025000,1024x1x1,64x1x1,3584x16x1x1
attn_norm-5,kernel_rms_norm_mul,0.009600,16384x1x1,1024x1x1,3584x16x1x1
Qcur-5,kernel_add_row,0.008100,14336x0x0,64x0x0,3584x16x1x1
Qcur-5,kernel_rope_neox_f32,0.005500,1792x16x1,64x1x1,128x28x16x1
Kcur-5,kernel_add_row,0.005600,2048x0x0,64x0x0,512x16x1x1
Kcur-5,kernel_rope_neox_f32,0.002700,256x16x1,64x1x1,128x4x16x1
node_182,kernel_mul_mv_q6_K_f32,0.954500,512x1024x1,2x64x1,512x16x1x1
Vcur-5,kernel_add_row,0.002500,2048x0x0,64x0x0,512x16x1x1
cache_k_l5 (view),kernel_set_rows_f16_i64,0.003900,8192x1x1,512x1x1,512x4096x1x1
cache_v_l5 (view),kernel_set_rows_f16_i64,0.002900,8192x1x1,512x1x1,512x4096x1x1
__fattn__-5,flash_attn_f32_f16,4.066900,32x28x0,32x1x0,128x28x16x1
ffn_inp-5,kernel_add,0.023900,1024x1x1,64x1x1,3584x16x1x1
ffn_norm-5,kernel_rms_norm_mul,0.009200,16384x1x1,1024x1x1,3584x16x1x1
ffn_swiglu-5,kernel_swiglu,0.049600,8192x1x1,512x1x1,18944x16x1x1
ffn_out-5,kernel_mul_mv_q6_K_f32,34.581001,3584x1024x1,2x64x1,3584x16x1x1
l_out-5,kernel_add,0.023200,1024x1x1,64x1x1,3584x16x1x1
attn_norm-6,kernel_rms_norm_mul,0.009500,16384x1x1,1024x1x1,3584x16x1x1
Qcur-6,kernel_add_row,0.011900,14336x0x0,64x0x0,3584x16x1x1
Qcur-6,kernel_rope_neox_f32,0.010800,1792x16x1,64x1x1,128x28x16x1
Kcur-6,kernel_add_row,0.005600,2048x0x0,64x0x0,512x16x1x1
Kcur-6,kernel_rope_neox_f32,0.002700,256x16x1,64x1x1,128x4x16x1
Vcur-6,kernel_add_row,0.005600,2048x0x0,64x0x0,512x16x1x1
cache_k_l6 (view),kernel_set_rows_f16_i64,0.004100,8192x1x1,512x1x1,512x4096x1x1
cache_v_l6 (view),kernel_set_rows_f16_i64,0.002700,8192x1x1,512x1x1,512x4096x1x1
__fattn__-6,flash_attn_f32_f16,4.068200,32x28x0,32x1x0,128x28x16x1
ffn_inp-6,kernel_add,0.024100,1024x1x1,64x1x1,3584x16x1x1
ffn_norm-6,kernel_rms_norm_mul,0.009200,16384x1x1,1024x1x1,3584x16x1x1
l_out-6,kernel_add,0.024800,1024x1x1,64x1x1,3584x16x1x1
attn_norm-7,kernel_rms_norm_mul,0.009600,16384x1x1,1024x1x1,3584x16x1x1
Qcur-7,kernel_add_row,0.008100,14336x0x0,64x0x0,3584x16x1x1
Qcur-7,kernel_rope_neox_f32,0.005700,1792x16x1,64x1x1,128x28x16x1
Kcur-7,kernel_add_row,0.005500,2048x0x0,64x0x0,512x16x1x1
Kcur-7,kernel_rope_neox_f32,0.002900,256x16x1,64x1x1,128x4x16x1
Vcur-7,kernel_add_row,0.005600,2048x0x0,64x0x0,512x16x1x1
cache_k_l7 (view),kernel_set_rows_f16_i64,0.004000,8192x1x1,512x1x1,512x4096x1x1
cache_v_l7 (view),kernel_set_rows_f16_i64,0.002700,8192x1x1,512x1x1,512x4096x1x1
__fattn__-7,flash_attn_f32_f16,4.075300,32x28x0,32x1x0,128x28x16x1
ffn_inp-7,kernel_add,0.023300,1024x1x1,64x1x1,3584x16x1x1
ffn_norm-7,kernel_rms_norm_mul,0.009200,16384x1x1,1024x1x1,3584x16x1x1
l_out-7,kernel_add,0.024700,1024x1x1,64x1x1,3584x16x1x1
attn_norm-8,kernel_rms_norm_mul,0.009600,16384x1x1,1024x1x1,3584x16x1x1
Qcur-8,kernel_add_row,0.008200,14336x0x0,64x0x0,3584x16x1x1
Qcur-8,kernel_rope_neox_f32,0.005400,1792x16x1,64x1x1,128x28x16x1
Kcur-8,kernel_add_row,0.005700,2048x0x0,64x0x0,512x16x1x1
Kcur-8,kernel_rope_neox_f32,0.002700,256x16x1,64x1x1,128x4x16x1
node_284,kernel_mul_mv_q6_K_f32,0.954700,512x1024x1,2x64x1,512x16x1x1
Vcur-8,kernel_add_row,0.002200,2048x0x0,64x0x0,512x16x1x1
cache_k_l8 (view),kernel_set_rows_f16_i64,0.003800,8192x1x1,512x1x1,512x4096x1x1
cache_v_l8 (view),kernel_set_rows_f16_i64,0.003000,8192x1x1,512x1x1,512x4096x1x1
__fattn__-8,flash_attn_f32_f16,4.078300,32x28x0,32x1x0,128x28x16x1
ffn_inp-8,kernel_add,0.024000,1024x1x1,64x1x1,3584x16x1x1
ffn_norm-8,kernel_rms_norm_mul,0.009200,16384x1x1,1024x1x1,3584x16x1x1
ffn_swiglu-8,kernel_swiglu,0.049000,8192x1x1,512x1x1,18944x16x1x1
ffn_out-8,kernel_mul_mv_q6_K_f32,34.025299,3584x1024x1,2x64x1,3584x16x1x1
l_out-8,kernel_add,0.023100,1024x1x1,64x1x1,3584x16x1x1
attn_norm-9,kernel_rms_norm_mul,0.009400,16384x1x1,1024x1x1,3584x16x1x1
Qcur-9,kernel_add_row,0.011600,14336x0x0,64x0x0,3584x16x1x1
Qcur-9,kernel_rope_neox_f32,0.010600,1792x16x1,64x1x1,128x28x16x1
Kcur-9,kernel_add_row,0.005500,2048x0x0,64x0x0,512x16x1x1
Kcur-9,kernel_rope_neox_f32,0.002800,256x16x1,64x1x1,128x4x16x1
Vcur-9,kernel_add_row,0.005800,2048x0x0,64x0x0,512x16x1x1
cache_k_l9 (view),kernel_set_rows_f16_i64,0.003900,8192x1x1,512x1x1,512x4096x1x1
cache_v_l9 (view),kernel_set_rows_f16_i64,0.002700,8192x1x1,512x1x1,512x4096x1x1
__fattn__-9,flash_attn_f32_f16,4.053700,32x28x0,32x1x0,128x28x16x1
ffn_inp-9,kernel_add,0.023700,1024x1x1,64x1x1,3584x16x1x1
ffn_norm-9,kernel_rms_norm_mul,0.009300,16384x1x1,1024x1x1,3584x16x1x1
l_out-9,kernel_add,0.024800,1024x1x1,64x1x1,3584x16x1x1
attn_norm-10,kernel_rms_norm_mul,0.009700,16384x1x1,1024x1x1,3584x16x1x1
Qcur-10,kernel_add_row,0.008000,14336x0x0,64x0x0,3584x16x1x1
Qcur-10,kernel_rope_neox_f32,0.005600,1792x16x1,64x1x1,128x28x16x1
Kcur-10,kernel_add_row,0.005600,2048x0x0,64x0x0,512x16x1x1
Kcur-10,kernel_rope_neox_f32,0.002700,256x16x1,64x1x1,128x4x16x1
Vcur-10,kernel_add_row,0.005700,2048x0x0,64x0x0,512x16x1x1
cache_k_l10 (view),kernel_set_rows_f16_i64,0.003800,8192x1x1,512x1x1,512x4096x1x1
cache_v_l10 (view),kernel_set_rows_f16_i64,0.002700,8192x1x1,512x1x1,512x4096x1x1
__fattn__-10,flash_attn_f32_f16,4.075800,32x28x0,32x1x0,128x28x16x1
ffn_inp-10,kernel_add,0.023600,1024x1x1,64x1x1,3584x16x1x1
ffn_norm-10,kernel_rms_norm_mul,0.009200,16384x1x1,1024x1x1,3584x16x1x1
l_out-10,kernel_add,0.025200,1024x1x1,64x1x1,3584x16x1x1
attn_norm-11,kernel_rms_norm_mul,0.009700,16384x1x1,1024x1x1,3584x16x1x1
Qcur-11,kernel_add_row,0.008000,14336x0x0,64x0x0,3584x16x1x1
Qcur-11,kernel_rope_neox_f32,0.005500,1792x16x1,64x1x1,128x28x16x1
Kcur-11,kernel_add_row,0.005700,2048x0x0,64x0x0,512x16x1x1
Kcur-11,kernel_rope_neox_f32,0.002700,256x16x1,64x1x1,128x4x16x1
node_386,kernel_mul_mv_q6_K_f32,0.953700,512x1024x1,2x64x1,512x16x1x1
Vcur-11,kernel_add_row,0.002500,2048x0x0,64x0x0,512x16x1x1
cache_k_l11 (view),kernel_set_rows_f16_i64,0.003700,8192x1x1,512x1x1,512x4096x1x1
cache_v_l11 (view),kernel_set_rows_f16_i64,0.002900,8192x1x1,512x1x1,512x4096x1x1
__fattn__-11,flash_attn_f32_f16,4.025600,32x28x0,32x1x0,128x28x16x1
ffn_inp-11,kernel_add,0.024100,1024x1x1,64x1x1,3584x16x1x1
ffn_norm-11,kernel_rms_norm_mul,0.009200,16384x1x1,1024x1x1,3584x16x1x1
ffn_swiglu-11,kernel_swiglu,0.048400,8192x1x1,512x1x1,18944x16x1x1
ffn_out-11,kernel_mul_mv_q6_K_f32,33.061199,3584x1024x1,2x64x1,3584x16x1x1
l_out-11,kernel_add,0.023100,1024x1x1,64x1x1,3584x16x1x1
attn_norm-12,kernel_rms_norm_mul,0.009400,16384x1x1,1024x1x1,3584x16x1x1
Qcur-12,kernel_add_row,0.008100,14336x0x0,64x0x0,3584x16x1x1
Qcur-12,kernel_rope_neox_f32,0.005500,1792x16x1,64x1x1,128x28x16x1
Kcur-12,kernel_add_row,0.005700,2048x0x0,64x0x0,512x16x1x1
Kcur-12,kernel_rope_neox_f32,0.002800,256x16x1,64x1x1,128x4x16x1
Vcur-12,kernel_add_row,0.005500,2048x0x0,64x0x0,512x16x1x1
cache_k_l12 (view),kernel_set_rows_f16_i64,0.004000,8192x1x1,512x1x1,512x4096x1x1
cache_v_l12 (view),kernel_set_rows_f16_i64,0.002700,8192x1x1,512x1x1,512x4096x1x1
__fattn__-12,flash_attn_f32_f16,3.997200,32x28x0,32x1x0,128x28x16x1
ffn_inp-12,kernel_add,0.024400,1024x1x1,64x1x1,3584x16x1x1
ffn_norm-12,kernel_rms_norm_mul,0.009200,16384x1x1,1024x1x1,3584x16x1x1
l_out-12,kernel_add,0.024900,1024x1x1,64x1x1,3584x16x1x1
attn_norm-13,kernel_rms_norm_mul,0.009400,16384x1x1,1024x1x1,3584x16x1x1
Qcur-13,kernel_add_row,0.008000,14336x0x0,64x0x0,3584x16x1x1
Qcur-13,kernel_rope_neox_f32,0.005600,1792x16x1,64x1x1,128x28x16x1
Kcur-13,kernel_add_row,0.005600,2048x0x0,64x0x0,512x16x1x1
Kcur-13,kernel_rope_neox_f32,0.002900,256x16x1,64x1x1,128x4x16x1
Vcur-13,kernel_add_row,0.005600,2048x0x0,64x0x0,512x16x1x1
cache_k_l13 (view),kernel_set_rows_f16_i64,0.004000,8192x1x1,512x1x1,512x4096x1x1
cache_v_l13 (view),kernel_set_rows_f16_i64,0.002800,8192x1x1,512x1x1,512x4096x1x1
__fattn__-13,flash_attn_f32_f16,4.072500,32x28x0,32x1x0,128x28x16x1
ffn_inp-13,kernel_add,0.023100,1024x1x1,64x1x1,3584x16x1x1
ffn_norm-13,kernel_rms_norm_mul,0.009200,16384x1x1,1024x1x1,3584x16x1x1
l_out-13,kernel_add,0.025200,1024x1x1,64x1x1,3584x16x1x1
attn_norm-14,kernel_rms_norm_mul,0.009600,16384x1x1,1024x1x1,3584x16x1x1
Qcur-14,kernel_add_row,0.008100,14336x0x0,64x0x0,3584x16x1x1
Qcur-14,kernel_rope_neox_f32,0.005700,1792x16x1,64x1x1,128x28x16x1
Kcur-14,kernel_add_row,0.005700,2048x0x0,64x0x0,512x16x1x1
Kcur-14,kernel_rope_neox_f32,0.002700,256x16x1,64x1x1,128x4x16x1
node_488,kernel_mul_mv_q6_K_f32,0.953400,512x1024x1,2x64x1,512x16x1x1
Vcur-14,kernel_add_row,0.002200,2048x0x0,64x0x0,512x16x1x1
cache_k_l14 (view),kernel_set_rows_f16_i64,0.003600,8192x1x1,512x1x1,512x4096x1x1
cache_v_l14 (view),kernel_set_rows_f16_i64,0.002900,8192x1x1,512x1x1,512x4096x1x1
__fattn__-14,flash_attn_f32_f16,4.050100,32x28x0,32x1x0,128x28x16x1
ffn_inp-14,kernel_add,0.024400,1024x1x1,64x1x1,3584x16x1x1
ffn_norm-14,kernel_rms_norm_mul,0.009200,16384x1x1,1024x1x1,3584x16x1x1
ffn_swiglu-14,kernel_swiglu,0.049500,8192x1x1,512x1x1,18944x16x1x1
ffn_out-14,kernel_mul_mv_q6_K_f32,33.155499,3584x1024x1,2x64x1,3584x16x1x1
l_out-14,kernel_add,0.022900,1024x1x1,64x1x1,3584x16x1x1
attn_norm-15,kernel_rms_norm_mul,0.009400,16384x1x1,1024x1x1,3584x16x1x1
Qcur-15,kernel_add_row,0.008500,14336x0x0,64x0x0,3584x16x1x1
Qcur-15,kernel_rope_neox_f32,0.005500,1792x16x1,64x1x1,128x28x16x1
Kcur-15,kernel_add_row,0.005500,2048x0x0,64x0x0,512x16x1x1
Kcur-15,kernel_rope_neox_f32,0.002700,256x16x1,64x1x1,128x4x16x1
Vcur-15,kernel_add_row,0.005700,2048x0x0,64x0x0,512x16x1x1
cache_k_l15 (view),kernel_set_rows_f16_i64,0.003800,8192x1x1,512x1x1,512x4096x1x1
cache_v_l15 (view),kernel_set_rows_f16_i64,0.002800,8192x1x1,512x1x1,512x4096x1x1
__fattn__-15,flash_attn_f32_f16,4.055500,32x28x0,32x1x0,128x28x16x1
ffn_inp-15,kernel_add,0.024500,1024x1x1,64x1x1,3584x16x1x1
ffn_norm-15,kernel_rms_norm_mul,0.009100,16384x1x1,1024x1x1,3584x16x1x1
l_out-15,kernel_add,0.024900,1024x1x1,64x1x1,3584x16x1x1
attn_norm-16,kernel_rms_norm_mul,0.009600,16384x1x1,1024x1x1,3584x16x1x1
Qcur-16,kernel_add_row,0.008600,14336x0x0,64x0x0,3584x16x1x1
Qcur-16,kernel_rope_neox_f32,0.005600,1792x16x1,64x1x1,128x28x16x1
Kcur-16,kernel_add_row,0.005500,2048x0x0,64x0x0,512x16x1x1
Kcur-16,kernel_rope_neox_f32,0.002900,256x16x1,64x1x1,128x4x16x1
Vcur-16,kernel_add_row,0.005800,2048x0x0,64x0x0,512x16x1x1
cache_k_l16 (view),kernel_set_rows_f16_i64,0.003900,8192x1x1,512x1x1,512x4096x1x1
cache_v_l16 (view),kernel_set_rows_f16_i64,0.002800,8192x1x1,512x1x1,512x4096x1x1
__fattn__-16,flash_attn_f32_f16,4.088100,32x28x0,32x1x0,128x28x16x1
ffn_inp-16,kernel_add,0.023200,1024x1x1,64x1x1,3584x16x1x1
ffn_norm-16,kernel_rms_norm_mul,0.009300,16384x1x1,1024x1x1,3584x16x1x1
l_out-16,kernel_add,0.024900,1024x1x1,64x1x1,3584x16x1x1
attn_norm-17,kernel_rms_norm_mul,0.009600,16384x1x1,1024x1x1,3584x16x1x1
Qcur-17,kernel_add_row,0.008700,14336x0x0,64x0x0,3584x16x1x1
Qcur-17,kernel_rope_neox_f32,0.005600,1792x16x1,64x1x1,128x28x16x1
Kcur-17,kernel_add_row,0.005700,2048x0x0,64x0x0,512x16x1x1
Kcur-17,kernel_rope_neox_f32,0.002900,256x16x1,64x1x1,128x4x16x1
node_590,kernel_mul_mv_q6_K_f32,0.954100,512x1024x1,2x64x1,512x16x1x1
Vcur-17,kernel_add_row,0.002500,2048x0x0,64x0x0,512x16x1x1
cache_k_l17 (view),kernel_set_rows_f16_i64,0.003700,8192x1x1,512x1x1,512x4096x1x1
cache_v_l17 (view),kernel_set_rows_f16_i64,0.002900,8192x1x1,512x1x1,512x4096x1x1
__fattn__-17,flash_attn_f32_f16,4.115400,32x28x0,32x1x0,128x28x16x1
ffn_inp-17,kernel_add,0.023600,1024x1x1,64x1x1,3584x16x1x1
ffn_norm-17,kernel_rms_norm_mul,0.009200,16384x1x1,1024x1x1,3584x16x1x1
ffn_swiglu-17,kernel_swiglu,0.049800,8192x1x1,512x1x1,18944x16x1x1
ffn_out-17,kernel_mul_mv_q6_K_f32,33.162998,3584x1024x1,2x64x1,3584x16x1x1
l_out-17,kernel_add,0.023100,1024x1x1,64x1x1,3584x16x1x1
attn_norm-18,kernel_rms_norm_mul,0.009400,16384x1x1,1024x1x1,3584x16x1x1
Qcur-18,kernel_add_row,0.008200,14336x0x0,64x0x0,3584x16x1x1
Qcur-18,kernel_rope_neox_f32,0.005400,1792x16x1,64x1x1,128x28x16x1
Kcur-18,kernel_add_row,0.005900,2048x0x0,64x0x0,512x16x1x1
Kcur-18,kernel_rope_neox_f32,0.002800,256x16x1,64x1x1,128x4x16x1
Vcur-18,kernel_add_row,0.005600,2048x0x0,64x0x0,512x16x1x1
cache_k_l18 (view),kernel_set_rows_f16_i64,0.003900,8192x1x1,512x1x1,512x4096x1x1
cache_v_l18 (view),kernel_set_rows_f16_i64,0.002800,8192x1x1,512x1x1,512x4096x1x1
__fattn__-18,flash_attn_f32_f16,4.065200,32x28x0,32x1x0,128x28x16x1
ffn_inp-18,kernel_add,0.024500,1024x1x1,64x1x1,3584x16x1x1
ffn_norm-18,kernel_rms_norm_mul,0.009100,16384x1x1,1024x1x1,3584x16x1x1
l_out-18,kernel_add,0.025000,1024x1x1,64x1x1,3584x16x1x1
attn_norm-19,kernel_rms_norm_mul,0.009700,16384x1x1,1024x1x1,3584x16x1x1
Qcur-19,kernel_add_row,0.007700,14336x0x0,64x0x0,3584x16x1x1
Qcur-19,kernel_rope_neox_f32,0.005400,1792x16x1,64x1x1,128x28x16x1
Kcur-19,kernel_add_row,0.005500,2048x0x0,64x0x0,512x16x1x1
Kcur-19,kernel_rope_neox_f32,0.002700,256x16x1,64x1x1,128x4x16x1
Vcur-19,kernel_add_row,0.005700,2048x0x0,64x0x0,512x16x1x1
cache_k_l19 (view),kernel_set_rows_f16_i64,0.003700,8192x1x1,512x1x1,512x4096x1x1
cache_v_l19 (view),kernel_set_rows_f16_i64,0.002800,8192x1x1,512x1x1,512x4096x1x1
__fattn__-19,flash_attn_f32_f16,4.067100,32x28x0,32x1x0,128x28x16x1
ffn_inp-19,kernel_add,0.023200,1024x1x1,64x1x1,3584x16x1x1
ffn_norm-19,kernel_rms_norm_mul,0.009200,16384x1x1,1024x1x1,3584x16x1x1
l_out-19,kernel_add,0.024800,1024x1x1,64x1x1,3584x16x1x1
attn_norm-20,kernel_rms_norm_mul,0.009600,16384x1x1,1024x1x1,3584x16x1x1
Qcur-20,kernel_add_row,0.008200,14336x0x0,64x0x0,3584x16x1x1
Qcur-20,kernel_rope_neox_f32,0.005400,1792x16x1,64x1x1,128x28x16x1
Kcur-20,kernel_add_row,0.005600,2048x0x0,64x0x0,512x16x1x1
Kcur-20,kernel_rope_neox_f32,0.002700,256x16x1,64x1x1,128x4x16x1
node_692,kernel_mul_mv_q6_K_f32,0.954900,512x1024x1,2x64x1,512x16x1x1
Vcur-20,kernel_add_row,0.002600,2048x0x0,64x0x0,512x16x1x1
cache_k_l20 (view),kernel_set_rows_f16_i64,0.003800,8192x1x1,512x1x1,512x4096x1x1
cache_v_l20 (view),kernel_set_rows_f16_i64,0.002800,8192x1x1,512x1x1,512x4096x1x1
__fattn__-20,flash_attn_f32_f16,4.016400,32x28x0,32x1x0,128x28x16x1
ffn_inp-20,kernel_add,0.024200,1024x1x1,64x1x1,3584x16x1x1
ffn_norm-20,kernel_rms_norm_mul,0.009100,16384x1x1,1024x1x1,3584x16x1x1
ffn_swiglu-20,kernel_swiglu,0.049100,8192x1x1,512x1x1,18944x16x1x1
ffn_out-20,kernel_mul_mv_q6_K_f32,33.156601,3584x1024x1,2x64x1,3584x16x1x1
l_out-20,kernel_add,0.023400,1024x1x1,64x1x1,3584x16x1x1
attn_norm-21,kernel_rms_norm_mul,0.009400,16384x1x1,1024x1x1,3584x16x1x1
Qcur-21,kernel_add_row,0.008900,14336x0x0,64x0x0,3584x16x1x1
Qcur-21,kernel_rope_neox_f32,0.005500,1792x16x1,64x1x1,128x28x16x1
Kcur-21,kernel_add_row,0.005500,2048x0x0,64x0x0,512x16x1x1
Kcur-21,kernel_rope_neox_f32,0.002700,256x16x1,64x1x1,128x4x16x1
Vcur-21,kernel_add_row,0.005700,2048x0x0,64x0x0,512x16x1x1
cache_k_l21 (view),kernel_set_rows_f16_i64,0.003700,8192x1x1,512x1x1,512x4096x1x1
cache_v_l21 (view),kernel_set_rows_f16_i64,0.002800,8192x1x1,512x1x1,512x4096x1x1
__fattn__-21,flash_attn_f32_f16,4.102900,32x28x0,32x1x0,128x28x16x1
ffn_inp-21,kernel_add,0.024100,1024x1x1,64x1x1,3584x16x1x1
ffn_norm-21,kernel_rms_norm_mul,0.009200,16384x1x1,1024x1x1,3584x16x1x1
l_out-21,kernel_add,0.024700,1024x1x1,64x1x1,3584x16x1x1
attn_norm-22,kernel_rms_norm_mul,0.009600,16384x1x1,1024x1x1,3584x16x1x1
Qcur-22,kernel_add_row,0.008500,14336x0x0,64x0x0,3584x16x1x1
Qcur-22,kernel_rope_neox_f32,0.005600,1792x16x1,64x1x1,128x28x16x1
Kcur-22,kernel_add_row,0.005700,2048x0x0,64x0x0,512x16x1x1
Kcur-22,kernel_rope_neox_f32,0.002700,256x16x1,64x1x1,128x4x16x1
Vcur-22,kernel_add_row,0.005700,2048x0x0,64x0x0,512x16x1x1
cache_k_l22 (view),kernel_set_rows_f16_i64,0.004100,8192x1x1,512x1x1,512x4096x1x1
cache_v_l22 (view),kernel_set_rows_f16_i64,0.002700,8192x1x1,512x1x1,512x4096x1x1
__fattn__-22,flash_attn_f32_f16,4.042600,32x28x0,32x1x0,128x28x16x1
ffn_inp-22,kernel_add,0.023600,1024x1x1,64x1x1,3584x16x1x1
ffn_norm-22,kernel_rms_norm_mul,0.009200,16384x1x1,1024x1x1,3584x16x1x1
l_out-22,kernel_add,0.025200,1024x1x1,64x1x1,3584x16x1x1
attn_norm-23,kernel_rms_norm_mul,0.009500,16384x1x1,1024x1x1,3584x16x1x1
Qcur-23,kernel_add_row,0.008200,14336x0x0,64x0x0,3584x16x1x1
Qcur-23,kernel_rope_neox_f32,0.005500,1792x16x1,64x1x1,128x28x16x1
Kcur-23,kernel_add_row,0.005800,2048x0x0,64x0x0,512x16x1x1
Kcur-23,kernel_rope_neox_f32,0.002700,256x16x1,64x1x1,128x4x16x1
node_794,kernel_mul_mv_q6_K_f32,0.952800,512x1024x1,2x64x1,512x16x1x1
Vcur-23,kernel_add_row,0.002500,2048x0x0,64x0x0,512x16x1x1
cache_k_l23 (view),kernel_set_rows_f16_i64,0.003600,8192x1x1,512x1x1,512x4096x1x1
cache_v_l23 (view),kernel_set_rows_f16_i64,0.002800,8192x1x1,512x1x1,512x4096x1x1
__fattn__-23,flash_attn_f32_f16,4.113000,32x28x0,32x1x0,128x28x16x1
ffn_inp-23,kernel_add,0.024300,1024x1x1,64x1x1,3584x16x1x1
ffn_norm-23,kernel_rms_norm_mul,0.009200,16384x1x1,1024x1x1,3584x16x1x1
ffn_swiglu-23,kernel_swiglu,0.048300,8192x1x1,512x1x1,18944x16x1x1
ffn_out-23,kernel_mul_mv_q6_K_f32,33.138000,3584x1024x1,2x64x1,3584x16x1x1
l_out-23,kernel_add,0.023700,1024x1x1,64x1x1,3584x16x1x1
attn_norm-24,kernel_rms_norm_mul,0.009500,16384x1x1,1024x1x1,3584x16x1x1
Qcur-24,kernel_add_row,0.007800,14336x0x0,64x0x0,3584x16x1x1
Qcur-24,kernel_rope_neox_f32,0.005400,1792x16x1,64x1x1,128x28x16x1
Kcur-24,kernel_add_row,0.005800,2048x0x0,64x0x0,512x16x1x1
Kcur-24,kernel_rope_neox_f32,0.002600,256x16x1,64x1x1,128x4x16x1
node_828,kernel_mul_mv_q6_K_f32,0.957000,512x1024x1,2x64x1,512x16x1x1
Vcur-24,kernel_add_row,0.002500,2048x0x0,64x0x0,512x16x1x1
cache_k_l24 (view),kernel_set_rows_f16_i64,0.003700,8192x1x1,512x1x1,512x4096x1x1
cache_v_l24 (view),kernel_set_rows_f16_i64,0.002900,8192x1x1,512x1x1,512x4096x1x1
__fattn__-24,flash_attn_f32_f16,4.003200,32x28x0,32x1x0,128x28x16x1
ffn_inp-24,kernel_add,0.024300,1024x1x1,64x1x1,3584x16x1x1
ffn_norm-24,kernel_rms_norm_mul,0.009200,16384x1x1,1024x1x1,3584x16x1x1
ffn_swiglu-24,kernel_swiglu,0.049600,8192x1x1,512x1x1,18944x16x1x1
ffn_out-24,kernel_mul_mv_q6_K_f32,33.148602,3584x1024x1,2x64x1,3584x16x1x1
l_out-24,kernel_add,0.023300,1024x1x1,64x1x1,3584x16x1x1
attn_norm-25,kernel_rms_norm_mul,0.009400,16384x1x1,1024x1x1,3584x16x1x1
Qcur-25,kernel_add_row,0.007900,14336x0x0,64x0x0,3584x16x1x1
Qcur-25,kernel_rope_neox_f32,0.005500,1792x16x1,64x1x1,128x28x16x1
Kcur-25,kernel_add_row,0.005600,2048x0x0,64x0x0,512x16x1x1
Kcur-25,kernel_rope_neox_f32,0.002700,256x16x1,64x1x1,128x4x16x1
node_862,kernel_mul_mv_q6_K_f32,0.953900,512x1024x1,2x64x1,512x16x1x1
Vcur-25,kernel_add_row,0.002500,2048x0x0,64x0x0,512x16x1x1
cache_k_l25 (view),kernel_set_rows_f16_i64,0.003500,8192x1x1,512x1x1,512x4096x1x1
cache_v_l25 (view),kernel_set_rows_f16_i64,0.002900,8192x1x1,512x1x1,512x4096x1x1
__fattn__-25,flash_attn_f32_f16,4.026600,32x28x0,32x1x0,128x28x16x1
ffn_inp-25,kernel_add,0.024400,1024x1x1,64x1x1,3584x16x1x1
ffn_norm-25,kernel_rms_norm_mul,0.009200,16384x1x1,1024x1x1,3584x16x1x1
ffn_swiglu-25,kernel_swiglu,0.050000,8192x1x1,512x1x1,18944x16x1x1
ffn_out-25,kernel_mul_mv_q6_K_f32,33.131699,3584x1024x1,2x64x1,3584x16x1x1
l_out-25,kernel_add,0.023500,1024x1x1,64x1x1,3584x16x1x1
attn_norm-26,kernel_rms_norm_mul,0.009400,16384x1x1,1024x1x1,3584x16x1x1
Qcur-26,kernel_add_row,0.007800,14336x0x0,64x0x0,3584x16x1x1
Qcur-26,kernel_rope_neox_f32,0.005500,1792x16x1,64x1x1,128x28x16x1
Kcur-26,kernel_add_row,0.005600,2048x0x0,64x0x0,512x16x1x1
Kcur-26,kernel_rope_neox_f32,0.002800,256x16x1,64x1x1,128x4x16x1
node_896,kernel_mul_mv_q6_K_f32,0.953300,512x1024x1,2x64x1,512x16x1x1
Vcur-26,kernel_add_row,0.002600,2048x0x0,64x0x0,512x16x1x1
cache_k_l26 (view),kernel_set_rows_f16_i64,0.003700,8192x1x1,512x1x1,512x4096x1x1
cache_v_l26 (view),kernel_set_rows_f16_i64,0.002800,8192x1x1,512x1x1,512x4096x1x1
__fattn__-26,flash_attn_f32_f16,4.024500,32x28x0,32x1x0,128x28x16x1
ffn_inp-26,kernel_add,0.023900,1024x1x1,64x1x1,3584x16x1x1
ffn_norm-26,kernel_rms_norm_mul,0.009300,16384x1x1,1024x1x1,3584x16x1x1
ffn_swiglu-26,kernel_swiglu,0.048200,8192x1x1,512x1x1,18944x16x1x1
ffn_out-26,kernel_mul_mv_q6_K_f32,33.028702,3584x1024x1,2x64x1,3584x16x1x1
l_out-26,kernel_add,0.023000,1024x1x1,64x1x1,3584x16x1x1
attn_norm-27,kernel_rms_norm_mul,0.009400,16384x1x1,1024x1x1,3584x16x1x1
Qcur-27,kernel_add_row,0.008100,14336x0x0,64x0x0,3584x16x1x1
Qcur-27,kernel_rope_neox_f32,0.005400,1792x16x1,64x1x1,128x28x16x1
Kcur-27,kernel_add_row,0.005500,2048x0x0,64x0x0,512x16x1x1
Kcur-27,kernel_rope_neox_f32,0.002800,256x16x1,64x1x1,128x4x16x1
node_930,kernel_mul_mv_q6_K_f32,0.953100,512x1024x1,2x64x1,512x16x1x1
Vcur-27,kernel_add_row,0.002500,2048x0x0,64x0x0,512x16x1x1
cache_k_l27 (view),kernel_set_rows_f16_i64,0.003800,8192x1x1,512x1x1,512x4096x1x1
cache_v_l27 (view),kernel_set_rows_f16_i64,0.002800,8192x1x1,512x1x1,512x4096x1x1
__fattn__-27,flash_attn_f32_f16,4.055400,32x28x0,32x1x0,128x28x16x1
attn_norm-0,kernel_rms_norm_mul,0.012600,16384x1x1,1024x1x1,3584x16x1x1
Qcur-0,kernel_add_row,0.007900,14336x0x0,64x0x0,3584x16x1x1
Qcur-0,kernel_rope_neox_f32,0.005600,1792x16x1,64x1x1,128x28x16x1
Kcur-0,kernel_add_row,0.005700,2048x0x0,64x0x0,512x16x1x1
Kcur-0,kernel_rope_neox_f32,0.002800,256x16x1,64x1x1,128x4x16x1
node_11,kernel_mul_mv_q6_K_f32,0.955200,512x1024x1,2x64x1,512x16x1x1
Vcur-0,kernel_add_row,0.002500,2048x0x0,64x0x0,512x16x1x1
cache_k_l0 (view),kernel_set_rows_f16_i64,0.003300,8192x1x1,512x1x1,512x4096x1x1
cache_v_l0 (view),kernel_set_rows_f16_i64,0.002900,8192x1x1,512x1x1,512x4096x1x1
 (copy),kernel_cpy_f32_f16,0.006000,4096x1x1,64x1x1,768x64x1x1
__fattn__-0,flash_attn_f32_f16,4.058400,32x28x0,32x1x0,128x28x16x1
ffn_inp-0,kernel_add,0.025200,1024x1x1,64x1x1,3584x16x1x1
ffn_norm-0,kernel_rms_norm_mul,0.009200,16384x1x1,1024x1x1,3584x16x1x1
ffn_swiglu-0,kernel_swiglu,0.048900,8192x1x1,512x1x1,18944x16x1x1
ffn_out-0,kernel_mul_mv_q6_K_f32,33.035500,3584x1024x1,2x64x1,3584x16x1x1
l_out-0,kernel_add,0.023500,1024x1x1,64x1x1,3584x16x1x1
attn_norm-1,kernel_rms_norm_mul,0.009400,16384x1x1,1024x1x1,3584x16x1x1
Qcur-1,kernel_add_row,0.007800,14336x0x0,64x0x0,3584x16x1x1
Qcur-1,kernel_rope_neox_f32,0.005500,1792x16x1,64x1x1,128x28x16x1
Kcur-1,kernel_add_row,0.005600,2048x0x0,64x0x0,512x16x1x1
Kcur-1,kernel_rope_neox_f32,0.002700,256x16x1,64x1x1,128x4x16x1
node_46,kernel_mul_mv_q6_K_f32,0.954400,512x1024x1,2x64x1,512x16x1x1
Vcur-1,kernel_add_row,0.002500,2048x0x0,64x0x0,512x16x1x1
cache_k_l1 (view),kernel_set_rows_f16_i64,0.003700,8192x1x1,512x1x1,512x4096x1x1
cache_v_l1 (view),kernel_set_rows_f16_i64,0.002800,8192x1x1,512x1x1,512x4096x1x1
__fattn__-1,flash_attn_f32_f16,4.103600,32x28x0,32x1x0,128x28x16x1
ffn_inp-1,kernel_add,0.024500,1024x1x1,64x1x1,3584x16x1x1
ffn_norm-1,kernel_rms_norm_mul,0.009200,16384x1x1,1024x1x1,3584x16x1x1
ffn_swiglu-1,kernel_swiglu,0.048700,8192x1x1,512x1x1,18944x16x1x1
ffn_out-1,kernel_mul_mv_q6_K_f32,33.166401,3584x1024x1,2x64x1,3584x16x1x1
l_out-1,kernel_add,0.023400,1024x1x1,64x1x1,3584x16x1x1
attn_norm-2,kernel_rms_norm_mul,0.009500,16384x1x1,1024x1x1,3584x16x1x1
Qcur-2,kernel_add_row,0.008000,14336x0x0,64x0x0,3584x16x1x1
Qcur-2,kernel_rope_neox_f32,0.005500,1792x16x1,64x1x1,128x28x16x1
Kcur-2,kernel_add_row,0.005700,2048x0x0,64x0x0,512x16x1x1
Kcur-2,kernel_rope_neox_f32,0.002700,256x16x1,64x1x1,128x4x16x1
node_80,kernel_mul_mv_q6_K_f32,0.954800,512x1024x1,2x64x1,512x16x1x1
Vcur-2,kernel_add_row,0.002600,2048x0x0,64x0x0,512x16x1x1
cache_k_l2 (view),kernel_set_rows_f16_i64,0.003700,8192x1x1,512x1x1,512x4096x1x1
cache_v_l2 (view),kernel_set_rows_f16_i64,0.002900,8192x1x1,512x1x1,512x4096x1x1
__fattn__-2,flash_attn_f32_f16,4.067100,32x28x0,32x1x0,128x28x16x1
ffn_inp-2,kernel_add,0.024200,1024x1x1,64x1x1,3584x16x1x1
ffn_norm-2,kernel_rms_norm_mul,0.009200,16384x1x1,1024x1x1,3584x16x1x1
ffn_swiglu-2,kernel_swiglu,0.050300,8192x1x1,512x1x1,18944x16x1x1
ffn_out-2,kernel_mul_mv_q6_K_f32,34.280800,3584x1024x1,2x64x1,3584x16x1x1
l_out-2,kernel_add,0.023200,1024x1x1,64x1x1,3584x16x1x1
attn_norm-3,kernel_rms_norm_mul,0.009400,16384x1x1,1024x1x1,3584x16x1x1
Qcur-3,kernel_add_row,0.011800,14336x0x0,64x0x0,3584x16x1x1
Qcur-3,kernel_rope_neox_f32,0.010700,1792x16x1,64x1x1,128x28x16x1
Kcur-3,kernel_add_row,0.005500,2048x0x0,64x0x0,512x16x1x1
Kcur-3,kernel_rope_neox_f32,0.002900,256x16x1,64x1x1,128x4x16x1
Vcur-3,kernel_add_row,0.005800,2048x0x0,64x0x0,512x16x1x1
cache_k_l3 (view),kernel_set_rows_f16_i64,0.004000,8192x1x1,512x1x1,512x4096x1x1
cache_v_l3 (view),kernel_set_rows_f16_i64,0.002800,8192x1x1,512x1x1,512x4096x1x1
__fattn__-3,flash_attn_f32_f16,4.035100,32x28x0,32x1x0,128x28x16x1
ffn_inp-3,kernel_add,0.024100,1024x1x1,64x1x1,3584x16x1x1
ffn_norm-3,kernel_rms_norm_mul,0.009200,16384x1x1,1024x1x1,3584x16x1x1
l_out-3,kernel_add,0.024700,1024x1x1,64x1x1,3584x16x1x1
attn_norm-4,kernel_rms_norm_mul,0.009500,16384x1x1,1024x1x1,3584x16x1x1
Qcur-4,kernel_add_row,0.008500,14336x0x0,64x0x0,3584x16x1x1
Qcur-4,kernel_rope_neox_f32,0.005600,1792x16x1,64x1x1,128x28x16x1
Kcur-4,kernel_add_row,0.005600,2048x0x0,64x0x0,512x16x1x1
Kcur-4,kernel_rope_neox_f32,0.002700,256x16x1,64x1x1,128x4x16x1
Vcur-4,kernel_add_row,0.005600,2048x0x0,64x0x0,512x16x1x1
cache_k_l4 (view),kernel_set_rows_f16_i64,0.004100,8192x1x1,512x1x1,512x4096x1x1
cache_v_l4 (view),kernel_set_rows_f16_i64,0.002800,8192x1x1,512x1x1,512x4096x1x1
__fattn__-4,flash_attn_f32_f16,4.003800,32x28x0,32x1x0,128x28x16x1
ffn_inp-4,kernel_add,0.023400,1024x1x1,64x1x1,3584x16x1x1
ffn_norm-4,kernel_rms_norm_mul,0.009300,16384x1x1,1024x1x1,3584x16x1x1
l_out-4,kernel_add,0.024800,1024x1x1,64x1x1,3584x16x1x1
attn_norm-5,kernel_rms_norm_mul,0.009600,16384x1x1,1024x1x1,3584x16x1x1
Qcur-5,kernel_add_row,0.008100,14336x0x0,64x0x0,3584x16x1x1
Qcur-5,kernel_rope_neox_f32,0.005500,1792x16x1,64x1x1,128x28x16x1
Kcur-5,kernel_add_row,0.005800,2048x0x0,64x0x0,512x16x1x1
Kcur-5,kernel_rope_neox_f32,0.002800,256x16x1,64x1x1,128x4x16x1
node_182,kernel_mul_mv_q6_K_f32,0.954800,512x1024x1,2x64x1,512x16x1x1
Vcur-5,kernel_add_row,0.002600,2048x0x0,64x0x0,512x16x1x1
cache_k_l5 (view),kernel_set_rows_f16_i64,0.003800,8192x1x1,512x1x1,512x4096x1x1
cache_v_l5 (view),kernel_set_rows_f16_i64,0.002900,8192x1x1,512x1x1,512x4096x1x1
__fattn__-5,flash_attn_f32_f16,4.014700,32x28x0,32x1x0,128x28x16x1
ffn_inp-5,kernel_add,0.024100,1024x1x1,64x1x1,3584x16x1x1
ffn_norm-5,kernel_rms_norm_mul,0.009200,16384x1x1,1024x1x1,3584x16x1x1
ffn_swiglu-5,kernel_swiglu,0.050000,8192x1x1,512x1x1,18944x16x1x1
ffn_out-5,kernel_mul_mv_q6_K_f32,34.539902,3584x1024x1,2x64x1,3584x16x1x1
l_out-5,kernel_add,0.023700,1024x1x1,64x1x1,3584x16x1x1
attn_norm-6,kernel_rms_norm_mul,0.009400,16384x1x1,1024x1x1,3584x16x1x1
Qcur-6,kernel_add_row,0.041500,14336x0x0,64x0x0,3584x16x1x1
Qcur-6,kernel_rope_neox_f32,0.006100,1792x16x1,64x1x1,128x28x16x1
Kcur-6,kernel_add_row,0.005600,2048x0x0,64x0x0,512x16x1x1
Kcur-6,kernel_rope_neox_f32,0.002800,256x16x1,64x1x1,128x4x16x1
Vcur-6,kernel_add_row,0.005600,2048x0x0,64x0x0,512x16x1x1
cache_k_l6 (view),kernel_set_rows_f16_i64,0.004000,8192x1x1,512x1x1,512x4096x1x1
cache_v_l6 (view),kernel_set_rows_f16_i64,0.002900,8192x1x1,512x1x1,512x4096x1x1
__fattn__-6,flash_attn_f32_f16,4.096400,32x28x0,32x1x0,128x28x16x1
ffn_inp-6,kernel_add,0.023800,1024x1x1,64x1x1,3584x16x1x1
ffn_norm-6,kernel_rms_norm_mul,0.009200,16384x1x1,1024x1x1,3584x16x1x1
l_out-6,kernel_add,0.025000,1024x1x1,64x1x1,3584x16x1x1
attn_norm-7,kernel_rms_norm_mul,0.009600,16384x1x1,1024x1x1,3584x16x1x1
Qcur-7,kernel_add_row,0.008300,14336x0x0,64x0x0,3584x16x1x1
Qcur-7,kernel_rope_neox_f32,0.005600,1792x16x1,64x1x1,128x28x16x1
Kcur-7,kernel_add_row,0.005600,2048x0x0,64x0x0,512x16x1x1
Kcur-7,kernel_rope_neox_f32,0.002800,256x16x1,64x1x1,128x4x16x1
Vcur-7,kernel_add_row,0.005600,2048x0x0,64x0x0,512x16x1x1
cache_k_l7 (view),kernel_set_rows_f16_i64,0.003800,8192x1x1,512x1x1,512x4096x1x1
cache_v_l7 (view),kernel_set_rows_f16_i64,0.002800,8192x1x1,512x1x1,512x4096x1x1
__fattn__-7,flash_attn_f32_f16,4.041900,32x28x0,32x1x0,128x28x16x1
ffn_inp-7,kernel_add,0.023800,1024x1x1,64x1x1,3584x16x1x1
ffn_norm-7,kernel_rms_norm_mul,0.009200,16384x1x1,1024x1x1,3584x16x1x1
l_out-7,kernel_add,0.024600,1024x1x1,64x1x1,3584x16x1x1
attn_norm-8,kernel_rms_norm_mul,0.009800,16384x1x1,1024x1x1,3584x16x1x1
Qcur-8,kernel_add_row,0.007900,14336x0x0,64x0x0,3584x16x1x1
Qcur-8,kernel_rope_neox_f32,0.005400,1792x16x1,64x1x1,128x28x16x1
Kcur-8,kernel_add_row,0.005600,2048x0x0,64x0x0,512x16x1x1
Kcur-8,kernel_rope_neox_f32,0.002700,256x16x1,64x1x1,128x4x16x1
node_284,kernel_mul_mv_q6_K_f32,0.955800,512x1024x1,2x64x1,512x16x1x1
Vcur-8,kernel_add_row,0.002500,2048x0x0,64x0x0,512x16x1x1
cache_k_l8 (view),kernel_set_rows_f16_i64,0.003700,8192x1x1,512x1x1,512x4096x1x1
cache_v_l8 (view),kernel_set_rows_f16_i64,0.002800,8192x1x1,512x1x1,512x4096x1x1
__fattn__-8,flash_attn_f32_f16,4.063400,32x28x0,32x1x0,128x28x16x1
ffn_inp-8,kernel_add,0.024200,1024x1x1,64x1x1,3584x16x1x1
ffn_norm-8,kernel_rms_norm_mul,0.009200,16384x1x1,1024x1x1,3584x16x1x1
ffn_swiglu-8,kernel_swiglu,0.048400,8192x1x1,512x1x1,18944x16x1x1
ffn_out-8,kernel_mul_mv_q6_K_f32,33.977798,3584x1024x1,2x64x1,3584x16x1x1
l_out-8,kernel_add,0.023800,1024x1x1,64x1x1,3584x16x1x1
attn_norm-9,kernel_rms_norm_mul,0.009400,16384x1x1,1024x1x1,3584x16x1x1
Qcur-9,kernel_add_row,0.012100,14336x0x0,64x0x0,3584x16x1x1
Qcur-9,kernel_rope_neox_f32,0.010700,1792x16x1,64x1x1,128x28x16x1
Kcur-9,kernel_add_row,0.005600,2048x0x0,64x0x0,512x16x1x1
Kcur-9,kernel_rope_neox_f32,0.002700,256x16x1,64x1x1,128x4x16x1
Vcur-9,kernel_add_row,0.005700,2048x0x0,64x0x0,512x16x1x1
cache_k_l9 (view),kernel_set_rows_f16_i64,0.003900,8192x1x1,512x1x1,512x4096x1x1
cache_v_l9 (view),kernel_set_rows_f16_i64,0.002900,8192x1x1,512x1x1,512x4096x1x1
__fattn__-9,flash_attn_f32_f16,4.037700,32x28x0,32x1x0,128x28x16x1
ffn_inp-9,kernel_add,0.024000,1024x1x1,64x1x1,3584x16x1x1
ffn_norm-9,kernel_rms_norm_mul,0.009200,16384x1x1,1024x1x1,3584x16x1x1
l_out-9,kernel_add,0.024900,1024x1x1,64x1x1,3584x16x1x1
attn_norm-10,kernel_rms_norm_mul,0.009500,16384x1x1,1024x1x1,3584x16x1x1
Qcur-10,kernel_add_row,0.008000,14336x0x0,64x0x0,3584x16x1x1
Qcur-10,kernel_rope_neox_f32,0.005600,1792x16x1,64x1x1,128x28x16x1
Kcur-10,kernel_add_row,0.005800,2048x0x0,64x0x0,512x16x1x1
Kcur-10,kernel_rope_neox_f32,0.002700,256x16x1,64x1x1,128x4x16x1
Vcur-10,kernel_add_row,0.005600,2048x0x0,64x0x0,512x16x1x1
cache_k_l10 (view),kernel_set_rows_f16_i64,0.004000,8192x1x1,512x1x1,512x4096x1x1
cache_v_l10 (view),kernel_set_rows_f16_i64,0.002800,8192x1x1,512x1x1,512x4096x1x1
__fattn__-10,flash_attn_f32_f16,4.035000,32x28x0,32x1x0,128x28x16x1
ffn_inp-10,kernel_add,0.023700,1024x1x1,64x1x1,3584x16x1x1
ffn_norm-10,kernel_rms_norm_mul,0.009200,16384x1x1,1024x1x1,3584x16x1x1
l_out-10,kernel_add,0.024900,1024x1x1,64x1x1,3584x16x1x1
attn_norm-11,kernel_rms_norm_mul,0.009500,16384x1x1,1024x1x1,3584x16x1x1
Qcur-11,kernel_add_row,0.008200,14336x0x0,64x0x0,3584x16x1x1
Qcur-11,kernel_rope_neox_f32,0.005600,1792x16x1,64x1x1,128x28x16x1
Kcur-11,kernel_add_row,0.005700,2048x0x0,64x0x0,512x16x1x1
Kcur-11,kernel_rope_neox_f32,0.002700,256x16x1,64x1x1,128x4x16x1
node_386,kernel_mul_mv_q6_K_f32,0.955700,512x1024x1,2x64x1,512x16x1x1
Vcur-11,kernel_add_row,0.002500,2048x0x0,64x0x0,512x16x1x1
cache_k_l11 (view),kernel_set_rows_f16_i64,0.003700,8192x1x1,512x1x1,512x4096x1x1
cache_v_l11 (view),kernel_set_rows_f16_i64,0.002800,8192x1x1,512x1x1,512x4096x1x1
__fattn__-11,flash_attn_f32_f16,4.044900,32x28x0,32x1x0,128x28x16x1
ffn_inp-11,kernel_add,0.024200,1024x1x1,64x1x1,3584x16x1x1
ffn_norm-11,kernel_rms_norm_mul,0.009100,16384x1x1,1024x1x1,3584x16x1x1
ffn_swiglu-11,kernel_swiglu,0.049600,8192x1x1,512x1x1,18944x16x1x1
ffn_out-11,kernel_mul_mv_q6_K_f32,33.120602,3584x1024x1,2x64x1,3584x16x1x1
l_out-11,kernel_add,0.023100,1024x1x1,64x1x1,3584x16x1x1
attn_norm-12,kernel_rms_norm_mul,0.009400,16384x1x1,1024x1x1,3584x16x1x1
Qcur-12,kernel_add_row,0.008400,14336x0x0,64x0x0,3584x16x1x1
Qcur-12,kernel_rope_neox_f32,0.005400,1792x16x1,64x1x1,128x28x16x1
Kcur-12,kernel_add_row,0.005600,2048x0x0,64x0x0,512x16x1x1
Kcur-12,kernel_rope_neox_f32,0.002700,256x16x1,64x1x1,128x4x16x1
Vcur-12,kernel_add_row,0.005600,2048x0x0,64x0x0,512x16x1x1
cache_k_l12 (view),kernel_set_rows_f16_i64,0.003900,8192x1x1,512x1x1,512x4096x1x1
cache_v_l12 (view),kernel_set_rows_f16_i64,0.002900,8192x1x1,512x1x1,512x4096x1x1
__fattn__-12,flash_attn_f32_f16,3.961000,32x28x0,32x1x0,128x28x16x1
ffn_inp-12,kernel_add,0.024300,1024x1x1,64x1x1,3584x16x1x1
ffn_norm-12,kernel_rms_norm_mul,0.009200,16384x1x1,1024x1x1,3584x16x1x1
l_out-12,kernel_add,0.024800,1024x1x1,64x1x1,3584x16x1x1
attn_norm-13,kernel_rms_norm_mul,0.009500,16384x1x1,1024x1x1,3584x16x1x1
Qcur-13,kernel_add_row,0.007900,14336x0x0,64x0x0,3584x16x1x1
Qcur-13,kernel_rope_neox_f32,0.005600,1792x16x1,64x1x1,128x28x16x1
Kcur-13,kernel_add_row,0.005800,2048x0x0,64x0x0,512x16x1x1
Kcur-13,kernel_rope_neox_f32,0.002700,256x16x1,64x1x1,128x4x16x1
Vcur-13,kernel_add_row,0.005600,2048x0x0,64x0x0,512x16x1x1
cache_k_l13 (view),kernel_set_rows_f16_i64,0.003700,8192x1x1,512x1x1,512x4096x1x1
cache_v_l13 (view),kernel_set_rows_f16_i64,0.002700,8192x1x1,512x1x1,512x4096x1x1
__fattn__-13,flash_attn_f32_f16,4.062600,32x28x0,32x1x0,128x28x16x1
ffn_inp-13,kernel_add,0.023500,1024x1x1,64x1x1,3584x16x1x1
ffn_norm-13,kernel_rms_norm_mul,0.009200,16384x1x1,1024x1x1,3584x16x1x1
l_out-13,kernel_add,0.024800,1024x1x1,64x1x1,3584x16x1x1
attn_norm-14,kernel_rms_norm_mul,0.009700,16384x1x1,1024x1x1,3584x16x1x1
Qcur-14,kernel_add_row,0.008000,14336x0x0,64x0x0,3584x16x1x1
Qcur-14,kernel_rope_neox_f32,0.005500,1792x16x1,64x1x1,128x28x16x1
Kcur-14,kernel_add_row,0.005600,2048x0x0,64x0x0,512x16x1x1
Kcur-14,kernel_rope_neox_f32,0.002600,256x16x1,64x1x1,128x4x16x1
node_488,kernel_mul_mv_q6_K_f32,0.954300,512x1024x1,2x64x1,512x16x1x1
Vcur-14,kernel_add_row,0.002500,2048x0x0,64x0x0,512x16x1x1
cache_k_l14 (view),kernel_set_rows_f16_i64,0.003700,8192x1x1,512x1x1,512x4096x1x1
cache_v_l14 (view),kernel_set_rows_f16_i64,0.002800,8192x1x1,512x1x1,512x4096x1x1
__fattn__-14,flash_attn_f32_f16,4.060800,32x28x0,32x1x0,128x28x16x1
ffn_inp-14,kernel_add,0.024100,1024x1x1,64x1x1,3584x16x1x1
ffn_norm-14,kernel_rms_norm_mul,0.009200,16384x1x1,1024x1x1,3584x16x1x1
ffn_swiglu-14,kernel_swiglu,0.051800,8192x1x1,512x1x1,18944x16x1x1
ffn_out-14,kernel_mul_mv_q6_K_f32,33.114799,3584x1024x1,2x64x1,3584x16x1x1
l_out-14,kernel_add,0.023700,1024x1x1,64x1x1,3584x16x1x1
attn_norm-15,kernel_rms_norm_mul,0.009400,16384x1x1,1024x1x1,3584x16x1x1
Qcur-15,kernel_add_row,0.008700,14336x0x0,64x0x0,3584x16x1x1
Qcur-15,kernel_rope_neox_f32,0.005500,1792x16x1,64x1x1,128x28x16x1
Kcur-15,kernel_add_row,0.005800,2048x0x0,64x0x0,512x16x1x1
Kcur-15,kernel_rope_neox_f32,0.002700,256x16x1,64x1x1,128x4x16x1
Vcur-15,kernel_add_row,0.005600,2048x0x0,64x0x0,512x16x1x1
cache_k_l15 (view),kernel_set_rows_f16_i64,0.003900,8192x1x1,512x1x1,512x4096x1x1
cache_v_l15 (view),kernel_set_rows_f16_i64,0.002800,8192x1x1,512x1x1,512x4096x1x1
__fattn__-15,flash_attn_f32_f16,3.999300,32x28x0,32x1x0,128x28x16x1
ffn_inp-15,kernel_add,0.024500,1024x1x1,64x1x1,3584x16x1x1
ffn_norm-15,kernel_rms_norm_mul,0.009200,16384x1x1,1024x1x1,3584x16x1x1
l_out-15,kernel_add,0.024900,1024x1x1,64x1x1,3584x16x1x1
attn_norm-16,kernel_rms_norm_mul,0.009600,16384x1x1,1024x1x1,3584x16x1x1
Qcur-16,kernel_add_row,0.008200,14336x0x0,64x0x0,3584x16x1x1
Qcur-16,kernel_rope_neox_f32,0.005500,1792x16x1,64x1x1,128x28x16x1
Kcur-16,kernel_add_row,0.005500,2048x0x0,64x0x0,512x16x1x1
Kcur-16,kernel_rope_neox_f32,0.002700,256x16x1,64x1x1,128x4x16x1
Vcur-16,kernel_add_row,0.005700,2048x0x0,64x0x0,512x16x1x1
cache_k_l16 (view),kernel_set_rows_f16_i64,0.003900,8192x1x1,512x1x1,512x4096x1x1
cache_v_l16 (view),kernel_set_rows_f16_i64,0.002800,8192x1x1,512x1x1,512x4096x1x1
__fattn__-16,flash_attn_f32_f16,4.074400,32x28x0,32x1x0,128x28x16x1
ffn_inp-16,kernel_add,0.023800,1024x1x1,64x1x1,3584x16x1x1
ffn_norm-16,kernel_rms_norm_mul,0.009200,16384x1x1,1024x1x1,3584x16x1x1
l_out-16,kernel_add,0.024700,1024x1x1,64x1x1,3584x16x1x1
attn_norm-17,kernel_rms_norm_mul,0.009600,16384x1x1,1024x1x1,3584x16x1x1
Qcur-17,kernel_add_row,0.008100,14336x0x0,64x0x0,3584x16x1x1
Qcur-17,kernel_rope_neox_f32,0.005400,1792x16x1,64x1x1,128x28x16x1
Kcur-17,kernel_add_row,0.005600,2048x0x0,64x0x0,512x16x1x1
Kcur-17,kernel_rope_neox_f32,0.002700,256x16x1,64x1x1,128x4x16x1
node_590,kernel_mul_mv_q6_K_f32,0.955400,512x1024x1,2x64x1,512x16x1x1
Vcur-17,kernel_add_row,0.002500,2048x0x0,64x0x0,512x16x1x1
cache_k_l17 (view),kernel_set_rows_f16_i64,0.003600,8192x1x1,512x1x1,512x4096x1x1
cache_v_l17 (view),kernel_set_rows_f16_i64,0.002800,8192x1x1,512x1x1,512x4096x1x1
__fattn__-17,flash_attn_f32_f16,4.074200,32x28x0,32x1x0,128x28x16x1
ffn_inp-17,kernel_add,0.024200,1024x1x1,64x1x1,3584x16x1x1
ffn_norm-17,kernel_rms_norm_mul,0.009200,16384x1x1,1024x1x1,3584x16x1x1
ffn_swiglu-17,kernel_swiglu,0.047800,8192x1x1,512x1x1,18944x16x1x1
ffn_out-17,kernel_mul_mv_q6_K_f32,33.149502,3584x1024x1,2x64x1,3584x16x1x1
l_out-17,kernel_add,0.022800,1024x1x1,64x1x1,3584x16x1x1
attn_norm-18,kernel_rms_norm_mul,0.009400,16384x1x1,1024x1x1,3584x16x1x1
Qcur-18,kernel_add_row,0.008100,14336x0x0,64x0x0,3584x16x1x1
Qcur-18,kernel_rope_neox_f32,0.005600,1792x16x1,64x1x1,128x28x16x1
Kcur-18,kernel_add_row,0.005600,2048x0x0,64x0x0,512x16x1x1
Kcur-18,kernel_rope_neox_f32,0.002700,256x16x1,64x1x1,128x4x16x1
Vcur-18,kernel_add_row,0.005800,2048x0x0,64x0x0,512x16x1x1
cache_k_l18 (view),kernel_set_rows_f16_i64,0.003900,8192x1x1,512x1x1,512x4096x1x1
cache_v_l18 (view),kernel_set_rows_f16_i64,0.002900,8192x1x1,512x1x1,512x4096x1x1
__fattn__-18,flash_attn_f32_f16,4.065600,32x28x0,32x1x0,128x28x16x1
ffn_inp-18,kernel_add,0.025100,1024x1x1,64x1x1,3584x16x1x1
ffn_norm-18,kernel_rms_norm_mul,0.009300,16384x1x1,1024x1x1,3584x16x1x1
l_out-18,kernel_add,0.024900,1024x1x1,64x1x1,3584x16x1x1
attn_norm-19,kernel_rms_norm_mul,0.009600,16384x1x1,1024x1x1,3584x16x1x1
Qcur-19,kernel_add_row,0.007700,14336x0x0,64x0x0,3584x16x1x1
Qcur-19,kernel_rope_neox_f32,0.005600,1792x16x1,64x1x1,128x28x16x1
Kcur-19,kernel_add_row,0.005600,2048x0x0,64x0x0,512x16x1x1
Kcur-19,kernel_rope_neox_f32,0.002700,256x16x1,64x1x1,128x4x16x1
Vcur-19,kernel_add_row,0.005600,2048x0x0,64x0x0,512x16x1x1
cache_k_l19 (view),kernel_set_rows_f16_i64,0.003800,8192x1x1,512x1x1,512x4096x1x1
cache_v_l19 (view),kernel_set_rows_f16_i64,0.002800,8192x1x1,512x1x1,512x4096x1x1
__fattn__-19,flash_attn_f32_f16,4.059900,32x28x0,32x1x0,128x28x16x1
ffn_inp-19,kernel_add,0.023600,1024x1x1,64x1x1,3584x16x1x1
ffn_norm-19,kernel_rms_norm_mul,0.009200,16384x1x1,1024x1x1,3584x16x1x1
l_out-19,kernel_add,0.024800,1024x1x1,64x1x1,3584x16x1x1
attn_norm-20,kernel_rms_norm_mul,0.009500,16384x1x1,1024x1x1,3584x16x1x1
Qcur-20,kernel_add_row,0.008100,14336x0x0,64x0x0,3584x16x1x1
Qcur-20,kernel_rope_neox_f32,0.005500,1792x16x1,64x1x1,128x28x16x1
Kcur-20,kernel_add_row,0.005700,2048x0x0,64x0x0,512x16x1x1
Kcur-20,kernel_rope_neox_f32,0.002700,256x16x1,64x1x1,128x4x16x1
node_692,kernel_mul_mv_q6_K_f32,0.953700,512x1024x1,2x64x1,512x16x1x1
Vcur-20,kernel_add_row,0.002500,2048x0x0,64x0x0,512x16x1x1
cache_k_l20 (view),kernel_set_rows_f16_i64,0.003600,8192x1x1,512x1x1,512x4096x1x1
cache_v_l20 (view),kernel_set_rows_f16_i64,0.002800,8192x1x1,512x1x1,512x4096x1x1
__fattn__-20,flash_attn_f32_f16,4.044600,32x28x0,32x1x0,128x28x16x1
ffn_inp-20,kernel_add,0.024100,1024x1x1,64x1x1,3584x16x1x1
ffn_norm-20,kernel_rms_norm_mul,0.009100,16384x1x1,1024x1x1,3584x16x1x1
ffn_swiglu-20,kernel_swiglu,0.048200,8192x1x1,512x1x1,18944x16x1x1
ffn_out-20,kernel_mul_mv_q6_K_f32,33.155201,3584x1024x1,2x64x1,3584x16x1x1
l_out-20,kernel_add,0.023500,1024x1x1,64x1x1,3584x16x1x1
attn_norm-21,kernel_rms_norm_mul,0.009400,16384x1x1,1024x1x1,3584x16x1x1
Qcur-21,kernel_add_row,0.009400,14336x0x0,64x0x0,3584x16x1x1
Qcur-21,kernel_rope_neox_f32,0.005600,1792x16x1,64x1x1,128x28x16x1
Kcur-21,kernel_add_row,0.005700,2048x0x0,64x0x0,512x16x1x1
Kcur-21,kernel_rope_neox_f32,0.002900,256x16x1,64x1x1,128x4x16x1
Vcur-21,kernel_add_row,0.005600,2048x0x0,64x0x0,512x16x1x1
cache_k_l21 (view),kernel_set_rows_f16_i64,0.004000,8192x1x1,512x1x1,512x4096x1x1
cache_v_l21 (view),kernel_set_rows_f16_i64,0.002700,8192x1x1,512x1x1,512x4096x1x1
__fattn__-21,flash_attn_f32_f16,4.078800,32x28x0,32x1x0,128x28x16x1
ffn_inp-21,kernel_add,0.024100,1024x1x1,64x1x1,3584x16x1x1
ffn_norm-21,kernel_rms_norm_mul,0.009200,16384x1x1,1024x1x1,3584x16x1x1
l_out-21,kernel_add,0.024800,1024x1x1,64x1x1,3584x16x1x1
attn_norm-22,kernel_rms_norm_mul,0.009700,16384x1x1,1024x1x1,3584x16x1x1
Qcur-22,kernel_add_row,0.008500,14336x0x0,64x0x0,3584x16x1x1
Qcur-22,kernel_rope_neox_f32,0.005600,1792x16x1,64x1x1,128x28x16x1
Kcur-22,kernel_add_row,0.005600,2048x0x0,64x0x0,512x16x1x1
Kcur-22,kernel_rope_neox_f32,0.002800,256x16x1,64x1x1,128x4x16x1
Vcur-22,kernel_add_row,0.005700,2048x0x0,64x0x0,512x16x1x1
cache_k_l22 (view),kernel_set_rows_f16_i64,0.004200,8192x1x1,512x1x1,512x4096x1x1
cache_v_l22 (view),kernel_set_rows_f16_i64,0.002800,8192x1x1,512x1x1,512x4096x1x1
__fattn__-22,flash_attn_f32_f16,4.064100,32x28x0,32x1x0,128x28x16x1
ffn_inp-22,kernel_add,0.023500,1024x1x1,64x1x1,3584x16x1x1
ffn_norm-22,kernel_rms_norm_mul,0.009200,16384x1x1,1024x1x1,3584x16x1x1
l_out-22,kernel_add,0.024600,1024x1x1,64x1x1,3584x16x1x1
attn_norm-23,kernel_rms_norm_mul,0.009600,16384x1x1,1024x1x1,3584x16x1x1
Qcur-23,kernel_add_row,0.008200,14336x0x0,64x0x0,3584x16x1x1
Qcur-23,kernel_rope_neox_f32,0.005500,1792x16x1,64x1x1,128x28x16x1
Kcur-23,kernel_add_row,0.005700,2048x0x0,64x0x0,512x16x1x1
Kcur-23,kernel_rope_neox_f32,0.002700,256x16x1,64x1x1,128x4x16x1
node_794,kernel_mul_mv_q6_K_f32,0.952700,512x1024x1,2x64x1,512x16x1x1
Vcur-23,kernel_add_row,0.002400,2048x0x0,64x0x0,512x16x1x1
cache_k_l23 (view),kernel_set_rows_f16_i64,0.003800,8192x1x1,512x1x1,512x4096x1x1
cache_v_l23 (view),kernel_set_rows_f16_i64,0.002900,8192x1x1,512x1x1,512x4096x1x1
__fattn__-23,flash_attn_f32_f16,4.011500,32x28x0,32x1x0,128x28x16x1
ffn_inp-23,kernel_add,0.024100,1024x1x1,64x1x1,3584x16x1x1
ffn_norm-23,kernel_rms_norm_mul,0.009100,16384x1x1,1024x1x1,3584x16x1x1
ffn_swiglu-23,kernel_swiglu,0.048700,8192x1x1,512x1x1,18944x16x1x1
ffn_out-23,kernel_mul_mv_q6_K_f32,33.143398,3584x1024x1,2x64x1,3584x16x1x1
l_out-23,kernel_add,0.023000,1024x1x1,64x1x1,3584x16x1x1
attn_norm-24,kernel_rms_norm_mul,0.009400,16384x1x1,1024x1x1,3584x16x1x1
Qcur-24,kernel_add_row,0.007800,14336x0x0,64x0x0,3584x16x1x1
Qcur-24,kernel_rope_neox_f32,0.005500,1792x16x1,64x1x1,128x28x16x1
Kcur-24,kernel_add_row,0.005700,2048x0x0,64x0x0,512x16x1x1
Kcur-24,kernel_rope_neox_f32,0.002800,256x16x1,64x1x1,128x4x16x1
node_828,kernel_mul_mv_q6_K_f32,0.953700,512x1024x1,2x64x1,512x16x1x1
Vcur-24,kernel_add_row,0.002500,2048x0x0,64x0x0,512x16x1x1
cache_k_l24 (view),kernel_set_rows_f16_i64,0.004000,8192x1x1,512x1x1,512x4096x1x1
cache_v_l24 (view),kernel_set_rows_f16_i64,0.002700,8192x1x1,512x1x1,512x4096x1x1
__fattn__-24,flash_attn_f32_f16,4.037800,32x28x0,32x1x0,128x28x16x1
ffn_inp-24,kernel_add,0.024400,1024x1x1,64x1x1,3584x16x1x1
ffn_norm-24,kernel_rms_norm_mul,0.009300,16384x1x1,1024x1x1,3584x16x1x1
ffn_swiglu-24,kernel_swiglu,0.049400,8192x1x1,512x1x1,18944x16x1x1
ffn_out-24,kernel_mul_mv_q6_K_f32,33.104000,3584x1024x1,2x64x1,3584x16x1x1
l_out-24,kernel_add,0.022600,1024x1x1,64x1x1,3584x16x1x1
attn_norm-25,kernel_rms_norm_mul,0.009400,16384x1x1,1024x1x1,3584x16x1x1
Qcur-25,kernel_add_row,0.008000,14336x0x0,64x0x0,3584x16x1x1
Qcur-25,kernel_rope_neox_f32,0.005400,1792x16x1,64x1x1,128x28x16x1
Kcur-25,kernel_add_row,0.005800,2048x0x0,64x0x0,512x16x1x1
Kcur-25,kernel_rope_neox_f32,0.002800,256x16x1,64x1x1,128x4x16x1
node_862,kernel_mul_mv_q6_K_f32,0.957200,512x1024x1,2x64x1,512x16x1x1
Vcur-25,kernel_add_row,0.002500,2048x0x0,64x0x0,512x16x1x1
cache_k_l25 (view),kernel_set_rows_f16_i64,0.003700,8192x1x1,512x1x1,512x4096x1x1
cache_v_l25 (view),kernel_set_rows_f16_i64,0.002800,8192x1x1,512x1x1,512x4096x1x1
__fattn__-25,flash_attn_f32_f16,4.100200,32x28x0,32x1x0,128x28x16x1
ffn_inp-25,kernel_add,0.023800,1024x1x1,64x1x1,3584x16x1x1
ffn_norm-25,kernel_rms_norm_mul,0.009100,16384x1x1,1024x1x1,3584x16x1x1
ffn_swiglu-25,kernel_swiglu,0.049600,8192x1x1,512x1x1,18944x16x1x1
ffn_out-25,kernel_mul_mv_q6_K_f32,33.095600,3584x1024x1,2x64x1,3584x16x1x1
l_out-25,kernel_add,0.023600,1024x1x1,64x1x1,3584x16x1x1
attn_norm-26,kernel_rms_norm_mul,0.009300,16384x1x1,1024x1x1,3584x16x1x1
Qcur-26,kernel_add_row,0.007700,14336x0x0,64x0x0,3584x16x1x1
Qcur-26,kernel_rope_neox_f32,0.005500,1792x16x1,64x1x1,128x28x16x1
Kcur-26,kernel_add_row,0.005700,2048x0x0,64x0x0,512x16x1x1
Kcur-26,kernel_rope_neox_f32,0.002700,256x16x1,64x1x1,128x4x16x1
node_896,kernel_mul_mv_q6_K_f32,0.953900,512x1024x1,2x64x1,512x16x1x1
Vcur-26,kernel_add_row,0.002500,2048x0x0,64x0x0,512x16x1x1
cache_k_l26 (view),kernel_set_rows_f16_i64,0.003900,8192x1x1,512x1x1,512x4096x1x1
cache_v_l26 (view),kernel_set_rows_f16_i64,0.002800,8192x1x1,512x1x1,512x4096x1x1
__fattn__-26,flash_attn_f32_f16,4.065200,32x28x0,32x1x0,128x28x16x1
ffn_inp-26,kernel_add,0.024100,1024x1x1,64x1x1,3584x16x1x1
ffn_norm-26,kernel_rms_norm_mul,0.009200,16384x1x1,1024x1x1,3584x16x1x1
ffn_swiglu-26,kernel_swiglu,0.049200,8192x1x1,512x1x1,18944x16x1x1
ffn_out-26,kernel_mul_mv_q6_K_f32,33.081699,3584x1024x1,2x64x1,3584x16x1x1
l_out-26,kernel_add,0.023100,1024x1x1,64x1x1,3584x16x1x1
attn_norm-27,kernel_rms_norm_mul,0.009300,16384x1x1,1024x1x1,3584x16x1x1
Qcur-27,kernel_add_row,0.008000,14336x0x0,64x0x0,3584x16x1x1
Qcur-27,kernel_rope_neox_f32,0.005400,1792x16x1,64x1x1,128x28x16x1
Kcur-27,kernel_add_row,0.005700,2048x0x0,64x0x0,512x16x1x1
Kcur-27,kernel_rope_neox_f32,0.002700,256x16x1,64x1x1,128x4x16x1
node_930,kernel_mul_mv_q6_K_f32,0.953900,512x1024x1,2x64x1,512x16x1x1
Vcur-27,kernel_add_row,0.002500,2048x0x0,64x0x0,512x16x1x1
cache_k_l27 (view),kernel_set_rows_f16_i64,0.003700,8192x1x1,512x1x1,512x4096x1x1
cache_v_l27 (view),kernel_set_rows_f16_i64,0.002900,8192x1x1,512x1x1,512x4096x1x1
__fattn__-27,flash_attn_f32_f16,4.066400,32x28x0,32x1x0,128x28x16x1
attn_norm-0,kernel_rms_norm_mul,0.012500,16384x1x1,1024x1x1,3584x16x1x1
Qcur-0,kernel_add_row,0.008100,14336x0x0,64x0x0,3584x16x1x1
Qcur-0,kernel_rope_neox_f32,0.005400,1792x16x1,64x1x1,128x28x16x1
Kcur-0,kernel_add_row,0.005600,2048x0x0,64x0x0,512x16x1x1
Kcur-0,kernel_rope_neox_f32,0.002800,256x16x1,64x1x1,128x4x16x1
node_11,kernel_mul_mv_q6_K_f32,0.952300,512x1024x1,2x64x1,512x16x1x1
Vcur-0,kernel_add_row,0.002600,2048x0x0,64x0x0,512x16x1x1
cache_k_l0 (view),kernel_set_rows_f16_i64,0.003400,8192x1x1,512x1x1,512x4096x1x1
cache_v_l0 (view),kernel_set_rows_f16_i64,0.002900,8192x1x1,512x1x1,512x4096x1x1
 (copy),kernel_cpy_f32_f16,0.005600,4096x1x1,64x1x1,768x64x1x1
__fattn__-0,flash_attn_f32_f16,4.003100,32x28x0,32x1x0,128x28x16x1
ffn_inp-0,kernel_add,0.025200,1024x1x1,64x1x1,3584x16x1x1
ffn_norm-0,kernel_rms_norm_mul,0.009400,16384x1x1,1024x1x1,3584x16x1x1
ffn_swiglu-0,kernel_swiglu,0.048500,8192x1x1,512x1x1,18944x16x1x1
ffn_out-0,kernel_mul_mv_q6_K_f32,33.110500,3584x1024x1,2x64x1,3584x16x1x1
l_out-0,kernel_add,0.023100,1024x1x1,64x1x1,3584x16x1x1
attn_norm-1,kernel_rms_norm_mul,0.009400,16384x1x1,1024x1x1,3584x16x1x1
Qcur-1,kernel_add_row,0.008000,14336x0x0,64x0x0,3584x16x1x1
Qcur-1,kernel_rope_neox_f32,0.005500,1792x16x1,64x1x1,128x28x16x1
Kcur-1,kernel_add_row,0.005800,2048x0x0,64x0x0,512x16x1x1
Kcur-1,kernel_rope_neox_f32,0.002800,256x16x1,64x1x1,128x4x16x1
node_46,kernel_mul_mv_q6_K_f32,0.953700,512x1024x1,2x64x1,512x16x1x1
Vcur-1,kernel_add_row,0.002600,2048x0x0,64x0x0,512x16x1x1
cache_k_l1 (view),kernel_set_rows_f16_i64,0.003700,8192x1x1,512x1x1,512x4096x1x1
cache_v_l1 (view),kernel_set_rows_f16_i64,0.002900,8192x1x1,512x1x1,512x4096x1x1
__fattn__-1,flash_attn_f32_f16,4.061000,32x28x0,32x1x0,128x28x16x1
ffn_inp-1,kernel_add,0.024600,1024x1x1,64x1x1,3584x16x1x1
ffn_norm-1,kernel_rms_norm_mul,0.009200,16384x1x1,1024x1x1,3584x16x1x1
ffn_swiglu-1,kernel_swiglu,0.049900,8192x1x1,512x1x1,18944x16x1x1
ffn_out-1,kernel_mul_mv_q6_K_f32,33.062199,3584x1024x1,2x64x1,3584x16x1x1
l_out-1,kernel_add,0.023100,1024x1x1,64x1x1,3584x16x1x1
attn_norm-2,kernel_rms_norm_mul,0.009500,16384x1x1,1024x1x1,3584x16x1x1
Qcur-2,kernel_add_row,0.007900,14336x0x0,64x0x0,3584x16x1x1
Qcur-2,kernel_rope_neox_f32,0.005400,1792x16x1,64x1x1,128x28x16x1
Kcur-2,kernel_add_row,0.005600,2048x0x0,64x0x0,512x16x1x1
Kcur-2,kernel_rope_neox_f32,0.002900,256x16x1,64x1x1,128x4x16x1
node_80,kernel_mul_mv_q6_K_f32,0.955100,512x1024x1,2x64x1,512x16x1x1
Vcur-2,kernel_add_row,0.002500,2048x0x0,64x0x0,512x16x1x1
cache_k_l2 (view),kernel_set_rows_f16_i64,0.003700,8192x1x1,512x1x1,512x4096x1x1
cache_v_l2 (view),kernel_set_rows_f16_i64,0.002800,8192x1x1,512x1x1,512x4096x1x1
__fattn__-2,flash_attn_f32_f16,4.065400,32x28x0,32x1x0,128x28x16x1
ffn_inp-2,kernel_add,0.024100,1024x1x1,64x1x1,3584x16x1x1
ffn_norm-2,kernel_rms_norm_mul,0.009200,16384x1x1,1024x1x1,3584x16x1x1
ffn_swiglu-2,kernel_swiglu,0.047800,8192x1x1,512x1x1,18944x16x1x1
ffn_out-2,kernel_mul_mv_q6_K_f32,34.310200,3584x1024x1,2x64x1,3584x16x1x1
l_out-2,kernel_add,0.023000,1024x1x1,64x1x1,3584x16x1x1
attn_norm-3,kernel_rms_norm_mul,0.009400,16384x1x1,1024x1x1,3584x16x1x1
Qcur-3,kernel_add_row,0.011900,14336x0x0,64x0x0,3584x16x1x1
Qcur-3,kernel_rope_neox_f32,0.010700,1792x16x1,64x1x1,128x28x16x1
Kcur-3,kernel_add_row,0.005500,2048x0x0,64x0x0,512x16x1x1
Kcur-3,kernel_rope_neox_f32,0.002700,256x16x1,64x1x1,128x4x16x1
Vcur-3,kernel_add_row,0.005500,2048x0x0,64x0x0,512x16x1x1
cache_k_l3 (view),kernel_set_rows_f16_i64,0.003900,8192x1x1,512x1x1,512x4096x1x1
cache_v_l3 (view),kernel_set_rows_f16_i64,0.002900,8192x1x1,512x1x1,512x4096x1x1
__fattn__-3,flash_attn_f32_f16,4.050500,32x28x0,32x1x0,128x28x16x1
ffn_inp-3,kernel_add,0.024300,1024x1x1,64x1x1,3584x16x1x1
ffn_norm-3,kernel_rms_norm_mul,0.009200,16384x1x1,1024x1x1,3584x16x1x1
l_out-3,kernel_add,0.024900,1024x1x1,64x1x1,3584x16x1x1
attn_norm-4,kernel_rms_norm_mul,0.009400,16384x1x1,1024x1x1,3584x16x1x1
Qcur-4,kernel_add_row,0.008900,14336x0x0,64x0x0,3584x16x1x1
Qcur-4,kernel_rope_neox_f32,0.005700,1792x16x1,64x1x1,128x28x16x1
Kcur-4,kernel_add_row,0.005500,2048x0x0,64x0x0,512x16x1x1
Kcur-4,kernel_rope_neox_f32,0.002700,256x16x1,64x1x1,128x4x16x1
Vcur-4,kernel_add_row,0.005700,2048x0x0,64x0x0,512x16x1x1
cache_k_l4 (view),kernel_set_rows_f16_i64,0.003900,8192x1x1,512x1x1,512x4096x1x1
cache_v_l4 (view),kernel_set_rows_f16_i64,0.002800,8192x1x1,512x1x1,512x4096x1x1
__fattn__-4,flash_attn_f32_f16,3.993200,32x28x0,32x1x0,128x28x16x1
ffn_inp-4,kernel_add,0.023300,1024x1x1,64x1x1,3584x16x1x1
ffn_norm-4,kernel_rms_norm_mul,0.009100,16384x1x1,1024x1x1,3584x16x1x1
l_out-4,kernel_add,0.025600,1024x1x1,64x1x1,3584x16x1x1
attn_norm-5,kernel_rms_norm_mul,0.009500,16384x1x1,1024x1x1,3584x16x1x1
Qcur-5,kernel_add_row,0.007900,14336x0x0,64x0x0,3584x16x1x1
Qcur-5,kernel_rope_neox_f32,0.005500,1792x16x1,64x1x1,128x28x16x1
Kcur-5,kernel_add_row,0.005900,2048x0x0,64x0x0,512x16x1x1
Kcur-5,kernel_rope_neox_f32,0.002700,256x16x1,64x1x1,128x4x16x1
node_182,kernel_mul_mv_q6_K_f32,0.955700,512x1024x1,2x64x1,512x16x1x1
Vcur-5,kernel_add_row,0.002200,2048x0x0,64x0x0,512x16x1x1
cache_k_l5 (view),kernel_set_rows_f16_i64,0.003500,8192x1x1,512x1x1,512x4096x1x1
cache_v_l5 (view),kernel_set_rows_f16_i64,0.002800,8192x1x1,512x1x1,512x4096x1x1
__fattn__-5,flash_attn_f32_f16,4.087000,32x28x0,32x1x0,128x28x16x1
ffn_inp-5,kernel_add,0.024100,1024x1x1,64x1x1,3584x16x1x1
ffn_norm-5,kernel_rms_norm_mul,0.009200,16384x1x1,1024x1x1,3584x16x1x1
ffn_swiglu-5,kernel_swiglu,0.048000,8192x1x1,512x1x1,18944x16x1x1
ffn_out-5,kernel_mul_mv_q6_K_f32,34.587200,3584x1024x1,2x64x1,3584x16x1x1
l_out-5,kernel_add,0.022900,1024x1x1,64x1x1,3584x16x1x1
attn_norm-6,kernel_rms_norm_mul,0.009400,16384x1x1,1024x1x1,3584x16x1x1
Qcur-6,kernel_add_row,0.012300,14336x0x0,64x0x0,3584x16x1x1
Qcur-6,kernel_rope_neox_f32,0.010800,1792x16x1,64x1x1,128x28x16x1
Kcur-6,kernel_add_row,0.005600,2048x0x0,64x0x0,512x16x1x1
Kcur-6,kernel_rope_neox_f32,0.002700,256x16x1,64x1x1,128x4x16x1
Vcur-6,kernel_add_row,0.005600,2048x0x0,64x0x0,512x16x1x1
cache_k_l6 (view),kernel_set_rows_f16_i64,0.004000,8192x1x1,512x1x1,512x4096x1x1
cache_v_l6 (view),kernel_set_rows_f16_i64,0.002800,8192x1x1,512x1x1,512x4096x1x1
__fattn__-6,flash_attn_f32_f16,4.064300,32x28x0,32x1x0,128x28x16x1
ffn_inp-6,kernel_add,0.024100,1024x1x1,64x1x1,3584x16x1x1
ffn_norm-6,kernel_rms_norm_mul,0.009300,16384x1x1,1024x1x1,3584x16x1x1
l_out-6,kernel_add,0.025200,1024x1x1,64x1x1,3584x16x1x1
attn_norm-7,kernel_rms_norm_mul,0.009900,16384x1x1,1024x1x1,3584x16x1x1
Qcur-7,kernel_add_row,0.008100,14336x0x0,64x0x0,3584x16x1x1
Qcur-7,kernel_rope_neox_f32,0.005600,1792x16x1,64x1x1,128x28x16x1
Kcur-7,kernel_add_row,0.005700,2048x0x0,64x0x0,512x16x1x1
Kcur-7,kernel_rope_neox_f32,0.002800,256x16x1,64x1x1,128x4x16x1
Vcur-7,kernel_add_row,0.005600,2048x0x0,64x0x0,512x16x1x1
cache_k_l7 (view),kernel_set_rows_f16_i64,0.003900,8192x1x1,512x1x1,512x4096x1x1
cache_v_l7 (view),kernel_set_rows_f16_i64,0.002800,8192x1x1,512x1x1,512x4096x1x1
__fattn__-7,flash_attn_f32_f16,4.080700,32x28x0,32x1x0,128x28x16x1
ffn_inp-7,kernel_add,0.023400,1024x1x1,64x1x1,3584x16x1x1
ffn_norm-7,kernel_rms_norm_mul,0.009200,16384x1x1,1024x1x1,3584x16x1x1
l_out-7,kernel_add,0.025300,1024x1x1,64x1x1,3584x16x1x1
attn_norm-8,kernel_rms_norm_mul,0.009500,16384x1x1,1024x1x1,3584x16x1x1
Qcur-8,kernel_add_row,0.008400,14336x0x0,64x0x0,3584x16x1x1
Qcur-8,kernel_rope_neox_f32,0.005400,1792x16x1,64x1x1,128x28x16x1
Kcur-8,kernel_add_row,0.005600,2048x0x0,64x0x0,512x16x1x1
Kcur-8,kernel_rope_neox_f32,0.002800,256x16x1,64x1x1,128x4x16x1
node_284,kernel_mul_mv_q6_K_f32,0.955000,512x1024x1,2x64x1,512x16x1x1
Vcur-8,kernel_add_row,0.002500,2048x0x0,64x0x0,512x16x1x1
cache_k_l8 (view),kernel_set_rows_f16_i64,0.003500,8192x1x1,512x1x1,512x4096x1x1
cache_v_l8 (view),kernel_set_rows_f16_i64,0.002900,8192x1x1,512x1x1,512x4096x1x1
__fattn__-8,flash_attn_f32_f16,3.978200,32x28x0,32x1x0,128x28x16x1
ffn_inp-8,kernel_add,0.023800,1024x1x1,64x1x1,3584x16x1x1
ffn_norm-8,kernel_rms_norm_mul,0.009200,16384x1x1,1024x1x1,3584x16x1x1
ffn_swiglu-8,kernel_swiglu,0.048300,8192x1x1,512x1x1,18944x16x1x1
ffn_out-8,kernel_mul_mv_q6_K_f32,33.968601,3584x1024x1,2x64x1,3584x16x1x1
l_out-8,kernel_add,0.022900,1024x1x1,64x1x1,3584x16x1x1
attn_norm-9,kernel_rms_norm_mul,0.009400,16384x1x1,1024x1x1,3584x16x1x1
Qcur-9,kernel_add_row,0.011900,14336x0x0,64x0x0,3584x16x1x1
Qcur-9,kernel_rope_neox_f32,0.010800,1792x16x1,64x1x1,128x28x16x1
Kcur-9,kernel_add_row,0.005600,2048x0x0,64x0x0,512x16x1x1
Kcur-9,kernel_rope_neox_f32,0.002700,256x16x1,64x1x1,128x4x16x1
Vcur-9,kernel_add_row,0.005800,2048x0x0,64x0x0,512x16x1x1
cache_k_l9 (view),kernel_set_rows_f16_i64,0.003900,8192x1x1,512x1x1,512x4096x1x1
cache_v_l9 (view),kernel_set_rows_f16_i64,0.002800,8192x1x1,512x1x1,512x4096x1x1
__fattn__-9,flash_attn_f32_f16,4.123900,32x28x0,32x1x0,128x28x16x1
ffn_inp-9,kernel_add,0.024500,1024x1x1,64x1x1,3584x16x1x1
ffn_norm-9,kernel_rms_norm_mul,0.009200,16384x1x1,1024x1x1,3584x16x1x1
l_out-9,kernel_add,0.025200,1024x1x1,64x1x1,3584x16x1x1
attn_norm-10,kernel_rms_norm_mul,0.009600,16384x1x1,1024x1x1,3584x16x1x1
Qcur-10,kernel_add_row,0.008000,14336x0x0,64x0x0,3584x16x1x1
Qcur-10,kernel_rope_neox_f32,0.005700,1792x16x1,64x1x1,128x28x16x1
Kcur-10,kernel_add_row,0.005500,2048x0x0,64x0x0,512x16x1x1
Kcur-10,kernel_rope_neox_f32,0.002700,256x16x1,64x1x1,128x4x16x1
Vcur-10,kernel_add_row,0.005600,2048x0x0,64x0x0,512x16x1x1
cache_k_l10 (view),kernel_set_rows_f16_i64,0.004000,8192x1x1,512x1x1,512x4096x1x1
cache_v_l10 (view),kernel_set_rows_f16_i64,0.002800,8192x1x1,512x1x1,512x4096x1x1
__fattn__-10,flash_attn_f32_f16,4.084200,32x28x0,32x1x0,128x28x16x1
ffn_inp-10,kernel_add,0.023300,1024x1x1,64x1x1,3584x16x1x1
ffn_norm-10,kernel_rms_norm_mul,0.009100,16384x1x1,1024x1x1,3584x16x1x1
l_out-10,kernel_add,0.024900,1024x1x1,64x1x1,3584x16x1x1
attn_norm-11,kernel_rms_norm_mul,0.009500,16384x1x1,1024x1x1,3584x16x1x1
Qcur-11,kernel_add_row,0.008000,14336x0x0,64x0x0,3584x16x1x1
Qcur-11,kernel_rope_neox_f32,0.005400,1792x16x1,64x1x1,128x28x16x1
Kcur-11,kernel_add_row,0.005700,2048x0x0,64x0x0,512x16x1x1
Kcur-11,kernel_rope_neox_f32,0.002700,256x16x1,64x1x1,128x4x16x1
node_386,kernel_mul_mv_q6_K_f32,0.955200,512x1024x1,2x64x1,512x16x1x1
Vcur-11,kernel_add_row,0.002500,2048x0x0,64x0x0,512x16x1x1
cache_k_l11 (view),kernel_set_rows_f16_i64,0.003700,8192x1x1,512x1x1,512x4096x1x1
cache_v_l11 (view),kernel_set_rows_f16_i64,0.002800,8192x1x1,512x1x1,512x4096x1x1
__fattn__-11,flash_attn_f32_f16,4.095500,32x28x0,32x1x0,128x28x16x1
ffn_inp-11,kernel_add,0.024000,1024x1x1,64x1x1,3584x16x1x1
ffn_norm-11,kernel_rms_norm_mul,0.009300,16384x1x1,1024x1x1,3584x16x1x1
ffn_swiglu-11,kernel_swiglu,0.049100,8192x1x1,512x1x1,18944x16x1x1
ffn_out-11,kernel_mul_mv_q6_K_f32,33.153500,3584x1024x1,2x64x1,3584x16x1x1
l_out-11,kernel_add,0.023600,1024x1x1,64x1x1,3584x16x1x1
attn_norm-12,kernel_rms_norm_mul,0.009400,16384x1x1,1024x1x1,3584x16x1x1
Qcur-12,kernel_add_row,0.009100,14336x0x0,64x0x0,3584x16x1x1
Qcur-12,kernel_rope_neox_f32,0.005500,1792x16x1,64x1x1,128x28x16x1
Kcur-12,kernel_add_row,0.005700,2048x0x0,64x0x0,512x16x1x1
Kcur-12,kernel_rope_neox_f32,0.002700,256x16x1,64x1x1,128x4x16x1
Vcur-12,kernel_add_row,0.005700,2048x0x0,64x0x0,512x16x1x1
cache_k_l12 (view),kernel_set_rows_f16_i64,0.003900,8192x1x1,512x1x1,512x4096x1x1
cache_v_l12 (view),kernel_set_rows_f16_i64,0.002800,8192x1x1,512x1x1,512x4096x1x1
__fattn__-12,flash_attn_f32_f16,4.063300,32x28x0,32x1x0,128x28x16x1
ffn_inp-12,kernel_add,0.024300,1024x1x1,64x1x1,3584x16x1x1
ffn_norm-12,kernel_rms_norm_mul,0.009200,16384x1x1,1024x1x1,3584x16x1x1
l_out-12,kernel_add,0.024700,1024x1x1,64x1x1,3584x16x1x1
attn_norm-13,kernel_rms_norm_mul,0.009600,16384x1x1,1024x1x1,3584x16x1x1
Qcur-13,kernel_add_row,0.008200,14336x0x0,64x0x0,3584x16x1x1
Qcur-13,kernel_rope_neox_f32,0.005600,1792x16x1,64x1x1,128x28x16x1
Kcur-13,kernel_add_row,0.005600,2048x0x0,64x0x0,512x16x1x1
Kcur-13,kernel_rope_neox_f32,0.002700,256x16x1,64x1x1,128x4x16x1
Vcur-13,kernel_add_row,0.006300,2048x0x0,64x0x0,512x16x1x1
cache_k_l13 (view),kernel_set_rows_f16_i64,0.003900,8192x1x1,512x1x1,512x4096x1x1
cache_v_l13 (view),kernel_set_rows_f16_i64,0.002700,8192x1x1,512x1x1,512x4096x1x1
__fattn__-13,flash_attn_f32_f16,4.066300,32x28x0,32x1x0,128x28x16x1
ffn_inp-13,kernel_add,0.023300,1024x1x1,64x1x1,3584x16x1x1
ffn_norm-13,kernel_rms_norm_mul,0.009200,16384x1x1,1024x1x1,3584x16x1x1
l_out-13,kernel_add,0.024600,1024x1x1,64x1x1,3584x16x1x1
attn_norm-14,kernel_rms_norm_mul,0.009500,16384x1x1,1024x1x1,3584x16x1x1
Qcur-14,kernel_add_row,0.008000,14336x0x0,64x0x0,3584x16x1x1
Qcur-14,kernel_rope_neox_f32,0.005500,1792x16x1,64x1x1,128x28x16x1
Kcur-14,kernel_add_row,0.005700,2048x0x0,64x0x0,512x16x1x1
Kcur-14,kernel_rope_neox_f32,0.002700,256x16x1,64x1x1,128x4x16x1
node_488,kernel_mul_mv_q6_K_f32,0.955200,512x1024x1,2x64x1,512x16x1x1
Vcur-14,kernel_add_row,0.002500,2048x0x0,64x0x0,512x16x1x1
cache_k_l14 (view),kernel_set_rows_f16_i64,0.003600,8192x1x1,512x1x1,512x4096x1x1
cache_v_l14 (view),kernel_set_rows_f16_i64,0.002800,8192x1x1,512x1x1,512x4096x1x1
__fattn__-14,flash_attn_f32_f16,4.045300,32x28x0,32x1x0,128x28x16x1
ffn_inp-14,kernel_add,0.023900,1024x1x1,64x1x1,3584x16x1x1
ffn_norm-14,kernel_rms_norm_mul,0.009200,16384x1x1,1024x1x1,3584x16x1x1
ffn_swiglu-14,kernel_swiglu,0.054500,8192x1x1,512x1x1,18944x16x1x1
ffn_out-14,kernel_mul_mv_q6_K_f32,33.176998,3584x1024x1,2x64x1,3584x16x1x1
l_out-14,kernel_add,0.023200,1024x1x1,64x1x1,3584x16x1x1
attn_norm-15,kernel_rms_norm_mul,0.009400,16384x1x1,1024x1x1,3584x16x1x1
Qcur-15,kernel_add_row,0.008400,14336x0x0,64x0x0,3584x16x1x1
Qcur-15,kernel_rope_neox_f32,0.005400,1792x16x1,64x1x1,128x28x16x1
Kcur-15,kernel_add_row,0.005500,2048x0x0,64x0x0,512x16x1x1
Kcur-15,kernel_rope_neox_f32,0.002800,256x16x1,64x1x1,128x4x16x1
Vcur-15,kernel_add_row,0.005600,2048x0x0,64x0x0,512x16x1x1
cache_k_l15 (view),kernel_set_rows_f16_i64,0.003800,8192x1x1,512x1x1,512x4096x1x1
cache_v_l15 (view),kernel_set_rows_f16_i64,0.002800,8192x1x1,512x1x1,512x4096x1x1
__fattn__-15,flash_attn_f32_f16,3.998300,32x28x0,32x1x0,128x28x16x1
ffn_inp-15,kernel_add,0.024500,1024x1x1,64x1x1,3584x16x1x1
ffn_norm-15,kernel_rms_norm_mul,0.009200,16384x1x1,1024x1x1,3584x16x1x1
l_out-15,kernel_add,0.025400,1024x1x1,64x1x1,3584x16x1x1
attn_norm-16,kernel_rms_norm_mul,0.009500,16384x1x1,1024x1x1,3584x16x1x1
Qcur-16,kernel_add_row,0.008300,14336x0x0,64x0x0,3584x16x1x1
Qcur-16,kernel_rope_neox_f32,0.005600,1792x16x1,64x1x1,128x28x16x1
Kcur-16,kernel_add_row,0.005700,2048x0x0,64x0x0,512x16x1x1
Kcur-16,kernel_rope_neox_f32,0.002700,256x16x1,64x1x1,128x4x16x1
Vcur-16,kernel_add_row,0.005500,2048x0x0,64x0x0,512x16x1x1
cache_k_l16 (view),kernel_set_rows_f16_i64,0.004200,8192x1x1,512x1x1,512x4096x1x1
cache_v_l16 (view),kernel_set_rows_f16_i64,0.002800,8192x1x1,512x1x1,512x4096x1x1
__fattn__-16,flash_attn_f32_f16,4.084300,32x28x0,32x1x0,128x28x16x1
ffn_inp-16,kernel_add,0.022800,1024x1x1,64x1x1,3584x16x1x1
ffn_norm-16,kernel_rms_norm_mul,0.009100,16384x1x1,1024x1x1,3584x16x1x1
l_out-16,kernel_add,0.025000,1024x1x1,64x1x1,3584x16x1x1
attn_norm-17,kernel_rms_norm_mul,0.009500,16384x1x1,1024x1x1,3584x16x1x1
Qcur-17,kernel_add_row,0.008600,14336x0x0,64x0x0,3584x16x1x1
Qcur-17,kernel_rope_neox_f32,0.005400,1792x16x1,64x1x1,128x28x16x1
Kcur-17,kernel_add_row,0.005700,2048x0x0,64x0x0,512x16x1x1
Kcur-17,kernel_rope_neox_f32,0.002700,256x16x1,64x1x1,128x4x16x1
node_590,kernel_mul_mv_q6_K_f32,0.953100,512x1024x1,2x64x1,512x16x1x1
Vcur-17,kernel_add_row,0.002200,2048x0x0,64x0x0,512x16x1x1
cache_k_l17 (view),kernel_set_rows_f16_i64,0.003700,8192x1x1,512x1x1,512x4096x1x1
cache_v_l17 (view),kernel_set_rows_f16_i64,0.002800,8192x1x1,512x1x1,512x4096x1x1
__fattn__-17,flash_attn_f32_f16,4.063500,32x28x0,32x1x0,128x28x16x1
ffn_inp-17,kernel_add,0.023800,1024x1x1,64x1x1,3584x16x1x1
ffn_norm-17,kernel_rms_norm_mul,0.009100,16384x1x1,1024x1x1,3584x16x1x1
ffn_swiglu-17,kernel_swiglu,0.049400,8192x1x1,512x1x1,18944x16x1x1
ffn_out-17,kernel_mul_mv_q6_K_f32,33.116699,3584x1024x1,2x64x1,3584x16x1x1
l_out-17,kernel_add,0.022800,1024x1x1,64x1x1,3584x16x1x1
attn_norm-18,kernel_rms_norm_mul,0.009400,16384x1x1,1024x1x1,3584x16x1x1
Qcur-18,kernel_add_row,0.008000,14336x0x0,64x0x0,3584x16x1x1
Qcur-18,kernel_rope_neox_f32,0.005700,1792x16x1,64x1x1,128x28x16x1
Kcur-18,kernel_add_row,0.005600,2048x0x0,64x0x0,512x16x1x1
Kcur-18,kernel_rope_neox_f32,0.002700,256x16x1,64x1x1,128x4x16x1
Vcur-18,kernel_add_row,0.005600,2048x0x0,64x0x0,512x16x1x1
cache_k_l18 (view),kernel_set_rows_f16_i64,0.004100,8192x1x1,512x1x1,512x4096x1x1
cache_v_l18 (view),kernel_set_rows_f16_i64,0.002800,8192x1x1,512x1x1,512x4096x1x1
__fattn__-18,flash_attn_f32_f16,4.060500,32x28x0,32x1x0,128x28x16x1
ffn_inp-18,kernel_add,0.024400,1024x1x1,64x1x1,3584x16x1x1
ffn_norm-18,kernel_rms_norm_mul,0.009200,16384x1x1,1024x1x1,3584x16x1x1
l_out-18,kernel_add,0.025100,1024x1x1,64x1x1,3584x16x1x1
attn_norm-19,kernel_rms_norm_mul,0.009600,16384x1x1,1024x1x1,3584x16x1x1
Qcur-19,kernel_add_row,0.008000,14336x0x0,64x0x0,3584x16x1x1
Qcur-19,kernel_rope_neox_f32,0.005500,1792x16x1,64x1x1,128x28x16x1
Kcur-19,kernel_add_row,0.005600,2048x0x0,64x0x0,512x16x1x1
Kcur-19,kernel_rope_neox_f32,0.002700,256x16x1,64x1x1,128x4x16x1
Vcur-19,kernel_add_row,0.005700,2048x0x0,64x0x0,512x16x1x1
cache_k_l19 (view),kernel_set_rows_f16_i64,0.004100,8192x1x1,512x1x1,512x4096x1x1
cache_v_l19 (view),kernel_set_rows_f16_i64,0.002900,8192x1x1,512x1x1,512x4096x1x1
__fattn__-19,flash_attn_f32_f16,4.031400,32x28x0,32x1x0,128x28x16x1
ffn_inp-19,kernel_add,0.023700,1024x1x1,64x1x1,3584x16x1x1
ffn_norm-19,kernel_rms_norm_mul,0.009400,16384x1x1,1024x1x1,3584x16x1x1
l_out-19,kernel_add,0.024500,1024x1x1,64x1x1,3584x16x1x1
attn_norm-20,kernel_rms_norm_mul,0.009600,16384x1x1,1024x1x1,3584x16x1x1
Qcur-20,kernel_add_row,0.008200,14336x0x0,64x0x0,3584x16x1x1
Qcur-20,kernel_rope_neox_f32,0.005500,1792x16x1,64x1x1,128x28x16x1
Kcur-20,kernel_add_row,0.005700,2048x0x0,64x0x0,512x16x1x1
Kcur-20,kernel_rope_neox_f32,0.002700,256x16x1,64x1x1,128x4x16x1
node_692,kernel_mul_mv_q6_K_f32,0.953100,512x1024x1,2x64x1,512x16x1x1
Vcur-20,kernel_add_row,0.002600,2048x0x0,64x0x0,512x16x1x1
cache_k_l20 (view),kernel_set_rows_f16_i64,0.003700,8192x1x1,512x1x1,512x4096x1x1
cache_v_l20 (view),kernel_set_rows_f16_i64,0.003000,8192x1x1,512x1x1,512x4096x1x1
__fattn__-20,flash_attn_f32_f16,4.107900,32x28x0,32x1x0,128x28x16x1
ffn_inp-20,kernel_add,0.023900,1024x1x1,64x1x1,3584x16x1x1
ffn_norm-20,kernel_rms_norm_mul,0.009100,16384x1x1,1024x1x1,3584x16x1x1
ffn_swiglu-20,kernel_swiglu,0.050100,8192x1x1,512x1x1,18944x16x1x1
ffn_out-20,kernel_mul_mv_q6_K_f32,33.151901,3584x1024x1,2x64x1,3584x16x1x1
l_out-20,kernel_add,0.023100,1024x1x1,64x1x1,3584x16x1x1
attn_norm-21,kernel_rms_norm_mul,0.009400,16384x1x1,1024x1x1,3584x16x1x1
Qcur-21,kernel_add_row,0.008700,14336x0x0,64x0x0,3584x16x1x1
Qcur-21,kernel_rope_neox_f32,0.005400,1792x16x1,64x1x1,128x28x16x1
Kcur-21,kernel_add_row,0.005600,2048x0x0,64x0x0,512x16x1x1
Kcur-21,kernel_rope_neox_f32,0.002700,256x16x1,64x1x1,128x4x16x1
Vcur-21,kernel_add_row,0.005700,2048x0x0,64x0x0,512x16x1x1
cache_k_l21 (view),kernel_set_rows_f16_i64,0.004100,8192x1x1,512x1x1,512x4096x1x1
cache_v_l21 (view),kernel_set_rows_f16_i64,0.002800,8192x1x1,512x1x1,512x4096x1x1
__fattn__-21,flash_attn_f32_f16,4.069300,32x28x0,32x1x0,128x28x16x1
ffn_inp-21,kernel_add,0.024400,1024x1x1,64x1x1,3584x16x1x1
ffn_norm-21,kernel_rms_norm_mul,0.009200,16384x1x1,1024x1x1,3584x16x1x1
l_out-21,kernel_add,0.025100,1024x1x1,64x1x1,3584x16x1x1
attn_norm-22,kernel_rms_norm_mul,0.009500,16384x1x1,1024x1x1,3584x16x1x1
Qcur-22,kernel_add_row,0.008000,14336x0x0,64x0x0,3584x16x1x1
Qcur-22,kernel_rope_neox_f32,0.005500,1792x16x1,64x1x1,128x28x16x1
Kcur-22,kernel_add_row,0.005700,2048x0x0,64x0x0,512x16x1x1
Kcur-22,kernel_rope_neox_f32,0.002800,256x16x1,64x1x1,128x4x16x1
Vcur-22,kernel_add_row,0.005700,2048x0x0,64x0x0,512x16x1x1
cache_k_l22 (view),kernel_set_rows_f16_i64,0.004100,8192x1x1,512x1x1,512x4096x1x1
cache_v_l22 (view),kernel_set_rows_f16_i64,0.002800,8192x1x1,512x1x1,512x4096x1x1
__fattn__-22,flash_attn_f32_f16,4.036500,32x28x0,32x1x0,128x28x16x1
ffn_inp-22,kernel_add,0.023600,1024x1x1,64x1x1,3584x16x1x1
ffn_norm-22,kernel_rms_norm_mul,0.009300,16384x1x1,1024x1x1,3584x16x1x1
l_out-22,kernel_add,0.024900,1024x1x1,64x1x1,3584x16x1x1
attn_norm-23,kernel_rms_norm_mul,0.009500,16384x1x1,1024x1x1,3584x16x1x1
Qcur-23,kernel_add_row,0.008200,14336x0x0,64x0x0,3584x16x1x1
Qcur-23,kernel_rope_neox_f32,0.005400,1792x16x1,64x1x1,128x28x16x1
Kcur-23,kernel_add_row,0.005700,2048x0x0,64x0x0,512x16x1x1
Kcur-23,kernel_rope_neox_f32,0.002800,256x16x1,64x1x1,128x4x16x1
node_794,kernel_mul_mv_q6_K_f32,0.953900,512x1024x1,2x64x1,512x16x1x1
Vcur-23,kernel_add_row,0.002500,2048x0x0,64x0x0,512x16x1x1
cache_k_l23 (view),kernel_set_rows_f16_i64,0.003800,8192x1x1,512x1x1,512x4096x1x1
cache_v_l23 (view),kernel_set_rows_f16_i64,0.002800,8192x1x1,512x1x1,512x4096x1x1
__fattn__-23,flash_attn_f32_f16,4.051300,32x28x0,32x1x0,128x28x16x1
ffn_inp-23,kernel_add,0.024400,1024x1x1,64x1x1,3584x16x1x1
ffn_norm-23,kernel_rms_norm_mul,0.009200,16384x1x1,1024x1x1,3584x16x1x1
ffn_swiglu-23,kernel_swiglu,0.048900,8192x1x1,512x1x1,18944x16x1x1
ffn_out-23,kernel_mul_mv_q6_K_f32,33.116901,3584x1024x1,2x64x1,3584x16x1x1
l_out-23,kernel_add,0.023100,1024x1x1,64x1x1,3584x16x1x1
attn_norm-24,kernel_rms_norm_mul,0.009400,16384x1x1,1024x1x1,3584x16x1x1
Qcur-24,kernel_add_row,0.008000,14336x0x0,64x0x0,3584x16x1x1
Qcur-24,kernel_rope_neox_f32,0.005400,1792x16x1,64x1x1,128x28x16x1
Kcur-24,kernel_add_row,0.005700,2048x0x0,64x0x0,512x16x1x1
Kcur-24,kernel_rope_neox_f32,0.002700,256x16x1,64x1x1,128x4x16x1
node_828,kernel_mul_mv_q6_K_f32,0.953700,512x1024x1,2x64x1,512x16x1x1
Vcur-24,kernel_add_row,0.002500,2048x0x0,64x0x0,512x16x1x1
cache_k_l24 (view),kernel_set_rows_f16_i64,0.003700,8192x1x1,512x1x1,512x4096x1x1
cache_v_l24 (view),kernel_set_rows_f16_i64,0.002800,8192x1x1,512x1x1,512x4096x1x1
__fattn__-24,flash_attn_f32_f16,4.056600,32x28x0,32x1x0,128x28x16x1
ffn_inp-24,kernel_add,0.024300,1024x1x1,64x1x1,3584x16x1x1
ffn_norm-24,kernel_rms_norm_mul,0.009100,16384x1x1,1024x1x1,3584x16x1x1
ffn_swiglu-24,kernel_swiglu,0.049600,8192x1x1,512x1x1,18944x16x1x1
ffn_out-24,kernel_mul_mv_q6_K_f32,33.134300,3584x1024x1,2x64x1,3584x16x1x1
l_out-24,kernel_add,0.023000,1024x1x1,64x1x1,3584x16x1x1
attn_norm-25,kernel_rms_norm_mul,0.009500,16384x1x1,1024x1x1,3584x16x1x1
Qcur-25,kernel_add_row,0.007900,14336x0x0,64x0x0,3584x16x1x1
Qcur-25,kernel_rope_neox_f32,0.005500,1792x16x1,64x1x1,128x28x16x1
Kcur-25,kernel_add_row,0.005600,2048x0x0,64x0x0,512x16x1x1
Kcur-25,kernel_rope_neox_f32,0.002700,256x16x1,64x1x1,128x4x16x1
node_862,kernel_mul_mv_q6_K_f32,0.953500,512x1024x1,2x64x1,512x16x1x1
Vcur-25,kernel_add_row,0.002500,2048x0x0,64x0x0,512x16x1x1
cache_k_l25 (view),kernel_set_rows_f16_i64,0.003600,8192x1x1,512x1x1,512x4096x1x1
cache_v_l25 (view),kernel_set_rows_f16_i64,0.002800,8192x1x1,512x1x1,512x4096x1x1
__fattn__-25,flash_attn_f32_f16,4.077700,32x28x0,32x1x0,128x28x16x1
ffn_inp-25,kernel_add,0.023900,1024x1x1,64x1x1,3584x16x1x1
ffn_norm-25,kernel_rms_norm_mul,0.009200,16384x1x1,1024x1x1,3584x16x1x1
ffn_swiglu-25,kernel_swiglu,0.047300,8192x1x1,512x1x1,18944x16x1x1
ffn_out-25,kernel_mul_mv_q6_K_f32,33.152699,3584x1024x1,2x64x1,3584x16x1x1
l_out-25,kernel_add,0.023200,1024x1x1,64x1x1,3584x16x1x1
attn_norm-26,kernel_rms_norm_mul,0.009400,16384x1x1,1024x1x1,3584x16x1x1
Qcur-26,kernel_add_row,0.007900,14336x0x0,64x0x0,3584x16x1x1
Qcur-26,kernel_rope_neox_f32,0.005500,1792x16x1,64x1x1,128x28x16x1
Kcur-26,kernel_add_row,0.005700,2048x0x0,64x0x0,512x16x1x1
Kcur-26,kernel_rope_neox_f32,0.002800,256x16x1,64x1x1,128x4x16x1
node_896,kernel_mul_mv_q6_K_f32,0.953300,512x1024x1,2x64x1,512x16x1x1
Vcur-26,kernel_add_row,0.002500,2048x0x0,64x0x0,512x16x1x1
cache_k_l26 (view),kernel_set_rows_f16_i64,0.003700,8192x1x1,512x1x1,512x4096x1x1
cache_v_l26 (view),kernel_set_rows_f16_i64,0.002800,8192x1x1,512x1x1,512x4096x1x1
__fattn__-26,flash_attn_f32_f16,4.069300,32x28x0,32x1x0,128x28x16x1
ffn_inp-26,kernel_add,0.024300,1024x1x1,64x1x1,3584x16x1x1
ffn_norm-26,kernel_rms_norm_mul,0.009300,16384x1x1,1024x1x1,3584x16x1x1
ffn_swiglu-26,kernel_swiglu,0.050500,8192x1x1,512x1x1,18944x16x1x1
ffn_out-26,kernel_mul_mv_q6_K_f32,33.049198,3584x1024x1,2x64x1,3584x16x1x1
l_out-26,kernel_add,0.023300,1024x1x1,64x1x1,3584x16x1x1
attn_norm-27,kernel_rms_norm_mul,0.009400,16384x1x1,1024x1x1,3584x16x1x1
Qcur-27,kernel_add_row,0.007900,14336x0x0,64x0x0,3584x16x1x1
Qcur-27,kernel_rope_neox_f32,0.005600,1792x16x1,64x1x1,128x28x16x1
Kcur-27,kernel_add_row,0.005600,2048x0x0,64x0x0,512x16x1x1
Kcur-27,kernel_rope_neox_f32,0.002700,256x16x1,64x1x1,128x4x16x1
node_930,kernel_mul_mv_q6_K_f32,0.954900,512x1024x1,2x64x1,512x16x1x1
Vcur-27,kernel_add_row,0.002600,2048x0x0,64x0x0,512x16x1x1
cache_k_l27 (view),kernel_set_rows_f16_i64,0.003700,8192x1x1,512x1x1,512x4096x1x1
cache_v_l27 (view),kernel_set_rows_f16_i64,0.002900,8192x1x1,512x1x1,512x4096x1x1
__fattn__-27,flash_attn_f32_f16,4.060200,32x28x0,32x1x0,128x28x16x1
attn_norm-0,kernel_rms_norm_mul,0.012500,16384x1x1,1024x1x1,3584x16x1x1
Qcur-0,kernel_add_row,0.008000,14336x0x0,64x0x0,3584x16x1x1
Qcur-0,kernel_rope_neox_f32,0.005600,1792x16x1,64x1x1,128x28x16x1
Kcur-0,kernel_add_row,0.005200,2048x0x0,64x0x0,512x16x1x1
Kcur-0,kernel_rope_neox_f32,0.003000,256x16x1,64x1x1,128x4x16x1
node_11,kernel_mul_mv_q6_K_f32,0.955000,512x1024x1,2x64x1,512x16x1x1
Vcur-0,kernel_add_row,0.002500,2048x0x0,64x0x0,512x16x1x1
cache_k_l0 (view),kernel_set_rows_f16_i64,0.003300,8192x1x1,512x1x1,512x4096x1x1
cache_v_l0 (view),kernel_set_rows_f16_i64,0.002800,8192x1x1,512x1x1,512x4096x1x1
 (copy),kernel_cpy_f32_f16,0.005600,4096x1x1,64x1x1,768x64x1x1
__fattn__-0,flash_attn_f32_f16,3.994800,32x28x0,32x1x0,128x28x16x1
ffn_inp-0,kernel_add,0.024900,1024x1x1,64x1x1,3584x16x1x1
ffn_norm-0,kernel_rms_norm_mul,0.009100,16384x1x1,1024x1x1,3584x16x1x1
ffn_swiglu-0,kernel_swiglu,0.048900,8192x1x1,512x1x1,18944x16x1x1
ffn_out-0,kernel_mul_mv_q6_K_f32,33.118698,3584x1024x1,2x64x1,3584x16x1x1
l_out-0,kernel_add,0.023300,1024x1x1,64x1x1,3584x16x1x1
attn_norm-1,kernel_rms_norm_mul,0.009400,16384x1x1,1024x1x1,3584x16x1x1
Qcur-1,kernel_add_row,0.008000,14336x0x0,64x0x0,3584x16x1x1
Qcur-1,kernel_rope_neox_f32,0.005500,1792x16x1,64x1x1,128x28x16x1
Kcur-1,kernel_add_row,0.005600,2048x0x0,64x0x0,512x16x1x1
Kcur-1,kernel_rope_neox_f32,0.002700,256x16x1,64x1x1,128x4x16x1
node_46,kernel_mul_mv_q6_K_f32,0.953300,512x1024x1,2x64x1,512x16x1x1
Vcur-1,kernel_add_row,0.002500,2048x0x0,64x0x0,512x16x1x1
cache_k_l1 (view),kernel_set_rows_f16_i64,0.003600,8192x1x1,512x1x1,512x4096x1x1
cache_v_l1 (view),kernel_set_rows_f16_i64,0.002800,8192x1x1,512x1x1,512x4096x1x1
__fattn__-1,flash_attn_f32_f16,4.033800,32x28x0,32x1x0,128x28x16x1
ffn_inp-1,kernel_add,0.024600,1024x1x1,64x1x1,3584x16x1x1
ffn_norm-1,kernel_rms_norm_mul,0.009100,16384x1x1,1024x1x1,3584x16x1x1
ffn_swiglu-1,kernel_swiglu,0.047700,8192x1x1,512x1x1,18944x16x1x1
ffn_out-1,kernel_mul_mv_q6_K_f32,33.147301,3584x1024x1,2x64x1,3584x16x1x1
l_out-1,kernel_add,0.023400,1024x1x1,64x1x1,3584x16x1x1
attn_norm-2,kernel_rms_norm_mul,0.009300,16384x1x1,1024x1x1,3584x16x1x1
Qcur-2,kernel_add_row,0.008200,14336x0x0,64x0x0,3584x16x1x1
Qcur-2,kernel_rope_neox_f32,0.005400,1792x16x1,64x1x1,128x28x16x1
Kcur-2,kernel_add_row,0.005600,2048x0x0,64x0x0,512x16x1x1
Kcur-2,kernel_rope_neox_f32,0.002800,256x16x1,64x1x1,128x4x16x1
node_80,kernel_mul_mv_q6_K_f32,0.955900,512x1024x1,2x64x1,512x16x1x1
Vcur-2,kernel_add_row,0.002500,2048x0x0,64x0x0,512x16x1x1
cache_k_l2 (view),kernel_set_rows_f16_i64,0.003600,8192x1x1,512x1x1,512x4096x1x1
cache_v_l2 (view),kernel_set_rows_f16_i64,0.002900,8192x1x1,512x1x1,512x4096x1x1
__fattn__-2,flash_attn_f32_f16,4.065100,32x28x0,32x1x0,128x28x16x1
ffn_inp-2,kernel_add,0.024300,1024x1x1,64x1x1,3584x16x1x1
ffn_norm-2,kernel_rms_norm_mul,0.009200,16384x1x1,1024x1x1,3584x16x1x1
ffn_swiglu-2,kernel_swiglu,0.048400,8192x1x1,512x1x1,18944x16x1x1
ffn_out-2,kernel_mul_mv_q6_K_f32,34.326801,3584x1024x1,2x64x1,3584x16x1x1
l_out-2,kernel_add,0.023200,1024x1x1,64x1x1,3584x16x1x1
attn_norm-3,kernel_rms_norm_mul,0.009400,16384x1x1,1024x1x1,3584x16x1x1
Qcur-3,kernel_add_row,0.011900,14336x0x0,64x0x0,3584x16x1x1
Qcur-3,kernel_rope_neox_f32,0.010900,1792x16x1,64x1x1,128x28x16x1
Kcur-3,kernel_add_row,0.005600,2048x0x0,64x0x0,512x16x1x1
Kcur-3,kernel_rope_neox_f32,0.002700,256x16x1,64x1x1,128x4x16x1
Vcur-3,kernel_add_row,0.005900,2048x0x0,64x0x0,512x16x1x1
cache_k_l3 (view),kernel_set_rows_f16_i64,0.004100,8192x1x1,512x1x1,512x4096x1x1
cache_v_l3 (view),kernel_set_rows_f16_i64,0.002800,8192x1x1,512x1x1,512x4096x1x1
__fattn__-3,flash_attn_f32_f16,4.060800,32x28x0,32x1x0,128x28x16x1
ffn_inp-3,kernel_add,0.024600,1024x1x1,64x1x1,3584x16x1x1
ffn_norm-3,kernel_rms_norm_mul,0.009200,16384x1x1,1024x1x1,3584x16x1x1
l_out-3,kernel_add,0.024700,1024x1x1,64x1x1,3584x16x1x1
attn_norm-4,kernel_rms_norm_mul,0.009500,16384x1x1,1024x1x1,3584x16x1x1
Qcur-4,kernel_add_row,0.008300,14336x0x0,64x0x0,3584x16x1x1
Qcur-4,kernel_rope_neox_f32,0.005600,1792x16x1,64x1x1,128x28x16x1
Kcur-4,kernel_add_row,0.005700,2048x0x0,64x0x0,512x16x1x1
Kcur-4,kernel_rope_neox_f32,0.002700,256x16x1,64x1x1,128x4x16x1
Vcur-4,kernel_add_row,0.005800,2048x0x0,64x0x0,512x16x1x1
cache_k_l4 (view),kernel_set_rows_f16_i64,0.004100,8192x1x1,512x1x1,512x4096x1x1
cache_v_l4 (view),kernel_set_rows_f16_i64,0.002800,8192x1x1,512x1x1,512x4096x1x1
__fattn__-4,flash_attn_f32_f16,4.006500,32x28x0,32x1x0,128x28x16x1
ffn_inp-4,kernel_add,0.023300,1024x1x1,64x1x1,3584x16x1x1
ffn_norm-4,kernel_rms_norm_mul,0.009300,16384x1x1,1024x1x1,3584x16x1x1
l_out-4,kernel_add,0.024600,1024x1x1,64x1x1,3584x16x1x1
attn_norm-5,kernel_rms_norm_mul,0.009600,16384x1x1,1024x1x1,3584x16x1x1
Qcur-5,kernel_add_row,0.007900,14336x0x0,64x0x0,3584x16x1x1
Qcur-5,kernel_rope_neox_f32,0.005500,1792x16x1,64x1x1,128x28x16x1
Kcur-5,kernel_add_row,0.005600,2048x0x0,64x0x0,512x16x1x1
Kcur-5,kernel_rope_neox_f32,0.002700,256x16x1,64x1x1,128x4x16x1
node_182,kernel_mul_mv_q6_K_f32,0.956200,512x1024x1,2x64x1,512x16x1x1
Vcur-5,kernel_add_row,0.002500,2048x0x0,64x0x0,512x16x1x1
cache_k_l5 (view),kernel_set_rows_f16_i64,0.003700,8192x1x1,512x1x1,512x4096x1x1
cache_v_l5 (view),kernel_set_rows_f16_i64,0.002800,8192x1x1,512x1x1,512x4096x1x1
__fattn__-5,flash_attn_f32_f16,4.055100,32x28x0,32x1x0,128x28x16x1
ffn_inp-5,kernel_add,0.023600,1024x1x1,64x1x1,3584x16x1x1
ffn_norm-5,kernel_rms_norm_mul,0.009100,16384x1x1,1024x1x1,3584x16x1x1
ffn_swiglu-5,kernel_swiglu,0.060200,8192x1x1,512x1x1,18944x16x1x1
ffn_out-5,kernel_mul_mv_q6_K_f32,34.523602,3584x1024x1,2x64x1,3584x16x1x1
l_out-5,kernel_add,0.022900,1024x1x1,64x1x1,3584x16x1x1
attn_norm-6,kernel_rms_norm_mul,0.009400,16384x1x1,1024x1x1,3584x16x1x1
Qcur-6,kernel_add_row,0.012200,14336x0x0,64x0x0,3584x16x1x1
Qcur-6,kernel_rope_neox_f32,0.010700,1792x16x1,64x1x1,128x28x16x1
Kcur-6,kernel_add_row,0.005500,2048x0x0,64x0x0,512x16x1x1
Kcur-6,kernel_rope_neox_f32,0.002700,256x16x1,64x1x1,128x4x16x1
Vcur-6,kernel_add_row,0.005700,2048x0x0,64x0x0,512x16x1x1
cache_k_l6 (view),kernel_set_rows_f16_i64,0.004000,8192x1x1,512x1x1,512x4096x1x1
cache_v_l6 (view),kernel_set_rows_f16_i64,0.002900,8192x1x1,512x1x1,512x4096x1x1
__fattn__-6,flash_attn_f32_f16,4.109100,32x28x0,32x1x0,128x28x16x1
ffn_inp-6,kernel_add,0.024300,1024x1x1,64x1x1,3584x16x1x1
ffn_norm-6,kernel_rms_norm_mul,0.009200,16384x1x1,1024x1x1,3584x16x1x1
l_out-6,kernel_add,0.025000,1024x1x1,64x1x1,3584x16x1x1
attn_norm-7,kernel_rms_norm_mul,0.009500,16384x1x1,1024x1x1,3584x16x1x1
Qcur-7,kernel_add_row,0.007900,14336x0x0,64x0x0,3584x16x1x1
Qcur-7,kernel_rope_neox_f32,0.005800,1792x16x1,64x1x1,128x28x16x1
Kcur-7,kernel_add_row,0.005600,2048x0x0,64x0x0,512x16x1x1
Kcur-7,kernel_rope_neox_f32,0.002800,256x16x1,64x1x1,128x4x16x1
Vcur-7,kernel_add_row,0.005600,2048x0x0,64x0x0,512x16x1x1
cache_k_l7 (view),kernel_set_rows_f16_i64,0.004000,8192x1x1,512x1x1,512x4096x1x1
cache_v_l7 (view),kernel_set_rows_f16_i64,0.002800,8192x1x1,512x1x1,512x4096x1x1
__fattn__-7,flash_attn_f32_f16,4.062100,32x28x0,32x1x0,128x28x16x1
ffn_inp-7,kernel_add,0.023200,1024x1x1,64x1x1,3584x16x1x1
ffn_norm-7,kernel_rms_norm_mul,0.009200,16384x1x1,1024x1x1,3584x16x1x1
l_out-7,kernel_add,0.024800,1024x1x1,64x1x1,3584x16x1x1
attn_norm-8,kernel_rms_norm_mul,0.009400,16384x1x1,1024x1x1,3584x16x1x1
Qcur-8,kernel_add_row,0.008300,14336x0x0,64x0x0,3584x16x1x1
Qcur-8,kernel_rope_neox_f32,0.005400,1792x16x1,64x1x1,128x28x16x1
Kcur-8,kernel_add_row,0.005600,2048x0x0,64x0x0,512x16x1x1
Kcur-8,kernel_rope_neox_f32,0.002800,256x16x1,64x1x1,128x4x16x1
node_284,kernel_mul_mv_q6_K_f32,0.954400,512x1024x1,2x64x1,512x16x1x1
Vcur-8,kernel_add_row,0.002600,2048x0x0,64x0x0,512x16x1x1
cache_k_l8 (view),kernel_set_rows_f16_i64,0.003800,8192x1x1,512x1x1,512x4096x1x1
cache_v_l8 (view),kernel_set_rows_f16_i64,0.002800,8192x1x1,512x1x1,512x4096x1x1
__fattn__-8,flash_attn_f32_f16,4.075300,32x28x0,32x1x0,128x28x16x1
ffn_inp-8,kernel_add,0.023700,1024x1x1,64x1x1,3584x16x1x1
ffn_norm-8,kernel_rms_norm_mul,0.009300,16384x1x1,1024x1x1,3584x16x1x1
ffn_swiglu-8,kernel_swiglu,0.057400,8192x1x1,512x1x1,18944x16x1x1
ffn_out-8,kernel_mul_mv_q6_K_f32,33.991100,3584x1024x1,2x64x1,3584x16x1x1
l_out-8,kernel_add,0.023000,1024x1x1,64x1x1,3584x16x1x1
attn_norm-9,kernel_rms_norm_mul,0.009400,16384x1x1,1024x1x1,3584x16x1x1
Qcur-9,kernel_add_row,0.011900,14336x0x0,64x0x0,3584x16x1x1
Qcur-9,kernel_rope_neox_f32,0.011000,1792x16x1,64x1x1,128x28x16x1
Kcur-9,kernel_add_row,0.005600,2048x0x0,64x0x0,512x16x1x1
Kcur-9,kernel_rope_neox_f32,0.002700,256x16x1,64x1x1,128x4x16x1
Vcur-9,kernel_add_row,0.005600,2048x0x0,64x0x0,512x16x1x1
cache_k_l9 (view),kernel_set_rows_f16_i64,0.003900,8192x1x1,512x1x1,512x4096x1x1
cache_v_l9 (view),kernel_set_rows_f16_i64,0.002900,8192x1x1,512x1x1,512x4096x1x1
__fattn__-9,flash_attn_f32_f16,3.992500,32x28x0,32x1x0,128x28x16x1
ffn_inp-9,kernel_add,0.024200,1024x1x1,64x1x1,3584x16x1x1
ffn_norm-9,kernel_rms_norm_mul,0.009300,16384x1x1,1024x1x1,3584x16x1x1
l_out-9,kernel_add,0.024800,1024x1x1,64x1x1,3584x16x1x1
attn_norm-10,kernel_rms_norm_mul,0.009500,16384x1x1,1024x1x1,3584x16x1x1
Qcur-10,kernel_add_row,0.008000,14336x0x0,64x0x0,3584x16x1x1
Qcur-10,kernel_rope_neox_f32,0.005500,1792x16x1,64x1x1,128x28x16x1
Kcur-10,kernel_add_row,0.005600,2048x0x0,64x0x0,512x16x1x1
Kcur-10,kernel_rope_neox_f32,0.002600,256x16x1,64x1x1,128x4x16x1
Vcur-10,kernel_add_row,0.005600,2048x0x0,64x0x0,512x16x1x1
cache_k_l10 (view),kernel_set_rows_f16_i64,0.004000,8192x1x1,512x1x1,512x4096x1x1
cache_v_l10 (view),kernel_set_rows_f16_i64,0.002800,8192x1x1,512x1x1,512x4096x1x1
__fattn__-10,flash_attn_f32_f16,4.042600,32x28x0,32x1x0,128x28x16x1
ffn_inp-10,kernel_add,0.023200,1024x1x1,64x1x1,3584x16x1x1
ffn_norm-10,kernel_rms_norm_mul,0.009200,16384x1x1,1024x1x1,3584x16x1x1
l_out-10,kernel_add,0.024700,1024x1x1,64x1x1,3584x16x1x1
attn_norm-11,kernel_rms_norm_mul,0.009800,16384x1x1,1024x1x1,3584x16x1x1
Qcur-11,kernel_add_row,0.008000,14336x0x0,64x0x0,3584x16x1x1
Qcur-11,kernel_rope_neox_f32,0.005400,1792x16x1,64x1x1,128x28x16x1
Kcur-11,kernel_add_row,0.005600,2048x0x0,64x0x0,512x16x1x1
Kcur-11,kernel_rope_neox_f32,0.002700,256x16x1,64x1x1,128x4x16x1
node_386,kernel_mul_mv_q6_K_f32,0.955600,512x1024x1,2x64x1,512x16x1x1
Vcur-11,kernel_add_row,0.002600,2048x0x0,64x0x0,512x16x1x1
cache_k_l11 (view),kernel_set_rows_f16_i64,0.003800,8192x1x1,512x1x1,512x4096x1x1
cache_v_l11 (view),kernel_set_rows_f16_i64,0.002800,8192x1x1,512x1x1,512x4096x1x1
__fattn__-11,flash_attn_f32_f16,4.072700,32x28x0,32x1x0,128x28x16x1
ffn_inp-11,kernel_add,0.024500,1024x1x1,64x1x1,3584x16x1x1
ffn_norm-11,kernel_rms_norm_mul,0.009200,16384x1x1,1024x1x1,3584x16x1x1
ffn_swiglu-11,kernel_swiglu,0.049700,8192x1x1,512x1x1,18944x16x1x1
ffn_out-11,kernel_mul_mv_q6_K_f32,33.133099,3584x1024x1,2x64x1,3584x16x1x1
l_out-11,kernel_add,0.023100,1024x1x1,64x1x1,3584x16x1x1
attn_norm-12,kernel_rms_norm_mul,0.009300,16384x1x1,1024x1x1,3584x16x1x1
Qcur-12,kernel_add_row,0.008800,14336x0x0,64x0x0,3584x16x1x1
Qcur-12,kernel_rope_neox_f32,0.005400,1792x16x1,64x1x1,128x28x16x1
Kcur-12,kernel_add_row,0.005600,2048x0x0,64x0x0,512x16x1x1
Kcur-12,kernel_rope_neox_f32,0.002900,256x16x1,64x1x1,128x4x16x1
Vcur-12,kernel_add_row,0.005900,2048x0x0,64x0x0,512x16x1x1
cache_k_l12 (view),kernel_set_rows_f16_i64,0.003800,8192x1x1,512x1x1,512x4096x1x1
cache_v_l12 (view),kernel_set_rows_f16_i64,0.002800,8192x1x1,512x1x1,512x4096x1x1
__fattn__-12,flash_attn_f32_f16,4.024100,32x28x0,32x1x0,128x28x16x1
ffn_inp-12,kernel_add,0.023900,1024x1x1,64x1x1,3584x16x1x1
ffn_norm-12,kernel_rms_norm_mul,0.009100,16384x1x1,1024x1x1,3584x16x1x1
l_out-12,kernel_add,0.025100,1024x1x1,64x1x1,3584x16x1x1
attn_norm-13,kernel_rms_norm_mul,0.009600,16384x1x1,1024x1x1,3584x16x1x1
Qcur-13,kernel_add_row,0.008400,14336x0x0,64x0x0,3584x16x1x1
Qcur-13,kernel_rope_neox_f32,0.005600,1792x16x1,64x1x1,128x28x16x1
Kcur-13,kernel_add_row,0.005800,2048x0x0,64x0x0,512x16x1x1
Kcur-13,kernel_rope_neox_f32,0.002800,256x16x1,64x1x1,128x4x16x1
Vcur-13,kernel_add_row,0.005600,2048x0x0,64x0x0,512x16x1x1
cache_k_l13 (view),kernel_set_rows_f16_i64,0.003900,8192x1x1,512x1x1,512x4096x1x1
cache_v_l13 (view),kernel_set_rows_f16_i64,0.002800,8192x1x1,512x1x1,512x4096x1x1
__fattn__-13,flash_attn_f32_f16,4.026900,32x28x0,32x1x0,128x28x16x1
ffn_inp-13,kernel_add,0.023700,1024x1x1,64x1x1,3584x16x1x1
ffn_norm-13,kernel_rms_norm_mul,0.009200,16384x1x1,1024x1x1,3584x16x1x1
l_out-13,kernel_add,0.025000,1024x1x1,64x1x1,3584x16x1x1
attn_norm-14,kernel_rms_norm_mul,0.009500,16384x1x1,1024x1x1,3584x16x1x1
Qcur-14,kernel_add_row,0.008100,14336x0x0,64x0x0,3584x16x1x1
Qcur-14,kernel_rope_neox_f32,0.005600,1792x16x1,64x1x1,128x28x16x1
Kcur-14,kernel_add_row,0.005700,2048x0x0,64x0x0,512x16x1x1
Kcur-14,kernel_rope_neox_f32,0.002700,256x16x1,64x1x1,128x4x16x1
node_488,kernel_mul_mv_q6_K_f32,0.954200,512x1024x1,2x64x1,512x16x1x1
Vcur-14,kernel_add_row,0.002200,2048x0x0,64x0x0,512x16x1x1
cache_k_l14 (view),kernel_set_rows_f16_i64,0.003600,8192x1x1,512x1x1,512x4096x1x1
cache_v_l14 (view),kernel_set_rows_f16_i64,0.002900,8192x1x1,512x1x1,512x4096x1x1
__fattn__-14,flash_attn_f32_f16,4.098500,32x28x0,32x1x0,128x28x16x1
ffn_inp-14,kernel_add,0.023500,1024x1x1,64x1x1,3584x16x1x1
ffn_norm-14,kernel_rms_norm_mul,0.009400,16384x1x1,1024x1x1,3584x16x1x1
ffn_swiglu-14,kernel_swiglu,0.053100,8192x1x1,512x1x1,18944x16x1x1
ffn_out-14,kernel_mul_mv_q6_K_f32,33.131699,3584x1024x1,2x64x1,3584x16x1x1
l_out-14,kernel_add,0.023100,1024x1x1,64x1x1,3584x16x1x1
attn_norm-15,kernel_rms_norm_mul,0.009300,16384x1x1,1024x1x1,3584x16x1x1
Qcur-15,kernel_add_row,0.008000,14336x0x0,64x0x0,3584x16x1x1
Qcur-15,kernel_rope_neox_f32,0.005400,1792x16x1,64x1x1,128x28x16x1
Kcur-15,kernel_add_row,0.005600,2048x0x0,64x0x0,512x16x1x1
Kcur-15,kernel_rope_neox_f32,0.003000,256x16x1,64x1x1,128x4x16x1
Vcur-15,kernel_add_row,0.005600,2048x0x0,64x0x0,512x16x1x1
cache_k_l15 (view),kernel_set_rows_f16_i64,0.004000,8192x1x1,512x1x1,512x4096x1x1
cache_v_l15 (view),kernel_set_rows_f16_i64,0.002700,8192x1x1,512x1x1,512x4096x1x1
__fattn__-15,flash_attn_f32_f16,4.068100,32x28x0,32x1x0,128x28x16x1
ffn_inp-15,kernel_add,0.024600,1024x1x1,64x1x1,3584x16x1x1
ffn_norm-15,kernel_rms_norm_mul,0.009100,16384x1x1,1024x1x1,3584x16x1x1
l_out-15,kernel_add,0.025200,1024x1x1,64x1x1,3584x16x1x1
attn_norm-16,kernel_rms_norm_mul,0.009500,16384x1x1,1024x1x1,3584x16x1x1
Qcur-16,kernel_add_row,0.008000,14336x0x0,64x0x0,3584x16x1x1
Qcur-16,kernel_rope_neox_f32,0.005500,1792x16x1,64x1x1,128x28x16x1
Kcur-16,kernel_add_row,0.005700,2048x0x0,64x0x0,512x16x1x1
Kcur-16,kernel_rope_neox_f32,0.002800,256x16x1,64x1x1,128x4x16x1
Vcur-16,kernel_add_row,0.005600,2048x0x0,64x0x0,512x16x1x1
cache_k_l16 (view),kernel_set_rows_f16_i64,0.004000,8192x1x1,512x1x1,512x4096x1x1
cache_v_l16 (view),kernel_set_rows_f16_i64,0.002900,8192x1x1,512x1x1,512x4096x1x1
__fattn__-16,flash_attn_f32_f16,4.051500,32x28x0,32x1x0,128x28x16x1
ffn_inp-16,kernel_add,0.023000,1024x1x1,64x1x1,3584x16x1x1
ffn_norm-16,kernel_rms_norm_mul,0.009200,16384x1x1,1024x1x1,3584x16x1x1
l_out-16,kernel_add,0.025000,1024x1x1,64x1x1,3584x16x1x1
attn_norm-17,kernel_rms_norm_mul,0.009600,16384x1x1,1024x1x1,3584x16x1x1
Qcur-17,kernel_add_row,0.008700,14336x0x0,64x0x0,3584x16x1x1
Qcur-17,kernel_rope_neox_f32,0.005400,1792x16x1,64x1x1,128x28x16x1
Kcur-17,kernel_add_row,0.005800,2048x0x0,64x0x0,512x16x1x1
Kcur-17,kernel_rope_neox_f32,0.002700,256x16x1,64x1x1,128x4x16x1
node_590,kernel_mul_mv_q6_K_f32,0.955500,512x1024x1,2x64x1,512x16x1x1
Vcur-17,kernel_add_row,0.002200,2048x0x0,64x0x0,512x16x1x1
cache_k_l17 (view),kernel_set_rows_f16_i64,0.003800,8192x1x1,512x1x1,512x4096x1x1
cache_v_l17 (view),kernel_set_rows_f16_i64,0.002800,8192x1x1,512x1x1,512x4096x1x1
__fattn__-17,flash_attn_f32_f16,4.064300,32x28x0,32x1x0,128x28x16x1
ffn_inp-17,kernel_add,0.024100,1024x1x1,64x1x1,3584x16x1x1
ffn_norm-17,kernel_rms_norm_mul,0.009300,16384x1x1,1024x1x1,3584x16x1x1
ffn_swiglu-17,kernel_swiglu,0.053800,8192x1x1,512x1x1,18944x16x1x1
ffn_out-17,kernel_mul_mv_q6_K_f32,33.155800,3584x1024x1,2x64x1,3584x16x1x1
l_out-17,kernel_add,0.023000,1024x1x1,64x1x1,3584x16x1x1
attn_norm-18,kernel_rms_norm_mul,0.009400,16384x1x1,1024x1x1,3584x16x1x1
Qcur-18,kernel_add_row,0.007900,14336x0x0,64x0x0,3584x16x1x1
Qcur-18,kernel_rope_neox_f32,0.005400,1792x16x1,64x1x1,128x28x16x1
Kcur-18,kernel_add_row,0.005500,2048x0x0,64x0x0,512x16x1x1
Kcur-18,kernel_rope_neox_f32,0.002700,256x16x1,64x1x1,128x4x16x1
Vcur-18,kernel_add_row,0.005700,2048x0x0,64x0x0,512x16x1x1
cache_k_l18 (view),kernel_set_rows_f16_i64,0.003900,8192x1x1,512x1x1,512x4096x1x1
cache_v_l18 (view),kernel_set_rows_f16_i64,0.002800,8192x1x1,512x1x1,512x4096x1x1
__fattn__-18,flash_attn_f32_f16,4.060700,32x28x0,32x1x0,128x28x16x1
ffn_inp-18,kernel_add,0.024100,1024x1x1,64x1x1,3584x16x1x1
ffn_norm-18,kernel_rms_norm_mul,0.009100,16384x1x1,1024x1x1,3584x16x1x1
l_out-18,kernel_add,0.024700,1024x1x1,64x1x1,3584x16x1x1
attn_norm-19,kernel_rms_norm_mul,0.009600,16384x1x1,1024x1x1,3584x16x1x1
Qcur-19,kernel_add_row,0.007900,14336x0x0,64x0x0,3584x16x1x1
Qcur-19,kernel_rope_neox_f32,0.005600,1792x16x1,64x1x1,128x28x16x1
Kcur-19,kernel_add_row,0.005600,2048x0x0,64x0x0,512x16x1x1
Kcur-19,kernel_rope_neox_f32,0.002700,256x16x1,64x1x1,128x4x16x1
Vcur-19,kernel_add_row,0.005600,2048x0x0,64x0x0,512x16x1x1
cache_k_l19 (view),kernel_set_rows_f16_i64,0.003900,8192x1x1,512x1x1,512x4096x1x1
cache_v_l19 (view),kernel_set_rows_f16_i64,0.002800,8192x1x1,512x1x1,512x4096x1x1
__fattn__-19,flash_attn_f32_f16,4.069800,32x28x0,32x1x0,128x28x16x1
ffn_inp-19,kernel_add,0.023200,1024x1x1,64x1x1,3584x16x1x1
ffn_norm-19,kernel_rms_norm_mul,0.009100,16384x1x1,1024x1x1,3584x16x1x1
l_out-19,kernel_add,0.024600,1024x1x1,64x1x1,3584x16x1x1
attn_norm-20,kernel_rms_norm_mul,0.009600,16384x1x1,1024x1x1,3584x16x1x1
Qcur-20,kernel_add_row,0.008100,14336x0x0,64x0x0,3584x16x1x1
Qcur-20,kernel_rope_neox_f32,0.005300,1792x16x1,64x1x1,128x28x16x1
Kcur-20,kernel_add_row,0.005600,2048x0x0,64x0x0,512x16x1x1
Kcur-20,kernel_rope_neox_f32,0.002700,256x16x1,64x1x1,128x4x16x1
node_692,kernel_mul_mv_q6_K_f32,0.955000,512x1024x1,2x64x1,512x16x1x1
Vcur-20,kernel_add_row,0.002600,2048x0x0,64x0x0,512x16x1x1
cache_k_l20 (view),kernel_set_rows_f16_i64,0.003700,8192x1x1,512x1x1,512x4096x1x1
cache_v_l20 (view),kernel_set_rows_f16_i64,0.003000,8192x1x1,512x1x1,512x4096x1x1
__fattn__-20,flash_attn_f32_f16,4.111600,32x28x0,32x1x0,128x28x16x1
ffn_inp-20,kernel_add,0.024100,1024x1x1,64x1x1,3584x16x1x1
ffn_norm-20,kernel_rms_norm_mul,0.009100,16384x1x1,1024x1x1,3584x16x1x1
ffn_swiglu-20,kernel_swiglu,0.055200,8192x1x1,512x1x1,18944x16x1x1
ffn_out-20,kernel_mul_mv_q6_K_f32,33.151901,3584x1024x1,2x64x1,3584x16x1x1
l_out-20,kernel_add,0.023100,1024x1x1,64x1x1,3584x16x1x1
attn_norm-21,kernel_rms_norm_mul,0.009400,16384x1x1,1024x1x1,3584x16x1x1
Qcur-21,kernel_add_row,0.009100,14336x0x0,64x0x0,3584x16x1x1
Qcur-21,kernel_rope_neox_f32,0.005400,1792x16x1,64x1x1,128x28x16x1
Kcur-21,kernel_add_row,0.005500,2048x0x0,64x0x0,512x16x1x1
Kcur-21,kernel_rope_neox_f32,0.002700,256x16x1,64x1x1,128x4x16x1
Vcur-21,kernel_add_row,0.005700,2048x0x0,64x0x0,512x16x1x1
cache_k_l21 (view),kernel_set_rows_f16_i64,0.003700,8192x1x1,512x1x1,512x4096x1x1
cache_v_l21 (view),kernel_set_rows_f16_i64,0.002800,8192x1x1,512x1x1,512x4096x1x1
__fattn__-21,flash_attn_f32_f16,4.082400,32x28x0,32x1x0,128x28x16x1
ffn_inp-21,kernel_add,0.024200,1024x1x1,64x1x1,3584x16x1x1
ffn_norm-21,kernel_rms_norm_mul,0.009200,16384x1x1,1024x1x1,3584x16x1x1
l_out-21,kernel_add,0.024700,1024x1x1,64x1x1,3584x16x1x1
attn_norm-22,kernel_rms_norm_mul,0.009500,16384x1x1,1024x1x1,3584x16x1x1
Qcur-22,kernel_add_row,0.007900,14336x0x0,64x0x0,3584x16x1x1
Qcur-22,kernel_rope_neox_f32,0.005600,1792x16x1,64x1x1,128x28x16x1
Kcur-22,kernel_add_row,0.005800,2048x0x0,64x0x0,512x16x1x1
Kcur-22,kernel_rope_neox_f32,0.002700,256x16x1,64x1x1,128x4x16x1
Vcur-22,kernel_add_row,0.005600,2048x0x0,64x0x0,512x16x1x1
cache_k_l22 (view),kernel_set_rows_f16_i64,0.004000,8192x1x1,512x1x1,512x4096x1x1
cache_v_l22 (view),kernel_set_rows_f16_i64,0.002900,8192x1x1,512x1x1,512x4096x1x1
__fattn__-22,flash_attn_f32_f16,4.081600,32x28x0,32x1x0,128x28x16x1
ffn_inp-22,kernel_add,0.023100,1024x1x1,64x1x1,3584x16x1x1
ffn_norm-22,kernel_rms_norm_mul,0.009200,16384x1x1,1024x1x1,3584x16x1x1
l_out-22,kernel_add,0.024800,1024x1x1,64x1x1,3584x16x1x1
attn_norm-23,kernel_rms_norm_mul,0.009600,16384x1x1,1024x1x1,3584x16x1x1
Qcur-23,kernel_add_row,0.008100,14336x0x0,64x0x0,3584x16x1x1
Qcur-23,kernel_rope_neox_f32,0.005500,1792x16x1,64x1x1,128x28x16x1
Kcur-23,kernel_add_row,0.006000,2048x0x0,64x0x0,512x16x1x1
Kcur-23,kernel_rope_neox_f32,0.002800,256x16x1,64x1x1,128x4x16x1
node_794,kernel_mul_mv_q6_K_f32,0.956100,512x1024x1,2x64x1,512x16x1x1
Vcur-23,kernel_add_row,0.002500,2048x0x0,64x0x0,512x16x1x1
cache_k_l23 (view),kernel_set_rows_f16_i64,0.003700,8192x1x1,512x1x1,512x4096x1x1
cache_v_l23 (view),kernel_set_rows_f16_i64,0.002800,8192x1x1,512x1x1,512x4096x1x1
__fattn__-23,flash_attn_f32_f16,3.980700,32x28x0,32x1x0,128x28x16x1
ffn_inp-23,kernel_add,0.024300,1024x1x1,64x1x1,3584x16x1x1
ffn_norm-23,kernel_rms_norm_mul,0.009100,16384x1x1,1024x1x1,3584x16x1x1
ffn_swiglu-23,kernel_swiglu,0.049100,8192x1x1,512x1x1,18944x16x1x1
ffn_out-23,kernel_mul_mv_q6_K_f32,33.137798,3584x1024x1,2x64x1,3584x16x1x1
l_out-23,kernel_add,0.023300,1024x1x1,64x1x1,3584x16x1x1
attn_norm-24,kernel_rms_norm_mul,0.009400,16384x1x1,1024x1x1,3584x16x1x1
Qcur-24,kernel_add_row,0.008000,14336x0x0,64x0x0,3584x16x1x1
Qcur-24,kernel_rope_neox_f32,0.005600,1792x16x1,64x1x1,128x28x16x1
Kcur-24,kernel_add_row,0.005700,2048x0x0,64x0x0,512x16x1x1
Kcur-24,kernel_rope_neox_f32,0.002700,256x16x1,64x1x1,128x4x16x1
node_828,kernel_mul_mv_q6_K_f32,0.954800,512x1024x1,2x64x1,512x16x1x1
Vcur-24,kernel_add_row,0.002600,2048x0x0,64x0x0,512x16x1x1
cache_k_l24 (view),kernel_set_rows_f16_i64,0.003900,8192x1x1,512x1x1,512x4096x1x1
cache_v_l24 (view),kernel_set_rows_f16_i64,0.002900,8192x1x1,512x1x1,512x4096x1x1
__fattn__-24,flash_attn_f32_f16,4.034900,32x28x0,32x1x0,128x28x16x1
ffn_inp-24,kernel_add,0.024000,1024x1x1,64x1x1,3584x16x1x1
ffn_norm-24,kernel_rms_norm_mul,0.009200,16384x1x1,1024x1x1,3584x16x1x1
ffn_swiglu-24,kernel_swiglu,0.047300,8192x1x1,512x1x1,18944x16x1x1
ffn_out-24,kernel_mul_mv_q6_K_f32,33.147099,3584x1024x1,2x64x1,3584x16x1x1
l_out-24,kernel_add,0.022900,1024x1x1,64x1x1,3584x16x1x1
attn_norm-25,kernel_rms_norm_mul,0.009500,16384x1x1,1024x1x1,3584x16x1x1
Qcur-25,kernel_add_row,0.008300,14336x0x0,64x0x0,3584x16x1x1
Qcur-25,kernel_rope_neox_f32,0.005400,1792x16x1,64x1x1,128x28x16x1
Kcur-25,kernel_add_row,0.005600,2048x0x0,64x0x0,512x16x1x1
Kcur-25,kernel_rope_neox_f32,0.002700,256x16x1,64x1x1,128x4x16x1
node_862,kernel_mul_mv_q6_K_f32,0.955400,512x1024x1,2x64x1,512x16x1x1
Vcur-25,kernel_add_row,0.002500,2048x0x0,64x0x0,512x16x1x1
cache_k_l25 (view),kernel_set_rows_f16_i64,0.003700,8192x1x1,512x1x1,512x4096x1x1
cache_v_l25 (view),kernel_set_rows_f16_i64,0.002900,8192x1x1,512x1x1,512x4096x1x1
__fattn__-25,flash_attn_f32_f16,4.031100,32x28x0,32x1x0,128x28x16x1
ffn_inp-25,kernel_add,0.023800,1024x1x1,64x1x1,3584x16x1x1
ffn_norm-25,kernel_rms_norm_mul,0.009200,16384x1x1,1024x1x1,3584x16x1x1
ffn_swiglu-25,kernel_swiglu,0.056500,8192x1x1,512x1x1,18944x16x1x1
ffn_out-25,kernel_mul_mv_q6_K_f32,33.112099,3584x1024x1,2x64x1,3584x16x1x1
l_out-25,kernel_add,0.023200,1024x1x1,64x1x1,3584x16x1x1
attn_norm-26,kernel_rms_norm_mul,0.009500,16384x1x1,1024x1x1,3584x16x1x1
Qcur-26,kernel_add_row,0.008100,14336x0x0,64x0x0,3584x16x1x1
Qcur-26,kernel_rope_neox_f32,0.005400,1792x16x1,64x1x1,128x28x16x1
Kcur-26,kernel_add_row,0.005600,2048x0x0,64x0x0,512x16x1x1
Kcur-26,kernel_rope_neox_f32,0.002700,256x16x1,64x1x1,128x4x16x1
node_896,kernel_mul_mv_q6_K_f32,0.953400,512x1024x1,2x64x1,512x16x1x1
Vcur-26,kernel_add_row,0.002500,2048x0x0,64x0x0,512x16x1x1
cache_k_l26 (view),kernel_set_rows_f16_i64,0.003600,8192x1x1,512x1x1,512x4096x1x1
cache_v_l26 (view),kernel_set_rows_f16_i64,0.002900,8192x1x1,512x1x1,512x4096x1x1
__fattn__-26,flash_attn_f32_f16,4.014500,32x28x0,32x1x0,128x28x16x1
ffn_inp-26,kernel_add,0.024300,1024x1x1,64x1x1,3584x16x1x1
ffn_norm-26,kernel_rms_norm_mul,0.009100,16384x1x1,1024x1x1,3584x16x1x1
ffn_swiglu-26,kernel_swiglu,0.047800,8192x1x1,512x1x1,18944x16x1x1
ffn_out-26,kernel_mul_mv_q6_K_f32,33.090698,3584x1024x1,2x64x1,3584x16x1x1
l_out-26,kernel_add,0.022800,1024x1x1,64x1x1,3584x16x1x1
attn_norm-27,kernel_rms_norm_mul,0.009400,16384x1x1,1024x1x1,3584x16x1x1
Qcur-27,kernel_add_row,0.007800,14336x0x0,64x0x0,3584x16x1x1
Qcur-27,kernel_rope_neox_f32,0.005400,1792x16x1,64x1x1,128x28x16x1
Kcur-27,kernel_add_row,0.005600,2048x0x0,64x0x0,512x16x1x1
Kcur-27,kernel_rope_neox_f32,0.002800,256x16x1,64x1x1,128x4x16x1
node_930,kernel_mul_mv_q6_K_f32,0.954800,512x1024x1,2x64x1,512x16x1x1
Vcur-27,kernel_add_row,0.002600,2048x0x0,64x0x0,512x16x1x1
cache_k_l27 (view),kernel_set_rows_f16_i64,0.003700,8192x1x1,512x1x1,512x4096x1x1
cache_v_l27 (view),kernel_set_rows_f16_i64,0.002900,8192x1x1,512x1x1,512x4096x1x1
__fattn__-27,flash_attn_f32_f16,4.042700,32x28x0,32x1x0,128x28x16x1
attn_norm-0,kernel_rms_norm_mul,0.008900,5120x1x1,1024x1x1,3584x5x1x1
Qcur-0,kernel_add_row,0.005800,4480x0x0,64x0x0,3584x5x1x1
Qcur-0,kernel_rope_neox_f32,0.003300,1792x5x1,64x1x1,128x28x5x1
Kcur-0,kernel_add_row,0.004700,640x0x0,64x0x0,512x5x1x1
Kcur-0,kernel_rope_neox_f32,0.002600,256x5x1,64x1x1,128x4x5x1
node_11,kernel_mul_mv_q6_K_f32,0.308800,512x320x1,2x64x1,512x5x1x1
Vcur-0,kernel_add_row,0.002300,640x0x0,64x0x0,512x5x1x1
cache_k_l0 (view),kernel_set_rows_f16_i64,0.002600,2560x1x1,512x1x1,512x4096x1x1
cache_v_l0 (view),kernel_set_rows_f16_i64,0.002700,2560x1x1,512x1x1,512x4096x1x1
 (copy),kernel_cpy_f32_f16,0.005900,4096x1x1,64x1x1,768x64x1x1
__fattn__-0,flash_attn_f32_f16,4.073000,32x28x0,32x1x0,128x28x5x1
ffn_inp-0,kernel_add,0.023400,320x1x1,64x1x1,3584x5x1x1
ffn_norm-0,kernel_rms_norm_mul,0.005900,5120x1x1,1024x1x1,3584x5x1x1
ffn_swiglu-0,kernel_swiglu,0.019300,2560x1x1,512x1x1,18944x5x1x1
ffn_out-0,kernel_mul_mv_q6_K_f32,10.365100,3584x320x1,2x64x1,3584x5x1x1
l_out-0,kernel_add,0.022300,320x1x1,64x1x1,3584x5x1x1
attn_norm-1,kernel_rms_norm_mul,0.006200,5120x1x1,1024x1x1,3584x5x1x1
Qcur-1,kernel_add_row,0.005800,4480x0x0,64x0x0,3584x5x1x1
Qcur-1,kernel_rope_neox_f32,0.003300,1792x5x1,64x1x1,128x28x5x1
Kcur-1,kernel_add_row,0.004900,640x0x0,64x0x0,512x5x1x1
Kcur-1,kernel_rope_neox_f32,0.002600,256x5x1,64x1x1,128x4x5x1
node_46,kernel_mul_mv_q6_K_f32,0.309600,512x320x1,2x64x1,512x5x1x1
Vcur-1,kernel_add_row,0.002000,640x0x0,64x0x0,512x5x1x1
cache_k_l1 (view),kernel_set_rows_f16_i64,0.003100,2560x1x1,512x1x1,512x4096x1x1
cache_v_l1 (view),kernel_set_rows_f16_i64,0.002500,2560x1x1,512x1x1,512x4096x1x1
__fattn__-1,flash_attn_f32_f16,4.046400,32x28x0,32x1x0,128x28x5x1
ffn_inp-1,kernel_add,0.023200,320x1x1,64x1x1,3584x5x1x1
ffn_norm-1,kernel_rms_norm_mul,0.006100,5120x1x1,1024x1x1,3584x5x1x1
ffn_swiglu-1,kernel_swiglu,0.019700,2560x1x1,512x1x1,18944x5x1x1
ffn_out-1,kernel_mul_mv_q6_K_f32,10.370000,3584x320x1,2x64x1,3584x5x1x1
l_out-1,kernel_add,0.022600,320x1x1,64x1x1,3584x5x1x1
attn_norm-2,kernel_rms_norm_mul,0.006100,5120x1x1,1024x1x1,3584x5x1x1
Qcur-2,kernel_add_row,0.005800,4480x0x0,64x0x0,3584x5x1x1
Qcur-2,kernel_rope_neox_f32,0.003300,1792x5x1,64x1x1,128x28x5x1
Kcur-2,kernel_add_row,0.004900,640x0x0,64x0x0,512x5x1x1
Kcur-2,kernel_rope_neox_f32,0.002500,256x5x1,64x1x1,128x4x5x1
node_80,kernel_mul_mv_q6_K_f32,0.313100,512x320x1,2x64x1,512x5x1x1
Vcur-2,kernel_add_row,0.002200,640x0x0,64x0x0,512x5x1x1
cache_k_l2 (view),kernel_set_rows_f16_i64,0.003000,2560x1x1,512x1x1,512x4096x1x1
cache_v_l2 (view),kernel_set_rows_f16_i64,0.002500,2560x1x1,512x1x1,512x4096x1x1
__fattn__-2,flash_attn_f32_f16,4.020900,32x28x0,32x1x0,128x28x5x1
ffn_inp-2,kernel_add,0.023400,320x1x1,64x1x1,3584x5x1x1
ffn_norm-2,kernel_rms_norm_mul,0.006100,5120x1x1,1024x1x1,3584x5x1x1
ffn_swiglu-2,kernel_swiglu,0.019400,2560x1x1,512x1x1,18944x5x1x1
ffn_out-2,kernel_mul_mv_q6_K_f32,10.726700,3584x320x1,2x64x1,3584x5x1x1
l_out-2,kernel_add,0.022200,320x1x1,64x1x1,3584x5x1x1
attn_norm-3,kernel_rms_norm_mul,0.006100,5120x1x1,1024x1x1,3584x5x1x1
Qcur-3,kernel_add_row,0.005800,4480x0x0,64x0x0,3584x5x1x1
Qcur-3,kernel_rope_neox_f32,0.003500,1792x5x1,64x1x1,128x28x5x1
Kcur-3,kernel_add_row,0.004800,640x0x0,64x0x0,512x5x1x1
Kcur-3,kernel_rope_neox_f32,0.002500,256x5x1,64x1x1,128x4x5x1
Vcur-3,kernel_add_row,0.004700,640x0x0,64x0x0,512x5x1x1
cache_k_l3 (view),kernel_set_rows_f16_i64,0.003000,2560x1x1,512x1x1,512x4096x1x1
cache_v_l3 (view),kernel_set_rows_f16_i64,0.002400,2560x1x1,512x1x1,512x4096x1x1
__fattn__-3,flash_attn_f32_f16,4.039700,32x28x0,32x1x0,128x28x5x1
ffn_inp-3,kernel_add,0.022500,320x1x1,64x1x1,3584x5x1x1
ffn_norm-3,kernel_rms_norm_mul,0.006000,5120x1x1,1024x1x1,3584x5x1x1
l_out-3,kernel_add,0.024100,320x1x1,64x1x1,3584x5x1x1
attn_norm-4,kernel_rms_norm_mul,0.006600,5120x1x1,1024x1x1,3584x5x1x1
Qcur-4,kernel_add_row,0.005500,4480x0x0,64x0x0,3584x5x1x1
Qcur-4,kernel_rope_neox_f32,0.003400,1792x5x1,64x1x1,128x28x5x1
Kcur-4,kernel_add_row,0.004800,640x0x0,64x0x0,512x5x1x1
Kcur-4,kernel_rope_neox_f32,0.002700,256x5x1,64x1x1,128x4x5x1
Vcur-4,kernel_add_row,0.004700,640x0x0,64x0x0,512x5x1x1
cache_k_l4 (view),kernel_set_rows_f16_i64,0.003000,2560x1x1,512x1x1,512x4096x1x1
cache_v_l4 (view),kernel_set_rows_f16_i64,0.002400,2560x1x1,512x1x1,512x4096x1x1
__fattn__-4,flash_attn_f32_f16,4.103600,32x28x0,32x1x0,128x28x5x1
ffn_inp-4,kernel_add,0.021900,320x1x1,64x1x1,3584x5x1x1
ffn_norm-4,kernel_rms_norm_mul,0.006000,5120x1x1,1024x1x1,3584x5x1x1
l_out-4,kernel_add,0.023600,320x1x1,64x1x1,3584x5x1x1
attn_norm-5,kernel_rms_norm_mul,0.006600,5120x1x1,1024x1x1,3584x5x1x1
Qcur-5,kernel_add_row,0.005800,4480x0x0,64x0x0,3584x5x1x1
Qcur-5,kernel_rope_neox_f32,0.003200,1792x5x1,64x1x1,128x28x5x1
Kcur-5,kernel_add_row,0.004800,640x0x0,64x0x0,512x5x1x1
Kcur-5,kernel_rope_neox_f32,0.002600,256x5x1,64x1x1,128x4x5x1
node_182,kernel_mul_mv_q6_K_f32,0.309200,512x320x1,2x64x1,512x5x1x1
Vcur-5,kernel_add_row,0.002300,640x0x0,64x0x0,512x5x1x1
cache_k_l5 (view),kernel_set_rows_f16_i64,0.003000,2560x1x1,512x1x1,512x4096x1x1
cache_v_l5 (view),kernel_set_rows_f16_i64,0.002500,2560x1x1,512x1x1,512x4096x1x1
__fattn__-5,flash_attn_f32_f16,3.771100,32x28x0,32x1x0,128x28x5x1
ffn_inp-5,kernel_add,0.022400,320x1x1,64x1x1,3584x5x1x1
ffn_norm-5,kernel_rms_norm_mul,0.006000,5120x1x1,1024x1x1,3584x5x1x1
ffn_swiglu-5,kernel_swiglu,0.019100,2560x1x1,512x1x1,18944x5x1x1
ffn_out-5,kernel_mul_mv_q6_K_f32,10.818300,3584x320x1,2x64x1,3584x5x1x1
l_out-5,kernel_add,0.022400,320x1x1,64x1x1,3584x5x1x1
attn_norm-6,kernel_rms_norm_mul,0.006400,5120x1x1,1024x1x1,3584x5x1x1
Qcur-6,kernel_add_row,0.005800,4480x0x0,64x0x0,3584x5x1x1
Qcur-6,kernel_rope_neox_f32,0.003300,1792x5x1,64x1x1,128x28x5x1
Kcur-6,kernel_add_row,0.004900,640x0x0,64x0x0,512x5x1x1
Kcur-6,kernel_rope_neox_f32,0.002500,256x5x1,64x1x1,128x4x5x1
Vcur-6,kernel_add_row,0.004700,640x0x0,64x0x0,512x5x1x1
cache_k_l6 (view),kernel_set_rows_f16_i64,0.003000,2560x1x1,512x1x1,512x4096x1x1
cache_v_l6 (view),kernel_set_rows_f16_i64,0.002500,2560x1x1,512x1x1,512x4096x1x1
__fattn__-6,flash_attn_f32_f16,4.060200,32x28x0,32x1x0,128x28x5x1
ffn_inp-6,kernel_add,0.022200,320x1x1,64x1x1,3584x5x1x1
ffn_norm-6,kernel_rms_norm_mul,0.006100,5120x1x1,1024x1x1,3584x5x1x1
l_out-6,kernel_add,0.023900,320x1x1,64x1x1,3584x5x1x1
attn_norm-7,kernel_rms_norm_mul,0.006800,5120x1x1,1024x1x1,3584x5x1x1
Qcur-7,kernel_add_row,0.005900,4480x0x0,64x0x0,3584x5x1x1
Qcur-7,kernel_rope_neox_f32,0.003400,1792x5x1,64x1x1,128x28x5x1
Kcur-7,kernel_add_row,0.005000,640x0x0,64x0x0,512x5x1x1
Kcur-7,kernel_rope_neox_f32,0.002600,256x5x1,64x1x1,128x4x5x1
Vcur-7,kernel_add_row,0.004700,640x0x0,64x0x0,512x5x1x1
cache_k_l7 (view),kernel_set_rows_f16_i64,0.003000,2560x1x1,512x1x1,512x4096x1x1
cache_v_l7 (view),kernel_set_rows_f16_i64,0.002400,2560x1x1,512x1x1,512x4096x1x1
__fattn__-7,flash_attn_f32_f16,4.073600,32x28x0,32x1x0,128x28x5x1
ffn_inp-7,kernel_add,0.022000,320x1x1,64x1x1,3584x5x1x1
ffn_norm-7,kernel_rms_norm_mul,0.006100,5120x1x1,1024x1x1,3584x5x1x1
l_out-7,kernel_add,0.023700,320x1x1,64x1x1,3584x5x1x1
attn_norm-8,kernel_rms_norm_mul,0.006700,5120x1x1,1024x1x1,3584x5x1x1
Qcur-8,kernel_add_row,0.005800,4480x0x0,64x0x0,3584x5x1x1
Qcur-8,kernel_rope_neox_f32,0.003300,1792x5x1,64x1x1,128x28x5x1
Kcur-8,kernel_add_row,0.004900,640x0x0,64x0x0,512x5x1x1
Kcur-8,kernel_rope_neox_f32,0.002500,256x5x1,64x1x1,128x4x5x1
node_284,kernel_mul_mv_q6_K_f32,0.310500,512x320x1,2x64x1,512x5x1x1
Vcur-8,kernel_add_row,0.002300,640x0x0,64x0x0,512x5x1x1
cache_k_l8 (view),kernel_set_rows_f16_i64,0.003100,2560x1x1,512x1x1,512x4096x1x1
cache_v_l8 (view),kernel_set_rows_f16_i64,0.002500,2560x1x1,512x1x1,512x4096x1x1
__fattn__-8,flash_attn_f32_f16,4.074500,32x28x0,32x1x0,128x28x5x1
ffn_inp-8,kernel_add,0.022300,320x1x1,64x1x1,3584x5x1x1
ffn_norm-8,kernel_rms_norm_mul,0.006000,5120x1x1,1024x1x1,3584x5x1x1
ffn_swiglu-8,kernel_swiglu,0.019600,2560x1x1,512x1x1,18944x5x1x1
ffn_out-8,kernel_mul_mv_q6_K_f32,10.635100,3584x320x1,2x64x1,3584x5x1x1
l_out-8,kernel_add,0.022500,320x1x1,64x1x1,3584x5x1x1
attn_norm-9,kernel_rms_norm_mul,0.006200,5120x1x1,1024x1x1,3584x5x1x1
Qcur-9,kernel_add_row,0.005800,4480x0x0,64x0x0,3584x5x1x1
Qcur-9,kernel_rope_neox_f32,0.003300,1792x5x1,64x1x1,128x28x5x1
Kcur-9,kernel_add_row,0.004800,640x0x0,64x0x0,512x5x1x1
Kcur-9,kernel_rope_neox_f32,0.002500,256x5x1,64x1x1,128x4x5x1
Vcur-9,kernel_add_row,0.004600,640x0x0,64x0x0,512x5x1x1
cache_k_l9 (view),kernel_set_rows_f16_i64,0.002900,2560x1x1,512x1x1,512x4096x1x1
cache_v_l9 (view),kernel_set_rows_f16_i64,0.002300,2560x1x1,512x1x1,512x4096x1x1
__fattn__-9,flash_attn_f32_f16,4.057200,32x28x0,32x1x0,128x28x5x1
ffn_inp-9,kernel_add,0.022500,320x1x1,64x1x1,3584x5x1x1
ffn_norm-9,kernel_rms_norm_mul,0.005900,5120x1x1,1024x1x1,3584x5x1x1
l_out-9,kernel_add,0.023500,320x1x1,64x1x1,3584x5x1x1
attn_norm-10,kernel_rms_norm_mul,0.006600,5120x1x1,1024x1x1,3584x5x1x1
Qcur-10,kernel_add_row,0.005800,4480x0x0,64x0x0,3584x5x1x1
Qcur-10,kernel_rope_neox_f32,0.003300,1792x5x1,64x1x1,128x28x5x1
Kcur-10,kernel_add_row,0.005000,640x0x0,64x0x0,512x5x1x1
Kcur-10,kernel_rope_neox_f32,0.002600,256x5x1,64x1x1,128x4x5x1
Vcur-10,kernel_add_row,0.004600,640x0x0,64x0x0,512x5x1x1
cache_k_l10 (view),kernel_set_rows_f16_i64,0.002900,2560x1x1,512x1x1,512x4096x1x1
cache_v_l10 (view),kernel_set_rows_f16_i64,0.002500,2560x1x1,512x1x1,512x4096x1x1
__fattn__-10,flash_attn_f32_f16,4.010200,32x28x0,32x1x0,128x28x5x1
ffn_inp-10,kernel_add,0.022100,320x1x1,64x1x1,3584x5x1x1
ffn_norm-10,kernel_rms_norm_mul,0.006000,5120x1x1,1024x1x1,3584x5x1x1
l_out-10,kernel_add,0.023500,320x1x1,64x1x1,3584x5x1x1
attn_norm-11,kernel_rms_norm_mul,0.006500,5120x1x1,1024x1x1,3584x5x1x1
Qcur-11,kernel_add_row,0.005700,4480x0x0,64x0x0,3584x5x1x1
Qcur-11,kernel_rope_neox_f32,0.003200,1792x5x1,64x1x1,128x28x5x1
Kcur-11,kernel_add_row,0.005000,640x0x0,64x0x0,512x5x1x1
Kcur-11,kernel_rope_neox_f32,0.002600,256x5x1,64x1x1,128x4x5x1
node_386,kernel_mul_mv_q6_K_f32,0.308900,512x320x1,2x64x1,512x5x1x1
Vcur-11,kernel_add_row,0.002300,640x0x0,64x0x0,512x5x1x1
cache_k_l11 (view),kernel_set_rows_f16_i64,0.003100,2560x1x1,512x1x1,512x4096x1x1
cache_v_l11 (view),kernel_set_rows_f16_i64,0.002400,2560x1x1,512x1x1,512x4096x1x1
__fattn__-11,flash_attn_f32_f16,4.141600,32x28x0,32x1x0,128x28x5x1
ffn_inp-11,kernel_add,0.023800,320x1x1,64x1x1,3584x5x1x1
ffn_norm-11,kernel_rms_norm_mul,0.006000,5120x1x1,1024x1x1,3584x5x1x1
ffn_swiglu-11,kernel_swiglu,0.019200,2560x1x1,512x1x1,18944x5x1x1
ffn_out-11,kernel_mul_mv_q6_K_f32,10.366300,3584x320x1,2x64x1,3584x5x1x1
l_out-11,kernel_add,0.022200,320x1x1,64x1x1,3584x5x1x1
attn_norm-12,kernel_rms_norm_mul,0.006300,5120x1x1,1024x1x1,3584x5x1x1
Qcur-12,kernel_add_row,0.006200,4480x0x0,64x0x0,3584x5x1x1
Qcur-12,kernel_rope_neox_f32,0.003300,1792x5x1,64x1x1,128x28x5x1
Kcur-12,kernel_add_row,0.004900,640x0x0,64x0x0,512x5x1x1
Kcur-12,kernel_rope_neox_f32,0.002500,256x5x1,64x1x1,128x4x5x1
Vcur-12,kernel_add_row,0.004900,640x0x0,64x0x0,512x5x1x1
cache_k_l12 (view),kernel_set_rows_f16_i64,0.003000,2560x1x1,512x1x1,512x4096x1x1
cache_v_l12 (view),kernel_set_rows_f16_i64,0.002500,2560x1x1,512x1x1,512x4096x1x1
__fattn__-12,flash_attn_f32_f16,4.056400,32x28x0,32x1x0,128x28x5x1
ffn_inp-12,kernel_add,0.022300,320x1x1,64x1x1,3584x5x1x1
ffn_norm-12,kernel_rms_norm_mul,0.006000,5120x1x1,1024x1x1,3584x5x1x1
l_out-12,kernel_add,0.023700,320x1x1,64x1x1,3584x5x1x1
attn_norm-13,kernel_rms_norm_mul,0.006600,5120x1x1,1024x1x1,3584x5x1x1
Qcur-13,kernel_add_row,0.005700,4480x0x0,64x0x0,3584x5x1x1
Qcur-13,kernel_rope_neox_f32,0.003400,1792x5x1,64x1x1,128x28x5x1
Kcur-13,kernel_add_row,0.004800,640x0x0,64x0x0,512x5x1x1
Kcur-13,kernel_rope_neox_f32,0.002500,256x5x1,64x1x1,128x4x5x1
Vcur-13,kernel_add_row,0.004700,640x0x0,64x0x0,512x5x1x1
cache_k_l13 (view),kernel_set_rows_f16_i64,0.003200,2560x1x1,512x1x1,512x4096x1x1
cache_v_l13 (view),kernel_set_rows_f16_i64,0.002600,2560x1x1,512x1x1,512x4096x1x1
__fattn__-13,flash_attn_f32_f16,4.050400,32x28x0,32x1x0,128x28x5x1
ffn_inp-13,kernel_add,0.021900,320x1x1,64x1x1,3584x5x1x1
ffn_norm-13,kernel_rms_norm_mul,0.006100,5120x1x1,1024x1x1,3584x5x1x1
l_out-13,kernel_add,0.023500,320x1x1,64x1x1,3584x5x1x1
attn_norm-14,kernel_rms_norm_mul,0.006500,5120x1x1,1024x1x1,3584x5x1x1
Qcur-14,kernel_add_row,0.005900,4480x0x0,64x0x0,3584x5x1x1
Qcur-14,kernel_rope_neox_f32,0.003300,1792x5x1,64x1x1,128x28x5x1
Kcur-14,kernel_add_row,0.004800,640x0x0,64x0x0,512x5x1x1
Kcur-14,kernel_rope_neox_f32,0.002500,256x5x1,64x1x1,128x4x5x1
node_488,kernel_mul_mv_q6_K_f32,0.310700,512x320x1,2x64x1,512x5x1x1
Vcur-14,kernel_add_row,0.002400,640x0x0,64x0x0,512x5x1x1
cache_k_l14 (view),kernel_set_rows_f16_i64,0.003200,2560x1x1,512x1x1,512x4096x1x1
cache_v_l14 (view),kernel_set_rows_f16_i64,0.002300,2560x1x1,512x1x1,512x4096x1x1
__fattn__-14,flash_attn_f32_f16,3.774300,32x28x0,32x1x0,128x28x5x1
ffn_inp-14,kernel_add,0.023500,320x1x1,64x1x1,3584x5x1x1
ffn_norm-14,kernel_rms_norm_mul,0.005900,5120x1x1,1024x1x1,3584x5x1x1
ffn_swiglu-14,kernel_swiglu,0.018900,2560x1x1,512x1x1,18944x5x1x1
ffn_out-14,kernel_mul_mv_q6_K_f32,10.343200,3584x320x1,2x64x1,3584x5x1x1
l_out-14,kernel_add,0.022000,320x1x1,64x1x1,3584x5x1x1
attn_norm-15,kernel_rms_norm_mul,0.006000,5120x1x1,1024x1x1,3584x5x1x1
Qcur-15,kernel_add_row,0.006400,4480x0x0,64x0x0,3584x5x1x1
Qcur-15,kernel_rope_neox_f32,0.003400,1792x5x1,64x1x1,128x28x5x1
Kcur-15,kernel_add_row,0.004700,640x0x0,64x0x0,512x5x1x1
Kcur-15,kernel_rope_neox_f32,0.002500,256x5x1,64x1x1,128x4x5x1
Vcur-15,kernel_add_row,0.004900,640x0x0,64x0x0,512x5x1x1
cache_k_l15 (view),kernel_set_rows_f16_i64,0.003000,2560x1x1,512x1x1,512x4096x1x1
cache_v_l15 (view),kernel_set_rows_f16_i64,0.002400,2560x1x1,512x1x1,512x4096x1x1
__fattn__-15,flash_attn_f32_f16,3.989400,32x28x0,32x1x0,128x28x5x1
ffn_inp-15,kernel_add,0.022100,320x1x1,64x1x1,3584x5x1x1
ffn_norm-15,kernel_rms_norm_mul,0.006100,5120x1x1,1024x1x1,3584x5x1x1
l_out-15,kernel_add,0.023800,320x1x1,64x1x1,3584x5x1x1
attn_norm-16,kernel_rms_norm_mul,0.006500,5120x1x1,1024x1x1,3584x5x1x1
Qcur-16,kernel_add_row,0.005800,4480x0x0,64x0x0,3584x5x1x1
Qcur-16,kernel_rope_neox_f32,0.003300,1792x5x1,64x1x1,128x28x5x1
Kcur-16,kernel_add_row,0.004700,640x0x0,64x0x0,512x5x1x1
Kcur-16,kernel_rope_neox_f32,0.002600,256x5x1,64x1x1,128x4x5x1
Vcur-16,kernel_add_row,0.004900,640x0x0,64x0x0,512x5x1x1
cache_k_l16 (view),kernel_set_rows_f16_i64,0.002900,2560x1x1,512x1x1,512x4096x1x1
cache_v_l16 (view),kernel_set_rows_f16_i64,0.002400,2560x1x1,512x1x1,512x4096x1x1
__fattn__-16,flash_attn_f32_f16,4.079900,32x28x0,32x1x0,128x28x5x1
ffn_inp-16,kernel_add,0.021600,320x1x1,64x1x1,3584x5x1x1
ffn_norm-16,kernel_rms_norm_mul,0.006000,5120x1x1,1024x1x1,3584x5x1x1
l_out-16,kernel_add,0.024400,320x1x1,64x1x1,3584x5x1x1
attn_norm-17,kernel_rms_norm_mul,0.006600,5120x1x1,1024x1x1,3584x5x1x1
Qcur-17,kernel_add_row,0.006000,4480x0x0,64x0x0,3584x5x1x1
Qcur-17,kernel_rope_neox_f32,0.003300,1792x5x1,64x1x1,128x28x5x1
Kcur-17,kernel_add_row,0.004900,640x0x0,64x0x0,512x5x1x1
Kcur-17,kernel_rope_neox_f32,0.002600,256x5x1,64x1x1,128x4x5x1
node_590,kernel_mul_mv_q6_K_f32,0.312500,512x320x1,2x64x1,512x5x1x1
Vcur-17,kernel_add_row,0.002300,640x0x0,64x0x0,512x5x1x1
cache_k_l17 (view),kernel_set_rows_f16_i64,0.003300,2560x1x1,512x1x1,512x4096x1x1
cache_v_l17 (view),kernel_set_rows_f16_i64,0.002400,2560x1x1,512x1x1,512x4096x1x1
__fattn__-17,flash_attn_f32_f16,4.081800,32x28x0,32x1x0,128x28x5x1
ffn_inp-17,kernel_add,0.021900,320x1x1,64x1x1,3584x5x1x1
ffn_norm-17,kernel_rms_norm_mul,0.006000,5120x1x1,1024x1x1,3584x5x1x1
ffn_swiglu-17,kernel_swiglu,0.019600,2560x1x1,512x1x1,18944x5x1x1
ffn_out-17,kernel_mul_mv_q6_K_f32,10.365000,3584x320x1,2x64x1,3584x5x1x1
l_out-17,kernel_add,0.022600,320x1x1,64x1x1,3584x5x1x1
attn_norm-18,kernel_rms_norm_mul,0.006300,5120x1x1,1024x1x1,3584x5x1x1
Qcur-18,kernel_add_row,0.005400,4480x0x0,64x0x0,3584x5x1x1
Qcur-18,kernel_rope_neox_f32,0.003300,1792x5x1,64x1x1,128x28x5x1
Kcur-18,kernel_add_row,0.004800,640x0x0,64x0x0,512x5x1x1
Kcur-18,kernel_rope_neox_f32,0.002500,256x5x1,64x1x1,128x4x5x1
Vcur-18,kernel_add_row,0.004700,640x0x0,64x0x0,512x5x1x1
cache_k_l18 (view),kernel_set_rows_f16_i64,0.002900,2560x1x1,512x1x1,512x4096x1x1
cache_v_l18 (view),kernel_set_rows_f16_i64,0.002500,2560x1x1,512x1x1,512x4096x1x1
__fattn__-18,flash_attn_f32_f16,4.077400,32x28x0,32x1x0,128x28x5x1
ffn_inp-18,kernel_add,0.022600,320x1x1,64x1x1,3584x5x1x1
ffn_norm-18,kernel_rms_norm_mul,0.006000,5120x1x1,1024x1x1,3584x5x1x1
l_out-18,kernel_add,0.023500,320x1x1,64x1x1,3584x5x1x1
attn_norm-19,kernel_rms_norm_mul,0.006500,5120x1x1,1024x1x1,3584x5x1x1
Qcur-19,kernel_add_row,0.005700,4480x0x0,64x0x0,3584x5x1x1
Qcur-19,kernel_rope_neox_f32,0.003300,1792x5x1,64x1x1,128x28x5x1
Kcur-19,kernel_add_row,0.004800,640x0x0,64x0x0,512x5x1x1
Kcur-19,kernel_rope_neox_f32,0.002500,256x5x1,64x1x1,128x4x5x1
Vcur-19,kernel_add_row,0.004800,640x0x0,64x0x0,512x5x1x1
cache_k_l19 (view),kernel_set_rows_f16_i64,0.003000,2560x1x1,512x1x1,512x4096x1x1
cache_v_l19 (view),kernel_set_rows_f16_i64,0.002400,2560x1x1,512x1x1,512x4096x1x1
__fattn__-19,flash_attn_f32_f16,4.048400,32x28x0,32x1x0,128x28x5x1
ffn_inp-19,kernel_add,0.022000,320x1x1,64x1x1,3584x5x1x1
ffn_norm-19,kernel_rms_norm_mul,0.005900,5120x1x1,1024x1x1,3584x5x1x1
l_out-19,kernel_add,0.023800,320x1x1,64x1x1,3584x5x1x1
attn_norm-20,kernel_rms_norm_mul,0.006700,5120x1x1,1024x1x1,3584x5x1x1
Qcur-20,kernel_add_row,0.006200,4480x0x0,64x0x0,3584x5x1x1
Qcur-20,kernel_rope_neox_f32,0.003200,1792x5x1,64x1x1,128x28x5x1
Kcur-20,kernel_add_row,0.004800,640x0x0,64x0x0,512x5x1x1
Kcur-20,kernel_rope_neox_f32,0.002500,256x5x1,64x1x1,128x4x5x1
node_692,kernel_mul_mv_q6_K_f32,0.308200,512x320x1,2x64x1,512x5x1x1
Vcur-20,kernel_add_row,0.002300,640x0x0,64x0x0,512x5x1x1
cache_k_l20 (view),kernel_set_rows_f16_i64,0.003200,2560x1x1,512x1x1,512x4096x1x1
cache_v_l20 (view),kernel_set_rows_f16_i64,0.002300,2560x1x1,512x1x1,512x4096x1x1
__fattn__-20,flash_attn_f32_f16,4.017000,32x28x0,32x1x0,128x28x5x1
ffn_inp-20,kernel_add,0.023200,320x1x1,64x1x1,3584x5x1x1
ffn_norm-20,kernel_rms_norm_mul,0.006100,5120x1x1,1024x1x1,3584x5x1x1
ffn_swiglu-20,kernel_swiglu,0.019500,2560x1x1,512x1x1,18944x5x1x1
ffn_out-20,kernel_mul_mv_q6_K_f32,10.367000,3584x320x1,2x64x1,3584x5x1x1
l_out-20,kernel_add,0.022300,320x1x1,64x1x1,3584x5x1x1
attn_norm-21,kernel_rms_norm_mul,0.006100,5120x1x1,1024x1x1,3584x5x1x1
Qcur-21,kernel_add_row,0.006900,4480x0x0,64x0x0,3584x5x1x1
Qcur-21,kernel_rope_neox_f32,0.003300,1792x5x1,64x1x1,128x28x5x1
Kcur-21,kernel_add_row,0.004700,640x0x0,64x0x0,512x5x1x1
Kcur-21,kernel_rope_neox_f32,0.002700,256x5x1,64x1x1,128x4x5x1
Vcur-21,kernel_add_row,0.004700,640x0x0,64x0x0,512x5x1x1
cache_k_l21 (view),kernel_set_rows_f16_i64,0.003000,2560x1x1,512x1x1,512x4096x1x1
cache_v_l21 (view),kernel_set_rows_f16_i64,0.002500,2560x1x1,512x1x1,512x4096x1x1
__fattn__-21,flash_attn_f32_f16,4.056600,32x28x0,32x1x0,128x28x5x1
ffn_inp-21,kernel_add,0.022300,320x1x1,64x1x1,3584x5x1x1
ffn_norm-21,kernel_rms_norm_mul,0.006100,5120x1x1,1024x1x1,3584x5x1x1
l_out-21,kernel_add,0.023800,320x1x1,64x1x1,3584x5x1x1
attn_norm-22,kernel_rms_norm_mul,0.006600,5120x1x1,1024x1x1,3584x5x1x1
Qcur-22,kernel_add_row,0.005700,4480x0x0,64x0x0,3584x5x1x1
Qcur-22,kernel_rope_neox_f32,0.003300,1792x5x1,64x1x1,128x28x5x1
Kcur-22,kernel_add_row,0.004800,640x0x0,64x0x0,512x5x1x1
Kcur-22,kernel_rope_neox_f32,0.002700,256x5x1,64x1x1,128x4x5x1
Vcur-22,kernel_add_row,0.004600,640x0x0,64x0x0,512x5x1x1
cache_k_l22 (view),kernel_set_rows_f16_i64,0.002900,2560x1x1,512x1x1,512x4096x1x1
cache_v_l22 (view),kernel_set_rows_f16_i64,0.002500,2560x1x1,512x1x1,512x4096x1x1
__fattn__-22,flash_attn_f32_f16,4.034800,32x28x0,32x1x0,128x28x5x1
ffn_inp-22,kernel_add,0.022200,320x1x1,64x1x1,3584x5x1x1
ffn_norm-22,kernel_rms_norm_mul,0.006100,5120x1x1,1024x1x1,3584x5x1x1
l_out-22,kernel_add,0.023500,320x1x1,64x1x1,3584x5x1x1
attn_norm-23,kernel_rms_norm_mul,0.006600,5120x1x1,1024x1x1,3584x5x1x1
Qcur-23,kernel_add_row,0.005800,4480x0x0,64x0x0,3584x5x1x1
Qcur-23,kernel_rope_neox_f32,0.003400,1792x5x1,64x1x1,128x28x5x1
Kcur-23,kernel_add_row,0.004900,640x0x0,64x0x0,512x5x1x1
Kcur-23,kernel_rope_neox_f32,0.002500,256x5x1,64x1x1,128x4x5x1
node_794,kernel_mul_mv_q6_K_f32,0.309800,512x320x1,2x64x1,512x5x1x1
Vcur-23,kernel_add_row,0.002300,640x0x0,64x0x0,512x5x1x1
cache_k_l23 (view),kernel_set_rows_f16_i64,0.003100,2560x1x1,512x1x1,512x4096x1x1
cache_v_l23 (view),kernel_set_rows_f16_i64,0.002500,2560x1x1,512x1x1,512x4096x1x1
__fattn__-23,flash_attn_f32_f16,4.061700,32x28x0,32x1x0,128x28x5x1
ffn_inp-23,kernel_add,0.023400,320x1x1,64x1x1,3584x5x1x1
ffn_norm-23,kernel_rms_norm_mul,0.006000,5120x1x1,1024x1x1,3584x5x1x1
ffn_swiglu-23,kernel_swiglu,0.019500,2560x1x1,512x1x1,18944x5x1x1
ffn_out-23,kernel_mul_mv_q6_K_f32,10.380300,3584x320x1,2x64x1,3584x5x1x1
l_out-23,kernel_add,0.022200,320x1x1,64x1x1,3584x5x1x1
attn_norm-24,kernel_rms_norm_mul,0.006100,5120x1x1,1024x1x1,3584x5x1x1
Qcur-24,kernel_add_row,0.005500,4480x0x0,64x0x0,3584x5x1x1
Qcur-24,kernel_rope_neox_f32,0.003300,1792x5x1,64x1x1,128x28x5x1
Kcur-24,kernel_add_row,0.005100,640x0x0,64x0x0,512x5x1x1
Kcur-24,kernel_rope_neox_f32,0.002500,256x5x1,64x1x1,128x4x5x1
node_828,kernel_mul_mv_q6_K_f32,0.311800,512x320x1,2x64x1,512x5x1x1
Vcur-24,kernel_add_row,0.002300,640x0x0,64x0x0,512x5x1x1
cache_k_l24 (view),kernel_set_rows_f16_i64,0.003300,2560x1x1,512x1x1,512x4096x1x1
cache_v_l24 (view),kernel_set_rows_f16_i64,0.002400,2560x1x1,512x1x1,512x4096x1x1
__fattn__-24,flash_attn_f32_f16,4.041200,32x28x0,32x1x0,128x28x5x1
ffn_inp-24,kernel_add,0.023200,320x1x1,64x1x1,3584x5x1x1
ffn_norm-24,kernel_rms_norm_mul,0.006100,5120x1x1,1024x1x1,3584x5x1x1
ffn_swiglu-24,kernel_swiglu,0.019000,2560x1x1,512x1x1,18944x5x1x1
ffn_out-24,kernel_mul_mv_q6_K_f32,10.377600,3584x320x1,2x64x1,3584x5x1x1
l_out-24,kernel_add,0.022800,320x1x1,64x1x1,3584x5x1x1
attn_norm-25,kernel_rms_norm_mul,0.006200,5120x1x1,1024x1x1,3584x5x1x1
Qcur-25,kernel_add_row,0.005900,4480x0x0,64x0x0,3584x5x1x1
Qcur-25,kernel_rope_neox_f32,0.003300,1792x5x1,64x1x1,128x28x5x1
Kcur-25,kernel_add_row,0.005100,640x0x0,64x0x0,512x5x1x1
Kcur-25,kernel_rope_neox_f32,0.002500,256x5x1,64x1x1,128x4x5x1
node_862,kernel_mul_mv_q6_K_f32,0.309100,512x320x1,2x64x1,512x5x1x1
Vcur-25,kernel_add_row,0.002000,640x0x0,64x0x0,512x5x1x1
cache_k_l25 (view),kernel_set_rows_f16_i64,0.003100,2560x1x1,512x1x1,512x4096x1x1
cache_v_l25 (view),kernel_set_rows_f16_i64,0.002500,2560x1x1,512x1x1,512x4096x1x1
__fattn__-25,flash_attn_f32_f16,4.035800,32x28x0,32x1x0,128x28x5x1
ffn_inp-25,kernel_add,0.023300,320x1x1,64x1x1,3584x5x1x1
ffn_norm-25,kernel_rms_norm_mul,0.006000,5120x1x1,1024x1x1,3584x5x1x1
ffn_swiglu-25,kernel_swiglu,0.019100,2560x1x1,512x1x1,18944x5x1x1
ffn_out-25,kernel_mul_mv_q6_K_f32,10.364100,3584x320x1,2x64x1,3584x5x1x1
l_out-25,kernel_add,0.022400,320x1x1,64x1x1,3584x5x1x1
attn_norm-26,kernel_rms_norm_mul,0.006300,5120x1x1,1024x1x1,3584x5x1x1
Qcur-26,kernel_add_row,0.005700,4480x0x0,64x0x0,3584x5x1x1
Qcur-26,kernel_rope_neox_f32,0.003200,1792x5x1,64x1x1,128x28x5x1
Kcur-26,kernel_add_row,0.005000,640x0x0,64x0x0,512x5x1x1
Kcur-26,kernel_rope_neox_f32,0.002500,256x5x1,64x1x1,128x4x5x1
node_896,kernel_mul_mv_q6_K_f32,0.308900,512x320x1,2x64x1,512x5x1x1
Vcur-26,kernel_add_row,0.002300,640x0x0,64x0x0,512x5x1x1
cache_k_l26 (view),kernel_set_rows_f16_i64,0.003000,2560x1x1,512x1x1,512x4096x1x1
cache_v_l26 (view),kernel_set_rows_f16_i64,0.002300,2560x1x1,512x1x1,512x4096x1x1
__fattn__-26,flash_attn_f32_f16,3.756600,32x28x0,32x1x0,128x28x5x1
ffn_inp-26,kernel_add,0.023200,320x1x1,64x1x1,3584x5x1x1
ffn_norm-26,kernel_rms_norm_mul,0.006000,5120x1x1,1024x1x1,3584x5x1x1
ffn_swiglu-26,kernel_swiglu,0.019600,2560x1x1,512x1x1,18944x5x1x1
ffn_out-26,kernel_mul_mv_q6_K_f32,10.349400,3584x320x1,2x64x1,3584x5x1x1
l_out-26,kernel_add,0.022200,320x1x1,64x1x1,3584x5x1x1
attn_norm-27,kernel_rms_norm_mul,0.006200,5120x1x1,1024x1x1,3584x5x1x1
Qcur-27,kernel_add_row,0.005500,4480x0x0,64x0x0,3584x5x1x1
Qcur-27,kernel_rope_neox_f32,0.003200,1792x5x1,64x1x1,128x28x5x1
Kcur-27,kernel_add_row,0.005000,640x0x0,64x0x0,512x5x1x1
Kcur-27,kernel_rope_neox_f32,0.002500,256x5x1,64x1x1,128x4x5x1
node_930,kernel_mul_mv_q6_K_f32,0.311500,512x320x1,2x64x1,512x5x1x1
Vcur-27,kernel_add_row,0.002300,640x0x0,64x0x0,512x5x1x1
cache_k_l27 (view),kernel_set_rows_f16_i64,0.003000,2560x1x1,512x1x1,512x4096x1x1
cache_v_l27 (view),kernel_set_rows_f16_i64,0.002400,2560x1x1,512x1x1,512x4096x1x1
__fattn__-27,flash_attn_f32_f16,4.038100,32x28x0,32x1x0,128x28x5x1
node_946,kernel_get_rows_f32,0.020000,64x1x1,64x1x1,3584x1x1x1
node_947,kernel_get_rows_f32,0.014000,64x1x1,64x1x1,3584x1x1x1
ffn_inp-27,kernel_add_row,0.002500,896x0x0,64x0x0,3584x1x1x1
ffn_norm-27,kernel_rms_norm_mul,0.005900,1024x1x1,1024x1x1,3584x1x1x1
ffn_swiglu-27,kernel_swiglu,0.017100,512x1x1,512x1x1,18944x1x1x1
ffn_out-27,kernel_mul_mv_q6_K_f32,2.502600,3584x64x1,2x64x1,3584x1x1x1
l_out-27,kernel_add_row,0.002300,896x0x0,64x0x0,3584x1x1x1
result_norm,kernel_rms_norm_mul,0.006300,1024x1x1,1024x1x1,3584x1x1x1
result_output,kernel_mul_mv_q6_K_f32,20.263100,152064x64x1,2x64x1,152064x1x1x1
