op name, kernel name, exec duration (ms), global size, local size, output size
attn_norm-0,kernel_rms_norm_mul,0.021900,32768x1x1,1024x1x1,3584x32x1x1
Qcur-0,kernel_add_row,0.014400,28672x0x0,64x0x0,3584x32x1x1
Qcur-0,kernel_rope_neox_f32,0.008600,1792x32x1,64x1x1,128x28x32x1
Kcur-0,kernel_add_row,0.003100,4096x0x0,64x0x0,512x32x1x1
Kcur-0,kernel_rope_neox_f32,0.003300,256x32x1,64x1x1,128x4x32x1
node_11,kernel_mul_mv_q6_K_f32,1.897600,512x2048x1,2x64x1,512x32x1x1
Vcur-0,kernel_add_row,0.002900,4096x0x0,64x0x0,512x32x1x1
cache_k_l0 (view),kernel_set_rows_f16_i64,0.004100,16384x1x1,512x1x1,512x4096x1x1
cache_v_l0 (view),kernel_set_rows_f16_i64,0.003300,16384x1x1,512x1x1,512x4096x1x1
 (copy),kernel_cpy_f32_f16,0.003900,4096x1x1,64x1x1,256x64x1x1
__fattn__-0,flash_attn_f32_f16,1.704800,32x28x0,32x1x0,128x28x32x1
ffn_inp-0,kernel_add,0.026100,2048x1x1,64x1x1,3584x32x1x1
ffn_norm-0,kernel_rms_norm_mul,0.013300,32768x1x1,1024x1x1,3584x32x1x1
ffn_swiglu-0,kernel_swiglu,0.108100,16384x1x1,512x1x1,18944x32x1x1
ffn_out-0,kernel_mul_mv_q6_K_f32,81.004303,3584x2048x1,2x64x1,3584x32x1x1
l_out-0,kernel_add,0.025400,2048x1x1,64x1x1,3584x32x1x1
attn_norm-1,kernel_rms_norm_mul,0.014200,32768x1x1,1024x1x1,3584x32x1x1
Qcur-1,kernel_add_row,0.016600,28672x0x0,64x0x0,3584x32x1x1
Qcur-1,kernel_rope_neox_f32,0.030400,1792x32x1,64x1x1,128x28x32x1
Kcur-1,kernel_add_row,0.005200,4096x0x0,64x0x0,512x32x1x1
Kcur-1,kernel_rope_neox_f32,0.003200,256x32x1,64x1x1,128x4x32x1
node_46,kernel_mul_mv_q6_K_f32,1.896400,512x2048x1,2x64x1,512x32x1x1
Vcur-1,kernel_add_row,0.002900,4096x0x0,64x0x0,512x32x1x1
cache_k_l1 (view),kernel_set_rows_f16_i64,0.003800,16384x1x1,512x1x1,512x4096x1x1
cache_v_l1 (view),kernel_set_rows_f16_i64,0.003300,16384x1x1,512x1x1,512x4096x1x1
__fattn__-1,flash_attn_f32_f16,1.716900,32x28x0,32x1x0,128x28x32x1
ffn_inp-1,kernel_add,0.026500,2048x1x1,64x1x1,3584x32x1x1
ffn_norm-1,kernel_rms_norm_mul,0.013700,32768x1x1,1024x1x1,3584x32x1x1
ffn_swiglu-1,kernel_swiglu,0.100600,16384x1x1,512x1x1,18944x32x1x1
ffn_out-1,kernel_mul_mv_q6_K_f32,81.059906,3584x2048x1,2x64x1,3584x32x1x1
l_out-1,kernel_add,0.025200,2048x1x1,64x1x1,3584x32x1x1
attn_norm-2,kernel_rms_norm_mul,0.014500,32768x1x1,1024x1x1,3584x32x1x1
Qcur-2,kernel_add_row,0.016400,28672x0x0,64x0x0,3584x32x1x1
Qcur-2,kernel_rope_neox_f32,0.032500,1792x32x1,64x1x1,128x28x32x1
Kcur-2,kernel_add_row,0.005300,4096x0x0,64x0x0,512x32x1x1
Kcur-2,kernel_rope_neox_f32,0.003200,256x32x1,64x1x1,128x4x32x1
node_80,kernel_mul_mv_q6_K_f32,1.894200,512x2048x1,2x64x1,512x32x1x1
Vcur-2,kernel_add_row,0.002700,4096x0x0,64x0x0,512x32x1x1
cache_k_l2 (view),kernel_set_rows_f16_i64,0.003700,16384x1x1,512x1x1,512x4096x1x1
cache_v_l2 (view),kernel_set_rows_f16_i64,0.003200,16384x1x1,512x1x1,512x4096x1x1
__fattn__-2,flash_attn_f32_f16,1.717900,32x28x0,32x1x0,128x28x32x1
ffn_inp-2,kernel_add,0.026800,2048x1x1,64x1x1,3584x32x1x1
ffn_norm-2,kernel_rms_norm_mul,0.013500,32768x1x1,1024x1x1,3584x32x1x1
ffn_swiglu-2,kernel_swiglu,0.098800,16384x1x1,512x1x1,18944x32x1x1
ffn_out-2,kernel_mul_mv_q6_K_f32,79.335106,3584x2048x1,2x64x1,3584x32x1x1
l_out-2,kernel_add,0.025300,2048x1x1,64x1x1,3584x32x1x1
attn_norm-3,kernel_rms_norm_mul,0.014300,32768x1x1,1024x1x1,3584x32x1x1
Qcur-3,kernel_add_row,0.011200,28672x0x0,64x0x0,3584x32x1x1
Qcur-3,kernel_rope_neox_f32,0.010300,1792x32x1,64x1x1,128x28x32x1
Kcur-3,kernel_add_row,0.005300,4096x0x0,64x0x0,512x32x1x1
Kcur-3,kernel_rope_neox_f32,0.003300,256x32x1,64x1x1,128x4x32x1
Vcur-3,kernel_add_row,0.005100,4096x0x0,64x0x0,512x32x1x1
cache_k_l3 (view),kernel_set_rows_f16_i64,0.003700,16384x1x1,512x1x1,512x4096x1x1
cache_v_l3 (view),kernel_set_rows_f16_i64,0.003400,16384x1x1,512x1x1,512x4096x1x1
__fattn__-3,flash_attn_f32_f16,1.683200,32x28x0,32x1x0,128x28x32x1
ffn_inp-3,kernel_add,0.025000,2048x1x1,64x1x1,3584x32x1x1
ffn_norm-3,kernel_rms_norm_mul,0.013600,32768x1x1,1024x1x1,3584x32x1x1
l_out-3,kernel_add,0.025900,2048x1x1,64x1x1,3584x32x1x1
attn_norm-4,kernel_rms_norm_mul,0.014600,32768x1x1,1024x1x1,3584x32x1x1
Qcur-4,kernel_add_row,0.010900,28672x0x0,64x0x0,3584x32x1x1
Qcur-4,kernel_rope_neox_f32,0.009000,1792x32x1,64x1x1,128x28x32x1
Kcur-4,kernel_add_row,0.005300,4096x0x0,64x0x0,512x32x1x1
Kcur-4,kernel_rope_neox_f32,0.003300,256x32x1,64x1x1,128x4x32x1
Vcur-4,kernel_add_row,0.003000,4096x0x0,64x0x0,512x32x1x1
cache_k_l4 (view),kernel_set_rows_f16_i64,0.003900,16384x1x1,512x1x1,512x4096x1x1
cache_v_l4 (view),kernel_set_rows_f16_i64,0.003400,16384x1x1,512x1x1,512x4096x1x1
__fattn__-4,flash_attn_f32_f16,1.714900,32x28x0,32x1x0,128x28x32x1
ffn_inp-4,kernel_add,0.023300,2048x1x1,64x1x1,3584x32x1x1
ffn_norm-4,kernel_rms_norm_mul,0.012900,32768x1x1,1024x1x1,3584x32x1x1
l_out-4,kernel_add,0.025500,2048x1x1,64x1x1,3584x32x1x1
attn_norm-5,kernel_rms_norm_mul,0.014600,32768x1x1,1024x1x1,3584x32x1x1
Qcur-5,kernel_add_row,0.010500,28672x0x0,64x0x0,3584x32x1x1
Qcur-5,kernel_rope_neox_f32,0.008900,1792x32x1,64x1x1,128x28x32x1
Kcur-5,kernel_add_row,0.003200,4096x0x0,64x0x0,512x32x1x1
Kcur-5,kernel_rope_neox_f32,0.003200,256x32x1,64x1x1,128x4x32x1
node_182,kernel_mul_mv_q6_K_f32,1.893200,512x2048x1,2x64x1,512x32x1x1
Vcur-5,kernel_add_row,0.002600,4096x0x0,64x0x0,512x32x1x1
cache_k_l5 (view),kernel_set_rows_f16_i64,0.003700,16384x1x1,512x1x1,512x4096x1x1
cache_v_l5 (view),kernel_set_rows_f16_i64,0.003300,16384x1x1,512x1x1,512x4096x1x1
__fattn__-5,flash_attn_f32_f16,1.686100,32x28x0,32x1x0,128x28x32x1
ffn_inp-5,kernel_add,0.026000,2048x1x1,64x1x1,3584x32x1x1
ffn_norm-5,kernel_rms_norm_mul,0.013200,32768x1x1,1024x1x1,3584x32x1x1
ffn_swiglu-5,kernel_swiglu,0.099900,16384x1x1,512x1x1,18944x32x1x1
ffn_out-5,kernel_mul_mv_q6_K_f32,79.192200,3584x2048x1,2x64x1,3584x32x1x1
l_out-5,kernel_add,0.025000,2048x1x1,64x1x1,3584x32x1x1
attn_norm-6,kernel_rms_norm_mul,0.014300,32768x1x1,1024x1x1,3584x32x1x1
Qcur-6,kernel_add_row,0.011300,28672x0x0,64x0x0,3584x32x1x1
Qcur-6,kernel_rope_neox_f32,0.009900,1792x32x1,64x1x1,128x28x32x1
Kcur-6,kernel_add_row,0.005300,4096x0x0,64x0x0,512x32x1x1
Kcur-6,kernel_rope_neox_f32,0.003200,256x32x1,64x1x1,128x4x32x1
Vcur-6,kernel_add_row,0.003000,4096x0x0,64x0x0,512x32x1x1
cache_k_l6 (view),kernel_set_rows_f16_i64,0.003700,16384x1x1,512x1x1,512x4096x1x1
cache_v_l6 (view),kernel_set_rows_f16_i64,0.003300,16384x1x1,512x1x1,512x4096x1x1
__fattn__-6,flash_attn_f32_f16,1.705900,32x28x0,32x1x0,128x28x32x1
ffn_inp-6,kernel_add,0.025300,2048x1x1,64x1x1,3584x32x1x1
ffn_norm-6,kernel_rms_norm_mul,0.013700,32768x1x1,1024x1x1,3584x32x1x1
l_out-6,kernel_add,0.027100,2048x1x1,64x1x1,3584x32x1x1
attn_norm-7,kernel_rms_norm_mul,0.015000,32768x1x1,1024x1x1,3584x32x1x1
Qcur-7,kernel_add_row,0.011100,28672x0x0,64x0x0,3584x32x1x1
Qcur-7,kernel_rope_neox_f32,0.009100,1792x32x1,64x1x1,128x28x32x1
Kcur-7,kernel_add_row,0.005600,4096x0x0,64x0x0,512x32x1x1
Kcur-7,kernel_rope_neox_f32,0.003300,256x32x1,64x1x1,128x4x32x1
Vcur-7,kernel_add_row,0.003000,4096x0x0,64x0x0,512x32x1x1
cache_k_l7 (view),kernel_set_rows_f16_i64,0.004100,16384x1x1,512x1x1,512x4096x1x1
cache_v_l7 (view),kernel_set_rows_f16_i64,0.003200,16384x1x1,512x1x1,512x4096x1x1
__fattn__-7,flash_attn_f32_f16,1.701200,32x28x0,32x1x0,128x28x32x1
ffn_inp-7,kernel_add,0.023300,2048x1x1,64x1x1,3584x32x1x1
ffn_norm-7,kernel_rms_norm_mul,0.013100,32768x1x1,1024x1x1,3584x32x1x1
l_out-7,kernel_add,0.024100,2048x1x1,64x1x1,3584x32x1x1
attn_norm-8,kernel_rms_norm_mul,0.014300,32768x1x1,1024x1x1,3584x32x1x1
Qcur-8,kernel_add_row,0.010200,28672x0x0,64x0x0,3584x32x1x1
Qcur-8,kernel_rope_neox_f32,0.008600,1792x32x1,64x1x1,128x28x32x1
Kcur-8,kernel_add_row,0.003100,4096x0x0,64x0x0,512x32x1x1
Kcur-8,kernel_rope_neox_f32,0.003200,256x32x1,64x1x1,128x4x32x1
node_284,kernel_mul_mv_q6_K_f32,1.891800,512x2048x1,2x64x1,512x32x1x1
Vcur-8,kernel_add_row,0.002900,4096x0x0,64x0x0,512x32x1x1
cache_k_l8 (view),kernel_set_rows_f16_i64,0.003700,16384x1x1,512x1x1,512x4096x1x1
cache_v_l8 (view),kernel_set_rows_f16_i64,0.003300,16384x1x1,512x1x1,512x4096x1x1
__fattn__-8,flash_attn_f32_f16,1.698900,32x28x0,32x1x0,128x28x32x1
ffn_inp-8,kernel_add,0.026800,2048x1x1,64x1x1,3584x32x1x1
ffn_norm-8,kernel_rms_norm_mul,0.013500,32768x1x1,1024x1x1,3584x32x1x1
ffn_swiglu-8,kernel_swiglu,0.099800,16384x1x1,512x1x1,18944x32x1x1
ffn_out-8,kernel_mul_mv_q6_K_f32,79.219505,3584x2048x1,2x64x1,3584x32x1x1
l_out-8,kernel_add,0.025300,2048x1x1,64x1x1,3584x32x1x1
attn_norm-9,kernel_rms_norm_mul,0.014600,32768x1x1,1024x1x1,3584x32x1x1
Qcur-9,kernel_add_row,0.011300,28672x0x0,64x0x0,3584x32x1x1
Qcur-9,kernel_rope_neox_f32,0.010700,1792x32x1,64x1x1,128x28x32x1
Kcur-9,kernel_add_row,0.005200,4096x0x0,64x0x0,512x32x1x1
Kcur-9,kernel_rope_neox_f32,0.003200,256x32x1,64x1x1,128x4x32x1
Vcur-9,kernel_add_row,0.005200,4096x0x0,64x0x0,512x32x1x1
cache_k_l9 (view),kernel_set_rows_f16_i64,0.003800,16384x1x1,512x1x1,512x4096x1x1
cache_v_l9 (view),kernel_set_rows_f16_i64,0.003400,16384x1x1,512x1x1,512x4096x1x1
__fattn__-9,flash_attn_f32_f16,1.703200,32x28x0,32x1x0,128x28x32x1
ffn_inp-9,kernel_add,0.025400,2048x1x1,64x1x1,3584x32x1x1
ffn_norm-9,kernel_rms_norm_mul,0.013000,32768x1x1,1024x1x1,3584x32x1x1
l_out-9,kernel_add,0.027200,2048x1x1,64x1x1,3584x32x1x1
attn_norm-10,kernel_rms_norm_mul,0.014600,32768x1x1,1024x1x1,3584x32x1x1
Qcur-10,kernel_add_row,0.011300,28672x0x0,64x0x0,3584x32x1x1
Qcur-10,kernel_rope_neox_f32,0.009200,1792x32x1,64x1x1,128x28x32x1
Kcur-10,kernel_add_row,0.005200,4096x0x0,64x0x0,512x32x1x1
Kcur-10,kernel_rope_neox_f32,0.003200,256x32x1,64x1x1,128x4x32x1
Vcur-10,kernel_add_row,0.003000,4096x0x0,64x0x0,512x32x1x1
cache_k_l10 (view),kernel_set_rows_f16_i64,0.003900,16384x1x1,512x1x1,512x4096x1x1
cache_v_l10 (view),kernel_set_rows_f16_i64,0.003300,16384x1x1,512x1x1,512x4096x1x1
__fattn__-10,flash_attn_f32_f16,1.732900,32x28x0,32x1x0,128x28x32x1
ffn_inp-10,kernel_add,0.023200,2048x1x1,64x1x1,3584x32x1x1
ffn_norm-10,kernel_rms_norm_mul,0.013000,32768x1x1,1024x1x1,3584x32x1x1
l_out-10,kernel_add,0.023400,2048x1x1,64x1x1,3584x32x1x1
attn_norm-11,kernel_rms_norm_mul,0.014200,32768x1x1,1024x1x1,3584x32x1x1
Qcur-11,kernel_add_row,0.010100,28672x0x0,64x0x0,3584x32x1x1
Qcur-11,kernel_rope_neox_f32,0.008500,1792x32x1,64x1x1,128x28x32x1
Kcur-11,kernel_add_row,0.003000,4096x0x0,64x0x0,512x32x1x1
Kcur-11,kernel_rope_neox_f32,0.003400,256x32x1,64x1x1,128x4x32x1
node_386,kernel_mul_mv_q6_K_f32,1.892500,512x2048x1,2x64x1,512x32x1x1
Vcur-11,kernel_add_row,0.003000,4096x0x0,64x0x0,512x32x1x1
cache_k_l11 (view),kernel_set_rows_f16_i64,0.003700,16384x1x1,512x1x1,512x4096x1x1
cache_v_l11 (view),kernel_set_rows_f16_i64,0.003300,16384x1x1,512x1x1,512x4096x1x1
__fattn__-11,flash_attn_f32_f16,1.677200,32x28x0,32x1x0,128x28x32x1
ffn_inp-11,kernel_add,0.026200,2048x1x1,64x1x1,3584x32x1x1
ffn_norm-11,kernel_rms_norm_mul,0.013500,32768x1x1,1024x1x1,3584x32x1x1
ffn_swiglu-11,kernel_swiglu,0.101600,16384x1x1,512x1x1,18944x32x1x1
ffn_out-11,kernel_mul_mv_q6_K_f32,79.231293,3584x2048x1,2x64x1,3584x32x1x1
l_out-11,kernel_add,0.025600,2048x1x1,64x1x1,3584x32x1x1
attn_norm-12,kernel_rms_norm_mul,0.014700,32768x1x1,1024x1x1,3584x32x1x1
Qcur-12,kernel_add_row,0.011400,28672x0x0,64x0x0,3584x32x1x1
Qcur-12,kernel_rope_neox_f32,0.009400,1792x32x1,64x1x1,128x28x32x1
Kcur-12,kernel_add_row,0.005200,4096x0x0,64x0x0,512x32x1x1
Kcur-12,kernel_rope_neox_f32,0.003300,256x32x1,64x1x1,128x4x32x1
Vcur-12,kernel_add_row,0.005000,4096x0x0,64x0x0,512x32x1x1
cache_k_l12 (view),kernel_set_rows_f16_i64,0.003700,16384x1x1,512x1x1,512x4096x1x1
cache_v_l12 (view),kernel_set_rows_f16_i64,0.003400,16384x1x1,512x1x1,512x4096x1x1
__fattn__-12,flash_attn_f32_f16,1.682500,32x28x0,32x1x0,128x28x32x1
ffn_inp-12,kernel_add,0.024800,2048x1x1,64x1x1,3584x32x1x1
ffn_norm-12,kernel_rms_norm_mul,0.013400,32768x1x1,1024x1x1,3584x32x1x1
l_out-12,kernel_add,0.025400,2048x1x1,64x1x1,3584x32x1x1
attn_norm-13,kernel_rms_norm_mul,0.014000,32768x1x1,1024x1x1,3584x32x1x1
Qcur-13,kernel_add_row,0.011100,28672x0x0,64x0x0,3584x32x1x1
Qcur-13,kernel_rope_neox_f32,0.008900,1792x32x1,64x1x1,128x28x32x1
Kcur-13,kernel_add_row,0.005100,4096x0x0,64x0x0,512x32x1x1
Kcur-13,kernel_rope_neox_f32,0.003300,256x32x1,64x1x1,128x4x32x1
Vcur-13,kernel_add_row,0.003100,4096x0x0,64x0x0,512x32x1x1
cache_k_l13 (view),kernel_set_rows_f16_i64,0.003900,16384x1x1,512x1x1,512x4096x1x1
cache_v_l13 (view),kernel_set_rows_f16_i64,0.003200,16384x1x1,512x1x1,512x4096x1x1
__fattn__-13,flash_attn_f32_f16,1.684000,32x28x0,32x1x0,128x28x32x1
ffn_inp-13,kernel_add,0.024400,2048x1x1,64x1x1,3584x32x1x1
ffn_norm-13,kernel_rms_norm_mul,0.013200,32768x1x1,1024x1x1,3584x32x1x1
l_out-13,kernel_add,0.025200,2048x1x1,64x1x1,3584x32x1x1
attn_norm-14,kernel_rms_norm_mul,0.014500,32768x1x1,1024x1x1,3584x32x1x1
Qcur-14,kernel_add_row,0.010500,28672x0x0,64x0x0,3584x32x1x1
Qcur-14,kernel_rope_neox_f32,0.008600,1792x32x1,64x1x1,128x28x32x1
Kcur-14,kernel_add_row,0.003200,4096x0x0,64x0x0,512x32x1x1
Kcur-14,kernel_rope_neox_f32,0.003300,256x32x1,64x1x1,128x4x32x1
node_488,kernel_mul_mv_q6_K_f32,1.890200,512x2048x1,2x64x1,512x32x1x1
Vcur-14,kernel_add_row,0.002600,4096x0x0,64x0x0,512x32x1x1
cache_k_l14 (view),kernel_set_rows_f16_i64,0.003700,16384x1x1,512x1x1,512x4096x1x1
cache_v_l14 (view),kernel_set_rows_f16_i64,0.003200,16384x1x1,512x1x1,512x4096x1x1
__fattn__-14,flash_attn_f32_f16,1.689400,32x28x0,32x1x0,128x28x32x1
ffn_inp-14,kernel_add,0.026400,2048x1x1,64x1x1,3584x32x1x1
ffn_norm-14,kernel_rms_norm_mul,0.013700,32768x1x1,1024x1x1,3584x32x1x1
ffn_swiglu-14,kernel_swiglu,0.099400,16384x1x1,512x1x1,18944x32x1x1
ffn_out-14,kernel_mul_mv_q6_K_f32,79.524200,3584x2048x1,2x64x1,3584x32x1x1
l_out-14,kernel_add,0.025800,2048x1x1,64x1x1,3584x32x1x1
attn_norm-15,kernel_rms_norm_mul,0.014900,32768x1x1,1024x1x1,3584x32x1x1
Qcur-15,kernel_add_row,0.016800,28672x0x0,64x0x0,3584x32x1x1
Qcur-15,kernel_rope_neox_f32,0.012500,1792x32x1,64x1x1,128x28x32x1
Kcur-15,kernel_add_row,0.005400,4096x0x0,64x0x0,512x32x1x1
Kcur-15,kernel_rope_neox_f32,0.003200,256x32x1,64x1x1,128x4x32x1
Vcur-15,kernel_add_row,0.005100,4096x0x0,64x0x0,512x32x1x1
cache_k_l15 (view),kernel_set_rows_f16_i64,0.003700,16384x1x1,512x1x1,512x4096x1x1
cache_v_l15 (view),kernel_set_rows_f16_i64,0.003300,16384x1x1,512x1x1,512x4096x1x1
__fattn__-15,flash_attn_f32_f16,1.727700,32x28x0,32x1x0,128x28x32x1
ffn_inp-15,kernel_add,0.024900,2048x1x1,64x1x1,3584x32x1x1
ffn_norm-15,kernel_rms_norm_mul,0.013800,32768x1x1,1024x1x1,3584x32x1x1
l_out-15,kernel_add,0.027200,2048x1x1,64x1x1,3584x32x1x1
attn_norm-16,kernel_rms_norm_mul,0.014700,32768x1x1,1024x1x1,3584x32x1x1
Qcur-16,kernel_add_row,0.011100,28672x0x0,64x0x0,3584x32x1x1
Qcur-16,kernel_rope_neox_f32,0.009500,1792x32x1,64x1x1,128x28x32x1
Kcur-16,kernel_add_row,0.005500,4096x0x0,64x0x0,512x32x1x1
Kcur-16,kernel_rope_neox_f32,0.003300,256x32x1,64x1x1,128x4x32x1
Vcur-16,kernel_add_row,0.003000,4096x0x0,64x0x0,512x32x1x1
cache_k_l16 (view),kernel_set_rows_f16_i64,0.004300,16384x1x1,512x1x1,512x4096x1x1
cache_v_l16 (view),kernel_set_rows_f16_i64,0.003300,16384x1x1,512x1x1,512x4096x1x1
__fattn__-16,flash_attn_f32_f16,1.718700,32x28x0,32x1x0,128x28x32x1
ffn_inp-16,kernel_add,0.023100,2048x1x1,64x1x1,3584x32x1x1
ffn_norm-16,kernel_rms_norm_mul,0.013100,32768x1x1,1024x1x1,3584x32x1x1
l_out-16,kernel_add,0.023400,2048x1x1,64x1x1,3584x32x1x1
attn_norm-17,kernel_rms_norm_mul,0.014400,32768x1x1,1024x1x1,3584x32x1x1
Qcur-17,kernel_add_row,0.010200,28672x0x0,64x0x0,3584x32x1x1
Qcur-17,kernel_rope_neox_f32,0.008700,1792x32x1,64x1x1,128x28x32x1
Kcur-17,kernel_add_row,0.003000,4096x0x0,64x0x0,512x32x1x1
Kcur-17,kernel_rope_neox_f32,0.003200,256x32x1,64x1x1,128x4x32x1
node_590,kernel_mul_mv_q6_K_f32,1.891600,512x2048x1,2x64x1,512x32x1x1
Vcur-17,kernel_add_row,0.003000,4096x0x0,64x0x0,512x32x1x1
cache_k_l17 (view),kernel_set_rows_f16_i64,0.003700,16384x1x1,512x1x1,512x4096x1x1
cache_v_l17 (view),kernel_set_rows_f16_i64,0.003300,16384x1x1,512x1x1,512x4096x1x1
__fattn__-17,flash_attn_f32_f16,1.709000,32x28x0,32x1x0,128x28x32x1
ffn_inp-17,kernel_add,0.026700,2048x1x1,64x1x1,3584x32x1x1
ffn_norm-17,kernel_rms_norm_mul,0.013500,32768x1x1,1024x1x1,3584x32x1x1
ffn_swiglu-17,kernel_swiglu,0.100400,16384x1x1,512x1x1,18944x32x1x1
ffn_out-17,kernel_mul_mv_q6_K_f32,79.174797,3584x2048x1,2x64x1,3584x32x1x1
l_out-17,kernel_add,0.025200,2048x1x1,64x1x1,3584x32x1x1
attn_norm-18,kernel_rms_norm_mul,0.014400,32768x1x1,1024x1x1,3584x32x1x1
Qcur-18,kernel_add_row,0.013900,28672x0x0,64x0x0,3584x32x1x1
Qcur-18,kernel_rope_neox_f32,0.011600,1792x32x1,64x1x1,128x28x32x1
Kcur-18,kernel_add_row,0.005400,4096x0x0,64x0x0,512x32x1x1
Kcur-18,kernel_rope_neox_f32,0.003200,256x32x1,64x1x1,128x4x32x1
Vcur-18,kernel_add_row,0.005100,4096x0x0,64x0x0,512x32x1x1
cache_k_l18 (view),kernel_set_rows_f16_i64,0.003700,16384x1x1,512x1x1,512x4096x1x1
cache_v_l18 (view),kernel_set_rows_f16_i64,0.003300,16384x1x1,512x1x1,512x4096x1x1
__fattn__-18,flash_attn_f32_f16,1.713400,32x28x0,32x1x0,128x28x32x1
ffn_inp-18,kernel_add,0.024500,2048x1x1,64x1x1,3584x32x1x1
ffn_norm-18,kernel_rms_norm_mul,0.013900,32768x1x1,1024x1x1,3584x32x1x1
l_out-18,kernel_add,0.027600,2048x1x1,64x1x1,3584x32x1x1
attn_norm-19,kernel_rms_norm_mul,0.015000,32768x1x1,1024x1x1,3584x32x1x1
Qcur-19,kernel_add_row,0.011100,28672x0x0,64x0x0,3584x32x1x1
Qcur-19,kernel_rope_neox_f32,0.009200,1792x32x1,64x1x1,128x28x32x1
Kcur-19,kernel_add_row,0.005300,4096x0x0,64x0x0,512x32x1x1
Kcur-19,kernel_rope_neox_f32,0.003200,256x32x1,64x1x1,128x4x32x1
Vcur-19,kernel_add_row,0.003100,4096x0x0,64x0x0,512x32x1x1
cache_k_l19 (view),kernel_set_rows_f16_i64,0.004200,16384x1x1,512x1x1,512x4096x1x1
cache_v_l19 (view),kernel_set_rows_f16_i64,0.003300,16384x1x1,512x1x1,512x4096x1x1
__fattn__-19,flash_attn_f32_f16,1.717700,32x28x0,32x1x0,128x28x32x1
ffn_inp-19,kernel_add,0.023300,2048x1x1,64x1x1,3584x32x1x1
ffn_norm-19,kernel_rms_norm_mul,0.013100,32768x1x1,1024x1x1,3584x32x1x1
l_out-19,kernel_add,0.023900,2048x1x1,64x1x1,3584x32x1x1
attn_norm-20,kernel_rms_norm_mul,0.013800,32768x1x1,1024x1x1,3584x32x1x1
Qcur-20,kernel_add_row,0.010100,28672x0x0,64x0x0,3584x32x1x1
Qcur-20,kernel_rope_neox_f32,0.008600,1792x32x1,64x1x1,128x28x32x1
Kcur-20,kernel_add_row,0.003000,4096x0x0,64x0x0,512x32x1x1
Kcur-20,kernel_rope_neox_f32,0.003200,256x32x1,64x1x1,128x4x32x1
node_692,kernel_mul_mv_q6_K_f32,1.894000,512x2048x1,2x64x1,512x32x1x1
Vcur-20,kernel_add_row,0.003100,4096x0x0,64x0x0,512x32x1x1
cache_k_l20 (view),kernel_set_rows_f16_i64,0.003800,16384x1x1,512x1x1,512x4096x1x1
cache_v_l20 (view),kernel_set_rows_f16_i64,0.003400,16384x1x1,512x1x1,512x4096x1x1
__fattn__-20,flash_attn_f32_f16,1.740700,32x28x0,32x1x0,128x28x32x1
ffn_inp-20,kernel_add,0.026100,2048x1x1,64x1x1,3584x32x1x1
ffn_norm-20,kernel_rms_norm_mul,0.013300,32768x1x1,1024x1x1,3584x32x1x1
ffn_swiglu-20,kernel_swiglu,0.100300,16384x1x1,512x1x1,18944x32x1x1
ffn_out-20,kernel_mul_mv_q6_K_f32,79.063004,3584x2048x1,2x64x1,3584x32x1x1
l_out-20,kernel_add,0.025300,2048x1x1,64x1x1,3584x32x1x1
attn_norm-21,kernel_rms_norm_mul,0.014800,32768x1x1,1024x1x1,3584x32x1x1
Qcur-21,kernel_add_row,0.011600,28672x0x0,64x0x0,3584x32x1x1
Qcur-21,kernel_rope_neox_f32,0.010700,1792x32x1,64x1x1,128x28x32x1
Kcur-21,kernel_add_row,0.005400,4096x0x0,64x0x0,512x32x1x1
Kcur-21,kernel_rope_neox_f32,0.003300,256x32x1,64x1x1,128x4x32x1
Vcur-21,kernel_add_row,0.005000,4096x0x0,64x0x0,512x32x1x1
cache_k_l21 (view),kernel_set_rows_f16_i64,0.003700,16384x1x1,512x1x1,512x4096x1x1
cache_v_l21 (view),kernel_set_rows_f16_i64,0.003300,16384x1x1,512x1x1,512x4096x1x1
__fattn__-21,flash_attn_f32_f16,1.706800,32x28x0,32x1x0,128x28x32x1
ffn_inp-21,kernel_add,0.025300,2048x1x1,64x1x1,3584x32x1x1
ffn_norm-21,kernel_rms_norm_mul,0.013400,32768x1x1,1024x1x1,3584x32x1x1
l_out-21,kernel_add,0.027100,2048x1x1,64x1x1,3584x32x1x1
attn_norm-22,kernel_rms_norm_mul,0.015100,32768x1x1,1024x1x1,3584x32x1x1
Qcur-22,kernel_add_row,0.011500,28672x0x0,64x0x0,3584x32x1x1
Qcur-22,kernel_rope_neox_f32,0.009000,1792x32x1,64x1x1,128x28x32x1
Kcur-22,kernel_add_row,0.005300,4096x0x0,64x0x0,512x32x1x1
Kcur-22,kernel_rope_neox_f32,0.003200,256x32x1,64x1x1,128x4x32x1
Vcur-22,kernel_add_row,0.002900,4096x0x0,64x0x0,512x32x1x1
cache_k_l22 (view),kernel_set_rows_f16_i64,0.004100,16384x1x1,512x1x1,512x4096x1x1
cache_v_l22 (view),kernel_set_rows_f16_i64,0.003300,16384x1x1,512x1x1,512x4096x1x1
__fattn__-22,flash_attn_f32_f16,1.713100,32x28x0,32x1x0,128x28x32x1
ffn_inp-22,kernel_add,0.023300,2048x1x1,64x1x1,3584x32x1x1
ffn_norm-22,kernel_rms_norm_mul,0.013600,32768x1x1,1024x1x1,3584x32x1x1
l_out-22,kernel_add,0.023700,2048x1x1,64x1x1,3584x32x1x1
attn_norm-23,kernel_rms_norm_mul,0.014000,32768x1x1,1024x1x1,3584x32x1x1
Qcur-23,kernel_add_row,0.010000,28672x0x0,64x0x0,3584x32x1x1
Qcur-23,kernel_rope_neox_f32,0.008600,1792x32x1,64x1x1,128x28x32x1
Kcur-23,kernel_add_row,0.003000,4096x0x0,64x0x0,512x32x1x1
Kcur-23,kernel_rope_neox_f32,0.003200,256x32x1,64x1x1,128x4x32x1
node_794,kernel_mul_mv_q6_K_f32,1.893100,512x2048x1,2x64x1,512x32x1x1
Vcur-23,kernel_add_row,0.003000,4096x0x0,64x0x0,512x32x1x1
cache_k_l23 (view),kernel_set_rows_f16_i64,0.003800,16384x1x1,512x1x1,512x4096x1x1
cache_v_l23 (view),kernel_set_rows_f16_i64,0.003300,16384x1x1,512x1x1,512x4096x1x1
__fattn__-23,flash_attn_f32_f16,1.683400,32x28x0,32x1x0,128x28x32x1
ffn_inp-23,kernel_add,0.026700,2048x1x1,64x1x1,3584x32x1x1
ffn_norm-23,kernel_rms_norm_mul,0.013200,32768x1x1,1024x1x1,3584x32x1x1
ffn_swiglu-23,kernel_swiglu,0.101100,16384x1x1,512x1x1,18944x32x1x1
ffn_out-23,kernel_mul_mv_q6_K_f32,79.196602,3584x2048x1,2x64x1,3584x32x1x1
l_out-23,kernel_add,0.025500,2048x1x1,64x1x1,3584x32x1x1
attn_norm-24,kernel_rms_norm_mul,0.014300,32768x1x1,1024x1x1,3584x32x1x1
Qcur-24,kernel_add_row,0.011800,28672x0x0,64x0x0,3584x32x1x1
Qcur-24,kernel_rope_neox_f32,0.008700,1792x32x1,64x1x1,128x28x32x1
Kcur-24,kernel_add_row,0.005400,4096x0x0,64x0x0,512x32x1x1
Kcur-24,kernel_rope_neox_f32,0.003300,256x32x1,64x1x1,128x4x32x1
node_828,kernel_mul_mv_q6_K_f32,1.894500,512x2048x1,2x64x1,512x32x1x1
Vcur-24,kernel_add_row,0.002900,4096x0x0,64x0x0,512x32x1x1
cache_k_l24 (view),kernel_set_rows_f16_i64,0.003700,16384x1x1,512x1x1,512x4096x1x1
cache_v_l24 (view),kernel_set_rows_f16_i64,0.003400,16384x1x1,512x1x1,512x4096x1x1
__fattn__-24,flash_attn_f32_f16,1.707200,32x28x0,32x1x0,128x28x32x1
ffn_inp-24,kernel_add,0.027400,2048x1x1,64x1x1,3584x32x1x1
ffn_norm-24,kernel_rms_norm_mul,0.013300,32768x1x1,1024x1x1,3584x32x1x1
ffn_swiglu-24,kernel_swiglu,0.099500,16384x1x1,512x1x1,18944x32x1x1
ffn_out-24,kernel_mul_mv_q6_K_f32,79.429298,3584x2048x1,2x64x1,3584x32x1x1
l_out-24,kernel_add,0.024900,2048x1x1,64x1x1,3584x32x1x1
attn_norm-25,kernel_rms_norm_mul,0.014100,32768x1x1,1024x1x1,3584x32x1x1
Qcur-25,kernel_add_row,0.011600,28672x0x0,64x0x0,3584x32x1x1
Qcur-25,kernel_rope_neox_f32,0.008800,1792x32x1,64x1x1,128x28x32x1
Kcur-25,kernel_add_row,0.005400,4096x0x0,64x0x0,512x32x1x1
Kcur-25,kernel_rope_neox_f32,0.003200,256x32x1,64x1x1,128x4x32x1
node_862,kernel_mul_mv_q6_K_f32,1.892400,512x2048x1,2x64x1,512x32x1x1
Vcur-25,kernel_add_row,0.003000,4096x0x0,64x0x0,512x32x1x1
cache_k_l25 (view),kernel_set_rows_f16_i64,0.003600,16384x1x1,512x1x1,512x4096x1x1
cache_v_l25 (view),kernel_set_rows_f16_i64,0.003300,16384x1x1,512x1x1,512x4096x1x1
__fattn__-25,flash_attn_f32_f16,1.685500,32x28x0,32x1x0,128x28x32x1
ffn_inp-25,kernel_add,0.026800,2048x1x1,64x1x1,3584x32x1x1
ffn_norm-25,kernel_rms_norm_mul,0.013600,32768x1x1,1024x1x1,3584x32x1x1
ffn_swiglu-25,kernel_swiglu,0.099800,16384x1x1,512x1x1,18944x32x1x1
ffn_out-25,kernel_mul_mv_q6_K_f32,79.056999,3584x2048x1,2x64x1,3584x32x1x1
l_out-25,kernel_add,0.025400,2048x1x1,64x1x1,3584x32x1x1
attn_norm-26,kernel_rms_norm_mul,0.014400,32768x1x1,1024x1x1,3584x32x1x1
Qcur-26,kernel_add_row,0.011700,28672x0x0,64x0x0,3584x32x1x1
Qcur-26,kernel_rope_neox_f32,0.008700,1792x32x1,64x1x1,128x28x32x1
Kcur-26,kernel_add_row,0.005200,4096x0x0,64x0x0,512x32x1x1
Kcur-26,kernel_rope_neox_f32,0.003300,256x32x1,64x1x1,128x4x32x1
node_896,kernel_mul_mv_q6_K_f32,1.891100,512x2048x1,2x64x1,512x32x1x1
Vcur-26,kernel_add_row,0.003000,4096x0x0,64x0x0,512x32x1x1
cache_k_l26 (view),kernel_set_rows_f16_i64,0.003700,16384x1x1,512x1x1,512x4096x1x1
cache_v_l26 (view),kernel_set_rows_f16_i64,0.003400,16384x1x1,512x1x1,512x4096x1x1
__fattn__-26,flash_attn_f32_f16,1.697900,32x28x0,32x1x0,128x28x32x1
ffn_inp-26,kernel_add,0.027700,2048x1x1,64x1x1,3584x32x1x1
ffn_norm-26,kernel_rms_norm_mul,0.013600,32768x1x1,1024x1x1,3584x32x1x1
ffn_swiglu-26,kernel_swiglu,0.100800,16384x1x1,512x1x1,18944x32x1x1
ffn_out-26,kernel_mul_mv_q6_K_f32,78.961296,3584x2048x1,2x64x1,3584x32x1x1
l_out-26,kernel_add,0.025400,2048x1x1,64x1x1,3584x32x1x1
attn_norm-27,kernel_rms_norm_mul,0.014400,32768x1x1,1024x1x1,3584x32x1x1
Qcur-27,kernel_add_row,0.016000,28672x0x0,64x0x0,3584x32x1x1
Qcur-27,kernel_rope_neox_f32,0.031100,1792x32x1,64x1x1,128x28x32x1
Kcur-27,kernel_add_row,0.005300,4096x0x0,64x0x0,512x32x1x1
Kcur-27,kernel_rope_neox_f32,0.003200,256x32x1,64x1x1,128x4x32x1
node_930,kernel_mul_mv_q6_K_f32,1.897100,512x2048x1,2x64x1,512x32x1x1
Vcur-27,kernel_add_row,0.002700,4096x0x0,64x0x0,512x32x1x1
cache_k_l27 (view),kernel_set_rows_f16_i64,0.003700,16384x1x1,512x1x1,512x4096x1x1
cache_v_l27 (view),kernel_set_rows_f16_i64,0.003300,16384x1x1,512x1x1,512x4096x1x1
__fattn__-27,flash_attn_f32_f16,1.709100,32x28x0,32x1x0,128x28x32x1
attn_norm-0,kernel_rms_norm_mul,0.017300,32768x1x1,1024x1x1,3584x32x1x1
Qcur-0,kernel_add_row,0.011800,28672x0x0,64x0x0,3584x32x1x1
Qcur-0,kernel_rope_neox_f32,0.009200,1792x32x1,64x1x1,128x28x32x1
Kcur-0,kernel_add_row,0.005000,4096x0x0,64x0x0,512x32x1x1
Kcur-0,kernel_rope_neox_f32,0.003200,256x32x1,64x1x1,128x4x32x1
node_11,kernel_mul_mv_q6_K_f32,1.895300,512x2048x1,2x64x1,512x32x1x1
Vcur-0,kernel_add_row,0.003000,4096x0x0,64x0x0,512x32x1x1
cache_k_l0 (view),kernel_set_rows_f16_i64,0.003900,16384x1x1,512x1x1,512x4096x1x1
cache_v_l0 (view),kernel_set_rows_f16_i64,0.003400,16384x1x1,512x1x1,512x4096x1x1
 (copy),kernel_cpy_f32_f16,0.003700,4096x1x1,64x1x1,256x64x1x1
__fattn__-0,flash_attn_f32_f16,1.699800,32x28x0,32x1x0,128x28x32x1
ffn_inp-0,kernel_add,0.026200,2048x1x1,64x1x1,3584x32x1x1
ffn_norm-0,kernel_rms_norm_mul,0.013600,32768x1x1,1024x1x1,3584x32x1x1
ffn_swiglu-0,kernel_swiglu,0.103000,16384x1x1,512x1x1,18944x32x1x1
ffn_out-0,kernel_mul_mv_q6_K_f32,80.779404,3584x2048x1,2x64x1,3584x32x1x1
l_out-0,kernel_add,0.025000,2048x1x1,64x1x1,3584x32x1x1
attn_norm-1,kernel_rms_norm_mul,0.014800,32768x1x1,1024x1x1,3584x32x1x1
Qcur-1,kernel_add_row,0.016400,28672x0x0,64x0x0,3584x32x1x1
Qcur-1,kernel_rope_neox_f32,0.028300,1792x32x1,64x1x1,128x28x32x1
Kcur-1,kernel_add_row,0.005200,4096x0x0,64x0x0,512x32x1x1
Kcur-1,kernel_rope_neox_f32,0.003400,256x32x1,64x1x1,128x4x32x1
node_46,kernel_mul_mv_q6_K_f32,1.897000,512x2048x1,2x64x1,512x32x1x1
Vcur-1,kernel_add_row,0.002800,4096x0x0,64x0x0,512x32x1x1
cache_k_l1 (view),kernel_set_rows_f16_i64,0.003800,16384x1x1,512x1x1,512x4096x1x1
cache_v_l1 (view),kernel_set_rows_f16_i64,0.003400,16384x1x1,512x1x1,512x4096x1x1
__fattn__-1,flash_attn_f32_f16,1.713700,32x28x0,32x1x0,128x28x32x1
ffn_inp-1,kernel_add,0.026600,2048x1x1,64x1x1,3584x32x1x1
ffn_norm-1,kernel_rms_norm_mul,0.013300,32768x1x1,1024x1x1,3584x32x1x1
ffn_swiglu-1,kernel_swiglu,0.100200,16384x1x1,512x1x1,18944x32x1x1
ffn_out-1,kernel_mul_mv_q6_K_f32,81.048401,3584x2048x1,2x64x1,3584x32x1x1
l_out-1,kernel_add,0.025200,2048x1x1,64x1x1,3584x32x1x1
attn_norm-2,kernel_rms_norm_mul,0.014300,32768x1x1,1024x1x1,3584x32x1x1
Qcur-2,kernel_add_row,0.016500,28672x0x0,64x0x0,3584x32x1x1
Qcur-2,kernel_rope_neox_f32,0.031500,1792x32x1,64x1x1,128x28x32x1
Kcur-2,kernel_add_row,0.005300,4096x0x0,64x0x0,512x32x1x1
Kcur-2,kernel_rope_neox_f32,0.003200,256x32x1,64x1x1,128x4x32x1
node_80,kernel_mul_mv_q6_K_f32,1.897300,512x2048x1,2x64x1,512x32x1x1
Vcur-2,kernel_add_row,0.003000,4096x0x0,64x0x0,512x32x1x1
cache_k_l2 (view),kernel_set_rows_f16_i64,0.003700,16384x1x1,512x1x1,512x4096x1x1
cache_v_l2 (view),kernel_set_rows_f16_i64,0.003300,16384x1x1,512x1x1,512x4096x1x1
__fattn__-2,flash_attn_f32_f16,1.721500,32x28x0,32x1x0,128x28x32x1
ffn_inp-2,kernel_add,0.027000,2048x1x1,64x1x1,3584x32x1x1
ffn_norm-2,kernel_rms_norm_mul,0.013300,32768x1x1,1024x1x1,3584x32x1x1
ffn_swiglu-2,kernel_swiglu,0.099300,16384x1x1,512x1x1,18944x32x1x1
ffn_out-2,kernel_mul_mv_q6_K_f32,79.280197,3584x2048x1,2x64x1,3584x32x1x1
l_out-2,kernel_add,0.025300,2048x1x1,64x1x1,3584x32x1x1
attn_norm-3,kernel_rms_norm_mul,0.014600,32768x1x1,1024x1x1,3584x32x1x1
Qcur-3,kernel_add_row,0.010900,28672x0x0,64x0x0,3584x32x1x1
Qcur-3,kernel_rope_neox_f32,0.009500,1792x32x1,64x1x1,128x28x32x1
Kcur-3,kernel_add_row,0.005400,4096x0x0,64x0x0,512x32x1x1
Kcur-3,kernel_rope_neox_f32,0.003300,256x32x1,64x1x1,128x4x32x1
Vcur-3,kernel_add_row,0.002900,4096x0x0,64x0x0,512x32x1x1
cache_k_l3 (view),kernel_set_rows_f16_i64,0.003800,16384x1x1,512x1x1,512x4096x1x1
cache_v_l3 (view),kernel_set_rows_f16_i64,0.003300,16384x1x1,512x1x1,512x4096x1x1
__fattn__-3,flash_attn_f32_f16,1.700900,32x28x0,32x1x0,128x28x32x1
ffn_inp-3,kernel_add,0.025000,2048x1x1,64x1x1,3584x32x1x1
ffn_norm-3,kernel_rms_norm_mul,0.013700,32768x1x1,1024x1x1,3584x32x1x1
l_out-3,kernel_add,0.025700,2048x1x1,64x1x1,3584x32x1x1
attn_norm-4,kernel_rms_norm_mul,0.014200,32768x1x1,1024x1x1,3584x32x1x1
Qcur-4,kernel_add_row,0.011000,28672x0x0,64x0x0,3584x32x1x1
Qcur-4,kernel_rope_neox_f32,0.009200,1792x32x1,64x1x1,128x28x32x1
Kcur-4,kernel_add_row,0.005200,4096x0x0,64x0x0,512x32x1x1
Kcur-4,kernel_rope_neox_f32,0.003300,256x32x1,64x1x1,128x4x32x1
Vcur-4,kernel_add_row,0.003100,4096x0x0,64x0x0,512x32x1x1
cache_k_l4 (view),kernel_set_rows_f16_i64,0.003700,16384x1x1,512x1x1,512x4096x1x1
cache_v_l4 (view),kernel_set_rows_f16_i64,0.003400,16384x1x1,512x1x1,512x4096x1x1
__fattn__-4,flash_attn_f32_f16,1.732900,32x28x0,32x1x0,128x28x32x1
ffn_inp-4,kernel_add,0.024600,2048x1x1,64x1x1,3584x32x1x1
ffn_norm-4,kernel_rms_norm_mul,0.013200,32768x1x1,1024x1x1,3584x32x1x1
l_out-4,kernel_add,0.024800,2048x1x1,64x1x1,3584x32x1x1
attn_norm-5,kernel_rms_norm_mul,0.014100,32768x1x1,1024x1x1,3584x32x1x1
Qcur-5,kernel_add_row,0.010200,28672x0x0,64x0x0,3584x32x1x1
Qcur-5,kernel_rope_neox_f32,0.009000,1792x32x1,64x1x1,128x28x32x1
Kcur-5,kernel_add_row,0.003000,4096x0x0,64x0x0,512x32x1x1
Kcur-5,kernel_rope_neox_f32,0.003100,256x32x1,64x1x1,128x4x32x1
node_182,kernel_mul_mv_q6_K_f32,1.890400,512x2048x1,2x64x1,512x32x1x1
Vcur-5,kernel_add_row,0.003100,4096x0x0,64x0x0,512x32x1x1
cache_k_l5 (view),kernel_set_rows_f16_i64,0.003700,16384x1x1,512x1x1,512x4096x1x1
cache_v_l5 (view),kernel_set_rows_f16_i64,0.003300,16384x1x1,512x1x1,512x4096x1x1
__fattn__-5,flash_attn_f32_f16,1.690200,32x28x0,32x1x0,128x28x32x1
ffn_inp-5,kernel_add,0.026600,2048x1x1,64x1x1,3584x32x1x1
ffn_norm-5,kernel_rms_norm_mul,0.013900,32768x1x1,1024x1x1,3584x32x1x1
ffn_swiglu-5,kernel_swiglu,0.099800,16384x1x1,512x1x1,18944x32x1x1
ffn_out-5,kernel_mul_mv_q6_K_f32,79.504204,3584x2048x1,2x64x1,3584x32x1x1
l_out-5,kernel_add,0.025300,2048x1x1,64x1x1,3584x32x1x1
attn_norm-6,kernel_rms_norm_mul,0.014000,32768x1x1,1024x1x1,3584x32x1x1
Qcur-6,kernel_add_row,0.013800,28672x0x0,64x0x0,3584x32x1x1
Qcur-6,kernel_rope_neox_f32,0.011400,1792x32x1,64x1x1,128x28x32x1
Kcur-6,kernel_add_row,0.005500,4096x0x0,64x0x0,512x32x1x1
Kcur-6,kernel_rope_neox_f32,0.003200,256x32x1,64x1x1,128x4x32x1
Vcur-6,kernel_add_row,0.005000,4096x0x0,64x0x0,512x32x1x1
cache_k_l6 (view),kernel_set_rows_f16_i64,0.003700,16384x1x1,512x1x1,512x4096x1x1
cache_v_l6 (view),kernel_set_rows_f16_i64,0.003300,16384x1x1,512x1x1,512x4096x1x1
__fattn__-6,flash_attn_f32_f16,1.670100,32x28x0,32x1x0,128x28x32x1
ffn_inp-6,kernel_add,0.024300,2048x1x1,64x1x1,3584x32x1x1
ffn_norm-6,kernel_rms_norm_mul,0.013300,32768x1x1,1024x1x1,3584x32x1x1
l_out-6,kernel_add,0.027300,2048x1x1,64x1x1,3584x32x1x1
attn_norm-7,kernel_rms_norm_mul,0.014300,32768x1x1,1024x1x1,3584x32x1x1
Qcur-7,kernel_add_row,0.011300,28672x0x0,64x0x0,3584x32x1x1
Qcur-7,kernel_rope_neox_f32,0.009400,1792x32x1,64x1x1,128x28x32x1
Kcur-7,kernel_add_row,0.005400,4096x0x0,64x0x0,512x32x1x1
Kcur-7,kernel_rope_neox_f32,0.003200,256x32x1,64x1x1,128x4x32x1
Vcur-7,kernel_add_row,0.003000,4096x0x0,64x0x0,512x32x1x1
cache_k_l7 (view),kernel_set_rows_f16_i64,0.004000,16384x1x1,512x1x1,512x4096x1x1
cache_v_l7 (view),kernel_set_rows_f16_i64,0.003200,16384x1x1,512x1x1,512x4096x1x1
__fattn__-7,flash_attn_f32_f16,1.736800,32x28x0,32x1x0,128x28x32x1
ffn_inp-7,kernel_add,0.023800,2048x1x1,64x1x1,3584x32x1x1
ffn_norm-7,kernel_rms_norm_mul,0.013100,32768x1x1,1024x1x1,3584x32x1x1
l_out-7,kernel_add,0.024200,2048x1x1,64x1x1,3584x32x1x1
attn_norm-8,kernel_rms_norm_mul,0.013800,32768x1x1,1024x1x1,3584x32x1x1
Qcur-8,kernel_add_row,0.010100,28672x0x0,64x0x0,3584x32x1x1
Qcur-8,kernel_rope_neox_f32,0.008700,1792x32x1,64x1x1,128x28x32x1
Kcur-8,kernel_add_row,0.003100,4096x0x0,64x0x0,512x32x1x1
Kcur-8,kernel_rope_neox_f32,0.003200,256x32x1,64x1x1,128x4x32x1
node_284,kernel_mul_mv_q6_K_f32,1.890400,512x2048x1,2x64x1,512x32x1x1
Vcur-8,kernel_add_row,0.003000,4096x0x0,64x0x0,512x32x1x1
cache_k_l8 (view),kernel_set_rows_f16_i64,0.003800,16384x1x1,512x1x1,512x4096x1x1
cache_v_l8 (view),kernel_set_rows_f16_i64,0.003300,16384x1x1,512x1x1,512x4096x1x1
__fattn__-8,flash_attn_f32_f16,1.721500,32x28x0,32x1x0,128x28x32x1
ffn_inp-8,kernel_add,0.026800,2048x1x1,64x1x1,3584x32x1x1
ffn_norm-8,kernel_rms_norm_mul,0.013400,32768x1x1,1024x1x1,3584x32x1x1
ffn_swiglu-8,kernel_swiglu,0.099700,16384x1x1,512x1x1,18944x32x1x1
ffn_out-8,kernel_mul_mv_q6_K_f32,79.224602,3584x2048x1,2x64x1,3584x32x1x1
l_out-8,kernel_add,0.025600,2048x1x1,64x1x1,3584x32x1x1
attn_norm-9,kernel_rms_norm_mul,0.014300,32768x1x1,1024x1x1,3584x32x1x1
Qcur-9,kernel_add_row,0.011800,28672x0x0,64x0x0,3584x32x1x1
Qcur-9,kernel_rope_neox_f32,0.010500,1792x32x1,64x1x1,128x28x32x1
Kcur-9,kernel_add_row,0.005400,4096x0x0,64x0x0,512x32x1x1
Kcur-9,kernel_rope_neox_f32,0.003300,256x32x1,64x1x1,128x4x32x1
Vcur-9,kernel_add_row,0.005100,4096x0x0,64x0x0,512x32x1x1
cache_k_l9 (view),kernel_set_rows_f16_i64,0.003700,16384x1x1,512x1x1,512x4096x1x1
cache_v_l9 (view),kernel_set_rows_f16_i64,0.003300,16384x1x1,512x1x1,512x4096x1x1
__fattn__-9,flash_attn_f32_f16,1.699200,32x28x0,32x1x0,128x28x32x1
ffn_inp-9,kernel_add,0.024600,2048x1x1,64x1x1,3584x32x1x1
ffn_norm-9,kernel_rms_norm_mul,0.013400,32768x1x1,1024x1x1,3584x32x1x1
l_out-9,kernel_add,0.025700,2048x1x1,64x1x1,3584x32x1x1
attn_norm-10,kernel_rms_norm_mul,0.014100,32768x1x1,1024x1x1,3584x32x1x1
Qcur-10,kernel_add_row,0.011000,28672x0x0,64x0x0,3584x32x1x1
Qcur-10,kernel_rope_neox_f32,0.009500,1792x32x1,64x1x1,128x28x32x1
Kcur-10,kernel_add_row,0.005000,4096x0x0,64x0x0,512x32x1x1
Kcur-10,kernel_rope_neox_f32,0.003400,256x32x1,64x1x1,128x4x32x1
Vcur-10,kernel_add_row,0.003000,4096x0x0,64x0x0,512x32x1x1
cache_k_l10 (view),kernel_set_rows_f16_i64,0.003600,16384x1x1,512x1x1,512x4096x1x1
cache_v_l10 (view),kernel_set_rows_f16_i64,0.003300,16384x1x1,512x1x1,512x4096x1x1
__fattn__-10,flash_attn_f32_f16,1.722600,32x28x0,32x1x0,128x28x32x1
ffn_inp-10,kernel_add,0.025000,2048x1x1,64x1x1,3584x32x1x1
ffn_norm-10,kernel_rms_norm_mul,0.012900,32768x1x1,1024x1x1,3584x32x1x1
l_out-10,kernel_add,0.024500,2048x1x1,64x1x1,3584x32x1x1
attn_norm-11,kernel_rms_norm_mul,0.014200,32768x1x1,1024x1x1,3584x32x1x1
Qcur-11,kernel_add_row,0.010200,28672x0x0,64x0x0,3584x32x1x1
Qcur-11,kernel_rope_neox_f32,0.008800,1792x32x1,64x1x1,128x28x32x1
Kcur-11,kernel_add_row,0.003000,4096x0x0,64x0x0,512x32x1x1
Kcur-11,kernel_rope_neox_f32,0.003200,256x32x1,64x1x1,128x4x32x1
node_386,kernel_mul_mv_q6_K_f32,1.890800,512x2048x1,2x64x1,512x32x1x1
Vcur-11,kernel_add_row,0.003000,4096x0x0,64x0x0,512x32x1x1
cache_k_l11 (view),kernel_set_rows_f16_i64,0.003700,16384x1x1,512x1x1,512x4096x1x1
cache_v_l11 (view),kernel_set_rows_f16_i64,0.003300,16384x1x1,512x1x1,512x4096x1x1
__fattn__-11,flash_attn_f32_f16,1.705400,32x28x0,32x1x0,128x28x32x1
ffn_inp-11,kernel_add,0.027100,2048x1x1,64x1x1,3584x32x1x1
ffn_norm-11,kernel_rms_norm_mul,0.013100,32768x1x1,1024x1x1,3584x32x1x1
ffn_swiglu-11,kernel_swiglu,0.099300,16384x1x1,512x1x1,18944x32x1x1
ffn_out-11,kernel_mul_mv_q6_K_f32,79.241104,3584x2048x1,2x64x1,3584x32x1x1
l_out-11,kernel_add,0.025500,2048x1x1,64x1x1,3584x32x1x1
attn_norm-12,kernel_rms_norm_mul,0.014600,32768x1x1,1024x1x1,3584x32x1x1
Qcur-12,kernel_add_row,0.011700,28672x0x0,64x0x0,3584x32x1x1
Qcur-12,kernel_rope_neox_f32,0.010400,1792x32x1,64x1x1,128x28x32x1
Kcur-12,kernel_add_row,0.005300,4096x0x0,64x0x0,512x32x1x1
Kcur-12,kernel_rope_neox_f32,0.003100,256x32x1,64x1x1,128x4x32x1
Vcur-12,kernel_add_row,0.003000,4096x0x0,64x0x0,512x32x1x1
cache_k_l12 (view),kernel_set_rows_f16_i64,0.003800,16384x1x1,512x1x1,512x4096x1x1
cache_v_l12 (view),kernel_set_rows_f16_i64,0.003400,16384x1x1,512x1x1,512x4096x1x1
__fattn__-12,flash_attn_f32_f16,1.683900,32x28x0,32x1x0,128x28x32x1
ffn_inp-12,kernel_add,0.025000,2048x1x1,64x1x1,3584x32x1x1
ffn_norm-12,kernel_rms_norm_mul,0.013300,32768x1x1,1024x1x1,3584x32x1x1
l_out-12,kernel_add,0.026900,2048x1x1,64x1x1,3584x32x1x1
attn_norm-13,kernel_rms_norm_mul,0.014600,32768x1x1,1024x1x1,3584x32x1x1
Qcur-13,kernel_add_row,0.010900,28672x0x0,64x0x0,3584x32x1x1
Qcur-13,kernel_rope_neox_f32,0.008800,1792x32x1,64x1x1,128x28x32x1
Kcur-13,kernel_add_row,0.005500,4096x0x0,64x0x0,512x32x1x1
Kcur-13,kernel_rope_neox_f32,0.003200,256x32x1,64x1x1,128x4x32x1
Vcur-13,kernel_add_row,0.002900,4096x0x0,64x0x0,512x32x1x1
cache_k_l13 (view),kernel_set_rows_f16_i64,0.004100,16384x1x1,512x1x1,512x4096x1x1
cache_v_l13 (view),kernel_set_rows_f16_i64,0.003500,16384x1x1,512x1x1,512x4096x1x1
__fattn__-13,flash_attn_f32_f16,1.730900,32x28x0,32x1x0,128x28x32x1
ffn_inp-13,kernel_add,0.023500,2048x1x1,64x1x1,3584x32x1x1
ffn_norm-13,kernel_rms_norm_mul,0.013700,32768x1x1,1024x1x1,3584x32x1x1
l_out-13,kernel_add,0.023600,2048x1x1,64x1x1,3584x32x1x1
attn_norm-14,kernel_rms_norm_mul,0.014100,32768x1x1,1024x1x1,3584x32x1x1
Qcur-14,kernel_add_row,0.010100,28672x0x0,64x0x0,3584x32x1x1
Qcur-14,kernel_rope_neox_f32,0.008700,1792x32x1,64x1x1,128x28x32x1
Kcur-14,kernel_add_row,0.003000,4096x0x0,64x0x0,512x32x1x1
Kcur-14,kernel_rope_neox_f32,0.003100,256x32x1,64x1x1,128x4x32x1
node_488,kernel_mul_mv_q6_K_f32,1.890700,512x2048x1,2x64x1,512x32x1x1
Vcur-14,kernel_add_row,0.002900,4096x0x0,64x0x0,512x32x1x1
cache_k_l14 (view),kernel_set_rows_f16_i64,0.003900,16384x1x1,512x1x1,512x4096x1x1
cache_v_l14 (view),kernel_set_rows_f16_i64,0.003300,16384x1x1,512x1x1,512x4096x1x1
__fattn__-14,flash_attn_f32_f16,1.703500,32x28x0,32x1x0,128x28x32x1
ffn_inp-14,kernel_add,0.026700,2048x1x1,64x1x1,3584x32x1x1
ffn_norm-14,kernel_rms_norm_mul,0.013500,32768x1x1,1024x1x1,3584x32x1x1
ffn_swiglu-14,kernel_swiglu,0.100700,16384x1x1,512x1x1,18944x32x1x1
ffn_out-14,kernel_mul_mv_q6_K_f32,79.195694,3584x2048x1,2x64x1,3584x32x1x1
l_out-14,kernel_add,0.025400,2048x1x1,64x1x1,3584x32x1x1
attn_norm-15,kernel_rms_norm_mul,0.014500,32768x1x1,1024x1x1,3584x32x1x1
Qcur-15,kernel_add_row,0.010800,28672x0x0,64x0x0,3584x32x1x1
Qcur-15,kernel_rope_neox_f32,0.009700,1792x32x1,64x1x1,128x28x32x1
Kcur-15,kernel_add_row,0.005300,4096x0x0,64x0x0,512x32x1x1
Kcur-15,kernel_rope_neox_f32,0.003100,256x32x1,64x1x1,128x4x32x1
Vcur-15,kernel_add_row,0.003000,4096x0x0,64x0x0,512x32x1x1
cache_k_l15 (view),kernel_set_rows_f16_i64,0.003700,16384x1x1,512x1x1,512x4096x1x1
cache_v_l15 (view),kernel_set_rows_f16_i64,0.003400,16384x1x1,512x1x1,512x4096x1x1
__fattn__-15,flash_attn_f32_f16,1.686500,32x28x0,32x1x0,128x28x32x1
ffn_inp-15,kernel_add,0.024600,2048x1x1,64x1x1,3584x32x1x1
ffn_norm-15,kernel_rms_norm_mul,0.013100,32768x1x1,1024x1x1,3584x32x1x1
l_out-15,kernel_add,0.026300,2048x1x1,64x1x1,3584x32x1x1
attn_norm-16,kernel_rms_norm_mul,0.014600,32768x1x1,1024x1x1,3584x32x1x1
Qcur-16,kernel_add_row,0.011300,28672x0x0,64x0x0,3584x32x1x1
Qcur-16,kernel_rope_neox_f32,0.009000,1792x32x1,64x1x1,128x28x32x1
Kcur-16,kernel_add_row,0.005400,4096x0x0,64x0x0,512x32x1x1
Kcur-16,kernel_rope_neox_f32,0.003200,256x32x1,64x1x1,128x4x32x1
Vcur-16,kernel_add_row,0.003000,4096x0x0,64x0x0,512x32x1x1
cache_k_l16 (view),kernel_set_rows_f16_i64,0.004300,16384x1x1,512x1x1,512x4096x1x1
cache_v_l16 (view),kernel_set_rows_f16_i64,0.003300,16384x1x1,512x1x1,512x4096x1x1
__fattn__-16,flash_attn_f32_f16,1.700500,32x28x0,32x1x0,128x28x32x1
ffn_inp-16,kernel_add,0.023300,2048x1x1,64x1x1,3584x32x1x1
ffn_norm-16,kernel_rms_norm_mul,0.013500,32768x1x1,1024x1x1,3584x32x1x1
l_out-16,kernel_add,0.023600,2048x1x1,64x1x1,3584x32x1x1
attn_norm-17,kernel_rms_norm_mul,0.013800,32768x1x1,1024x1x1,3584x32x1x1
Qcur-17,kernel_add_row,0.010500,28672x0x0,64x0x0,3584x32x1x1
Qcur-17,kernel_rope_neox_f32,0.008700,1792x32x1,64x1x1,128x28x32x1
Kcur-17,kernel_add_row,0.003100,4096x0x0,64x0x0,512x32x1x1
Kcur-17,kernel_rope_neox_f32,0.003200,256x32x1,64x1x1,128x4x32x1
node_590,kernel_mul_mv_q6_K_f32,1.892600,512x2048x1,2x64x1,512x32x1x1
Vcur-17,kernel_add_row,0.003000,4096x0x0,64x0x0,512x32x1x1
cache_k_l17 (view),kernel_set_rows_f16_i64,0.003700,16384x1x1,512x1x1,512x4096x1x1
cache_v_l17 (view),kernel_set_rows_f16_i64,0.003300,16384x1x1,512x1x1,512x4096x1x1
__fattn__-17,flash_attn_f32_f16,1.704400,32x28x0,32x1x0,128x28x32x1
ffn_inp-17,kernel_add,0.026500,2048x1x1,64x1x1,3584x32x1x1
ffn_norm-17,kernel_rms_norm_mul,0.013100,32768x1x1,1024x1x1,3584x32x1x1
ffn_swiglu-17,kernel_swiglu,0.100000,16384x1x1,512x1x1,18944x32x1x1
ffn_out-17,kernel_mul_mv_q6_K_f32,79.210800,3584x2048x1,2x64x1,3584x32x1x1
l_out-17,kernel_add,0.025500,2048x1x1,64x1x1,3584x32x1x1
attn_norm-18,kernel_rms_norm_mul,0.014400,32768x1x1,1024x1x1,3584x32x1x1
Qcur-18,kernel_add_row,0.010600,28672x0x0,64x0x0,3584x32x1x1
Qcur-18,kernel_rope_neox_f32,0.009500,1792x32x1,64x1x1,128x28x32x1
Kcur-18,kernel_add_row,0.005400,4096x0x0,64x0x0,512x32x1x1
Kcur-18,kernel_rope_neox_f32,0.003300,256x32x1,64x1x1,128x4x32x1
Vcur-18,kernel_add_row,0.003000,4096x0x0,64x0x0,512x32x1x1
cache_k_l18 (view),kernel_set_rows_f16_i64,0.003600,16384x1x1,512x1x1,512x4096x1x1
cache_v_l18 (view),kernel_set_rows_f16_i64,0.003400,16384x1x1,512x1x1,512x4096x1x1
__fattn__-18,flash_attn_f32_f16,1.716700,32x28x0,32x1x0,128x28x32x1
ffn_inp-18,kernel_add,0.025200,2048x1x1,64x1x1,3584x32x1x1
ffn_norm-18,kernel_rms_norm_mul,0.013200,32768x1x1,1024x1x1,3584x32x1x1
l_out-18,kernel_add,0.026100,2048x1x1,64x1x1,3584x32x1x1
attn_norm-19,kernel_rms_norm_mul,0.014100,32768x1x1,1024x1x1,3584x32x1x1
Qcur-19,kernel_add_row,0.010900,28672x0x0,64x0x0,3584x32x1x1
Qcur-19,kernel_rope_neox_f32,0.009300,1792x32x1,64x1x1,128x28x32x1
Kcur-19,kernel_add_row,0.005200,4096x0x0,64x0x0,512x32x1x1
Kcur-19,kernel_rope_neox_f32,0.003300,256x32x1,64x1x1,128x4x32x1
Vcur-19,kernel_add_row,0.003000,4096x0x0,64x0x0,512x32x1x1
cache_k_l19 (view),kernel_set_rows_f16_i64,0.003700,16384x1x1,512x1x1,512x4096x1x1
cache_v_l19 (view),kernel_set_rows_f16_i64,0.003500,16384x1x1,512x1x1,512x4096x1x1
__fattn__-19,flash_attn_f32_f16,1.723100,32x28x0,32x1x0,128x28x32x1
ffn_inp-19,kernel_add,0.024200,2048x1x1,64x1x1,3584x32x1x1
ffn_norm-19,kernel_rms_norm_mul,0.013000,32768x1x1,1024x1x1,3584x32x1x1
l_out-19,kernel_add,0.024500,2048x1x1,64x1x1,3584x32x1x1
attn_norm-20,kernel_rms_norm_mul,0.014500,32768x1x1,1024x1x1,3584x32x1x1
Qcur-20,kernel_add_row,0.010300,28672x0x0,64x0x0,3584x32x1x1
Qcur-20,kernel_rope_neox_f32,0.008500,1792x32x1,64x1x1,128x28x32x1
Kcur-20,kernel_add_row,0.003100,4096x0x0,64x0x0,512x32x1x1
Kcur-20,kernel_rope_neox_f32,0.003400,256x32x1,64x1x1,128x4x32x1
node_692,kernel_mul_mv_q6_K_f32,1.891500,512x2048x1,2x64x1,512x32x1x1
Vcur-20,kernel_add_row,0.003000,4096x0x0,64x0x0,512x32x1x1
cache_k_l20 (view),kernel_set_rows_f16_i64,0.003600,16384x1x1,512x1x1,512x4096x1x1
cache_v_l20 (view),kernel_set_rows_f16_i64,0.003300,16384x1x1,512x1x1,512x4096x1x1
__fattn__-20,flash_attn_f32_f16,1.673700,32x28x0,32x1x0,128x28x32x1
ffn_inp-20,kernel_add,0.026400,2048x1x1,64x1x1,3584x32x1x1
ffn_norm-20,kernel_rms_norm_mul,0.013200,32768x1x1,1024x1x1,3584x32x1x1
ffn_swiglu-20,kernel_swiglu,0.099500,16384x1x1,512x1x1,18944x32x1x1
ffn_out-20,kernel_mul_mv_q6_K_f32,79.178497,3584x2048x1,2x64x1,3584x32x1x1
l_out-20,kernel_add,0.025600,2048x1x1,64x1x1,3584x32x1x1
attn_norm-21,kernel_rms_norm_mul,0.014700,32768x1x1,1024x1x1,3584x32x1x1
Qcur-21,kernel_add_row,0.010800,28672x0x0,64x0x0,3584x32x1x1
Qcur-21,kernel_rope_neox_f32,0.009800,1792x32x1,64x1x1,128x28x32x1
Kcur-21,kernel_add_row,0.005300,4096x0x0,64x0x0,512x32x1x1
Kcur-21,kernel_rope_neox_f32,0.003200,256x32x1,64x1x1,128x4x32x1
Vcur-21,kernel_add_row,0.003100,4096x0x0,64x0x0,512x32x1x1
cache_k_l21 (view),kernel_set_rows_f16_i64,0.003800,16384x1x1,512x1x1,512x4096x1x1
cache_v_l21 (view),kernel_set_rows_f16_i64,0.003400,16384x1x1,512x1x1,512x4096x1x1
__fattn__-21,flash_attn_f32_f16,1.677700,32x28x0,32x1x0,128x28x32x1
ffn_inp-21,kernel_add,0.025700,2048x1x1,64x1x1,3584x32x1x1
ffn_norm-21,kernel_rms_norm_mul,0.013500,32768x1x1,1024x1x1,3584x32x1x1
l_out-21,kernel_add,0.025600,2048x1x1,64x1x1,3584x32x1x1
attn_norm-22,kernel_rms_norm_mul,0.014000,32768x1x1,1024x1x1,3584x32x1x1
Qcur-22,kernel_add_row,0.010800,28672x0x0,64x0x0,3584x32x1x1
Qcur-22,kernel_rope_neox_f32,0.009200,1792x32x1,64x1x1,128x28x32x1
Kcur-22,kernel_add_row,0.005100,4096x0x0,64x0x0,512x32x1x1
Kcur-22,kernel_rope_neox_f32,0.003200,256x32x1,64x1x1,128x4x32x1
Vcur-22,kernel_add_row,0.003000,4096x0x0,64x0x0,512x32x1x1
cache_k_l22 (view),kernel_set_rows_f16_i64,0.003700,16384x1x1,512x1x1,512x4096x1x1
cache_v_l22 (view),kernel_set_rows_f16_i64,0.003300,16384x1x1,512x1x1,512x4096x1x1
__fattn__-22,flash_attn_f32_f16,1.688400,32x28x0,32x1x0,128x28x32x1
ffn_inp-22,kernel_add,0.024400,2048x1x1,64x1x1,3584x32x1x1
ffn_norm-22,kernel_rms_norm_mul,0.013600,32768x1x1,1024x1x1,3584x32x1x1
l_out-22,kernel_add,0.024100,2048x1x1,64x1x1,3584x32x1x1
attn_norm-23,kernel_rms_norm_mul,0.014000,32768x1x1,1024x1x1,3584x32x1x1
Qcur-23,kernel_add_row,0.010300,28672x0x0,64x0x0,3584x32x1x1
Qcur-23,kernel_rope_neox_f32,0.008700,1792x32x1,64x1x1,128x28x32x1
Kcur-23,kernel_add_row,0.003000,4096x0x0,64x0x0,512x32x1x1
Kcur-23,kernel_rope_neox_f32,0.003200,256x32x1,64x1x1,128x4x32x1
node_794,kernel_mul_mv_q6_K_f32,1.892200,512x2048x1,2x64x1,512x32x1x1
Vcur-23,kernel_add_row,0.003000,4096x0x0,64x0x0,512x32x1x1
cache_k_l23 (view),kernel_set_rows_f16_i64,0.003700,16384x1x1,512x1x1,512x4096x1x1
cache_v_l23 (view),kernel_set_rows_f16_i64,0.003200,16384x1x1,512x1x1,512x4096x1x1
__fattn__-23,flash_attn_f32_f16,1.709800,32x28x0,32x1x0,128x28x32x1
ffn_inp-23,kernel_add,0.027200,2048x1x1,64x1x1,3584x32x1x1
ffn_norm-23,kernel_rms_norm_mul,0.013500,32768x1x1,1024x1x1,3584x32x1x1
ffn_swiglu-23,kernel_swiglu,0.099400,16384x1x1,512x1x1,18944x32x1x1
ffn_out-23,kernel_mul_mv_q6_K_f32,79.126602,3584x2048x1,2x64x1,3584x32x1x1
l_out-23,kernel_add,0.025000,2048x1x1,64x1x1,3584x32x1x1
attn_norm-24,kernel_rms_norm_mul,0.014100,32768x1x1,1024x1x1,3584x32x1x1
Qcur-24,kernel_add_row,0.011700,28672x0x0,64x0x0,3584x32x1x1
Qcur-24,kernel_rope_neox_f32,0.008800,1792x32x1,64x1x1,128x28x32x1
Kcur-24,kernel_add_row,0.005200,4096x0x0,64x0x0,512x32x1x1
Kcur-24,kernel_rope_neox_f32,0.003400,256x32x1,64x1x1,128x4x32x1
node_828,kernel_mul_mv_q6_K_f32,1.893600,512x2048x1,2x64x1,512x32x1x1
Vcur-24,kernel_add_row,0.003000,4096x0x0,64x0x0,512x32x1x1
cache_k_l24 (view),kernel_set_rows_f16_i64,0.003800,16384x1x1,512x1x1,512x4096x1x1
cache_v_l24 (view),kernel_set_rows_f16_i64,0.003300,16384x1x1,512x1x1,512x4096x1x1
__fattn__-24,flash_attn_f32_f16,1.679800,32x28x0,32x1x0,128x28x32x1
ffn_inp-24,kernel_add,0.027000,2048x1x1,64x1x1,3584x32x1x1
ffn_norm-24,kernel_rms_norm_mul,0.013600,32768x1x1,1024x1x1,3584x32x1x1
ffn_swiglu-24,kernel_swiglu,0.100700,16384x1x1,512x1x1,18944x32x1x1
ffn_out-24,kernel_mul_mv_q6_K_f32,79.118301,3584x2048x1,2x64x1,3584x32x1x1
l_out-24,kernel_add,0.025100,2048x1x1,64x1x1,3584x32x1x1
attn_norm-25,kernel_rms_norm_mul,0.014900,32768x1x1,1024x1x1,3584x32x1x1
Qcur-25,kernel_add_row,0.011300,28672x0x0,64x0x0,3584x32x1x1
Qcur-25,kernel_rope_neox_f32,0.008800,1792x32x1,64x1x1,128x28x32x1
Kcur-25,kernel_add_row,0.005400,4096x0x0,64x0x0,512x32x1x1
Kcur-25,kernel_rope_neox_f32,0.003200,256x32x1,64x1x1,128x4x32x1
node_862,kernel_mul_mv_q6_K_f32,1.890600,512x2048x1,2x64x1,512x32x1x1
Vcur-25,kernel_add_row,0.002900,4096x0x0,64x0x0,512x32x1x1
cache_k_l25 (view),kernel_set_rows_f16_i64,0.003600,16384x1x1,512x1x1,512x4096x1x1
cache_v_l25 (view),kernel_set_rows_f16_i64,0.003300,16384x1x1,512x1x1,512x4096x1x1
__fattn__-25,flash_attn_f32_f16,1.680700,32x28x0,32x1x0,128x28x32x1
ffn_inp-25,kernel_add,0.027000,2048x1x1,64x1x1,3584x32x1x1
ffn_norm-25,kernel_rms_norm_mul,0.013400,32768x1x1,1024x1x1,3584x32x1x1
ffn_swiglu-25,kernel_swiglu,0.101000,16384x1x1,512x1x1,18944x32x1x1
ffn_out-25,kernel_mul_mv_q6_K_f32,78.981102,3584x2048x1,2x64x1,3584x32x1x1
l_out-25,kernel_add,0.025300,2048x1x1,64x1x1,3584x32x1x1
attn_norm-26,kernel_rms_norm_mul,0.014300,32768x1x1,1024x1x1,3584x32x1x1
Qcur-26,kernel_add_row,0.011200,28672x0x0,64x0x0,3584x32x1x1
Qcur-26,kernel_rope_neox_f32,0.008700,1792x32x1,64x1x1,128x28x32x1
Kcur-26,kernel_add_row,0.005100,4096x0x0,64x0x0,512x32x1x1
Kcur-26,kernel_rope_neox_f32,0.003200,256x32x1,64x1x1,128x4x32x1
node_896,kernel_mul_mv_q6_K_f32,1.893400,512x2048x1,2x64x1,512x32x1x1
Vcur-26,kernel_add_row,0.003000,4096x0x0,64x0x0,512x32x1x1
cache_k_l26 (view),kernel_set_rows_f16_i64,0.003800,16384x1x1,512x1x1,512x4096x1x1
cache_v_l26 (view),kernel_set_rows_f16_i64,0.003300,16384x1x1,512x1x1,512x4096x1x1
__fattn__-26,flash_attn_f32_f16,1.702000,32x28x0,32x1x0,128x28x32x1
ffn_inp-26,kernel_add,0.026700,2048x1x1,64x1x1,3584x32x1x1
ffn_norm-26,kernel_rms_norm_mul,0.013700,32768x1x1,1024x1x1,3584x32x1x1
ffn_swiglu-26,kernel_swiglu,0.100800,16384x1x1,512x1x1,18944x32x1x1
ffn_out-26,kernel_mul_mv_q6_K_f32,79.086601,3584x2048x1,2x64x1,3584x32x1x1
l_out-26,kernel_add,0.025600,2048x1x1,64x1x1,3584x32x1x1
attn_norm-27,kernel_rms_norm_mul,0.014500,32768x1x1,1024x1x1,3584x32x1x1
Qcur-27,kernel_add_row,0.011700,28672x0x0,64x0x0,3584x32x1x1
Qcur-27,kernel_rope_neox_f32,0.008800,1792x32x1,64x1x1,128x28x32x1
Kcur-27,kernel_add_row,0.005100,4096x0x0,64x0x0,512x32x1x1
Kcur-27,kernel_rope_neox_f32,0.003300,256x32x1,64x1x1,128x4x32x1
node_930,kernel_mul_mv_q6_K_f32,1.893900,512x2048x1,2x64x1,512x32x1x1
Vcur-27,kernel_add_row,0.003100,4096x0x0,64x0x0,512x32x1x1
cache_k_l27 (view),kernel_set_rows_f16_i64,0.003800,16384x1x1,512x1x1,512x4096x1x1
cache_v_l27 (view),kernel_set_rows_f16_i64,0.003300,16384x1x1,512x1x1,512x4096x1x1
__fattn__-27,flash_attn_f32_f16,1.689700,32x28x0,32x1x0,128x28x32x1
attn_norm-0,kernel_rms_norm_mul,0.016500,32768x1x1,1024x1x1,3584x32x1x1
Qcur-0,kernel_add_row,0.011800,28672x0x0,64x0x0,3584x32x1x1
Qcur-0,kernel_rope_neox_f32,0.009300,1792x32x1,64x1x1,128x28x32x1
Kcur-0,kernel_add_row,0.005100,4096x0x0,64x0x0,512x32x1x1
Kcur-0,kernel_rope_neox_f32,0.003200,256x32x1,64x1x1,128x4x32x1
node_11,kernel_mul_mv_q6_K_f32,1.895500,512x2048x1,2x64x1,512x32x1x1
Vcur-0,kernel_add_row,0.002900,4096x0x0,64x0x0,512x32x1x1
cache_k_l0 (view),kernel_set_rows_f16_i64,0.003800,16384x1x1,512x1x1,512x4096x1x1
cache_v_l0 (view),kernel_set_rows_f16_i64,0.003300,16384x1x1,512x1x1,512x4096x1x1
 (copy),kernel_cpy_f32_f16,0.003600,4096x1x1,64x1x1,256x64x1x1
__fattn__-0,flash_attn_f32_f16,1.708100,32x28x0,32x1x0,128x28x32x1
ffn_inp-0,kernel_add,0.025900,2048x1x1,64x1x1,3584x32x1x1
ffn_norm-0,kernel_rms_norm_mul,0.013300,32768x1x1,1024x1x1,3584x32x1x1
ffn_swiglu-0,kernel_swiglu,0.101300,16384x1x1,512x1x1,18944x32x1x1
ffn_out-0,kernel_mul_mv_q6_K_f32,81.117203,3584x2048x1,2x64x1,3584x32x1x1
l_out-0,kernel_add,0.025000,2048x1x1,64x1x1,3584x32x1x1
attn_norm-1,kernel_rms_norm_mul,0.014800,32768x1x1,1024x1x1,3584x32x1x1
Qcur-1,kernel_add_row,0.011300,28672x0x0,64x0x0,3584x32x1x1
Qcur-1,kernel_rope_neox_f32,0.008700,1792x32x1,64x1x1,128x28x32x1
Kcur-1,kernel_add_row,0.005200,4096x0x0,64x0x0,512x32x1x1
Kcur-1,kernel_rope_neox_f32,0.003400,256x32x1,64x1x1,128x4x32x1
node_46,kernel_mul_mv_q6_K_f32,1.892400,512x2048x1,2x64x1,512x32x1x1
Vcur-1,kernel_add_row,0.002900,4096x0x0,64x0x0,512x32x1x1
cache_k_l1 (view),kernel_set_rows_f16_i64,0.003700,16384x1x1,512x1x1,512x4096x1x1
cache_v_l1 (view),kernel_set_rows_f16_i64,0.003400,16384x1x1,512x1x1,512x4096x1x1
__fattn__-1,flash_attn_f32_f16,1.689700,32x28x0,32x1x0,128x28x32x1
ffn_inp-1,kernel_add,0.026700,2048x1x1,64x1x1,3584x32x1x1
ffn_norm-1,kernel_rms_norm_mul,0.013500,32768x1x1,1024x1x1,3584x32x1x1
ffn_swiglu-1,kernel_swiglu,0.099300,16384x1x1,512x1x1,18944x32x1x1
ffn_out-1,kernel_mul_mv_q6_K_f32,81.209503,3584x2048x1,2x64x1,3584x32x1x1
l_out-1,kernel_add,0.025100,2048x1x1,64x1x1,3584x32x1x1
attn_norm-2,kernel_rms_norm_mul,0.014200,32768x1x1,1024x1x1,3584x32x1x1
Qcur-2,kernel_add_row,0.011400,28672x0x0,64x0x0,3584x32x1x1
Qcur-2,kernel_rope_neox_f32,0.008800,1792x32x1,64x1x1,128x28x32x1
Kcur-2,kernel_add_row,0.005500,4096x0x0,64x0x0,512x32x1x1
Kcur-2,kernel_rope_neox_f32,0.003400,256x32x1,64x1x1,128x4x32x1
node_80,kernel_mul_mv_q6_K_f32,1.892600,512x2048x1,2x64x1,512x32x1x1
Vcur-2,kernel_add_row,0.003000,4096x0x0,64x0x0,512x32x1x1
cache_k_l2 (view),kernel_set_rows_f16_i64,0.003700,16384x1x1,512x1x1,512x4096x1x1
cache_v_l2 (view),kernel_set_rows_f16_i64,0.003400,16384x1x1,512x1x1,512x4096x1x1
__fattn__-2,flash_attn_f32_f16,1.725000,32x28x0,32x1x0,128x28x32x1
ffn_inp-2,kernel_add,0.060500,2048x1x1,64x1x1,3584x32x1x1
ffn_norm-2,kernel_rms_norm_mul,0.013000,32768x1x1,1024x1x1,3584x32x1x1
ffn_swiglu-2,kernel_swiglu,0.100000,16384x1x1,512x1x1,18944x32x1x1
ffn_out-2,kernel_mul_mv_q6_K_f32,79.254303,3584x2048x1,2x64x1,3584x32x1x1
l_out-2,kernel_add,0.025100,2048x1x1,64x1x1,3584x32x1x1
attn_norm-3,kernel_rms_norm_mul,0.014800,32768x1x1,1024x1x1,3584x32x1x1
Qcur-3,kernel_add_row,0.011300,28672x0x0,64x0x0,3584x32x1x1
Qcur-3,kernel_rope_neox_f32,0.009800,1792x32x1,64x1x1,128x28x32x1
Kcur-3,kernel_add_row,0.005400,4096x0x0,64x0x0,512x32x1x1
Kcur-3,kernel_rope_neox_f32,0.003300,256x32x1,64x1x1,128x4x32x1
Vcur-3,kernel_add_row,0.002900,4096x0x0,64x0x0,512x32x1x1
cache_k_l3 (view),kernel_set_rows_f16_i64,0.003800,16384x1x1,512x1x1,512x4096x1x1
cache_v_l3 (view),kernel_set_rows_f16_i64,0.003400,16384x1x1,512x1x1,512x4096x1x1
__fattn__-3,flash_attn_f32_f16,1.682300,32x28x0,32x1x0,128x28x32x1
ffn_inp-3,kernel_add,0.025400,2048x1x1,64x1x1,3584x32x1x1
ffn_norm-3,kernel_rms_norm_mul,0.013600,32768x1x1,1024x1x1,3584x32x1x1
l_out-3,kernel_add,0.025300,2048x1x1,64x1x1,3584x32x1x1
attn_norm-4,kernel_rms_norm_mul,0.013600,32768x1x1,1024x1x1,3584x32x1x1
Qcur-4,kernel_add_row,0.011600,28672x0x0,64x0x0,3584x32x1x1
Qcur-4,kernel_rope_neox_f32,0.009300,1792x32x1,64x1x1,128x28x32x1
Kcur-4,kernel_add_row,0.005300,4096x0x0,64x0x0,512x32x1x1
Kcur-4,kernel_rope_neox_f32,0.003200,256x32x1,64x1x1,128x4x32x1
Vcur-4,kernel_add_row,0.003100,4096x0x0,64x0x0,512x32x1x1
cache_k_l4 (view),kernel_set_rows_f16_i64,0.003800,16384x1x1,512x1x1,512x4096x1x1
cache_v_l4 (view),kernel_set_rows_f16_i64,0.003400,16384x1x1,512x1x1,512x4096x1x1
__fattn__-4,flash_attn_f32_f16,1.725400,32x28x0,32x1x0,128x28x32x1
ffn_inp-4,kernel_add,0.024300,2048x1x1,64x1x1,3584x32x1x1
ffn_norm-4,kernel_rms_norm_mul,0.013700,32768x1x1,1024x1x1,3584x32x1x1
l_out-4,kernel_add,0.024500,2048x1x1,64x1x1,3584x32x1x1
attn_norm-5,kernel_rms_norm_mul,0.013800,32768x1x1,1024x1x1,3584x32x1x1
Qcur-5,kernel_add_row,0.010200,28672x0x0,64x0x0,3584x32x1x1
Qcur-5,kernel_rope_neox_f32,0.008700,1792x32x1,64x1x1,128x28x32x1
Kcur-5,kernel_add_row,0.003100,4096x0x0,64x0x0,512x32x1x1
Kcur-5,kernel_rope_neox_f32,0.003200,256x32x1,64x1x1,128x4x32x1
node_182,kernel_mul_mv_q6_K_f32,1.891700,512x2048x1,2x64x1,512x32x1x1
Vcur-5,kernel_add_row,0.003000,4096x0x0,64x0x0,512x32x1x1
cache_k_l5 (view),kernel_set_rows_f16_i64,0.003700,16384x1x1,512x1x1,512x4096x1x1
cache_v_l5 (view),kernel_set_rows_f16_i64,0.003400,16384x1x1,512x1x1,512x4096x1x1
__fattn__-5,flash_attn_f32_f16,1.699600,32x28x0,32x1x0,128x28x32x1
ffn_inp-5,kernel_add,0.026500,2048x1x1,64x1x1,3584x32x1x1
ffn_norm-5,kernel_rms_norm_mul,0.013900,32768x1x1,1024x1x1,3584x32x1x1
ffn_swiglu-5,kernel_swiglu,0.100000,16384x1x1,512x1x1,18944x32x1x1
ffn_out-5,kernel_mul_mv_q6_K_f32,79.166199,3584x2048x1,2x64x1,3584x32x1x1
l_out-5,kernel_add,0.025400,2048x1x1,64x1x1,3584x32x1x1
attn_norm-6,kernel_rms_norm_mul,0.014700,32768x1x1,1024x1x1,3584x32x1x1
Qcur-6,kernel_add_row,0.011100,28672x0x0,64x0x0,3584x32x1x1
Qcur-6,kernel_rope_neox_f32,0.010100,1792x32x1,64x1x1,128x28x32x1
Kcur-6,kernel_add_row,0.005300,4096x0x0,64x0x0,512x32x1x1
Kcur-6,kernel_rope_neox_f32,0.003400,256x32x1,64x1x1,128x4x32x1
Vcur-6,kernel_add_row,0.003000,4096x0x0,64x0x0,512x32x1x1
cache_k_l6 (view),kernel_set_rows_f16_i64,0.003600,16384x1x1,512x1x1,512x4096x1x1
cache_v_l6 (view),kernel_set_rows_f16_i64,0.003300,16384x1x1,512x1x1,512x4096x1x1
__fattn__-6,flash_attn_f32_f16,1.727100,32x28x0,32x1x0,128x28x32x1
ffn_inp-6,kernel_add,0.024600,2048x1x1,64x1x1,3584x32x1x1
ffn_norm-6,kernel_rms_norm_mul,0.013000,32768x1x1,1024x1x1,3584x32x1x1
l_out-6,kernel_add,0.026200,2048x1x1,64x1x1,3584x32x1x1
attn_norm-7,kernel_rms_norm_mul,0.014800,32768x1x1,1024x1x1,3584x32x1x1
Qcur-7,kernel_add_row,0.011100,28672x0x0,64x0x0,3584x32x1x1
Qcur-7,kernel_rope_neox_f32,0.009400,1792x32x1,64x1x1,128x28x32x1
Kcur-7,kernel_add_row,0.005100,4096x0x0,64x0x0,512x32x1x1
Kcur-7,kernel_rope_neox_f32,0.003200,256x32x1,64x1x1,128x4x32x1
Vcur-7,kernel_add_row,0.002900,4096x0x0,64x0x0,512x32x1x1
cache_k_l7 (view),kernel_set_rows_f16_i64,0.003900,16384x1x1,512x1x1,512x4096x1x1
cache_v_l7 (view),kernel_set_rows_f16_i64,0.003400,16384x1x1,512x1x1,512x4096x1x1
__fattn__-7,flash_attn_f32_f16,1.711000,32x28x0,32x1x0,128x28x32x1
ffn_inp-7,kernel_add,0.024600,2048x1x1,64x1x1,3584x32x1x1
ffn_norm-7,kernel_rms_norm_mul,0.013700,32768x1x1,1024x1x1,3584x32x1x1
l_out-7,kernel_add,0.025400,2048x1x1,64x1x1,3584x32x1x1
attn_norm-8,kernel_rms_norm_mul,0.014300,32768x1x1,1024x1x1,3584x32x1x1
Qcur-8,kernel_add_row,0.010200,28672x0x0,64x0x0,3584x32x1x1
Qcur-8,kernel_rope_neox_f32,0.008500,1792x32x1,64x1x1,128x28x32x1
Kcur-8,kernel_add_row,0.003100,4096x0x0,64x0x0,512x32x1x1
Kcur-8,kernel_rope_neox_f32,0.003300,256x32x1,64x1x1,128x4x32x1
node_284,kernel_mul_mv_q6_K_f32,1.892400,512x2048x1,2x64x1,512x32x1x1
Vcur-8,kernel_add_row,0.003100,4096x0x0,64x0x0,512x32x1x1
cache_k_l8 (view),kernel_set_rows_f16_i64,0.003800,16384x1x1,512x1x1,512x4096x1x1
cache_v_l8 (view),kernel_set_rows_f16_i64,0.003400,16384x1x1,512x1x1,512x4096x1x1
__fattn__-8,flash_attn_f32_f16,1.726600,32x28x0,32x1x0,128x28x32x1
ffn_inp-8,kernel_add,0.027200,2048x1x1,64x1x1,3584x32x1x1
ffn_norm-8,kernel_rms_norm_mul,0.013500,32768x1x1,1024x1x1,3584x32x1x1
ffn_swiglu-8,kernel_swiglu,0.099300,16384x1x1,512x1x1,18944x32x1x1
ffn_out-8,kernel_mul_mv_q6_K_f32,79.528496,3584x2048x1,2x64x1,3584x32x1x1
l_out-8,kernel_add,0.025200,2048x1x1,64x1x1,3584x32x1x1
attn_norm-9,kernel_rms_norm_mul,0.014100,32768x1x1,1024x1x1,3584x32x1x1
Qcur-9,kernel_add_row,0.011100,28672x0x0,64x0x0,3584x32x1x1
Qcur-9,kernel_rope_neox_f32,0.010400,1792x32x1,64x1x1,128x28x32x1
Kcur-9,kernel_add_row,0.005400,4096x0x0,64x0x0,512x32x1x1
Kcur-9,kernel_rope_neox_f32,0.003200,256x32x1,64x1x1,128x4x32x1
Vcur-9,kernel_add_row,0.003000,4096x0x0,64x0x0,512x32x1x1
cache_k_l9 (view),kernel_set_rows_f16_i64,0.003700,16384x1x1,512x1x1,512x4096x1x1
cache_v_l9 (view),kernel_set_rows_f16_i64,0.003400,16384x1x1,512x1x1,512x4096x1x1
__fattn__-9,flash_attn_f32_f16,1.696300,32x28x0,32x1x0,128x28x32x1
ffn_inp-9,kernel_add,0.025200,2048x1x1,64x1x1,3584x32x1x1
ffn_norm-9,kernel_rms_norm_mul,0.013700,32768x1x1,1024x1x1,3584x32x1x1
l_out-9,kernel_add,0.025000,2048x1x1,64x1x1,3584x32x1x1
attn_norm-10,kernel_rms_norm_mul,0.013900,32768x1x1,1024x1x1,3584x32x1x1
Qcur-10,kernel_add_row,0.011100,28672x0x0,64x0x0,3584x32x1x1
Qcur-10,kernel_rope_neox_f32,0.009400,1792x32x1,64x1x1,128x28x32x1
Kcur-10,kernel_add_row,0.005300,4096x0x0,64x0x0,512x32x1x1
Kcur-10,kernel_rope_neox_f32,0.003200,256x32x1,64x1x1,128x4x32x1
Vcur-10,kernel_add_row,0.003000,4096x0x0,64x0x0,512x32x1x1
cache_k_l10 (view),kernel_set_rows_f16_i64,0.003600,16384x1x1,512x1x1,512x4096x1x1
cache_v_l10 (view),kernel_set_rows_f16_i64,0.003400,16384x1x1,512x1x1,512x4096x1x1
__fattn__-10,flash_attn_f32_f16,1.709000,32x28x0,32x1x0,128x28x32x1
ffn_inp-10,kernel_add,0.024700,2048x1x1,64x1x1,3584x32x1x1
ffn_norm-10,kernel_rms_norm_mul,0.013400,32768x1x1,1024x1x1,3584x32x1x1
l_out-10,kernel_add,0.024900,2048x1x1,64x1x1,3584x32x1x1
attn_norm-11,kernel_rms_norm_mul,0.014100,32768x1x1,1024x1x1,3584x32x1x1
Qcur-11,kernel_add_row,0.010100,28672x0x0,64x0x0,3584x32x1x1
Qcur-11,kernel_rope_neox_f32,0.008700,1792x32x1,64x1x1,128x28x32x1
Kcur-11,kernel_add_row,0.003100,4096x0x0,64x0x0,512x32x1x1
Kcur-11,kernel_rope_neox_f32,0.003200,256x32x1,64x1x1,128x4x32x1
node_386,kernel_mul_mv_q6_K_f32,1.892600,512x2048x1,2x64x1,512x32x1x1
Vcur-11,kernel_add_row,0.003000,4096x0x0,64x0x0,512x32x1x1
cache_k_l11 (view),kernel_set_rows_f16_i64,0.003800,16384x1x1,512x1x1,512x4096x1x1
cache_v_l11 (view),kernel_set_rows_f16_i64,0.003300,16384x1x1,512x1x1,512x4096x1x1
__fattn__-11,flash_attn_f32_f16,1.700400,32x28x0,32x1x0,128x28x32x1
ffn_inp-11,kernel_add,0.026500,2048x1x1,64x1x1,3584x32x1x1
ffn_norm-11,kernel_rms_norm_mul,0.013700,32768x1x1,1024x1x1,3584x32x1x1
ffn_swiglu-11,kernel_swiglu,0.099600,16384x1x1,512x1x1,18944x32x1x1
ffn_out-11,kernel_mul_mv_q6_K_f32,79.174500,3584x2048x1,2x64x1,3584x32x1x1
l_out-11,kernel_add,0.025100,2048x1x1,64x1x1,3584x32x1x1
attn_norm-12,kernel_rms_norm_mul,0.014300,32768x1x1,1024x1x1,3584x32x1x1
Qcur-12,kernel_add_row,0.011600,28672x0x0,64x0x0,3584x32x1x1
Qcur-12,kernel_rope_neox_f32,0.010000,1792x32x1,64x1x1,128x28x32x1
Kcur-12,kernel_add_row,0.005200,4096x0x0,64x0x0,512x32x1x1
Kcur-12,kernel_rope_neox_f32,0.003200,256x32x1,64x1x1,128x4x32x1
Vcur-12,kernel_add_row,0.003000,4096x0x0,64x0x0,512x32x1x1
cache_k_l12 (view),kernel_set_rows_f16_i64,0.003700,16384x1x1,512x1x1,512x4096x1x1
cache_v_l12 (view),kernel_set_rows_f16_i64,0.003300,16384x1x1,512x1x1,512x4096x1x1
__fattn__-12,flash_attn_f32_f16,1.679500,32x28x0,32x1x0,128x28x32x1
ffn_inp-12,kernel_add,0.025300,2048x1x1,64x1x1,3584x32x1x1
ffn_norm-12,kernel_rms_norm_mul,0.012900,32768x1x1,1024x1x1,3584x32x1x1
l_out-12,kernel_add,0.025900,2048x1x1,64x1x1,3584x32x1x1
attn_norm-13,kernel_rms_norm_mul,0.014700,32768x1x1,1024x1x1,3584x32x1x1
Qcur-13,kernel_add_row,0.011000,28672x0x0,64x0x0,3584x32x1x1
Qcur-13,kernel_rope_neox_f32,0.008800,1792x32x1,64x1x1,128x28x32x1
Kcur-13,kernel_add_row,0.005100,4096x0x0,64x0x0,512x32x1x1
Kcur-13,kernel_rope_neox_f32,0.003200,256x32x1,64x1x1,128x4x32x1
Vcur-13,kernel_add_row,0.002900,4096x0x0,64x0x0,512x32x1x1
cache_k_l13 (view),kernel_set_rows_f16_i64,0.004000,16384x1x1,512x1x1,512x4096x1x1
cache_v_l13 (view),kernel_set_rows_f16_i64,0.003200,16384x1x1,512x1x1,512x4096x1x1
__fattn__-13,flash_attn_f32_f16,1.715800,32x28x0,32x1x0,128x28x32x1
ffn_inp-13,kernel_add,0.024200,2048x1x1,64x1x1,3584x32x1x1
ffn_norm-13,kernel_rms_norm_mul,0.013100,32768x1x1,1024x1x1,3584x32x1x1
l_out-13,kernel_add,0.024900,2048x1x1,64x1x1,3584x32x1x1
attn_norm-14,kernel_rms_norm_mul,0.014400,32768x1x1,1024x1x1,3584x32x1x1
Qcur-14,kernel_add_row,0.010300,28672x0x0,64x0x0,3584x32x1x1
Qcur-14,kernel_rope_neox_f32,0.008600,1792x32x1,64x1x1,128x28x32x1
Kcur-14,kernel_add_row,0.003000,4096x0x0,64x0x0,512x32x1x1
Kcur-14,kernel_rope_neox_f32,0.003200,256x32x1,64x1x1,128x4x32x1
node_488,kernel_mul_mv_q6_K_f32,1.891300,512x2048x1,2x64x1,512x32x1x1
Vcur-14,kernel_add_row,0.002800,4096x0x0,64x0x0,512x32x1x1
cache_k_l14 (view),kernel_set_rows_f16_i64,0.003700,16384x1x1,512x1x1,512x4096x1x1
cache_v_l14 (view),kernel_set_rows_f16_i64,0.003300,16384x1x1,512x1x1,512x4096x1x1
__fattn__-14,flash_attn_f32_f16,1.734400,32x28x0,32x1x0,128x28x32x1
ffn_inp-14,kernel_add,0.025900,2048x1x1,64x1x1,3584x32x1x1
ffn_norm-14,kernel_rms_norm_mul,0.013500,32768x1x1,1024x1x1,3584x32x1x1
ffn_swiglu-14,kernel_swiglu,0.100200,16384x1x1,512x1x1,18944x32x1x1
ffn_out-14,kernel_mul_mv_q6_K_f32,79.152603,3584x2048x1,2x64x1,3584x32x1x1
l_out-14,kernel_add,0.025500,2048x1x1,64x1x1,3584x32x1x1
attn_norm-15,kernel_rms_norm_mul,0.014400,32768x1x1,1024x1x1,3584x32x1x1
Qcur-15,kernel_add_row,0.011100,28672x0x0,64x0x0,3584x32x1x1
Qcur-15,kernel_rope_neox_f32,0.010300,1792x32x1,64x1x1,128x28x32x1
Kcur-15,kernel_add_row,0.005400,4096x0x0,64x0x0,512x32x1x1
Kcur-15,kernel_rope_neox_f32,0.003200,256x32x1,64x1x1,128x4x32x1
Vcur-15,kernel_add_row,0.003000,4096x0x0,64x0x0,512x32x1x1
cache_k_l15 (view),kernel_set_rows_f16_i64,0.003800,16384x1x1,512x1x1,512x4096x1x1
cache_v_l15 (view),kernel_set_rows_f16_i64,0.003400,16384x1x1,512x1x1,512x4096x1x1
__fattn__-15,flash_attn_f32_f16,1.703400,32x28x0,32x1x0,128x28x32x1
ffn_inp-15,kernel_add,0.025200,2048x1x1,64x1x1,3584x32x1x1
ffn_norm-15,kernel_rms_norm_mul,0.013200,32768x1x1,1024x1x1,3584x32x1x1
l_out-15,kernel_add,0.025500,2048x1x1,64x1x1,3584x32x1x1
attn_norm-16,kernel_rms_norm_mul,0.014100,32768x1x1,1024x1x1,3584x32x1x1
Qcur-16,kernel_add_row,0.010800,28672x0x0,64x0x0,3584x32x1x1
Qcur-16,kernel_rope_neox_f32,0.009400,1792x32x1,64x1x1,128x28x32x1
Kcur-16,kernel_add_row,0.005200,4096x0x0,64x0x0,512x32x1x1
Kcur-16,kernel_rope_neox_f32,0.003100,256x32x1,64x1x1,128x4x32x1
Vcur-16,kernel_add_row,0.003000,4096x0x0,64x0x0,512x32x1x1
cache_k_l16 (view),kernel_set_rows_f16_i64,0.003700,16384x1x1,512x1x1,512x4096x1x1
cache_v_l16 (view),kernel_set_rows_f16_i64,0.003200,16384x1x1,512x1x1,512x4096x1x1
__fattn__-16,flash_attn_f32_f16,1.729500,32x28x0,32x1x0,128x28x32x1
ffn_inp-16,kernel_add,0.024300,2048x1x1,64x1x1,3584x32x1x1
ffn_norm-16,kernel_rms_norm_mul,0.013600,32768x1x1,1024x1x1,3584x32x1x1
l_out-16,kernel_add,0.025000,2048x1x1,64x1x1,3584x32x1x1
attn_norm-17,kernel_rms_norm_mul,0.013900,32768x1x1,1024x1x1,3584x32x1x1
Qcur-17,kernel_add_row,0.010300,28672x0x0,64x0x0,3584x32x1x1
Qcur-17,kernel_rope_neox_f32,0.008700,1792x32x1,64x1x1,128x28x32x1
Kcur-17,kernel_add_row,0.003200,4096x0x0,64x0x0,512x32x1x1
Kcur-17,kernel_rope_neox_f32,0.003200,256x32x1,64x1x1,128x4x32x1
node_590,kernel_mul_mv_q6_K_f32,1.889400,512x2048x1,2x64x1,512x32x1x1
Vcur-17,kernel_add_row,0.002700,4096x0x0,64x0x0,512x32x1x1
cache_k_l17 (view),kernel_set_rows_f16_i64,0.003700,16384x1x1,512x1x1,512x4096x1x1
cache_v_l17 (view),kernel_set_rows_f16_i64,0.003300,16384x1x1,512x1x1,512x4096x1x1
__fattn__-17,flash_attn_f32_f16,1.712300,32x28x0,32x1x0,128x28x32x1
ffn_inp-17,kernel_add,0.026300,2048x1x1,64x1x1,3584x32x1x1
ffn_norm-17,kernel_rms_norm_mul,0.013500,32768x1x1,1024x1x1,3584x32x1x1
ffn_swiglu-17,kernel_swiglu,0.100000,16384x1x1,512x1x1,18944x32x1x1
ffn_out-17,kernel_mul_mv_q6_K_f32,79.088203,3584x2048x1,2x64x1,3584x32x1x1
l_out-17,kernel_add,0.025000,2048x1x1,64x1x1,3584x32x1x1
attn_norm-18,kernel_rms_norm_mul,0.014400,32768x1x1,1024x1x1,3584x32x1x1
Qcur-18,kernel_add_row,0.011300,28672x0x0,64x0x0,3584x32x1x1
Qcur-18,kernel_rope_neox_f32,0.009500,1792x32x1,64x1x1,128x28x32x1
Kcur-18,kernel_add_row,0.005100,4096x0x0,64x0x0,512x32x1x1
Kcur-18,kernel_rope_neox_f32,0.003200,256x32x1,64x1x1,128x4x32x1
Vcur-18,kernel_add_row,0.003000,4096x0x0,64x0x0,512x32x1x1
cache_k_l18 (view),kernel_set_rows_f16_i64,0.003700,16384x1x1,512x1x1,512x4096x1x1
cache_v_l18 (view),kernel_set_rows_f16_i64,0.003400,16384x1x1,512x1x1,512x4096x1x1
__fattn__-18,flash_attn_f32_f16,1.704600,32x28x0,32x1x0,128x28x32x1
ffn_inp-18,kernel_add,0.026100,2048x1x1,64x1x1,3584x32x1x1
ffn_norm-18,kernel_rms_norm_mul,0.013100,32768x1x1,1024x1x1,3584x32x1x1
l_out-18,kernel_add,0.025200,2048x1x1,64x1x1,3584x32x1x1
attn_norm-19,kernel_rms_norm_mul,0.014200,32768x1x1,1024x1x1,3584x32x1x1
Qcur-19,kernel_add_row,0.010700,28672x0x0,64x0x0,3584x32x1x1
Qcur-19,kernel_rope_neox_f32,0.009400,1792x32x1,64x1x1,128x28x32x1
Kcur-19,kernel_add_row,0.005300,4096x0x0,64x0x0,512x32x1x1
Kcur-19,kernel_rope_neox_f32,0.003200,256x32x1,64x1x1,128x4x32x1
Vcur-19,kernel_add_row,0.003000,4096x0x0,64x0x0,512x32x1x1
cache_k_l19 (view),kernel_set_rows_f16_i64,0.003800,16384x1x1,512x1x1,512x4096x1x1
cache_v_l19 (view),kernel_set_rows_f16_i64,0.003400,16384x1x1,512x1x1,512x4096x1x1
__fattn__-19,flash_attn_f32_f16,1.726500,32x28x0,32x1x0,128x28x32x1
ffn_inp-19,kernel_add,0.024600,2048x1x1,64x1x1,3584x32x1x1
ffn_norm-19,kernel_rms_norm_mul,0.013400,32768x1x1,1024x1x1,3584x32x1x1
l_out-19,kernel_add,0.025200,2048x1x1,64x1x1,3584x32x1x1
attn_norm-20,kernel_rms_norm_mul,0.014300,32768x1x1,1024x1x1,3584x32x1x1
Qcur-20,kernel_add_row,0.010300,28672x0x0,64x0x0,3584x32x1x1
Qcur-20,kernel_rope_neox_f32,0.009300,1792x32x1,64x1x1,128x28x32x1
Kcur-20,kernel_add_row,0.003200,4096x0x0,64x0x0,512x32x1x1
Kcur-20,kernel_rope_neox_f32,0.003300,256x32x1,64x1x1,128x4x32x1
node_692,kernel_mul_mv_q6_K_f32,1.889500,512x2048x1,2x64x1,512x32x1x1
Vcur-20,kernel_add_row,0.002800,4096x0x0,64x0x0,512x32x1x1
cache_k_l20 (view),kernel_set_rows_f16_i64,0.003800,16384x1x1,512x1x1,512x4096x1x1
cache_v_l20 (view),kernel_set_rows_f16_i64,0.003200,16384x1x1,512x1x1,512x4096x1x1
__fattn__-20,flash_attn_f32_f16,1.868900,32x28x0,32x1x0,128x28x32x1
ffn_inp-20,kernel_add,0.027800,2048x1x1,64x1x1,3584x32x1x1
ffn_norm-20,kernel_rms_norm_mul,0.013800,32768x1x1,1024x1x1,3584x32x1x1
ffn_swiglu-20,kernel_swiglu,0.101600,16384x1x1,512x1x1,18944x32x1x1
ffn_out-20,kernel_mul_mv_q6_K_f32,79.231598,3584x2048x1,2x64x1,3584x32x1x1
l_out-20,kernel_add,0.025000,2048x1x1,64x1x1,3584x32x1x1
attn_norm-21,kernel_rms_norm_mul,0.014600,32768x1x1,1024x1x1,3584x32x1x1
Qcur-21,kernel_add_row,0.011000,28672x0x0,64x0x0,3584x32x1x1
Qcur-21,kernel_rope_neox_f32,0.009300,1792x32x1,64x1x1,128x28x32x1
Kcur-21,kernel_add_row,0.005300,4096x0x0,64x0x0,512x32x1x1
Kcur-21,kernel_rope_neox_f32,0.003200,256x32x1,64x1x1,128x4x32x1
Vcur-21,kernel_add_row,0.003200,4096x0x0,64x0x0,512x32x1x1
cache_k_l21 (view),kernel_set_rows_f16_i64,0.003900,16384x1x1,512x1x1,512x4096x1x1
cache_v_l21 (view),kernel_set_rows_f16_i64,0.003400,16384x1x1,512x1x1,512x4096x1x1
__fattn__-21,flash_attn_f32_f16,1.719100,32x28x0,32x1x0,128x28x32x1
ffn_inp-21,kernel_add,0.025400,2048x1x1,64x1x1,3584x32x1x1
ffn_norm-21,kernel_rms_norm_mul,0.013100,32768x1x1,1024x1x1,3584x32x1x1
l_out-21,kernel_add,0.025600,2048x1x1,64x1x1,3584x32x1x1
attn_norm-22,kernel_rms_norm_mul,0.013700,32768x1x1,1024x1x1,3584x32x1x1
Qcur-22,kernel_add_row,0.011300,28672x0x0,64x0x0,3584x32x1x1
Qcur-22,kernel_rope_neox_f32,0.009300,1792x32x1,64x1x1,128x28x32x1
Kcur-22,kernel_add_row,0.005300,4096x0x0,64x0x0,512x32x1x1
Kcur-22,kernel_rope_neox_f32,0.003200,256x32x1,64x1x1,128x4x32x1
Vcur-22,kernel_add_row,0.003000,4096x0x0,64x0x0,512x32x1x1
cache_k_l22 (view),kernel_set_rows_f16_i64,0.003700,16384x1x1,512x1x1,512x4096x1x1
cache_v_l22 (view),kernel_set_rows_f16_i64,0.003200,16384x1x1,512x1x1,512x4096x1x1
__fattn__-22,flash_attn_f32_f16,1.687100,32x28x0,32x1x0,128x28x32x1
ffn_inp-22,kernel_add,0.024200,2048x1x1,64x1x1,3584x32x1x1
ffn_norm-22,kernel_rms_norm_mul,0.013100,32768x1x1,1024x1x1,3584x32x1x1
l_out-22,kernel_add,0.024900,2048x1x1,64x1x1,3584x32x1x1
attn_norm-23,kernel_rms_norm_mul,0.014000,32768x1x1,1024x1x1,3584x32x1x1
Qcur-23,kernel_add_row,0.010300,28672x0x0,64x0x0,3584x32x1x1
Qcur-23,kernel_rope_neox_f32,0.008600,1792x32x1,64x1x1,128x28x32x1
Kcur-23,kernel_add_row,0.003100,4096x0x0,64x0x0,512x32x1x1
Kcur-23,kernel_rope_neox_f32,0.003300,256x32x1,64x1x1,128x4x32x1
node_794,kernel_mul_mv_q6_K_f32,1.893300,512x2048x1,2x64x1,512x32x1x1
Vcur-23,kernel_add_row,0.003000,4096x0x0,64x0x0,512x32x1x1
cache_k_l23 (view),kernel_set_rows_f16_i64,0.003600,16384x1x1,512x1x1,512x4096x1x1
cache_v_l23 (view),kernel_set_rows_f16_i64,0.003300,16384x1x1,512x1x1,512x4096x1x1
__fattn__-23,flash_attn_f32_f16,1.702500,32x28x0,32x1x0,128x28x32x1
ffn_inp-23,kernel_add,0.026500,2048x1x1,64x1x1,3584x32x1x1
ffn_norm-23,kernel_rms_norm_mul,0.013400,32768x1x1,1024x1x1,3584x32x1x1
ffn_swiglu-23,kernel_swiglu,0.099300,16384x1x1,512x1x1,18944x32x1x1
ffn_out-23,kernel_mul_mv_q6_K_f32,79.113197,3584x2048x1,2x64x1,3584x32x1x1
l_out-23,kernel_add,0.024900,2048x1x1,64x1x1,3584x32x1x1
attn_norm-24,kernel_rms_norm_mul,0.014400,32768x1x1,1024x1x1,3584x32x1x1
Qcur-24,kernel_add_row,0.011300,28672x0x0,64x0x0,3584x32x1x1
Qcur-24,kernel_rope_neox_f32,0.008800,1792x32x1,64x1x1,128x28x32x1
Kcur-24,kernel_add_row,0.003400,4096x0x0,64x0x0,512x32x1x1
Kcur-24,kernel_rope_neox_f32,0.003200,256x32x1,64x1x1,128x4x32x1
node_828,kernel_mul_mv_q6_K_f32,1.892900,512x2048x1,2x64x1,512x32x1x1
Vcur-24,kernel_add_row,0.003000,4096x0x0,64x0x0,512x32x1x1
cache_k_l24 (view),kernel_set_rows_f16_i64,0.003700,16384x1x1,512x1x1,512x4096x1x1
cache_v_l24 (view),kernel_set_rows_f16_i64,0.003400,16384x1x1,512x1x1,512x4096x1x1
__fattn__-24,flash_attn_f32_f16,1.726600,32x28x0,32x1x0,128x28x32x1
ffn_inp-24,kernel_add,0.026200,2048x1x1,64x1x1,3584x32x1x1
ffn_norm-24,kernel_rms_norm_mul,0.013200,32768x1x1,1024x1x1,3584x32x1x1
ffn_swiglu-24,kernel_swiglu,0.098900,16384x1x1,512x1x1,18944x32x1x1
ffn_out-24,kernel_mul_mv_q6_K_f32,79.075905,3584x2048x1,2x64x1,3584x32x1x1
l_out-24,kernel_add,0.025300,2048x1x1,64x1x1,3584x32x1x1
attn_norm-25,kernel_rms_norm_mul,0.014700,32768x1x1,1024x1x1,3584x32x1x1
Qcur-25,kernel_add_row,0.011300,28672x0x0,64x0x0,3584x32x1x1
Qcur-25,kernel_rope_neox_f32,0.008900,1792x32x1,64x1x1,128x28x32x1
Kcur-25,kernel_add_row,0.005200,4096x0x0,64x0x0,512x32x1x1
Kcur-25,kernel_rope_neox_f32,0.003200,256x32x1,64x1x1,128x4x32x1
node_862,kernel_mul_mv_q6_K_f32,1.893900,512x2048x1,2x64x1,512x32x1x1
Vcur-25,kernel_add_row,0.003000,4096x0x0,64x0x0,512x32x1x1
cache_k_l25 (view),kernel_set_rows_f16_i64,0.003800,16384x1x1,512x1x1,512x4096x1x1
cache_v_l25 (view),kernel_set_rows_f16_i64,0.003400,16384x1x1,512x1x1,512x4096x1x1
__fattn__-25,flash_attn_f32_f16,1.713200,32x28x0,32x1x0,128x28x32x1
ffn_inp-25,kernel_add,0.026500,2048x1x1,64x1x1,3584x32x1x1
ffn_norm-25,kernel_rms_norm_mul,0.013000,32768x1x1,1024x1x1,3584x32x1x1
ffn_swiglu-25,kernel_swiglu,0.098900,16384x1x1,512x1x1,18944x32x1x1
ffn_out-25,kernel_mul_mv_q6_K_f32,79.001503,3584x2048x1,2x64x1,3584x32x1x1
l_out-25,kernel_add,0.025100,2048x1x1,64x1x1,3584x32x1x1
attn_norm-26,kernel_rms_norm_mul,0.014700,32768x1x1,1024x1x1,3584x32x1x1
Qcur-26,kernel_add_row,0.011900,28672x0x0,64x0x0,3584x32x1x1
Qcur-26,kernel_rope_neox_f32,0.008700,1792x32x1,64x1x1,128x28x32x1
Kcur-26,kernel_add_row,0.005300,4096x0x0,64x0x0,512x32x1x1
Kcur-26,kernel_rope_neox_f32,0.003300,256x32x1,64x1x1,128x4x32x1
node_896,kernel_mul_mv_q6_K_f32,1.891300,512x2048x1,2x64x1,512x32x1x1
Vcur-26,kernel_add_row,0.003100,4096x0x0,64x0x0,512x32x1x1
cache_k_l26 (view),kernel_set_rows_f16_i64,0.003700,16384x1x1,512x1x1,512x4096x1x1
cache_v_l26 (view),kernel_set_rows_f16_i64,0.003600,16384x1x1,512x1x1,512x4096x1x1
__fattn__-26,flash_attn_f32_f16,1.686400,32x28x0,32x1x0,128x28x32x1
ffn_inp-26,kernel_add,0.026500,2048x1x1,64x1x1,3584x32x1x1
ffn_norm-26,kernel_rms_norm_mul,0.013500,32768x1x1,1024x1x1,3584x32x1x1
ffn_swiglu-26,kernel_swiglu,0.099800,16384x1x1,512x1x1,18944x32x1x1
ffn_out-26,kernel_mul_mv_q6_K_f32,79.067802,3584x2048x1,2x64x1,3584x32x1x1
l_out-26,kernel_add,0.024700,2048x1x1,64x1x1,3584x32x1x1
attn_norm-27,kernel_rms_norm_mul,0.014100,32768x1x1,1024x1x1,3584x32x1x1
Qcur-27,kernel_add_row,0.011800,28672x0x0,64x0x0,3584x32x1x1
Qcur-27,kernel_rope_neox_f32,0.008800,1792x32x1,64x1x1,128x28x32x1
Kcur-27,kernel_add_row,0.005100,4096x0x0,64x0x0,512x32x1x1
Kcur-27,kernel_rope_neox_f32,0.003300,256x32x1,64x1x1,128x4x32x1
node_930,kernel_mul_mv_q6_K_f32,1.891100,512x2048x1,2x64x1,512x32x1x1
Vcur-27,kernel_add_row,0.003000,4096x0x0,64x0x0,512x32x1x1
cache_k_l27 (view),kernel_set_rows_f16_i64,0.004000,16384x1x1,512x1x1,512x4096x1x1
cache_v_l27 (view),kernel_set_rows_f16_i64,0.003300,16384x1x1,512x1x1,512x4096x1x1
__fattn__-27,flash_attn_f32_f16,1.694200,32x28x0,32x1x0,128x28x32x1
attn_norm-0,kernel_rms_norm_mul,0.016800,32768x1x1,1024x1x1,3584x32x1x1
Qcur-0,kernel_add_row,0.011600,28672x0x0,64x0x0,3584x32x1x1
Qcur-0,kernel_rope_neox_f32,0.009000,1792x32x1,64x1x1,128x28x32x1
Kcur-0,kernel_add_row,0.003100,4096x0x0,64x0x0,512x32x1x1
Kcur-0,kernel_rope_neox_f32,0.003200,256x32x1,64x1x1,128x4x32x1
node_11,kernel_mul_mv_q6_K_f32,1.892600,512x2048x1,2x64x1,512x32x1x1
Vcur-0,kernel_add_row,0.002700,4096x0x0,64x0x0,512x32x1x1
cache_k_l0 (view),kernel_set_rows_f16_i64,0.003800,16384x1x1,512x1x1,512x4096x1x1
cache_v_l0 (view),kernel_set_rows_f16_i64,0.003300,16384x1x1,512x1x1,512x4096x1x1
 (copy),kernel_cpy_f32_f16,0.003600,4096x1x1,64x1x1,256x64x1x1
__fattn__-0,flash_attn_f32_f16,1.714800,32x28x0,32x1x0,128x28x32x1
ffn_inp-0,kernel_add,0.025700,2048x1x1,64x1x1,3584x32x1x1
ffn_norm-0,kernel_rms_norm_mul,0.013200,32768x1x1,1024x1x1,3584x32x1x1
ffn_swiglu-0,kernel_swiglu,0.102200,16384x1x1,512x1x1,18944x32x1x1
ffn_out-0,kernel_mul_mv_q6_K_f32,80.864403,3584x2048x1,2x64x1,3584x32x1x1
l_out-0,kernel_add,0.025000,2048x1x1,64x1x1,3584x32x1x1
attn_norm-1,kernel_rms_norm_mul,0.014700,32768x1x1,1024x1x1,3584x32x1x1
Qcur-1,kernel_add_row,0.011700,28672x0x0,64x0x0,3584x32x1x1
Qcur-1,kernel_rope_neox_f32,0.008800,1792x32x1,64x1x1,128x28x32x1
Kcur-1,kernel_add_row,0.005200,4096x0x0,64x0x0,512x32x1x1
Kcur-1,kernel_rope_neox_f32,0.003300,256x32x1,64x1x1,128x4x32x1
node_46,kernel_mul_mv_q6_K_f32,1.893200,512x2048x1,2x64x1,512x32x1x1
Vcur-1,kernel_add_row,0.002900,4096x0x0,64x0x0,512x32x1x1
cache_k_l1 (view),kernel_set_rows_f16_i64,0.003800,16384x1x1,512x1x1,512x4096x1x1
cache_v_l1 (view),kernel_set_rows_f16_i64,0.003300,16384x1x1,512x1x1,512x4096x1x1
__fattn__-1,flash_attn_f32_f16,1.701300,32x28x0,32x1x0,128x28x32x1
ffn_inp-1,kernel_add,0.027600,2048x1x1,64x1x1,3584x32x1x1
ffn_norm-1,kernel_rms_norm_mul,0.013800,32768x1x1,1024x1x1,3584x32x1x1
ffn_swiglu-1,kernel_swiglu,0.101200,16384x1x1,512x1x1,18944x32x1x1
ffn_out-1,kernel_mul_mv_q6_K_f32,81.403503,3584x2048x1,2x64x1,3584x32x1x1
l_out-1,kernel_add,0.025300,2048x1x1,64x1x1,3584x32x1x1
attn_norm-2,kernel_rms_norm_mul,0.014700,32768x1x1,1024x1x1,3584x32x1x1
Qcur-2,kernel_add_row,0.011500,28672x0x0,64x0x0,3584x32x1x1
Qcur-2,kernel_rope_neox_f32,0.008600,1792x32x1,64x1x1,128x28x32x1
Kcur-2,kernel_add_row,0.005300,4096x0x0,64x0x0,512x32x1x1
Kcur-2,kernel_rope_neox_f32,0.003200,256x32x1,64x1x1,128x4x32x1
node_80,kernel_mul_mv_q6_K_f32,1.894300,512x2048x1,2x64x1,512x32x1x1
Vcur-2,kernel_add_row,0.003100,4096x0x0,64x0x0,512x32x1x1
cache_k_l2 (view),kernel_set_rows_f16_i64,0.003800,16384x1x1,512x1x1,512x4096x1x1
cache_v_l2 (view),kernel_set_rows_f16_i64,0.003300,16384x1x1,512x1x1,512x4096x1x1
__fattn__-2,flash_attn_f32_f16,1.717200,32x28x0,32x1x0,128x28x32x1
ffn_inp-2,kernel_add,0.025900,2048x1x1,64x1x1,3584x32x1x1
ffn_norm-2,kernel_rms_norm_mul,0.014000,32768x1x1,1024x1x1,3584x32x1x1
ffn_swiglu-2,kernel_swiglu,0.100700,16384x1x1,512x1x1,18944x32x1x1
ffn_out-2,kernel_mul_mv_q6_K_f32,79.333603,3584x2048x1,2x64x1,3584x32x1x1
l_out-2,kernel_add,0.025000,2048x1x1,64x1x1,3584x32x1x1
attn_norm-3,kernel_rms_norm_mul,0.014500,32768x1x1,1024x1x1,3584x32x1x1
Qcur-3,kernel_add_row,0.010700,28672x0x0,64x0x0,3584x32x1x1
Qcur-3,kernel_rope_neox_f32,0.009300,1792x32x1,64x1x1,128x28x32x1
Kcur-3,kernel_add_row,0.005200,4096x0x0,64x0x0,512x32x1x1
Kcur-3,kernel_rope_neox_f32,0.003300,256x32x1,64x1x1,128x4x32x1
Vcur-3,kernel_add_row,0.003200,4096x0x0,64x0x0,512x32x1x1
cache_k_l3 (view),kernel_set_rows_f16_i64,0.003800,16384x1x1,512x1x1,512x4096x1x1
cache_v_l3 (view),kernel_set_rows_f16_i64,0.003400,16384x1x1,512x1x1,512x4096x1x1
__fattn__-3,flash_attn_f32_f16,1.726100,32x28x0,32x1x0,128x28x32x1
ffn_inp-3,kernel_add,0.025200,2048x1x1,64x1x1,3584x32x1x1
ffn_norm-3,kernel_rms_norm_mul,0.013300,32768x1x1,1024x1x1,3584x32x1x1
l_out-3,kernel_add,0.025800,2048x1x1,64x1x1,3584x32x1x1
attn_norm-4,kernel_rms_norm_mul,0.014000,32768x1x1,1024x1x1,3584x32x1x1
Qcur-4,kernel_add_row,0.010900,28672x0x0,64x0x0,3584x32x1x1
Qcur-4,kernel_rope_neox_f32,0.009400,1792x32x1,64x1x1,128x28x32x1
Kcur-4,kernel_add_row,0.005200,4096x0x0,64x0x0,512x32x1x1
Kcur-4,kernel_rope_neox_f32,0.003400,256x32x1,64x1x1,128x4x32x1
Vcur-4,kernel_add_row,0.002900,4096x0x0,64x0x0,512x32x1x1
cache_k_l4 (view),kernel_set_rows_f16_i64,0.003700,16384x1x1,512x1x1,512x4096x1x1
cache_v_l4 (view),kernel_set_rows_f16_i64,0.003400,16384x1x1,512x1x1,512x4096x1x1
__fattn__-4,flash_attn_f32_f16,1.689200,32x28x0,32x1x0,128x28x32x1
ffn_inp-4,kernel_add,0.024400,2048x1x1,64x1x1,3584x32x1x1
ffn_norm-4,kernel_rms_norm_mul,0.013600,32768x1x1,1024x1x1,3584x32x1x1
l_out-4,kernel_add,0.023900,2048x1x1,64x1x1,3584x32x1x1
attn_norm-5,kernel_rms_norm_mul,0.014500,32768x1x1,1024x1x1,3584x32x1x1
Qcur-5,kernel_add_row,0.010300,28672x0x0,64x0x0,3584x32x1x1
Qcur-5,kernel_rope_neox_f32,0.008700,1792x32x1,64x1x1,128x28x32x1
Kcur-5,kernel_add_row,0.003100,4096x0x0,64x0x0,512x32x1x1
Kcur-5,kernel_rope_neox_f32,0.003400,256x32x1,64x1x1,128x4x32x1
node_182,kernel_mul_mv_q6_K_f32,1.891200,512x2048x1,2x64x1,512x32x1x1
Vcur-5,kernel_add_row,0.003100,4096x0x0,64x0x0,512x32x1x1
cache_k_l5 (view),kernel_set_rows_f16_i64,0.003800,16384x1x1,512x1x1,512x4096x1x1
cache_v_l5 (view),kernel_set_rows_f16_i64,0.003300,16384x1x1,512x1x1,512x4096x1x1
__fattn__-5,flash_attn_f32_f16,1.714600,32x28x0,32x1x0,128x28x32x1
ffn_inp-5,kernel_add,0.026400,2048x1x1,64x1x1,3584x32x1x1
ffn_norm-5,kernel_rms_norm_mul,0.013300,32768x1x1,1024x1x1,3584x32x1x1
ffn_swiglu-5,kernel_swiglu,0.098900,16384x1x1,512x1x1,18944x32x1x1
ffn_out-5,kernel_mul_mv_q6_K_f32,79.197197,3584x2048x1,2x64x1,3584x32x1x1
l_out-5,kernel_add,0.025500,2048x1x1,64x1x1,3584x32x1x1
attn_norm-6,kernel_rms_norm_mul,0.014800,32768x1x1,1024x1x1,3584x32x1x1
Qcur-6,kernel_add_row,0.011300,28672x0x0,64x0x0,3584x32x1x1
Qcur-6,kernel_rope_neox_f32,0.009800,1792x32x1,64x1x1,128x28x32x1
Kcur-6,kernel_add_row,0.005300,4096x0x0,64x0x0,512x32x1x1
Kcur-6,kernel_rope_neox_f32,0.003200,256x32x1,64x1x1,128x4x32x1
Vcur-6,kernel_add_row,0.003000,4096x0x0,64x0x0,512x32x1x1
cache_k_l6 (view),kernel_set_rows_f16_i64,0.003700,16384x1x1,512x1x1,512x4096x1x1
cache_v_l6 (view),kernel_set_rows_f16_i64,0.003500,16384x1x1,512x1x1,512x4096x1x1
__fattn__-6,flash_attn_f32_f16,1.720100,32x28x0,32x1x0,128x28x32x1
ffn_inp-6,kernel_add,0.024600,2048x1x1,64x1x1,3584x32x1x1
ffn_norm-6,kernel_rms_norm_mul,0.013300,32768x1x1,1024x1x1,3584x32x1x1
l_out-6,kernel_add,0.026100,2048x1x1,64x1x1,3584x32x1x1
attn_norm-7,kernel_rms_norm_mul,0.014700,32768x1x1,1024x1x1,3584x32x1x1
Qcur-7,kernel_add_row,0.011200,28672x0x0,64x0x0,3584x32x1x1
Qcur-7,kernel_rope_neox_f32,0.009200,1792x32x1,64x1x1,128x28x32x1
Kcur-7,kernel_add_row,0.005000,4096x0x0,64x0x0,512x32x1x1
Kcur-7,kernel_rope_neox_f32,0.003200,256x32x1,64x1x1,128x4x32x1
Vcur-7,kernel_add_row,0.003000,4096x0x0,64x0x0,512x32x1x1
cache_k_l7 (view),kernel_set_rows_f16_i64,0.004000,16384x1x1,512x1x1,512x4096x1x1
cache_v_l7 (view),kernel_set_rows_f16_i64,0.003200,16384x1x1,512x1x1,512x4096x1x1
__fattn__-7,flash_attn_f32_f16,1.706100,32x28x0,32x1x0,128x28x32x1
ffn_inp-7,kernel_add,0.023700,2048x1x1,64x1x1,3584x32x1x1
ffn_norm-7,kernel_rms_norm_mul,0.013000,32768x1x1,1024x1x1,3584x32x1x1
l_out-7,kernel_add,0.024000,2048x1x1,64x1x1,3584x32x1x1
attn_norm-8,kernel_rms_norm_mul,0.014000,32768x1x1,1024x1x1,3584x32x1x1
Qcur-8,kernel_add_row,0.010400,28672x0x0,64x0x0,3584x32x1x1
Qcur-8,kernel_rope_neox_f32,0.008700,1792x32x1,64x1x1,128x28x32x1
Kcur-8,kernel_add_row,0.003100,4096x0x0,64x0x0,512x32x1x1
Kcur-8,kernel_rope_neox_f32,0.003200,256x32x1,64x1x1,128x4x32x1
node_284,kernel_mul_mv_q6_K_f32,1.890600,512x2048x1,2x64x1,512x32x1x1
Vcur-8,kernel_add_row,0.003000,4096x0x0,64x0x0,512x32x1x1
cache_k_l8 (view),kernel_set_rows_f16_i64,0.003800,16384x1x1,512x1x1,512x4096x1x1
cache_v_l8 (view),kernel_set_rows_f16_i64,0.003400,16384x1x1,512x1x1,512x4096x1x1
__fattn__-8,flash_attn_f32_f16,1.726700,32x28x0,32x1x0,128x28x32x1
ffn_inp-8,kernel_add,0.026500,2048x1x1,64x1x1,3584x32x1x1
ffn_norm-8,kernel_rms_norm_mul,0.013500,32768x1x1,1024x1x1,3584x32x1x1
ffn_swiglu-8,kernel_swiglu,0.100600,16384x1x1,512x1x1,18944x32x1x1
ffn_out-8,kernel_mul_mv_q6_K_f32,79.205101,3584x2048x1,2x64x1,3584x32x1x1
l_out-8,kernel_add,0.025400,2048x1x1,64x1x1,3584x32x1x1
attn_norm-9,kernel_rms_norm_mul,0.014400,32768x1x1,1024x1x1,3584x32x1x1
Qcur-9,kernel_add_row,0.011400,28672x0x0,64x0x0,3584x32x1x1
Qcur-9,kernel_rope_neox_f32,0.009600,1792x32x1,64x1x1,128x28x32x1
Kcur-9,kernel_add_row,0.005400,4096x0x0,64x0x0,512x32x1x1
Kcur-9,kernel_rope_neox_f32,0.003100,256x32x1,64x1x1,128x4x32x1
Vcur-9,kernel_add_row,0.003000,4096x0x0,64x0x0,512x32x1x1
cache_k_l9 (view),kernel_set_rows_f16_i64,0.003700,16384x1x1,512x1x1,512x4096x1x1
cache_v_l9 (view),kernel_set_rows_f16_i64,0.003400,16384x1x1,512x1x1,512x4096x1x1
__fattn__-9,flash_attn_f32_f16,1.711100,32x28x0,32x1x0,128x28x32x1
ffn_inp-9,kernel_add,0.025500,2048x1x1,64x1x1,3584x32x1x1
ffn_norm-9,kernel_rms_norm_mul,0.013800,32768x1x1,1024x1x1,3584x32x1x1
l_out-9,kernel_add,0.025800,2048x1x1,64x1x1,3584x32x1x1
attn_norm-10,kernel_rms_norm_mul,0.015200,32768x1x1,1024x1x1,3584x32x1x1
Qcur-10,kernel_add_row,0.010900,28672x0x0,64x0x0,3584x32x1x1
Qcur-10,kernel_rope_neox_f32,0.009300,1792x32x1,64x1x1,128x28x32x1
Kcur-10,kernel_add_row,0.005000,4096x0x0,64x0x0,512x32x1x1
Kcur-10,kernel_rope_neox_f32,0.003300,256x32x1,64x1x1,128x4x32x1
Vcur-10,kernel_add_row,0.003100,4096x0x0,64x0x0,512x32x1x1
cache_k_l10 (view),kernel_set_rows_f16_i64,0.004000,16384x1x1,512x1x1,512x4096x1x1
cache_v_l10 (view),kernel_set_rows_f16_i64,0.003300,16384x1x1,512x1x1,512x4096x1x1
__fattn__-10,flash_attn_f32_f16,1.720100,32x28x0,32x1x0,128x28x32x1
ffn_inp-10,kernel_add,0.024400,2048x1x1,64x1x1,3584x32x1x1
ffn_norm-10,kernel_rms_norm_mul,0.013100,32768x1x1,1024x1x1,3584x32x1x1
l_out-10,kernel_add,0.023800,2048x1x1,64x1x1,3584x32x1x1
attn_norm-11,kernel_rms_norm_mul,0.014100,32768x1x1,1024x1x1,3584x32x1x1
Qcur-11,kernel_add_row,0.010200,28672x0x0,64x0x0,3584x32x1x1
Qcur-11,kernel_rope_neox_f32,0.008700,1792x32x1,64x1x1,128x28x32x1
Kcur-11,kernel_add_row,0.003100,4096x0x0,64x0x0,512x32x1x1
Kcur-11,kernel_rope_neox_f32,0.003100,256x32x1,64x1x1,128x4x32x1
node_386,kernel_mul_mv_q6_K_f32,1.891500,512x2048x1,2x64x1,512x32x1x1
Vcur-11,kernel_add_row,0.003000,4096x0x0,64x0x0,512x32x1x1
cache_k_l11 (view),kernel_set_rows_f16_i64,0.003600,16384x1x1,512x1x1,512x4096x1x1
cache_v_l11 (view),kernel_set_rows_f16_i64,0.003200,16384x1x1,512x1x1,512x4096x1x1
__fattn__-11,flash_attn_f32_f16,1.680300,32x28x0,32x1x0,128x28x32x1
ffn_inp-11,kernel_add,0.027100,2048x1x1,64x1x1,3584x32x1x1
ffn_norm-11,kernel_rms_norm_mul,0.013200,32768x1x1,1024x1x1,3584x32x1x1
ffn_swiglu-11,kernel_swiglu,0.101300,16384x1x1,512x1x1,18944x32x1x1
ffn_out-11,kernel_mul_mv_q6_K_f32,79.213402,3584x2048x1,2x64x1,3584x32x1x1
l_out-11,kernel_add,0.025000,2048x1x1,64x1x1,3584x32x1x1
attn_norm-12,kernel_rms_norm_mul,0.014700,32768x1x1,1024x1x1,3584x32x1x1
Qcur-12,kernel_add_row,0.011100,28672x0x0,64x0x0,3584x32x1x1
Qcur-12,kernel_rope_neox_f32,0.009900,1792x32x1,64x1x1,128x28x32x1
Kcur-12,kernel_add_row,0.005400,4096x0x0,64x0x0,512x32x1x1
Kcur-12,kernel_rope_neox_f32,0.003300,256x32x1,64x1x1,128x4x32x1
Vcur-12,kernel_add_row,0.003200,4096x0x0,64x0x0,512x32x1x1
cache_k_l12 (view),kernel_set_rows_f16_i64,0.003700,16384x1x1,512x1x1,512x4096x1x1
cache_v_l12 (view),kernel_set_rows_f16_i64,0.003400,16384x1x1,512x1x1,512x4096x1x1
__fattn__-12,flash_attn_f32_f16,1.702300,32x28x0,32x1x0,128x28x32x1
ffn_inp-12,kernel_add,0.024500,2048x1x1,64x1x1,3584x32x1x1
ffn_norm-12,kernel_rms_norm_mul,0.014000,32768x1x1,1024x1x1,3584x32x1x1
l_out-12,kernel_add,0.026100,2048x1x1,64x1x1,3584x32x1x1
attn_norm-13,kernel_rms_norm_mul,0.014400,32768x1x1,1024x1x1,3584x32x1x1
Qcur-13,kernel_add_row,0.010900,28672x0x0,64x0x0,3584x32x1x1
Qcur-13,kernel_rope_neox_f32,0.009100,1792x32x1,64x1x1,128x28x32x1
Kcur-13,kernel_add_row,0.005300,4096x0x0,64x0x0,512x32x1x1
Kcur-13,kernel_rope_neox_f32,0.003200,256x32x1,64x1x1,128x4x32x1
Vcur-13,kernel_add_row,0.003000,4096x0x0,64x0x0,512x32x1x1
cache_k_l13 (view),kernel_set_rows_f16_i64,0.004000,16384x1x1,512x1x1,512x4096x1x1
cache_v_l13 (view),kernel_set_rows_f16_i64,0.003300,16384x1x1,512x1x1,512x4096x1x1
__fattn__-13,flash_attn_f32_f16,1.713600,32x28x0,32x1x0,128x28x32x1
ffn_inp-13,kernel_add,0.023700,2048x1x1,64x1x1,3584x32x1x1
ffn_norm-13,kernel_rms_norm_mul,0.013100,32768x1x1,1024x1x1,3584x32x1x1
l_out-13,kernel_add,0.024300,2048x1x1,64x1x1,3584x32x1x1
attn_norm-14,kernel_rms_norm_mul,0.014300,32768x1x1,1024x1x1,3584x32x1x1
Qcur-14,kernel_add_row,0.010300,28672x0x0,64x0x0,3584x32x1x1
Qcur-14,kernel_rope_neox_f32,0.008800,1792x32x1,64x1x1,128x28x32x1
Kcur-14,kernel_add_row,0.003100,4096x0x0,64x0x0,512x32x1x1
Kcur-14,kernel_rope_neox_f32,0.003300,256x32x1,64x1x1,128x4x32x1
node_488,kernel_mul_mv_q6_K_f32,1.890500,512x2048x1,2x64x1,512x32x1x1
Vcur-14,kernel_add_row,0.003000,4096x0x0,64x0x0,512x32x1x1
cache_k_l14 (view),kernel_set_rows_f16_i64,0.003700,16384x1x1,512x1x1,512x4096x1x1
cache_v_l14 (view),kernel_set_rows_f16_i64,0.003300,16384x1x1,512x1x1,512x4096x1x1
__fattn__-14,flash_attn_f32_f16,1.739700,32x28x0,32x1x0,128x28x32x1
ffn_inp-14,kernel_add,0.026900,2048x1x1,64x1x1,3584x32x1x1
ffn_norm-14,kernel_rms_norm_mul,0.013500,32768x1x1,1024x1x1,3584x32x1x1
ffn_swiglu-14,kernel_swiglu,0.100200,16384x1x1,512x1x1,18944x32x1x1
ffn_out-14,kernel_mul_mv_q6_K_f32,79.235504,3584x2048x1,2x64x1,3584x32x1x1
l_out-14,kernel_add,0.024900,2048x1x1,64x1x1,3584x32x1x1
attn_norm-15,kernel_rms_norm_mul,0.014900,32768x1x1,1024x1x1,3584x32x1x1
Qcur-15,kernel_add_row,0.011000,28672x0x0,64x0x0,3584x32x1x1
Qcur-15,kernel_rope_neox_f32,0.009500,1792x32x1,64x1x1,128x28x32x1
Kcur-15,kernel_add_row,0.005300,4096x0x0,64x0x0,512x32x1x1
Kcur-15,kernel_rope_neox_f32,0.003300,256x32x1,64x1x1,128x4x32x1
Vcur-15,kernel_add_row,0.003000,4096x0x0,64x0x0,512x32x1x1
cache_k_l15 (view),kernel_set_rows_f16_i64,0.003800,16384x1x1,512x1x1,512x4096x1x1
cache_v_l15 (view),kernel_set_rows_f16_i64,0.003300,16384x1x1,512x1x1,512x4096x1x1
__fattn__-15,flash_attn_f32_f16,1.737100,32x28x0,32x1x0,128x28x32x1
ffn_inp-15,kernel_add,0.024800,2048x1x1,64x1x1,3584x32x1x1
ffn_norm-15,kernel_rms_norm_mul,0.013600,32768x1x1,1024x1x1,3584x32x1x1
l_out-15,kernel_add,0.026200,2048x1x1,64x1x1,3584x32x1x1
attn_norm-16,kernel_rms_norm_mul,0.014100,32768x1x1,1024x1x1,3584x32x1x1
Qcur-16,kernel_add_row,0.011000,28672x0x0,64x0x0,3584x32x1x1
Qcur-16,kernel_rope_neox_f32,0.009300,1792x32x1,64x1x1,128x28x32x1
Kcur-16,kernel_add_row,0.005200,4096x0x0,64x0x0,512x32x1x1
Kcur-16,kernel_rope_neox_f32,0.003200,256x32x1,64x1x1,128x4x32x1
Vcur-16,kernel_add_row,0.003000,4096x0x0,64x0x0,512x32x1x1
cache_k_l16 (view),kernel_set_rows_f16_i64,0.003700,16384x1x1,512x1x1,512x4096x1x1
cache_v_l16 (view),kernel_set_rows_f16_i64,0.003400,16384x1x1,512x1x1,512x4096x1x1
__fattn__-16,flash_attn_f32_f16,1.703800,32x28x0,32x1x0,128x28x32x1
ffn_inp-16,kernel_add,0.024200,2048x1x1,64x1x1,3584x32x1x1
ffn_norm-16,kernel_rms_norm_mul,0.013200,32768x1x1,1024x1x1,3584x32x1x1
l_out-16,kernel_add,0.024400,2048x1x1,64x1x1,3584x32x1x1
attn_norm-17,kernel_rms_norm_mul,0.014400,32768x1x1,1024x1x1,3584x32x1x1
Qcur-17,kernel_add_row,0.010400,28672x0x0,64x0x0,3584x32x1x1
Qcur-17,kernel_rope_neox_f32,0.008600,1792x32x1,64x1x1,128x28x32x1
Kcur-17,kernel_add_row,0.003100,4096x0x0,64x0x0,512x32x1x1
Kcur-17,kernel_rope_neox_f32,0.003200,256x32x1,64x1x1,128x4x32x1
node_590,kernel_mul_mv_q6_K_f32,1.894600,512x2048x1,2x64x1,512x32x1x1
Vcur-17,kernel_add_row,0.002900,4096x0x0,64x0x0,512x32x1x1
cache_k_l17 (view),kernel_set_rows_f16_i64,0.003700,16384x1x1,512x1x1,512x4096x1x1
cache_v_l17 (view),kernel_set_rows_f16_i64,0.003300,16384x1x1,512x1x1,512x4096x1x1
__fattn__-17,flash_attn_f32_f16,1.731800,32x28x0,32x1x0,128x28x32x1
ffn_inp-17,kernel_add,0.026400,2048x1x1,64x1x1,3584x32x1x1
ffn_norm-17,kernel_rms_norm_mul,0.013400,32768x1x1,1024x1x1,3584x32x1x1
ffn_swiglu-17,kernel_swiglu,0.100400,16384x1x1,512x1x1,18944x32x1x1
ffn_out-17,kernel_mul_mv_q6_K_f32,79.254303,3584x2048x1,2x64x1,3584x32x1x1
l_out-17,kernel_add,0.025700,2048x1x1,64x1x1,3584x32x1x1
attn_norm-18,kernel_rms_norm_mul,0.014700,32768x1x1,1024x1x1,3584x32x1x1
Qcur-18,kernel_add_row,0.011800,28672x0x0,64x0x0,3584x32x1x1
Qcur-18,kernel_rope_neox_f32,0.010500,1792x32x1,64x1x1,128x28x32x1
Kcur-18,kernel_add_row,0.005300,4096x0x0,64x0x0,512x32x1x1
Kcur-18,kernel_rope_neox_f32,0.003300,256x32x1,64x1x1,128x4x32x1
Vcur-18,kernel_add_row,0.003000,4096x0x0,64x0x0,512x32x1x1
cache_k_l18 (view),kernel_set_rows_f16_i64,0.003700,16384x1x1,512x1x1,512x4096x1x1
cache_v_l18 (view),kernel_set_rows_f16_i64,0.003300,16384x1x1,512x1x1,512x4096x1x1
__fattn__-18,flash_attn_f32_f16,1.679800,32x28x0,32x1x0,128x28x32x1
ffn_inp-18,kernel_add,0.025400,2048x1x1,64x1x1,3584x32x1x1
ffn_norm-18,kernel_rms_norm_mul,0.013200,32768x1x1,1024x1x1,3584x32x1x1
l_out-18,kernel_add,0.025700,2048x1x1,64x1x1,3584x32x1x1
attn_norm-19,kernel_rms_norm_mul,0.014000,32768x1x1,1024x1x1,3584x32x1x1
Qcur-19,kernel_add_row,0.011100,28672x0x0,64x0x0,3584x32x1x1
Qcur-19,kernel_rope_neox_f32,0.009400,1792x32x1,64x1x1,128x28x32x1
Kcur-19,kernel_add_row,0.005100,4096x0x0,64x0x0,512x32x1x1
Kcur-19,kernel_rope_neox_f32,0.003300,256x32x1,64x1x1,128x4x32x1
Vcur-19,kernel_add_row,0.003100,4096x0x0,64x0x0,512x32x1x1
cache_k_l19 (view),kernel_set_rows_f16_i64,0.003700,16384x1x1,512x1x1,512x4096x1x1
cache_v_l19 (view),kernel_set_rows_f16_i64,0.003200,16384x1x1,512x1x1,512x4096x1x1
__fattn__-19,flash_attn_f32_f16,1.733000,32x28x0,32x1x0,128x28x32x1
ffn_inp-19,kernel_add,0.024500,2048x1x1,64x1x1,3584x32x1x1
ffn_norm-19,kernel_rms_norm_mul,0.013400,32768x1x1,1024x1x1,3584x32x1x1
l_out-19,kernel_add,0.024600,2048x1x1,64x1x1,3584x32x1x1
attn_norm-20,kernel_rms_norm_mul,0.014100,32768x1x1,1024x1x1,3584x32x1x1
Qcur-20,kernel_add_row,0.010100,28672x0x0,64x0x0,3584x32x1x1
Qcur-20,kernel_rope_neox_f32,0.008600,1792x32x1,64x1x1,128x28x32x1
Kcur-20,kernel_add_row,0.003000,4096x0x0,64x0x0,512x32x1x1
Kcur-20,kernel_rope_neox_f32,0.003200,256x32x1,64x1x1,128x4x32x1
node_692,kernel_mul_mv_q6_K_f32,1.893200,512x2048x1,2x64x1,512x32x1x1
Vcur-20,kernel_add_row,0.003000,4096x0x0,64x0x0,512x32x1x1
cache_k_l20 (view),kernel_set_rows_f16_i64,0.003700,16384x1x1,512x1x1,512x4096x1x1
cache_v_l20 (view),kernel_set_rows_f16_i64,0.003200,16384x1x1,512x1x1,512x4096x1x1
__fattn__-20,flash_attn_f32_f16,1.696800,32x28x0,32x1x0,128x28x32x1
ffn_inp-20,kernel_add,0.026800,2048x1x1,64x1x1,3584x32x1x1
ffn_norm-20,kernel_rms_norm_mul,0.013100,32768x1x1,1024x1x1,3584x32x1x1
ffn_swiglu-20,kernel_swiglu,0.101100,16384x1x1,512x1x1,18944x32x1x1
ffn_out-20,kernel_mul_mv_q6_K_f32,79.209297,3584x2048x1,2x64x1,3584x32x1x1
l_out-20,kernel_add,0.024900,2048x1x1,64x1x1,3584x32x1x1
attn_norm-21,kernel_rms_norm_mul,0.014900,32768x1x1,1024x1x1,3584x32x1x1
Qcur-21,kernel_add_row,0.011700,28672x0x0,64x0x0,3584x32x1x1
Qcur-21,kernel_rope_neox_f32,0.008800,1792x32x1,64x1x1,128x28x32x1
Kcur-21,kernel_add_row,0.005500,4096x0x0,64x0x0,512x32x1x1
Kcur-21,kernel_rope_neox_f32,0.003100,256x32x1,64x1x1,128x4x32x1
Vcur-21,kernel_add_row,0.005000,4096x0x0,64x0x0,512x32x1x1
cache_k_l21 (view),kernel_set_rows_f16_i64,0.003700,16384x1x1,512x1x1,512x4096x1x1
cache_v_l21 (view),kernel_set_rows_f16_i64,0.003400,16384x1x1,512x1x1,512x4096x1x1
__fattn__-21,flash_attn_f32_f16,1.707300,32x28x0,32x1x0,128x28x32x1
ffn_inp-21,kernel_add,0.026100,2048x1x1,64x1x1,3584x32x1x1
ffn_norm-21,kernel_rms_norm_mul,0.013100,32768x1x1,1024x1x1,3584x32x1x1
l_out-21,kernel_add,0.027200,2048x1x1,64x1x1,3584x32x1x1
attn_norm-22,kernel_rms_norm_mul,0.014700,32768x1x1,1024x1x1,3584x32x1x1
Qcur-22,kernel_add_row,0.011100,28672x0x0,64x0x0,3584x32x1x1
Qcur-22,kernel_rope_neox_f32,0.009200,1792x32x1,64x1x1,128x28x32x1
Kcur-22,kernel_add_row,0.005600,4096x0x0,64x0x0,512x32x1x1
Kcur-22,kernel_rope_neox_f32,0.003200,256x32x1,64x1x1,128x4x32x1
Vcur-22,kernel_add_row,0.003000,4096x0x0,64x0x0,512x32x1x1
cache_k_l22 (view),kernel_set_rows_f16_i64,0.004100,16384x1x1,512x1x1,512x4096x1x1
cache_v_l22 (view),kernel_set_rows_f16_i64,0.003400,16384x1x1,512x1x1,512x4096x1x1
__fattn__-22,flash_attn_f32_f16,1.675500,32x28x0,32x1x0,128x28x32x1
ffn_inp-22,kernel_add,0.023700,2048x1x1,64x1x1,3584x32x1x1
ffn_norm-22,kernel_rms_norm_mul,0.013700,32768x1x1,1024x1x1,3584x32x1x1
l_out-22,kernel_add,0.026100,2048x1x1,64x1x1,3584x32x1x1
attn_norm-23,kernel_rms_norm_mul,0.014600,32768x1x1,1024x1x1,3584x32x1x1
Qcur-23,kernel_add_row,0.010100,28672x0x0,64x0x0,3584x32x1x1
Qcur-23,kernel_rope_neox_f32,0.008700,1792x32x1,64x1x1,128x28x32x1
Kcur-23,kernel_add_row,0.003000,4096x0x0,64x0x0,512x32x1x1
Kcur-23,kernel_rope_neox_f32,0.003100,256x32x1,64x1x1,128x4x32x1
node_794,kernel_mul_mv_q6_K_f32,1.891300,512x2048x1,2x64x1,512x32x1x1
Vcur-23,kernel_add_row,0.003100,4096x0x0,64x0x0,512x32x1x1
cache_k_l23 (view),kernel_set_rows_f16_i64,0.003700,16384x1x1,512x1x1,512x4096x1x1
cache_v_l23 (view),kernel_set_rows_f16_i64,0.003200,16384x1x1,512x1x1,512x4096x1x1
__fattn__-23,flash_attn_f32_f16,1.704800,32x28x0,32x1x0,128x28x32x1
ffn_inp-23,kernel_add,0.027000,2048x1x1,64x1x1,3584x32x1x1
ffn_norm-23,kernel_rms_norm_mul,0.013100,32768x1x1,1024x1x1,3584x32x1x1
ffn_swiglu-23,kernel_swiglu,0.100900,16384x1x1,512x1x1,18944x32x1x1
ffn_out-23,kernel_mul_mv_q6_K_f32,79.404404,3584x2048x1,2x64x1,3584x32x1x1
l_out-23,kernel_add,0.025800,2048x1x1,64x1x1,3584x32x1x1
attn_norm-24,kernel_rms_norm_mul,0.014300,32768x1x1,1024x1x1,3584x32x1x1
Qcur-24,kernel_add_row,0.012200,28672x0x0,64x0x0,3584x32x1x1
Qcur-24,kernel_rope_neox_f32,0.009000,1792x32x1,64x1x1,128x28x32x1
Kcur-24,kernel_add_row,0.005200,4096x0x0,64x0x0,512x32x1x1
Kcur-24,kernel_rope_neox_f32,0.003300,256x32x1,64x1x1,128x4x32x1
node_828,kernel_mul_mv_q6_K_f32,1.892600,512x2048x1,2x64x1,512x32x1x1
Vcur-24,kernel_add_row,0.003000,4096x0x0,64x0x0,512x32x1x1
cache_k_l24 (view),kernel_set_rows_f16_i64,0.003600,16384x1x1,512x1x1,512x4096x1x1
cache_v_l24 (view),kernel_set_rows_f16_i64,0.003300,16384x1x1,512x1x1,512x4096x1x1
__fattn__-24,flash_attn_f32_f16,1.723500,32x28x0,32x1x0,128x28x32x1
ffn_inp-24,kernel_add,0.026300,2048x1x1,64x1x1,3584x32x1x1
ffn_norm-24,kernel_rms_norm_mul,0.013500,32768x1x1,1024x1x1,3584x32x1x1
ffn_swiglu-24,kernel_swiglu,0.099100,16384x1x1,512x1x1,18944x32x1x1
ffn_out-24,kernel_mul_mv_q6_K_f32,79.070892,3584x2048x1,2x64x1,3584x32x1x1
l_out-24,kernel_add,0.024900,2048x1x1,64x1x1,3584x32x1x1
attn_norm-25,kernel_rms_norm_mul,0.014700,32768x1x1,1024x1x1,3584x32x1x1
Qcur-25,kernel_add_row,0.011100,28672x0x0,64x0x0,3584x32x1x1
Qcur-25,kernel_rope_neox_f32,0.008700,1792x32x1,64x1x1,128x28x32x1
Kcur-25,kernel_add_row,0.005200,4096x0x0,64x0x0,512x32x1x1
Kcur-25,kernel_rope_neox_f32,0.003300,256x32x1,64x1x1,128x4x32x1
node_862,kernel_mul_mv_q6_K_f32,1.897700,512x2048x1,2x64x1,512x32x1x1
Vcur-25,kernel_add_row,0.002700,4096x0x0,64x0x0,512x32x1x1
cache_k_l25 (view),kernel_set_rows_f16_i64,0.003700,16384x1x1,512x1x1,512x4096x1x1
cache_v_l25 (view),kernel_set_rows_f16_i64,0.003500,16384x1x1,512x1x1,512x4096x1x1
__fattn__-25,flash_attn_f32_f16,1.709700,32x28x0,32x1x0,128x28x32x1
ffn_inp-25,kernel_add,0.027100,2048x1x1,64x1x1,3584x32x1x1
ffn_norm-25,kernel_rms_norm_mul,0.013100,32768x1x1,1024x1x1,3584x32x1x1
ffn_swiglu-25,kernel_swiglu,0.101700,16384x1x1,512x1x1,18944x32x1x1
ffn_out-25,kernel_mul_mv_q6_K_f32,79.042000,3584x2048x1,2x64x1,3584x32x1x1
l_out-25,kernel_add,0.025400,2048x1x1,64x1x1,3584x32x1x1
attn_norm-26,kernel_rms_norm_mul,0.014400,32768x1x1,1024x1x1,3584x32x1x1
Qcur-26,kernel_add_row,0.011700,28672x0x0,64x0x0,3584x32x1x1
Qcur-26,kernel_rope_neox_f32,0.008900,1792x32x1,64x1x1,128x28x32x1
Kcur-26,kernel_add_row,0.005200,4096x0x0,64x0x0,512x32x1x1
Kcur-26,kernel_rope_neox_f32,0.003400,256x32x1,64x1x1,128x4x32x1
node_896,kernel_mul_mv_q6_K_f32,1.891100,512x2048x1,2x64x1,512x32x1x1
Vcur-26,kernel_add_row,0.003000,4096x0x0,64x0x0,512x32x1x1
cache_k_l26 (view),kernel_set_rows_f16_i64,0.003700,16384x1x1,512x1x1,512x4096x1x1
cache_v_l26 (view),kernel_set_rows_f16_i64,0.003300,16384x1x1,512x1x1,512x4096x1x1
__fattn__-26,flash_attn_f32_f16,1.707800,32x28x0,32x1x0,128x28x32x1
ffn_inp-26,kernel_add,0.027100,2048x1x1,64x1x1,3584x32x1x1
ffn_norm-26,kernel_rms_norm_mul,0.013900,32768x1x1,1024x1x1,3584x32x1x1
ffn_swiglu-26,kernel_swiglu,0.099600,16384x1x1,512x1x1,18944x32x1x1
ffn_out-26,kernel_mul_mv_q6_K_f32,79.143906,3584x2048x1,2x64x1,3584x32x1x1
l_out-26,kernel_add,0.025500,2048x1x1,64x1x1,3584x32x1x1
attn_norm-27,kernel_rms_norm_mul,0.014600,32768x1x1,1024x1x1,3584x32x1x1
Qcur-27,kernel_add_row,0.012700,28672x0x0,64x0x0,3584x32x1x1
Qcur-27,kernel_rope_neox_f32,0.008800,1792x32x1,64x1x1,128x28x32x1
Kcur-27,kernel_add_row,0.005100,4096x0x0,64x0x0,512x32x1x1
Kcur-27,kernel_rope_neox_f32,0.003300,256x32x1,64x1x1,128x4x32x1
node_930,kernel_mul_mv_q6_K_f32,1.898400,512x2048x1,2x64x1,512x32x1x1
Vcur-27,kernel_add_row,0.003000,4096x0x0,64x0x0,512x32x1x1
cache_k_l27 (view),kernel_set_rows_f16_i64,0.003700,16384x1x1,512x1x1,512x4096x1x1
cache_v_l27 (view),kernel_set_rows_f16_i64,0.003300,16384x1x1,512x1x1,512x4096x1x1
__fattn__-27,flash_attn_f32_f16,1.714000,32x28x0,32x1x0,128x28x32x1
attn_norm-0,kernel_rms_norm_mul,0.016900,32768x1x1,1024x1x1,3584x32x1x1
Qcur-0,kernel_add_row,0.011800,28672x0x0,64x0x0,3584x32x1x1
Qcur-0,kernel_rope_neox_f32,0.009100,1792x32x1,64x1x1,128x28x32x1
Kcur-0,kernel_add_row,0.003100,4096x0x0,64x0x0,512x32x1x1
Kcur-0,kernel_rope_neox_f32,0.003200,256x32x1,64x1x1,128x4x32x1
node_11,kernel_mul_mv_q6_K_f32,1.893000,512x2048x1,2x64x1,512x32x1x1
Vcur-0,kernel_add_row,0.002900,4096x0x0,64x0x0,512x32x1x1
cache_k_l0 (view),kernel_set_rows_f16_i64,0.003700,16384x1x1,512x1x1,512x4096x1x1
cache_v_l0 (view),kernel_set_rows_f16_i64,0.003300,16384x1x1,512x1x1,512x4096x1x1
 (copy),kernel_cpy_f32_f16,0.003700,4096x1x1,64x1x1,256x64x1x1
__fattn__-0,flash_attn_f32_f16,1.697700,32x28x0,32x1x0,128x28x32x1
ffn_inp-0,kernel_add,0.025800,2048x1x1,64x1x1,3584x32x1x1
ffn_norm-0,kernel_rms_norm_mul,0.013300,32768x1x1,1024x1x1,3584x32x1x1
ffn_swiglu-0,kernel_swiglu,0.103100,16384x1x1,512x1x1,18944x32x1x1
ffn_out-0,kernel_mul_mv_q6_K_f32,81.132095,3584x2048x1,2x64x1,3584x32x1x1
l_out-0,kernel_add,0.025300,2048x1x1,64x1x1,3584x32x1x1
attn_norm-1,kernel_rms_norm_mul,0.014500,32768x1x1,1024x1x1,3584x32x1x1
Qcur-1,kernel_add_row,0.011800,28672x0x0,64x0x0,3584x32x1x1
Qcur-1,kernel_rope_neox_f32,0.008800,1792x32x1,64x1x1,128x28x32x1
Kcur-1,kernel_add_row,0.005400,4096x0x0,64x0x0,512x32x1x1
Kcur-1,kernel_rope_neox_f32,0.003200,256x32x1,64x1x1,128x4x32x1
node_46,kernel_mul_mv_q6_K_f32,1.894300,512x2048x1,2x64x1,512x32x1x1
Vcur-1,kernel_add_row,0.002700,4096x0x0,64x0x0,512x32x1x1
cache_k_l1 (view),kernel_set_rows_f16_i64,0.003700,16384x1x1,512x1x1,512x4096x1x1
cache_v_l1 (view),kernel_set_rows_f16_i64,0.003400,16384x1x1,512x1x1,512x4096x1x1
__fattn__-1,flash_attn_f32_f16,1.676900,32x28x0,32x1x0,128x28x32x1
ffn_inp-1,kernel_add,0.026900,2048x1x1,64x1x1,3584x32x1x1
ffn_norm-1,kernel_rms_norm_mul,0.013700,32768x1x1,1024x1x1,3584x32x1x1
ffn_swiglu-1,kernel_swiglu,0.100000,16384x1x1,512x1x1,18944x32x1x1
ffn_out-1,kernel_mul_mv_q6_K_f32,81.128601,3584x2048x1,2x64x1,3584x32x1x1
l_out-1,kernel_add,0.025600,2048x1x1,64x1x1,3584x32x1x1
attn_norm-2,kernel_rms_norm_mul,0.014300,32768x1x1,1024x1x1,3584x32x1x1
Qcur-2,kernel_add_row,0.011600,28672x0x0,64x0x0,3584x32x1x1
Qcur-2,kernel_rope_neox_f32,0.009100,1792x32x1,64x1x1,128x28x32x1
Kcur-2,kernel_add_row,0.005200,4096x0x0,64x0x0,512x32x1x1
Kcur-2,kernel_rope_neox_f32,0.003300,256x32x1,64x1x1,128x4x32x1
node_80,kernel_mul_mv_q6_K_f32,1.894200,512x2048x1,2x64x1,512x32x1x1
Vcur-2,kernel_add_row,0.003000,4096x0x0,64x0x0,512x32x1x1
cache_k_l2 (view),kernel_set_rows_f16_i64,0.003700,16384x1x1,512x1x1,512x4096x1x1
cache_v_l2 (view),kernel_set_rows_f16_i64,0.003500,16384x1x1,512x1x1,512x4096x1x1
__fattn__-2,flash_attn_f32_f16,1.705700,32x28x0,32x1x0,128x28x32x1
ffn_inp-2,kernel_add,0.027000,2048x1x1,64x1x1,3584x32x1x1
ffn_norm-2,kernel_rms_norm_mul,0.013300,32768x1x1,1024x1x1,3584x32x1x1
ffn_swiglu-2,kernel_swiglu,0.100600,16384x1x1,512x1x1,18944x32x1x1
ffn_out-2,kernel_mul_mv_q6_K_f32,79.277802,3584x2048x1,2x64x1,3584x32x1x1
l_out-2,kernel_add,0.025600,2048x1x1,64x1x1,3584x32x1x1
attn_norm-3,kernel_rms_norm_mul,0.014300,32768x1x1,1024x1x1,3584x32x1x1
Qcur-3,kernel_add_row,0.011400,28672x0x0,64x0x0,3584x32x1x1
Qcur-3,kernel_rope_neox_f32,0.009500,1792x32x1,64x1x1,128x28x32x1
Kcur-3,kernel_add_row,0.005400,4096x0x0,64x0x0,512x32x1x1
Kcur-3,kernel_rope_neox_f32,0.003200,256x32x1,64x1x1,128x4x32x1
Vcur-3,kernel_add_row,0.003000,4096x0x0,64x0x0,512x32x1x1
cache_k_l3 (view),kernel_set_rows_f16_i64,0.003700,16384x1x1,512x1x1,512x4096x1x1
cache_v_l3 (view),kernel_set_rows_f16_i64,0.003400,16384x1x1,512x1x1,512x4096x1x1
__fattn__-3,flash_attn_f32_f16,1.677100,32x28x0,32x1x0,128x28x32x1
ffn_inp-3,kernel_add,0.025900,2048x1x1,64x1x1,3584x32x1x1
ffn_norm-3,kernel_rms_norm_mul,0.013700,32768x1x1,1024x1x1,3584x32x1x1
l_out-3,kernel_add,0.026000,2048x1x1,64x1x1,3584x32x1x1
attn_norm-4,kernel_rms_norm_mul,0.014200,32768x1x1,1024x1x1,3584x32x1x1
Qcur-4,kernel_add_row,0.011000,28672x0x0,64x0x0,3584x32x1x1
Qcur-4,kernel_rope_neox_f32,0.009100,1792x32x1,64x1x1,128x28x32x1
Kcur-4,kernel_add_row,0.005100,4096x0x0,64x0x0,512x32x1x1
Kcur-4,kernel_rope_neox_f32,0.003200,256x32x1,64x1x1,128x4x32x1
Vcur-4,kernel_add_row,0.003100,4096x0x0,64x0x0,512x32x1x1
cache_k_l4 (view),kernel_set_rows_f16_i64,0.003700,16384x1x1,512x1x1,512x4096x1x1
cache_v_l4 (view),kernel_set_rows_f16_i64,0.003300,16384x1x1,512x1x1,512x4096x1x1
__fattn__-4,flash_attn_f32_f16,1.712100,32x28x0,32x1x0,128x28x32x1
ffn_inp-4,kernel_add,0.024400,2048x1x1,64x1x1,3584x32x1x1
ffn_norm-4,kernel_rms_norm_mul,0.013100,32768x1x1,1024x1x1,3584x32x1x1
l_out-4,kernel_add,0.025200,2048x1x1,64x1x1,3584x32x1x1
attn_norm-5,kernel_rms_norm_mul,0.014400,32768x1x1,1024x1x1,3584x32x1x1
Qcur-5,kernel_add_row,0.010600,28672x0x0,64x0x0,3584x32x1x1
Qcur-5,kernel_rope_neox_f32,0.008800,1792x32x1,64x1x1,128x28x32x1
Kcur-5,kernel_add_row,0.003200,4096x0x0,64x0x0,512x32x1x1
Kcur-5,kernel_rope_neox_f32,0.003200,256x32x1,64x1x1,128x4x32x1
node_182,kernel_mul_mv_q6_K_f32,1.892100,512x2048x1,2x64x1,512x32x1x1
Vcur-5,kernel_add_row,0.003000,4096x0x0,64x0x0,512x32x1x1
cache_k_l5 (view),kernel_set_rows_f16_i64,0.003700,16384x1x1,512x1x1,512x4096x1x1
cache_v_l5 (view),kernel_set_rows_f16_i64,0.003300,16384x1x1,512x1x1,512x4096x1x1
__fattn__-5,flash_attn_f32_f16,1.697600,32x28x0,32x1x0,128x28x32x1
ffn_inp-5,kernel_add,0.026100,2048x1x1,64x1x1,3584x32x1x1
ffn_norm-5,kernel_rms_norm_mul,0.013300,32768x1x1,1024x1x1,3584x32x1x1
ffn_swiglu-5,kernel_swiglu,0.102000,16384x1x1,512x1x1,18944x32x1x1
ffn_out-5,kernel_mul_mv_q6_K_f32,79.138496,3584x2048x1,2x64x1,3584x32x1x1
l_out-5,kernel_add,0.024900,2048x1x1,64x1x1,3584x32x1x1
attn_norm-6,kernel_rms_norm_mul,0.014700,32768x1x1,1024x1x1,3584x32x1x1
Qcur-6,kernel_add_row,0.011600,28672x0x0,64x0x0,3584x32x1x1
Qcur-6,kernel_rope_neox_f32,0.009900,1792x32x1,64x1x1,128x28x32x1
Kcur-6,kernel_add_row,0.005300,4096x0x0,64x0x0,512x32x1x1
Kcur-6,kernel_rope_neox_f32,0.003300,256x32x1,64x1x1,128x4x32x1
Vcur-6,kernel_add_row,0.002900,4096x0x0,64x0x0,512x32x1x1
cache_k_l6 (view),kernel_set_rows_f16_i64,0.003700,16384x1x1,512x1x1,512x4096x1x1
cache_v_l6 (view),kernel_set_rows_f16_i64,0.003500,16384x1x1,512x1x1,512x4096x1x1
__fattn__-6,flash_attn_f32_f16,1.703400,32x28x0,32x1x0,128x28x32x1
ffn_inp-6,kernel_add,0.025100,2048x1x1,64x1x1,3584x32x1x1
ffn_norm-6,kernel_rms_norm_mul,0.013600,32768x1x1,1024x1x1,3584x32x1x1
l_out-6,kernel_add,0.025200,2048x1x1,64x1x1,3584x32x1x1
attn_norm-7,kernel_rms_norm_mul,0.014400,32768x1x1,1024x1x1,3584x32x1x1
Qcur-7,kernel_add_row,0.010800,28672x0x0,64x0x0,3584x32x1x1
Qcur-7,kernel_rope_neox_f32,0.009200,1792x32x1,64x1x1,128x28x32x1
Kcur-7,kernel_add_row,0.005100,4096x0x0,64x0x0,512x32x1x1
Kcur-7,kernel_rope_neox_f32,0.003300,256x32x1,64x1x1,128x4x32x1
Vcur-7,kernel_add_row,0.003000,4096x0x0,64x0x0,512x32x1x1
cache_k_l7 (view),kernel_set_rows_f16_i64,0.003700,16384x1x1,512x1x1,512x4096x1x1
cache_v_l7 (view),kernel_set_rows_f16_i64,0.003300,16384x1x1,512x1x1,512x4096x1x1
__fattn__-7,flash_attn_f32_f16,1.717000,32x28x0,32x1x0,128x28x32x1
ffn_inp-7,kernel_add,0.024700,2048x1x1,64x1x1,3584x32x1x1
ffn_norm-7,kernel_rms_norm_mul,0.012900,32768x1x1,1024x1x1,3584x32x1x1
l_out-7,kernel_add,0.024700,2048x1x1,64x1x1,3584x32x1x1
attn_norm-8,kernel_rms_norm_mul,0.014100,32768x1x1,1024x1x1,3584x32x1x1
Qcur-8,kernel_add_row,0.010300,28672x0x0,64x0x0,3584x32x1x1
Qcur-8,kernel_rope_neox_f32,0.008900,1792x32x1,64x1x1,128x28x32x1
Kcur-8,kernel_add_row,0.003100,4096x0x0,64x0x0,512x32x1x1
Kcur-8,kernel_rope_neox_f32,0.003200,256x32x1,64x1x1,128x4x32x1
node_284,kernel_mul_mv_q6_K_f32,1.891800,512x2048x1,2x64x1,512x32x1x1
Vcur-8,kernel_add_row,0.002900,4096x0x0,64x0x0,512x32x1x1
cache_k_l8 (view),kernel_set_rows_f16_i64,0.003700,16384x1x1,512x1x1,512x4096x1x1
cache_v_l8 (view),kernel_set_rows_f16_i64,0.003300,16384x1x1,512x1x1,512x4096x1x1
__fattn__-8,flash_attn_f32_f16,1.674800,32x28x0,32x1x0,128x28x32x1
ffn_inp-8,kernel_add,0.026600,2048x1x1,64x1x1,3584x32x1x1
ffn_norm-8,kernel_rms_norm_mul,0.013400,32768x1x1,1024x1x1,3584x32x1x1
ffn_swiglu-8,kernel_swiglu,0.099300,16384x1x1,512x1x1,18944x32x1x1
ffn_out-8,kernel_mul_mv_q6_K_f32,79.203201,3584x2048x1,2x64x1,3584x32x1x1
l_out-8,kernel_add,0.025400,2048x1x1,64x1x1,3584x32x1x1
attn_norm-9,kernel_rms_norm_mul,0.014500,32768x1x1,1024x1x1,3584x32x1x1
Qcur-9,kernel_add_row,0.011600,28672x0x0,64x0x0,3584x32x1x1
Qcur-9,kernel_rope_neox_f32,0.010400,1792x32x1,64x1x1,128x28x32x1
Kcur-9,kernel_add_row,0.005400,4096x0x0,64x0x0,512x32x1x1
Kcur-9,kernel_rope_neox_f32,0.003200,256x32x1,64x1x1,128x4x32x1
Vcur-9,kernel_add_row,0.005200,4096x0x0,64x0x0,512x32x1x1
cache_k_l9 (view),kernel_set_rows_f16_i64,0.003800,16384x1x1,512x1x1,512x4096x1x1
cache_v_l9 (view),kernel_set_rows_f16_i64,0.003300,16384x1x1,512x1x1,512x4096x1x1
__fattn__-9,flash_attn_f32_f16,1.693600,32x28x0,32x1x0,128x28x32x1
ffn_inp-9,kernel_add,0.024700,2048x1x1,64x1x1,3584x32x1x1
ffn_norm-9,kernel_rms_norm_mul,0.013000,32768x1x1,1024x1x1,3584x32x1x1
l_out-9,kernel_add,0.025900,2048x1x1,64x1x1,3584x32x1x1
attn_norm-10,kernel_rms_norm_mul,0.014200,32768x1x1,1024x1x1,3584x32x1x1
Qcur-10,kernel_add_row,0.010800,28672x0x0,64x0x0,3584x32x1x1
Qcur-10,kernel_rope_neox_f32,0.009300,1792x32x1,64x1x1,128x28x32x1
Kcur-10,kernel_add_row,0.005300,4096x0x0,64x0x0,512x32x1x1
Kcur-10,kernel_rope_neox_f32,0.003300,256x32x1,64x1x1,128x4x32x1
Vcur-10,kernel_add_row,0.003000,4096x0x0,64x0x0,512x32x1x1
cache_k_l10 (view),kernel_set_rows_f16_i64,0.004000,16384x1x1,512x1x1,512x4096x1x1
cache_v_l10 (view),kernel_set_rows_f16_i64,0.003200,16384x1x1,512x1x1,512x4096x1x1
__fattn__-10,flash_attn_f32_f16,1.701800,32x28x0,32x1x0,128x28x32x1
ffn_inp-10,kernel_add,0.023900,2048x1x1,64x1x1,3584x32x1x1
ffn_norm-10,kernel_rms_norm_mul,0.013300,32768x1x1,1024x1x1,3584x32x1x1
l_out-10,kernel_add,0.024700,2048x1x1,64x1x1,3584x32x1x1
attn_norm-11,kernel_rms_norm_mul,0.013800,32768x1x1,1024x1x1,3584x32x1x1
Qcur-11,kernel_add_row,0.010100,28672x0x0,64x0x0,3584x32x1x1
Qcur-11,kernel_rope_neox_f32,0.008900,1792x32x1,64x1x1,128x28x32x1
Kcur-11,kernel_add_row,0.003100,4096x0x0,64x0x0,512x32x1x1
Kcur-11,kernel_rope_neox_f32,0.003200,256x32x1,64x1x1,128x4x32x1
node_386,kernel_mul_mv_q6_K_f32,1.893000,512x2048x1,2x64x1,512x32x1x1
Vcur-11,kernel_add_row,0.003000,4096x0x0,64x0x0,512x32x1x1
cache_k_l11 (view),kernel_set_rows_f16_i64,0.003700,16384x1x1,512x1x1,512x4096x1x1
cache_v_l11 (view),kernel_set_rows_f16_i64,0.003200,16384x1x1,512x1x1,512x4096x1x1
__fattn__-11,flash_attn_f32_f16,1.714700,32x28x0,32x1x0,128x28x32x1
ffn_inp-11,kernel_add,0.026900,2048x1x1,64x1x1,3584x32x1x1
ffn_norm-11,kernel_rms_norm_mul,0.013600,32768x1x1,1024x1x1,3584x32x1x1
ffn_swiglu-11,kernel_swiglu,0.099900,16384x1x1,512x1x1,18944x32x1x1
ffn_out-11,kernel_mul_mv_q6_K_f32,79.176094,3584x2048x1,2x64x1,3584x32x1x1
l_out-11,kernel_add,0.025500,2048x1x1,64x1x1,3584x32x1x1
attn_norm-12,kernel_rms_norm_mul,0.014100,32768x1x1,1024x1x1,3584x32x1x1
Qcur-12,kernel_add_row,0.011100,28672x0x0,64x0x0,3584x32x1x1
Qcur-12,kernel_rope_neox_f32,0.009900,1792x32x1,64x1x1,128x28x32x1
Kcur-12,kernel_add_row,0.005300,4096x0x0,64x0x0,512x32x1x1
Kcur-12,kernel_rope_neox_f32,0.003400,256x32x1,64x1x1,128x4x32x1
Vcur-12,kernel_add_row,0.003000,4096x0x0,64x0x0,512x32x1x1
cache_k_l12 (view),kernel_set_rows_f16_i64,0.003800,16384x1x1,512x1x1,512x4096x1x1
cache_v_l12 (view),kernel_set_rows_f16_i64,0.003400,16384x1x1,512x1x1,512x4096x1x1
__fattn__-12,flash_attn_f32_f16,1.698100,32x28x0,32x1x0,128x28x32x1
ffn_inp-12,kernel_add,0.025000,2048x1x1,64x1x1,3584x32x1x1
ffn_norm-12,kernel_rms_norm_mul,0.013200,32768x1x1,1024x1x1,3584x32x1x1
l_out-12,kernel_add,0.025500,2048x1x1,64x1x1,3584x32x1x1
attn_norm-13,kernel_rms_norm_mul,0.014100,32768x1x1,1024x1x1,3584x32x1x1
Qcur-13,kernel_add_row,0.011000,28672x0x0,64x0x0,3584x32x1x1
Qcur-13,kernel_rope_neox_f32,0.009400,1792x32x1,64x1x1,128x28x32x1
Kcur-13,kernel_add_row,0.005100,4096x0x0,64x0x0,512x32x1x1
Kcur-13,kernel_rope_neox_f32,0.003300,256x32x1,64x1x1,128x4x32x1
Vcur-13,kernel_add_row,0.003000,4096x0x0,64x0x0,512x32x1x1
cache_k_l13 (view),kernel_set_rows_f16_i64,0.003800,16384x1x1,512x1x1,512x4096x1x1
cache_v_l13 (view),kernel_set_rows_f16_i64,0.003300,16384x1x1,512x1x1,512x4096x1x1
__fattn__-13,flash_attn_f32_f16,1.682500,32x28x0,32x1x0,128x28x32x1
ffn_inp-13,kernel_add,0.024400,2048x1x1,64x1x1,3584x32x1x1
ffn_norm-13,kernel_rms_norm_mul,0.013200,32768x1x1,1024x1x1,3584x32x1x1
l_out-13,kernel_add,0.024700,2048x1x1,64x1x1,3584x32x1x1
attn_norm-14,kernel_rms_norm_mul,0.013900,32768x1x1,1024x1x1,3584x32x1x1
Qcur-14,kernel_add_row,0.010400,28672x0x0,64x0x0,3584x32x1x1
Qcur-14,kernel_rope_neox_f32,0.008700,1792x32x1,64x1x1,128x28x32x1
Kcur-14,kernel_add_row,0.003000,4096x0x0,64x0x0,512x32x1x1
Kcur-14,kernel_rope_neox_f32,0.003400,256x32x1,64x1x1,128x4x32x1
node_488,kernel_mul_mv_q6_K_f32,1.889000,512x2048x1,2x64x1,512x32x1x1
Vcur-14,kernel_add_row,0.002900,4096x0x0,64x0x0,512x32x1x1
cache_k_l14 (view),kernel_set_rows_f16_i64,0.003800,16384x1x1,512x1x1,512x4096x1x1
cache_v_l14 (view),kernel_set_rows_f16_i64,0.003300,16384x1x1,512x1x1,512x4096x1x1
__fattn__-14,flash_attn_f32_f16,1.711400,32x28x0,32x1x0,128x28x32x1
ffn_inp-14,kernel_add,0.026500,2048x1x1,64x1x1,3584x32x1x1
ffn_norm-14,kernel_rms_norm_mul,0.013500,32768x1x1,1024x1x1,3584x32x1x1
ffn_swiglu-14,kernel_swiglu,0.102800,16384x1x1,512x1x1,18944x32x1x1
ffn_out-14,kernel_mul_mv_q6_K_f32,79.215797,3584x2048x1,2x64x1,3584x32x1x1
l_out-14,kernel_add,0.025500,2048x1x1,64x1x1,3584x32x1x1
attn_norm-15,kernel_rms_norm_mul,0.014300,32768x1x1,1024x1x1,3584x32x1x1
Qcur-15,kernel_add_row,0.011200,28672x0x0,64x0x0,3584x32x1x1
Qcur-15,kernel_rope_neox_f32,0.009700,1792x32x1,64x1x1,128x28x32x1
Kcur-15,kernel_add_row,0.005300,4096x0x0,64x0x0,512x32x1x1
Kcur-15,kernel_rope_neox_f32,0.003200,256x32x1,64x1x1,128x4x32x1
Vcur-15,kernel_add_row,0.003100,4096x0x0,64x0x0,512x32x1x1
cache_k_l15 (view),kernel_set_rows_f16_i64,0.003800,16384x1x1,512x1x1,512x4096x1x1
cache_v_l15 (view),kernel_set_rows_f16_i64,0.003400,16384x1x1,512x1x1,512x4096x1x1
__fattn__-15,flash_attn_f32_f16,1.738400,32x28x0,32x1x0,128x28x32x1
ffn_inp-15,kernel_add,0.025500,2048x1x1,64x1x1,3584x32x1x1
ffn_norm-15,kernel_rms_norm_mul,0.013100,32768x1x1,1024x1x1,3584x32x1x1
l_out-15,kernel_add,0.026400,2048x1x1,64x1x1,3584x32x1x1
attn_norm-16,kernel_rms_norm_mul,0.014800,32768x1x1,1024x1x1,3584x32x1x1
Qcur-16,kernel_add_row,0.011700,28672x0x0,64x0x0,3584x32x1x1
Qcur-16,kernel_rope_neox_f32,0.009400,1792x32x1,64x1x1,128x28x32x1
Kcur-16,kernel_add_row,0.005400,4096x0x0,64x0x0,512x32x1x1
Kcur-16,kernel_rope_neox_f32,0.003200,256x32x1,64x1x1,128x4x32x1
Vcur-16,kernel_add_row,0.003000,4096x0x0,64x0x0,512x32x1x1
cache_k_l16 (view),kernel_set_rows_f16_i64,0.004100,16384x1x1,512x1x1,512x4096x1x1
cache_v_l16 (view),kernel_set_rows_f16_i64,0.003300,16384x1x1,512x1x1,512x4096x1x1
__fattn__-16,flash_attn_f32_f16,1.708000,32x28x0,32x1x0,128x28x32x1
ffn_inp-16,kernel_add,0.024200,2048x1x1,64x1x1,3584x32x1x1
ffn_norm-16,kernel_rms_norm_mul,0.013700,32768x1x1,1024x1x1,3584x32x1x1
l_out-16,kernel_add,0.026000,2048x1x1,64x1x1,3584x32x1x1
attn_norm-17,kernel_rms_norm_mul,0.013400,32768x1x1,1024x1x1,3584x32x1x1
Qcur-17,kernel_add_row,0.010400,28672x0x0,64x0x0,3584x32x1x1
Qcur-17,kernel_rope_neox_f32,0.008700,1792x32x1,64x1x1,128x28x32x1
Kcur-17,kernel_add_row,0.003100,4096x0x0,64x0x0,512x32x1x1
Kcur-17,kernel_rope_neox_f32,0.003200,256x32x1,64x1x1,128x4x32x1
node_590,kernel_mul_mv_q6_K_f32,1.889400,512x2048x1,2x64x1,512x32x1x1
Vcur-17,kernel_add_row,0.003000,4096x0x0,64x0x0,512x32x1x1
cache_k_l17 (view),kernel_set_rows_f16_i64,0.003700,16384x1x1,512x1x1,512x4096x1x1
cache_v_l17 (view),kernel_set_rows_f16_i64,0.003400,16384x1x1,512x1x1,512x4096x1x1
__fattn__-17,flash_attn_f32_f16,1.703200,32x28x0,32x1x0,128x28x32x1
ffn_inp-17,kernel_add,0.026600,2048x1x1,64x1x1,3584x32x1x1
ffn_norm-17,kernel_rms_norm_mul,0.013400,32768x1x1,1024x1x1,3584x32x1x1
ffn_swiglu-17,kernel_swiglu,0.099100,16384x1x1,512x1x1,18944x32x1x1
ffn_out-17,kernel_mul_mv_q6_K_f32,79.206001,3584x2048x1,2x64x1,3584x32x1x1
l_out-17,kernel_add,0.025300,2048x1x1,64x1x1,3584x32x1x1
attn_norm-18,kernel_rms_norm_mul,0.014600,32768x1x1,1024x1x1,3584x32x1x1
Qcur-18,kernel_add_row,0.011700,28672x0x0,64x0x0,3584x32x1x1
Qcur-18,kernel_rope_neox_f32,0.010300,1792x32x1,64x1x1,128x28x32x1
Kcur-18,kernel_add_row,0.005300,4096x0x0,64x0x0,512x32x1x1
Kcur-18,kernel_rope_neox_f32,0.003200,256x32x1,64x1x1,128x4x32x1
Vcur-18,kernel_add_row,0.003100,4096x0x0,64x0x0,512x32x1x1
cache_k_l18 (view),kernel_set_rows_f16_i64,0.003600,16384x1x1,512x1x1,512x4096x1x1
cache_v_l18 (view),kernel_set_rows_f16_i64,0.003500,16384x1x1,512x1x1,512x4096x1x1
__fattn__-18,flash_attn_f32_f16,1.708100,32x28x0,32x1x0,128x28x32x1
ffn_inp-18,kernel_add,0.025100,2048x1x1,64x1x1,3584x32x1x1
ffn_norm-18,kernel_rms_norm_mul,0.013700,32768x1x1,1024x1x1,3584x32x1x1
l_out-18,kernel_add,0.025600,2048x1x1,64x1x1,3584x32x1x1
attn_norm-19,kernel_rms_norm_mul,0.014800,32768x1x1,1024x1x1,3584x32x1x1
Qcur-19,kernel_add_row,0.011100,28672x0x0,64x0x0,3584x32x1x1
Qcur-19,kernel_rope_neox_f32,0.009100,1792x32x1,64x1x1,128x28x32x1
Kcur-19,kernel_add_row,0.005100,4096x0x0,64x0x0,512x32x1x1
Kcur-19,kernel_rope_neox_f32,0.003200,256x32x1,64x1x1,128x4x32x1
Vcur-19,kernel_add_row,0.003000,4096x0x0,64x0x0,512x32x1x1
cache_k_l19 (view),kernel_set_rows_f16_i64,0.004000,16384x1x1,512x1x1,512x4096x1x1
cache_v_l19 (view),kernel_set_rows_f16_i64,0.003400,16384x1x1,512x1x1,512x4096x1x1
__fattn__-19,flash_attn_f32_f16,1.714200,32x28x0,32x1x0,128x28x32x1
ffn_inp-19,kernel_add,0.023800,2048x1x1,64x1x1,3584x32x1x1
ffn_norm-19,kernel_rms_norm_mul,0.012900,32768x1x1,1024x1x1,3584x32x1x1
l_out-19,kernel_add,0.024800,2048x1x1,64x1x1,3584x32x1x1
attn_norm-20,kernel_rms_norm_mul,0.014700,32768x1x1,1024x1x1,3584x32x1x1
Qcur-20,kernel_add_row,0.010400,28672x0x0,64x0x0,3584x32x1x1
Qcur-20,kernel_rope_neox_f32,0.008600,1792x32x1,64x1x1,128x28x32x1
Kcur-20,kernel_add_row,0.003100,4096x0x0,64x0x0,512x32x1x1
Kcur-20,kernel_rope_neox_f32,0.003300,256x32x1,64x1x1,128x4x32x1
node_692,kernel_mul_mv_q6_K_f32,1.893600,512x2048x1,2x64x1,512x32x1x1
Vcur-20,kernel_add_row,0.002600,4096x0x0,64x0x0,512x32x1x1
cache_k_l20 (view),kernel_set_rows_f16_i64,0.003700,16384x1x1,512x1x1,512x4096x1x1
cache_v_l20 (view),kernel_set_rows_f16_i64,0.003300,16384x1x1,512x1x1,512x4096x1x1
__fattn__-20,flash_attn_f32_f16,1.708100,32x28x0,32x1x0,128x28x32x1
ffn_inp-20,kernel_add,0.026500,2048x1x1,64x1x1,3584x32x1x1
ffn_norm-20,kernel_rms_norm_mul,0.013500,32768x1x1,1024x1x1,3584x32x1x1
ffn_swiglu-20,kernel_swiglu,0.100700,16384x1x1,512x1x1,18944x32x1x1
ffn_out-20,kernel_mul_mv_q6_K_f32,79.161697,3584x2048x1,2x64x1,3584x32x1x1
l_out-20,kernel_add,0.025500,2048x1x1,64x1x1,3584x32x1x1
attn_norm-21,kernel_rms_norm_mul,0.014600,32768x1x1,1024x1x1,3584x32x1x1
Qcur-21,kernel_add_row,0.011000,28672x0x0,64x0x0,3584x32x1x1
Qcur-21,kernel_rope_neox_f32,0.009600,1792x32x1,64x1x1,128x28x32x1
Kcur-21,kernel_add_row,0.005500,4096x0x0,64x0x0,512x32x1x1
Kcur-21,kernel_rope_neox_f32,0.003200,256x32x1,64x1x1,128x4x32x1
Vcur-21,kernel_add_row,0.003100,4096x0x0,64x0x0,512x32x1x1
cache_k_l21 (view),kernel_set_rows_f16_i64,0.003800,16384x1x1,512x1x1,512x4096x1x1
cache_v_l21 (view),kernel_set_rows_f16_i64,0.003200,16384x1x1,512x1x1,512x4096x1x1
__fattn__-21,flash_attn_f32_f16,1.686300,32x28x0,32x1x0,128x28x32x1
ffn_inp-21,kernel_add,0.024800,2048x1x1,64x1x1,3584x32x1x1
ffn_norm-21,kernel_rms_norm_mul,0.013800,32768x1x1,1024x1x1,3584x32x1x1
l_out-21,kernel_add,0.025500,2048x1x1,64x1x1,3584x32x1x1
attn_norm-22,kernel_rms_norm_mul,0.014300,32768x1x1,1024x1x1,3584x32x1x1
Qcur-22,kernel_add_row,0.011000,28672x0x0,64x0x0,3584x32x1x1
Qcur-22,kernel_rope_neox_f32,0.009100,1792x32x1,64x1x1,128x28x32x1
Kcur-22,kernel_add_row,0.005100,4096x0x0,64x0x0,512x32x1x1
Kcur-22,kernel_rope_neox_f32,0.003300,256x32x1,64x1x1,128x4x32x1
Vcur-22,kernel_add_row,0.002900,4096x0x0,64x0x0,512x32x1x1
cache_k_l22 (view),kernel_set_rows_f16_i64,0.003700,16384x1x1,512x1x1,512x4096x1x1
cache_v_l22 (view),kernel_set_rows_f16_i64,0.003400,16384x1x1,512x1x1,512x4096x1x1
__fattn__-22,flash_attn_f32_f16,1.698900,32x28x0,32x1x0,128x28x32x1
ffn_inp-22,kernel_add,0.024600,2048x1x1,64x1x1,3584x32x1x1
ffn_norm-22,kernel_rms_norm_mul,0.012900,32768x1x1,1024x1x1,3584x32x1x1
l_out-22,kernel_add,0.024600,2048x1x1,64x1x1,3584x32x1x1
attn_norm-23,kernel_rms_norm_mul,0.014000,32768x1x1,1024x1x1,3584x32x1x1
Qcur-23,kernel_add_row,0.010300,28672x0x0,64x0x0,3584x32x1x1
Qcur-23,kernel_rope_neox_f32,0.008600,1792x32x1,64x1x1,128x28x32x1
Kcur-23,kernel_add_row,0.003100,4096x0x0,64x0x0,512x32x1x1
Kcur-23,kernel_rope_neox_f32,0.003200,256x32x1,64x1x1,128x4x32x1
node_794,kernel_mul_mv_q6_K_f32,1.890100,512x2048x1,2x64x1,512x32x1x1
Vcur-23,kernel_add_row,0.003200,4096x0x0,64x0x0,512x32x1x1
cache_k_l23 (view),kernel_set_rows_f16_i64,0.003700,16384x1x1,512x1x1,512x4096x1x1
cache_v_l23 (view),kernel_set_rows_f16_i64,0.003400,16384x1x1,512x1x1,512x4096x1x1
__fattn__-23,flash_attn_f32_f16,1.718500,32x28x0,32x1x0,128x28x32x1
ffn_inp-23,kernel_add,0.027100,2048x1x1,64x1x1,3584x32x1x1
ffn_norm-23,kernel_rms_norm_mul,0.013900,32768x1x1,1024x1x1,3584x32x1x1
ffn_swiglu-23,kernel_swiglu,0.099400,16384x1x1,512x1x1,18944x32x1x1
ffn_out-23,kernel_mul_mv_q6_K_f32,79.178307,3584x2048x1,2x64x1,3584x32x1x1
l_out-23,kernel_add,0.025300,2048x1x1,64x1x1,3584x32x1x1
attn_norm-24,kernel_rms_norm_mul,0.014500,32768x1x1,1024x1x1,3584x32x1x1
Qcur-24,kernel_add_row,0.011300,28672x0x0,64x0x0,3584x32x1x1
Qcur-24,kernel_rope_neox_f32,0.009200,1792x32x1,64x1x1,128x28x32x1
Kcur-24,kernel_add_row,0.005400,4096x0x0,64x0x0,512x32x1x1
Kcur-24,kernel_rope_neox_f32,0.003300,256x32x1,64x1x1,128x4x32x1
node_828,kernel_mul_mv_q6_K_f32,1.891600,512x2048x1,2x64x1,512x32x1x1
Vcur-24,kernel_add_row,0.003000,4096x0x0,64x0x0,512x32x1x1
cache_k_l24 (view),kernel_set_rows_f16_i64,0.003800,16384x1x1,512x1x1,512x4096x1x1
cache_v_l24 (view),kernel_set_rows_f16_i64,0.003400,16384x1x1,512x1x1,512x4096x1x1
__fattn__-24,flash_attn_f32_f16,1.680000,32x28x0,32x1x0,128x28x32x1
ffn_inp-24,kernel_add,0.026200,2048x1x1,64x1x1,3584x32x1x1
ffn_norm-24,kernel_rms_norm_mul,0.013900,32768x1x1,1024x1x1,3584x32x1x1
ffn_swiglu-24,kernel_swiglu,0.099900,16384x1x1,512x1x1,18944x32x1x1
ffn_out-24,kernel_mul_mv_q6_K_f32,78.973999,3584x2048x1,2x64x1,3584x32x1x1
l_out-24,kernel_add,0.025300,2048x1x1,64x1x1,3584x32x1x1
attn_norm-25,kernel_rms_norm_mul,0.014100,32768x1x1,1024x1x1,3584x32x1x1
Qcur-25,kernel_add_row,0.011700,28672x0x0,64x0x0,3584x32x1x1
Qcur-25,kernel_rope_neox_f32,0.008800,1792x32x1,64x1x1,128x28x32x1
Kcur-25,kernel_add_row,0.005200,4096x0x0,64x0x0,512x32x1x1
Kcur-25,kernel_rope_neox_f32,0.003300,256x32x1,64x1x1,128x4x32x1
node_862,kernel_mul_mv_q6_K_f32,1.893100,512x2048x1,2x64x1,512x32x1x1
Vcur-25,kernel_add_row,0.003100,4096x0x0,64x0x0,512x32x1x1
cache_k_l25 (view),kernel_set_rows_f16_i64,0.003700,16384x1x1,512x1x1,512x4096x1x1
cache_v_l25 (view),kernel_set_rows_f16_i64,0.003300,16384x1x1,512x1x1,512x4096x1x1
__fattn__-25,flash_attn_f32_f16,1.693100,32x28x0,32x1x0,128x28x32x1
ffn_inp-25,kernel_add,0.027200,2048x1x1,64x1x1,3584x32x1x1
ffn_norm-25,kernel_rms_norm_mul,0.013300,32768x1x1,1024x1x1,3584x32x1x1
ffn_swiglu-25,kernel_swiglu,0.101600,16384x1x1,512x1x1,18944x32x1x1
ffn_out-25,kernel_mul_mv_q6_K_f32,79.060402,3584x2048x1,2x64x1,3584x32x1x1
l_out-25,kernel_add,0.025300,2048x1x1,64x1x1,3584x32x1x1
attn_norm-26,kernel_rms_norm_mul,0.014700,32768x1x1,1024x1x1,3584x32x1x1
Qcur-26,kernel_add_row,0.011800,28672x0x0,64x0x0,3584x32x1x1
Qcur-26,kernel_rope_neox_f32,0.008700,1792x32x1,64x1x1,128x28x32x1
Kcur-26,kernel_add_row,0.005200,4096x0x0,64x0x0,512x32x1x1
Kcur-26,kernel_rope_neox_f32,0.003300,256x32x1,64x1x1,128x4x32x1
node_896,kernel_mul_mv_q6_K_f32,1.893600,512x2048x1,2x64x1,512x32x1x1
Vcur-26,kernel_add_row,0.003000,4096x0x0,64x0x0,512x32x1x1
cache_k_l26 (view),kernel_set_rows_f16_i64,0.003800,16384x1x1,512x1x1,512x4096x1x1
cache_v_l26 (view),kernel_set_rows_f16_i64,0.003300,16384x1x1,512x1x1,512x4096x1x1
__fattn__-26,flash_attn_f32_f16,1.694600,32x28x0,32x1x0,128x28x32x1
ffn_inp-26,kernel_add,0.027000,2048x1x1,64x1x1,3584x32x1x1
ffn_norm-26,kernel_rms_norm_mul,0.013100,32768x1x1,1024x1x1,3584x32x1x1
ffn_swiglu-26,kernel_swiglu,0.101600,16384x1x1,512x1x1,18944x32x1x1
ffn_out-26,kernel_mul_mv_q6_K_f32,79.108894,3584x2048x1,2x64x1,3584x32x1x1
l_out-26,kernel_add,0.025200,2048x1x1,64x1x1,3584x32x1x1
attn_norm-27,kernel_rms_norm_mul,0.014900,32768x1x1,1024x1x1,3584x32x1x1
Qcur-27,kernel_add_row,0.012100,28672x0x0,64x0x0,3584x32x1x1
Qcur-27,kernel_rope_neox_f32,0.009000,1792x32x1,64x1x1,128x28x32x1
Kcur-27,kernel_add_row,0.005200,4096x0x0,64x0x0,512x32x1x1
Kcur-27,kernel_rope_neox_f32,0.003300,256x32x1,64x1x1,128x4x32x1
node_930,kernel_mul_mv_q6_K_f32,1.892400,512x2048x1,2x64x1,512x32x1x1
Vcur-27,kernel_add_row,0.003000,4096x0x0,64x0x0,512x32x1x1
cache_k_l27 (view),kernel_set_rows_f16_i64,0.003700,16384x1x1,512x1x1,512x4096x1x1
cache_v_l27 (view),kernel_set_rows_f16_i64,0.003200,16384x1x1,512x1x1,512x4096x1x1
__fattn__-27,flash_attn_f32_f16,1.697200,32x28x0,32x1x0,128x28x32x1
attn_norm-0,kernel_rms_norm_mul,0.017000,32768x1x1,1024x1x1,3584x32x1x1
Qcur-0,kernel_add_row,0.011600,28672x0x0,64x0x0,3584x32x1x1
Qcur-0,kernel_rope_neox_f32,0.009000,1792x32x1,64x1x1,128x28x32x1
Kcur-0,kernel_add_row,0.003100,4096x0x0,64x0x0,512x32x1x1
Kcur-0,kernel_rope_neox_f32,0.003200,256x32x1,64x1x1,128x4x32x1
node_11,kernel_mul_mv_q6_K_f32,1.892700,512x2048x1,2x64x1,512x32x1x1
Vcur-0,kernel_add_row,0.003000,4096x0x0,64x0x0,512x32x1x1
cache_k_l0 (view),kernel_set_rows_f16_i64,0.003700,16384x1x1,512x1x1,512x4096x1x1
cache_v_l0 (view),kernel_set_rows_f16_i64,0.003300,16384x1x1,512x1x1,512x4096x1x1
 (copy),kernel_cpy_f32_f16,0.003600,4096x1x1,64x1x1,256x64x1x1
__fattn__-0,flash_attn_f32_f16,1.705900,32x28x0,32x1x0,128x28x32x1
ffn_inp-0,kernel_add,0.025600,2048x1x1,64x1x1,3584x32x1x1
ffn_norm-0,kernel_rms_norm_mul,0.013200,32768x1x1,1024x1x1,3584x32x1x1
ffn_swiglu-0,kernel_swiglu,0.103100,16384x1x1,512x1x1,18944x32x1x1
ffn_out-0,kernel_mul_mv_q6_K_f32,81.139000,3584x2048x1,2x64x1,3584x32x1x1
l_out-0,kernel_add,0.025900,2048x1x1,64x1x1,3584x32x1x1
attn_norm-1,kernel_rms_norm_mul,0.014500,32768x1x1,1024x1x1,3584x32x1x1
Qcur-1,kernel_add_row,0.011500,28672x0x0,64x0x0,3584x32x1x1
Qcur-1,kernel_rope_neox_f32,0.009000,1792x32x1,64x1x1,128x28x32x1
Kcur-1,kernel_add_row,0.005200,4096x0x0,64x0x0,512x32x1x1
Kcur-1,kernel_rope_neox_f32,0.003200,256x32x1,64x1x1,128x4x32x1
node_46,kernel_mul_mv_q6_K_f32,1.898000,512x2048x1,2x64x1,512x32x1x1
Vcur-1,kernel_add_row,0.003100,4096x0x0,64x0x0,512x32x1x1
cache_k_l1 (view),kernel_set_rows_f16_i64,0.003600,16384x1x1,512x1x1,512x4096x1x1
cache_v_l1 (view),kernel_set_rows_f16_i64,0.003500,16384x1x1,512x1x1,512x4096x1x1
__fattn__-1,flash_attn_f32_f16,1.697600,32x28x0,32x1x0,128x28x32x1
ffn_inp-1,kernel_add,0.026500,2048x1x1,64x1x1,3584x32x1x1
ffn_norm-1,kernel_rms_norm_mul,0.013400,32768x1x1,1024x1x1,3584x32x1x1
ffn_swiglu-1,kernel_swiglu,0.099800,16384x1x1,512x1x1,18944x32x1x1
ffn_out-1,kernel_mul_mv_q6_K_f32,81.073601,3584x2048x1,2x64x1,3584x32x1x1
l_out-1,kernel_add,0.026100,2048x1x1,64x1x1,3584x32x1x1
attn_norm-2,kernel_rms_norm_mul,0.014600,32768x1x1,1024x1x1,3584x32x1x1
Qcur-2,kernel_add_row,0.011800,28672x0x0,64x0x0,3584x32x1x1
Qcur-2,kernel_rope_neox_f32,0.009100,1792x32x1,64x1x1,128x28x32x1
Kcur-2,kernel_add_row,0.005300,4096x0x0,64x0x0,512x32x1x1
Kcur-2,kernel_rope_neox_f32,0.003500,256x32x1,64x1x1,128x4x32x1
node_80,kernel_mul_mv_q6_K_f32,1.891900,512x2048x1,2x64x1,512x32x1x1
Vcur-2,kernel_add_row,0.003000,4096x0x0,64x0x0,512x32x1x1
cache_k_l2 (view),kernel_set_rows_f16_i64,0.003700,16384x1x1,512x1x1,512x4096x1x1
cache_v_l2 (view),kernel_set_rows_f16_i64,0.003300,16384x1x1,512x1x1,512x4096x1x1
__fattn__-2,flash_attn_f32_f16,1.707200,32x28x0,32x1x0,128x28x32x1
ffn_inp-2,kernel_add,0.027000,2048x1x1,64x1x1,3584x32x1x1
ffn_norm-2,kernel_rms_norm_mul,0.013000,32768x1x1,1024x1x1,3584x32x1x1
ffn_swiglu-2,kernel_swiglu,0.100300,16384x1x1,512x1x1,18944x32x1x1
ffn_out-2,kernel_mul_mv_q6_K_f32,79.316704,3584x2048x1,2x64x1,3584x32x1x1
l_out-2,kernel_add,0.025000,2048x1x1,64x1x1,3584x32x1x1
attn_norm-3,kernel_rms_norm_mul,0.014300,32768x1x1,1024x1x1,3584x32x1x1
Qcur-3,kernel_add_row,0.011900,28672x0x0,64x0x0,3584x32x1x1
Qcur-3,kernel_rope_neox_f32,0.010400,1792x32x1,64x1x1,128x28x32x1
Kcur-3,kernel_add_row,0.005300,4096x0x0,64x0x0,512x32x1x1
Kcur-3,kernel_rope_neox_f32,0.003200,256x32x1,64x1x1,128x4x32x1
Vcur-3,kernel_add_row,0.005000,4096x0x0,64x0x0,512x32x1x1
cache_k_l3 (view),kernel_set_rows_f16_i64,0.003900,16384x1x1,512x1x1,512x4096x1x1
cache_v_l3 (view),kernel_set_rows_f16_i64,0.003300,16384x1x1,512x1x1,512x4096x1x1
__fattn__-3,flash_attn_f32_f16,1.701200,32x28x0,32x1x0,128x28x32x1
ffn_inp-3,kernel_add,0.024900,2048x1x1,64x1x1,3584x32x1x1
ffn_norm-3,kernel_rms_norm_mul,0.013500,32768x1x1,1024x1x1,3584x32x1x1
l_out-3,kernel_add,0.026500,2048x1x1,64x1x1,3584x32x1x1
attn_norm-4,kernel_rms_norm_mul,0.014700,32768x1x1,1024x1x1,3584x32x1x1
Qcur-4,kernel_add_row,0.011000,28672x0x0,64x0x0,3584x32x1x1
Qcur-4,kernel_rope_neox_f32,0.009000,1792x32x1,64x1x1,128x28x32x1
Kcur-4,kernel_add_row,0.005200,4096x0x0,64x0x0,512x32x1x1
Kcur-4,kernel_rope_neox_f32,0.003300,256x32x1,64x1x1,128x4x32x1
Vcur-4,kernel_add_row,0.003000,4096x0x0,64x0x0,512x32x1x1
cache_k_l4 (view),kernel_set_rows_f16_i64,0.004000,16384x1x1,512x1x1,512x4096x1x1
cache_v_l4 (view),kernel_set_rows_f16_i64,0.003200,16384x1x1,512x1x1,512x4096x1x1
__fattn__-4,flash_attn_f32_f16,1.705200,32x28x0,32x1x0,128x28x32x1
ffn_inp-4,kernel_add,0.024500,2048x1x1,64x1x1,3584x32x1x1
ffn_norm-4,kernel_rms_norm_mul,0.012900,32768x1x1,1024x1x1,3584x32x1x1
l_out-4,kernel_add,0.024900,2048x1x1,64x1x1,3584x32x1x1
attn_norm-5,kernel_rms_norm_mul,0.014000,32768x1x1,1024x1x1,3584x32x1x1
Qcur-5,kernel_add_row,0.010200,28672x0x0,64x0x0,3584x32x1x1
Qcur-5,kernel_rope_neox_f32,0.008800,1792x32x1,64x1x1,128x28x32x1
Kcur-5,kernel_add_row,0.003200,4096x0x0,64x0x0,512x32x1x1
Kcur-5,kernel_rope_neox_f32,0.003300,256x32x1,64x1x1,128x4x32x1
node_182,kernel_mul_mv_q6_K_f32,1.890700,512x2048x1,2x64x1,512x32x1x1
Vcur-5,kernel_add_row,0.002700,4096x0x0,64x0x0,512x32x1x1
cache_k_l5 (view),kernel_set_rows_f16_i64,0.003700,16384x1x1,512x1x1,512x4096x1x1
cache_v_l5 (view),kernel_set_rows_f16_i64,0.003300,16384x1x1,512x1x1,512x4096x1x1
__fattn__-5,flash_attn_f32_f16,1.686500,32x28x0,32x1x0,128x28x32x1
ffn_inp-5,kernel_add,0.026500,2048x1x1,64x1x1,3584x32x1x1
ffn_norm-5,kernel_rms_norm_mul,0.013600,32768x1x1,1024x1x1,3584x32x1x1
ffn_swiglu-5,kernel_swiglu,0.098900,16384x1x1,512x1x1,18944x32x1x1
ffn_out-5,kernel_mul_mv_q6_K_f32,79.272896,3584x2048x1,2x64x1,3584x32x1x1
l_out-5,kernel_add,0.025100,2048x1x1,64x1x1,3584x32x1x1
attn_norm-6,kernel_rms_norm_mul,0.015000,32768x1x1,1024x1x1,3584x32x1x1
Qcur-6,kernel_add_row,0.010900,28672x0x0,64x0x0,3584x32x1x1
Qcur-6,kernel_rope_neox_f32,0.009900,1792x32x1,64x1x1,128x28x32x1
Kcur-6,kernel_add_row,0.005300,4096x0x0,64x0x0,512x32x1x1
Kcur-6,kernel_rope_neox_f32,0.003300,256x32x1,64x1x1,128x4x32x1
Vcur-6,kernel_add_row,0.003000,4096x0x0,64x0x0,512x32x1x1
cache_k_l6 (view),kernel_set_rows_f16_i64,0.003700,16384x1x1,512x1x1,512x4096x1x1
cache_v_l6 (view),kernel_set_rows_f16_i64,0.003600,16384x1x1,512x1x1,512x4096x1x1
__fattn__-6,flash_attn_f32_f16,1.715900,32x28x0,32x1x0,128x28x32x1
ffn_inp-6,kernel_add,0.024500,2048x1x1,64x1x1,3584x32x1x1
ffn_norm-6,kernel_rms_norm_mul,0.013400,32768x1x1,1024x1x1,3584x32x1x1
l_out-6,kernel_add,0.026100,2048x1x1,64x1x1,3584x32x1x1
attn_norm-7,kernel_rms_norm_mul,0.013900,32768x1x1,1024x1x1,3584x32x1x1
Qcur-7,kernel_add_row,0.010900,28672x0x0,64x0x0,3584x32x1x1
Qcur-7,kernel_rope_neox_f32,0.009200,1792x32x1,64x1x1,128x28x32x1
Kcur-7,kernel_add_row,0.005200,4096x0x0,64x0x0,512x32x1x1
Kcur-7,kernel_rope_neox_f32,0.003200,256x32x1,64x1x1,128x4x32x1
Vcur-7,kernel_add_row,0.003000,4096x0x0,64x0x0,512x32x1x1
cache_k_l7 (view),kernel_set_rows_f16_i64,0.003700,16384x1x1,512x1x1,512x4096x1x1
cache_v_l7 (view),kernel_set_rows_f16_i64,0.003200,16384x1x1,512x1x1,512x4096x1x1
__fattn__-7,flash_attn_f32_f16,1.717600,32x28x0,32x1x0,128x28x32x1
ffn_inp-7,kernel_add,0.024400,2048x1x1,64x1x1,3584x32x1x1
ffn_norm-7,kernel_rms_norm_mul,0.013500,32768x1x1,1024x1x1,3584x32x1x1
l_out-7,kernel_add,0.025300,2048x1x1,64x1x1,3584x32x1x1
attn_norm-8,kernel_rms_norm_mul,0.014000,32768x1x1,1024x1x1,3584x32x1x1
Qcur-8,kernel_add_row,0.010200,28672x0x0,64x0x0,3584x32x1x1
Qcur-8,kernel_rope_neox_f32,0.008700,1792x32x1,64x1x1,128x28x32x1
Kcur-8,kernel_add_row,0.003200,4096x0x0,64x0x0,512x32x1x1
Kcur-8,kernel_rope_neox_f32,0.003200,256x32x1,64x1x1,128x4x32x1
node_284,kernel_mul_mv_q6_K_f32,1.892400,512x2048x1,2x64x1,512x32x1x1
Vcur-8,kernel_add_row,0.003100,4096x0x0,64x0x0,512x32x1x1
cache_k_l8 (view),kernel_set_rows_f16_i64,0.003700,16384x1x1,512x1x1,512x4096x1x1
cache_v_l8 (view),kernel_set_rows_f16_i64,0.003300,16384x1x1,512x1x1,512x4096x1x1
__fattn__-8,flash_attn_f32_f16,1.726100,32x28x0,32x1x0,128x28x32x1
ffn_inp-8,kernel_add,0.066400,2048x1x1,64x1x1,3584x32x1x1
ffn_norm-8,kernel_rms_norm_mul,0.013500,32768x1x1,1024x1x1,3584x32x1x1
ffn_swiglu-8,kernel_swiglu,0.098900,16384x1x1,512x1x1,18944x32x1x1
ffn_out-8,kernel_mul_mv_q6_K_f32,79.494095,3584x2048x1,2x64x1,3584x32x1x1
l_out-8,kernel_add,0.025400,2048x1x1,64x1x1,3584x32x1x1
attn_norm-9,kernel_rms_norm_mul,0.014700,32768x1x1,1024x1x1,3584x32x1x1
Qcur-9,kernel_add_row,0.011200,28672x0x0,64x0x0,3584x32x1x1
Qcur-9,kernel_rope_neox_f32,0.010100,1792x32x1,64x1x1,128x28x32x1
Kcur-9,kernel_add_row,0.005400,4096x0x0,64x0x0,512x32x1x1
Kcur-9,kernel_rope_neox_f32,0.003200,256x32x1,64x1x1,128x4x32x1
Vcur-9,kernel_add_row,0.005000,4096x0x0,64x0x0,512x32x1x1
cache_k_l9 (view),kernel_set_rows_f16_i64,0.003600,16384x1x1,512x1x1,512x4096x1x1
cache_v_l9 (view),kernel_set_rows_f16_i64,0.003400,16384x1x1,512x1x1,512x4096x1x1
__fattn__-9,flash_attn_f32_f16,1.705600,32x28x0,32x1x0,128x28x32x1
ffn_inp-9,kernel_add,0.024700,2048x1x1,64x1x1,3584x32x1x1
ffn_norm-9,kernel_rms_norm_mul,0.013400,32768x1x1,1024x1x1,3584x32x1x1
l_out-9,kernel_add,0.025400,2048x1x1,64x1x1,3584x32x1x1
attn_norm-10,kernel_rms_norm_mul,0.014500,32768x1x1,1024x1x1,3584x32x1x1
Qcur-10,kernel_add_row,0.011100,28672x0x0,64x0x0,3584x32x1x1
Qcur-10,kernel_rope_neox_f32,0.009200,1792x32x1,64x1x1,128x28x32x1
Kcur-10,kernel_add_row,0.005400,4096x0x0,64x0x0,512x32x1x1
Kcur-10,kernel_rope_neox_f32,0.003200,256x32x1,64x1x1,128x4x32x1
Vcur-10,kernel_add_row,0.003000,4096x0x0,64x0x0,512x32x1x1
cache_k_l10 (view),kernel_set_rows_f16_i64,0.004100,16384x1x1,512x1x1,512x4096x1x1
cache_v_l10 (view),kernel_set_rows_f16_i64,0.003400,16384x1x1,512x1x1,512x4096x1x1
__fattn__-10,flash_attn_f32_f16,1.703200,32x28x0,32x1x0,128x28x32x1
ffn_inp-10,kernel_add,0.024400,2048x1x1,64x1x1,3584x32x1x1
ffn_norm-10,kernel_rms_norm_mul,0.013600,32768x1x1,1024x1x1,3584x32x1x1
l_out-10,kernel_add,0.024600,2048x1x1,64x1x1,3584x32x1x1
attn_norm-11,kernel_rms_norm_mul,0.013900,32768x1x1,1024x1x1,3584x32x1x1
Qcur-11,kernel_add_row,0.010200,28672x0x0,64x0x0,3584x32x1x1
Qcur-11,kernel_rope_neox_f32,0.008700,1792x32x1,64x1x1,128x28x32x1
Kcur-11,kernel_add_row,0.003100,4096x0x0,64x0x0,512x32x1x1
Kcur-11,kernel_rope_neox_f32,0.003200,256x32x1,64x1x1,128x4x32x1
node_386,kernel_mul_mv_q6_K_f32,1.892700,512x2048x1,2x64x1,512x32x1x1
Vcur-11,kernel_add_row,0.003100,4096x0x0,64x0x0,512x32x1x1
cache_k_l11 (view),kernel_set_rows_f16_i64,0.003700,16384x1x1,512x1x1,512x4096x1x1
cache_v_l11 (view),kernel_set_rows_f16_i64,0.003300,16384x1x1,512x1x1,512x4096x1x1
__fattn__-11,flash_attn_f32_f16,1.701100,32x28x0,32x1x0,128x28x32x1
ffn_inp-11,kernel_add,0.026900,2048x1x1,64x1x1,3584x32x1x1
ffn_norm-11,kernel_rms_norm_mul,0.013200,32768x1x1,1024x1x1,3584x32x1x1
ffn_swiglu-11,kernel_swiglu,0.101000,16384x1x1,512x1x1,18944x32x1x1
ffn_out-11,kernel_mul_mv_q6_K_f32,79.186203,3584x2048x1,2x64x1,3584x32x1x1
l_out-11,kernel_add,0.025300,2048x1x1,64x1x1,3584x32x1x1
attn_norm-12,kernel_rms_norm_mul,0.014300,32768x1x1,1024x1x1,3584x32x1x1
Qcur-12,kernel_add_row,0.011700,28672x0x0,64x0x0,3584x32x1x1
Qcur-12,kernel_rope_neox_f32,0.009500,1792x32x1,64x1x1,128x28x32x1
Kcur-12,kernel_add_row,0.005300,4096x0x0,64x0x0,512x32x1x1
Kcur-12,kernel_rope_neox_f32,0.003300,256x32x1,64x1x1,128x4x32x1
Vcur-12,kernel_add_row,0.003000,4096x0x0,64x0x0,512x32x1x1
cache_k_l12 (view),kernel_set_rows_f16_i64,0.003700,16384x1x1,512x1x1,512x4096x1x1
cache_v_l12 (view),kernel_set_rows_f16_i64,0.003400,16384x1x1,512x1x1,512x4096x1x1
__fattn__-12,flash_attn_f32_f16,1.706300,32x28x0,32x1x0,128x28x32x1
ffn_inp-12,kernel_add,0.025900,2048x1x1,64x1x1,3584x32x1x1
ffn_norm-12,kernel_rms_norm_mul,0.013300,32768x1x1,1024x1x1,3584x32x1x1
l_out-12,kernel_add,0.025800,2048x1x1,64x1x1,3584x32x1x1
attn_norm-13,kernel_rms_norm_mul,0.014200,32768x1x1,1024x1x1,3584x32x1x1
Qcur-13,kernel_add_row,0.010800,28672x0x0,64x0x0,3584x32x1x1
Qcur-13,kernel_rope_neox_f32,0.009100,1792x32x1,64x1x1,128x28x32x1
Kcur-13,kernel_add_row,0.005200,4096x0x0,64x0x0,512x32x1x1
Kcur-13,kernel_rope_neox_f32,0.003300,256x32x1,64x1x1,128x4x32x1
Vcur-13,kernel_add_row,0.002900,4096x0x0,64x0x0,512x32x1x1
cache_k_l13 (view),kernel_set_rows_f16_i64,0.004000,16384x1x1,512x1x1,512x4096x1x1
cache_v_l13 (view),kernel_set_rows_f16_i64,0.003300,16384x1x1,512x1x1,512x4096x1x1
__fattn__-13,flash_attn_f32_f16,1.714400,32x28x0,32x1x0,128x28x32x1
ffn_inp-13,kernel_add,0.024500,2048x1x1,64x1x1,3584x32x1x1
ffn_norm-13,kernel_rms_norm_mul,0.013200,32768x1x1,1024x1x1,3584x32x1x1
l_out-13,kernel_add,0.024800,2048x1x1,64x1x1,3584x32x1x1
attn_norm-14,kernel_rms_norm_mul,0.014100,32768x1x1,1024x1x1,3584x32x1x1
Qcur-14,kernel_add_row,0.010300,28672x0x0,64x0x0,3584x32x1x1
Qcur-14,kernel_rope_neox_f32,0.008700,1792x32x1,64x1x1,128x28x32x1
Kcur-14,kernel_add_row,0.003200,4096x0x0,64x0x0,512x32x1x1
Kcur-14,kernel_rope_neox_f32,0.003200,256x32x1,64x1x1,128x4x32x1
node_488,kernel_mul_mv_q6_K_f32,1.891500,512x2048x1,2x64x1,512x32x1x1
Vcur-14,kernel_add_row,0.003000,4096x0x0,64x0x0,512x32x1x1
cache_k_l14 (view),kernel_set_rows_f16_i64,0.003600,16384x1x1,512x1x1,512x4096x1x1
cache_v_l14 (view),kernel_set_rows_f16_i64,0.003300,16384x1x1,512x1x1,512x4096x1x1
__fattn__-14,flash_attn_f32_f16,1.718800,32x28x0,32x1x0,128x28x32x1
ffn_inp-14,kernel_add,0.026700,2048x1x1,64x1x1,3584x32x1x1
ffn_norm-14,kernel_rms_norm_mul,0.013200,32768x1x1,1024x1x1,3584x32x1x1
ffn_swiglu-14,kernel_swiglu,0.101300,16384x1x1,512x1x1,18944x32x1x1
ffn_out-14,kernel_mul_mv_q6_K_f32,79.282898,3584x2048x1,2x64x1,3584x32x1x1
l_out-14,kernel_add,0.024800,2048x1x1,64x1x1,3584x32x1x1
attn_norm-15,kernel_rms_norm_mul,0.014300,32768x1x1,1024x1x1,3584x32x1x1
Qcur-15,kernel_add_row,0.011000,28672x0x0,64x0x0,3584x32x1x1
Qcur-15,kernel_rope_neox_f32,0.010200,1792x32x1,64x1x1,128x28x32x1
Kcur-15,kernel_add_row,0.005200,4096x0x0,64x0x0,512x32x1x1
Kcur-15,kernel_rope_neox_f32,0.003200,256x32x1,64x1x1,128x4x32x1
Vcur-15,kernel_add_row,0.005100,4096x0x0,64x0x0,512x32x1x1
cache_k_l15 (view),kernel_set_rows_f16_i64,0.003700,16384x1x1,512x1x1,512x4096x1x1
cache_v_l15 (view),kernel_set_rows_f16_i64,0.003300,16384x1x1,512x1x1,512x4096x1x1
__fattn__-15,flash_attn_f32_f16,1.719500,32x28x0,32x1x0,128x28x32x1
ffn_inp-15,kernel_add,0.025300,2048x1x1,64x1x1,3584x32x1x1
ffn_norm-15,kernel_rms_norm_mul,0.013900,32768x1x1,1024x1x1,3584x32x1x1
l_out-15,kernel_add,0.025800,2048x1x1,64x1x1,3584x32x1x1
attn_norm-16,kernel_rms_norm_mul,0.015000,32768x1x1,1024x1x1,3584x32x1x1
Qcur-16,kernel_add_row,0.011100,28672x0x0,64x0x0,3584x32x1x1
Qcur-16,kernel_rope_neox_f32,0.009400,1792x32x1,64x1x1,128x28x32x1
Kcur-16,kernel_add_row,0.005500,4096x0x0,64x0x0,512x32x1x1
Kcur-16,kernel_rope_neox_f32,0.003200,256x32x1,64x1x1,128x4x32x1
Vcur-16,kernel_add_row,0.003000,4096x0x0,64x0x0,512x32x1x1
cache_k_l16 (view),kernel_set_rows_f16_i64,0.004100,16384x1x1,512x1x1,512x4096x1x1
cache_v_l16 (view),kernel_set_rows_f16_i64,0.003200,16384x1x1,512x1x1,512x4096x1x1
__fattn__-16,flash_attn_f32_f16,1.705500,32x28x0,32x1x0,128x28x32x1
ffn_inp-16,kernel_add,0.024600,2048x1x1,64x1x1,3584x32x1x1
ffn_norm-16,kernel_rms_norm_mul,0.013700,32768x1x1,1024x1x1,3584x32x1x1
l_out-16,kernel_add,0.024400,2048x1x1,64x1x1,3584x32x1x1
attn_norm-17,kernel_rms_norm_mul,0.014200,32768x1x1,1024x1x1,3584x32x1x1
Qcur-17,kernel_add_row,0.010200,28672x0x0,64x0x0,3584x32x1x1
Qcur-17,kernel_rope_neox_f32,0.008700,1792x32x1,64x1x1,128x28x32x1
Kcur-17,kernel_add_row,0.003300,4096x0x0,64x0x0,512x32x1x1
Kcur-17,kernel_rope_neox_f32,0.003200,256x32x1,64x1x1,128x4x32x1
node_590,kernel_mul_mv_q6_K_f32,1.890300,512x2048x1,2x64x1,512x32x1x1
Vcur-17,kernel_add_row,0.002600,4096x0x0,64x0x0,512x32x1x1
cache_k_l17 (view),kernel_set_rows_f16_i64,0.003800,16384x1x1,512x1x1,512x4096x1x1
cache_v_l17 (view),kernel_set_rows_f16_i64,0.003300,16384x1x1,512x1x1,512x4096x1x1
__fattn__-17,flash_attn_f32_f16,1.724800,32x28x0,32x1x0,128x28x32x1
ffn_inp-17,kernel_add,0.026800,2048x1x1,64x1x1,3584x32x1x1
ffn_norm-17,kernel_rms_norm_mul,0.013600,32768x1x1,1024x1x1,3584x32x1x1
ffn_swiglu-17,kernel_swiglu,0.100000,16384x1x1,512x1x1,18944x32x1x1
ffn_out-17,kernel_mul_mv_q6_K_f32,79.159203,3584x2048x1,2x64x1,3584x32x1x1
l_out-17,kernel_add,0.025500,2048x1x1,64x1x1,3584x32x1x1
attn_norm-18,kernel_rms_norm_mul,0.014700,32768x1x1,1024x1x1,3584x32x1x1
Qcur-18,kernel_add_row,0.011300,28672x0x0,64x0x0,3584x32x1x1
Qcur-18,kernel_rope_neox_f32,0.010200,1792x32x1,64x1x1,128x28x32x1
Kcur-18,kernel_add_row,0.005400,4096x0x0,64x0x0,512x32x1x1
Kcur-18,kernel_rope_neox_f32,0.003200,256x32x1,64x1x1,128x4x32x1
Vcur-18,kernel_add_row,0.003100,4096x0x0,64x0x0,512x32x1x1
cache_k_l18 (view),kernel_set_rows_f16_i64,0.003800,16384x1x1,512x1x1,512x4096x1x1
cache_v_l18 (view),kernel_set_rows_f16_i64,0.003300,16384x1x1,512x1x1,512x4096x1x1
__fattn__-18,flash_attn_f32_f16,1.733500,32x28x0,32x1x0,128x28x32x1
ffn_inp-18,kernel_add,0.025200,2048x1x1,64x1x1,3584x32x1x1
ffn_norm-18,kernel_rms_norm_mul,0.013500,32768x1x1,1024x1x1,3584x32x1x1
l_out-18,kernel_add,0.025800,2048x1x1,64x1x1,3584x32x1x1
attn_norm-19,kernel_rms_norm_mul,0.014800,32768x1x1,1024x1x1,3584x32x1x1
Qcur-19,kernel_add_row,0.011000,28672x0x0,64x0x0,3584x32x1x1
Qcur-19,kernel_rope_neox_f32,0.009200,1792x32x1,64x1x1,128x28x32x1
Kcur-19,kernel_add_row,0.005200,4096x0x0,64x0x0,512x32x1x1
Kcur-19,kernel_rope_neox_f32,0.003300,256x32x1,64x1x1,128x4x32x1
Vcur-19,kernel_add_row,0.003000,4096x0x0,64x0x0,512x32x1x1
cache_k_l19 (view),kernel_set_rows_f16_i64,0.004000,16384x1x1,512x1x1,512x4096x1x1
cache_v_l19 (view),kernel_set_rows_f16_i64,0.003300,16384x1x1,512x1x1,512x4096x1x1
__fattn__-19,flash_attn_f32_f16,1.702300,32x28x0,32x1x0,128x28x32x1
ffn_inp-19,kernel_add,0.024200,2048x1x1,64x1x1,3584x32x1x1
ffn_norm-19,kernel_rms_norm_mul,0.013200,32768x1x1,1024x1x1,3584x32x1x1
l_out-19,kernel_add,0.025400,2048x1x1,64x1x1,3584x32x1x1
attn_norm-20,kernel_rms_norm_mul,0.014000,32768x1x1,1024x1x1,3584x32x1x1
Qcur-20,kernel_add_row,0.010300,28672x0x0,64x0x0,3584x32x1x1
Qcur-20,kernel_rope_neox_f32,0.008600,1792x32x1,64x1x1,128x28x32x1
Kcur-20,kernel_add_row,0.003100,4096x0x0,64x0x0,512x32x1x1
Kcur-20,kernel_rope_neox_f32,0.003200,256x32x1,64x1x1,128x4x32x1
node_692,kernel_mul_mv_q6_K_f32,1.892800,512x2048x1,2x64x1,512x32x1x1
Vcur-20,kernel_add_row,0.003000,4096x0x0,64x0x0,512x32x1x1
cache_k_l20 (view),kernel_set_rows_f16_i64,0.003600,16384x1x1,512x1x1,512x4096x1x1
cache_v_l20 (view),kernel_set_rows_f16_i64,0.003400,16384x1x1,512x1x1,512x4096x1x1
__fattn__-20,flash_attn_f32_f16,1.708000,32x28x0,32x1x0,128x28x32x1
ffn_inp-20,kernel_add,0.025800,2048x1x1,64x1x1,3584x32x1x1
ffn_norm-20,kernel_rms_norm_mul,0.013400,32768x1x1,1024x1x1,3584x32x1x1
ffn_swiglu-20,kernel_swiglu,0.098200,16384x1x1,512x1x1,18944x32x1x1
ffn_out-20,kernel_mul_mv_q6_K_f32,79.205696,3584x2048x1,2x64x1,3584x32x1x1
l_out-20,kernel_add,0.025600,2048x1x1,64x1x1,3584x32x1x1
attn_norm-21,kernel_rms_norm_mul,0.014600,32768x1x1,1024x1x1,3584x32x1x1
Qcur-21,kernel_add_row,0.011400,28672x0x0,64x0x0,3584x32x1x1
Qcur-21,kernel_rope_neox_f32,0.009600,1792x32x1,64x1x1,128x28x32x1
Kcur-21,kernel_add_row,0.005400,4096x0x0,64x0x0,512x32x1x1
Kcur-21,kernel_rope_neox_f32,0.003200,256x32x1,64x1x1,128x4x32x1
Vcur-21,kernel_add_row,0.005000,4096x0x0,64x0x0,512x32x1x1
cache_k_l21 (view),kernel_set_rows_f16_i64,0.003700,16384x1x1,512x1x1,512x4096x1x1
cache_v_l21 (view),kernel_set_rows_f16_i64,0.003400,16384x1x1,512x1x1,512x4096x1x1
__fattn__-21,flash_attn_f32_f16,1.686700,32x28x0,32x1x0,128x28x32x1
ffn_inp-21,kernel_add,0.025300,2048x1x1,64x1x1,3584x32x1x1
ffn_norm-21,kernel_rms_norm_mul,0.013800,32768x1x1,1024x1x1,3584x32x1x1
l_out-21,kernel_add,0.025100,2048x1x1,64x1x1,3584x32x1x1
attn_norm-22,kernel_rms_norm_mul,0.014200,32768x1x1,1024x1x1,3584x32x1x1
Qcur-22,kernel_add_row,0.011300,28672x0x0,64x0x0,3584x32x1x1
Qcur-22,kernel_rope_neox_f32,0.009200,1792x32x1,64x1x1,128x28x32x1
Kcur-22,kernel_add_row,0.005400,4096x0x0,64x0x0,512x32x1x1
Kcur-22,kernel_rope_neox_f32,0.003200,256x32x1,64x1x1,128x4x32x1
Vcur-22,kernel_add_row,0.003100,4096x0x0,64x0x0,512x32x1x1
cache_k_l22 (view),kernel_set_rows_f16_i64,0.003700,16384x1x1,512x1x1,512x4096x1x1
cache_v_l22 (view),kernel_set_rows_f16_i64,0.003300,16384x1x1,512x1x1,512x4096x1x1
__fattn__-22,flash_attn_f32_f16,1.694800,32x28x0,32x1x0,128x28x32x1
ffn_inp-22,kernel_add,0.024400,2048x1x1,64x1x1,3584x32x1x1
ffn_norm-22,kernel_rms_norm_mul,0.013400,32768x1x1,1024x1x1,3584x32x1x1
l_out-22,kernel_add,0.024500,2048x1x1,64x1x1,3584x32x1x1
attn_norm-23,kernel_rms_norm_mul,0.014600,32768x1x1,1024x1x1,3584x32x1x1
Qcur-23,kernel_add_row,0.010200,28672x0x0,64x0x0,3584x32x1x1
Qcur-23,kernel_rope_neox_f32,0.008500,1792x32x1,64x1x1,128x28x32x1
Kcur-23,kernel_add_row,0.003200,4096x0x0,64x0x0,512x32x1x1
Kcur-23,kernel_rope_neox_f32,0.003200,256x32x1,64x1x1,128x4x32x1
node_794,kernel_mul_mv_q6_K_f32,1.893200,512x2048x1,2x64x1,512x32x1x1
Vcur-23,kernel_add_row,0.003000,4096x0x0,64x0x0,512x32x1x1
cache_k_l23 (view),kernel_set_rows_f16_i64,0.003800,16384x1x1,512x1x1,512x4096x1x1
cache_v_l23 (view),kernel_set_rows_f16_i64,0.003200,16384x1x1,512x1x1,512x4096x1x1
__fattn__-23,flash_attn_f32_f16,1.718100,32x28x0,32x1x0,128x28x32x1
ffn_inp-23,kernel_add,0.026200,2048x1x1,64x1x1,3584x32x1x1
ffn_norm-23,kernel_rms_norm_mul,0.013800,32768x1x1,1024x1x1,3584x32x1x1
ffn_swiglu-23,kernel_swiglu,0.099500,16384x1x1,512x1x1,18944x32x1x1
ffn_out-23,kernel_mul_mv_q6_K_f32,79.165802,3584x2048x1,2x64x1,3584x32x1x1
l_out-23,kernel_add,0.025300,2048x1x1,64x1x1,3584x32x1x1
attn_norm-24,kernel_rms_norm_mul,0.014400,32768x1x1,1024x1x1,3584x32x1x1
Qcur-24,kernel_add_row,0.011700,28672x0x0,64x0x0,3584x32x1x1
Qcur-24,kernel_rope_neox_f32,0.008600,1792x32x1,64x1x1,128x28x32x1
Kcur-24,kernel_add_row,0.005300,4096x0x0,64x0x0,512x32x1x1
Kcur-24,kernel_rope_neox_f32,0.003200,256x32x1,64x1x1,128x4x32x1
node_828,kernel_mul_mv_q6_K_f32,1.893300,512x2048x1,2x64x1,512x32x1x1
Vcur-24,kernel_add_row,0.003000,4096x0x0,64x0x0,512x32x1x1
cache_k_l24 (view),kernel_set_rows_f16_i64,0.003800,16384x1x1,512x1x1,512x4096x1x1
cache_v_l24 (view),kernel_set_rows_f16_i64,0.003500,16384x1x1,512x1x1,512x4096x1x1
__fattn__-24,flash_attn_f32_f16,1.711300,32x28x0,32x1x0,128x28x32x1
ffn_inp-24,kernel_add,0.026400,2048x1x1,64x1x1,3584x32x1x1
ffn_norm-24,kernel_rms_norm_mul,0.013500,32768x1x1,1024x1x1,3584x32x1x1
ffn_swiglu-24,kernel_swiglu,0.099200,16384x1x1,512x1x1,18944x32x1x1
ffn_out-24,kernel_mul_mv_q6_K_f32,79.119797,3584x2048x1,2x64x1,3584x32x1x1
l_out-24,kernel_add,0.025400,2048x1x1,64x1x1,3584x32x1x1
attn_norm-25,kernel_rms_norm_mul,0.014400,32768x1x1,1024x1x1,3584x32x1x1
Qcur-25,kernel_add_row,0.011300,28672x0x0,64x0x0,3584x32x1x1
Qcur-25,kernel_rope_neox_f32,0.008700,1792x32x1,64x1x1,128x28x32x1
Kcur-25,kernel_add_row,0.005100,4096x0x0,64x0x0,512x32x1x1
Kcur-25,kernel_rope_neox_f32,0.003100,256x32x1,64x1x1,128x4x32x1
node_862,kernel_mul_mv_q6_K_f32,1.890700,512x2048x1,2x64x1,512x32x1x1
Vcur-25,kernel_add_row,0.002700,4096x0x0,64x0x0,512x32x1x1
cache_k_l25 (view),kernel_set_rows_f16_i64,0.003900,16384x1x1,512x1x1,512x4096x1x1
cache_v_l25 (view),kernel_set_rows_f16_i64,0.003600,16384x1x1,512x1x1,512x4096x1x1
__fattn__-25,flash_attn_f32_f16,1.728300,32x28x0,32x1x0,128x28x32x1
ffn_inp-25,kernel_add,0.027800,2048x1x1,64x1x1,3584x32x1x1
ffn_norm-25,kernel_rms_norm_mul,0.013600,32768x1x1,1024x1x1,3584x32x1x1
ffn_swiglu-25,kernel_swiglu,0.101500,16384x1x1,512x1x1,18944x32x1x1
ffn_out-25,kernel_mul_mv_q6_K_f32,79.008301,3584x2048x1,2x64x1,3584x32x1x1
l_out-25,kernel_add,0.025200,2048x1x1,64x1x1,3584x32x1x1
attn_norm-26,kernel_rms_norm_mul,0.014400,32768x1x1,1024x1x1,3584x32x1x1
Qcur-26,kernel_add_row,0.011500,28672x0x0,64x0x0,3584x32x1x1
Qcur-26,kernel_rope_neox_f32,0.008700,1792x32x1,64x1x1,128x28x32x1
Kcur-26,kernel_add_row,0.005300,4096x0x0,64x0x0,512x32x1x1
Kcur-26,kernel_rope_neox_f32,0.003200,256x32x1,64x1x1,128x4x32x1
node_896,kernel_mul_mv_q6_K_f32,1.892200,512x2048x1,2x64x1,512x32x1x1
Vcur-26,kernel_add_row,0.002700,4096x0x0,64x0x0,512x32x1x1
cache_k_l26 (view),kernel_set_rows_f16_i64,0.003800,16384x1x1,512x1x1,512x4096x1x1
cache_v_l26 (view),kernel_set_rows_f16_i64,0.003300,16384x1x1,512x1x1,512x4096x1x1
__fattn__-26,flash_attn_f32_f16,1.691000,32x28x0,32x1x0,128x28x32x1
ffn_inp-26,kernel_add,0.027700,2048x1x1,64x1x1,3584x32x1x1
ffn_norm-26,kernel_rms_norm_mul,0.014000,32768x1x1,1024x1x1,3584x32x1x1
ffn_swiglu-26,kernel_swiglu,0.100100,16384x1x1,512x1x1,18944x32x1x1
ffn_out-26,kernel_mul_mv_q6_K_f32,79.087105,3584x2048x1,2x64x1,3584x32x1x1
l_out-26,kernel_add,0.025300,2048x1x1,64x1x1,3584x32x1x1
attn_norm-27,kernel_rms_norm_mul,0.014500,32768x1x1,1024x1x1,3584x32x1x1
Qcur-27,kernel_add_row,0.011300,28672x0x0,64x0x0,3584x32x1x1
Qcur-27,kernel_rope_neox_f32,0.008600,1792x32x1,64x1x1,128x28x32x1
Kcur-27,kernel_add_row,0.005500,4096x0x0,64x0x0,512x32x1x1
Kcur-27,kernel_rope_neox_f32,0.003200,256x32x1,64x1x1,128x4x32x1
node_930,kernel_mul_mv_q6_K_f32,1.891100,512x2048x1,2x64x1,512x32x1x1
Vcur-27,kernel_add_row,0.002600,4096x0x0,64x0x0,512x32x1x1
cache_k_l27 (view),kernel_set_rows_f16_i64,0.003800,16384x1x1,512x1x1,512x4096x1x1
cache_v_l27 (view),kernel_set_rows_f16_i64,0.003400,16384x1x1,512x1x1,512x4096x1x1
__fattn__-27,flash_attn_f32_f16,1.722900,32x28x0,32x1x0,128x28x32x1
attn_norm-0,kernel_rms_norm_mul,0.019200,32768x1x1,1024x1x1,3584x32x1x1
Qcur-0,kernel_add_row,0.011800,28672x0x0,64x0x0,3584x32x1x1
Qcur-0,kernel_rope_neox_f32,0.009100,1792x32x1,64x1x1,128x28x32x1
Kcur-0,kernel_add_row,0.003000,4096x0x0,64x0x0,512x32x1x1
Kcur-0,kernel_rope_neox_f32,0.003200,256x32x1,64x1x1,128x4x32x1
node_11,kernel_mul_mv_q6_K_f32,1.890900,512x2048x1,2x64x1,512x32x1x1
Vcur-0,kernel_add_row,0.002700,4096x0x0,64x0x0,512x32x1x1
cache_k_l0 (view),kernel_set_rows_f16_i64,0.003800,16384x1x1,512x1x1,512x4096x1x1
cache_v_l0 (view),kernel_set_rows_f16_i64,0.003500,16384x1x1,512x1x1,512x4096x1x1
 (copy),kernel_cpy_f32_f16,0.003600,4096x1x1,64x1x1,256x64x1x1
__fattn__-0,flash_attn_f32_f16,1.692000,32x28x0,32x1x0,128x28x32x1
ffn_inp-0,kernel_add,0.025600,2048x1x1,64x1x1,3584x32x1x1
ffn_norm-0,kernel_rms_norm_mul,0.013200,32768x1x1,1024x1x1,3584x32x1x1
ffn_swiglu-0,kernel_swiglu,0.104200,16384x1x1,512x1x1,18944x32x1x1
ffn_out-0,kernel_mul_mv_q6_K_f32,81.138603,3584x2048x1,2x64x1,3584x32x1x1
l_out-0,kernel_add,0.025000,2048x1x1,64x1x1,3584x32x1x1
attn_norm-1,kernel_rms_norm_mul,0.014500,32768x1x1,1024x1x1,3584x32x1x1
Qcur-1,kernel_add_row,0.011300,28672x0x0,64x0x0,3584x32x1x1
Qcur-1,kernel_rope_neox_f32,0.009100,1792x32x1,64x1x1,128x28x32x1
Kcur-1,kernel_add_row,0.005300,4096x0x0,64x0x0,512x32x1x1
Kcur-1,kernel_rope_neox_f32,0.003200,256x32x1,64x1x1,128x4x32x1
node_46,kernel_mul_mv_q6_K_f32,1.894200,512x2048x1,2x64x1,512x32x1x1
Vcur-1,kernel_add_row,0.002700,4096x0x0,64x0x0,512x32x1x1
cache_k_l1 (view),kernel_set_rows_f16_i64,0.003800,16384x1x1,512x1x1,512x4096x1x1
cache_v_l1 (view),kernel_set_rows_f16_i64,0.003400,16384x1x1,512x1x1,512x4096x1x1
__fattn__-1,flash_attn_f32_f16,1.702800,32x28x0,32x1x0,128x28x32x1
ffn_inp-1,kernel_add,0.026400,2048x1x1,64x1x1,3584x32x1x1
ffn_norm-1,kernel_rms_norm_mul,0.013200,32768x1x1,1024x1x1,3584x32x1x1
ffn_swiglu-1,kernel_swiglu,0.099600,16384x1x1,512x1x1,18944x32x1x1
ffn_out-1,kernel_mul_mv_q6_K_f32,81.357597,3584x2048x1,2x64x1,3584x32x1x1
l_out-1,kernel_add,0.025400,2048x1x1,64x1x1,3584x32x1x1
attn_norm-2,kernel_rms_norm_mul,0.014300,32768x1x1,1024x1x1,3584x32x1x1
Qcur-2,kernel_add_row,0.011100,28672x0x0,64x0x0,3584x32x1x1
Qcur-2,kernel_rope_neox_f32,0.008800,1792x32x1,64x1x1,128x28x32x1
Kcur-2,kernel_add_row,0.003200,4096x0x0,64x0x0,512x32x1x1
Kcur-2,kernel_rope_neox_f32,0.003200,256x32x1,64x1x1,128x4x32x1
node_80,kernel_mul_mv_q6_K_f32,1.891500,512x2048x1,2x64x1,512x32x1x1
Vcur-2,kernel_add_row,0.003000,4096x0x0,64x0x0,512x32x1x1
cache_k_l2 (view),kernel_set_rows_f16_i64,0.003700,16384x1x1,512x1x1,512x4096x1x1
cache_v_l2 (view),kernel_set_rows_f16_i64,0.003300,16384x1x1,512x1x1,512x4096x1x1
__fattn__-2,flash_attn_f32_f16,1.729300,32x28x0,32x1x0,128x28x32x1
ffn_inp-2,kernel_add,0.026500,2048x1x1,64x1x1,3584x32x1x1
ffn_norm-2,kernel_rms_norm_mul,0.013500,32768x1x1,1024x1x1,3584x32x1x1
ffn_swiglu-2,kernel_swiglu,0.104100,16384x1x1,512x1x1,18944x32x1x1
ffn_out-2,kernel_mul_mv_q6_K_f32,79.363106,3584x2048x1,2x64x1,3584x32x1x1
l_out-2,kernel_add,0.025500,2048x1x1,64x1x1,3584x32x1x1
attn_norm-3,kernel_rms_norm_mul,0.014600,32768x1x1,1024x1x1,3584x32x1x1
Qcur-3,kernel_add_row,0.011800,28672x0x0,64x0x0,3584x32x1x1
Qcur-3,kernel_rope_neox_f32,0.010100,1792x32x1,64x1x1,128x28x32x1
Kcur-3,kernel_add_row,0.005500,4096x0x0,64x0x0,512x32x1x1
Kcur-3,kernel_rope_neox_f32,0.003300,256x32x1,64x1x1,128x4x32x1
Vcur-3,kernel_add_row,0.003000,4096x0x0,64x0x0,512x32x1x1
cache_k_l3 (view),kernel_set_rows_f16_i64,0.003800,16384x1x1,512x1x1,512x4096x1x1
cache_v_l3 (view),kernel_set_rows_f16_i64,0.003300,16384x1x1,512x1x1,512x4096x1x1
__fattn__-3,flash_attn_f32_f16,1.699700,32x28x0,32x1x0,128x28x32x1
ffn_inp-3,kernel_add,0.025600,2048x1x1,64x1x1,3584x32x1x1
ffn_norm-3,kernel_rms_norm_mul,0.013800,32768x1x1,1024x1x1,3584x32x1x1
l_out-3,kernel_add,0.025800,2048x1x1,64x1x1,3584x32x1x1
attn_norm-4,kernel_rms_norm_mul,0.014000,32768x1x1,1024x1x1,3584x32x1x1
Qcur-4,kernel_add_row,0.011100,28672x0x0,64x0x0,3584x32x1x1
Qcur-4,kernel_rope_neox_f32,0.009200,1792x32x1,64x1x1,128x28x32x1
Kcur-4,kernel_add_row,0.005100,4096x0x0,64x0x0,512x32x1x1
Kcur-4,kernel_rope_neox_f32,0.003400,256x32x1,64x1x1,128x4x32x1
Vcur-4,kernel_add_row,0.003000,4096x0x0,64x0x0,512x32x1x1
cache_k_l4 (view),kernel_set_rows_f16_i64,0.003700,16384x1x1,512x1x1,512x4096x1x1
cache_v_l4 (view),kernel_set_rows_f16_i64,0.003400,16384x1x1,512x1x1,512x4096x1x1
__fattn__-4,flash_attn_f32_f16,1.703900,32x28x0,32x1x0,128x28x32x1
ffn_inp-4,kernel_add,0.025000,2048x1x1,64x1x1,3584x32x1x1
ffn_norm-4,kernel_rms_norm_mul,0.013500,32768x1x1,1024x1x1,3584x32x1x1
l_out-4,kernel_add,0.024700,2048x1x1,64x1x1,3584x32x1x1
attn_norm-5,kernel_rms_norm_mul,0.013800,32768x1x1,1024x1x1,3584x32x1x1
Qcur-5,kernel_add_row,0.010300,28672x0x0,64x0x0,3584x32x1x1
Qcur-5,kernel_rope_neox_f32,0.008600,1792x32x1,64x1x1,128x28x32x1
Kcur-5,kernel_add_row,0.003100,4096x0x0,64x0x0,512x32x1x1
Kcur-5,kernel_rope_neox_f32,0.003300,256x32x1,64x1x1,128x4x32x1
node_182,kernel_mul_mv_q6_K_f32,1.893800,512x2048x1,2x64x1,512x32x1x1
Vcur-5,kernel_add_row,0.002900,4096x0x0,64x0x0,512x32x1x1
cache_k_l5 (view),kernel_set_rows_f16_i64,0.003700,16384x1x1,512x1x1,512x4096x1x1
cache_v_l5 (view),kernel_set_rows_f16_i64,0.003200,16384x1x1,512x1x1,512x4096x1x1
__fattn__-5,flash_attn_f32_f16,1.713500,32x28x0,32x1x0,128x28x32x1
ffn_inp-5,kernel_add,0.026600,2048x1x1,64x1x1,3584x32x1x1
ffn_norm-5,kernel_rms_norm_mul,0.013800,32768x1x1,1024x1x1,3584x32x1x1
ffn_swiglu-5,kernel_swiglu,0.099900,16384x1x1,512x1x1,18944x32x1x1
ffn_out-5,kernel_mul_mv_q6_K_f32,79.072197,3584x2048x1,2x64x1,3584x32x1x1
l_out-5,kernel_add,0.025600,2048x1x1,64x1x1,3584x32x1x1
attn_norm-6,kernel_rms_norm_mul,0.013900,32768x1x1,1024x1x1,3584x32x1x1
Qcur-6,kernel_add_row,0.011100,28672x0x0,64x0x0,3584x32x1x1
Qcur-6,kernel_rope_neox_f32,0.009400,1792x32x1,64x1x1,128x28x32x1
Kcur-6,kernel_add_row,0.005500,4096x0x0,64x0x0,512x32x1x1
Kcur-6,kernel_rope_neox_f32,0.003200,256x32x1,64x1x1,128x4x32x1
Vcur-6,kernel_add_row,0.005000,4096x0x0,64x0x0,512x32x1x1
cache_k_l6 (view),kernel_set_rows_f16_i64,0.003700,16384x1x1,512x1x1,512x4096x1x1
cache_v_l6 (view),kernel_set_rows_f16_i64,0.003300,16384x1x1,512x1x1,512x4096x1x1
__fattn__-6,flash_attn_f32_f16,1.699200,32x28x0,32x1x0,128x28x32x1
ffn_inp-6,kernel_add,0.025400,2048x1x1,64x1x1,3584x32x1x1
ffn_norm-6,kernel_rms_norm_mul,0.012800,32768x1x1,1024x1x1,3584x32x1x1
l_out-6,kernel_add,0.026100,2048x1x1,64x1x1,3584x32x1x1
attn_norm-7,kernel_rms_norm_mul,0.014900,32768x1x1,1024x1x1,3584x32x1x1
Qcur-7,kernel_add_row,0.011000,28672x0x0,64x0x0,3584x32x1x1
Qcur-7,kernel_rope_neox_f32,0.008900,1792x32x1,64x1x1,128x28x32x1
Kcur-7,kernel_add_row,0.005200,4096x0x0,64x0x0,512x32x1x1
Kcur-7,kernel_rope_neox_f32,0.003200,256x32x1,64x1x1,128x4x32x1
Vcur-7,kernel_add_row,0.003000,4096x0x0,64x0x0,512x32x1x1
cache_k_l7 (view),kernel_set_rows_f16_i64,0.004000,16384x1x1,512x1x1,512x4096x1x1
cache_v_l7 (view),kernel_set_rows_f16_i64,0.003200,16384x1x1,512x1x1,512x4096x1x1
__fattn__-7,flash_attn_f32_f16,1.703900,32x28x0,32x1x0,128x28x32x1
ffn_inp-7,kernel_add,0.024700,2048x1x1,64x1x1,3584x32x1x1
ffn_norm-7,kernel_rms_norm_mul,0.013400,32768x1x1,1024x1x1,3584x32x1x1
l_out-7,kernel_add,0.024500,2048x1x1,64x1x1,3584x32x1x1
attn_norm-8,kernel_rms_norm_mul,0.014700,32768x1x1,1024x1x1,3584x32x1x1
Qcur-8,kernel_add_row,0.010300,28672x0x0,64x0x0,3584x32x1x1
Qcur-8,kernel_rope_neox_f32,0.008500,1792x32x1,64x1x1,128x28x32x1
Kcur-8,kernel_add_row,0.003100,4096x0x0,64x0x0,512x32x1x1
Kcur-8,kernel_rope_neox_f32,0.003100,256x32x1,64x1x1,128x4x32x1
node_284,kernel_mul_mv_q6_K_f32,1.893500,512x2048x1,2x64x1,512x32x1x1
Vcur-8,kernel_add_row,0.003000,4096x0x0,64x0x0,512x32x1x1
cache_k_l8 (view),kernel_set_rows_f16_i64,0.003700,16384x1x1,512x1x1,512x4096x1x1
cache_v_l8 (view),kernel_set_rows_f16_i64,0.003300,16384x1x1,512x1x1,512x4096x1x1
__fattn__-8,flash_attn_f32_f16,1.717100,32x28x0,32x1x0,128x28x32x1
ffn_inp-8,kernel_add,0.026300,2048x1x1,64x1x1,3584x32x1x1
ffn_norm-8,kernel_rms_norm_mul,0.013300,32768x1x1,1024x1x1,3584x32x1x1
ffn_swiglu-8,kernel_swiglu,0.099300,16384x1x1,512x1x1,18944x32x1x1
ffn_out-8,kernel_mul_mv_q6_K_f32,79.212303,3584x2048x1,2x64x1,3584x32x1x1
l_out-8,kernel_add,0.025600,2048x1x1,64x1x1,3584x32x1x1
attn_norm-9,kernel_rms_norm_mul,0.014400,32768x1x1,1024x1x1,3584x32x1x1
Qcur-9,kernel_add_row,0.011600,28672x0x0,64x0x0,3584x32x1x1
Qcur-9,kernel_rope_neox_f32,0.010100,1792x32x1,64x1x1,128x28x32x1
Kcur-9,kernel_add_row,0.005500,4096x0x0,64x0x0,512x32x1x1
Kcur-9,kernel_rope_neox_f32,0.003200,256x32x1,64x1x1,128x4x32x1
Vcur-9,kernel_add_row,0.005100,4096x0x0,64x0x0,512x32x1x1
cache_k_l9 (view),kernel_set_rows_f16_i64,0.003700,16384x1x1,512x1x1,512x4096x1x1
cache_v_l9 (view),kernel_set_rows_f16_i64,0.003400,16384x1x1,512x1x1,512x4096x1x1
__fattn__-9,flash_attn_f32_f16,1.692900,32x28x0,32x1x0,128x28x32x1
ffn_inp-9,kernel_add,0.025700,2048x1x1,64x1x1,3584x32x1x1
ffn_norm-9,kernel_rms_norm_mul,0.013500,32768x1x1,1024x1x1,3584x32x1x1
l_out-9,kernel_add,0.025700,2048x1x1,64x1x1,3584x32x1x1
attn_norm-10,kernel_rms_norm_mul,0.014100,32768x1x1,1024x1x1,3584x32x1x1
Qcur-10,kernel_add_row,0.011000,28672x0x0,64x0x0,3584x32x1x1
Qcur-10,kernel_rope_neox_f32,0.009200,1792x32x1,64x1x1,128x28x32x1
Kcur-10,kernel_add_row,0.005000,4096x0x0,64x0x0,512x32x1x1
Kcur-10,kernel_rope_neox_f32,0.003300,256x32x1,64x1x1,128x4x32x1
Vcur-10,kernel_add_row,0.003100,4096x0x0,64x0x0,512x32x1x1
cache_k_l10 (view),kernel_set_rows_f16_i64,0.003600,16384x1x1,512x1x1,512x4096x1x1
cache_v_l10 (view),kernel_set_rows_f16_i64,0.003400,16384x1x1,512x1x1,512x4096x1x1
__fattn__-10,flash_attn_f32_f16,1.697000,32x28x0,32x1x0,128x28x32x1
ffn_inp-10,kernel_add,0.024800,2048x1x1,64x1x1,3584x32x1x1
ffn_norm-10,kernel_rms_norm_mul,0.013100,32768x1x1,1024x1x1,3584x32x1x1
l_out-10,kernel_add,0.024300,2048x1x1,64x1x1,3584x32x1x1
attn_norm-11,kernel_rms_norm_mul,0.014200,32768x1x1,1024x1x1,3584x32x1x1
Qcur-11,kernel_add_row,0.010100,28672x0x0,64x0x0,3584x32x1x1
Qcur-11,kernel_rope_neox_f32,0.008700,1792x32x1,64x1x1,128x28x32x1
Kcur-11,kernel_add_row,0.005100,4096x0x0,64x0x0,512x32x1x1
Kcur-11,kernel_rope_neox_f32,0.003300,256x32x1,64x1x1,128x4x32x1
node_386,kernel_mul_mv_q6_K_f32,1.889600,512x2048x1,2x64x1,512x32x1x1
Vcur-11,kernel_add_row,0.002700,4096x0x0,64x0x0,512x32x1x1
cache_k_l11 (view),kernel_set_rows_f16_i64,0.003800,16384x1x1,512x1x1,512x4096x1x1
cache_v_l11 (view),kernel_set_rows_f16_i64,0.003200,16384x1x1,512x1x1,512x4096x1x1
__fattn__-11,flash_attn_f32_f16,1.686400,32x28x0,32x1x0,128x28x32x1
ffn_inp-11,kernel_add,0.027000,2048x1x1,64x1x1,3584x32x1x1
ffn_norm-11,kernel_rms_norm_mul,0.013000,32768x1x1,1024x1x1,3584x32x1x1
ffn_swiglu-11,kernel_swiglu,0.100800,16384x1x1,512x1x1,18944x32x1x1
ffn_out-11,kernel_mul_mv_q6_K_f32,79.176498,3584x2048x1,2x64x1,3584x32x1x1
l_out-11,kernel_add,0.025500,2048x1x1,64x1x1,3584x32x1x1
attn_norm-12,kernel_rms_norm_mul,0.014600,32768x1x1,1024x1x1,3584x32x1x1
Qcur-12,kernel_add_row,0.012200,28672x0x0,64x0x0,3584x32x1x1
Qcur-12,kernel_rope_neox_f32,0.010500,1792x32x1,64x1x1,128x28x32x1
Kcur-12,kernel_add_row,0.005700,4096x0x0,64x0x0,512x32x1x1
Kcur-12,kernel_rope_neox_f32,0.003300,256x32x1,64x1x1,128x4x32x1
Vcur-12,kernel_add_row,0.002900,4096x0x0,64x0x0,512x32x1x1
cache_k_l12 (view),kernel_set_rows_f16_i64,0.003700,16384x1x1,512x1x1,512x4096x1x1
cache_v_l12 (view),kernel_set_rows_f16_i64,0.003400,16384x1x1,512x1x1,512x4096x1x1
__fattn__-12,flash_attn_f32_f16,1.706800,32x28x0,32x1x0,128x28x32x1
ffn_inp-12,kernel_add,0.024800,2048x1x1,64x1x1,3584x32x1x1
ffn_norm-12,kernel_rms_norm_mul,0.013100,32768x1x1,1024x1x1,3584x32x1x1
l_out-12,kernel_add,0.025400,2048x1x1,64x1x1,3584x32x1x1
attn_norm-13,kernel_rms_norm_mul,0.013900,32768x1x1,1024x1x1,3584x32x1x1
Qcur-13,kernel_add_row,0.011100,28672x0x0,64x0x0,3584x32x1x1
Qcur-13,kernel_rope_neox_f32,0.009500,1792x32x1,64x1x1,128x28x32x1
Kcur-13,kernel_add_row,0.005100,4096x0x0,64x0x0,512x32x1x1
Kcur-13,kernel_rope_neox_f32,0.003200,256x32x1,64x1x1,128x4x32x1
Vcur-13,kernel_add_row,0.003100,4096x0x0,64x0x0,512x32x1x1
cache_k_l13 (view),kernel_set_rows_f16_i64,0.003700,16384x1x1,512x1x1,512x4096x1x1
cache_v_l13 (view),kernel_set_rows_f16_i64,0.003300,16384x1x1,512x1x1,512x4096x1x1
__fattn__-13,flash_attn_f32_f16,1.704000,32x28x0,32x1x0,128x28x32x1
ffn_inp-13,kernel_add,0.024800,2048x1x1,64x1x1,3584x32x1x1
ffn_norm-13,kernel_rms_norm_mul,0.013200,32768x1x1,1024x1x1,3584x32x1x1
l_out-13,kernel_add,0.024800,2048x1x1,64x1x1,3584x32x1x1
attn_norm-14,kernel_rms_norm_mul,0.014200,32768x1x1,1024x1x1,3584x32x1x1
Qcur-14,kernel_add_row,0.010200,28672x0x0,64x0x0,3584x32x1x1
Qcur-14,kernel_rope_neox_f32,0.009000,1792x32x1,64x1x1,128x28x32x1
Kcur-14,kernel_add_row,0.003200,4096x0x0,64x0x0,512x32x1x1
Kcur-14,kernel_rope_neox_f32,0.003200,256x32x1,64x1x1,128x4x32x1
node_488,kernel_mul_mv_q6_K_f32,1.892600,512x2048x1,2x64x1,512x32x1x1
Vcur-14,kernel_add_row,0.003000,4096x0x0,64x0x0,512x32x1x1
cache_k_l14 (view),kernel_set_rows_f16_i64,0.003800,16384x1x1,512x1x1,512x4096x1x1
cache_v_l14 (view),kernel_set_rows_f16_i64,0.003300,16384x1x1,512x1x1,512x4096x1x1
__fattn__-14,flash_attn_f32_f16,1.707300,32x28x0,32x1x0,128x28x32x1
ffn_inp-14,kernel_add,0.026000,2048x1x1,64x1x1,3584x32x1x1
ffn_norm-14,kernel_rms_norm_mul,0.013800,32768x1x1,1024x1x1,3584x32x1x1
ffn_swiglu-14,kernel_swiglu,0.099600,16384x1x1,512x1x1,18944x32x1x1
ffn_out-14,kernel_mul_mv_q6_K_f32,79.264801,3584x2048x1,2x64x1,3584x32x1x1
l_out-14,kernel_add,0.025400,2048x1x1,64x1x1,3584x32x1x1
attn_norm-15,kernel_rms_norm_mul,0.014600,32768x1x1,1024x1x1,3584x32x1x1
Qcur-15,kernel_add_row,0.011200,28672x0x0,64x0x0,3584x32x1x1
Qcur-15,kernel_rope_neox_f32,0.010200,1792x32x1,64x1x1,128x28x32x1
Kcur-15,kernel_add_row,0.005300,4096x0x0,64x0x0,512x32x1x1
Kcur-15,kernel_rope_neox_f32,0.003400,256x32x1,64x1x1,128x4x32x1
Vcur-15,kernel_add_row,0.002900,4096x0x0,64x0x0,512x32x1x1
cache_k_l15 (view),kernel_set_rows_f16_i64,0.003800,16384x1x1,512x1x1,512x4096x1x1
cache_v_l15 (view),kernel_set_rows_f16_i64,0.003400,16384x1x1,512x1x1,512x4096x1x1
__fattn__-15,flash_attn_f32_f16,1.675200,32x28x0,32x1x0,128x28x32x1
ffn_inp-15,kernel_add,0.024500,2048x1x1,64x1x1,3584x32x1x1
ffn_norm-15,kernel_rms_norm_mul,0.013100,32768x1x1,1024x1x1,3584x32x1x1
l_out-15,kernel_add,0.025400,2048x1x1,64x1x1,3584x32x1x1
attn_norm-16,kernel_rms_norm_mul,0.014200,32768x1x1,1024x1x1,3584x32x1x1
Qcur-16,kernel_add_row,0.011100,28672x0x0,64x0x0,3584x32x1x1
Qcur-16,kernel_rope_neox_f32,0.009300,1792x32x1,64x1x1,128x28x32x1
Kcur-16,kernel_add_row,0.005100,4096x0x0,64x0x0,512x32x1x1
Kcur-16,kernel_rope_neox_f32,0.003300,256x32x1,64x1x1,128x4x32x1
Vcur-16,kernel_add_row,0.003000,4096x0x0,64x0x0,512x32x1x1
cache_k_l16 (view),kernel_set_rows_f16_i64,0.003700,16384x1x1,512x1x1,512x4096x1x1
cache_v_l16 (view),kernel_set_rows_f16_i64,0.003300,16384x1x1,512x1x1,512x4096x1x1
__fattn__-16,flash_attn_f32_f16,1.698600,32x28x0,32x1x0,128x28x32x1
ffn_inp-16,kernel_add,0.024600,2048x1x1,64x1x1,3584x32x1x1
ffn_norm-16,kernel_rms_norm_mul,0.014000,32768x1x1,1024x1x1,3584x32x1x1
l_out-16,kernel_add,0.024500,2048x1x1,64x1x1,3584x32x1x1
attn_norm-17,kernel_rms_norm_mul,0.013900,32768x1x1,1024x1x1,3584x32x1x1
Qcur-17,kernel_add_row,0.010300,28672x0x0,64x0x0,3584x32x1x1
Qcur-17,kernel_rope_neox_f32,0.008800,1792x32x1,64x1x1,128x28x32x1
Kcur-17,kernel_add_row,0.003100,4096x0x0,64x0x0,512x32x1x1
Kcur-17,kernel_rope_neox_f32,0.003200,256x32x1,64x1x1,128x4x32x1
node_590,kernel_mul_mv_q6_K_f32,1.891900,512x2048x1,2x64x1,512x32x1x1
Vcur-17,kernel_add_row,0.003000,4096x0x0,64x0x0,512x32x1x1
cache_k_l17 (view),kernel_set_rows_f16_i64,0.003700,16384x1x1,512x1x1,512x4096x1x1
cache_v_l17 (view),kernel_set_rows_f16_i64,0.003200,16384x1x1,512x1x1,512x4096x1x1
__fattn__-17,flash_attn_f32_f16,1.695100,32x28x0,32x1x0,128x28x32x1
ffn_inp-17,kernel_add,0.026200,2048x1x1,64x1x1,3584x32x1x1
ffn_norm-17,kernel_rms_norm_mul,0.013200,32768x1x1,1024x1x1,3584x32x1x1
ffn_swiglu-17,kernel_swiglu,0.099500,16384x1x1,512x1x1,18944x32x1x1
ffn_out-17,kernel_mul_mv_q6_K_f32,79.257599,3584x2048x1,2x64x1,3584x32x1x1
l_out-17,kernel_add,0.025300,2048x1x1,64x1x1,3584x32x1x1
attn_norm-18,kernel_rms_norm_mul,0.014200,32768x1x1,1024x1x1,3584x32x1x1
Qcur-18,kernel_add_row,0.011600,28672x0x0,64x0x0,3584x32x1x1
Qcur-18,kernel_rope_neox_f32,0.009900,1792x32x1,64x1x1,128x28x32x1
Kcur-18,kernel_add_row,0.005300,4096x0x0,64x0x0,512x32x1x1
Kcur-18,kernel_rope_neox_f32,0.003200,256x32x1,64x1x1,128x4x32x1
Vcur-18,kernel_add_row,0.003000,4096x0x0,64x0x0,512x32x1x1
cache_k_l18 (view),kernel_set_rows_f16_i64,0.003800,16384x1x1,512x1x1,512x4096x1x1
cache_v_l18 (view),kernel_set_rows_f16_i64,0.003300,16384x1x1,512x1x1,512x4096x1x1
__fattn__-18,flash_attn_f32_f16,1.729000,32x28x0,32x1x0,128x28x32x1
ffn_inp-18,kernel_add,0.025500,2048x1x1,64x1x1,3584x32x1x1
ffn_norm-18,kernel_rms_norm_mul,0.013500,32768x1x1,1024x1x1,3584x32x1x1
l_out-18,kernel_add,0.026000,2048x1x1,64x1x1,3584x32x1x1
attn_norm-19,kernel_rms_norm_mul,0.014300,32768x1x1,1024x1x1,3584x32x1x1
Qcur-19,kernel_add_row,0.011100,28672x0x0,64x0x0,3584x32x1x1
Qcur-19,kernel_rope_neox_f32,0.009400,1792x32x1,64x1x1,128x28x32x1
Kcur-19,kernel_add_row,0.005400,4096x0x0,64x0x0,512x32x1x1
Kcur-19,kernel_rope_neox_f32,0.003300,256x32x1,64x1x1,128x4x32x1
Vcur-19,kernel_add_row,0.003000,4096x0x0,64x0x0,512x32x1x1
cache_k_l19 (view),kernel_set_rows_f16_i64,0.004000,16384x1x1,512x1x1,512x4096x1x1
cache_v_l19 (view),kernel_set_rows_f16_i64,0.003200,16384x1x1,512x1x1,512x4096x1x1
__fattn__-19,flash_attn_f32_f16,1.704100,32x28x0,32x1x0,128x28x32x1
ffn_inp-19,kernel_add,0.023700,2048x1x1,64x1x1,3584x32x1x1
ffn_norm-19,kernel_rms_norm_mul,0.013800,32768x1x1,1024x1x1,3584x32x1x1
l_out-19,kernel_add,0.024500,2048x1x1,64x1x1,3584x32x1x1
attn_norm-20,kernel_rms_norm_mul,0.014300,32768x1x1,1024x1x1,3584x32x1x1
Qcur-20,kernel_add_row,0.010200,28672x0x0,64x0x0,3584x32x1x1
Qcur-20,kernel_rope_neox_f32,0.008700,1792x32x1,64x1x1,128x28x32x1
Kcur-20,kernel_add_row,0.003000,4096x0x0,64x0x0,512x32x1x1
Kcur-20,kernel_rope_neox_f32,0.003200,256x32x1,64x1x1,128x4x32x1
node_692,kernel_mul_mv_q6_K_f32,1.892400,512x2048x1,2x64x1,512x32x1x1
Vcur-20,kernel_add_row,0.003000,4096x0x0,64x0x0,512x32x1x1
cache_k_l20 (view),kernel_set_rows_f16_i64,0.003800,16384x1x1,512x1x1,512x4096x1x1
cache_v_l20 (view),kernel_set_rows_f16_i64,0.003200,16384x1x1,512x1x1,512x4096x1x1
__fattn__-20,flash_attn_f32_f16,1.711100,32x28x0,32x1x0,128x28x32x1
ffn_inp-20,kernel_add,0.026600,2048x1x1,64x1x1,3584x32x1x1
ffn_norm-20,kernel_rms_norm_mul,0.013300,32768x1x1,1024x1x1,3584x32x1x1
ffn_swiglu-20,kernel_swiglu,0.100100,16384x1x1,512x1x1,18944x32x1x1
ffn_out-20,kernel_mul_mv_q6_K_f32,79.207901,3584x2048x1,2x64x1,3584x32x1x1
l_out-20,kernel_add,0.025400,2048x1x1,64x1x1,3584x32x1x1
attn_norm-21,kernel_rms_norm_mul,0.014500,32768x1x1,1024x1x1,3584x32x1x1
Qcur-21,kernel_add_row,0.010700,28672x0x0,64x0x0,3584x32x1x1
Qcur-21,kernel_rope_neox_f32,0.010400,1792x32x1,64x1x1,128x28x32x1
Kcur-21,kernel_add_row,0.005300,4096x0x0,64x0x0,512x32x1x1
Kcur-21,kernel_rope_neox_f32,0.003200,256x32x1,64x1x1,128x4x32x1
Vcur-21,kernel_add_row,0.003100,4096x0x0,64x0x0,512x32x1x1
cache_k_l21 (view),kernel_set_rows_f16_i64,0.003700,16384x1x1,512x1x1,512x4096x1x1
cache_v_l21 (view),kernel_set_rows_f16_i64,0.003400,16384x1x1,512x1x1,512x4096x1x1
__fattn__-21,flash_attn_f32_f16,1.712000,32x28x0,32x1x0,128x28x32x1
ffn_inp-21,kernel_add,0.025400,2048x1x1,64x1x1,3584x32x1x1
ffn_norm-21,kernel_rms_norm_mul,0.013200,32768x1x1,1024x1x1,3584x32x1x1
l_out-21,kernel_add,0.026900,2048x1x1,64x1x1,3584x32x1x1
attn_norm-22,kernel_rms_norm_mul,0.014200,32768x1x1,1024x1x1,3584x32x1x1
Qcur-22,kernel_add_row,0.011500,28672x0x0,64x0x0,3584x32x1x1
Qcur-22,kernel_rope_neox_f32,0.009100,1792x32x1,64x1x1,128x28x32x1
Kcur-22,kernel_add_row,0.005200,4096x0x0,64x0x0,512x32x1x1
Kcur-22,kernel_rope_neox_f32,0.003300,256x32x1,64x1x1,128x4x32x1
Vcur-22,kernel_add_row,0.002900,4096x0x0,64x0x0,512x32x1x1
cache_k_l22 (view),kernel_set_rows_f16_i64,0.004100,16384x1x1,512x1x1,512x4096x1x1
cache_v_l22 (view),kernel_set_rows_f16_i64,0.003200,16384x1x1,512x1x1,512x4096x1x1
__fattn__-22,flash_attn_f32_f16,1.702500,32x28x0,32x1x0,128x28x32x1
ffn_inp-22,kernel_add,0.023100,2048x1x1,64x1x1,3584x32x1x1
ffn_norm-22,kernel_rms_norm_mul,0.013400,32768x1x1,1024x1x1,3584x32x1x1
l_out-22,kernel_add,0.024100,2048x1x1,64x1x1,3584x32x1x1
attn_norm-23,kernel_rms_norm_mul,0.014100,32768x1x1,1024x1x1,3584x32x1x1
Qcur-23,kernel_add_row,0.010100,28672x0x0,64x0x0,3584x32x1x1
Qcur-23,kernel_rope_neox_f32,0.008700,1792x32x1,64x1x1,128x28x32x1
Kcur-23,kernel_add_row,0.003000,4096x0x0,64x0x0,512x32x1x1
Kcur-23,kernel_rope_neox_f32,0.003200,256x32x1,64x1x1,128x4x32x1
node_794,kernel_mul_mv_q6_K_f32,1.889800,512x2048x1,2x64x1,512x32x1x1
Vcur-23,kernel_add_row,0.003000,4096x0x0,64x0x0,512x32x1x1
cache_k_l23 (view),kernel_set_rows_f16_i64,0.003700,16384x1x1,512x1x1,512x4096x1x1
cache_v_l23 (view),kernel_set_rows_f16_i64,0.003400,16384x1x1,512x1x1,512x4096x1x1
__fattn__-23,flash_attn_f32_f16,1.719700,32x28x0,32x1x0,128x28x32x1
ffn_inp-23,kernel_add,0.026600,2048x1x1,64x1x1,3584x32x1x1
ffn_norm-23,kernel_rms_norm_mul,0.013200,32768x1x1,1024x1x1,3584x32x1x1
ffn_swiglu-23,kernel_swiglu,0.107300,16384x1x1,512x1x1,18944x32x1x1
ffn_out-23,kernel_mul_mv_q6_K_f32,79.169601,3584x2048x1,2x64x1,3584x32x1x1
l_out-23,kernel_add,0.025000,2048x1x1,64x1x1,3584x32x1x1
attn_norm-24,kernel_rms_norm_mul,0.014100,32768x1x1,1024x1x1,3584x32x1x1
Qcur-24,kernel_add_row,0.011900,28672x0x0,64x0x0,3584x32x1x1
Qcur-24,kernel_rope_neox_f32,0.008900,1792x32x1,64x1x1,128x28x32x1
Kcur-24,kernel_add_row,0.005200,4096x0x0,64x0x0,512x32x1x1
Kcur-24,kernel_rope_neox_f32,0.003400,256x32x1,64x1x1,128x4x32x1
node_828,kernel_mul_mv_q6_K_f32,1.894800,512x2048x1,2x64x1,512x32x1x1
Vcur-24,kernel_add_row,0.003000,4096x0x0,64x0x0,512x32x1x1
cache_k_l24 (view),kernel_set_rows_f16_i64,0.003900,16384x1x1,512x1x1,512x4096x1x1
cache_v_l24 (view),kernel_set_rows_f16_i64,0.003300,16384x1x1,512x1x1,512x4096x1x1
__fattn__-24,flash_attn_f32_f16,1.724300,32x28x0,32x1x0,128x28x32x1
ffn_inp-24,kernel_add,0.026800,2048x1x1,64x1x1,3584x32x1x1
ffn_norm-24,kernel_rms_norm_mul,0.013200,32768x1x1,1024x1x1,3584x32x1x1
ffn_swiglu-24,kernel_swiglu,0.099100,16384x1x1,512x1x1,18944x32x1x1
ffn_out-24,kernel_mul_mv_q6_K_f32,79.174896,3584x2048x1,2x64x1,3584x32x1x1
l_out-24,kernel_add,0.025200,2048x1x1,64x1x1,3584x32x1x1
attn_norm-25,kernel_rms_norm_mul,0.014200,32768x1x1,1024x1x1,3584x32x1x1
Qcur-25,kernel_add_row,0.011800,28672x0x0,64x0x0,3584x32x1x1
Qcur-25,kernel_rope_neox_f32,0.008800,1792x32x1,64x1x1,128x28x32x1
Kcur-25,kernel_add_row,0.005300,4096x0x0,64x0x0,512x32x1x1
Kcur-25,kernel_rope_neox_f32,0.003200,256x32x1,64x1x1,128x4x32x1
node_862,kernel_mul_mv_q6_K_f32,1.890800,512x2048x1,2x64x1,512x32x1x1
Vcur-25,kernel_add_row,0.003000,4096x0x0,64x0x0,512x32x1x1
cache_k_l25 (view),kernel_set_rows_f16_i64,0.003900,16384x1x1,512x1x1,512x4096x1x1
cache_v_l25 (view),kernel_set_rows_f16_i64,0.003300,16384x1x1,512x1x1,512x4096x1x1
__fattn__-25,flash_attn_f32_f16,1.705800,32x28x0,32x1x0,128x28x32x1
ffn_inp-25,kernel_add,0.027200,2048x1x1,64x1x1,3584x32x1x1
ffn_norm-25,kernel_rms_norm_mul,0.013200,32768x1x1,1024x1x1,3584x32x1x1
ffn_swiglu-25,kernel_swiglu,0.099600,16384x1x1,512x1x1,18944x32x1x1
ffn_out-25,kernel_mul_mv_q6_K_f32,79.035103,3584x2048x1,2x64x1,3584x32x1x1
l_out-25,kernel_add,0.025100,2048x1x1,64x1x1,3584x32x1x1
attn_norm-26,kernel_rms_norm_mul,0.014200,32768x1x1,1024x1x1,3584x32x1x1
Qcur-26,kernel_add_row,0.012100,28672x0x0,64x0x0,3584x32x1x1
Qcur-26,kernel_rope_neox_f32,0.008800,1792x32x1,64x1x1,128x28x32x1
Kcur-26,kernel_add_row,0.005200,4096x0x0,64x0x0,512x32x1x1
Kcur-26,kernel_rope_neox_f32,0.003200,256x32x1,64x1x1,128x4x32x1
node_896,kernel_mul_mv_q6_K_f32,1.893000,512x2048x1,2x64x1,512x32x1x1
Vcur-26,kernel_add_row,0.002900,4096x0x0,64x0x0,512x32x1x1
cache_k_l26 (view),kernel_set_rows_f16_i64,0.003700,16384x1x1,512x1x1,512x4096x1x1
cache_v_l26 (view),kernel_set_rows_f16_i64,0.003400,16384x1x1,512x1x1,512x4096x1x1
__fattn__-26,flash_attn_f32_f16,1.737300,32x28x0,32x1x0,128x28x32x1
ffn_inp-26,kernel_add,0.027800,2048x1x1,64x1x1,3584x32x1x1
ffn_norm-26,kernel_rms_norm_mul,0.013100,32768x1x1,1024x1x1,3584x32x1x1
ffn_swiglu-26,kernel_swiglu,0.100100,16384x1x1,512x1x1,18944x32x1x1
ffn_out-26,kernel_mul_mv_q6_K_f32,79.034401,3584x2048x1,2x64x1,3584x32x1x1
l_out-26,kernel_add,0.025600,2048x1x1,64x1x1,3584x32x1x1
attn_norm-27,kernel_rms_norm_mul,0.014100,32768x1x1,1024x1x1,3584x32x1x1
Qcur-27,kernel_add_row,0.011600,28672x0x0,64x0x0,3584x32x1x1
Qcur-27,kernel_rope_neox_f32,0.008700,1792x32x1,64x1x1,128x28x32x1
Kcur-27,kernel_add_row,0.005300,4096x0x0,64x0x0,512x32x1x1
Kcur-27,kernel_rope_neox_f32,0.003200,256x32x1,64x1x1,128x4x32x1
node_930,kernel_mul_mv_q6_K_f32,1.896300,512x2048x1,2x64x1,512x32x1x1
Vcur-27,kernel_add_row,0.002700,4096x0x0,64x0x0,512x32x1x1
cache_k_l27 (view),kernel_set_rows_f16_i64,0.003700,16384x1x1,512x1x1,512x4096x1x1
cache_v_l27 (view),kernel_set_rows_f16_i64,0.003300,16384x1x1,512x1x1,512x4096x1x1
__fattn__-27,flash_attn_f32_f16,1.716700,32x28x0,32x1x0,128x28x32x1
attn_norm-0,kernel_rms_norm_mul,0.016900,32768x1x1,1024x1x1,3584x32x1x1
Qcur-0,kernel_add_row,0.011600,28672x0x0,64x0x0,3584x32x1x1
Qcur-0,kernel_rope_neox_f32,0.008800,1792x32x1,64x1x1,128x28x32x1
Kcur-0,kernel_add_row,0.005200,4096x0x0,64x0x0,512x32x1x1
Kcur-0,kernel_rope_neox_f32,0.003200,256x32x1,64x1x1,128x4x32x1
node_11,kernel_mul_mv_q6_K_f32,1.895200,512x2048x1,2x64x1,512x32x1x1
Vcur-0,kernel_add_row,0.002900,4096x0x0,64x0x0,512x32x1x1
cache_k_l0 (view),kernel_set_rows_f16_i64,0.003700,16384x1x1,512x1x1,512x4096x1x1
cache_v_l0 (view),kernel_set_rows_f16_i64,0.003400,16384x1x1,512x1x1,512x4096x1x1
 (copy),kernel_cpy_f32_f16,0.003600,4096x1x1,64x1x1,256x64x1x1
__fattn__-0,flash_attn_f32_f16,1.716200,32x28x0,32x1x0,128x28x32x1
ffn_inp-0,kernel_add,0.025900,2048x1x1,64x1x1,3584x32x1x1
ffn_norm-0,kernel_rms_norm_mul,0.013100,32768x1x1,1024x1x1,3584x32x1x1
ffn_swiglu-0,kernel_swiglu,0.106400,16384x1x1,512x1x1,18944x32x1x1
ffn_out-0,kernel_mul_mv_q6_K_f32,81.071297,3584x2048x1,2x64x1,3584x32x1x1
l_out-0,kernel_add,0.025400,2048x1x1,64x1x1,3584x32x1x1
attn_norm-1,kernel_rms_norm_mul,0.014600,32768x1x1,1024x1x1,3584x32x1x1
Qcur-1,kernel_add_row,0.011700,28672x0x0,64x0x0,3584x32x1x1
Qcur-1,kernel_rope_neox_f32,0.008700,1792x32x1,64x1x1,128x28x32x1
Kcur-1,kernel_add_row,0.005300,4096x0x0,64x0x0,512x32x1x1
Kcur-1,kernel_rope_neox_f32,0.003200,256x32x1,64x1x1,128x4x32x1
node_46,kernel_mul_mv_q6_K_f32,1.898900,512x2048x1,2x64x1,512x32x1x1
Vcur-1,kernel_add_row,0.003000,4096x0x0,64x0x0,512x32x1x1
cache_k_l1 (view),kernel_set_rows_f16_i64,0.003800,16384x1x1,512x1x1,512x4096x1x1
cache_v_l1 (view),kernel_set_rows_f16_i64,0.003300,16384x1x1,512x1x1,512x4096x1x1
__fattn__-1,flash_attn_f32_f16,1.710400,32x28x0,32x1x0,128x28x32x1
ffn_inp-1,kernel_add,0.027700,2048x1x1,64x1x1,3584x32x1x1
ffn_norm-1,kernel_rms_norm_mul,0.013300,32768x1x1,1024x1x1,3584x32x1x1
ffn_swiglu-1,kernel_swiglu,0.100300,16384x1x1,512x1x1,18944x32x1x1
ffn_out-1,kernel_mul_mv_q6_K_f32,81.189507,3584x2048x1,2x64x1,3584x32x1x1
l_out-1,kernel_add,0.024900,2048x1x1,64x1x1,3584x32x1x1
attn_norm-2,kernel_rms_norm_mul,0.014300,32768x1x1,1024x1x1,3584x32x1x1
Qcur-2,kernel_add_row,0.011100,28672x0x0,64x0x0,3584x32x1x1
Qcur-2,kernel_rope_neox_f32,0.008900,1792x32x1,64x1x1,128x28x32x1
Kcur-2,kernel_add_row,0.005200,4096x0x0,64x0x0,512x32x1x1
Kcur-2,kernel_rope_neox_f32,0.003200,256x32x1,64x1x1,128x4x32x1
node_80,kernel_mul_mv_q6_K_f32,1.897200,512x2048x1,2x64x1,512x32x1x1
Vcur-2,kernel_add_row,0.002900,4096x0x0,64x0x0,512x32x1x1
cache_k_l2 (view),kernel_set_rows_f16_i64,0.003800,16384x1x1,512x1x1,512x4096x1x1
cache_v_l2 (view),kernel_set_rows_f16_i64,0.003300,16384x1x1,512x1x1,512x4096x1x1
__fattn__-2,flash_attn_f32_f16,1.696400,32x28x0,32x1x0,128x28x32x1
ffn_inp-2,kernel_add,0.026800,2048x1x1,64x1x1,3584x32x1x1
ffn_norm-2,kernel_rms_norm_mul,0.013800,32768x1x1,1024x1x1,3584x32x1x1
ffn_swiglu-2,kernel_swiglu,0.099500,16384x1x1,512x1x1,18944x32x1x1
ffn_out-2,kernel_mul_mv_q6_K_f32,79.204201,3584x2048x1,2x64x1,3584x32x1x1
l_out-2,kernel_add,0.025300,2048x1x1,64x1x1,3584x32x1x1
attn_norm-3,kernel_rms_norm_mul,0.014300,32768x1x1,1024x1x1,3584x32x1x1
Qcur-3,kernel_add_row,0.010900,28672x0x0,64x0x0,3584x32x1x1
Qcur-3,kernel_rope_neox_f32,0.009800,1792x32x1,64x1x1,128x28x32x1
Kcur-3,kernel_add_row,0.005500,4096x0x0,64x0x0,512x32x1x1
Kcur-3,kernel_rope_neox_f32,0.003300,256x32x1,64x1x1,128x4x32x1
Vcur-3,kernel_add_row,0.003000,4096x0x0,64x0x0,512x32x1x1
cache_k_l3 (view),kernel_set_rows_f16_i64,0.003700,16384x1x1,512x1x1,512x4096x1x1
cache_v_l3 (view),kernel_set_rows_f16_i64,0.003300,16384x1x1,512x1x1,512x4096x1x1
__fattn__-3,flash_attn_f32_f16,1.695300,32x28x0,32x1x0,128x28x32x1
ffn_inp-3,kernel_add,0.025100,2048x1x1,64x1x1,3584x32x1x1
ffn_norm-3,kernel_rms_norm_mul,0.013300,32768x1x1,1024x1x1,3584x32x1x1
l_out-3,kernel_add,0.026000,2048x1x1,64x1x1,3584x32x1x1
attn_norm-4,kernel_rms_norm_mul,0.013900,32768x1x1,1024x1x1,3584x32x1x1
Qcur-4,kernel_add_row,0.011000,28672x0x0,64x0x0,3584x32x1x1
Qcur-4,kernel_rope_neox_f32,0.009100,1792x32x1,64x1x1,128x28x32x1
Kcur-4,kernel_add_row,0.005200,4096x0x0,64x0x0,512x32x1x1
Kcur-4,kernel_rope_neox_f32,0.003300,256x32x1,64x1x1,128x4x32x1
Vcur-4,kernel_add_row,0.005100,4096x0x0,64x0x0,512x32x1x1
cache_k_l4 (view),kernel_set_rows_f16_i64,0.004000,16384x1x1,512x1x1,512x4096x1x1
cache_v_l4 (view),kernel_set_rows_f16_i64,0.003300,16384x1x1,512x1x1,512x4096x1x1
__fattn__-4,flash_attn_f32_f16,1.697000,32x28x0,32x1x0,128x28x32x1
ffn_inp-4,kernel_add,0.024800,2048x1x1,64x1x1,3584x32x1x1
ffn_norm-4,kernel_rms_norm_mul,0.013700,32768x1x1,1024x1x1,3584x32x1x1
l_out-4,kernel_add,0.025700,2048x1x1,64x1x1,3584x32x1x1
attn_norm-5,kernel_rms_norm_mul,0.014000,32768x1x1,1024x1x1,3584x32x1x1
Qcur-5,kernel_add_row,0.010300,28672x0x0,64x0x0,3584x32x1x1
Qcur-5,kernel_rope_neox_f32,0.008700,1792x32x1,64x1x1,128x28x32x1
Kcur-5,kernel_add_row,0.003000,4096x0x0,64x0x0,512x32x1x1
Kcur-5,kernel_rope_neox_f32,0.003200,256x32x1,64x1x1,128x4x32x1
node_182,kernel_mul_mv_q6_K_f32,1.890800,512x2048x1,2x64x1,512x32x1x1
Vcur-5,kernel_add_row,0.002900,4096x0x0,64x0x0,512x32x1x1
cache_k_l5 (view),kernel_set_rows_f16_i64,0.003800,16384x1x1,512x1x1,512x4096x1x1
cache_v_l5 (view),kernel_set_rows_f16_i64,0.003400,16384x1x1,512x1x1,512x4096x1x1
__fattn__-5,flash_attn_f32_f16,1.696500,32x28x0,32x1x0,128x28x32x1
ffn_inp-5,kernel_add,0.026200,2048x1x1,64x1x1,3584x32x1x1
ffn_norm-5,kernel_rms_norm_mul,0.013300,32768x1x1,1024x1x1,3584x32x1x1
ffn_swiglu-5,kernel_swiglu,0.099900,16384x1x1,512x1x1,18944x32x1x1
ffn_out-5,kernel_mul_mv_q6_K_f32,79.175797,3584x2048x1,2x64x1,3584x32x1x1
l_out-5,kernel_add,0.025400,2048x1x1,64x1x1,3584x32x1x1
attn_norm-6,kernel_rms_norm_mul,0.014100,32768x1x1,1024x1x1,3584x32x1x1
Qcur-6,kernel_add_row,0.011700,28672x0x0,64x0x0,3584x32x1x1
Qcur-6,kernel_rope_neox_f32,0.010100,1792x32x1,64x1x1,128x28x32x1
Kcur-6,kernel_add_row,0.005400,4096x0x0,64x0x0,512x32x1x1
Kcur-6,kernel_rope_neox_f32,0.003200,256x32x1,64x1x1,128x4x32x1
Vcur-6,kernel_add_row,0.003100,4096x0x0,64x0x0,512x32x1x1
cache_k_l6 (view),kernel_set_rows_f16_i64,0.003800,16384x1x1,512x1x1,512x4096x1x1
cache_v_l6 (view),kernel_set_rows_f16_i64,0.003300,16384x1x1,512x1x1,512x4096x1x1
__fattn__-6,flash_attn_f32_f16,1.710500,32x28x0,32x1x0,128x28x32x1
ffn_inp-6,kernel_add,0.024200,2048x1x1,64x1x1,3584x32x1x1
ffn_norm-6,kernel_rms_norm_mul,0.013300,32768x1x1,1024x1x1,3584x32x1x1
l_out-6,kernel_add,0.025700,2048x1x1,64x1x1,3584x32x1x1
attn_norm-7,kernel_rms_norm_mul,0.014600,32768x1x1,1024x1x1,3584x32x1x1
Qcur-7,kernel_add_row,0.011200,28672x0x0,64x0x0,3584x32x1x1
Qcur-7,kernel_rope_neox_f32,0.009000,1792x32x1,64x1x1,128x28x32x1
Kcur-7,kernel_add_row,0.005300,4096x0x0,64x0x0,512x32x1x1
Kcur-7,kernel_rope_neox_f32,0.003200,256x32x1,64x1x1,128x4x32x1
Vcur-7,kernel_add_row,0.003000,4096x0x0,64x0x0,512x32x1x1
cache_k_l7 (view),kernel_set_rows_f16_i64,0.004000,16384x1x1,512x1x1,512x4096x1x1
cache_v_l7 (view),kernel_set_rows_f16_i64,0.003300,16384x1x1,512x1x1,512x4096x1x1
__fattn__-7,flash_attn_f32_f16,1.724000,32x28x0,32x1x0,128x28x32x1
ffn_inp-7,kernel_add,0.024200,2048x1x1,64x1x1,3584x32x1x1
ffn_norm-7,kernel_rms_norm_mul,0.013100,32768x1x1,1024x1x1,3584x32x1x1
l_out-7,kernel_add,0.024600,2048x1x1,64x1x1,3584x32x1x1
attn_norm-8,kernel_rms_norm_mul,0.014100,32768x1x1,1024x1x1,3584x32x1x1
Qcur-8,kernel_add_row,0.010200,28672x0x0,64x0x0,3584x32x1x1
Qcur-8,kernel_rope_neox_f32,0.008800,1792x32x1,64x1x1,128x28x32x1
Kcur-8,kernel_add_row,0.003200,4096x0x0,64x0x0,512x32x1x1
Kcur-8,kernel_rope_neox_f32,0.003400,256x32x1,64x1x1,128x4x32x1
node_284,kernel_mul_mv_q6_K_f32,1.893600,512x2048x1,2x64x1,512x32x1x1
Vcur-8,kernel_add_row,0.003000,4096x0x0,64x0x0,512x32x1x1
cache_k_l8 (view),kernel_set_rows_f16_i64,0.003600,16384x1x1,512x1x1,512x4096x1x1
cache_v_l8 (view),kernel_set_rows_f16_i64,0.003200,16384x1x1,512x1x1,512x4096x1x1
__fattn__-8,flash_attn_f32_f16,1.694200,32x28x0,32x1x0,128x28x32x1
ffn_inp-8,kernel_add,0.026600,2048x1x1,64x1x1,3584x32x1x1
ffn_norm-8,kernel_rms_norm_mul,0.013900,32768x1x1,1024x1x1,3584x32x1x1
ffn_swiglu-8,kernel_swiglu,0.101100,16384x1x1,512x1x1,18944x32x1x1
ffn_out-8,kernel_mul_mv_q6_K_f32,79.180305,3584x2048x1,2x64x1,3584x32x1x1
l_out-8,kernel_add,0.025600,2048x1x1,64x1x1,3584x32x1x1
attn_norm-9,kernel_rms_norm_mul,0.014200,32768x1x1,1024x1x1,3584x32x1x1
Qcur-9,kernel_add_row,0.011600,28672x0x0,64x0x0,3584x32x1x1
Qcur-9,kernel_rope_neox_f32,0.010300,1792x32x1,64x1x1,128x28x32x1
Kcur-9,kernel_add_row,0.005500,4096x0x0,64x0x0,512x32x1x1
Kcur-9,kernel_rope_neox_f32,0.003200,256x32x1,64x1x1,128x4x32x1
Vcur-9,kernel_add_row,0.003100,4096x0x0,64x0x0,512x32x1x1
cache_k_l9 (view),kernel_set_rows_f16_i64,0.003800,16384x1x1,512x1x1,512x4096x1x1
cache_v_l9 (view),kernel_set_rows_f16_i64,0.003400,16384x1x1,512x1x1,512x4096x1x1
__fattn__-9,flash_attn_f32_f16,1.687400,32x28x0,32x1x0,128x28x32x1
ffn_inp-9,kernel_add,0.042100,2048x1x1,64x1x1,3584x32x1x1
ffn_norm-9,kernel_rms_norm_mul,0.013500,32768x1x1,1024x1x1,3584x32x1x1
l_out-9,kernel_add,0.025800,2048x1x1,64x1x1,3584x32x1x1
attn_norm-10,kernel_rms_norm_mul,0.014000,32768x1x1,1024x1x1,3584x32x1x1
Qcur-10,kernel_add_row,0.010900,28672x0x0,64x0x0,3584x32x1x1
Qcur-10,kernel_rope_neox_f32,0.009300,1792x32x1,64x1x1,128x28x32x1
Kcur-10,kernel_add_row,0.005100,4096x0x0,64x0x0,512x32x1x1
Kcur-10,kernel_rope_neox_f32,0.003300,256x32x1,64x1x1,128x4x32x1
Vcur-10,kernel_add_row,0.003100,4096x0x0,64x0x0,512x32x1x1
cache_k_l10 (view),kernel_set_rows_f16_i64,0.003700,16384x1x1,512x1x1,512x4096x1x1
cache_v_l10 (view),kernel_set_rows_f16_i64,0.003300,16384x1x1,512x1x1,512x4096x1x1
__fattn__-10,flash_attn_f32_f16,1.691400,32x28x0,32x1x0,128x28x32x1
ffn_inp-10,kernel_add,0.024900,2048x1x1,64x1x1,3584x32x1x1
ffn_norm-10,kernel_rms_norm_mul,0.014000,32768x1x1,1024x1x1,3584x32x1x1
l_out-10,kernel_add,0.024500,2048x1x1,64x1x1,3584x32x1x1
attn_norm-11,kernel_rms_norm_mul,0.014200,32768x1x1,1024x1x1,3584x32x1x1
Qcur-11,kernel_add_row,0.010000,28672x0x0,64x0x0,3584x32x1x1
Qcur-11,kernel_rope_neox_f32,0.009000,1792x32x1,64x1x1,128x28x32x1
Kcur-11,kernel_add_row,0.003000,4096x0x0,64x0x0,512x32x1x1
Kcur-11,kernel_rope_neox_f32,0.003200,256x32x1,64x1x1,128x4x32x1
node_386,kernel_mul_mv_q6_K_f32,1.892900,512x2048x1,2x64x1,512x32x1x1
Vcur-11,kernel_add_row,0.003100,4096x0x0,64x0x0,512x32x1x1
cache_k_l11 (view),kernel_set_rows_f16_i64,0.003600,16384x1x1,512x1x1,512x4096x1x1
cache_v_l11 (view),kernel_set_rows_f16_i64,0.003300,16384x1x1,512x1x1,512x4096x1x1
__fattn__-11,flash_attn_f32_f16,1.714600,32x28x0,32x1x0,128x28x32x1
ffn_inp-11,kernel_add,0.026700,2048x1x1,64x1x1,3584x32x1x1
ffn_norm-11,kernel_rms_norm_mul,0.013500,32768x1x1,1024x1x1,3584x32x1x1
ffn_swiglu-11,kernel_swiglu,0.100500,16384x1x1,512x1x1,18944x32x1x1
ffn_out-11,kernel_mul_mv_q6_K_f32,79.197403,3584x2048x1,2x64x1,3584x32x1x1
l_out-11,kernel_add,0.025200,2048x1x1,64x1x1,3584x32x1x1
attn_norm-12,kernel_rms_norm_mul,0.014100,32768x1x1,1024x1x1,3584x32x1x1
Qcur-12,kernel_add_row,0.011600,28672x0x0,64x0x0,3584x32x1x1
Qcur-12,kernel_rope_neox_f32,0.009300,1792x32x1,64x1x1,128x28x32x1
Kcur-12,kernel_add_row,0.005300,4096x0x0,64x0x0,512x32x1x1
Kcur-12,kernel_rope_neox_f32,0.003300,256x32x1,64x1x1,128x4x32x1
Vcur-12,kernel_add_row,0.003000,4096x0x0,64x0x0,512x32x1x1
cache_k_l12 (view),kernel_set_rows_f16_i64,0.003700,16384x1x1,512x1x1,512x4096x1x1
cache_v_l12 (view),kernel_set_rows_f16_i64,0.003300,16384x1x1,512x1x1,512x4096x1x1
__fattn__-12,flash_attn_f32_f16,1.698100,32x28x0,32x1x0,128x28x32x1
ffn_inp-12,kernel_add,0.025200,2048x1x1,64x1x1,3584x32x1x1
ffn_norm-12,kernel_rms_norm_mul,0.013500,32768x1x1,1024x1x1,3584x32x1x1
l_out-12,kernel_add,0.025100,2048x1x1,64x1x1,3584x32x1x1
attn_norm-13,kernel_rms_norm_mul,0.014400,32768x1x1,1024x1x1,3584x32x1x1
Qcur-13,kernel_add_row,0.011000,28672x0x0,64x0x0,3584x32x1x1
Qcur-13,kernel_rope_neox_f32,0.009400,1792x32x1,64x1x1,128x28x32x1
Kcur-13,kernel_add_row,0.005200,4096x0x0,64x0x0,512x32x1x1
Kcur-13,kernel_rope_neox_f32,0.003300,256x32x1,64x1x1,128x4x32x1
Vcur-13,kernel_add_row,0.002900,4096x0x0,64x0x0,512x32x1x1
cache_k_l13 (view),kernel_set_rows_f16_i64,0.004000,16384x1x1,512x1x1,512x4096x1x1
cache_v_l13 (view),kernel_set_rows_f16_i64,0.003200,16384x1x1,512x1x1,512x4096x1x1
__fattn__-13,flash_attn_f32_f16,1.693900,32x28x0,32x1x0,128x28x32x1
ffn_inp-13,kernel_add,0.024500,2048x1x1,64x1x1,3584x32x1x1
ffn_norm-13,kernel_rms_norm_mul,0.013100,32768x1x1,1024x1x1,3584x32x1x1
l_out-13,kernel_add,0.025000,2048x1x1,64x1x1,3584x32x1x1
attn_norm-14,kernel_rms_norm_mul,0.014300,32768x1x1,1024x1x1,3584x32x1x1
Qcur-14,kernel_add_row,0.010500,28672x0x0,64x0x0,3584x32x1x1
Qcur-14,kernel_rope_neox_f32,0.008600,1792x32x1,64x1x1,128x28x32x1
Kcur-14,kernel_add_row,0.003000,4096x0x0,64x0x0,512x32x1x1
Kcur-14,kernel_rope_neox_f32,0.003200,256x32x1,64x1x1,128x4x32x1
node_488,kernel_mul_mv_q6_K_f32,1.889000,512x2048x1,2x64x1,512x32x1x1
Vcur-14,kernel_add_row,0.002700,4096x0x0,64x0x0,512x32x1x1
cache_k_l14 (view),kernel_set_rows_f16_i64,0.003700,16384x1x1,512x1x1,512x4096x1x1
cache_v_l14 (view),kernel_set_rows_f16_i64,0.003400,16384x1x1,512x1x1,512x4096x1x1
__fattn__-14,flash_attn_f32_f16,1.708400,32x28x0,32x1x0,128x28x32x1
ffn_inp-14,kernel_add,0.026700,2048x1x1,64x1x1,3584x32x1x1
ffn_norm-14,kernel_rms_norm_mul,0.013200,32768x1x1,1024x1x1,3584x32x1x1
ffn_swiglu-14,kernel_swiglu,0.100700,16384x1x1,512x1x1,18944x32x1x1
ffn_out-14,kernel_mul_mv_q6_K_f32,79.296303,3584x2048x1,2x64x1,3584x32x1x1
l_out-14,kernel_add,0.025100,2048x1x1,64x1x1,3584x32x1x1
attn_norm-15,kernel_rms_norm_mul,0.014200,32768x1x1,1024x1x1,3584x32x1x1
Qcur-15,kernel_add_row,0.012400,28672x0x0,64x0x0,3584x32x1x1
Qcur-15,kernel_rope_neox_f32,0.009600,1792x32x1,64x1x1,128x28x32x1
Kcur-15,kernel_add_row,0.005200,4096x0x0,64x0x0,512x32x1x1
Kcur-15,kernel_rope_neox_f32,0.003300,256x32x1,64x1x1,128x4x32x1
Vcur-15,kernel_add_row,0.005100,4096x0x0,64x0x0,512x32x1x1
cache_k_l15 (view),kernel_set_rows_f16_i64,0.003700,16384x1x1,512x1x1,512x4096x1x1
cache_v_l15 (view),kernel_set_rows_f16_i64,0.003300,16384x1x1,512x1x1,512x4096x1x1
__fattn__-15,flash_attn_f32_f16,1.722200,32x28x0,32x1x0,128x28x32x1
ffn_inp-15,kernel_add,0.030700,2048x1x1,64x1x1,3584x32x1x1
ffn_norm-15,kernel_rms_norm_mul,0.013600,32768x1x1,1024x1x1,3584x32x1x1
l_out-15,kernel_add,0.025200,2048x1x1,64x1x1,3584x32x1x1
attn_norm-16,kernel_rms_norm_mul,0.014500,32768x1x1,1024x1x1,3584x32x1x1
Qcur-16,kernel_add_row,0.011300,28672x0x0,64x0x0,3584x32x1x1
Qcur-16,kernel_rope_neox_f32,0.009100,1792x32x1,64x1x1,128x28x32x1
Kcur-16,kernel_add_row,0.005300,4096x0x0,64x0x0,512x32x1x1
Kcur-16,kernel_rope_neox_f32,0.003100,256x32x1,64x1x1,128x4x32x1
Vcur-16,kernel_add_row,0.003000,4096x0x0,64x0x0,512x32x1x1
cache_k_l16 (view),kernel_set_rows_f16_i64,0.004000,16384x1x1,512x1x1,512x4096x1x1
cache_v_l16 (view),kernel_set_rows_f16_i64,0.003300,16384x1x1,512x1x1,512x4096x1x1
__fattn__-16,flash_attn_f32_f16,1.690700,32x28x0,32x1x0,128x28x32x1
ffn_inp-16,kernel_add,0.023500,2048x1x1,64x1x1,3584x32x1x1
ffn_norm-16,kernel_rms_norm_mul,0.013200,32768x1x1,1024x1x1,3584x32x1x1
l_out-16,kernel_add,0.024200,2048x1x1,64x1x1,3584x32x1x1
attn_norm-17,kernel_rms_norm_mul,0.014000,32768x1x1,1024x1x1,3584x32x1x1
Qcur-17,kernel_add_row,0.010200,28672x0x0,64x0x0,3584x32x1x1
Qcur-17,kernel_rope_neox_f32,0.008800,1792x32x1,64x1x1,128x28x32x1
Kcur-17,kernel_add_row,0.003200,4096x0x0,64x0x0,512x32x1x1
Kcur-17,kernel_rope_neox_f32,0.003300,256x32x1,64x1x1,128x4x32x1
node_590,kernel_mul_mv_q6_K_f32,1.891700,512x2048x1,2x64x1,512x32x1x1
Vcur-17,kernel_add_row,0.003000,4096x0x0,64x0x0,512x32x1x1
cache_k_l17 (view),kernel_set_rows_f16_i64,0.003700,16384x1x1,512x1x1,512x4096x1x1
cache_v_l17 (view),kernel_set_rows_f16_i64,0.003400,16384x1x1,512x1x1,512x4096x1x1
__fattn__-17,flash_attn_f32_f16,1.713100,32x28x0,32x1x0,128x28x32x1
ffn_inp-17,kernel_add,0.026600,2048x1x1,64x1x1,3584x32x1x1
ffn_norm-17,kernel_rms_norm_mul,0.013600,32768x1x1,1024x1x1,3584x32x1x1
ffn_swiglu-17,kernel_swiglu,0.100400,16384x1x1,512x1x1,18944x32x1x1
ffn_out-17,kernel_mul_mv_q6_K_f32,79.182495,3584x2048x1,2x64x1,3584x32x1x1
l_out-17,kernel_add,0.025600,2048x1x1,64x1x1,3584x32x1x1
attn_norm-18,kernel_rms_norm_mul,0.014400,32768x1x1,1024x1x1,3584x32x1x1
Qcur-18,kernel_add_row,0.011400,28672x0x0,64x0x0,3584x32x1x1
Qcur-18,kernel_rope_neox_f32,0.009600,1792x32x1,64x1x1,128x28x32x1
Kcur-18,kernel_add_row,0.005600,4096x0x0,64x0x0,512x32x1x1
Kcur-18,kernel_rope_neox_f32,0.003300,256x32x1,64x1x1,128x4x32x1
Vcur-18,kernel_add_row,0.005000,4096x0x0,64x0x0,512x32x1x1
cache_k_l18 (view),kernel_set_rows_f16_i64,0.003800,16384x1x1,512x1x1,512x4096x1x1
cache_v_l18 (view),kernel_set_rows_f16_i64,0.003300,16384x1x1,512x1x1,512x4096x1x1
__fattn__-18,flash_attn_f32_f16,1.704100,32x28x0,32x1x0,128x28x32x1
ffn_inp-18,kernel_add,0.026100,2048x1x1,64x1x1,3584x32x1x1
ffn_norm-18,kernel_rms_norm_mul,0.013500,32768x1x1,1024x1x1,3584x32x1x1
l_out-18,kernel_add,0.024900,2048x1x1,64x1x1,3584x32x1x1
attn_norm-19,kernel_rms_norm_mul,0.014200,32768x1x1,1024x1x1,3584x32x1x1
Qcur-19,kernel_add_row,0.011500,28672x0x0,64x0x0,3584x32x1x1
Qcur-19,kernel_rope_neox_f32,0.009300,1792x32x1,64x1x1,128x28x32x1
Kcur-19,kernel_add_row,0.005000,4096x0x0,64x0x0,512x32x1x1
Kcur-19,kernel_rope_neox_f32,0.003200,256x32x1,64x1x1,128x4x32x1
Vcur-19,kernel_add_row,0.003200,4096x0x0,64x0x0,512x32x1x1
cache_k_l19 (view),kernel_set_rows_f16_i64,0.003700,16384x1x1,512x1x1,512x4096x1x1
cache_v_l19 (view),kernel_set_rows_f16_i64,0.003400,16384x1x1,512x1x1,512x4096x1x1
__fattn__-19,flash_attn_f32_f16,1.704400,32x28x0,32x1x0,128x28x32x1
ffn_inp-19,kernel_add,0.024600,2048x1x1,64x1x1,3584x32x1x1
ffn_norm-19,kernel_rms_norm_mul,0.013200,32768x1x1,1024x1x1,3584x32x1x1
l_out-19,kernel_add,0.025100,2048x1x1,64x1x1,3584x32x1x1
attn_norm-20,kernel_rms_norm_mul,0.014300,32768x1x1,1024x1x1,3584x32x1x1
Qcur-20,kernel_add_row,0.010400,28672x0x0,64x0x0,3584x32x1x1
Qcur-20,kernel_rope_neox_f32,0.008700,1792x32x1,64x1x1,128x28x32x1
Kcur-20,kernel_add_row,0.003000,4096x0x0,64x0x0,512x32x1x1
Kcur-20,kernel_rope_neox_f32,0.003200,256x32x1,64x1x1,128x4x32x1
node_692,kernel_mul_mv_q6_K_f32,1.891000,512x2048x1,2x64x1,512x32x1x1
Vcur-20,kernel_add_row,0.003000,4096x0x0,64x0x0,512x32x1x1
cache_k_l20 (view),kernel_set_rows_f16_i64,0.003800,16384x1x1,512x1x1,512x4096x1x1
cache_v_l20 (view),kernel_set_rows_f16_i64,0.003300,16384x1x1,512x1x1,512x4096x1x1
__fattn__-20,flash_attn_f32_f16,1.724000,32x28x0,32x1x0,128x28x32x1
ffn_inp-20,kernel_add,0.026700,2048x1x1,64x1x1,3584x32x1x1
ffn_norm-20,kernel_rms_norm_mul,0.013300,32768x1x1,1024x1x1,3584x32x1x1
ffn_swiglu-20,kernel_swiglu,0.100400,16384x1x1,512x1x1,18944x32x1x1
ffn_out-20,kernel_mul_mv_q6_K_f32,79.188095,3584x2048x1,2x64x1,3584x32x1x1
l_out-20,kernel_add,0.025000,2048x1x1,64x1x1,3584x32x1x1
attn_norm-21,kernel_rms_norm_mul,0.014500,32768x1x1,1024x1x1,3584x32x1x1
Qcur-21,kernel_add_row,0.011100,28672x0x0,64x0x0,3584x32x1x1
Qcur-21,kernel_rope_neox_f32,0.009500,1792x32x1,64x1x1,128x28x32x1
Kcur-21,kernel_add_row,0.005300,4096x0x0,64x0x0,512x32x1x1
Kcur-21,kernel_rope_neox_f32,0.003300,256x32x1,64x1x1,128x4x32x1
Vcur-21,kernel_add_row,0.003100,4096x0x0,64x0x0,512x32x1x1
cache_k_l21 (view),kernel_set_rows_f16_i64,0.003700,16384x1x1,512x1x1,512x4096x1x1
cache_v_l21 (view),kernel_set_rows_f16_i64,0.003400,16384x1x1,512x1x1,512x4096x1x1
__fattn__-21,flash_attn_f32_f16,1.709900,32x28x0,32x1x0,128x28x32x1
ffn_inp-21,kernel_add,0.025600,2048x1x1,64x1x1,3584x32x1x1
ffn_norm-21,kernel_rms_norm_mul,0.013600,32768x1x1,1024x1x1,3584x32x1x1
l_out-21,kernel_add,0.026300,2048x1x1,64x1x1,3584x32x1x1
attn_norm-22,kernel_rms_norm_mul,0.014600,32768x1x1,1024x1x1,3584x32x1x1
Qcur-22,kernel_add_row,0.011800,28672x0x0,64x0x0,3584x32x1x1
Qcur-22,kernel_rope_neox_f32,0.009100,1792x32x1,64x1x1,128x28x32x1
Kcur-22,kernel_add_row,0.005300,4096x0x0,64x0x0,512x32x1x1
Kcur-22,kernel_rope_neox_f32,0.003300,256x32x1,64x1x1,128x4x32x1
Vcur-22,kernel_add_row,0.003000,4096x0x0,64x0x0,512x32x1x1
cache_k_l22 (view),kernel_set_rows_f16_i64,0.004000,16384x1x1,512x1x1,512x4096x1x1
cache_v_l22 (view),kernel_set_rows_f16_i64,0.003200,16384x1x1,512x1x1,512x4096x1x1
__fattn__-22,flash_attn_f32_f16,1.665100,32x28x0,32x1x0,128x28x32x1
ffn_inp-22,kernel_add,0.024500,2048x1x1,64x1x1,3584x32x1x1
ffn_norm-22,kernel_rms_norm_mul,0.013500,32768x1x1,1024x1x1,3584x32x1x1
l_out-22,kernel_add,0.024600,2048x1x1,64x1x1,3584x32x1x1
attn_norm-23,kernel_rms_norm_mul,0.014200,32768x1x1,1024x1x1,3584x32x1x1
Qcur-23,kernel_add_row,0.010300,28672x0x0,64x0x0,3584x32x1x1
Qcur-23,kernel_rope_neox_f32,0.008700,1792x32x1,64x1x1,128x28x32x1
Kcur-23,kernel_add_row,0.003200,4096x0x0,64x0x0,512x32x1x1
Kcur-23,kernel_rope_neox_f32,0.003300,256x32x1,64x1x1,128x4x32x1
node_794,kernel_mul_mv_q6_K_f32,1.893000,512x2048x1,2x64x1,512x32x1x1
Vcur-23,kernel_add_row,0.003000,4096x0x0,64x0x0,512x32x1x1
cache_k_l23 (view),kernel_set_rows_f16_i64,0.003700,16384x1x1,512x1x1,512x4096x1x1
cache_v_l23 (view),kernel_set_rows_f16_i64,0.003300,16384x1x1,512x1x1,512x4096x1x1
__fattn__-23,flash_attn_f32_f16,1.701700,32x28x0,32x1x0,128x28x32x1
ffn_inp-23,kernel_add,0.026300,2048x1x1,64x1x1,3584x32x1x1
ffn_norm-23,kernel_rms_norm_mul,0.013300,32768x1x1,1024x1x1,3584x32x1x1
ffn_swiglu-23,kernel_swiglu,0.100200,16384x1x1,512x1x1,18944x32x1x1
ffn_out-23,kernel_mul_mv_q6_K_f32,79.127602,3584x2048x1,2x64x1,3584x32x1x1
l_out-23,kernel_add,0.025200,2048x1x1,64x1x1,3584x32x1x1
attn_norm-24,kernel_rms_norm_mul,0.014500,32768x1x1,1024x1x1,3584x32x1x1
Qcur-24,kernel_add_row,0.012000,28672x0x0,64x0x0,3584x32x1x1
Qcur-24,kernel_rope_neox_f32,0.009000,1792x32x1,64x1x1,128x28x32x1
Kcur-24,kernel_add_row,0.005100,4096x0x0,64x0x0,512x32x1x1
Kcur-24,kernel_rope_neox_f32,0.003200,256x32x1,64x1x1,128x4x32x1
node_828,kernel_mul_mv_q6_K_f32,1.894400,512x2048x1,2x64x1,512x32x1x1
Vcur-24,kernel_add_row,0.003000,4096x0x0,64x0x0,512x32x1x1
cache_k_l24 (view),kernel_set_rows_f16_i64,0.003700,16384x1x1,512x1x1,512x4096x1x1
cache_v_l24 (view),kernel_set_rows_f16_i64,0.003400,16384x1x1,512x1x1,512x4096x1x1
__fattn__-24,flash_attn_f32_f16,1.704400,32x28x0,32x1x0,128x28x32x1
ffn_inp-24,kernel_add,0.027100,2048x1x1,64x1x1,3584x32x1x1
ffn_norm-24,kernel_rms_norm_mul,0.013300,32768x1x1,1024x1x1,3584x32x1x1
ffn_swiglu-24,kernel_swiglu,0.099300,16384x1x1,512x1x1,18944x32x1x1
ffn_out-24,kernel_mul_mv_q6_K_f32,79.213402,3584x2048x1,2x64x1,3584x32x1x1
l_out-24,kernel_add,0.024800,2048x1x1,64x1x1,3584x32x1x1
attn_norm-25,kernel_rms_norm_mul,0.014700,32768x1x1,1024x1x1,3584x32x1x1
Qcur-25,kernel_add_row,0.011900,28672x0x0,64x0x0,3584x32x1x1
Qcur-25,kernel_rope_neox_f32,0.008800,1792x32x1,64x1x1,128x28x32x1
Kcur-25,kernel_add_row,0.005300,4096x0x0,64x0x0,512x32x1x1
Kcur-25,kernel_rope_neox_f32,0.003300,256x32x1,64x1x1,128x4x32x1
node_862,kernel_mul_mv_q6_K_f32,1.892600,512x2048x1,2x64x1,512x32x1x1
Vcur-25,kernel_add_row,0.002700,4096x0x0,64x0x0,512x32x1x1
cache_k_l25 (view),kernel_set_rows_f16_i64,0.003800,16384x1x1,512x1x1,512x4096x1x1
cache_v_l25 (view),kernel_set_rows_f16_i64,0.003400,16384x1x1,512x1x1,512x4096x1x1
__fattn__-25,flash_attn_f32_f16,1.704800,32x28x0,32x1x0,128x28x32x1
ffn_inp-25,kernel_add,0.026900,2048x1x1,64x1x1,3584x32x1x1
ffn_norm-25,kernel_rms_norm_mul,0.013900,32768x1x1,1024x1x1,3584x32x1x1
ffn_swiglu-25,kernel_swiglu,0.100100,16384x1x1,512x1x1,18944x32x1x1
ffn_out-25,kernel_mul_mv_q6_K_f32,79.081299,3584x2048x1,2x64x1,3584x32x1x1
l_out-25,kernel_add,0.026000,2048x1x1,64x1x1,3584x32x1x1
attn_norm-26,kernel_rms_norm_mul,0.014400,32768x1x1,1024x1x1,3584x32x1x1
Qcur-26,kernel_add_row,0.012600,28672x0x0,64x0x0,3584x32x1x1
Qcur-26,kernel_rope_neox_f32,0.009100,1792x32x1,64x1x1,128x28x32x1
Kcur-26,kernel_add_row,0.005100,4096x0x0,64x0x0,512x32x1x1
Kcur-26,kernel_rope_neox_f32,0.003200,256x32x1,64x1x1,128x4x32x1
node_896,kernel_mul_mv_q6_K_f32,1.894200,512x2048x1,2x64x1,512x32x1x1
Vcur-26,kernel_add_row,0.003000,4096x0x0,64x0x0,512x32x1x1
cache_k_l26 (view),kernel_set_rows_f16_i64,0.004100,16384x1x1,512x1x1,512x4096x1x1
cache_v_l26 (view),kernel_set_rows_f16_i64,0.003400,16384x1x1,512x1x1,512x4096x1x1
__fattn__-26,flash_attn_f32_f16,1.720600,32x28x0,32x1x0,128x28x32x1
ffn_inp-26,kernel_add,0.026700,2048x1x1,64x1x1,3584x32x1x1
ffn_norm-26,kernel_rms_norm_mul,0.013200,32768x1x1,1024x1x1,3584x32x1x1
ffn_swiglu-26,kernel_swiglu,0.099900,16384x1x1,512x1x1,18944x32x1x1
ffn_out-26,kernel_mul_mv_q6_K_f32,79.097298,3584x2048x1,2x64x1,3584x32x1x1
l_out-26,kernel_add,0.025300,2048x1x1,64x1x1,3584x32x1x1
attn_norm-27,kernel_rms_norm_mul,0.014400,32768x1x1,1024x1x1,3584x32x1x1
Qcur-27,kernel_add_row,0.011600,28672x0x0,64x0x0,3584x32x1x1
Qcur-27,kernel_rope_neox_f32,0.009000,1792x32x1,64x1x1,128x28x32x1
Kcur-27,kernel_add_row,0.005200,4096x0x0,64x0x0,512x32x1x1
Kcur-27,kernel_rope_neox_f32,0.003200,256x32x1,64x1x1,128x4x32x1
node_930,kernel_mul_mv_q6_K_f32,1.896200,512x2048x1,2x64x1,512x32x1x1
Vcur-27,kernel_add_row,0.003000,4096x0x0,64x0x0,512x32x1x1
cache_k_l27 (view),kernel_set_rows_f16_i64,0.003700,16384x1x1,512x1x1,512x4096x1x1
cache_v_l27 (view),kernel_set_rows_f16_i64,0.003300,16384x1x1,512x1x1,512x4096x1x1
__fattn__-27,flash_attn_f32_f16,1.722200,32x28x0,32x1x0,128x28x32x1
attn_norm-0,kernel_rms_norm_mul,0.016900,32768x1x1,1024x1x1,3584x32x1x1
Qcur-0,kernel_add_row,0.011900,28672x0x0,64x0x0,3584x32x1x1
Qcur-0,kernel_rope_neox_f32,0.009200,1792x32x1,64x1x1,128x28x32x1
Kcur-0,kernel_add_row,0.003000,4096x0x0,64x0x0,512x32x1x1
Kcur-0,kernel_rope_neox_f32,0.003200,256x32x1,64x1x1,128x4x32x1
node_11,kernel_mul_mv_q6_K_f32,1.893600,512x2048x1,2x64x1,512x32x1x1
Vcur-0,kernel_add_row,0.002900,4096x0x0,64x0x0,512x32x1x1
cache_k_l0 (view),kernel_set_rows_f16_i64,0.003700,16384x1x1,512x1x1,512x4096x1x1
cache_v_l0 (view),kernel_set_rows_f16_i64,0.003300,16384x1x1,512x1x1,512x4096x1x1
 (copy),kernel_cpy_f32_f16,0.005000,4096x1x1,64x1x1,512x64x1x1
__fattn__-0,flash_attn_f32_f16,3.437000,32x28x0,32x1x0,128x28x32x1
ffn_inp-0,kernel_add,0.026200,2048x1x1,64x1x1,3584x32x1x1
ffn_norm-0,kernel_rms_norm_mul,0.013300,32768x1x1,1024x1x1,3584x32x1x1
ffn_swiglu-0,kernel_swiglu,0.104900,16384x1x1,512x1x1,18944x32x1x1
ffn_out-0,kernel_mul_mv_q6_K_f32,81.023697,3584x2048x1,2x64x1,3584x32x1x1
l_out-0,kernel_add,0.025100,2048x1x1,64x1x1,3584x32x1x1
attn_norm-1,kernel_rms_norm_mul,0.014300,32768x1x1,1024x1x1,3584x32x1x1
Qcur-1,kernel_add_row,0.011800,28672x0x0,64x0x0,3584x32x1x1
Qcur-1,kernel_rope_neox_f32,0.008800,1792x32x1,64x1x1,128x28x32x1
Kcur-1,kernel_add_row,0.005300,4096x0x0,64x0x0,512x32x1x1
Kcur-1,kernel_rope_neox_f32,0.003200,256x32x1,64x1x1,128x4x32x1
node_46,kernel_mul_mv_q6_K_f32,1.896800,512x2048x1,2x64x1,512x32x1x1
Vcur-1,kernel_add_row,0.003000,4096x0x0,64x0x0,512x32x1x1
cache_k_l1 (view),kernel_set_rows_f16_i64,0.003700,16384x1x1,512x1x1,512x4096x1x1
cache_v_l1 (view),kernel_set_rows_f16_i64,0.003300,16384x1x1,512x1x1,512x4096x1x1
__fattn__-1,flash_attn_f32_f16,3.465300,32x28x0,32x1x0,128x28x32x1
ffn_inp-1,kernel_add,0.027800,2048x1x1,64x1x1,3584x32x1x1
ffn_norm-1,kernel_rms_norm_mul,0.013300,32768x1x1,1024x1x1,3584x32x1x1
ffn_swiglu-1,kernel_swiglu,0.101100,16384x1x1,512x1x1,18944x32x1x1
ffn_out-1,kernel_mul_mv_q6_K_f32,80.999802,3584x2048x1,2x64x1,3584x32x1x1
l_out-1,kernel_add,0.025100,2048x1x1,64x1x1,3584x32x1x1
attn_norm-2,kernel_rms_norm_mul,0.014200,32768x1x1,1024x1x1,3584x32x1x1
Qcur-2,kernel_add_row,0.011500,28672x0x0,64x0x0,3584x32x1x1
Qcur-2,kernel_rope_neox_f32,0.008600,1792x32x1,64x1x1,128x28x32x1
Kcur-2,kernel_add_row,0.005200,4096x0x0,64x0x0,512x32x1x1
Kcur-2,kernel_rope_neox_f32,0.003200,256x32x1,64x1x1,128x4x32x1
node_80,kernel_mul_mv_q6_K_f32,1.895700,512x2048x1,2x64x1,512x32x1x1
Vcur-2,kernel_add_row,0.003100,4096x0x0,64x0x0,512x32x1x1
cache_k_l2 (view),kernel_set_rows_f16_i64,0.003700,16384x1x1,512x1x1,512x4096x1x1
cache_v_l2 (view),kernel_set_rows_f16_i64,0.003400,16384x1x1,512x1x1,512x4096x1x1
__fattn__-2,flash_attn_f32_f16,3.468200,32x28x0,32x1x0,128x28x32x1
ffn_inp-2,kernel_add,0.027500,2048x1x1,64x1x1,3584x32x1x1
ffn_norm-2,kernel_rms_norm_mul,0.013500,32768x1x1,1024x1x1,3584x32x1x1
ffn_swiglu-2,kernel_swiglu,0.102800,16384x1x1,512x1x1,18944x32x1x1
ffn_out-2,kernel_mul_mv_q6_K_f32,79.259598,3584x2048x1,2x64x1,3584x32x1x1
l_out-2,kernel_add,0.025200,2048x1x1,64x1x1,3584x32x1x1
attn_norm-3,kernel_rms_norm_mul,0.014200,32768x1x1,1024x1x1,3584x32x1x1
Qcur-3,kernel_add_row,0.011800,28672x0x0,64x0x0,3584x32x1x1
Qcur-3,kernel_rope_neox_f32,0.008800,1792x32x1,64x1x1,128x28x32x1
Kcur-3,kernel_add_row,0.005300,4096x0x0,64x0x0,512x32x1x1
Kcur-3,kernel_rope_neox_f32,0.003200,256x32x1,64x1x1,128x4x32x1
Vcur-3,kernel_add_row,0.003000,4096x0x0,64x0x0,512x32x1x1
cache_k_l3 (view),kernel_set_rows_f16_i64,0.003800,16384x1x1,512x1x1,512x4096x1x1
cache_v_l3 (view),kernel_set_rows_f16_i64,0.003400,16384x1x1,512x1x1,512x4096x1x1
__fattn__-3,flash_attn_f32_f16,3.436900,32x28x0,32x1x0,128x28x32x1
ffn_inp-3,kernel_add,0.025800,2048x1x1,64x1x1,3584x32x1x1
ffn_norm-3,kernel_rms_norm_mul,0.013200,32768x1x1,1024x1x1,3584x32x1x1
l_out-3,kernel_add,0.025300,2048x1x1,64x1x1,3584x32x1x1
attn_norm-4,kernel_rms_norm_mul,0.014300,32768x1x1,1024x1x1,3584x32x1x1
Qcur-4,kernel_add_row,0.010900,28672x0x0,64x0x0,3584x32x1x1
Qcur-4,kernel_rope_neox_f32,0.009300,1792x32x1,64x1x1,128x28x32x1
Kcur-4,kernel_add_row,0.005000,4096x0x0,64x0x0,512x32x1x1
Kcur-4,kernel_rope_neox_f32,0.003300,256x32x1,64x1x1,128x4x32x1
Vcur-4,kernel_add_row,0.003000,4096x0x0,64x0x0,512x32x1x1
cache_k_l4 (view),kernel_set_rows_f16_i64,0.003700,16384x1x1,512x1x1,512x4096x1x1
cache_v_l4 (view),kernel_set_rows_f16_i64,0.003300,16384x1x1,512x1x1,512x4096x1x1
__fattn__-4,flash_attn_f32_f16,3.544600,32x28x0,32x1x0,128x28x32x1
ffn_inp-4,kernel_add,0.025700,2048x1x1,64x1x1,3584x32x1x1
ffn_norm-4,kernel_rms_norm_mul,0.013300,32768x1x1,1024x1x1,3584x32x1x1
l_out-4,kernel_add,0.026700,2048x1x1,64x1x1,3584x32x1x1
attn_norm-5,kernel_rms_norm_mul,0.014700,32768x1x1,1024x1x1,3584x32x1x1
Qcur-5,kernel_add_row,0.010700,28672x0x0,64x0x0,3584x32x1x1
Qcur-5,kernel_rope_neox_f32,0.008700,1792x32x1,64x1x1,128x28x32x1
Kcur-5,kernel_add_row,0.003200,4096x0x0,64x0x0,512x32x1x1
Kcur-5,kernel_rope_neox_f32,0.003100,256x32x1,64x1x1,128x4x32x1
node_182,kernel_mul_mv_q6_K_f32,1.896300,512x2048x1,2x64x1,512x32x1x1
Vcur-5,kernel_add_row,0.002900,4096x0x0,64x0x0,512x32x1x1
cache_k_l5 (view),kernel_set_rows_f16_i64,0.004200,16384x1x1,512x1x1,512x4096x1x1
cache_v_l5 (view),kernel_set_rows_f16_i64,0.003200,16384x1x1,512x1x1,512x4096x1x1
__fattn__-5,flash_attn_f32_f16,3.450200,32x28x0,32x1x0,128x28x32x1
ffn_inp-5,kernel_add,0.027800,2048x1x1,64x1x1,3584x32x1x1
ffn_norm-5,kernel_rms_norm_mul,0.013200,32768x1x1,1024x1x1,3584x32x1x1
ffn_swiglu-5,kernel_swiglu,0.101700,16384x1x1,512x1x1,18944x32x1x1
ffn_out-5,kernel_mul_mv_q6_K_f32,79.230598,3584x2048x1,2x64x1,3584x32x1x1
l_out-5,kernel_add,0.025100,2048x1x1,64x1x1,3584x32x1x1
attn_norm-6,kernel_rms_norm_mul,0.014400,32768x1x1,1024x1x1,3584x32x1x1
Qcur-6,kernel_add_row,0.011600,28672x0x0,64x0x0,3584x32x1x1
Qcur-6,kernel_rope_neox_f32,0.009900,1792x32x1,64x1x1,128x28x32x1
Kcur-6,kernel_add_row,0.005600,4096x0x0,64x0x0,512x32x1x1
Kcur-6,kernel_rope_neox_f32,0.003200,256x32x1,64x1x1,128x4x32x1
Vcur-6,kernel_add_row,0.005100,4096x0x0,64x0x0,512x32x1x1
cache_k_l6 (view),kernel_set_rows_f16_i64,0.003800,16384x1x1,512x1x1,512x4096x1x1
cache_v_l6 (view),kernel_set_rows_f16_i64,0.003300,16384x1x1,512x1x1,512x4096x1x1
__fattn__-6,flash_attn_f32_f16,3.466500,32x28x0,32x1x0,128x28x32x1
ffn_inp-6,kernel_add,0.027300,2048x1x1,64x1x1,3584x32x1x1
ffn_norm-6,kernel_rms_norm_mul,0.013400,32768x1x1,1024x1x1,3584x32x1x1
l_out-6,kernel_add,0.025500,2048x1x1,64x1x1,3584x32x1x1
attn_norm-7,kernel_rms_norm_mul,0.014100,32768x1x1,1024x1x1,3584x32x1x1
Qcur-7,kernel_add_row,0.011100,28672x0x0,64x0x0,3584x32x1x1
Qcur-7,kernel_rope_neox_f32,0.008900,1792x32x1,64x1x1,128x28x32x1
Kcur-7,kernel_add_row,0.005100,4096x0x0,64x0x0,512x32x1x1
Kcur-7,kernel_rope_neox_f32,0.003100,256x32x1,64x1x1,128x4x32x1
Vcur-7,kernel_add_row,0.003000,4096x0x0,64x0x0,512x32x1x1
cache_k_l7 (view),kernel_set_rows_f16_i64,0.003700,16384x1x1,512x1x1,512x4096x1x1
cache_v_l7 (view),kernel_set_rows_f16_i64,0.003300,16384x1x1,512x1x1,512x4096x1x1
__fattn__-7,flash_attn_f32_f16,3.431600,32x28x0,32x1x0,128x28x32x1
ffn_inp-7,kernel_add,0.026200,2048x1x1,64x1x1,3584x32x1x1
ffn_norm-7,kernel_rms_norm_mul,0.013400,32768x1x1,1024x1x1,3584x32x1x1
l_out-7,kernel_add,0.025200,2048x1x1,64x1x1,3584x32x1x1
attn_norm-8,kernel_rms_norm_mul,0.014400,32768x1x1,1024x1x1,3584x32x1x1
Qcur-8,kernel_add_row,0.010300,28672x0x0,64x0x0,3584x32x1x1
Qcur-8,kernel_rope_neox_f32,0.008900,1792x32x1,64x1x1,128x28x32x1
Kcur-8,kernel_add_row,0.003300,4096x0x0,64x0x0,512x32x1x1
Kcur-8,kernel_rope_neox_f32,0.003200,256x32x1,64x1x1,128x4x32x1
node_284,kernel_mul_mv_q6_K_f32,1.891100,512x2048x1,2x64x1,512x32x1x1
Vcur-8,kernel_add_row,0.003000,4096x0x0,64x0x0,512x32x1x1
cache_k_l8 (view),kernel_set_rows_f16_i64,0.003700,16384x1x1,512x1x1,512x4096x1x1
cache_v_l8 (view),kernel_set_rows_f16_i64,0.003300,16384x1x1,512x1x1,512x4096x1x1
__fattn__-8,flash_attn_f32_f16,3.438500,32x28x0,32x1x0,128x28x32x1
ffn_inp-8,kernel_add,0.027900,2048x1x1,64x1x1,3584x32x1x1
ffn_norm-8,kernel_rms_norm_mul,0.013000,32768x1x1,1024x1x1,3584x32x1x1
ffn_swiglu-8,kernel_swiglu,0.102800,16384x1x1,512x1x1,18944x32x1x1
ffn_out-8,kernel_mul_mv_q6_K_f32,79.135597,3584x2048x1,2x64x1,3584x32x1x1
l_out-8,kernel_add,0.025400,2048x1x1,64x1x1,3584x32x1x1
attn_norm-9,kernel_rms_norm_mul,0.014300,32768x1x1,1024x1x1,3584x32x1x1
Qcur-9,kernel_add_row,0.011600,28672x0x0,64x0x0,3584x32x1x1
Qcur-9,kernel_rope_neox_f32,0.009800,1792x32x1,64x1x1,128x28x32x1
Kcur-9,kernel_add_row,0.005300,4096x0x0,64x0x0,512x32x1x1
Kcur-9,kernel_rope_neox_f32,0.003200,256x32x1,64x1x1,128x4x32x1
Vcur-9,kernel_add_row,0.005000,4096x0x0,64x0x0,512x32x1x1
cache_k_l9 (view),kernel_set_rows_f16_i64,0.003600,16384x1x1,512x1x1,512x4096x1x1
cache_v_l9 (view),kernel_set_rows_f16_i64,0.003400,16384x1x1,512x1x1,512x4096x1x1
__fattn__-9,flash_attn_f32_f16,3.448300,32x28x0,32x1x0,128x28x32x1
ffn_inp-9,kernel_add,0.026500,2048x1x1,64x1x1,3584x32x1x1
ffn_norm-9,kernel_rms_norm_mul,0.013400,32768x1x1,1024x1x1,3584x32x1x1
l_out-9,kernel_add,0.024800,2048x1x1,64x1x1,3584x32x1x1
attn_norm-10,kernel_rms_norm_mul,0.014400,32768x1x1,1024x1x1,3584x32x1x1
Qcur-10,kernel_add_row,0.011000,28672x0x0,64x0x0,3584x32x1x1
Qcur-10,kernel_rope_neox_f32,0.009200,1792x32x1,64x1x1,128x28x32x1
Kcur-10,kernel_add_row,0.005300,4096x0x0,64x0x0,512x32x1x1
Kcur-10,kernel_rope_neox_f32,0.003300,256x32x1,64x1x1,128x4x32x1
Vcur-10,kernel_add_row,0.003100,4096x0x0,64x0x0,512x32x1x1
cache_k_l10 (view),kernel_set_rows_f16_i64,0.003700,16384x1x1,512x1x1,512x4096x1x1
cache_v_l10 (view),kernel_set_rows_f16_i64,0.003200,16384x1x1,512x1x1,512x4096x1x1
__fattn__-10,flash_attn_f32_f16,3.441700,32x28x0,32x1x0,128x28x32x1
ffn_inp-10,kernel_add,0.025400,2048x1x1,64x1x1,3584x32x1x1
ffn_norm-10,kernel_rms_norm_mul,0.013300,32768x1x1,1024x1x1,3584x32x1x1
l_out-10,kernel_add,0.025000,2048x1x1,64x1x1,3584x32x1x1
attn_norm-11,kernel_rms_norm_mul,0.014500,32768x1x1,1024x1x1,3584x32x1x1
Qcur-11,kernel_add_row,0.010300,28672x0x0,64x0x0,3584x32x1x1
Qcur-11,kernel_rope_neox_f32,0.008800,1792x32x1,64x1x1,128x28x32x1
Kcur-11,kernel_add_row,0.003100,4096x0x0,64x0x0,512x32x1x1
Kcur-11,kernel_rope_neox_f32,0.003200,256x32x1,64x1x1,128x4x32x1
node_386,kernel_mul_mv_q6_K_f32,1.890000,512x2048x1,2x64x1,512x32x1x1
Vcur-11,kernel_add_row,0.003000,4096x0x0,64x0x0,512x32x1x1
cache_k_l11 (view),kernel_set_rows_f16_i64,0.003600,16384x1x1,512x1x1,512x4096x1x1
cache_v_l11 (view),kernel_set_rows_f16_i64,0.003300,16384x1x1,512x1x1,512x4096x1x1
__fattn__-11,flash_attn_f32_f16,3.451700,32x28x0,32x1x0,128x28x32x1
ffn_inp-11,kernel_add,0.026400,2048x1x1,64x1x1,3584x32x1x1
ffn_norm-11,kernel_rms_norm_mul,0.013400,32768x1x1,1024x1x1,3584x32x1x1
ffn_swiglu-11,kernel_swiglu,0.099900,16384x1x1,512x1x1,18944x32x1x1
ffn_out-11,kernel_mul_mv_q6_K_f32,79.195999,3584x2048x1,2x64x1,3584x32x1x1
l_out-11,kernel_add,0.025500,2048x1x1,64x1x1,3584x32x1x1
attn_norm-12,kernel_rms_norm_mul,0.014100,32768x1x1,1024x1x1,3584x32x1x1
Qcur-12,kernel_add_row,0.011300,28672x0x0,64x0x0,3584x32x1x1
Qcur-12,kernel_rope_neox_f32,0.009800,1792x32x1,64x1x1,128x28x32x1
Kcur-12,kernel_add_row,0.005300,4096x0x0,64x0x0,512x32x1x1
Kcur-12,kernel_rope_neox_f32,0.003300,256x32x1,64x1x1,128x4x32x1
Vcur-12,kernel_add_row,0.003000,4096x0x0,64x0x0,512x32x1x1
cache_k_l12 (view),kernel_set_rows_f16_i64,0.003600,16384x1x1,512x1x1,512x4096x1x1
cache_v_l12 (view),kernel_set_rows_f16_i64,0.003400,16384x1x1,512x1x1,512x4096x1x1
__fattn__-12,flash_attn_f32_f16,3.461100,32x28x0,32x1x0,128x28x32x1
ffn_inp-12,kernel_add,0.026100,2048x1x1,64x1x1,3584x32x1x1
ffn_norm-12,kernel_rms_norm_mul,0.013200,32768x1x1,1024x1x1,3584x32x1x1
l_out-12,kernel_add,0.025500,2048x1x1,64x1x1,3584x32x1x1
attn_norm-13,kernel_rms_norm_mul,0.014700,32768x1x1,1024x1x1,3584x32x1x1
Qcur-13,kernel_add_row,0.011200,28672x0x0,64x0x0,3584x32x1x1
Qcur-13,kernel_rope_neox_f32,0.009300,1792x32x1,64x1x1,128x28x32x1
Kcur-13,kernel_add_row,0.005300,4096x0x0,64x0x0,512x32x1x1
Kcur-13,kernel_rope_neox_f32,0.003200,256x32x1,64x1x1,128x4x32x1
Vcur-13,kernel_add_row,0.003000,4096x0x0,64x0x0,512x32x1x1
cache_k_l13 (view),kernel_set_rows_f16_i64,0.004100,16384x1x1,512x1x1,512x4096x1x1
cache_v_l13 (view),kernel_set_rows_f16_i64,0.003300,16384x1x1,512x1x1,512x4096x1x1
__fattn__-13,flash_attn_f32_f16,3.436400,32x28x0,32x1x0,128x28x32x1
ffn_inp-13,kernel_add,0.026100,2048x1x1,64x1x1,3584x32x1x1
ffn_norm-13,kernel_rms_norm_mul,0.013600,32768x1x1,1024x1x1,3584x32x1x1
l_out-13,kernel_add,0.024400,2048x1x1,64x1x1,3584x32x1x1
attn_norm-14,kernel_rms_norm_mul,0.014000,32768x1x1,1024x1x1,3584x32x1x1
Qcur-14,kernel_add_row,0.010500,28672x0x0,64x0x0,3584x32x1x1
Qcur-14,kernel_rope_neox_f32,0.008700,1792x32x1,64x1x1,128x28x32x1
Kcur-14,kernel_add_row,0.003100,4096x0x0,64x0x0,512x32x1x1
Kcur-14,kernel_rope_neox_f32,0.003300,256x32x1,64x1x1,128x4x32x1
node_488,kernel_mul_mv_q6_K_f32,1.890900,512x2048x1,2x64x1,512x32x1x1
Vcur-14,kernel_add_row,0.003000,4096x0x0,64x0x0,512x32x1x1
cache_k_l14 (view),kernel_set_rows_f16_i64,0.003700,16384x1x1,512x1x1,512x4096x1x1
cache_v_l14 (view),kernel_set_rows_f16_i64,0.003300,16384x1x1,512x1x1,512x4096x1x1
__fattn__-14,flash_attn_f32_f16,3.424100,32x28x0,32x1x0,128x28x32x1
ffn_inp-14,kernel_add,0.027200,2048x1x1,64x1x1,3584x32x1x1
ffn_norm-14,kernel_rms_norm_mul,0.013400,32768x1x1,1024x1x1,3584x32x1x1
ffn_swiglu-14,kernel_swiglu,0.102400,16384x1x1,512x1x1,18944x32x1x1
ffn_out-14,kernel_mul_mv_q6_K_f32,79.253105,3584x2048x1,2x64x1,3584x32x1x1
l_out-14,kernel_add,0.025200,2048x1x1,64x1x1,3584x32x1x1
attn_norm-15,kernel_rms_norm_mul,0.014500,32768x1x1,1024x1x1,3584x32x1x1
Qcur-15,kernel_add_row,0.010900,28672x0x0,64x0x0,3584x32x1x1
Qcur-15,kernel_rope_neox_f32,0.010000,1792x32x1,64x1x1,128x28x32x1
Kcur-15,kernel_add_row,0.005300,4096x0x0,64x0x0,512x32x1x1
Kcur-15,kernel_rope_neox_f32,0.003200,256x32x1,64x1x1,128x4x32x1
Vcur-15,kernel_add_row,0.002900,4096x0x0,64x0x0,512x32x1x1
cache_k_l15 (view),kernel_set_rows_f16_i64,0.003700,16384x1x1,512x1x1,512x4096x1x1
cache_v_l15 (view),kernel_set_rows_f16_i64,0.003300,16384x1x1,512x1x1,512x4096x1x1
__fattn__-15,flash_attn_f32_f16,3.405500,32x28x0,32x1x0,128x28x32x1
ffn_inp-15,kernel_add,0.025800,2048x1x1,64x1x1,3584x32x1x1
ffn_norm-15,kernel_rms_norm_mul,0.013200,32768x1x1,1024x1x1,3584x32x1x1
l_out-15,kernel_add,0.026000,2048x1x1,64x1x1,3584x32x1x1
attn_norm-16,kernel_rms_norm_mul,0.014000,32768x1x1,1024x1x1,3584x32x1x1
Qcur-16,kernel_add_row,0.011800,28672x0x0,64x0x0,3584x32x1x1
Qcur-16,kernel_rope_neox_f32,0.009200,1792x32x1,64x1x1,128x28x32x1
Kcur-16,kernel_add_row,0.005200,4096x0x0,64x0x0,512x32x1x1
Kcur-16,kernel_rope_neox_f32,0.003400,256x32x1,64x1x1,128x4x32x1
Vcur-16,kernel_add_row,0.003000,4096x0x0,64x0x0,512x32x1x1
cache_k_l16 (view),kernel_set_rows_f16_i64,0.003700,16384x1x1,512x1x1,512x4096x1x1
cache_v_l16 (view),kernel_set_rows_f16_i64,0.003300,16384x1x1,512x1x1,512x4096x1x1
__fattn__-16,flash_attn_f32_f16,3.406300,32x28x0,32x1x0,128x28x32x1
ffn_inp-16,kernel_add,0.025400,2048x1x1,64x1x1,3584x32x1x1
ffn_norm-16,kernel_rms_norm_mul,0.013500,32768x1x1,1024x1x1,3584x32x1x1
l_out-16,kernel_add,0.024700,2048x1x1,64x1x1,3584x32x1x1
attn_norm-17,kernel_rms_norm_mul,0.014000,32768x1x1,1024x1x1,3584x32x1x1
Qcur-17,kernel_add_row,0.010300,28672x0x0,64x0x0,3584x32x1x1
Qcur-17,kernel_rope_neox_f32,0.008800,1792x32x1,64x1x1,128x28x32x1
Kcur-17,kernel_add_row,0.003100,4096x0x0,64x0x0,512x32x1x1
Kcur-17,kernel_rope_neox_f32,0.003300,256x32x1,64x1x1,128x4x32x1
node_590,kernel_mul_mv_q6_K_f32,1.892500,512x2048x1,2x64x1,512x32x1x1
Vcur-17,kernel_add_row,0.003000,4096x0x0,64x0x0,512x32x1x1
cache_k_l17 (view),kernel_set_rows_f16_i64,0.003700,16384x1x1,512x1x1,512x4096x1x1
cache_v_l17 (view),kernel_set_rows_f16_i64,0.003500,16384x1x1,512x1x1,512x4096x1x1
__fattn__-17,flash_attn_f32_f16,3.452800,32x28x0,32x1x0,128x28x32x1
ffn_inp-17,kernel_add,0.026900,2048x1x1,64x1x1,3584x32x1x1
ffn_norm-17,kernel_rms_norm_mul,0.013100,32768x1x1,1024x1x1,3584x32x1x1
ffn_swiglu-17,kernel_swiglu,0.102200,16384x1x1,512x1x1,18944x32x1x1
ffn_out-17,kernel_mul_mv_q6_K_f32,79.236801,3584x2048x1,2x64x1,3584x32x1x1
l_out-17,kernel_add,0.025100,2048x1x1,64x1x1,3584x32x1x1
attn_norm-18,kernel_rms_norm_mul,0.014500,32768x1x1,1024x1x1,3584x32x1x1
Qcur-18,kernel_add_row,0.011900,28672x0x0,64x0x0,3584x32x1x1
Qcur-18,kernel_rope_neox_f32,0.009200,1792x32x1,64x1x1,128x28x32x1
Kcur-18,kernel_add_row,0.005300,4096x0x0,64x0x0,512x32x1x1
Kcur-18,kernel_rope_neox_f32,0.003200,256x32x1,64x1x1,128x4x32x1
Vcur-18,kernel_add_row,0.005100,4096x0x0,64x0x0,512x32x1x1
cache_k_l18 (view),kernel_set_rows_f16_i64,0.003700,16384x1x1,512x1x1,512x4096x1x1
cache_v_l18 (view),kernel_set_rows_f16_i64,0.003300,16384x1x1,512x1x1,512x4096x1x1
__fattn__-18,flash_attn_f32_f16,3.433700,32x28x0,32x1x0,128x28x32x1
ffn_inp-18,kernel_add,0.027000,2048x1x1,64x1x1,3584x32x1x1
ffn_norm-18,kernel_rms_norm_mul,0.013700,32768x1x1,1024x1x1,3584x32x1x1
l_out-18,kernel_add,0.026400,2048x1x1,64x1x1,3584x32x1x1
attn_norm-19,kernel_rms_norm_mul,0.014900,32768x1x1,1024x1x1,3584x32x1x1
Qcur-19,kernel_add_row,0.011200,28672x0x0,64x0x0,3584x32x1x1
Qcur-19,kernel_rope_neox_f32,0.008900,1792x32x1,64x1x1,128x28x32x1
Kcur-19,kernel_add_row,0.005100,4096x0x0,64x0x0,512x32x1x1
Kcur-19,kernel_rope_neox_f32,0.003200,256x32x1,64x1x1,128x4x32x1
Vcur-19,kernel_add_row,0.002900,4096x0x0,64x0x0,512x32x1x1
cache_k_l19 (view),kernel_set_rows_f16_i64,0.004000,16384x1x1,512x1x1,512x4096x1x1
cache_v_l19 (view),kernel_set_rows_f16_i64,0.003300,16384x1x1,512x1x1,512x4096x1x1
__fattn__-19,flash_attn_f32_f16,3.444800,32x28x0,32x1x0,128x28x32x1
ffn_inp-19,kernel_add,0.024700,2048x1x1,64x1x1,3584x32x1x1
ffn_norm-19,kernel_rms_norm_mul,0.013100,32768x1x1,1024x1x1,3584x32x1x1
l_out-19,kernel_add,0.024400,2048x1x1,64x1x1,3584x32x1x1
attn_norm-20,kernel_rms_norm_mul,0.014400,32768x1x1,1024x1x1,3584x32x1x1
Qcur-20,kernel_add_row,0.010500,28672x0x0,64x0x0,3584x32x1x1
Qcur-20,kernel_rope_neox_f32,0.008600,1792x32x1,64x1x1,128x28x32x1
Kcur-20,kernel_add_row,0.003000,4096x0x0,64x0x0,512x32x1x1
Kcur-20,kernel_rope_neox_f32,0.003300,256x32x1,64x1x1,128x4x32x1
node_692,kernel_mul_mv_q6_K_f32,1.893100,512x2048x1,2x64x1,512x32x1x1
Vcur-20,kernel_add_row,0.002700,4096x0x0,64x0x0,512x32x1x1
cache_k_l20 (view),kernel_set_rows_f16_i64,0.003800,16384x1x1,512x1x1,512x4096x1x1
cache_v_l20 (view),kernel_set_rows_f16_i64,0.003300,16384x1x1,512x1x1,512x4096x1x1
__fattn__-20,flash_attn_f32_f16,3.503600,32x28x0,32x1x0,128x28x32x1
ffn_inp-20,kernel_add,0.026500,2048x1x1,64x1x1,3584x32x1x1
ffn_norm-20,kernel_rms_norm_mul,0.013800,32768x1x1,1024x1x1,3584x32x1x1
ffn_swiglu-20,kernel_swiglu,0.103300,16384x1x1,512x1x1,18944x32x1x1
ffn_out-20,kernel_mul_mv_q6_K_f32,79.198402,3584x2048x1,2x64x1,3584x32x1x1
l_out-20,kernel_add,0.025400,2048x1x1,64x1x1,3584x32x1x1
attn_norm-21,kernel_rms_norm_mul,0.014700,32768x1x1,1024x1x1,3584x32x1x1
Qcur-21,kernel_add_row,0.011600,28672x0x0,64x0x0,3584x32x1x1
Qcur-21,kernel_rope_neox_f32,0.010400,1792x32x1,64x1x1,128x28x32x1
Kcur-21,kernel_add_row,0.005400,4096x0x0,64x0x0,512x32x1x1
Kcur-21,kernel_rope_neox_f32,0.003200,256x32x1,64x1x1,128x4x32x1
Vcur-21,kernel_add_row,0.005000,4096x0x0,64x0x0,512x32x1x1
cache_k_l21 (view),kernel_set_rows_f16_i64,0.003700,16384x1x1,512x1x1,512x4096x1x1
cache_v_l21 (view),kernel_set_rows_f16_i64,0.003300,16384x1x1,512x1x1,512x4096x1x1
__fattn__-21,flash_attn_f32_f16,3.385000,32x28x0,32x1x0,128x28x32x1
ffn_inp-21,kernel_add,0.025100,2048x1x1,64x1x1,3584x32x1x1
ffn_norm-21,kernel_rms_norm_mul,0.013000,32768x1x1,1024x1x1,3584x32x1x1
l_out-21,kernel_add,0.025300,2048x1x1,64x1x1,3584x32x1x1
attn_norm-22,kernel_rms_norm_mul,0.014000,32768x1x1,1024x1x1,3584x32x1x1
Qcur-22,kernel_add_row,0.011200,28672x0x0,64x0x0,3584x32x1x1
Qcur-22,kernel_rope_neox_f32,0.009300,1792x32x1,64x1x1,128x28x32x1
Kcur-22,kernel_add_row,0.005000,4096x0x0,64x0x0,512x32x1x1
Kcur-22,kernel_rope_neox_f32,0.003300,256x32x1,64x1x1,128x4x32x1
Vcur-22,kernel_add_row,0.003100,4096x0x0,64x0x0,512x32x1x1
cache_k_l22 (view),kernel_set_rows_f16_i64,0.003800,16384x1x1,512x1x1,512x4096x1x1
cache_v_l22 (view),kernel_set_rows_f16_i64,0.003400,16384x1x1,512x1x1,512x4096x1x1
__fattn__-22,flash_attn_f32_f16,3.460300,32x28x0,32x1x0,128x28x32x1
ffn_inp-22,kernel_add,0.025000,2048x1x1,64x1x1,3584x32x1x1
ffn_norm-22,kernel_rms_norm_mul,0.013400,32768x1x1,1024x1x1,3584x32x1x1
l_out-22,kernel_add,0.024800,2048x1x1,64x1x1,3584x32x1x1
attn_norm-23,kernel_rms_norm_mul,0.014100,32768x1x1,1024x1x1,3584x32x1x1
Qcur-23,kernel_add_row,0.010300,28672x0x0,64x0x0,3584x32x1x1
Qcur-23,kernel_rope_neox_f32,0.008600,1792x32x1,64x1x1,128x28x32x1
Kcur-23,kernel_add_row,0.003100,4096x0x0,64x0x0,512x32x1x1
Kcur-23,kernel_rope_neox_f32,0.003300,256x32x1,64x1x1,128x4x32x1
node_794,kernel_mul_mv_q6_K_f32,1.891600,512x2048x1,2x64x1,512x32x1x1
Vcur-23,kernel_add_row,0.002900,4096x0x0,64x0x0,512x32x1x1
cache_k_l23 (view),kernel_set_rows_f16_i64,0.003700,16384x1x1,512x1x1,512x4096x1x1
cache_v_l23 (view),kernel_set_rows_f16_i64,0.003400,16384x1x1,512x1x1,512x4096x1x1
__fattn__-23,flash_attn_f32_f16,3.444200,32x28x0,32x1x0,128x28x32x1
ffn_inp-23,kernel_add,0.026900,2048x1x1,64x1x1,3584x32x1x1
ffn_norm-23,kernel_rms_norm_mul,0.013000,32768x1x1,1024x1x1,3584x32x1x1
ffn_swiglu-23,kernel_swiglu,0.100500,16384x1x1,512x1x1,18944x32x1x1
ffn_out-23,kernel_mul_mv_q6_K_f32,79.151505,3584x2048x1,2x64x1,3584x32x1x1
l_out-23,kernel_add,0.025200,2048x1x1,64x1x1,3584x32x1x1
attn_norm-24,kernel_rms_norm_mul,0.014300,32768x1x1,1024x1x1,3584x32x1x1
Qcur-24,kernel_add_row,0.011200,28672x0x0,64x0x0,3584x32x1x1
Qcur-24,kernel_rope_neox_f32,0.008800,1792x32x1,64x1x1,128x28x32x1
Kcur-24,kernel_add_row,0.005300,4096x0x0,64x0x0,512x32x1x1
Kcur-24,kernel_rope_neox_f32,0.003200,256x32x1,64x1x1,128x4x32x1
node_828,kernel_mul_mv_q6_K_f32,1.891600,512x2048x1,2x64x1,512x32x1x1
Vcur-24,kernel_add_row,0.002700,4096x0x0,64x0x0,512x32x1x1
cache_k_l24 (view),kernel_set_rows_f16_i64,0.003800,16384x1x1,512x1x1,512x4096x1x1
cache_v_l24 (view),kernel_set_rows_f16_i64,0.003300,16384x1x1,512x1x1,512x4096x1x1
__fattn__-24,flash_attn_f32_f16,3.447300,32x28x0,32x1x0,128x28x32x1
ffn_inp-24,kernel_add,0.027200,2048x1x1,64x1x1,3584x32x1x1
ffn_norm-24,kernel_rms_norm_mul,0.013100,32768x1x1,1024x1x1,3584x32x1x1
ffn_swiglu-24,kernel_swiglu,0.103100,16384x1x1,512x1x1,18944x32x1x1
ffn_out-24,kernel_mul_mv_q6_K_f32,79.040894,3584x2048x1,2x64x1,3584x32x1x1
l_out-24,kernel_add,0.026100,2048x1x1,64x1x1,3584x32x1x1
attn_norm-25,kernel_rms_norm_mul,0.014500,32768x1x1,1024x1x1,3584x32x1x1
Qcur-25,kernel_add_row,0.012100,28672x0x0,64x0x0,3584x32x1x1
Qcur-25,kernel_rope_neox_f32,0.008800,1792x32x1,64x1x1,128x28x32x1
Kcur-25,kernel_add_row,0.005200,4096x0x0,64x0x0,512x32x1x1
Kcur-25,kernel_rope_neox_f32,0.003200,256x32x1,64x1x1,128x4x32x1
node_862,kernel_mul_mv_q6_K_f32,1.890800,512x2048x1,2x64x1,512x32x1x1
Vcur-25,kernel_add_row,0.003000,4096x0x0,64x0x0,512x32x1x1
cache_k_l25 (view),kernel_set_rows_f16_i64,0.003700,16384x1x1,512x1x1,512x4096x1x1
cache_v_l25 (view),kernel_set_rows_f16_i64,0.003400,16384x1x1,512x1x1,512x4096x1x1
__fattn__-25,flash_attn_f32_f16,3.438800,32x28x0,32x1x0,128x28x32x1
ffn_inp-25,kernel_add,0.028300,2048x1x1,64x1x1,3584x32x1x1
ffn_norm-25,kernel_rms_norm_mul,0.013600,32768x1x1,1024x1x1,3584x32x1x1
ffn_swiglu-25,kernel_swiglu,0.100900,16384x1x1,512x1x1,18944x32x1x1
ffn_out-25,kernel_mul_mv_q6_K_f32,79.036896,3584x2048x1,2x64x1,3584x32x1x1
l_out-25,kernel_add,0.025300,2048x1x1,64x1x1,3584x32x1x1
attn_norm-26,kernel_rms_norm_mul,0.014900,32768x1x1,1024x1x1,3584x32x1x1
Qcur-26,kernel_add_row,0.011900,28672x0x0,64x0x0,3584x32x1x1
Qcur-26,kernel_rope_neox_f32,0.009100,1792x32x1,64x1x1,128x28x32x1
Kcur-26,kernel_add_row,0.005100,4096x0x0,64x0x0,512x32x1x1
Kcur-26,kernel_rope_neox_f32,0.003200,256x32x1,64x1x1,128x4x32x1
node_896,kernel_mul_mv_q6_K_f32,1.891500,512x2048x1,2x64x1,512x32x1x1
Vcur-26,kernel_add_row,0.003000,4096x0x0,64x0x0,512x32x1x1
cache_k_l26 (view),kernel_set_rows_f16_i64,0.003800,16384x1x1,512x1x1,512x4096x1x1
cache_v_l26 (view),kernel_set_rows_f16_i64,0.003300,16384x1x1,512x1x1,512x4096x1x1
__fattn__-26,flash_attn_f32_f16,3.443600,32x28x0,32x1x0,128x28x32x1
ffn_inp-26,kernel_add,0.027600,2048x1x1,64x1x1,3584x32x1x1
ffn_norm-26,kernel_rms_norm_mul,0.013200,32768x1x1,1024x1x1,3584x32x1x1
ffn_swiglu-26,kernel_swiglu,0.102000,16384x1x1,512x1x1,18944x32x1x1
ffn_out-26,kernel_mul_mv_q6_K_f32,79.092499,3584x2048x1,2x64x1,3584x32x1x1
l_out-26,kernel_add,0.025000,2048x1x1,64x1x1,3584x32x1x1
attn_norm-27,kernel_rms_norm_mul,0.014500,32768x1x1,1024x1x1,3584x32x1x1
Qcur-27,kernel_add_row,0.012000,28672x0x0,64x0x0,3584x32x1x1
Qcur-27,kernel_rope_neox_f32,0.008800,1792x32x1,64x1x1,128x28x32x1
Kcur-27,kernel_add_row,0.005500,4096x0x0,64x0x0,512x32x1x1
Kcur-27,kernel_rope_neox_f32,0.003200,256x32x1,64x1x1,128x4x32x1
node_930,kernel_mul_mv_q6_K_f32,1.892500,512x2048x1,2x64x1,512x32x1x1
Vcur-27,kernel_add_row,0.002600,4096x0x0,64x0x0,512x32x1x1
cache_k_l27 (view),kernel_set_rows_f16_i64,0.003700,16384x1x1,512x1x1,512x4096x1x1
cache_v_l27 (view),kernel_set_rows_f16_i64,0.003300,16384x1x1,512x1x1,512x4096x1x1
__fattn__-27,flash_attn_f32_f16,3.459400,32x28x0,32x1x0,128x28x32x1
attn_norm-0,kernel_rms_norm_mul,0.017200,32768x1x1,1024x1x1,3584x32x1x1
Qcur-0,kernel_add_row,0.011800,28672x0x0,64x0x0,3584x32x1x1
Qcur-0,kernel_rope_neox_f32,0.008800,1792x32x1,64x1x1,128x28x32x1
Kcur-0,kernel_add_row,0.003200,4096x0x0,64x0x0,512x32x1x1
Kcur-0,kernel_rope_neox_f32,0.003200,256x32x1,64x1x1,128x4x32x1
node_11,kernel_mul_mv_q6_K_f32,1.890000,512x2048x1,2x64x1,512x32x1x1
Vcur-0,kernel_add_row,0.002700,4096x0x0,64x0x0,512x32x1x1
cache_k_l0 (view),kernel_set_rows_f16_i64,0.003700,16384x1x1,512x1x1,512x4096x1x1
cache_v_l0 (view),kernel_set_rows_f16_i64,0.003200,16384x1x1,512x1x1,512x4096x1x1
 (copy),kernel_cpy_f32_f16,0.004800,4096x1x1,64x1x1,512x64x1x1
__fattn__-0,flash_attn_f32_f16,3.461200,32x28x0,32x1x0,128x28x32x1
ffn_inp-0,kernel_add,0.025900,2048x1x1,64x1x1,3584x32x1x1
ffn_norm-0,kernel_rms_norm_mul,0.013400,32768x1x1,1024x1x1,3584x32x1x1
ffn_swiglu-0,kernel_swiglu,0.106100,16384x1x1,512x1x1,18944x32x1x1
ffn_out-0,kernel_mul_mv_q6_K_f32,81.355598,3584x2048x1,2x64x1,3584x32x1x1
l_out-0,kernel_add,0.025300,2048x1x1,64x1x1,3584x32x1x1
attn_norm-1,kernel_rms_norm_mul,0.014400,32768x1x1,1024x1x1,3584x32x1x1
Qcur-1,kernel_add_row,0.011100,28672x0x0,64x0x0,3584x32x1x1
Qcur-1,kernel_rope_neox_f32,0.009000,1792x32x1,64x1x1,128x28x32x1
Kcur-1,kernel_add_row,0.005500,4096x0x0,64x0x0,512x32x1x1
Kcur-1,kernel_rope_neox_f32,0.003300,256x32x1,64x1x1,128x4x32x1
node_46,kernel_mul_mv_q6_K_f32,1.893400,512x2048x1,2x64x1,512x32x1x1
Vcur-1,kernel_add_row,0.003000,4096x0x0,64x0x0,512x32x1x1
cache_k_l1 (view),kernel_set_rows_f16_i64,0.003800,16384x1x1,512x1x1,512x4096x1x1
cache_v_l1 (view),kernel_set_rows_f16_i64,0.003400,16384x1x1,512x1x1,512x4096x1x1
__fattn__-1,flash_attn_f32_f16,3.420300,32x28x0,32x1x0,128x28x32x1
ffn_inp-1,kernel_add,0.027200,2048x1x1,64x1x1,3584x32x1x1
ffn_norm-1,kernel_rms_norm_mul,0.013800,32768x1x1,1024x1x1,3584x32x1x1
ffn_swiglu-1,kernel_swiglu,0.102900,16384x1x1,512x1x1,18944x32x1x1
ffn_out-1,kernel_mul_mv_q6_K_f32,81.005104,3584x2048x1,2x64x1,3584x32x1x1
l_out-1,kernel_add,0.025500,2048x1x1,64x1x1,3584x32x1x1
attn_norm-2,kernel_rms_norm_mul,0.014300,32768x1x1,1024x1x1,3584x32x1x1
Qcur-2,kernel_add_row,0.011700,28672x0x0,64x0x0,3584x32x1x1
Qcur-2,kernel_rope_neox_f32,0.009000,1792x32x1,64x1x1,128x28x32x1
Kcur-2,kernel_add_row,0.005200,4096x0x0,64x0x0,512x32x1x1
Kcur-2,kernel_rope_neox_f32,0.003300,256x32x1,64x1x1,128x4x32x1
node_80,kernel_mul_mv_q6_K_f32,1.890700,512x2048x1,2x64x1,512x32x1x1
Vcur-2,kernel_add_row,0.002900,4096x0x0,64x0x0,512x32x1x1
cache_k_l2 (view),kernel_set_rows_f16_i64,0.003800,16384x1x1,512x1x1,512x4096x1x1
cache_v_l2 (view),kernel_set_rows_f16_i64,0.003300,16384x1x1,512x1x1,512x4096x1x1
__fattn__-2,flash_attn_f32_f16,3.432700,32x28x0,32x1x0,128x28x32x1
ffn_inp-2,kernel_add,0.027500,2048x1x1,64x1x1,3584x32x1x1
ffn_norm-2,kernel_rms_norm_mul,0.013200,32768x1x1,1024x1x1,3584x32x1x1
ffn_swiglu-2,kernel_swiglu,0.099400,16384x1x1,512x1x1,18944x32x1x1
ffn_out-2,kernel_mul_mv_q6_K_f32,79.233505,3584x2048x1,2x64x1,3584x32x1x1
l_out-2,kernel_add,0.025300,2048x1x1,64x1x1,3584x32x1x1
attn_norm-3,kernel_rms_norm_mul,0.014200,32768x1x1,1024x1x1,3584x32x1x1
Qcur-3,kernel_add_row,0.011800,28672x0x0,64x0x0,3584x32x1x1
Qcur-3,kernel_rope_neox_f32,0.010000,1792x32x1,64x1x1,128x28x32x1
Kcur-3,kernel_add_row,0.005400,4096x0x0,64x0x0,512x32x1x1
Kcur-3,kernel_rope_neox_f32,0.003200,256x32x1,64x1x1,128x4x32x1
Vcur-3,kernel_add_row,0.003000,4096x0x0,64x0x0,512x32x1x1
cache_k_l3 (view),kernel_set_rows_f16_i64,0.003800,16384x1x1,512x1x1,512x4096x1x1
cache_v_l3 (view),kernel_set_rows_f16_i64,0.003300,16384x1x1,512x1x1,512x4096x1x1
__fattn__-3,flash_attn_f32_f16,3.445200,32x28x0,32x1x0,128x28x32x1
ffn_inp-3,kernel_add,0.025300,2048x1x1,64x1x1,3584x32x1x1
ffn_norm-3,kernel_rms_norm_mul,0.013700,32768x1x1,1024x1x1,3584x32x1x1
l_out-3,kernel_add,0.025800,2048x1x1,64x1x1,3584x32x1x1
attn_norm-4,kernel_rms_norm_mul,0.014300,32768x1x1,1024x1x1,3584x32x1x1
Qcur-4,kernel_add_row,0.010800,28672x0x0,64x0x0,3584x32x1x1
Qcur-4,kernel_rope_neox_f32,0.009000,1792x32x1,64x1x1,128x28x32x1
Kcur-4,kernel_add_row,0.005100,4096x0x0,64x0x0,512x32x1x1
Kcur-4,kernel_rope_neox_f32,0.003300,256x32x1,64x1x1,128x4x32x1
Vcur-4,kernel_add_row,0.003100,4096x0x0,64x0x0,512x32x1x1
cache_k_l4 (view),kernel_set_rows_f16_i64,0.003700,16384x1x1,512x1x1,512x4096x1x1
cache_v_l4 (view),kernel_set_rows_f16_i64,0.003300,16384x1x1,512x1x1,512x4096x1x1
__fattn__-4,flash_attn_f32_f16,3.417500,32x28x0,32x1x0,128x28x32x1
ffn_inp-4,kernel_add,0.025200,2048x1x1,64x1x1,3584x32x1x1
ffn_norm-4,kernel_rms_norm_mul,0.013500,32768x1x1,1024x1x1,3584x32x1x1
l_out-4,kernel_add,0.025100,2048x1x1,64x1x1,3584x32x1x1
attn_norm-5,kernel_rms_norm_mul,0.014400,32768x1x1,1024x1x1,3584x32x1x1
Qcur-5,kernel_add_row,0.010800,28672x0x0,64x0x0,3584x32x1x1
Qcur-5,kernel_rope_neox_f32,0.008900,1792x32x1,64x1x1,128x28x32x1
Kcur-5,kernel_add_row,0.003000,4096x0x0,64x0x0,512x32x1x1
Kcur-5,kernel_rope_neox_f32,0.003200,256x32x1,64x1x1,128x4x32x1
node_182,kernel_mul_mv_q6_K_f32,1.891400,512x2048x1,2x64x1,512x32x1x1
Vcur-5,kernel_add_row,0.003000,4096x0x0,64x0x0,512x32x1x1
cache_k_l5 (view),kernel_set_rows_f16_i64,0.003600,16384x1x1,512x1x1,512x4096x1x1
cache_v_l5 (view),kernel_set_rows_f16_i64,0.003300,16384x1x1,512x1x1,512x4096x1x1
__fattn__-5,flash_attn_f32_f16,3.459200,32x28x0,32x1x0,128x28x32x1
ffn_inp-5,kernel_add,0.026500,2048x1x1,64x1x1,3584x32x1x1
ffn_norm-5,kernel_rms_norm_mul,0.013400,32768x1x1,1024x1x1,3584x32x1x1
ffn_swiglu-5,kernel_swiglu,0.100100,16384x1x1,512x1x1,18944x32x1x1
ffn_out-5,kernel_mul_mv_q6_K_f32,79.191902,3584x2048x1,2x64x1,3584x32x1x1
l_out-5,kernel_add,0.025400,2048x1x1,64x1x1,3584x32x1x1
attn_norm-6,kernel_rms_norm_mul,0.014800,32768x1x1,1024x1x1,3584x32x1x1
Qcur-6,kernel_add_row,0.010800,28672x0x0,64x0x0,3584x32x1x1
Qcur-6,kernel_rope_neox_f32,0.009500,1792x32x1,64x1x1,128x28x32x1
Kcur-6,kernel_add_row,0.005400,4096x0x0,64x0x0,512x32x1x1
Kcur-6,kernel_rope_neox_f32,0.003200,256x32x1,64x1x1,128x4x32x1
Vcur-6,kernel_add_row,0.003000,4096x0x0,64x0x0,512x32x1x1
cache_k_l6 (view),kernel_set_rows_f16_i64,0.003800,16384x1x1,512x1x1,512x4096x1x1
cache_v_l6 (view),kernel_set_rows_f16_i64,0.003300,16384x1x1,512x1x1,512x4096x1x1
__fattn__-6,flash_attn_f32_f16,3.456600,32x28x0,32x1x0,128x28x32x1
ffn_inp-6,kernel_add,0.026000,2048x1x1,64x1x1,3584x32x1x1
ffn_norm-6,kernel_rms_norm_mul,0.013300,32768x1x1,1024x1x1,3584x32x1x1
l_out-6,kernel_add,0.025800,2048x1x1,64x1x1,3584x32x1x1
attn_norm-7,kernel_rms_norm_mul,0.014100,32768x1x1,1024x1x1,3584x32x1x1
Qcur-7,kernel_add_row,0.010900,28672x0x0,64x0x0,3584x32x1x1
Qcur-7,kernel_rope_neox_f32,0.009300,1792x32x1,64x1x1,128x28x32x1
Kcur-7,kernel_add_row,0.005200,4096x0x0,64x0x0,512x32x1x1
Kcur-7,kernel_rope_neox_f32,0.003200,256x32x1,64x1x1,128x4x32x1
Vcur-7,kernel_add_row,0.003000,4096x0x0,64x0x0,512x32x1x1
cache_k_l7 (view),kernel_set_rows_f16_i64,0.003700,16384x1x1,512x1x1,512x4096x1x1
cache_v_l7 (view),kernel_set_rows_f16_i64,0.003400,16384x1x1,512x1x1,512x4096x1x1
__fattn__-7,flash_attn_f32_f16,3.418900,32x28x0,32x1x0,128x28x32x1
ffn_inp-7,kernel_add,0.026000,2048x1x1,64x1x1,3584x32x1x1
ffn_norm-7,kernel_rms_norm_mul,0.013200,32768x1x1,1024x1x1,3584x32x1x1
l_out-7,kernel_add,0.025000,2048x1x1,64x1x1,3584x32x1x1
attn_norm-8,kernel_rms_norm_mul,0.014100,32768x1x1,1024x1x1,3584x32x1x1
Qcur-8,kernel_add_row,0.010300,28672x0x0,64x0x0,3584x32x1x1
Qcur-8,kernel_rope_neox_f32,0.008600,1792x32x1,64x1x1,128x28x32x1
Kcur-8,kernel_add_row,0.003100,4096x0x0,64x0x0,512x32x1x1
Kcur-8,kernel_rope_neox_f32,0.003300,256x32x1,64x1x1,128x4x32x1
node_284,kernel_mul_mv_q6_K_f32,1.892500,512x2048x1,2x64x1,512x32x1x1
Vcur-8,kernel_add_row,0.002900,4096x0x0,64x0x0,512x32x1x1
cache_k_l8 (view),kernel_set_rows_f16_i64,0.003700,16384x1x1,512x1x1,512x4096x1x1
cache_v_l8 (view),kernel_set_rows_f16_i64,0.003400,16384x1x1,512x1x1,512x4096x1x1
__fattn__-8,flash_attn_f32_f16,3.425000,32x28x0,32x1x0,128x28x32x1
ffn_inp-8,kernel_add,0.027400,2048x1x1,64x1x1,3584x32x1x1
ffn_norm-8,kernel_rms_norm_mul,0.013300,32768x1x1,1024x1x1,3584x32x1x1
ffn_swiglu-8,kernel_swiglu,0.099400,16384x1x1,512x1x1,18944x32x1x1
ffn_out-8,kernel_mul_mv_q6_K_f32,79.224197,3584x2048x1,2x64x1,3584x32x1x1
l_out-8,kernel_add,0.025400,2048x1x1,64x1x1,3584x32x1x1
attn_norm-9,kernel_rms_norm_mul,0.014200,32768x1x1,1024x1x1,3584x32x1x1
Qcur-9,kernel_add_row,0.011700,28672x0x0,64x0x0,3584x32x1x1
Qcur-9,kernel_rope_neox_f32,0.009700,1792x32x1,64x1x1,128x28x32x1
Kcur-9,kernel_add_row,0.005300,4096x0x0,64x0x0,512x32x1x1
Kcur-9,kernel_rope_neox_f32,0.003300,256x32x1,64x1x1,128x4x32x1
Vcur-9,kernel_add_row,0.003100,4096x0x0,64x0x0,512x32x1x1
cache_k_l9 (view),kernel_set_rows_f16_i64,0.003700,16384x1x1,512x1x1,512x4096x1x1
cache_v_l9 (view),kernel_set_rows_f16_i64,0.003300,16384x1x1,512x1x1,512x4096x1x1
__fattn__-9,flash_attn_f32_f16,3.432000,32x28x0,32x1x0,128x28x32x1
ffn_inp-9,kernel_add,0.026000,2048x1x1,64x1x1,3584x32x1x1
ffn_norm-9,kernel_rms_norm_mul,0.013700,32768x1x1,1024x1x1,3584x32x1x1
l_out-9,kernel_add,0.025000,2048x1x1,64x1x1,3584x32x1x1
attn_norm-10,kernel_rms_norm_mul,0.014300,32768x1x1,1024x1x1,3584x32x1x1
Qcur-10,kernel_add_row,0.011000,28672x0x0,64x0x0,3584x32x1x1
Qcur-10,kernel_rope_neox_f32,0.009500,1792x32x1,64x1x1,128x28x32x1
Kcur-10,kernel_add_row,0.005000,4096x0x0,64x0x0,512x32x1x1
Kcur-10,kernel_rope_neox_f32,0.003200,256x32x1,64x1x1,128x4x32x1
Vcur-10,kernel_add_row,0.003100,4096x0x0,64x0x0,512x32x1x1
cache_k_l10 (view),kernel_set_rows_f16_i64,0.003700,16384x1x1,512x1x1,512x4096x1x1
cache_v_l10 (view),kernel_set_rows_f16_i64,0.003400,16384x1x1,512x1x1,512x4096x1x1
__fattn__-10,flash_attn_f32_f16,3.432500,32x28x0,32x1x0,128x28x32x1
ffn_inp-10,kernel_add,0.025900,2048x1x1,64x1x1,3584x32x1x1
ffn_norm-10,kernel_rms_norm_mul,0.013800,32768x1x1,1024x1x1,3584x32x1x1
l_out-10,kernel_add,0.025300,2048x1x1,64x1x1,3584x32x1x1
attn_norm-11,kernel_rms_norm_mul,0.014000,32768x1x1,1024x1x1,3584x32x1x1
Qcur-11,kernel_add_row,0.010300,28672x0x0,64x0x0,3584x32x1x1
Qcur-11,kernel_rope_neox_f32,0.008800,1792x32x1,64x1x1,128x28x32x1
Kcur-11,kernel_add_row,0.003200,4096x0x0,64x0x0,512x32x1x1
Kcur-11,kernel_rope_neox_f32,0.003300,256x32x1,64x1x1,128x4x32x1
node_386,kernel_mul_mv_q6_K_f32,1.891800,512x2048x1,2x64x1,512x32x1x1
Vcur-11,kernel_add_row,0.003100,4096x0x0,64x0x0,512x32x1x1
cache_k_l11 (view),kernel_set_rows_f16_i64,0.003700,16384x1x1,512x1x1,512x4096x1x1
cache_v_l11 (view),kernel_set_rows_f16_i64,0.003500,16384x1x1,512x1x1,512x4096x1x1
__fattn__-11,flash_attn_f32_f16,3.490500,32x28x0,32x1x0,128x28x32x1
ffn_inp-11,kernel_add,0.026600,2048x1x1,64x1x1,3584x32x1x1
ffn_norm-11,kernel_rms_norm_mul,0.013200,32768x1x1,1024x1x1,3584x32x1x1
ffn_swiglu-11,kernel_swiglu,0.104800,16384x1x1,512x1x1,18944x32x1x1
ffn_out-11,kernel_mul_mv_q6_K_f32,79.231293,3584x2048x1,2x64x1,3584x32x1x1
l_out-11,kernel_add,0.025400,2048x1x1,64x1x1,3584x32x1x1
attn_norm-12,kernel_rms_norm_mul,0.014000,32768x1x1,1024x1x1,3584x32x1x1
Qcur-12,kernel_add_row,0.011800,28672x0x0,64x0x0,3584x32x1x1
Qcur-12,kernel_rope_neox_f32,0.009400,1792x32x1,64x1x1,128x28x32x1
Kcur-12,kernel_add_row,0.005300,4096x0x0,64x0x0,512x32x1x1
Kcur-12,kernel_rope_neox_f32,0.003300,256x32x1,64x1x1,128x4x32x1
Vcur-12,kernel_add_row,0.003000,4096x0x0,64x0x0,512x32x1x1
cache_k_l12 (view),kernel_set_rows_f16_i64,0.003800,16384x1x1,512x1x1,512x4096x1x1
cache_v_l12 (view),kernel_set_rows_f16_i64,0.003300,16384x1x1,512x1x1,512x4096x1x1
__fattn__-12,flash_attn_f32_f16,3.446000,32x28x0,32x1x0,128x28x32x1
ffn_inp-12,kernel_add,0.026600,2048x1x1,64x1x1,3584x32x1x1
ffn_norm-12,kernel_rms_norm_mul,0.013500,32768x1x1,1024x1x1,3584x32x1x1
l_out-12,kernel_add,0.025200,2048x1x1,64x1x1,3584x32x1x1
attn_norm-13,kernel_rms_norm_mul,0.014000,32768x1x1,1024x1x1,3584x32x1x1
Qcur-13,kernel_add_row,0.011100,28672x0x0,64x0x0,3584x32x1x1
Qcur-13,kernel_rope_neox_f32,0.009300,1792x32x1,64x1x1,128x28x32x1
Kcur-13,kernel_add_row,0.005100,4096x0x0,64x0x0,512x32x1x1
Kcur-13,kernel_rope_neox_f32,0.003200,256x32x1,64x1x1,128x4x32x1
Vcur-13,kernel_add_row,0.003000,4096x0x0,64x0x0,512x32x1x1
cache_k_l13 (view),kernel_set_rows_f16_i64,0.003600,16384x1x1,512x1x1,512x4096x1x1
cache_v_l13 (view),kernel_set_rows_f16_i64,0.003300,16384x1x1,512x1x1,512x4096x1x1
__fattn__-13,flash_attn_f32_f16,3.429400,32x28x0,32x1x0,128x28x32x1
ffn_inp-13,kernel_add,0.025700,2048x1x1,64x1x1,3584x32x1x1
ffn_norm-13,kernel_rms_norm_mul,0.013200,32768x1x1,1024x1x1,3584x32x1x1
l_out-13,kernel_add,0.024400,2048x1x1,64x1x1,3584x32x1x1
attn_norm-14,kernel_rms_norm_mul,0.014400,32768x1x1,1024x1x1,3584x32x1x1
Qcur-14,kernel_add_row,0.010300,28672x0x0,64x0x0,3584x32x1x1
Qcur-14,kernel_rope_neox_f32,0.008600,1792x32x1,64x1x1,128x28x32x1
Kcur-14,kernel_add_row,0.003000,4096x0x0,64x0x0,512x32x1x1
Kcur-14,kernel_rope_neox_f32,0.003200,256x32x1,64x1x1,128x4x32x1
node_488,kernel_mul_mv_q6_K_f32,1.890400,512x2048x1,2x64x1,512x32x1x1
Vcur-14,kernel_add_row,0.003000,4096x0x0,64x0x0,512x32x1x1
cache_k_l14 (view),kernel_set_rows_f16_i64,0.003700,16384x1x1,512x1x1,512x4096x1x1
cache_v_l14 (view),kernel_set_rows_f16_i64,0.003300,16384x1x1,512x1x1,512x4096x1x1
__fattn__-14,flash_attn_f32_f16,3.427200,32x28x0,32x1x0,128x28x32x1
ffn_inp-14,kernel_add,0.027000,2048x1x1,64x1x1,3584x32x1x1
ffn_norm-14,kernel_rms_norm_mul,0.013100,32768x1x1,1024x1x1,3584x32x1x1
ffn_swiglu-14,kernel_swiglu,0.101100,16384x1x1,512x1x1,18944x32x1x1
ffn_out-14,kernel_mul_mv_q6_K_f32,79.194496,3584x2048x1,2x64x1,3584x32x1x1
l_out-14,kernel_add,0.025200,2048x1x1,64x1x1,3584x32x1x1
attn_norm-15,kernel_rms_norm_mul,0.014700,32768x1x1,1024x1x1,3584x32x1x1
Qcur-15,kernel_add_row,0.011300,28672x0x0,64x0x0,3584x32x1x1
Qcur-15,kernel_rope_neox_f32,0.009600,1792x32x1,64x1x1,128x28x32x1
Kcur-15,kernel_add_row,0.005400,4096x0x0,64x0x0,512x32x1x1
Kcur-15,kernel_rope_neox_f32,0.003400,256x32x1,64x1x1,128x4x32x1
Vcur-15,kernel_add_row,0.003000,4096x0x0,64x0x0,512x32x1x1
cache_k_l15 (view),kernel_set_rows_f16_i64,0.003800,16384x1x1,512x1x1,512x4096x1x1
cache_v_l15 (view),kernel_set_rows_f16_i64,0.003300,16384x1x1,512x1x1,512x4096x1x1
__fattn__-15,flash_attn_f32_f16,3.438500,32x28x0,32x1x0,128x28x32x1
ffn_inp-15,kernel_add,0.026400,2048x1x1,64x1x1,3584x32x1x1
ffn_norm-15,kernel_rms_norm_mul,0.013600,32768x1x1,1024x1x1,3584x32x1x1
l_out-15,kernel_add,0.025300,2048x1x1,64x1x1,3584x32x1x1
attn_norm-16,kernel_rms_norm_mul,0.014800,32768x1x1,1024x1x1,3584x32x1x1
Qcur-16,kernel_add_row,0.011400,28672x0x0,64x0x0,3584x32x1x1
Qcur-16,kernel_rope_neox_f32,0.009100,1792x32x1,64x1x1,128x28x32x1
Kcur-16,kernel_add_row,0.005500,4096x0x0,64x0x0,512x32x1x1
Kcur-16,kernel_rope_neox_f32,0.003300,256x32x1,64x1x1,128x4x32x1
Vcur-16,kernel_add_row,0.003100,4096x0x0,64x0x0,512x32x1x1
cache_k_l16 (view),kernel_set_rows_f16_i64,0.004000,16384x1x1,512x1x1,512x4096x1x1
cache_v_l16 (view),kernel_set_rows_f16_i64,0.003300,16384x1x1,512x1x1,512x4096x1x1
__fattn__-16,flash_attn_f32_f16,3.448400,32x28x0,32x1x0,128x28x32x1
ffn_inp-16,kernel_add,0.025100,2048x1x1,64x1x1,3584x32x1x1
ffn_norm-16,kernel_rms_norm_mul,0.013500,32768x1x1,1024x1x1,3584x32x1x1
l_out-16,kernel_add,0.025100,2048x1x1,64x1x1,3584x32x1x1
attn_norm-17,kernel_rms_norm_mul,0.014100,32768x1x1,1024x1x1,3584x32x1x1
Qcur-17,kernel_add_row,0.010400,28672x0x0,64x0x0,3584x32x1x1
Qcur-17,kernel_rope_neox_f32,0.008700,1792x32x1,64x1x1,128x28x32x1
Kcur-17,kernel_add_row,0.003100,4096x0x0,64x0x0,512x32x1x1
Kcur-17,kernel_rope_neox_f32,0.003200,256x32x1,64x1x1,128x4x32x1
node_590,kernel_mul_mv_q6_K_f32,1.891500,512x2048x1,2x64x1,512x32x1x1
Vcur-17,kernel_add_row,0.002700,4096x0x0,64x0x0,512x32x1x1
cache_k_l17 (view),kernel_set_rows_f16_i64,0.003600,16384x1x1,512x1x1,512x4096x1x1
cache_v_l17 (view),kernel_set_rows_f16_i64,0.003400,16384x1x1,512x1x1,512x4096x1x1
__fattn__-17,flash_attn_f32_f16,3.459600,32x28x0,32x1x0,128x28x32x1
ffn_inp-17,kernel_add,0.026600,2048x1x1,64x1x1,3584x32x1x1
ffn_norm-17,kernel_rms_norm_mul,0.014300,32768x1x1,1024x1x1,3584x32x1x1
ffn_swiglu-17,kernel_swiglu,0.100700,16384x1x1,512x1x1,18944x32x1x1
ffn_out-17,kernel_mul_mv_q6_K_f32,79.245102,3584x2048x1,2x64x1,3584x32x1x1
l_out-17,kernel_add,0.026300,2048x1x1,64x1x1,3584x32x1x1
attn_norm-18,kernel_rms_norm_mul,0.014800,32768x1x1,1024x1x1,3584x32x1x1
Qcur-18,kernel_add_row,0.011900,28672x0x0,64x0x0,3584x32x1x1
Qcur-18,kernel_rope_neox_f32,0.010000,1792x32x1,64x1x1,128x28x32x1
Kcur-18,kernel_add_row,0.005400,4096x0x0,64x0x0,512x32x1x1
Kcur-18,kernel_rope_neox_f32,0.003200,256x32x1,64x1x1,128x4x32x1
Vcur-18,kernel_add_row,0.003000,4096x0x0,64x0x0,512x32x1x1
cache_k_l18 (view),kernel_set_rows_f16_i64,0.003700,16384x1x1,512x1x1,512x4096x1x1
cache_v_l18 (view),kernel_set_rows_f16_i64,0.003400,16384x1x1,512x1x1,512x4096x1x1
__fattn__-18,flash_attn_f32_f16,3.403400,32x28x0,32x1x0,128x28x32x1
ffn_inp-18,kernel_add,0.026300,2048x1x1,64x1x1,3584x32x1x1
ffn_norm-18,kernel_rms_norm_mul,0.013200,32768x1x1,1024x1x1,3584x32x1x1
l_out-18,kernel_add,0.025500,2048x1x1,64x1x1,3584x32x1x1
attn_norm-19,kernel_rms_norm_mul,0.014300,32768x1x1,1024x1x1,3584x32x1x1
Qcur-19,kernel_add_row,0.011100,28672x0x0,64x0x0,3584x32x1x1
Qcur-19,kernel_rope_neox_f32,0.009000,1792x32x1,64x1x1,128x28x32x1
Kcur-19,kernel_add_row,0.005100,4096x0x0,64x0x0,512x32x1x1
Kcur-19,kernel_rope_neox_f32,0.003200,256x32x1,64x1x1,128x4x32x1
Vcur-19,kernel_add_row,0.003000,4096x0x0,64x0x0,512x32x1x1
cache_k_l19 (view),kernel_set_rows_f16_i64,0.003700,16384x1x1,512x1x1,512x4096x1x1
cache_v_l19 (view),kernel_set_rows_f16_i64,0.003200,16384x1x1,512x1x1,512x4096x1x1
__fattn__-19,flash_attn_f32_f16,3.450900,32x28x0,32x1x0,128x28x32x1
ffn_inp-19,kernel_add,0.025500,2048x1x1,64x1x1,3584x32x1x1
ffn_norm-19,kernel_rms_norm_mul,0.013500,32768x1x1,1024x1x1,3584x32x1x1
l_out-19,kernel_add,0.024500,2048x1x1,64x1x1,3584x32x1x1
attn_norm-20,kernel_rms_norm_mul,0.014000,32768x1x1,1024x1x1,3584x32x1x1
Qcur-20,kernel_add_row,0.010200,28672x0x0,64x0x0,3584x32x1x1
Qcur-20,kernel_rope_neox_f32,0.008700,1792x32x1,64x1x1,128x28x32x1
Kcur-20,kernel_add_row,0.003100,4096x0x0,64x0x0,512x32x1x1
Kcur-20,kernel_rope_neox_f32,0.003200,256x32x1,64x1x1,128x4x32x1
node_692,kernel_mul_mv_q6_K_f32,1.891200,512x2048x1,2x64x1,512x32x1x1
Vcur-20,kernel_add_row,0.003100,4096x0x0,64x0x0,512x32x1x1
cache_k_l20 (view),kernel_set_rows_f16_i64,0.003800,16384x1x1,512x1x1,512x4096x1x1
cache_v_l20 (view),kernel_set_rows_f16_i64,0.003400,16384x1x1,512x1x1,512x4096x1x1
__fattn__-20,flash_attn_f32_f16,3.479000,32x28x0,32x1x0,128x28x32x1
ffn_inp-20,kernel_add,0.026600,2048x1x1,64x1x1,3584x32x1x1
ffn_norm-20,kernel_rms_norm_mul,0.013600,32768x1x1,1024x1x1,3584x32x1x1
ffn_swiglu-20,kernel_swiglu,0.100900,16384x1x1,512x1x1,18944x32x1x1
ffn_out-20,kernel_mul_mv_q6_K_f32,79.227798,3584x2048x1,2x64x1,3584x32x1x1
l_out-20,kernel_add,0.025400,2048x1x1,64x1x1,3584x32x1x1
attn_norm-21,kernel_rms_norm_mul,0.014500,32768x1x1,1024x1x1,3584x32x1x1
Qcur-21,kernel_add_row,0.010400,28672x0x0,64x0x0,3584x32x1x1
Qcur-21,kernel_rope_neox_f32,0.009200,1792x32x1,64x1x1,128x28x32x1
Kcur-21,kernel_add_row,0.005300,4096x0x0,64x0x0,512x32x1x1
Kcur-21,kernel_rope_neox_f32,0.003200,256x32x1,64x1x1,128x4x32x1
Vcur-21,kernel_add_row,0.003000,4096x0x0,64x0x0,512x32x1x1
cache_k_l21 (view),kernel_set_rows_f16_i64,0.003900,16384x1x1,512x1x1,512x4096x1x1
cache_v_l21 (view),kernel_set_rows_f16_i64,0.003300,16384x1x1,512x1x1,512x4096x1x1
__fattn__-21,flash_attn_f32_f16,3.422800,32x28x0,32x1x0,128x28x32x1
ffn_inp-21,kernel_add,0.025700,2048x1x1,64x1x1,3584x32x1x1
ffn_norm-21,kernel_rms_norm_mul,0.014200,32768x1x1,1024x1x1,3584x32x1x1
l_out-21,kernel_add,0.025100,2048x1x1,64x1x1,3584x32x1x1
attn_norm-22,kernel_rms_norm_mul,0.013600,32768x1x1,1024x1x1,3584x32x1x1
Qcur-22,kernel_add_row,0.010800,28672x0x0,64x0x0,3584x32x1x1
Qcur-22,kernel_rope_neox_f32,0.009200,1792x32x1,64x1x1,128x28x32x1
Kcur-22,kernel_add_row,0.005100,4096x0x0,64x0x0,512x32x1x1
Kcur-22,kernel_rope_neox_f32,0.003200,256x32x1,64x1x1,128x4x32x1
Vcur-22,kernel_add_row,0.003000,4096x0x0,64x0x0,512x32x1x1
cache_k_l22 (view),kernel_set_rows_f16_i64,0.003700,16384x1x1,512x1x1,512x4096x1x1
cache_v_l22 (view),kernel_set_rows_f16_i64,0.003400,16384x1x1,512x1x1,512x4096x1x1
__fattn__-22,flash_attn_f32_f16,3.410700,32x28x0,32x1x0,128x28x32x1
ffn_inp-22,kernel_add,0.025000,2048x1x1,64x1x1,3584x32x1x1
ffn_norm-22,kernel_rms_norm_mul,0.013300,32768x1x1,1024x1x1,3584x32x1x1
l_out-22,kernel_add,0.027700,2048x1x1,64x1x1,3584x32x1x1
attn_norm-23,kernel_rms_norm_mul,0.014300,32768x1x1,1024x1x1,3584x32x1x1
Qcur-23,kernel_add_row,0.010600,28672x0x0,64x0x0,3584x32x1x1
Qcur-23,kernel_rope_neox_f32,0.008800,1792x32x1,64x1x1,128x28x32x1
Kcur-23,kernel_add_row,0.003100,4096x0x0,64x0x0,512x32x1x1
Kcur-23,kernel_rope_neox_f32,0.003300,256x32x1,64x1x1,128x4x32x1
node_794,kernel_mul_mv_q6_K_f32,1.892000,512x2048x1,2x64x1,512x32x1x1
Vcur-23,kernel_add_row,0.003000,4096x0x0,64x0x0,512x32x1x1
cache_k_l23 (view),kernel_set_rows_f16_i64,0.003700,16384x1x1,512x1x1,512x4096x1x1
cache_v_l23 (view),kernel_set_rows_f16_i64,0.003300,16384x1x1,512x1x1,512x4096x1x1
__fattn__-23,flash_attn_f32_f16,3.447200,32x28x0,32x1x0,128x28x32x1
ffn_inp-23,kernel_add,0.026900,2048x1x1,64x1x1,3584x32x1x1
ffn_norm-23,kernel_rms_norm_mul,0.013400,32768x1x1,1024x1x1,3584x32x1x1
ffn_swiglu-23,kernel_swiglu,0.111900,16384x1x1,512x1x1,18944x32x1x1
ffn_out-23,kernel_mul_mv_q6_K_f32,79.096497,3584x2048x1,2x64x1,3584x32x1x1
l_out-23,kernel_add,0.025100,2048x1x1,64x1x1,3584x32x1x1
attn_norm-24,kernel_rms_norm_mul,0.014200,32768x1x1,1024x1x1,3584x32x1x1
Qcur-24,kernel_add_row,0.011600,28672x0x0,64x0x0,3584x32x1x1
Qcur-24,kernel_rope_neox_f32,0.009300,1792x32x1,64x1x1,128x28x32x1
Kcur-24,kernel_add_row,0.003200,4096x0x0,64x0x0,512x32x1x1
Kcur-24,kernel_rope_neox_f32,0.003300,256x32x1,64x1x1,128x4x32x1
node_828,kernel_mul_mv_q6_K_f32,1.889700,512x2048x1,2x64x1,512x32x1x1
Vcur-24,kernel_add_row,0.003100,4096x0x0,64x0x0,512x32x1x1
cache_k_l24 (view),kernel_set_rows_f16_i64,0.003700,16384x1x1,512x1x1,512x4096x1x1
cache_v_l24 (view),kernel_set_rows_f16_i64,0.003400,16384x1x1,512x1x1,512x4096x1x1
__fattn__-24,flash_attn_f32_f16,3.461700,32x28x0,32x1x0,128x28x32x1
ffn_inp-24,kernel_add,0.026800,2048x1x1,64x1x1,3584x32x1x1
ffn_norm-24,kernel_rms_norm_mul,0.013400,32768x1x1,1024x1x1,3584x32x1x1
ffn_swiglu-24,kernel_swiglu,0.099900,16384x1x1,512x1x1,18944x32x1x1
ffn_out-24,kernel_mul_mv_q6_K_f32,79.208397,3584x2048x1,2x64x1,3584x32x1x1
l_out-24,kernel_add,0.025300,2048x1x1,64x1x1,3584x32x1x1
attn_norm-25,kernel_rms_norm_mul,0.014600,32768x1x1,1024x1x1,3584x32x1x1
Qcur-25,kernel_add_row,0.010900,28672x0x0,64x0x0,3584x32x1x1
Qcur-25,kernel_rope_neox_f32,0.008700,1792x32x1,64x1x1,128x28x32x1
Kcur-25,kernel_add_row,0.005400,4096x0x0,64x0x0,512x32x1x1
Kcur-25,kernel_rope_neox_f32,0.003400,256x32x1,64x1x1,128x4x32x1
node_862,kernel_mul_mv_q6_K_f32,1.892900,512x2048x1,2x64x1,512x32x1x1
Vcur-25,kernel_add_row,0.002900,4096x0x0,64x0x0,512x32x1x1
cache_k_l25 (view),kernel_set_rows_f16_i64,0.003700,16384x1x1,512x1x1,512x4096x1x1
cache_v_l25 (view),kernel_set_rows_f16_i64,0.003300,16384x1x1,512x1x1,512x4096x1x1
__fattn__-25,flash_attn_f32_f16,3.453200,32x28x0,32x1x0,128x28x32x1
ffn_inp-25,kernel_add,0.026700,2048x1x1,64x1x1,3584x32x1x1
ffn_norm-25,kernel_rms_norm_mul,0.013200,32768x1x1,1024x1x1,3584x32x1x1
ffn_swiglu-25,kernel_swiglu,0.101100,16384x1x1,512x1x1,18944x32x1x1
ffn_out-25,kernel_mul_mv_q6_K_f32,79.098801,3584x2048x1,2x64x1,3584x32x1x1
l_out-25,kernel_add,0.024800,2048x1x1,64x1x1,3584x32x1x1
attn_norm-26,kernel_rms_norm_mul,0.015000,32768x1x1,1024x1x1,3584x32x1x1
Qcur-26,kernel_add_row,0.011700,28672x0x0,64x0x0,3584x32x1x1
Qcur-26,kernel_rope_neox_f32,0.008700,1792x32x1,64x1x1,128x28x32x1
Kcur-26,kernel_add_row,0.005200,4096x0x0,64x0x0,512x32x1x1
Kcur-26,kernel_rope_neox_f32,0.003200,256x32x1,64x1x1,128x4x32x1
node_896,kernel_mul_mv_q6_K_f32,1.896400,512x2048x1,2x64x1,512x32x1x1
Vcur-26,kernel_add_row,0.003100,4096x0x0,64x0x0,512x32x1x1
cache_k_l26 (view),kernel_set_rows_f16_i64,0.003700,16384x1x1,512x1x1,512x4096x1x1
cache_v_l26 (view),kernel_set_rows_f16_i64,0.003300,16384x1x1,512x1x1,512x4096x1x1
__fattn__-26,flash_attn_f32_f16,3.455000,32x28x0,32x1x0,128x28x32x1
ffn_inp-26,kernel_add,0.026900,2048x1x1,64x1x1,3584x32x1x1
ffn_norm-26,kernel_rms_norm_mul,0.013000,32768x1x1,1024x1x1,3584x32x1x1
ffn_swiglu-26,kernel_swiglu,0.100400,16384x1x1,512x1x1,18944x32x1x1
ffn_out-26,kernel_mul_mv_q6_K_f32,79.067200,3584x2048x1,2x64x1,3584x32x1x1
l_out-26,kernel_add,0.025100,2048x1x1,64x1x1,3584x32x1x1
attn_norm-27,kernel_rms_norm_mul,0.014600,32768x1x1,1024x1x1,3584x32x1x1
Qcur-27,kernel_add_row,0.011700,28672x0x0,64x0x0,3584x32x1x1
Qcur-27,kernel_rope_neox_f32,0.008700,1792x32x1,64x1x1,128x28x32x1
Kcur-27,kernel_add_row,0.005400,4096x0x0,64x0x0,512x32x1x1
Kcur-27,kernel_rope_neox_f32,0.003200,256x32x1,64x1x1,128x4x32x1
node_930,kernel_mul_mv_q6_K_f32,1.897100,512x2048x1,2x64x1,512x32x1x1
Vcur-27,kernel_add_row,0.002800,4096x0x0,64x0x0,512x32x1x1
cache_k_l27 (view),kernel_set_rows_f16_i64,0.003700,16384x1x1,512x1x1,512x4096x1x1
cache_v_l27 (view),kernel_set_rows_f16_i64,0.003500,16384x1x1,512x1x1,512x4096x1x1
__fattn__-27,flash_attn_f32_f16,3.469300,32x28x0,32x1x0,128x28x32x1
attn_norm-0,kernel_rms_norm_mul,0.017100,32768x1x1,1024x1x1,3584x32x1x1
Qcur-0,kernel_add_row,0.011400,28672x0x0,64x0x0,3584x32x1x1
Qcur-0,kernel_rope_neox_f32,0.009100,1792x32x1,64x1x1,128x28x32x1
Kcur-0,kernel_add_row,0.003000,4096x0x0,64x0x0,512x32x1x1
Kcur-0,kernel_rope_neox_f32,0.003200,256x32x1,64x1x1,128x4x32x1
node_11,kernel_mul_mv_q6_K_f32,1.894600,512x2048x1,2x64x1,512x32x1x1
Vcur-0,kernel_add_row,0.003100,4096x0x0,64x0x0,512x32x1x1
cache_k_l0 (view),kernel_set_rows_f16_i64,0.003700,16384x1x1,512x1x1,512x4096x1x1
cache_v_l0 (view),kernel_set_rows_f16_i64,0.003200,16384x1x1,512x1x1,512x4096x1x1
 (copy),kernel_cpy_f32_f16,0.004800,4096x1x1,64x1x1,512x64x1x1
__fattn__-0,flash_attn_f32_f16,3.457400,32x28x0,32x1x0,128x28x32x1
ffn_inp-0,kernel_add,0.026100,2048x1x1,64x1x1,3584x32x1x1
ffn_norm-0,kernel_rms_norm_mul,0.013500,32768x1x1,1024x1x1,3584x32x1x1
ffn_swiglu-0,kernel_swiglu,0.101900,16384x1x1,512x1x1,18944x32x1x1
ffn_out-0,kernel_mul_mv_q6_K_f32,81.134804,3584x2048x1,2x64x1,3584x32x1x1
l_out-0,kernel_add,0.025800,2048x1x1,64x1x1,3584x32x1x1
attn_norm-1,kernel_rms_norm_mul,0.014100,32768x1x1,1024x1x1,3584x32x1x1
Qcur-1,kernel_add_row,0.011600,28672x0x0,64x0x0,3584x32x1x1
Qcur-1,kernel_rope_neox_f32,0.008700,1792x32x1,64x1x1,128x28x32x1
Kcur-1,kernel_add_row,0.005500,4096x0x0,64x0x0,512x32x1x1
Kcur-1,kernel_rope_neox_f32,0.003200,256x32x1,64x1x1,128x4x32x1
node_46,kernel_mul_mv_q6_K_f32,1.897000,512x2048x1,2x64x1,512x32x1x1
Vcur-1,kernel_add_row,0.003000,4096x0x0,64x0x0,512x32x1x1
cache_k_l1 (view),kernel_set_rows_f16_i64,0.003800,16384x1x1,512x1x1,512x4096x1x1
cache_v_l1 (view),kernel_set_rows_f16_i64,0.003400,16384x1x1,512x1x1,512x4096x1x1
__fattn__-1,flash_attn_f32_f16,3.431500,32x28x0,32x1x0,128x28x32x1
ffn_inp-1,kernel_add,0.026900,2048x1x1,64x1x1,3584x32x1x1
ffn_norm-1,kernel_rms_norm_mul,0.013300,32768x1x1,1024x1x1,3584x32x1x1
ffn_swiglu-1,kernel_swiglu,0.101100,16384x1x1,512x1x1,18944x32x1x1
ffn_out-1,kernel_mul_mv_q6_K_f32,81.236198,3584x2048x1,2x64x1,3584x32x1x1
l_out-1,kernel_add,0.025200,2048x1x1,64x1x1,3584x32x1x1
attn_norm-2,kernel_rms_norm_mul,0.014600,32768x1x1,1024x1x1,3584x32x1x1
Qcur-2,kernel_add_row,0.010900,28672x0x0,64x0x0,3584x32x1x1
Qcur-2,kernel_rope_neox_f32,0.008800,1792x32x1,64x1x1,128x28x32x1
Kcur-2,kernel_add_row,0.005200,4096x0x0,64x0x0,512x32x1x1
Kcur-2,kernel_rope_neox_f32,0.003200,256x32x1,64x1x1,128x4x32x1
node_80,kernel_mul_mv_q6_K_f32,1.893000,512x2048x1,2x64x1,512x32x1x1
Vcur-2,kernel_add_row,0.003000,4096x0x0,64x0x0,512x32x1x1
cache_k_l2 (view),kernel_set_rows_f16_i64,0.003700,16384x1x1,512x1x1,512x4096x1x1
cache_v_l2 (view),kernel_set_rows_f16_i64,0.003400,16384x1x1,512x1x1,512x4096x1x1
__fattn__-2,flash_attn_f32_f16,3.468100,32x28x0,32x1x0,128x28x32x1
ffn_inp-2,kernel_add,0.026600,2048x1x1,64x1x1,3584x32x1x1
ffn_norm-2,kernel_rms_norm_mul,0.013200,32768x1x1,1024x1x1,3584x32x1x1
ffn_swiglu-2,kernel_swiglu,0.100100,16384x1x1,512x1x1,18944x32x1x1
ffn_out-2,kernel_mul_mv_q6_K_f32,79.335999,3584x2048x1,2x64x1,3584x32x1x1
l_out-2,kernel_add,0.025300,2048x1x1,64x1x1,3584x32x1x1
attn_norm-3,kernel_rms_norm_mul,0.014500,32768x1x1,1024x1x1,3584x32x1x1
Qcur-3,kernel_add_row,0.011600,28672x0x0,64x0x0,3584x32x1x1
Qcur-3,kernel_rope_neox_f32,0.010500,1792x32x1,64x1x1,128x28x32x1
Kcur-3,kernel_add_row,0.005300,4096x0x0,64x0x0,512x32x1x1
Kcur-3,kernel_rope_neox_f32,0.003200,256x32x1,64x1x1,128x4x32x1
Vcur-3,kernel_add_row,0.003000,4096x0x0,64x0x0,512x32x1x1
cache_k_l3 (view),kernel_set_rows_f16_i64,0.003900,16384x1x1,512x1x1,512x4096x1x1
cache_v_l3 (view),kernel_set_rows_f16_i64,0.003500,16384x1x1,512x1x1,512x4096x1x1
__fattn__-3,flash_attn_f32_f16,3.451900,32x28x0,32x1x0,128x28x32x1
ffn_inp-3,kernel_add,0.025500,2048x1x1,64x1x1,3584x32x1x1
ffn_norm-3,kernel_rms_norm_mul,0.013700,32768x1x1,1024x1x1,3584x32x1x1
l_out-3,kernel_add,0.027100,2048x1x1,64x1x1,3584x32x1x1
attn_norm-4,kernel_rms_norm_mul,0.015000,32768x1x1,1024x1x1,3584x32x1x1
Qcur-4,kernel_add_row,0.010900,28672x0x0,64x0x0,3584x32x1x1
Qcur-4,kernel_rope_neox_f32,0.009300,1792x32x1,64x1x1,128x28x32x1
Kcur-4,kernel_add_row,0.005300,4096x0x0,64x0x0,512x32x1x1
Kcur-4,kernel_rope_neox_f32,0.003300,256x32x1,64x1x1,128x4x32x1
Vcur-4,kernel_add_row,0.003100,4096x0x0,64x0x0,512x32x1x1
cache_k_l4 (view),kernel_set_rows_f16_i64,0.004000,16384x1x1,512x1x1,512x4096x1x1
cache_v_l4 (view),kernel_set_rows_f16_i64,0.003300,16384x1x1,512x1x1,512x4096x1x1
__fattn__-4,flash_attn_f32_f16,3.431300,32x28x0,32x1x0,128x28x32x1
ffn_inp-4,kernel_add,0.024100,2048x1x1,64x1x1,3584x32x1x1
ffn_norm-4,kernel_rms_norm_mul,0.013700,32768x1x1,1024x1x1,3584x32x1x1
l_out-4,kernel_add,0.024300,2048x1x1,64x1x1,3584x32x1x1
attn_norm-5,kernel_rms_norm_mul,0.013700,32768x1x1,1024x1x1,3584x32x1x1
Qcur-5,kernel_add_row,0.010500,28672x0x0,64x0x0,3584x32x1x1
Qcur-5,kernel_rope_neox_f32,0.008600,1792x32x1,64x1x1,128x28x32x1
Kcur-5,kernel_add_row,0.003000,4096x0x0,64x0x0,512x32x1x1
Kcur-5,kernel_rope_neox_f32,0.003200,256x32x1,64x1x1,128x4x32x1
node_182,kernel_mul_mv_q6_K_f32,1.891100,512x2048x1,2x64x1,512x32x1x1
Vcur-5,kernel_add_row,0.003100,4096x0x0,64x0x0,512x32x1x1
cache_k_l5 (view),kernel_set_rows_f16_i64,0.003700,16384x1x1,512x1x1,512x4096x1x1
cache_v_l5 (view),kernel_set_rows_f16_i64,0.003400,16384x1x1,512x1x1,512x4096x1x1
__fattn__-5,flash_attn_f32_f16,3.459500,32x28x0,32x1x0,128x28x32x1
ffn_inp-5,kernel_add,0.026300,2048x1x1,64x1x1,3584x32x1x1
ffn_norm-5,kernel_rms_norm_mul,0.013300,32768x1x1,1024x1x1,3584x32x1x1
ffn_swiglu-5,kernel_swiglu,0.099900,16384x1x1,512x1x1,18944x32x1x1
ffn_out-5,kernel_mul_mv_q6_K_f32,79.212898,3584x2048x1,2x64x1,3584x32x1x1
l_out-5,kernel_add,0.024900,2048x1x1,64x1x1,3584x32x1x1
attn_norm-6,kernel_rms_norm_mul,0.014500,32768x1x1,1024x1x1,3584x32x1x1
Qcur-6,kernel_add_row,0.011600,28672x0x0,64x0x0,3584x32x1x1
Qcur-6,kernel_rope_neox_f32,0.010400,1792x32x1,64x1x1,128x28x32x1
Kcur-6,kernel_add_row,0.005600,4096x0x0,64x0x0,512x32x1x1
Kcur-6,kernel_rope_neox_f32,0.003200,256x32x1,64x1x1,128x4x32x1
Vcur-6,kernel_add_row,0.003000,4096x0x0,64x0x0,512x32x1x1
cache_k_l6 (view),kernel_set_rows_f16_i64,0.003700,16384x1x1,512x1x1,512x4096x1x1
cache_v_l6 (view),kernel_set_rows_f16_i64,0.003300,16384x1x1,512x1x1,512x4096x1x1
__fattn__-6,flash_attn_f32_f16,3.439000,32x28x0,32x1x0,128x28x32x1
ffn_inp-6,kernel_add,0.024700,2048x1x1,64x1x1,3584x32x1x1
ffn_norm-6,kernel_rms_norm_mul,0.013500,32768x1x1,1024x1x1,3584x32x1x1
l_out-6,kernel_add,0.026500,2048x1x1,64x1x1,3584x32x1x1
attn_norm-7,kernel_rms_norm_mul,0.014900,32768x1x1,1024x1x1,3584x32x1x1
Qcur-7,kernel_add_row,0.011100,28672x0x0,64x0x0,3584x32x1x1
Qcur-7,kernel_rope_neox_f32,0.008900,1792x32x1,64x1x1,128x28x32x1
Kcur-7,kernel_add_row,0.005200,4096x0x0,64x0x0,512x32x1x1
Kcur-7,kernel_rope_neox_f32,0.003300,256x32x1,64x1x1,128x4x32x1
Vcur-7,kernel_add_row,0.003200,4096x0x0,64x0x0,512x32x1x1
cache_k_l7 (view),kernel_set_rows_f16_i64,0.004200,16384x1x1,512x1x1,512x4096x1x1
cache_v_l7 (view),kernel_set_rows_f16_i64,0.003400,16384x1x1,512x1x1,512x4096x1x1
__fattn__-7,flash_attn_f32_f16,3.446900,32x28x0,32x1x0,128x28x32x1
ffn_inp-7,kernel_add,0.025200,2048x1x1,64x1x1,3584x32x1x1
ffn_norm-7,kernel_rms_norm_mul,0.013000,32768x1x1,1024x1x1,3584x32x1x1
l_out-7,kernel_add,0.024800,2048x1x1,64x1x1,3584x32x1x1
attn_norm-8,kernel_rms_norm_mul,0.013900,32768x1x1,1024x1x1,3584x32x1x1
Qcur-8,kernel_add_row,0.010300,28672x0x0,64x0x0,3584x32x1x1
Qcur-8,kernel_rope_neox_f32,0.008600,1792x32x1,64x1x1,128x28x32x1
Kcur-8,kernel_add_row,0.003200,4096x0x0,64x0x0,512x32x1x1
Kcur-8,kernel_rope_neox_f32,0.003200,256x32x1,64x1x1,128x4x32x1
node_284,kernel_mul_mv_q6_K_f32,1.891900,512x2048x1,2x64x1,512x32x1x1
Vcur-8,kernel_add_row,0.003000,4096x0x0,64x0x0,512x32x1x1
cache_k_l8 (view),kernel_set_rows_f16_i64,0.003700,16384x1x1,512x1x1,512x4096x1x1
cache_v_l8 (view),kernel_set_rows_f16_i64,0.003300,16384x1x1,512x1x1,512x4096x1x1
__fattn__-8,flash_attn_f32_f16,3.418000,32x28x0,32x1x0,128x28x32x1
ffn_inp-8,kernel_add,0.026500,2048x1x1,64x1x1,3584x32x1x1
ffn_norm-8,kernel_rms_norm_mul,0.013300,32768x1x1,1024x1x1,3584x32x1x1
ffn_swiglu-8,kernel_swiglu,0.101700,16384x1x1,512x1x1,18944x32x1x1
ffn_out-8,kernel_mul_mv_q6_K_f32,79.219803,3584x2048x1,2x64x1,3584x32x1x1
l_out-8,kernel_add,0.025000,2048x1x1,64x1x1,3584x32x1x1
attn_norm-9,kernel_rms_norm_mul,0.014800,32768x1x1,1024x1x1,3584x32x1x1
Qcur-9,kernel_add_row,0.011300,28672x0x0,64x0x0,3584x32x1x1
Qcur-9,kernel_rope_neox_f32,0.009900,1792x32x1,64x1x1,128x28x32x1
Kcur-9,kernel_add_row,0.005400,4096x0x0,64x0x0,512x32x1x1
Kcur-9,kernel_rope_neox_f32,0.003200,256x32x1,64x1x1,128x4x32x1
Vcur-9,kernel_add_row,0.003000,4096x0x0,64x0x0,512x32x1x1
cache_k_l9 (view),kernel_set_rows_f16_i64,0.003800,16384x1x1,512x1x1,512x4096x1x1
cache_v_l9 (view),kernel_set_rows_f16_i64,0.003300,16384x1x1,512x1x1,512x4096x1x1
__fattn__-9,flash_attn_f32_f16,3.420200,32x28x0,32x1x0,128x28x32x1
ffn_inp-9,kernel_add,0.026400,2048x1x1,64x1x1,3584x32x1x1
ffn_norm-9,kernel_rms_norm_mul,0.013200,32768x1x1,1024x1x1,3584x32x1x1
l_out-9,kernel_add,0.025300,2048x1x1,64x1x1,3584x32x1x1
attn_norm-10,kernel_rms_norm_mul,0.014500,32768x1x1,1024x1x1,3584x32x1x1
Qcur-10,kernel_add_row,0.010900,28672x0x0,64x0x0,3584x32x1x1
Qcur-10,kernel_rope_neox_f32,0.009200,1792x32x1,64x1x1,128x28x32x1
Kcur-10,kernel_add_row,0.005300,4096x0x0,64x0x0,512x32x1x1
Kcur-10,kernel_rope_neox_f32,0.003300,256x32x1,64x1x1,128x4x32x1
Vcur-10,kernel_add_row,0.003000,4096x0x0,64x0x0,512x32x1x1
cache_k_l10 (view),kernel_set_rows_f16_i64,0.003600,16384x1x1,512x1x1,512x4096x1x1
cache_v_l10 (view),kernel_set_rows_f16_i64,0.003300,16384x1x1,512x1x1,512x4096x1x1
__fattn__-10,flash_attn_f32_f16,3.419700,32x28x0,32x1x0,128x28x32x1
ffn_inp-10,kernel_add,0.025600,2048x1x1,64x1x1,3584x32x1x1
ffn_norm-10,kernel_rms_norm_mul,0.013300,32768x1x1,1024x1x1,3584x32x1x1
l_out-10,kernel_add,0.024800,2048x1x1,64x1x1,3584x32x1x1
attn_norm-11,kernel_rms_norm_mul,0.013900,32768x1x1,1024x1x1,3584x32x1x1
Qcur-11,kernel_add_row,0.010200,28672x0x0,64x0x0,3584x32x1x1
Qcur-11,kernel_rope_neox_f32,0.008600,1792x32x1,64x1x1,128x28x32x1
Kcur-11,kernel_add_row,0.003000,4096x0x0,64x0x0,512x32x1x1
Kcur-11,kernel_rope_neox_f32,0.003200,256x32x1,64x1x1,128x4x32x1
node_386,kernel_mul_mv_q6_K_f32,1.892600,512x2048x1,2x64x1,512x32x1x1
Vcur-11,kernel_add_row,0.002900,4096x0x0,64x0x0,512x32x1x1
cache_k_l11 (view),kernel_set_rows_f16_i64,0.003600,16384x1x1,512x1x1,512x4096x1x1
cache_v_l11 (view),kernel_set_rows_f16_i64,0.003400,16384x1x1,512x1x1,512x4096x1x1
__fattn__-11,flash_attn_f32_f16,3.406200,32x28x0,32x1x0,128x28x32x1
ffn_inp-11,kernel_add,0.026600,2048x1x1,64x1x1,3584x32x1x1
ffn_norm-11,kernel_rms_norm_mul,0.013200,32768x1x1,1024x1x1,3584x32x1x1
ffn_swiglu-11,kernel_swiglu,0.101300,16384x1x1,512x1x1,18944x32x1x1
ffn_out-11,kernel_mul_mv_q6_K_f32,79.156403,3584x2048x1,2x64x1,3584x32x1x1
l_out-11,kernel_add,0.025500,2048x1x1,64x1x1,3584x32x1x1
attn_norm-12,kernel_rms_norm_mul,0.014600,32768x1x1,1024x1x1,3584x32x1x1
Qcur-12,kernel_add_row,0.011700,28672x0x0,64x0x0,3584x32x1x1
Qcur-12,kernel_rope_neox_f32,0.009900,1792x32x1,64x1x1,128x28x32x1
Kcur-12,kernel_add_row,0.005200,4096x0x0,64x0x0,512x32x1x1
Kcur-12,kernel_rope_neox_f32,0.003300,256x32x1,64x1x1,128x4x32x1
Vcur-12,kernel_add_row,0.002900,4096x0x0,64x0x0,512x32x1x1
cache_k_l12 (view),kernel_set_rows_f16_i64,0.003800,16384x1x1,512x1x1,512x4096x1x1
cache_v_l12 (view),kernel_set_rows_f16_i64,0.003400,16384x1x1,512x1x1,512x4096x1x1
__fattn__-12,flash_attn_f32_f16,3.422600,32x28x0,32x1x0,128x28x32x1
ffn_inp-12,kernel_add,0.025800,2048x1x1,64x1x1,3584x32x1x1
ffn_norm-12,kernel_rms_norm_mul,0.013500,32768x1x1,1024x1x1,3584x32x1x1
l_out-12,kernel_add,0.025700,2048x1x1,64x1x1,3584x32x1x1
attn_norm-13,kernel_rms_norm_mul,0.014200,32768x1x1,1024x1x1,3584x32x1x1
Qcur-13,kernel_add_row,0.011100,28672x0x0,64x0x0,3584x32x1x1
Qcur-13,kernel_rope_neox_f32,0.009200,1792x32x1,64x1x1,128x28x32x1
Kcur-13,kernel_add_row,0.005200,4096x0x0,64x0x0,512x32x1x1
Kcur-13,kernel_rope_neox_f32,0.003200,256x32x1,64x1x1,128x4x32x1
Vcur-13,kernel_add_row,0.003100,4096x0x0,64x0x0,512x32x1x1
cache_k_l13 (view),kernel_set_rows_f16_i64,0.003700,16384x1x1,512x1x1,512x4096x1x1
cache_v_l13 (view),kernel_set_rows_f16_i64,0.003500,16384x1x1,512x1x1,512x4096x1x1
__fattn__-13,flash_attn_f32_f16,3.433600,32x28x0,32x1x0,128x28x32x1
ffn_inp-13,kernel_add,0.025500,2048x1x1,64x1x1,3584x32x1x1
ffn_norm-13,kernel_rms_norm_mul,0.013100,32768x1x1,1024x1x1,3584x32x1x1
l_out-13,kernel_add,0.024600,2048x1x1,64x1x1,3584x32x1x1
attn_norm-14,kernel_rms_norm_mul,0.014100,32768x1x1,1024x1x1,3584x32x1x1
Qcur-14,kernel_add_row,0.010300,28672x0x0,64x0x0,3584x32x1x1
Qcur-14,kernel_rope_neox_f32,0.008800,1792x32x1,64x1x1,128x28x32x1
Kcur-14,kernel_add_row,0.003300,4096x0x0,64x0x0,512x32x1x1
Kcur-14,kernel_rope_neox_f32,0.003300,256x32x1,64x1x1,128x4x32x1
node_488,kernel_mul_mv_q6_K_f32,1.890800,512x2048x1,2x64x1,512x32x1x1
Vcur-14,kernel_add_row,0.002800,4096x0x0,64x0x0,512x32x1x1
cache_k_l14 (view),kernel_set_rows_f16_i64,0.003800,16384x1x1,512x1x1,512x4096x1x1
cache_v_l14 (view),kernel_set_rows_f16_i64,0.003300,16384x1x1,512x1x1,512x4096x1x1
__fattn__-14,flash_attn_f32_f16,3.452600,32x28x0,32x1x0,128x28x32x1
ffn_inp-14,kernel_add,0.027000,2048x1x1,64x1x1,3584x32x1x1
ffn_norm-14,kernel_rms_norm_mul,0.013400,32768x1x1,1024x1x1,3584x32x1x1
ffn_swiglu-14,kernel_swiglu,0.101700,16384x1x1,512x1x1,18944x32x1x1
ffn_out-14,kernel_mul_mv_q6_K_f32,79.436203,3584x2048x1,2x64x1,3584x32x1x1
l_out-14,kernel_add,0.025000,2048x1x1,64x1x1,3584x32x1x1
attn_norm-15,kernel_rms_norm_mul,0.014400,32768x1x1,1024x1x1,3584x32x1x1
Qcur-15,kernel_add_row,0.011000,28672x0x0,64x0x0,3584x32x1x1
Qcur-15,kernel_rope_neox_f32,0.009800,1792x32x1,64x1x1,128x28x32x1
Kcur-15,kernel_add_row,0.005400,4096x0x0,64x0x0,512x32x1x1
Kcur-15,kernel_rope_neox_f32,0.003200,256x32x1,64x1x1,128x4x32x1
Vcur-15,kernel_add_row,0.005100,4096x0x0,64x0x0,512x32x1x1
cache_k_l15 (view),kernel_set_rows_f16_i64,0.003700,16384x1x1,512x1x1,512x4096x1x1
cache_v_l15 (view),kernel_set_rows_f16_i64,0.003400,16384x1x1,512x1x1,512x4096x1x1
__fattn__-15,flash_attn_f32_f16,3.408100,32x28x0,32x1x0,128x28x32x1
ffn_inp-15,kernel_add,0.025400,2048x1x1,64x1x1,3584x32x1x1
ffn_norm-15,kernel_rms_norm_mul,0.013200,32768x1x1,1024x1x1,3584x32x1x1
l_out-15,kernel_add,0.025400,2048x1x1,64x1x1,3584x32x1x1
attn_norm-16,kernel_rms_norm_mul,0.014200,32768x1x1,1024x1x1,3584x32x1x1
Qcur-16,kernel_add_row,0.010800,28672x0x0,64x0x0,3584x32x1x1
Qcur-16,kernel_rope_neox_f32,0.009500,1792x32x1,64x1x1,128x28x32x1
Kcur-16,kernel_add_row,0.005300,4096x0x0,64x0x0,512x32x1x1
Kcur-16,kernel_rope_neox_f32,0.003200,256x32x1,64x1x1,128x4x32x1
Vcur-16,kernel_add_row,0.003000,4096x0x0,64x0x0,512x32x1x1
cache_k_l16 (view),kernel_set_rows_f16_i64,0.003800,16384x1x1,512x1x1,512x4096x1x1
cache_v_l16 (view),kernel_set_rows_f16_i64,0.003300,16384x1x1,512x1x1,512x4096x1x1
__fattn__-16,flash_attn_f32_f16,3.417600,32x28x0,32x1x0,128x28x32x1
ffn_inp-16,kernel_add,0.025300,2048x1x1,64x1x1,3584x32x1x1
ffn_norm-16,kernel_rms_norm_mul,0.013800,32768x1x1,1024x1x1,3584x32x1x1
l_out-16,kernel_add,0.024600,2048x1x1,64x1x1,3584x32x1x1
attn_norm-17,kernel_rms_norm_mul,0.014400,32768x1x1,1024x1x1,3584x32x1x1
Qcur-17,kernel_add_row,0.010200,28672x0x0,64x0x0,3584x32x1x1
Qcur-17,kernel_rope_neox_f32,0.008800,1792x32x1,64x1x1,128x28x32x1
Kcur-17,kernel_add_row,0.003000,4096x0x0,64x0x0,512x32x1x1
Kcur-17,kernel_rope_neox_f32,0.003200,256x32x1,64x1x1,128x4x32x1
node_590,kernel_mul_mv_q6_K_f32,1.892700,512x2048x1,2x64x1,512x32x1x1
Vcur-17,kernel_add_row,0.003000,4096x0x0,64x0x0,512x32x1x1
cache_k_l17 (view),kernel_set_rows_f16_i64,0.003700,16384x1x1,512x1x1,512x4096x1x1
cache_v_l17 (view),kernel_set_rows_f16_i64,0.003400,16384x1x1,512x1x1,512x4096x1x1
__fattn__-17,flash_attn_f32_f16,3.458800,32x28x0,32x1x0,128x28x32x1
ffn_inp-17,kernel_add,0.026600,2048x1x1,64x1x1,3584x32x1x1
ffn_norm-17,kernel_rms_norm_mul,0.013100,32768x1x1,1024x1x1,3584x32x1x1
ffn_swiglu-17,kernel_swiglu,0.099900,16384x1x1,512x1x1,18944x32x1x1
ffn_out-17,kernel_mul_mv_q6_K_f32,79.208702,3584x2048x1,2x64x1,3584x32x1x1
l_out-17,kernel_add,0.025000,2048x1x1,64x1x1,3584x32x1x1
attn_norm-18,kernel_rms_norm_mul,0.014300,32768x1x1,1024x1x1,3584x32x1x1
Qcur-18,kernel_add_row,0.011500,28672x0x0,64x0x0,3584x32x1x1
Qcur-18,kernel_rope_neox_f32,0.009600,1792x32x1,64x1x1,128x28x32x1
Kcur-18,kernel_add_row,0.005200,4096x0x0,64x0x0,512x32x1x1
Kcur-18,kernel_rope_neox_f32,0.003200,256x32x1,64x1x1,128x4x32x1
Vcur-18,kernel_add_row,0.002900,4096x0x0,64x0x0,512x32x1x1
cache_k_l18 (view),kernel_set_rows_f16_i64,0.003700,16384x1x1,512x1x1,512x4096x1x1
cache_v_l18 (view),kernel_set_rows_f16_i64,0.003400,16384x1x1,512x1x1,512x4096x1x1
__fattn__-18,flash_attn_f32_f16,3.424400,32x28x0,32x1x0,128x28x32x1
ffn_inp-18,kernel_add,0.026100,2048x1x1,64x1x1,3584x32x1x1
ffn_norm-18,kernel_rms_norm_mul,0.013100,32768x1x1,1024x1x1,3584x32x1x1
l_out-18,kernel_add,0.025200,2048x1x1,64x1x1,3584x32x1x1
attn_norm-19,kernel_rms_norm_mul,0.014100,32768x1x1,1024x1x1,3584x32x1x1
Qcur-19,kernel_add_row,0.011000,28672x0x0,64x0x0,3584x32x1x1
Qcur-19,kernel_rope_neox_f32,0.009300,1792x32x1,64x1x1,128x28x32x1
Kcur-19,kernel_add_row,0.005100,4096x0x0,64x0x0,512x32x1x1
Kcur-19,kernel_rope_neox_f32,0.003300,256x32x1,64x1x1,128x4x32x1
Vcur-19,kernel_add_row,0.003000,4096x0x0,64x0x0,512x32x1x1
cache_k_l19 (view),kernel_set_rows_f16_i64,0.003800,16384x1x1,512x1x1,512x4096x1x1
cache_v_l19 (view),kernel_set_rows_f16_i64,0.003300,16384x1x1,512x1x1,512x4096x1x1
__fattn__-19,flash_attn_f32_f16,3.470400,32x28x0,32x1x0,128x28x32x1
ffn_inp-19,kernel_add,0.025200,2048x1x1,64x1x1,3584x32x1x1
ffn_norm-19,kernel_rms_norm_mul,0.013300,32768x1x1,1024x1x1,3584x32x1x1
l_out-19,kernel_add,0.024700,2048x1x1,64x1x1,3584x32x1x1
attn_norm-20,kernel_rms_norm_mul,0.014100,32768x1x1,1024x1x1,3584x32x1x1
Qcur-20,kernel_add_row,0.010200,28672x0x0,64x0x0,3584x32x1x1
Qcur-20,kernel_rope_neox_f32,0.008700,1792x32x1,64x1x1,128x28x32x1
Kcur-20,kernel_add_row,0.003100,4096x0x0,64x0x0,512x32x1x1
Kcur-20,kernel_rope_neox_f32,0.003400,256x32x1,64x1x1,128x4x32x1
node_692,kernel_mul_mv_q6_K_f32,1.892100,512x2048x1,2x64x1,512x32x1x1
Vcur-20,kernel_add_row,0.003000,4096x0x0,64x0x0,512x32x1x1
cache_k_l20 (view),kernel_set_rows_f16_i64,0.003600,16384x1x1,512x1x1,512x4096x1x1
cache_v_l20 (view),kernel_set_rows_f16_i64,0.003400,16384x1x1,512x1x1,512x4096x1x1
__fattn__-20,flash_attn_f32_f16,3.451000,32x28x0,32x1x0,128x28x32x1
ffn_inp-20,kernel_add,0.026700,2048x1x1,64x1x1,3584x32x1x1
ffn_norm-20,kernel_rms_norm_mul,0.013200,32768x1x1,1024x1x1,3584x32x1x1
ffn_swiglu-20,kernel_swiglu,0.100500,16384x1x1,512x1x1,18944x32x1x1
ffn_out-20,kernel_mul_mv_q6_K_f32,79.172302,3584x2048x1,2x64x1,3584x32x1x1
l_out-20,kernel_add,0.025400,2048x1x1,64x1x1,3584x32x1x1
attn_norm-21,kernel_rms_norm_mul,0.014600,32768x1x1,1024x1x1,3584x32x1x1
Qcur-21,kernel_add_row,0.011500,28672x0x0,64x0x0,3584x32x1x1
Qcur-21,kernel_rope_neox_f32,0.010200,1792x32x1,64x1x1,128x28x32x1
Kcur-21,kernel_add_row,0.005400,4096x0x0,64x0x0,512x32x1x1
Kcur-21,kernel_rope_neox_f32,0.003200,256x32x1,64x1x1,128x4x32x1
Vcur-21,kernel_add_row,0.003100,4096x0x0,64x0x0,512x32x1x1
cache_k_l21 (view),kernel_set_rows_f16_i64,0.003700,16384x1x1,512x1x1,512x4096x1x1
cache_v_l21 (view),kernel_set_rows_f16_i64,0.003500,16384x1x1,512x1x1,512x4096x1x1
__fattn__-21,flash_attn_f32_f16,3.458600,32x28x0,32x1x0,128x28x32x1
ffn_inp-21,kernel_add,0.026100,2048x1x1,64x1x1,3584x32x1x1
ffn_norm-21,kernel_rms_norm_mul,0.013400,32768x1x1,1024x1x1,3584x32x1x1
l_out-21,kernel_add,0.025500,2048x1x1,64x1x1,3584x32x1x1
attn_norm-22,kernel_rms_norm_mul,0.014000,32768x1x1,1024x1x1,3584x32x1x1
Qcur-22,kernel_add_row,0.010900,28672x0x0,64x0x0,3584x32x1x1
Qcur-22,kernel_rope_neox_f32,0.009300,1792x32x1,64x1x1,128x28x32x1
Kcur-22,kernel_add_row,0.005100,4096x0x0,64x0x0,512x32x1x1
Kcur-22,kernel_rope_neox_f32,0.003300,256x32x1,64x1x1,128x4x32x1
Vcur-22,kernel_add_row,0.003000,4096x0x0,64x0x0,512x32x1x1
cache_k_l22 (view),kernel_set_rows_f16_i64,0.003700,16384x1x1,512x1x1,512x4096x1x1
cache_v_l22 (view),kernel_set_rows_f16_i64,0.003400,16384x1x1,512x1x1,512x4096x1x1
__fattn__-22,flash_attn_f32_f16,3.442500,32x28x0,32x1x0,128x28x32x1
ffn_inp-22,kernel_add,0.025300,2048x1x1,64x1x1,3584x32x1x1
ffn_norm-22,kernel_rms_norm_mul,0.013500,32768x1x1,1024x1x1,3584x32x1x1
l_out-22,kernel_add,0.025100,2048x1x1,64x1x1,3584x32x1x1
attn_norm-23,kernel_rms_norm_mul,0.014100,32768x1x1,1024x1x1,3584x32x1x1
Qcur-23,kernel_add_row,0.010800,28672x0x0,64x0x0,3584x32x1x1
Qcur-23,kernel_rope_neox_f32,0.008800,1792x32x1,64x1x1,128x28x32x1
Kcur-23,kernel_add_row,0.003100,4096x0x0,64x0x0,512x32x1x1
Kcur-23,kernel_rope_neox_f32,0.003100,256x32x1,64x1x1,128x4x32x1
node_794,kernel_mul_mv_q6_K_f32,1.891000,512x2048x1,2x64x1,512x32x1x1
Vcur-23,kernel_add_row,0.003000,4096x0x0,64x0x0,512x32x1x1
cache_k_l23 (view),kernel_set_rows_f16_i64,0.003800,16384x1x1,512x1x1,512x4096x1x1
cache_v_l23 (view),kernel_set_rows_f16_i64,0.003300,16384x1x1,512x1x1,512x4096x1x1
__fattn__-23,flash_attn_f32_f16,3.446800,32x28x0,32x1x0,128x28x32x1
ffn_inp-23,kernel_add,0.026800,2048x1x1,64x1x1,3584x32x1x1
ffn_norm-23,kernel_rms_norm_mul,0.013600,32768x1x1,1024x1x1,3584x32x1x1
ffn_swiglu-23,kernel_swiglu,0.100700,16384x1x1,512x1x1,18944x32x1x1
ffn_out-23,kernel_mul_mv_q6_K_f32,79.171700,3584x2048x1,2x64x1,3584x32x1x1
l_out-23,kernel_add,0.025200,2048x1x1,64x1x1,3584x32x1x1
attn_norm-24,kernel_rms_norm_mul,0.014500,32768x1x1,1024x1x1,3584x32x1x1
Qcur-24,kernel_add_row,0.011400,28672x0x0,64x0x0,3584x32x1x1
Qcur-24,kernel_rope_neox_f32,0.008600,1792x32x1,64x1x1,128x28x32x1
Kcur-24,kernel_add_row,0.005200,4096x0x0,64x0x0,512x32x1x1
Kcur-24,kernel_rope_neox_f32,0.003300,256x32x1,64x1x1,128x4x32x1
node_828,kernel_mul_mv_q6_K_f32,1.891500,512x2048x1,2x64x1,512x32x1x1
Vcur-24,kernel_add_row,0.002900,4096x0x0,64x0x0,512x32x1x1
cache_k_l24 (view),kernel_set_rows_f16_i64,0.003700,16384x1x1,512x1x1,512x4096x1x1
cache_v_l24 (view),kernel_set_rows_f16_i64,0.003300,16384x1x1,512x1x1,512x4096x1x1
__fattn__-24,flash_attn_f32_f16,3.435300,32x28x0,32x1x0,128x28x32x1
ffn_inp-24,kernel_add,0.026800,2048x1x1,64x1x1,3584x32x1x1
ffn_norm-24,kernel_rms_norm_mul,0.013200,32768x1x1,1024x1x1,3584x32x1x1
ffn_swiglu-24,kernel_swiglu,0.098800,16384x1x1,512x1x1,18944x32x1x1
ffn_out-24,kernel_mul_mv_q6_K_f32,79.161697,3584x2048x1,2x64x1,3584x32x1x1
l_out-24,kernel_add,0.025100,2048x1x1,64x1x1,3584x32x1x1
attn_norm-25,kernel_rms_norm_mul,0.015100,32768x1x1,1024x1x1,3584x32x1x1
Qcur-25,kernel_add_row,0.011500,28672x0x0,64x0x0,3584x32x1x1
Qcur-25,kernel_rope_neox_f32,0.008800,1792x32x1,64x1x1,128x28x32x1
Kcur-25,kernel_add_row,0.005300,4096x0x0,64x0x0,512x32x1x1
Kcur-25,kernel_rope_neox_f32,0.003300,256x32x1,64x1x1,128x4x32x1
node_862,kernel_mul_mv_q6_K_f32,1.889700,512x2048x1,2x64x1,512x32x1x1
Vcur-25,kernel_add_row,0.003000,4096x0x0,64x0x0,512x32x1x1
cache_k_l25 (view),kernel_set_rows_f16_i64,0.003700,16384x1x1,512x1x1,512x4096x1x1
cache_v_l25 (view),kernel_set_rows_f16_i64,0.003300,16384x1x1,512x1x1,512x4096x1x1
__fattn__-25,flash_attn_f32_f16,3.484300,32x28x0,32x1x0,128x28x32x1
ffn_inp-25,kernel_add,0.027200,2048x1x1,64x1x1,3584x32x1x1
ffn_norm-25,kernel_rms_norm_mul,0.013100,32768x1x1,1024x1x1,3584x32x1x1
ffn_swiglu-25,kernel_swiglu,0.101000,16384x1x1,512x1x1,18944x32x1x1
ffn_out-25,kernel_mul_mv_q6_K_f32,79.117104,3584x2048x1,2x64x1,3584x32x1x1
l_out-25,kernel_add,0.024900,2048x1x1,64x1x1,3584x32x1x1
attn_norm-26,kernel_rms_norm_mul,0.014100,32768x1x1,1024x1x1,3584x32x1x1
Qcur-26,kernel_add_row,0.011700,28672x0x0,64x0x0,3584x32x1x1
Qcur-26,kernel_rope_neox_f32,0.008900,1792x32x1,64x1x1,128x28x32x1
Kcur-26,kernel_add_row,0.005300,4096x0x0,64x0x0,512x32x1x1
Kcur-26,kernel_rope_neox_f32,0.003400,256x32x1,64x1x1,128x4x32x1
node_896,kernel_mul_mv_q6_K_f32,1.893600,512x2048x1,2x64x1,512x32x1x1
Vcur-26,kernel_add_row,0.002800,4096x0x0,64x0x0,512x32x1x1
cache_k_l26 (view),kernel_set_rows_f16_i64,0.003800,16384x1x1,512x1x1,512x4096x1x1
cache_v_l26 (view),kernel_set_rows_f16_i64,0.003600,16384x1x1,512x1x1,512x4096x1x1
__fattn__-26,flash_attn_f32_f16,3.450800,32x28x0,32x1x0,128x28x32x1
ffn_inp-26,kernel_add,0.027100,2048x1x1,64x1x1,3584x32x1x1
ffn_norm-26,kernel_rms_norm_mul,0.013400,32768x1x1,1024x1x1,3584x32x1x1
ffn_swiglu-26,kernel_swiglu,0.101100,16384x1x1,512x1x1,18944x32x1x1
ffn_out-26,kernel_mul_mv_q6_K_f32,79.123199,3584x2048x1,2x64x1,3584x32x1x1
l_out-26,kernel_add,0.025100,2048x1x1,64x1x1,3584x32x1x1
attn_norm-27,kernel_rms_norm_mul,0.014200,32768x1x1,1024x1x1,3584x32x1x1
Qcur-27,kernel_add_row,0.011500,28672x0x0,64x0x0,3584x32x1x1
Qcur-27,kernel_rope_neox_f32,0.008900,1792x32x1,64x1x1,128x28x32x1
Kcur-27,kernel_add_row,0.005300,4096x0x0,64x0x0,512x32x1x1
Kcur-27,kernel_rope_neox_f32,0.003200,256x32x1,64x1x1,128x4x32x1
node_930,kernel_mul_mv_q6_K_f32,1.892400,512x2048x1,2x64x1,512x32x1x1
Vcur-27,kernel_add_row,0.003000,4096x0x0,64x0x0,512x32x1x1
cache_k_l27 (view),kernel_set_rows_f16_i64,0.003700,16384x1x1,512x1x1,512x4096x1x1
cache_v_l27 (view),kernel_set_rows_f16_i64,0.003200,16384x1x1,512x1x1,512x4096x1x1
__fattn__-27,flash_attn_f32_f16,3.398100,32x28x0,32x1x0,128x28x32x1
attn_norm-0,kernel_rms_norm_mul,0.017200,32768x1x1,1024x1x1,3584x32x1x1
Qcur-0,kernel_add_row,0.011800,28672x0x0,64x0x0,3584x32x1x1
Qcur-0,kernel_rope_neox_f32,0.009000,1792x32x1,64x1x1,128x28x32x1
Kcur-0,kernel_add_row,0.003000,4096x0x0,64x0x0,512x32x1x1
Kcur-0,kernel_rope_neox_f32,0.003300,256x32x1,64x1x1,128x4x32x1
node_11,kernel_mul_mv_q6_K_f32,1.895500,512x2048x1,2x64x1,512x32x1x1
Vcur-0,kernel_add_row,0.003000,4096x0x0,64x0x0,512x32x1x1
cache_k_l0 (view),kernel_set_rows_f16_i64,0.003700,16384x1x1,512x1x1,512x4096x1x1
cache_v_l0 (view),kernel_set_rows_f16_i64,0.003400,16384x1x1,512x1x1,512x4096x1x1
 (copy),kernel_cpy_f32_f16,0.004800,4096x1x1,64x1x1,512x64x1x1
__fattn__-0,flash_attn_f32_f16,3.440200,32x28x0,32x1x0,128x28x32x1
ffn_inp-0,kernel_add,0.026200,2048x1x1,64x1x1,3584x32x1x1
ffn_norm-0,kernel_rms_norm_mul,0.013600,32768x1x1,1024x1x1,3584x32x1x1
ffn_swiglu-0,kernel_swiglu,0.101900,16384x1x1,512x1x1,18944x32x1x1
ffn_out-0,kernel_mul_mv_q6_K_f32,80.964897,3584x2048x1,2x64x1,3584x32x1x1
l_out-0,kernel_add,0.025200,2048x1x1,64x1x1,3584x32x1x1
attn_norm-1,kernel_rms_norm_mul,0.014600,32768x1x1,1024x1x1,3584x32x1x1
Qcur-1,kernel_add_row,0.011300,28672x0x0,64x0x0,3584x32x1x1
Qcur-1,kernel_rope_neox_f32,0.008700,1792x32x1,64x1x1,128x28x32x1
Kcur-1,kernel_add_row,0.005100,4096x0x0,64x0x0,512x32x1x1
Kcur-1,kernel_rope_neox_f32,0.003500,256x32x1,64x1x1,128x4x32x1
node_46,kernel_mul_mv_q6_K_f32,1.893100,512x2048x1,2x64x1,512x32x1x1
Vcur-1,kernel_add_row,0.003000,4096x0x0,64x0x0,512x32x1x1
cache_k_l1 (view),kernel_set_rows_f16_i64,0.004000,16384x1x1,512x1x1,512x4096x1x1
cache_v_l1 (view),kernel_set_rows_f16_i64,0.003400,16384x1x1,512x1x1,512x4096x1x1
__fattn__-1,flash_attn_f32_f16,3.441400,32x28x0,32x1x0,128x28x32x1
ffn_inp-1,kernel_add,0.026800,2048x1x1,64x1x1,3584x32x1x1
ffn_norm-1,kernel_rms_norm_mul,0.013700,32768x1x1,1024x1x1,3584x32x1x1
ffn_swiglu-1,kernel_swiglu,0.100400,16384x1x1,512x1x1,18944x32x1x1
ffn_out-1,kernel_mul_mv_q6_K_f32,81.235802,3584x2048x1,2x64x1,3584x32x1x1
l_out-1,kernel_add,0.025000,2048x1x1,64x1x1,3584x32x1x1
attn_norm-2,kernel_rms_norm_mul,0.014300,32768x1x1,1024x1x1,3584x32x1x1
Qcur-2,kernel_add_row,0.012000,28672x0x0,64x0x0,3584x32x1x1
Qcur-2,kernel_rope_neox_f32,0.008900,1792x32x1,64x1x1,128x28x32x1
Kcur-2,kernel_add_row,0.005200,4096x0x0,64x0x0,512x32x1x1
Kcur-2,kernel_rope_neox_f32,0.003400,256x32x1,64x1x1,128x4x32x1
node_80,kernel_mul_mv_q6_K_f32,1.896200,512x2048x1,2x64x1,512x32x1x1
Vcur-2,kernel_add_row,0.002800,4096x0x0,64x0x0,512x32x1x1
cache_k_l2 (view),kernel_set_rows_f16_i64,0.003800,16384x1x1,512x1x1,512x4096x1x1
cache_v_l2 (view),kernel_set_rows_f16_i64,0.003300,16384x1x1,512x1x1,512x4096x1x1
__fattn__-2,flash_attn_f32_f16,3.454500,32x28x0,32x1x0,128x28x32x1
ffn_inp-2,kernel_add,0.028000,2048x1x1,64x1x1,3584x32x1x1
ffn_norm-2,kernel_rms_norm_mul,0.013500,32768x1x1,1024x1x1,3584x32x1x1
ffn_swiglu-2,kernel_swiglu,0.100100,16384x1x1,512x1x1,18944x32x1x1
ffn_out-2,kernel_mul_mv_q6_K_f32,79.272400,3584x2048x1,2x64x1,3584x32x1x1
l_out-2,kernel_add,0.025500,2048x1x1,64x1x1,3584x32x1x1
attn_norm-3,kernel_rms_norm_mul,0.013900,32768x1x1,1024x1x1,3584x32x1x1
Qcur-3,kernel_add_row,0.011500,28672x0x0,64x0x0,3584x32x1x1
Qcur-3,kernel_rope_neox_f32,0.009800,1792x32x1,64x1x1,128x28x32x1
Kcur-3,kernel_add_row,0.005300,4096x0x0,64x0x0,512x32x1x1
Kcur-3,kernel_rope_neox_f32,0.003100,256x32x1,64x1x1,128x4x32x1
Vcur-3,kernel_add_row,0.003000,4096x0x0,64x0x0,512x32x1x1
cache_k_l3 (view),kernel_set_rows_f16_i64,0.003700,16384x1x1,512x1x1,512x4096x1x1
cache_v_l3 (view),kernel_set_rows_f16_i64,0.003300,16384x1x1,512x1x1,512x4096x1x1
__fattn__-3,flash_attn_f32_f16,3.456300,32x28x0,32x1x0,128x28x32x1
ffn_inp-3,kernel_add,0.026300,2048x1x1,64x1x1,3584x32x1x1
ffn_norm-3,kernel_rms_norm_mul,0.013300,32768x1x1,1024x1x1,3584x32x1x1
l_out-3,kernel_add,0.025300,2048x1x1,64x1x1,3584x32x1x1
attn_norm-4,kernel_rms_norm_mul,0.014300,32768x1x1,1024x1x1,3584x32x1x1
Qcur-4,kernel_add_row,0.011100,28672x0x0,64x0x0,3584x32x1x1
Qcur-4,kernel_rope_neox_f32,0.009100,1792x32x1,64x1x1,128x28x32x1
Kcur-4,kernel_add_row,0.005100,4096x0x0,64x0x0,512x32x1x1
Kcur-4,kernel_rope_neox_f32,0.003200,256x32x1,64x1x1,128x4x32x1
Vcur-4,kernel_add_row,0.003100,4096x0x0,64x0x0,512x32x1x1
cache_k_l4 (view),kernel_set_rows_f16_i64,0.003800,16384x1x1,512x1x1,512x4096x1x1
cache_v_l4 (view),kernel_set_rows_f16_i64,0.003200,16384x1x1,512x1x1,512x4096x1x1
__fattn__-4,flash_attn_f32_f16,3.436600,32x28x0,32x1x0,128x28x32x1
ffn_inp-4,kernel_add,0.025000,2048x1x1,64x1x1,3584x32x1x1
ffn_norm-4,kernel_rms_norm_mul,0.013400,32768x1x1,1024x1x1,3584x32x1x1
l_out-4,kernel_add,0.025100,2048x1x1,64x1x1,3584x32x1x1
attn_norm-5,kernel_rms_norm_mul,0.014400,32768x1x1,1024x1x1,3584x32x1x1
Qcur-5,kernel_add_row,0.010200,28672x0x0,64x0x0,3584x32x1x1
Qcur-5,kernel_rope_neox_f32,0.008700,1792x32x1,64x1x1,128x28x32x1
Kcur-5,kernel_add_row,0.003100,4096x0x0,64x0x0,512x32x1x1
Kcur-5,kernel_rope_neox_f32,0.003200,256x32x1,64x1x1,128x4x32x1
node_182,kernel_mul_mv_q6_K_f32,1.892300,512x2048x1,2x64x1,512x32x1x1
Vcur-5,kernel_add_row,0.002900,4096x0x0,64x0x0,512x32x1x1
cache_k_l5 (view),kernel_set_rows_f16_i64,0.003700,16384x1x1,512x1x1,512x4096x1x1
cache_v_l5 (view),kernel_set_rows_f16_i64,0.003300,16384x1x1,512x1x1,512x4096x1x1
__fattn__-5,flash_attn_f32_f16,3.446800,32x28x0,32x1x0,128x28x32x1
ffn_inp-5,kernel_add,0.027000,2048x1x1,64x1x1,3584x32x1x1
ffn_norm-5,kernel_rms_norm_mul,0.013500,32768x1x1,1024x1x1,3584x32x1x1
ffn_swiglu-5,kernel_swiglu,0.100300,16384x1x1,512x1x1,18944x32x1x1
ffn_out-5,kernel_mul_mv_q6_K_f32,79.190498,3584x2048x1,2x64x1,3584x32x1x1
l_out-5,kernel_add,0.025200,2048x1x1,64x1x1,3584x32x1x1
attn_norm-6,kernel_rms_norm_mul,0.014900,32768x1x1,1024x1x1,3584x32x1x1
Qcur-6,kernel_add_row,0.011200,28672x0x0,64x0x0,3584x32x1x1
Qcur-6,kernel_rope_neox_f32,0.010200,1792x32x1,64x1x1,128x28x32x1
Kcur-6,kernel_add_row,0.005400,4096x0x0,64x0x0,512x32x1x1
Kcur-6,kernel_rope_neox_f32,0.003200,256x32x1,64x1x1,128x4x32x1
Vcur-6,kernel_add_row,0.005000,4096x0x0,64x0x0,512x32x1x1
cache_k_l6 (view),kernel_set_rows_f16_i64,0.003600,16384x1x1,512x1x1,512x4096x1x1
cache_v_l6 (view),kernel_set_rows_f16_i64,0.003400,16384x1x1,512x1x1,512x4096x1x1
__fattn__-6,flash_attn_f32_f16,3.447200,32x28x0,32x1x0,128x28x32x1
ffn_inp-6,kernel_add,0.025300,2048x1x1,64x1x1,3584x32x1x1
ffn_norm-6,kernel_rms_norm_mul,0.013300,32768x1x1,1024x1x1,3584x32x1x1
l_out-6,kernel_add,0.026500,2048x1x1,64x1x1,3584x32x1x1
attn_norm-7,kernel_rms_norm_mul,0.014000,32768x1x1,1024x1x1,3584x32x1x1
Qcur-7,kernel_add_row,0.012100,28672x0x0,64x0x0,3584x32x1x1
Qcur-7,kernel_rope_neox_f32,0.009700,1792x32x1,64x1x1,128x28x32x1
Kcur-7,kernel_add_row,0.005100,4096x0x0,64x0x0,512x32x1x1
Kcur-7,kernel_rope_neox_f32,0.003200,256x32x1,64x1x1,128x4x32x1
Vcur-7,kernel_add_row,0.003000,4096x0x0,64x0x0,512x32x1x1
cache_k_l7 (view),kernel_set_rows_f16_i64,0.003700,16384x1x1,512x1x1,512x4096x1x1
cache_v_l7 (view),kernel_set_rows_f16_i64,0.003300,16384x1x1,512x1x1,512x4096x1x1
__fattn__-7,flash_attn_f32_f16,3.456200,32x28x0,32x1x0,128x28x32x1
ffn_inp-7,kernel_add,0.025500,2048x1x1,64x1x1,3584x32x1x1
ffn_norm-7,kernel_rms_norm_mul,0.013500,32768x1x1,1024x1x1,3584x32x1x1
l_out-7,kernel_add,0.024400,2048x1x1,64x1x1,3584x32x1x1
attn_norm-8,kernel_rms_norm_mul,0.014300,32768x1x1,1024x1x1,3584x32x1x1
Qcur-8,kernel_add_row,0.010300,28672x0x0,64x0x0,3584x32x1x1
Qcur-8,kernel_rope_neox_f32,0.008800,1792x32x1,64x1x1,128x28x32x1
Kcur-8,kernel_add_row,0.003300,4096x0x0,64x0x0,512x32x1x1
Kcur-8,kernel_rope_neox_f32,0.003200,256x32x1,64x1x1,128x4x32x1
node_284,kernel_mul_mv_q6_K_f32,1.894300,512x2048x1,2x64x1,512x32x1x1
Vcur-8,kernel_add_row,0.002700,4096x0x0,64x0x0,512x32x1x1
cache_k_l8 (view),kernel_set_rows_f16_i64,0.003700,16384x1x1,512x1x1,512x4096x1x1
cache_v_l8 (view),kernel_set_rows_f16_i64,0.003300,16384x1x1,512x1x1,512x4096x1x1
__fattn__-8,flash_attn_f32_f16,3.474400,32x28x0,32x1x0,128x28x32x1
ffn_inp-8,kernel_add,0.026800,2048x1x1,64x1x1,3584x32x1x1
ffn_norm-8,kernel_rms_norm_mul,0.012900,32768x1x1,1024x1x1,3584x32x1x1
ffn_swiglu-8,kernel_swiglu,0.100100,16384x1x1,512x1x1,18944x32x1x1
ffn_out-8,kernel_mul_mv_q6_K_f32,79.224304,3584x2048x1,2x64x1,3584x32x1x1
l_out-8,kernel_add,0.025600,2048x1x1,64x1x1,3584x32x1x1
attn_norm-9,kernel_rms_norm_mul,0.014100,32768x1x1,1024x1x1,3584x32x1x1
Qcur-9,kernel_add_row,0.011000,28672x0x0,64x0x0,3584x32x1x1
Qcur-9,kernel_rope_neox_f32,0.009700,1792x32x1,64x1x1,128x28x32x1
Kcur-9,kernel_add_row,0.005100,4096x0x0,64x0x0,512x32x1x1
Kcur-9,kernel_rope_neox_f32,0.003200,256x32x1,64x1x1,128x4x32x1
Vcur-9,kernel_add_row,0.002900,4096x0x0,64x0x0,512x32x1x1
cache_k_l9 (view),kernel_set_rows_f16_i64,0.003700,16384x1x1,512x1x1,512x4096x1x1
cache_v_l9 (view),kernel_set_rows_f16_i64,0.003300,16384x1x1,512x1x1,512x4096x1x1
__fattn__-9,flash_attn_f32_f16,3.458000,32x28x0,32x1x0,128x28x32x1
ffn_inp-9,kernel_add,0.026000,2048x1x1,64x1x1,3584x32x1x1
ffn_norm-9,kernel_rms_norm_mul,0.013200,32768x1x1,1024x1x1,3584x32x1x1
l_out-9,kernel_add,0.025700,2048x1x1,64x1x1,3584x32x1x1
attn_norm-10,kernel_rms_norm_mul,0.014500,32768x1x1,1024x1x1,3584x32x1x1
Qcur-10,kernel_add_row,0.011000,28672x0x0,64x0x0,3584x32x1x1
Qcur-10,kernel_rope_neox_f32,0.009100,1792x32x1,64x1x1,128x28x32x1
Kcur-10,kernel_add_row,0.005100,4096x0x0,64x0x0,512x32x1x1
Kcur-10,kernel_rope_neox_f32,0.003300,256x32x1,64x1x1,128x4x32x1
Vcur-10,kernel_add_row,0.003000,4096x0x0,64x0x0,512x32x1x1
cache_k_l10 (view),kernel_set_rows_f16_i64,0.003700,16384x1x1,512x1x1,512x4096x1x1
cache_v_l10 (view),kernel_set_rows_f16_i64,0.003300,16384x1x1,512x1x1,512x4096x1x1
__fattn__-10,flash_attn_f32_f16,3.424600,32x28x0,32x1x0,128x28x32x1
ffn_inp-10,kernel_add,0.025700,2048x1x1,64x1x1,3584x32x1x1
ffn_norm-10,kernel_rms_norm_mul,0.013300,32768x1x1,1024x1x1,3584x32x1x1
l_out-10,kernel_add,0.024700,2048x1x1,64x1x1,3584x32x1x1
attn_norm-11,kernel_rms_norm_mul,0.013900,32768x1x1,1024x1x1,3584x32x1x1
Qcur-11,kernel_add_row,0.010200,28672x0x0,64x0x0,3584x32x1x1
Qcur-11,kernel_rope_neox_f32,0.008900,1792x32x1,64x1x1,128x28x32x1
Kcur-11,kernel_add_row,0.003100,4096x0x0,64x0x0,512x32x1x1
Kcur-11,kernel_rope_neox_f32,0.003300,256x32x1,64x1x1,128x4x32x1
node_386,kernel_mul_mv_q6_K_f32,1.889600,512x2048x1,2x64x1,512x32x1x1
Vcur-11,kernel_add_row,0.002900,4096x0x0,64x0x0,512x32x1x1
cache_k_l11 (view),kernel_set_rows_f16_i64,0.003700,16384x1x1,512x1x1,512x4096x1x1
cache_v_l11 (view),kernel_set_rows_f16_i64,0.003300,16384x1x1,512x1x1,512x4096x1x1
__fattn__-11,flash_attn_f32_f16,3.421700,32x28x0,32x1x0,128x28x32x1
ffn_inp-11,kernel_add,0.026700,2048x1x1,64x1x1,3584x32x1x1
ffn_norm-11,kernel_rms_norm_mul,0.014000,32768x1x1,1024x1x1,3584x32x1x1
ffn_swiglu-11,kernel_swiglu,0.101000,16384x1x1,512x1x1,18944x32x1x1
ffn_out-11,kernel_mul_mv_q6_K_f32,79.172096,3584x2048x1,2x64x1,3584x32x1x1
l_out-11,kernel_add,0.025200,2048x1x1,64x1x1,3584x32x1x1
attn_norm-12,kernel_rms_norm_mul,0.014400,32768x1x1,1024x1x1,3584x32x1x1
Qcur-12,kernel_add_row,0.011500,28672x0x0,64x0x0,3584x32x1x1
Qcur-12,kernel_rope_neox_f32,0.009500,1792x32x1,64x1x1,128x28x32x1
Kcur-12,kernel_add_row,0.005300,4096x0x0,64x0x0,512x32x1x1
Kcur-12,kernel_rope_neox_f32,0.003300,256x32x1,64x1x1,128x4x32x1
Vcur-12,kernel_add_row,0.003000,4096x0x0,64x0x0,512x32x1x1
cache_k_l12 (view),kernel_set_rows_f16_i64,0.003600,16384x1x1,512x1x1,512x4096x1x1
cache_v_l12 (view),kernel_set_rows_f16_i64,0.003300,16384x1x1,512x1x1,512x4096x1x1
__fattn__-12,flash_attn_f32_f16,3.454400,32x28x0,32x1x0,128x28x32x1
ffn_inp-12,kernel_add,0.026200,2048x1x1,64x1x1,3584x32x1x1
ffn_norm-12,kernel_rms_norm_mul,0.013500,32768x1x1,1024x1x1,3584x32x1x1
l_out-12,kernel_add,0.025000,2048x1x1,64x1x1,3584x32x1x1
attn_norm-13,kernel_rms_norm_mul,0.014400,32768x1x1,1024x1x1,3584x32x1x1
Qcur-13,kernel_add_row,0.011100,28672x0x0,64x0x0,3584x32x1x1
Qcur-13,kernel_rope_neox_f32,0.009200,1792x32x1,64x1x1,128x28x32x1
Kcur-13,kernel_add_row,0.005100,4096x0x0,64x0x0,512x32x1x1
Kcur-13,kernel_rope_neox_f32,0.003300,256x32x1,64x1x1,128x4x32x1
Vcur-13,kernel_add_row,0.002900,4096x0x0,64x0x0,512x32x1x1
cache_k_l13 (view),kernel_set_rows_f16_i64,0.003700,16384x1x1,512x1x1,512x4096x1x1
cache_v_l13 (view),kernel_set_rows_f16_i64,0.003300,16384x1x1,512x1x1,512x4096x1x1
__fattn__-13,flash_attn_f32_f16,3.461500,32x28x0,32x1x0,128x28x32x1
ffn_inp-13,kernel_add,0.024900,2048x1x1,64x1x1,3584x32x1x1
ffn_norm-13,kernel_rms_norm_mul,0.013300,32768x1x1,1024x1x1,3584x32x1x1
l_out-13,kernel_add,0.039000,2048x1x1,64x1x1,3584x32x1x1
attn_norm-14,kernel_rms_norm_mul,0.014000,32768x1x1,1024x1x1,3584x32x1x1
Qcur-14,kernel_add_row,0.010200,28672x0x0,64x0x0,3584x32x1x1
Qcur-14,kernel_rope_neox_f32,0.008800,1792x32x1,64x1x1,128x28x32x1
Kcur-14,kernel_add_row,0.003100,4096x0x0,64x0x0,512x32x1x1
Kcur-14,kernel_rope_neox_f32,0.003300,256x32x1,64x1x1,128x4x32x1
node_488,kernel_mul_mv_q6_K_f32,1.892600,512x2048x1,2x64x1,512x32x1x1
Vcur-14,kernel_add_row,0.002900,4096x0x0,64x0x0,512x32x1x1
cache_k_l14 (view),kernel_set_rows_f16_i64,0.003600,16384x1x1,512x1x1,512x4096x1x1
cache_v_l14 (view),kernel_set_rows_f16_i64,0.003300,16384x1x1,512x1x1,512x4096x1x1
__fattn__-14,flash_attn_f32_f16,3.453700,32x28x0,32x1x0,128x28x32x1
ffn_inp-14,kernel_add,0.026800,2048x1x1,64x1x1,3584x32x1x1
ffn_norm-14,kernel_rms_norm_mul,0.013100,32768x1x1,1024x1x1,3584x32x1x1
ffn_swiglu-14,kernel_swiglu,0.100200,16384x1x1,512x1x1,18944x32x1x1
ffn_out-14,kernel_mul_mv_q6_K_f32,79.149300,3584x2048x1,2x64x1,3584x32x1x1
l_out-14,kernel_add,0.025100,2048x1x1,64x1x1,3584x32x1x1
attn_norm-15,kernel_rms_norm_mul,0.014100,32768x1x1,1024x1x1,3584x32x1x1
Qcur-15,kernel_add_row,0.011100,28672x0x0,64x0x0,3584x32x1x1
Qcur-15,kernel_rope_neox_f32,0.010000,1792x32x1,64x1x1,128x28x32x1
Kcur-15,kernel_add_row,0.005300,4096x0x0,64x0x0,512x32x1x1
Kcur-15,kernel_rope_neox_f32,0.003200,256x32x1,64x1x1,128x4x32x1
Vcur-15,kernel_add_row,0.005000,4096x0x0,64x0x0,512x32x1x1
cache_k_l15 (view),kernel_set_rows_f16_i64,0.003900,16384x1x1,512x1x1,512x4096x1x1
cache_v_l15 (view),kernel_set_rows_f16_i64,0.003300,16384x1x1,512x1x1,512x4096x1x1
__fattn__-15,flash_attn_f32_f16,3.367300,32x28x0,32x1x0,128x28x32x1
ffn_inp-15,kernel_add,0.025100,2048x1x1,64x1x1,3584x32x1x1
ffn_norm-15,kernel_rms_norm_mul,0.013200,32768x1x1,1024x1x1,3584x32x1x1
l_out-15,kernel_add,0.025500,2048x1x1,64x1x1,3584x32x1x1
attn_norm-16,kernel_rms_norm_mul,0.013700,32768x1x1,1024x1x1,3584x32x1x1
Qcur-16,kernel_add_row,0.011100,28672x0x0,64x0x0,3584x32x1x1
Qcur-16,kernel_rope_neox_f32,0.009200,1792x32x1,64x1x1,128x28x32x1
Kcur-16,kernel_add_row,0.005200,4096x0x0,64x0x0,512x32x1x1
Kcur-16,kernel_rope_neox_f32,0.003200,256x32x1,64x1x1,128x4x32x1
Vcur-16,kernel_add_row,0.003100,4096x0x0,64x0x0,512x32x1x1
cache_k_l16 (view),kernel_set_rows_f16_i64,0.003700,16384x1x1,512x1x1,512x4096x1x1
cache_v_l16 (view),kernel_set_rows_f16_i64,0.003300,16384x1x1,512x1x1,512x4096x1x1
__fattn__-16,flash_attn_f32_f16,3.392800,32x28x0,32x1x0,128x28x32x1
ffn_inp-16,kernel_add,0.025900,2048x1x1,64x1x1,3584x32x1x1
ffn_norm-16,kernel_rms_norm_mul,0.013400,32768x1x1,1024x1x1,3584x32x1x1
l_out-16,kernel_add,0.024600,2048x1x1,64x1x1,3584x32x1x1
attn_norm-17,kernel_rms_norm_mul,0.014100,32768x1x1,1024x1x1,3584x32x1x1
Qcur-17,kernel_add_row,0.010300,28672x0x0,64x0x0,3584x32x1x1
Qcur-17,kernel_rope_neox_f32,0.008600,1792x32x1,64x1x1,128x28x32x1
Kcur-17,kernel_add_row,0.003100,4096x0x0,64x0x0,512x32x1x1
Kcur-17,kernel_rope_neox_f32,0.003300,256x32x1,64x1x1,128x4x32x1
node_590,kernel_mul_mv_q6_K_f32,1.890300,512x2048x1,2x64x1,512x32x1x1
Vcur-17,kernel_add_row,0.003000,4096x0x0,64x0x0,512x32x1x1
cache_k_l17 (view),kernel_set_rows_f16_i64,0.003600,16384x1x1,512x1x1,512x4096x1x1
cache_v_l17 (view),kernel_set_rows_f16_i64,0.003400,16384x1x1,512x1x1,512x4096x1x1
__fattn__-17,flash_attn_f32_f16,3.431400,32x28x0,32x1x0,128x28x32x1
ffn_inp-17,kernel_add,0.026600,2048x1x1,64x1x1,3584x32x1x1
ffn_norm-17,kernel_rms_norm_mul,0.013600,32768x1x1,1024x1x1,3584x32x1x1
ffn_swiglu-17,kernel_swiglu,0.099900,16384x1x1,512x1x1,18944x32x1x1
ffn_out-17,kernel_mul_mv_q6_K_f32,79.202003,3584x2048x1,2x64x1,3584x32x1x1
l_out-17,kernel_add,0.025400,2048x1x1,64x1x1,3584x32x1x1
attn_norm-18,kernel_rms_norm_mul,0.014400,32768x1x1,1024x1x1,3584x32x1x1
Qcur-18,kernel_add_row,0.011800,28672x0x0,64x0x0,3584x32x1x1
Qcur-18,kernel_rope_neox_f32,0.009900,1792x32x1,64x1x1,128x28x32x1
Kcur-18,kernel_add_row,0.005400,4096x0x0,64x0x0,512x32x1x1
Kcur-18,kernel_rope_neox_f32,0.003200,256x32x1,64x1x1,128x4x32x1
Vcur-18,kernel_add_row,0.003000,4096x0x0,64x0x0,512x32x1x1
cache_k_l18 (view),kernel_set_rows_f16_i64,0.003800,16384x1x1,512x1x1,512x4096x1x1
cache_v_l18 (view),kernel_set_rows_f16_i64,0.003300,16384x1x1,512x1x1,512x4096x1x1
__fattn__-18,flash_attn_f32_f16,3.371000,32x28x0,32x1x0,128x28x32x1
ffn_inp-18,kernel_add,0.026100,2048x1x1,64x1x1,3584x32x1x1
ffn_norm-18,kernel_rms_norm_mul,0.013200,32768x1x1,1024x1x1,3584x32x1x1
l_out-18,kernel_add,0.026000,2048x1x1,64x1x1,3584x32x1x1
attn_norm-19,kernel_rms_norm_mul,0.014700,32768x1x1,1024x1x1,3584x32x1x1
Qcur-19,kernel_add_row,0.011200,28672x0x0,64x0x0,3584x32x1x1
Qcur-19,kernel_rope_neox_f32,0.008900,1792x32x1,64x1x1,128x28x32x1
Kcur-19,kernel_add_row,0.005300,4096x0x0,64x0x0,512x32x1x1
Kcur-19,kernel_rope_neox_f32,0.003100,256x32x1,64x1x1,128x4x32x1
Vcur-19,kernel_add_row,0.003000,4096x0x0,64x0x0,512x32x1x1
cache_k_l19 (view),kernel_set_rows_f16_i64,0.003900,16384x1x1,512x1x1,512x4096x1x1
cache_v_l19 (view),kernel_set_rows_f16_i64,0.003300,16384x1x1,512x1x1,512x4096x1x1
__fattn__-19,flash_attn_f32_f16,3.467000,32x28x0,32x1x0,128x28x32x1
ffn_inp-19,kernel_add,0.025000,2048x1x1,64x1x1,3584x32x1x1
ffn_norm-19,kernel_rms_norm_mul,0.013700,32768x1x1,1024x1x1,3584x32x1x1
l_out-19,kernel_add,0.025100,2048x1x1,64x1x1,3584x32x1x1
attn_norm-20,kernel_rms_norm_mul,0.014400,32768x1x1,1024x1x1,3584x32x1x1
Qcur-20,kernel_add_row,0.010200,28672x0x0,64x0x0,3584x32x1x1
Qcur-20,kernel_rope_neox_f32,0.008600,1792x32x1,64x1x1,128x28x32x1
Kcur-20,kernel_add_row,0.003300,4096x0x0,64x0x0,512x32x1x1
Kcur-20,kernel_rope_neox_f32,0.003200,256x32x1,64x1x1,128x4x32x1
node_692,kernel_mul_mv_q6_K_f32,1.891100,512x2048x1,2x64x1,512x32x1x1
Vcur-20,kernel_add_row,0.003000,4096x0x0,64x0x0,512x32x1x1
cache_k_l20 (view),kernel_set_rows_f16_i64,0.003800,16384x1x1,512x1x1,512x4096x1x1
cache_v_l20 (view),kernel_set_rows_f16_i64,0.003400,16384x1x1,512x1x1,512x4096x1x1
__fattn__-20,flash_attn_f32_f16,3.419100,32x28x0,32x1x0,128x28x32x1
ffn_inp-20,kernel_add,0.026800,2048x1x1,64x1x1,3584x32x1x1
ffn_norm-20,kernel_rms_norm_mul,0.013200,32768x1x1,1024x1x1,3584x32x1x1
ffn_swiglu-20,kernel_swiglu,0.100200,16384x1x1,512x1x1,18944x32x1x1
ffn_out-20,kernel_mul_mv_q6_K_f32,79.238304,3584x2048x1,2x64x1,3584x32x1x1
l_out-20,kernel_add,0.025500,2048x1x1,64x1x1,3584x32x1x1
attn_norm-21,kernel_rms_norm_mul,0.014700,32768x1x1,1024x1x1,3584x32x1x1
Qcur-21,kernel_add_row,0.011200,28672x0x0,64x0x0,3584x32x1x1
Qcur-21,kernel_rope_neox_f32,0.010300,1792x32x1,64x1x1,128x28x32x1
Kcur-21,kernel_add_row,0.005200,4096x0x0,64x0x0,512x32x1x1
Kcur-21,kernel_rope_neox_f32,0.003300,256x32x1,64x1x1,128x4x32x1
Vcur-21,kernel_add_row,0.003000,4096x0x0,64x0x0,512x32x1x1
cache_k_l21 (view),kernel_set_rows_f16_i64,0.003700,16384x1x1,512x1x1,512x4096x1x1
cache_v_l21 (view),kernel_set_rows_f16_i64,0.003300,16384x1x1,512x1x1,512x4096x1x1
__fattn__-21,flash_attn_f32_f16,3.443200,32x28x0,32x1x0,128x28x32x1
ffn_inp-21,kernel_add,0.024900,2048x1x1,64x1x1,3584x32x1x1
ffn_norm-21,kernel_rms_norm_mul,0.013800,32768x1x1,1024x1x1,3584x32x1x1
l_out-21,kernel_add,0.025800,2048x1x1,64x1x1,3584x32x1x1
attn_norm-22,kernel_rms_norm_mul,0.014400,32768x1x1,1024x1x1,3584x32x1x1
Qcur-22,kernel_add_row,0.010800,28672x0x0,64x0x0,3584x32x1x1
Qcur-22,kernel_rope_neox_f32,0.009300,1792x32x1,64x1x1,128x28x32x1
Kcur-22,kernel_add_row,0.005100,4096x0x0,64x0x0,512x32x1x1
Kcur-22,kernel_rope_neox_f32,0.003200,256x32x1,64x1x1,128x4x32x1
Vcur-22,kernel_add_row,0.003000,4096x0x0,64x0x0,512x32x1x1
cache_k_l22 (view),kernel_set_rows_f16_i64,0.003700,16384x1x1,512x1x1,512x4096x1x1
cache_v_l22 (view),kernel_set_rows_f16_i64,0.003300,16384x1x1,512x1x1,512x4096x1x1
__fattn__-22,flash_attn_f32_f16,3.432800,32x28x0,32x1x0,128x28x32x1
ffn_inp-22,kernel_add,0.025600,2048x1x1,64x1x1,3584x32x1x1
ffn_norm-22,kernel_rms_norm_mul,0.013600,32768x1x1,1024x1x1,3584x32x1x1
l_out-22,kernel_add,0.025100,2048x1x1,64x1x1,3584x32x1x1
attn_norm-23,kernel_rms_norm_mul,0.014000,32768x1x1,1024x1x1,3584x32x1x1
Qcur-23,kernel_add_row,0.010200,28672x0x0,64x0x0,3584x32x1x1
Qcur-23,kernel_rope_neox_f32,0.008900,1792x32x1,64x1x1,128x28x32x1
Kcur-23,kernel_add_row,0.003200,4096x0x0,64x0x0,512x32x1x1
Kcur-23,kernel_rope_neox_f32,0.003300,256x32x1,64x1x1,128x4x32x1
node_794,kernel_mul_mv_q6_K_f32,1.890000,512x2048x1,2x64x1,512x32x1x1
Vcur-23,kernel_add_row,0.003000,4096x0x0,64x0x0,512x32x1x1
cache_k_l23 (view),kernel_set_rows_f16_i64,0.003700,16384x1x1,512x1x1,512x4096x1x1
cache_v_l23 (view),kernel_set_rows_f16_i64,0.003400,16384x1x1,512x1x1,512x4096x1x1
__fattn__-23,flash_attn_f32_f16,3.427000,32x28x0,32x1x0,128x28x32x1
ffn_inp-23,kernel_add,0.026500,2048x1x1,64x1x1,3584x32x1x1
ffn_norm-23,kernel_rms_norm_mul,0.013200,32768x1x1,1024x1x1,3584x32x1x1
ffn_swiglu-23,kernel_swiglu,0.099700,16384x1x1,512x1x1,18944x32x1x1
ffn_out-23,kernel_mul_mv_q6_K_f32,79.125999,3584x2048x1,2x64x1,3584x32x1x1
l_out-23,kernel_add,0.025000,2048x1x1,64x1x1,3584x32x1x1
attn_norm-24,kernel_rms_norm_mul,0.014300,32768x1x1,1024x1x1,3584x32x1x1
Qcur-24,kernel_add_row,0.011900,28672x0x0,64x0x0,3584x32x1x1
Qcur-24,kernel_rope_neox_f32,0.008900,1792x32x1,64x1x1,128x28x32x1
Kcur-24,kernel_add_row,0.005300,4096x0x0,64x0x0,512x32x1x1
Kcur-24,kernel_rope_neox_f32,0.003300,256x32x1,64x1x1,128x4x32x1
node_828,kernel_mul_mv_q6_K_f32,1.890900,512x2048x1,2x64x1,512x32x1x1
Vcur-24,kernel_add_row,0.003100,4096x0x0,64x0x0,512x32x1x1
cache_k_l24 (view),kernel_set_rows_f16_i64,0.003700,16384x1x1,512x1x1,512x4096x1x1
cache_v_l24 (view),kernel_set_rows_f16_i64,0.003400,16384x1x1,512x1x1,512x4096x1x1
__fattn__-24,flash_attn_f32_f16,3.447700,32x28x0,32x1x0,128x28x32x1
ffn_inp-24,kernel_add,0.026600,2048x1x1,64x1x1,3584x32x1x1
ffn_norm-24,kernel_rms_norm_mul,0.013500,32768x1x1,1024x1x1,3584x32x1x1
ffn_swiglu-24,kernel_swiglu,0.102500,16384x1x1,512x1x1,18944x32x1x1
ffn_out-24,kernel_mul_mv_q6_K_f32,79.167397,3584x2048x1,2x64x1,3584x32x1x1
l_out-24,kernel_add,0.025600,2048x1x1,64x1x1,3584x32x1x1
attn_norm-25,kernel_rms_norm_mul,0.015000,32768x1x1,1024x1x1,3584x32x1x1
Qcur-25,kernel_add_row,0.011300,28672x0x0,64x0x0,3584x32x1x1
Qcur-25,kernel_rope_neox_f32,0.009100,1792x32x1,64x1x1,128x28x32x1
Kcur-25,kernel_add_row,0.005500,4096x0x0,64x0x0,512x32x1x1
Kcur-25,kernel_rope_neox_f32,0.003200,256x32x1,64x1x1,128x4x32x1
node_862,kernel_mul_mv_q6_K_f32,1.890600,512x2048x1,2x64x1,512x32x1x1
Vcur-25,kernel_add_row,0.002600,4096x0x0,64x0x0,512x32x1x1
cache_k_l25 (view),kernel_set_rows_f16_i64,0.003700,16384x1x1,512x1x1,512x4096x1x1
cache_v_l25 (view),kernel_set_rows_f16_i64,0.003300,16384x1x1,512x1x1,512x4096x1x1
__fattn__-25,flash_attn_f32_f16,3.396200,32x28x0,32x1x0,128x28x32x1
ffn_inp-25,kernel_add,0.026500,2048x1x1,64x1x1,3584x32x1x1
ffn_norm-25,kernel_rms_norm_mul,0.013300,32768x1x1,1024x1x1,3584x32x1x1
ffn_swiglu-25,kernel_swiglu,0.100300,16384x1x1,512x1x1,18944x32x1x1
ffn_out-25,kernel_mul_mv_q6_K_f32,79.052895,3584x2048x1,2x64x1,3584x32x1x1
l_out-25,kernel_add,0.025300,2048x1x1,64x1x1,3584x32x1x1
attn_norm-26,kernel_rms_norm_mul,0.014900,32768x1x1,1024x1x1,3584x32x1x1
Qcur-26,kernel_add_row,0.011700,28672x0x0,64x0x0,3584x32x1x1
Qcur-26,kernel_rope_neox_f32,0.008700,1792x32x1,64x1x1,128x28x32x1
Kcur-26,kernel_add_row,0.005300,4096x0x0,64x0x0,512x32x1x1
Kcur-26,kernel_rope_neox_f32,0.003300,256x32x1,64x1x1,128x4x32x1
node_896,kernel_mul_mv_q6_K_f32,1.889300,512x2048x1,2x64x1,512x32x1x1
Vcur-26,kernel_add_row,0.002700,4096x0x0,64x0x0,512x32x1x1
cache_k_l26 (view),kernel_set_rows_f16_i64,0.003800,16384x1x1,512x1x1,512x4096x1x1
cache_v_l26 (view),kernel_set_rows_f16_i64,0.003400,16384x1x1,512x1x1,512x4096x1x1
__fattn__-26,flash_attn_f32_f16,3.450300,32x28x0,32x1x0,128x28x32x1
ffn_inp-26,kernel_add,0.027300,2048x1x1,64x1x1,3584x32x1x1
ffn_norm-26,kernel_rms_norm_mul,0.013100,32768x1x1,1024x1x1,3584x32x1x1
ffn_swiglu-26,kernel_swiglu,0.102200,16384x1x1,512x1x1,18944x32x1x1
ffn_out-26,kernel_mul_mv_q6_K_f32,79.080399,3584x2048x1,2x64x1,3584x32x1x1
l_out-26,kernel_add,0.025700,2048x1x1,64x1x1,3584x32x1x1
attn_norm-27,kernel_rms_norm_mul,0.014900,32768x1x1,1024x1x1,3584x32x1x1
Qcur-27,kernel_add_row,0.011600,28672x0x0,64x0x0,3584x32x1x1
Qcur-27,kernel_rope_neox_f32,0.008800,1792x32x1,64x1x1,128x28x32x1
Kcur-27,kernel_add_row,0.005100,4096x0x0,64x0x0,512x32x1x1
Kcur-27,kernel_rope_neox_f32,0.003400,256x32x1,64x1x1,128x4x32x1
node_930,kernel_mul_mv_q6_K_f32,1.891200,512x2048x1,2x64x1,512x32x1x1
Vcur-27,kernel_add_row,0.002700,4096x0x0,64x0x0,512x32x1x1
cache_k_l27 (view),kernel_set_rows_f16_i64,0.003700,16384x1x1,512x1x1,512x4096x1x1
cache_v_l27 (view),kernel_set_rows_f16_i64,0.003400,16384x1x1,512x1x1,512x4096x1x1
__fattn__-27,flash_attn_f32_f16,3.441000,32x28x0,32x1x0,128x28x32x1
attn_norm-0,kernel_rms_norm_mul,0.017100,32768x1x1,1024x1x1,3584x32x1x1
Qcur-0,kernel_add_row,0.011500,28672x0x0,64x0x0,3584x32x1x1
Qcur-0,kernel_rope_neox_f32,0.008500,1792x32x1,64x1x1,128x28x32x1
Kcur-0,kernel_add_row,0.003100,4096x0x0,64x0x0,512x32x1x1
Kcur-0,kernel_rope_neox_f32,0.003100,256x32x1,64x1x1,128x4x32x1
node_11,kernel_mul_mv_q6_K_f32,1.893300,512x2048x1,2x64x1,512x32x1x1
Vcur-0,kernel_add_row,0.002900,4096x0x0,64x0x0,512x32x1x1
cache_k_l0 (view),kernel_set_rows_f16_i64,0.003800,16384x1x1,512x1x1,512x4096x1x1
cache_v_l0 (view),kernel_set_rows_f16_i64,0.003300,16384x1x1,512x1x1,512x4096x1x1
 (copy),kernel_cpy_f32_f16,0.005100,4096x1x1,64x1x1,512x64x1x1
__fattn__-0,flash_attn_f32_f16,3.437400,32x28x0,32x1x0,128x28x32x1
ffn_inp-0,kernel_add,0.026000,2048x1x1,64x1x1,3584x32x1x1
ffn_norm-0,kernel_rms_norm_mul,0.013400,32768x1x1,1024x1x1,3584x32x1x1
ffn_swiglu-0,kernel_swiglu,0.104900,16384x1x1,512x1x1,18944x32x1x1
ffn_out-0,kernel_mul_mv_q6_K_f32,81.151901,3584x2048x1,2x64x1,3584x32x1x1
l_out-0,kernel_add,0.025200,2048x1x1,64x1x1,3584x32x1x1
attn_norm-1,kernel_rms_norm_mul,0.014200,32768x1x1,1024x1x1,3584x32x1x1
Qcur-1,kernel_add_row,0.011800,28672x0x0,64x0x0,3584x32x1x1
Qcur-1,kernel_rope_neox_f32,0.009100,1792x32x1,64x1x1,128x28x32x1
Kcur-1,kernel_add_row,0.005200,4096x0x0,64x0x0,512x32x1x1
Kcur-1,kernel_rope_neox_f32,0.003300,256x32x1,64x1x1,128x4x32x1
node_46,kernel_mul_mv_q6_K_f32,1.896100,512x2048x1,2x64x1,512x32x1x1
Vcur-1,kernel_add_row,0.003100,4096x0x0,64x0x0,512x32x1x1
cache_k_l1 (view),kernel_set_rows_f16_i64,0.003700,16384x1x1,512x1x1,512x4096x1x1
cache_v_l1 (view),kernel_set_rows_f16_i64,0.003300,16384x1x1,512x1x1,512x4096x1x1
__fattn__-1,flash_attn_f32_f16,3.465100,32x28x0,32x1x0,128x28x32x1
ffn_inp-1,kernel_add,0.026700,2048x1x1,64x1x1,3584x32x1x1
ffn_norm-1,kernel_rms_norm_mul,0.013000,32768x1x1,1024x1x1,3584x32x1x1
ffn_swiglu-1,kernel_swiglu,0.100200,16384x1x1,512x1x1,18944x32x1x1
ffn_out-1,kernel_mul_mv_q6_K_f32,81.202202,3584x2048x1,2x64x1,3584x32x1x1
l_out-1,kernel_add,0.025300,2048x1x1,64x1x1,3584x32x1x1
attn_norm-2,kernel_rms_norm_mul,0.014400,32768x1x1,1024x1x1,3584x32x1x1
Qcur-2,kernel_add_row,0.011500,28672x0x0,64x0x0,3584x32x1x1
Qcur-2,kernel_rope_neox_f32,0.008800,1792x32x1,64x1x1,128x28x32x1
Kcur-2,kernel_add_row,0.005100,4096x0x0,64x0x0,512x32x1x1
Kcur-2,kernel_rope_neox_f32,0.003300,256x32x1,64x1x1,128x4x32x1
node_80,kernel_mul_mv_q6_K_f32,1.892700,512x2048x1,2x64x1,512x32x1x1
Vcur-2,kernel_add_row,0.003100,4096x0x0,64x0x0,512x32x1x1
cache_k_l2 (view),kernel_set_rows_f16_i64,0.003700,16384x1x1,512x1x1,512x4096x1x1
cache_v_l2 (view),kernel_set_rows_f16_i64,0.003500,16384x1x1,512x1x1,512x4096x1x1
__fattn__-2,flash_attn_f32_f16,3.438400,32x28x0,32x1x0,128x28x32x1
ffn_inp-2,kernel_add,0.026500,2048x1x1,64x1x1,3584x32x1x1
ffn_norm-2,kernel_rms_norm_mul,0.012900,32768x1x1,1024x1x1,3584x32x1x1
ffn_swiglu-2,kernel_swiglu,0.100900,16384x1x1,512x1x1,18944x32x1x1
ffn_out-2,kernel_mul_mv_q6_K_f32,79.295403,3584x2048x1,2x64x1,3584x32x1x1
l_out-2,kernel_add,0.025300,2048x1x1,64x1x1,3584x32x1x1
attn_norm-3,kernel_rms_norm_mul,0.014700,32768x1x1,1024x1x1,3584x32x1x1
Qcur-3,kernel_add_row,0.011100,28672x0x0,64x0x0,3584x32x1x1
Qcur-3,kernel_rope_neox_f32,0.010500,1792x32x1,64x1x1,128x28x32x1
Kcur-3,kernel_add_row,0.005300,4096x0x0,64x0x0,512x32x1x1
Kcur-3,kernel_rope_neox_f32,0.003200,256x32x1,64x1x1,128x4x32x1
Vcur-3,kernel_add_row,0.005200,4096x0x0,64x0x0,512x32x1x1
cache_k_l3 (view),kernel_set_rows_f16_i64,0.003700,16384x1x1,512x1x1,512x4096x1x1
cache_v_l3 (view),kernel_set_rows_f16_i64,0.003300,16384x1x1,512x1x1,512x4096x1x1
__fattn__-3,flash_attn_f32_f16,3.448200,32x28x0,32x1x0,128x28x32x1
ffn_inp-3,kernel_add,0.025800,2048x1x1,64x1x1,3584x32x1x1
ffn_norm-3,kernel_rms_norm_mul,0.013400,32768x1x1,1024x1x1,3584x32x1x1
l_out-3,kernel_add,0.026000,2048x1x1,64x1x1,3584x32x1x1
attn_norm-4,kernel_rms_norm_mul,0.014700,32768x1x1,1024x1x1,3584x32x1x1
Qcur-4,kernel_add_row,0.011100,28672x0x0,64x0x0,3584x32x1x1
Qcur-4,kernel_rope_neox_f32,0.009100,1792x32x1,64x1x1,128x28x32x1
Kcur-4,kernel_add_row,0.005200,4096x0x0,64x0x0,512x32x1x1
Kcur-4,kernel_rope_neox_f32,0.003300,256x32x1,64x1x1,128x4x32x1
Vcur-4,kernel_add_row,0.002900,4096x0x0,64x0x0,512x32x1x1
cache_k_l4 (view),kernel_set_rows_f16_i64,0.003900,16384x1x1,512x1x1,512x4096x1x1
cache_v_l4 (view),kernel_set_rows_f16_i64,0.003500,16384x1x1,512x1x1,512x4096x1x1
__fattn__-4,flash_attn_f32_f16,3.455900,32x28x0,32x1x0,128x28x32x1
ffn_inp-4,kernel_add,0.025600,2048x1x1,64x1x1,3584x32x1x1
ffn_norm-4,kernel_rms_norm_mul,0.013500,32768x1x1,1024x1x1,3584x32x1x1
l_out-4,kernel_add,0.025100,2048x1x1,64x1x1,3584x32x1x1
attn_norm-5,kernel_rms_norm_mul,0.014000,32768x1x1,1024x1x1,3584x32x1x1
Qcur-5,kernel_add_row,0.010300,28672x0x0,64x0x0,3584x32x1x1
Qcur-5,kernel_rope_neox_f32,0.008900,1792x32x1,64x1x1,128x28x32x1
Kcur-5,kernel_add_row,0.003100,4096x0x0,64x0x0,512x32x1x1
Kcur-5,kernel_rope_neox_f32,0.003200,256x32x1,64x1x1,128x4x32x1
node_182,kernel_mul_mv_q6_K_f32,1.891700,512x2048x1,2x64x1,512x32x1x1
Vcur-5,kernel_add_row,0.002700,4096x0x0,64x0x0,512x32x1x1
cache_k_l5 (view),kernel_set_rows_f16_i64,0.003700,16384x1x1,512x1x1,512x4096x1x1
cache_v_l5 (view),kernel_set_rows_f16_i64,0.003300,16384x1x1,512x1x1,512x4096x1x1
__fattn__-5,flash_attn_f32_f16,3.435500,32x28x0,32x1x0,128x28x32x1
ffn_inp-5,kernel_add,0.027200,2048x1x1,64x1x1,3584x32x1x1
ffn_norm-5,kernel_rms_norm_mul,0.013300,32768x1x1,1024x1x1,3584x32x1x1
ffn_swiglu-5,kernel_swiglu,0.101500,16384x1x1,512x1x1,18944x32x1x1
ffn_out-5,kernel_mul_mv_q6_K_f32,79.131104,3584x2048x1,2x64x1,3584x32x1x1
l_out-5,kernel_add,0.025200,2048x1x1,64x1x1,3584x32x1x1
attn_norm-6,kernel_rms_norm_mul,0.014700,32768x1x1,1024x1x1,3584x32x1x1
Qcur-6,kernel_add_row,0.011100,28672x0x0,64x0x0,3584x32x1x1
Qcur-6,kernel_rope_neox_f32,0.009800,1792x32x1,64x1x1,128x28x32x1
Kcur-6,kernel_add_row,0.005500,4096x0x0,64x0x0,512x32x1x1
Kcur-6,kernel_rope_neox_f32,0.003300,256x32x1,64x1x1,128x4x32x1
Vcur-6,kernel_add_row,0.003000,4096x0x0,64x0x0,512x32x1x1
cache_k_l6 (view),kernel_set_rows_f16_i64,0.003600,16384x1x1,512x1x1,512x4096x1x1
cache_v_l6 (view),kernel_set_rows_f16_i64,0.003300,16384x1x1,512x1x1,512x4096x1x1
__fattn__-6,flash_attn_f32_f16,3.439600,32x28x0,32x1x0,128x28x32x1
ffn_inp-6,kernel_add,0.025500,2048x1x1,64x1x1,3584x32x1x1
ffn_norm-6,kernel_rms_norm_mul,0.013300,32768x1x1,1024x1x1,3584x32x1x1
l_out-6,kernel_add,0.026200,2048x1x1,64x1x1,3584x32x1x1
attn_norm-7,kernel_rms_norm_mul,0.014700,32768x1x1,1024x1x1,3584x32x1x1
Qcur-7,kernel_add_row,0.011200,28672x0x0,64x0x0,3584x32x1x1
Qcur-7,kernel_rope_neox_f32,0.009300,1792x32x1,64x1x1,128x28x32x1
Kcur-7,kernel_add_row,0.005400,4096x0x0,64x0x0,512x32x1x1
Kcur-7,kernel_rope_neox_f32,0.003200,256x32x1,64x1x1,128x4x32x1
Vcur-7,kernel_add_row,0.003000,4096x0x0,64x0x0,512x32x1x1
cache_k_l7 (view),kernel_set_rows_f16_i64,0.003900,16384x1x1,512x1x1,512x4096x1x1
cache_v_l7 (view),kernel_set_rows_f16_i64,0.003200,16384x1x1,512x1x1,512x4096x1x1
__fattn__-7,flash_attn_f32_f16,3.453700,32x28x0,32x1x0,128x28x32x1
ffn_inp-7,kernel_add,0.025400,2048x1x1,64x1x1,3584x32x1x1
ffn_norm-7,kernel_rms_norm_mul,0.013200,32768x1x1,1024x1x1,3584x32x1x1
l_out-7,kernel_add,0.025100,2048x1x1,64x1x1,3584x32x1x1
attn_norm-8,kernel_rms_norm_mul,0.014500,32768x1x1,1024x1x1,3584x32x1x1
Qcur-8,kernel_add_row,0.010400,28672x0x0,64x0x0,3584x32x1x1
Qcur-8,kernel_rope_neox_f32,0.008600,1792x32x1,64x1x1,128x28x32x1
Kcur-8,kernel_add_row,0.003100,4096x0x0,64x0x0,512x32x1x1
Kcur-8,kernel_rope_neox_f32,0.003300,256x32x1,64x1x1,128x4x32x1
node_284,kernel_mul_mv_q6_K_f32,1.889500,512x2048x1,2x64x1,512x32x1x1
Vcur-8,kernel_add_row,0.003000,4096x0x0,64x0x0,512x32x1x1
cache_k_l8 (view),kernel_set_rows_f16_i64,0.003900,16384x1x1,512x1x1,512x4096x1x1
cache_v_l8 (view),kernel_set_rows_f16_i64,0.003300,16384x1x1,512x1x1,512x4096x1x1
__fattn__-8,flash_attn_f32_f16,3.460700,32x28x0,32x1x0,128x28x32x1
ffn_inp-8,kernel_add,0.026900,2048x1x1,64x1x1,3584x32x1x1
ffn_norm-8,kernel_rms_norm_mul,0.013100,32768x1x1,1024x1x1,3584x32x1x1
ffn_swiglu-8,kernel_swiglu,0.100300,16384x1x1,512x1x1,18944x32x1x1
ffn_out-8,kernel_mul_mv_q6_K_f32,79.250893,3584x2048x1,2x64x1,3584x32x1x1
l_out-8,kernel_add,0.025500,2048x1x1,64x1x1,3584x32x1x1
attn_norm-9,kernel_rms_norm_mul,0.014400,32768x1x1,1024x1x1,3584x32x1x1
Qcur-9,kernel_add_row,0.010900,28672x0x0,64x0x0,3584x32x1x1
Qcur-9,kernel_rope_neox_f32,0.009500,1792x32x1,64x1x1,128x28x32x1
Kcur-9,kernel_add_row,0.005300,4096x0x0,64x0x0,512x32x1x1
Kcur-9,kernel_rope_neox_f32,0.003200,256x32x1,64x1x1,128x4x32x1
Vcur-9,kernel_add_row,0.005100,4096x0x0,64x0x0,512x32x1x1
cache_k_l9 (view),kernel_set_rows_f16_i64,0.003700,16384x1x1,512x1x1,512x4096x1x1
cache_v_l9 (view),kernel_set_rows_f16_i64,0.003300,16384x1x1,512x1x1,512x4096x1x1
__fattn__-9,flash_attn_f32_f16,3.442000,32x28x0,32x1x0,128x28x32x1
ffn_inp-9,kernel_add,0.026100,2048x1x1,64x1x1,3584x32x1x1
ffn_norm-9,kernel_rms_norm_mul,0.013400,32768x1x1,1024x1x1,3584x32x1x1
l_out-9,kernel_add,0.025300,2048x1x1,64x1x1,3584x32x1x1
attn_norm-10,kernel_rms_norm_mul,0.014300,32768x1x1,1024x1x1,3584x32x1x1
Qcur-10,kernel_add_row,0.025300,28672x0x0,64x0x0,3584x32x1x1
Qcur-10,kernel_rope_neox_f32,0.016500,1792x32x1,64x1x1,128x28x32x1
Kcur-10,kernel_add_row,0.005000,4096x0x0,64x0x0,512x32x1x1
Kcur-10,kernel_rope_neox_f32,0.003200,256x32x1,64x1x1,128x4x32x1
Vcur-10,kernel_add_row,0.003000,4096x0x0,64x0x0,512x32x1x1
cache_k_l10 (view),kernel_set_rows_f16_i64,0.003600,16384x1x1,512x1x1,512x4096x1x1
cache_v_l10 (view),kernel_set_rows_f16_i64,0.003300,16384x1x1,512x1x1,512x4096x1x1
__fattn__-10,flash_attn_f32_f16,3.479800,32x28x0,32x1x0,128x28x32x1
ffn_inp-10,kernel_add,0.026300,2048x1x1,64x1x1,3584x32x1x1
ffn_norm-10,kernel_rms_norm_mul,0.013200,32768x1x1,1024x1x1,3584x32x1x1
l_out-10,kernel_add,0.025000,2048x1x1,64x1x1,3584x32x1x1
attn_norm-11,kernel_rms_norm_mul,0.014600,32768x1x1,1024x1x1,3584x32x1x1
Qcur-11,kernel_add_row,0.010200,28672x0x0,64x0x0,3584x32x1x1
Qcur-11,kernel_rope_neox_f32,0.008800,1792x32x1,64x1x1,128x28x32x1
Kcur-11,kernel_add_row,0.003100,4096x0x0,64x0x0,512x32x1x1
Kcur-11,kernel_rope_neox_f32,0.003400,256x32x1,64x1x1,128x4x32x1
node_386,kernel_mul_mv_q6_K_f32,1.891000,512x2048x1,2x64x1,512x32x1x1
Vcur-11,kernel_add_row,0.003100,4096x0x0,64x0x0,512x32x1x1
cache_k_l11 (view),kernel_set_rows_f16_i64,0.003700,16384x1x1,512x1x1,512x4096x1x1
cache_v_l11 (view),kernel_set_rows_f16_i64,0.003300,16384x1x1,512x1x1,512x4096x1x1
__fattn__-11,flash_attn_f32_f16,3.450200,32x28x0,32x1x0,128x28x32x1
ffn_inp-11,kernel_add,0.026900,2048x1x1,64x1x1,3584x32x1x1
ffn_norm-11,kernel_rms_norm_mul,0.013300,32768x1x1,1024x1x1,3584x32x1x1
ffn_swiglu-11,kernel_swiglu,0.099900,16384x1x1,512x1x1,18944x32x1x1
ffn_out-11,kernel_mul_mv_q6_K_f32,79.257294,3584x2048x1,2x64x1,3584x32x1x1
l_out-11,kernel_add,0.025700,2048x1x1,64x1x1,3584x32x1x1
attn_norm-12,kernel_rms_norm_mul,0.014500,32768x1x1,1024x1x1,3584x32x1x1
Qcur-12,kernel_add_row,0.012200,28672x0x0,64x0x0,3584x32x1x1
Qcur-12,kernel_rope_neox_f32,0.009400,1792x32x1,64x1x1,128x28x32x1
Kcur-12,kernel_add_row,0.005400,4096x0x0,64x0x0,512x32x1x1
Kcur-12,kernel_rope_neox_f32,0.003300,256x32x1,64x1x1,128x4x32x1
Vcur-12,kernel_add_row,0.003000,4096x0x0,64x0x0,512x32x1x1
cache_k_l12 (view),kernel_set_rows_f16_i64,0.003700,16384x1x1,512x1x1,512x4096x1x1
cache_v_l12 (view),kernel_set_rows_f16_i64,0.003300,16384x1x1,512x1x1,512x4096x1x1
__fattn__-12,flash_attn_f32_f16,3.453700,32x28x0,32x1x0,128x28x32x1
ffn_inp-12,kernel_add,0.026000,2048x1x1,64x1x1,3584x32x1x1
ffn_norm-12,kernel_rms_norm_mul,0.013300,32768x1x1,1024x1x1,3584x32x1x1
l_out-12,kernel_add,0.026100,2048x1x1,64x1x1,3584x32x1x1
attn_norm-13,kernel_rms_norm_mul,0.014600,32768x1x1,1024x1x1,3584x32x1x1
Qcur-13,kernel_add_row,0.011200,28672x0x0,64x0x0,3584x32x1x1
Qcur-13,kernel_rope_neox_f32,0.009300,1792x32x1,64x1x1,128x28x32x1
Kcur-13,kernel_add_row,0.005200,4096x0x0,64x0x0,512x32x1x1
Kcur-13,kernel_rope_neox_f32,0.003200,256x32x1,64x1x1,128x4x32x1
Vcur-13,kernel_add_row,0.002900,4096x0x0,64x0x0,512x32x1x1
cache_k_l13 (view),kernel_set_rows_f16_i64,0.004000,16384x1x1,512x1x1,512x4096x1x1
cache_v_l13 (view),kernel_set_rows_f16_i64,0.003300,16384x1x1,512x1x1,512x4096x1x1
__fattn__-13,flash_attn_f32_f16,3.450500,32x28x0,32x1x0,128x28x32x1
ffn_inp-13,kernel_add,0.025100,2048x1x1,64x1x1,3584x32x1x1
ffn_norm-13,kernel_rms_norm_mul,0.013300,32768x1x1,1024x1x1,3584x32x1x1
l_out-13,kernel_add,0.024700,2048x1x1,64x1x1,3584x32x1x1
attn_norm-14,kernel_rms_norm_mul,0.014000,32768x1x1,1024x1x1,3584x32x1x1
Qcur-14,kernel_add_row,0.010500,28672x0x0,64x0x0,3584x32x1x1
Qcur-14,kernel_rope_neox_f32,0.008400,1792x32x1,64x1x1,128x28x32x1
Kcur-14,kernel_add_row,0.003100,4096x0x0,64x0x0,512x32x1x1
Kcur-14,kernel_rope_neox_f32,0.003400,256x32x1,64x1x1,128x4x32x1
node_488,kernel_mul_mv_q6_K_f32,1.891300,512x2048x1,2x64x1,512x32x1x1
Vcur-14,kernel_add_row,0.002900,4096x0x0,64x0x0,512x32x1x1
cache_k_l14 (view),kernel_set_rows_f16_i64,0.003700,16384x1x1,512x1x1,512x4096x1x1
cache_v_l14 (view),kernel_set_rows_f16_i64,0.003300,16384x1x1,512x1x1,512x4096x1x1
__fattn__-14,flash_attn_f32_f16,3.455000,32x28x0,32x1x0,128x28x32x1
ffn_inp-14,kernel_add,0.026500,2048x1x1,64x1x1,3584x32x1x1
ffn_norm-14,kernel_rms_norm_mul,0.013900,32768x1x1,1024x1x1,3584x32x1x1
ffn_swiglu-14,kernel_swiglu,0.101100,16384x1x1,512x1x1,18944x32x1x1
ffn_out-14,kernel_mul_mv_q6_K_f32,79.245697,3584x2048x1,2x64x1,3584x32x1x1
l_out-14,kernel_add,0.025100,2048x1x1,64x1x1,3584x32x1x1
attn_norm-15,kernel_rms_norm_mul,0.014400,32768x1x1,1024x1x1,3584x32x1x1
Qcur-15,kernel_add_row,0.012200,28672x0x0,64x0x0,3584x32x1x1
Qcur-15,kernel_rope_neox_f32,0.009400,1792x32x1,64x1x1,128x28x32x1
Kcur-15,kernel_add_row,0.005600,4096x0x0,64x0x0,512x32x1x1
Kcur-15,kernel_rope_neox_f32,0.003200,256x32x1,64x1x1,128x4x32x1
Vcur-15,kernel_add_row,0.005000,4096x0x0,64x0x0,512x32x1x1
cache_k_l15 (view),kernel_set_rows_f16_i64,0.003800,16384x1x1,512x1x1,512x4096x1x1
cache_v_l15 (view),kernel_set_rows_f16_i64,0.003300,16384x1x1,512x1x1,512x4096x1x1
__fattn__-15,flash_attn_f32_f16,3.400300,32x28x0,32x1x0,128x28x32x1
ffn_inp-15,kernel_add,0.025800,2048x1x1,64x1x1,3584x32x1x1
ffn_norm-15,kernel_rms_norm_mul,0.013700,32768x1x1,1024x1x1,3584x32x1x1
l_out-15,kernel_add,0.025600,2048x1x1,64x1x1,3584x32x1x1
attn_norm-16,kernel_rms_norm_mul,0.013800,32768x1x1,1024x1x1,3584x32x1x1
Qcur-16,kernel_add_row,0.011200,28672x0x0,64x0x0,3584x32x1x1
Qcur-16,kernel_rope_neox_f32,0.009300,1792x32x1,64x1x1,128x28x32x1
Kcur-16,kernel_add_row,0.005300,4096x0x0,64x0x0,512x32x1x1
Kcur-16,kernel_rope_neox_f32,0.003400,256x32x1,64x1x1,128x4x32x1
Vcur-16,kernel_add_row,0.003000,4096x0x0,64x0x0,512x32x1x1
cache_k_l16 (view),kernel_set_rows_f16_i64,0.003700,16384x1x1,512x1x1,512x4096x1x1
cache_v_l16 (view),kernel_set_rows_f16_i64,0.003400,16384x1x1,512x1x1,512x4096x1x1
__fattn__-16,flash_attn_f32_f16,3.456200,32x28x0,32x1x0,128x28x32x1
ffn_inp-16,kernel_add,0.025300,2048x1x1,64x1x1,3584x32x1x1
ffn_norm-16,kernel_rms_norm_mul,0.013400,32768x1x1,1024x1x1,3584x32x1x1
l_out-16,kernel_add,0.025100,2048x1x1,64x1x1,3584x32x1x1
attn_norm-17,kernel_rms_norm_mul,0.014200,32768x1x1,1024x1x1,3584x32x1x1
Qcur-17,kernel_add_row,0.010200,28672x0x0,64x0x0,3584x32x1x1
Qcur-17,kernel_rope_neox_f32,0.008800,1792x32x1,64x1x1,128x28x32x1
Kcur-17,kernel_add_row,0.003300,4096x0x0,64x0x0,512x32x1x1
Kcur-17,kernel_rope_neox_f32,0.003200,256x32x1,64x1x1,128x4x32x1
node_590,kernel_mul_mv_q6_K_f32,1.890900,512x2048x1,2x64x1,512x32x1x1
Vcur-17,kernel_add_row,0.003100,4096x0x0,64x0x0,512x32x1x1
cache_k_l17 (view),kernel_set_rows_f16_i64,0.003800,16384x1x1,512x1x1,512x4096x1x1
cache_v_l17 (view),kernel_set_rows_f16_i64,0.003300,16384x1x1,512x1x1,512x4096x1x1
__fattn__-17,flash_attn_f32_f16,3.409200,32x28x0,32x1x0,128x28x32x1
ffn_inp-17,kernel_add,0.027300,2048x1x1,64x1x1,3584x32x1x1
ffn_norm-17,kernel_rms_norm_mul,0.013100,32768x1x1,1024x1x1,3584x32x1x1
ffn_swiglu-17,kernel_swiglu,0.102000,16384x1x1,512x1x1,18944x32x1x1
ffn_out-17,kernel_mul_mv_q6_K_f32,79.256401,3584x2048x1,2x64x1,3584x32x1x1
l_out-17,kernel_add,0.025300,2048x1x1,64x1x1,3584x32x1x1
attn_norm-18,kernel_rms_norm_mul,0.014600,32768x1x1,1024x1x1,3584x32x1x1
Qcur-18,kernel_add_row,0.011800,28672x0x0,64x0x0,3584x32x1x1
Qcur-18,kernel_rope_neox_f32,0.010700,1792x32x1,64x1x1,128x28x32x1
Kcur-18,kernel_add_row,0.005400,4096x0x0,64x0x0,512x32x1x1
Kcur-18,kernel_rope_neox_f32,0.003200,256x32x1,64x1x1,128x4x32x1
Vcur-18,kernel_add_row,0.005000,4096x0x0,64x0x0,512x32x1x1
cache_k_l18 (view),kernel_set_rows_f16_i64,0.003800,16384x1x1,512x1x1,512x4096x1x1
cache_v_l18 (view),kernel_set_rows_f16_i64,0.003400,16384x1x1,512x1x1,512x4096x1x1
__fattn__-18,flash_attn_f32_f16,3.441300,32x28x0,32x1x0,128x28x32x1
ffn_inp-18,kernel_add,0.025200,2048x1x1,64x1x1,3584x32x1x1
ffn_norm-18,kernel_rms_norm_mul,0.013600,32768x1x1,1024x1x1,3584x32x1x1
l_out-18,kernel_add,0.025700,2048x1x1,64x1x1,3584x32x1x1
attn_norm-19,kernel_rms_norm_mul,0.014400,32768x1x1,1024x1x1,3584x32x1x1
Qcur-19,kernel_add_row,0.011000,28672x0x0,64x0x0,3584x32x1x1
Qcur-19,kernel_rope_neox_f32,0.009200,1792x32x1,64x1x1,128x28x32x1
Kcur-19,kernel_add_row,0.005100,4096x0x0,64x0x0,512x32x1x1
Kcur-19,kernel_rope_neox_f32,0.003200,256x32x1,64x1x1,128x4x32x1
Vcur-19,kernel_add_row,0.003000,4096x0x0,64x0x0,512x32x1x1
cache_k_l19 (view),kernel_set_rows_f16_i64,0.003900,16384x1x1,512x1x1,512x4096x1x1
cache_v_l19 (view),kernel_set_rows_f16_i64,0.003300,16384x1x1,512x1x1,512x4096x1x1
__fattn__-19,flash_attn_f32_f16,3.436800,32x28x0,32x1x0,128x28x32x1
ffn_inp-19,kernel_add,0.025200,2048x1x1,64x1x1,3584x32x1x1
ffn_norm-19,kernel_rms_norm_mul,0.013200,32768x1x1,1024x1x1,3584x32x1x1
l_out-19,kernel_add,0.024800,2048x1x1,64x1x1,3584x32x1x1
attn_norm-20,kernel_rms_norm_mul,0.014400,32768x1x1,1024x1x1,3584x32x1x1
Qcur-20,kernel_add_row,0.010200,28672x0x0,64x0x0,3584x32x1x1
Qcur-20,kernel_rope_neox_f32,0.008800,1792x32x1,64x1x1,128x28x32x1
Kcur-20,kernel_add_row,0.003000,4096x0x0,64x0x0,512x32x1x1
Kcur-20,kernel_rope_neox_f32,0.003200,256x32x1,64x1x1,128x4x32x1
node_692,kernel_mul_mv_q6_K_f32,1.893800,512x2048x1,2x64x1,512x32x1x1
Vcur-20,kernel_add_row,0.002600,4096x0x0,64x0x0,512x32x1x1
cache_k_l20 (view),kernel_set_rows_f16_i64,0.003900,16384x1x1,512x1x1,512x4096x1x1
cache_v_l20 (view),kernel_set_rows_f16_i64,0.003400,16384x1x1,512x1x1,512x4096x1x1
__fattn__-20,flash_attn_f32_f16,3.412600,32x28x0,32x1x0,128x28x32x1
ffn_inp-20,kernel_add,0.026700,2048x1x1,64x1x1,3584x32x1x1
ffn_norm-20,kernel_rms_norm_mul,0.013300,32768x1x1,1024x1x1,3584x32x1x1
ffn_swiglu-20,kernel_swiglu,0.100900,16384x1x1,512x1x1,18944x32x1x1
ffn_out-20,kernel_mul_mv_q6_K_f32,79.492493,3584x2048x1,2x64x1,3584x32x1x1
l_out-20,kernel_add,0.025500,2048x1x1,64x1x1,3584x32x1x1
attn_norm-21,kernel_rms_norm_mul,0.014400,32768x1x1,1024x1x1,3584x32x1x1
Qcur-21,kernel_add_row,0.012400,28672x0x0,64x0x0,3584x32x1x1
Qcur-21,kernel_rope_neox_f32,0.009800,1792x32x1,64x1x1,128x28x32x1
Kcur-21,kernel_add_row,0.005200,4096x0x0,64x0x0,512x32x1x1
Kcur-21,kernel_rope_neox_f32,0.003300,256x32x1,64x1x1,128x4x32x1
Vcur-21,kernel_add_row,0.002900,4096x0x0,64x0x0,512x32x1x1
cache_k_l21 (view),kernel_set_rows_f16_i64,0.003800,16384x1x1,512x1x1,512x4096x1x1
cache_v_l21 (view),kernel_set_rows_f16_i64,0.003300,16384x1x1,512x1x1,512x4096x1x1
__fattn__-21,flash_attn_f32_f16,3.427500,32x28x0,32x1x0,128x28x32x1
ffn_inp-21,kernel_add,0.025000,2048x1x1,64x1x1,3584x32x1x1
ffn_norm-21,kernel_rms_norm_mul,0.013200,32768x1x1,1024x1x1,3584x32x1x1
l_out-21,kernel_add,0.025900,2048x1x1,64x1x1,3584x32x1x1
attn_norm-22,kernel_rms_norm_mul,0.014300,32768x1x1,1024x1x1,3584x32x1x1
Qcur-22,kernel_add_row,0.011000,28672x0x0,64x0x0,3584x32x1x1
Qcur-22,kernel_rope_neox_f32,0.009600,1792x32x1,64x1x1,128x28x32x1
Kcur-22,kernel_add_row,0.005200,4096x0x0,64x0x0,512x32x1x1
Kcur-22,kernel_rope_neox_f32,0.003200,256x32x1,64x1x1,128x4x32x1
Vcur-22,kernel_add_row,0.003000,4096x0x0,64x0x0,512x32x1x1
cache_k_l22 (view),kernel_set_rows_f16_i64,0.003800,16384x1x1,512x1x1,512x4096x1x1
cache_v_l22 (view),kernel_set_rows_f16_i64,0.003300,16384x1x1,512x1x1,512x4096x1x1
__fattn__-22,flash_attn_f32_f16,3.461000,32x28x0,32x1x0,128x28x32x1
ffn_inp-22,kernel_add,0.025100,2048x1x1,64x1x1,3584x32x1x1
ffn_norm-22,kernel_rms_norm_mul,0.013400,32768x1x1,1024x1x1,3584x32x1x1
l_out-22,kernel_add,0.024600,2048x1x1,64x1x1,3584x32x1x1
attn_norm-23,kernel_rms_norm_mul,0.013900,32768x1x1,1024x1x1,3584x32x1x1
Qcur-23,kernel_add_row,0.010600,28672x0x0,64x0x0,3584x32x1x1
Qcur-23,kernel_rope_neox_f32,0.008900,1792x32x1,64x1x1,128x28x32x1
Kcur-23,kernel_add_row,0.003100,4096x0x0,64x0x0,512x32x1x1
Kcur-23,kernel_rope_neox_f32,0.003300,256x32x1,64x1x1,128x4x32x1
node_794,kernel_mul_mv_q6_K_f32,1.893300,512x2048x1,2x64x1,512x32x1x1
Vcur-23,kernel_add_row,0.003000,4096x0x0,64x0x0,512x32x1x1
cache_k_l23 (view),kernel_set_rows_f16_i64,0.003700,16384x1x1,512x1x1,512x4096x1x1
cache_v_l23 (view),kernel_set_rows_f16_i64,0.003300,16384x1x1,512x1x1,512x4096x1x1
__fattn__-23,flash_attn_f32_f16,3.466000,32x28x0,32x1x0,128x28x32x1
ffn_inp-23,kernel_add,0.026900,2048x1x1,64x1x1,3584x32x1x1
ffn_norm-23,kernel_rms_norm_mul,0.013100,32768x1x1,1024x1x1,3584x32x1x1
ffn_swiglu-23,kernel_swiglu,0.100400,16384x1x1,512x1x1,18944x32x1x1
ffn_out-23,kernel_mul_mv_q6_K_f32,79.102203,3584x2048x1,2x64x1,3584x32x1x1
l_out-23,kernel_add,0.025100,2048x1x1,64x1x1,3584x32x1x1
attn_norm-24,kernel_rms_norm_mul,0.014000,32768x1x1,1024x1x1,3584x32x1x1
Qcur-24,kernel_add_row,0.011200,28672x0x0,64x0x0,3584x32x1x1
Qcur-24,kernel_rope_neox_f32,0.008800,1792x32x1,64x1x1,128x28x32x1
Kcur-24,kernel_add_row,0.005200,4096x0x0,64x0x0,512x32x1x1
Kcur-24,kernel_rope_neox_f32,0.003200,256x32x1,64x1x1,128x4x32x1
node_828,kernel_mul_mv_q6_K_f32,1.894800,512x2048x1,2x64x1,512x32x1x1
Vcur-24,kernel_add_row,0.002900,4096x0x0,64x0x0,512x32x1x1
cache_k_l24 (view),kernel_set_rows_f16_i64,0.003800,16384x1x1,512x1x1,512x4096x1x1
cache_v_l24 (view),kernel_set_rows_f16_i64,0.003300,16384x1x1,512x1x1,512x4096x1x1
__fattn__-24,flash_attn_f32_f16,3.451900,32x28x0,32x1x0,128x28x32x1
ffn_inp-24,kernel_add,0.026900,2048x1x1,64x1x1,3584x32x1x1
ffn_norm-24,kernel_rms_norm_mul,0.013400,32768x1x1,1024x1x1,3584x32x1x1
ffn_swiglu-24,kernel_swiglu,0.100500,16384x1x1,512x1x1,18944x32x1x1
ffn_out-24,kernel_mul_mv_q6_K_f32,79.243797,3584x2048x1,2x64x1,3584x32x1x1
l_out-24,kernel_add,0.025400,2048x1x1,64x1x1,3584x32x1x1
attn_norm-25,kernel_rms_norm_mul,0.014500,32768x1x1,1024x1x1,3584x32x1x1
Qcur-25,kernel_add_row,0.011600,28672x0x0,64x0x0,3584x32x1x1
Qcur-25,kernel_rope_neox_f32,0.008700,1792x32x1,64x1x1,128x28x32x1
Kcur-25,kernel_add_row,0.005500,4096x0x0,64x0x0,512x32x1x1
Kcur-25,kernel_rope_neox_f32,0.003200,256x32x1,64x1x1,128x4x32x1
node_862,kernel_mul_mv_q6_K_f32,1.892400,512x2048x1,2x64x1,512x32x1x1
Vcur-25,kernel_add_row,0.002900,4096x0x0,64x0x0,512x32x1x1
cache_k_l25 (view),kernel_set_rows_f16_i64,0.003800,16384x1x1,512x1x1,512x4096x1x1
cache_v_l25 (view),kernel_set_rows_f16_i64,0.003400,16384x1x1,512x1x1,512x4096x1x1
__fattn__-25,flash_attn_f32_f16,3.437200,32x28x0,32x1x0,128x28x32x1
ffn_inp-25,kernel_add,0.026400,2048x1x1,64x1x1,3584x32x1x1
ffn_norm-25,kernel_rms_norm_mul,0.013300,32768x1x1,1024x1x1,3584x32x1x1
ffn_swiglu-25,kernel_swiglu,0.100400,16384x1x1,512x1x1,18944x32x1x1
ffn_out-25,kernel_mul_mv_q6_K_f32,78.951599,3584x2048x1,2x64x1,3584x32x1x1
l_out-25,kernel_add,0.025500,2048x1x1,64x1x1,3584x32x1x1
attn_norm-26,kernel_rms_norm_mul,0.015000,32768x1x1,1024x1x1,3584x32x1x1
Qcur-26,kernel_add_row,0.011300,28672x0x0,64x0x0,3584x32x1x1
Qcur-26,kernel_rope_neox_f32,0.008900,1792x32x1,64x1x1,128x28x32x1
Kcur-26,kernel_add_row,0.005200,4096x0x0,64x0x0,512x32x1x1
Kcur-26,kernel_rope_neox_f32,0.003300,256x32x1,64x1x1,128x4x32x1
node_896,kernel_mul_mv_q6_K_f32,1.892400,512x2048x1,2x64x1,512x32x1x1
Vcur-26,kernel_add_row,0.002900,4096x0x0,64x0x0,512x32x1x1
cache_k_l26 (view),kernel_set_rows_f16_i64,0.003800,16384x1x1,512x1x1,512x4096x1x1
cache_v_l26 (view),kernel_set_rows_f16_i64,0.003400,16384x1x1,512x1x1,512x4096x1x1
__fattn__-26,flash_attn_f32_f16,3.424600,32x28x0,32x1x0,128x28x32x1
ffn_inp-26,kernel_add,0.027200,2048x1x1,64x1x1,3584x32x1x1
ffn_norm-26,kernel_rms_norm_mul,0.013200,32768x1x1,1024x1x1,3584x32x1x1
ffn_swiglu-26,kernel_swiglu,0.100300,16384x1x1,512x1x1,18944x32x1x1
ffn_out-26,kernel_mul_mv_q6_K_f32,79.170403,3584x2048x1,2x64x1,3584x32x1x1
l_out-26,kernel_add,0.025300,2048x1x1,64x1x1,3584x32x1x1
attn_norm-27,kernel_rms_norm_mul,0.014500,32768x1x1,1024x1x1,3584x32x1x1
Qcur-27,kernel_add_row,0.012000,28672x0x0,64x0x0,3584x32x1x1
Qcur-27,kernel_rope_neox_f32,0.008800,1792x32x1,64x1x1,128x28x32x1
Kcur-27,kernel_add_row,0.005200,4096x0x0,64x0x0,512x32x1x1
Kcur-27,kernel_rope_neox_f32,0.003300,256x32x1,64x1x1,128x4x32x1
node_930,kernel_mul_mv_q6_K_f32,1.891400,512x2048x1,2x64x1,512x32x1x1
Vcur-27,kernel_add_row,0.002900,4096x0x0,64x0x0,512x32x1x1
cache_k_l27 (view),kernel_set_rows_f16_i64,0.003800,16384x1x1,512x1x1,512x4096x1x1
cache_v_l27 (view),kernel_set_rows_f16_i64,0.003400,16384x1x1,512x1x1,512x4096x1x1
__fattn__-27,flash_attn_f32_f16,3.460200,32x28x0,32x1x0,128x28x32x1
attn_norm-0,kernel_rms_norm_mul,0.017300,32768x1x1,1024x1x1,3584x32x1x1
Qcur-0,kernel_add_row,0.011700,28672x0x0,64x0x0,3584x32x1x1
Qcur-0,kernel_rope_neox_f32,0.008900,1792x32x1,64x1x1,128x28x32x1
Kcur-0,kernel_add_row,0.003000,4096x0x0,64x0x0,512x32x1x1
Kcur-0,kernel_rope_neox_f32,0.003200,256x32x1,64x1x1,128x4x32x1
node_11,kernel_mul_mv_q6_K_f32,1.895700,512x2048x1,2x64x1,512x32x1x1
Vcur-0,kernel_add_row,0.002900,4096x0x0,64x0x0,512x32x1x1
cache_k_l0 (view),kernel_set_rows_f16_i64,0.003700,16384x1x1,512x1x1,512x4096x1x1
cache_v_l0 (view),kernel_set_rows_f16_i64,0.003400,16384x1x1,512x1x1,512x4096x1x1
 (copy),kernel_cpy_f32_f16,0.005200,4096x1x1,64x1x1,512x64x1x1
__fattn__-0,flash_attn_f32_f16,3.413200,32x28x0,32x1x0,128x28x32x1
ffn_inp-0,kernel_add,0.026100,2048x1x1,64x1x1,3584x32x1x1
ffn_norm-0,kernel_rms_norm_mul,0.013700,32768x1x1,1024x1x1,3584x32x1x1
ffn_swiglu-0,kernel_swiglu,0.104200,16384x1x1,512x1x1,18944x32x1x1
ffn_out-0,kernel_mul_mv_q6_K_f32,81.149902,3584x2048x1,2x64x1,3584x32x1x1
l_out-0,kernel_add,0.025300,2048x1x1,64x1x1,3584x32x1x1
attn_norm-1,kernel_rms_norm_mul,0.014600,32768x1x1,1024x1x1,3584x32x1x1
Qcur-1,kernel_add_row,0.012900,28672x0x0,64x0x0,3584x32x1x1
Qcur-1,kernel_rope_neox_f32,0.008600,1792x32x1,64x1x1,128x28x32x1
Kcur-1,kernel_add_row,0.005300,4096x0x0,64x0x0,512x32x1x1
Kcur-1,kernel_rope_neox_f32,0.003200,256x32x1,64x1x1,128x4x32x1
node_46,kernel_mul_mv_q6_K_f32,1.894300,512x2048x1,2x64x1,512x32x1x1
Vcur-1,kernel_add_row,0.002900,4096x0x0,64x0x0,512x32x1x1
cache_k_l1 (view),kernel_set_rows_f16_i64,0.003800,16384x1x1,512x1x1,512x4096x1x1
cache_v_l1 (view),kernel_set_rows_f16_i64,0.003300,16384x1x1,512x1x1,512x4096x1x1
__fattn__-1,flash_attn_f32_f16,3.460000,32x28x0,32x1x0,128x28x32x1
ffn_inp-1,kernel_add,0.028000,2048x1x1,64x1x1,3584x32x1x1
ffn_norm-1,kernel_rms_norm_mul,0.013500,32768x1x1,1024x1x1,3584x32x1x1
ffn_swiglu-1,kernel_swiglu,0.101900,16384x1x1,512x1x1,18944x32x1x1
ffn_out-1,kernel_mul_mv_q6_K_f32,81.115601,3584x2048x1,2x64x1,3584x32x1x1
l_out-1,kernel_add,0.026000,2048x1x1,64x1x1,3584x32x1x1
attn_norm-2,kernel_rms_norm_mul,0.014900,32768x1x1,1024x1x1,3584x32x1x1
Qcur-2,kernel_add_row,0.011000,28672x0x0,64x0x0,3584x32x1x1
Qcur-2,kernel_rope_neox_f32,0.008800,1792x32x1,64x1x1,128x28x32x1
Kcur-2,kernel_add_row,0.003400,4096x0x0,64x0x0,512x32x1x1
Kcur-2,kernel_rope_neox_f32,0.003100,256x32x1,64x1x1,128x4x32x1
node_80,kernel_mul_mv_q6_K_f32,1.893400,512x2048x1,2x64x1,512x32x1x1
Vcur-2,kernel_add_row,0.003000,4096x0x0,64x0x0,512x32x1x1
cache_k_l2 (view),kernel_set_rows_f16_i64,0.003800,16384x1x1,512x1x1,512x4096x1x1
cache_v_l2 (view),kernel_set_rows_f16_i64,0.003300,16384x1x1,512x1x1,512x4096x1x1
__fattn__-2,flash_attn_f32_f16,3.421400,32x28x0,32x1x0,128x28x32x1
ffn_inp-2,kernel_add,0.026600,2048x1x1,64x1x1,3584x32x1x1
ffn_norm-2,kernel_rms_norm_mul,0.013500,32768x1x1,1024x1x1,3584x32x1x1
ffn_swiglu-2,kernel_swiglu,0.102500,16384x1x1,512x1x1,18944x32x1x1
ffn_out-2,kernel_mul_mv_q6_K_f32,79.344093,3584x2048x1,2x64x1,3584x32x1x1
l_out-2,kernel_add,0.025100,2048x1x1,64x1x1,3584x32x1x1
attn_norm-3,kernel_rms_norm_mul,0.014500,32768x1x1,1024x1x1,3584x32x1x1
Qcur-3,kernel_add_row,0.011200,28672x0x0,64x0x0,3584x32x1x1
Qcur-3,kernel_rope_neox_f32,0.009700,1792x32x1,64x1x1,128x28x32x1
Kcur-3,kernel_add_row,0.005400,4096x0x0,64x0x0,512x32x1x1
Kcur-3,kernel_rope_neox_f32,0.003200,256x32x1,64x1x1,128x4x32x1
Vcur-3,kernel_add_row,0.003000,4096x0x0,64x0x0,512x32x1x1
cache_k_l3 (view),kernel_set_rows_f16_i64,0.003600,16384x1x1,512x1x1,512x4096x1x1
cache_v_l3 (view),kernel_set_rows_f16_i64,0.003300,16384x1x1,512x1x1,512x4096x1x1
__fattn__-3,flash_attn_f32_f16,3.433300,32x28x0,32x1x0,128x28x32x1
ffn_inp-3,kernel_add,0.025700,2048x1x1,64x1x1,3584x32x1x1
ffn_norm-3,kernel_rms_norm_mul,0.013400,32768x1x1,1024x1x1,3584x32x1x1
l_out-3,kernel_add,0.026100,2048x1x1,64x1x1,3584x32x1x1
attn_norm-4,kernel_rms_norm_mul,0.014700,32768x1x1,1024x1x1,3584x32x1x1
Qcur-4,kernel_add_row,0.011200,28672x0x0,64x0x0,3584x32x1x1
Qcur-4,kernel_rope_neox_f32,0.009200,1792x32x1,64x1x1,128x28x32x1
Kcur-4,kernel_add_row,0.005200,4096x0x0,64x0x0,512x32x1x1
Kcur-4,kernel_rope_neox_f32,0.003200,256x32x1,64x1x1,128x4x32x1
Vcur-4,kernel_add_row,0.002900,4096x0x0,64x0x0,512x32x1x1
cache_k_l4 (view),kernel_set_rows_f16_i64,0.004100,16384x1x1,512x1x1,512x4096x1x1
cache_v_l4 (view),kernel_set_rows_f16_i64,0.003400,16384x1x1,512x1x1,512x4096x1x1
__fattn__-4,flash_attn_f32_f16,3.432500,32x28x0,32x1x0,128x28x32x1
ffn_inp-4,kernel_add,0.025100,2048x1x1,64x1x1,3584x32x1x1
ffn_norm-4,kernel_rms_norm_mul,0.013200,32768x1x1,1024x1x1,3584x32x1x1
l_out-4,kernel_add,0.024500,2048x1x1,64x1x1,3584x32x1x1
attn_norm-5,kernel_rms_norm_mul,0.014300,32768x1x1,1024x1x1,3584x32x1x1
Qcur-5,kernel_add_row,0.010200,28672x0x0,64x0x0,3584x32x1x1
Qcur-5,kernel_rope_neox_f32,0.008600,1792x32x1,64x1x1,128x28x32x1
Kcur-5,kernel_add_row,0.003200,4096x0x0,64x0x0,512x32x1x1
Kcur-5,kernel_rope_neox_f32,0.003200,256x32x1,64x1x1,128x4x32x1
node_182,kernel_mul_mv_q6_K_f32,1.892100,512x2048x1,2x64x1,512x32x1x1
Vcur-5,kernel_add_row,0.003000,4096x0x0,64x0x0,512x32x1x1
cache_k_l5 (view),kernel_set_rows_f16_i64,0.003700,16384x1x1,512x1x1,512x4096x1x1
cache_v_l5 (view),kernel_set_rows_f16_i64,0.003300,16384x1x1,512x1x1,512x4096x1x1
__fattn__-5,flash_attn_f32_f16,3.483900,32x28x0,32x1x0,128x28x32x1
ffn_inp-5,kernel_add,0.027000,2048x1x1,64x1x1,3584x32x1x1
ffn_norm-5,kernel_rms_norm_mul,0.013100,32768x1x1,1024x1x1,3584x32x1x1
ffn_swiglu-5,kernel_swiglu,0.102000,16384x1x1,512x1x1,18944x32x1x1
ffn_out-5,kernel_mul_mv_q6_K_f32,79.037102,3584x2048x1,2x64x1,3584x32x1x1
l_out-5,kernel_add,0.025200,2048x1x1,64x1x1,3584x32x1x1
attn_norm-6,kernel_rms_norm_mul,0.014900,32768x1x1,1024x1x1,3584x32x1x1
Qcur-6,kernel_add_row,0.011200,28672x0x0,64x0x0,3584x32x1x1
Qcur-6,kernel_rope_neox_f32,0.009500,1792x32x1,64x1x1,128x28x32x1
Kcur-6,kernel_add_row,0.005200,4096x0x0,64x0x0,512x32x1x1
Kcur-6,kernel_rope_neox_f32,0.003200,256x32x1,64x1x1,128x4x32x1
Vcur-6,kernel_add_row,0.003000,4096x0x0,64x0x0,512x32x1x1
cache_k_l6 (view),kernel_set_rows_f16_i64,0.003800,16384x1x1,512x1x1,512x4096x1x1
cache_v_l6 (view),kernel_set_rows_f16_i64,0.003300,16384x1x1,512x1x1,512x4096x1x1
__fattn__-6,flash_attn_f32_f16,3.463300,32x28x0,32x1x0,128x28x32x1
ffn_inp-6,kernel_add,0.025400,2048x1x1,64x1x1,3584x32x1x1
ffn_norm-6,kernel_rms_norm_mul,0.013700,32768x1x1,1024x1x1,3584x32x1x1
l_out-6,kernel_add,0.025400,2048x1x1,64x1x1,3584x32x1x1
attn_norm-7,kernel_rms_norm_mul,0.014300,32768x1x1,1024x1x1,3584x32x1x1
Qcur-7,kernel_add_row,0.011500,28672x0x0,64x0x0,3584x32x1x1
Qcur-7,kernel_rope_neox_f32,0.009400,1792x32x1,64x1x1,128x28x32x1
Kcur-7,kernel_add_row,0.005200,4096x0x0,64x0x0,512x32x1x1
Kcur-7,kernel_rope_neox_f32,0.003200,256x32x1,64x1x1,128x4x32x1
Vcur-7,kernel_add_row,0.002900,4096x0x0,64x0x0,512x32x1x1
cache_k_l7 (view),kernel_set_rows_f16_i64,0.003800,16384x1x1,512x1x1,512x4096x1x1
cache_v_l7 (view),kernel_set_rows_f16_i64,0.003500,16384x1x1,512x1x1,512x4096x1x1
__fattn__-7,flash_attn_f32_f16,3.418500,32x28x0,32x1x0,128x28x32x1
ffn_inp-7,kernel_add,0.025300,2048x1x1,64x1x1,3584x32x1x1
ffn_norm-7,kernel_rms_norm_mul,0.013700,32768x1x1,1024x1x1,3584x32x1x1
l_out-7,kernel_add,0.024700,2048x1x1,64x1x1,3584x32x1x1
attn_norm-8,kernel_rms_norm_mul,0.014100,32768x1x1,1024x1x1,3584x32x1x1
Qcur-8,kernel_add_row,0.010800,28672x0x0,64x0x0,3584x32x1x1
Qcur-8,kernel_rope_neox_f32,0.008800,1792x32x1,64x1x1,128x28x32x1
Kcur-8,kernel_add_row,0.003100,4096x0x0,64x0x0,512x32x1x1
Kcur-8,kernel_rope_neox_f32,0.003200,256x32x1,64x1x1,128x4x32x1
node_284,kernel_mul_mv_q6_K_f32,1.890700,512x2048x1,2x64x1,512x32x1x1
Vcur-8,kernel_add_row,0.003000,4096x0x0,64x0x0,512x32x1x1
cache_k_l8 (view),kernel_set_rows_f16_i64,0.003700,16384x1x1,512x1x1,512x4096x1x1
cache_v_l8 (view),kernel_set_rows_f16_i64,0.003300,16384x1x1,512x1x1,512x4096x1x1
__fattn__-8,flash_attn_f32_f16,3.444100,32x28x0,32x1x0,128x28x32x1
ffn_inp-8,kernel_add,0.026700,2048x1x1,64x1x1,3584x32x1x1
ffn_norm-8,kernel_rms_norm_mul,0.013300,32768x1x1,1024x1x1,3584x32x1x1
ffn_swiglu-8,kernel_swiglu,0.101800,16384x1x1,512x1x1,18944x32x1x1
ffn_out-8,kernel_mul_mv_q6_K_f32,79.278999,3584x2048x1,2x64x1,3584x32x1x1
l_out-8,kernel_add,0.025200,2048x1x1,64x1x1,3584x32x1x1
attn_norm-9,kernel_rms_norm_mul,0.013900,32768x1x1,1024x1x1,3584x32x1x1
Qcur-9,kernel_add_row,0.011200,28672x0x0,64x0x0,3584x32x1x1
Qcur-9,kernel_rope_neox_f32,0.009600,1792x32x1,64x1x1,128x28x32x1
Kcur-9,kernel_add_row,0.005400,4096x0x0,64x0x0,512x32x1x1
Kcur-9,kernel_rope_neox_f32,0.003200,256x32x1,64x1x1,128x4x32x1
Vcur-9,kernel_add_row,0.005200,4096x0x0,64x0x0,512x32x1x1
cache_k_l9 (view),kernel_set_rows_f16_i64,0.003700,16384x1x1,512x1x1,512x4096x1x1
cache_v_l9 (view),kernel_set_rows_f16_i64,0.003300,16384x1x1,512x1x1,512x4096x1x1
__fattn__-9,flash_attn_f32_f16,3.442500,32x28x0,32x1x0,128x28x32x1
ffn_inp-9,kernel_add,0.025900,2048x1x1,64x1x1,3584x32x1x1
ffn_norm-9,kernel_rms_norm_mul,0.013800,32768x1x1,1024x1x1,3584x32x1x1
l_out-9,kernel_add,0.025900,2048x1x1,64x1x1,3584x32x1x1
attn_norm-10,kernel_rms_norm_mul,0.014500,32768x1x1,1024x1x1,3584x32x1x1
Qcur-10,kernel_add_row,0.011200,28672x0x0,64x0x0,3584x32x1x1
Qcur-10,kernel_rope_neox_f32,0.009300,1792x32x1,64x1x1,128x28x32x1
Kcur-10,kernel_add_row,0.005100,4096x0x0,64x0x0,512x32x1x1
Kcur-10,kernel_rope_neox_f32,0.003300,256x32x1,64x1x1,128x4x32x1
Vcur-10,kernel_add_row,0.003000,4096x0x0,64x0x0,512x32x1x1
cache_k_l10 (view),kernel_set_rows_f16_i64,0.003800,16384x1x1,512x1x1,512x4096x1x1
cache_v_l10 (view),kernel_set_rows_f16_i64,0.003400,16384x1x1,512x1x1,512x4096x1x1
__fattn__-10,flash_attn_f32_f16,3.479600,32x28x0,32x1x0,128x28x32x1
ffn_inp-10,kernel_add,0.025600,2048x1x1,64x1x1,3584x32x1x1
ffn_norm-10,kernel_rms_norm_mul,0.013800,32768x1x1,1024x1x1,3584x32x1x1
l_out-10,kernel_add,0.024800,2048x1x1,64x1x1,3584x32x1x1
attn_norm-11,kernel_rms_norm_mul,0.014600,32768x1x1,1024x1x1,3584x32x1x1
Qcur-11,kernel_add_row,0.010400,28672x0x0,64x0x0,3584x32x1x1
Qcur-11,kernel_rope_neox_f32,0.008800,1792x32x1,64x1x1,128x28x32x1
Kcur-11,kernel_add_row,0.003100,4096x0x0,64x0x0,512x32x1x1
Kcur-11,kernel_rope_neox_f32,0.003200,256x32x1,64x1x1,128x4x32x1
node_386,kernel_mul_mv_q6_K_f32,1.889300,512x2048x1,2x64x1,512x32x1x1
Vcur-11,kernel_add_row,0.002600,4096x0x0,64x0x0,512x32x1x1
cache_k_l11 (view),kernel_set_rows_f16_i64,0.003700,16384x1x1,512x1x1,512x4096x1x1
cache_v_l11 (view),kernel_set_rows_f16_i64,0.003200,16384x1x1,512x1x1,512x4096x1x1
__fattn__-11,flash_attn_f32_f16,3.443900,32x28x0,32x1x0,128x28x32x1
ffn_inp-11,kernel_add,0.026900,2048x1x1,64x1x1,3584x32x1x1
ffn_norm-11,kernel_rms_norm_mul,0.013500,32768x1x1,1024x1x1,3584x32x1x1
ffn_swiglu-11,kernel_swiglu,0.101300,16384x1x1,512x1x1,18944x32x1x1
ffn_out-11,kernel_mul_mv_q6_K_f32,79.198708,3584x2048x1,2x64x1,3584x32x1x1
l_out-11,kernel_add,0.025500,2048x1x1,64x1x1,3584x32x1x1
attn_norm-12,kernel_rms_norm_mul,0.014500,32768x1x1,1024x1x1,3584x32x1x1
Qcur-12,kernel_add_row,0.011100,28672x0x0,64x0x0,3584x32x1x1
Qcur-12,kernel_rope_neox_f32,0.009600,1792x32x1,64x1x1,128x28x32x1
Kcur-12,kernel_add_row,0.005300,4096x0x0,64x0x0,512x32x1x1
Kcur-12,kernel_rope_neox_f32,0.003200,256x32x1,64x1x1,128x4x32x1
Vcur-12,kernel_add_row,0.003100,4096x0x0,64x0x0,512x32x1x1
cache_k_l12 (view),kernel_set_rows_f16_i64,0.003700,16384x1x1,512x1x1,512x4096x1x1
cache_v_l12 (view),kernel_set_rows_f16_i64,0.003300,16384x1x1,512x1x1,512x4096x1x1
__fattn__-12,flash_attn_f32_f16,3.433100,32x28x0,32x1x0,128x28x32x1
ffn_inp-12,kernel_add,0.026000,2048x1x1,64x1x1,3584x32x1x1
ffn_norm-12,kernel_rms_norm_mul,0.013200,32768x1x1,1024x1x1,3584x32x1x1
l_out-12,kernel_add,0.025600,2048x1x1,64x1x1,3584x32x1x1
attn_norm-13,kernel_rms_norm_mul,0.014300,32768x1x1,1024x1x1,3584x32x1x1
Qcur-13,kernel_add_row,0.011300,28672x0x0,64x0x0,3584x32x1x1
Qcur-13,kernel_rope_neox_f32,0.009400,1792x32x1,64x1x1,128x28x32x1
Kcur-13,kernel_add_row,0.005400,4096x0x0,64x0x0,512x32x1x1
Kcur-13,kernel_rope_neox_f32,0.003200,256x32x1,64x1x1,128x4x32x1
Vcur-13,kernel_add_row,0.002900,4096x0x0,64x0x0,512x32x1x1
cache_k_l13 (view),kernel_set_rows_f16_i64,0.004100,16384x1x1,512x1x1,512x4096x1x1
cache_v_l13 (view),kernel_set_rows_f16_i64,0.003200,16384x1x1,512x1x1,512x4096x1x1
__fattn__-13,flash_attn_f32_f16,3.694300,32x28x0,32x1x0,128x28x32x1
ffn_inp-13,kernel_add,0.025600,2048x1x1,64x1x1,3584x32x1x1
ffn_norm-13,kernel_rms_norm_mul,0.013000,32768x1x1,1024x1x1,3584x32x1x1
l_out-13,kernel_add,0.024400,2048x1x1,64x1x1,3584x32x1x1
attn_norm-14,kernel_rms_norm_mul,0.014600,32768x1x1,1024x1x1,3584x32x1x1
Qcur-14,kernel_add_row,0.010200,28672x0x0,64x0x0,3584x32x1x1
Qcur-14,kernel_rope_neox_f32,0.008600,1792x32x1,64x1x1,128x28x32x1
Kcur-14,kernel_add_row,0.003200,4096x0x0,64x0x0,512x32x1x1
Kcur-14,kernel_rope_neox_f32,0.003200,256x32x1,64x1x1,128x4x32x1
node_488,kernel_mul_mv_q6_K_f32,1.890700,512x2048x1,2x64x1,512x32x1x1
Vcur-14,kernel_add_row,0.002900,4096x0x0,64x0x0,512x32x1x1
cache_k_l14 (view),kernel_set_rows_f16_i64,0.003700,16384x1x1,512x1x1,512x4096x1x1
cache_v_l14 (view),kernel_set_rows_f16_i64,0.003400,16384x1x1,512x1x1,512x4096x1x1
__fattn__-14,flash_attn_f32_f16,3.413500,32x28x0,32x1x0,128x28x32x1
ffn_inp-14,kernel_add,0.026600,2048x1x1,64x1x1,3584x32x1x1
ffn_norm-14,kernel_rms_norm_mul,0.013200,32768x1x1,1024x1x1,3584x32x1x1
ffn_swiglu-14,kernel_swiglu,0.101200,16384x1x1,512x1x1,18944x32x1x1
ffn_out-14,kernel_mul_mv_q6_K_f32,79.148308,3584x2048x1,2x64x1,3584x32x1x1
l_out-14,kernel_add,0.025200,2048x1x1,64x1x1,3584x32x1x1
attn_norm-15,kernel_rms_norm_mul,0.014000,32768x1x1,1024x1x1,3584x32x1x1
Qcur-15,kernel_add_row,0.010900,28672x0x0,64x0x0,3584x32x1x1
Qcur-15,kernel_rope_neox_f32,0.010000,1792x32x1,64x1x1,128x28x32x1
Kcur-15,kernel_add_row,0.005300,4096x0x0,64x0x0,512x32x1x1
Kcur-15,kernel_rope_neox_f32,0.003200,256x32x1,64x1x1,128x4x32x1
Vcur-15,kernel_add_row,0.005100,4096x0x0,64x0x0,512x32x1x1
cache_k_l15 (view),kernel_set_rows_f16_i64,0.003700,16384x1x1,512x1x1,512x4096x1x1
cache_v_l15 (view),kernel_set_rows_f16_i64,0.003500,16384x1x1,512x1x1,512x4096x1x1
__fattn__-15,flash_attn_f32_f16,3.414500,32x28x0,32x1x0,128x28x32x1
ffn_inp-15,kernel_add,0.026300,2048x1x1,64x1x1,3584x32x1x1
ffn_norm-15,kernel_rms_norm_mul,0.013500,32768x1x1,1024x1x1,3584x32x1x1
l_out-15,kernel_add,0.025400,2048x1x1,64x1x1,3584x32x1x1
attn_norm-16,kernel_rms_norm_mul,0.014500,32768x1x1,1024x1x1,3584x32x1x1
Qcur-16,kernel_add_row,0.010900,28672x0x0,64x0x0,3584x32x1x1
Qcur-16,kernel_rope_neox_f32,0.009000,1792x32x1,64x1x1,128x28x32x1
Kcur-16,kernel_add_row,0.005100,4096x0x0,64x0x0,512x32x1x1
Kcur-16,kernel_rope_neox_f32,0.003200,256x32x1,64x1x1,128x4x32x1
Vcur-16,kernel_add_row,0.003000,4096x0x0,64x0x0,512x32x1x1
cache_k_l16 (view),kernel_set_rows_f16_i64,0.003900,16384x1x1,512x1x1,512x4096x1x1
cache_v_l16 (view),kernel_set_rows_f16_i64,0.003400,16384x1x1,512x1x1,512x4096x1x1
__fattn__-16,flash_attn_f32_f16,3.450900,32x28x0,32x1x0,128x28x32x1
ffn_inp-16,kernel_add,0.025100,2048x1x1,64x1x1,3584x32x1x1
ffn_norm-16,kernel_rms_norm_mul,0.013100,32768x1x1,1024x1x1,3584x32x1x1
l_out-16,kernel_add,0.024700,2048x1x1,64x1x1,3584x32x1x1
attn_norm-17,kernel_rms_norm_mul,0.014100,32768x1x1,1024x1x1,3584x32x1x1
Qcur-17,kernel_add_row,0.010700,28672x0x0,64x0x0,3584x32x1x1
Qcur-17,kernel_rope_neox_f32,0.009000,1792x32x1,64x1x1,128x28x32x1
Kcur-17,kernel_add_row,0.003100,4096x0x0,64x0x0,512x32x1x1
Kcur-17,kernel_rope_neox_f32,0.003300,256x32x1,64x1x1,128x4x32x1
node_590,kernel_mul_mv_q6_K_f32,1.891000,512x2048x1,2x64x1,512x32x1x1
Vcur-17,kernel_add_row,0.003100,4096x0x0,64x0x0,512x32x1x1
cache_k_l17 (view),kernel_set_rows_f16_i64,0.003800,16384x1x1,512x1x1,512x4096x1x1
cache_v_l17 (view),kernel_set_rows_f16_i64,0.003200,16384x1x1,512x1x1,512x4096x1x1
__fattn__-17,flash_attn_f32_f16,3.444100,32x28x0,32x1x0,128x28x32x1
ffn_inp-17,kernel_add,0.026700,2048x1x1,64x1x1,3584x32x1x1
ffn_norm-17,kernel_rms_norm_mul,0.013300,32768x1x1,1024x1x1,3584x32x1x1
ffn_swiglu-17,kernel_swiglu,0.101000,16384x1x1,512x1x1,18944x32x1x1
ffn_out-17,kernel_mul_mv_q6_K_f32,79.230301,3584x2048x1,2x64x1,3584x32x1x1
l_out-17,kernel_add,0.025200,2048x1x1,64x1x1,3584x32x1x1
attn_norm-18,kernel_rms_norm_mul,0.014700,32768x1x1,1024x1x1,3584x32x1x1
Qcur-18,kernel_add_row,0.010900,28672x0x0,64x0x0,3584x32x1x1
Qcur-18,kernel_rope_neox_f32,0.009500,1792x32x1,64x1x1,128x28x32x1
Kcur-18,kernel_add_row,0.005300,4096x0x0,64x0x0,512x32x1x1
Kcur-18,kernel_rope_neox_f32,0.003200,256x32x1,64x1x1,128x4x32x1
Vcur-18,kernel_add_row,0.003000,4096x0x0,64x0x0,512x32x1x1
cache_k_l18 (view),kernel_set_rows_f16_i64,0.003700,16384x1x1,512x1x1,512x4096x1x1
cache_v_l18 (view),kernel_set_rows_f16_i64,0.003400,16384x1x1,512x1x1,512x4096x1x1
__fattn__-18,flash_attn_f32_f16,3.412200,32x28x0,32x1x0,128x28x32x1
ffn_inp-18,kernel_add,0.025300,2048x1x1,64x1x1,3584x32x1x1
ffn_norm-18,kernel_rms_norm_mul,0.013700,32768x1x1,1024x1x1,3584x32x1x1
l_out-18,kernel_add,0.026900,2048x1x1,64x1x1,3584x32x1x1
attn_norm-19,kernel_rms_norm_mul,0.014600,32768x1x1,1024x1x1,3584x32x1x1
Qcur-19,kernel_add_row,0.010900,28672x0x0,64x0x0,3584x32x1x1
Qcur-19,kernel_rope_neox_f32,0.009400,1792x32x1,64x1x1,128x28x32x1
Kcur-19,kernel_add_row,0.005200,4096x0x0,64x0x0,512x32x1x1
Kcur-19,kernel_rope_neox_f32,0.003400,256x32x1,64x1x1,128x4x32x1
Vcur-19,kernel_add_row,0.003000,4096x0x0,64x0x0,512x32x1x1
cache_k_l19 (view),kernel_set_rows_f16_i64,0.004100,16384x1x1,512x1x1,512x4096x1x1
cache_v_l19 (view),kernel_set_rows_f16_i64,0.003300,16384x1x1,512x1x1,512x4096x1x1
__fattn__-19,flash_attn_f32_f16,3.395700,32x28x0,32x1x0,128x28x32x1
ffn_inp-19,kernel_add,0.024800,2048x1x1,64x1x1,3584x32x1x1
ffn_norm-19,kernel_rms_norm_mul,0.013300,32768x1x1,1024x1x1,3584x32x1x1
l_out-19,kernel_add,0.025400,2048x1x1,64x1x1,3584x32x1x1
attn_norm-20,kernel_rms_norm_mul,0.013800,32768x1x1,1024x1x1,3584x32x1x1
Qcur-20,kernel_add_row,0.010200,28672x0x0,64x0x0,3584x32x1x1
Qcur-20,kernel_rope_neox_f32,0.008700,1792x32x1,64x1x1,128x28x32x1
Kcur-20,kernel_add_row,0.003100,4096x0x0,64x0x0,512x32x1x1
Kcur-20,kernel_rope_neox_f32,0.003300,256x32x1,64x1x1,128x4x32x1
node_692,kernel_mul_mv_q6_K_f32,1.892500,512x2048x1,2x64x1,512x32x1x1
Vcur-20,kernel_add_row,0.002800,4096x0x0,64x0x0,512x32x1x1
cache_k_l20 (view),kernel_set_rows_f16_i64,0.003700,16384x1x1,512x1x1,512x4096x1x1
cache_v_l20 (view),kernel_set_rows_f16_i64,0.003300,16384x1x1,512x1x1,512x4096x1x1
__fattn__-20,flash_attn_f32_f16,3.452700,32x28x0,32x1x0,128x28x32x1
ffn_inp-20,kernel_add,0.026600,2048x1x1,64x1x1,3584x32x1x1
ffn_norm-20,kernel_rms_norm_mul,0.013300,32768x1x1,1024x1x1,3584x32x1x1
ffn_swiglu-20,kernel_swiglu,0.100900,16384x1x1,512x1x1,18944x32x1x1
ffn_out-20,kernel_mul_mv_q6_K_f32,79.192398,3584x2048x1,2x64x1,3584x32x1x1
l_out-20,kernel_add,0.025200,2048x1x1,64x1x1,3584x32x1x1
attn_norm-21,kernel_rms_norm_mul,0.014600,32768x1x1,1024x1x1,3584x32x1x1
Qcur-21,kernel_add_row,0.010800,28672x0x0,64x0x0,3584x32x1x1
Qcur-21,kernel_rope_neox_f32,0.009500,1792x32x1,64x1x1,128x28x32x1
Kcur-21,kernel_add_row,0.005300,4096x0x0,64x0x0,512x32x1x1
Kcur-21,kernel_rope_neox_f32,0.003300,256x32x1,64x1x1,128x4x32x1
Vcur-21,kernel_add_row,0.003000,4096x0x0,64x0x0,512x32x1x1
cache_k_l21 (view),kernel_set_rows_f16_i64,0.003800,16384x1x1,512x1x1,512x4096x1x1
cache_v_l21 (view),kernel_set_rows_f16_i64,0.003400,16384x1x1,512x1x1,512x4096x1x1
__fattn__-21,flash_attn_f32_f16,3.442600,32x28x0,32x1x0,128x28x32x1
ffn_inp-21,kernel_add,0.025400,2048x1x1,64x1x1,3584x32x1x1
ffn_norm-21,kernel_rms_norm_mul,0.013200,32768x1x1,1024x1x1,3584x32x1x1
l_out-21,kernel_add,0.025500,2048x1x1,64x1x1,3584x32x1x1
attn_norm-22,kernel_rms_norm_mul,0.014000,32768x1x1,1024x1x1,3584x32x1x1
Qcur-22,kernel_add_row,0.011500,28672x0x0,64x0x0,3584x32x1x1
Qcur-22,kernel_rope_neox_f32,0.009400,1792x32x1,64x1x1,128x28x32x1
Kcur-22,kernel_add_row,0.005100,4096x0x0,64x0x0,512x32x1x1
Kcur-22,kernel_rope_neox_f32,0.003200,256x32x1,64x1x1,128x4x32x1
Vcur-22,kernel_add_row,0.003000,4096x0x0,64x0x0,512x32x1x1
cache_k_l22 (view),kernel_set_rows_f16_i64,0.003700,16384x1x1,512x1x1,512x4096x1x1
cache_v_l22 (view),kernel_set_rows_f16_i64,0.003300,16384x1x1,512x1x1,512x4096x1x1
__fattn__-22,flash_attn_f32_f16,3.416700,32x28x0,32x1x0,128x28x32x1
ffn_inp-22,kernel_add,0.025200,2048x1x1,64x1x1,3584x32x1x1
ffn_norm-22,kernel_rms_norm_mul,0.013700,32768x1x1,1024x1x1,3584x32x1x1
l_out-22,kernel_add,0.024900,2048x1x1,64x1x1,3584x32x1x1
attn_norm-23,kernel_rms_norm_mul,0.014000,32768x1x1,1024x1x1,3584x32x1x1
Qcur-23,kernel_add_row,0.010500,28672x0x0,64x0x0,3584x32x1x1
Qcur-23,kernel_rope_neox_f32,0.008900,1792x32x1,64x1x1,128x28x32x1
Kcur-23,kernel_add_row,0.003100,4096x0x0,64x0x0,512x32x1x1
Kcur-23,kernel_rope_neox_f32,0.003300,256x32x1,64x1x1,128x4x32x1
node_794,kernel_mul_mv_q6_K_f32,1.891000,512x2048x1,2x64x1,512x32x1x1
Vcur-23,kernel_add_row,0.003000,4096x0x0,64x0x0,512x32x1x1
cache_k_l23 (view),kernel_set_rows_f16_i64,0.003700,16384x1x1,512x1x1,512x4096x1x1
cache_v_l23 (view),kernel_set_rows_f16_i64,0.003200,16384x1x1,512x1x1,512x4096x1x1
__fattn__-23,flash_attn_f32_f16,3.415600,32x28x0,32x1x0,128x28x32x1
ffn_inp-23,kernel_add,0.027100,2048x1x1,64x1x1,3584x32x1x1
ffn_norm-23,kernel_rms_norm_mul,0.013100,32768x1x1,1024x1x1,3584x32x1x1
ffn_swiglu-23,kernel_swiglu,0.100300,16384x1x1,512x1x1,18944x32x1x1
ffn_out-23,kernel_mul_mv_q6_K_f32,79.097801,3584x2048x1,2x64x1,3584x32x1x1
l_out-23,kernel_add,0.025600,2048x1x1,64x1x1,3584x32x1x1
attn_norm-24,kernel_rms_norm_mul,0.014400,32768x1x1,1024x1x1,3584x32x1x1
Qcur-24,kernel_add_row,0.012900,28672x0x0,64x0x0,3584x32x1x1
Qcur-24,kernel_rope_neox_f32,0.010000,1792x32x1,64x1x1,128x28x32x1
Kcur-24,kernel_add_row,0.005400,4096x0x0,64x0x0,512x32x1x1
Kcur-24,kernel_rope_neox_f32,0.003300,256x32x1,64x1x1,128x4x32x1
node_828,kernel_mul_mv_q6_K_f32,1.892300,512x2048x1,2x64x1,512x32x1x1
Vcur-24,kernel_add_row,0.003000,4096x0x0,64x0x0,512x32x1x1
cache_k_l24 (view),kernel_set_rows_f16_i64,0.003800,16384x1x1,512x1x1,512x4096x1x1
cache_v_l24 (view),kernel_set_rows_f16_i64,0.003300,16384x1x1,512x1x1,512x4096x1x1
__fattn__-24,flash_attn_f32_f16,3.433200,32x28x0,32x1x0,128x28x32x1
ffn_inp-24,kernel_add,0.027700,2048x1x1,64x1x1,3584x32x1x1
ffn_norm-24,kernel_rms_norm_mul,0.013700,32768x1x1,1024x1x1,3584x32x1x1
ffn_swiglu-24,kernel_swiglu,0.100800,16384x1x1,512x1x1,18944x32x1x1
ffn_out-24,kernel_mul_mv_q6_K_f32,79.128197,3584x2048x1,2x64x1,3584x32x1x1
l_out-24,kernel_add,0.024700,2048x1x1,64x1x1,3584x32x1x1
attn_norm-25,kernel_rms_norm_mul,0.014000,32768x1x1,1024x1x1,3584x32x1x1
Qcur-25,kernel_add_row,0.011600,28672x0x0,64x0x0,3584x32x1x1
Qcur-25,kernel_rope_neox_f32,0.008900,1792x32x1,64x1x1,128x28x32x1
Kcur-25,kernel_add_row,0.005200,4096x0x0,64x0x0,512x32x1x1
Kcur-25,kernel_rope_neox_f32,0.003100,256x32x1,64x1x1,128x4x32x1
node_862,kernel_mul_mv_q6_K_f32,1.892800,512x2048x1,2x64x1,512x32x1x1
Vcur-25,kernel_add_row,0.002700,4096x0x0,64x0x0,512x32x1x1
cache_k_l25 (view),kernel_set_rows_f16_i64,0.003700,16384x1x1,512x1x1,512x4096x1x1
cache_v_l25 (view),kernel_set_rows_f16_i64,0.003300,16384x1x1,512x1x1,512x4096x1x1
__fattn__-25,flash_attn_f32_f16,3.435200,32x28x0,32x1x0,128x28x32x1
ffn_inp-25,kernel_add,0.027300,2048x1x1,64x1x1,3584x32x1x1
ffn_norm-25,kernel_rms_norm_mul,0.013600,32768x1x1,1024x1x1,3584x32x1x1
ffn_swiglu-25,kernel_swiglu,0.101700,16384x1x1,512x1x1,18944x32x1x1
ffn_out-25,kernel_mul_mv_q6_K_f32,79.096603,3584x2048x1,2x64x1,3584x32x1x1
l_out-25,kernel_add,0.025500,2048x1x1,64x1x1,3584x32x1x1
attn_norm-26,kernel_rms_norm_mul,0.015000,32768x1x1,1024x1x1,3584x32x1x1
Qcur-26,kernel_add_row,0.012300,28672x0x0,64x0x0,3584x32x1x1
Qcur-26,kernel_rope_neox_f32,0.008900,1792x32x1,64x1x1,128x28x32x1
Kcur-26,kernel_add_row,0.003300,4096x0x0,64x0x0,512x32x1x1
Kcur-26,kernel_rope_neox_f32,0.003200,256x32x1,64x1x1,128x4x32x1
node_896,kernel_mul_mv_q6_K_f32,1.894600,512x2048x1,2x64x1,512x32x1x1
Vcur-26,kernel_add_row,0.003000,4096x0x0,64x0x0,512x32x1x1
cache_k_l26 (view),kernel_set_rows_f16_i64,0.003700,16384x1x1,512x1x1,512x4096x1x1
cache_v_l26 (view),kernel_set_rows_f16_i64,0.003400,16384x1x1,512x1x1,512x4096x1x1
__fattn__-26,flash_attn_f32_f16,3.426100,32x28x0,32x1x0,128x28x32x1
ffn_inp-26,kernel_add,0.027300,2048x1x1,64x1x1,3584x32x1x1
ffn_norm-26,kernel_rms_norm_mul,0.013300,32768x1x1,1024x1x1,3584x32x1x1
ffn_swiglu-26,kernel_swiglu,0.101300,16384x1x1,512x1x1,18944x32x1x1
ffn_out-26,kernel_mul_mv_q6_K_f32,79.154099,3584x2048x1,2x64x1,3584x32x1x1
l_out-26,kernel_add,0.025500,2048x1x1,64x1x1,3584x32x1x1
attn_norm-27,kernel_rms_norm_mul,0.014600,32768x1x1,1024x1x1,3584x32x1x1
Qcur-27,kernel_add_row,0.012400,28672x0x0,64x0x0,3584x32x1x1
Qcur-27,kernel_rope_neox_f32,0.008700,1792x32x1,64x1x1,128x28x32x1
Kcur-27,kernel_add_row,0.005300,4096x0x0,64x0x0,512x32x1x1
Kcur-27,kernel_rope_neox_f32,0.003200,256x32x1,64x1x1,128x4x32x1
node_930,kernel_mul_mv_q6_K_f32,1.895100,512x2048x1,2x64x1,512x32x1x1
Vcur-27,kernel_add_row,0.003100,4096x0x0,64x0x0,512x32x1x1
cache_k_l27 (view),kernel_set_rows_f16_i64,0.003600,16384x1x1,512x1x1,512x4096x1x1
cache_v_l27 (view),kernel_set_rows_f16_i64,0.003300,16384x1x1,512x1x1,512x4096x1x1
__fattn__-27,flash_attn_f32_f16,3.452000,32x28x0,32x1x0,128x28x32x1
attn_norm-0,kernel_rms_norm_mul,0.017200,32768x1x1,1024x1x1,3584x32x1x1
Qcur-0,kernel_add_row,0.011900,28672x0x0,64x0x0,3584x32x1x1
Qcur-0,kernel_rope_neox_f32,0.009300,1792x32x1,64x1x1,128x28x32x1
Kcur-0,kernel_add_row,0.003000,4096x0x0,64x0x0,512x32x1x1
Kcur-0,kernel_rope_neox_f32,0.003200,256x32x1,64x1x1,128x4x32x1
node_11,kernel_mul_mv_q6_K_f32,1.893900,512x2048x1,2x64x1,512x32x1x1
Vcur-0,kernel_add_row,0.003000,4096x0x0,64x0x0,512x32x1x1
cache_k_l0 (view),kernel_set_rows_f16_i64,0.003700,16384x1x1,512x1x1,512x4096x1x1
cache_v_l0 (view),kernel_set_rows_f16_i64,0.003300,16384x1x1,512x1x1,512x4096x1x1
 (copy),kernel_cpy_f32_f16,0.004800,4096x1x1,64x1x1,512x64x1x1
__fattn__-0,flash_attn_f32_f16,3.462900,32x28x0,32x1x0,128x28x32x1
ffn_inp-0,kernel_add,0.026000,2048x1x1,64x1x1,3584x32x1x1
ffn_norm-0,kernel_rms_norm_mul,0.013800,32768x1x1,1024x1x1,3584x32x1x1
ffn_swiglu-0,kernel_swiglu,0.102600,16384x1x1,512x1x1,18944x32x1x1
ffn_out-0,kernel_mul_mv_q6_K_f32,80.967903,3584x2048x1,2x64x1,3584x32x1x1
l_out-0,kernel_add,0.025700,2048x1x1,64x1x1,3584x32x1x1
attn_norm-1,kernel_rms_norm_mul,0.014800,32768x1x1,1024x1x1,3584x32x1x1
Qcur-1,kernel_add_row,0.011500,28672x0x0,64x0x0,3584x32x1x1
Qcur-1,kernel_rope_neox_f32,0.008600,1792x32x1,64x1x1,128x28x32x1
Kcur-1,kernel_add_row,0.005400,4096x0x0,64x0x0,512x32x1x1
Kcur-1,kernel_rope_neox_f32,0.003200,256x32x1,64x1x1,128x4x32x1
node_46,kernel_mul_mv_q6_K_f32,1.896700,512x2048x1,2x64x1,512x32x1x1
Vcur-1,kernel_add_row,0.002900,4096x0x0,64x0x0,512x32x1x1
cache_k_l1 (view),kernel_set_rows_f16_i64,0.003700,16384x1x1,512x1x1,512x4096x1x1
cache_v_l1 (view),kernel_set_rows_f16_i64,0.003300,16384x1x1,512x1x1,512x4096x1x1
__fattn__-1,flash_attn_f32_f16,3.430900,32x28x0,32x1x0,128x28x32x1
ffn_inp-1,kernel_add,0.027400,2048x1x1,64x1x1,3584x32x1x1
ffn_norm-1,kernel_rms_norm_mul,0.013500,32768x1x1,1024x1x1,3584x32x1x1
ffn_swiglu-1,kernel_swiglu,0.100700,16384x1x1,512x1x1,18944x32x1x1
ffn_out-1,kernel_mul_mv_q6_K_f32,81.053200,3584x2048x1,2x64x1,3584x32x1x1
l_out-1,kernel_add,0.025400,2048x1x1,64x1x1,3584x32x1x1
attn_norm-2,kernel_rms_norm_mul,0.014700,32768x1x1,1024x1x1,3584x32x1x1
Qcur-2,kernel_add_row,0.011500,28672x0x0,64x0x0,3584x32x1x1
Qcur-2,kernel_rope_neox_f32,0.008800,1792x32x1,64x1x1,128x28x32x1
Kcur-2,kernel_add_row,0.005200,4096x0x0,64x0x0,512x32x1x1
Kcur-2,kernel_rope_neox_f32,0.003200,256x32x1,64x1x1,128x4x32x1
node_80,kernel_mul_mv_q6_K_f32,1.893900,512x2048x1,2x64x1,512x32x1x1
Vcur-2,kernel_add_row,0.003000,4096x0x0,64x0x0,512x32x1x1
cache_k_l2 (view),kernel_set_rows_f16_i64,0.003700,16384x1x1,512x1x1,512x4096x1x1
cache_v_l2 (view),kernel_set_rows_f16_i64,0.003300,16384x1x1,512x1x1,512x4096x1x1
__fattn__-2,flash_attn_f32_f16,3.459700,32x28x0,32x1x0,128x28x32x1
ffn_inp-2,kernel_add,0.026400,2048x1x1,64x1x1,3584x32x1x1
ffn_norm-2,kernel_rms_norm_mul,0.013600,32768x1x1,1024x1x1,3584x32x1x1
ffn_swiglu-2,kernel_swiglu,0.100600,16384x1x1,512x1x1,18944x32x1x1
ffn_out-2,kernel_mul_mv_q6_K_f32,79.235603,3584x2048x1,2x64x1,3584x32x1x1
l_out-2,kernel_add,0.025600,2048x1x1,64x1x1,3584x32x1x1
attn_norm-3,kernel_rms_norm_mul,0.014500,32768x1x1,1024x1x1,3584x32x1x1
Qcur-3,kernel_add_row,0.011400,28672x0x0,64x0x0,3584x32x1x1
Qcur-3,kernel_rope_neox_f32,0.010400,1792x32x1,64x1x1,128x28x32x1
Kcur-3,kernel_add_row,0.005200,4096x0x0,64x0x0,512x32x1x1
Kcur-3,kernel_rope_neox_f32,0.003100,256x32x1,64x1x1,128x4x32x1
Vcur-3,kernel_add_row,0.003000,4096x0x0,64x0x0,512x32x1x1
cache_k_l3 (view),kernel_set_rows_f16_i64,0.003700,16384x1x1,512x1x1,512x4096x1x1
cache_v_l3 (view),kernel_set_rows_f16_i64,0.003300,16384x1x1,512x1x1,512x4096x1x1
__fattn__-3,flash_attn_f32_f16,3.421200,32x28x0,32x1x0,128x28x32x1
ffn_inp-3,kernel_add,0.025500,2048x1x1,64x1x1,3584x32x1x1
ffn_norm-3,kernel_rms_norm_mul,0.013600,32768x1x1,1024x1x1,3584x32x1x1
l_out-3,kernel_add,0.026500,2048x1x1,64x1x1,3584x32x1x1
attn_norm-4,kernel_rms_norm_mul,0.013500,32768x1x1,1024x1x1,3584x32x1x1
Qcur-4,kernel_add_row,0.010900,28672x0x0,64x0x0,3584x32x1x1
Qcur-4,kernel_rope_neox_f32,0.009100,1792x32x1,64x1x1,128x28x32x1
Kcur-4,kernel_add_row,0.005200,4096x0x0,64x0x0,512x32x1x1
Kcur-4,kernel_rope_neox_f32,0.003200,256x32x1,64x1x1,128x4x32x1
Vcur-4,kernel_add_row,0.003000,4096x0x0,64x0x0,512x32x1x1
cache_k_l4 (view),kernel_set_rows_f16_i64,0.003700,16384x1x1,512x1x1,512x4096x1x1
cache_v_l4 (view),kernel_set_rows_f16_i64,0.003300,16384x1x1,512x1x1,512x4096x1x1
__fattn__-4,flash_attn_f32_f16,3.411500,32x28x0,32x1x0,128x28x32x1
ffn_inp-4,kernel_add,0.025100,2048x1x1,64x1x1,3584x32x1x1
ffn_norm-4,kernel_rms_norm_mul,0.013400,32768x1x1,1024x1x1,3584x32x1x1
l_out-4,kernel_add,0.025000,2048x1x1,64x1x1,3584x32x1x1
attn_norm-5,kernel_rms_norm_mul,0.014200,32768x1x1,1024x1x1,3584x32x1x1
Qcur-5,kernel_add_row,0.010600,28672x0x0,64x0x0,3584x32x1x1
Qcur-5,kernel_rope_neox_f32,0.008600,1792x32x1,64x1x1,128x28x32x1
Kcur-5,kernel_add_row,0.003100,4096x0x0,64x0x0,512x32x1x1
Kcur-5,kernel_rope_neox_f32,0.003300,256x32x1,64x1x1,128x4x32x1
node_182,kernel_mul_mv_q6_K_f32,1.890700,512x2048x1,2x64x1,512x32x1x1
Vcur-5,kernel_add_row,0.003100,4096x0x0,64x0x0,512x32x1x1
cache_k_l5 (view),kernel_set_rows_f16_i64,0.003600,16384x1x1,512x1x1,512x4096x1x1
cache_v_l5 (view),kernel_set_rows_f16_i64,0.003200,16384x1x1,512x1x1,512x4096x1x1
__fattn__-5,flash_attn_f32_f16,3.397200,32x28x0,32x1x0,128x28x32x1
ffn_inp-5,kernel_add,0.026700,2048x1x1,64x1x1,3584x32x1x1
ffn_norm-5,kernel_rms_norm_mul,0.013800,32768x1x1,1024x1x1,3584x32x1x1
ffn_swiglu-5,kernel_swiglu,0.100200,16384x1x1,512x1x1,18944x32x1x1
ffn_out-5,kernel_mul_mv_q6_K_f32,79.457695,3584x2048x1,2x64x1,3584x32x1x1
l_out-5,kernel_add,0.025400,2048x1x1,64x1x1,3584x32x1x1
attn_norm-6,kernel_rms_norm_mul,0.014300,32768x1x1,1024x1x1,3584x32x1x1
Qcur-6,kernel_add_row,0.011900,28672x0x0,64x0x0,3584x32x1x1
Qcur-6,kernel_rope_neox_f32,0.010200,1792x32x1,64x1x1,128x28x32x1
Kcur-6,kernel_add_row,0.005500,4096x0x0,64x0x0,512x32x1x1
Kcur-6,kernel_rope_neox_f32,0.003300,256x32x1,64x1x1,128x4x32x1
Vcur-6,kernel_add_row,0.003100,4096x0x0,64x0x0,512x32x1x1
cache_k_l6 (view),kernel_set_rows_f16_i64,0.003700,16384x1x1,512x1x1,512x4096x1x1
cache_v_l6 (view),kernel_set_rows_f16_i64,0.003400,16384x1x1,512x1x1,512x4096x1x1
__fattn__-6,flash_attn_f32_f16,3.457500,32x28x0,32x1x0,128x28x32x1
ffn_inp-6,kernel_add,0.031500,2048x1x1,64x1x1,3584x32x1x1
ffn_norm-6,kernel_rms_norm_mul,0.013500,32768x1x1,1024x1x1,3584x32x1x1
l_out-6,kernel_add,0.025500,2048x1x1,64x1x1,3584x32x1x1
attn_norm-7,kernel_rms_norm_mul,0.014000,32768x1x1,1024x1x1,3584x32x1x1
Qcur-7,kernel_add_row,0.010800,28672x0x0,64x0x0,3584x32x1x1
Qcur-7,kernel_rope_neox_f32,0.009200,1792x32x1,64x1x1,128x28x32x1
Kcur-7,kernel_add_row,0.005200,4096x0x0,64x0x0,512x32x1x1
Kcur-7,kernel_rope_neox_f32,0.003300,256x32x1,64x1x1,128x4x32x1
Vcur-7,kernel_add_row,0.003000,4096x0x0,64x0x0,512x32x1x1
cache_k_l7 (view),kernel_set_rows_f16_i64,0.003700,16384x1x1,512x1x1,512x4096x1x1
cache_v_l7 (view),kernel_set_rows_f16_i64,0.003400,16384x1x1,512x1x1,512x4096x1x1
__fattn__-7,flash_attn_f32_f16,3.463700,32x28x0,32x1x0,128x28x32x1
ffn_inp-7,kernel_add,0.025200,2048x1x1,64x1x1,3584x32x1x1
ffn_norm-7,kernel_rms_norm_mul,0.013500,32768x1x1,1024x1x1,3584x32x1x1
l_out-7,kernel_add,0.025300,2048x1x1,64x1x1,3584x32x1x1
attn_norm-8,kernel_rms_norm_mul,0.014400,32768x1x1,1024x1x1,3584x32x1x1
Qcur-8,kernel_add_row,0.010400,28672x0x0,64x0x0,3584x32x1x1
Qcur-8,kernel_rope_neox_f32,0.008600,1792x32x1,64x1x1,128x28x32x1
Kcur-8,kernel_add_row,0.003000,4096x0x0,64x0x0,512x32x1x1
Kcur-8,kernel_rope_neox_f32,0.003400,256x32x1,64x1x1,128x4x32x1
node_284,kernel_mul_mv_q6_K_f32,1.891100,512x2048x1,2x64x1,512x32x1x1
Vcur-8,kernel_add_row,0.003100,4096x0x0,64x0x0,512x32x1x1
cache_k_l8 (view),kernel_set_rows_f16_i64,0.003800,16384x1x1,512x1x1,512x4096x1x1
cache_v_l8 (view),kernel_set_rows_f16_i64,0.003200,16384x1x1,512x1x1,512x4096x1x1
__fattn__-8,flash_attn_f32_f16,3.408300,32x28x0,32x1x0,128x28x32x1
ffn_inp-8,kernel_add,0.026800,2048x1x1,64x1x1,3584x32x1x1
ffn_norm-8,kernel_rms_norm_mul,0.013100,32768x1x1,1024x1x1,3584x32x1x1
ffn_swiglu-8,kernel_swiglu,0.100400,16384x1x1,512x1x1,18944x32x1x1
ffn_out-8,kernel_mul_mv_q6_K_f32,79.237907,3584x2048x1,2x64x1,3584x32x1x1
l_out-8,kernel_add,0.025400,2048x1x1,64x1x1,3584x32x1x1
attn_norm-9,kernel_rms_norm_mul,0.014500,32768x1x1,1024x1x1,3584x32x1x1
Qcur-9,kernel_add_row,0.011100,28672x0x0,64x0x0,3584x32x1x1
Qcur-9,kernel_rope_neox_f32,0.009700,1792x32x1,64x1x1,128x28x32x1
Kcur-9,kernel_add_row,0.005400,4096x0x0,64x0x0,512x32x1x1
Kcur-9,kernel_rope_neox_f32,0.003300,256x32x1,64x1x1,128x4x32x1
Vcur-9,kernel_add_row,0.005000,4096x0x0,64x0x0,512x32x1x1
cache_k_l9 (view),kernel_set_rows_f16_i64,0.003700,16384x1x1,512x1x1,512x4096x1x1
cache_v_l9 (view),kernel_set_rows_f16_i64,0.003300,16384x1x1,512x1x1,512x4096x1x1
__fattn__-9,flash_attn_f32_f16,3.447800,32x28x0,32x1x0,128x28x32x1
ffn_inp-9,kernel_add,0.026600,2048x1x1,64x1x1,3584x32x1x1
ffn_norm-9,kernel_rms_norm_mul,0.013300,32768x1x1,1024x1x1,3584x32x1x1
l_out-9,kernel_add,0.025200,2048x1x1,64x1x1,3584x32x1x1
attn_norm-10,kernel_rms_norm_mul,0.014300,32768x1x1,1024x1x1,3584x32x1x1
Qcur-10,kernel_add_row,0.010800,28672x0x0,64x0x0,3584x32x1x1
Qcur-10,kernel_rope_neox_f32,0.009300,1792x32x1,64x1x1,128x28x32x1
Kcur-10,kernel_add_row,0.005300,4096x0x0,64x0x0,512x32x1x1
Kcur-10,kernel_rope_neox_f32,0.003300,256x32x1,64x1x1,128x4x32x1
Vcur-10,kernel_add_row,0.003000,4096x0x0,64x0x0,512x32x1x1
cache_k_l10 (view),kernel_set_rows_f16_i64,0.003700,16384x1x1,512x1x1,512x4096x1x1
cache_v_l10 (view),kernel_set_rows_f16_i64,0.003400,16384x1x1,512x1x1,512x4096x1x1
__fattn__-10,flash_attn_f32_f16,3.424700,32x28x0,32x1x0,128x28x32x1
ffn_inp-10,kernel_add,0.025700,2048x1x1,64x1x1,3584x32x1x1
ffn_norm-10,kernel_rms_norm_mul,0.013500,32768x1x1,1024x1x1,3584x32x1x1
l_out-10,kernel_add,0.025400,2048x1x1,64x1x1,3584x32x1x1
attn_norm-11,kernel_rms_norm_mul,0.013800,32768x1x1,1024x1x1,3584x32x1x1
Qcur-11,kernel_add_row,0.010300,28672x0x0,64x0x0,3584x32x1x1
Qcur-11,kernel_rope_neox_f32,0.008800,1792x32x1,64x1x1,128x28x32x1
Kcur-11,kernel_add_row,0.003000,4096x0x0,64x0x0,512x32x1x1
Kcur-11,kernel_rope_neox_f32,0.003300,256x32x1,64x1x1,128x4x32x1
node_386,kernel_mul_mv_q6_K_f32,1.894200,512x2048x1,2x64x1,512x32x1x1
Vcur-11,kernel_add_row,0.002900,4096x0x0,64x0x0,512x32x1x1
cache_k_l11 (view),kernel_set_rows_f16_i64,0.003700,16384x1x1,512x1x1,512x4096x1x1
cache_v_l11 (view),kernel_set_rows_f16_i64,0.003300,16384x1x1,512x1x1,512x4096x1x1
__fattn__-11,flash_attn_f32_f16,3.438100,32x28x0,32x1x0,128x28x32x1
ffn_inp-11,kernel_add,0.026600,2048x1x1,64x1x1,3584x32x1x1
ffn_norm-11,kernel_rms_norm_mul,0.013200,32768x1x1,1024x1x1,3584x32x1x1
ffn_swiglu-11,kernel_swiglu,0.103900,16384x1x1,512x1x1,18944x32x1x1
ffn_out-11,kernel_mul_mv_q6_K_f32,79.217598,3584x2048x1,2x64x1,3584x32x1x1
l_out-11,kernel_add,0.025200,2048x1x1,64x1x1,3584x32x1x1
attn_norm-12,kernel_rms_norm_mul,0.014600,32768x1x1,1024x1x1,3584x32x1x1
Qcur-12,kernel_add_row,0.011500,28672x0x0,64x0x0,3584x32x1x1
Qcur-12,kernel_rope_neox_f32,0.010200,1792x32x1,64x1x1,128x28x32x1
Kcur-12,kernel_add_row,0.005200,4096x0x0,64x0x0,512x32x1x1
Kcur-12,kernel_rope_neox_f32,0.003200,256x32x1,64x1x1,128x4x32x1
Vcur-12,kernel_add_row,0.003000,4096x0x0,64x0x0,512x32x1x1
cache_k_l12 (view),kernel_set_rows_f16_i64,0.003600,16384x1x1,512x1x1,512x4096x1x1
cache_v_l12 (view),kernel_set_rows_f16_i64,0.003300,16384x1x1,512x1x1,512x4096x1x1
__fattn__-12,flash_attn_f32_f16,3.471900,32x28x0,32x1x0,128x28x32x1
ffn_inp-12,kernel_add,0.026300,2048x1x1,64x1x1,3584x32x1x1
ffn_norm-12,kernel_rms_norm_mul,0.013300,32768x1x1,1024x1x1,3584x32x1x1
l_out-12,kernel_add,0.025500,2048x1x1,64x1x1,3584x32x1x1
attn_norm-13,kernel_rms_norm_mul,0.014100,32768x1x1,1024x1x1,3584x32x1x1
Qcur-13,kernel_add_row,0.011400,28672x0x0,64x0x0,3584x32x1x1
Qcur-13,kernel_rope_neox_f32,0.009200,1792x32x1,64x1x1,128x28x32x1
Kcur-13,kernel_add_row,0.005000,4096x0x0,64x0x0,512x32x1x1
Kcur-13,kernel_rope_neox_f32,0.003100,256x32x1,64x1x1,128x4x32x1
Vcur-13,kernel_add_row,0.003100,4096x0x0,64x0x0,512x32x1x1
cache_k_l13 (view),kernel_set_rows_f16_i64,0.003700,16384x1x1,512x1x1,512x4096x1x1
cache_v_l13 (view),kernel_set_rows_f16_i64,0.003300,16384x1x1,512x1x1,512x4096x1x1
__fattn__-13,flash_attn_f32_f16,3.425500,32x28x0,32x1x0,128x28x32x1
ffn_inp-13,kernel_add,0.025400,2048x1x1,64x1x1,3584x32x1x1
ffn_norm-13,kernel_rms_norm_mul,0.013500,32768x1x1,1024x1x1,3584x32x1x1
l_out-13,kernel_add,0.024900,2048x1x1,64x1x1,3584x32x1x1
attn_norm-14,kernel_rms_norm_mul,0.013900,32768x1x1,1024x1x1,3584x32x1x1
Qcur-14,kernel_add_row,0.010400,28672x0x0,64x0x0,3584x32x1x1
Qcur-14,kernel_rope_neox_f32,0.008700,1792x32x1,64x1x1,128x28x32x1
Kcur-14,kernel_add_row,0.003100,4096x0x0,64x0x0,512x32x1x1
Kcur-14,kernel_rope_neox_f32,0.003200,256x32x1,64x1x1,128x4x32x1
node_488,kernel_mul_mv_q6_K_f32,1.891900,512x2048x1,2x64x1,512x32x1x1
Vcur-14,kernel_add_row,0.003000,4096x0x0,64x0x0,512x32x1x1
cache_k_l14 (view),kernel_set_rows_f16_i64,0.003700,16384x1x1,512x1x1,512x4096x1x1
cache_v_l14 (view),kernel_set_rows_f16_i64,0.003300,16384x1x1,512x1x1,512x4096x1x1
__fattn__-14,flash_attn_f32_f16,3.437100,32x28x0,32x1x0,128x28x32x1
ffn_inp-14,kernel_add,0.026700,2048x1x1,64x1x1,3584x32x1x1
ffn_norm-14,kernel_rms_norm_mul,0.013300,32768x1x1,1024x1x1,3584x32x1x1
ffn_swiglu-14,kernel_swiglu,0.101500,16384x1x1,512x1x1,18944x32x1x1
ffn_out-14,kernel_mul_mv_q6_K_f32,79.262093,3584x2048x1,2x64x1,3584x32x1x1
l_out-14,kernel_add,0.025600,2048x1x1,64x1x1,3584x32x1x1
attn_norm-15,kernel_rms_norm_mul,0.014200,32768x1x1,1024x1x1,3584x32x1x1
Qcur-15,kernel_add_row,0.011600,28672x0x0,64x0x0,3584x32x1x1
Qcur-15,kernel_rope_neox_f32,0.010500,1792x32x1,64x1x1,128x28x32x1
Kcur-15,kernel_add_row,0.005600,4096x0x0,64x0x0,512x32x1x1
Kcur-15,kernel_rope_neox_f32,0.003300,256x32x1,64x1x1,128x4x32x1
Vcur-15,kernel_add_row,0.005100,4096x0x0,64x0x0,512x32x1x1
cache_k_l15 (view),kernel_set_rows_f16_i64,0.003800,16384x1x1,512x1x1,512x4096x1x1
cache_v_l15 (view),kernel_set_rows_f16_i64,0.003300,16384x1x1,512x1x1,512x4096x1x1
__fattn__-15,flash_attn_f32_f16,3.426100,32x28x0,32x1x0,128x28x32x1
ffn_inp-15,kernel_add,0.025200,2048x1x1,64x1x1,3584x32x1x1
ffn_norm-15,kernel_rms_norm_mul,0.013400,32768x1x1,1024x1x1,3584x32x1x1
l_out-15,kernel_add,0.026000,2048x1x1,64x1x1,3584x32x1x1
attn_norm-16,kernel_rms_norm_mul,0.014800,32768x1x1,1024x1x1,3584x32x1x1
Qcur-16,kernel_add_row,0.011000,28672x0x0,64x0x0,3584x32x1x1
Qcur-16,kernel_rope_neox_f32,0.009100,1792x32x1,64x1x1,128x28x32x1
Kcur-16,kernel_add_row,0.005200,4096x0x0,64x0x0,512x32x1x1
Kcur-16,kernel_rope_neox_f32,0.003200,256x32x1,64x1x1,128x4x32x1
Vcur-16,kernel_add_row,0.003000,4096x0x0,64x0x0,512x32x1x1
cache_k_l16 (view),kernel_set_rows_f16_i64,0.004000,16384x1x1,512x1x1,512x4096x1x1
cache_v_l16 (view),kernel_set_rows_f16_i64,0.003400,16384x1x1,512x1x1,512x4096x1x1
__fattn__-16,flash_attn_f32_f16,3.410000,32x28x0,32x1x0,128x28x32x1
ffn_inp-16,kernel_add,0.025300,2048x1x1,64x1x1,3584x32x1x1
ffn_norm-16,kernel_rms_norm_mul,0.013600,32768x1x1,1024x1x1,3584x32x1x1
l_out-16,kernel_add,0.025500,2048x1x1,64x1x1,3584x32x1x1
attn_norm-17,kernel_rms_norm_mul,0.014000,32768x1x1,1024x1x1,3584x32x1x1
Qcur-17,kernel_add_row,0.010200,28672x0x0,64x0x0,3584x32x1x1
Qcur-17,kernel_rope_neox_f32,0.008800,1792x32x1,64x1x1,128x28x32x1
Kcur-17,kernel_add_row,0.003100,4096x0x0,64x0x0,512x32x1x1
Kcur-17,kernel_rope_neox_f32,0.003200,256x32x1,64x1x1,128x4x32x1
node_590,kernel_mul_mv_q6_K_f32,1.893800,512x2048x1,2x64x1,512x32x1x1
Vcur-17,kernel_add_row,0.003000,4096x0x0,64x0x0,512x32x1x1
cache_k_l17 (view),kernel_set_rows_f16_i64,0.003900,16384x1x1,512x1x1,512x4096x1x1
cache_v_l17 (view),kernel_set_rows_f16_i64,0.003200,16384x1x1,512x1x1,512x4096x1x1
__fattn__-17,flash_attn_f32_f16,3.467200,32x28x0,32x1x0,128x28x32x1
ffn_inp-17,kernel_add,0.027600,2048x1x1,64x1x1,3584x32x1x1
ffn_norm-17,kernel_rms_norm_mul,0.013300,32768x1x1,1024x1x1,3584x32x1x1
ffn_swiglu-17,kernel_swiglu,0.099700,16384x1x1,512x1x1,18944x32x1x1
ffn_out-17,kernel_mul_mv_q6_K_f32,79.194603,3584x2048x1,2x64x1,3584x32x1x1
l_out-17,kernel_add,0.025600,2048x1x1,64x1x1,3584x32x1x1
attn_norm-18,kernel_rms_norm_mul,0.014500,32768x1x1,1024x1x1,3584x32x1x1
Qcur-18,kernel_add_row,0.011700,28672x0x0,64x0x0,3584x32x1x1
Qcur-18,kernel_rope_neox_f32,0.011100,1792x32x1,64x1x1,128x28x32x1
Kcur-18,kernel_add_row,0.005300,4096x0x0,64x0x0,512x32x1x1
Kcur-18,kernel_rope_neox_f32,0.003200,256x32x1,64x1x1,128x4x32x1
Vcur-18,kernel_add_row,0.004900,4096x0x0,64x0x0,512x32x1x1
cache_k_l18 (view),kernel_set_rows_f16_i64,0.003700,16384x1x1,512x1x1,512x4096x1x1
cache_v_l18 (view),kernel_set_rows_f16_i64,0.003400,16384x1x1,512x1x1,512x4096x1x1
__fattn__-18,flash_attn_f32_f16,3.433800,32x28x0,32x1x0,128x28x32x1
ffn_inp-18,kernel_add,0.025000,2048x1x1,64x1x1,3584x32x1x1
ffn_norm-18,kernel_rms_norm_mul,0.013600,32768x1x1,1024x1x1,3584x32x1x1
l_out-18,kernel_add,0.026800,2048x1x1,64x1x1,3584x32x1x1
attn_norm-19,kernel_rms_norm_mul,0.014600,32768x1x1,1024x1x1,3584x32x1x1
Qcur-19,kernel_add_row,0.011700,28672x0x0,64x0x0,3584x32x1x1
Qcur-19,kernel_rope_neox_f32,0.009200,1792x32x1,64x1x1,128x28x32x1
Kcur-19,kernel_add_row,0.005200,4096x0x0,64x0x0,512x32x1x1
Kcur-19,kernel_rope_neox_f32,0.003200,256x32x1,64x1x1,128x4x32x1
Vcur-19,kernel_add_row,0.002900,4096x0x0,64x0x0,512x32x1x1
cache_k_l19 (view),kernel_set_rows_f16_i64,0.004000,16384x1x1,512x1x1,512x4096x1x1
cache_v_l19 (view),kernel_set_rows_f16_i64,0.003200,16384x1x1,512x1x1,512x4096x1x1
__fattn__-19,flash_attn_f32_f16,3.412600,32x28x0,32x1x0,128x28x32x1
ffn_inp-19,kernel_add,0.024500,2048x1x1,64x1x1,3584x32x1x1
ffn_norm-19,kernel_rms_norm_mul,0.013700,32768x1x1,1024x1x1,3584x32x1x1
l_out-19,kernel_add,0.025700,2048x1x1,64x1x1,3584x32x1x1
attn_norm-20,kernel_rms_norm_mul,0.014200,32768x1x1,1024x1x1,3584x32x1x1
Qcur-20,kernel_add_row,0.010400,28672x0x0,64x0x0,3584x32x1x1
Qcur-20,kernel_rope_neox_f32,0.008900,1792x32x1,64x1x1,128x28x32x1
Kcur-20,kernel_add_row,0.003200,4096x0x0,64x0x0,512x32x1x1
Kcur-20,kernel_rope_neox_f32,0.003200,256x32x1,64x1x1,128x4x32x1
node_692,kernel_mul_mv_q6_K_f32,1.891300,512x2048x1,2x64x1,512x32x1x1
Vcur-20,kernel_add_row,0.003000,4096x0x0,64x0x0,512x32x1x1
cache_k_l20 (view),kernel_set_rows_f16_i64,0.003800,16384x1x1,512x1x1,512x4096x1x1
cache_v_l20 (view),kernel_set_rows_f16_i64,0.003200,16384x1x1,512x1x1,512x4096x1x1
__fattn__-20,flash_attn_f32_f16,3.384800,32x28x0,32x1x0,128x28x32x1
ffn_inp-20,kernel_add,0.026400,2048x1x1,64x1x1,3584x32x1x1
ffn_norm-20,kernel_rms_norm_mul,0.013600,32768x1x1,1024x1x1,3584x32x1x1
ffn_swiglu-20,kernel_swiglu,0.100700,16384x1x1,512x1x1,18944x32x1x1
ffn_out-20,kernel_mul_mv_q6_K_f32,79.198196,3584x2048x1,2x64x1,3584x32x1x1
l_out-20,kernel_add,0.025600,2048x1x1,64x1x1,3584x32x1x1
attn_norm-21,kernel_rms_norm_mul,0.014300,32768x1x1,1024x1x1,3584x32x1x1
Qcur-21,kernel_add_row,0.011100,28672x0x0,64x0x0,3584x32x1x1
Qcur-21,kernel_rope_neox_f32,0.009600,1792x32x1,64x1x1,128x28x32x1
Kcur-21,kernel_add_row,0.005300,4096x0x0,64x0x0,512x32x1x1
Kcur-21,kernel_rope_neox_f32,0.003200,256x32x1,64x1x1,128x4x32x1
Vcur-21,kernel_add_row,0.003100,4096x0x0,64x0x0,512x32x1x1
cache_k_l21 (view),kernel_set_rows_f16_i64,0.003700,16384x1x1,512x1x1,512x4096x1x1
cache_v_l21 (view),kernel_set_rows_f16_i64,0.003300,16384x1x1,512x1x1,512x4096x1x1
__fattn__-21,flash_attn_f32_f16,3.447900,32x28x0,32x1x0,128x28x32x1
ffn_inp-21,kernel_add,0.025900,2048x1x1,64x1x1,3584x32x1x1
ffn_norm-21,kernel_rms_norm_mul,0.013700,32768x1x1,1024x1x1,3584x32x1x1
l_out-21,kernel_add,0.024900,2048x1x1,64x1x1,3584x32x1x1
attn_norm-22,kernel_rms_norm_mul,0.014000,32768x1x1,1024x1x1,3584x32x1x1
Qcur-22,kernel_add_row,0.010900,28672x0x0,64x0x0,3584x32x1x1
Qcur-22,kernel_rope_neox_f32,0.009600,1792x32x1,64x1x1,128x28x32x1
Kcur-22,kernel_add_row,0.005100,4096x0x0,64x0x0,512x32x1x1
Kcur-22,kernel_rope_neox_f32,0.003200,256x32x1,64x1x1,128x4x32x1
Vcur-22,kernel_add_row,0.003000,4096x0x0,64x0x0,512x32x1x1
cache_k_l22 (view),kernel_set_rows_f16_i64,0.003700,16384x1x1,512x1x1,512x4096x1x1
cache_v_l22 (view),kernel_set_rows_f16_i64,0.003300,16384x1x1,512x1x1,512x4096x1x1
__fattn__-22,flash_attn_f32_f16,3.407900,32x28x0,32x1x0,128x28x32x1
ffn_inp-22,kernel_add,0.025200,2048x1x1,64x1x1,3584x32x1x1
ffn_norm-22,kernel_rms_norm_mul,0.013200,32768x1x1,1024x1x1,3584x32x1x1
l_out-22,kernel_add,0.025200,2048x1x1,64x1x1,3584x32x1x1
attn_norm-23,kernel_rms_norm_mul,0.014100,32768x1x1,1024x1x1,3584x32x1x1
Qcur-23,kernel_add_row,0.010300,28672x0x0,64x0x0,3584x32x1x1
Qcur-23,kernel_rope_neox_f32,0.008600,1792x32x1,64x1x1,128x28x32x1
Kcur-23,kernel_add_row,0.003000,4096x0x0,64x0x0,512x32x1x1
Kcur-23,kernel_rope_neox_f32,0.003100,256x32x1,64x1x1,128x4x32x1
node_794,kernel_mul_mv_q6_K_f32,1.890900,512x2048x1,2x64x1,512x32x1x1
Vcur-23,kernel_add_row,0.003000,4096x0x0,64x0x0,512x32x1x1
cache_k_l23 (view),kernel_set_rows_f16_i64,0.003700,16384x1x1,512x1x1,512x4096x1x1
cache_v_l23 (view),kernel_set_rows_f16_i64,0.003400,16384x1x1,512x1x1,512x4096x1x1
__fattn__-23,flash_attn_f32_f16,3.448600,32x28x0,32x1x0,128x28x32x1
ffn_inp-23,kernel_add,0.026400,2048x1x1,64x1x1,3584x32x1x1
ffn_norm-23,kernel_rms_norm_mul,0.013100,32768x1x1,1024x1x1,3584x32x1x1
ffn_swiglu-23,kernel_swiglu,0.100300,16384x1x1,512x1x1,18944x32x1x1
ffn_out-23,kernel_mul_mv_q6_K_f32,79.123695,3584x2048x1,2x64x1,3584x32x1x1
l_out-23,kernel_add,0.025300,2048x1x1,64x1x1,3584x32x1x1
attn_norm-24,kernel_rms_norm_mul,0.014500,32768x1x1,1024x1x1,3584x32x1x1
Qcur-24,kernel_add_row,0.012000,28672x0x0,64x0x0,3584x32x1x1
Qcur-24,kernel_rope_neox_f32,0.008800,1792x32x1,64x1x1,128x28x32x1
Kcur-24,kernel_add_row,0.005800,4096x0x0,64x0x0,512x32x1x1
Kcur-24,kernel_rope_neox_f32,0.003200,256x32x1,64x1x1,128x4x32x1
node_828,kernel_mul_mv_q6_K_f32,1.892500,512x2048x1,2x64x1,512x32x1x1
Vcur-24,kernel_add_row,0.002800,4096x0x0,64x0x0,512x32x1x1
cache_k_l24 (view),kernel_set_rows_f16_i64,0.003700,16384x1x1,512x1x1,512x4096x1x1
cache_v_l24 (view),kernel_set_rows_f16_i64,0.003300,16384x1x1,512x1x1,512x4096x1x1
__fattn__-24,flash_attn_f32_f16,3.407700,32x28x0,32x1x0,128x28x32x1
ffn_inp-24,kernel_add,0.027400,2048x1x1,64x1x1,3584x32x1x1
ffn_norm-24,kernel_rms_norm_mul,0.013200,32768x1x1,1024x1x1,3584x32x1x1
ffn_swiglu-24,kernel_swiglu,0.101000,16384x1x1,512x1x1,18944x32x1x1
ffn_out-24,kernel_mul_mv_q6_K_f32,79.097000,3584x2048x1,2x64x1,3584x32x1x1
l_out-24,kernel_add,0.024900,2048x1x1,64x1x1,3584x32x1x1
attn_norm-25,kernel_rms_norm_mul,0.014500,32768x1x1,1024x1x1,3584x32x1x1
Qcur-25,kernel_add_row,0.011600,28672x0x0,64x0x0,3584x32x1x1
Qcur-25,kernel_rope_neox_f32,0.008700,1792x32x1,64x1x1,128x28x32x1
Kcur-25,kernel_add_row,0.005200,4096x0x0,64x0x0,512x32x1x1
Kcur-25,kernel_rope_neox_f32,0.003300,256x32x1,64x1x1,128x4x32x1
node_862,kernel_mul_mv_q6_K_f32,1.891100,512x2048x1,2x64x1,512x32x1x1
Vcur-25,kernel_add_row,0.002900,4096x0x0,64x0x0,512x32x1x1
cache_k_l25 (view),kernel_set_rows_f16_i64,0.003800,16384x1x1,512x1x1,512x4096x1x1
cache_v_l25 (view),kernel_set_rows_f16_i64,0.003400,16384x1x1,512x1x1,512x4096x1x1
__fattn__-25,flash_attn_f32_f16,3.450300,32x28x0,32x1x0,128x28x32x1
ffn_inp-25,kernel_add,0.026900,2048x1x1,64x1x1,3584x32x1x1
ffn_norm-25,kernel_rms_norm_mul,0.013700,32768x1x1,1024x1x1,3584x32x1x1
ffn_swiglu-25,kernel_swiglu,0.106300,16384x1x1,512x1x1,18944x32x1x1
ffn_out-25,kernel_mul_mv_q6_K_f32,79.028801,3584x2048x1,2x64x1,3584x32x1x1
l_out-25,kernel_add,0.025400,2048x1x1,64x1x1,3584x32x1x1
attn_norm-26,kernel_rms_norm_mul,0.014300,32768x1x1,1024x1x1,3584x32x1x1
Qcur-26,kernel_add_row,0.011900,28672x0x0,64x0x0,3584x32x1x1
Qcur-26,kernel_rope_neox_f32,0.009000,1792x32x1,64x1x1,128x28x32x1
Kcur-26,kernel_add_row,0.005700,4096x0x0,64x0x0,512x32x1x1
Kcur-26,kernel_rope_neox_f32,0.003300,256x32x1,64x1x1,128x4x32x1
node_896,kernel_mul_mv_q6_K_f32,1.891800,512x2048x1,2x64x1,512x32x1x1
Vcur-26,kernel_add_row,0.002900,4096x0x0,64x0x0,512x32x1x1
cache_k_l26 (view),kernel_set_rows_f16_i64,0.003800,16384x1x1,512x1x1,512x4096x1x1
cache_v_l26 (view),kernel_set_rows_f16_i64,0.003400,16384x1x1,512x1x1,512x4096x1x1
__fattn__-26,flash_attn_f32_f16,3.429000,32x28x0,32x1x0,128x28x32x1
ffn_inp-26,kernel_add,0.028000,2048x1x1,64x1x1,3584x32x1x1
ffn_norm-26,kernel_rms_norm_mul,0.013500,32768x1x1,1024x1x1,3584x32x1x1
ffn_swiglu-26,kernel_swiglu,0.101500,16384x1x1,512x1x1,18944x32x1x1
ffn_out-26,kernel_mul_mv_q6_K_f32,79.023697,3584x2048x1,2x64x1,3584x32x1x1
l_out-26,kernel_add,0.025300,2048x1x1,64x1x1,3584x32x1x1
attn_norm-27,kernel_rms_norm_mul,0.014400,32768x1x1,1024x1x1,3584x32x1x1
Qcur-27,kernel_add_row,0.011900,28672x0x0,64x0x0,3584x32x1x1
Qcur-27,kernel_rope_neox_f32,0.008800,1792x32x1,64x1x1,128x28x32x1
Kcur-27,kernel_add_row,0.005200,4096x0x0,64x0x0,512x32x1x1
Kcur-27,kernel_rope_neox_f32,0.003200,256x32x1,64x1x1,128x4x32x1
node_930,kernel_mul_mv_q6_K_f32,1.895200,512x2048x1,2x64x1,512x32x1x1
Vcur-27,kernel_add_row,0.002900,4096x0x0,64x0x0,512x32x1x1
cache_k_l27 (view),kernel_set_rows_f16_i64,0.003700,16384x1x1,512x1x1,512x4096x1x1
cache_v_l27 (view),kernel_set_rows_f16_i64,0.003400,16384x1x1,512x1x1,512x4096x1x1
__fattn__-27,flash_attn_f32_f16,3.452600,32x28x0,32x1x0,128x28x32x1
attn_norm-0,kernel_rms_norm_mul,0.016900,32768x1x1,1024x1x1,3584x32x1x1
Qcur-0,kernel_add_row,0.011800,28672x0x0,64x0x0,3584x32x1x1
Qcur-0,kernel_rope_neox_f32,0.008800,1792x32x1,64x1x1,128x28x32x1
Kcur-0,kernel_add_row,0.003100,4096x0x0,64x0x0,512x32x1x1
Kcur-0,kernel_rope_neox_f32,0.003200,256x32x1,64x1x1,128x4x32x1
node_11,kernel_mul_mv_q6_K_f32,1.891800,512x2048x1,2x64x1,512x32x1x1
Vcur-0,kernel_add_row,0.003000,4096x0x0,64x0x0,512x32x1x1
cache_k_l0 (view),kernel_set_rows_f16_i64,0.003900,16384x1x1,512x1x1,512x4096x1x1
cache_v_l0 (view),kernel_set_rows_f16_i64,0.003300,16384x1x1,512x1x1,512x4096x1x1
 (copy),kernel_cpy_f32_f16,0.004900,4096x1x1,64x1x1,512x64x1x1
__fattn__-0,flash_attn_f32_f16,3.474000,32x28x0,32x1x0,128x28x32x1
ffn_inp-0,kernel_add,0.026100,2048x1x1,64x1x1,3584x32x1x1
ffn_norm-0,kernel_rms_norm_mul,0.013100,32768x1x1,1024x1x1,3584x32x1x1
ffn_swiglu-0,kernel_swiglu,0.104300,16384x1x1,512x1x1,18944x32x1x1
ffn_out-0,kernel_mul_mv_q6_K_f32,81.129799,3584x2048x1,2x64x1,3584x32x1x1
l_out-0,kernel_add,0.025000,2048x1x1,64x1x1,3584x32x1x1
attn_norm-1,kernel_rms_norm_mul,0.014800,32768x1x1,1024x1x1,3584x32x1x1
Qcur-1,kernel_add_row,0.011600,28672x0x0,64x0x0,3584x32x1x1
Qcur-1,kernel_rope_neox_f32,0.008800,1792x32x1,64x1x1,128x28x32x1
Kcur-1,kernel_add_row,0.005300,4096x0x0,64x0x0,512x32x1x1
Kcur-1,kernel_rope_neox_f32,0.003200,256x32x1,64x1x1,128x4x32x1
node_46,kernel_mul_mv_q6_K_f32,1.899200,512x2048x1,2x64x1,512x32x1x1
Vcur-1,kernel_add_row,0.002900,4096x0x0,64x0x0,512x32x1x1
cache_k_l1 (view),kernel_set_rows_f16_i64,0.003700,16384x1x1,512x1x1,512x4096x1x1
cache_v_l1 (view),kernel_set_rows_f16_i64,0.003400,16384x1x1,512x1x1,512x4096x1x1
__fattn__-1,flash_attn_f32_f16,3.400300,32x28x0,32x1x0,128x28x32x1
ffn_inp-1,kernel_add,0.027100,2048x1x1,64x1x1,3584x32x1x1
ffn_norm-1,kernel_rms_norm_mul,0.013600,32768x1x1,1024x1x1,3584x32x1x1
ffn_swiglu-1,kernel_swiglu,0.101500,16384x1x1,512x1x1,18944x32x1x1
ffn_out-1,kernel_mul_mv_q6_K_f32,81.083504,3584x2048x1,2x64x1,3584x32x1x1
l_out-1,kernel_add,0.025500,2048x1x1,64x1x1,3584x32x1x1
attn_norm-2,kernel_rms_norm_mul,0.014600,32768x1x1,1024x1x1,3584x32x1x1
Qcur-2,kernel_add_row,0.011200,28672x0x0,64x0x0,3584x32x1x1
Qcur-2,kernel_rope_neox_f32,0.008900,1792x32x1,64x1x1,128x28x32x1
Kcur-2,kernel_add_row,0.005200,4096x0x0,64x0x0,512x32x1x1
Kcur-2,kernel_rope_neox_f32,0.003200,256x32x1,64x1x1,128x4x32x1
node_80,kernel_mul_mv_q6_K_f32,1.894500,512x2048x1,2x64x1,512x32x1x1
Vcur-2,kernel_add_row,0.003000,4096x0x0,64x0x0,512x32x1x1
cache_k_l2 (view),kernel_set_rows_f16_i64,0.003900,16384x1x1,512x1x1,512x4096x1x1
cache_v_l2 (view),kernel_set_rows_f16_i64,0.003400,16384x1x1,512x1x1,512x4096x1x1
__fattn__-2,flash_attn_f32_f16,3.451300,32x28x0,32x1x0,128x28x32x1
ffn_inp-2,kernel_add,0.027100,2048x1x1,64x1x1,3584x32x1x1
ffn_norm-2,kernel_rms_norm_mul,0.013500,32768x1x1,1024x1x1,3584x32x1x1
ffn_swiglu-2,kernel_swiglu,0.099900,16384x1x1,512x1x1,18944x32x1x1
ffn_out-2,kernel_mul_mv_q6_K_f32,79.305397,3584x2048x1,2x64x1,3584x32x1x1
l_out-2,kernel_add,0.025500,2048x1x1,64x1x1,3584x32x1x1
attn_norm-3,kernel_rms_norm_mul,0.014300,32768x1x1,1024x1x1,3584x32x1x1
Qcur-3,kernel_add_row,0.011300,28672x0x0,64x0x0,3584x32x1x1
Qcur-3,kernel_rope_neox_f32,0.009500,1792x32x1,64x1x1,128x28x32x1
Kcur-3,kernel_add_row,0.005200,4096x0x0,64x0x0,512x32x1x1
Kcur-3,kernel_rope_neox_f32,0.003100,256x32x1,64x1x1,128x4x32x1
Vcur-3,kernel_add_row,0.005000,4096x0x0,64x0x0,512x32x1x1
cache_k_l3 (view),kernel_set_rows_f16_i64,0.003600,16384x1x1,512x1x1,512x4096x1x1
cache_v_l3 (view),kernel_set_rows_f16_i64,0.003400,16384x1x1,512x1x1,512x4096x1x1
__fattn__-3,flash_attn_f32_f16,3.455200,32x28x0,32x1x0,128x28x32x1
ffn_inp-3,kernel_add,0.025500,2048x1x1,64x1x1,3584x32x1x1
ffn_norm-3,kernel_rms_norm_mul,0.013500,32768x1x1,1024x1x1,3584x32x1x1
l_out-3,kernel_add,0.025900,2048x1x1,64x1x1,3584x32x1x1
attn_norm-4,kernel_rms_norm_mul,0.014200,32768x1x1,1024x1x1,3584x32x1x1
Qcur-4,kernel_add_row,0.011000,28672x0x0,64x0x0,3584x32x1x1
Qcur-4,kernel_rope_neox_f32,0.009200,1792x32x1,64x1x1,128x28x32x1
Kcur-4,kernel_add_row,0.005000,4096x0x0,64x0x0,512x32x1x1
Kcur-4,kernel_rope_neox_f32,0.003300,256x32x1,64x1x1,128x4x32x1
Vcur-4,kernel_add_row,0.003100,4096x0x0,64x0x0,512x32x1x1
cache_k_l4 (view),kernel_set_rows_f16_i64,0.003700,16384x1x1,512x1x1,512x4096x1x1
cache_v_l4 (view),kernel_set_rows_f16_i64,0.003400,16384x1x1,512x1x1,512x4096x1x1
__fattn__-4,flash_attn_f32_f16,3.435900,32x28x0,32x1x0,128x28x32x1
ffn_inp-4,kernel_add,0.025600,2048x1x1,64x1x1,3584x32x1x1
ffn_norm-4,kernel_rms_norm_mul,0.013300,32768x1x1,1024x1x1,3584x32x1x1
l_out-4,kernel_add,0.024800,2048x1x1,64x1x1,3584x32x1x1
attn_norm-5,kernel_rms_norm_mul,0.013900,32768x1x1,1024x1x1,3584x32x1x1
Qcur-5,kernel_add_row,0.010400,28672x0x0,64x0x0,3584x32x1x1
Qcur-5,kernel_rope_neox_f32,0.009000,1792x32x1,64x1x1,128x28x32x1
Kcur-5,kernel_add_row,0.003000,4096x0x0,64x0x0,512x32x1x1
Kcur-5,kernel_rope_neox_f32,0.003100,256x32x1,64x1x1,128x4x32x1
node_182,kernel_mul_mv_q6_K_f32,1.890500,512x2048x1,2x64x1,512x32x1x1
Vcur-5,kernel_add_row,0.003000,4096x0x0,64x0x0,512x32x1x1
cache_k_l5 (view),kernel_set_rows_f16_i64,0.003700,16384x1x1,512x1x1,512x4096x1x1
cache_v_l5 (view),kernel_set_rows_f16_i64,0.003300,16384x1x1,512x1x1,512x4096x1x1
__fattn__-5,flash_attn_f32_f16,3.447600,32x28x0,32x1x0,128x28x32x1
ffn_inp-5,kernel_add,0.026400,2048x1x1,64x1x1,3584x32x1x1
ffn_norm-5,kernel_rms_norm_mul,0.013800,32768x1x1,1024x1x1,3584x32x1x1
ffn_swiglu-5,kernel_swiglu,0.099900,16384x1x1,512x1x1,18944x32x1x1
ffn_out-5,kernel_mul_mv_q6_K_f32,79.253601,3584x2048x1,2x64x1,3584x32x1x1
l_out-5,kernel_add,0.025200,2048x1x1,64x1x1,3584x32x1x1
attn_norm-6,kernel_rms_norm_mul,0.014300,32768x1x1,1024x1x1,3584x32x1x1
Qcur-6,kernel_add_row,0.011900,28672x0x0,64x0x0,3584x32x1x1
Qcur-6,kernel_rope_neox_f32,0.009800,1792x32x1,64x1x1,128x28x32x1
Kcur-6,kernel_add_row,0.005500,4096x0x0,64x0x0,512x32x1x1
Kcur-6,kernel_rope_neox_f32,0.003200,256x32x1,64x1x1,128x4x32x1
Vcur-6,kernel_add_row,0.005100,4096x0x0,64x0x0,512x32x1x1
cache_k_l6 (view),kernel_set_rows_f16_i64,0.003700,16384x1x1,512x1x1,512x4096x1x1
cache_v_l6 (view),kernel_set_rows_f16_i64,0.003200,16384x1x1,512x1x1,512x4096x1x1
__fattn__-6,flash_attn_f32_f16,3.463200,32x28x0,32x1x0,128x28x32x1
ffn_inp-6,kernel_add,0.025800,2048x1x1,64x1x1,3584x32x1x1
ffn_norm-6,kernel_rms_norm_mul,0.013500,32768x1x1,1024x1x1,3584x32x1x1
l_out-6,kernel_add,0.025300,2048x1x1,64x1x1,3584x32x1x1
attn_norm-7,kernel_rms_norm_mul,0.014500,32768x1x1,1024x1x1,3584x32x1x1
Qcur-7,kernel_add_row,0.011000,28672x0x0,64x0x0,3584x32x1x1
Qcur-7,kernel_rope_neox_f32,0.009200,1792x32x1,64x1x1,128x28x32x1
Kcur-7,kernel_add_row,0.005100,4096x0x0,64x0x0,512x32x1x1
Kcur-7,kernel_rope_neox_f32,0.003300,256x32x1,64x1x1,128x4x32x1
Vcur-7,kernel_add_row,0.003000,4096x0x0,64x0x0,512x32x1x1
cache_k_l7 (view),kernel_set_rows_f16_i64,0.003700,16384x1x1,512x1x1,512x4096x1x1
cache_v_l7 (view),kernel_set_rows_f16_i64,0.003300,16384x1x1,512x1x1,512x4096x1x1
__fattn__-7,flash_attn_f32_f16,3.373800,32x28x0,32x1x0,128x28x32x1
ffn_inp-7,kernel_add,0.025400,2048x1x1,64x1x1,3584x32x1x1
ffn_norm-7,kernel_rms_norm_mul,0.013300,32768x1x1,1024x1x1,3584x32x1x1
l_out-7,kernel_add,0.025600,2048x1x1,64x1x1,3584x32x1x1
attn_norm-8,kernel_rms_norm_mul,0.014200,32768x1x1,1024x1x1,3584x32x1x1
Qcur-8,kernel_add_row,0.010600,28672x0x0,64x0x0,3584x32x1x1
Qcur-8,kernel_rope_neox_f32,0.008500,1792x32x1,64x1x1,128x28x32x1
Kcur-8,kernel_add_row,0.003000,4096x0x0,64x0x0,512x32x1x1
Kcur-8,kernel_rope_neox_f32,0.003100,256x32x1,64x1x1,128x4x32x1
node_284,kernel_mul_mv_q6_K_f32,1.891400,512x2048x1,2x64x1,512x32x1x1
Vcur-8,kernel_add_row,0.003100,4096x0x0,64x0x0,512x32x1x1
cache_k_l8 (view),kernel_set_rows_f16_i64,0.003800,16384x1x1,512x1x1,512x4096x1x1
cache_v_l8 (view),kernel_set_rows_f16_i64,0.003200,16384x1x1,512x1x1,512x4096x1x1
__fattn__-8,flash_attn_f32_f16,3.438100,32x28x0,32x1x0,128x28x32x1
ffn_inp-8,kernel_add,0.026700,2048x1x1,64x1x1,3584x32x1x1
ffn_norm-8,kernel_rms_norm_mul,0.013800,32768x1x1,1024x1x1,3584x32x1x1
ffn_swiglu-8,kernel_swiglu,0.099700,16384x1x1,512x1x1,18944x32x1x1
ffn_out-8,kernel_mul_mv_q6_K_f32,79.539200,3584x2048x1,2x64x1,3584x32x1x1
l_out-8,kernel_add,0.025100,2048x1x1,64x1x1,3584x32x1x1
attn_norm-9,kernel_rms_norm_mul,0.014200,32768x1x1,1024x1x1,3584x32x1x1
Qcur-9,kernel_add_row,0.010700,28672x0x0,64x0x0,3584x32x1x1
Qcur-9,kernel_rope_neox_f32,0.009500,1792x32x1,64x1x1,128x28x32x1
Kcur-9,kernel_add_row,0.005500,4096x0x0,64x0x0,512x32x1x1
Kcur-9,kernel_rope_neox_f32,0.003200,256x32x1,64x1x1,128x4x32x1
Vcur-9,kernel_add_row,0.002900,4096x0x0,64x0x0,512x32x1x1
cache_k_l9 (view),kernel_set_rows_f16_i64,0.004000,16384x1x1,512x1x1,512x4096x1x1
cache_v_l9 (view),kernel_set_rows_f16_i64,0.003400,16384x1x1,512x1x1,512x4096x1x1
__fattn__-9,flash_attn_f32_f16,3.436500,32x28x0,32x1x0,128x28x32x1
ffn_inp-9,kernel_add,0.025500,2048x1x1,64x1x1,3584x32x1x1
ffn_norm-9,kernel_rms_norm_mul,0.013300,32768x1x1,1024x1x1,3584x32x1x1
l_out-9,kernel_add,0.025600,2048x1x1,64x1x1,3584x32x1x1
attn_norm-10,kernel_rms_norm_mul,0.014200,32768x1x1,1024x1x1,3584x32x1x1
Qcur-10,kernel_add_row,0.010800,28672x0x0,64x0x0,3584x32x1x1
Qcur-10,kernel_rope_neox_f32,0.009100,1792x32x1,64x1x1,128x28x32x1
Kcur-10,kernel_add_row,0.005100,4096x0x0,64x0x0,512x32x1x1
Kcur-10,kernel_rope_neox_f32,0.003100,256x32x1,64x1x1,128x4x32x1
Vcur-10,kernel_add_row,0.003000,4096x0x0,64x0x0,512x32x1x1
cache_k_l10 (view),kernel_set_rows_f16_i64,0.004000,16384x1x1,512x1x1,512x4096x1x1
cache_v_l10 (view),kernel_set_rows_f16_i64,0.003300,16384x1x1,512x1x1,512x4096x1x1
__fattn__-10,flash_attn_f32_f16,3.426300,32x28x0,32x1x0,128x28x32x1
ffn_inp-10,kernel_add,0.025500,2048x1x1,64x1x1,3584x32x1x1
ffn_norm-10,kernel_rms_norm_mul,0.013100,32768x1x1,1024x1x1,3584x32x1x1
l_out-10,kernel_add,0.024500,2048x1x1,64x1x1,3584x32x1x1
attn_norm-11,kernel_rms_norm_mul,0.013900,32768x1x1,1024x1x1,3584x32x1x1
Qcur-11,kernel_add_row,0.010300,28672x0x0,64x0x0,3584x32x1x1
Qcur-11,kernel_rope_neox_f32,0.008700,1792x32x1,64x1x1,128x28x32x1
Kcur-11,kernel_add_row,0.003100,4096x0x0,64x0x0,512x32x1x1
Kcur-11,kernel_rope_neox_f32,0.003300,256x32x1,64x1x1,128x4x32x1
node_386,kernel_mul_mv_q6_K_f32,1.891000,512x2048x1,2x64x1,512x32x1x1
Vcur-11,kernel_add_row,0.002700,4096x0x0,64x0x0,512x32x1x1
cache_k_l11 (view),kernel_set_rows_f16_i64,0.003600,16384x1x1,512x1x1,512x4096x1x1
cache_v_l11 (view),kernel_set_rows_f16_i64,0.003400,16384x1x1,512x1x1,512x4096x1x1
__fattn__-11,flash_attn_f32_f16,3.485400,32x28x0,32x1x0,128x28x32x1
ffn_inp-11,kernel_add,0.026400,2048x1x1,64x1x1,3584x32x1x1
ffn_norm-11,kernel_rms_norm_mul,0.013500,32768x1x1,1024x1x1,3584x32x1x1
ffn_swiglu-11,kernel_swiglu,0.103700,16384x1x1,512x1x1,18944x32x1x1
ffn_out-11,kernel_mul_mv_q6_K_f32,79.141197,3584x2048x1,2x64x1,3584x32x1x1
l_out-11,kernel_add,0.025300,2048x1x1,64x1x1,3584x32x1x1
attn_norm-12,kernel_rms_norm_mul,0.014500,32768x1x1,1024x1x1,3584x32x1x1
Qcur-12,kernel_add_row,0.011600,28672x0x0,64x0x0,3584x32x1x1
Qcur-12,kernel_rope_neox_f32,0.009300,1792x32x1,64x1x1,128x28x32x1
Kcur-12,kernel_add_row,0.005400,4096x0x0,64x0x0,512x32x1x1
Kcur-12,kernel_rope_neox_f32,0.003200,256x32x1,64x1x1,128x4x32x1
Vcur-12,kernel_add_row,0.005000,4096x0x0,64x0x0,512x32x1x1
cache_k_l12 (view),kernel_set_rows_f16_i64,0.003800,16384x1x1,512x1x1,512x4096x1x1
cache_v_l12 (view),kernel_set_rows_f16_i64,0.003300,16384x1x1,512x1x1,512x4096x1x1
__fattn__-12,flash_attn_f32_f16,3.449400,32x28x0,32x1x0,128x28x32x1
ffn_inp-12,kernel_add,0.026500,2048x1x1,64x1x1,3584x32x1x1
ffn_norm-12,kernel_rms_norm_mul,0.013400,32768x1x1,1024x1x1,3584x32x1x1
l_out-12,kernel_add,0.025200,2048x1x1,64x1x1,3584x32x1x1
attn_norm-13,kernel_rms_norm_mul,0.013800,32768x1x1,1024x1x1,3584x32x1x1
Qcur-13,kernel_add_row,0.011300,28672x0x0,64x0x0,3584x32x1x1
Qcur-13,kernel_rope_neox_f32,0.009100,1792x32x1,64x1x1,128x28x32x1
Kcur-13,kernel_add_row,0.005100,4096x0x0,64x0x0,512x32x1x1
Kcur-13,kernel_rope_neox_f32,0.003300,256x32x1,64x1x1,128x4x32x1
Vcur-13,kernel_add_row,0.003100,4096x0x0,64x0x0,512x32x1x1
cache_k_l13 (view),kernel_set_rows_f16_i64,0.003700,16384x1x1,512x1x1,512x4096x1x1
cache_v_l13 (view),kernel_set_rows_f16_i64,0.003300,16384x1x1,512x1x1,512x4096x1x1
__fattn__-13,flash_attn_f32_f16,3.403400,32x28x0,32x1x0,128x28x32x1
ffn_inp-13,kernel_add,0.025300,2048x1x1,64x1x1,3584x32x1x1
ffn_norm-13,kernel_rms_norm_mul,0.013200,32768x1x1,1024x1x1,3584x32x1x1
l_out-13,kernel_add,0.024400,2048x1x1,64x1x1,3584x32x1x1
attn_norm-14,kernel_rms_norm_mul,0.014300,32768x1x1,1024x1x1,3584x32x1x1
Qcur-14,kernel_add_row,0.010500,28672x0x0,64x0x0,3584x32x1x1
Qcur-14,kernel_rope_neox_f32,0.008900,1792x32x1,64x1x1,128x28x32x1
Kcur-14,kernel_add_row,0.003100,4096x0x0,64x0x0,512x32x1x1
Kcur-14,kernel_rope_neox_f32,0.003100,256x32x1,64x1x1,128x4x32x1
node_488,kernel_mul_mv_q6_K_f32,1.891900,512x2048x1,2x64x1,512x32x1x1
Vcur-14,kernel_add_row,0.003000,4096x0x0,64x0x0,512x32x1x1
cache_k_l14 (view),kernel_set_rows_f16_i64,0.003700,16384x1x1,512x1x1,512x4096x1x1
cache_v_l14 (view),kernel_set_rows_f16_i64,0.003300,16384x1x1,512x1x1,512x4096x1x1
__fattn__-14,flash_attn_f32_f16,3.402800,32x28x0,32x1x0,128x28x32x1
ffn_inp-14,kernel_add,0.027300,2048x1x1,64x1x1,3584x32x1x1
ffn_norm-14,kernel_rms_norm_mul,0.013600,32768x1x1,1024x1x1,3584x32x1x1
ffn_swiglu-14,kernel_swiglu,0.103500,16384x1x1,512x1x1,18944x32x1x1
ffn_out-14,kernel_mul_mv_q6_K_f32,79.207504,3584x2048x1,2x64x1,3584x32x1x1
l_out-14,kernel_add,0.025500,2048x1x1,64x1x1,3584x32x1x1
attn_norm-15,kernel_rms_norm_mul,0.014900,32768x1x1,1024x1x1,3584x32x1x1
Qcur-15,kernel_add_row,0.011500,28672x0x0,64x0x0,3584x32x1x1
Qcur-15,kernel_rope_neox_f32,0.009600,1792x32x1,64x1x1,128x28x32x1
Kcur-15,kernel_add_row,0.005200,4096x0x0,64x0x0,512x32x1x1
Kcur-15,kernel_rope_neox_f32,0.003200,256x32x1,64x1x1,128x4x32x1
Vcur-15,kernel_add_row,0.002900,4096x0x0,64x0x0,512x32x1x1
cache_k_l15 (view),kernel_set_rows_f16_i64,0.003700,16384x1x1,512x1x1,512x4096x1x1
cache_v_l15 (view),kernel_set_rows_f16_i64,0.003400,16384x1x1,512x1x1,512x4096x1x1
__fattn__-15,flash_attn_f32_f16,3.417500,32x28x0,32x1x0,128x28x32x1
ffn_inp-15,kernel_add,0.025700,2048x1x1,64x1x1,3584x32x1x1
ffn_norm-15,kernel_rms_norm_mul,0.013500,32768x1x1,1024x1x1,3584x32x1x1
l_out-15,kernel_add,0.026300,2048x1x1,64x1x1,3584x32x1x1
attn_norm-16,kernel_rms_norm_mul,0.014800,32768x1x1,1024x1x1,3584x32x1x1
Qcur-16,kernel_add_row,0.011100,28672x0x0,64x0x0,3584x32x1x1
Qcur-16,kernel_rope_neox_f32,0.009400,1792x32x1,64x1x1,128x28x32x1
Kcur-16,kernel_add_row,0.005500,4096x0x0,64x0x0,512x32x1x1
Kcur-16,kernel_rope_neox_f32,0.003200,256x32x1,64x1x1,128x4x32x1
Vcur-16,kernel_add_row,0.005000,4096x0x0,64x0x0,512x32x1x1
cache_k_l16 (view),kernel_set_rows_f16_i64,0.004000,16384x1x1,512x1x1,512x4096x1x1
cache_v_l16 (view),kernel_set_rows_f16_i64,0.003300,16384x1x1,512x1x1,512x4096x1x1
__fattn__-16,flash_attn_f32_f16,3.426900,32x28x0,32x1x0,128x28x32x1
ffn_inp-16,kernel_add,0.025200,2048x1x1,64x1x1,3584x32x1x1
ffn_norm-16,kernel_rms_norm_mul,0.013700,32768x1x1,1024x1x1,3584x32x1x1
l_out-16,kernel_add,0.024400,2048x1x1,64x1x1,3584x32x1x1
attn_norm-17,kernel_rms_norm_mul,0.013800,32768x1x1,1024x1x1,3584x32x1x1
Qcur-17,kernel_add_row,0.010200,28672x0x0,64x0x0,3584x32x1x1
Qcur-17,kernel_rope_neox_f32,0.008900,1792x32x1,64x1x1,128x28x32x1
Kcur-17,kernel_add_row,0.003100,4096x0x0,64x0x0,512x32x1x1
Kcur-17,kernel_rope_neox_f32,0.003200,256x32x1,64x1x1,128x4x32x1
node_590,kernel_mul_mv_q6_K_f32,1.890700,512x2048x1,2x64x1,512x32x1x1
Vcur-17,kernel_add_row,0.002900,4096x0x0,64x0x0,512x32x1x1
cache_k_l17 (view),kernel_set_rows_f16_i64,0.003700,16384x1x1,512x1x1,512x4096x1x1
cache_v_l17 (view),kernel_set_rows_f16_i64,0.003300,16384x1x1,512x1x1,512x4096x1x1
__fattn__-17,flash_attn_f32_f16,3.446800,32x28x0,32x1x0,128x28x32x1
ffn_inp-17,kernel_add,0.026100,2048x1x1,64x1x1,3584x32x1x1
ffn_norm-17,kernel_rms_norm_mul,0.013600,32768x1x1,1024x1x1,3584x32x1x1
ffn_swiglu-17,kernel_swiglu,0.100000,16384x1x1,512x1x1,18944x32x1x1
ffn_out-17,kernel_mul_mv_q6_K_f32,79.201202,3584x2048x1,2x64x1,3584x32x1x1
l_out-17,kernel_add,0.025400,2048x1x1,64x1x1,3584x32x1x1
attn_norm-18,kernel_rms_norm_mul,0.014100,32768x1x1,1024x1x1,3584x32x1x1
Qcur-18,kernel_add_row,0.011100,28672x0x0,64x0x0,3584x32x1x1
Qcur-18,kernel_rope_neox_f32,0.010200,1792x32x1,64x1x1,128x28x32x1
Kcur-18,kernel_add_row,0.005300,4096x0x0,64x0x0,512x32x1x1
Kcur-18,kernel_rope_neox_f32,0.003200,256x32x1,64x1x1,128x4x32x1
Vcur-18,kernel_add_row,0.005000,4096x0x0,64x0x0,512x32x1x1
cache_k_l18 (view),kernel_set_rows_f16_i64,0.003700,16384x1x1,512x1x1,512x4096x1x1
cache_v_l18 (view),kernel_set_rows_f16_i64,0.003400,16384x1x1,512x1x1,512x4096x1x1
__fattn__-18,flash_attn_f32_f16,3.416900,32x28x0,32x1x0,128x28x32x1
ffn_inp-18,kernel_add,0.025100,2048x1x1,64x1x1,3584x32x1x1
ffn_norm-18,kernel_rms_norm_mul,0.013900,32768x1x1,1024x1x1,3584x32x1x1
l_out-18,kernel_add,0.026500,2048x1x1,64x1x1,3584x32x1x1
attn_norm-19,kernel_rms_norm_mul,0.013900,32768x1x1,1024x1x1,3584x32x1x1
Qcur-19,kernel_add_row,0.011300,28672x0x0,64x0x0,3584x32x1x1
Qcur-19,kernel_rope_neox_f32,0.009100,1792x32x1,64x1x1,128x28x32x1
Kcur-19,kernel_add_row,0.005100,4096x0x0,64x0x0,512x32x1x1
Kcur-19,kernel_rope_neox_f32,0.003200,256x32x1,64x1x1,128x4x32x1
Vcur-19,kernel_add_row,0.005300,4096x0x0,64x0x0,512x32x1x1
cache_k_l19 (view),kernel_set_rows_f16_i64,0.003700,16384x1x1,512x1x1,512x4096x1x1
cache_v_l19 (view),kernel_set_rows_f16_i64,0.003400,16384x1x1,512x1x1,512x4096x1x1
__fattn__-19,flash_attn_f32_f16,3.492100,32x28x0,32x1x0,128x28x32x1
ffn_inp-19,kernel_add,0.026100,2048x1x1,64x1x1,3584x32x1x1
ffn_norm-19,kernel_rms_norm_mul,0.013600,32768x1x1,1024x1x1,3584x32x1x1
l_out-19,kernel_add,0.026500,2048x1x1,64x1x1,3584x32x1x1
attn_norm-20,kernel_rms_norm_mul,0.013700,32768x1x1,1024x1x1,3584x32x1x1
Qcur-20,kernel_add_row,0.010300,28672x0x0,64x0x0,3584x32x1x1
Qcur-20,kernel_rope_neox_f32,0.009100,1792x32x1,64x1x1,128x28x32x1
Kcur-20,kernel_add_row,0.003000,4096x0x0,64x0x0,512x32x1x1
Kcur-20,kernel_rope_neox_f32,0.003200,256x32x1,64x1x1,128x4x32x1
node_692,kernel_mul_mv_q6_K_f32,1.890300,512x2048x1,2x64x1,512x32x1x1
Vcur-20,kernel_add_row,0.002900,4096x0x0,64x0x0,512x32x1x1
cache_k_l20 (view),kernel_set_rows_f16_i64,0.003700,16384x1x1,512x1x1,512x4096x1x1
cache_v_l20 (view),kernel_set_rows_f16_i64,0.003300,16384x1x1,512x1x1,512x4096x1x1
__fattn__-20,flash_attn_f32_f16,3.466800,32x28x0,32x1x0,128x28x32x1
ffn_inp-20,kernel_add,0.027000,2048x1x1,64x1x1,3584x32x1x1
ffn_norm-20,kernel_rms_norm_mul,0.013600,32768x1x1,1024x1x1,3584x32x1x1
ffn_swiglu-20,kernel_swiglu,0.100800,16384x1x1,512x1x1,18944x32x1x1
ffn_out-20,kernel_mul_mv_q6_K_f32,79.224098,3584x2048x1,2x64x1,3584x32x1x1
l_out-20,kernel_add,0.025200,2048x1x1,64x1x1,3584x32x1x1
attn_norm-21,kernel_rms_norm_mul,0.014500,32768x1x1,1024x1x1,3584x32x1x1
Qcur-21,kernel_add_row,0.011300,28672x0x0,64x0x0,3584x32x1x1
Qcur-21,kernel_rope_neox_f32,0.010300,1792x32x1,64x1x1,128x28x32x1
Kcur-21,kernel_add_row,0.005300,4096x0x0,64x0x0,512x32x1x1
Kcur-21,kernel_rope_neox_f32,0.003300,256x32x1,64x1x1,128x4x32x1
Vcur-21,kernel_add_row,0.005000,4096x0x0,64x0x0,512x32x1x1
cache_k_l21 (view),kernel_set_rows_f16_i64,0.003700,16384x1x1,512x1x1,512x4096x1x1
cache_v_l21 (view),kernel_set_rows_f16_i64,0.003300,16384x1x1,512x1x1,512x4096x1x1
__fattn__-21,flash_attn_f32_f16,3.431500,32x28x0,32x1x0,128x28x32x1
ffn_inp-21,kernel_add,0.024700,2048x1x1,64x1x1,3584x32x1x1
ffn_norm-21,kernel_rms_norm_mul,0.013300,32768x1x1,1024x1x1,3584x32x1x1
l_out-21,kernel_add,0.025200,2048x1x1,64x1x1,3584x32x1x1
attn_norm-22,kernel_rms_norm_mul,0.013800,32768x1x1,1024x1x1,3584x32x1x1
Qcur-22,kernel_add_row,0.011300,28672x0x0,64x0x0,3584x32x1x1
Qcur-22,kernel_rope_neox_f32,0.009100,1792x32x1,64x1x1,128x28x32x1
Kcur-22,kernel_add_row,0.005200,4096x0x0,64x0x0,512x32x1x1
Kcur-22,kernel_rope_neox_f32,0.003300,256x32x1,64x1x1,128x4x32x1
Vcur-22,kernel_add_row,0.003100,4096x0x0,64x0x0,512x32x1x1
cache_k_l22 (view),kernel_set_rows_f16_i64,0.003700,16384x1x1,512x1x1,512x4096x1x1
cache_v_l22 (view),kernel_set_rows_f16_i64,0.003300,16384x1x1,512x1x1,512x4096x1x1
__fattn__-22,flash_attn_f32_f16,3.410800,32x28x0,32x1x0,128x28x32x1
ffn_inp-22,kernel_add,0.024800,2048x1x1,64x1x1,3584x32x1x1
ffn_norm-22,kernel_rms_norm_mul,0.013500,32768x1x1,1024x1x1,3584x32x1x1
l_out-22,kernel_add,0.024700,2048x1x1,64x1x1,3584x32x1x1
attn_norm-23,kernel_rms_norm_mul,0.013400,32768x1x1,1024x1x1,3584x32x1x1
Qcur-23,kernel_add_row,0.010400,28672x0x0,64x0x0,3584x32x1x1
Qcur-23,kernel_rope_neox_f32,0.008800,1792x32x1,64x1x1,128x28x32x1
Kcur-23,kernel_add_row,0.003100,4096x0x0,64x0x0,512x32x1x1
Kcur-23,kernel_rope_neox_f32,0.003200,256x32x1,64x1x1,128x4x32x1
node_794,kernel_mul_mv_q6_K_f32,1.891300,512x2048x1,2x64x1,512x32x1x1
Vcur-23,kernel_add_row,0.002900,4096x0x0,64x0x0,512x32x1x1
cache_k_l23 (view),kernel_set_rows_f16_i64,0.003700,16384x1x1,512x1x1,512x4096x1x1
cache_v_l23 (view),kernel_set_rows_f16_i64,0.003300,16384x1x1,512x1x1,512x4096x1x1
__fattn__-23,flash_attn_f32_f16,3.421200,32x28x0,32x1x0,128x28x32x1
ffn_inp-23,kernel_add,0.027200,2048x1x1,64x1x1,3584x32x1x1
ffn_norm-23,kernel_rms_norm_mul,0.013800,32768x1x1,1024x1x1,3584x32x1x1
ffn_swiglu-23,kernel_swiglu,0.101100,16384x1x1,512x1x1,18944x32x1x1
ffn_out-23,kernel_mul_mv_q6_K_f32,79.044098,3584x2048x1,2x64x1,3584x32x1x1
l_out-23,kernel_add,0.025200,2048x1x1,64x1x1,3584x32x1x1
attn_norm-24,kernel_rms_norm_mul,0.014700,32768x1x1,1024x1x1,3584x32x1x1
Qcur-24,kernel_add_row,0.012300,28672x0x0,64x0x0,3584x32x1x1
Qcur-24,kernel_rope_neox_f32,0.009200,1792x32x1,64x1x1,128x28x32x1
Kcur-24,kernel_add_row,0.005100,4096x0x0,64x0x0,512x32x1x1
Kcur-24,kernel_rope_neox_f32,0.003300,256x32x1,64x1x1,128x4x32x1
node_828,kernel_mul_mv_q6_K_f32,1.892400,512x2048x1,2x64x1,512x32x1x1
Vcur-24,kernel_add_row,0.003000,4096x0x0,64x0x0,512x32x1x1
cache_k_l24 (view),kernel_set_rows_f16_i64,0.003700,16384x1x1,512x1x1,512x4096x1x1
cache_v_l24 (view),kernel_set_rows_f16_i64,0.003400,16384x1x1,512x1x1,512x4096x1x1
__fattn__-24,flash_attn_f32_f16,3.452100,32x28x0,32x1x0,128x28x32x1
ffn_inp-24,kernel_add,0.027400,2048x1x1,64x1x1,3584x32x1x1
ffn_norm-24,kernel_rms_norm_mul,0.013100,32768x1x1,1024x1x1,3584x32x1x1
ffn_swiglu-24,kernel_swiglu,0.102000,16384x1x1,512x1x1,18944x32x1x1
ffn_out-24,kernel_mul_mv_q6_K_f32,79.126495,3584x2048x1,2x64x1,3584x32x1x1
l_out-24,kernel_add,0.025100,2048x1x1,64x1x1,3584x32x1x1
attn_norm-25,kernel_rms_norm_mul,0.014700,32768x1x1,1024x1x1,3584x32x1x1
Qcur-25,kernel_add_row,0.011200,28672x0x0,64x0x0,3584x32x1x1
Qcur-25,kernel_rope_neox_f32,0.008900,1792x32x1,64x1x1,128x28x32x1
Kcur-25,kernel_add_row,0.005200,4096x0x0,64x0x0,512x32x1x1
Kcur-25,kernel_rope_neox_f32,0.003300,256x32x1,64x1x1,128x4x32x1
node_862,kernel_mul_mv_q6_K_f32,1.892000,512x2048x1,2x64x1,512x32x1x1
Vcur-25,kernel_add_row,0.003000,4096x0x0,64x0x0,512x32x1x1
cache_k_l25 (view),kernel_set_rows_f16_i64,0.003800,16384x1x1,512x1x1,512x4096x1x1
cache_v_l25 (view),kernel_set_rows_f16_i64,0.003400,16384x1x1,512x1x1,512x4096x1x1
__fattn__-25,flash_attn_f32_f16,3.442300,32x28x0,32x1x0,128x28x32x1
ffn_inp-25,kernel_add,0.027600,2048x1x1,64x1x1,3584x32x1x1
ffn_norm-25,kernel_rms_norm_mul,0.013300,32768x1x1,1024x1x1,3584x32x1x1
ffn_swiglu-25,kernel_swiglu,0.100500,16384x1x1,512x1x1,18944x32x1x1
ffn_out-25,kernel_mul_mv_q6_K_f32,79.104095,3584x2048x1,2x64x1,3584x32x1x1
l_out-25,kernel_add,0.025200,2048x1x1,64x1x1,3584x32x1x1
attn_norm-26,kernel_rms_norm_mul,0.014100,32768x1x1,1024x1x1,3584x32x1x1
Qcur-26,kernel_add_row,0.011100,28672x0x0,64x0x0,3584x32x1x1
Qcur-26,kernel_rope_neox_f32,0.008700,1792x32x1,64x1x1,128x28x32x1
Kcur-26,kernel_add_row,0.005200,4096x0x0,64x0x0,512x32x1x1
Kcur-26,kernel_rope_neox_f32,0.003300,256x32x1,64x1x1,128x4x32x1
node_896,kernel_mul_mv_q6_K_f32,1.892600,512x2048x1,2x64x1,512x32x1x1
Vcur-26,kernel_add_row,0.003000,4096x0x0,64x0x0,512x32x1x1
cache_k_l26 (view),kernel_set_rows_f16_i64,0.003800,16384x1x1,512x1x1,512x4096x1x1
cache_v_l26 (view),kernel_set_rows_f16_i64,0.003300,16384x1x1,512x1x1,512x4096x1x1
__fattn__-26,flash_attn_f32_f16,3.435100,32x28x0,32x1x0,128x28x32x1
ffn_inp-26,kernel_add,0.026900,2048x1x1,64x1x1,3584x32x1x1
ffn_norm-26,kernel_rms_norm_mul,0.013600,32768x1x1,1024x1x1,3584x32x1x1
ffn_swiglu-26,kernel_swiglu,0.100600,16384x1x1,512x1x1,18944x32x1x1
ffn_out-26,kernel_mul_mv_q6_K_f32,79.150497,3584x2048x1,2x64x1,3584x32x1x1
l_out-26,kernel_add,0.025900,2048x1x1,64x1x1,3584x32x1x1
attn_norm-27,kernel_rms_norm_mul,0.014100,32768x1x1,1024x1x1,3584x32x1x1
Qcur-27,kernel_add_row,0.011600,28672x0x0,64x0x0,3584x32x1x1
Qcur-27,kernel_rope_neox_f32,0.008800,1792x32x1,64x1x1,128x28x32x1
Kcur-27,kernel_add_row,0.005400,4096x0x0,64x0x0,512x32x1x1
Kcur-27,kernel_rope_neox_f32,0.003100,256x32x1,64x1x1,128x4x32x1
node_930,kernel_mul_mv_q6_K_f32,1.889900,512x2048x1,2x64x1,512x32x1x1
Vcur-27,kernel_add_row,0.002900,4096x0x0,64x0x0,512x32x1x1
cache_k_l27 (view),kernel_set_rows_f16_i64,0.003800,16384x1x1,512x1x1,512x4096x1x1
cache_v_l27 (view),kernel_set_rows_f16_i64,0.003400,16384x1x1,512x1x1,512x4096x1x1
__fattn__-27,flash_attn_f32_f16,3.467100,32x28x0,32x1x0,128x28x32x1
attn_norm-0,kernel_rms_norm_mul,0.017400,32768x1x1,1024x1x1,3584x32x1x1
Qcur-0,kernel_add_row,0.011600,28672x0x0,64x0x0,3584x32x1x1
Qcur-0,kernel_rope_neox_f32,0.008900,1792x32x1,64x1x1,128x28x32x1
Kcur-0,kernel_add_row,0.003000,4096x0x0,64x0x0,512x32x1x1
Kcur-0,kernel_rope_neox_f32,0.003100,256x32x1,64x1x1,128x4x32x1
node_11,kernel_mul_mv_q6_K_f32,1.894600,512x2048x1,2x64x1,512x32x1x1
Vcur-0,kernel_add_row,0.002900,4096x0x0,64x0x0,512x32x1x1
cache_k_l0 (view),kernel_set_rows_f16_i64,0.003700,16384x1x1,512x1x1,512x4096x1x1
cache_v_l0 (view),kernel_set_rows_f16_i64,0.003400,16384x1x1,512x1x1,512x4096x1x1
 (copy),kernel_cpy_f32_f16,0.006300,4096x1x1,64x1x1,768x64x1x1
__fattn__-0,flash_attn_f32_f16,5.220700,32x28x0,32x1x0,128x28x32x1
ffn_inp-0,kernel_add,0.027500,2048x1x1,64x1x1,3584x32x1x1
ffn_norm-0,kernel_rms_norm_mul,0.013300,32768x1x1,1024x1x1,3584x32x1x1
ffn_swiglu-0,kernel_swiglu,0.103000,16384x1x1,512x1x1,18944x32x1x1
ffn_out-0,kernel_mul_mv_q6_K_f32,81.009003,3584x2048x1,2x64x1,3584x32x1x1
l_out-0,kernel_add,0.025400,2048x1x1,64x1x1,3584x32x1x1
attn_norm-1,kernel_rms_norm_mul,0.014600,32768x1x1,1024x1x1,3584x32x1x1
Qcur-1,kernel_add_row,0.011900,28672x0x0,64x0x0,3584x32x1x1
Qcur-1,kernel_rope_neox_f32,0.008900,1792x32x1,64x1x1,128x28x32x1
Kcur-1,kernel_add_row,0.005400,4096x0x0,64x0x0,512x32x1x1
Kcur-1,kernel_rope_neox_f32,0.003200,256x32x1,64x1x1,128x4x32x1
node_46,kernel_mul_mv_q6_K_f32,1.895300,512x2048x1,2x64x1,512x32x1x1
Vcur-1,kernel_add_row,0.002800,4096x0x0,64x0x0,512x32x1x1
cache_k_l1 (view),kernel_set_rows_f16_i64,0.003600,16384x1x1,512x1x1,512x4096x1x1
cache_v_l1 (view),kernel_set_rows_f16_i64,0.003500,16384x1x1,512x1x1,512x4096x1x1
__fattn__-1,flash_attn_f32_f16,5.187800,32x28x0,32x1x0,128x28x32x1
ffn_inp-1,kernel_add,0.027600,2048x1x1,64x1x1,3584x32x1x1
ffn_norm-1,kernel_rms_norm_mul,0.013100,32768x1x1,1024x1x1,3584x32x1x1
ffn_swiglu-1,kernel_swiglu,0.106600,16384x1x1,512x1x1,18944x32x1x1
ffn_out-1,kernel_mul_mv_q6_K_f32,81.317696,3584x2048x1,2x64x1,3584x32x1x1
l_out-1,kernel_add,0.025000,2048x1x1,64x1x1,3584x32x1x1
attn_norm-2,kernel_rms_norm_mul,0.014700,32768x1x1,1024x1x1,3584x32x1x1
Qcur-2,kernel_add_row,0.011500,28672x0x0,64x0x0,3584x32x1x1
Qcur-2,kernel_rope_neox_f32,0.009000,1792x32x1,64x1x1,128x28x32x1
Kcur-2,kernel_add_row,0.005500,4096x0x0,64x0x0,512x32x1x1
Kcur-2,kernel_rope_neox_f32,0.003200,256x32x1,64x1x1,128x4x32x1
node_80,kernel_mul_mv_q6_K_f32,1.895200,512x2048x1,2x64x1,512x32x1x1
Vcur-2,kernel_add_row,0.002900,4096x0x0,64x0x0,512x32x1x1
cache_k_l2 (view),kernel_set_rows_f16_i64,0.003900,16384x1x1,512x1x1,512x4096x1x1
cache_v_l2 (view),kernel_set_rows_f16_i64,0.003400,16384x1x1,512x1x1,512x4096x1x1
__fattn__-2,flash_attn_f32_f16,5.233900,32x28x0,32x1x0,128x28x32x1
ffn_inp-2,kernel_add,0.026900,2048x1x1,64x1x1,3584x32x1x1
ffn_norm-2,kernel_rms_norm_mul,0.013900,32768x1x1,1024x1x1,3584x32x1x1
ffn_swiglu-2,kernel_swiglu,0.100900,16384x1x1,512x1x1,18944x32x1x1
ffn_out-2,kernel_mul_mv_q6_K_f32,79.330200,3584x2048x1,2x64x1,3584x32x1x1
l_out-2,kernel_add,0.025100,2048x1x1,64x1x1,3584x32x1x1
attn_norm-3,kernel_rms_norm_mul,0.014700,32768x1x1,1024x1x1,3584x32x1x1
Qcur-3,kernel_add_row,0.011000,28672x0x0,64x0x0,3584x32x1x1
Qcur-3,kernel_rope_neox_f32,0.009800,1792x32x1,64x1x1,128x28x32x1
Kcur-3,kernel_add_row,0.005600,4096x0x0,64x0x0,512x32x1x1
Kcur-3,kernel_rope_neox_f32,0.003300,256x32x1,64x1x1,128x4x32x1
Vcur-3,kernel_add_row,0.003000,4096x0x0,64x0x0,512x32x1x1
cache_k_l3 (view),kernel_set_rows_f16_i64,0.003900,16384x1x1,512x1x1,512x4096x1x1
cache_v_l3 (view),kernel_set_rows_f16_i64,0.003300,16384x1x1,512x1x1,512x4096x1x1
__fattn__-3,flash_attn_f32_f16,5.194000,32x28x0,32x1x0,128x28x32x1
ffn_inp-3,kernel_add,0.026100,2048x1x1,64x1x1,3584x32x1x1
ffn_norm-3,kernel_rms_norm_mul,0.013200,32768x1x1,1024x1x1,3584x32x1x1
l_out-3,kernel_add,0.024900,2048x1x1,64x1x1,3584x32x1x1
attn_norm-4,kernel_rms_norm_mul,0.014100,32768x1x1,1024x1x1,3584x32x1x1
Qcur-4,kernel_add_row,0.010800,28672x0x0,64x0x0,3584x32x1x1
Qcur-4,kernel_rope_neox_f32,0.009200,1792x32x1,64x1x1,128x28x32x1
Kcur-4,kernel_add_row,0.005200,4096x0x0,64x0x0,512x32x1x1
Kcur-4,kernel_rope_neox_f32,0.003200,256x32x1,64x1x1,128x4x32x1
Vcur-4,kernel_add_row,0.003000,4096x0x0,64x0x0,512x32x1x1
cache_k_l4 (view),kernel_set_rows_f16_i64,0.003700,16384x1x1,512x1x1,512x4096x1x1
cache_v_l4 (view),kernel_set_rows_f16_i64,0.003400,16384x1x1,512x1x1,512x4096x1x1
__fattn__-4,flash_attn_f32_f16,5.190400,32x28x0,32x1x0,128x28x32x1
ffn_inp-4,kernel_add,0.026200,2048x1x1,64x1x1,3584x32x1x1
ffn_norm-4,kernel_rms_norm_mul,0.013100,32768x1x1,1024x1x1,3584x32x1x1
l_out-4,kernel_add,0.025400,2048x1x1,64x1x1,3584x32x1x1
attn_norm-5,kernel_rms_norm_mul,0.013500,32768x1x1,1024x1x1,3584x32x1x1
Qcur-5,kernel_add_row,0.010300,28672x0x0,64x0x0,3584x32x1x1
Qcur-5,kernel_rope_neox_f32,0.008700,1792x32x1,64x1x1,128x28x32x1
Kcur-5,kernel_add_row,0.003100,4096x0x0,64x0x0,512x32x1x1
Kcur-5,kernel_rope_neox_f32,0.003400,256x32x1,64x1x1,128x4x32x1
node_182,kernel_mul_mv_q6_K_f32,1.894600,512x2048x1,2x64x1,512x32x1x1
Vcur-5,kernel_add_row,0.002900,4096x0x0,64x0x0,512x32x1x1
cache_k_l5 (view),kernel_set_rows_f16_i64,0.003700,16384x1x1,512x1x1,512x4096x1x1
cache_v_l5 (view),kernel_set_rows_f16_i64,0.003200,16384x1x1,512x1x1,512x4096x1x1
__fattn__-5,flash_attn_f32_f16,5.237100,32x28x0,32x1x0,128x28x32x1
ffn_inp-5,kernel_add,0.026900,2048x1x1,64x1x1,3584x32x1x1
ffn_norm-5,kernel_rms_norm_mul,0.013200,32768x1x1,1024x1x1,3584x32x1x1
ffn_swiglu-5,kernel_swiglu,0.102600,16384x1x1,512x1x1,18944x32x1x1
ffn_out-5,kernel_mul_mv_q6_K_f32,79.257904,3584x2048x1,2x64x1,3584x32x1x1
l_out-5,kernel_add,0.025700,2048x1x1,64x1x1,3584x32x1x1
attn_norm-6,kernel_rms_norm_mul,0.014300,32768x1x1,1024x1x1,3584x32x1x1
Qcur-6,kernel_add_row,0.011300,28672x0x0,64x0x0,3584x32x1x1
Qcur-6,kernel_rope_neox_f32,0.009800,1792x32x1,64x1x1,128x28x32x1
Kcur-6,kernel_add_row,0.005200,4096x0x0,64x0x0,512x32x1x1
Kcur-6,kernel_rope_neox_f32,0.003300,256x32x1,64x1x1,128x4x32x1
Vcur-6,kernel_add_row,0.003100,4096x0x0,64x0x0,512x32x1x1
cache_k_l6 (view),kernel_set_rows_f16_i64,0.003700,16384x1x1,512x1x1,512x4096x1x1
cache_v_l6 (view),kernel_set_rows_f16_i64,0.003400,16384x1x1,512x1x1,512x4096x1x1
__fattn__-6,flash_attn_f32_f16,5.161500,32x28x0,32x1x0,128x28x32x1
ffn_inp-6,kernel_add,0.025300,2048x1x1,64x1x1,3584x32x1x1
ffn_norm-6,kernel_rms_norm_mul,0.013300,32768x1x1,1024x1x1,3584x32x1x1
l_out-6,kernel_add,0.026700,2048x1x1,64x1x1,3584x32x1x1
attn_norm-7,kernel_rms_norm_mul,0.014700,32768x1x1,1024x1x1,3584x32x1x1
Qcur-7,kernel_add_row,0.011500,28672x0x0,64x0x0,3584x32x1x1
Qcur-7,kernel_rope_neox_f32,0.009100,1792x32x1,64x1x1,128x28x32x1
Kcur-7,kernel_add_row,0.005300,4096x0x0,64x0x0,512x32x1x1
Kcur-7,kernel_rope_neox_f32,0.003200,256x32x1,64x1x1,128x4x32x1
Vcur-7,kernel_add_row,0.003000,4096x0x0,64x0x0,512x32x1x1
cache_k_l7 (view),kernel_set_rows_f16_i64,0.004000,16384x1x1,512x1x1,512x4096x1x1
cache_v_l7 (view),kernel_set_rows_f16_i64,0.003300,16384x1x1,512x1x1,512x4096x1x1
__fattn__-7,flash_attn_f32_f16,5.210900,32x28x0,32x1x0,128x28x32x1
ffn_inp-7,kernel_add,0.026200,2048x1x1,64x1x1,3584x32x1x1
ffn_norm-7,kernel_rms_norm_mul,0.013400,32768x1x1,1024x1x1,3584x32x1x1
l_out-7,kernel_add,0.025400,2048x1x1,64x1x1,3584x32x1x1
attn_norm-8,kernel_rms_norm_mul,0.014400,32768x1x1,1024x1x1,3584x32x1x1
Qcur-8,kernel_add_row,0.010200,28672x0x0,64x0x0,3584x32x1x1
Qcur-8,kernel_rope_neox_f32,0.008800,1792x32x1,64x1x1,128x28x32x1
Kcur-8,kernel_add_row,0.003100,4096x0x0,64x0x0,512x32x1x1
Kcur-8,kernel_rope_neox_f32,0.003300,256x32x1,64x1x1,128x4x32x1
node_284,kernel_mul_mv_q6_K_f32,1.892500,512x2048x1,2x64x1,512x32x1x1
Vcur-8,kernel_add_row,0.003000,4096x0x0,64x0x0,512x32x1x1
cache_k_l8 (view),kernel_set_rows_f16_i64,0.003700,16384x1x1,512x1x1,512x4096x1x1
cache_v_l8 (view),kernel_set_rows_f16_i64,0.003300,16384x1x1,512x1x1,512x4096x1x1
__fattn__-8,flash_attn_f32_f16,5.189200,32x28x0,32x1x0,128x28x32x1
ffn_inp-8,kernel_add,0.026700,2048x1x1,64x1x1,3584x32x1x1
ffn_norm-8,kernel_rms_norm_mul,0.013600,32768x1x1,1024x1x1,3584x32x1x1
ffn_swiglu-8,kernel_swiglu,0.100600,16384x1x1,512x1x1,18944x32x1x1
ffn_out-8,kernel_mul_mv_q6_K_f32,79.270493,3584x2048x1,2x64x1,3584x32x1x1
l_out-8,kernel_add,0.025600,2048x1x1,64x1x1,3584x32x1x1
attn_norm-9,kernel_rms_norm_mul,0.014700,32768x1x1,1024x1x1,3584x32x1x1
Qcur-9,kernel_add_row,0.011300,28672x0x0,64x0x0,3584x32x1x1
Qcur-9,kernel_rope_neox_f32,0.010100,1792x32x1,64x1x1,128x28x32x1
Kcur-9,kernel_add_row,0.005200,4096x0x0,64x0x0,512x32x1x1
Kcur-9,kernel_rope_neox_f32,0.003200,256x32x1,64x1x1,128x4x32x1
Vcur-9,kernel_add_row,0.005100,4096x0x0,64x0x0,512x32x1x1
cache_k_l9 (view),kernel_set_rows_f16_i64,0.003700,16384x1x1,512x1x1,512x4096x1x1
cache_v_l9 (view),kernel_set_rows_f16_i64,0.003300,16384x1x1,512x1x1,512x4096x1x1
__fattn__-9,flash_attn_f32_f16,5.214400,32x28x0,32x1x0,128x28x32x1
ffn_inp-9,kernel_add,0.026700,2048x1x1,64x1x1,3584x32x1x1
ffn_norm-9,kernel_rms_norm_mul,0.013300,32768x1x1,1024x1x1,3584x32x1x1
l_out-9,kernel_add,0.024700,2048x1x1,64x1x1,3584x32x1x1
attn_norm-10,kernel_rms_norm_mul,0.014000,32768x1x1,1024x1x1,3584x32x1x1
Qcur-10,kernel_add_row,0.010700,28672x0x0,64x0x0,3584x32x1x1
Qcur-10,kernel_rope_neox_f32,0.009200,1792x32x1,64x1x1,128x28x32x1
Kcur-10,kernel_add_row,0.005100,4096x0x0,64x0x0,512x32x1x1
Kcur-10,kernel_rope_neox_f32,0.003300,256x32x1,64x1x1,128x4x32x1
Vcur-10,kernel_add_row,0.003000,4096x0x0,64x0x0,512x32x1x1
cache_k_l10 (view),kernel_set_rows_f16_i64,0.003700,16384x1x1,512x1x1,512x4096x1x1
cache_v_l10 (view),kernel_set_rows_f16_i64,0.003400,16384x1x1,512x1x1,512x4096x1x1
__fattn__-10,flash_attn_f32_f16,5.214400,32x28x0,32x1x0,128x28x32x1
ffn_inp-10,kernel_add,0.026600,2048x1x1,64x1x1,3584x32x1x1
ffn_norm-10,kernel_rms_norm_mul,0.013300,32768x1x1,1024x1x1,3584x32x1x1
l_out-10,kernel_add,0.025000,2048x1x1,64x1x1,3584x32x1x1
attn_norm-11,kernel_rms_norm_mul,0.014300,32768x1x1,1024x1x1,3584x32x1x1
Qcur-11,kernel_add_row,0.010200,28672x0x0,64x0x0,3584x32x1x1
Qcur-11,kernel_rope_neox_f32,0.008800,1792x32x1,64x1x1,128x28x32x1
Kcur-11,kernel_add_row,0.003100,4096x0x0,64x0x0,512x32x1x1
Kcur-11,kernel_rope_neox_f32,0.003100,256x32x1,64x1x1,128x4x32x1
node_386,kernel_mul_mv_q6_K_f32,1.890500,512x2048x1,2x64x1,512x32x1x1
Vcur-11,kernel_add_row,0.003000,4096x0x0,64x0x0,512x32x1x1
cache_k_l11 (view),kernel_set_rows_f16_i64,0.003600,16384x1x1,512x1x1,512x4096x1x1
cache_v_l11 (view),kernel_set_rows_f16_i64,0.003500,16384x1x1,512x1x1,512x4096x1x1
__fattn__-11,flash_attn_f32_f16,5.216500,32x28x0,32x1x0,128x28x32x1
ffn_inp-11,kernel_add,0.026500,2048x1x1,64x1x1,3584x32x1x1
ffn_norm-11,kernel_rms_norm_mul,0.013400,32768x1x1,1024x1x1,3584x32x1x1
ffn_swiglu-11,kernel_swiglu,0.101400,16384x1x1,512x1x1,18944x32x1x1
ffn_out-11,kernel_mul_mv_q6_K_f32,79.473000,3584x2048x1,2x64x1,3584x32x1x1
l_out-11,kernel_add,0.024800,2048x1x1,64x1x1,3584x32x1x1
attn_norm-12,kernel_rms_norm_mul,0.014600,32768x1x1,1024x1x1,3584x32x1x1
Qcur-12,kernel_add_row,0.011100,28672x0x0,64x0x0,3584x32x1x1
Qcur-12,kernel_rope_neox_f32,0.009800,1792x32x1,64x1x1,128x28x32x1
Kcur-12,kernel_add_row,0.005200,4096x0x0,64x0x0,512x32x1x1
Kcur-12,kernel_rope_neox_f32,0.003200,256x32x1,64x1x1,128x4x32x1
Vcur-12,kernel_add_row,0.003000,4096x0x0,64x0x0,512x32x1x1
cache_k_l12 (view),kernel_set_rows_f16_i64,0.003900,16384x1x1,512x1x1,512x4096x1x1
cache_v_l12 (view),kernel_set_rows_f16_i64,0.003400,16384x1x1,512x1x1,512x4096x1x1
__fattn__-12,flash_attn_f32_f16,5.194700,32x28x0,32x1x0,128x28x32x1
ffn_inp-12,kernel_add,0.026700,2048x1x1,64x1x1,3584x32x1x1
ffn_norm-12,kernel_rms_norm_mul,0.013200,32768x1x1,1024x1x1,3584x32x1x1
l_out-12,kernel_add,0.025200,2048x1x1,64x1x1,3584x32x1x1
attn_norm-13,kernel_rms_norm_mul,0.014500,32768x1x1,1024x1x1,3584x32x1x1
Qcur-13,kernel_add_row,0.011100,28672x0x0,64x0x0,3584x32x1x1
Qcur-13,kernel_rope_neox_f32,0.009100,1792x32x1,64x1x1,128x28x32x1
Kcur-13,kernel_add_row,0.005000,4096x0x0,64x0x0,512x32x1x1
Kcur-13,kernel_rope_neox_f32,0.003200,256x32x1,64x1x1,128x4x32x1
Vcur-13,kernel_add_row,0.003000,4096x0x0,64x0x0,512x32x1x1
cache_k_l13 (view),kernel_set_rows_f16_i64,0.003800,16384x1x1,512x1x1,512x4096x1x1
cache_v_l13 (view),kernel_set_rows_f16_i64,0.003300,16384x1x1,512x1x1,512x4096x1x1
__fattn__-13,flash_attn_f32_f16,5.167700,32x28x0,32x1x0,128x28x32x1
ffn_inp-13,kernel_add,0.026600,2048x1x1,64x1x1,3584x32x1x1
ffn_norm-13,kernel_rms_norm_mul,0.013900,32768x1x1,1024x1x1,3584x32x1x1
l_out-13,kernel_add,0.024300,2048x1x1,64x1x1,3584x32x1x1
attn_norm-14,kernel_rms_norm_mul,0.014100,32768x1x1,1024x1x1,3584x32x1x1
Qcur-14,kernel_add_row,0.010300,28672x0x0,64x0x0,3584x32x1x1
Qcur-14,kernel_rope_neox_f32,0.008900,1792x32x1,64x1x1,128x28x32x1
Kcur-14,kernel_add_row,0.003100,4096x0x0,64x0x0,512x32x1x1
Kcur-14,kernel_rope_neox_f32,0.003200,256x32x1,64x1x1,128x4x32x1
node_488,kernel_mul_mv_q6_K_f32,1.891900,512x2048x1,2x64x1,512x32x1x1
Vcur-14,kernel_add_row,0.002900,4096x0x0,64x0x0,512x32x1x1
cache_k_l14 (view),kernel_set_rows_f16_i64,0.003600,16384x1x1,512x1x1,512x4096x1x1
cache_v_l14 (view),kernel_set_rows_f16_i64,0.003300,16384x1x1,512x1x1,512x4096x1x1
__fattn__-14,flash_attn_f32_f16,5.185000,32x28x0,32x1x0,128x28x32x1
ffn_inp-14,kernel_add,0.026800,2048x1x1,64x1x1,3584x32x1x1
ffn_norm-14,kernel_rms_norm_mul,0.013300,32768x1x1,1024x1x1,3584x32x1x1
ffn_swiglu-14,kernel_swiglu,0.101700,16384x1x1,512x1x1,18944x32x1x1
ffn_out-14,kernel_mul_mv_q6_K_f32,79.197601,3584x2048x1,2x64x1,3584x32x1x1
l_out-14,kernel_add,0.025200,2048x1x1,64x1x1,3584x32x1x1
attn_norm-15,kernel_rms_norm_mul,0.014800,32768x1x1,1024x1x1,3584x32x1x1
Qcur-15,kernel_add_row,0.011100,28672x0x0,64x0x0,3584x32x1x1
Qcur-15,kernel_rope_neox_f32,0.010500,1792x32x1,64x1x1,128x28x32x1
Kcur-15,kernel_add_row,0.005200,4096x0x0,64x0x0,512x32x1x1
Kcur-15,kernel_rope_neox_f32,0.003300,256x32x1,64x1x1,128x4x32x1
Vcur-15,kernel_add_row,0.003100,4096x0x0,64x0x0,512x32x1x1
cache_k_l15 (view),kernel_set_rows_f16_i64,0.003800,16384x1x1,512x1x1,512x4096x1x1
cache_v_l15 (view),kernel_set_rows_f16_i64,0.003300,16384x1x1,512x1x1,512x4096x1x1
__fattn__-15,flash_attn_f32_f16,5.222000,32x28x0,32x1x0,128x28x32x1
ffn_inp-15,kernel_add,0.025700,2048x1x1,64x1x1,3584x32x1x1
ffn_norm-15,kernel_rms_norm_mul,0.013100,32768x1x1,1024x1x1,3584x32x1x1
l_out-15,kernel_add,0.026000,2048x1x1,64x1x1,3584x32x1x1
attn_norm-16,kernel_rms_norm_mul,0.014400,32768x1x1,1024x1x1,3584x32x1x1
Qcur-16,kernel_add_row,0.011100,28672x0x0,64x0x0,3584x32x1x1
Qcur-16,kernel_rope_neox_f32,0.009000,1792x32x1,64x1x1,128x28x32x1
Kcur-16,kernel_add_row,0.005200,4096x0x0,64x0x0,512x32x1x1
Kcur-16,kernel_rope_neox_f32,0.003100,256x32x1,64x1x1,128x4x32x1
Vcur-16,kernel_add_row,0.002900,4096x0x0,64x0x0,512x32x1x1
cache_k_l16 (view),kernel_set_rows_f16_i64,0.003600,16384x1x1,512x1x1,512x4096x1x1
cache_v_l16 (view),kernel_set_rows_f16_i64,0.003400,16384x1x1,512x1x1,512x4096x1x1
__fattn__-16,flash_attn_f32_f16,5.251700,32x28x0,32x1x0,128x28x32x1
ffn_inp-16,kernel_add,0.025900,2048x1x1,64x1x1,3584x32x1x1
ffn_norm-16,kernel_rms_norm_mul,0.013300,32768x1x1,1024x1x1,3584x32x1x1
l_out-16,kernel_add,0.025300,2048x1x1,64x1x1,3584x32x1x1
attn_norm-17,kernel_rms_norm_mul,0.013700,32768x1x1,1024x1x1,3584x32x1x1
Qcur-17,kernel_add_row,0.010300,28672x0x0,64x0x0,3584x32x1x1
Qcur-17,kernel_rope_neox_f32,0.008800,1792x32x1,64x1x1,128x28x32x1
Kcur-17,kernel_add_row,0.003000,4096x0x0,64x0x0,512x32x1x1
Kcur-17,kernel_rope_neox_f32,0.003200,256x32x1,64x1x1,128x4x32x1
node_590,kernel_mul_mv_q6_K_f32,1.891400,512x2048x1,2x64x1,512x32x1x1
Vcur-17,kernel_add_row,0.003000,4096x0x0,64x0x0,512x32x1x1
cache_k_l17 (view),kernel_set_rows_f16_i64,0.003800,16384x1x1,512x1x1,512x4096x1x1
cache_v_l17 (view),kernel_set_rows_f16_i64,0.003400,16384x1x1,512x1x1,512x4096x1x1
__fattn__-17,flash_attn_f32_f16,5.246900,32x28x0,32x1x0,128x28x32x1
ffn_inp-17,kernel_add,0.026700,2048x1x1,64x1x1,3584x32x1x1
ffn_norm-17,kernel_rms_norm_mul,0.013400,32768x1x1,1024x1x1,3584x32x1x1
ffn_swiglu-17,kernel_swiglu,0.101200,16384x1x1,512x1x1,18944x32x1x1
ffn_out-17,kernel_mul_mv_q6_K_f32,79.139198,3584x2048x1,2x64x1,3584x32x1x1
l_out-17,kernel_add,0.025500,2048x1x1,64x1x1,3584x32x1x1
attn_norm-18,kernel_rms_norm_mul,0.014600,32768x1x1,1024x1x1,3584x32x1x1
Qcur-18,kernel_add_row,0.011200,28672x0x0,64x0x0,3584x32x1x1
Qcur-18,kernel_rope_neox_f32,0.009500,1792x32x1,64x1x1,128x28x32x1
Kcur-18,kernel_add_row,0.005200,4096x0x0,64x0x0,512x32x1x1
Kcur-18,kernel_rope_neox_f32,0.003200,256x32x1,64x1x1,128x4x32x1
Vcur-18,kernel_add_row,0.003000,4096x0x0,64x0x0,512x32x1x1
cache_k_l18 (view),kernel_set_rows_f16_i64,0.003700,16384x1x1,512x1x1,512x4096x1x1
cache_v_l18 (view),kernel_set_rows_f16_i64,0.003400,16384x1x1,512x1x1,512x4096x1x1
__fattn__-18,flash_attn_f32_f16,5.212100,32x28x0,32x1x0,128x28x32x1
ffn_inp-18,kernel_add,0.026500,2048x1x1,64x1x1,3584x32x1x1
ffn_norm-18,kernel_rms_norm_mul,0.013400,32768x1x1,1024x1x1,3584x32x1x1
l_out-18,kernel_add,0.025100,2048x1x1,64x1x1,3584x32x1x1
attn_norm-19,kernel_rms_norm_mul,0.014300,32768x1x1,1024x1x1,3584x32x1x1
Qcur-19,kernel_add_row,0.011100,28672x0x0,64x0x0,3584x32x1x1
Qcur-19,kernel_rope_neox_f32,0.009100,1792x32x1,64x1x1,128x28x32x1
Kcur-19,kernel_add_row,0.005400,4096x0x0,64x0x0,512x32x1x1
Kcur-19,kernel_rope_neox_f32,0.003300,256x32x1,64x1x1,128x4x32x1
Vcur-19,kernel_add_row,0.003000,4096x0x0,64x0x0,512x32x1x1
cache_k_l19 (view),kernel_set_rows_f16_i64,0.003700,16384x1x1,512x1x1,512x4096x1x1
cache_v_l19 (view),kernel_set_rows_f16_i64,0.003300,16384x1x1,512x1x1,512x4096x1x1
__fattn__-19,flash_attn_f32_f16,5.238600,32x28x0,32x1x0,128x28x32x1
ffn_inp-19,kernel_add,0.025900,2048x1x1,64x1x1,3584x32x1x1
ffn_norm-19,kernel_rms_norm_mul,0.013200,32768x1x1,1024x1x1,3584x32x1x1
l_out-19,kernel_add,0.025100,2048x1x1,64x1x1,3584x32x1x1
attn_norm-20,kernel_rms_norm_mul,0.014100,32768x1x1,1024x1x1,3584x32x1x1
Qcur-20,kernel_add_row,0.010300,28672x0x0,64x0x0,3584x32x1x1
Qcur-20,kernel_rope_neox_f32,0.008600,1792x32x1,64x1x1,128x28x32x1
Kcur-20,kernel_add_row,0.003100,4096x0x0,64x0x0,512x32x1x1
Kcur-20,kernel_rope_neox_f32,0.003300,256x32x1,64x1x1,128x4x32x1
node_692,kernel_mul_mv_q6_K_f32,1.892000,512x2048x1,2x64x1,512x32x1x1
Vcur-20,kernel_add_row,0.002900,4096x0x0,64x0x0,512x32x1x1
cache_k_l20 (view),kernel_set_rows_f16_i64,0.003700,16384x1x1,512x1x1,512x4096x1x1
cache_v_l20 (view),kernel_set_rows_f16_i64,0.003300,16384x1x1,512x1x1,512x4096x1x1
__fattn__-20,flash_attn_f32_f16,5.235800,32x28x0,32x1x0,128x28x32x1
ffn_inp-20,kernel_add,0.026500,2048x1x1,64x1x1,3584x32x1x1
ffn_norm-20,kernel_rms_norm_mul,0.013400,32768x1x1,1024x1x1,3584x32x1x1
ffn_swiglu-20,kernel_swiglu,0.103300,16384x1x1,512x1x1,18944x32x1x1
ffn_out-20,kernel_mul_mv_q6_K_f32,79.235298,3584x2048x1,2x64x1,3584x32x1x1
l_out-20,kernel_add,0.024900,2048x1x1,64x1x1,3584x32x1x1
attn_norm-21,kernel_rms_norm_mul,0.014300,32768x1x1,1024x1x1,3584x32x1x1
Qcur-21,kernel_add_row,0.011500,28672x0x0,64x0x0,3584x32x1x1
Qcur-21,kernel_rope_neox_f32,0.009700,1792x32x1,64x1x1,128x28x32x1
Kcur-21,kernel_add_row,0.005300,4096x0x0,64x0x0,512x32x1x1
Kcur-21,kernel_rope_neox_f32,0.003300,256x32x1,64x1x1,128x4x32x1
Vcur-21,kernel_add_row,0.005000,4096x0x0,64x0x0,512x32x1x1
cache_k_l21 (view),kernel_set_rows_f16_i64,0.003700,16384x1x1,512x1x1,512x4096x1x1
cache_v_l21 (view),kernel_set_rows_f16_i64,0.003200,16384x1x1,512x1x1,512x4096x1x1
__fattn__-21,flash_attn_f32_f16,5.258600,32x28x0,32x1x0,128x28x32x1
ffn_inp-21,kernel_add,0.026900,2048x1x1,64x1x1,3584x32x1x1
ffn_norm-21,kernel_rms_norm_mul,0.013900,32768x1x1,1024x1x1,3584x32x1x1
l_out-21,kernel_add,0.025600,2048x1x1,64x1x1,3584x32x1x1
attn_norm-22,kernel_rms_norm_mul,0.014200,32768x1x1,1024x1x1,3584x32x1x1
Qcur-22,kernel_add_row,0.010900,28672x0x0,64x0x0,3584x32x1x1
Qcur-22,kernel_rope_neox_f32,0.009300,1792x32x1,64x1x1,128x28x32x1
Kcur-22,kernel_add_row,0.005100,4096x0x0,64x0x0,512x32x1x1
Kcur-22,kernel_rope_neox_f32,0.003200,256x32x1,64x1x1,128x4x32x1
Vcur-22,kernel_add_row,0.003000,4096x0x0,64x0x0,512x32x1x1
cache_k_l22 (view),kernel_set_rows_f16_i64,0.003800,16384x1x1,512x1x1,512x4096x1x1
cache_v_l22 (view),kernel_set_rows_f16_i64,0.003400,16384x1x1,512x1x1,512x4096x1x1
__fattn__-22,flash_attn_f32_f16,5.231000,32x28x0,32x1x0,128x28x32x1
ffn_inp-22,kernel_add,0.026000,2048x1x1,64x1x1,3584x32x1x1
ffn_norm-22,kernel_rms_norm_mul,0.013600,32768x1x1,1024x1x1,3584x32x1x1
l_out-22,kernel_add,0.026000,2048x1x1,64x1x1,3584x32x1x1
attn_norm-23,kernel_rms_norm_mul,0.014000,32768x1x1,1024x1x1,3584x32x1x1
Qcur-23,kernel_add_row,0.010500,28672x0x0,64x0x0,3584x32x1x1
Qcur-23,kernel_rope_neox_f32,0.008800,1792x32x1,64x1x1,128x28x32x1
Kcur-23,kernel_add_row,0.003200,4096x0x0,64x0x0,512x32x1x1
Kcur-23,kernel_rope_neox_f32,0.003200,256x32x1,64x1x1,128x4x32x1
node_794,kernel_mul_mv_q6_K_f32,1.892100,512x2048x1,2x64x1,512x32x1x1
Vcur-23,kernel_add_row,0.003000,4096x0x0,64x0x0,512x32x1x1
cache_k_l23 (view),kernel_set_rows_f16_i64,0.003600,16384x1x1,512x1x1,512x4096x1x1
cache_v_l23 (view),kernel_set_rows_f16_i64,0.003200,16384x1x1,512x1x1,512x4096x1x1
__fattn__-23,flash_attn_f32_f16,5.189900,32x28x0,32x1x0,128x28x32x1
ffn_inp-23,kernel_add,0.026600,2048x1x1,64x1x1,3584x32x1x1
ffn_norm-23,kernel_rms_norm_mul,0.013200,32768x1x1,1024x1x1,3584x32x1x1
ffn_swiglu-23,kernel_swiglu,0.100300,16384x1x1,512x1x1,18944x32x1x1
ffn_out-23,kernel_mul_mv_q6_K_f32,79.114403,3584x2048x1,2x64x1,3584x32x1x1
l_out-23,kernel_add,0.025100,2048x1x1,64x1x1,3584x32x1x1
attn_norm-24,kernel_rms_norm_mul,0.015000,32768x1x1,1024x1x1,3584x32x1x1
Qcur-24,kernel_add_row,0.011700,28672x0x0,64x0x0,3584x32x1x1
Qcur-24,kernel_rope_neox_f32,0.008800,1792x32x1,64x1x1,128x28x32x1
Kcur-24,kernel_add_row,0.005300,4096x0x0,64x0x0,512x32x1x1
Kcur-24,kernel_rope_neox_f32,0.003300,256x32x1,64x1x1,128x4x32x1
node_828,kernel_mul_mv_q6_K_f32,1.892500,512x2048x1,2x64x1,512x32x1x1
Vcur-24,kernel_add_row,0.003000,4096x0x0,64x0x0,512x32x1x1
cache_k_l24 (view),kernel_set_rows_f16_i64,0.003700,16384x1x1,512x1x1,512x4096x1x1
cache_v_l24 (view),kernel_set_rows_f16_i64,0.003300,16384x1x1,512x1x1,512x4096x1x1
__fattn__-24,flash_attn_f32_f16,5.229000,32x28x0,32x1x0,128x28x32x1
ffn_inp-24,kernel_add,0.027600,2048x1x1,64x1x1,3584x32x1x1
ffn_norm-24,kernel_rms_norm_mul,0.013700,32768x1x1,1024x1x1,3584x32x1x1
ffn_swiglu-24,kernel_swiglu,0.101200,16384x1x1,512x1x1,18944x32x1x1
ffn_out-24,kernel_mul_mv_q6_K_f32,79.139900,3584x2048x1,2x64x1,3584x32x1x1
l_out-24,kernel_add,0.025200,2048x1x1,64x1x1,3584x32x1x1
attn_norm-25,kernel_rms_norm_mul,0.014700,32768x1x1,1024x1x1,3584x32x1x1
Qcur-25,kernel_add_row,0.011500,28672x0x0,64x0x0,3584x32x1x1
Qcur-25,kernel_rope_neox_f32,0.009200,1792x32x1,64x1x1,128x28x32x1
Kcur-25,kernel_add_row,0.005200,4096x0x0,64x0x0,512x32x1x1
Kcur-25,kernel_rope_neox_f32,0.003200,256x32x1,64x1x1,128x4x32x1
node_862,kernel_mul_mv_q6_K_f32,1.892100,512x2048x1,2x64x1,512x32x1x1
Vcur-25,kernel_add_row,0.002900,4096x0x0,64x0x0,512x32x1x1
cache_k_l25 (view),kernel_set_rows_f16_i64,0.003600,16384x1x1,512x1x1,512x4096x1x1
cache_v_l25 (view),kernel_set_rows_f16_i64,0.003400,16384x1x1,512x1x1,512x4096x1x1
__fattn__-25,flash_attn_f32_f16,5.226300,32x28x0,32x1x0,128x28x32x1
ffn_inp-25,kernel_add,0.027300,2048x1x1,64x1x1,3584x32x1x1
ffn_norm-25,kernel_rms_norm_mul,0.013600,32768x1x1,1024x1x1,3584x32x1x1
ffn_swiglu-25,kernel_swiglu,0.101600,16384x1x1,512x1x1,18944x32x1x1
ffn_out-25,kernel_mul_mv_q6_K_f32,79.042702,3584x2048x1,2x64x1,3584x32x1x1
l_out-25,kernel_add,0.025600,2048x1x1,64x1x1,3584x32x1x1
attn_norm-26,kernel_rms_norm_mul,0.015000,32768x1x1,1024x1x1,3584x32x1x1
Qcur-26,kernel_add_row,0.011900,28672x0x0,64x0x0,3584x32x1x1
Qcur-26,kernel_rope_neox_f32,0.008700,1792x32x1,64x1x1,128x28x32x1
Kcur-26,kernel_add_row,0.005300,4096x0x0,64x0x0,512x32x1x1
Kcur-26,kernel_rope_neox_f32,0.003200,256x32x1,64x1x1,128x4x32x1
node_896,kernel_mul_mv_q6_K_f32,1.894500,512x2048x1,2x64x1,512x32x1x1
Vcur-26,kernel_add_row,0.002800,4096x0x0,64x0x0,512x32x1x1
cache_k_l26 (view),kernel_set_rows_f16_i64,0.003800,16384x1x1,512x1x1,512x4096x1x1
cache_v_l26 (view),kernel_set_rows_f16_i64,0.003300,16384x1x1,512x1x1,512x4096x1x1
__fattn__-26,flash_attn_f32_f16,5.212500,32x28x0,32x1x0,128x28x32x1
ffn_inp-26,kernel_add,0.027200,2048x1x1,64x1x1,3584x32x1x1
ffn_norm-26,kernel_rms_norm_mul,0.013100,32768x1x1,1024x1x1,3584x32x1x1
ffn_swiglu-26,kernel_swiglu,0.100800,16384x1x1,512x1x1,18944x32x1x1
ffn_out-26,kernel_mul_mv_q6_K_f32,78.989601,3584x2048x1,2x64x1,3584x32x1x1
l_out-26,kernel_add,0.025700,2048x1x1,64x1x1,3584x32x1x1
attn_norm-27,kernel_rms_norm_mul,0.014500,32768x1x1,1024x1x1,3584x32x1x1
Qcur-27,kernel_add_row,0.011900,28672x0x0,64x0x0,3584x32x1x1
Qcur-27,kernel_rope_neox_f32,0.008700,1792x32x1,64x1x1,128x28x32x1
Kcur-27,kernel_add_row,0.005200,4096x0x0,64x0x0,512x32x1x1
Kcur-27,kernel_rope_neox_f32,0.003300,256x32x1,64x1x1,128x4x32x1
node_930,kernel_mul_mv_q6_K_f32,1.892300,512x2048x1,2x64x1,512x32x1x1
Vcur-27,kernel_add_row,0.003000,4096x0x0,64x0x0,512x32x1x1
cache_k_l27 (view),kernel_set_rows_f16_i64,0.003800,16384x1x1,512x1x1,512x4096x1x1
cache_v_l27 (view),kernel_set_rows_f16_i64,0.003300,16384x1x1,512x1x1,512x4096x1x1
__fattn__-27,flash_attn_f32_f16,5.173400,32x28x0,32x1x0,128x28x32x1
attn_norm-0,kernel_rms_norm_mul,0.017200,32768x1x1,1024x1x1,3584x32x1x1
Qcur-0,kernel_add_row,0.012000,28672x0x0,64x0x0,3584x32x1x1
Qcur-0,kernel_rope_neox_f32,0.009000,1792x32x1,64x1x1,128x28x32x1
Kcur-0,kernel_add_row,0.003000,4096x0x0,64x0x0,512x32x1x1
Kcur-0,kernel_rope_neox_f32,0.003200,256x32x1,64x1x1,128x4x32x1
node_11,kernel_mul_mv_q6_K_f32,1.892400,512x2048x1,2x64x1,512x32x1x1
Vcur-0,kernel_add_row,0.002700,4096x0x0,64x0x0,512x32x1x1
cache_k_l0 (view),kernel_set_rows_f16_i64,0.003700,16384x1x1,512x1x1,512x4096x1x1
cache_v_l0 (view),kernel_set_rows_f16_i64,0.003300,16384x1x1,512x1x1,512x4096x1x1
 (copy),kernel_cpy_f32_f16,0.006100,4096x1x1,64x1x1,768x64x1x1
__fattn__-0,flash_attn_f32_f16,5.185200,32x28x0,32x1x0,128x28x32x1
ffn_inp-0,kernel_add,0.026200,2048x1x1,64x1x1,3584x32x1x1
ffn_norm-0,kernel_rms_norm_mul,0.013600,32768x1x1,1024x1x1,3584x32x1x1
ffn_swiglu-0,kernel_swiglu,0.102700,16384x1x1,512x1x1,18944x32x1x1
ffn_out-0,kernel_mul_mv_q6_K_f32,81.201202,3584x2048x1,2x64x1,3584x32x1x1
l_out-0,kernel_add,0.025100,2048x1x1,64x1x1,3584x32x1x1
attn_norm-1,kernel_rms_norm_mul,0.014400,32768x1x1,1024x1x1,3584x32x1x1
Qcur-1,kernel_add_row,0.011000,28672x0x0,64x0x0,3584x32x1x1
Qcur-1,kernel_rope_neox_f32,0.008600,1792x32x1,64x1x1,128x28x32x1
Kcur-1,kernel_add_row,0.005100,4096x0x0,64x0x0,512x32x1x1
Kcur-1,kernel_rope_neox_f32,0.003300,256x32x1,64x1x1,128x4x32x1
node_46,kernel_mul_mv_q6_K_f32,1.893300,512x2048x1,2x64x1,512x32x1x1
Vcur-1,kernel_add_row,0.002900,4096x0x0,64x0x0,512x32x1x1
cache_k_l1 (view),kernel_set_rows_f16_i64,0.003700,16384x1x1,512x1x1,512x4096x1x1
cache_v_l1 (view),kernel_set_rows_f16_i64,0.003300,16384x1x1,512x1x1,512x4096x1x1
__fattn__-1,flash_attn_f32_f16,5.182200,32x28x0,32x1x0,128x28x32x1
ffn_inp-1,kernel_add,0.027100,2048x1x1,64x1x1,3584x32x1x1
ffn_norm-1,kernel_rms_norm_mul,0.013500,32768x1x1,1024x1x1,3584x32x1x1
ffn_swiglu-1,kernel_swiglu,0.103200,16384x1x1,512x1x1,18944x32x1x1
ffn_out-1,kernel_mul_mv_q6_K_f32,81.013901,3584x2048x1,2x64x1,3584x32x1x1
l_out-1,kernel_add,0.025100,2048x1x1,64x1x1,3584x32x1x1
attn_norm-2,kernel_rms_norm_mul,0.014900,32768x1x1,1024x1x1,3584x32x1x1
Qcur-2,kernel_add_row,0.011400,28672x0x0,64x0x0,3584x32x1x1
Qcur-2,kernel_rope_neox_f32,0.009000,1792x32x1,64x1x1,128x28x32x1
Kcur-2,kernel_add_row,0.005400,4096x0x0,64x0x0,512x32x1x1
Kcur-2,kernel_rope_neox_f32,0.003300,256x32x1,64x1x1,128x4x32x1
node_80,kernel_mul_mv_q6_K_f32,1.893200,512x2048x1,2x64x1,512x32x1x1
Vcur-2,kernel_add_row,0.002700,4096x0x0,64x0x0,512x32x1x1
cache_k_l2 (view),kernel_set_rows_f16_i64,0.003700,16384x1x1,512x1x1,512x4096x1x1
cache_v_l2 (view),kernel_set_rows_f16_i64,0.003400,16384x1x1,512x1x1,512x4096x1x1
__fattn__-2,flash_attn_f32_f16,5.198900,32x28x0,32x1x0,128x28x32x1
ffn_inp-2,kernel_add,0.027100,2048x1x1,64x1x1,3584x32x1x1
ffn_norm-2,kernel_rms_norm_mul,0.013900,32768x1x1,1024x1x1,3584x32x1x1
ffn_swiglu-2,kernel_swiglu,0.101700,16384x1x1,512x1x1,18944x32x1x1
ffn_out-2,kernel_mul_mv_q6_K_f32,79.285599,3584x2048x1,2x64x1,3584x32x1x1
l_out-2,kernel_add,0.025300,2048x1x1,64x1x1,3584x32x1x1
attn_norm-3,kernel_rms_norm_mul,0.014300,32768x1x1,1024x1x1,3584x32x1x1
Qcur-3,kernel_add_row,0.011900,28672x0x0,64x0x0,3584x32x1x1
Qcur-3,kernel_rope_neox_f32,0.010500,1792x32x1,64x1x1,128x28x32x1
Kcur-3,kernel_add_row,0.005500,4096x0x0,64x0x0,512x32x1x1
Kcur-3,kernel_rope_neox_f32,0.003300,256x32x1,64x1x1,128x4x32x1
Vcur-3,kernel_add_row,0.002900,4096x0x0,64x0x0,512x32x1x1
cache_k_l3 (view),kernel_set_rows_f16_i64,0.003700,16384x1x1,512x1x1,512x4096x1x1
cache_v_l3 (view),kernel_set_rows_f16_i64,0.003400,16384x1x1,512x1x1,512x4096x1x1
__fattn__-3,flash_attn_f32_f16,5.190500,32x28x0,32x1x0,128x28x32x1
ffn_inp-3,kernel_add,0.025600,2048x1x1,64x1x1,3584x32x1x1
ffn_norm-3,kernel_rms_norm_mul,0.013200,32768x1x1,1024x1x1,3584x32x1x1
l_out-3,kernel_add,0.026200,2048x1x1,64x1x1,3584x32x1x1
attn_norm-4,kernel_rms_norm_mul,0.014300,32768x1x1,1024x1x1,3584x32x1x1
Qcur-4,kernel_add_row,0.011400,28672x0x0,64x0x0,3584x32x1x1
Qcur-4,kernel_rope_neox_f32,0.009200,1792x32x1,64x1x1,128x28x32x1
Kcur-4,kernel_add_row,0.005200,4096x0x0,64x0x0,512x32x1x1
Kcur-4,kernel_rope_neox_f32,0.003200,256x32x1,64x1x1,128x4x32x1
Vcur-4,kernel_add_row,0.003000,4096x0x0,64x0x0,512x32x1x1
cache_k_l4 (view),kernel_set_rows_f16_i64,0.003700,16384x1x1,512x1x1,512x4096x1x1
cache_v_l4 (view),kernel_set_rows_f16_i64,0.003200,16384x1x1,512x1x1,512x4096x1x1
__fattn__-4,flash_attn_f32_f16,5.222100,32x28x0,32x1x0,128x28x32x1
ffn_inp-4,kernel_add,0.026100,2048x1x1,64x1x1,3584x32x1x1
ffn_norm-4,kernel_rms_norm_mul,0.013400,32768x1x1,1024x1x1,3584x32x1x1
l_out-4,kernel_add,0.024700,2048x1x1,64x1x1,3584x32x1x1
attn_norm-5,kernel_rms_norm_mul,0.013900,32768x1x1,1024x1x1,3584x32x1x1
Qcur-5,kernel_add_row,0.010500,28672x0x0,64x0x0,3584x32x1x1
Qcur-5,kernel_rope_neox_f32,0.008800,1792x32x1,64x1x1,128x28x32x1
Kcur-5,kernel_add_row,0.003200,4096x0x0,64x0x0,512x32x1x1
Kcur-5,kernel_rope_neox_f32,0.003200,256x32x1,64x1x1,128x4x32x1
node_182,kernel_mul_mv_q6_K_f32,1.893700,512x2048x1,2x64x1,512x32x1x1
Vcur-5,kernel_add_row,0.003000,4096x0x0,64x0x0,512x32x1x1
cache_k_l5 (view),kernel_set_rows_f16_i64,0.003700,16384x1x1,512x1x1,512x4096x1x1
cache_v_l5 (view),kernel_set_rows_f16_i64,0.003300,16384x1x1,512x1x1,512x4096x1x1
__fattn__-5,flash_attn_f32_f16,5.226500,32x28x0,32x1x0,128x28x32x1
ffn_inp-5,kernel_add,0.026900,2048x1x1,64x1x1,3584x32x1x1
ffn_norm-5,kernel_rms_norm_mul,0.013100,32768x1x1,1024x1x1,3584x32x1x1
ffn_swiglu-5,kernel_swiglu,0.101000,16384x1x1,512x1x1,18944x32x1x1
ffn_out-5,kernel_mul_mv_q6_K_f32,79.161797,3584x2048x1,2x64x1,3584x32x1x1
l_out-5,kernel_add,0.025200,2048x1x1,64x1x1,3584x32x1x1
attn_norm-6,kernel_rms_norm_mul,0.014400,32768x1x1,1024x1x1,3584x32x1x1
Qcur-6,kernel_add_row,0.011100,28672x0x0,64x0x0,3584x32x1x1
Qcur-6,kernel_rope_neox_f32,0.009600,1792x32x1,64x1x1,128x28x32x1
Kcur-6,kernel_add_row,0.005200,4096x0x0,64x0x0,512x32x1x1
Kcur-6,kernel_rope_neox_f32,0.003300,256x32x1,64x1x1,128x4x32x1
Vcur-6,kernel_add_row,0.003000,4096x0x0,64x0x0,512x32x1x1
cache_k_l6 (view),kernel_set_rows_f16_i64,0.003800,16384x1x1,512x1x1,512x4096x1x1
cache_v_l6 (view),kernel_set_rows_f16_i64,0.003400,16384x1x1,512x1x1,512x4096x1x1
__fattn__-6,flash_attn_f32_f16,5.222200,32x28x0,32x1x0,128x28x32x1
ffn_inp-6,kernel_add,0.025700,2048x1x1,64x1x1,3584x32x1x1
ffn_norm-6,kernel_rms_norm_mul,0.013200,32768x1x1,1024x1x1,3584x32x1x1
l_out-6,kernel_add,0.025800,2048x1x1,64x1x1,3584x32x1x1
attn_norm-7,kernel_rms_norm_mul,0.014000,32768x1x1,1024x1x1,3584x32x1x1
Qcur-7,kernel_add_row,0.011000,28672x0x0,64x0x0,3584x32x1x1
Qcur-7,kernel_rope_neox_f32,0.009700,1792x32x1,64x1x1,128x28x32x1
Kcur-7,kernel_add_row,0.005200,4096x0x0,64x0x0,512x32x1x1
Kcur-7,kernel_rope_neox_f32,0.003300,256x32x1,64x1x1,128x4x32x1
Vcur-7,kernel_add_row,0.003000,4096x0x0,64x0x0,512x32x1x1
cache_k_l7 (view),kernel_set_rows_f16_i64,0.003700,16384x1x1,512x1x1,512x4096x1x1
cache_v_l7 (view),kernel_set_rows_f16_i64,0.003400,16384x1x1,512x1x1,512x4096x1x1
__fattn__-7,flash_attn_f32_f16,5.199400,32x28x0,32x1x0,128x28x32x1
ffn_inp-7,kernel_add,0.026300,2048x1x1,64x1x1,3584x32x1x1
ffn_norm-7,kernel_rms_norm_mul,0.013300,32768x1x1,1024x1x1,3584x32x1x1
l_out-7,kernel_add,0.025000,2048x1x1,64x1x1,3584x32x1x1
attn_norm-8,kernel_rms_norm_mul,0.014300,32768x1x1,1024x1x1,3584x32x1x1
Qcur-8,kernel_add_row,0.010200,28672x0x0,64x0x0,3584x32x1x1
Qcur-8,kernel_rope_neox_f32,0.008800,1792x32x1,64x1x1,128x28x32x1
Kcur-8,kernel_add_row,0.003000,4096x0x0,64x0x0,512x32x1x1
Kcur-8,kernel_rope_neox_f32,0.003200,256x32x1,64x1x1,128x4x32x1
node_284,kernel_mul_mv_q6_K_f32,1.890600,512x2048x1,2x64x1,512x32x1x1
Vcur-8,kernel_add_row,0.003000,4096x0x0,64x0x0,512x32x1x1
cache_k_l8 (view),kernel_set_rows_f16_i64,0.003700,16384x1x1,512x1x1,512x4096x1x1
cache_v_l8 (view),kernel_set_rows_f16_i64,0.003300,16384x1x1,512x1x1,512x4096x1x1
__fattn__-8,flash_attn_f32_f16,5.203900,32x28x0,32x1x0,128x28x32x1
ffn_inp-8,kernel_add,0.026800,2048x1x1,64x1x1,3584x32x1x1
ffn_norm-8,kernel_rms_norm_mul,0.013500,32768x1x1,1024x1x1,3584x32x1x1
ffn_swiglu-8,kernel_swiglu,0.100100,16384x1x1,512x1x1,18944x32x1x1
ffn_out-8,kernel_mul_mv_q6_K_f32,79.218201,3584x2048x1,2x64x1,3584x32x1x1
l_out-8,kernel_add,0.025200,2048x1x1,64x1x1,3584x32x1x1
attn_norm-9,kernel_rms_norm_mul,0.014600,32768x1x1,1024x1x1,3584x32x1x1
Qcur-9,kernel_add_row,0.011300,28672x0x0,64x0x0,3584x32x1x1
Qcur-9,kernel_rope_neox_f32,0.010000,1792x32x1,64x1x1,128x28x32x1
Kcur-9,kernel_add_row,0.005300,4096x0x0,64x0x0,512x32x1x1
Kcur-9,kernel_rope_neox_f32,0.003200,256x32x1,64x1x1,128x4x32x1
Vcur-9,kernel_add_row,0.005000,4096x0x0,64x0x0,512x32x1x1
cache_k_l9 (view),kernel_set_rows_f16_i64,0.003600,16384x1x1,512x1x1,512x4096x1x1
cache_v_l9 (view),kernel_set_rows_f16_i64,0.003300,16384x1x1,512x1x1,512x4096x1x1
__fattn__-9,flash_attn_f32_f16,5.243500,32x28x0,32x1x0,128x28x32x1
ffn_inp-9,kernel_add,0.025600,2048x1x1,64x1x1,3584x32x1x1
ffn_norm-9,kernel_rms_norm_mul,0.013100,32768x1x1,1024x1x1,3584x32x1x1
l_out-9,kernel_add,0.025600,2048x1x1,64x1x1,3584x32x1x1
attn_norm-10,kernel_rms_norm_mul,0.014100,32768x1x1,1024x1x1,3584x32x1x1
Qcur-10,kernel_add_row,0.011000,28672x0x0,64x0x0,3584x32x1x1
Qcur-10,kernel_rope_neox_f32,0.009400,1792x32x1,64x1x1,128x28x32x1
Kcur-10,kernel_add_row,0.005100,4096x0x0,64x0x0,512x32x1x1
Kcur-10,kernel_rope_neox_f32,0.003200,256x32x1,64x1x1,128x4x32x1
Vcur-10,kernel_add_row,0.003000,4096x0x0,64x0x0,512x32x1x1
cache_k_l10 (view),kernel_set_rows_f16_i64,0.003800,16384x1x1,512x1x1,512x4096x1x1
cache_v_l10 (view),kernel_set_rows_f16_i64,0.003300,16384x1x1,512x1x1,512x4096x1x1
__fattn__-10,flash_attn_f32_f16,5.267900,32x28x0,32x1x0,128x28x32x1
ffn_inp-10,kernel_add,0.026500,2048x1x1,64x1x1,3584x32x1x1
ffn_norm-10,kernel_rms_norm_mul,0.013600,32768x1x1,1024x1x1,3584x32x1x1
l_out-10,kernel_add,0.025100,2048x1x1,64x1x1,3584x32x1x1
attn_norm-11,kernel_rms_norm_mul,0.014400,32768x1x1,1024x1x1,3584x32x1x1
Qcur-11,kernel_add_row,0.010100,28672x0x0,64x0x0,3584x32x1x1
Qcur-11,kernel_rope_neox_f32,0.008800,1792x32x1,64x1x1,128x28x32x1
Kcur-11,kernel_add_row,0.003100,4096x0x0,64x0x0,512x32x1x1
Kcur-11,kernel_rope_neox_f32,0.003200,256x32x1,64x1x1,128x4x32x1
node_386,kernel_mul_mv_q6_K_f32,1.891800,512x2048x1,2x64x1,512x32x1x1
Vcur-11,kernel_add_row,0.003000,4096x0x0,64x0x0,512x32x1x1
cache_k_l11 (view),kernel_set_rows_f16_i64,0.003700,16384x1x1,512x1x1,512x4096x1x1
cache_v_l11 (view),kernel_set_rows_f16_i64,0.003400,16384x1x1,512x1x1,512x4096x1x1
__fattn__-11,flash_attn_f32_f16,5.101900,32x28x0,32x1x0,128x28x32x1
ffn_inp-11,kernel_add,0.026500,2048x1x1,64x1x1,3584x32x1x1
ffn_norm-11,kernel_rms_norm_mul,0.013600,32768x1x1,1024x1x1,3584x32x1x1
ffn_swiglu-11,kernel_swiglu,0.103100,16384x1x1,512x1x1,18944x32x1x1
ffn_out-11,kernel_mul_mv_q6_K_f32,79.148895,3584x2048x1,2x64x1,3584x32x1x1
l_out-11,kernel_add,0.025500,2048x1x1,64x1x1,3584x32x1x1
attn_norm-12,kernel_rms_norm_mul,0.014300,32768x1x1,1024x1x1,3584x32x1x1
Qcur-12,kernel_add_row,0.012400,28672x0x0,64x0x0,3584x32x1x1
Qcur-12,kernel_rope_neox_f32,0.010400,1792x32x1,64x1x1,128x28x32x1
Kcur-12,kernel_add_row,0.005200,4096x0x0,64x0x0,512x32x1x1
Kcur-12,kernel_rope_neox_f32,0.003200,256x32x1,64x1x1,128x4x32x1
Vcur-12,kernel_add_row,0.003000,4096x0x0,64x0x0,512x32x1x1
cache_k_l12 (view),kernel_set_rows_f16_i64,0.003900,16384x1x1,512x1x1,512x4096x1x1
cache_v_l12 (view),kernel_set_rows_f16_i64,0.003500,16384x1x1,512x1x1,512x4096x1x1
__fattn__-12,flash_attn_f32_f16,5.195700,32x28x0,32x1x0,128x28x32x1
ffn_inp-12,kernel_add,0.026000,2048x1x1,64x1x1,3584x32x1x1
ffn_norm-12,kernel_rms_norm_mul,0.013900,32768x1x1,1024x1x1,3584x32x1x1
l_out-12,kernel_add,0.025900,2048x1x1,64x1x1,3584x32x1x1
attn_norm-13,kernel_rms_norm_mul,0.014500,32768x1x1,1024x1x1,3584x32x1x1
Qcur-13,kernel_add_row,0.011400,28672x0x0,64x0x0,3584x32x1x1
Qcur-13,kernel_rope_neox_f32,0.009300,1792x32x1,64x1x1,128x28x32x1
Kcur-13,kernel_add_row,0.005400,4096x0x0,64x0x0,512x32x1x1
Kcur-13,kernel_rope_neox_f32,0.003300,256x32x1,64x1x1,128x4x32x1
Vcur-13,kernel_add_row,0.003000,4096x0x0,64x0x0,512x32x1x1
cache_k_l13 (view),kernel_set_rows_f16_i64,0.004100,16384x1x1,512x1x1,512x4096x1x1
cache_v_l13 (view),kernel_set_rows_f16_i64,0.003300,16384x1x1,512x1x1,512x4096x1x1
__fattn__-13,flash_attn_f32_f16,5.212100,32x28x0,32x1x0,128x28x32x1
ffn_inp-13,kernel_add,0.025900,2048x1x1,64x1x1,3584x32x1x1
ffn_norm-13,kernel_rms_norm_mul,0.013500,32768x1x1,1024x1x1,3584x32x1x1
l_out-13,kernel_add,0.025200,2048x1x1,64x1x1,3584x32x1x1
attn_norm-14,kernel_rms_norm_mul,0.013700,32768x1x1,1024x1x1,3584x32x1x1
Qcur-14,kernel_add_row,0.010300,28672x0x0,64x0x0,3584x32x1x1
Qcur-14,kernel_rope_neox_f32,0.008800,1792x32x1,64x1x1,128x28x32x1
Kcur-14,kernel_add_row,0.003100,4096x0x0,64x0x0,512x32x1x1
Kcur-14,kernel_rope_neox_f32,0.003200,256x32x1,64x1x1,128x4x32x1
node_488,kernel_mul_mv_q6_K_f32,1.890000,512x2048x1,2x64x1,512x32x1x1
Vcur-14,kernel_add_row,0.003000,4096x0x0,64x0x0,512x32x1x1
cache_k_l14 (view),kernel_set_rows_f16_i64,0.003600,16384x1x1,512x1x1,512x4096x1x1
cache_v_l14 (view),kernel_set_rows_f16_i64,0.003400,16384x1x1,512x1x1,512x4096x1x1
__fattn__-14,flash_attn_f32_f16,5.218400,32x28x0,32x1x0,128x28x32x1
ffn_inp-14,kernel_add,0.027100,2048x1x1,64x1x1,3584x32x1x1
ffn_norm-14,kernel_rms_norm_mul,0.013100,32768x1x1,1024x1x1,3584x32x1x1
ffn_swiglu-14,kernel_swiglu,0.101400,16384x1x1,512x1x1,18944x32x1x1
ffn_out-14,kernel_mul_mv_q6_K_f32,79.497696,3584x2048x1,2x64x1,3584x32x1x1
l_out-14,kernel_add,0.025000,2048x1x1,64x1x1,3584x32x1x1
attn_norm-15,kernel_rms_norm_mul,0.014900,32768x1x1,1024x1x1,3584x32x1x1
Qcur-15,kernel_add_row,0.011800,28672x0x0,64x0x0,3584x32x1x1
Qcur-15,kernel_rope_neox_f32,0.010300,1792x32x1,64x1x1,128x28x32x1
Kcur-15,kernel_add_row,0.005400,4096x0x0,64x0x0,512x32x1x1
Kcur-15,kernel_rope_neox_f32,0.003200,256x32x1,64x1x1,128x4x32x1
Vcur-15,kernel_add_row,0.005100,4096x0x0,64x0x0,512x32x1x1
cache_k_l15 (view),kernel_set_rows_f16_i64,0.003800,16384x1x1,512x1x1,512x4096x1x1
cache_v_l15 (view),kernel_set_rows_f16_i64,0.003300,16384x1x1,512x1x1,512x4096x1x1
__fattn__-15,flash_attn_f32_f16,5.152800,32x28x0,32x1x0,128x28x32x1
ffn_inp-15,kernel_add,0.025600,2048x1x1,64x1x1,3584x32x1x1
ffn_norm-15,kernel_rms_norm_mul,0.013300,32768x1x1,1024x1x1,3584x32x1x1
l_out-15,kernel_add,0.026100,2048x1x1,64x1x1,3584x32x1x1
attn_norm-16,kernel_rms_norm_mul,0.014500,32768x1x1,1024x1x1,3584x32x1x1
Qcur-16,kernel_add_row,0.011100,28672x0x0,64x0x0,3584x32x1x1
Qcur-16,kernel_rope_neox_f32,0.009200,1792x32x1,64x1x1,128x28x32x1
Kcur-16,kernel_add_row,0.005400,4096x0x0,64x0x0,512x32x1x1
Kcur-16,kernel_rope_neox_f32,0.003200,256x32x1,64x1x1,128x4x32x1
Vcur-16,kernel_add_row,0.002900,4096x0x0,64x0x0,512x32x1x1
cache_k_l16 (view),kernel_set_rows_f16_i64,0.004100,16384x1x1,512x1x1,512x4096x1x1
cache_v_l16 (view),kernel_set_rows_f16_i64,0.003300,16384x1x1,512x1x1,512x4096x1x1
__fattn__-16,flash_attn_f32_f16,5.216400,32x28x0,32x1x0,128x28x32x1
ffn_inp-16,kernel_add,0.025400,2048x1x1,64x1x1,3584x32x1x1
ffn_norm-16,kernel_rms_norm_mul,0.013600,32768x1x1,1024x1x1,3584x32x1x1
l_out-16,kernel_add,0.024900,2048x1x1,64x1x1,3584x32x1x1
attn_norm-17,kernel_rms_norm_mul,0.013800,32768x1x1,1024x1x1,3584x32x1x1
Qcur-17,kernel_add_row,0.010400,28672x0x0,64x0x0,3584x32x1x1
Qcur-17,kernel_rope_neox_f32,0.008700,1792x32x1,64x1x1,128x28x32x1
Kcur-17,kernel_add_row,0.003000,4096x0x0,64x0x0,512x32x1x1
Kcur-17,kernel_rope_neox_f32,0.003200,256x32x1,64x1x1,128x4x32x1
node_590,kernel_mul_mv_q6_K_f32,1.893500,512x2048x1,2x64x1,512x32x1x1
Vcur-17,kernel_add_row,0.003000,4096x0x0,64x0x0,512x32x1x1
cache_k_l17 (view),kernel_set_rows_f16_i64,0.003800,16384x1x1,512x1x1,512x4096x1x1
cache_v_l17 (view),kernel_set_rows_f16_i64,0.003300,16384x1x1,512x1x1,512x4096x1x1
__fattn__-17,flash_attn_f32_f16,5.202000,32x28x0,32x1x0,128x28x32x1
ffn_inp-17,kernel_add,0.027200,2048x1x1,64x1x1,3584x32x1x1
ffn_norm-17,kernel_rms_norm_mul,0.013400,32768x1x1,1024x1x1,3584x32x1x1
ffn_swiglu-17,kernel_swiglu,0.101500,16384x1x1,512x1x1,18944x32x1x1
ffn_out-17,kernel_mul_mv_q6_K_f32,79.221107,3584x2048x1,2x64x1,3584x32x1x1
l_out-17,kernel_add,0.025000,2048x1x1,64x1x1,3584x32x1x1
attn_norm-18,kernel_rms_norm_mul,0.014300,32768x1x1,1024x1x1,3584x32x1x1
Qcur-18,kernel_add_row,0.010800,28672x0x0,64x0x0,3584x32x1x1
Qcur-18,kernel_rope_neox_f32,0.009500,1792x32x1,64x1x1,128x28x32x1
Kcur-18,kernel_add_row,0.005300,4096x0x0,64x0x0,512x32x1x1
Kcur-18,kernel_rope_neox_f32,0.003300,256x32x1,64x1x1,128x4x32x1
Vcur-18,kernel_add_row,0.003000,4096x0x0,64x0x0,512x32x1x1
cache_k_l18 (view),kernel_set_rows_f16_i64,0.003700,16384x1x1,512x1x1,512x4096x1x1
cache_v_l18 (view),kernel_set_rows_f16_i64,0.003400,16384x1x1,512x1x1,512x4096x1x1
__fattn__-18,flash_attn_f32_f16,5.213200,32x28x0,32x1x0,128x28x32x1
ffn_inp-18,kernel_add,0.025700,2048x1x1,64x1x1,3584x32x1x1
ffn_norm-18,kernel_rms_norm_mul,0.013200,32768x1x1,1024x1x1,3584x32x1x1
l_out-18,kernel_add,0.026400,2048x1x1,64x1x1,3584x32x1x1
attn_norm-19,kernel_rms_norm_mul,0.013900,32768x1x1,1024x1x1,3584x32x1x1
Qcur-19,kernel_add_row,0.010800,28672x0x0,64x0x0,3584x32x1x1
Qcur-19,kernel_rope_neox_f32,0.009000,1792x32x1,64x1x1,128x28x32x1
Kcur-19,kernel_add_row,0.005100,4096x0x0,64x0x0,512x32x1x1
Kcur-19,kernel_rope_neox_f32,0.003100,256x32x1,64x1x1,128x4x32x1
Vcur-19,kernel_add_row,0.002900,4096x0x0,64x0x0,512x32x1x1
cache_k_l19 (view),kernel_set_rows_f16_i64,0.003700,16384x1x1,512x1x1,512x4096x1x1
cache_v_l19 (view),kernel_set_rows_f16_i64,0.003400,16384x1x1,512x1x1,512x4096x1x1
__fattn__-19,flash_attn_f32_f16,5.265600,32x28x0,32x1x0,128x28x32x1
ffn_inp-19,kernel_add,0.025900,2048x1x1,64x1x1,3584x32x1x1
ffn_norm-19,kernel_rms_norm_mul,0.013300,32768x1x1,1024x1x1,3584x32x1x1
l_out-19,kernel_add,0.025300,2048x1x1,64x1x1,3584x32x1x1
attn_norm-20,kernel_rms_norm_mul,0.013900,32768x1x1,1024x1x1,3584x32x1x1
Qcur-20,kernel_add_row,0.010300,28672x0x0,64x0x0,3584x32x1x1
Qcur-20,kernel_rope_neox_f32,0.008800,1792x32x1,64x1x1,128x28x32x1
Kcur-20,kernel_add_row,0.003000,4096x0x0,64x0x0,512x32x1x1
Kcur-20,kernel_rope_neox_f32,0.003300,256x32x1,64x1x1,128x4x32x1
node_692,kernel_mul_mv_q6_K_f32,1.890500,512x2048x1,2x64x1,512x32x1x1
Vcur-20,kernel_add_row,0.003000,4096x0x0,64x0x0,512x32x1x1
cache_k_l20 (view),kernel_set_rows_f16_i64,0.003700,16384x1x1,512x1x1,512x4096x1x1
cache_v_l20 (view),kernel_set_rows_f16_i64,0.003300,16384x1x1,512x1x1,512x4096x1x1
__fattn__-20,flash_attn_f32_f16,5.214500,32x28x0,32x1x0,128x28x32x1
ffn_inp-20,kernel_add,0.026800,2048x1x1,64x1x1,3584x32x1x1
ffn_norm-20,kernel_rms_norm_mul,0.013500,32768x1x1,1024x1x1,3584x32x1x1
ffn_swiglu-20,kernel_swiglu,0.101500,16384x1x1,512x1x1,18944x32x1x1
ffn_out-20,kernel_mul_mv_q6_K_f32,79.245697,3584x2048x1,2x64x1,3584x32x1x1
l_out-20,kernel_add,0.025300,2048x1x1,64x1x1,3584x32x1x1
attn_norm-21,kernel_rms_norm_mul,0.014500,32768x1x1,1024x1x1,3584x32x1x1
Qcur-21,kernel_add_row,0.012100,28672x0x0,64x0x0,3584x32x1x1
Qcur-21,kernel_rope_neox_f32,0.009300,1792x32x1,64x1x1,128x28x32x1
Kcur-21,kernel_add_row,0.005200,4096x0x0,64x0x0,512x32x1x1
Kcur-21,kernel_rope_neox_f32,0.003200,256x32x1,64x1x1,128x4x32x1
Vcur-21,kernel_add_row,0.003100,4096x0x0,64x0x0,512x32x1x1
cache_k_l21 (view),kernel_set_rows_f16_i64,0.003800,16384x1x1,512x1x1,512x4096x1x1
cache_v_l21 (view),kernel_set_rows_f16_i64,0.003400,16384x1x1,512x1x1,512x4096x1x1
__fattn__-21,flash_attn_f32_f16,5.252900,32x28x0,32x1x0,128x28x32x1
ffn_inp-21,kernel_add,0.025700,2048x1x1,64x1x1,3584x32x1x1
ffn_norm-21,kernel_rms_norm_mul,0.013500,32768x1x1,1024x1x1,3584x32x1x1
l_out-21,kernel_add,0.025900,2048x1x1,64x1x1,3584x32x1x1
attn_norm-22,kernel_rms_norm_mul,0.013800,32768x1x1,1024x1x1,3584x32x1x1
Qcur-22,kernel_add_row,0.011200,28672x0x0,64x0x0,3584x32x1x1
Qcur-22,kernel_rope_neox_f32,0.009400,1792x32x1,64x1x1,128x28x32x1
Kcur-22,kernel_add_row,0.005000,4096x0x0,64x0x0,512x32x1x1
Kcur-22,kernel_rope_neox_f32,0.003400,256x32x1,64x1x1,128x4x32x1
Vcur-22,kernel_add_row,0.003200,4096x0x0,64x0x0,512x32x1x1
cache_k_l22 (view),kernel_set_rows_f16_i64,0.003800,16384x1x1,512x1x1,512x4096x1x1
cache_v_l22 (view),kernel_set_rows_f16_i64,0.003300,16384x1x1,512x1x1,512x4096x1x1
__fattn__-22,flash_attn_f32_f16,5.162900,32x28x0,32x1x0,128x28x32x1
ffn_inp-22,kernel_add,0.025600,2048x1x1,64x1x1,3584x32x1x1
ffn_norm-22,kernel_rms_norm_mul,0.013200,32768x1x1,1024x1x1,3584x32x1x1
l_out-22,kernel_add,0.025500,2048x1x1,64x1x1,3584x32x1x1
attn_norm-23,kernel_rms_norm_mul,0.014500,32768x1x1,1024x1x1,3584x32x1x1
Qcur-23,kernel_add_row,0.010500,28672x0x0,64x0x0,3584x32x1x1
Qcur-23,kernel_rope_neox_f32,0.008900,1792x32x1,64x1x1,128x28x32x1
Kcur-23,kernel_add_row,0.003100,4096x0x0,64x0x0,512x32x1x1
Kcur-23,kernel_rope_neox_f32,0.003100,256x32x1,64x1x1,128x4x32x1
node_794,kernel_mul_mv_q6_K_f32,1.890600,512x2048x1,2x64x1,512x32x1x1
Vcur-23,kernel_add_row,0.003000,4096x0x0,64x0x0,512x32x1x1
cache_k_l23 (view),kernel_set_rows_f16_i64,0.003800,16384x1x1,512x1x1,512x4096x1x1
cache_v_l23 (view),kernel_set_rows_f16_i64,0.003300,16384x1x1,512x1x1,512x4096x1x1
__fattn__-23,flash_attn_f32_f16,5.237700,32x28x0,32x1x0,128x28x32x1
ffn_inp-23,kernel_add,0.026900,2048x1x1,64x1x1,3584x32x1x1
ffn_norm-23,kernel_rms_norm_mul,0.013400,32768x1x1,1024x1x1,3584x32x1x1
ffn_swiglu-23,kernel_swiglu,0.101000,16384x1x1,512x1x1,18944x32x1x1
ffn_out-23,kernel_mul_mv_q6_K_f32,79.201508,3584x2048x1,2x64x1,3584x32x1x1
l_out-23,kernel_add,0.025200,2048x1x1,64x1x1,3584x32x1x1
attn_norm-24,kernel_rms_norm_mul,0.014800,32768x1x1,1024x1x1,3584x32x1x1
Qcur-24,kernel_add_row,0.011000,28672x0x0,64x0x0,3584x32x1x1
Qcur-24,kernel_rope_neox_f32,0.008900,1792x32x1,64x1x1,128x28x32x1
Kcur-24,kernel_add_row,0.005200,4096x0x0,64x0x0,512x32x1x1
Kcur-24,kernel_rope_neox_f32,0.003200,256x32x1,64x1x1,128x4x32x1
node_828,kernel_mul_mv_q6_K_f32,1.889800,512x2048x1,2x64x1,512x32x1x1
Vcur-24,kernel_add_row,0.002700,4096x0x0,64x0x0,512x32x1x1
cache_k_l24 (view),kernel_set_rows_f16_i64,0.003800,16384x1x1,512x1x1,512x4096x1x1
cache_v_l24 (view),kernel_set_rows_f16_i64,0.003400,16384x1x1,512x1x1,512x4096x1x1
__fattn__-24,flash_attn_f32_f16,5.182100,32x28x0,32x1x0,128x28x32x1
ffn_inp-24,kernel_add,0.027000,2048x1x1,64x1x1,3584x32x1x1
ffn_norm-24,kernel_rms_norm_mul,0.013000,32768x1x1,1024x1x1,3584x32x1x1
ffn_swiglu-24,kernel_swiglu,0.102900,16384x1x1,512x1x1,18944x32x1x1
ffn_out-24,kernel_mul_mv_q6_K_f32,79.179298,3584x2048x1,2x64x1,3584x32x1x1
l_out-24,kernel_add,0.025100,2048x1x1,64x1x1,3584x32x1x1
attn_norm-25,kernel_rms_norm_mul,0.014600,32768x1x1,1024x1x1,3584x32x1x1
Qcur-25,kernel_add_row,0.012300,28672x0x0,64x0x0,3584x32x1x1
Qcur-25,kernel_rope_neox_f32,0.008700,1792x32x1,64x1x1,128x28x32x1
Kcur-25,kernel_add_row,0.007400,4096x0x0,64x0x0,512x32x1x1
Kcur-25,kernel_rope_neox_f32,0.003200,256x32x1,64x1x1,128x4x32x1
node_862,kernel_mul_mv_q6_K_f32,2.177000,512x2048x1,2x64x1,512x32x1x1
Vcur-25,kernel_add_row,0.003000,4096x0x0,64x0x0,512x32x1x1
cache_k_l25 (view),kernel_set_rows_f16_i64,0.003700,16384x1x1,512x1x1,512x4096x1x1
cache_v_l25 (view),kernel_set_rows_f16_i64,0.003500,16384x1x1,512x1x1,512x4096x1x1
__fattn__-25,flash_attn_f32_f16,5.241300,32x28x0,32x1x0,128x28x32x1
ffn_inp-25,kernel_add,0.026700,2048x1x1,64x1x1,3584x32x1x1
ffn_norm-25,kernel_rms_norm_mul,0.013300,32768x1x1,1024x1x1,3584x32x1x1
ffn_swiglu-25,kernel_swiglu,0.101900,16384x1x1,512x1x1,18944x32x1x1
ffn_out-25,kernel_mul_mv_q6_K_f32,79.061699,3584x2048x1,2x64x1,3584x32x1x1
l_out-25,kernel_add,0.024600,2048x1x1,64x1x1,3584x32x1x1
attn_norm-26,kernel_rms_norm_mul,0.014600,32768x1x1,1024x1x1,3584x32x1x1
Qcur-26,kernel_add_row,0.011800,28672x0x0,64x0x0,3584x32x1x1
Qcur-26,kernel_rope_neox_f32,0.008900,1792x32x1,64x1x1,128x28x32x1
Kcur-26,kernel_add_row,0.005100,4096x0x0,64x0x0,512x32x1x1
Kcur-26,kernel_rope_neox_f32,0.003200,256x32x1,64x1x1,128x4x32x1
node_896,kernel_mul_mv_q6_K_f32,1.893200,512x2048x1,2x64x1,512x32x1x1
Vcur-26,kernel_add_row,0.003000,4096x0x0,64x0x0,512x32x1x1
cache_k_l26 (view),kernel_set_rows_f16_i64,0.003900,16384x1x1,512x1x1,512x4096x1x1
cache_v_l26 (view),kernel_set_rows_f16_i64,0.003300,16384x1x1,512x1x1,512x4096x1x1
__fattn__-26,flash_attn_f32_f16,5.212300,32x28x0,32x1x0,128x28x32x1
ffn_inp-26,kernel_add,0.027500,2048x1x1,64x1x1,3584x32x1x1
ffn_norm-26,kernel_rms_norm_mul,0.013700,32768x1x1,1024x1x1,3584x32x1x1
ffn_swiglu-26,kernel_swiglu,0.101400,16384x1x1,512x1x1,18944x32x1x1
ffn_out-26,kernel_mul_mv_q6_K_f32,79.020302,3584x2048x1,2x64x1,3584x32x1x1
l_out-26,kernel_add,0.025100,2048x1x1,64x1x1,3584x32x1x1
attn_norm-27,kernel_rms_norm_mul,0.014500,32768x1x1,1024x1x1,3584x32x1x1
Qcur-27,kernel_add_row,0.011500,28672x0x0,64x0x0,3584x32x1x1
Qcur-27,kernel_rope_neox_f32,0.008700,1792x32x1,64x1x1,128x28x32x1
Kcur-27,kernel_add_row,0.005300,4096x0x0,64x0x0,512x32x1x1
Kcur-27,kernel_rope_neox_f32,0.003200,256x32x1,64x1x1,128x4x32x1
node_930,kernel_mul_mv_q6_K_f32,1.892800,512x2048x1,2x64x1,512x32x1x1
Vcur-27,kernel_add_row,0.003000,4096x0x0,64x0x0,512x32x1x1
cache_k_l27 (view),kernel_set_rows_f16_i64,0.003700,16384x1x1,512x1x1,512x4096x1x1
cache_v_l27 (view),kernel_set_rows_f16_i64,0.003500,16384x1x1,512x1x1,512x4096x1x1
__fattn__-27,flash_attn_f32_f16,5.207500,32x28x0,32x1x0,128x28x32x1
attn_norm-0,kernel_rms_norm_mul,0.017000,32768x1x1,1024x1x1,3584x32x1x1
Qcur-0,kernel_add_row,0.011700,28672x0x0,64x0x0,3584x32x1x1
Qcur-0,kernel_rope_neox_f32,0.008900,1792x32x1,64x1x1,128x28x32x1
Kcur-0,kernel_add_row,0.005000,4096x0x0,64x0x0,512x32x1x1
Kcur-0,kernel_rope_neox_f32,0.003300,256x32x1,64x1x1,128x4x32x1
node_11,kernel_mul_mv_q6_K_f32,1.894200,512x2048x1,2x64x1,512x32x1x1
Vcur-0,kernel_add_row,0.003000,4096x0x0,64x0x0,512x32x1x1
cache_k_l0 (view),kernel_set_rows_f16_i64,0.003800,16384x1x1,512x1x1,512x4096x1x1
cache_v_l0 (view),kernel_set_rows_f16_i64,0.003300,16384x1x1,512x1x1,512x4096x1x1
 (copy),kernel_cpy_f32_f16,0.006300,4096x1x1,64x1x1,768x64x1x1
__fattn__-0,flash_attn_f32_f16,5.244500,32x28x0,32x1x0,128x28x32x1
ffn_inp-0,kernel_add,0.026900,2048x1x1,64x1x1,3584x32x1x1
ffn_norm-0,kernel_rms_norm_mul,0.013800,32768x1x1,1024x1x1,3584x32x1x1
ffn_swiglu-0,kernel_swiglu,0.104500,16384x1x1,512x1x1,18944x32x1x1
ffn_out-0,kernel_mul_mv_q6_K_f32,81.154800,3584x2048x1,2x64x1,3584x32x1x1
l_out-0,kernel_add,0.025000,2048x1x1,64x1x1,3584x32x1x1
attn_norm-1,kernel_rms_norm_mul,0.014300,32768x1x1,1024x1x1,3584x32x1x1
Qcur-1,kernel_add_row,0.011700,28672x0x0,64x0x0,3584x32x1x1
Qcur-1,kernel_rope_neox_f32,0.008700,1792x32x1,64x1x1,128x28x32x1
Kcur-1,kernel_add_row,0.005300,4096x0x0,64x0x0,512x32x1x1
Kcur-1,kernel_rope_neox_f32,0.003200,256x32x1,64x1x1,128x4x32x1
node_46,kernel_mul_mv_q6_K_f32,1.893600,512x2048x1,2x64x1,512x32x1x1
Vcur-1,kernel_add_row,0.003000,4096x0x0,64x0x0,512x32x1x1
cache_k_l1 (view),kernel_set_rows_f16_i64,0.003700,16384x1x1,512x1x1,512x4096x1x1
cache_v_l1 (view),kernel_set_rows_f16_i64,0.003400,16384x1x1,512x1x1,512x4096x1x1
__fattn__-1,flash_attn_f32_f16,5.241400,32x28x0,32x1x0,128x28x32x1
ffn_inp-1,kernel_add,0.027800,2048x1x1,64x1x1,3584x32x1x1
ffn_norm-1,kernel_rms_norm_mul,0.013500,32768x1x1,1024x1x1,3584x32x1x1
ffn_swiglu-1,kernel_swiglu,0.101700,16384x1x1,512x1x1,18944x32x1x1
ffn_out-1,kernel_mul_mv_q6_K_f32,81.125999,3584x2048x1,2x64x1,3584x32x1x1
l_out-1,kernel_add,0.025400,2048x1x1,64x1x1,3584x32x1x1
attn_norm-2,kernel_rms_norm_mul,0.014600,32768x1x1,1024x1x1,3584x32x1x1
Qcur-2,kernel_add_row,0.011800,28672x0x0,64x0x0,3584x32x1x1
Qcur-2,kernel_rope_neox_f32,0.009000,1792x32x1,64x1x1,128x28x32x1
Kcur-2,kernel_add_row,0.005200,4096x0x0,64x0x0,512x32x1x1
Kcur-2,kernel_rope_neox_f32,0.003300,256x32x1,64x1x1,128x4x32x1
node_80,kernel_mul_mv_q6_K_f32,1.896100,512x2048x1,2x64x1,512x32x1x1
Vcur-2,kernel_add_row,0.002600,4096x0x0,64x0x0,512x32x1x1
cache_k_l2 (view),kernel_set_rows_f16_i64,0.003700,16384x1x1,512x1x1,512x4096x1x1
cache_v_l2 (view),kernel_set_rows_f16_i64,0.003400,16384x1x1,512x1x1,512x4096x1x1
__fattn__-2,flash_attn_f32_f16,5.187500,32x28x0,32x1x0,128x28x32x1
ffn_inp-2,kernel_add,0.027700,2048x1x1,64x1x1,3584x32x1x1
ffn_norm-2,kernel_rms_norm_mul,0.013200,32768x1x1,1024x1x1,3584x32x1x1
ffn_swiglu-2,kernel_swiglu,0.102300,16384x1x1,512x1x1,18944x32x1x1
ffn_out-2,kernel_mul_mv_q6_K_f32,79.211998,3584x2048x1,2x64x1,3584x32x1x1
l_out-2,kernel_add,0.025400,2048x1x1,64x1x1,3584x32x1x1
attn_norm-3,kernel_rms_norm_mul,0.014400,32768x1x1,1024x1x1,3584x32x1x1
Qcur-3,kernel_add_row,0.011700,28672x0x0,64x0x0,3584x32x1x1
Qcur-3,kernel_rope_neox_f32,0.009800,1792x32x1,64x1x1,128x28x32x1
Kcur-3,kernel_add_row,0.005200,4096x0x0,64x0x0,512x32x1x1
Kcur-3,kernel_rope_neox_f32,0.003200,256x32x1,64x1x1,128x4x32x1
Vcur-3,kernel_add_row,0.005100,4096x0x0,64x0x0,512x32x1x1
cache_k_l3 (view),kernel_set_rows_f16_i64,0.003700,16384x1x1,512x1x1,512x4096x1x1
cache_v_l3 (view),kernel_set_rows_f16_i64,0.003400,16384x1x1,512x1x1,512x4096x1x1
__fattn__-3,flash_attn_f32_f16,5.220800,32x28x0,32x1x0,128x28x32x1
ffn_inp-3,kernel_add,0.026300,2048x1x1,64x1x1,3584x32x1x1
ffn_norm-3,kernel_rms_norm_mul,0.013800,32768x1x1,1024x1x1,3584x32x1x1
l_out-3,kernel_add,0.025200,2048x1x1,64x1x1,3584x32x1x1
attn_norm-4,kernel_rms_norm_mul,0.014100,32768x1x1,1024x1x1,3584x32x1x1
Qcur-4,kernel_add_row,0.011100,28672x0x0,64x0x0,3584x32x1x1
Qcur-4,kernel_rope_neox_f32,0.009100,1792x32x1,64x1x1,128x28x32x1
Kcur-4,kernel_add_row,0.005300,4096x0x0,64x0x0,512x32x1x1
Kcur-4,kernel_rope_neox_f32,0.003200,256x32x1,64x1x1,128x4x32x1
Vcur-4,kernel_add_row,0.003000,4096x0x0,64x0x0,512x32x1x1
cache_k_l4 (view),kernel_set_rows_f16_i64,0.003700,16384x1x1,512x1x1,512x4096x1x1
cache_v_l4 (view),kernel_set_rows_f16_i64,0.003400,16384x1x1,512x1x1,512x4096x1x1
__fattn__-4,flash_attn_f32_f16,5.192800,32x28x0,32x1x0,128x28x32x1
ffn_inp-4,kernel_add,0.025400,2048x1x1,64x1x1,3584x32x1x1
ffn_norm-4,kernel_rms_norm_mul,0.013000,32768x1x1,1024x1x1,3584x32x1x1
l_out-4,kernel_add,0.024800,2048x1x1,64x1x1,3584x32x1x1
attn_norm-5,kernel_rms_norm_mul,0.014400,32768x1x1,1024x1x1,3584x32x1x1
Qcur-5,kernel_add_row,0.010400,28672x0x0,64x0x0,3584x32x1x1
Qcur-5,kernel_rope_neox_f32,0.008700,1792x32x1,64x1x1,128x28x32x1
Kcur-5,kernel_add_row,0.003000,4096x0x0,64x0x0,512x32x1x1
Kcur-5,kernel_rope_neox_f32,0.003100,256x32x1,64x1x1,128x4x32x1
node_182,kernel_mul_mv_q6_K_f32,1.890400,512x2048x1,2x64x1,512x32x1x1
Vcur-5,kernel_add_row,0.003000,4096x0x0,64x0x0,512x32x1x1
cache_k_l5 (view),kernel_set_rows_f16_i64,0.003600,16384x1x1,512x1x1,512x4096x1x1
cache_v_l5 (view),kernel_set_rows_f16_i64,0.003300,16384x1x1,512x1x1,512x4096x1x1
__fattn__-5,flash_attn_f32_f16,5.176200,32x28x0,32x1x0,128x28x32x1
ffn_inp-5,kernel_add,0.026900,2048x1x1,64x1x1,3584x32x1x1
ffn_norm-5,kernel_rms_norm_mul,0.013400,32768x1x1,1024x1x1,3584x32x1x1
ffn_swiglu-5,kernel_swiglu,0.100800,16384x1x1,512x1x1,18944x32x1x1
ffn_out-5,kernel_mul_mv_q6_K_f32,79.204399,3584x2048x1,2x64x1,3584x32x1x1
l_out-5,kernel_add,0.025200,2048x1x1,64x1x1,3584x32x1x1
attn_norm-6,kernel_rms_norm_mul,0.014700,32768x1x1,1024x1x1,3584x32x1x1
Qcur-6,kernel_add_row,0.011200,28672x0x0,64x0x0,3584x32x1x1
Qcur-6,kernel_rope_neox_f32,0.009600,1792x32x1,64x1x1,128x28x32x1
Kcur-6,kernel_add_row,0.005400,4096x0x0,64x0x0,512x32x1x1
Kcur-6,kernel_rope_neox_f32,0.003300,256x32x1,64x1x1,128x4x32x1
Vcur-6,kernel_add_row,0.003000,4096x0x0,64x0x0,512x32x1x1
cache_k_l6 (view),kernel_set_rows_f16_i64,0.003800,16384x1x1,512x1x1,512x4096x1x1
cache_v_l6 (view),kernel_set_rows_f16_i64,0.003300,16384x1x1,512x1x1,512x4096x1x1
__fattn__-6,flash_attn_f32_f16,5.220700,32x28x0,32x1x0,128x28x32x1
ffn_inp-6,kernel_add,0.025200,2048x1x1,64x1x1,3584x32x1x1
ffn_norm-6,kernel_rms_norm_mul,0.013500,32768x1x1,1024x1x1,3584x32x1x1
l_out-6,kernel_add,0.026400,2048x1x1,64x1x1,3584x32x1x1
attn_norm-7,kernel_rms_norm_mul,0.014200,32768x1x1,1024x1x1,3584x32x1x1
Qcur-7,kernel_add_row,0.010700,28672x0x0,64x0x0,3584x32x1x1
Qcur-7,kernel_rope_neox_f32,0.009600,1792x32x1,64x1x1,128x28x32x1
Kcur-7,kernel_add_row,0.005100,4096x0x0,64x0x0,512x32x1x1
Kcur-7,kernel_rope_neox_f32,0.003300,256x32x1,64x1x1,128x4x32x1
Vcur-7,kernel_add_row,0.003000,4096x0x0,64x0x0,512x32x1x1
cache_k_l7 (view),kernel_set_rows_f16_i64,0.004000,16384x1x1,512x1x1,512x4096x1x1
cache_v_l7 (view),kernel_set_rows_f16_i64,0.003400,16384x1x1,512x1x1,512x4096x1x1
__fattn__-7,flash_attn_f32_f16,5.271000,32x28x0,32x1x0,128x28x32x1
ffn_inp-7,kernel_add,0.026400,2048x1x1,64x1x1,3584x32x1x1
ffn_norm-7,kernel_rms_norm_mul,0.013300,32768x1x1,1024x1x1,3584x32x1x1
l_out-7,kernel_add,0.025000,2048x1x1,64x1x1,3584x32x1x1
attn_norm-8,kernel_rms_norm_mul,0.014300,32768x1x1,1024x1x1,3584x32x1x1
Qcur-8,kernel_add_row,0.010400,28672x0x0,64x0x0,3584x32x1x1
Qcur-8,kernel_rope_neox_f32,0.008800,1792x32x1,64x1x1,128x28x32x1
Kcur-8,kernel_add_row,0.003200,4096x0x0,64x0x0,512x32x1x1
Kcur-8,kernel_rope_neox_f32,0.003300,256x32x1,64x1x1,128x4x32x1
node_284,kernel_mul_mv_q6_K_f32,1.892200,512x2048x1,2x64x1,512x32x1x1
Vcur-8,kernel_add_row,0.003000,4096x0x0,64x0x0,512x32x1x1
cache_k_l8 (view),kernel_set_rows_f16_i64,0.003700,16384x1x1,512x1x1,512x4096x1x1
cache_v_l8 (view),kernel_set_rows_f16_i64,0.003400,16384x1x1,512x1x1,512x4096x1x1
__fattn__-8,flash_attn_f32_f16,5.194900,32x28x0,32x1x0,128x28x32x1
ffn_inp-8,kernel_add,0.027400,2048x1x1,64x1x1,3584x32x1x1
ffn_norm-8,kernel_rms_norm_mul,0.013300,32768x1x1,1024x1x1,3584x32x1x1
ffn_swiglu-8,kernel_swiglu,0.100700,16384x1x1,512x1x1,18944x32x1x1
ffn_out-8,kernel_mul_mv_q6_K_f32,79.241798,3584x2048x1,2x64x1,3584x32x1x1
l_out-8,kernel_add,0.025500,2048x1x1,64x1x1,3584x32x1x1
attn_norm-9,kernel_rms_norm_mul,0.014400,32768x1x1,1024x1x1,3584x32x1x1
Qcur-9,kernel_add_row,0.011900,28672x0x0,64x0x0,3584x32x1x1
Qcur-9,kernel_rope_neox_f32,0.009800,1792x32x1,64x1x1,128x28x32x1
Kcur-9,kernel_add_row,0.005200,4096x0x0,64x0x0,512x32x1x1
Kcur-9,kernel_rope_neox_f32,0.003300,256x32x1,64x1x1,128x4x32x1
Vcur-9,kernel_add_row,0.003000,4096x0x0,64x0x0,512x32x1x1
cache_k_l9 (view),kernel_set_rows_f16_i64,0.003900,16384x1x1,512x1x1,512x4096x1x1
cache_v_l9 (view),kernel_set_rows_f16_i64,0.003300,16384x1x1,512x1x1,512x4096x1x1
__fattn__-9,flash_attn_f32_f16,5.200200,32x28x0,32x1x0,128x28x32x1
ffn_inp-9,kernel_add,0.026600,2048x1x1,64x1x1,3584x32x1x1
ffn_norm-9,kernel_rms_norm_mul,0.013400,32768x1x1,1024x1x1,3584x32x1x1
l_out-9,kernel_add,0.025100,2048x1x1,64x1x1,3584x32x1x1
attn_norm-10,kernel_rms_norm_mul,0.014000,32768x1x1,1024x1x1,3584x32x1x1
Qcur-10,kernel_add_row,0.010800,28672x0x0,64x0x0,3584x32x1x1
Qcur-10,kernel_rope_neox_f32,0.009000,1792x32x1,64x1x1,128x28x32x1
Kcur-10,kernel_add_row,0.005200,4096x0x0,64x0x0,512x32x1x1
Kcur-10,kernel_rope_neox_f32,0.003200,256x32x1,64x1x1,128x4x32x1
Vcur-10,kernel_add_row,0.003000,4096x0x0,64x0x0,512x32x1x1
cache_k_l10 (view),kernel_set_rows_f16_i64,0.003700,16384x1x1,512x1x1,512x4096x1x1
cache_v_l10 (view),kernel_set_rows_f16_i64,0.003300,16384x1x1,512x1x1,512x4096x1x1
__fattn__-10,flash_attn_f32_f16,5.176600,32x28x0,32x1x0,128x28x32x1
ffn_inp-10,kernel_add,0.026500,2048x1x1,64x1x1,3584x32x1x1
ffn_norm-10,kernel_rms_norm_mul,0.013000,32768x1x1,1024x1x1,3584x32x1x1
l_out-10,kernel_add,0.025100,2048x1x1,64x1x1,3584x32x1x1
attn_norm-11,kernel_rms_norm_mul,0.014600,32768x1x1,1024x1x1,3584x32x1x1
Qcur-11,kernel_add_row,0.010300,28672x0x0,64x0x0,3584x32x1x1
Qcur-11,kernel_rope_neox_f32,0.008600,1792x32x1,64x1x1,128x28x32x1
Kcur-11,kernel_add_row,0.003100,4096x0x0,64x0x0,512x32x1x1
Kcur-11,kernel_rope_neox_f32,0.003300,256x32x1,64x1x1,128x4x32x1
node_386,kernel_mul_mv_q6_K_f32,1.894200,512x2048x1,2x64x1,512x32x1x1
Vcur-11,kernel_add_row,0.003000,4096x0x0,64x0x0,512x32x1x1
cache_k_l11 (view),kernel_set_rows_f16_i64,0.003800,16384x1x1,512x1x1,512x4096x1x1
cache_v_l11 (view),kernel_set_rows_f16_i64,0.003400,16384x1x1,512x1x1,512x4096x1x1
__fattn__-11,flash_attn_f32_f16,5.255800,32x28x0,32x1x0,128x28x32x1
ffn_inp-11,kernel_add,0.026600,2048x1x1,64x1x1,3584x32x1x1
ffn_norm-11,kernel_rms_norm_mul,0.013500,32768x1x1,1024x1x1,3584x32x1x1
ffn_swiglu-11,kernel_swiglu,0.101900,16384x1x1,512x1x1,18944x32x1x1
ffn_out-11,kernel_mul_mv_q6_K_f32,79.135201,3584x2048x1,2x64x1,3584x32x1x1
l_out-11,kernel_add,0.025200,2048x1x1,64x1x1,3584x32x1x1
attn_norm-12,kernel_rms_norm_mul,0.014500,32768x1x1,1024x1x1,3584x32x1x1
Qcur-12,kernel_add_row,0.011500,28672x0x0,64x0x0,3584x32x1x1
Qcur-12,kernel_rope_neox_f32,0.009800,1792x32x1,64x1x1,128x28x32x1
Kcur-12,kernel_add_row,0.005400,4096x0x0,64x0x0,512x32x1x1
Kcur-12,kernel_rope_neox_f32,0.003200,256x32x1,64x1x1,128x4x32x1
Vcur-12,kernel_add_row,0.003000,4096x0x0,64x0x0,512x32x1x1
cache_k_l12 (view),kernel_set_rows_f16_i64,0.003700,16384x1x1,512x1x1,512x4096x1x1
cache_v_l12 (view),kernel_set_rows_f16_i64,0.003300,16384x1x1,512x1x1,512x4096x1x1
__fattn__-12,flash_attn_f32_f16,5.189800,32x28x0,32x1x0,128x28x32x1
ffn_inp-12,kernel_add,0.026900,2048x1x1,64x1x1,3584x32x1x1
ffn_norm-12,kernel_rms_norm_mul,0.013800,32768x1x1,1024x1x1,3584x32x1x1
l_out-12,kernel_add,0.025000,2048x1x1,64x1x1,3584x32x1x1
attn_norm-13,kernel_rms_norm_mul,0.014900,32768x1x1,1024x1x1,3584x32x1x1
Qcur-13,kernel_add_row,0.010800,28672x0x0,64x0x0,3584x32x1x1
Qcur-13,kernel_rope_neox_f32,0.008900,1792x32x1,64x1x1,128x28x32x1
Kcur-13,kernel_add_row,0.005000,4096x0x0,64x0x0,512x32x1x1
Kcur-13,kernel_rope_neox_f32,0.003300,256x32x1,64x1x1,128x4x32x1
Vcur-13,kernel_add_row,0.003000,4096x0x0,64x0x0,512x32x1x1
cache_k_l13 (view),kernel_set_rows_f16_i64,0.003700,16384x1x1,512x1x1,512x4096x1x1
cache_v_l13 (view),kernel_set_rows_f16_i64,0.003300,16384x1x1,512x1x1,512x4096x1x1
__fattn__-13,flash_attn_f32_f16,5.211200,32x28x0,32x1x0,128x28x32x1
ffn_inp-13,kernel_add,0.026600,2048x1x1,64x1x1,3584x32x1x1
ffn_norm-13,kernel_rms_norm_mul,0.013300,32768x1x1,1024x1x1,3584x32x1x1
l_out-13,kernel_add,0.024500,2048x1x1,64x1x1,3584x32x1x1
attn_norm-14,kernel_rms_norm_mul,0.013700,32768x1x1,1024x1x1,3584x32x1x1
Qcur-14,kernel_add_row,0.010400,28672x0x0,64x0x0,3584x32x1x1
Qcur-14,kernel_rope_neox_f32,0.008800,1792x32x1,64x1x1,128x28x32x1
Kcur-14,kernel_add_row,0.003000,4096x0x0,64x0x0,512x32x1x1
Kcur-14,kernel_rope_neox_f32,0.003200,256x32x1,64x1x1,128x4x32x1
node_488,kernel_mul_mv_q6_K_f32,1.889400,512x2048x1,2x64x1,512x32x1x1
Vcur-14,kernel_add_row,0.003000,4096x0x0,64x0x0,512x32x1x1
cache_k_l14 (view),kernel_set_rows_f16_i64,0.003800,16384x1x1,512x1x1,512x4096x1x1
cache_v_l14 (view),kernel_set_rows_f16_i64,0.003400,16384x1x1,512x1x1,512x4096x1x1
__fattn__-14,flash_attn_f32_f16,5.169000,32x28x0,32x1x0,128x28x32x1
ffn_inp-14,kernel_add,0.026600,2048x1x1,64x1x1,3584x32x1x1
ffn_norm-14,kernel_rms_norm_mul,0.013300,32768x1x1,1024x1x1,3584x32x1x1
ffn_swiglu-14,kernel_swiglu,0.100800,16384x1x1,512x1x1,18944x32x1x1
ffn_out-14,kernel_mul_mv_q6_K_f32,79.239601,3584x2048x1,2x64x1,3584x32x1x1
l_out-14,kernel_add,0.025200,2048x1x1,64x1x1,3584x32x1x1
attn_norm-15,kernel_rms_norm_mul,0.014600,32768x1x1,1024x1x1,3584x32x1x1
Qcur-15,kernel_add_row,0.011200,28672x0x0,64x0x0,3584x32x1x1
Qcur-15,kernel_rope_neox_f32,0.010200,1792x32x1,64x1x1,128x28x32x1
Kcur-15,kernel_add_row,0.005400,4096x0x0,64x0x0,512x32x1x1
Kcur-15,kernel_rope_neox_f32,0.003400,256x32x1,64x1x1,128x4x32x1
Vcur-15,kernel_add_row,0.005000,4096x0x0,64x0x0,512x32x1x1
cache_k_l15 (view),kernel_set_rows_f16_i64,0.003700,16384x1x1,512x1x1,512x4096x1x1
cache_v_l15 (view),kernel_set_rows_f16_i64,0.003300,16384x1x1,512x1x1,512x4096x1x1
__fattn__-15,flash_attn_f32_f16,5.219500,32x28x0,32x1x0,128x28x32x1
ffn_inp-15,kernel_add,0.025800,2048x1x1,64x1x1,3584x32x1x1
ffn_norm-15,kernel_rms_norm_mul,0.013400,32768x1x1,1024x1x1,3584x32x1x1
l_out-15,kernel_add,0.025600,2048x1x1,64x1x1,3584x32x1x1
attn_norm-16,kernel_rms_norm_mul,0.014500,32768x1x1,1024x1x1,3584x32x1x1
Qcur-16,kernel_add_row,0.011200,28672x0x0,64x0x0,3584x32x1x1
Qcur-16,kernel_rope_neox_f32,0.009100,1792x32x1,64x1x1,128x28x32x1
Kcur-16,kernel_add_row,0.005300,4096x0x0,64x0x0,512x32x1x1
Kcur-16,kernel_rope_neox_f32,0.003300,256x32x1,64x1x1,128x4x32x1
Vcur-16,kernel_add_row,0.003000,4096x0x0,64x0x0,512x32x1x1
cache_k_l16 (view),kernel_set_rows_f16_i64,0.004100,16384x1x1,512x1x1,512x4096x1x1
cache_v_l16 (view),kernel_set_rows_f16_i64,0.003200,16384x1x1,512x1x1,512x4096x1x1
__fattn__-16,flash_attn_f32_f16,5.181500,32x28x0,32x1x0,128x28x32x1
ffn_inp-16,kernel_add,0.026300,2048x1x1,64x1x1,3584x32x1x1
ffn_norm-16,kernel_rms_norm_mul,0.013100,32768x1x1,1024x1x1,3584x32x1x1
l_out-16,kernel_add,0.024400,2048x1x1,64x1x1,3584x32x1x1
attn_norm-17,kernel_rms_norm_mul,0.014000,32768x1x1,1024x1x1,3584x32x1x1
Qcur-17,kernel_add_row,0.010300,28672x0x0,64x0x0,3584x32x1x1
Qcur-17,kernel_rope_neox_f32,0.008800,1792x32x1,64x1x1,128x28x32x1
Kcur-17,kernel_add_row,0.003100,4096x0x0,64x0x0,512x32x1x1
Kcur-17,kernel_rope_neox_f32,0.003300,256x32x1,64x1x1,128x4x32x1
node_590,kernel_mul_mv_q6_K_f32,1.891600,512x2048x1,2x64x1,512x32x1x1
Vcur-17,kernel_add_row,0.003000,4096x0x0,64x0x0,512x32x1x1
cache_k_l17 (view),kernel_set_rows_f16_i64,0.003700,16384x1x1,512x1x1,512x4096x1x1
cache_v_l17 (view),kernel_set_rows_f16_i64,0.003300,16384x1x1,512x1x1,512x4096x1x1
__fattn__-17,flash_attn_f32_f16,5.172100,32x28x0,32x1x0,128x28x32x1
ffn_inp-17,kernel_add,0.026900,2048x1x1,64x1x1,3584x32x1x1
ffn_norm-17,kernel_rms_norm_mul,0.013300,32768x1x1,1024x1x1,3584x32x1x1
ffn_swiglu-17,kernel_swiglu,0.101800,16384x1x1,512x1x1,18944x32x1x1
ffn_out-17,kernel_mul_mv_q6_K_f32,79.469398,3584x2048x1,2x64x1,3584x32x1x1
l_out-17,kernel_add,0.025200,2048x1x1,64x1x1,3584x32x1x1
attn_norm-18,kernel_rms_norm_mul,0.014500,32768x1x1,1024x1x1,3584x32x1x1
Qcur-18,kernel_add_row,0.011200,28672x0x0,64x0x0,3584x32x1x1
Qcur-18,kernel_rope_neox_f32,0.010200,1792x32x1,64x1x1,128x28x32x1
Kcur-18,kernel_add_row,0.005300,4096x0x0,64x0x0,512x32x1x1
Kcur-18,kernel_rope_neox_f32,0.003200,256x32x1,64x1x1,128x4x32x1
Vcur-18,kernel_add_row,0.003000,4096x0x0,64x0x0,512x32x1x1
cache_k_l18 (view),kernel_set_rows_f16_i64,0.003700,16384x1x1,512x1x1,512x4096x1x1
cache_v_l18 (view),kernel_set_rows_f16_i64,0.003300,16384x1x1,512x1x1,512x4096x1x1
__fattn__-18,flash_attn_f32_f16,5.248700,32x28x0,32x1x0,128x28x32x1
ffn_inp-18,kernel_add,0.025900,2048x1x1,64x1x1,3584x32x1x1
ffn_norm-18,kernel_rms_norm_mul,0.013400,32768x1x1,1024x1x1,3584x32x1x1
l_out-18,kernel_add,0.025500,2048x1x1,64x1x1,3584x32x1x1
attn_norm-19,kernel_rms_norm_mul,0.014200,32768x1x1,1024x1x1,3584x32x1x1
Qcur-19,kernel_add_row,0.010900,28672x0x0,64x0x0,3584x32x1x1
Qcur-19,kernel_rope_neox_f32,0.009200,1792x32x1,64x1x1,128x28x32x1
Kcur-19,kernel_add_row,0.005200,4096x0x0,64x0x0,512x32x1x1
Kcur-19,kernel_rope_neox_f32,0.003300,256x32x1,64x1x1,128x4x32x1
Vcur-19,kernel_add_row,0.003000,4096x0x0,64x0x0,512x32x1x1
cache_k_l19 (view),kernel_set_rows_f16_i64,0.003800,16384x1x1,512x1x1,512x4096x1x1
cache_v_l19 (view),kernel_set_rows_f16_i64,0.003300,16384x1x1,512x1x1,512x4096x1x1
__fattn__-19,flash_attn_f32_f16,5.208200,32x28x0,32x1x0,128x28x32x1
ffn_inp-19,kernel_add,0.025900,2048x1x1,64x1x1,3584x32x1x1
ffn_norm-19,kernel_rms_norm_mul,0.013300,32768x1x1,1024x1x1,3584x32x1x1
l_out-19,kernel_add,0.024800,2048x1x1,64x1x1,3584x32x1x1
attn_norm-20,kernel_rms_norm_mul,0.014100,32768x1x1,1024x1x1,3584x32x1x1
Qcur-20,kernel_add_row,0.026200,28672x0x0,64x0x0,3584x32x1x1
Qcur-20,kernel_rope_neox_f32,0.008800,1792x32x1,64x1x1,128x28x32x1
Kcur-20,kernel_add_row,0.003200,4096x0x0,64x0x0,512x32x1x1
Kcur-20,kernel_rope_neox_f32,0.003400,256x32x1,64x1x1,128x4x32x1
node_692,kernel_mul_mv_q6_K_f32,1.891400,512x2048x1,2x64x1,512x32x1x1
Vcur-20,kernel_add_row,0.003000,4096x0x0,64x0x0,512x32x1x1
cache_k_l20 (view),kernel_set_rows_f16_i64,0.003800,16384x1x1,512x1x1,512x4096x1x1
cache_v_l20 (view),kernel_set_rows_f16_i64,0.003300,16384x1x1,512x1x1,512x4096x1x1
__fattn__-20,flash_attn_f32_f16,5.217900,32x28x0,32x1x0,128x28x32x1
ffn_inp-20,kernel_add,0.026600,2048x1x1,64x1x1,3584x32x1x1
ffn_norm-20,kernel_rms_norm_mul,0.013600,32768x1x1,1024x1x1,3584x32x1x1
ffn_swiglu-20,kernel_swiglu,0.103600,16384x1x1,512x1x1,18944x32x1x1
ffn_out-20,kernel_mul_mv_q6_K_f32,79.168602,3584x2048x1,2x64x1,3584x32x1x1
l_out-20,kernel_add,0.025400,2048x1x1,64x1x1,3584x32x1x1
attn_norm-21,kernel_rms_norm_mul,0.014800,32768x1x1,1024x1x1,3584x32x1x1
Qcur-21,kernel_add_row,0.011600,28672x0x0,64x0x0,3584x32x1x1
Qcur-21,kernel_rope_neox_f32,0.010100,1792x32x1,64x1x1,128x28x32x1
Kcur-21,kernel_add_row,0.005300,4096x0x0,64x0x0,512x32x1x1
Kcur-21,kernel_rope_neox_f32,0.003300,256x32x1,64x1x1,128x4x32x1
Vcur-21,kernel_add_row,0.003000,4096x0x0,64x0x0,512x32x1x1
cache_k_l21 (view),kernel_set_rows_f16_i64,0.003700,16384x1x1,512x1x1,512x4096x1x1
cache_v_l21 (view),kernel_set_rows_f16_i64,0.003400,16384x1x1,512x1x1,512x4096x1x1
__fattn__-21,flash_attn_f32_f16,5.189500,32x28x0,32x1x0,128x28x32x1
ffn_inp-21,kernel_add,0.026100,2048x1x1,64x1x1,3584x32x1x1
ffn_norm-21,kernel_rms_norm_mul,0.013700,32768x1x1,1024x1x1,3584x32x1x1
l_out-21,kernel_add,0.025600,2048x1x1,64x1x1,3584x32x1x1
attn_norm-22,kernel_rms_norm_mul,0.014600,32768x1x1,1024x1x1,3584x32x1x1
Qcur-22,kernel_add_row,0.011700,28672x0x0,64x0x0,3584x32x1x1
Qcur-22,kernel_rope_neox_f32,0.009200,1792x32x1,64x1x1,128x28x32x1
Kcur-22,kernel_add_row,0.005600,4096x0x0,64x0x0,512x32x1x1
Kcur-22,kernel_rope_neox_f32,0.003300,256x32x1,64x1x1,128x4x32x1
Vcur-22,kernel_add_row,0.003000,4096x0x0,64x0x0,512x32x1x1
cache_k_l22 (view),kernel_set_rows_f16_i64,0.004100,16384x1x1,512x1x1,512x4096x1x1
cache_v_l22 (view),kernel_set_rows_f16_i64,0.003300,16384x1x1,512x1x1,512x4096x1x1
__fattn__-22,flash_attn_f32_f16,5.207000,32x28x0,32x1x0,128x28x32x1
ffn_inp-22,kernel_add,0.025900,2048x1x1,64x1x1,3584x32x1x1
ffn_norm-22,kernel_rms_norm_mul,0.013400,32768x1x1,1024x1x1,3584x32x1x1
l_out-22,kernel_add,0.025200,2048x1x1,64x1x1,3584x32x1x1
attn_norm-23,kernel_rms_norm_mul,0.014100,32768x1x1,1024x1x1,3584x32x1x1
Qcur-23,kernel_add_row,0.010300,28672x0x0,64x0x0,3584x32x1x1
Qcur-23,kernel_rope_neox_f32,0.008800,1792x32x1,64x1x1,128x28x32x1
Kcur-23,kernel_add_row,0.003000,4096x0x0,64x0x0,512x32x1x1
Kcur-23,kernel_rope_neox_f32,0.003300,256x32x1,64x1x1,128x4x32x1
node_794,kernel_mul_mv_q6_K_f32,1.889600,512x2048x1,2x64x1,512x32x1x1
Vcur-23,kernel_add_row,0.003000,4096x0x0,64x0x0,512x32x1x1
cache_k_l23 (view),kernel_set_rows_f16_i64,0.003800,16384x1x1,512x1x1,512x4096x1x1
cache_v_l23 (view),kernel_set_rows_f16_i64,0.003300,16384x1x1,512x1x1,512x4096x1x1
__fattn__-23,flash_attn_f32_f16,5.192600,32x28x0,32x1x0,128x28x32x1
ffn_inp-23,kernel_add,0.027000,2048x1x1,64x1x1,3584x32x1x1
ffn_norm-23,kernel_rms_norm_mul,0.013400,32768x1x1,1024x1x1,3584x32x1x1
ffn_swiglu-23,kernel_swiglu,0.101400,16384x1x1,512x1x1,18944x32x1x1
ffn_out-23,kernel_mul_mv_q6_K_f32,79.144707,3584x2048x1,2x64x1,3584x32x1x1
l_out-23,kernel_add,0.025400,2048x1x1,64x1x1,3584x32x1x1
attn_norm-24,kernel_rms_norm_mul,0.014800,32768x1x1,1024x1x1,3584x32x1x1
Qcur-24,kernel_add_row,0.011200,28672x0x0,64x0x0,3584x32x1x1
Qcur-24,kernel_rope_neox_f32,0.009000,1792x32x1,64x1x1,128x28x32x1
Kcur-24,kernel_add_row,0.005200,4096x0x0,64x0x0,512x32x1x1
Kcur-24,kernel_rope_neox_f32,0.003400,256x32x1,64x1x1,128x4x32x1
node_828,kernel_mul_mv_q6_K_f32,1.898300,512x2048x1,2x64x1,512x32x1x1
Vcur-24,kernel_add_row,0.002700,4096x0x0,64x0x0,512x32x1x1
cache_k_l24 (view),kernel_set_rows_f16_i64,0.003700,16384x1x1,512x1x1,512x4096x1x1
cache_v_l24 (view),kernel_set_rows_f16_i64,0.003300,16384x1x1,512x1x1,512x4096x1x1
__fattn__-24,flash_attn_f32_f16,5.217200,32x28x0,32x1x0,128x28x32x1
ffn_inp-24,kernel_add,0.026800,2048x1x1,64x1x1,3584x32x1x1
ffn_norm-24,kernel_rms_norm_mul,0.014000,32768x1x1,1024x1x1,3584x32x1x1
ffn_swiglu-24,kernel_swiglu,0.103000,16384x1x1,512x1x1,18944x32x1x1
ffn_out-24,kernel_mul_mv_q6_K_f32,79.146896,3584x2048x1,2x64x1,3584x32x1x1
l_out-24,kernel_add,0.025200,2048x1x1,64x1x1,3584x32x1x1
attn_norm-25,kernel_rms_norm_mul,0.014600,32768x1x1,1024x1x1,3584x32x1x1
Qcur-25,kernel_add_row,0.011700,28672x0x0,64x0x0,3584x32x1x1
Qcur-25,kernel_rope_neox_f32,0.008600,1792x32x1,64x1x1,128x28x32x1
Kcur-25,kernel_add_row,0.005400,4096x0x0,64x0x0,512x32x1x1
Kcur-25,kernel_rope_neox_f32,0.003300,256x32x1,64x1x1,128x4x32x1
node_862,kernel_mul_mv_q6_K_f32,1.893100,512x2048x1,2x64x1,512x32x1x1
Vcur-25,kernel_add_row,0.003000,4096x0x0,64x0x0,512x32x1x1
cache_k_l25 (view),kernel_set_rows_f16_i64,0.003700,16384x1x1,512x1x1,512x4096x1x1
cache_v_l25 (view),kernel_set_rows_f16_i64,0.003400,16384x1x1,512x1x1,512x4096x1x1
__fattn__-25,flash_attn_f32_f16,5.203100,32x28x0,32x1x0,128x28x32x1
ffn_inp-25,kernel_add,0.027400,2048x1x1,64x1x1,3584x32x1x1
ffn_norm-25,kernel_rms_norm_mul,0.014100,32768x1x1,1024x1x1,3584x32x1x1
ffn_swiglu-25,kernel_swiglu,0.101000,16384x1x1,512x1x1,18944x32x1x1
ffn_out-25,kernel_mul_mv_q6_K_f32,79.059601,3584x2048x1,2x64x1,3584x32x1x1
l_out-25,kernel_add,0.025400,2048x1x1,64x1x1,3584x32x1x1
attn_norm-26,kernel_rms_norm_mul,0.014400,32768x1x1,1024x1x1,3584x32x1x1
Qcur-26,kernel_add_row,0.011500,28672x0x0,64x0x0,3584x32x1x1
Qcur-26,kernel_rope_neox_f32,0.008900,1792x32x1,64x1x1,128x28x32x1
Kcur-26,kernel_add_row,0.005200,4096x0x0,64x0x0,512x32x1x1
Kcur-26,kernel_rope_neox_f32,0.003100,256x32x1,64x1x1,128x4x32x1
node_896,kernel_mul_mv_q6_K_f32,1.894400,512x2048x1,2x64x1,512x32x1x1
Vcur-26,kernel_add_row,0.002900,4096x0x0,64x0x0,512x32x1x1
cache_k_l26 (view),kernel_set_rows_f16_i64,0.003900,16384x1x1,512x1x1,512x4096x1x1
cache_v_l26 (view),kernel_set_rows_f16_i64,0.003400,16384x1x1,512x1x1,512x4096x1x1
__fattn__-26,flash_attn_f32_f16,5.202300,32x28x0,32x1x0,128x28x32x1
ffn_inp-26,kernel_add,0.027400,2048x1x1,64x1x1,3584x32x1x1
ffn_norm-26,kernel_rms_norm_mul,0.013600,32768x1x1,1024x1x1,3584x32x1x1
ffn_swiglu-26,kernel_swiglu,0.100900,16384x1x1,512x1x1,18944x32x1x1
ffn_out-26,kernel_mul_mv_q6_K_f32,79.096306,3584x2048x1,2x64x1,3584x32x1x1
l_out-26,kernel_add,0.025000,2048x1x1,64x1x1,3584x32x1x1
attn_norm-27,kernel_rms_norm_mul,0.014600,32768x1x1,1024x1x1,3584x32x1x1
Qcur-27,kernel_add_row,0.011500,28672x0x0,64x0x0,3584x32x1x1
Qcur-27,kernel_rope_neox_f32,0.008700,1792x32x1,64x1x1,128x28x32x1
Kcur-27,kernel_add_row,0.005300,4096x0x0,64x0x0,512x32x1x1
Kcur-27,kernel_rope_neox_f32,0.003200,256x32x1,64x1x1,128x4x32x1
node_930,kernel_mul_mv_q6_K_f32,1.893100,512x2048x1,2x64x1,512x32x1x1
Vcur-27,kernel_add_row,0.002800,4096x0x0,64x0x0,512x32x1x1
cache_k_l27 (view),kernel_set_rows_f16_i64,0.003700,16384x1x1,512x1x1,512x4096x1x1
cache_v_l27 (view),kernel_set_rows_f16_i64,0.003400,16384x1x1,512x1x1,512x4096x1x1
__fattn__-27,flash_attn_f32_f16,5.704600,32x28x0,32x1x0,128x28x32x1
attn_norm-0,kernel_rms_norm_mul,0.009100,5120x1x1,1024x1x1,3584x5x1x1
Qcur-0,kernel_add_row,0.005800,4480x0x0,64x0x0,3584x5x1x1
Qcur-0,kernel_rope_neox_f32,0.003300,1792x5x1,64x1x1,128x28x5x1
Kcur-0,kernel_add_row,0.002400,640x0x0,64x0x0,512x5x1x1
Kcur-0,kernel_rope_neox_f32,0.002600,256x5x1,64x1x1,128x4x5x1
node_11,kernel_mul_mv_q6_K_f32,0.314300,512x320x1,2x64x1,512x5x1x1
Vcur-0,kernel_add_row,0.002200,640x0x0,64x0x0,512x5x1x1
cache_k_l0 (view),kernel_set_rows_f16_i64,0.002600,2560x1x1,512x1x1,512x4096x1x1
cache_v_l0 (view),kernel_set_rows_f16_i64,0.002400,2560x1x1,512x1x1,512x4096x1x1
 (copy),kernel_cpy_f32_f16,0.006500,4096x1x1,64x1x1,768x64x1x1
__fattn__-0,flash_attn_f32_f16,4.101400,32x28x0,32x1x0,128x28x5x1
ffn_inp-0,kernel_add,0.023100,320x1x1,64x1x1,3584x5x1x1
ffn_norm-0,kernel_rms_norm_mul,0.006000,5120x1x1,1024x1x1,3584x5x1x1
ffn_swiglu-0,kernel_swiglu,0.020400,2560x1x1,512x1x1,18944x5x1x1
ffn_out-0,kernel_mul_mv_q6_K_f32,12.691500,3584x320x1,2x64x1,3584x5x1x1
l_out-0,kernel_add,0.022300,320x1x1,64x1x1,3584x5x1x1
attn_norm-1,kernel_rms_norm_mul,0.006100,5120x1x1,1024x1x1,3584x5x1x1
Qcur-1,kernel_add_row,0.005700,4480x0x0,64x0x0,3584x5x1x1
Qcur-1,kernel_rope_neox_f32,0.003200,1792x5x1,64x1x1,128x28x5x1
Kcur-1,kernel_add_row,0.002400,640x0x0,64x0x0,512x5x1x1
Kcur-1,kernel_rope_neox_f32,0.002500,256x5x1,64x1x1,128x4x5x1
node_46,kernel_mul_mv_q6_K_f32,0.311500,512x320x1,2x64x1,512x5x1x1
Vcur-1,kernel_add_row,0.002200,640x0x0,64x0x0,512x5x1x1
cache_k_l1 (view),kernel_set_rows_f16_i64,0.002500,2560x1x1,512x1x1,512x4096x1x1
cache_v_l1 (view),kernel_set_rows_f16_i64,0.002400,2560x1x1,512x1x1,512x4096x1x1
__fattn__-1,flash_attn_f32_f16,4.061100,32x28x0,32x1x0,128x28x5x1
ffn_inp-1,kernel_add,0.022900,320x1x1,64x1x1,3584x5x1x1
ffn_norm-1,kernel_rms_norm_mul,0.006000,5120x1x1,1024x1x1,3584x5x1x1
ffn_swiglu-1,kernel_swiglu,0.020400,2560x1x1,512x1x1,18944x5x1x1
ffn_out-1,kernel_mul_mv_q6_K_f32,12.693200,3584x320x1,2x64x1,3584x5x1x1
l_out-1,kernel_add,0.022300,320x1x1,64x1x1,3584x5x1x1
attn_norm-2,kernel_rms_norm_mul,0.006200,5120x1x1,1024x1x1,3584x5x1x1
Qcur-2,kernel_add_row,0.006100,4480x0x0,64x0x0,3584x5x1x1
Qcur-2,kernel_rope_neox_f32,0.003300,1792x5x1,64x1x1,128x28x5x1
Kcur-2,kernel_add_row,0.002400,640x0x0,64x0x0,512x5x1x1
Kcur-2,kernel_rope_neox_f32,0.002500,256x5x1,64x1x1,128x4x5x1
node_80,kernel_mul_mv_q6_K_f32,0.311100,512x320x1,2x64x1,512x5x1x1
Vcur-2,kernel_add_row,0.002400,640x0x0,64x0x0,512x5x1x1
cache_k_l2 (view),kernel_set_rows_f16_i64,0.002500,2560x1x1,512x1x1,512x4096x1x1
cache_v_l2 (view),kernel_set_rows_f16_i64,0.002500,2560x1x1,512x1x1,512x4096x1x1
__fattn__-2,flash_attn_f32_f16,4.057800,32x28x0,32x1x0,128x28x5x1
ffn_inp-2,kernel_add,0.023500,320x1x1,64x1x1,3584x5x1x1
ffn_norm-2,kernel_rms_norm_mul,0.006100,5120x1x1,1024x1x1,3584x5x1x1
ffn_swiglu-2,kernel_swiglu,0.019700,2560x1x1,512x1x1,18944x5x1x1
ffn_out-2,kernel_mul_mv_q6_K_f32,12.402600,3584x320x1,2x64x1,3584x5x1x1
l_out-2,kernel_add,0.021900,320x1x1,64x1x1,3584x5x1x1
attn_norm-3,kernel_rms_norm_mul,0.006200,5120x1x1,1024x1x1,3584x5x1x1
Qcur-3,kernel_add_row,0.005800,4480x0x0,64x0x0,3584x5x1x1
Qcur-3,kernel_rope_neox_f32,0.003400,1792x5x1,64x1x1,128x28x5x1
Kcur-3,kernel_add_row,0.002400,640x0x0,64x0x0,512x5x1x1
Kcur-3,kernel_rope_neox_f32,0.002500,256x5x1,64x1x1,128x4x5x1
Vcur-3,kernel_add_row,0.002400,640x0x0,64x0x0,512x5x1x1
cache_k_l3 (view),kernel_set_rows_f16_i64,0.002600,2560x1x1,512x1x1,512x4096x1x1
cache_v_l3 (view),kernel_set_rows_f16_i64,0.002400,2560x1x1,512x1x1,512x4096x1x1
__fattn__-3,flash_attn_f32_f16,4.057200,32x28x0,32x1x0,128x28x5x1
ffn_inp-3,kernel_add,0.021700,320x1x1,64x1x1,3584x5x1x1
ffn_norm-3,kernel_rms_norm_mul,0.006000,5120x1x1,1024x1x1,3584x5x1x1
l_out-3,kernel_add,0.022600,320x1x1,64x1x1,3584x5x1x1
attn_norm-4,kernel_rms_norm_mul,0.005900,5120x1x1,1024x1x1,3584x5x1x1
Qcur-4,kernel_add_row,0.005800,4480x0x0,64x0x0,3584x5x1x1
Qcur-4,kernel_rope_neox_f32,0.003300,1792x5x1,64x1x1,128x28x5x1
Kcur-4,kernel_add_row,0.002400,640x0x0,64x0x0,512x5x1x1
Kcur-4,kernel_rope_neox_f32,0.002600,256x5x1,64x1x1,128x4x5x1
Vcur-4,kernel_add_row,0.002400,640x0x0,64x0x0,512x5x1x1
cache_k_l4 (view),kernel_set_rows_f16_i64,0.002600,2560x1x1,512x1x1,512x4096x1x1
cache_v_l4 (view),kernel_set_rows_f16_i64,0.002500,2560x1x1,512x1x1,512x4096x1x1
__fattn__-4,flash_attn_f32_f16,4.013900,32x28x0,32x1x0,128x28x5x1
ffn_inp-4,kernel_add,0.023300,320x1x1,64x1x1,3584x5x1x1
ffn_norm-4,kernel_rms_norm_mul,0.006000,5120x1x1,1024x1x1,3584x5x1x1
l_out-4,kernel_add,0.021000,320x1x1,64x1x1,3584x5x1x1
attn_norm-5,kernel_rms_norm_mul,0.006000,5120x1x1,1024x1x1,3584x5x1x1
Qcur-5,kernel_add_row,0.005600,4480x0x0,64x0x0,3584x5x1x1
Qcur-5,kernel_rope_neox_f32,0.003300,1792x5x1,64x1x1,128x28x5x1
Kcur-5,kernel_add_row,0.002300,640x0x0,64x0x0,512x5x1x1
Kcur-5,kernel_rope_neox_f32,0.002500,256x5x1,64x1x1,128x4x5x1
node_182,kernel_mul_mv_q6_K_f32,0.311300,512x320x1,2x64x1,512x5x1x1
Vcur-5,kernel_add_row,0.002300,640x0x0,64x0x0,512x5x1x1
cache_k_l5 (view),kernel_set_rows_f16_i64,0.002500,2560x1x1,512x1x1,512x4096x1x1
cache_v_l5 (view),kernel_set_rows_f16_i64,0.002300,2560x1x1,512x1x1,512x4096x1x1
__fattn__-5,flash_attn_f32_f16,4.051400,32x28x0,32x1x0,128x28x5x1
ffn_inp-5,kernel_add,0.023800,320x1x1,64x1x1,3584x5x1x1
ffn_norm-5,kernel_rms_norm_mul,0.006200,5120x1x1,1024x1x1,3584x5x1x1
ffn_swiglu-5,kernel_swiglu,0.019800,2560x1x1,512x1x1,18944x5x1x1
ffn_out-5,kernel_mul_mv_q6_K_f32,12.397000,3584x320x1,2x64x1,3584x5x1x1
l_out-5,kernel_add,0.022100,320x1x1,64x1x1,3584x5x1x1
attn_norm-6,kernel_rms_norm_mul,0.006000,5120x1x1,1024x1x1,3584x5x1x1
Qcur-6,kernel_add_row,0.005500,4480x0x0,64x0x0,3584x5x1x1
Qcur-6,kernel_rope_neox_f32,0.003200,1792x5x1,64x1x1,128x28x5x1
Kcur-6,kernel_add_row,0.002500,640x0x0,64x0x0,512x5x1x1
Kcur-6,kernel_rope_neox_f32,0.002500,256x5x1,64x1x1,128x4x5x1
Vcur-6,kernel_add_row,0.002300,640x0x0,64x0x0,512x5x1x1
cache_k_l6 (view),kernel_set_rows_f16_i64,0.002600,2560x1x1,512x1x1,512x4096x1x1
cache_v_l6 (view),kernel_set_rows_f16_i64,0.002500,2560x1x1,512x1x1,512x4096x1x1
__fattn__-6,flash_attn_f32_f16,4.044000,32x28x0,32x1x0,128x28x5x1
ffn_inp-6,kernel_add,0.021800,320x1x1,64x1x1,3584x5x1x1
ffn_norm-6,kernel_rms_norm_mul,0.006100,5120x1x1,1024x1x1,3584x5x1x1
l_out-6,kernel_add,0.022200,320x1x1,64x1x1,3584x5x1x1
attn_norm-7,kernel_rms_norm_mul,0.006100,5120x1x1,1024x1x1,3584x5x1x1
Qcur-7,kernel_add_row,0.005800,4480x0x0,64x0x0,3584x5x1x1
Qcur-7,kernel_rope_neox_f32,0.003300,1792x5x1,64x1x1,128x28x5x1
Kcur-7,kernel_add_row,0.002400,640x0x0,64x0x0,512x5x1x1
Kcur-7,kernel_rope_neox_f32,0.002500,256x5x1,64x1x1,128x4x5x1
Vcur-7,kernel_add_row,0.002400,640x0x0,64x0x0,512x5x1x1
cache_k_l7 (view),kernel_set_rows_f16_i64,0.002500,2560x1x1,512x1x1,512x4096x1x1
cache_v_l7 (view),kernel_set_rows_f16_i64,0.002400,2560x1x1,512x1x1,512x4096x1x1
__fattn__-7,flash_attn_f32_f16,3.996000,32x28x0,32x1x0,128x28x5x1
ffn_inp-7,kernel_add,0.023000,320x1x1,64x1x1,3584x5x1x1
ffn_norm-7,kernel_rms_norm_mul,0.006000,5120x1x1,1024x1x1,3584x5x1x1
l_out-7,kernel_add,0.021700,320x1x1,64x1x1,3584x5x1x1
attn_norm-8,kernel_rms_norm_mul,0.006000,5120x1x1,1024x1x1,3584x5x1x1
Qcur-8,kernel_add_row,0.005600,4480x0x0,64x0x0,3584x5x1x1
Qcur-8,kernel_rope_neox_f32,0.003300,1792x5x1,64x1x1,128x28x5x1
Kcur-8,kernel_add_row,0.002500,640x0x0,64x0x0,512x5x1x1
Kcur-8,kernel_rope_neox_f32,0.002600,256x5x1,64x1x1,128x4x5x1
node_284,kernel_mul_mv_q6_K_f32,0.307500,512x320x1,2x64x1,512x5x1x1
Vcur-8,kernel_add_row,0.002000,640x0x0,64x0x0,512x5x1x1
cache_k_l8 (view),kernel_set_rows_f16_i64,0.002500,2560x1x1,512x1x1,512x4096x1x1
cache_v_l8 (view),kernel_set_rows_f16_i64,0.002400,2560x1x1,512x1x1,512x4096x1x1
__fattn__-8,flash_attn_f32_f16,4.039000,32x28x0,32x1x0,128x28x5x1
ffn_inp-8,kernel_add,0.024400,320x1x1,64x1x1,3584x5x1x1
ffn_norm-8,kernel_rms_norm_mul,0.006000,5120x1x1,1024x1x1,3584x5x1x1
ffn_swiglu-8,kernel_swiglu,0.019600,2560x1x1,512x1x1,18944x5x1x1
ffn_out-8,kernel_mul_mv_q6_K_f32,12.389300,3584x320x1,2x64x1,3584x5x1x1
l_out-8,kernel_add,0.021700,320x1x1,64x1x1,3584x5x1x1
attn_norm-9,kernel_rms_norm_mul,0.005900,5120x1x1,1024x1x1,3584x5x1x1
Qcur-9,kernel_add_row,0.005300,4480x0x0,64x0x0,3584x5x1x1
Qcur-9,kernel_rope_neox_f32,0.003300,1792x5x1,64x1x1,128x28x5x1
Kcur-9,kernel_add_row,0.002500,640x0x0,64x0x0,512x5x1x1
Kcur-9,kernel_rope_neox_f32,0.002500,256x5x1,64x1x1,128x4x5x1
Vcur-9,kernel_add_row,0.002300,640x0x0,64x0x0,512x5x1x1
cache_k_l9 (view),kernel_set_rows_f16_i64,0.002600,2560x1x1,512x1x1,512x4096x1x1
cache_v_l9 (view),kernel_set_rows_f16_i64,0.002500,2560x1x1,512x1x1,512x4096x1x1
__fattn__-9,flash_attn_f32_f16,4.038000,32x28x0,32x1x0,128x28x5x1
ffn_inp-9,kernel_add,0.021900,320x1x1,64x1x1,3584x5x1x1
ffn_norm-9,kernel_rms_norm_mul,0.006100,5120x1x1,1024x1x1,3584x5x1x1
l_out-9,kernel_add,0.022500,320x1x1,64x1x1,3584x5x1x1
attn_norm-10,kernel_rms_norm_mul,0.005900,5120x1x1,1024x1x1,3584x5x1x1
Qcur-10,kernel_add_row,0.005300,4480x0x0,64x0x0,3584x5x1x1
Qcur-10,kernel_rope_neox_f32,0.003300,1792x5x1,64x1x1,128x28x5x1
Kcur-10,kernel_add_row,0.002600,640x0x0,64x0x0,512x5x1x1
Kcur-10,kernel_rope_neox_f32,0.002700,256x5x1,64x1x1,128x4x5x1
Vcur-10,kernel_add_row,0.002300,640x0x0,64x0x0,512x5x1x1
cache_k_l10 (view),kernel_set_rows_f16_i64,0.002500,2560x1x1,512x1x1,512x4096x1x1
cache_v_l10 (view),kernel_set_rows_f16_i64,0.002400,2560x1x1,512x1x1,512x4096x1x1
__fattn__-10,flash_attn_f32_f16,4.072000,32x28x0,32x1x0,128x28x5x1
ffn_inp-10,kernel_add,0.023200,320x1x1,64x1x1,3584x5x1x1
ffn_norm-10,kernel_rms_norm_mul,0.006000,5120x1x1,1024x1x1,3584x5x1x1
l_out-10,kernel_add,0.021500,320x1x1,64x1x1,3584x5x1x1
attn_norm-11,kernel_rms_norm_mul,0.006200,5120x1x1,1024x1x1,3584x5x1x1
Qcur-11,kernel_add_row,0.005300,4480x0x0,64x0x0,3584x5x1x1
Qcur-11,kernel_rope_neox_f32,0.003300,1792x5x1,64x1x1,128x28x5x1
Kcur-11,kernel_add_row,0.002400,640x0x0,64x0x0,512x5x1x1
Kcur-11,kernel_rope_neox_f32,0.002500,256x5x1,64x1x1,128x4x5x1
node_386,kernel_mul_mv_q6_K_f32,0.310900,512x320x1,2x64x1,512x5x1x1
Vcur-11,kernel_add_row,0.002300,640x0x0,64x0x0,512x5x1x1
cache_k_l11 (view),kernel_set_rows_f16_i64,0.002600,2560x1x1,512x1x1,512x4096x1x1
cache_v_l11 (view),kernel_set_rows_f16_i64,0.002500,2560x1x1,512x1x1,512x4096x1x1
__fattn__-11,flash_attn_f32_f16,4.026200,32x28x0,32x1x0,128x28x5x1
ffn_inp-11,kernel_add,0.023400,320x1x1,64x1x1,3584x5x1x1
ffn_norm-11,kernel_rms_norm_mul,0.006000,5120x1x1,1024x1x1,3584x5x1x1
ffn_swiglu-11,kernel_swiglu,0.020100,2560x1x1,512x1x1,18944x5x1x1
ffn_out-11,kernel_mul_mv_q6_K_f32,12.396200,3584x320x1,2x64x1,3584x5x1x1
l_out-11,kernel_add,0.022500,320x1x1,64x1x1,3584x5x1x1
attn_norm-12,kernel_rms_norm_mul,0.006000,5120x1x1,1024x1x1,3584x5x1x1
Qcur-12,kernel_add_row,0.005400,4480x0x0,64x0x0,3584x5x1x1
Qcur-12,kernel_rope_neox_f32,0.003200,1792x5x1,64x1x1,128x28x5x1
Kcur-12,kernel_add_row,0.002500,640x0x0,64x0x0,512x5x1x1
Kcur-12,kernel_rope_neox_f32,0.002500,256x5x1,64x1x1,128x4x5x1
Vcur-12,kernel_add_row,0.002500,640x0x0,64x0x0,512x5x1x1
cache_k_l12 (view),kernel_set_rows_f16_i64,0.002600,2560x1x1,512x1x1,512x4096x1x1
cache_v_l12 (view),kernel_set_rows_f16_i64,0.002600,2560x1x1,512x1x1,512x4096x1x1
__fattn__-12,flash_attn_f32_f16,3.959000,32x28x0,32x1x0,128x28x5x1
ffn_inp-12,kernel_add,0.021600,320x1x1,64x1x1,3584x5x1x1
ffn_norm-12,kernel_rms_norm_mul,0.006000,5120x1x1,1024x1x1,3584x5x1x1
l_out-12,kernel_add,0.022800,320x1x1,64x1x1,3584x5x1x1
attn_norm-13,kernel_rms_norm_mul,0.005900,5120x1x1,1024x1x1,3584x5x1x1
Qcur-13,kernel_add_row,0.005600,4480x0x0,64x0x0,3584x5x1x1
Qcur-13,kernel_rope_neox_f32,0.003300,1792x5x1,64x1x1,128x28x5x1
Kcur-13,kernel_add_row,0.002400,640x0x0,64x0x0,512x5x1x1
Kcur-13,kernel_rope_neox_f32,0.002500,256x5x1,64x1x1,128x4x5x1
Vcur-13,kernel_add_row,0.002400,640x0x0,64x0x0,512x5x1x1
cache_k_l13 (view),kernel_set_rows_f16_i64,0.002500,2560x1x1,512x1x1,512x4096x1x1
cache_v_l13 (view),kernel_set_rows_f16_i64,0.002400,2560x1x1,512x1x1,512x4096x1x1
__fattn__-13,flash_attn_f32_f16,4.038700,32x28x0,32x1x0,128x28x5x1
ffn_inp-13,kernel_add,0.023000,320x1x1,64x1x1,3584x5x1x1
ffn_norm-13,kernel_rms_norm_mul,0.005900,5120x1x1,1024x1x1,3584x5x1x1
l_out-13,kernel_add,0.020900,320x1x1,64x1x1,3584x5x1x1
attn_norm-14,kernel_rms_norm_mul,0.006100,5120x1x1,1024x1x1,3584x5x1x1
Qcur-14,kernel_add_row,0.005600,4480x0x0,64x0x0,3584x5x1x1
Qcur-14,kernel_rope_neox_f32,0.003300,1792x5x1,64x1x1,128x28x5x1
Kcur-14,kernel_add_row,0.002400,640x0x0,64x0x0,512x5x1x1
Kcur-14,kernel_rope_neox_f32,0.002500,256x5x1,64x1x1,128x4x5x1
node_488,kernel_mul_mv_q6_K_f32,0.311800,512x320x1,2x64x1,512x5x1x1
Vcur-14,kernel_add_row,0.002400,640x0x0,64x0x0,512x5x1x1
cache_k_l14 (view),kernel_set_rows_f16_i64,0.002600,2560x1x1,512x1x1,512x4096x1x1
cache_v_l14 (view),kernel_set_rows_f16_i64,0.002400,2560x1x1,512x1x1,512x4096x1x1
__fattn__-14,flash_attn_f32_f16,4.123400,32x28x0,32x1x0,128x28x5x1
ffn_inp-14,kernel_add,0.023500,320x1x1,64x1x1,3584x5x1x1
ffn_norm-14,kernel_rms_norm_mul,0.006100,5120x1x1,1024x1x1,3584x5x1x1
ffn_swiglu-14,kernel_swiglu,0.020000,2560x1x1,512x1x1,18944x5x1x1
ffn_out-14,kernel_mul_mv_q6_K_f32,12.388100,3584x320x1,2x64x1,3584x5x1x1
l_out-14,kernel_add,0.021900,320x1x1,64x1x1,3584x5x1x1
attn_norm-15,kernel_rms_norm_mul,0.006200,5120x1x1,1024x1x1,3584x5x1x1
Qcur-15,kernel_add_row,0.005600,4480x0x0,64x0x0,3584x5x1x1
Qcur-15,kernel_rope_neox_f32,0.003300,1792x5x1,64x1x1,128x28x5x1
Kcur-15,kernel_add_row,0.002300,640x0x0,64x0x0,512x5x1x1
Kcur-15,kernel_rope_neox_f32,0.002600,256x5x1,64x1x1,128x4x5x1
Vcur-15,kernel_add_row,0.002300,640x0x0,64x0x0,512x5x1x1
cache_k_l15 (view),kernel_set_rows_f16_i64,0.002500,2560x1x1,512x1x1,512x4096x1x1
cache_v_l15 (view),kernel_set_rows_f16_i64,0.002500,2560x1x1,512x1x1,512x4096x1x1
__fattn__-15,flash_attn_f32_f16,4.033900,32x28x0,32x1x0,128x28x5x1
ffn_inp-15,kernel_add,0.021900,320x1x1,64x1x1,3584x5x1x1
ffn_norm-15,kernel_rms_norm_mul,0.006000,5120x1x1,1024x1x1,3584x5x1x1
l_out-15,kernel_add,0.022600,320x1x1,64x1x1,3584x5x1x1
attn_norm-16,kernel_rms_norm_mul,0.006000,5120x1x1,1024x1x1,3584x5x1x1
Qcur-16,kernel_add_row,0.005400,4480x0x0,64x0x0,3584x5x1x1
Qcur-16,kernel_rope_neox_f32,0.003300,1792x5x1,64x1x1,128x28x5x1
Kcur-16,kernel_add_row,0.002400,640x0x0,64x0x0,512x5x1x1
Kcur-16,kernel_rope_neox_f32,0.002500,256x5x1,64x1x1,128x4x5x1
Vcur-16,kernel_add_row,0.002400,640x0x0,64x0x0,512x5x1x1
cache_k_l16 (view),kernel_set_rows_f16_i64,0.002700,2560x1x1,512x1x1,512x4096x1x1
cache_v_l16 (view),kernel_set_rows_f16_i64,0.002400,2560x1x1,512x1x1,512x4096x1x1
__fattn__-16,flash_attn_f32_f16,4.003800,32x28x0,32x1x0,128x28x5x1
ffn_inp-16,kernel_add,0.022400,320x1x1,64x1x1,3584x5x1x1
ffn_norm-16,kernel_rms_norm_mul,0.005900,5120x1x1,1024x1x1,3584x5x1x1
l_out-16,kernel_add,0.020900,320x1x1,64x1x1,3584x5x1x1
attn_norm-17,kernel_rms_norm_mul,0.006000,5120x1x1,1024x1x1,3584x5x1x1
Qcur-17,kernel_add_row,0.006000,4480x0x0,64x0x0,3584x5x1x1
Qcur-17,kernel_rope_neox_f32,0.003200,1792x5x1,64x1x1,128x28x5x1
Kcur-17,kernel_add_row,0.002500,640x0x0,64x0x0,512x5x1x1
Kcur-17,kernel_rope_neox_f32,0.002500,256x5x1,64x1x1,128x4x5x1
node_590,kernel_mul_mv_q6_K_f32,0.308600,512x320x1,2x64x1,512x5x1x1
Vcur-17,kernel_add_row,0.002300,640x0x0,64x0x0,512x5x1x1
cache_k_l17 (view),kernel_set_rows_f16_i64,0.002600,2560x1x1,512x1x1,512x4096x1x1
cache_v_l17 (view),kernel_set_rows_f16_i64,0.002400,2560x1x1,512x1x1,512x4096x1x1
__fattn__-17,flash_attn_f32_f16,4.013600,32x28x0,32x1x0,128x28x5x1
ffn_inp-17,kernel_add,0.023800,320x1x1,64x1x1,3584x5x1x1
ffn_norm-17,kernel_rms_norm_mul,0.005900,5120x1x1,1024x1x1,3584x5x1x1
ffn_swiglu-17,kernel_swiglu,0.019700,2560x1x1,512x1x1,18944x5x1x1
ffn_out-17,kernel_mul_mv_q6_K_f32,12.405900,3584x320x1,2x64x1,3584x5x1x1
l_out-17,kernel_add,0.021800,320x1x1,64x1x1,3584x5x1x1
attn_norm-18,kernel_rms_norm_mul,0.006100,5120x1x1,1024x1x1,3584x5x1x1
Qcur-18,kernel_add_row,0.005600,4480x0x0,64x0x0,3584x5x1x1
Qcur-18,kernel_rope_neox_f32,0.003300,1792x5x1,64x1x1,128x28x5x1
Kcur-18,kernel_add_row,0.002400,640x0x0,64x0x0,512x5x1x1
Kcur-18,kernel_rope_neox_f32,0.002500,256x5x1,64x1x1,128x4x5x1
Vcur-18,kernel_add_row,0.002300,640x0x0,64x0x0,512x5x1x1
cache_k_l18 (view),kernel_set_rows_f16_i64,0.002600,2560x1x1,512x1x1,512x4096x1x1
cache_v_l18 (view),kernel_set_rows_f16_i64,0.002400,2560x1x1,512x1x1,512x4096x1x1
__fattn__-18,flash_attn_f32_f16,4.046300,32x28x0,32x1x0,128x28x5x1
ffn_inp-18,kernel_add,0.021500,320x1x1,64x1x1,3584x5x1x1
ffn_norm-18,kernel_rms_norm_mul,0.005900,5120x1x1,1024x1x1,3584x5x1x1
l_out-18,kernel_add,0.022900,320x1x1,64x1x1,3584x5x1x1
attn_norm-19,kernel_rms_norm_mul,0.006000,5120x1x1,1024x1x1,3584x5x1x1
Qcur-19,kernel_add_row,0.005600,4480x0x0,64x0x0,3584x5x1x1
Qcur-19,kernel_rope_neox_f32,0.003200,1792x5x1,64x1x1,128x28x5x1
Kcur-19,kernel_add_row,0.002400,640x0x0,64x0x0,512x5x1x1
Kcur-19,kernel_rope_neox_f32,0.002600,256x5x1,64x1x1,128x4x5x1
Vcur-19,kernel_add_row,0.002400,640x0x0,64x0x0,512x5x1x1
cache_k_l19 (view),kernel_set_rows_f16_i64,0.002600,2560x1x1,512x1x1,512x4096x1x1
cache_v_l19 (view),kernel_set_rows_f16_i64,0.002400,2560x1x1,512x1x1,512x4096x1x1
__fattn__-19,flash_attn_f32_f16,4.014400,32x28x0,32x1x0,128x28x5x1
ffn_inp-19,kernel_add,0.022300,320x1x1,64x1x1,3584x5x1x1
ffn_norm-19,kernel_rms_norm_mul,0.006100,5120x1x1,1024x1x1,3584x5x1x1
l_out-19,kernel_add,0.020800,320x1x1,64x1x1,3584x5x1x1
attn_norm-20,kernel_rms_norm_mul,0.005900,5120x1x1,1024x1x1,3584x5x1x1
Qcur-20,kernel_add_row,0.005500,4480x0x0,64x0x0,3584x5x1x1
Qcur-20,kernel_rope_neox_f32,0.003300,1792x5x1,64x1x1,128x28x5x1
Kcur-20,kernel_add_row,0.002400,640x0x0,64x0x0,512x5x1x1
Kcur-20,kernel_rope_neox_f32,0.002500,256x5x1,64x1x1,128x4x5x1
node_692,kernel_mul_mv_q6_K_f32,0.308500,512x320x1,2x64x1,512x5x1x1
Vcur-20,kernel_add_row,0.002200,640x0x0,64x0x0,512x5x1x1
cache_k_l20 (view),kernel_set_rows_f16_i64,0.002600,2560x1x1,512x1x1,512x4096x1x1
cache_v_l20 (view),kernel_set_rows_f16_i64,0.002400,2560x1x1,512x1x1,512x4096x1x1
__fattn__-20,flash_attn_f32_f16,4.050400,32x28x0,32x1x0,128x28x5x1
ffn_inp-20,kernel_add,0.024000,320x1x1,64x1x1,3584x5x1x1
ffn_norm-20,kernel_rms_norm_mul,0.006000,5120x1x1,1024x1x1,3584x5x1x1
ffn_swiglu-20,kernel_swiglu,0.019900,2560x1x1,512x1x1,18944x5x1x1
ffn_out-20,kernel_mul_mv_q6_K_f32,12.403200,3584x320x1,2x64x1,3584x5x1x1
l_out-20,kernel_add,0.021800,320x1x1,64x1x1,3584x5x1x1
attn_norm-21,kernel_rms_norm_mul,0.006000,5120x1x1,1024x1x1,3584x5x1x1
Qcur-21,kernel_add_row,0.005500,4480x0x0,64x0x0,3584x5x1x1
Qcur-21,kernel_rope_neox_f32,0.003300,1792x5x1,64x1x1,128x28x5x1
Kcur-21,kernel_add_row,0.002400,640x0x0,64x0x0,512x5x1x1
Kcur-21,kernel_rope_neox_f32,0.002500,256x5x1,64x1x1,128x4x5x1
Vcur-21,kernel_add_row,0.002300,640x0x0,64x0x0,512x5x1x1
cache_k_l21 (view),kernel_set_rows_f16_i64,0.002600,2560x1x1,512x1x1,512x4096x1x1
cache_v_l21 (view),kernel_set_rows_f16_i64,0.002400,2560x1x1,512x1x1,512x4096x1x1
__fattn__-21,flash_attn_f32_f16,4.049400,32x28x0,32x1x0,128x28x5x1
ffn_inp-21,kernel_add,0.021800,320x1x1,64x1x1,3584x5x1x1
ffn_norm-21,kernel_rms_norm_mul,0.006100,5120x1x1,1024x1x1,3584x5x1x1
l_out-21,kernel_add,0.023100,320x1x1,64x1x1,3584x5x1x1
attn_norm-22,kernel_rms_norm_mul,0.006000,5120x1x1,1024x1x1,3584x5x1x1
Qcur-22,kernel_add_row,0.006200,4480x0x0,64x0x0,3584x5x1x1
Qcur-22,kernel_rope_neox_f32,0.003300,1792x5x1,64x1x1,128x28x5x1
Kcur-22,kernel_add_row,0.002400,640x0x0,64x0x0,512x5x1x1
Kcur-22,kernel_rope_neox_f32,0.002500,256x5x1,64x1x1,128x4x5x1
Vcur-22,kernel_add_row,0.002500,640x0x0,64x0x0,512x5x1x1
cache_k_l22 (view),kernel_set_rows_f16_i64,0.002500,2560x1x1,512x1x1,512x4096x1x1
cache_v_l22 (view),kernel_set_rows_f16_i64,0.002500,2560x1x1,512x1x1,512x4096x1x1
__fattn__-22,flash_attn_f32_f16,3.995600,32x28x0,32x1x0,128x28x5x1
ffn_inp-22,kernel_add,0.022600,320x1x1,64x1x1,3584x5x1x1
ffn_norm-22,kernel_rms_norm_mul,0.006300,5120x1x1,1024x1x1,3584x5x1x1
l_out-22,kernel_add,0.021500,320x1x1,64x1x1,3584x5x1x1
attn_norm-23,kernel_rms_norm_mul,0.005900,5120x1x1,1024x1x1,3584x5x1x1
Qcur-23,kernel_add_row,0.005500,4480x0x0,64x0x0,3584x5x1x1
Qcur-23,kernel_rope_neox_f32,0.003300,1792x5x1,64x1x1,128x28x5x1
Kcur-23,kernel_add_row,0.002400,640x0x0,64x0x0,512x5x1x1
Kcur-23,kernel_rope_neox_f32,0.002500,256x5x1,64x1x1,128x4x5x1
node_794,kernel_mul_mv_q6_K_f32,0.308500,512x320x1,2x64x1,512x5x1x1
Vcur-23,kernel_add_row,0.002200,640x0x0,64x0x0,512x5x1x1
cache_k_l23 (view),kernel_set_rows_f16_i64,0.002600,2560x1x1,512x1x1,512x4096x1x1
cache_v_l23 (view),kernel_set_rows_f16_i64,0.002300,2560x1x1,512x1x1,512x4096x1x1
__fattn__-23,flash_attn_f32_f16,4.074800,32x28x0,32x1x0,128x28x5x1
ffn_inp-23,kernel_add,0.023800,320x1x1,64x1x1,3584x5x1x1
ffn_norm-23,kernel_rms_norm_mul,0.006100,5120x1x1,1024x1x1,3584x5x1x1
ffn_swiglu-23,kernel_swiglu,0.019700,2560x1x1,512x1x1,18944x5x1x1
ffn_out-23,kernel_mul_mv_q6_K_f32,12.389400,3584x320x1,2x64x1,3584x5x1x1
l_out-23,kernel_add,0.021800,320x1x1,64x1x1,3584x5x1x1
attn_norm-24,kernel_rms_norm_mul,0.006200,5120x1x1,1024x1x1,3584x5x1x1
Qcur-24,kernel_add_row,0.005600,4480x0x0,64x0x0,3584x5x1x1
Qcur-24,kernel_rope_neox_f32,0.003200,1792x5x1,64x1x1,128x28x5x1
Kcur-24,kernel_add_row,0.002400,640x0x0,64x0x0,512x5x1x1
Kcur-24,kernel_rope_neox_f32,0.002600,256x5x1,64x1x1,128x4x5x1
node_828,kernel_mul_mv_q6_K_f32,0.307400,512x320x1,2x64x1,512x5x1x1
Vcur-24,kernel_add_row,0.002300,640x0x0,64x0x0,512x5x1x1
cache_k_l24 (view),kernel_set_rows_f16_i64,0.002600,2560x1x1,512x1x1,512x4096x1x1
cache_v_l24 (view),kernel_set_rows_f16_i64,0.002500,2560x1x1,512x1x1,512x4096x1x1
__fattn__-24,flash_attn_f32_f16,4.050000,32x28x0,32x1x0,128x28x5x1
ffn_inp-24,kernel_add,0.022700,320x1x1,64x1x1,3584x5x1x1
ffn_norm-24,kernel_rms_norm_mul,0.005900,5120x1x1,1024x1x1,3584x5x1x1
ffn_swiglu-24,kernel_swiglu,0.019600,2560x1x1,512x1x1,18944x5x1x1
ffn_out-24,kernel_mul_mv_q6_K_f32,12.386500,3584x320x1,2x64x1,3584x5x1x1
l_out-24,kernel_add,0.022000,320x1x1,64x1x1,3584x5x1x1
attn_norm-25,kernel_rms_norm_mul,0.006000,5120x1x1,1024x1x1,3584x5x1x1
Qcur-25,kernel_add_row,0.005700,4480x0x0,64x0x0,3584x5x1x1
Qcur-25,kernel_rope_neox_f32,0.003300,1792x5x1,64x1x1,128x28x5x1
Kcur-25,kernel_add_row,0.002500,640x0x0,64x0x0,512x5x1x1
Kcur-25,kernel_rope_neox_f32,0.002600,256x5x1,64x1x1,128x4x5x1
node_862,kernel_mul_mv_q6_K_f32,0.310800,512x320x1,2x64x1,512x5x1x1
Vcur-25,kernel_add_row,0.002000,640x0x0,64x0x0,512x5x1x1
cache_k_l25 (view),kernel_set_rows_f16_i64,0.002600,2560x1x1,512x1x1,512x4096x1x1
cache_v_l25 (view),kernel_set_rows_f16_i64,0.002600,2560x1x1,512x1x1,512x4096x1x1
__fattn__-25,flash_attn_f32_f16,4.076600,32x28x0,32x1x0,128x28x5x1
ffn_inp-25,kernel_add,0.022800,320x1x1,64x1x1,3584x5x1x1
ffn_norm-25,kernel_rms_norm_mul,0.006100,5120x1x1,1024x1x1,3584x5x1x1
ffn_swiglu-25,kernel_swiglu,0.020200,2560x1x1,512x1x1,18944x5x1x1
ffn_out-25,kernel_mul_mv_q6_K_f32,12.371500,3584x320x1,2x64x1,3584x5x1x1
l_out-25,kernel_add,0.022000,320x1x1,64x1x1,3584x5x1x1
attn_norm-26,kernel_rms_norm_mul,0.006100,5120x1x1,1024x1x1,3584x5x1x1
Qcur-26,kernel_add_row,0.005500,4480x0x0,64x0x0,3584x5x1x1
Qcur-26,kernel_rope_neox_f32,0.003300,1792x5x1,64x1x1,128x28x5x1
Kcur-26,kernel_add_row,0.002400,640x0x0,64x0x0,512x5x1x1
Kcur-26,kernel_rope_neox_f32,0.002500,256x5x1,64x1x1,128x4x5x1
node_896,kernel_mul_mv_q6_K_f32,0.309500,512x320x1,2x64x1,512x5x1x1
Vcur-26,kernel_add_row,0.001900,640x0x0,64x0x0,512x5x1x1
cache_k_l26 (view),kernel_set_rows_f16_i64,0.002600,2560x1x1,512x1x1,512x4096x1x1
cache_v_l26 (view),kernel_set_rows_f16_i64,0.002500,2560x1x1,512x1x1,512x4096x1x1
__fattn__-26,flash_attn_f32_f16,4.158800,32x28x0,32x1x0,128x28x5x1
ffn_inp-26,kernel_add,0.023500,320x1x1,64x1x1,3584x5x1x1
ffn_norm-26,kernel_rms_norm_mul,0.005800,5120x1x1,1024x1x1,3584x5x1x1
ffn_swiglu-26,kernel_swiglu,0.019400,2560x1x1,512x1x1,18944x5x1x1
ffn_out-26,kernel_mul_mv_q6_K_f32,12.372100,3584x320x1,2x64x1,3584x5x1x1
l_out-26,kernel_add,0.021800,320x1x1,64x1x1,3584x5x1x1
attn_norm-27,kernel_rms_norm_mul,0.005900,5120x1x1,1024x1x1,3584x5x1x1
Qcur-27,kernel_add_row,0.005600,4480x0x0,64x0x0,3584x5x1x1
Qcur-27,kernel_rope_neox_f32,0.003300,1792x5x1,64x1x1,128x28x5x1
Kcur-27,kernel_add_row,0.002400,640x0x0,64x0x0,512x5x1x1
Kcur-27,kernel_rope_neox_f32,0.002500,256x5x1,64x1x1,128x4x5x1
node_930,kernel_mul_mv_q6_K_f32,0.308800,512x320x1,2x64x1,512x5x1x1
Vcur-27,kernel_add_row,0.002300,640x0x0,64x0x0,512x5x1x1
cache_k_l27 (view),kernel_set_rows_f16_i64,0.002700,2560x1x1,512x1x1,512x4096x1x1
cache_v_l27 (view),kernel_set_rows_f16_i64,0.002500,2560x1x1,512x1x1,512x4096x1x1
__fattn__-27,flash_attn_f32_f16,4.053400,32x28x0,32x1x0,128x28x5x1
node_946,kernel_get_rows_f32,0.017900,64x1x1,64x1x1,3584x1x1x1
node_947,kernel_get_rows_f32,0.014300,64x1x1,64x1x1,3584x1x1x1
ffn_inp-27,kernel_add_row,0.002300,896x0x0,64x0x0,3584x1x1x1
ffn_norm-27,kernel_rms_norm_mul,0.006200,1024x1x1,1024x1x1,3584x1x1x1
ffn_swiglu-27,kernel_swiglu,0.016300,512x1x1,512x1x1,18944x1x1x1
ffn_out-27,kernel_mul_mv_q6_K_f32,2.488700,3584x64x1,2x64x1,3584x1x1x1
l_out-27,kernel_add_row,0.002300,896x0x0,64x0x0,3584x1x1x1
result_norm,kernel_rms_norm_mul,0.006300,1024x1x1,1024x1x1,3584x1x1x1
result_output,kernel_mul_mv_q6_K_f32,20.269400,152064x64x1,2x64x1,152064x1x1x1
