op name, kernel name, exec duration (ms), global size, local size, output size
attn_norm-0,kernel_rms_norm_mul,0.040300,65536x1x1,1024x1x1,3584x64x1x1
Qcur-0,kernel_add_row,0.060900,57344x0x0,64x0x0,3584x64x1x1
Qcur-0,kernel_rope_neox_f32,0.063600,1792x64x1,64x1x1,128x28x64x1
Kcur-0,kernel_add_row,0.008200,8192x0x0,64x0x0,512x64x1x1
Kcur-0,kernel_rope_neox_f32,0.004300,256x64x1,64x1x1,128x4x64x1
node_11,kernel_mul_mv_q6_K_f32,3.802000,512x4096x1,2x64x1,512x64x1x1
Vcur-0,kernel_add_row,0.003400,8192x0x0,64x0x0,512x64x1x1
cache_k_l0 (view),kernel_set_rows_f16_i64,0.005700,32768x1x1,512x1x1,512x4096x1x1
cache_v_l0 (view),kernel_set_rows_f16_i64,0.004500,32768x1x1,512x1x1,512x4096x1x1
 (copy),kernel_cpy_f32_f16,0.003800,4096x1x1,64x1x1,256x64x1x1
__fattn__-0,flash_attn_f32_f16,5.309900,64x28x0,32x1x0,128x28x64x1
ffn_inp-0,kernel_add,0.038600,4096x1x1,64x1x1,3584x64x1x1
ffn_norm-0,kernel_rms_norm_mul,0.025500,65536x1x1,1024x1x1,3584x64x1x1
ffn_swiglu-0,kernel_swiglu,0.208900,32768x1x1,512x1x1,18944x64x1x1
ffn_out-0,kernel_mul_mv_q6_K_f32,132.481796,3584x4096x1,2x64x1,3584x64x1x1
l_out-0,kernel_add,0.034100,4096x1x1,64x1x1,3584x64x1x1
attn_norm-1,kernel_rms_norm_mul,0.025900,65536x1x1,1024x1x1,3584x64x1x1
Qcur-1,kernel_add_row,0.060200,57344x0x0,64x0x0,3584x64x1x1
Qcur-1,kernel_rope_neox_f32,0.020200,1792x64x1,64x1x1,128x28x64x1
Kcur-1,kernel_add_row,0.006300,8192x0x0,64x0x0,512x64x1x1
Kcur-1,kernel_rope_neox_f32,0.004100,256x64x1,64x1x1,128x4x64x1
node_46,kernel_mul_mv_q6_K_f32,3.770300,512x4096x1,2x64x1,512x64x1x1
Vcur-1,kernel_add_row,0.003800,8192x0x0,64x0x0,512x64x1x1
cache_k_l1 (view),kernel_set_rows_f16_i64,0.005900,32768x1x1,512x1x1,512x4096x1x1
cache_v_l1 (view),kernel_set_rows_f16_i64,0.004600,32768x1x1,512x1x1,512x4096x1x1
__fattn__-1,flash_attn_f32_f16,5.199500,64x28x0,32x1x0,128x28x64x1
ffn_inp-1,kernel_add,0.035200,4096x1x1,64x1x1,3584x64x1x1
ffn_norm-1,kernel_rms_norm_mul,0.024500,65536x1x1,1024x1x1,3584x64x1x1
ffn_swiglu-1,kernel_swiglu,0.206400,32768x1x1,512x1x1,18944x64x1x1
ffn_out-1,kernel_mul_mv_q6_K_f32,132.529007,3584x4096x1,2x64x1,3584x64x1x1
l_out-1,kernel_add,0.034000,4096x1x1,64x1x1,3584x64x1x1
attn_norm-2,kernel_rms_norm_mul,0.025600,65536x1x1,1024x1x1,3584x64x1x1
Qcur-2,kernel_add_row,0.061200,57344x0x0,64x0x0,3584x64x1x1
Qcur-2,kernel_rope_neox_f32,0.027200,1792x64x1,64x1x1,128x28x64x1
Kcur-2,kernel_add_row,0.004200,8192x0x0,64x0x0,512x64x1x1
Kcur-2,kernel_rope_neox_f32,0.004400,256x64x1,64x1x1,128x4x64x1
node_80,kernel_mul_mv_q6_K_f32,3.770700,512x4096x1,2x64x1,512x64x1x1
Vcur-2,kernel_add_row,0.003800,8192x0x0,64x0x0,512x64x1x1
cache_k_l2 (view),kernel_set_rows_f16_i64,0.005800,32768x1x1,512x1x1,512x4096x1x1
cache_v_l2 (view),kernel_set_rows_f16_i64,0.004500,32768x1x1,512x1x1,512x4096x1x1
__fattn__-2,flash_attn_f32_f16,5.192200,64x28x0,32x1x0,128x28x64x1
ffn_inp-2,kernel_add,0.034700,4096x1x1,64x1x1,3584x64x1x1
ffn_norm-2,kernel_rms_norm_mul,0.024600,65536x1x1,1024x1x1,3584x64x1x1
ffn_swiglu-2,kernel_swiglu,0.206100,32768x1x1,512x1x1,18944x64x1x1
ffn_out-2,kernel_mul_mv_q6_K_f32,132.512894,3584x4096x1,2x64x1,3584x64x1x1
l_out-2,kernel_add,0.033900,4096x1x1,64x1x1,3584x64x1x1
attn_norm-3,kernel_rms_norm_mul,0.024900,65536x1x1,1024x1x1,3584x64x1x1
Qcur-3,kernel_add_row,0.065200,57344x0x0,64x0x0,3584x64x1x1
Qcur-3,kernel_rope_neox_f32,0.025100,1792x64x1,64x1x1,128x28x64x1
Kcur-3,kernel_add_row,0.006900,8192x0x0,64x0x0,512x64x1x1
Kcur-3,kernel_rope_neox_f32,0.004100,256x64x1,64x1x1,128x4x64x1
Vcur-3,kernel_add_row,0.005900,8192x0x0,64x0x0,512x64x1x1
cache_k_l3 (view),kernel_set_rows_f16_i64,0.005600,32768x1x1,512x1x1,512x4096x1x1
cache_v_l3 (view),kernel_set_rows_f16_i64,0.004700,32768x1x1,512x1x1,512x4096x1x1
__fattn__-3,flash_attn_f32_f16,5.287000,64x28x0,32x1x0,128x28x64x1
ffn_inp-3,kernel_add,0.044100,4096x1x1,64x1x1,3584x64x1x1
ffn_norm-3,kernel_rms_norm_mul,0.026100,65536x1x1,1024x1x1,3584x64x1x1
l_out-3,kernel_add,0.040200,4096x1x1,64x1x1,3584x64x1x1
attn_norm-4,kernel_rms_norm_mul,0.028100,65536x1x1,1024x1x1,3584x64x1x1
Qcur-4,kernel_add_row,0.020900,57344x0x0,64x0x0,3584x64x1x1
Qcur-4,kernel_rope_neox_f32,0.022300,1792x64x1,64x1x1,128x28x64x1
Kcur-4,kernel_add_row,0.006500,8192x0x0,64x0x0,512x64x1x1
Kcur-4,kernel_rope_neox_f32,0.004000,256x64x1,64x1x1,128x4x64x1
Vcur-4,kernel_add_row,0.005800,8192x0x0,64x0x0,512x64x1x1
cache_k_l4 (view),kernel_set_rows_f16_i64,0.005500,32768x1x1,512x1x1,512x4096x1x1
cache_v_l4 (view),kernel_set_rows_f16_i64,0.004600,32768x1x1,512x1x1,512x4096x1x1
__fattn__-4,flash_attn_f32_f16,5.304000,64x28x0,32x1x0,128x28x64x1
ffn_inp-4,kernel_add,0.035300,4096x1x1,64x1x1,3584x64x1x1
ffn_norm-4,kernel_rms_norm_mul,0.024900,65536x1x1,1024x1x1,3584x64x1x1
l_out-4,kernel_add,0.036500,4096x1x1,64x1x1,3584x64x1x1
attn_norm-5,kernel_rms_norm_mul,0.026800,65536x1x1,1024x1x1,3584x64x1x1
Qcur-5,kernel_add_row,0.019500,57344x0x0,64x0x0,3584x64x1x1
Qcur-5,kernel_rope_neox_f32,0.020200,1792x64x1,64x1x1,128x28x64x1
Kcur-5,kernel_add_row,0.006200,8192x0x0,64x0x0,512x64x1x1
Kcur-5,kernel_rope_neox_f32,0.004100,256x64x1,64x1x1,128x4x64x1
node_182,kernel_mul_mv_q6_K_f32,3.770000,512x4096x1,2x64x1,512x64x1x1
Vcur-5,kernel_add_row,0.003700,8192x0x0,64x0x0,512x64x1x1
cache_k_l5 (view),kernel_set_rows_f16_i64,0.005700,32768x1x1,512x1x1,512x4096x1x1
cache_v_l5 (view),kernel_set_rows_f16_i64,0.004600,32768x1x1,512x1x1,512x4096x1x1
__fattn__-5,flash_attn_f32_f16,5.298300,64x28x0,32x1x0,128x28x64x1
ffn_inp-5,kernel_add,0.034400,4096x1x1,64x1x1,3584x64x1x1
ffn_norm-5,kernel_rms_norm_mul,0.025100,65536x1x1,1024x1x1,3584x64x1x1
ffn_swiglu-5,kernel_swiglu,0.230900,32768x1x1,512x1x1,18944x64x1x1
ffn_out-5,kernel_mul_mv_q6_K_f32,133.527206,3584x4096x1,2x64x1,3584x64x1x1
l_out-5,kernel_add,0.034700,4096x1x1,64x1x1,3584x64x1x1
attn_norm-6,kernel_rms_norm_mul,0.026700,65536x1x1,1024x1x1,3584x64x1x1
Qcur-6,kernel_add_row,0.021100,57344x0x0,64x0x0,3584x64x1x1
Qcur-6,kernel_rope_neox_f32,0.021300,1792x64x1,64x1x1,128x28x64x1
Kcur-6,kernel_add_row,0.006500,8192x0x0,64x0x0,512x64x1x1
Kcur-6,kernel_rope_neox_f32,0.004300,256x64x1,64x1x1,128x4x64x1
Vcur-6,kernel_add_row,0.003900,8192x0x0,64x0x0,512x64x1x1
cache_k_l6 (view),kernel_set_rows_f16_i64,0.005500,32768x1x1,512x1x1,512x4096x1x1
cache_v_l6 (view),kernel_set_rows_f16_i64,0.004600,32768x1x1,512x1x1,512x4096x1x1
__fattn__-6,flash_attn_f32_f16,5.278900,64x28x0,32x1x0,128x28x64x1
ffn_inp-6,kernel_add,0.037900,4096x1x1,64x1x1,3584x64x1x1
ffn_norm-6,kernel_rms_norm_mul,0.025000,65536x1x1,1024x1x1,3584x64x1x1
l_out-6,kernel_add,0.035700,4096x1x1,64x1x1,3584x64x1x1
attn_norm-7,kernel_rms_norm_mul,0.027300,65536x1x1,1024x1x1,3584x64x1x1
Qcur-7,kernel_add_row,0.019700,57344x0x0,64x0x0,3584x64x1x1
Qcur-7,kernel_rope_neox_f32,0.019800,1792x64x1,64x1x1,128x28x64x1
Kcur-7,kernel_add_row,0.006500,8192x0x0,64x0x0,512x64x1x1
Kcur-7,kernel_rope_neox_f32,0.004300,256x64x1,64x1x1,128x4x64x1
Vcur-7,kernel_add_row,0.003800,8192x0x0,64x0x0,512x64x1x1
cache_k_l7 (view),kernel_set_rows_f16_i64,0.005400,32768x1x1,512x1x1,512x4096x1x1
cache_v_l7 (view),kernel_set_rows_f16_i64,0.004500,32768x1x1,512x1x1,512x4096x1x1
__fattn__-7,flash_attn_f32_f16,5.288400,64x28x0,32x1x0,128x28x64x1
ffn_inp-7,kernel_add,0.035300,4096x1x1,64x1x1,3584x64x1x1
ffn_norm-7,kernel_rms_norm_mul,0.025300,65536x1x1,1024x1x1,3584x64x1x1
l_out-7,kernel_add,0.035400,4096x1x1,64x1x1,3584x64x1x1
attn_norm-8,kernel_rms_norm_mul,0.026100,65536x1x1,1024x1x1,3584x64x1x1
Qcur-8,kernel_add_row,0.019200,57344x0x0,64x0x0,3584x64x1x1
Qcur-8,kernel_rope_neox_f32,0.019400,1792x64x1,64x1x1,128x28x64x1
Kcur-8,kernel_add_row,0.004200,8192x0x0,64x0x0,512x64x1x1
Kcur-8,kernel_rope_neox_f32,0.004100,256x64x1,64x1x1,128x4x64x1
node_284,kernel_mul_mv_q6_K_f32,3.768100,512x4096x1,2x64x1,512x64x1x1
Vcur-8,kernel_add_row,0.003800,8192x0x0,64x0x0,512x64x1x1
cache_k_l8 (view),kernel_set_rows_f16_i64,0.005600,32768x1x1,512x1x1,512x4096x1x1
cache_v_l8 (view),kernel_set_rows_f16_i64,0.004600,32768x1x1,512x1x1,512x4096x1x1
__fattn__-8,flash_attn_f32_f16,5.313700,64x28x0,32x1x0,128x28x64x1
ffn_inp-8,kernel_add,0.035700,4096x1x1,64x1x1,3584x64x1x1
ffn_norm-8,kernel_rms_norm_mul,0.025400,65536x1x1,1024x1x1,3584x64x1x1
ffn_swiglu-8,kernel_swiglu,0.207900,32768x1x1,512x1x1,18944x64x1x1
ffn_out-8,kernel_mul_mv_q6_K_f32,132.882095,3584x4096x1,2x64x1,3584x64x1x1
l_out-8,kernel_add,0.034100,4096x1x1,64x1x1,3584x64x1x1
attn_norm-9,kernel_rms_norm_mul,0.026400,65536x1x1,1024x1x1,3584x64x1x1
Qcur-9,kernel_add_row,0.021600,57344x0x0,64x0x0,3584x64x1x1
Qcur-9,kernel_rope_neox_f32,0.021800,1792x64x1,64x1x1,128x28x64x1
Kcur-9,kernel_add_row,0.006200,8192x0x0,64x0x0,512x64x1x1
Kcur-9,kernel_rope_neox_f32,0.004200,256x64x1,64x1x1,128x4x64x1
Vcur-9,kernel_add_row,0.003900,8192x0x0,64x0x0,512x64x1x1
cache_k_l9 (view),kernel_set_rows_f16_i64,0.005600,32768x1x1,512x1x1,512x4096x1x1
cache_v_l9 (view),kernel_set_rows_f16_i64,0.004500,32768x1x1,512x1x1,512x4096x1x1
__fattn__-9,flash_attn_f32_f16,5.339800,64x28x0,32x1x0,128x28x64x1
ffn_inp-9,kernel_add,0.035300,4096x1x1,64x1x1,3584x64x1x1
ffn_norm-9,kernel_rms_norm_mul,0.024800,65536x1x1,1024x1x1,3584x64x1x1
l_out-9,kernel_add,0.036300,4096x1x1,64x1x1,3584x64x1x1
attn_norm-10,kernel_rms_norm_mul,0.026500,65536x1x1,1024x1x1,3584x64x1x1
Qcur-10,kernel_add_row,0.020200,57344x0x0,64x0x0,3584x64x1x1
Qcur-10,kernel_rope_neox_f32,0.021200,1792x64x1,64x1x1,128x28x64x1
Kcur-10,kernel_add_row,0.006400,8192x0x0,64x0x0,512x64x1x1
Kcur-10,kernel_rope_neox_f32,0.004000,256x64x1,64x1x1,128x4x64x1
Vcur-10,kernel_add_row,0.003700,8192x0x0,64x0x0,512x64x1x1
cache_k_l10 (view),kernel_set_rows_f16_i64,0.005300,32768x1x1,512x1x1,512x4096x1x1
cache_v_l10 (view),kernel_set_rows_f16_i64,0.004600,32768x1x1,512x1x1,512x4096x1x1
__fattn__-10,flash_attn_f32_f16,5.301000,64x28x0,32x1x0,128x28x64x1
ffn_inp-10,kernel_add,0.034200,4096x1x1,64x1x1,3584x64x1x1
ffn_norm-10,kernel_rms_norm_mul,0.025300,65536x1x1,1024x1x1,3584x64x1x1
l_out-10,kernel_add,0.038300,4096x1x1,64x1x1,3584x64x1x1
attn_norm-11,kernel_rms_norm_mul,0.026800,65536x1x1,1024x1x1,3584x64x1x1
Qcur-11,kernel_add_row,0.019500,57344x0x0,64x0x0,3584x64x1x1
Qcur-11,kernel_rope_neox_f32,0.019800,1792x64x1,64x1x1,128x28x64x1
Kcur-11,kernel_add_row,0.004500,8192x0x0,64x0x0,512x64x1x1
Kcur-11,kernel_rope_neox_f32,0.004200,256x64x1,64x1x1,128x4x64x1
node_386,kernel_mul_mv_q6_K_f32,3.770000,512x4096x1,2x64x1,512x64x1x1
Vcur-11,kernel_add_row,0.003800,8192x0x0,64x0x0,512x64x1x1
cache_k_l11 (view),kernel_set_rows_f16_i64,0.005600,32768x1x1,512x1x1,512x4096x1x1
cache_v_l11 (view),kernel_set_rows_f16_i64,0.004800,32768x1x1,512x1x1,512x4096x1x1
__fattn__-11,flash_attn_f32_f16,5.300400,64x28x0,32x1x0,128x28x64x1
ffn_inp-11,kernel_add,0.034800,4096x1x1,64x1x1,3584x64x1x1
ffn_norm-11,kernel_rms_norm_mul,0.025000,65536x1x1,1024x1x1,3584x64x1x1
ffn_swiglu-11,kernel_swiglu,0.206800,32768x1x1,512x1x1,18944x64x1x1
ffn_out-11,kernel_mul_mv_q6_K_f32,132.403900,3584x4096x1,2x64x1,3584x64x1x1
l_out-11,kernel_add,0.033400,4096x1x1,64x1x1,3584x64x1x1
attn_norm-12,kernel_rms_norm_mul,0.026300,65536x1x1,1024x1x1,3584x64x1x1
Qcur-12,kernel_add_row,0.069700,57344x0x0,64x0x0,3584x64x1x1
Qcur-12,kernel_rope_neox_f32,0.025900,1792x64x1,64x1x1,128x28x64x1
Kcur-12,kernel_add_row,0.006100,8192x0x0,64x0x0,512x64x1x1
Kcur-12,kernel_rope_neox_f32,0.004100,256x64x1,64x1x1,128x4x64x1
Vcur-12,kernel_add_row,0.005800,8192x0x0,64x0x0,512x64x1x1
cache_k_l12 (view),kernel_set_rows_f16_i64,0.005500,32768x1x1,512x1x1,512x4096x1x1
cache_v_l12 (view),kernel_set_rows_f16_i64,0.004700,32768x1x1,512x1x1,512x4096x1x1
__fattn__-12,flash_attn_f32_f16,5.198600,64x28x0,32x1x0,128x28x64x1
ffn_inp-12,kernel_add,0.044600,4096x1x1,64x1x1,3584x64x1x1
ffn_norm-12,kernel_rms_norm_mul,0.027600,65536x1x1,1024x1x1,3584x64x1x1
l_out-12,kernel_add,0.035700,4096x1x1,64x1x1,3584x64x1x1
attn_norm-13,kernel_rms_norm_mul,0.028100,65536x1x1,1024x1x1,3584x64x1x1
Qcur-13,kernel_add_row,0.024300,57344x0x0,64x0x0,3584x64x1x1
Qcur-13,kernel_rope_neox_f32,0.024100,1792x64x1,64x1x1,128x28x64x1
Kcur-13,kernel_add_row,0.006600,8192x0x0,64x0x0,512x64x1x1
Kcur-13,kernel_rope_neox_f32,0.004200,256x64x1,64x1x1,128x4x64x1
Vcur-13,kernel_add_row,0.005700,8192x0x0,64x0x0,512x64x1x1
cache_k_l13 (view),kernel_set_rows_f16_i64,0.005600,32768x1x1,512x1x1,512x4096x1x1
cache_v_l13 (view),kernel_set_rows_f16_i64,0.004500,32768x1x1,512x1x1,512x4096x1x1
__fattn__-13,flash_attn_f32_f16,5.304700,64x28x0,32x1x0,128x28x64x1
ffn_inp-13,kernel_add,0.040200,4096x1x1,64x1x1,3584x64x1x1
ffn_norm-13,kernel_rms_norm_mul,0.027400,65536x1x1,1024x1x1,3584x64x1x1
l_out-13,kernel_add,0.036500,4096x1x1,64x1x1,3584x64x1x1
attn_norm-14,kernel_rms_norm_mul,0.027700,65536x1x1,1024x1x1,3584x64x1x1
Qcur-14,kernel_add_row,0.019400,57344x0x0,64x0x0,3584x64x1x1
Qcur-14,kernel_rope_neox_f32,0.019600,1792x64x1,64x1x1,128x28x64x1
Kcur-14,kernel_add_row,0.006000,8192x0x0,64x0x0,512x64x1x1
Kcur-14,kernel_rope_neox_f32,0.004200,256x64x1,64x1x1,128x4x64x1
node_488,kernel_mul_mv_q6_K_f32,3.771600,512x4096x1,2x64x1,512x64x1x1
Vcur-14,kernel_add_row,0.003900,8192x0x0,64x0x0,512x64x1x1
cache_k_l14 (view),kernel_set_rows_f16_i64,0.005900,32768x1x1,512x1x1,512x4096x1x1
cache_v_l14 (view),kernel_set_rows_f16_i64,0.004500,32768x1x1,512x1x1,512x4096x1x1
__fattn__-14,flash_attn_f32_f16,5.309400,64x28x0,32x1x0,128x28x64x1
ffn_inp-14,kernel_add,0.033300,4096x1x1,64x1x1,3584x64x1x1
ffn_norm-14,kernel_rms_norm_mul,0.026000,65536x1x1,1024x1x1,3584x64x1x1
ffn_swiglu-14,kernel_swiglu,0.206600,32768x1x1,512x1x1,18944x64x1x1
ffn_out-14,kernel_mul_mv_q6_K_f32,132.046494,3584x4096x1,2x64x1,3584x64x1x1
l_out-14,kernel_add,0.033800,4096x1x1,64x1x1,3584x64x1x1
attn_norm-15,kernel_rms_norm_mul,0.026700,65536x1x1,1024x1x1,3584x64x1x1
Qcur-15,kernel_add_row,0.059900,57344x0x0,64x0x0,3584x64x1x1
Qcur-15,kernel_rope_neox_f32,0.022300,1792x64x1,64x1x1,128x28x64x1
Kcur-15,kernel_add_row,0.006400,8192x0x0,64x0x0,512x64x1x1
Kcur-15,kernel_rope_neox_f32,0.004200,256x64x1,64x1x1,128x4x64x1
Vcur-15,kernel_add_row,0.005900,8192x0x0,64x0x0,512x64x1x1
cache_k_l15 (view),kernel_set_rows_f16_i64,0.005600,32768x1x1,512x1x1,512x4096x1x1
cache_v_l15 (view),kernel_set_rows_f16_i64,0.004500,32768x1x1,512x1x1,512x4096x1x1
__fattn__-15,flash_attn_f32_f16,5.271500,64x28x0,32x1x0,128x28x64x1
ffn_inp-15,kernel_add,0.037400,4096x1x1,64x1x1,3584x64x1x1
ffn_norm-15,kernel_rms_norm_mul,0.024700,65536x1x1,1024x1x1,3584x64x1x1
l_out-15,kernel_add,0.036700,4096x1x1,64x1x1,3584x64x1x1
attn_norm-16,kernel_rms_norm_mul,0.026800,65536x1x1,1024x1x1,3584x64x1x1
Qcur-16,kernel_add_row,0.018500,57344x0x0,64x0x0,3584x64x1x1
Qcur-16,kernel_rope_neox_f32,0.019700,1792x64x1,64x1x1,128x28x64x1
Kcur-16,kernel_add_row,0.006400,8192x0x0,64x0x0,512x64x1x1
Kcur-16,kernel_rope_neox_f32,0.004100,256x64x1,64x1x1,128x4x64x1
Vcur-16,kernel_add_row,0.003800,8192x0x0,64x0x0,512x64x1x1
cache_k_l16 (view),kernel_set_rows_f16_i64,0.005400,32768x1x1,512x1x1,512x4096x1x1
cache_v_l16 (view),kernel_set_rows_f16_i64,0.004600,32768x1x1,512x1x1,512x4096x1x1
__fattn__-16,flash_attn_f32_f16,5.206100,64x28x0,32x1x0,128x28x64x1
ffn_inp-16,kernel_add,0.034400,4096x1x1,64x1x1,3584x64x1x1
ffn_norm-16,kernel_rms_norm_mul,0.026200,65536x1x1,1024x1x1,3584x64x1x1
l_out-16,kernel_add,0.036000,4096x1x1,64x1x1,3584x64x1x1
attn_norm-17,kernel_rms_norm_mul,0.028300,65536x1x1,1024x1x1,3584x64x1x1
Qcur-17,kernel_add_row,0.018800,57344x0x0,64x0x0,3584x64x1x1
Qcur-17,kernel_rope_neox_f32,0.020500,1792x64x1,64x1x1,128x28x64x1
Kcur-17,kernel_add_row,0.004300,8192x0x0,64x0x0,512x64x1x1
Kcur-17,kernel_rope_neox_f32,0.004200,256x64x1,64x1x1,128x4x64x1
node_590,kernel_mul_mv_q6_K_f32,3.763800,512x4096x1,2x64x1,512x64x1x1
Vcur-17,kernel_add_row,0.003500,8192x0x0,64x0x0,512x64x1x1
cache_k_l17 (view),kernel_set_rows_f16_i64,0.005500,32768x1x1,512x1x1,512x4096x1x1
cache_v_l17 (view),kernel_set_rows_f16_i64,0.004600,32768x1x1,512x1x1,512x4096x1x1
__fattn__-17,flash_attn_f32_f16,5.202100,64x28x0,32x1x0,128x28x64x1
ffn_inp-17,kernel_add,0.034300,4096x1x1,64x1x1,3584x64x1x1
ffn_norm-17,kernel_rms_norm_mul,0.025100,65536x1x1,1024x1x1,3584x64x1x1
ffn_swiglu-17,kernel_swiglu,0.206400,32768x1x1,512x1x1,18944x64x1x1
ffn_out-17,kernel_mul_mv_q6_K_f32,132.324493,3584x4096x1,2x64x1,3584x64x1x1
l_out-17,kernel_add,0.033500,4096x1x1,64x1x1,3584x64x1x1
attn_norm-18,kernel_rms_norm_mul,0.027100,65536x1x1,1024x1x1,3584x64x1x1
Qcur-18,kernel_add_row,0.060700,57344x0x0,64x0x0,3584x64x1x1
Qcur-18,kernel_rope_neox_f32,0.023200,1792x64x1,64x1x1,128x28x64x1
Kcur-18,kernel_add_row,0.006900,8192x0x0,64x0x0,512x64x1x1
Kcur-18,kernel_rope_neox_f32,0.004400,256x64x1,64x1x1,128x4x64x1
Vcur-18,kernel_add_row,0.003900,8192x0x0,64x0x0,512x64x1x1
cache_k_l18 (view),kernel_set_rows_f16_i64,0.005600,32768x1x1,512x1x1,512x4096x1x1
cache_v_l18 (view),kernel_set_rows_f16_i64,0.004800,32768x1x1,512x1x1,512x4096x1x1
__fattn__-18,flash_attn_f32_f16,5.186600,64x28x0,32x1x0,128x28x64x1
ffn_inp-18,kernel_add,0.036700,4096x1x1,64x1x1,3584x64x1x1
ffn_norm-18,kernel_rms_norm_mul,0.025700,65536x1x1,1024x1x1,3584x64x1x1
l_out-18,kernel_add,0.037500,4096x1x1,64x1x1,3584x64x1x1
attn_norm-19,kernel_rms_norm_mul,0.026700,65536x1x1,1024x1x1,3584x64x1x1
Qcur-19,kernel_add_row,0.019400,57344x0x0,64x0x0,3584x64x1x1
Qcur-19,kernel_rope_neox_f32,0.020500,1792x64x1,64x1x1,128x28x64x1
Kcur-19,kernel_add_row,0.006500,8192x0x0,64x0x0,512x64x1x1
Kcur-19,kernel_rope_neox_f32,0.004400,256x64x1,64x1x1,128x4x64x1
Vcur-19,kernel_add_row,0.003800,8192x0x0,64x0x0,512x64x1x1
cache_k_l19 (view),kernel_set_rows_f16_i64,0.005400,32768x1x1,512x1x1,512x4096x1x1
cache_v_l19 (view),kernel_set_rows_f16_i64,0.004700,32768x1x1,512x1x1,512x4096x1x1
__fattn__-19,flash_attn_f32_f16,5.293600,64x28x0,32x1x0,128x28x64x1
ffn_inp-19,kernel_add,0.034300,4096x1x1,64x1x1,3584x64x1x1
ffn_norm-19,kernel_rms_norm_mul,0.025300,65536x1x1,1024x1x1,3584x64x1x1
l_out-19,kernel_add,0.037400,4096x1x1,64x1x1,3584x64x1x1
attn_norm-20,kernel_rms_norm_mul,0.025800,65536x1x1,1024x1x1,3584x64x1x1
Qcur-20,kernel_add_row,0.019000,57344x0x0,64x0x0,3584x64x1x1
Qcur-20,kernel_rope_neox_f32,0.018800,1792x64x1,64x1x1,128x28x64x1
Kcur-20,kernel_add_row,0.004000,8192x0x0,64x0x0,512x64x1x1
Kcur-20,kernel_rope_neox_f32,0.004100,256x64x1,64x1x1,128x4x64x1
node_692,kernel_mul_mv_q6_K_f32,3.766200,512x4096x1,2x64x1,512x64x1x1
Vcur-20,kernel_add_row,0.003700,8192x0x0,64x0x0,512x64x1x1
cache_k_l20 (view),kernel_set_rows_f16_i64,0.005700,32768x1x1,512x1x1,512x4096x1x1
cache_v_l20 (view),kernel_set_rows_f16_i64,0.004500,32768x1x1,512x1x1,512x4096x1x1
__fattn__-20,flash_attn_f32_f16,5.310400,64x28x0,32x1x0,128x28x64x1
ffn_inp-20,kernel_add,0.034700,4096x1x1,64x1x1,3584x64x1x1
ffn_norm-20,kernel_rms_norm_mul,0.024200,65536x1x1,1024x1x1,3584x64x1x1
ffn_swiglu-20,kernel_swiglu,0.208400,32768x1x1,512x1x1,18944x64x1x1
ffn_out-20,kernel_mul_mv_q6_K_f32,132.188995,3584x4096x1,2x64x1,3584x64x1x1
l_out-20,kernel_add,0.033600,4096x1x1,64x1x1,3584x64x1x1
attn_norm-21,kernel_rms_norm_mul,0.025500,65536x1x1,1024x1x1,3584x64x1x1
Qcur-21,kernel_add_row,0.019400,57344x0x0,64x0x0,3584x64x1x1
Qcur-21,kernel_rope_neox_f32,0.020700,1792x64x1,64x1x1,128x28x64x1
Kcur-21,kernel_add_row,0.006500,8192x0x0,64x0x0,512x64x1x1
Kcur-21,kernel_rope_neox_f32,0.004200,256x64x1,64x1x1,128x4x64x1
Vcur-21,kernel_add_row,0.005900,8192x0x0,64x0x0,512x64x1x1
cache_k_l21 (view),kernel_set_rows_f16_i64,0.005600,32768x1x1,512x1x1,512x4096x1x1
cache_v_l21 (view),kernel_set_rows_f16_i64,0.004700,32768x1x1,512x1x1,512x4096x1x1
__fattn__-21,flash_attn_f32_f16,5.211200,64x28x0,32x1x0,128x28x64x1
ffn_inp-21,kernel_add,0.037500,4096x1x1,64x1x1,3584x64x1x1
ffn_norm-21,kernel_rms_norm_mul,0.027200,65536x1x1,1024x1x1,3584x64x1x1
l_out-21,kernel_add,0.042500,4096x1x1,64x1x1,3584x64x1x1
attn_norm-22,kernel_rms_norm_mul,0.027500,65536x1x1,1024x1x1,3584x64x1x1
Qcur-22,kernel_add_row,0.059900,57344x0x0,64x0x0,3584x64x1x1
Qcur-22,kernel_rope_neox_f32,0.063500,1792x64x1,64x1x1,128x28x64x1
Kcur-22,kernel_add_row,0.007300,8192x0x0,64x0x0,512x64x1x1
Kcur-22,kernel_rope_neox_f32,0.004300,256x64x1,64x1x1,128x4x64x1
Vcur-22,kernel_add_row,0.005700,8192x0x0,64x0x0,512x64x1x1
cache_k_l22 (view),kernel_set_rows_f16_i64,0.005700,32768x1x1,512x1x1,512x4096x1x1
cache_v_l22 (view),kernel_set_rows_f16_i64,0.004600,32768x1x1,512x1x1,512x4096x1x1
__fattn__-22,flash_attn_f32_f16,5.193400,64x28x0,32x1x0,128x28x64x1
ffn_inp-22,kernel_add,0.037700,4096x1x1,64x1x1,3584x64x1x1
ffn_norm-22,kernel_rms_norm_mul,0.026500,65536x1x1,1024x1x1,3584x64x1x1
l_out-22,kernel_add,0.042000,4096x1x1,64x1x1,3584x64x1x1
attn_norm-23,kernel_rms_norm_mul,0.027000,65536x1x1,1024x1x1,3584x64x1x1
Qcur-23,kernel_add_row,0.018700,57344x0x0,64x0x0,3584x64x1x1
Qcur-23,kernel_rope_neox_f32,0.020100,1792x64x1,64x1x1,128x28x64x1
Kcur-23,kernel_add_row,0.006400,8192x0x0,64x0x0,512x64x1x1
Kcur-23,kernel_rope_neox_f32,0.004200,256x64x1,64x1x1,128x4x64x1
node_794,kernel_mul_mv_q6_K_f32,3.770500,512x4096x1,2x64x1,512x64x1x1
Vcur-23,kernel_add_row,0.003800,8192x0x0,64x0x0,512x64x1x1
cache_k_l23 (view),kernel_set_rows_f16_i64,0.005900,32768x1x1,512x1x1,512x4096x1x1
cache_v_l23 (view),kernel_set_rows_f16_i64,0.004600,32768x1x1,512x1x1,512x4096x1x1
__fattn__-23,flash_attn_f32_f16,5.303100,64x28x0,32x1x0,128x28x64x1
ffn_inp-23,kernel_add,0.036400,4096x1x1,64x1x1,3584x64x1x1
ffn_norm-23,kernel_rms_norm_mul,0.025500,65536x1x1,1024x1x1,3584x64x1x1
ffn_swiglu-23,kernel_swiglu,0.221400,32768x1x1,512x1x1,18944x64x1x1
ffn_out-23,kernel_mul_mv_q6_K_f32,132.363800,3584x4096x1,2x64x1,3584x64x1x1
l_out-23,kernel_add,0.033600,4096x1x1,64x1x1,3584x64x1x1
attn_norm-24,kernel_rms_norm_mul,0.027200,65536x1x1,1024x1x1,3584x64x1x1
Qcur-24,kernel_add_row,0.020000,57344x0x0,64x0x0,3584x64x1x1
Qcur-24,kernel_rope_neox_f32,0.021700,1792x64x1,64x1x1,128x28x64x1
Kcur-24,kernel_add_row,0.006700,8192x0x0,64x0x0,512x64x1x1
Kcur-24,kernel_rope_neox_f32,0.004100,256x64x1,64x1x1,128x4x64x1
node_828,kernel_mul_mv_q6_K_f32,3.770800,512x4096x1,2x64x1,512x64x1x1
Vcur-24,kernel_add_row,0.003800,8192x0x0,64x0x0,512x64x1x1
cache_k_l24 (view),kernel_set_rows_f16_i64,0.006000,32768x1x1,512x1x1,512x4096x1x1
cache_v_l24 (view),kernel_set_rows_f16_i64,0.004600,32768x1x1,512x1x1,512x4096x1x1
__fattn__-24,flash_attn_f32_f16,5.282000,64x28x0,32x1x0,128x28x64x1
ffn_inp-24,kernel_add,0.035300,4096x1x1,64x1x1,3584x64x1x1
ffn_norm-24,kernel_rms_norm_mul,0.027400,65536x1x1,1024x1x1,3584x64x1x1
ffn_swiglu-24,kernel_swiglu,0.222600,32768x1x1,512x1x1,18944x64x1x1
ffn_out-24,kernel_mul_mv_q6_K_f32,132.436890,3584x4096x1,2x64x1,3584x64x1x1
l_out-24,kernel_add,0.033700,4096x1x1,64x1x1,3584x64x1x1
attn_norm-25,kernel_rms_norm_mul,0.028000,65536x1x1,1024x1x1,3584x64x1x1
Qcur-25,kernel_add_row,0.019300,57344x0x0,64x0x0,3584x64x1x1
Qcur-25,kernel_rope_neox_f32,0.020100,1792x64x1,64x1x1,128x28x64x1
Kcur-25,kernel_add_row,0.006800,8192x0x0,64x0x0,512x64x1x1
Kcur-25,kernel_rope_neox_f32,0.004100,256x64x1,64x1x1,128x4x64x1
node_862,kernel_mul_mv_q6_K_f32,3.779200,512x4096x1,2x64x1,512x64x1x1
Vcur-25,kernel_add_row,0.003800,8192x0x0,64x0x0,512x64x1x1
cache_k_l25 (view),kernel_set_rows_f16_i64,0.005600,32768x1x1,512x1x1,512x4096x1x1
cache_v_l25 (view),kernel_set_rows_f16_i64,0.004500,32768x1x1,512x1x1,512x4096x1x1
__fattn__-25,flash_attn_f32_f16,5.291400,64x28x0,32x1x0,128x28x64x1
ffn_inp-25,kernel_add,0.033900,4096x1x1,64x1x1,3584x64x1x1
ffn_norm-25,kernel_rms_norm_mul,0.027200,65536x1x1,1024x1x1,3584x64x1x1
ffn_swiglu-25,kernel_swiglu,0.219900,32768x1x1,512x1x1,18944x64x1x1
ffn_out-25,kernel_mul_mv_q6_K_f32,132.159195,3584x4096x1,2x64x1,3584x64x1x1
l_out-25,kernel_add,0.033800,4096x1x1,64x1x1,3584x64x1x1
attn_norm-26,kernel_rms_norm_mul,0.025700,65536x1x1,1024x1x1,3584x64x1x1
Qcur-26,kernel_add_row,0.019000,57344x0x0,64x0x0,3584x64x1x1
Qcur-26,kernel_rope_neox_f32,0.020600,1792x64x1,64x1x1,128x28x64x1
Kcur-26,kernel_add_row,0.006200,8192x0x0,64x0x0,512x64x1x1
Kcur-26,kernel_rope_neox_f32,0.004100,256x64x1,64x1x1,128x4x64x1
node_896,kernel_mul_mv_q6_K_f32,3.770600,512x4096x1,2x64x1,512x64x1x1
Vcur-26,kernel_add_row,0.003800,8192x0x0,64x0x0,512x64x1x1
cache_k_l26 (view),kernel_set_rows_f16_i64,0.006000,32768x1x1,512x1x1,512x4096x1x1
cache_v_l26 (view),kernel_set_rows_f16_i64,0.004600,32768x1x1,512x1x1,512x4096x1x1
__fattn__-26,flash_attn_f32_f16,5.181600,64x28x0,32x1x0,128x28x64x1
ffn_inp-26,kernel_add,0.035400,4096x1x1,64x1x1,3584x64x1x1
ffn_norm-26,kernel_rms_norm_mul,0.027200,65536x1x1,1024x1x1,3584x64x1x1
ffn_swiglu-26,kernel_swiglu,0.209500,32768x1x1,512x1x1,18944x64x1x1
ffn_out-26,kernel_mul_mv_q6_K_f32,134.531693,3584x4096x1,2x64x1,3584x64x1x1
l_out-26,kernel_add,0.034100,4096x1x1,64x1x1,3584x64x1x1
attn_norm-27,kernel_rms_norm_mul,0.025700,65536x1x1,1024x1x1,3584x64x1x1
Qcur-27,kernel_add_row,0.019700,57344x0x0,64x0x0,3584x64x1x1
Qcur-27,kernel_rope_neox_f32,0.020400,1792x64x1,64x1x1,128x28x64x1
Kcur-27,kernel_add_row,0.006700,8192x0x0,64x0x0,512x64x1x1
Kcur-27,kernel_rope_neox_f32,0.004200,256x64x1,64x1x1,128x4x64x1
node_930,kernel_mul_mv_q6_K_f32,3.770300,512x4096x1,2x64x1,512x64x1x1
Vcur-27,kernel_add_row,0.003700,8192x0x0,64x0x0,512x64x1x1
cache_k_l27 (view),kernel_set_rows_f16_i64,0.006000,32768x1x1,512x1x1,512x4096x1x1
cache_v_l27 (view),kernel_set_rows_f16_i64,0.004800,32768x1x1,512x1x1,512x4096x1x1
__fattn__-27,flash_attn_f32_f16,5.290400,64x28x0,32x1x0,128x28x64x1
attn_norm-0,kernel_rms_norm_mul,0.032200,65536x1x1,1024x1x1,3584x64x1x1
Qcur-0,kernel_add_row,0.018500,57344x0x0,64x0x0,3584x64x1x1
Qcur-0,kernel_rope_neox_f32,0.019600,1792x64x1,64x1x1,128x28x64x1
Kcur-0,kernel_add_row,0.005800,8192x0x0,64x0x0,512x64x1x1
Kcur-0,kernel_rope_neox_f32,0.004300,256x64x1,64x1x1,128x4x64x1
node_11,kernel_mul_mv_q6_K_f32,3.768400,512x4096x1,2x64x1,512x64x1x1
Vcur-0,kernel_add_row,0.003400,8192x0x0,64x0x0,512x64x1x1
cache_k_l0 (view),kernel_set_rows_f16_i64,0.005700,32768x1x1,512x1x1,512x4096x1x1
cache_v_l0 (view),kernel_set_rows_f16_i64,0.004600,32768x1x1,512x1x1,512x4096x1x1
 (copy),kernel_cpy_f32_f16,0.003600,4096x1x1,64x1x1,256x64x1x1
__fattn__-0,flash_attn_f32_f16,5.352100,64x28x0,32x1x0,128x28x64x1
ffn_inp-0,kernel_add,0.036100,4096x1x1,64x1x1,3584x64x1x1
ffn_norm-0,kernel_rms_norm_mul,0.027100,65536x1x1,1024x1x1,3584x64x1x1
ffn_swiglu-0,kernel_swiglu,0.207800,32768x1x1,512x1x1,18944x64x1x1
ffn_out-0,kernel_mul_mv_q6_K_f32,132.427505,3584x4096x1,2x64x1,3584x64x1x1
l_out-0,kernel_add,0.033600,4096x1x1,64x1x1,3584x64x1x1
attn_norm-1,kernel_rms_norm_mul,0.027200,65536x1x1,1024x1x1,3584x64x1x1
Qcur-1,kernel_add_row,0.019500,57344x0x0,64x0x0,3584x64x1x1
Qcur-1,kernel_rope_neox_f32,0.019600,1792x64x1,64x1x1,128x28x64x1
Kcur-1,kernel_add_row,0.006800,8192x0x0,64x0x0,512x64x1x1
Kcur-1,kernel_rope_neox_f32,0.004100,256x64x1,64x1x1,128x4x64x1
node_46,kernel_mul_mv_q6_K_f32,3.768800,512x4096x1,2x64x1,512x64x1x1
Vcur-1,kernel_add_row,0.003700,8192x0x0,64x0x0,512x64x1x1
cache_k_l1 (view),kernel_set_rows_f16_i64,0.005800,32768x1x1,512x1x1,512x4096x1x1
cache_v_l1 (view),kernel_set_rows_f16_i64,0.004600,32768x1x1,512x1x1,512x4096x1x1
__fattn__-1,flash_attn_f32_f16,5.311900,64x28x0,32x1x0,128x28x64x1
ffn_inp-1,kernel_add,0.036900,4096x1x1,64x1x1,3584x64x1x1
ffn_norm-1,kernel_rms_norm_mul,0.026100,65536x1x1,1024x1x1,3584x64x1x1
ffn_swiglu-1,kernel_swiglu,0.209100,32768x1x1,512x1x1,18944x64x1x1
ffn_out-1,kernel_mul_mv_q6_K_f32,132.436401,3584x4096x1,2x64x1,3584x64x1x1
l_out-1,kernel_add,0.033500,4096x1x1,64x1x1,3584x64x1x1
attn_norm-2,kernel_rms_norm_mul,0.028300,65536x1x1,1024x1x1,3584x64x1x1
Qcur-2,kernel_add_row,0.019000,57344x0x0,64x0x0,3584x64x1x1
Qcur-2,kernel_rope_neox_f32,0.019300,1792x64x1,64x1x1,128x28x64x1
Kcur-2,kernel_add_row,0.006700,8192x0x0,64x0x0,512x64x1x1
Kcur-2,kernel_rope_neox_f32,0.004100,256x64x1,64x1x1,128x4x64x1
node_80,kernel_mul_mv_q6_K_f32,3.771300,512x4096x1,2x64x1,512x64x1x1
Vcur-2,kernel_add_row,0.003800,8192x0x0,64x0x0,512x64x1x1
cache_k_l2 (view),kernel_set_rows_f16_i64,0.005500,32768x1x1,512x1x1,512x4096x1x1
cache_v_l2 (view),kernel_set_rows_f16_i64,0.004600,32768x1x1,512x1x1,512x4096x1x1
__fattn__-2,flash_attn_f32_f16,5.221300,64x28x0,32x1x0,128x28x64x1
ffn_inp-2,kernel_add,0.036100,4096x1x1,64x1x1,3584x64x1x1
ffn_norm-2,kernel_rms_norm_mul,0.025500,65536x1x1,1024x1x1,3584x64x1x1
ffn_swiglu-2,kernel_swiglu,0.206900,32768x1x1,512x1x1,18944x64x1x1
ffn_out-2,kernel_mul_mv_q6_K_f32,132.584000,3584x4096x1,2x64x1,3584x64x1x1
l_out-2,kernel_add,0.034500,4096x1x1,64x1x1,3584x64x1x1
attn_norm-3,kernel_rms_norm_mul,0.026700,65536x1x1,1024x1x1,3584x64x1x1
Qcur-3,kernel_add_row,0.019800,57344x0x0,64x0x0,3584x64x1x1
Qcur-3,kernel_rope_neox_f32,0.021400,1792x64x1,64x1x1,128x28x64x1
Kcur-3,kernel_add_row,0.006600,8192x0x0,64x0x0,512x64x1x1
Kcur-3,kernel_rope_neox_f32,0.004200,256x64x1,64x1x1,128x4x64x1
Vcur-3,kernel_add_row,0.005800,8192x0x0,64x0x0,512x64x1x1
cache_k_l3 (view),kernel_set_rows_f16_i64,0.006000,32768x1x1,512x1x1,512x4096x1x1
cache_v_l3 (view),kernel_set_rows_f16_i64,0.004600,32768x1x1,512x1x1,512x4096x1x1
__fattn__-3,flash_attn_f32_f16,5.358400,64x28x0,32x1x0,128x28x64x1
ffn_inp-3,kernel_add,0.038400,4096x1x1,64x1x1,3584x64x1x1
ffn_norm-3,kernel_rms_norm_mul,0.028200,65536x1x1,1024x1x1,3584x64x1x1
l_out-3,kernel_add,0.036200,4096x1x1,64x1x1,3584x64x1x1
attn_norm-4,kernel_rms_norm_mul,0.028000,65536x1x1,1024x1x1,3584x64x1x1
Qcur-4,kernel_add_row,0.019900,57344x0x0,64x0x0,3584x64x1x1
Qcur-4,kernel_rope_neox_f32,0.022000,1792x64x1,64x1x1,128x28x64x1
Kcur-4,kernel_add_row,0.006600,8192x0x0,64x0x0,512x64x1x1
Kcur-4,kernel_rope_neox_f32,0.004400,256x64x1,64x1x1,128x4x64x1
Vcur-4,kernel_add_row,0.005800,8192x0x0,64x0x0,512x64x1x1
cache_k_l4 (view),kernel_set_rows_f16_i64,0.005700,32768x1x1,512x1x1,512x4096x1x1
cache_v_l4 (view),kernel_set_rows_f16_i64,0.004800,32768x1x1,512x1x1,512x4096x1x1
__fattn__-4,flash_attn_f32_f16,5.299400,64x28x0,32x1x0,128x28x64x1
ffn_inp-4,kernel_add,0.038900,4096x1x1,64x1x1,3584x64x1x1
ffn_norm-4,kernel_rms_norm_mul,0.026200,65536x1x1,1024x1x1,3584x64x1x1
l_out-4,kernel_add,0.036400,4096x1x1,64x1x1,3584x64x1x1
attn_norm-5,kernel_rms_norm_mul,0.026100,65536x1x1,1024x1x1,3584x64x1x1
Qcur-5,kernel_add_row,0.019000,57344x0x0,64x0x0,3584x64x1x1
Qcur-5,kernel_rope_neox_f32,0.020700,1792x64x1,64x1x1,128x28x64x1
Kcur-5,kernel_add_row,0.006600,8192x0x0,64x0x0,512x64x1x1
Kcur-5,kernel_rope_neox_f32,0.004200,256x64x1,64x1x1,128x4x64x1
node_182,kernel_mul_mv_q6_K_f32,3.769400,512x4096x1,2x64x1,512x64x1x1
Vcur-5,kernel_add_row,0.003700,8192x0x0,64x0x0,512x64x1x1
cache_k_l5 (view),kernel_set_rows_f16_i64,0.005700,32768x1x1,512x1x1,512x4096x1x1
cache_v_l5 (view),kernel_set_rows_f16_i64,0.004500,32768x1x1,512x1x1,512x4096x1x1
__fattn__-5,flash_attn_f32_f16,5.313100,64x28x0,32x1x0,128x28x64x1
ffn_inp-5,kernel_add,0.034900,4096x1x1,64x1x1,3584x64x1x1
ffn_norm-5,kernel_rms_norm_mul,0.027200,65536x1x1,1024x1x1,3584x64x1x1
ffn_swiglu-5,kernel_swiglu,0.210300,32768x1x1,512x1x1,18944x64x1x1
ffn_out-5,kernel_mul_mv_q6_K_f32,132.420593,3584x4096x1,2x64x1,3584x64x1x1
l_out-5,kernel_add,0.033800,4096x1x1,64x1x1,3584x64x1x1
attn_norm-6,kernel_rms_norm_mul,0.025800,65536x1x1,1024x1x1,3584x64x1x1
Qcur-6,kernel_add_row,0.021700,57344x0x0,64x0x0,3584x64x1x1
Qcur-6,kernel_rope_neox_f32,0.022400,1792x64x1,64x1x1,128x28x64x1
Kcur-6,kernel_add_row,0.006400,8192x0x0,64x0x0,512x64x1x1
Kcur-6,kernel_rope_neox_f32,0.004100,256x64x1,64x1x1,128x4x64x1
Vcur-6,kernel_add_row,0.005800,8192x0x0,64x0x0,512x64x1x1
cache_k_l6 (view),kernel_set_rows_f16_i64,0.005800,32768x1x1,512x1x1,512x4096x1x1
cache_v_l6 (view),kernel_set_rows_f16_i64,0.004700,32768x1x1,512x1x1,512x4096x1x1
__fattn__-6,flash_attn_f32_f16,5.298600,64x28x0,32x1x0,128x28x64x1
ffn_inp-6,kernel_add,0.038200,4096x1x1,64x1x1,3584x64x1x1
ffn_norm-6,kernel_rms_norm_mul,0.026300,65536x1x1,1024x1x1,3584x64x1x1
l_out-6,kernel_add,0.036500,4096x1x1,64x1x1,3584x64x1x1
attn_norm-7,kernel_rms_norm_mul,0.028200,65536x1x1,1024x1x1,3584x64x1x1
Qcur-7,kernel_add_row,0.019700,57344x0x0,64x0x0,3584x64x1x1
Qcur-7,kernel_rope_neox_f32,0.020800,1792x64x1,64x1x1,128x28x64x1
Kcur-7,kernel_add_row,0.006600,8192x0x0,64x0x0,512x64x1x1
Kcur-7,kernel_rope_neox_f32,0.004200,256x64x1,64x1x1,128x4x64x1
Vcur-7,kernel_add_row,0.005700,8192x0x0,64x0x0,512x64x1x1
cache_k_l7 (view),kernel_set_rows_f16_i64,0.005600,32768x1x1,512x1x1,512x4096x1x1
cache_v_l7 (view),kernel_set_rows_f16_i64,0.004800,32768x1x1,512x1x1,512x4096x1x1
__fattn__-7,flash_attn_f32_f16,5.279300,64x28x0,32x1x0,128x28x64x1
ffn_inp-7,kernel_add,0.037700,4096x1x1,64x1x1,3584x64x1x1
ffn_norm-7,kernel_rms_norm_mul,0.028200,65536x1x1,1024x1x1,3584x64x1x1
l_out-7,kernel_add,0.037600,4096x1x1,64x1x1,3584x64x1x1
attn_norm-8,kernel_rms_norm_mul,0.027000,65536x1x1,1024x1x1,3584x64x1x1
Qcur-8,kernel_add_row,0.018600,57344x0x0,64x0x0,3584x64x1x1
Qcur-8,kernel_rope_neox_f32,0.020100,1792x64x1,64x1x1,128x28x64x1
Kcur-8,kernel_add_row,0.006300,8192x0x0,64x0x0,512x64x1x1
Kcur-8,kernel_rope_neox_f32,0.004200,256x64x1,64x1x1,128x4x64x1
node_284,kernel_mul_mv_q6_K_f32,3.768000,512x4096x1,2x64x1,512x64x1x1
Vcur-8,kernel_add_row,0.003800,8192x0x0,64x0x0,512x64x1x1
cache_k_l8 (view),kernel_set_rows_f16_i64,0.005600,32768x1x1,512x1x1,512x4096x1x1
cache_v_l8 (view),kernel_set_rows_f16_i64,0.004700,32768x1x1,512x1x1,512x4096x1x1
__fattn__-8,flash_attn_f32_f16,5.290900,64x28x0,32x1x0,128x28x64x1
ffn_inp-8,kernel_add,0.035900,4096x1x1,64x1x1,3584x64x1x1
ffn_norm-8,kernel_rms_norm_mul,0.026800,65536x1x1,1024x1x1,3584x64x1x1
ffn_swiglu-8,kernel_swiglu,0.206600,32768x1x1,512x1x1,18944x64x1x1
ffn_out-8,kernel_mul_mv_q6_K_f32,132.351898,3584x4096x1,2x64x1,3584x64x1x1
l_out-8,kernel_add,0.033600,4096x1x1,64x1x1,3584x64x1x1
attn_norm-9,kernel_rms_norm_mul,0.025800,65536x1x1,1024x1x1,3584x64x1x1
Qcur-9,kernel_add_row,0.021700,57344x0x0,64x0x0,3584x64x1x1
Qcur-9,kernel_rope_neox_f32,0.020700,1792x64x1,64x1x1,128x28x64x1
Kcur-9,kernel_add_row,0.006500,8192x0x0,64x0x0,512x64x1x1
Kcur-9,kernel_rope_neox_f32,0.004200,256x64x1,64x1x1,128x4x64x1
Vcur-9,kernel_add_row,0.005800,8192x0x0,64x0x0,512x64x1x1
cache_k_l9 (view),kernel_set_rows_f16_i64,0.005800,32768x1x1,512x1x1,512x4096x1x1
cache_v_l9 (view),kernel_set_rows_f16_i64,0.004500,32768x1x1,512x1x1,512x4096x1x1
__fattn__-9,flash_attn_f32_f16,5.301300,64x28x0,32x1x0,128x28x64x1
ffn_inp-9,kernel_add,0.036300,4096x1x1,64x1x1,3584x64x1x1
ffn_norm-9,kernel_rms_norm_mul,0.027700,65536x1x1,1024x1x1,3584x64x1x1
l_out-9,kernel_add,0.036200,4096x1x1,64x1x1,3584x64x1x1
attn_norm-10,kernel_rms_norm_mul,0.028000,65536x1x1,1024x1x1,3584x64x1x1
Qcur-10,kernel_add_row,0.019600,57344x0x0,64x0x0,3584x64x1x1
Qcur-10,kernel_rope_neox_f32,0.020500,1792x64x1,64x1x1,128x28x64x1
Kcur-10,kernel_add_row,0.006700,8192x0x0,64x0x0,512x64x1x1
Kcur-10,kernel_rope_neox_f32,0.004300,256x64x1,64x1x1,128x4x64x1
Vcur-10,kernel_add_row,0.005900,8192x0x0,64x0x0,512x64x1x1
cache_k_l10 (view),kernel_set_rows_f16_i64,0.005600,32768x1x1,512x1x1,512x4096x1x1
cache_v_l10 (view),kernel_set_rows_f16_i64,0.004600,32768x1x1,512x1x1,512x4096x1x1
__fattn__-10,flash_attn_f32_f16,5.301000,64x28x0,32x1x0,128x28x64x1
ffn_inp-10,kernel_add,0.038200,4096x1x1,64x1x1,3584x64x1x1
ffn_norm-10,kernel_rms_norm_mul,0.026500,65536x1x1,1024x1x1,3584x64x1x1
l_out-10,kernel_add,0.037100,4096x1x1,64x1x1,3584x64x1x1
attn_norm-11,kernel_rms_norm_mul,0.026200,65536x1x1,1024x1x1,3584x64x1x1
Qcur-11,kernel_add_row,0.019000,57344x0x0,64x0x0,3584x64x1x1
Qcur-11,kernel_rope_neox_f32,0.020700,1792x64x1,64x1x1,128x28x64x1
Kcur-11,kernel_add_row,0.006500,8192x0x0,64x0x0,512x64x1x1
Kcur-11,kernel_rope_neox_f32,0.004200,256x64x1,64x1x1,128x4x64x1
node_386,kernel_mul_mv_q6_K_f32,3.768700,512x4096x1,2x64x1,512x64x1x1
Vcur-11,kernel_add_row,0.003800,8192x0x0,64x0x0,512x64x1x1
cache_k_l11 (view),kernel_set_rows_f16_i64,0.005600,32768x1x1,512x1x1,512x4096x1x1
cache_v_l11 (view),kernel_set_rows_f16_i64,0.004600,32768x1x1,512x1x1,512x4096x1x1
__fattn__-11,flash_attn_f32_f16,5.291800,64x28x0,32x1x0,128x28x64x1
ffn_inp-11,kernel_add,0.035900,4096x1x1,64x1x1,3584x64x1x1
ffn_norm-11,kernel_rms_norm_mul,0.027000,65536x1x1,1024x1x1,3584x64x1x1
ffn_swiglu-11,kernel_swiglu,0.208100,32768x1x1,512x1x1,18944x64x1x1
ffn_out-11,kernel_mul_mv_q6_K_f32,132.175201,3584x4096x1,2x64x1,3584x64x1x1
l_out-11,kernel_add,0.034400,4096x1x1,64x1x1,3584x64x1x1
attn_norm-12,kernel_rms_norm_mul,0.025800,65536x1x1,1024x1x1,3584x64x1x1
Qcur-12,kernel_add_row,0.026000,57344x0x0,64x0x0,3584x64x1x1
Qcur-12,kernel_rope_neox_f32,0.023300,1792x64x1,64x1x1,128x28x64x1
Kcur-12,kernel_add_row,0.006100,8192x0x0,64x0x0,512x64x1x1
Kcur-12,kernel_rope_neox_f32,0.004100,256x64x1,64x1x1,128x4x64x1
Vcur-12,kernel_add_row,0.005900,8192x0x0,64x0x0,512x64x1x1
cache_k_l12 (view),kernel_set_rows_f16_i64,0.005900,32768x1x1,512x1x1,512x4096x1x1
cache_v_l12 (view),kernel_set_rows_f16_i64,0.004600,32768x1x1,512x1x1,512x4096x1x1
__fattn__-12,flash_attn_f32_f16,5.309500,64x28x0,32x1x0,128x28x64x1
ffn_inp-12,kernel_add,0.036600,4096x1x1,64x1x1,3584x64x1x1
ffn_norm-12,kernel_rms_norm_mul,0.028300,65536x1x1,1024x1x1,3584x64x1x1
l_out-12,kernel_add,0.038500,4096x1x1,64x1x1,3584x64x1x1
attn_norm-13,kernel_rms_norm_mul,0.025900,65536x1x1,1024x1x1,3584x64x1x1
Qcur-13,kernel_add_row,0.020700,57344x0x0,64x0x0,3584x64x1x1
Qcur-13,kernel_rope_neox_f32,0.022300,1792x64x1,64x1x1,128x28x64x1
Kcur-13,kernel_add_row,0.006600,8192x0x0,64x0x0,512x64x1x1
Kcur-13,kernel_rope_neox_f32,0.004200,256x64x1,64x1x1,128x4x64x1
Vcur-13,kernel_add_row,0.005900,8192x0x0,64x0x0,512x64x1x1
cache_k_l13 (view),kernel_set_rows_f16_i64,0.005500,32768x1x1,512x1x1,512x4096x1x1
cache_v_l13 (view),kernel_set_rows_f16_i64,0.004700,32768x1x1,512x1x1,512x4096x1x1
__fattn__-13,flash_attn_f32_f16,5.348100,64x28x0,32x1x0,128x28x64x1
ffn_inp-13,kernel_add,0.039400,4096x1x1,64x1x1,3584x64x1x1
ffn_norm-13,kernel_rms_norm_mul,0.025900,65536x1x1,1024x1x1,3584x64x1x1
l_out-13,kernel_add,0.038600,4096x1x1,64x1x1,3584x64x1x1
attn_norm-14,kernel_rms_norm_mul,0.025900,65536x1x1,1024x1x1,3584x64x1x1
Qcur-14,kernel_add_row,0.020000,57344x0x0,64x0x0,3584x64x1x1
Qcur-14,kernel_rope_neox_f32,0.020500,1792x64x1,64x1x1,128x28x64x1
Kcur-14,kernel_add_row,0.006300,8192x0x0,64x0x0,512x64x1x1
Kcur-14,kernel_rope_neox_f32,0.004000,256x64x1,64x1x1,128x4x64x1
node_488,kernel_mul_mv_q6_K_f32,3.769700,512x4096x1,2x64x1,512x64x1x1
Vcur-14,kernel_add_row,0.003800,8192x0x0,64x0x0,512x64x1x1
cache_k_l14 (view),kernel_set_rows_f16_i64,0.005700,32768x1x1,512x1x1,512x4096x1x1
cache_v_l14 (view),kernel_set_rows_f16_i64,0.004700,32768x1x1,512x1x1,512x4096x1x1
__fattn__-14,flash_attn_f32_f16,5.354100,64x28x0,32x1x0,128x28x64x1
ffn_inp-14,kernel_add,0.035300,4096x1x1,64x1x1,3584x64x1x1
ffn_norm-14,kernel_rms_norm_mul,0.026800,65536x1x1,1024x1x1,3584x64x1x1
ffn_swiglu-14,kernel_swiglu,0.208600,32768x1x1,512x1x1,18944x64x1x1
ffn_out-14,kernel_mul_mv_q6_K_f32,132.069290,3584x4096x1,2x64x1,3584x64x1x1
l_out-14,kernel_add,0.033400,4096x1x1,64x1x1,3584x64x1x1
attn_norm-15,kernel_rms_norm_mul,0.026400,65536x1x1,1024x1x1,3584x64x1x1
Qcur-15,kernel_add_row,0.024000,57344x0x0,64x0x0,3584x64x1x1
Qcur-15,kernel_rope_neox_f32,0.023400,1792x64x1,64x1x1,128x28x64x1
Kcur-15,kernel_add_row,0.006100,8192x0x0,64x0x0,512x64x1x1
Kcur-15,kernel_rope_neox_f32,0.004300,256x64x1,64x1x1,128x4x64x1
Vcur-15,kernel_add_row,0.005800,8192x0x0,64x0x0,512x64x1x1
cache_k_l15 (view),kernel_set_rows_f16_i64,0.005700,32768x1x1,512x1x1,512x4096x1x1
cache_v_l15 (view),kernel_set_rows_f16_i64,0.004500,32768x1x1,512x1x1,512x4096x1x1
__fattn__-15,flash_attn_f32_f16,5.296900,64x28x0,32x1x0,128x28x64x1
ffn_inp-15,kernel_add,0.037400,4096x1x1,64x1x1,3584x64x1x1
ffn_norm-15,kernel_rms_norm_mul,0.029500,65536x1x1,1024x1x1,3584x64x1x1
l_out-15,kernel_add,0.036100,4096x1x1,64x1x1,3584x64x1x1
attn_norm-16,kernel_rms_norm_mul,0.027600,65536x1x1,1024x1x1,3584x64x1x1
Qcur-16,kernel_add_row,0.019600,57344x0x0,64x0x0,3584x64x1x1
Qcur-16,kernel_rope_neox_f32,0.022600,1792x64x1,64x1x1,128x28x64x1
Kcur-16,kernel_add_row,0.006500,8192x0x0,64x0x0,512x64x1x1
Kcur-16,kernel_rope_neox_f32,0.004000,256x64x1,64x1x1,128x4x64x1
Vcur-16,kernel_add_row,0.006100,8192x0x0,64x0x0,512x64x1x1
cache_k_l16 (view),kernel_set_rows_f16_i64,0.005600,32768x1x1,512x1x1,512x4096x1x1
cache_v_l16 (view),kernel_set_rows_f16_i64,0.004700,32768x1x1,512x1x1,512x4096x1x1
__fattn__-16,flash_attn_f32_f16,5.299200,64x28x0,32x1x0,128x28x64x1
ffn_inp-16,kernel_add,0.038000,4096x1x1,64x1x1,3584x64x1x1
ffn_norm-16,kernel_rms_norm_mul,0.027800,65536x1x1,1024x1x1,3584x64x1x1
l_out-16,kernel_add,0.036700,4096x1x1,64x1x1,3584x64x1x1
attn_norm-17,kernel_rms_norm_mul,0.028100,65536x1x1,1024x1x1,3584x64x1x1
Qcur-17,kernel_add_row,0.060300,57344x0x0,64x0x0,3584x64x1x1
Qcur-17,kernel_rope_neox_f32,0.063100,1792x64x1,64x1x1,128x28x64x1
Kcur-17,kernel_add_row,0.010300,8192x0x0,64x0x0,512x64x1x1
Kcur-17,kernel_rope_neox_f32,0.004300,256x64x1,64x1x1,128x4x64x1
node_590,kernel_mul_mv_q6_K_f32,3.784600,512x4096x1,2x64x1,512x64x1x1
Vcur-17,kernel_add_row,0.003600,8192x0x0,64x0x0,512x64x1x1
cache_k_l17 (view),kernel_set_rows_f16_i64,0.005800,32768x1x1,512x1x1,512x4096x1x1
cache_v_l17 (view),kernel_set_rows_f16_i64,0.004600,32768x1x1,512x1x1,512x4096x1x1
__fattn__-17,flash_attn_f32_f16,5.324000,64x28x0,32x1x0,128x28x64x1
ffn_inp-17,kernel_add,0.036100,4096x1x1,64x1x1,3584x64x1x1
ffn_norm-17,kernel_rms_norm_mul,0.026500,65536x1x1,1024x1x1,3584x64x1x1
ffn_swiglu-17,kernel_swiglu,0.207000,32768x1x1,512x1x1,18944x64x1x1
ffn_out-17,kernel_mul_mv_q6_K_f32,132.003906,3584x4096x1,2x64x1,3584x64x1x1
l_out-17,kernel_add,0.033400,4096x1x1,64x1x1,3584x64x1x1
attn_norm-18,kernel_rms_norm_mul,0.026100,65536x1x1,1024x1x1,3584x64x1x1
Qcur-18,kernel_add_row,0.020600,57344x0x0,64x0x0,3584x64x1x1
Qcur-18,kernel_rope_neox_f32,0.021900,1792x64x1,64x1x1,128x28x64x1
Kcur-18,kernel_add_row,0.006800,8192x0x0,64x0x0,512x64x1x1
Kcur-18,kernel_rope_neox_f32,0.004300,256x64x1,64x1x1,128x4x64x1
Vcur-18,kernel_add_row,0.005800,8192x0x0,64x0x0,512x64x1x1
cache_k_l18 (view),kernel_set_rows_f16_i64,0.005700,32768x1x1,512x1x1,512x4096x1x1
cache_v_l18 (view),kernel_set_rows_f16_i64,0.004700,32768x1x1,512x1x1,512x4096x1x1
__fattn__-18,flash_attn_f32_f16,5.307000,64x28x0,32x1x0,128x28x64x1
ffn_inp-18,kernel_add,0.038200,4096x1x1,64x1x1,3584x64x1x1
ffn_norm-18,kernel_rms_norm_mul,0.027600,65536x1x1,1024x1x1,3584x64x1x1
l_out-18,kernel_add,0.036000,4096x1x1,64x1x1,3584x64x1x1
attn_norm-19,kernel_rms_norm_mul,0.025200,65536x1x1,1024x1x1,3584x64x1x1
Qcur-19,kernel_add_row,0.021200,57344x0x0,64x0x0,3584x64x1x1
Qcur-19,kernel_rope_neox_f32,0.021900,1792x64x1,64x1x1,128x28x64x1
Kcur-19,kernel_add_row,0.006700,8192x0x0,64x0x0,512x64x1x1
Kcur-19,kernel_rope_neox_f32,0.004200,256x64x1,64x1x1,128x4x64x1
Vcur-19,kernel_add_row,0.005700,8192x0x0,64x0x0,512x64x1x1
cache_k_l19 (view),kernel_set_rows_f16_i64,0.005600,32768x1x1,512x1x1,512x4096x1x1
cache_v_l19 (view),kernel_set_rows_f16_i64,0.004500,32768x1x1,512x1x1,512x4096x1x1
__fattn__-19,flash_attn_f32_f16,5.291400,64x28x0,32x1x0,128x28x64x1
ffn_inp-19,kernel_add,0.038200,4096x1x1,64x1x1,3584x64x1x1
ffn_norm-19,kernel_rms_norm_mul,0.027400,65536x1x1,1024x1x1,3584x64x1x1
l_out-19,kernel_add,0.037400,4096x1x1,64x1x1,3584x64x1x1
attn_norm-20,kernel_rms_norm_mul,0.026400,65536x1x1,1024x1x1,3584x64x1x1
Qcur-20,kernel_add_row,0.019200,57344x0x0,64x0x0,3584x64x1x1
Qcur-20,kernel_rope_neox_f32,0.020000,1792x64x1,64x1x1,128x28x64x1
Kcur-20,kernel_add_row,0.006200,8192x0x0,64x0x0,512x64x1x1
Kcur-20,kernel_rope_neox_f32,0.004300,256x64x1,64x1x1,128x4x64x1
node_692,kernel_mul_mv_q6_K_f32,3.771000,512x4096x1,2x64x1,512x64x1x1
Vcur-20,kernel_add_row,0.003500,8192x0x0,64x0x0,512x64x1x1
cache_k_l20 (view),kernel_set_rows_f16_i64,0.005700,32768x1x1,512x1x1,512x4096x1x1
cache_v_l20 (view),kernel_set_rows_f16_i64,0.004700,32768x1x1,512x1x1,512x4096x1x1
__fattn__-20,flash_attn_f32_f16,5.204900,64x28x0,32x1x0,128x28x64x1
ffn_inp-20,kernel_add,0.035800,4096x1x1,64x1x1,3584x64x1x1
ffn_norm-20,kernel_rms_norm_mul,0.025800,65536x1x1,1024x1x1,3584x64x1x1
ffn_swiglu-20,kernel_swiglu,0.209800,32768x1x1,512x1x1,18944x64x1x1
ffn_out-20,kernel_mul_mv_q6_K_f32,132.196899,3584x4096x1,2x64x1,3584x64x1x1
l_out-20,kernel_add,0.033200,4096x1x1,64x1x1,3584x64x1x1
attn_norm-21,kernel_rms_norm_mul,0.026100,65536x1x1,1024x1x1,3584x64x1x1
Qcur-21,kernel_add_row,0.026100,57344x0x0,64x0x0,3584x64x1x1
Qcur-21,kernel_rope_neox_f32,0.023200,1792x64x1,64x1x1,128x28x64x1
Kcur-21,kernel_add_row,0.006500,8192x0x0,64x0x0,512x64x1x1
Kcur-21,kernel_rope_neox_f32,0.004200,256x64x1,64x1x1,128x4x64x1
Vcur-21,kernel_add_row,0.005800,8192x0x0,64x0x0,512x64x1x1
cache_k_l21 (view),kernel_set_rows_f16_i64,0.005600,32768x1x1,512x1x1,512x4096x1x1
cache_v_l21 (view),kernel_set_rows_f16_i64,0.004700,32768x1x1,512x1x1,512x4096x1x1
__fattn__-21,flash_attn_f32_f16,5.189300,64x28x0,32x1x0,128x28x64x1
ffn_inp-21,kernel_add,0.037500,4096x1x1,64x1x1,3584x64x1x1
ffn_norm-21,kernel_rms_norm_mul,0.030200,65536x1x1,1024x1x1,3584x64x1x1
l_out-21,kernel_add,0.035900,4096x1x1,64x1x1,3584x64x1x1
attn_norm-22,kernel_rms_norm_mul,0.025800,65536x1x1,1024x1x1,3584x64x1x1
Qcur-22,kernel_add_row,0.019900,57344x0x0,64x0x0,3584x64x1x1
Qcur-22,kernel_rope_neox_f32,0.022300,1792x64x1,64x1x1,128x28x64x1
Kcur-22,kernel_add_row,0.006800,8192x0x0,64x0x0,512x64x1x1
Kcur-22,kernel_rope_neox_f32,0.004300,256x64x1,64x1x1,128x4x64x1
Vcur-22,kernel_add_row,0.005900,8192x0x0,64x0x0,512x64x1x1
cache_k_l22 (view),kernel_set_rows_f16_i64,0.005600,32768x1x1,512x1x1,512x4096x1x1
cache_v_l22 (view),kernel_set_rows_f16_i64,0.004800,32768x1x1,512x1x1,512x4096x1x1
__fattn__-22,flash_attn_f32_f16,5.303200,64x28x0,32x1x0,128x28x64x1
ffn_inp-22,kernel_add,0.038200,4096x1x1,64x1x1,3584x64x1x1
ffn_norm-22,kernel_rms_norm_mul,0.028000,65536x1x1,1024x1x1,3584x64x1x1
l_out-22,kernel_add,0.036000,4096x1x1,64x1x1,3584x64x1x1
attn_norm-23,kernel_rms_norm_mul,0.026600,65536x1x1,1024x1x1,3584x64x1x1
Qcur-23,kernel_add_row,0.019100,57344x0x0,64x0x0,3584x64x1x1
Qcur-23,kernel_rope_neox_f32,0.021200,1792x64x1,64x1x1,128x28x64x1
Kcur-23,kernel_add_row,0.006200,8192x0x0,64x0x0,512x64x1x1
Kcur-23,kernel_rope_neox_f32,0.004200,256x64x1,64x1x1,128x4x64x1
node_794,kernel_mul_mv_q6_K_f32,3.773400,512x4096x1,2x64x1,512x64x1x1
Vcur-23,kernel_add_row,0.003800,8192x0x0,64x0x0,512x64x1x1
cache_k_l23 (view),kernel_set_rows_f16_i64,0.005700,32768x1x1,512x1x1,512x4096x1x1
cache_v_l23 (view),kernel_set_rows_f16_i64,0.004600,32768x1x1,512x1x1,512x4096x1x1
__fattn__-23,flash_attn_f32_f16,5.313200,64x28x0,32x1x0,128x28x64x1
ffn_inp-23,kernel_add,0.037400,4096x1x1,64x1x1,3584x64x1x1
ffn_norm-23,kernel_rms_norm_mul,0.025900,65536x1x1,1024x1x1,3584x64x1x1
ffn_swiglu-23,kernel_swiglu,0.208200,32768x1x1,512x1x1,18944x64x1x1
ffn_out-23,kernel_mul_mv_q6_K_f32,132.385803,3584x4096x1,2x64x1,3584x64x1x1
l_out-23,kernel_add,0.034000,4096x1x1,64x1x1,3584x64x1x1
attn_norm-24,kernel_rms_norm_mul,0.027400,65536x1x1,1024x1x1,3584x64x1x1
Qcur-24,kernel_add_row,0.020000,57344x0x0,64x0x0,3584x64x1x1
Qcur-24,kernel_rope_neox_f32,0.021700,1792x64x1,64x1x1,128x28x64x1
Kcur-24,kernel_add_row,0.006500,8192x0x0,64x0x0,512x64x1x1
Kcur-24,kernel_rope_neox_f32,0.004100,256x64x1,64x1x1,128x4x64x1
node_828,kernel_mul_mv_q6_K_f32,3.767200,512x4096x1,2x64x1,512x64x1x1
Vcur-24,kernel_add_row,0.003500,8192x0x0,64x0x0,512x64x1x1
cache_k_l24 (view),kernel_set_rows_f16_i64,0.005700,32768x1x1,512x1x1,512x4096x1x1
cache_v_l24 (view),kernel_set_rows_f16_i64,0.004500,32768x1x1,512x1x1,512x4096x1x1
__fattn__-24,flash_attn_f32_f16,5.290300,64x28x0,32x1x0,128x28x64x1
ffn_inp-24,kernel_add,0.035100,4096x1x1,64x1x1,3584x64x1x1
ffn_norm-24,kernel_rms_norm_mul,0.025900,65536x1x1,1024x1x1,3584x64x1x1
ffn_swiglu-24,kernel_swiglu,0.208000,32768x1x1,512x1x1,18944x64x1x1
ffn_out-24,kernel_mul_mv_q6_K_f32,132.483200,3584x4096x1,2x64x1,3584x64x1x1
l_out-24,kernel_add,0.034300,4096x1x1,64x1x1,3584x64x1x1
attn_norm-25,kernel_rms_norm_mul,0.025100,65536x1x1,1024x1x1,3584x64x1x1
Qcur-25,kernel_add_row,0.018700,57344x0x0,64x0x0,3584x64x1x1
Qcur-25,kernel_rope_neox_f32,0.020700,1792x64x1,64x1x1,128x28x64x1
Kcur-25,kernel_add_row,0.006500,8192x0x0,64x0x0,512x64x1x1
Kcur-25,kernel_rope_neox_f32,0.004200,256x64x1,64x1x1,128x4x64x1
node_862,kernel_mul_mv_q6_K_f32,3.770200,512x4096x1,2x64x1,512x64x1x1
Vcur-25,kernel_add_row,0.003700,8192x0x0,64x0x0,512x64x1x1
cache_k_l25 (view),kernel_set_rows_f16_i64,0.005500,32768x1x1,512x1x1,512x4096x1x1
cache_v_l25 (view),kernel_set_rows_f16_i64,0.004500,32768x1x1,512x1x1,512x4096x1x1
__fattn__-25,flash_attn_f32_f16,5.180800,64x28x0,32x1x0,128x28x64x1
ffn_inp-25,kernel_add,0.034500,4096x1x1,64x1x1,3584x64x1x1
ffn_norm-25,kernel_rms_norm_mul,0.026100,65536x1x1,1024x1x1,3584x64x1x1
ffn_swiglu-25,kernel_swiglu,0.207100,32768x1x1,512x1x1,18944x64x1x1
ffn_out-25,kernel_mul_mv_q6_K_f32,132.863098,3584x4096x1,2x64x1,3584x64x1x1
l_out-25,kernel_add,0.034800,4096x1x1,64x1x1,3584x64x1x1
attn_norm-26,kernel_rms_norm_mul,0.026600,65536x1x1,1024x1x1,3584x64x1x1
Qcur-26,kernel_add_row,0.020100,57344x0x0,64x0x0,3584x64x1x1
Qcur-26,kernel_rope_neox_f32,0.019600,1792x64x1,64x1x1,128x28x64x1
Kcur-26,kernel_add_row,0.006200,8192x0x0,64x0x0,512x64x1x1
Kcur-26,kernel_rope_neox_f32,0.004200,256x64x1,64x1x1,128x4x64x1
node_896,kernel_mul_mv_q6_K_f32,3.770900,512x4096x1,2x64x1,512x64x1x1
Vcur-26,kernel_add_row,0.003800,8192x0x0,64x0x0,512x64x1x1
cache_k_l26 (view),kernel_set_rows_f16_i64,0.005800,32768x1x1,512x1x1,512x4096x1x1
cache_v_l26 (view),kernel_set_rows_f16_i64,0.004800,32768x1x1,512x1x1,512x4096x1x1
__fattn__-26,flash_attn_f32_f16,5.298500,64x28x0,32x1x0,128x28x64x1
ffn_inp-26,kernel_add,0.036800,4096x1x1,64x1x1,3584x64x1x1
ffn_norm-26,kernel_rms_norm_mul,0.025700,65536x1x1,1024x1x1,3584x64x1x1
ffn_swiglu-26,kernel_swiglu,0.206500,32768x1x1,512x1x1,18944x64x1x1
ffn_out-26,kernel_mul_mv_q6_K_f32,134.602707,3584x4096x1,2x64x1,3584x64x1x1
l_out-26,kernel_add,0.033400,4096x1x1,64x1x1,3584x64x1x1
attn_norm-27,kernel_rms_norm_mul,0.027200,65536x1x1,1024x1x1,3584x64x1x1
Qcur-27,kernel_add_row,0.019500,57344x0x0,64x0x0,3584x64x1x1
Qcur-27,kernel_rope_neox_f32,0.020900,1792x64x1,64x1x1,128x28x64x1
Kcur-27,kernel_add_row,0.006600,8192x0x0,64x0x0,512x64x1x1
Kcur-27,kernel_rope_neox_f32,0.004100,256x64x1,64x1x1,128x4x64x1
node_930,kernel_mul_mv_q6_K_f32,3.771500,512x4096x1,2x64x1,512x64x1x1
Vcur-27,kernel_add_row,0.003800,8192x0x0,64x0x0,512x64x1x1
cache_k_l27 (view),kernel_set_rows_f16_i64,0.006000,32768x1x1,512x1x1,512x4096x1x1
cache_v_l27 (view),kernel_set_rows_f16_i64,0.004500,32768x1x1,512x1x1,512x4096x1x1
__fattn__-27,flash_attn_f32_f16,5.301000,64x28x0,32x1x0,128x28x64x1
attn_norm-0,kernel_rms_norm_mul,0.029900,65536x1x1,1024x1x1,3584x64x1x1
Qcur-0,kernel_add_row,0.018600,57344x0x0,64x0x0,3584x64x1x1
Qcur-0,kernel_rope_neox_f32,0.021000,1792x64x1,64x1x1,128x28x64x1
Kcur-0,kernel_add_row,0.005900,8192x0x0,64x0x0,512x64x1x1
Kcur-0,kernel_rope_neox_f32,0.004300,256x64x1,64x1x1,128x4x64x1
node_11,kernel_mul_mv_q6_K_f32,3.771600,512x4096x1,2x64x1,512x64x1x1
Vcur-0,kernel_add_row,0.003500,8192x0x0,64x0x0,512x64x1x1
cache_k_l0 (view),kernel_set_rows_f16_i64,0.005400,32768x1x1,512x1x1,512x4096x1x1
cache_v_l0 (view),kernel_set_rows_f16_i64,0.004800,32768x1x1,512x1x1,512x4096x1x1
 (copy),kernel_cpy_f32_f16,0.003800,4096x1x1,64x1x1,256x64x1x1
__fattn__-0,flash_attn_f32_f16,5.215600,64x28x0,32x1x0,128x28x64x1
ffn_inp-0,kernel_add,0.037900,4096x1x1,64x1x1,3584x64x1x1
ffn_norm-0,kernel_rms_norm_mul,0.027100,65536x1x1,1024x1x1,3584x64x1x1
ffn_swiglu-0,kernel_swiglu,0.207100,32768x1x1,512x1x1,18944x64x1x1
ffn_out-0,kernel_mul_mv_q6_K_f32,132.484207,3584x4096x1,2x64x1,3584x64x1x1
l_out-0,kernel_add,0.034300,4096x1x1,64x1x1,3584x64x1x1
attn_norm-1,kernel_rms_norm_mul,0.025900,65536x1x1,1024x1x1,3584x64x1x1
Qcur-1,kernel_add_row,0.019400,57344x0x0,64x0x0,3584x64x1x1
Qcur-1,kernel_rope_neox_f32,0.019400,1792x64x1,64x1x1,128x28x64x1
Kcur-1,kernel_add_row,0.006700,8192x0x0,64x0x0,512x64x1x1
Kcur-1,kernel_rope_neox_f32,0.004100,256x64x1,64x1x1,128x4x64x1
node_46,kernel_mul_mv_q6_K_f32,3.770300,512x4096x1,2x64x1,512x64x1x1
Vcur-1,kernel_add_row,0.003500,8192x0x0,64x0x0,512x64x1x1
cache_k_l1 (view),kernel_set_rows_f16_i64,0.005600,32768x1x1,512x1x1,512x4096x1x1
cache_v_l1 (view),kernel_set_rows_f16_i64,0.004600,32768x1x1,512x1x1,512x4096x1x1
__fattn__-1,flash_attn_f32_f16,5.309000,64x28x0,32x1x0,128x28x64x1
ffn_inp-1,kernel_add,0.036600,4096x1x1,64x1x1,3584x64x1x1
ffn_norm-1,kernel_rms_norm_mul,0.027000,65536x1x1,1024x1x1,3584x64x1x1
ffn_swiglu-1,kernel_swiglu,0.208300,32768x1x1,512x1x1,18944x64x1x1
ffn_out-1,kernel_mul_mv_q6_K_f32,132.315292,3584x4096x1,2x64x1,3584x64x1x1
l_out-1,kernel_add,0.034200,4096x1x1,64x1x1,3584x64x1x1
attn_norm-2,kernel_rms_norm_mul,0.026800,65536x1x1,1024x1x1,3584x64x1x1
Qcur-2,kernel_add_row,0.019300,57344x0x0,64x0x0,3584x64x1x1
Qcur-2,kernel_rope_neox_f32,0.019900,1792x64x1,64x1x1,128x28x64x1
Kcur-2,kernel_add_row,0.006600,8192x0x0,64x0x0,512x64x1x1
Kcur-2,kernel_rope_neox_f32,0.004300,256x64x1,64x1x1,128x4x64x1
node_80,kernel_mul_mv_q6_K_f32,3.770800,512x4096x1,2x64x1,512x64x1x1
Vcur-2,kernel_add_row,0.003500,8192x0x0,64x0x0,512x64x1x1
cache_k_l2 (view),kernel_set_rows_f16_i64,0.005900,32768x1x1,512x1x1,512x4096x1x1
cache_v_l2 (view),kernel_set_rows_f16_i64,0.004700,32768x1x1,512x1x1,512x4096x1x1
__fattn__-2,flash_attn_f32_f16,5.295200,64x28x0,32x1x0,128x28x64x1
ffn_inp-2,kernel_add,0.035700,4096x1x1,64x1x1,3584x64x1x1
ffn_norm-2,kernel_rms_norm_mul,0.027300,65536x1x1,1024x1x1,3584x64x1x1
ffn_swiglu-2,kernel_swiglu,0.208500,32768x1x1,512x1x1,18944x64x1x1
ffn_out-2,kernel_mul_mv_q6_K_f32,132.285690,3584x4096x1,2x64x1,3584x64x1x1
l_out-2,kernel_add,0.033300,4096x1x1,64x1x1,3584x64x1x1
attn_norm-3,kernel_rms_norm_mul,0.026800,65536x1x1,1024x1x1,3584x64x1x1
Qcur-3,kernel_add_row,0.024700,57344x0x0,64x0x0,3584x64x1x1
Qcur-3,kernel_rope_neox_f32,0.024100,1792x64x1,64x1x1,128x28x64x1
Kcur-3,kernel_add_row,0.006700,8192x0x0,64x0x0,512x64x1x1
Kcur-3,kernel_rope_neox_f32,0.004200,256x64x1,64x1x1,128x4x64x1
Vcur-3,kernel_add_row,0.005900,8192x0x0,64x0x0,512x64x1x1
cache_k_l3 (view),kernel_set_rows_f16_i64,0.005700,32768x1x1,512x1x1,512x4096x1x1
cache_v_l3 (view),kernel_set_rows_f16_i64,0.004800,32768x1x1,512x1x1,512x4096x1x1
__fattn__-3,flash_attn_f32_f16,5.309500,64x28x0,32x1x0,128x28x64x1
ffn_inp-3,kernel_add,0.038300,4096x1x1,64x1x1,3584x64x1x1
ffn_norm-3,kernel_rms_norm_mul,0.027000,65536x1x1,1024x1x1,3584x64x1x1
l_out-3,kernel_add,0.037000,4096x1x1,64x1x1,3584x64x1x1
attn_norm-4,kernel_rms_norm_mul,0.025700,65536x1x1,1024x1x1,3584x64x1x1
Qcur-4,kernel_add_row,0.019500,57344x0x0,64x0x0,3584x64x1x1
Qcur-4,kernel_rope_neox_f32,0.021300,1792x64x1,64x1x1,128x28x64x1
Kcur-4,kernel_add_row,0.006600,8192x0x0,64x0x0,512x64x1x1
Kcur-4,kernel_rope_neox_f32,0.004200,256x64x1,64x1x1,128x4x64x1
Vcur-4,kernel_add_row,0.005800,8192x0x0,64x0x0,512x64x1x1
cache_k_l4 (view),kernel_set_rows_f16_i64,0.005600,32768x1x1,512x1x1,512x4096x1x1
cache_v_l4 (view),kernel_set_rows_f16_i64,0.004800,32768x1x1,512x1x1,512x4096x1x1
__fattn__-4,flash_attn_f32_f16,5.335600,64x28x0,32x1x0,128x28x64x1
ffn_inp-4,kernel_add,0.042500,4096x1x1,64x1x1,3584x64x1x1
ffn_norm-4,kernel_rms_norm_mul,0.029600,65536x1x1,1024x1x1,3584x64x1x1
l_out-4,kernel_add,0.037000,4096x1x1,64x1x1,3584x64x1x1
attn_norm-5,kernel_rms_norm_mul,0.026400,65536x1x1,1024x1x1,3584x64x1x1
Qcur-5,kernel_add_row,0.019600,57344x0x0,64x0x0,3584x64x1x1
Qcur-5,kernel_rope_neox_f32,0.019600,1792x64x1,64x1x1,128x28x64x1
Kcur-5,kernel_add_row,0.006400,8192x0x0,64x0x0,512x64x1x1
Kcur-5,kernel_rope_neox_f32,0.004400,256x64x1,64x1x1,128x4x64x1
node_182,kernel_mul_mv_q6_K_f32,3.768700,512x4096x1,2x64x1,512x64x1x1
Vcur-5,kernel_add_row,0.003700,8192x0x0,64x0x0,512x64x1x1
cache_k_l5 (view),kernel_set_rows_f16_i64,0.005500,32768x1x1,512x1x1,512x4096x1x1
cache_v_l5 (view),kernel_set_rows_f16_i64,0.004500,32768x1x1,512x1x1,512x4096x1x1
__fattn__-5,flash_attn_f32_f16,5.204200,64x28x0,32x1x0,128x28x64x1
ffn_inp-5,kernel_add,0.036200,4096x1x1,64x1x1,3584x64x1x1
ffn_norm-5,kernel_rms_norm_mul,0.026800,65536x1x1,1024x1x1,3584x64x1x1
ffn_swiglu-5,kernel_swiglu,0.208300,32768x1x1,512x1x1,18944x64x1x1
ffn_out-5,kernel_mul_mv_q6_K_f32,132.206604,3584x4096x1,2x64x1,3584x64x1x1
l_out-5,kernel_add,0.033000,4096x1x1,64x1x1,3584x64x1x1
attn_norm-6,kernel_rms_norm_mul,0.026500,65536x1x1,1024x1x1,3584x64x1x1
Qcur-6,kernel_add_row,0.021300,57344x0x0,64x0x0,3584x64x1x1
Qcur-6,kernel_rope_neox_f32,0.022800,1792x64x1,64x1x1,128x28x64x1
Kcur-6,kernel_add_row,0.006400,8192x0x0,64x0x0,512x64x1x1
Kcur-6,kernel_rope_neox_f32,0.004100,256x64x1,64x1x1,128x4x64x1
Vcur-6,kernel_add_row,0.005900,8192x0x0,64x0x0,512x64x1x1
cache_k_l6 (view),kernel_set_rows_f16_i64,0.005600,32768x1x1,512x1x1,512x4096x1x1
cache_v_l6 (view),kernel_set_rows_f16_i64,0.004600,32768x1x1,512x1x1,512x4096x1x1
__fattn__-6,flash_attn_f32_f16,5.319000,64x28x0,32x1x0,128x28x64x1
ffn_inp-6,kernel_add,0.038100,4096x1x1,64x1x1,3584x64x1x1
ffn_norm-6,kernel_rms_norm_mul,0.027800,65536x1x1,1024x1x1,3584x64x1x1
l_out-6,kernel_add,0.036300,4096x1x1,64x1x1,3584x64x1x1
attn_norm-7,kernel_rms_norm_mul,0.027600,65536x1x1,1024x1x1,3584x64x1x1
Qcur-7,kernel_add_row,0.019500,57344x0x0,64x0x0,3584x64x1x1
Qcur-7,kernel_rope_neox_f32,0.020300,1792x64x1,64x1x1,128x28x64x1
Kcur-7,kernel_add_row,0.006500,8192x0x0,64x0x0,512x64x1x1
Kcur-7,kernel_rope_neox_f32,0.004100,256x64x1,64x1x1,128x4x64x1
Vcur-7,kernel_add_row,0.005700,8192x0x0,64x0x0,512x64x1x1
cache_k_l7 (view),kernel_set_rows_f16_i64,0.005500,32768x1x1,512x1x1,512x4096x1x1
cache_v_l7 (view),kernel_set_rows_f16_i64,0.004700,32768x1x1,512x1x1,512x4096x1x1
__fattn__-7,flash_attn_f32_f16,5.354000,64x28x0,32x1x0,128x28x64x1
ffn_inp-7,kernel_add,0.039200,4096x1x1,64x1x1,3584x64x1x1
ffn_norm-7,kernel_rms_norm_mul,0.026900,65536x1x1,1024x1x1,3584x64x1x1
l_out-7,kernel_add,0.035900,4096x1x1,64x1x1,3584x64x1x1
attn_norm-8,kernel_rms_norm_mul,0.026500,65536x1x1,1024x1x1,3584x64x1x1
Qcur-8,kernel_add_row,0.018600,57344x0x0,64x0x0,3584x64x1x1
Qcur-8,kernel_rope_neox_f32,0.019500,1792x64x1,64x1x1,128x28x64x1
Kcur-8,kernel_add_row,0.006500,8192x0x0,64x0x0,512x64x1x1
Kcur-8,kernel_rope_neox_f32,0.004200,256x64x1,64x1x1,128x4x64x1
node_284,kernel_mul_mv_q6_K_f32,3.770000,512x4096x1,2x64x1,512x64x1x1
Vcur-8,kernel_add_row,0.003900,8192x0x0,64x0x0,512x64x1x1
cache_k_l8 (view),kernel_set_rows_f16_i64,0.005600,32768x1x1,512x1x1,512x4096x1x1
cache_v_l8 (view),kernel_set_rows_f16_i64,0.004600,32768x1x1,512x1x1,512x4096x1x1
__fattn__-8,flash_attn_f32_f16,5.309800,64x28x0,32x1x0,128x28x64x1
ffn_inp-8,kernel_add,0.036100,4096x1x1,64x1x1,3584x64x1x1
ffn_norm-8,kernel_rms_norm_mul,0.026400,65536x1x1,1024x1x1,3584x64x1x1
ffn_swiglu-8,kernel_swiglu,0.212700,32768x1x1,512x1x1,18944x64x1x1
ffn_out-8,kernel_mul_mv_q6_K_f32,132.336899,3584x4096x1,2x64x1,3584x64x1x1
l_out-8,kernel_add,0.033000,4096x1x1,64x1x1,3584x64x1x1
attn_norm-9,kernel_rms_norm_mul,0.027000,65536x1x1,1024x1x1,3584x64x1x1
Qcur-9,kernel_add_row,0.024000,57344x0x0,64x0x0,3584x64x1x1
Qcur-9,kernel_rope_neox_f32,0.022000,1792x64x1,64x1x1,128x28x64x1
Kcur-9,kernel_add_row,0.006100,8192x0x0,64x0x0,512x64x1x1
Kcur-9,kernel_rope_neox_f32,0.004100,256x64x1,64x1x1,128x4x64x1
Vcur-9,kernel_add_row,0.005800,8192x0x0,64x0x0,512x64x1x1
cache_k_l9 (view),kernel_set_rows_f16_i64,0.005800,32768x1x1,512x1x1,512x4096x1x1
cache_v_l9 (view),kernel_set_rows_f16_i64,0.004600,32768x1x1,512x1x1,512x4096x1x1
__fattn__-9,flash_attn_f32_f16,5.302800,64x28x0,32x1x0,128x28x64x1
ffn_inp-9,kernel_add,0.037900,4096x1x1,64x1x1,3584x64x1x1
ffn_norm-9,kernel_rms_norm_mul,0.029000,65536x1x1,1024x1x1,3584x64x1x1
l_out-9,kernel_add,0.036900,4096x1x1,64x1x1,3584x64x1x1
attn_norm-10,kernel_rms_norm_mul,0.028500,65536x1x1,1024x1x1,3584x64x1x1
Qcur-10,kernel_add_row,0.020600,57344x0x0,64x0x0,3584x64x1x1
Qcur-10,kernel_rope_neox_f32,0.020200,1792x64x1,64x1x1,128x28x64x1
Kcur-10,kernel_add_row,0.006600,8192x0x0,64x0x0,512x64x1x1
Kcur-10,kernel_rope_neox_f32,0.004100,256x64x1,64x1x1,128x4x64x1
Vcur-10,kernel_add_row,0.005800,8192x0x0,64x0x0,512x64x1x1
cache_k_l10 (view),kernel_set_rows_f16_i64,0.005500,32768x1x1,512x1x1,512x4096x1x1
cache_v_l10 (view),kernel_set_rows_f16_i64,0.004500,32768x1x1,512x1x1,512x4096x1x1
__fattn__-10,flash_attn_f32_f16,6.025200,64x28x0,32x1x0,128x28x64x1
ffn_inp-10,kernel_add,0.040700,4096x1x1,64x1x1,3584x64x1x1
ffn_norm-10,kernel_rms_norm_mul,0.026300,65536x1x1,1024x1x1,3584x64x1x1
l_out-10,kernel_add,0.037200,4096x1x1,64x1x1,3584x64x1x1
attn_norm-11,kernel_rms_norm_mul,0.027800,65536x1x1,1024x1x1,3584x64x1x1
Qcur-11,kernel_add_row,0.019100,57344x0x0,64x0x0,3584x64x1x1
Qcur-11,kernel_rope_neox_f32,0.021000,1792x64x1,64x1x1,128x28x64x1
Kcur-11,kernel_add_row,0.006400,8192x0x0,64x0x0,512x64x1x1
Kcur-11,kernel_rope_neox_f32,0.004100,256x64x1,64x1x1,128x4x64x1
node_386,kernel_mul_mv_q6_K_f32,3.770500,512x4096x1,2x64x1,512x64x1x1
Vcur-11,kernel_add_row,0.003800,8192x0x0,64x0x0,512x64x1x1
cache_k_l11 (view),kernel_set_rows_f16_i64,0.005800,32768x1x1,512x1x1,512x4096x1x1
cache_v_l11 (view),kernel_set_rows_f16_i64,0.004600,32768x1x1,512x1x1,512x4096x1x1
__fattn__-11,flash_attn_f32_f16,5.283900,64x28x0,32x1x0,128x28x64x1
ffn_inp-11,kernel_add,0.037300,4096x1x1,64x1x1,3584x64x1x1
ffn_norm-11,kernel_rms_norm_mul,0.027200,65536x1x1,1024x1x1,3584x64x1x1
ffn_swiglu-11,kernel_swiglu,0.211700,32768x1x1,512x1x1,18944x64x1x1
ffn_out-11,kernel_mul_mv_q6_K_f32,132.377502,3584x4096x1,2x64x1,3584x64x1x1
l_out-11,kernel_add,0.033800,4096x1x1,64x1x1,3584x64x1x1
attn_norm-12,kernel_rms_norm_mul,0.025800,65536x1x1,1024x1x1,3584x64x1x1
Qcur-12,kernel_add_row,0.027100,57344x0x0,64x0x0,3584x64x1x1
Qcur-12,kernel_rope_neox_f32,0.024000,1792x64x1,64x1x1,128x28x64x1
Kcur-12,kernel_add_row,0.006600,8192x0x0,64x0x0,512x64x1x1
Kcur-12,kernel_rope_neox_f32,0.004100,256x64x1,64x1x1,128x4x64x1
Vcur-12,kernel_add_row,0.005900,8192x0x0,64x0x0,512x64x1x1
cache_k_l12 (view),kernel_set_rows_f16_i64,0.005600,32768x1x1,512x1x1,512x4096x1x1
cache_v_l12 (view),kernel_set_rows_f16_i64,0.004600,32768x1x1,512x1x1,512x4096x1x1
__fattn__-12,flash_attn_f32_f16,5.208000,64x28x0,32x1x0,128x28x64x1
ffn_inp-12,kernel_add,0.037500,4096x1x1,64x1x1,3584x64x1x1
ffn_norm-12,kernel_rms_norm_mul,0.027600,65536x1x1,1024x1x1,3584x64x1x1
l_out-12,kernel_add,0.036000,4096x1x1,64x1x1,3584x64x1x1
attn_norm-13,kernel_rms_norm_mul,0.025400,65536x1x1,1024x1x1,3584x64x1x1
Qcur-13,kernel_add_row,0.019300,57344x0x0,64x0x0,3584x64x1x1
Qcur-13,kernel_rope_neox_f32,0.019800,1792x64x1,64x1x1,128x28x64x1
Kcur-13,kernel_add_row,0.006600,8192x0x0,64x0x0,512x64x1x1
Kcur-13,kernel_rope_neox_f32,0.004200,256x64x1,64x1x1,128x4x64x1
Vcur-13,kernel_add_row,0.005900,8192x0x0,64x0x0,512x64x1x1
cache_k_l13 (view),kernel_set_rows_f16_i64,0.005300,32768x1x1,512x1x1,512x4096x1x1
cache_v_l13 (view),kernel_set_rows_f16_i64,0.004500,32768x1x1,512x1x1,512x4096x1x1
__fattn__-13,flash_attn_f32_f16,5.347900,64x28x0,32x1x0,128x28x64x1
ffn_inp-13,kernel_add,0.033600,4096x1x1,64x1x1,3584x64x1x1
ffn_norm-13,kernel_rms_norm_mul,0.025300,65536x1x1,1024x1x1,3584x64x1x1
l_out-13,kernel_add,0.035800,4096x1x1,64x1x1,3584x64x1x1
attn_norm-14,kernel_rms_norm_mul,0.027000,65536x1x1,1024x1x1,3584x64x1x1
Qcur-14,kernel_add_row,0.018600,57344x0x0,64x0x0,3584x64x1x1
Qcur-14,kernel_rope_neox_f32,0.021300,1792x64x1,64x1x1,128x28x64x1
Kcur-14,kernel_add_row,0.004100,8192x0x0,64x0x0,512x64x1x1
Kcur-14,kernel_rope_neox_f32,0.004100,256x64x1,64x1x1,128x4x64x1
node_488,kernel_mul_mv_q6_K_f32,3.770000,512x4096x1,2x64x1,512x64x1x1
Vcur-14,kernel_add_row,0.003700,8192x0x0,64x0x0,512x64x1x1
cache_k_l14 (view),kernel_set_rows_f16_i64,0.005400,32768x1x1,512x1x1,512x4096x1x1
cache_v_l14 (view),kernel_set_rows_f16_i64,0.004700,32768x1x1,512x1x1,512x4096x1x1
__fattn__-14,flash_attn_f32_f16,5.317200,64x28x0,32x1x0,128x28x64x1
ffn_inp-14,kernel_add,0.033900,4096x1x1,64x1x1,3584x64x1x1
ffn_norm-14,kernel_rms_norm_mul,0.024900,65536x1x1,1024x1x1,3584x64x1x1
ffn_swiglu-14,kernel_swiglu,0.205000,32768x1x1,512x1x1,18944x64x1x1
ffn_out-14,kernel_mul_mv_q6_K_f32,132.118393,3584x4096x1,2x64x1,3584x64x1x1
l_out-14,kernel_add,0.033500,4096x1x1,64x1x1,3584x64x1x1
attn_norm-15,kernel_rms_norm_mul,0.026900,65536x1x1,1024x1x1,3584x64x1x1
Qcur-15,kernel_add_row,0.060500,57344x0x0,64x0x0,3584x64x1x1
Qcur-15,kernel_rope_neox_f32,0.023100,1792x64x1,64x1x1,128x28x64x1
Kcur-15,kernel_add_row,0.006600,8192x0x0,64x0x0,512x64x1x1
Kcur-15,kernel_rope_neox_f32,0.004200,256x64x1,64x1x1,128x4x64x1
Vcur-15,kernel_add_row,0.005800,8192x0x0,64x0x0,512x64x1x1
cache_k_l15 (view),kernel_set_rows_f16_i64,0.005500,32768x1x1,512x1x1,512x4096x1x1
cache_v_l15 (view),kernel_set_rows_f16_i64,0.004600,32768x1x1,512x1x1,512x4096x1x1
__fattn__-15,flash_attn_f32_f16,5.296900,64x28x0,32x1x0,128x28x64x1
ffn_inp-15,kernel_add,0.040800,4096x1x1,64x1x1,3584x64x1x1
ffn_norm-15,kernel_rms_norm_mul,0.026500,65536x1x1,1024x1x1,3584x64x1x1
l_out-15,kernel_add,0.041100,4096x1x1,64x1x1,3584x64x1x1
attn_norm-16,kernel_rms_norm_mul,0.026900,65536x1x1,1024x1x1,3584x64x1x1
Qcur-16,kernel_add_row,0.021700,57344x0x0,64x0x0,3584x64x1x1
Qcur-16,kernel_rope_neox_f32,0.023200,1792x64x1,64x1x1,128x28x64x1
Kcur-16,kernel_add_row,0.006700,8192x0x0,64x0x0,512x64x1x1
Kcur-16,kernel_rope_neox_f32,0.004100,256x64x1,64x1x1,128x4x64x1
Vcur-16,kernel_add_row,0.005700,8192x0x0,64x0x0,512x64x1x1
cache_k_l16 (view),kernel_set_rows_f16_i64,0.005600,32768x1x1,512x1x1,512x4096x1x1
cache_v_l16 (view),kernel_set_rows_f16_i64,0.004600,32768x1x1,512x1x1,512x4096x1x1
__fattn__-16,flash_attn_f32_f16,5.355700,64x28x0,32x1x0,128x28x64x1
ffn_inp-16,kernel_add,0.037000,4096x1x1,64x1x1,3584x64x1x1
ffn_norm-16,kernel_rms_norm_mul,0.026100,65536x1x1,1024x1x1,3584x64x1x1
l_out-16,kernel_add,0.036200,4096x1x1,64x1x1,3584x64x1x1
attn_norm-17,kernel_rms_norm_mul,0.026700,65536x1x1,1024x1x1,3584x64x1x1
Qcur-17,kernel_add_row,0.019500,57344x0x0,64x0x0,3584x64x1x1
Qcur-17,kernel_rope_neox_f32,0.020100,1792x64x1,64x1x1,128x28x64x1
Kcur-17,kernel_add_row,0.006800,8192x0x0,64x0x0,512x64x1x1
Kcur-17,kernel_rope_neox_f32,0.004200,256x64x1,64x1x1,128x4x64x1
node_590,kernel_mul_mv_q6_K_f32,3.770600,512x4096x1,2x64x1,512x64x1x1
Vcur-17,kernel_add_row,0.003400,8192x0x0,64x0x0,512x64x1x1
cache_k_l17 (view),kernel_set_rows_f16_i64,0.005800,32768x1x1,512x1x1,512x4096x1x1
cache_v_l17 (view),kernel_set_rows_f16_i64,0.004800,32768x1x1,512x1x1,512x4096x1x1
__fattn__-17,flash_attn_f32_f16,5.315000,64x28x0,32x1x0,128x28x64x1
ffn_inp-17,kernel_add,0.035000,4096x1x1,64x1x1,3584x64x1x1
ffn_norm-17,kernel_rms_norm_mul,0.025800,65536x1x1,1024x1x1,3584x64x1x1
ffn_swiglu-17,kernel_swiglu,0.205900,32768x1x1,512x1x1,18944x64x1x1
ffn_out-17,kernel_mul_mv_q6_K_f32,132.200089,3584x4096x1,2x64x1,3584x64x1x1
l_out-17,kernel_add,0.034700,4096x1x1,64x1x1,3584x64x1x1
attn_norm-18,kernel_rms_norm_mul,0.026600,65536x1x1,1024x1x1,3584x64x1x1
Qcur-18,kernel_add_row,0.074900,57344x0x0,64x0x0,3584x64x1x1
Qcur-18,kernel_rope_neox_f32,0.027800,1792x64x1,64x1x1,128x28x64x1
Kcur-18,kernel_add_row,0.006700,8192x0x0,64x0x0,512x64x1x1
Kcur-18,kernel_rope_neox_f32,0.004100,256x64x1,64x1x1,128x4x64x1
Vcur-18,kernel_add_row,0.005900,8192x0x0,64x0x0,512x64x1x1
cache_k_l18 (view),kernel_set_rows_f16_i64,0.005600,32768x1x1,512x1x1,512x4096x1x1
cache_v_l18 (view),kernel_set_rows_f16_i64,0.004600,32768x1x1,512x1x1,512x4096x1x1
__fattn__-18,flash_attn_f32_f16,5.300000,64x28x0,32x1x0,128x28x64x1
ffn_inp-18,kernel_add,0.044100,4096x1x1,64x1x1,3584x64x1x1
ffn_norm-18,kernel_rms_norm_mul,0.026700,65536x1x1,1024x1x1,3584x64x1x1
l_out-18,kernel_add,0.042800,4096x1x1,64x1x1,3584x64x1x1
attn_norm-19,kernel_rms_norm_mul,0.028700,65536x1x1,1024x1x1,3584x64x1x1
Qcur-19,kernel_add_row,0.022000,57344x0x0,64x0x0,3584x64x1x1
Qcur-19,kernel_rope_neox_f32,0.023200,1792x64x1,64x1x1,128x28x64x1
Kcur-19,kernel_add_row,0.006500,8192x0x0,64x0x0,512x64x1x1
Kcur-19,kernel_rope_neox_f32,0.004200,256x64x1,64x1x1,128x4x64x1
Vcur-19,kernel_add_row,0.005900,8192x0x0,64x0x0,512x64x1x1
cache_k_l19 (view),kernel_set_rows_f16_i64,0.005600,32768x1x1,512x1x1,512x4096x1x1
cache_v_l19 (view),kernel_set_rows_f16_i64,0.004700,32768x1x1,512x1x1,512x4096x1x1
__fattn__-19,flash_attn_f32_f16,5.321500,64x28x0,32x1x0,128x28x64x1
ffn_inp-19,kernel_add,0.036900,4096x1x1,64x1x1,3584x64x1x1
ffn_norm-19,kernel_rms_norm_mul,0.026300,65536x1x1,1024x1x1,3584x64x1x1
l_out-19,kernel_add,0.037000,4096x1x1,64x1x1,3584x64x1x1
attn_norm-20,kernel_rms_norm_mul,0.026500,65536x1x1,1024x1x1,3584x64x1x1
Qcur-20,kernel_add_row,0.020000,57344x0x0,64x0x0,3584x64x1x1
Qcur-20,kernel_rope_neox_f32,0.018900,1792x64x1,64x1x1,128x28x64x1
Kcur-20,kernel_add_row,0.006100,8192x0x0,64x0x0,512x64x1x1
Kcur-20,kernel_rope_neox_f32,0.004200,256x64x1,64x1x1,128x4x64x1
node_692,kernel_mul_mv_q6_K_f32,3.770100,512x4096x1,2x64x1,512x64x1x1
Vcur-20,kernel_add_row,0.003800,8192x0x0,64x0x0,512x64x1x1
cache_k_l20 (view),kernel_set_rows_f16_i64,0.005800,32768x1x1,512x1x1,512x4096x1x1
cache_v_l20 (view),kernel_set_rows_f16_i64,0.004600,32768x1x1,512x1x1,512x4096x1x1
__fattn__-20,flash_attn_f32_f16,5.201900,64x28x0,32x1x0,128x28x64x1
ffn_inp-20,kernel_add,0.034500,4096x1x1,64x1x1,3584x64x1x1
ffn_norm-20,kernel_rms_norm_mul,0.024600,65536x1x1,1024x1x1,3584x64x1x1
ffn_swiglu-20,kernel_swiglu,0.207500,32768x1x1,512x1x1,18944x64x1x1
ffn_out-20,kernel_mul_mv_q6_K_f32,132.671600,3584x4096x1,2x64x1,3584x64x1x1
l_out-20,kernel_add,0.034400,4096x1x1,64x1x1,3584x64x1x1
attn_norm-21,kernel_rms_norm_mul,0.026200,65536x1x1,1024x1x1,3584x64x1x1
Qcur-21,kernel_add_row,0.076000,57344x0x0,64x0x0,3584x64x1x1
Qcur-21,kernel_rope_neox_f32,0.027000,1792x64x1,64x1x1,128x28x64x1
Kcur-21,kernel_add_row,0.006700,8192x0x0,64x0x0,512x64x1x1
Kcur-21,kernel_rope_neox_f32,0.004300,256x64x1,64x1x1,128x4x64x1
Vcur-21,kernel_add_row,0.005800,8192x0x0,64x0x0,512x64x1x1
cache_k_l21 (view),kernel_set_rows_f16_i64,0.005500,32768x1x1,512x1x1,512x4096x1x1
cache_v_l21 (view),kernel_set_rows_f16_i64,0.004700,32768x1x1,512x1x1,512x4096x1x1
__fattn__-21,flash_attn_f32_f16,5.212400,64x28x0,32x1x0,128x28x64x1
ffn_inp-21,kernel_add,0.042100,4096x1x1,64x1x1,3584x64x1x1
ffn_norm-21,kernel_rms_norm_mul,0.027300,65536x1x1,1024x1x1,3584x64x1x1
l_out-21,kernel_add,0.035300,4096x1x1,64x1x1,3584x64x1x1
attn_norm-22,kernel_rms_norm_mul,0.027400,65536x1x1,1024x1x1,3584x64x1x1
Qcur-22,kernel_add_row,0.021400,57344x0x0,64x0x0,3584x64x1x1
Qcur-22,kernel_rope_neox_f32,0.024100,1792x64x1,64x1x1,128x28x64x1
Kcur-22,kernel_add_row,0.006400,8192x0x0,64x0x0,512x64x1x1
Kcur-22,kernel_rope_neox_f32,0.004200,256x64x1,64x1x1,128x4x64x1
Vcur-22,kernel_add_row,0.005900,8192x0x0,64x0x0,512x64x1x1
cache_k_l22 (view),kernel_set_rows_f16_i64,0.005600,32768x1x1,512x1x1,512x4096x1x1
cache_v_l22 (view),kernel_set_rows_f16_i64,0.004700,32768x1x1,512x1x1,512x4096x1x1
__fattn__-22,flash_attn_f32_f16,5.349000,64x28x0,32x1x0,128x28x64x1
ffn_inp-22,kernel_add,0.034600,4096x1x1,64x1x1,3584x64x1x1
ffn_norm-22,kernel_rms_norm_mul,0.027300,65536x1x1,1024x1x1,3584x64x1x1
l_out-22,kernel_add,0.037200,4096x1x1,64x1x1,3584x64x1x1
attn_norm-23,kernel_rms_norm_mul,0.027200,65536x1x1,1024x1x1,3584x64x1x1
Qcur-23,kernel_add_row,0.021300,57344x0x0,64x0x0,3584x64x1x1
Qcur-23,kernel_rope_neox_f32,0.021200,1792x64x1,64x1x1,128x28x64x1
Kcur-23,kernel_add_row,0.006200,8192x0x0,64x0x0,512x64x1x1
Kcur-23,kernel_rope_neox_f32,0.004200,256x64x1,64x1x1,128x4x64x1
node_794,kernel_mul_mv_q6_K_f32,3.772000,512x4096x1,2x64x1,512x64x1x1
Vcur-23,kernel_add_row,0.003800,8192x0x0,64x0x0,512x64x1x1
cache_k_l23 (view),kernel_set_rows_f16_i64,0.005500,32768x1x1,512x1x1,512x4096x1x1
cache_v_l23 (view),kernel_set_rows_f16_i64,0.004500,32768x1x1,512x1x1,512x4096x1x1
__fattn__-23,flash_attn_f32_f16,5.305700,64x28x0,32x1x0,128x28x64x1
ffn_inp-23,kernel_add,0.035600,4096x1x1,64x1x1,3584x64x1x1
ffn_norm-23,kernel_rms_norm_mul,0.024800,65536x1x1,1024x1x1,3584x64x1x1
ffn_swiglu-23,kernel_swiglu,0.207600,32768x1x1,512x1x1,18944x64x1x1
ffn_out-23,kernel_mul_mv_q6_K_f32,132.450089,3584x4096x1,2x64x1,3584x64x1x1
l_out-23,kernel_add,0.034600,4096x1x1,64x1x1,3584x64x1x1
attn_norm-24,kernel_rms_norm_mul,0.026100,65536x1x1,1024x1x1,3584x64x1x1
Qcur-24,kernel_add_row,0.056000,57344x0x0,64x0x0,3584x64x1x1
Qcur-24,kernel_rope_neox_f32,0.020700,1792x64x1,64x1x1,128x28x64x1
Kcur-24,kernel_add_row,0.006500,8192x0x0,64x0x0,512x64x1x1
Kcur-24,kernel_rope_neox_f32,0.004100,256x64x1,64x1x1,128x4x64x1
node_828,kernel_mul_mv_q6_K_f32,3.771000,512x4096x1,2x64x1,512x64x1x1
Vcur-24,kernel_add_row,0.003500,8192x0x0,64x0x0,512x64x1x1
cache_k_l24 (view),kernel_set_rows_f16_i64,0.005800,32768x1x1,512x1x1,512x4096x1x1
cache_v_l24 (view),kernel_set_rows_f16_i64,0.004700,32768x1x1,512x1x1,512x4096x1x1
__fattn__-24,flash_attn_f32_f16,5.359700,64x28x0,32x1x0,128x28x64x1
ffn_inp-24,kernel_add,0.036300,4096x1x1,64x1x1,3584x64x1x1
ffn_norm-24,kernel_rms_norm_mul,0.025500,65536x1x1,1024x1x1,3584x64x1x1
ffn_swiglu-24,kernel_swiglu,0.208800,32768x1x1,512x1x1,18944x64x1x1
ffn_out-24,kernel_mul_mv_q6_K_f32,132.348801,3584x4096x1,2x64x1,3584x64x1x1
l_out-24,kernel_add,0.034000,4096x1x1,64x1x1,3584x64x1x1
attn_norm-25,kernel_rms_norm_mul,0.026100,65536x1x1,1024x1x1,3584x64x1x1
Qcur-25,kernel_add_row,0.055800,57344x0x0,64x0x0,3584x64x1x1
Qcur-25,kernel_rope_neox_f32,0.020400,1792x64x1,64x1x1,128x28x64x1
Kcur-25,kernel_add_row,0.006400,8192x0x0,64x0x0,512x64x1x1
Kcur-25,kernel_rope_neox_f32,0.004200,256x64x1,64x1x1,128x4x64x1
node_862,kernel_mul_mv_q6_K_f32,3.773400,512x4096x1,2x64x1,512x64x1x1
Vcur-25,kernel_add_row,0.003800,8192x0x0,64x0x0,512x64x1x1
cache_k_l25 (view),kernel_set_rows_f16_i64,0.005500,32768x1x1,512x1x1,512x4096x1x1
cache_v_l25 (view),kernel_set_rows_f16_i64,0.004800,32768x1x1,512x1x1,512x4096x1x1
__fattn__-25,flash_attn_f32_f16,5.309200,64x28x0,32x1x0,128x28x64x1
ffn_inp-25,kernel_add,0.037200,4096x1x1,64x1x1,3584x64x1x1
ffn_norm-25,kernel_rms_norm_mul,0.025500,65536x1x1,1024x1x1,3584x64x1x1
ffn_swiglu-25,kernel_swiglu,0.209800,32768x1x1,512x1x1,18944x64x1x1
ffn_out-25,kernel_mul_mv_q6_K_f32,132.331696,3584x4096x1,2x64x1,3584x64x1x1
l_out-25,kernel_add,0.034000,4096x1x1,64x1x1,3584x64x1x1
attn_norm-26,kernel_rms_norm_mul,0.026300,65536x1x1,1024x1x1,3584x64x1x1
Qcur-26,kernel_add_row,0.018300,57344x0x0,64x0x0,3584x64x1x1
Qcur-26,kernel_rope_neox_f32,0.021600,1792x64x1,64x1x1,128x28x64x1
Kcur-26,kernel_add_row,0.006400,8192x0x0,64x0x0,512x64x1x1
Kcur-26,kernel_rope_neox_f32,0.004200,256x64x1,64x1x1,128x4x64x1
node_896,kernel_mul_mv_q6_K_f32,3.768200,512x4096x1,2x64x1,512x64x1x1
Vcur-26,kernel_add_row,0.003800,8192x0x0,64x0x0,512x64x1x1
cache_k_l26 (view),kernel_set_rows_f16_i64,0.005800,32768x1x1,512x1x1,512x4096x1x1
cache_v_l26 (view),kernel_set_rows_f16_i64,0.004800,32768x1x1,512x1x1,512x4096x1x1
__fattn__-26,flash_attn_f32_f16,5.318600,64x28x0,32x1x0,128x28x64x1
ffn_inp-26,kernel_add,0.035600,4096x1x1,64x1x1,3584x64x1x1
ffn_norm-26,kernel_rms_norm_mul,0.025500,65536x1x1,1024x1x1,3584x64x1x1
ffn_swiglu-26,kernel_swiglu,0.223100,32768x1x1,512x1x1,18944x64x1x1
ffn_out-26,kernel_mul_mv_q6_K_f32,134.590698,3584x4096x1,2x64x1,3584x64x1x1
l_out-26,kernel_add,0.033800,4096x1x1,64x1x1,3584x64x1x1
attn_norm-27,kernel_rms_norm_mul,0.025600,65536x1x1,1024x1x1,3584x64x1x1
Qcur-27,kernel_add_row,0.019100,57344x0x0,64x0x0,3584x64x1x1
Qcur-27,kernel_rope_neox_f32,0.019400,1792x64x1,64x1x1,128x28x64x1
Kcur-27,kernel_add_row,0.006600,8192x0x0,64x0x0,512x64x1x1
Kcur-27,kernel_rope_neox_f32,0.004200,256x64x1,64x1x1,128x4x64x1
node_930,kernel_mul_mv_q6_K_f32,3.770200,512x4096x1,2x64x1,512x64x1x1
Vcur-27,kernel_add_row,0.003700,8192x0x0,64x0x0,512x64x1x1
cache_k_l27 (view),kernel_set_rows_f16_i64,0.006100,32768x1x1,512x1x1,512x4096x1x1
cache_v_l27 (view),kernel_set_rows_f16_i64,0.004600,32768x1x1,512x1x1,512x4096x1x1
__fattn__-27,flash_attn_f32_f16,5.294000,64x28x0,32x1x0,128x28x64x1
attn_norm-0,kernel_rms_norm_mul,0.030000,65536x1x1,1024x1x1,3584x64x1x1
Qcur-0,kernel_add_row,0.018500,57344x0x0,64x0x0,3584x64x1x1
Qcur-0,kernel_rope_neox_f32,0.020100,1792x64x1,64x1x1,128x28x64x1
Kcur-0,kernel_add_row,0.005800,8192x0x0,64x0x0,512x64x1x1
Kcur-0,kernel_rope_neox_f32,0.004300,256x64x1,64x1x1,128x4x64x1
node_11,kernel_mul_mv_q6_K_f32,3.769700,512x4096x1,2x64x1,512x64x1x1
Vcur-0,kernel_add_row,0.003800,8192x0x0,64x0x0,512x64x1x1
cache_k_l0 (view),kernel_set_rows_f16_i64,0.006100,32768x1x1,512x1x1,512x4096x1x1
cache_v_l0 (view),kernel_set_rows_f16_i64,0.004600,32768x1x1,512x1x1,512x4096x1x1
 (copy),kernel_cpy_f32_f16,0.003800,4096x1x1,64x1x1,256x64x1x1
__fattn__-0,flash_attn_f32_f16,5.354700,64x28x0,32x1x0,128x28x64x1
ffn_inp-0,kernel_add,0.037500,4096x1x1,64x1x1,3584x64x1x1
ffn_norm-0,kernel_rms_norm_mul,0.026500,65536x1x1,1024x1x1,3584x64x1x1
ffn_swiglu-0,kernel_swiglu,0.220100,32768x1x1,512x1x1,18944x64x1x1
ffn_out-0,kernel_mul_mv_q6_K_f32,132.461105,3584x4096x1,2x64x1,3584x64x1x1
l_out-0,kernel_add,0.033300,4096x1x1,64x1x1,3584x64x1x1
attn_norm-1,kernel_rms_norm_mul,0.027400,65536x1x1,1024x1x1,3584x64x1x1
Qcur-1,kernel_add_row,0.019600,57344x0x0,64x0x0,3584x64x1x1
Qcur-1,kernel_rope_neox_f32,0.020700,1792x64x1,64x1x1,128x28x64x1
Kcur-1,kernel_add_row,0.006500,8192x0x0,64x0x0,512x64x1x1
Kcur-1,kernel_rope_neox_f32,0.004200,256x64x1,64x1x1,128x4x64x1
node_46,kernel_mul_mv_q6_K_f32,3.770700,512x4096x1,2x64x1,512x64x1x1
Vcur-1,kernel_add_row,0.003400,8192x0x0,64x0x0,512x64x1x1
cache_k_l1 (view),kernel_set_rows_f16_i64,0.006100,32768x1x1,512x1x1,512x4096x1x1
cache_v_l1 (view),kernel_set_rows_f16_i64,0.004500,32768x1x1,512x1x1,512x4096x1x1
__fattn__-1,flash_attn_f32_f16,5.359500,64x28x0,32x1x0,128x28x64x1
ffn_inp-1,kernel_add,0.037200,4096x1x1,64x1x1,3584x64x1x1
ffn_norm-1,kernel_rms_norm_mul,0.027300,65536x1x1,1024x1x1,3584x64x1x1
ffn_swiglu-1,kernel_swiglu,0.215600,32768x1x1,512x1x1,18944x64x1x1
ffn_out-1,kernel_mul_mv_q6_K_f32,132.518311,3584x4096x1,2x64x1,3584x64x1x1
l_out-1,kernel_add,0.033500,4096x1x1,64x1x1,3584x64x1x1
attn_norm-2,kernel_rms_norm_mul,0.026000,65536x1x1,1024x1x1,3584x64x1x1
Qcur-2,kernel_add_row,0.019300,57344x0x0,64x0x0,3584x64x1x1
Qcur-2,kernel_rope_neox_f32,0.021200,1792x64x1,64x1x1,128x28x64x1
Kcur-2,kernel_add_row,0.006600,8192x0x0,64x0x0,512x64x1x1
Kcur-2,kernel_rope_neox_f32,0.004200,256x64x1,64x1x1,128x4x64x1
node_80,kernel_mul_mv_q6_K_f32,3.771600,512x4096x1,2x64x1,512x64x1x1
Vcur-2,kernel_add_row,0.003800,8192x0x0,64x0x0,512x64x1x1
cache_k_l2 (view),kernel_set_rows_f16_i64,0.005900,32768x1x1,512x1x1,512x4096x1x1
cache_v_l2 (view),kernel_set_rows_f16_i64,0.004600,32768x1x1,512x1x1,512x4096x1x1
__fattn__-2,flash_attn_f32_f16,5.295100,64x28x0,32x1x0,128x28x64x1
ffn_inp-2,kernel_add,0.045200,4096x1x1,64x1x1,3584x64x1x1
ffn_norm-2,kernel_rms_norm_mul,0.027500,65536x1x1,1024x1x1,3584x64x1x1
ffn_swiglu-2,kernel_swiglu,0.213700,32768x1x1,512x1x1,18944x64x1x1
ffn_out-2,kernel_mul_mv_q6_K_f32,132.408798,3584x4096x1,2x64x1,3584x64x1x1
l_out-2,kernel_add,0.033500,4096x1x1,64x1x1,3584x64x1x1
attn_norm-3,kernel_rms_norm_mul,0.026200,65536x1x1,1024x1x1,3584x64x1x1
Qcur-3,kernel_add_row,0.022300,57344x0x0,64x0x0,3584x64x1x1
Qcur-3,kernel_rope_neox_f32,0.023800,1792x64x1,64x1x1,128x28x64x1
Kcur-3,kernel_add_row,0.006600,8192x0x0,64x0x0,512x64x1x1
Kcur-3,kernel_rope_neox_f32,0.004200,256x64x1,64x1x1,128x4x64x1
Vcur-3,kernel_add_row,0.005900,8192x0x0,64x0x0,512x64x1x1
cache_k_l3 (view),kernel_set_rows_f16_i64,0.005800,32768x1x1,512x1x1,512x4096x1x1
cache_v_l3 (view),kernel_set_rows_f16_i64,0.004600,32768x1x1,512x1x1,512x4096x1x1
__fattn__-3,flash_attn_f32_f16,5.300700,64x28x0,32x1x0,128x28x64x1
ffn_inp-3,kernel_add,0.038100,4096x1x1,64x1x1,3584x64x1x1
ffn_norm-3,kernel_rms_norm_mul,0.029700,65536x1x1,1024x1x1,3584x64x1x1
l_out-3,kernel_add,0.041900,4096x1x1,64x1x1,3584x64x1x1
attn_norm-4,kernel_rms_norm_mul,0.027000,65536x1x1,1024x1x1,3584x64x1x1
Qcur-4,kernel_add_row,0.019900,57344x0x0,64x0x0,3584x64x1x1
Qcur-4,kernel_rope_neox_f32,0.022600,1792x64x1,64x1x1,128x28x64x1
Kcur-4,kernel_add_row,0.006600,8192x0x0,64x0x0,512x64x1x1
Kcur-4,kernel_rope_neox_f32,0.004300,256x64x1,64x1x1,128x4x64x1
Vcur-4,kernel_add_row,0.005800,8192x0x0,64x0x0,512x64x1x1
cache_k_l4 (view),kernel_set_rows_f16_i64,0.005900,32768x1x1,512x1x1,512x4096x1x1
cache_v_l4 (view),kernel_set_rows_f16_i64,0.004900,32768x1x1,512x1x1,512x4096x1x1
__fattn__-4,flash_attn_f32_f16,5.338300,64x28x0,32x1x0,128x28x64x1
ffn_inp-4,kernel_add,0.035600,4096x1x1,64x1x1,3584x64x1x1
ffn_norm-4,kernel_rms_norm_mul,0.026600,65536x1x1,1024x1x1,3584x64x1x1
l_out-4,kernel_add,0.041000,4096x1x1,64x1x1,3584x64x1x1
attn_norm-5,kernel_rms_norm_mul,0.027900,65536x1x1,1024x1x1,3584x64x1x1
Qcur-5,kernel_add_row,0.020000,57344x0x0,64x0x0,3584x64x1x1
Qcur-5,kernel_rope_neox_f32,0.021400,1792x64x1,64x1x1,128x28x64x1
Kcur-5,kernel_add_row,0.006700,8192x0x0,64x0x0,512x64x1x1
Kcur-5,kernel_rope_neox_f32,0.004300,256x64x1,64x1x1,128x4x64x1
node_182,kernel_mul_mv_q6_K_f32,3.770500,512x4096x1,2x64x1,512x64x1x1
Vcur-5,kernel_add_row,0.003500,8192x0x0,64x0x0,512x64x1x1
cache_k_l5 (view),kernel_set_rows_f16_i64,0.005900,32768x1x1,512x1x1,512x4096x1x1
cache_v_l5 (view),kernel_set_rows_f16_i64,0.004600,32768x1x1,512x1x1,512x4096x1x1
__fattn__-5,flash_attn_f32_f16,5.310500,64x28x0,32x1x0,128x28x64x1
ffn_inp-5,kernel_add,0.038900,4096x1x1,64x1x1,3584x64x1x1
ffn_norm-5,kernel_rms_norm_mul,0.026500,65536x1x1,1024x1x1,3584x64x1x1
ffn_swiglu-5,kernel_swiglu,0.336100,32768x1x1,512x1x1,18944x64x1x1
ffn_out-5,kernel_mul_mv_q6_K_f32,132.657898,3584x4096x1,2x64x1,3584x64x1x1
l_out-5,kernel_add,0.033800,4096x1x1,64x1x1,3584x64x1x1
attn_norm-6,kernel_rms_norm_mul,0.026100,65536x1x1,1024x1x1,3584x64x1x1
Qcur-6,kernel_add_row,0.026700,57344x0x0,64x0x0,3584x64x1x1
Qcur-6,kernel_rope_neox_f32,0.023700,1792x64x1,64x1x1,128x28x64x1
Kcur-6,kernel_add_row,0.006700,8192x0x0,64x0x0,512x64x1x1
Kcur-6,kernel_rope_neox_f32,0.004100,256x64x1,64x1x1,128x4x64x1
Vcur-6,kernel_add_row,0.006000,8192x0x0,64x0x0,512x64x1x1
cache_k_l6 (view),kernel_set_rows_f16_i64,0.006000,32768x1x1,512x1x1,512x4096x1x1
cache_v_l6 (view),kernel_set_rows_f16_i64,0.004600,32768x1x1,512x1x1,512x4096x1x1
__fattn__-6,flash_attn_f32_f16,5.173100,64x28x0,32x1x0,128x28x64x1
ffn_inp-6,kernel_add,0.039200,4096x1x1,64x1x1,3584x64x1x1
ffn_norm-6,kernel_rms_norm_mul,0.027900,65536x1x1,1024x1x1,3584x64x1x1
l_out-6,kernel_add,0.042600,4096x1x1,64x1x1,3584x64x1x1
attn_norm-7,kernel_rms_norm_mul,0.027400,65536x1x1,1024x1x1,3584x64x1x1
Qcur-7,kernel_add_row,0.019000,57344x0x0,64x0x0,3584x64x1x1
Qcur-7,kernel_rope_neox_f32,0.021200,1792x64x1,64x1x1,128x28x64x1
Kcur-7,kernel_add_row,0.006700,8192x0x0,64x0x0,512x64x1x1
Kcur-7,kernel_rope_neox_f32,0.004100,256x64x1,64x1x1,128x4x64x1
Vcur-7,kernel_add_row,0.006000,8192x0x0,64x0x0,512x64x1x1
cache_k_l7 (view),kernel_set_rows_f16_i64,0.005900,32768x1x1,512x1x1,512x4096x1x1
cache_v_l7 (view),kernel_set_rows_f16_i64,0.004600,32768x1x1,512x1x1,512x4096x1x1
__fattn__-7,flash_attn_f32_f16,5.354000,64x28x0,32x1x0,128x28x64x1
ffn_inp-7,kernel_add,0.035500,4096x1x1,64x1x1,3584x64x1x1
ffn_norm-7,kernel_rms_norm_mul,0.027700,65536x1x1,1024x1x1,3584x64x1x1
l_out-7,kernel_add,0.041400,4096x1x1,64x1x1,3584x64x1x1
attn_norm-8,kernel_rms_norm_mul,0.027600,65536x1x1,1024x1x1,3584x64x1x1
Qcur-8,kernel_add_row,0.019400,57344x0x0,64x0x0,3584x64x1x1
Qcur-8,kernel_rope_neox_f32,0.020000,1792x64x1,64x1x1,128x28x64x1
Kcur-8,kernel_add_row,0.006400,8192x0x0,64x0x0,512x64x1x1
Kcur-8,kernel_rope_neox_f32,0.004100,256x64x1,64x1x1,128x4x64x1
node_284,kernel_mul_mv_q6_K_f32,3.773800,512x4096x1,2x64x1,512x64x1x1
Vcur-8,kernel_add_row,0.003800,8192x0x0,64x0x0,512x64x1x1
cache_k_l8 (view),kernel_set_rows_f16_i64,0.005700,32768x1x1,512x1x1,512x4096x1x1
cache_v_l8 (view),kernel_set_rows_f16_i64,0.004600,32768x1x1,512x1x1,512x4096x1x1
__fattn__-8,flash_attn_f32_f16,5.335400,64x28x0,32x1x0,128x28x64x1
ffn_inp-8,kernel_add,0.037300,4096x1x1,64x1x1,3584x64x1x1
ffn_norm-8,kernel_rms_norm_mul,0.026200,65536x1x1,1024x1x1,3584x64x1x1
ffn_swiglu-8,kernel_swiglu,0.222300,32768x1x1,512x1x1,18944x64x1x1
ffn_out-8,kernel_mul_mv_q6_K_f32,132.334702,3584x4096x1,2x64x1,3584x64x1x1
l_out-8,kernel_add,0.034000,4096x1x1,64x1x1,3584x64x1x1
attn_norm-9,kernel_rms_norm_mul,0.025500,65536x1x1,1024x1x1,3584x64x1x1
Qcur-9,kernel_add_row,0.020100,57344x0x0,64x0x0,3584x64x1x1
Qcur-9,kernel_rope_neox_f32,0.021200,1792x64x1,64x1x1,128x28x64x1
Kcur-9,kernel_add_row,0.006500,8192x0x0,64x0x0,512x64x1x1
Kcur-9,kernel_rope_neox_f32,0.004300,256x64x1,64x1x1,128x4x64x1
Vcur-9,kernel_add_row,0.005800,8192x0x0,64x0x0,512x64x1x1
cache_k_l9 (view),kernel_set_rows_f16_i64,0.005800,32768x1x1,512x1x1,512x4096x1x1
cache_v_l9 (view),kernel_set_rows_f16_i64,0.004700,32768x1x1,512x1x1,512x4096x1x1
__fattn__-9,flash_attn_f32_f16,5.348200,64x28x0,32x1x0,128x28x64x1
ffn_inp-9,kernel_add,0.037600,4096x1x1,64x1x1,3584x64x1x1
ffn_norm-9,kernel_rms_norm_mul,0.026700,65536x1x1,1024x1x1,3584x64x1x1
l_out-9,kernel_add,0.042900,4096x1x1,64x1x1,3584x64x1x1
attn_norm-10,kernel_rms_norm_mul,0.027400,65536x1x1,1024x1x1,3584x64x1x1
Qcur-10,kernel_add_row,0.020300,57344x0x0,64x0x0,3584x64x1x1
Qcur-10,kernel_rope_neox_f32,0.020700,1792x64x1,64x1x1,128x28x64x1
Kcur-10,kernel_add_row,0.006500,8192x0x0,64x0x0,512x64x1x1
Kcur-10,kernel_rope_neox_f32,0.004300,256x64x1,64x1x1,128x4x64x1
Vcur-10,kernel_add_row,0.006000,8192x0x0,64x0x0,512x64x1x1
cache_k_l10 (view),kernel_set_rows_f16_i64,0.005900,32768x1x1,512x1x1,512x4096x1x1
cache_v_l10 (view),kernel_set_rows_f16_i64,0.004700,32768x1x1,512x1x1,512x4096x1x1
__fattn__-10,flash_attn_f32_f16,5.346100,64x28x0,32x1x0,128x28x64x1
ffn_inp-10,kernel_add,0.036200,4096x1x1,64x1x1,3584x64x1x1
ffn_norm-10,kernel_rms_norm_mul,0.027500,65536x1x1,1024x1x1,3584x64x1x1
l_out-10,kernel_add,0.041400,4096x1x1,64x1x1,3584x64x1x1
attn_norm-11,kernel_rms_norm_mul,0.027900,65536x1x1,1024x1x1,3584x64x1x1
Qcur-11,kernel_add_row,0.020200,57344x0x0,64x0x0,3584x64x1x1
Qcur-11,kernel_rope_neox_f32,0.021500,1792x64x1,64x1x1,128x28x64x1
Kcur-11,kernel_add_row,0.006500,8192x0x0,64x0x0,512x64x1x1
Kcur-11,kernel_rope_neox_f32,0.004300,256x64x1,64x1x1,128x4x64x1
node_386,kernel_mul_mv_q6_K_f32,3.766700,512x4096x1,2x64x1,512x64x1x1
Vcur-11,kernel_add_row,0.003400,8192x0x0,64x0x0,512x64x1x1
cache_k_l11 (view),kernel_set_rows_f16_i64,0.005900,32768x1x1,512x1x1,512x4096x1x1
cache_v_l11 (view),kernel_set_rows_f16_i64,0.004800,32768x1x1,512x1x1,512x4096x1x1
__fattn__-11,flash_attn_f32_f16,5.305800,64x28x0,32x1x0,128x28x64x1
ffn_inp-11,kernel_add,0.037800,4096x1x1,64x1x1,3584x64x1x1
ffn_norm-11,kernel_rms_norm_mul,0.025800,65536x1x1,1024x1x1,3584x64x1x1
ffn_swiglu-11,kernel_swiglu,0.223000,32768x1x1,512x1x1,18944x64x1x1
ffn_out-11,kernel_mul_mv_q6_K_f32,132.219299,3584x4096x1,2x64x1,3584x64x1x1
l_out-11,kernel_add,0.034600,4096x1x1,64x1x1,3584x64x1x1
attn_norm-12,kernel_rms_norm_mul,0.027700,65536x1x1,1024x1x1,3584x64x1x1
Qcur-12,kernel_add_row,0.022900,57344x0x0,64x0x0,3584x64x1x1
Qcur-12,kernel_rope_neox_f32,0.022900,1792x64x1,64x1x1,128x28x64x1
Kcur-12,kernel_add_row,0.006700,8192x0x0,64x0x0,512x64x1x1
Kcur-12,kernel_rope_neox_f32,0.004300,256x64x1,64x1x1,128x4x64x1
Vcur-12,kernel_add_row,0.005900,8192x0x0,64x0x0,512x64x1x1
cache_k_l12 (view),kernel_set_rows_f16_i64,0.006000,32768x1x1,512x1x1,512x4096x1x1
cache_v_l12 (view),kernel_set_rows_f16_i64,0.004800,32768x1x1,512x1x1,512x4096x1x1
__fattn__-12,flash_attn_f32_f16,5.309300,64x28x0,32x1x0,128x28x64x1
ffn_inp-12,kernel_add,0.039600,4096x1x1,64x1x1,3584x64x1x1
ffn_norm-12,kernel_rms_norm_mul,0.026500,65536x1x1,1024x1x1,3584x64x1x1
l_out-12,kernel_add,0.040400,4096x1x1,64x1x1,3584x64x1x1
attn_norm-13,kernel_rms_norm_mul,0.028000,65536x1x1,1024x1x1,3584x64x1x1
Qcur-13,kernel_add_row,0.020700,57344x0x0,64x0x0,3584x64x1x1
Qcur-13,kernel_rope_neox_f32,0.022300,1792x64x1,64x1x1,128x28x64x1
Kcur-13,kernel_add_row,0.006700,8192x0x0,64x0x0,512x64x1x1
Kcur-13,kernel_rope_neox_f32,0.004200,256x64x1,64x1x1,128x4x64x1
Vcur-13,kernel_add_row,0.005900,8192x0x0,64x0x0,512x64x1x1
cache_k_l13 (view),kernel_set_rows_f16_i64,0.005700,32768x1x1,512x1x1,512x4096x1x1
cache_v_l13 (view),kernel_set_rows_f16_i64,0.004600,32768x1x1,512x1x1,512x4096x1x1
__fattn__-13,flash_attn_f32_f16,5.293300,64x28x0,32x1x0,128x28x64x1
ffn_inp-13,kernel_add,0.036900,4096x1x1,64x1x1,3584x64x1x1
ffn_norm-13,kernel_rms_norm_mul,0.027000,65536x1x1,1024x1x1,3584x64x1x1
l_out-13,kernel_add,0.042400,4096x1x1,64x1x1,3584x64x1x1
attn_norm-14,kernel_rms_norm_mul,0.026400,65536x1x1,1024x1x1,3584x64x1x1
Qcur-14,kernel_add_row,0.020000,57344x0x0,64x0x0,3584x64x1x1
Qcur-14,kernel_rope_neox_f32,0.021800,1792x64x1,64x1x1,128x28x64x1
Kcur-14,kernel_add_row,0.006800,8192x0x0,64x0x0,512x64x1x1
Kcur-14,kernel_rope_neox_f32,0.004100,256x64x1,64x1x1,128x4x64x1
node_488,kernel_mul_mv_q6_K_f32,3.770000,512x4096x1,2x64x1,512x64x1x1
Vcur-14,kernel_add_row,0.003700,8192x0x0,64x0x0,512x64x1x1
cache_k_l14 (view),kernel_set_rows_f16_i64,0.005900,32768x1x1,512x1x1,512x4096x1x1
cache_v_l14 (view),kernel_set_rows_f16_i64,0.004400,32768x1x1,512x1x1,512x4096x1x1
__fattn__-14,flash_attn_f32_f16,5.297400,64x28x0,32x1x0,128x28x64x1
ffn_inp-14,kernel_add,0.034300,4096x1x1,64x1x1,3584x64x1x1
ffn_norm-14,kernel_rms_norm_mul,0.026500,65536x1x1,1024x1x1,3584x64x1x1
ffn_swiglu-14,kernel_swiglu,0.222300,32768x1x1,512x1x1,18944x64x1x1
ffn_out-14,kernel_mul_mv_q6_K_f32,132.102097,3584x4096x1,2x64x1,3584x64x1x1
l_out-14,kernel_add,0.033800,4096x1x1,64x1x1,3584x64x1x1
attn_norm-15,kernel_rms_norm_mul,0.026400,65536x1x1,1024x1x1,3584x64x1x1
Qcur-15,kernel_add_row,0.025900,57344x0x0,64x0x0,3584x64x1x1
Qcur-15,kernel_rope_neox_f32,0.023500,1792x64x1,64x1x1,128x28x64x1
Kcur-15,kernel_add_row,0.006500,8192x0x0,64x0x0,512x64x1x1
Kcur-15,kernel_rope_neox_f32,0.004200,256x64x1,64x1x1,128x4x64x1
Vcur-15,kernel_add_row,0.005700,8192x0x0,64x0x0,512x64x1x1
cache_k_l15 (view),kernel_set_rows_f16_i64,0.005600,32768x1x1,512x1x1,512x4096x1x1
cache_v_l15 (view),kernel_set_rows_f16_i64,0.004700,32768x1x1,512x1x1,512x4096x1x1
__fattn__-15,flash_attn_f32_f16,5.338400,64x28x0,32x1x0,128x28x64x1
ffn_inp-15,kernel_add,0.037300,4096x1x1,64x1x1,3584x64x1x1
ffn_norm-15,kernel_rms_norm_mul,0.028200,65536x1x1,1024x1x1,3584x64x1x1
l_out-15,kernel_add,0.040500,4096x1x1,64x1x1,3584x64x1x1
attn_norm-16,kernel_rms_norm_mul,0.025800,65536x1x1,1024x1x1,3584x64x1x1
Qcur-16,kernel_add_row,0.020300,57344x0x0,64x0x0,3584x64x1x1
Qcur-16,kernel_rope_neox_f32,0.021000,1792x64x1,64x1x1,128x28x64x1
Kcur-16,kernel_add_row,0.006600,8192x0x0,64x0x0,512x64x1x1
Kcur-16,kernel_rope_neox_f32,0.004200,256x64x1,64x1x1,128x4x64x1
Vcur-16,kernel_add_row,0.005800,8192x0x0,64x0x0,512x64x1x1
cache_k_l16 (view),kernel_set_rows_f16_i64,0.005800,32768x1x1,512x1x1,512x4096x1x1
cache_v_l16 (view),kernel_set_rows_f16_i64,0.004700,32768x1x1,512x1x1,512x4096x1x1
__fattn__-16,flash_attn_f32_f16,5.350400,64x28x0,32x1x0,128x28x64x1
ffn_inp-16,kernel_add,0.036100,4096x1x1,64x1x1,3584x64x1x1
ffn_norm-16,kernel_rms_norm_mul,0.027400,65536x1x1,1024x1x1,3584x64x1x1
l_out-16,kernel_add,0.041200,4096x1x1,64x1x1,3584x64x1x1
attn_norm-17,kernel_rms_norm_mul,0.025800,65536x1x1,1024x1x1,3584x64x1x1
Qcur-17,kernel_add_row,0.020200,57344x0x0,64x0x0,3584x64x1x1
Qcur-17,kernel_rope_neox_f32,0.021900,1792x64x1,64x1x1,128x28x64x1
Kcur-17,kernel_add_row,0.006600,8192x0x0,64x0x0,512x64x1x1
Kcur-17,kernel_rope_neox_f32,0.004000,256x64x1,64x1x1,128x4x64x1
node_590,kernel_mul_mv_q6_K_f32,3.771500,512x4096x1,2x64x1,512x64x1x1
Vcur-17,kernel_add_row,0.003800,8192x0x0,64x0x0,512x64x1x1
cache_k_l17 (view),kernel_set_rows_f16_i64,0.005900,32768x1x1,512x1x1,512x4096x1x1
cache_v_l17 (view),kernel_set_rows_f16_i64,0.004500,32768x1x1,512x1x1,512x4096x1x1
__fattn__-17,flash_attn_f32_f16,5.307400,64x28x0,32x1x0,128x28x64x1
ffn_inp-17,kernel_add,0.039500,4096x1x1,64x1x1,3584x64x1x1
ffn_norm-17,kernel_rms_norm_mul,0.026500,65536x1x1,1024x1x1,3584x64x1x1
ffn_swiglu-17,kernel_swiglu,0.209100,32768x1x1,512x1x1,18944x64x1x1
ffn_out-17,kernel_mul_mv_q6_K_f32,132.654999,3584x4096x1,2x64x1,3584x64x1x1
l_out-17,kernel_add,0.033600,4096x1x1,64x1x1,3584x64x1x1
attn_norm-18,kernel_rms_norm_mul,0.026700,65536x1x1,1024x1x1,3584x64x1x1
Qcur-18,kernel_add_row,0.025400,57344x0x0,64x0x0,3584x64x1x1
Qcur-18,kernel_rope_neox_f32,0.022800,1792x64x1,64x1x1,128x28x64x1
Kcur-18,kernel_add_row,0.006500,8192x0x0,64x0x0,512x64x1x1
Kcur-18,kernel_rope_neox_f32,0.004100,256x64x1,64x1x1,128x4x64x1
Vcur-18,kernel_add_row,0.005900,8192x0x0,64x0x0,512x64x1x1
cache_k_l18 (view),kernel_set_rows_f16_i64,0.006000,32768x1x1,512x1x1,512x4096x1x1
cache_v_l18 (view),kernel_set_rows_f16_i64,0.004700,32768x1x1,512x1x1,512x4096x1x1
__fattn__-18,flash_attn_f32_f16,5.344400,64x28x0,32x1x0,128x28x64x1
ffn_inp-18,kernel_add,0.037800,4096x1x1,64x1x1,3584x64x1x1
ffn_norm-18,kernel_rms_norm_mul,0.027500,65536x1x1,1024x1x1,3584x64x1x1
l_out-18,kernel_add,0.044400,4096x1x1,64x1x1,3584x64x1x1
attn_norm-19,kernel_rms_norm_mul,0.026300,65536x1x1,1024x1x1,3584x64x1x1
Qcur-19,kernel_add_row,0.020400,57344x0x0,64x0x0,3584x64x1x1
Qcur-19,kernel_rope_neox_f32,0.021900,1792x64x1,64x1x1,128x28x64x1
Kcur-19,kernel_add_row,0.006500,8192x0x0,64x0x0,512x64x1x1
Kcur-19,kernel_rope_neox_f32,0.004100,256x64x1,64x1x1,128x4x64x1
Vcur-19,kernel_add_row,0.005900,8192x0x0,64x0x0,512x64x1x1
cache_k_l19 (view),kernel_set_rows_f16_i64,0.006000,32768x1x1,512x1x1,512x4096x1x1
cache_v_l19 (view),kernel_set_rows_f16_i64,0.004600,32768x1x1,512x1x1,512x4096x1x1
__fattn__-19,flash_attn_f32_f16,5.304500,64x28x0,32x1x0,128x28x64x1
ffn_inp-19,kernel_add,0.039200,4096x1x1,64x1x1,3584x64x1x1
ffn_norm-19,kernel_rms_norm_mul,0.025900,65536x1x1,1024x1x1,3584x64x1x1
l_out-19,kernel_add,0.035200,4096x1x1,64x1x1,3584x64x1x1
attn_norm-20,kernel_rms_norm_mul,0.026400,65536x1x1,1024x1x1,3584x64x1x1
Qcur-20,kernel_add_row,0.019400,57344x0x0,64x0x0,3584x64x1x1
Qcur-20,kernel_rope_neox_f32,0.019200,1792x64x1,64x1x1,128x28x64x1
Kcur-20,kernel_add_row,0.004000,8192x0x0,64x0x0,512x64x1x1
Kcur-20,kernel_rope_neox_f32,0.004200,256x64x1,64x1x1,128x4x64x1
node_692,kernel_mul_mv_q6_K_f32,3.769500,512x4096x1,2x64x1,512x64x1x1
Vcur-20,kernel_add_row,0.003800,8192x0x0,64x0x0,512x64x1x1
cache_k_l20 (view),kernel_set_rows_f16_i64,0.005500,32768x1x1,512x1x1,512x4096x1x1
cache_v_l20 (view),kernel_set_rows_f16_i64,0.004500,32768x1x1,512x1x1,512x4096x1x1
__fattn__-20,flash_attn_f32_f16,5.380700,64x28x0,32x1x0,128x28x64x1
ffn_inp-20,kernel_add,0.034500,4096x1x1,64x1x1,3584x64x1x1
ffn_norm-20,kernel_rms_norm_mul,0.025400,65536x1x1,1024x1x1,3584x64x1x1
ffn_swiglu-20,kernel_swiglu,0.204800,32768x1x1,512x1x1,18944x64x1x1
ffn_out-20,kernel_mul_mv_q6_K_f32,132.726700,3584x4096x1,2x64x1,3584x64x1x1
l_out-20,kernel_add,0.033700,4096x1x1,64x1x1,3584x64x1x1
attn_norm-21,kernel_rms_norm_mul,0.026100,65536x1x1,1024x1x1,3584x64x1x1
Qcur-21,kernel_add_row,0.060300,57344x0x0,64x0x0,3584x64x1x1
Qcur-21,kernel_rope_neox_f32,0.021500,1792x64x1,64x1x1,128x28x64x1
Kcur-21,kernel_add_row,0.006500,8192x0x0,64x0x0,512x64x1x1
Kcur-21,kernel_rope_neox_f32,0.004200,256x64x1,64x1x1,128x4x64x1
Vcur-21,kernel_add_row,0.003800,8192x0x0,64x0x0,512x64x1x1
cache_k_l21 (view),kernel_set_rows_f16_i64,0.005600,32768x1x1,512x1x1,512x4096x1x1
cache_v_l21 (view),kernel_set_rows_f16_i64,0.004700,32768x1x1,512x1x1,512x4096x1x1
__fattn__-21,flash_attn_f32_f16,5.285200,64x28x0,32x1x0,128x28x64x1
ffn_inp-21,kernel_add,0.036600,4096x1x1,64x1x1,3584x64x1x1
ffn_norm-21,kernel_rms_norm_mul,0.025100,65536x1x1,1024x1x1,3584x64x1x1
l_out-21,kernel_add,0.035600,4096x1x1,64x1x1,3584x64x1x1
attn_norm-22,kernel_rms_norm_mul,0.026000,65536x1x1,1024x1x1,3584x64x1x1
Qcur-22,kernel_add_row,0.019600,57344x0x0,64x0x0,3584x64x1x1
Qcur-22,kernel_rope_neox_f32,0.021200,1792x64x1,64x1x1,128x28x64x1
Kcur-22,kernel_add_row,0.006800,8192x0x0,64x0x0,512x64x1x1
Kcur-22,kernel_rope_neox_f32,0.004200,256x64x1,64x1x1,128x4x64x1
Vcur-22,kernel_add_row,0.003800,8192x0x0,64x0x0,512x64x1x1
cache_k_l22 (view),kernel_set_rows_f16_i64,0.005300,32768x1x1,512x1x1,512x4096x1x1
cache_v_l22 (view),kernel_set_rows_f16_i64,0.004500,32768x1x1,512x1x1,512x4096x1x1
__fattn__-22,flash_attn_f32_f16,5.310700,64x28x0,32x1x0,128x28x64x1
ffn_inp-22,kernel_add,0.034000,4096x1x1,64x1x1,3584x64x1x1
ffn_norm-22,kernel_rms_norm_mul,0.025200,65536x1x1,1024x1x1,3584x64x1x1
l_out-22,kernel_add,0.036700,4096x1x1,64x1x1,3584x64x1x1
attn_norm-23,kernel_rms_norm_mul,0.025700,65536x1x1,1024x1x1,3584x64x1x1
Qcur-23,kernel_add_row,0.019300,57344x0x0,64x0x0,3584x64x1x1
Qcur-23,kernel_rope_neox_f32,0.020100,1792x64x1,64x1x1,128x28x64x1
Kcur-23,kernel_add_row,0.004200,8192x0x0,64x0x0,512x64x1x1
Kcur-23,kernel_rope_neox_f32,0.004100,256x64x1,64x1x1,128x4x64x1
node_794,kernel_mul_mv_q6_K_f32,3.770200,512x4096x1,2x64x1,512x64x1x1
Vcur-23,kernel_add_row,0.003800,8192x0x0,64x0x0,512x64x1x1
cache_k_l23 (view),kernel_set_rows_f16_i64,0.005500,32768x1x1,512x1x1,512x4096x1x1
cache_v_l23 (view),kernel_set_rows_f16_i64,0.004500,32768x1x1,512x1x1,512x4096x1x1
__fattn__-23,flash_attn_f32_f16,5.289400,64x28x0,32x1x0,128x28x64x1
ffn_inp-23,kernel_add,0.034400,4096x1x1,64x1x1,3584x64x1x1
ffn_norm-23,kernel_rms_norm_mul,0.023900,65536x1x1,1024x1x1,3584x64x1x1
ffn_swiglu-23,kernel_swiglu,0.204800,32768x1x1,512x1x1,18944x64x1x1
ffn_out-23,kernel_mul_mv_q6_K_f32,132.323502,3584x4096x1,2x64x1,3584x64x1x1
l_out-23,kernel_add,0.033500,4096x1x1,64x1x1,3584x64x1x1
attn_norm-24,kernel_rms_norm_mul,0.026300,65536x1x1,1024x1x1,3584x64x1x1
Qcur-24,kernel_add_row,0.060800,57344x0x0,64x0x0,3584x64x1x1
Qcur-24,kernel_rope_neox_f32,0.021100,1792x64x1,64x1x1,128x28x64x1
Kcur-24,kernel_add_row,0.006300,8192x0x0,64x0x0,512x64x1x1
Kcur-24,kernel_rope_neox_f32,0.004200,256x64x1,64x1x1,128x4x64x1
node_828,kernel_mul_mv_q6_K_f32,3.768300,512x4096x1,2x64x1,512x64x1x1
Vcur-24,kernel_add_row,0.003800,8192x0x0,64x0x0,512x64x1x1
cache_k_l24 (view),kernel_set_rows_f16_i64,0.005600,32768x1x1,512x1x1,512x4096x1x1
cache_v_l24 (view),kernel_set_rows_f16_i64,0.004700,32768x1x1,512x1x1,512x4096x1x1
__fattn__-24,flash_attn_f32_f16,5.300900,64x28x0,32x1x0,128x28x64x1
ffn_inp-24,kernel_add,0.037000,4096x1x1,64x1x1,3584x64x1x1
ffn_norm-24,kernel_rms_norm_mul,0.024800,65536x1x1,1024x1x1,3584x64x1x1
ffn_swiglu-24,kernel_swiglu,0.206700,32768x1x1,512x1x1,18944x64x1x1
ffn_out-24,kernel_mul_mv_q6_K_f32,132.434006,3584x4096x1,2x64x1,3584x64x1x1
l_out-24,kernel_add,0.034100,4096x1x1,64x1x1,3584x64x1x1
attn_norm-25,kernel_rms_norm_mul,0.026000,65536x1x1,1024x1x1,3584x64x1x1
Qcur-25,kernel_add_row,0.060400,57344x0x0,64x0x0,3584x64x1x1
Qcur-25,kernel_rope_neox_f32,0.022600,1792x64x1,64x1x1,128x28x64x1
Kcur-25,kernel_add_row,0.005900,8192x0x0,64x0x0,512x64x1x1
Kcur-25,kernel_rope_neox_f32,0.004200,256x64x1,64x1x1,128x4x64x1
node_862,kernel_mul_mv_q6_K_f32,3.775500,512x4096x1,2x64x1,512x64x1x1
Vcur-25,kernel_add_row,0.003800,8192x0x0,64x0x0,512x64x1x1
cache_k_l25 (view),kernel_set_rows_f16_i64,0.005800,32768x1x1,512x1x1,512x4096x1x1
cache_v_l25 (view),kernel_set_rows_f16_i64,0.004700,32768x1x1,512x1x1,512x4096x1x1
__fattn__-25,flash_attn_f32_f16,5.214300,64x28x0,32x1x0,128x28x64x1
ffn_inp-25,kernel_add,0.036500,4096x1x1,64x1x1,3584x64x1x1
ffn_norm-25,kernel_rms_norm_mul,0.025300,65536x1x1,1024x1x1,3584x64x1x1
ffn_swiglu-25,kernel_swiglu,0.212100,32768x1x1,512x1x1,18944x64x1x1
ffn_out-25,kernel_mul_mv_q6_K_f32,132.840393,3584x4096x1,2x64x1,3584x64x1x1
l_out-25,kernel_add,0.033500,4096x1x1,64x1x1,3584x64x1x1
attn_norm-26,kernel_rms_norm_mul,0.024900,65536x1x1,1024x1x1,3584x64x1x1
Qcur-26,kernel_add_row,0.019800,57344x0x0,64x0x0,3584x64x1x1
Qcur-26,kernel_rope_neox_f32,0.020200,1792x64x1,64x1x1,128x28x64x1
Kcur-26,kernel_add_row,0.006200,8192x0x0,64x0x0,512x64x1x1
Kcur-26,kernel_rope_neox_f32,0.004100,256x64x1,64x1x1,128x4x64x1
node_896,kernel_mul_mv_q6_K_f32,3.772800,512x4096x1,2x64x1,512x64x1x1
Vcur-26,kernel_add_row,0.003800,8192x0x0,64x0x0,512x64x1x1
cache_k_l26 (view),kernel_set_rows_f16_i64,0.005900,32768x1x1,512x1x1,512x4096x1x1
cache_v_l26 (view),kernel_set_rows_f16_i64,0.004600,32768x1x1,512x1x1,512x4096x1x1
__fattn__-26,flash_attn_f32_f16,5.296800,64x28x0,32x1x0,128x28x64x1
ffn_inp-26,kernel_add,0.037400,4096x1x1,64x1x1,3584x64x1x1
ffn_norm-26,kernel_rms_norm_mul,0.024400,65536x1x1,1024x1x1,3584x64x1x1
ffn_swiglu-26,kernel_swiglu,0.205700,32768x1x1,512x1x1,18944x64x1x1
ffn_out-26,kernel_mul_mv_q6_K_f32,134.602310,3584x4096x1,2x64x1,3584x64x1x1
l_out-26,kernel_add,0.034200,4096x1x1,64x1x1,3584x64x1x1
attn_norm-27,kernel_rms_norm_mul,0.026500,65536x1x1,1024x1x1,3584x64x1x1
Qcur-27,kernel_add_row,0.019800,57344x0x0,64x0x0,3584x64x1x1
Qcur-27,kernel_rope_neox_f32,0.020100,1792x64x1,64x1x1,128x28x64x1
Kcur-27,kernel_add_row,0.006500,8192x0x0,64x0x0,512x64x1x1
Kcur-27,kernel_rope_neox_f32,0.004200,256x64x1,64x1x1,128x4x64x1
node_930,kernel_mul_mv_q6_K_f32,3.770800,512x4096x1,2x64x1,512x64x1x1
Vcur-27,kernel_add_row,0.003800,8192x0x0,64x0x0,512x64x1x1
cache_k_l27 (view),kernel_set_rows_f16_i64,0.005900,32768x1x1,512x1x1,512x4096x1x1
cache_v_l27 (view),kernel_set_rows_f16_i64,0.004600,32768x1x1,512x1x1,512x4096x1x1
__fattn__-27,flash_attn_f32_f16,5.301800,64x28x0,32x1x0,128x28x64x1
attn_norm-0,kernel_rms_norm_mul,0.030200,65536x1x1,1024x1x1,3584x64x1x1
Qcur-0,kernel_add_row,0.020300,57344x0x0,64x0x0,3584x64x1x1
Qcur-0,kernel_rope_neox_f32,0.021000,1792x64x1,64x1x1,128x28x64x1
Kcur-0,kernel_add_row,0.005700,8192x0x0,64x0x0,512x64x1x1
Kcur-0,kernel_rope_neox_f32,0.004400,256x64x1,64x1x1,128x4x64x1
node_11,kernel_mul_mv_q6_K_f32,3.770400,512x4096x1,2x64x1,512x64x1x1
Vcur-0,kernel_add_row,0.003800,8192x0x0,64x0x0,512x64x1x1
cache_k_l0 (view),kernel_set_rows_f16_i64,0.005600,32768x1x1,512x1x1,512x4096x1x1
cache_v_l0 (view),kernel_set_rows_f16_i64,0.004500,32768x1x1,512x1x1,512x4096x1x1
 (copy),kernel_cpy_f32_f16,0.005000,4096x1x1,64x1x1,512x64x1x1
__fattn__-0,flash_attn_f32_f16,10.338400,64x28x0,32x1x0,128x28x64x1
ffn_inp-0,kernel_add,0.036800,4096x1x1,64x1x1,3584x64x1x1
ffn_norm-0,kernel_rms_norm_mul,0.027000,65536x1x1,1024x1x1,3584x64x1x1
ffn_swiglu-0,kernel_swiglu,0.208800,32768x1x1,512x1x1,18944x64x1x1
ffn_out-0,kernel_mul_mv_q6_K_f32,132.283295,3584x4096x1,2x64x1,3584x64x1x1
l_out-0,kernel_add,0.033400,4096x1x1,64x1x1,3584x64x1x1
attn_norm-1,kernel_rms_norm_mul,0.026200,65536x1x1,1024x1x1,3584x64x1x1
Qcur-1,kernel_add_row,0.019600,57344x0x0,64x0x0,3584x64x1x1
Qcur-1,kernel_rope_neox_f32,0.019700,1792x64x1,64x1x1,128x28x64x1
Kcur-1,kernel_add_row,0.006500,8192x0x0,64x0x0,512x64x1x1
Kcur-1,kernel_rope_neox_f32,0.004000,256x64x1,64x1x1,128x4x64x1
node_46,kernel_mul_mv_q6_K_f32,3.772900,512x4096x1,2x64x1,512x64x1x1
Vcur-1,kernel_add_row,0.003800,8192x0x0,64x0x0,512x64x1x1
cache_k_l1 (view),kernel_set_rows_f16_i64,0.006000,32768x1x1,512x1x1,512x4096x1x1
cache_v_l1 (view),kernel_set_rows_f16_i64,0.004500,32768x1x1,512x1x1,512x4096x1x1
__fattn__-1,flash_attn_f32_f16,10.298900,64x28x0,32x1x0,128x28x64x1
ffn_inp-1,kernel_add,0.036600,4096x1x1,64x1x1,3584x64x1x1
ffn_norm-1,kernel_rms_norm_mul,0.025700,65536x1x1,1024x1x1,3584x64x1x1
ffn_swiglu-1,kernel_swiglu,0.208200,32768x1x1,512x1x1,18944x64x1x1
ffn_out-1,kernel_mul_mv_q6_K_f32,132.405396,3584x4096x1,2x64x1,3584x64x1x1
l_out-1,kernel_add,0.033800,4096x1x1,64x1x1,3584x64x1x1
attn_norm-2,kernel_rms_norm_mul,0.025600,65536x1x1,1024x1x1,3584x64x1x1
Qcur-2,kernel_add_row,0.019300,57344x0x0,64x0x0,3584x64x1x1
Qcur-2,kernel_rope_neox_f32,0.020100,1792x64x1,64x1x1,128x28x64x1
Kcur-2,kernel_add_row,0.006500,8192x0x0,64x0x0,512x64x1x1
Kcur-2,kernel_rope_neox_f32,0.004200,256x64x1,64x1x1,128x4x64x1
node_80,kernel_mul_mv_q6_K_f32,3.769800,512x4096x1,2x64x1,512x64x1x1
Vcur-2,kernel_add_row,0.003700,8192x0x0,64x0x0,512x64x1x1
cache_k_l2 (view),kernel_set_rows_f16_i64,0.005800,32768x1x1,512x1x1,512x4096x1x1
cache_v_l2 (view),kernel_set_rows_f16_i64,0.004500,32768x1x1,512x1x1,512x4096x1x1
__fattn__-2,flash_attn_f32_f16,10.526200,64x28x0,32x1x0,128x28x64x1
ffn_inp-2,kernel_add,0.037200,4096x1x1,64x1x1,3584x64x1x1
ffn_norm-2,kernel_rms_norm_mul,0.028000,65536x1x1,1024x1x1,3584x64x1x1
ffn_swiglu-2,kernel_swiglu,0.207500,32768x1x1,512x1x1,18944x64x1x1
ffn_out-2,kernel_mul_mv_q6_K_f32,132.485001,3584x4096x1,2x64x1,3584x64x1x1
l_out-2,kernel_add,0.033800,4096x1x1,64x1x1,3584x64x1x1
attn_norm-3,kernel_rms_norm_mul,0.025900,65536x1x1,1024x1x1,3584x64x1x1
Qcur-3,kernel_add_row,0.019700,57344x0x0,64x0x0,3584x64x1x1
Qcur-3,kernel_rope_neox_f32,0.021200,1792x64x1,64x1x1,128x28x64x1
Kcur-3,kernel_add_row,0.006600,8192x0x0,64x0x0,512x64x1x1
Kcur-3,kernel_rope_neox_f32,0.004300,256x64x1,64x1x1,128x4x64x1
Vcur-3,kernel_add_row,0.005800,8192x0x0,64x0x0,512x64x1x1
cache_k_l3 (view),kernel_set_rows_f16_i64,0.005700,32768x1x1,512x1x1,512x4096x1x1
cache_v_l3 (view),kernel_set_rows_f16_i64,0.004500,32768x1x1,512x1x1,512x4096x1x1
__fattn__-3,flash_attn_f32_f16,10.567600,64x28x0,32x1x0,128x28x64x1
ffn_inp-3,kernel_add,0.039700,4096x1x1,64x1x1,3584x64x1x1
ffn_norm-3,kernel_rms_norm_mul,0.026100,65536x1x1,1024x1x1,3584x64x1x1
l_out-3,kernel_add,0.036000,4096x1x1,64x1x1,3584x64x1x1
attn_norm-4,kernel_rms_norm_mul,0.026900,65536x1x1,1024x1x1,3584x64x1x1
Qcur-4,kernel_add_row,0.019600,57344x0x0,64x0x0,3584x64x1x1
Qcur-4,kernel_rope_neox_f32,0.022200,1792x64x1,64x1x1,128x28x64x1
Kcur-4,kernel_add_row,0.006500,8192x0x0,64x0x0,512x64x1x1
Kcur-4,kernel_rope_neox_f32,0.004200,256x64x1,64x1x1,128x4x64x1
Vcur-4,kernel_add_row,0.005800,8192x0x0,64x0x0,512x64x1x1
cache_k_l4 (view),kernel_set_rows_f16_i64,0.005800,32768x1x1,512x1x1,512x4096x1x1
cache_v_l4 (view),kernel_set_rows_f16_i64,0.004700,32768x1x1,512x1x1,512x4096x1x1
__fattn__-4,flash_attn_f32_f16,10.327500,64x28x0,32x1x0,128x28x64x1
ffn_inp-4,kernel_add,0.037500,4096x1x1,64x1x1,3584x64x1x1
ffn_norm-4,kernel_rms_norm_mul,0.028100,65536x1x1,1024x1x1,3584x64x1x1
l_out-4,kernel_add,0.036100,4096x1x1,64x1x1,3584x64x1x1
attn_norm-5,kernel_rms_norm_mul,0.027400,65536x1x1,1024x1x1,3584x64x1x1
Qcur-5,kernel_add_row,0.018600,57344x0x0,64x0x0,3584x64x1x1
Qcur-5,kernel_rope_neox_f32,0.020600,1792x64x1,64x1x1,128x28x64x1
Kcur-5,kernel_add_row,0.006600,8192x0x0,64x0x0,512x64x1x1
Kcur-5,kernel_rope_neox_f32,0.004100,256x64x1,64x1x1,128x4x64x1
node_182,kernel_mul_mv_q6_K_f32,3.769500,512x4096x1,2x64x1,512x64x1x1
Vcur-5,kernel_add_row,0.003700,8192x0x0,64x0x0,512x64x1x1
cache_k_l5 (view),kernel_set_rows_f16_i64,0.005600,32768x1x1,512x1x1,512x4096x1x1
cache_v_l5 (view),kernel_set_rows_f16_i64,0.004600,32768x1x1,512x1x1,512x4096x1x1
__fattn__-5,flash_attn_f32_f16,10.322200,64x28x0,32x1x0,128x28x64x1
ffn_inp-5,kernel_add,0.037000,4096x1x1,64x1x1,3584x64x1x1
ffn_norm-5,kernel_rms_norm_mul,0.027500,65536x1x1,1024x1x1,3584x64x1x1
ffn_swiglu-5,kernel_swiglu,0.210300,32768x1x1,512x1x1,18944x64x1x1
ffn_out-5,kernel_mul_mv_q6_K_f32,132.423294,3584x4096x1,2x64x1,3584x64x1x1
l_out-5,kernel_add,0.034000,4096x1x1,64x1x1,3584x64x1x1
attn_norm-6,kernel_rms_norm_mul,0.025800,65536x1x1,1024x1x1,3584x64x1x1
Qcur-6,kernel_add_row,0.021800,57344x0x0,64x0x0,3584x64x1x1
Qcur-6,kernel_rope_neox_f32,0.022100,1792x64x1,64x1x1,128x28x64x1
Kcur-6,kernel_add_row,0.006400,8192x0x0,64x0x0,512x64x1x1
Kcur-6,kernel_rope_neox_f32,0.004200,256x64x1,64x1x1,128x4x64x1
Vcur-6,kernel_add_row,0.006000,8192x0x0,64x0x0,512x64x1x1
cache_k_l6 (view),kernel_set_rows_f16_i64,0.005800,32768x1x1,512x1x1,512x4096x1x1
cache_v_l6 (view),kernel_set_rows_f16_i64,0.004700,32768x1x1,512x1x1,512x4096x1x1
__fattn__-6,flash_attn_f32_f16,10.318600,64x28x0,32x1x0,128x28x64x1
ffn_inp-6,kernel_add,0.038100,4096x1x1,64x1x1,3584x64x1x1
ffn_norm-6,kernel_rms_norm_mul,0.027100,65536x1x1,1024x1x1,3584x64x1x1
l_out-6,kernel_add,0.037200,4096x1x1,64x1x1,3584x64x1x1
attn_norm-7,kernel_rms_norm_mul,0.026400,65536x1x1,1024x1x1,3584x64x1x1
Qcur-7,kernel_add_row,0.019600,57344x0x0,64x0x0,3584x64x1x1
Qcur-7,kernel_rope_neox_f32,0.022000,1792x64x1,64x1x1,128x28x64x1
Kcur-7,kernel_add_row,0.006500,8192x0x0,64x0x0,512x64x1x1
Kcur-7,kernel_rope_neox_f32,0.004100,256x64x1,64x1x1,128x4x64x1
Vcur-7,kernel_add_row,0.005900,8192x0x0,64x0x0,512x64x1x1
cache_k_l7 (view),kernel_set_rows_f16_i64,0.005600,32768x1x1,512x1x1,512x4096x1x1
cache_v_l7 (view),kernel_set_rows_f16_i64,0.004600,32768x1x1,512x1x1,512x4096x1x1
__fattn__-7,flash_attn_f32_f16,10.627100,64x28x0,32x1x0,128x28x64x1
ffn_inp-7,kernel_add,0.038000,4096x1x1,64x1x1,3584x64x1x1
ffn_norm-7,kernel_rms_norm_mul,0.029000,65536x1x1,1024x1x1,3584x64x1x1
l_out-7,kernel_add,0.036800,4096x1x1,64x1x1,3584x64x1x1
attn_norm-8,kernel_rms_norm_mul,0.026600,65536x1x1,1024x1x1,3584x64x1x1
Qcur-8,kernel_add_row,0.019400,57344x0x0,64x0x0,3584x64x1x1
Qcur-8,kernel_rope_neox_f32,0.020600,1792x64x1,64x1x1,128x28x64x1
Kcur-8,kernel_add_row,0.006400,8192x0x0,64x0x0,512x64x1x1
Kcur-8,kernel_rope_neox_f32,0.004100,256x64x1,64x1x1,128x4x64x1
node_284,kernel_mul_mv_q6_K_f32,3.771700,512x4096x1,2x64x1,512x64x1x1
Vcur-8,kernel_add_row,0.003700,8192x0x0,64x0x0,512x64x1x1
cache_k_l8 (view),kernel_set_rows_f16_i64,0.005500,32768x1x1,512x1x1,512x4096x1x1
cache_v_l8 (view),kernel_set_rows_f16_i64,0.004500,32768x1x1,512x1x1,512x4096x1x1
__fattn__-8,flash_attn_f32_f16,10.307800,64x28x0,32x1x0,128x28x64x1
ffn_inp-8,kernel_add,0.036200,4096x1x1,64x1x1,3584x64x1x1
ffn_norm-8,kernel_rms_norm_mul,0.026700,65536x1x1,1024x1x1,3584x64x1x1
ffn_swiglu-8,kernel_swiglu,0.208500,32768x1x1,512x1x1,18944x64x1x1
ffn_out-8,kernel_mul_mv_q6_K_f32,132.499496,3584x4096x1,2x64x1,3584x64x1x1
l_out-8,kernel_add,0.034400,4096x1x1,64x1x1,3584x64x1x1
attn_norm-9,kernel_rms_norm_mul,0.026800,65536x1x1,1024x1x1,3584x64x1x1
Qcur-9,kernel_add_row,0.023100,57344x0x0,64x0x0,3584x64x1x1
Qcur-9,kernel_rope_neox_f32,0.022700,1792x64x1,64x1x1,128x28x64x1
Kcur-9,kernel_add_row,0.006600,8192x0x0,64x0x0,512x64x1x1
Kcur-9,kernel_rope_neox_f32,0.004200,256x64x1,64x1x1,128x4x64x1
Vcur-9,kernel_add_row,0.005800,8192x0x0,64x0x0,512x64x1x1
cache_k_l9 (view),kernel_set_rows_f16_i64,0.005600,32768x1x1,512x1x1,512x4096x1x1
cache_v_l9 (view),kernel_set_rows_f16_i64,0.004600,32768x1x1,512x1x1,512x4096x1x1
__fattn__-9,flash_attn_f32_f16,10.531200,64x28x0,32x1x0,128x28x64x1
ffn_inp-9,kernel_add,0.039900,4096x1x1,64x1x1,3584x64x1x1
ffn_norm-9,kernel_rms_norm_mul,0.027600,65536x1x1,1024x1x1,3584x64x1x1
l_out-9,kernel_add,0.036600,4096x1x1,64x1x1,3584x64x1x1
attn_norm-10,kernel_rms_norm_mul,0.027900,65536x1x1,1024x1x1,3584x64x1x1
Qcur-10,kernel_add_row,0.020900,57344x0x0,64x0x0,3584x64x1x1
Qcur-10,kernel_rope_neox_f32,0.022200,1792x64x1,64x1x1,128x28x64x1
Kcur-10,kernel_add_row,0.006700,8192x0x0,64x0x0,512x64x1x1
Kcur-10,kernel_rope_neox_f32,0.004200,256x64x1,64x1x1,128x4x64x1
Vcur-10,kernel_add_row,0.005800,8192x0x0,64x0x0,512x64x1x1
cache_k_l10 (view),kernel_set_rows_f16_i64,0.005700,32768x1x1,512x1x1,512x4096x1x1
cache_v_l10 (view),kernel_set_rows_f16_i64,0.004600,32768x1x1,512x1x1,512x4096x1x1
__fattn__-10,flash_attn_f32_f16,11.556900,64x28x0,32x1x0,128x28x64x1
ffn_inp-10,kernel_add,0.038100,4096x1x1,64x1x1,3584x64x1x1
ffn_norm-10,kernel_rms_norm_mul,0.025900,65536x1x1,1024x1x1,3584x64x1x1
l_out-10,kernel_add,0.036700,4096x1x1,64x1x1,3584x64x1x1
attn_norm-11,kernel_rms_norm_mul,0.025000,65536x1x1,1024x1x1,3584x64x1x1
Qcur-11,kernel_add_row,0.018900,57344x0x0,64x0x0,3584x64x1x1
Qcur-11,kernel_rope_neox_f32,0.019900,1792x64x1,64x1x1,128x28x64x1
Kcur-11,kernel_add_row,0.006800,8192x0x0,64x0x0,512x64x1x1
Kcur-11,kernel_rope_neox_f32,0.004200,256x64x1,64x1x1,128x4x64x1
node_386,kernel_mul_mv_q6_K_f32,3.770500,512x4096x1,2x64x1,512x64x1x1
Vcur-11,kernel_add_row,0.003800,8192x0x0,64x0x0,512x64x1x1
cache_k_l11 (view),kernel_set_rows_f16_i64,0.005900,32768x1x1,512x1x1,512x4096x1x1
cache_v_l11 (view),kernel_set_rows_f16_i64,0.004800,32768x1x1,512x1x1,512x4096x1x1
__fattn__-11,flash_attn_f32_f16,10.536100,64x28x0,32x1x0,128x28x64x1
ffn_inp-11,kernel_add,0.036000,4096x1x1,64x1x1,3584x64x1x1
ffn_norm-11,kernel_rms_norm_mul,0.028100,65536x1x1,1024x1x1,3584x64x1x1
ffn_swiglu-11,kernel_swiglu,0.209600,32768x1x1,512x1x1,18944x64x1x1
ffn_out-11,kernel_mul_mv_q6_K_f32,132.447403,3584x4096x1,2x64x1,3584x64x1x1
l_out-11,kernel_add,0.034300,4096x1x1,64x1x1,3584x64x1x1
attn_norm-12,kernel_rms_norm_mul,0.026200,65536x1x1,1024x1x1,3584x64x1x1
Qcur-12,kernel_add_row,0.025400,57344x0x0,64x0x0,3584x64x1x1
Qcur-12,kernel_rope_neox_f32,0.023500,1792x64x1,64x1x1,128x28x64x1
Kcur-12,kernel_add_row,0.006300,8192x0x0,64x0x0,512x64x1x1
Kcur-12,kernel_rope_neox_f32,0.004200,256x64x1,64x1x1,128x4x64x1
Vcur-12,kernel_add_row,0.005800,8192x0x0,64x0x0,512x64x1x1
cache_k_l12 (view),kernel_set_rows_f16_i64,0.005700,32768x1x1,512x1x1,512x4096x1x1
cache_v_l12 (view),kernel_set_rows_f16_i64,0.004600,32768x1x1,512x1x1,512x4096x1x1
__fattn__-12,flash_attn_f32_f16,10.527700,64x28x0,32x1x0,128x28x64x1
ffn_inp-12,kernel_add,0.036900,4096x1x1,64x1x1,3584x64x1x1
ffn_norm-12,kernel_rms_norm_mul,0.027700,65536x1x1,1024x1x1,3584x64x1x1
l_out-12,kernel_add,0.037700,4096x1x1,64x1x1,3584x64x1x1
attn_norm-13,kernel_rms_norm_mul,0.028400,65536x1x1,1024x1x1,3584x64x1x1
Qcur-13,kernel_add_row,0.019300,57344x0x0,64x0x0,3584x64x1x1
Qcur-13,kernel_rope_neox_f32,0.021500,1792x64x1,64x1x1,128x28x64x1
Kcur-13,kernel_add_row,0.006500,8192x0x0,64x0x0,512x64x1x1
Kcur-13,kernel_rope_neox_f32,0.004300,256x64x1,64x1x1,128x4x64x1
Vcur-13,kernel_add_row,0.006000,8192x0x0,64x0x0,512x64x1x1
cache_k_l13 (view),kernel_set_rows_f16_i64,0.005800,32768x1x1,512x1x1,512x4096x1x1
cache_v_l13 (view),kernel_set_rows_f16_i64,0.004500,32768x1x1,512x1x1,512x4096x1x1
__fattn__-13,flash_attn_f32_f16,10.304000,64x28x0,32x1x0,128x28x64x1
ffn_inp-13,kernel_add,0.038200,4096x1x1,64x1x1,3584x64x1x1
ffn_norm-13,kernel_rms_norm_mul,0.027100,65536x1x1,1024x1x1,3584x64x1x1
l_out-13,kernel_add,0.036200,4096x1x1,64x1x1,3584x64x1x1
attn_norm-14,kernel_rms_norm_mul,0.026900,65536x1x1,1024x1x1,3584x64x1x1
Qcur-14,kernel_add_row,0.019900,57344x0x0,64x0x0,3584x64x1x1
Qcur-14,kernel_rope_neox_f32,0.020500,1792x64x1,64x1x1,128x28x64x1
Kcur-14,kernel_add_row,0.006200,8192x0x0,64x0x0,512x64x1x1
Kcur-14,kernel_rope_neox_f32,0.004200,256x64x1,64x1x1,128x4x64x1
node_488,kernel_mul_mv_q6_K_f32,3.769200,512x4096x1,2x64x1,512x64x1x1
Vcur-14,kernel_add_row,0.003700,8192x0x0,64x0x0,512x64x1x1
cache_k_l14 (view),kernel_set_rows_f16_i64,0.005800,32768x1x1,512x1x1,512x4096x1x1
cache_v_l14 (view),kernel_set_rows_f16_i64,0.004600,32768x1x1,512x1x1,512x4096x1x1
__fattn__-14,flash_attn_f32_f16,10.541700,64x28x0,32x1x0,128x28x64x1
ffn_inp-14,kernel_add,0.036000,4096x1x1,64x1x1,3584x64x1x1
ffn_norm-14,kernel_rms_norm_mul,0.027700,65536x1x1,1024x1x1,3584x64x1x1
ffn_swiglu-14,kernel_swiglu,0.209200,32768x1x1,512x1x1,18944x64x1x1
ffn_out-14,kernel_mul_mv_q6_K_f32,132.236099,3584x4096x1,2x64x1,3584x64x1x1
l_out-14,kernel_add,0.033200,4096x1x1,64x1x1,3584x64x1x1
attn_norm-15,kernel_rms_norm_mul,0.026200,65536x1x1,1024x1x1,3584x64x1x1
Qcur-15,kernel_add_row,0.022400,57344x0x0,64x0x0,3584x64x1x1
Qcur-15,kernel_rope_neox_f32,0.022000,1792x64x1,64x1x1,128x28x64x1
Kcur-15,kernel_add_row,0.006600,8192x0x0,64x0x0,512x64x1x1
Kcur-15,kernel_rope_neox_f32,0.004200,256x64x1,64x1x1,128x4x64x1
Vcur-15,kernel_add_row,0.006000,8192x0x0,64x0x0,512x64x1x1
cache_k_l15 (view),kernel_set_rows_f16_i64,0.005600,32768x1x1,512x1x1,512x4096x1x1
cache_v_l15 (view),kernel_set_rows_f16_i64,0.004600,32768x1x1,512x1x1,512x4096x1x1
__fattn__-15,flash_attn_f32_f16,10.525500,64x28x0,32x1x0,128x28x64x1
ffn_inp-15,kernel_add,0.038000,4096x1x1,64x1x1,3584x64x1x1
ffn_norm-15,kernel_rms_norm_mul,0.028800,65536x1x1,1024x1x1,3584x64x1x1
l_out-15,kernel_add,0.036600,4096x1x1,64x1x1,3584x64x1x1
attn_norm-16,kernel_rms_norm_mul,0.027300,65536x1x1,1024x1x1,3584x64x1x1
Qcur-16,kernel_add_row,0.019300,57344x0x0,64x0x0,3584x64x1x1
Qcur-16,kernel_rope_neox_f32,0.021200,1792x64x1,64x1x1,128x28x64x1
Kcur-16,kernel_add_row,0.006500,8192x0x0,64x0x0,512x64x1x1
Kcur-16,kernel_rope_neox_f32,0.004100,256x64x1,64x1x1,128x4x64x1
Vcur-16,kernel_add_row,0.005900,8192x0x0,64x0x0,512x64x1x1
cache_k_l16 (view),kernel_set_rows_f16_i64,0.005500,32768x1x1,512x1x1,512x4096x1x1
cache_v_l16 (view),kernel_set_rows_f16_i64,0.004600,32768x1x1,512x1x1,512x4096x1x1
__fattn__-16,flash_attn_f32_f16,10.519900,64x28x0,32x1x0,128x28x64x1
ffn_inp-16,kernel_add,0.036400,4096x1x1,64x1x1,3584x64x1x1
ffn_norm-16,kernel_rms_norm_mul,0.027800,65536x1x1,1024x1x1,3584x64x1x1
l_out-16,kernel_add,0.036500,4096x1x1,64x1x1,3584x64x1x1
attn_norm-17,kernel_rms_norm_mul,0.027300,65536x1x1,1024x1x1,3584x64x1x1
Qcur-17,kernel_add_row,0.019300,57344x0x0,64x0x0,3584x64x1x1
Qcur-17,kernel_rope_neox_f32,0.021000,1792x64x1,64x1x1,128x28x64x1
Kcur-17,kernel_add_row,0.006600,8192x0x0,64x0x0,512x64x1x1
Kcur-17,kernel_rope_neox_f32,0.004200,256x64x1,64x1x1,128x4x64x1
node_590,kernel_mul_mv_q6_K_f32,4.163900,512x4096x1,2x64x1,512x64x1x1
Vcur-17,kernel_add_row,0.003500,8192x0x0,64x0x0,512x64x1x1
cache_k_l17 (view),kernel_set_rows_f16_i64,0.005600,32768x1x1,512x1x1,512x4096x1x1
cache_v_l17 (view),kernel_set_rows_f16_i64,0.004600,32768x1x1,512x1x1,512x4096x1x1
__fattn__-17,flash_attn_f32_f16,10.381100,64x28x0,32x1x0,128x28x64x1
ffn_inp-17,kernel_add,0.037100,4096x1x1,64x1x1,3584x64x1x1
ffn_norm-17,kernel_rms_norm_mul,0.025500,65536x1x1,1024x1x1,3584x64x1x1
ffn_swiglu-17,kernel_swiglu,0.208900,32768x1x1,512x1x1,18944x64x1x1
ffn_out-17,kernel_mul_mv_q6_K_f32,132.099106,3584x4096x1,2x64x1,3584x64x1x1
l_out-17,kernel_add,0.033100,4096x1x1,64x1x1,3584x64x1x1
attn_norm-18,kernel_rms_norm_mul,0.026000,65536x1x1,1024x1x1,3584x64x1x1
Qcur-18,kernel_add_row,0.019500,57344x0x0,64x0x0,3584x64x1x1
Qcur-18,kernel_rope_neox_f32,0.020100,1792x64x1,64x1x1,128x28x64x1
Kcur-18,kernel_add_row,0.006700,8192x0x0,64x0x0,512x64x1x1
Kcur-18,kernel_rope_neox_f32,0.004000,256x64x1,64x1x1,128x4x64x1
Vcur-18,kernel_add_row,0.005900,8192x0x0,64x0x0,512x64x1x1
cache_k_l18 (view),kernel_set_rows_f16_i64,0.005800,32768x1x1,512x1x1,512x4096x1x1
cache_v_l18 (view),kernel_set_rows_f16_i64,0.004500,32768x1x1,512x1x1,512x4096x1x1
__fattn__-18,flash_attn_f32_f16,10.536200,64x28x0,32x1x0,128x28x64x1
ffn_inp-18,kernel_add,0.039600,4096x1x1,64x1x1,3584x64x1x1
ffn_norm-18,kernel_rms_norm_mul,0.026500,65536x1x1,1024x1x1,3584x64x1x1
l_out-18,kernel_add,0.037400,4096x1x1,64x1x1,3584x64x1x1
attn_norm-19,kernel_rms_norm_mul,0.026200,65536x1x1,1024x1x1,3584x64x1x1
Qcur-19,kernel_add_row,0.019200,57344x0x0,64x0x0,3584x64x1x1
Qcur-19,kernel_rope_neox_f32,0.020700,1792x64x1,64x1x1,128x28x64x1
Kcur-19,kernel_add_row,0.006700,8192x0x0,64x0x0,512x64x1x1
Kcur-19,kernel_rope_neox_f32,0.004300,256x64x1,64x1x1,128x4x64x1
Vcur-19,kernel_add_row,0.005800,8192x0x0,64x0x0,512x64x1x1
cache_k_l19 (view),kernel_set_rows_f16_i64,0.005700,32768x1x1,512x1x1,512x4096x1x1
cache_v_l19 (view),kernel_set_rows_f16_i64,0.004600,32768x1x1,512x1x1,512x4096x1x1
__fattn__-19,flash_attn_f32_f16,10.527300,64x28x0,32x1x0,128x28x64x1
ffn_inp-19,kernel_add,0.039700,4096x1x1,64x1x1,3584x64x1x1
ffn_norm-19,kernel_rms_norm_mul,0.026200,65536x1x1,1024x1x1,3584x64x1x1
l_out-19,kernel_add,0.036100,4096x1x1,64x1x1,3584x64x1x1
attn_norm-20,kernel_rms_norm_mul,0.027200,65536x1x1,1024x1x1,3584x64x1x1
Qcur-20,kernel_add_row,0.019100,57344x0x0,64x0x0,3584x64x1x1
Qcur-20,kernel_rope_neox_f32,0.019800,1792x64x1,64x1x1,128x28x64x1
Kcur-20,kernel_add_row,0.006400,8192x0x0,64x0x0,512x64x1x1
Kcur-20,kernel_rope_neox_f32,0.004300,256x64x1,64x1x1,128x4x64x1
node_692,kernel_mul_mv_q6_K_f32,3.770500,512x4096x1,2x64x1,512x64x1x1
Vcur-20,kernel_add_row,0.003700,8192x0x0,64x0x0,512x64x1x1
cache_k_l20 (view),kernel_set_rows_f16_i64,0.005800,32768x1x1,512x1x1,512x4096x1x1
cache_v_l20 (view),kernel_set_rows_f16_i64,0.004500,32768x1x1,512x1x1,512x4096x1x1
__fattn__-20,flash_attn_f32_f16,10.346700,64x28x0,32x1x0,128x28x64x1
ffn_inp-20,kernel_add,0.035300,4096x1x1,64x1x1,3584x64x1x1
ffn_norm-20,kernel_rms_norm_mul,0.026700,65536x1x1,1024x1x1,3584x64x1x1
ffn_swiglu-20,kernel_swiglu,0.210300,32768x1x1,512x1x1,18944x64x1x1
ffn_out-20,kernel_mul_mv_q6_K_f32,132.215607,3584x4096x1,2x64x1,3584x64x1x1
l_out-20,kernel_add,0.033700,4096x1x1,64x1x1,3584x64x1x1
attn_norm-21,kernel_rms_norm_mul,0.026300,65536x1x1,1024x1x1,3584x64x1x1
Qcur-21,kernel_add_row,0.026300,57344x0x0,64x0x0,3584x64x1x1
Qcur-21,kernel_rope_neox_f32,0.023500,1792x64x1,64x1x1,128x28x64x1
Kcur-21,kernel_add_row,0.006700,8192x0x0,64x0x0,512x64x1x1
Kcur-21,kernel_rope_neox_f32,0.004300,256x64x1,64x1x1,128x4x64x1
Vcur-21,kernel_add_row,0.006000,8192x0x0,64x0x0,512x64x1x1
cache_k_l21 (view),kernel_set_rows_f16_i64,0.005700,32768x1x1,512x1x1,512x4096x1x1
cache_v_l21 (view),kernel_set_rows_f16_i64,0.004800,32768x1x1,512x1x1,512x4096x1x1
__fattn__-21,flash_attn_f32_f16,10.297700,64x28x0,32x1x0,128x28x64x1
ffn_inp-21,kernel_add,0.037900,4096x1x1,64x1x1,3584x64x1x1
ffn_norm-21,kernel_rms_norm_mul,0.026600,65536x1x1,1024x1x1,3584x64x1x1
l_out-21,kernel_add,0.037200,4096x1x1,64x1x1,3584x64x1x1
attn_norm-22,kernel_rms_norm_mul,0.025900,65536x1x1,1024x1x1,3584x64x1x1
Qcur-22,kernel_add_row,0.019000,57344x0x0,64x0x0,3584x64x1x1
Qcur-22,kernel_rope_neox_f32,0.020600,1792x64x1,64x1x1,128x28x64x1
Kcur-22,kernel_add_row,0.006600,8192x0x0,64x0x0,512x64x1x1
Kcur-22,kernel_rope_neox_f32,0.004100,256x64x1,64x1x1,128x4x64x1
Vcur-22,kernel_add_row,0.005800,8192x0x0,64x0x0,512x64x1x1
cache_k_l22 (view),kernel_set_rows_f16_i64,0.005600,32768x1x1,512x1x1,512x4096x1x1
cache_v_l22 (view),kernel_set_rows_f16_i64,0.004600,32768x1x1,512x1x1,512x4096x1x1
__fattn__-22,flash_attn_f32_f16,10.310200,64x28x0,32x1x0,128x28x64x1
ffn_inp-22,kernel_add,0.039200,4096x1x1,64x1x1,3584x64x1x1
ffn_norm-22,kernel_rms_norm_mul,0.025500,65536x1x1,1024x1x1,3584x64x1x1
l_out-22,kernel_add,0.036100,4096x1x1,64x1x1,3584x64x1x1
attn_norm-23,kernel_rms_norm_mul,0.027100,65536x1x1,1024x1x1,3584x64x1x1
Qcur-23,kernel_add_row,0.018800,57344x0x0,64x0x0,3584x64x1x1
Qcur-23,kernel_rope_neox_f32,0.020100,1792x64x1,64x1x1,128x28x64x1
Kcur-23,kernel_add_row,0.006400,8192x0x0,64x0x0,512x64x1x1
Kcur-23,kernel_rope_neox_f32,0.004000,256x64x1,64x1x1,128x4x64x1
node_794,kernel_mul_mv_q6_K_f32,3.770300,512x4096x1,2x64x1,512x64x1x1
Vcur-23,kernel_add_row,0.003700,8192x0x0,64x0x0,512x64x1x1
cache_k_l23 (view),kernel_set_rows_f16_i64,0.005700,32768x1x1,512x1x1,512x4096x1x1
cache_v_l23 (view),kernel_set_rows_f16_i64,0.004600,32768x1x1,512x1x1,512x4096x1x1
__fattn__-23,flash_attn_f32_f16,10.293000,64x28x0,32x1x0,128x28x64x1
ffn_inp-23,kernel_add,0.036200,4096x1x1,64x1x1,3584x64x1x1
ffn_norm-23,kernel_rms_norm_mul,0.026800,65536x1x1,1024x1x1,3584x64x1x1
ffn_swiglu-23,kernel_swiglu,0.209300,32768x1x1,512x1x1,18944x64x1x1
ffn_out-23,kernel_mul_mv_q6_K_f32,132.406204,3584x4096x1,2x64x1,3584x64x1x1
l_out-23,kernel_add,0.033500,4096x1x1,64x1x1,3584x64x1x1
attn_norm-24,kernel_rms_norm_mul,0.026300,65536x1x1,1024x1x1,3584x64x1x1
Qcur-24,kernel_add_row,0.020000,57344x0x0,64x0x0,3584x64x1x1
Qcur-24,kernel_rope_neox_f32,0.019900,1792x64x1,64x1x1,128x28x64x1
Kcur-24,kernel_add_row,0.006400,8192x0x0,64x0x0,512x64x1x1
Kcur-24,kernel_rope_neox_f32,0.004100,256x64x1,64x1x1,128x4x64x1
node_828,kernel_mul_mv_q6_K_f32,3.769000,512x4096x1,2x64x1,512x64x1x1
Vcur-24,kernel_add_row,0.003800,8192x0x0,64x0x0,512x64x1x1
cache_k_l24 (view),kernel_set_rows_f16_i64,0.005800,32768x1x1,512x1x1,512x4096x1x1
cache_v_l24 (view),kernel_set_rows_f16_i64,0.004500,32768x1x1,512x1x1,512x4096x1x1
__fattn__-24,flash_attn_f32_f16,10.329300,64x28x0,32x1x0,128x28x64x1
ffn_inp-24,kernel_add,0.038800,4096x1x1,64x1x1,3584x64x1x1
ffn_norm-24,kernel_rms_norm_mul,0.026800,65536x1x1,1024x1x1,3584x64x1x1
ffn_swiglu-24,kernel_swiglu,0.210500,32768x1x1,512x1x1,18944x64x1x1
ffn_out-24,kernel_mul_mv_q6_K_f32,132.441406,3584x4096x1,2x64x1,3584x64x1x1
l_out-24,kernel_add,0.033100,4096x1x1,64x1x1,3584x64x1x1
attn_norm-25,kernel_rms_norm_mul,0.026100,65536x1x1,1024x1x1,3584x64x1x1
Qcur-25,kernel_add_row,0.019000,57344x0x0,64x0x0,3584x64x1x1
Qcur-25,kernel_rope_neox_f32,0.020600,1792x64x1,64x1x1,128x28x64x1
Kcur-25,kernel_add_row,0.006600,8192x0x0,64x0x0,512x64x1x1
Kcur-25,kernel_rope_neox_f32,0.004200,256x64x1,64x1x1,128x4x64x1
node_862,kernel_mul_mv_q6_K_f32,3.772000,512x4096x1,2x64x1,512x64x1x1
Vcur-25,kernel_add_row,0.003700,8192x0x0,64x0x0,512x64x1x1
cache_k_l25 (view),kernel_set_rows_f16_i64,0.005600,32768x1x1,512x1x1,512x4096x1x1
cache_v_l25 (view),kernel_set_rows_f16_i64,0.004500,32768x1x1,512x1x1,512x4096x1x1
__fattn__-25,flash_attn_f32_f16,10.307500,64x28x0,32x1x0,128x28x64x1
ffn_inp-25,kernel_add,0.036700,4096x1x1,64x1x1,3584x64x1x1
ffn_norm-25,kernel_rms_norm_mul,0.026200,65536x1x1,1024x1x1,3584x64x1x1
ffn_swiglu-25,kernel_swiglu,0.206900,32768x1x1,512x1x1,18944x64x1x1
ffn_out-25,kernel_mul_mv_q6_K_f32,132.358994,3584x4096x1,2x64x1,3584x64x1x1
l_out-25,kernel_add,0.034500,4096x1x1,64x1x1,3584x64x1x1
attn_norm-26,kernel_rms_norm_mul,0.025400,65536x1x1,1024x1x1,3584x64x1x1
Qcur-26,kernel_add_row,0.019200,57344x0x0,64x0x0,3584x64x1x1
Qcur-26,kernel_rope_neox_f32,0.020200,1792x64x1,64x1x1,128x28x64x1
Kcur-26,kernel_add_row,0.006400,8192x0x0,64x0x0,512x64x1x1
Kcur-26,kernel_rope_neox_f32,0.004200,256x64x1,64x1x1,128x4x64x1
node_896,kernel_mul_mv_q6_K_f32,3.770100,512x4096x1,2x64x1,512x64x1x1
Vcur-26,kernel_add_row,0.003800,8192x0x0,64x0x0,512x64x1x1
cache_k_l26 (view),kernel_set_rows_f16_i64,0.005800,32768x1x1,512x1x1,512x4096x1x1
cache_v_l26 (view),kernel_set_rows_f16_i64,0.004600,32768x1x1,512x1x1,512x4096x1x1
__fattn__-26,flash_attn_f32_f16,10.305700,64x28x0,32x1x0,128x28x64x1
ffn_inp-26,kernel_add,0.036500,4096x1x1,64x1x1,3584x64x1x1
ffn_norm-26,kernel_rms_norm_mul,0.026100,65536x1x1,1024x1x1,3584x64x1x1
ffn_swiglu-26,kernel_swiglu,0.208400,32768x1x1,512x1x1,18944x64x1x1
ffn_out-26,kernel_mul_mv_q6_K_f32,134.573303,3584x4096x1,2x64x1,3584x64x1x1
l_out-26,kernel_add,0.034000,4096x1x1,64x1x1,3584x64x1x1
attn_norm-27,kernel_rms_norm_mul,0.026000,65536x1x1,1024x1x1,3584x64x1x1
Qcur-27,kernel_add_row,0.019400,57344x0x0,64x0x0,3584x64x1x1
Qcur-27,kernel_rope_neox_f32,0.020000,1792x64x1,64x1x1,128x28x64x1
Kcur-27,kernel_add_row,0.006500,8192x0x0,64x0x0,512x64x1x1
Kcur-27,kernel_rope_neox_f32,0.004000,256x64x1,64x1x1,128x4x64x1
node_930,kernel_mul_mv_q6_K_f32,3.776400,512x4096x1,2x64x1,512x64x1x1
Vcur-27,kernel_add_row,0.003700,8192x0x0,64x0x0,512x64x1x1
cache_k_l27 (view),kernel_set_rows_f16_i64,0.005700,32768x1x1,512x1x1,512x4096x1x1
cache_v_l27 (view),kernel_set_rows_f16_i64,0.004600,32768x1x1,512x1x1,512x4096x1x1
__fattn__-27,flash_attn_f32_f16,10.542300,64x28x0,32x1x0,128x28x64x1
attn_norm-0,kernel_rms_norm_mul,0.031700,65536x1x1,1024x1x1,3584x64x1x1
Qcur-0,kernel_add_row,0.018700,57344x0x0,64x0x0,3584x64x1x1
Qcur-0,kernel_rope_neox_f32,0.020500,1792x64x1,64x1x1,128x28x64x1
Kcur-0,kernel_add_row,0.005900,8192x0x0,64x0x0,512x64x1x1
Kcur-0,kernel_rope_neox_f32,0.004400,256x64x1,64x1x1,128x4x64x1
node_11,kernel_mul_mv_q6_K_f32,3.773000,512x4096x1,2x64x1,512x64x1x1
Vcur-0,kernel_add_row,0.003700,8192x0x0,64x0x0,512x64x1x1
cache_k_l0 (view),kernel_set_rows_f16_i64,0.005900,32768x1x1,512x1x1,512x4096x1x1
cache_v_l0 (view),kernel_set_rows_f16_i64,0.004700,32768x1x1,512x1x1,512x4096x1x1
 (copy),kernel_cpy_f32_f16,0.005000,4096x1x1,64x1x1,512x64x1x1
__fattn__-0,flash_attn_f32_f16,10.295900,64x28x0,32x1x0,128x28x64x1
ffn_inp-0,kernel_add,0.036600,4096x1x1,64x1x1,3584x64x1x1
ffn_norm-0,kernel_rms_norm_mul,0.026500,65536x1x1,1024x1x1,3584x64x1x1
ffn_swiglu-0,kernel_swiglu,0.211000,32768x1x1,512x1x1,18944x64x1x1
ffn_out-0,kernel_mul_mv_q6_K_f32,132.372803,3584x4096x1,2x64x1,3584x64x1x1
l_out-0,kernel_add,0.034300,4096x1x1,64x1x1,3584x64x1x1
attn_norm-1,kernel_rms_norm_mul,0.026400,65536x1x1,1024x1x1,3584x64x1x1
Qcur-1,kernel_add_row,0.019400,57344x0x0,64x0x0,3584x64x1x1
Qcur-1,kernel_rope_neox_f32,0.021300,1792x64x1,64x1x1,128x28x64x1
Kcur-1,kernel_add_row,0.006500,8192x0x0,64x0x0,512x64x1x1
Kcur-1,kernel_rope_neox_f32,0.004100,256x64x1,64x1x1,128x4x64x1
node_46,kernel_mul_mv_q6_K_f32,3.772200,512x4096x1,2x64x1,512x64x1x1
Vcur-1,kernel_add_row,0.003800,8192x0x0,64x0x0,512x64x1x1
cache_k_l1 (view),kernel_set_rows_f16_i64,0.005900,32768x1x1,512x1x1,512x4096x1x1
cache_v_l1 (view),kernel_set_rows_f16_i64,0.004600,32768x1x1,512x1x1,512x4096x1x1
__fattn__-1,flash_attn_f32_f16,10.540700,64x28x0,32x1x0,128x28x64x1
ffn_inp-1,kernel_add,0.036500,4096x1x1,64x1x1,3584x64x1x1
ffn_norm-1,kernel_rms_norm_mul,0.026400,65536x1x1,1024x1x1,3584x64x1x1
ffn_swiglu-1,kernel_swiglu,0.207300,32768x1x1,512x1x1,18944x64x1x1
ffn_out-1,kernel_mul_mv_q6_K_f32,132.437607,3584x4096x1,2x64x1,3584x64x1x1
l_out-1,kernel_add,0.033700,4096x1x1,64x1x1,3584x64x1x1
attn_norm-2,kernel_rms_norm_mul,0.025400,65536x1x1,1024x1x1,3584x64x1x1
Qcur-2,kernel_add_row,0.019900,57344x0x0,64x0x0,3584x64x1x1
Qcur-2,kernel_rope_neox_f32,0.021300,1792x64x1,64x1x1,128x28x64x1
Kcur-2,kernel_add_row,0.006600,8192x0x0,64x0x0,512x64x1x1
Kcur-2,kernel_rope_neox_f32,0.004000,256x64x1,64x1x1,128x4x64x1
node_80,kernel_mul_mv_q6_K_f32,3.771400,512x4096x1,2x64x1,512x64x1x1
Vcur-2,kernel_add_row,0.003500,8192x0x0,64x0x0,512x64x1x1
cache_k_l2 (view),kernel_set_rows_f16_i64,0.005900,32768x1x1,512x1x1,512x4096x1x1
cache_v_l2 (view),kernel_set_rows_f16_i64,0.004600,32768x1x1,512x1x1,512x4096x1x1
__fattn__-2,flash_attn_f32_f16,10.338100,64x28x0,32x1x0,128x28x64x1
ffn_inp-2,kernel_add,0.036800,4096x1x1,64x1x1,3584x64x1x1
ffn_norm-2,kernel_rms_norm_mul,0.028400,65536x1x1,1024x1x1,3584x64x1x1
ffn_swiglu-2,kernel_swiglu,0.208100,32768x1x1,512x1x1,18944x64x1x1
ffn_out-2,kernel_mul_mv_q6_K_f32,132.483292,3584x4096x1,2x64x1,3584x64x1x1
l_out-2,kernel_add,0.033900,4096x1x1,64x1x1,3584x64x1x1
attn_norm-3,kernel_rms_norm_mul,0.025300,65536x1x1,1024x1x1,3584x64x1x1
Qcur-3,kernel_add_row,0.019800,57344x0x0,64x0x0,3584x64x1x1
Qcur-3,kernel_rope_neox_f32,0.021400,1792x64x1,64x1x1,128x28x64x1
Kcur-3,kernel_add_row,0.006600,8192x0x0,64x0x0,512x64x1x1
Kcur-3,kernel_rope_neox_f32,0.004200,256x64x1,64x1x1,128x4x64x1
Vcur-3,kernel_add_row,0.005800,8192x0x0,64x0x0,512x64x1x1
cache_k_l3 (view),kernel_set_rows_f16_i64,0.005700,32768x1x1,512x1x1,512x4096x1x1
cache_v_l3 (view),kernel_set_rows_f16_i64,0.004600,32768x1x1,512x1x1,512x4096x1x1
__fattn__-3,flash_attn_f32_f16,10.521500,64x28x0,32x1x0,128x28x64x1
ffn_inp-3,kernel_add,0.039100,4096x1x1,64x1x1,3584x64x1x1
ffn_norm-3,kernel_rms_norm_mul,0.026900,65536x1x1,1024x1x1,3584x64x1x1
l_out-3,kernel_add,0.037400,4096x1x1,64x1x1,3584x64x1x1
attn_norm-4,kernel_rms_norm_mul,0.026700,65536x1x1,1024x1x1,3584x64x1x1
Qcur-4,kernel_add_row,0.019000,57344x0x0,64x0x0,3584x64x1x1
Qcur-4,kernel_rope_neox_f32,0.021400,1792x64x1,64x1x1,128x28x64x1
Kcur-4,kernel_add_row,0.006400,8192x0x0,64x0x0,512x64x1x1
Kcur-4,kernel_rope_neox_f32,0.004200,256x64x1,64x1x1,128x4x64x1
Vcur-4,kernel_add_row,0.005800,8192x0x0,64x0x0,512x64x1x1
cache_k_l4 (view),kernel_set_rows_f16_i64,0.005800,32768x1x1,512x1x1,512x4096x1x1
cache_v_l4 (view),kernel_set_rows_f16_i64,0.004500,32768x1x1,512x1x1,512x4096x1x1
__fattn__-4,flash_attn_f32_f16,10.351800,64x28x0,32x1x0,128x28x64x1
ffn_inp-4,kernel_add,0.037300,4096x1x1,64x1x1,3584x64x1x1
ffn_norm-4,kernel_rms_norm_mul,0.028200,65536x1x1,1024x1x1,3584x64x1x1
l_out-4,kernel_add,0.036700,4096x1x1,64x1x1,3584x64x1x1
attn_norm-5,kernel_rms_norm_mul,0.026600,65536x1x1,1024x1x1,3584x64x1x1
Qcur-5,kernel_add_row,0.019600,57344x0x0,64x0x0,3584x64x1x1
Qcur-5,kernel_rope_neox_f32,0.022000,1792x64x1,64x1x1,128x28x64x1
Kcur-5,kernel_add_row,0.006800,8192x0x0,64x0x0,512x64x1x1
Kcur-5,kernel_rope_neox_f32,0.004100,256x64x1,64x1x1,128x4x64x1
node_182,kernel_mul_mv_q6_K_f32,3.769100,512x4096x1,2x64x1,512x64x1x1
Vcur-5,kernel_add_row,0.003900,8192x0x0,64x0x0,512x64x1x1
cache_k_l5 (view),kernel_set_rows_f16_i64,0.005600,32768x1x1,512x1x1,512x4096x1x1
cache_v_l5 (view),kernel_set_rows_f16_i64,0.004700,32768x1x1,512x1x1,512x4096x1x1
__fattn__-5,flash_attn_f32_f16,10.546500,64x28x0,32x1x0,128x28x64x1
ffn_inp-5,kernel_add,0.036900,4096x1x1,64x1x1,3584x64x1x1
ffn_norm-5,kernel_rms_norm_mul,0.027000,65536x1x1,1024x1x1,3584x64x1x1
ffn_swiglu-5,kernel_swiglu,0.209200,32768x1x1,512x1x1,18944x64x1x1
ffn_out-5,kernel_mul_mv_q6_K_f32,132.414597,3584x4096x1,2x64x1,3584x64x1x1
l_out-5,kernel_add,0.033200,4096x1x1,64x1x1,3584x64x1x1
attn_norm-6,kernel_rms_norm_mul,0.026200,65536x1x1,1024x1x1,3584x64x1x1
Qcur-6,kernel_add_row,0.023700,57344x0x0,64x0x0,3584x64x1x1
Qcur-6,kernel_rope_neox_f32,0.022900,1792x64x1,64x1x1,128x28x64x1
Kcur-6,kernel_add_row,0.006700,8192x0x0,64x0x0,512x64x1x1
Kcur-6,kernel_rope_neox_f32,0.004200,256x64x1,64x1x1,128x4x64x1
Vcur-6,kernel_add_row,0.005800,8192x0x0,64x0x0,512x64x1x1
cache_k_l6 (view),kernel_set_rows_f16_i64,0.005600,32768x1x1,512x1x1,512x4096x1x1
cache_v_l6 (view),kernel_set_rows_f16_i64,0.004900,32768x1x1,512x1x1,512x4096x1x1
__fattn__-6,flash_attn_f32_f16,10.534000,64x28x0,32x1x0,128x28x64x1
ffn_inp-6,kernel_add,0.038300,4096x1x1,64x1x1,3584x64x1x1
ffn_norm-6,kernel_rms_norm_mul,0.027900,65536x1x1,1024x1x1,3584x64x1x1
l_out-6,kernel_add,0.036100,4096x1x1,64x1x1,3584x64x1x1
attn_norm-7,kernel_rms_norm_mul,0.025800,65536x1x1,1024x1x1,3584x64x1x1
Qcur-7,kernel_add_row,0.020200,57344x0x0,64x0x0,3584x64x1x1
Qcur-7,kernel_rope_neox_f32,0.021700,1792x64x1,64x1x1,128x28x64x1
Kcur-7,kernel_add_row,0.006500,8192x0x0,64x0x0,512x64x1x1
Kcur-7,kernel_rope_neox_f32,0.004300,256x64x1,64x1x1,128x4x64x1
Vcur-7,kernel_add_row,0.005900,8192x0x0,64x0x0,512x64x1x1
cache_k_l7 (view),kernel_set_rows_f16_i64,0.005700,32768x1x1,512x1x1,512x4096x1x1
cache_v_l7 (view),kernel_set_rows_f16_i64,0.004600,32768x1x1,512x1x1,512x4096x1x1
__fattn__-7,flash_attn_f32_f16,10.333900,64x28x0,32x1x0,128x28x64x1
ffn_inp-7,kernel_add,0.039200,4096x1x1,64x1x1,3584x64x1x1
ffn_norm-7,kernel_rms_norm_mul,0.027300,65536x1x1,1024x1x1,3584x64x1x1
l_out-7,kernel_add,0.036600,4096x1x1,64x1x1,3584x64x1x1
attn_norm-8,kernel_rms_norm_mul,0.027900,65536x1x1,1024x1x1,3584x64x1x1
Qcur-8,kernel_add_row,0.019200,57344x0x0,64x0x0,3584x64x1x1
Qcur-8,kernel_rope_neox_f32,0.021000,1792x64x1,64x1x1,128x28x64x1
Kcur-8,kernel_add_row,0.006500,8192x0x0,64x0x0,512x64x1x1
Kcur-8,kernel_rope_neox_f32,0.004000,256x64x1,64x1x1,128x4x64x1
node_284,kernel_mul_mv_q6_K_f32,3.771700,512x4096x1,2x64x1,512x64x1x1
Vcur-8,kernel_add_row,0.003800,8192x0x0,64x0x0,512x64x1x1
cache_k_l8 (view),kernel_set_rows_f16_i64,0.005600,32768x1x1,512x1x1,512x4096x1x1
cache_v_l8 (view),kernel_set_rows_f16_i64,0.004500,32768x1x1,512x1x1,512x4096x1x1
__fattn__-8,flash_attn_f32_f16,10.524800,64x28x0,32x1x0,128x28x64x1
ffn_inp-8,kernel_add,0.035400,4096x1x1,64x1x1,3584x64x1x1
ffn_norm-8,kernel_rms_norm_mul,0.026100,65536x1x1,1024x1x1,3584x64x1x1
ffn_swiglu-8,kernel_swiglu,0.206800,32768x1x1,512x1x1,18944x64x1x1
ffn_out-8,kernel_mul_mv_q6_K_f32,132.963394,3584x4096x1,2x64x1,3584x64x1x1
l_out-8,kernel_add,0.034900,4096x1x1,64x1x1,3584x64x1x1
attn_norm-9,kernel_rms_norm_mul,0.026300,65536x1x1,1024x1x1,3584x64x1x1
Qcur-9,kernel_add_row,0.023200,57344x0x0,64x0x0,3584x64x1x1
Qcur-9,kernel_rope_neox_f32,0.023100,1792x64x1,64x1x1,128x28x64x1
Kcur-9,kernel_add_row,0.006500,8192x0x0,64x0x0,512x64x1x1
Kcur-9,kernel_rope_neox_f32,0.004100,256x64x1,64x1x1,128x4x64x1
Vcur-9,kernel_add_row,0.006000,8192x0x0,64x0x0,512x64x1x1
cache_k_l9 (view),kernel_set_rows_f16_i64,0.005900,32768x1x1,512x1x1,512x4096x1x1
cache_v_l9 (view),kernel_set_rows_f16_i64,0.004500,32768x1x1,512x1x1,512x4096x1x1
__fattn__-9,flash_attn_f32_f16,10.492800,64x28x0,32x1x0,128x28x64x1
ffn_inp-9,kernel_add,0.037000,4096x1x1,64x1x1,3584x64x1x1
ffn_norm-9,kernel_rms_norm_mul,0.029000,65536x1x1,1024x1x1,3584x64x1x1
l_out-9,kernel_add,0.035600,4096x1x1,64x1x1,3584x64x1x1
attn_norm-10,kernel_rms_norm_mul,0.027300,65536x1x1,1024x1x1,3584x64x1x1
Qcur-10,kernel_add_row,0.019200,57344x0x0,64x0x0,3584x64x1x1
Qcur-10,kernel_rope_neox_f32,0.020100,1792x64x1,64x1x1,128x28x64x1
Kcur-10,kernel_add_row,0.006600,8192x0x0,64x0x0,512x64x1x1
Kcur-10,kernel_rope_neox_f32,0.004100,256x64x1,64x1x1,128x4x64x1
Vcur-10,kernel_add_row,0.003900,8192x0x0,64x0x0,512x64x1x1
cache_k_l10 (view),kernel_set_rows_f16_i64,0.005400,32768x1x1,512x1x1,512x4096x1x1
cache_v_l10 (view),kernel_set_rows_f16_i64,0.004500,32768x1x1,512x1x1,512x4096x1x1
__fattn__-10,flash_attn_f32_f16,10.333900,64x28x0,32x1x0,128x28x64x1
ffn_inp-10,kernel_add,0.036200,4096x1x1,64x1x1,3584x64x1x1
ffn_norm-10,kernel_rms_norm_mul,0.025200,65536x1x1,1024x1x1,3584x64x1x1
l_out-10,kernel_add,0.035400,4096x1x1,64x1x1,3584x64x1x1
attn_norm-11,kernel_rms_norm_mul,0.027400,65536x1x1,1024x1x1,3584x64x1x1
Qcur-11,kernel_add_row,0.019400,57344x0x0,64x0x0,3584x64x1x1
Qcur-11,kernel_rope_neox_f32,0.020500,1792x64x1,64x1x1,128x28x64x1
Kcur-11,kernel_add_row,0.004200,8192x0x0,64x0x0,512x64x1x1
Kcur-11,kernel_rope_neox_f32,0.004200,256x64x1,64x1x1,128x4x64x1
node_386,kernel_mul_mv_q6_K_f32,3.773700,512x4096x1,2x64x1,512x64x1x1
Vcur-11,kernel_add_row,0.003700,8192x0x0,64x0x0,512x64x1x1
cache_k_l11 (view),kernel_set_rows_f16_i64,0.005700,32768x1x1,512x1x1,512x4096x1x1
cache_v_l11 (view),kernel_set_rows_f16_i64,0.004700,32768x1x1,512x1x1,512x4096x1x1
__fattn__-11,flash_attn_f32_f16,10.353600,64x28x0,32x1x0,128x28x64x1
ffn_inp-11,kernel_add,0.035400,4096x1x1,64x1x1,3584x64x1x1
ffn_norm-11,kernel_rms_norm_mul,0.024700,65536x1x1,1024x1x1,3584x64x1x1
ffn_swiglu-11,kernel_swiglu,0.209500,32768x1x1,512x1x1,18944x64x1x1
ffn_out-11,kernel_mul_mv_q6_K_f32,132.964996,3584x4096x1,2x64x1,3584x64x1x1
l_out-11,kernel_add,0.033300,4096x1x1,64x1x1,3584x64x1x1
attn_norm-12,kernel_rms_norm_mul,0.026800,65536x1x1,1024x1x1,3584x64x1x1
Qcur-12,kernel_add_row,0.022700,57344x0x0,64x0x0,3584x64x1x1
Qcur-12,kernel_rope_neox_f32,0.022600,1792x64x1,64x1x1,128x28x64x1
Kcur-12,kernel_add_row,0.006500,8192x0x0,64x0x0,512x64x1x1
Kcur-12,kernel_rope_neox_f32,0.004200,256x64x1,64x1x1,128x4x64x1
Vcur-12,kernel_add_row,0.005900,8192x0x0,64x0x0,512x64x1x1
cache_k_l12 (view),kernel_set_rows_f16_i64,0.005400,32768x1x1,512x1x1,512x4096x1x1
cache_v_l12 (view),kernel_set_rows_f16_i64,0.004700,32768x1x1,512x1x1,512x4096x1x1
__fattn__-12,flash_attn_f32_f16,10.337800,64x28x0,32x1x0,128x28x64x1
ffn_inp-12,kernel_add,0.037600,4096x1x1,64x1x1,3584x64x1x1
ffn_norm-12,kernel_rms_norm_mul,0.026600,65536x1x1,1024x1x1,3584x64x1x1
l_out-12,kernel_add,0.035200,4096x1x1,64x1x1,3584x64x1x1
attn_norm-13,kernel_rms_norm_mul,0.027000,65536x1x1,1024x1x1,3584x64x1x1
Qcur-13,kernel_add_row,0.025300,57344x0x0,64x0x0,3584x64x1x1
Qcur-13,kernel_rope_neox_f32,0.023500,1792x64x1,64x1x1,128x28x64x1
Kcur-13,kernel_add_row,0.006500,8192x0x0,64x0x0,512x64x1x1
Kcur-13,kernel_rope_neox_f32,0.004200,256x64x1,64x1x1,128x4x64x1
Vcur-13,kernel_add_row,0.006100,8192x0x0,64x0x0,512x64x1x1
cache_k_l13 (view),kernel_set_rows_f16_i64,0.005400,32768x1x1,512x1x1,512x4096x1x1
cache_v_l13 (view),kernel_set_rows_f16_i64,0.004700,32768x1x1,512x1x1,512x4096x1x1
__fattn__-13,flash_attn_f32_f16,10.322000,64x28x0,32x1x0,128x28x64x1
ffn_inp-13,kernel_add,0.037300,4096x1x1,64x1x1,3584x64x1x1
ffn_norm-13,kernel_rms_norm_mul,0.025800,65536x1x1,1024x1x1,3584x64x1x1
l_out-13,kernel_add,0.035000,4096x1x1,64x1x1,3584x64x1x1
attn_norm-14,kernel_rms_norm_mul,0.027400,65536x1x1,1024x1x1,3584x64x1x1
Qcur-14,kernel_add_row,0.020300,57344x0x0,64x0x0,3584x64x1x1
Qcur-14,kernel_rope_neox_f32,0.019300,1792x64x1,64x1x1,128x28x64x1
Kcur-14,kernel_add_row,0.006100,8192x0x0,64x0x0,512x64x1x1
Kcur-14,kernel_rope_neox_f32,0.004200,256x64x1,64x1x1,128x4x64x1
node_488,kernel_mul_mv_q6_K_f32,3.771000,512x4096x1,2x64x1,512x64x1x1
Vcur-14,kernel_add_row,0.003800,8192x0x0,64x0x0,512x64x1x1
cache_k_l14 (view),kernel_set_rows_f16_i64,0.005600,32768x1x1,512x1x1,512x4096x1x1
cache_v_l14 (view),kernel_set_rows_f16_i64,0.004600,32768x1x1,512x1x1,512x4096x1x1
__fattn__-14,flash_attn_f32_f16,10.546400,64x28x0,32x1x0,128x28x64x1
ffn_inp-14,kernel_add,0.034900,4096x1x1,64x1x1,3584x64x1x1
ffn_norm-14,kernel_rms_norm_mul,0.024600,65536x1x1,1024x1x1,3584x64x1x1
ffn_swiglu-14,kernel_swiglu,0.206400,32768x1x1,512x1x1,18944x64x1x1
ffn_out-14,kernel_mul_mv_q6_K_f32,132.446701,3584x4096x1,2x64x1,3584x64x1x1
l_out-14,kernel_add,0.033300,4096x1x1,64x1x1,3584x64x1x1
attn_norm-15,kernel_rms_norm_mul,0.026100,65536x1x1,1024x1x1,3584x64x1x1
Qcur-15,kernel_add_row,0.060700,57344x0x0,64x0x0,3584x64x1x1
Qcur-15,kernel_rope_neox_f32,0.023400,1792x64x1,64x1x1,128x28x64x1
Kcur-15,kernel_add_row,0.006600,8192x0x0,64x0x0,512x64x1x1
Kcur-15,kernel_rope_neox_f32,0.004200,256x64x1,64x1x1,128x4x64x1
Vcur-15,kernel_add_row,0.003800,8192x0x0,64x0x0,512x64x1x1
cache_k_l15 (view),kernel_set_rows_f16_i64,0.005900,32768x1x1,512x1x1,512x4096x1x1
cache_v_l15 (view),kernel_set_rows_f16_i64,0.004500,32768x1x1,512x1x1,512x4096x1x1
__fattn__-15,flash_attn_f32_f16,10.671000,64x28x0,32x1x0,128x28x64x1
ffn_inp-15,kernel_add,0.037500,4096x1x1,64x1x1,3584x64x1x1
ffn_norm-15,kernel_rms_norm_mul,0.026100,65536x1x1,1024x1x1,3584x64x1x1
l_out-15,kernel_add,0.035700,4096x1x1,64x1x1,3584x64x1x1
attn_norm-16,kernel_rms_norm_mul,0.025800,65536x1x1,1024x1x1,3584x64x1x1
Qcur-16,kernel_add_row,0.019200,57344x0x0,64x0x0,3584x64x1x1
Qcur-16,kernel_rope_neox_f32,0.021200,1792x64x1,64x1x1,128x28x64x1
Kcur-16,kernel_add_row,0.006500,8192x0x0,64x0x0,512x64x1x1
Kcur-16,kernel_rope_neox_f32,0.004200,256x64x1,64x1x1,128x4x64x1
Vcur-16,kernel_add_row,0.003800,8192x0x0,64x0x0,512x64x1x1
cache_k_l16 (view),kernel_set_rows_f16_i64,0.005600,32768x1x1,512x1x1,512x4096x1x1
cache_v_l16 (view),kernel_set_rows_f16_i64,0.004600,32768x1x1,512x1x1,512x4096x1x1
__fattn__-16,flash_attn_f32_f16,10.526800,64x28x0,32x1x0,128x28x64x1
ffn_inp-16,kernel_add,0.035800,4096x1x1,64x1x1,3584x64x1x1
ffn_norm-16,kernel_rms_norm_mul,0.025200,65536x1x1,1024x1x1,3584x64x1x1
l_out-16,kernel_add,0.034700,4096x1x1,64x1x1,3584x64x1x1
attn_norm-17,kernel_rms_norm_mul,0.026800,65536x1x1,1024x1x1,3584x64x1x1
Qcur-17,kernel_add_row,0.019100,57344x0x0,64x0x0,3584x64x1x1
Qcur-17,kernel_rope_neox_f32,0.019500,1792x64x1,64x1x1,128x28x64x1
Kcur-17,kernel_add_row,0.004200,8192x0x0,64x0x0,512x64x1x1
Kcur-17,kernel_rope_neox_f32,0.004000,256x64x1,64x1x1,128x4x64x1
node_590,kernel_mul_mv_q6_K_f32,3.770800,512x4096x1,2x64x1,512x64x1x1
Vcur-17,kernel_add_row,0.003800,8192x0x0,64x0x0,512x64x1x1
cache_k_l17 (view),kernel_set_rows_f16_i64,0.005500,32768x1x1,512x1x1,512x4096x1x1
cache_v_l17 (view),kernel_set_rows_f16_i64,0.004700,32768x1x1,512x1x1,512x4096x1x1
__fattn__-17,flash_attn_f32_f16,10.358700,64x28x0,32x1x0,128x28x64x1
ffn_inp-17,kernel_add,0.035100,4096x1x1,64x1x1,3584x64x1x1
ffn_norm-17,kernel_rms_norm_mul,0.025000,65536x1x1,1024x1x1,3584x64x1x1
ffn_swiglu-17,kernel_swiglu,0.210300,32768x1x1,512x1x1,18944x64x1x1
ffn_out-17,kernel_mul_mv_q6_K_f32,132.072601,3584x4096x1,2x64x1,3584x64x1x1
l_out-17,kernel_add,0.033600,4096x1x1,64x1x1,3584x64x1x1
attn_norm-18,kernel_rms_norm_mul,0.026400,65536x1x1,1024x1x1,3584x64x1x1
Qcur-18,kernel_add_row,0.075400,57344x0x0,64x0x0,3584x64x1x1
Qcur-18,kernel_rope_neox_f32,0.027200,1792x64x1,64x1x1,128x28x64x1
Kcur-18,kernel_add_row,0.006500,8192x0x0,64x0x0,512x64x1x1
Kcur-18,kernel_rope_neox_f32,0.004200,256x64x1,64x1x1,128x4x64x1
Vcur-18,kernel_add_row,0.005800,8192x0x0,64x0x0,512x64x1x1
cache_k_l18 (view),kernel_set_rows_f16_i64,0.005700,32768x1x1,512x1x1,512x4096x1x1
cache_v_l18 (view),kernel_set_rows_f16_i64,0.004900,32768x1x1,512x1x1,512x4096x1x1
__fattn__-18,flash_attn_f32_f16,10.565800,64x28x0,32x1x0,128x28x64x1
ffn_inp-18,kernel_add,0.035800,4096x1x1,64x1x1,3584x64x1x1
ffn_norm-18,kernel_rms_norm_mul,0.025200,65536x1x1,1024x1x1,3584x64x1x1
l_out-18,kernel_add,0.035300,4096x1x1,64x1x1,3584x64x1x1
attn_norm-19,kernel_rms_norm_mul,0.028100,65536x1x1,1024x1x1,3584x64x1x1
Qcur-19,kernel_add_row,0.019800,57344x0x0,64x0x0,3584x64x1x1
Qcur-19,kernel_rope_neox_f32,0.021200,1792x64x1,64x1x1,128x28x64x1
Kcur-19,kernel_add_row,0.006400,8192x0x0,64x0x0,512x64x1x1
Kcur-19,kernel_rope_neox_f32,0.004100,256x64x1,64x1x1,128x4x64x1
Vcur-19,kernel_add_row,0.003900,8192x0x0,64x0x0,512x64x1x1
cache_k_l19 (view),kernel_set_rows_f16_i64,0.005600,32768x1x1,512x1x1,512x4096x1x1
cache_v_l19 (view),kernel_set_rows_f16_i64,0.004600,32768x1x1,512x1x1,512x4096x1x1
__fattn__-19,flash_attn_f32_f16,10.332500,64x28x0,32x1x0,128x28x64x1
ffn_inp-19,kernel_add,0.036100,4096x1x1,64x1x1,3584x64x1x1
ffn_norm-19,kernel_rms_norm_mul,0.025400,65536x1x1,1024x1x1,3584x64x1x1
l_out-19,kernel_add,0.034700,4096x1x1,64x1x1,3584x64x1x1
attn_norm-20,kernel_rms_norm_mul,0.027700,65536x1x1,1024x1x1,3584x64x1x1
Qcur-20,kernel_add_row,0.019200,57344x0x0,64x0x0,3584x64x1x1
Qcur-20,kernel_rope_neox_f32,0.019600,1792x64x1,64x1x1,128x28x64x1
Kcur-20,kernel_add_row,0.004000,8192x0x0,64x0x0,512x64x1x1
Kcur-20,kernel_rope_neox_f32,0.004100,256x64x1,64x1x1,128x4x64x1
node_692,kernel_mul_mv_q6_K_f32,3.769100,512x4096x1,2x64x1,512x64x1x1
Vcur-20,kernel_add_row,0.003900,8192x0x0,64x0x0,512x64x1x1
cache_k_l20 (view),kernel_set_rows_f16_i64,0.005500,32768x1x1,512x1x1,512x4096x1x1
cache_v_l20 (view),kernel_set_rows_f16_i64,0.004500,32768x1x1,512x1x1,512x4096x1x1
__fattn__-20,flash_attn_f32_f16,10.341300,64x28x0,32x1x0,128x28x64x1
ffn_inp-20,kernel_add,0.035800,4096x1x1,64x1x1,3584x64x1x1
ffn_norm-20,kernel_rms_norm_mul,0.025500,65536x1x1,1024x1x1,3584x64x1x1
ffn_swiglu-20,kernel_swiglu,0.205300,32768x1x1,512x1x1,18944x64x1x1
ffn_out-20,kernel_mul_mv_q6_K_f32,132.190002,3584x4096x1,2x64x1,3584x64x1x1
l_out-20,kernel_add,0.033300,4096x1x1,64x1x1,3584x64x1x1
attn_norm-21,kernel_rms_norm_mul,0.026700,65536x1x1,1024x1x1,3584x64x1x1
Qcur-21,kernel_add_row,0.075900,57344x0x0,64x0x0,3584x64x1x1
Qcur-21,kernel_rope_neox_f32,0.027100,1792x64x1,64x1x1,128x28x64x1
Kcur-21,kernel_add_row,0.006600,8192x0x0,64x0x0,512x64x1x1
Kcur-21,kernel_rope_neox_f32,0.004200,256x64x1,64x1x1,128x4x64x1
Vcur-21,kernel_add_row,0.006000,8192x0x0,64x0x0,512x64x1x1
cache_k_l21 (view),kernel_set_rows_f16_i64,0.005600,32768x1x1,512x1x1,512x4096x1x1
cache_v_l21 (view),kernel_set_rows_f16_i64,0.004700,32768x1x1,512x1x1,512x4096x1x1
__fattn__-21,flash_attn_f32_f16,10.312200,64x28x0,32x1x0,128x28x64x1
ffn_inp-21,kernel_add,0.035800,4096x1x1,64x1x1,3584x64x1x1
ffn_norm-21,kernel_rms_norm_mul,0.025100,65536x1x1,1024x1x1,3584x64x1x1
l_out-21,kernel_add,0.036000,4096x1x1,64x1x1,3584x64x1x1
attn_norm-22,kernel_rms_norm_mul,0.027900,65536x1x1,1024x1x1,3584x64x1x1
Qcur-22,kernel_add_row,0.019500,57344x0x0,64x0x0,3584x64x1x1
Qcur-22,kernel_rope_neox_f32,0.020900,1792x64x1,64x1x1,128x28x64x1
Kcur-22,kernel_add_row,0.006500,8192x0x0,64x0x0,512x64x1x1
Kcur-22,kernel_rope_neox_f32,0.004100,256x64x1,64x1x1,128x4x64x1
Vcur-22,kernel_add_row,0.003900,8192x0x0,64x0x0,512x64x1x1
cache_k_l22 (view),kernel_set_rows_f16_i64,0.005400,32768x1x1,512x1x1,512x4096x1x1
cache_v_l22 (view),kernel_set_rows_f16_i64,0.004600,32768x1x1,512x1x1,512x4096x1x1
__fattn__-22,flash_attn_f32_f16,10.535800,64x28x0,32x1x0,128x28x64x1
ffn_inp-22,kernel_add,0.035900,4096x1x1,64x1x1,3584x64x1x1
ffn_norm-22,kernel_rms_norm_mul,0.025700,65536x1x1,1024x1x1,3584x64x1x1
l_out-22,kernel_add,0.035200,4096x1x1,64x1x1,3584x64x1x1
attn_norm-23,kernel_rms_norm_mul,0.026300,65536x1x1,1024x1x1,3584x64x1x1
Qcur-23,kernel_add_row,0.019400,57344x0x0,64x0x0,3584x64x1x1
Qcur-23,kernel_rope_neox_f32,0.019300,1792x64x1,64x1x1,128x28x64x1
Kcur-23,kernel_add_row,0.004000,8192x0x0,64x0x0,512x64x1x1
Kcur-23,kernel_rope_neox_f32,0.004100,256x64x1,64x1x1,128x4x64x1
node_794,kernel_mul_mv_q6_K_f32,3.772100,512x4096x1,2x64x1,512x64x1x1
Vcur-23,kernel_add_row,0.003900,8192x0x0,64x0x0,512x64x1x1
cache_k_l23 (view),kernel_set_rows_f16_i64,0.005700,32768x1x1,512x1x1,512x4096x1x1
cache_v_l23 (view),kernel_set_rows_f16_i64,0.004500,32768x1x1,512x1x1,512x4096x1x1
__fattn__-23,flash_attn_f32_f16,10.528700,64x28x0,32x1x0,128x28x64x1
ffn_inp-23,kernel_add,0.034600,4096x1x1,64x1x1,3584x64x1x1
ffn_norm-23,kernel_rms_norm_mul,0.024600,65536x1x1,1024x1x1,3584x64x1x1
ffn_swiglu-23,kernel_swiglu,0.206300,32768x1x1,512x1x1,18944x64x1x1
ffn_out-23,kernel_mul_mv_q6_K_f32,132.213898,3584x4096x1,2x64x1,3584x64x1x1
l_out-23,kernel_add,0.033600,4096x1x1,64x1x1,3584x64x1x1
attn_norm-24,kernel_rms_norm_mul,0.026000,65536x1x1,1024x1x1,3584x64x1x1
Qcur-24,kernel_add_row,0.061000,57344x0x0,64x0x0,3584x64x1x1
Qcur-24,kernel_rope_neox_f32,0.021800,1792x64x1,64x1x1,128x28x64x1
Kcur-24,kernel_add_row,0.006200,8192x0x0,64x0x0,512x64x1x1
Kcur-24,kernel_rope_neox_f32,0.004100,256x64x1,64x1x1,128x4x64x1
node_828,kernel_mul_mv_q6_K_f32,3.769500,512x4096x1,2x64x1,512x64x1x1
Vcur-24,kernel_add_row,0.003800,8192x0x0,64x0x0,512x64x1x1
cache_k_l24 (view),kernel_set_rows_f16_i64,0.005600,32768x1x1,512x1x1,512x4096x1x1
cache_v_l24 (view),kernel_set_rows_f16_i64,0.004600,32768x1x1,512x1x1,512x4096x1x1
__fattn__-24,flash_attn_f32_f16,10.540700,64x28x0,32x1x0,128x28x64x1
ffn_inp-24,kernel_add,0.036400,4096x1x1,64x1x1,3584x64x1x1
ffn_norm-24,kernel_rms_norm_mul,0.025400,65536x1x1,1024x1x1,3584x64x1x1
ffn_swiglu-24,kernel_swiglu,0.204300,32768x1x1,512x1x1,18944x64x1x1
ffn_out-24,kernel_mul_mv_q6_K_f32,133.061295,3584x4096x1,2x64x1,3584x64x1x1
l_out-24,kernel_add,0.035400,4096x1x1,64x1x1,3584x64x1x1
attn_norm-25,kernel_rms_norm_mul,0.025400,65536x1x1,1024x1x1,3584x64x1x1
Qcur-25,kernel_add_row,0.020500,57344x0x0,64x0x0,3584x64x1x1
Qcur-25,kernel_rope_neox_f32,0.020300,1792x64x1,64x1x1,128x28x64x1
Kcur-25,kernel_add_row,0.006100,8192x0x0,64x0x0,512x64x1x1
Kcur-25,kernel_rope_neox_f32,0.004100,256x64x1,64x1x1,128x4x64x1
node_862,kernel_mul_mv_q6_K_f32,3.769300,512x4096x1,2x64x1,512x64x1x1
Vcur-25,kernel_add_row,0.003800,8192x0x0,64x0x0,512x64x1x1
cache_k_l25 (view),kernel_set_rows_f16_i64,0.005900,32768x1x1,512x1x1,512x4096x1x1
cache_v_l25 (view),kernel_set_rows_f16_i64,0.004600,32768x1x1,512x1x1,512x4096x1x1
__fattn__-25,flash_attn_f32_f16,10.639100,64x28x0,32x1x0,128x28x64x1
ffn_inp-25,kernel_add,0.036200,4096x1x1,64x1x1,3584x64x1x1
ffn_norm-25,kernel_rms_norm_mul,0.025000,65536x1x1,1024x1x1,3584x64x1x1
ffn_swiglu-25,kernel_swiglu,0.205600,32768x1x1,512x1x1,18944x64x1x1
ffn_out-25,kernel_mul_mv_q6_K_f32,132.273911,3584x4096x1,2x64x1,3584x64x1x1
l_out-25,kernel_add,0.033900,4096x1x1,64x1x1,3584x64x1x1
attn_norm-26,kernel_rms_norm_mul,0.025300,65536x1x1,1024x1x1,3584x64x1x1
Qcur-26,kernel_add_row,0.060500,57344x0x0,64x0x0,3584x64x1x1
Qcur-26,kernel_rope_neox_f32,0.021900,1792x64x1,64x1x1,128x28x64x1
Kcur-26,kernel_add_row,0.004100,8192x0x0,64x0x0,512x64x1x1
Kcur-26,kernel_rope_neox_f32,0.004100,256x64x1,64x1x1,128x4x64x1
node_896,kernel_mul_mv_q6_K_f32,3.768900,512x4096x1,2x64x1,512x64x1x1
Vcur-26,kernel_add_row,0.003500,8192x0x0,64x0x0,512x64x1x1
cache_k_l26 (view),kernel_set_rows_f16_i64,0.005500,32768x1x1,512x1x1,512x4096x1x1
cache_v_l26 (view),kernel_set_rows_f16_i64,0.004600,32768x1x1,512x1x1,512x4096x1x1
__fattn__-26,flash_attn_f32_f16,10.547300,64x28x0,32x1x0,128x28x64x1
ffn_inp-26,kernel_add,0.036600,4096x1x1,64x1x1,3584x64x1x1
ffn_norm-26,kernel_rms_norm_mul,0.025200,65536x1x1,1024x1x1,3584x64x1x1
ffn_swiglu-26,kernel_swiglu,0.205900,32768x1x1,512x1x1,18944x64x1x1
ffn_out-26,kernel_mul_mv_q6_K_f32,134.552399,3584x4096x1,2x64x1,3584x64x1x1
l_out-26,kernel_add,0.033500,4096x1x1,64x1x1,3584x64x1x1
attn_norm-27,kernel_rms_norm_mul,0.026100,65536x1x1,1024x1x1,3584x64x1x1
Qcur-27,kernel_add_row,0.060500,57344x0x0,64x0x0,3584x64x1x1
Qcur-27,kernel_rope_neox_f32,0.020600,1792x64x1,64x1x1,128x28x64x1
Kcur-27,kernel_add_row,0.006100,8192x0x0,64x0x0,512x64x1x1
Kcur-27,kernel_rope_neox_f32,0.004300,256x64x1,64x1x1,128x4x64x1
node_930,kernel_mul_mv_q6_K_f32,3.769900,512x4096x1,2x64x1,512x64x1x1
Vcur-27,kernel_add_row,0.003700,8192x0x0,64x0x0,512x64x1x1
cache_k_l27 (view),kernel_set_rows_f16_i64,0.005400,32768x1x1,512x1x1,512x4096x1x1
cache_v_l27 (view),kernel_set_rows_f16_i64,0.004600,32768x1x1,512x1x1,512x4096x1x1
__fattn__-27,flash_attn_f32_f16,10.341500,64x28x0,32x1x0,128x28x64x1
attn_norm-0,kernel_rms_norm_mul,0.028500,65536x1x1,1024x1x1,3584x64x1x1
Qcur-0,kernel_add_row,0.019200,57344x0x0,64x0x0,3584x64x1x1
Qcur-0,kernel_rope_neox_f32,0.020400,1792x64x1,64x1x1,128x28x64x1
Kcur-0,kernel_add_row,0.004000,8192x0x0,64x0x0,512x64x1x1
Kcur-0,kernel_rope_neox_f32,0.004200,256x64x1,64x1x1,128x4x64x1
node_11,kernel_mul_mv_q6_K_f32,3.769100,512x4096x1,2x64x1,512x64x1x1
Vcur-0,kernel_add_row,0.003900,8192x0x0,64x0x0,512x64x1x1
cache_k_l0 (view),kernel_set_rows_f16_i64,0.005200,32768x1x1,512x1x1,512x4096x1x1
cache_v_l0 (view),kernel_set_rows_f16_i64,0.004600,32768x1x1,512x1x1,512x4096x1x1
 (copy),kernel_cpy_f32_f16,0.005100,4096x1x1,64x1x1,512x64x1x1
__fattn__-0,flash_attn_f32_f16,10.334200,64x28x0,32x1x0,128x28x64x1
ffn_inp-0,kernel_add,0.037300,4096x1x1,64x1x1,3584x64x1x1
ffn_norm-0,kernel_rms_norm_mul,0.025200,65536x1x1,1024x1x1,3584x64x1x1
ffn_swiglu-0,kernel_swiglu,0.207400,32768x1x1,512x1x1,18944x64x1x1
ffn_out-0,kernel_mul_mv_q6_K_f32,132.154297,3584x4096x1,2x64x1,3584x64x1x1
l_out-0,kernel_add,0.033700,4096x1x1,64x1x1,3584x64x1x1
attn_norm-1,kernel_rms_norm_mul,0.027300,65536x1x1,1024x1x1,3584x64x1x1
Qcur-1,kernel_add_row,0.060200,57344x0x0,64x0x0,3584x64x1x1
Qcur-1,kernel_rope_neox_f32,0.019500,1792x64x1,64x1x1,128x28x64x1
Kcur-1,kernel_add_row,0.006100,8192x0x0,64x0x0,512x64x1x1
Kcur-1,kernel_rope_neox_f32,0.004400,256x64x1,64x1x1,128x4x64x1
node_46,kernel_mul_mv_q6_K_f32,3.770300,512x4096x1,2x64x1,512x64x1x1
Vcur-1,kernel_add_row,0.003800,8192x0x0,64x0x0,512x64x1x1
cache_k_l1 (view),kernel_set_rows_f16_i64,0.005700,32768x1x1,512x1x1,512x4096x1x1
cache_v_l1 (view),kernel_set_rows_f16_i64,0.004500,32768x1x1,512x1x1,512x4096x1x1
__fattn__-1,flash_attn_f32_f16,10.304700,64x28x0,32x1x0,128x28x64x1
ffn_inp-1,kernel_add,0.035600,4096x1x1,64x1x1,3584x64x1x1
ffn_norm-1,kernel_rms_norm_mul,0.024700,65536x1x1,1024x1x1,3584x64x1x1
ffn_swiglu-1,kernel_swiglu,0.206400,32768x1x1,512x1x1,18944x64x1x1
ffn_out-1,kernel_mul_mv_q6_K_f32,132.997696,3584x4096x1,2x64x1,3584x64x1x1
l_out-1,kernel_add,0.034400,4096x1x1,64x1x1,3584x64x1x1
attn_norm-2,kernel_rms_norm_mul,0.026100,65536x1x1,1024x1x1,3584x64x1x1
Qcur-2,kernel_add_row,0.019700,57344x0x0,64x0x0,3584x64x1x1
Qcur-2,kernel_rope_neox_f32,0.020300,1792x64x1,64x1x1,128x28x64x1
Kcur-2,kernel_add_row,0.006100,8192x0x0,64x0x0,512x64x1x1
Kcur-2,kernel_rope_neox_f32,0.004200,256x64x1,64x1x1,128x4x64x1
node_80,kernel_mul_mv_q6_K_f32,3.774000,512x4096x1,2x64x1,512x64x1x1
Vcur-2,kernel_add_row,0.003700,8192x0x0,64x0x0,512x64x1x1
cache_k_l2 (view),kernel_set_rows_f16_i64,0.005700,32768x1x1,512x1x1,512x4096x1x1
cache_v_l2 (view),kernel_set_rows_f16_i64,0.004800,32768x1x1,512x1x1,512x4096x1x1
__fattn__-2,flash_attn_f32_f16,10.539000,64x28x0,32x1x0,128x28x64x1
ffn_inp-2,kernel_add,0.034400,4096x1x1,64x1x1,3584x64x1x1
ffn_norm-2,kernel_rms_norm_mul,0.024000,65536x1x1,1024x1x1,3584x64x1x1
ffn_swiglu-2,kernel_swiglu,0.204600,32768x1x1,512x1x1,18944x64x1x1
ffn_out-2,kernel_mul_mv_q6_K_f32,132.532394,3584x4096x1,2x64x1,3584x64x1x1
l_out-2,kernel_add,0.034000,4096x1x1,64x1x1,3584x64x1x1
attn_norm-3,kernel_rms_norm_mul,0.025800,65536x1x1,1024x1x1,3584x64x1x1
Qcur-3,kernel_add_row,0.059200,57344x0x0,64x0x0,3584x64x1x1
Qcur-3,kernel_rope_neox_f32,0.022600,1792x64x1,64x1x1,128x28x64x1
Kcur-3,kernel_add_row,0.006500,8192x0x0,64x0x0,512x64x1x1
Kcur-3,kernel_rope_neox_f32,0.004100,256x64x1,64x1x1,128x4x64x1
Vcur-3,kernel_add_row,0.003900,8192x0x0,64x0x0,512x64x1x1
cache_k_l3 (view),kernel_set_rows_f16_i64,0.005600,32768x1x1,512x1x1,512x4096x1x1
cache_v_l3 (view),kernel_set_rows_f16_i64,0.004600,32768x1x1,512x1x1,512x4096x1x1
__fattn__-3,flash_attn_f32_f16,10.540400,64x28x0,32x1x0,128x28x64x1
ffn_inp-3,kernel_add,0.036200,4096x1x1,64x1x1,3584x64x1x1
ffn_norm-3,kernel_rms_norm_mul,0.025100,65536x1x1,1024x1x1,3584x64x1x1
l_out-3,kernel_add,0.035500,4096x1x1,64x1x1,3584x64x1x1
attn_norm-4,kernel_rms_norm_mul,0.026700,65536x1x1,1024x1x1,3584x64x1x1
Qcur-4,kernel_add_row,0.019700,57344x0x0,64x0x0,3584x64x1x1
Qcur-4,kernel_rope_neox_f32,0.021100,1792x64x1,64x1x1,128x28x64x1
Kcur-4,kernel_add_row,0.006500,8192x0x0,64x0x0,512x64x1x1
Kcur-4,kernel_rope_neox_f32,0.004100,256x64x1,64x1x1,128x4x64x1
Vcur-4,kernel_add_row,0.003800,8192x0x0,64x0x0,512x64x1x1
cache_k_l4 (view),kernel_set_rows_f16_i64,0.005400,32768x1x1,512x1x1,512x4096x1x1
cache_v_l4 (view),kernel_set_rows_f16_i64,0.004600,32768x1x1,512x1x1,512x4096x1x1
__fattn__-4,flash_attn_f32_f16,10.338600,64x28x0,32x1x0,128x28x64x1
ffn_inp-4,kernel_add,0.036500,4096x1x1,64x1x1,3584x64x1x1
ffn_norm-4,kernel_rms_norm_mul,0.025800,65536x1x1,1024x1x1,3584x64x1x1
l_out-4,kernel_add,0.035100,4096x1x1,64x1x1,3584x64x1x1
attn_norm-5,kernel_rms_norm_mul,0.026700,65536x1x1,1024x1x1,3584x64x1x1
Qcur-5,kernel_add_row,0.019100,57344x0x0,64x0x0,3584x64x1x1
Qcur-5,kernel_rope_neox_f32,0.020400,1792x64x1,64x1x1,128x28x64x1
Kcur-5,kernel_add_row,0.004000,8192x0x0,64x0x0,512x64x1x1
Kcur-5,kernel_rope_neox_f32,0.004200,256x64x1,64x1x1,128x4x64x1
node_182,kernel_mul_mv_q6_K_f32,3.769200,512x4096x1,2x64x1,512x64x1x1
Vcur-5,kernel_add_row,0.003800,8192x0x0,64x0x0,512x64x1x1
cache_k_l5 (view),kernel_set_rows_f16_i64,0.005600,32768x1x1,512x1x1,512x4096x1x1
cache_v_l5 (view),kernel_set_rows_f16_i64,0.004500,32768x1x1,512x1x1,512x4096x1x1
__fattn__-5,flash_attn_f32_f16,10.339900,64x28x0,32x1x0,128x28x64x1
ffn_inp-5,kernel_add,0.034900,4096x1x1,64x1x1,3584x64x1x1
ffn_norm-5,kernel_rms_norm_mul,0.025600,65536x1x1,1024x1x1,3584x64x1x1
ffn_swiglu-5,kernel_swiglu,0.206400,32768x1x1,512x1x1,18944x64x1x1
ffn_out-5,kernel_mul_mv_q6_K_f32,132.471497,3584x4096x1,2x64x1,3584x64x1x1
l_out-5,kernel_add,0.034400,4096x1x1,64x1x1,3584x64x1x1
attn_norm-6,kernel_rms_norm_mul,0.026900,65536x1x1,1024x1x1,3584x64x1x1
Qcur-6,kernel_add_row,0.059700,57344x0x0,64x0x0,3584x64x1x1
Qcur-6,kernel_rope_neox_f32,0.021000,1792x64x1,64x1x1,128x28x64x1
Kcur-6,kernel_add_row,0.006900,8192x0x0,64x0x0,512x64x1x1
Kcur-6,kernel_rope_neox_f32,0.004200,256x64x1,64x1x1,128x4x64x1
Vcur-6,kernel_add_row,0.003800,8192x0x0,64x0x0,512x64x1x1
cache_k_l6 (view),kernel_set_rows_f16_i64,0.005500,32768x1x1,512x1x1,512x4096x1x1
cache_v_l6 (view),kernel_set_rows_f16_i64,0.004600,32768x1x1,512x1x1,512x4096x1x1
__fattn__-6,flash_attn_f32_f16,10.348100,64x28x0,32x1x0,128x28x64x1
ffn_inp-6,kernel_add,0.037000,4096x1x1,64x1x1,3584x64x1x1
ffn_norm-6,kernel_rms_norm_mul,0.025400,65536x1x1,1024x1x1,3584x64x1x1
l_out-6,kernel_add,0.036800,4096x1x1,64x1x1,3584x64x1x1
attn_norm-7,kernel_rms_norm_mul,0.026300,65536x1x1,1024x1x1,3584x64x1x1
Qcur-7,kernel_add_row,0.020700,57344x0x0,64x0x0,3584x64x1x1
Qcur-7,kernel_rope_neox_f32,0.022200,1792x64x1,64x1x1,128x28x64x1
Kcur-7,kernel_add_row,0.006500,8192x0x0,64x0x0,512x64x1x1
Kcur-7,kernel_rope_neox_f32,0.004200,256x64x1,64x1x1,128x4x64x1
Vcur-7,kernel_add_row,0.003800,8192x0x0,64x0x0,512x64x1x1
cache_k_l7 (view),kernel_set_rows_f16_i64,0.005500,32768x1x1,512x1x1,512x4096x1x1
cache_v_l7 (view),kernel_set_rows_f16_i64,0.004700,32768x1x1,512x1x1,512x4096x1x1
__fattn__-7,flash_attn_f32_f16,10.522400,64x28x0,32x1x0,128x28x64x1
ffn_inp-7,kernel_add,0.036700,4096x1x1,64x1x1,3584x64x1x1
ffn_norm-7,kernel_rms_norm_mul,0.025200,65536x1x1,1024x1x1,3584x64x1x1
l_out-7,kernel_add,0.035000,4096x1x1,64x1x1,3584x64x1x1
attn_norm-8,kernel_rms_norm_mul,0.026600,65536x1x1,1024x1x1,3584x64x1x1
Qcur-8,kernel_add_row,0.018600,57344x0x0,64x0x0,3584x64x1x1
Qcur-8,kernel_rope_neox_f32,0.019700,1792x64x1,64x1x1,128x28x64x1
Kcur-8,kernel_add_row,0.004200,8192x0x0,64x0x0,512x64x1x1
Kcur-8,kernel_rope_neox_f32,0.004200,256x64x1,64x1x1,128x4x64x1
node_284,kernel_mul_mv_q6_K_f32,3.772400,512x4096x1,2x64x1,512x64x1x1
Vcur-8,kernel_add_row,0.003900,8192x0x0,64x0x0,512x64x1x1
cache_k_l8 (view),kernel_set_rows_f16_i64,0.005600,32768x1x1,512x1x1,512x4096x1x1
cache_v_l8 (view),kernel_set_rows_f16_i64,0.004500,32768x1x1,512x1x1,512x4096x1x1
__fattn__-8,flash_attn_f32_f16,10.339800,64x28x0,32x1x0,128x28x64x1
ffn_inp-8,kernel_add,0.035800,4096x1x1,64x1x1,3584x64x1x1
ffn_norm-8,kernel_rms_norm_mul,0.023900,65536x1x1,1024x1x1,3584x64x1x1
ffn_swiglu-8,kernel_swiglu,0.206600,32768x1x1,512x1x1,18944x64x1x1
ffn_out-8,kernel_mul_mv_q6_K_f32,132.354492,3584x4096x1,2x64x1,3584x64x1x1
l_out-8,kernel_add,0.035400,4096x1x1,64x1x1,3584x64x1x1
attn_norm-9,kernel_rms_norm_mul,0.025700,65536x1x1,1024x1x1,3584x64x1x1
Qcur-9,kernel_add_row,0.060200,57344x0x0,64x0x0,3584x64x1x1
Qcur-9,kernel_rope_neox_f32,0.021100,1792x64x1,64x1x1,128x28x64x1
Kcur-9,kernel_add_row,0.006400,8192x0x0,64x0x0,512x64x1x1
Kcur-9,kernel_rope_neox_f32,0.004300,256x64x1,64x1x1,128x4x64x1
Vcur-9,kernel_add_row,0.003800,8192x0x0,64x0x0,512x64x1x1
cache_k_l9 (view),kernel_set_rows_f16_i64,0.005500,32768x1x1,512x1x1,512x4096x1x1
cache_v_l9 (view),kernel_set_rows_f16_i64,0.004600,32768x1x1,512x1x1,512x4096x1x1
__fattn__-9,flash_attn_f32_f16,10.323400,64x28x0,32x1x0,128x28x64x1
ffn_inp-9,kernel_add,0.037500,4096x1x1,64x1x1,3584x64x1x1
ffn_norm-9,kernel_rms_norm_mul,0.025100,65536x1x1,1024x1x1,3584x64x1x1
l_out-9,kernel_add,0.034500,4096x1x1,64x1x1,3584x64x1x1
attn_norm-10,kernel_rms_norm_mul,0.027100,65536x1x1,1024x1x1,3584x64x1x1
Qcur-10,kernel_add_row,0.019700,57344x0x0,64x0x0,3584x64x1x1
Qcur-10,kernel_rope_neox_f32,0.020900,1792x64x1,64x1x1,128x28x64x1
Kcur-10,kernel_add_row,0.006400,8192x0x0,64x0x0,512x64x1x1
Kcur-10,kernel_rope_neox_f32,0.004100,256x64x1,64x1x1,128x4x64x1
Vcur-10,kernel_add_row,0.003900,8192x0x0,64x0x0,512x64x1x1
cache_k_l10 (view),kernel_set_rows_f16_i64,0.005600,32768x1x1,512x1x1,512x4096x1x1
cache_v_l10 (view),kernel_set_rows_f16_i64,0.004800,32768x1x1,512x1x1,512x4096x1x1
__fattn__-10,flash_attn_f32_f16,10.346500,64x28x0,32x1x0,128x28x64x1
ffn_inp-10,kernel_add,0.035000,4096x1x1,64x1x1,3584x64x1x1
ffn_norm-10,kernel_rms_norm_mul,0.025500,65536x1x1,1024x1x1,3584x64x1x1
l_out-10,kernel_add,0.036800,4096x1x1,64x1x1,3584x64x1x1
attn_norm-11,kernel_rms_norm_mul,0.026700,65536x1x1,1024x1x1,3584x64x1x1
Qcur-11,kernel_add_row,0.019100,57344x0x0,64x0x0,3584x64x1x1
Qcur-11,kernel_rope_neox_f32,0.019300,1792x64x1,64x1x1,128x28x64x1
Kcur-11,kernel_add_row,0.004300,8192x0x0,64x0x0,512x64x1x1
Kcur-11,kernel_rope_neox_f32,0.004200,256x64x1,64x1x1,128x4x64x1
node_386,kernel_mul_mv_q6_K_f32,3.769100,512x4096x1,2x64x1,512x64x1x1
Vcur-11,kernel_add_row,0.003800,8192x0x0,64x0x0,512x64x1x1
cache_k_l11 (view),kernel_set_rows_f16_i64,0.005600,32768x1x1,512x1x1,512x4096x1x1
cache_v_l11 (view),kernel_set_rows_f16_i64,0.004600,32768x1x1,512x1x1,512x4096x1x1
__fattn__-11,flash_attn_f32_f16,10.566200,64x28x0,32x1x0,128x28x64x1
ffn_inp-11,kernel_add,0.034500,4096x1x1,64x1x1,3584x64x1x1
ffn_norm-11,kernel_rms_norm_mul,0.024700,65536x1x1,1024x1x1,3584x64x1x1
ffn_swiglu-11,kernel_swiglu,0.205700,32768x1x1,512x1x1,18944x64x1x1
ffn_out-11,kernel_mul_mv_q6_K_f32,132.421097,3584x4096x1,2x64x1,3584x64x1x1
l_out-11,kernel_add,0.034400,4096x1x1,64x1x1,3584x64x1x1
attn_norm-12,kernel_rms_norm_mul,0.026100,65536x1x1,1024x1x1,3584x64x1x1
Qcur-12,kernel_add_row,0.060300,57344x0x0,64x0x0,3584x64x1x1
Qcur-12,kernel_rope_neox_f32,0.022100,1792x64x1,64x1x1,128x28x64x1
Kcur-12,kernel_add_row,0.006400,8192x0x0,64x0x0,512x64x1x1
Kcur-12,kernel_rope_neox_f32,0.004200,256x64x1,64x1x1,128x4x64x1
Vcur-12,kernel_add_row,0.003800,8192x0x0,64x0x0,512x64x1x1
cache_k_l12 (view),kernel_set_rows_f16_i64,0.005400,32768x1x1,512x1x1,512x4096x1x1
cache_v_l12 (view),kernel_set_rows_f16_i64,0.004600,32768x1x1,512x1x1,512x4096x1x1
__fattn__-12,flash_attn_f32_f16,10.518600,64x28x0,32x1x0,128x28x64x1
ffn_inp-12,kernel_add,0.035800,4096x1x1,64x1x1,3584x64x1x1
ffn_norm-12,kernel_rms_norm_mul,0.026000,65536x1x1,1024x1x1,3584x64x1x1
l_out-12,kernel_add,0.035500,4096x1x1,64x1x1,3584x64x1x1
attn_norm-13,kernel_rms_norm_mul,0.026500,65536x1x1,1024x1x1,3584x64x1x1
Qcur-13,kernel_add_row,0.020200,57344x0x0,64x0x0,3584x64x1x1
Qcur-13,kernel_rope_neox_f32,0.021500,1792x64x1,64x1x1,128x28x64x1
Kcur-13,kernel_add_row,0.006400,8192x0x0,64x0x0,512x64x1x1
Kcur-13,kernel_rope_neox_f32,0.004200,256x64x1,64x1x1,128x4x64x1
Vcur-13,kernel_add_row,0.003700,8192x0x0,64x0x0,512x64x1x1
cache_k_l13 (view),kernel_set_rows_f16_i64,0.005500,32768x1x1,512x1x1,512x4096x1x1
cache_v_l13 (view),kernel_set_rows_f16_i64,0.004600,32768x1x1,512x1x1,512x4096x1x1
__fattn__-13,flash_attn_f32_f16,10.329600,64x28x0,32x1x0,128x28x64x1
ffn_inp-13,kernel_add,0.036800,4096x1x1,64x1x1,3584x64x1x1
ffn_norm-13,kernel_rms_norm_mul,0.025100,65536x1x1,1024x1x1,3584x64x1x1
l_out-13,kernel_add,0.035900,4096x1x1,64x1x1,3584x64x1x1
attn_norm-14,kernel_rms_norm_mul,0.027800,65536x1x1,1024x1x1,3584x64x1x1
Qcur-14,kernel_add_row,0.019100,57344x0x0,64x0x0,3584x64x1x1
Qcur-14,kernel_rope_neox_f32,0.019600,1792x64x1,64x1x1,128x28x64x1
Kcur-14,kernel_add_row,0.004100,8192x0x0,64x0x0,512x64x1x1
Kcur-14,kernel_rope_neox_f32,0.004200,256x64x1,64x1x1,128x4x64x1
node_488,kernel_mul_mv_q6_K_f32,3.769100,512x4096x1,2x64x1,512x64x1x1
Vcur-14,kernel_add_row,0.003800,8192x0x0,64x0x0,512x64x1x1
cache_k_l14 (view),kernel_set_rows_f16_i64,0.005500,32768x1x1,512x1x1,512x4096x1x1
cache_v_l14 (view),kernel_set_rows_f16_i64,0.004500,32768x1x1,512x1x1,512x4096x1x1
__fattn__-14,flash_attn_f32_f16,10.337700,64x28x0,32x1x0,128x28x64x1
ffn_inp-14,kernel_add,0.035100,4096x1x1,64x1x1,3584x64x1x1
ffn_norm-14,kernel_rms_norm_mul,0.025100,65536x1x1,1024x1x1,3584x64x1x1
ffn_swiglu-14,kernel_swiglu,0.208500,32768x1x1,512x1x1,18944x64x1x1
ffn_out-14,kernel_mul_mv_q6_K_f32,132.168091,3584x4096x1,2x64x1,3584x64x1x1
l_out-14,kernel_add,0.034000,4096x1x1,64x1x1,3584x64x1x1
attn_norm-15,kernel_rms_norm_mul,0.026500,65536x1x1,1024x1x1,3584x64x1x1
Qcur-15,kernel_add_row,0.060400,57344x0x0,64x0x0,3584x64x1x1
Qcur-15,kernel_rope_neox_f32,0.023400,1792x64x1,64x1x1,128x28x64x1
Kcur-15,kernel_add_row,0.006900,8192x0x0,64x0x0,512x64x1x1
Kcur-15,kernel_rope_neox_f32,0.004200,256x64x1,64x1x1,128x4x64x1
Vcur-15,kernel_add_row,0.003900,8192x0x0,64x0x0,512x64x1x1
cache_k_l15 (view),kernel_set_rows_f16_i64,0.005600,32768x1x1,512x1x1,512x4096x1x1
cache_v_l15 (view),kernel_set_rows_f16_i64,0.004500,32768x1x1,512x1x1,512x4096x1x1
__fattn__-15,flash_attn_f32_f16,10.327100,64x28x0,32x1x0,128x28x64x1
ffn_inp-15,kernel_add,0.035900,4096x1x1,64x1x1,3584x64x1x1
ffn_norm-15,kernel_rms_norm_mul,0.025700,65536x1x1,1024x1x1,3584x64x1x1
l_out-15,kernel_add,0.035200,4096x1x1,64x1x1,3584x64x1x1
attn_norm-16,kernel_rms_norm_mul,0.027200,65536x1x1,1024x1x1,3584x64x1x1
Qcur-16,kernel_add_row,0.020200,57344x0x0,64x0x0,3584x64x1x1
Qcur-16,kernel_rope_neox_f32,0.020100,1792x64x1,64x1x1,128x28x64x1
Kcur-16,kernel_add_row,0.006600,8192x0x0,64x0x0,512x64x1x1
Kcur-16,kernel_rope_neox_f32,0.004100,256x64x1,64x1x1,128x4x64x1
Vcur-16,kernel_add_row,0.003900,8192x0x0,64x0x0,512x64x1x1
cache_k_l16 (view),kernel_set_rows_f16_i64,0.005600,32768x1x1,512x1x1,512x4096x1x1
cache_v_l16 (view),kernel_set_rows_f16_i64,0.004600,32768x1x1,512x1x1,512x4096x1x1
__fattn__-16,flash_attn_f32_f16,10.542400,64x28x0,32x1x0,128x28x64x1
ffn_inp-16,kernel_add,0.036900,4096x1x1,64x1x1,3584x64x1x1
ffn_norm-16,kernel_rms_norm_mul,0.024000,65536x1x1,1024x1x1,3584x64x1x1
l_out-16,kernel_add,0.035700,4096x1x1,64x1x1,3584x64x1x1
attn_norm-17,kernel_rms_norm_mul,0.027600,65536x1x1,1024x1x1,3584x64x1x1
Qcur-17,kernel_add_row,0.019100,57344x0x0,64x0x0,3584x64x1x1
Qcur-17,kernel_rope_neox_f32,0.021200,1792x64x1,64x1x1,128x28x64x1
Kcur-17,kernel_add_row,0.004400,8192x0x0,64x0x0,512x64x1x1
Kcur-17,kernel_rope_neox_f32,0.004200,256x64x1,64x1x1,128x4x64x1
node_590,kernel_mul_mv_q6_K_f32,3.769600,512x4096x1,2x64x1,512x64x1x1
Vcur-17,kernel_add_row,0.003500,8192x0x0,64x0x0,512x64x1x1
cache_k_l17 (view),kernel_set_rows_f16_i64,0.005600,32768x1x1,512x1x1,512x4096x1x1
cache_v_l17 (view),kernel_set_rows_f16_i64,0.004700,32768x1x1,512x1x1,512x4096x1x1
__fattn__-17,flash_attn_f32_f16,10.535400,64x28x0,32x1x0,128x28x64x1
ffn_inp-17,kernel_add,0.040700,4096x1x1,64x1x1,3584x64x1x1
ffn_norm-17,kernel_rms_norm_mul,0.025000,65536x1x1,1024x1x1,3584x64x1x1
ffn_swiglu-17,kernel_swiglu,0.210700,32768x1x1,512x1x1,18944x64x1x1
ffn_out-17,kernel_mul_mv_q6_K_f32,132.749405,3584x4096x1,2x64x1,3584x64x1x1
l_out-17,kernel_add,0.033900,4096x1x1,64x1x1,3584x64x1x1
attn_norm-18,kernel_rms_norm_mul,0.026700,65536x1x1,1024x1x1,3584x64x1x1
Qcur-18,kernel_add_row,0.060700,57344x0x0,64x0x0,3584x64x1x1
Qcur-18,kernel_rope_neox_f32,0.022200,1792x64x1,64x1x1,128x28x64x1
Kcur-18,kernel_add_row,0.006700,8192x0x0,64x0x0,512x64x1x1
Kcur-18,kernel_rope_neox_f32,0.004300,256x64x1,64x1x1,128x4x64x1
Vcur-18,kernel_add_row,0.003800,8192x0x0,64x0x0,512x64x1x1
cache_k_l18 (view),kernel_set_rows_f16_i64,0.005700,32768x1x1,512x1x1,512x4096x1x1
cache_v_l18 (view),kernel_set_rows_f16_i64,0.004600,32768x1x1,512x1x1,512x4096x1x1
__fattn__-18,flash_attn_f32_f16,10.335300,64x28x0,32x1x0,128x28x64x1
ffn_inp-18,kernel_add,0.036600,4096x1x1,64x1x1,3584x64x1x1
ffn_norm-18,kernel_rms_norm_mul,0.024800,65536x1x1,1024x1x1,3584x64x1x1
l_out-18,kernel_add,0.036900,4096x1x1,64x1x1,3584x64x1x1
attn_norm-19,kernel_rms_norm_mul,0.025900,65536x1x1,1024x1x1,3584x64x1x1
Qcur-19,kernel_add_row,0.019800,57344x0x0,64x0x0,3584x64x1x1
Qcur-19,kernel_rope_neox_f32,0.020400,1792x64x1,64x1x1,128x28x64x1
Kcur-19,kernel_add_row,0.006400,8192x0x0,64x0x0,512x64x1x1
Kcur-19,kernel_rope_neox_f32,0.004300,256x64x1,64x1x1,128x4x64x1
Vcur-19,kernel_add_row,0.003800,8192x0x0,64x0x0,512x64x1x1
cache_k_l19 (view),kernel_set_rows_f16_i64,0.005400,32768x1x1,512x1x1,512x4096x1x1
cache_v_l19 (view),kernel_set_rows_f16_i64,0.004500,32768x1x1,512x1x1,512x4096x1x1
__fattn__-19,flash_attn_f32_f16,10.552800,64x28x0,32x1x0,128x28x64x1
ffn_inp-19,kernel_add,0.036700,4096x1x1,64x1x1,3584x64x1x1
ffn_norm-19,kernel_rms_norm_mul,0.025600,65536x1x1,1024x1x1,3584x64x1x1
l_out-19,kernel_add,0.037100,4096x1x1,64x1x1,3584x64x1x1
attn_norm-20,kernel_rms_norm_mul,0.027400,65536x1x1,1024x1x1,3584x64x1x1
Qcur-20,kernel_add_row,0.019200,57344x0x0,64x0x0,3584x64x1x1
Qcur-20,kernel_rope_neox_f32,0.020400,1792x64x1,64x1x1,128x28x64x1
Kcur-20,kernel_add_row,0.004000,8192x0x0,64x0x0,512x64x1x1
Kcur-20,kernel_rope_neox_f32,0.004200,256x64x1,64x1x1,128x4x64x1
node_692,kernel_mul_mv_q6_K_f32,3.770900,512x4096x1,2x64x1,512x64x1x1
Vcur-20,kernel_add_row,0.003800,8192x0x0,64x0x0,512x64x1x1
cache_k_l20 (view),kernel_set_rows_f16_i64,0.005600,32768x1x1,512x1x1,512x4096x1x1
cache_v_l20 (view),kernel_set_rows_f16_i64,0.004600,32768x1x1,512x1x1,512x4096x1x1
__fattn__-20,flash_attn_f32_f16,10.544500,64x28x0,32x1x0,128x28x64x1
ffn_inp-20,kernel_add,0.036300,4096x1x1,64x1x1,3584x64x1x1
ffn_norm-20,kernel_rms_norm_mul,0.025200,65536x1x1,1024x1x1,3584x64x1x1
ffn_swiglu-20,kernel_swiglu,0.205700,32768x1x1,512x1x1,18944x64x1x1
ffn_out-20,kernel_mul_mv_q6_K_f32,132.038895,3584x4096x1,2x64x1,3584x64x1x1
l_out-20,kernel_add,0.033500,4096x1x1,64x1x1,3584x64x1x1
attn_norm-21,kernel_rms_norm_mul,0.027100,65536x1x1,1024x1x1,3584x64x1x1
Qcur-21,kernel_add_row,0.060000,57344x0x0,64x0x0,3584x64x1x1
Qcur-21,kernel_rope_neox_f32,0.022700,1792x64x1,64x1x1,128x28x64x1
Kcur-21,kernel_add_row,0.006500,8192x0x0,64x0x0,512x64x1x1
Kcur-21,kernel_rope_neox_f32,0.004100,256x64x1,64x1x1,128x4x64x1
Vcur-21,kernel_add_row,0.003800,8192x0x0,64x0x0,512x64x1x1
cache_k_l21 (view),kernel_set_rows_f16_i64,0.005600,32768x1x1,512x1x1,512x4096x1x1
cache_v_l21 (view),kernel_set_rows_f16_i64,0.004800,32768x1x1,512x1x1,512x4096x1x1
__fattn__-21,flash_attn_f32_f16,10.339800,64x28x0,32x1x0,128x28x64x1
ffn_inp-21,kernel_add,0.037500,4096x1x1,64x1x1,3584x64x1x1
ffn_norm-21,kernel_rms_norm_mul,0.026000,65536x1x1,1024x1x1,3584x64x1x1
l_out-21,kernel_add,0.035400,4096x1x1,64x1x1,3584x64x1x1
attn_norm-22,kernel_rms_norm_mul,0.028100,65536x1x1,1024x1x1,3584x64x1x1
Qcur-22,kernel_add_row,0.019400,57344x0x0,64x0x0,3584x64x1x1
Qcur-22,kernel_rope_neox_f32,0.020200,1792x64x1,64x1x1,128x28x64x1
Kcur-22,kernel_add_row,0.006600,8192x0x0,64x0x0,512x64x1x1
Kcur-22,kernel_rope_neox_f32,0.004000,256x64x1,64x1x1,128x4x64x1
Vcur-22,kernel_add_row,0.003800,8192x0x0,64x0x0,512x64x1x1
cache_k_l22 (view),kernel_set_rows_f16_i64,0.005700,32768x1x1,512x1x1,512x4096x1x1
cache_v_l22 (view),kernel_set_rows_f16_i64,0.004600,32768x1x1,512x1x1,512x4096x1x1
__fattn__-22,flash_attn_f32_f16,10.546700,64x28x0,32x1x0,128x28x64x1
ffn_inp-22,kernel_add,0.034900,4096x1x1,64x1x1,3584x64x1x1
ffn_norm-22,kernel_rms_norm_mul,0.025100,65536x1x1,1024x1x1,3584x64x1x1
l_out-22,kernel_add,0.034400,4096x1x1,64x1x1,3584x64x1x1
attn_norm-23,kernel_rms_norm_mul,0.027300,65536x1x1,1024x1x1,3584x64x1x1
Qcur-23,kernel_add_row,0.019200,57344x0x0,64x0x0,3584x64x1x1
Qcur-23,kernel_rope_neox_f32,0.019100,1792x64x1,64x1x1,128x28x64x1
Kcur-23,kernel_add_row,0.004000,8192x0x0,64x0x0,512x64x1x1
Kcur-23,kernel_rope_neox_f32,0.004200,256x64x1,64x1x1,128x4x64x1
node_794,kernel_mul_mv_q6_K_f32,3.770200,512x4096x1,2x64x1,512x64x1x1
Vcur-23,kernel_add_row,0.003800,8192x0x0,64x0x0,512x64x1x1
cache_k_l23 (view),kernel_set_rows_f16_i64,0.005800,32768x1x1,512x1x1,512x4096x1x1
cache_v_l23 (view),kernel_set_rows_f16_i64,0.004700,32768x1x1,512x1x1,512x4096x1x1
__fattn__-23,flash_attn_f32_f16,10.550600,64x28x0,32x1x0,128x28x64x1
ffn_inp-23,kernel_add,0.035700,4096x1x1,64x1x1,3584x64x1x1
ffn_norm-23,kernel_rms_norm_mul,0.025600,65536x1x1,1024x1x1,3584x64x1x1
ffn_swiglu-23,kernel_swiglu,0.206000,32768x1x1,512x1x1,18944x64x1x1
ffn_out-23,kernel_mul_mv_q6_K_f32,132.929398,3584x4096x1,2x64x1,3584x64x1x1
l_out-23,kernel_add,0.034000,4096x1x1,64x1x1,3584x64x1x1
attn_norm-24,kernel_rms_norm_mul,0.026100,65536x1x1,1024x1x1,3584x64x1x1
Qcur-24,kernel_add_row,0.019600,57344x0x0,64x0x0,3584x64x1x1
Qcur-24,kernel_rope_neox_f32,0.020100,1792x64x1,64x1x1,128x28x64x1
Kcur-24,kernel_add_row,0.006200,8192x0x0,64x0x0,512x64x1x1
Kcur-24,kernel_rope_neox_f32,0.004200,256x64x1,64x1x1,128x4x64x1
node_828,kernel_mul_mv_q6_K_f32,3.767100,512x4096x1,2x64x1,512x64x1x1
Vcur-24,kernel_add_row,0.003900,8192x0x0,64x0x0,512x64x1x1
cache_k_l24 (view),kernel_set_rows_f16_i64,0.005700,32768x1x1,512x1x1,512x4096x1x1
cache_v_l24 (view),kernel_set_rows_f16_i64,0.004700,32768x1x1,512x1x1,512x4096x1x1
__fattn__-24,flash_attn_f32_f16,10.551200,64x28x0,32x1x0,128x28x64x1
ffn_inp-24,kernel_add,0.036600,4096x1x1,64x1x1,3584x64x1x1
ffn_norm-24,kernel_rms_norm_mul,0.025900,65536x1x1,1024x1x1,3584x64x1x1
ffn_swiglu-24,kernel_swiglu,0.205800,32768x1x1,512x1x1,18944x64x1x1
ffn_out-24,kernel_mul_mv_q6_K_f32,132.163193,3584x4096x1,2x64x1,3584x64x1x1
l_out-24,kernel_add,0.033400,4096x1x1,64x1x1,3584x64x1x1
attn_norm-25,kernel_rms_norm_mul,0.026600,65536x1x1,1024x1x1,3584x64x1x1
Qcur-25,kernel_add_row,0.063300,57344x0x0,64x0x0,3584x64x1x1
Qcur-25,kernel_rope_neox_f32,0.022500,1792x64x1,64x1x1,128x28x64x1
Kcur-25,kernel_add_row,0.006300,8192x0x0,64x0x0,512x64x1x1
Kcur-25,kernel_rope_neox_f32,0.004300,256x64x1,64x1x1,128x4x64x1
node_862,kernel_mul_mv_q6_K_f32,3.771900,512x4096x1,2x64x1,512x64x1x1
Vcur-25,kernel_add_row,0.003800,8192x0x0,64x0x0,512x64x1x1
cache_k_l25 (view),kernel_set_rows_f16_i64,0.005600,32768x1x1,512x1x1,512x4096x1x1
cache_v_l25 (view),kernel_set_rows_f16_i64,0.004700,32768x1x1,512x1x1,512x4096x1x1
__fattn__-25,flash_attn_f32_f16,10.341800,64x28x0,32x1x0,128x28x64x1
ffn_inp-25,kernel_add,0.038000,4096x1x1,64x1x1,3584x64x1x1
ffn_norm-25,kernel_rms_norm_mul,0.024400,65536x1x1,1024x1x1,3584x64x1x1
ffn_swiglu-25,kernel_swiglu,0.207200,32768x1x1,512x1x1,18944x64x1x1
ffn_out-25,kernel_mul_mv_q6_K_f32,132.314407,3584x4096x1,2x64x1,3584x64x1x1
l_out-25,kernel_add,0.033500,4096x1x1,64x1x1,3584x64x1x1
attn_norm-26,kernel_rms_norm_mul,0.026400,65536x1x1,1024x1x1,3584x64x1x1
Qcur-26,kernel_add_row,0.060200,57344x0x0,64x0x0,3584x64x1x1
Qcur-26,kernel_rope_neox_f32,0.021900,1792x64x1,64x1x1,128x28x64x1
Kcur-26,kernel_add_row,0.004000,8192x0x0,64x0x0,512x64x1x1
Kcur-26,kernel_rope_neox_f32,0.004000,256x64x1,64x1x1,128x4x64x1
node_896,kernel_mul_mv_q6_K_f32,3.768000,512x4096x1,2x64x1,512x64x1x1
Vcur-26,kernel_add_row,0.003900,8192x0x0,64x0x0,512x64x1x1
cache_k_l26 (view),kernel_set_rows_f16_i64,0.005500,32768x1x1,512x1x1,512x4096x1x1
cache_v_l26 (view),kernel_set_rows_f16_i64,0.004600,32768x1x1,512x1x1,512x4096x1x1
__fattn__-26,flash_attn_f32_f16,10.533300,64x28x0,32x1x0,128x28x64x1
ffn_inp-26,kernel_add,0.037400,4096x1x1,64x1x1,3584x64x1x1
ffn_norm-26,kernel_rms_norm_mul,0.025900,65536x1x1,1024x1x1,3584x64x1x1
ffn_swiglu-26,kernel_swiglu,0.206600,32768x1x1,512x1x1,18944x64x1x1
ffn_out-26,kernel_mul_mv_q6_K_f32,134.717407,3584x4096x1,2x64x1,3584x64x1x1
l_out-26,kernel_add,0.034200,4096x1x1,64x1x1,3584x64x1x1
attn_norm-27,kernel_rms_norm_mul,0.026100,65536x1x1,1024x1x1,3584x64x1x1
Qcur-27,kernel_add_row,0.060300,57344x0x0,64x0x0,3584x64x1x1
Qcur-27,kernel_rope_neox_f32,0.020700,1792x64x1,64x1x1,128x28x64x1
Kcur-27,kernel_add_row,0.004100,8192x0x0,64x0x0,512x64x1x1
Kcur-27,kernel_rope_neox_f32,0.004100,256x64x1,64x1x1,128x4x64x1
node_930,kernel_mul_mv_q6_K_f32,3.772700,512x4096x1,2x64x1,512x64x1x1
Vcur-27,kernel_add_row,0.003700,8192x0x0,64x0x0,512x64x1x1
cache_k_l27 (view),kernel_set_rows_f16_i64,0.005700,32768x1x1,512x1x1,512x4096x1x1
cache_v_l27 (view),kernel_set_rows_f16_i64,0.004600,32768x1x1,512x1x1,512x4096x1x1
__fattn__-27,flash_attn_f32_f16,10.539400,64x28x0,32x1x0,128x28x64x1
attn_norm-0,kernel_rms_norm_mul,0.028600,65536x1x1,1024x1x1,3584x64x1x1
Qcur-0,kernel_add_row,0.018700,57344x0x0,64x0x0,3584x64x1x1
Qcur-0,kernel_rope_neox_f32,0.020300,1792x64x1,64x1x1,128x28x64x1
Kcur-0,kernel_add_row,0.003800,8192x0x0,64x0x0,512x64x1x1
Kcur-0,kernel_rope_neox_f32,0.004200,256x64x1,64x1x1,128x4x64x1
node_11,kernel_mul_mv_q6_K_f32,3.768200,512x4096x1,2x64x1,512x64x1x1
Vcur-0,kernel_add_row,0.003700,8192x0x0,64x0x0,512x64x1x1
cache_k_l0 (view),kernel_set_rows_f16_i64,0.005400,32768x1x1,512x1x1,512x4096x1x1
cache_v_l0 (view),kernel_set_rows_f16_i64,0.004700,32768x1x1,512x1x1,512x4096x1x1
 (copy),kernel_cpy_f32_f16,0.005300,4096x1x1,64x1x1,512x64x1x1
__fattn__-0,flash_attn_f32_f16,10.523600,64x28x0,32x1x0,128x28x64x1
ffn_inp-0,kernel_add,0.035700,4096x1x1,64x1x1,3584x64x1x1
ffn_norm-0,kernel_rms_norm_mul,0.025700,65536x1x1,1024x1x1,3584x64x1x1
ffn_swiglu-0,kernel_swiglu,0.204800,32768x1x1,512x1x1,18944x64x1x1
ffn_out-0,kernel_mul_mv_q6_K_f32,132.944000,3584x4096x1,2x64x1,3584x64x1x1
l_out-0,kernel_add,0.034100,4096x1x1,64x1x1,3584x64x1x1
attn_norm-1,kernel_rms_norm_mul,0.027900,65536x1x1,1024x1x1,3584x64x1x1
Qcur-1,kernel_add_row,0.020000,57344x0x0,64x0x0,3584x64x1x1
Qcur-1,kernel_rope_neox_f32,0.019100,1792x64x1,64x1x1,128x28x64x1
Kcur-1,kernel_add_row,0.006200,8192x0x0,64x0x0,512x64x1x1
Kcur-1,kernel_rope_neox_f32,0.004200,256x64x1,64x1x1,128x4x64x1
node_46,kernel_mul_mv_q6_K_f32,3.772300,512x4096x1,2x64x1,512x64x1x1
Vcur-1,kernel_add_row,0.003700,8192x0x0,64x0x0,512x64x1x1
cache_k_l1 (view),kernel_set_rows_f16_i64,0.005700,32768x1x1,512x1x1,512x4096x1x1
cache_v_l1 (view),kernel_set_rows_f16_i64,0.004800,32768x1x1,512x1x1,512x4096x1x1
__fattn__-1,flash_attn_f32_f16,10.307100,64x28x0,32x1x0,128x28x64x1
ffn_inp-1,kernel_add,0.036600,4096x1x1,64x1x1,3584x64x1x1
ffn_norm-1,kernel_rms_norm_mul,0.025200,65536x1x1,1024x1x1,3584x64x1x1
ffn_swiglu-1,kernel_swiglu,0.204900,32768x1x1,512x1x1,18944x64x1x1
ffn_out-1,kernel_mul_mv_q6_K_f32,132.543503,3584x4096x1,2x64x1,3584x64x1x1
l_out-1,kernel_add,0.034000,4096x1x1,64x1x1,3584x64x1x1
attn_norm-2,kernel_rms_norm_mul,0.026400,65536x1x1,1024x1x1,3584x64x1x1
Qcur-2,kernel_add_row,0.060300,57344x0x0,64x0x0,3584x64x1x1
Qcur-2,kernel_rope_neox_f32,0.022100,1792x64x1,64x1x1,128x28x64x1
Kcur-2,kernel_add_row,0.006300,8192x0x0,64x0x0,512x64x1x1
Kcur-2,kernel_rope_neox_f32,0.004000,256x64x1,64x1x1,128x4x64x1
node_80,kernel_mul_mv_q6_K_f32,3.766800,512x4096x1,2x64x1,512x64x1x1
Vcur-2,kernel_add_row,0.003400,8192x0x0,64x0x0,512x64x1x1
cache_k_l2 (view),kernel_set_rows_f16_i64,0.005800,32768x1x1,512x1x1,512x4096x1x1
cache_v_l2 (view),kernel_set_rows_f16_i64,0.004700,32768x1x1,512x1x1,512x4096x1x1
__fattn__-2,flash_attn_f32_f16,10.333300,64x28x0,32x1x0,128x28x64x1
ffn_inp-2,kernel_add,0.037400,4096x1x1,64x1x1,3584x64x1x1
ffn_norm-2,kernel_rms_norm_mul,0.024400,65536x1x1,1024x1x1,3584x64x1x1
ffn_swiglu-2,kernel_swiglu,0.205900,32768x1x1,512x1x1,18944x64x1x1
ffn_out-2,kernel_mul_mv_q6_K_f32,132.469910,3584x4096x1,2x64x1,3584x64x1x1
l_out-2,kernel_add,0.033200,4096x1x1,64x1x1,3584x64x1x1
attn_norm-3,kernel_rms_norm_mul,0.026100,65536x1x1,1024x1x1,3584x64x1x1
Qcur-3,kernel_add_row,0.060100,57344x0x0,64x0x0,3584x64x1x1
Qcur-3,kernel_rope_neox_f32,0.023300,1792x64x1,64x1x1,128x28x64x1
Kcur-3,kernel_add_row,0.006700,8192x0x0,64x0x0,512x64x1x1
Kcur-3,kernel_rope_neox_f32,0.004200,256x64x1,64x1x1,128x4x64x1
Vcur-3,kernel_add_row,0.003800,8192x0x0,64x0x0,512x64x1x1
cache_k_l3 (view),kernel_set_rows_f16_i64,0.005800,32768x1x1,512x1x1,512x4096x1x1
cache_v_l3 (view),kernel_set_rows_f16_i64,0.004800,32768x1x1,512x1x1,512x4096x1x1
__fattn__-3,flash_attn_f32_f16,10.532100,64x28x0,32x1x0,128x28x64x1
ffn_inp-3,kernel_add,0.036300,4096x1x1,64x1x1,3584x64x1x1
ffn_norm-3,kernel_rms_norm_mul,0.025400,65536x1x1,1024x1x1,3584x64x1x1
l_out-3,kernel_add,0.035500,4096x1x1,64x1x1,3584x64x1x1
attn_norm-4,kernel_rms_norm_mul,0.026200,65536x1x1,1024x1x1,3584x64x1x1
Qcur-4,kernel_add_row,0.019400,57344x0x0,64x0x0,3584x64x1x1
Qcur-4,kernel_rope_neox_f32,0.019400,1792x64x1,64x1x1,128x28x64x1
Kcur-4,kernel_add_row,0.006600,8192x0x0,64x0x0,512x64x1x1
Kcur-4,kernel_rope_neox_f32,0.004200,256x64x1,64x1x1,128x4x64x1
Vcur-4,kernel_add_row,0.003900,8192x0x0,64x0x0,512x64x1x1
cache_k_l4 (view),kernel_set_rows_f16_i64,0.005400,32768x1x1,512x1x1,512x4096x1x1
cache_v_l4 (view),kernel_set_rows_f16_i64,0.004600,32768x1x1,512x1x1,512x4096x1x1
__fattn__-4,flash_attn_f32_f16,10.349800,64x28x0,32x1x0,128x28x64x1
ffn_inp-4,kernel_add,0.036500,4096x1x1,64x1x1,3584x64x1x1
ffn_norm-4,kernel_rms_norm_mul,0.024800,65536x1x1,1024x1x1,3584x64x1x1
l_out-4,kernel_add,0.036200,4096x1x1,64x1x1,3584x64x1x1
attn_norm-5,kernel_rms_norm_mul,0.027400,65536x1x1,1024x1x1,3584x64x1x1
Qcur-5,kernel_add_row,0.019000,57344x0x0,64x0x0,3584x64x1x1
Qcur-5,kernel_rope_neox_f32,0.021100,1792x64x1,64x1x1,128x28x64x1
Kcur-5,kernel_add_row,0.004100,8192x0x0,64x0x0,512x64x1x1
Kcur-5,kernel_rope_neox_f32,0.004000,256x64x1,64x1x1,128x4x64x1
node_182,kernel_mul_mv_q6_K_f32,3.771700,512x4096x1,2x64x1,512x64x1x1
Vcur-5,kernel_add_row,0.003800,8192x0x0,64x0x0,512x64x1x1
cache_k_l5 (view),kernel_set_rows_f16_i64,0.005400,32768x1x1,512x1x1,512x4096x1x1
cache_v_l5 (view),kernel_set_rows_f16_i64,0.004600,32768x1x1,512x1x1,512x4096x1x1
__fattn__-5,flash_attn_f32_f16,10.345400,64x28x0,32x1x0,128x28x64x1
ffn_inp-5,kernel_add,0.035300,4096x1x1,64x1x1,3584x64x1x1
ffn_norm-5,kernel_rms_norm_mul,0.024800,65536x1x1,1024x1x1,3584x64x1x1
ffn_swiglu-5,kernel_swiglu,0.205200,32768x1x1,512x1x1,18944x64x1x1
ffn_out-5,kernel_mul_mv_q6_K_f32,132.915405,3584x4096x1,2x64x1,3584x64x1x1
l_out-5,kernel_add,0.034500,4096x1x1,64x1x1,3584x64x1x1
attn_norm-6,kernel_rms_norm_mul,0.026200,65536x1x1,1024x1x1,3584x64x1x1
Qcur-6,kernel_add_row,0.019700,57344x0x0,64x0x0,3584x64x1x1
Qcur-6,kernel_rope_neox_f32,0.020500,1792x64x1,64x1x1,128x28x64x1
Kcur-6,kernel_add_row,0.006500,8192x0x0,64x0x0,512x64x1x1
Kcur-6,kernel_rope_neox_f32,0.004100,256x64x1,64x1x1,128x4x64x1
Vcur-6,kernel_add_row,0.003900,8192x0x0,64x0x0,512x64x1x1
cache_k_l6 (view),kernel_set_rows_f16_i64,0.005500,32768x1x1,512x1x1,512x4096x1x1
cache_v_l6 (view),kernel_set_rows_f16_i64,0.004700,32768x1x1,512x1x1,512x4096x1x1
__fattn__-6,flash_attn_f32_f16,10.521100,64x28x0,32x1x0,128x28x64x1
ffn_inp-6,kernel_add,0.036600,4096x1x1,64x1x1,3584x64x1x1
ffn_norm-6,kernel_rms_norm_mul,0.025800,65536x1x1,1024x1x1,3584x64x1x1
l_out-6,kernel_add,0.035400,4096x1x1,64x1x1,3584x64x1x1
attn_norm-7,kernel_rms_norm_mul,0.027200,65536x1x1,1024x1x1,3584x64x1x1
Qcur-7,kernel_add_row,0.019500,57344x0x0,64x0x0,3584x64x1x1
Qcur-7,kernel_rope_neox_f32,0.021000,1792x64x1,64x1x1,128x28x64x1
Kcur-7,kernel_add_row,0.006500,8192x0x0,64x0x0,512x64x1x1
Kcur-7,kernel_rope_neox_f32,0.004100,256x64x1,64x1x1,128x4x64x1
Vcur-7,kernel_add_row,0.003800,8192x0x0,64x0x0,512x64x1x1
cache_k_l7 (view),kernel_set_rows_f16_i64,0.005700,32768x1x1,512x1x1,512x4096x1x1
cache_v_l7 (view),kernel_set_rows_f16_i64,0.004600,32768x1x1,512x1x1,512x4096x1x1
__fattn__-7,flash_attn_f32_f16,10.544700,64x28x0,32x1x0,128x28x64x1
ffn_inp-7,kernel_add,0.035600,4096x1x1,64x1x1,3584x64x1x1
ffn_norm-7,kernel_rms_norm_mul,0.024900,65536x1x1,1024x1x1,3584x64x1x1
l_out-7,kernel_add,0.036100,4096x1x1,64x1x1,3584x64x1x1
attn_norm-8,kernel_rms_norm_mul,0.026300,65536x1x1,1024x1x1,3584x64x1x1
Qcur-8,kernel_add_row,0.019500,57344x0x0,64x0x0,3584x64x1x1
Qcur-8,kernel_rope_neox_f32,0.020700,1792x64x1,64x1x1,128x28x64x1
Kcur-8,kernel_add_row,0.004100,8192x0x0,64x0x0,512x64x1x1
Kcur-8,kernel_rope_neox_f32,0.004300,256x64x1,64x1x1,128x4x64x1
node_284,kernel_mul_mv_q6_K_f32,3.769400,512x4096x1,2x64x1,512x64x1x1
Vcur-8,kernel_add_row,0.003700,8192x0x0,64x0x0,512x64x1x1
cache_k_l8 (view),kernel_set_rows_f16_i64,0.005600,32768x1x1,512x1x1,512x4096x1x1
cache_v_l8 (view),kernel_set_rows_f16_i64,0.004500,32768x1x1,512x1x1,512x4096x1x1
__fattn__-8,flash_attn_f32_f16,10.339200,64x28x0,32x1x0,128x28x64x1
ffn_inp-8,kernel_add,0.035600,4096x1x1,64x1x1,3584x64x1x1
ffn_norm-8,kernel_rms_norm_mul,0.025700,65536x1x1,1024x1x1,3584x64x1x1
ffn_swiglu-8,kernel_swiglu,0.205400,32768x1x1,512x1x1,18944x64x1x1
ffn_out-8,kernel_mul_mv_q6_K_f32,132.191101,3584x4096x1,2x64x1,3584x64x1x1
l_out-8,kernel_add,0.034200,4096x1x1,64x1x1,3584x64x1x1
attn_norm-9,kernel_rms_norm_mul,0.025300,65536x1x1,1024x1x1,3584x64x1x1
Qcur-9,kernel_add_row,0.060400,57344x0x0,64x0x0,3584x64x1x1
Qcur-9,kernel_rope_neox_f32,0.021700,1792x64x1,64x1x1,128x28x64x1
Kcur-9,kernel_add_row,0.006800,8192x0x0,64x0x0,512x64x1x1
Kcur-9,kernel_rope_neox_f32,0.004100,256x64x1,64x1x1,128x4x64x1
Vcur-9,kernel_add_row,0.003800,8192x0x0,64x0x0,512x64x1x1
cache_k_l9 (view),kernel_set_rows_f16_i64,0.005600,32768x1x1,512x1x1,512x4096x1x1
cache_v_l9 (view),kernel_set_rows_f16_i64,0.004700,32768x1x1,512x1x1,512x4096x1x1
__fattn__-9,flash_attn_f32_f16,10.545500,64x28x0,32x1x0,128x28x64x1
ffn_inp-9,kernel_add,0.037100,4096x1x1,64x1x1,3584x64x1x1
ffn_norm-9,kernel_rms_norm_mul,0.024500,65536x1x1,1024x1x1,3584x64x1x1
l_out-9,kernel_add,0.036700,4096x1x1,64x1x1,3584x64x1x1
attn_norm-10,kernel_rms_norm_mul,0.028000,65536x1x1,1024x1x1,3584x64x1x1
Qcur-10,kernel_add_row,0.019800,57344x0x0,64x0x0,3584x64x1x1
Qcur-10,kernel_rope_neox_f32,0.023100,1792x64x1,64x1x1,128x28x64x1
Kcur-10,kernel_add_row,0.006400,8192x0x0,64x0x0,512x64x1x1
Kcur-10,kernel_rope_neox_f32,0.004200,256x64x1,64x1x1,128x4x64x1
Vcur-10,kernel_add_row,0.003900,8192x0x0,64x0x0,512x64x1x1
cache_k_l10 (view),kernel_set_rows_f16_i64,0.005400,32768x1x1,512x1x1,512x4096x1x1
cache_v_l10 (view),kernel_set_rows_f16_i64,0.004500,32768x1x1,512x1x1,512x4096x1x1
__fattn__-10,flash_attn_f32_f16,10.637700,64x28x0,32x1x0,128x28x64x1
ffn_inp-10,kernel_add,0.034900,4096x1x1,64x1x1,3584x64x1x1
ffn_norm-10,kernel_rms_norm_mul,0.024300,65536x1x1,1024x1x1,3584x64x1x1
l_out-10,kernel_add,0.035400,4096x1x1,64x1x1,3584x64x1x1
attn_norm-11,kernel_rms_norm_mul,0.026400,65536x1x1,1024x1x1,3584x64x1x1
Qcur-11,kernel_add_row,0.019400,57344x0x0,64x0x0,3584x64x1x1
Qcur-11,kernel_rope_neox_f32,0.020600,1792x64x1,64x1x1,128x28x64x1
Kcur-11,kernel_add_row,0.004300,8192x0x0,64x0x0,512x64x1x1
Kcur-11,kernel_rope_neox_f32,0.004100,256x64x1,64x1x1,128x4x64x1
node_386,kernel_mul_mv_q6_K_f32,3.767100,512x4096x1,2x64x1,512x64x1x1
Vcur-11,kernel_add_row,0.003900,8192x0x0,64x0x0,512x64x1x1
cache_k_l11 (view),kernel_set_rows_f16_i64,0.005400,32768x1x1,512x1x1,512x4096x1x1
cache_v_l11 (view),kernel_set_rows_f16_i64,0.004700,32768x1x1,512x1x1,512x4096x1x1
__fattn__-11,flash_attn_f32_f16,10.303100,64x28x0,32x1x0,128x28x64x1
ffn_inp-11,kernel_add,0.035600,4096x1x1,64x1x1,3584x64x1x1
ffn_norm-11,kernel_rms_norm_mul,0.025400,65536x1x1,1024x1x1,3584x64x1x1
ffn_swiglu-11,kernel_swiglu,0.216500,32768x1x1,512x1x1,18944x64x1x1
ffn_out-11,kernel_mul_mv_q6_K_f32,132.445099,3584x4096x1,2x64x1,3584x64x1x1
l_out-11,kernel_add,0.034100,4096x1x1,64x1x1,3584x64x1x1
attn_norm-12,kernel_rms_norm_mul,0.025700,65536x1x1,1024x1x1,3584x64x1x1
Qcur-12,kernel_add_row,0.059900,57344x0x0,64x0x0,3584x64x1x1
Qcur-12,kernel_rope_neox_f32,0.023000,1792x64x1,64x1x1,128x28x64x1
Kcur-12,kernel_add_row,0.006700,8192x0x0,64x0x0,512x64x1x1
Kcur-12,kernel_rope_neox_f32,0.004200,256x64x1,64x1x1,128x4x64x1
Vcur-12,kernel_add_row,0.003800,8192x0x0,64x0x0,512x64x1x1
cache_k_l12 (view),kernel_set_rows_f16_i64,0.005500,32768x1x1,512x1x1,512x4096x1x1
cache_v_l12 (view),kernel_set_rows_f16_i64,0.004600,32768x1x1,512x1x1,512x4096x1x1
__fattn__-12,flash_attn_f32_f16,10.311200,64x28x0,32x1x0,128x28x64x1
ffn_inp-12,kernel_add,0.037000,4096x1x1,64x1x1,3584x64x1x1
ffn_norm-12,kernel_rms_norm_mul,0.026200,65536x1x1,1024x1x1,3584x64x1x1
l_out-12,kernel_add,0.035800,4096x1x1,64x1x1,3584x64x1x1
attn_norm-13,kernel_rms_norm_mul,0.027200,65536x1x1,1024x1x1,3584x64x1x1
Qcur-13,kernel_add_row,0.019600,57344x0x0,64x0x0,3584x64x1x1
Qcur-13,kernel_rope_neox_f32,0.021700,1792x64x1,64x1x1,128x28x64x1
Kcur-13,kernel_add_row,0.006400,8192x0x0,64x0x0,512x64x1x1
Kcur-13,kernel_rope_neox_f32,0.004100,256x64x1,64x1x1,128x4x64x1
Vcur-13,kernel_add_row,0.003800,8192x0x0,64x0x0,512x64x1x1
cache_k_l13 (view),kernel_set_rows_f16_i64,0.005500,32768x1x1,512x1x1,512x4096x1x1
cache_v_l13 (view),kernel_set_rows_f16_i64,0.004600,32768x1x1,512x1x1,512x4096x1x1
__fattn__-13,flash_attn_f32_f16,10.335000,64x28x0,32x1x0,128x28x64x1
ffn_inp-13,kernel_add,0.035800,4096x1x1,64x1x1,3584x64x1x1
ffn_norm-13,kernel_rms_norm_mul,0.025000,65536x1x1,1024x1x1,3584x64x1x1
l_out-13,kernel_add,0.036700,4096x1x1,64x1x1,3584x64x1x1
attn_norm-14,kernel_rms_norm_mul,0.025700,65536x1x1,1024x1x1,3584x64x1x1
Qcur-14,kernel_add_row,0.019000,57344x0x0,64x0x0,3584x64x1x1
Qcur-14,kernel_rope_neox_f32,0.019800,1792x64x1,64x1x1,128x28x64x1
Kcur-14,kernel_add_row,0.004000,8192x0x0,64x0x0,512x64x1x1
Kcur-14,kernel_rope_neox_f32,0.004200,256x64x1,64x1x1,128x4x64x1
node_488,kernel_mul_mv_q6_K_f32,3.767800,512x4096x1,2x64x1,512x64x1x1
Vcur-14,kernel_add_row,0.003700,8192x0x0,64x0x0,512x64x1x1
cache_k_l14 (view),kernel_set_rows_f16_i64,0.005700,32768x1x1,512x1x1,512x4096x1x1
cache_v_l14 (view),kernel_set_rows_f16_i64,0.004500,32768x1x1,512x1x1,512x4096x1x1
__fattn__-14,flash_attn_f32_f16,10.552600,64x28x0,32x1x0,128x28x64x1
ffn_inp-14,kernel_add,0.035900,4096x1x1,64x1x1,3584x64x1x1
ffn_norm-14,kernel_rms_norm_mul,0.024500,65536x1x1,1024x1x1,3584x64x1x1
ffn_swiglu-14,kernel_swiglu,0.205600,32768x1x1,512x1x1,18944x64x1x1
ffn_out-14,kernel_mul_mv_q6_K_f32,132.177399,3584x4096x1,2x64x1,3584x64x1x1
l_out-14,kernel_add,0.033500,4096x1x1,64x1x1,3584x64x1x1
attn_norm-15,kernel_rms_norm_mul,0.026200,65536x1x1,1024x1x1,3584x64x1x1
Qcur-15,kernel_add_row,0.060300,57344x0x0,64x0x0,3584x64x1x1
Qcur-15,kernel_rope_neox_f32,0.021400,1792x64x1,64x1x1,128x28x64x1
Kcur-15,kernel_add_row,0.006400,8192x0x0,64x0x0,512x64x1x1
Kcur-15,kernel_rope_neox_f32,0.004200,256x64x1,64x1x1,128x4x64x1
Vcur-15,kernel_add_row,0.003800,8192x0x0,64x0x0,512x64x1x1
cache_k_l15 (view),kernel_set_rows_f16_i64,0.005500,32768x1x1,512x1x1,512x4096x1x1
cache_v_l15 (view),kernel_set_rows_f16_i64,0.004800,32768x1x1,512x1x1,512x4096x1x1
__fattn__-15,flash_attn_f32_f16,10.573300,64x28x0,32x1x0,128x28x64x1
ffn_inp-15,kernel_add,0.036600,4096x1x1,64x1x1,3584x64x1x1
ffn_norm-15,kernel_rms_norm_mul,0.025000,65536x1x1,1024x1x1,3584x64x1x1
l_out-15,kernel_add,0.037500,4096x1x1,64x1x1,3584x64x1x1
attn_norm-16,kernel_rms_norm_mul,0.026000,65536x1x1,1024x1x1,3584x64x1x1
Qcur-16,kernel_add_row,0.018800,57344x0x0,64x0x0,3584x64x1x1
Qcur-16,kernel_rope_neox_f32,0.021000,1792x64x1,64x1x1,128x28x64x1
Kcur-16,kernel_add_row,0.006700,8192x0x0,64x0x0,512x64x1x1
Kcur-16,kernel_rope_neox_f32,0.004300,256x64x1,64x1x1,128x4x64x1
Vcur-16,kernel_add_row,0.003900,8192x0x0,64x0x0,512x64x1x1
cache_k_l16 (view),kernel_set_rows_f16_i64,0.005300,32768x1x1,512x1x1,512x4096x1x1
cache_v_l16 (view),kernel_set_rows_f16_i64,0.004700,32768x1x1,512x1x1,512x4096x1x1
__fattn__-16,flash_attn_f32_f16,10.517000,64x28x0,32x1x0,128x28x64x1
ffn_inp-16,kernel_add,0.036500,4096x1x1,64x1x1,3584x64x1x1
ffn_norm-16,kernel_rms_norm_mul,0.024800,65536x1x1,1024x1x1,3584x64x1x1
l_out-16,kernel_add,0.035100,4096x1x1,64x1x1,3584x64x1x1
attn_norm-17,kernel_rms_norm_mul,0.027000,65536x1x1,1024x1x1,3584x64x1x1
Qcur-17,kernel_add_row,0.018900,57344x0x0,64x0x0,3584x64x1x1
Qcur-17,kernel_rope_neox_f32,0.020000,1792x64x1,64x1x1,128x28x64x1
Kcur-17,kernel_add_row,0.004200,8192x0x0,64x0x0,512x64x1x1
Kcur-17,kernel_rope_neox_f32,0.004200,256x64x1,64x1x1,128x4x64x1
node_590,kernel_mul_mv_q6_K_f32,3.766800,512x4096x1,2x64x1,512x64x1x1
Vcur-17,kernel_add_row,0.003500,8192x0x0,64x0x0,512x64x1x1
cache_k_l17 (view),kernel_set_rows_f16_i64,0.005600,32768x1x1,512x1x1,512x4096x1x1
cache_v_l17 (view),kernel_set_rows_f16_i64,0.004600,32768x1x1,512x1x1,512x4096x1x1
__fattn__-17,flash_attn_f32_f16,10.538900,64x28x0,32x1x0,128x28x64x1
ffn_inp-17,kernel_add,0.037200,4096x1x1,64x1x1,3584x64x1x1
ffn_norm-17,kernel_rms_norm_mul,0.025700,65536x1x1,1024x1x1,3584x64x1x1
ffn_swiglu-17,kernel_swiglu,0.206000,32768x1x1,512x1x1,18944x64x1x1
ffn_out-17,kernel_mul_mv_q6_K_f32,132.254593,3584x4096x1,2x64x1,3584x64x1x1
l_out-17,kernel_add,0.034300,4096x1x1,64x1x1,3584x64x1x1
attn_norm-18,kernel_rms_norm_mul,0.026200,65536x1x1,1024x1x1,3584x64x1x1
Qcur-18,kernel_add_row,0.059900,57344x0x0,64x0x0,3584x64x1x1
Qcur-18,kernel_rope_neox_f32,0.022700,1792x64x1,64x1x1,128x28x64x1
Kcur-18,kernel_add_row,0.006400,8192x0x0,64x0x0,512x64x1x1
Kcur-18,kernel_rope_neox_f32,0.004200,256x64x1,64x1x1,128x4x64x1
Vcur-18,kernel_add_row,0.003800,8192x0x0,64x0x0,512x64x1x1
cache_k_l18 (view),kernel_set_rows_f16_i64,0.005700,32768x1x1,512x1x1,512x4096x1x1
cache_v_l18 (view),kernel_set_rows_f16_i64,0.004500,32768x1x1,512x1x1,512x4096x1x1
__fattn__-18,flash_attn_f32_f16,10.351800,64x28x0,32x1x0,128x28x64x1
ffn_inp-18,kernel_add,0.036300,4096x1x1,64x1x1,3584x64x1x1
ffn_norm-18,kernel_rms_norm_mul,0.025100,65536x1x1,1024x1x1,3584x64x1x1
l_out-18,kernel_add,0.035500,4096x1x1,64x1x1,3584x64x1x1
attn_norm-19,kernel_rms_norm_mul,0.027500,65536x1x1,1024x1x1,3584x64x1x1
Qcur-19,kernel_add_row,0.019600,57344x0x0,64x0x0,3584x64x1x1
Qcur-19,kernel_rope_neox_f32,0.021000,1792x64x1,64x1x1,128x28x64x1
Kcur-19,kernel_add_row,0.006600,8192x0x0,64x0x0,512x64x1x1
Kcur-19,kernel_rope_neox_f32,0.004200,256x64x1,64x1x1,128x4x64x1
Vcur-19,kernel_add_row,0.003800,8192x0x0,64x0x0,512x64x1x1
cache_k_l19 (view),kernel_set_rows_f16_i64,0.005800,32768x1x1,512x1x1,512x4096x1x1
cache_v_l19 (view),kernel_set_rows_f16_i64,0.004500,32768x1x1,512x1x1,512x4096x1x1
__fattn__-19,flash_attn_f32_f16,10.339500,64x28x0,32x1x0,128x28x64x1
ffn_inp-19,kernel_add,0.035400,4096x1x1,64x1x1,3584x64x1x1
ffn_norm-19,kernel_rms_norm_mul,0.025500,65536x1x1,1024x1x1,3584x64x1x1
l_out-19,kernel_add,0.035700,4096x1x1,64x1x1,3584x64x1x1
attn_norm-20,kernel_rms_norm_mul,0.026600,65536x1x1,1024x1x1,3584x64x1x1
Qcur-20,kernel_add_row,0.018900,57344x0x0,64x0x0,3584x64x1x1
Qcur-20,kernel_rope_neox_f32,0.020900,1792x64x1,64x1x1,128x28x64x1
Kcur-20,kernel_add_row,0.004000,8192x0x0,64x0x0,512x64x1x1
Kcur-20,kernel_rope_neox_f32,0.004100,256x64x1,64x1x1,128x4x64x1
node_692,kernel_mul_mv_q6_K_f32,3.769200,512x4096x1,2x64x1,512x64x1x1
Vcur-20,kernel_add_row,0.003700,8192x0x0,64x0x0,512x64x1x1
cache_k_l20 (view),kernel_set_rows_f16_i64,0.005400,32768x1x1,512x1x1,512x4096x1x1
cache_v_l20 (view),kernel_set_rows_f16_i64,0.004500,32768x1x1,512x1x1,512x4096x1x1
__fattn__-20,flash_attn_f32_f16,10.532900,64x28x0,32x1x0,128x28x64x1
ffn_inp-20,kernel_add,0.035900,4096x1x1,64x1x1,3584x64x1x1
ffn_norm-20,kernel_rms_norm_mul,0.025500,65536x1x1,1024x1x1,3584x64x1x1
ffn_swiglu-20,kernel_swiglu,0.205900,32768x1x1,512x1x1,18944x64x1x1
ffn_out-20,kernel_mul_mv_q6_K_f32,132.191193,3584x4096x1,2x64x1,3584x64x1x1
l_out-20,kernel_add,0.034200,4096x1x1,64x1x1,3584x64x1x1
attn_norm-21,kernel_rms_norm_mul,0.027000,65536x1x1,1024x1x1,3584x64x1x1
Qcur-21,kernel_add_row,0.060500,57344x0x0,64x0x0,3584x64x1x1
Qcur-21,kernel_rope_neox_f32,0.021800,1792x64x1,64x1x1,128x28x64x1
Kcur-21,kernel_add_row,0.006700,8192x0x0,64x0x0,512x64x1x1
Kcur-21,kernel_rope_neox_f32,0.004000,256x64x1,64x1x1,128x4x64x1
Vcur-21,kernel_add_row,0.003900,8192x0x0,64x0x0,512x64x1x1
cache_k_l21 (view),kernel_set_rows_f16_i64,0.005500,32768x1x1,512x1x1,512x4096x1x1
cache_v_l21 (view),kernel_set_rows_f16_i64,0.004600,32768x1x1,512x1x1,512x4096x1x1
__fattn__-21,flash_attn_f32_f16,10.339300,64x28x0,32x1x0,128x28x64x1
ffn_inp-21,kernel_add,0.036800,4096x1x1,64x1x1,3584x64x1x1
ffn_norm-21,kernel_rms_norm_mul,0.025700,65536x1x1,1024x1x1,3584x64x1x1
l_out-21,kernel_add,0.034600,4096x1x1,64x1x1,3584x64x1x1
attn_norm-22,kernel_rms_norm_mul,0.027400,65536x1x1,1024x1x1,3584x64x1x1
Qcur-22,kernel_add_row,0.019600,57344x0x0,64x0x0,3584x64x1x1
Qcur-22,kernel_rope_neox_f32,0.020100,1792x64x1,64x1x1,128x28x64x1
Kcur-22,kernel_add_row,0.006700,8192x0x0,64x0x0,512x64x1x1
Kcur-22,kernel_rope_neox_f32,0.004000,256x64x1,64x1x1,128x4x64x1
Vcur-22,kernel_add_row,0.003800,8192x0x0,64x0x0,512x64x1x1
cache_k_l22 (view),kernel_set_rows_f16_i64,0.005400,32768x1x1,512x1x1,512x4096x1x1
cache_v_l22 (view),kernel_set_rows_f16_i64,0.004900,32768x1x1,512x1x1,512x4096x1x1
__fattn__-22,flash_attn_f32_f16,10.537800,64x28x0,32x1x0,128x28x64x1
ffn_inp-22,kernel_add,0.036300,4096x1x1,64x1x1,3584x64x1x1
ffn_norm-22,kernel_rms_norm_mul,0.025700,65536x1x1,1024x1x1,3584x64x1x1
l_out-22,kernel_add,0.041800,4096x1x1,64x1x1,3584x64x1x1
attn_norm-23,kernel_rms_norm_mul,0.025600,65536x1x1,1024x1x1,3584x64x1x1
Qcur-23,kernel_add_row,0.019700,57344x0x0,64x0x0,3584x64x1x1
Qcur-23,kernel_rope_neox_f32,0.020100,1792x64x1,64x1x1,128x28x64x1
Kcur-23,kernel_add_row,0.004200,8192x0x0,64x0x0,512x64x1x1
Kcur-23,kernel_rope_neox_f32,0.004000,256x64x1,64x1x1,128x4x64x1
node_794,kernel_mul_mv_q6_K_f32,3.773200,512x4096x1,2x64x1,512x64x1x1
Vcur-23,kernel_add_row,0.003800,8192x0x0,64x0x0,512x64x1x1
cache_k_l23 (view),kernel_set_rows_f16_i64,0.005600,32768x1x1,512x1x1,512x4096x1x1
cache_v_l23 (view),kernel_set_rows_f16_i64,0.004600,32768x1x1,512x1x1,512x4096x1x1
__fattn__-23,flash_attn_f32_f16,10.343600,64x28x0,32x1x0,128x28x64x1
ffn_inp-23,kernel_add,0.035000,4096x1x1,64x1x1,3584x64x1x1
ffn_norm-23,kernel_rms_norm_mul,0.025400,65536x1x1,1024x1x1,3584x64x1x1
ffn_swiglu-23,kernel_swiglu,0.206800,32768x1x1,512x1x1,18944x64x1x1
ffn_out-23,kernel_mul_mv_q6_K_f32,132.388702,3584x4096x1,2x64x1,3584x64x1x1
l_out-23,kernel_add,0.033300,4096x1x1,64x1x1,3584x64x1x1
attn_norm-24,kernel_rms_norm_mul,0.025800,65536x1x1,1024x1x1,3584x64x1x1
Qcur-24,kernel_add_row,0.060200,57344x0x0,64x0x0,3584x64x1x1
Qcur-24,kernel_rope_neox_f32,0.021700,1792x64x1,64x1x1,128x28x64x1
Kcur-24,kernel_add_row,0.004300,8192x0x0,64x0x0,512x64x1x1
Kcur-24,kernel_rope_neox_f32,0.004200,256x64x1,64x1x1,128x4x64x1
node_828,kernel_mul_mv_q6_K_f32,3.765500,512x4096x1,2x64x1,512x64x1x1
Vcur-24,kernel_add_row,0.003400,8192x0x0,64x0x0,512x64x1x1
cache_k_l24 (view),kernel_set_rows_f16_i64,0.005600,32768x1x1,512x1x1,512x4096x1x1
cache_v_l24 (view),kernel_set_rows_f16_i64,0.004800,32768x1x1,512x1x1,512x4096x1x1
__fattn__-24,flash_attn_f32_f16,10.557300,64x28x0,32x1x0,128x28x64x1
ffn_inp-24,kernel_add,0.038500,4096x1x1,64x1x1,3584x64x1x1
ffn_norm-24,kernel_rms_norm_mul,0.025500,65536x1x1,1024x1x1,3584x64x1x1
ffn_swiglu-24,kernel_swiglu,0.209200,32768x1x1,512x1x1,18944x64x1x1
ffn_out-24,kernel_mul_mv_q6_K_f32,132.333405,3584x4096x1,2x64x1,3584x64x1x1
l_out-24,kernel_add,0.033700,4096x1x1,64x1x1,3584x64x1x1
attn_norm-25,kernel_rms_norm_mul,0.025800,65536x1x1,1024x1x1,3584x64x1x1
Qcur-25,kernel_add_row,0.060500,57344x0x0,64x0x0,3584x64x1x1
Qcur-25,kernel_rope_neox_f32,0.027800,1792x64x1,64x1x1,128x28x64x1
Kcur-25,kernel_add_row,0.006000,8192x0x0,64x0x0,512x64x1x1
Kcur-25,kernel_rope_neox_f32,0.004200,256x64x1,64x1x1,128x4x64x1
node_862,kernel_mul_mv_q6_K_f32,3.769700,512x4096x1,2x64x1,512x64x1x1
Vcur-25,kernel_add_row,0.003800,8192x0x0,64x0x0,512x64x1x1
cache_k_l25 (view),kernel_set_rows_f16_i64,0.005700,32768x1x1,512x1x1,512x4096x1x1
cache_v_l25 (view),kernel_set_rows_f16_i64,0.004500,32768x1x1,512x1x1,512x4096x1x1
__fattn__-25,flash_attn_f32_f16,10.627500,64x28x0,32x1x0,128x28x64x1
ffn_inp-25,kernel_add,0.036300,4096x1x1,64x1x1,3584x64x1x1
ffn_norm-25,kernel_rms_norm_mul,0.026100,65536x1x1,1024x1x1,3584x64x1x1
ffn_swiglu-25,kernel_swiglu,0.210100,32768x1x1,512x1x1,18944x64x1x1
ffn_out-25,kernel_mul_mv_q6_K_f32,132.315109,3584x4096x1,2x64x1,3584x64x1x1
l_out-25,kernel_add,0.033400,4096x1x1,64x1x1,3584x64x1x1
attn_norm-26,kernel_rms_norm_mul,0.027400,65536x1x1,1024x1x1,3584x64x1x1
Qcur-26,kernel_add_row,0.059800,57344x0x0,64x0x0,3584x64x1x1
Qcur-26,kernel_rope_neox_f32,0.022600,1792x64x1,64x1x1,128x28x64x1
Kcur-26,kernel_add_row,0.004100,8192x0x0,64x0x0,512x64x1x1
Kcur-26,kernel_rope_neox_f32,0.004300,256x64x1,64x1x1,128x4x64x1
node_896,kernel_mul_mv_q6_K_f32,3.767800,512x4096x1,2x64x1,512x64x1x1
Vcur-26,kernel_add_row,0.003800,8192x0x0,64x0x0,512x64x1x1
cache_k_l26 (view),kernel_set_rows_f16_i64,0.005600,32768x1x1,512x1x1,512x4096x1x1
cache_v_l26 (view),kernel_set_rows_f16_i64,0.004600,32768x1x1,512x1x1,512x4096x1x1
__fattn__-26,flash_attn_f32_f16,10.543300,64x28x0,32x1x0,128x28x64x1
ffn_inp-26,kernel_add,0.036400,4096x1x1,64x1x1,3584x64x1x1
ffn_norm-26,kernel_rms_norm_mul,0.023900,65536x1x1,1024x1x1,3584x64x1x1
ffn_swiglu-26,kernel_swiglu,0.205800,32768x1x1,512x1x1,18944x64x1x1
ffn_out-26,kernel_mul_mv_q6_K_f32,134.307510,3584x4096x1,2x64x1,3584x64x1x1
l_out-26,kernel_add,0.033800,4096x1x1,64x1x1,3584x64x1x1
attn_norm-27,kernel_rms_norm_mul,0.025700,65536x1x1,1024x1x1,3584x64x1x1
Qcur-27,kernel_add_row,0.061100,57344x0x0,64x0x0,3584x64x1x1
Qcur-27,kernel_rope_neox_f32,0.022700,1792x64x1,64x1x1,128x28x64x1
Kcur-27,kernel_add_row,0.004400,8192x0x0,64x0x0,512x64x1x1
Kcur-27,kernel_rope_neox_f32,0.004300,256x64x1,64x1x1,128x4x64x1
node_930,kernel_mul_mv_q6_K_f32,3.769000,512x4096x1,2x64x1,512x64x1x1
Vcur-27,kernel_add_row,0.003800,8192x0x0,64x0x0,512x64x1x1
cache_k_l27 (view),kernel_set_rows_f16_i64,0.005700,32768x1x1,512x1x1,512x4096x1x1
cache_v_l27 (view),kernel_set_rows_f16_i64,0.004600,32768x1x1,512x1x1,512x4096x1x1
__fattn__-27,flash_attn_f32_f16,10.530700,64x28x0,32x1x0,128x28x64x1
attn_norm-0,kernel_rms_norm_mul,0.028700,65536x1x1,1024x1x1,3584x64x1x1
Qcur-0,kernel_add_row,0.019100,57344x0x0,64x0x0,3584x64x1x1
Qcur-0,kernel_rope_neox_f32,0.019600,1792x64x1,64x1x1,128x28x64x1
Kcur-0,kernel_add_row,0.003800,8192x0x0,64x0x0,512x64x1x1
Kcur-0,kernel_rope_neox_f32,0.004200,256x64x1,64x1x1,128x4x64x1
node_11,kernel_mul_mv_q6_K_f32,3.772600,512x4096x1,2x64x1,512x64x1x1
Vcur-0,kernel_add_row,0.003800,8192x0x0,64x0x0,512x64x1x1
cache_k_l0 (view),kernel_set_rows_f16_i64,0.005400,32768x1x1,512x1x1,512x4096x1x1
cache_v_l0 (view),kernel_set_rows_f16_i64,0.004500,32768x1x1,512x1x1,512x4096x1x1
 (copy),kernel_cpy_f32_f16,0.006200,4096x1x1,64x1x1,768x64x1x1
__fattn__-0,flash_attn_f32_f16,15.522800,64x28x0,32x1x0,128x28x64x1
ffn_inp-0,kernel_add,0.038200,4096x1x1,64x1x1,3584x64x1x1
ffn_norm-0,kernel_rms_norm_mul,0.024200,65536x1x1,1024x1x1,3584x64x1x1
ffn_swiglu-0,kernel_swiglu,0.205700,32768x1x1,512x1x1,18944x64x1x1
ffn_out-0,kernel_mul_mv_q6_K_f32,132.290100,3584x4096x1,2x64x1,3584x64x1x1
l_out-0,kernel_add,0.033200,4096x1x1,64x1x1,3584x64x1x1
attn_norm-1,kernel_rms_norm_mul,0.027500,65536x1x1,1024x1x1,3584x64x1x1
Qcur-1,kernel_add_row,0.059800,57344x0x0,64x0x0,3584x64x1x1
Qcur-1,kernel_rope_neox_f32,0.020900,1792x64x1,64x1x1,128x28x64x1
Kcur-1,kernel_add_row,0.006300,8192x0x0,64x0x0,512x64x1x1
Kcur-1,kernel_rope_neox_f32,0.004200,256x64x1,64x1x1,128x4x64x1
node_46,kernel_mul_mv_q6_K_f32,3.770400,512x4096x1,2x64x1,512x64x1x1
Vcur-1,kernel_add_row,0.003800,8192x0x0,64x0x0,512x64x1x1
cache_k_l1 (view),kernel_set_rows_f16_i64,0.005800,32768x1x1,512x1x1,512x4096x1x1
cache_v_l1 (view),kernel_set_rows_f16_i64,0.004600,32768x1x1,512x1x1,512x4096x1x1
__fattn__-1,flash_attn_f32_f16,15.465400,64x28x0,32x1x0,128x28x64x1
ffn_inp-1,kernel_add,0.037600,4096x1x1,64x1x1,3584x64x1x1
ffn_norm-1,kernel_rms_norm_mul,0.024400,65536x1x1,1024x1x1,3584x64x1x1
ffn_swiglu-1,kernel_swiglu,0.207300,32768x1x1,512x1x1,18944x64x1x1
ffn_out-1,kernel_mul_mv_q6_K_f32,132.552094,3584x4096x1,2x64x1,3584x64x1x1
l_out-1,kernel_add,0.034100,4096x1x1,64x1x1,3584x64x1x1
attn_norm-2,kernel_rms_norm_mul,0.026300,65536x1x1,1024x1x1,3584x64x1x1
Qcur-2,kernel_add_row,0.060100,57344x0x0,64x0x0,3584x64x1x1
Qcur-2,kernel_rope_neox_f32,0.020300,1792x64x1,64x1x1,128x28x64x1
Kcur-2,kernel_add_row,0.004100,8192x0x0,64x0x0,512x64x1x1
Kcur-2,kernel_rope_neox_f32,0.004200,256x64x1,64x1x1,128x4x64x1
node_80,kernel_mul_mv_q6_K_f32,3.778100,512x4096x1,2x64x1,512x64x1x1
Vcur-2,kernel_add_row,0.003800,8192x0x0,64x0x0,512x64x1x1
cache_k_l2 (view),kernel_set_rows_f16_i64,0.005700,32768x1x1,512x1x1,512x4096x1x1
cache_v_l2 (view),kernel_set_rows_f16_i64,0.004600,32768x1x1,512x1x1,512x4096x1x1
__fattn__-2,flash_attn_f32_f16,15.512000,64x28x0,32x1x0,128x28x64x1
ffn_inp-2,kernel_add,0.037400,4096x1x1,64x1x1,3584x64x1x1
ffn_norm-2,kernel_rms_norm_mul,0.025000,65536x1x1,1024x1x1,3584x64x1x1
ffn_swiglu-2,kernel_swiglu,0.205200,32768x1x1,512x1x1,18944x64x1x1
ffn_out-2,kernel_mul_mv_q6_K_f32,132.563599,3584x4096x1,2x64x1,3584x64x1x1
l_out-2,kernel_add,0.033900,4096x1x1,64x1x1,3584x64x1x1
attn_norm-3,kernel_rms_norm_mul,0.026400,65536x1x1,1024x1x1,3584x64x1x1
Qcur-3,kernel_add_row,0.059700,57344x0x0,64x0x0,3584x64x1x1
Qcur-3,kernel_rope_neox_f32,0.022000,1792x64x1,64x1x1,128x28x64x1
Kcur-3,kernel_add_row,0.006600,8192x0x0,64x0x0,512x64x1x1
Kcur-3,kernel_rope_neox_f32,0.004200,256x64x1,64x1x1,128x4x64x1
Vcur-3,kernel_add_row,0.003700,8192x0x0,64x0x0,512x64x1x1
cache_k_l3 (view),kernel_set_rows_f16_i64,0.005500,32768x1x1,512x1x1,512x4096x1x1
cache_v_l3 (view),kernel_set_rows_f16_i64,0.004600,32768x1x1,512x1x1,512x4096x1x1
__fattn__-3,flash_attn_f32_f16,15.809100,64x28x0,32x1x0,128x28x64x1
ffn_inp-3,kernel_add,0.035200,4096x1x1,64x1x1,3584x64x1x1
ffn_norm-3,kernel_rms_norm_mul,0.025500,65536x1x1,1024x1x1,3584x64x1x1
l_out-3,kernel_add,0.035400,4096x1x1,64x1x1,3584x64x1x1
attn_norm-4,kernel_rms_norm_mul,0.025600,65536x1x1,1024x1x1,3584x64x1x1
Qcur-4,kernel_add_row,0.020000,57344x0x0,64x0x0,3584x64x1x1
Qcur-4,kernel_rope_neox_f32,0.020900,1792x64x1,64x1x1,128x28x64x1
Kcur-4,kernel_add_row,0.006600,8192x0x0,64x0x0,512x64x1x1
Kcur-4,kernel_rope_neox_f32,0.004200,256x64x1,64x1x1,128x4x64x1
Vcur-4,kernel_add_row,0.003700,8192x0x0,64x0x0,512x64x1x1
cache_k_l4 (view),kernel_set_rows_f16_i64,0.005500,32768x1x1,512x1x1,512x4096x1x1
cache_v_l4 (view),kernel_set_rows_f16_i64,0.004600,32768x1x1,512x1x1,512x4096x1x1
__fattn__-4,flash_attn_f32_f16,15.826200,64x28x0,32x1x0,128x28x64x1
ffn_inp-4,kernel_add,0.036500,4096x1x1,64x1x1,3584x64x1x1
ffn_norm-4,kernel_rms_norm_mul,0.025300,65536x1x1,1024x1x1,3584x64x1x1
l_out-4,kernel_add,0.035100,4096x1x1,64x1x1,3584x64x1x1
attn_norm-5,kernel_rms_norm_mul,0.027200,65536x1x1,1024x1x1,3584x64x1x1
Qcur-5,kernel_add_row,0.018800,57344x0x0,64x0x0,3584x64x1x1
Qcur-5,kernel_rope_neox_f32,0.020100,1792x64x1,64x1x1,128x28x64x1
Kcur-5,kernel_add_row,0.004200,8192x0x0,64x0x0,512x64x1x1
Kcur-5,kernel_rope_neox_f32,0.004000,256x64x1,64x1x1,128x4x64x1
node_182,kernel_mul_mv_q6_K_f32,3.769200,512x4096x1,2x64x1,512x64x1x1
Vcur-5,kernel_add_row,0.003800,8192x0x0,64x0x0,512x64x1x1
cache_k_l5 (view),kernel_set_rows_f16_i64,0.005600,32768x1x1,512x1x1,512x4096x1x1
cache_v_l5 (view),kernel_set_rows_f16_i64,0.004500,32768x1x1,512x1x1,512x4096x1x1
__fattn__-5,flash_attn_f32_f16,15.802900,64x28x0,32x1x0,128x28x64x1
ffn_inp-5,kernel_add,0.036900,4096x1x1,64x1x1,3584x64x1x1
ffn_norm-5,kernel_rms_norm_mul,0.025600,65536x1x1,1024x1x1,3584x64x1x1
ffn_swiglu-5,kernel_swiglu,0.208400,32768x1x1,512x1x1,18944x64x1x1
ffn_out-5,kernel_mul_mv_q6_K_f32,132.147903,3584x4096x1,2x64x1,3584x64x1x1
l_out-5,kernel_add,0.033500,4096x1x1,64x1x1,3584x64x1x1
attn_norm-6,kernel_rms_norm_mul,0.025400,65536x1x1,1024x1x1,3584x64x1x1
Qcur-6,kernel_add_row,0.059600,57344x0x0,64x0x0,3584x64x1x1
Qcur-6,kernel_rope_neox_f32,0.020500,1792x64x1,64x1x1,128x28x64x1
Kcur-6,kernel_add_row,0.006600,8192x0x0,64x0x0,512x64x1x1
Kcur-6,kernel_rope_neox_f32,0.004200,256x64x1,64x1x1,128x4x64x1
Vcur-6,kernel_add_row,0.003900,8192x0x0,64x0x0,512x64x1x1
cache_k_l6 (view),kernel_set_rows_f16_i64,0.005600,32768x1x1,512x1x1,512x4096x1x1
cache_v_l6 (view),kernel_set_rows_f16_i64,0.004600,32768x1x1,512x1x1,512x4096x1x1
__fattn__-6,flash_attn_f32_f16,15.823500,64x28x0,32x1x0,128x28x64x1
ffn_inp-6,kernel_add,0.038000,4096x1x1,64x1x1,3584x64x1x1
ffn_norm-6,kernel_rms_norm_mul,0.025100,65536x1x1,1024x1x1,3584x64x1x1
l_out-6,kernel_add,0.035800,4096x1x1,64x1x1,3584x64x1x1
attn_norm-7,kernel_rms_norm_mul,0.027100,65536x1x1,1024x1x1,3584x64x1x1
Qcur-7,kernel_add_row,0.019500,57344x0x0,64x0x0,3584x64x1x1
Qcur-7,kernel_rope_neox_f32,0.020500,1792x64x1,64x1x1,128x28x64x1
Kcur-7,kernel_add_row,0.006400,8192x0x0,64x0x0,512x64x1x1
Kcur-7,kernel_rope_neox_f32,0.004000,256x64x1,64x1x1,128x4x64x1
Vcur-7,kernel_add_row,0.003800,8192x0x0,64x0x0,512x64x1x1
cache_k_l7 (view),kernel_set_rows_f16_i64,0.005600,32768x1x1,512x1x1,512x4096x1x1
cache_v_l7 (view),kernel_set_rows_f16_i64,0.004500,32768x1x1,512x1x1,512x4096x1x1
__fattn__-7,flash_attn_f32_f16,15.498900,64x28x0,32x1x0,128x28x64x1
ffn_inp-7,kernel_add,0.037400,4096x1x1,64x1x1,3584x64x1x1
ffn_norm-7,kernel_rms_norm_mul,0.024800,65536x1x1,1024x1x1,3584x64x1x1
l_out-7,kernel_add,0.034700,4096x1x1,64x1x1,3584x64x1x1
attn_norm-8,kernel_rms_norm_mul,0.026800,65536x1x1,1024x1x1,3584x64x1x1
Qcur-8,kernel_add_row,0.019400,57344x0x0,64x0x0,3584x64x1x1
Qcur-8,kernel_rope_neox_f32,0.020000,1792x64x1,64x1x1,128x28x64x1
Kcur-8,kernel_add_row,0.004100,8192x0x0,64x0x0,512x64x1x1
Kcur-8,kernel_rope_neox_f32,0.004100,256x64x1,64x1x1,128x4x64x1
node_284,kernel_mul_mv_q6_K_f32,3.769700,512x4096x1,2x64x1,512x64x1x1
Vcur-8,kernel_add_row,0.003500,8192x0x0,64x0x0,512x64x1x1
cache_k_l8 (view),kernel_set_rows_f16_i64,0.005600,32768x1x1,512x1x1,512x4096x1x1
cache_v_l8 (view),kernel_set_rows_f16_i64,0.004500,32768x1x1,512x1x1,512x4096x1x1
__fattn__-8,flash_attn_f32_f16,15.822400,64x28x0,32x1x0,128x28x64x1
ffn_inp-8,kernel_add,0.036300,4096x1x1,64x1x1,3584x64x1x1
ffn_norm-8,kernel_rms_norm_mul,0.024800,65536x1x1,1024x1x1,3584x64x1x1
ffn_swiglu-8,kernel_swiglu,0.207200,32768x1x1,512x1x1,18944x64x1x1
ffn_out-8,kernel_mul_mv_q6_K_f32,132.489700,3584x4096x1,2x64x1,3584x64x1x1
l_out-8,kernel_add,0.035000,4096x1x1,64x1x1,3584x64x1x1
attn_norm-9,kernel_rms_norm_mul,0.026500,65536x1x1,1024x1x1,3584x64x1x1
Qcur-9,kernel_add_row,0.029800,57344x0x0,64x0x0,3584x64x1x1
Qcur-9,kernel_rope_neox_f32,0.022200,1792x64x1,64x1x1,128x28x64x1
Kcur-9,kernel_add_row,0.006700,8192x0x0,64x0x0,512x64x1x1
Kcur-9,kernel_rope_neox_f32,0.004100,256x64x1,64x1x1,128x4x64x1
Vcur-9,kernel_add_row,0.003900,8192x0x0,64x0x0,512x64x1x1
cache_k_l9 (view),kernel_set_rows_f16_i64,0.005500,32768x1x1,512x1x1,512x4096x1x1
cache_v_l9 (view),kernel_set_rows_f16_i64,0.004700,32768x1x1,512x1x1,512x4096x1x1
__fattn__-9,flash_attn_f32_f16,15.793800,64x28x0,32x1x0,128x28x64x1
ffn_inp-9,kernel_add,0.038600,4096x1x1,64x1x1,3584x64x1x1
ffn_norm-9,kernel_rms_norm_mul,0.025100,65536x1x1,1024x1x1,3584x64x1x1
l_out-9,kernel_add,0.035800,4096x1x1,64x1x1,3584x64x1x1
attn_norm-10,kernel_rms_norm_mul,0.027300,65536x1x1,1024x1x1,3584x64x1x1
Qcur-10,kernel_add_row,0.019200,57344x0x0,64x0x0,3584x64x1x1
Qcur-10,kernel_rope_neox_f32,0.019500,1792x64x1,64x1x1,128x28x64x1
Kcur-10,kernel_add_row,0.006400,8192x0x0,64x0x0,512x64x1x1
Kcur-10,kernel_rope_neox_f32,0.004200,256x64x1,64x1x1,128x4x64x1
Vcur-10,kernel_add_row,0.003800,8192x0x0,64x0x0,512x64x1x1
cache_k_l10 (view),kernel_set_rows_f16_i64,0.005400,32768x1x1,512x1x1,512x4096x1x1
cache_v_l10 (view),kernel_set_rows_f16_i64,0.004600,32768x1x1,512x1x1,512x4096x1x1
__fattn__-10,flash_attn_f32_f16,15.780300,64x28x0,32x1x0,128x28x64x1
ffn_inp-10,kernel_add,0.037000,4096x1x1,64x1x1,3584x64x1x1
ffn_norm-10,kernel_rms_norm_mul,0.024900,65536x1x1,1024x1x1,3584x64x1x1
l_out-10,kernel_add,0.035900,4096x1x1,64x1x1,3584x64x1x1
attn_norm-11,kernel_rms_norm_mul,0.026100,65536x1x1,1024x1x1,3584x64x1x1
Qcur-11,kernel_add_row,0.018600,57344x0x0,64x0x0,3584x64x1x1
Qcur-11,kernel_rope_neox_f32,0.019200,1792x64x1,64x1x1,128x28x64x1
Kcur-11,kernel_add_row,0.004100,8192x0x0,64x0x0,512x64x1x1
Kcur-11,kernel_rope_neox_f32,0.004300,256x64x1,64x1x1,128x4x64x1
node_386,kernel_mul_mv_q6_K_f32,3.772500,512x4096x1,2x64x1,512x64x1x1
Vcur-11,kernel_add_row,0.003800,8192x0x0,64x0x0,512x64x1x1
cache_k_l11 (view),kernel_set_rows_f16_i64,0.005700,32768x1x1,512x1x1,512x4096x1x1
cache_v_l11 (view),kernel_set_rows_f16_i64,0.004600,32768x1x1,512x1x1,512x4096x1x1
__fattn__-11,flash_attn_f32_f16,15.515700,64x28x0,32x1x0,128x28x64x1
ffn_inp-11,kernel_add,0.036100,4096x1x1,64x1x1,3584x64x1x1
ffn_norm-11,kernel_rms_norm_mul,0.026200,65536x1x1,1024x1x1,3584x64x1x1
ffn_swiglu-11,kernel_swiglu,0.212900,32768x1x1,512x1x1,18944x64x1x1
ffn_out-11,kernel_mul_mv_q6_K_f32,132.128311,3584x4096x1,2x64x1,3584x64x1x1
l_out-11,kernel_add,0.034300,4096x1x1,64x1x1,3584x64x1x1
attn_norm-12,kernel_rms_norm_mul,0.026000,65536x1x1,1024x1x1,3584x64x1x1
Qcur-12,kernel_add_row,0.059900,57344x0x0,64x0x0,3584x64x1x1
Qcur-12,kernel_rope_neox_f32,0.022600,1792x64x1,64x1x1,128x28x64x1
Kcur-12,kernel_add_row,0.006500,8192x0x0,64x0x0,512x64x1x1
Kcur-12,kernel_rope_neox_f32,0.004200,256x64x1,64x1x1,128x4x64x1
Vcur-12,kernel_add_row,0.003800,8192x0x0,64x0x0,512x64x1x1
cache_k_l12 (view),kernel_set_rows_f16_i64,0.005600,32768x1x1,512x1x1,512x4096x1x1
cache_v_l12 (view),kernel_set_rows_f16_i64,0.004500,32768x1x1,512x1x1,512x4096x1x1
__fattn__-12,flash_attn_f32_f16,15.460000,64x28x0,32x1x0,128x28x64x1
ffn_inp-12,kernel_add,0.038300,4096x1x1,64x1x1,3584x64x1x1
ffn_norm-12,kernel_rms_norm_mul,0.024700,65536x1x1,1024x1x1,3584x64x1x1
l_out-12,kernel_add,0.038300,4096x1x1,64x1x1,3584x64x1x1
attn_norm-13,kernel_rms_norm_mul,0.026400,65536x1x1,1024x1x1,3584x64x1x1
Qcur-13,kernel_add_row,0.019700,57344x0x0,64x0x0,3584x64x1x1
Qcur-13,kernel_rope_neox_f32,0.021600,1792x64x1,64x1x1,128x28x64x1
Kcur-13,kernel_add_row,0.006400,8192x0x0,64x0x0,512x64x1x1
Kcur-13,kernel_rope_neox_f32,0.004100,256x64x1,64x1x1,128x4x64x1
Vcur-13,kernel_add_row,0.003700,8192x0x0,64x0x0,512x64x1x1
cache_k_l13 (view),kernel_set_rows_f16_i64,0.005400,32768x1x1,512x1x1,512x4096x1x1
cache_v_l13 (view),kernel_set_rows_f16_i64,0.004600,32768x1x1,512x1x1,512x4096x1x1
__fattn__-13,flash_attn_f32_f16,15.799600,64x28x0,32x1x0,128x28x64x1
ffn_inp-13,kernel_add,0.036500,4096x1x1,64x1x1,3584x64x1x1
ffn_norm-13,kernel_rms_norm_mul,0.024800,65536x1x1,1024x1x1,3584x64x1x1
l_out-13,kernel_add,0.035100,4096x1x1,64x1x1,3584x64x1x1
attn_norm-14,kernel_rms_norm_mul,0.027000,65536x1x1,1024x1x1,3584x64x1x1
Qcur-14,kernel_add_row,0.019100,57344x0x0,64x0x0,3584x64x1x1
Qcur-14,kernel_rope_neox_f32,0.019400,1792x64x1,64x1x1,128x28x64x1
Kcur-14,kernel_add_row,0.004000,8192x0x0,64x0x0,512x64x1x1
Kcur-14,kernel_rope_neox_f32,0.004100,256x64x1,64x1x1,128x4x64x1
node_488,kernel_mul_mv_q6_K_f32,3.771400,512x4096x1,2x64x1,512x64x1x1
Vcur-14,kernel_add_row,0.003800,8192x0x0,64x0x0,512x64x1x1
cache_k_l14 (view),kernel_set_rows_f16_i64,0.005600,32768x1x1,512x1x1,512x4096x1x1
cache_v_l14 (view),kernel_set_rows_f16_i64,0.004600,32768x1x1,512x1x1,512x4096x1x1
__fattn__-14,flash_attn_f32_f16,15.967100,64x28x0,32x1x0,128x28x64x1
ffn_inp-14,kernel_add,0.037400,4096x1x1,64x1x1,3584x64x1x1
ffn_norm-14,kernel_rms_norm_mul,0.024900,65536x1x1,1024x1x1,3584x64x1x1
ffn_swiglu-14,kernel_swiglu,0.206100,32768x1x1,512x1x1,18944x64x1x1
ffn_out-14,kernel_mul_mv_q6_K_f32,132.701996,3584x4096x1,2x64x1,3584x64x1x1
l_out-14,kernel_add,0.033400,4096x1x1,64x1x1,3584x64x1x1
attn_norm-15,kernel_rms_norm_mul,0.027500,65536x1x1,1024x1x1,3584x64x1x1
Qcur-15,kernel_add_row,0.060300,57344x0x0,64x0x0,3584x64x1x1
Qcur-15,kernel_rope_neox_f32,0.022000,1792x64x1,64x1x1,128x28x64x1
Kcur-15,kernel_add_row,0.006600,8192x0x0,64x0x0,512x64x1x1
Kcur-15,kernel_rope_neox_f32,0.004200,256x64x1,64x1x1,128x4x64x1
Vcur-15,kernel_add_row,0.003900,8192x0x0,64x0x0,512x64x1x1
cache_k_l15 (view),kernel_set_rows_f16_i64,0.005500,32768x1x1,512x1x1,512x4096x1x1
cache_v_l15 (view),kernel_set_rows_f16_i64,0.004600,32768x1x1,512x1x1,512x4096x1x1
__fattn__-15,flash_attn_f32_f16,15.786400,64x28x0,32x1x0,128x28x64x1
ffn_inp-15,kernel_add,0.036600,4096x1x1,64x1x1,3584x64x1x1
ffn_norm-15,kernel_rms_norm_mul,0.024900,65536x1x1,1024x1x1,3584x64x1x1
l_out-15,kernel_add,0.035500,4096x1x1,64x1x1,3584x64x1x1
attn_norm-16,kernel_rms_norm_mul,0.027500,65536x1x1,1024x1x1,3584x64x1x1
Qcur-16,kernel_add_row,0.019500,57344x0x0,64x0x0,3584x64x1x1
Qcur-16,kernel_rope_neox_f32,0.020600,1792x64x1,64x1x1,128x28x64x1
Kcur-16,kernel_add_row,0.006500,8192x0x0,64x0x0,512x64x1x1
Kcur-16,kernel_rope_neox_f32,0.004200,256x64x1,64x1x1,128x4x64x1
Vcur-16,kernel_add_row,0.003800,8192x0x0,64x0x0,512x64x1x1
cache_k_l16 (view),kernel_set_rows_f16_i64,0.005800,32768x1x1,512x1x1,512x4096x1x1
cache_v_l16 (view),kernel_set_rows_f16_i64,0.004600,32768x1x1,512x1x1,512x4096x1x1
__fattn__-16,flash_attn_f32_f16,15.526100,64x28x0,32x1x0,128x28x64x1
ffn_inp-16,kernel_add,0.037100,4096x1x1,64x1x1,3584x64x1x1
ffn_norm-16,kernel_rms_norm_mul,0.025900,65536x1x1,1024x1x1,3584x64x1x1
l_out-16,kernel_add,0.035700,4096x1x1,64x1x1,3584x64x1x1
attn_norm-17,kernel_rms_norm_mul,0.027400,65536x1x1,1024x1x1,3584x64x1x1
Qcur-17,kernel_add_row,0.019300,57344x0x0,64x0x0,3584x64x1x1
Qcur-17,kernel_rope_neox_f32,0.019700,1792x64x1,64x1x1,128x28x64x1
Kcur-17,kernel_add_row,0.004100,8192x0x0,64x0x0,512x64x1x1
Kcur-17,kernel_rope_neox_f32,0.004300,256x64x1,64x1x1,128x4x64x1
node_590,kernel_mul_mv_q6_K_f32,3.765700,512x4096x1,2x64x1,512x64x1x1
Vcur-17,kernel_add_row,0.003500,8192x0x0,64x0x0,512x64x1x1
cache_k_l17 (view),kernel_set_rows_f16_i64,0.005500,32768x1x1,512x1x1,512x4096x1x1
cache_v_l17 (view),kernel_set_rows_f16_i64,0.004600,32768x1x1,512x1x1,512x4096x1x1
__fattn__-17,flash_attn_f32_f16,15.543000,64x28x0,32x1x0,128x28x64x1
ffn_inp-17,kernel_add,0.036100,4096x1x1,64x1x1,3584x64x1x1
ffn_norm-17,kernel_rms_norm_mul,0.024400,65536x1x1,1024x1x1,3584x64x1x1
ffn_swiglu-17,kernel_swiglu,0.206800,32768x1x1,512x1x1,18944x64x1x1
ffn_out-17,kernel_mul_mv_q6_K_f32,132.108597,3584x4096x1,2x64x1,3584x64x1x1
l_out-17,kernel_add,0.033600,4096x1x1,64x1x1,3584x64x1x1
attn_norm-18,kernel_rms_norm_mul,0.026500,65536x1x1,1024x1x1,3584x64x1x1
Qcur-18,kernel_add_row,0.060100,57344x0x0,64x0x0,3584x64x1x1
Qcur-18,kernel_rope_neox_f32,0.020700,1792x64x1,64x1x1,128x28x64x1
Kcur-18,kernel_add_row,0.006100,8192x0x0,64x0x0,512x64x1x1
Kcur-18,kernel_rope_neox_f32,0.004200,256x64x1,64x1x1,128x4x64x1
Vcur-18,kernel_add_row,0.003800,8192x0x0,64x0x0,512x64x1x1
cache_k_l18 (view),kernel_set_rows_f16_i64,0.005500,32768x1x1,512x1x1,512x4096x1x1
cache_v_l18 (view),kernel_set_rows_f16_i64,0.004600,32768x1x1,512x1x1,512x4096x1x1
__fattn__-18,flash_attn_f32_f16,15.471500,64x28x0,32x1x0,128x28x64x1
ffn_inp-18,kernel_add,0.036200,4096x1x1,64x1x1,3584x64x1x1
ffn_norm-18,kernel_rms_norm_mul,0.025200,65536x1x1,1024x1x1,3584x64x1x1
l_out-18,kernel_add,0.035200,4096x1x1,64x1x1,3584x64x1x1
attn_norm-19,kernel_rms_norm_mul,0.027600,65536x1x1,1024x1x1,3584x64x1x1
Qcur-19,kernel_add_row,0.019300,57344x0x0,64x0x0,3584x64x1x1
Qcur-19,kernel_rope_neox_f32,0.020200,1792x64x1,64x1x1,128x28x64x1
Kcur-19,kernel_add_row,0.006600,8192x0x0,64x0x0,512x64x1x1
Kcur-19,kernel_rope_neox_f32,0.004100,256x64x1,64x1x1,128x4x64x1
Vcur-19,kernel_add_row,0.003700,8192x0x0,64x0x0,512x64x1x1
cache_k_l19 (view),kernel_set_rows_f16_i64,0.005300,32768x1x1,512x1x1,512x4096x1x1
cache_v_l19 (view),kernel_set_rows_f16_i64,0.004500,32768x1x1,512x1x1,512x4096x1x1
__fattn__-19,flash_attn_f32_f16,15.509600,64x28x0,32x1x0,128x28x64x1
ffn_inp-19,kernel_add,0.036900,4096x1x1,64x1x1,3584x64x1x1
ffn_norm-19,kernel_rms_norm_mul,0.023900,65536x1x1,1024x1x1,3584x64x1x1
l_out-19,kernel_add,0.035700,4096x1x1,64x1x1,3584x64x1x1
attn_norm-20,kernel_rms_norm_mul,0.025400,65536x1x1,1024x1x1,3584x64x1x1
Qcur-20,kernel_add_row,0.019000,57344x0x0,64x0x0,3584x64x1x1
Qcur-20,kernel_rope_neox_f32,0.020300,1792x64x1,64x1x1,128x28x64x1
Kcur-20,kernel_add_row,0.004000,8192x0x0,64x0x0,512x64x1x1
Kcur-20,kernel_rope_neox_f32,0.004400,256x64x1,64x1x1,128x4x64x1
node_692,kernel_mul_mv_q6_K_f32,3.768800,512x4096x1,2x64x1,512x64x1x1
Vcur-20,kernel_add_row,0.003700,8192x0x0,64x0x0,512x64x1x1
cache_k_l20 (view),kernel_set_rows_f16_i64,0.005500,32768x1x1,512x1x1,512x4096x1x1
cache_v_l20 (view),kernel_set_rows_f16_i64,0.004600,32768x1x1,512x1x1,512x4096x1x1
__fattn__-20,flash_attn_f32_f16,15.815600,64x28x0,32x1x0,128x28x64x1
ffn_inp-20,kernel_add,0.035500,4096x1x1,64x1x1,3584x64x1x1
ffn_norm-20,kernel_rms_norm_mul,0.025700,65536x1x1,1024x1x1,3584x64x1x1
ffn_swiglu-20,kernel_swiglu,0.207900,32768x1x1,512x1x1,18944x64x1x1
ffn_out-20,kernel_mul_mv_q6_K_f32,132.119690,3584x4096x1,2x64x1,3584x64x1x1
l_out-20,kernel_add,0.033300,4096x1x1,64x1x1,3584x64x1x1
attn_norm-21,kernel_rms_norm_mul,0.026500,65536x1x1,1024x1x1,3584x64x1x1
Qcur-21,kernel_add_row,0.059600,57344x0x0,64x0x0,3584x64x1x1
Qcur-21,kernel_rope_neox_f32,0.022200,1792x64x1,64x1x1,128x28x64x1
Kcur-21,kernel_add_row,0.006500,8192x0x0,64x0x0,512x64x1x1
Kcur-21,kernel_rope_neox_f32,0.004200,256x64x1,64x1x1,128x4x64x1
Vcur-21,kernel_add_row,0.003900,8192x0x0,64x0x0,512x64x1x1
cache_k_l21 (view),kernel_set_rows_f16_i64,0.005600,32768x1x1,512x1x1,512x4096x1x1
cache_v_l21 (view),kernel_set_rows_f16_i64,0.004600,32768x1x1,512x1x1,512x4096x1x1
__fattn__-21,flash_attn_f32_f16,15.804400,64x28x0,32x1x0,128x28x64x1
ffn_inp-21,kernel_add,0.036700,4096x1x1,64x1x1,3584x64x1x1
ffn_norm-21,kernel_rms_norm_mul,0.025200,65536x1x1,1024x1x1,3584x64x1x1
l_out-21,kernel_add,0.036400,4096x1x1,64x1x1,3584x64x1x1
attn_norm-22,kernel_rms_norm_mul,0.026500,65536x1x1,1024x1x1,3584x64x1x1
Qcur-22,kernel_add_row,0.019100,57344x0x0,64x0x0,3584x64x1x1
Qcur-22,kernel_rope_neox_f32,0.021200,1792x64x1,64x1x1,128x28x64x1
Kcur-22,kernel_add_row,0.006500,8192x0x0,64x0x0,512x64x1x1
Kcur-22,kernel_rope_neox_f32,0.004200,256x64x1,64x1x1,128x4x64x1
Vcur-22,kernel_add_row,0.003700,8192x0x0,64x0x0,512x64x1x1
cache_k_l22 (view),kernel_set_rows_f16_i64,0.005400,32768x1x1,512x1x1,512x4096x1x1
cache_v_l22 (view),kernel_set_rows_f16_i64,0.004500,32768x1x1,512x1x1,512x4096x1x1
__fattn__-22,flash_attn_f32_f16,15.499300,64x28x0,32x1x0,128x28x64x1
ffn_inp-22,kernel_add,0.036400,4096x1x1,64x1x1,3584x64x1x1
ffn_norm-22,kernel_rms_norm_mul,0.025800,65536x1x1,1024x1x1,3584x64x1x1
l_out-22,kernel_add,0.036000,4096x1x1,64x1x1,3584x64x1x1
attn_norm-23,kernel_rms_norm_mul,0.026500,65536x1x1,1024x1x1,3584x64x1x1
Qcur-23,kernel_add_row,0.018900,57344x0x0,64x0x0,3584x64x1x1
Qcur-23,kernel_rope_neox_f32,0.020800,1792x64x1,64x1x1,128x28x64x1
Kcur-23,kernel_add_row,0.004000,8192x0x0,64x0x0,512x64x1x1
Kcur-23,kernel_rope_neox_f32,0.004100,256x64x1,64x1x1,128x4x64x1
node_794,kernel_mul_mv_q6_K_f32,3.771300,512x4096x1,2x64x1,512x64x1x1
Vcur-23,kernel_add_row,0.003700,8192x0x0,64x0x0,512x64x1x1
cache_k_l23 (view),kernel_set_rows_f16_i64,0.005700,32768x1x1,512x1x1,512x4096x1x1
cache_v_l23 (view),kernel_set_rows_f16_i64,0.004700,32768x1x1,512x1x1,512x4096x1x1
__fattn__-23,flash_attn_f32_f16,15.815000,64x28x0,32x1x0,128x28x64x1
ffn_inp-23,kernel_add,0.037700,4096x1x1,64x1x1,3584x64x1x1
ffn_norm-23,kernel_rms_norm_mul,0.024700,65536x1x1,1024x1x1,3584x64x1x1
ffn_swiglu-23,kernel_swiglu,0.206600,32768x1x1,512x1x1,18944x64x1x1
ffn_out-23,kernel_mul_mv_q6_K_f32,132.346405,3584x4096x1,2x64x1,3584x64x1x1
l_out-23,kernel_add,0.033800,4096x1x1,64x1x1,3584x64x1x1
attn_norm-24,kernel_rms_norm_mul,0.025500,65536x1x1,1024x1x1,3584x64x1x1
Qcur-24,kernel_add_row,0.060500,57344x0x0,64x0x0,3584x64x1x1
Qcur-24,kernel_rope_neox_f32,0.022900,1792x64x1,64x1x1,128x28x64x1
Kcur-24,kernel_add_row,0.006400,8192x0x0,64x0x0,512x64x1x1
Kcur-24,kernel_rope_neox_f32,0.004200,256x64x1,64x1x1,128x4x64x1
node_828,kernel_mul_mv_q6_K_f32,3.769200,512x4096x1,2x64x1,512x64x1x1
Vcur-24,kernel_add_row,0.003800,8192x0x0,64x0x0,512x64x1x1
cache_k_l24 (view),kernel_set_rows_f16_i64,0.005600,32768x1x1,512x1x1,512x4096x1x1
cache_v_l24 (view),kernel_set_rows_f16_i64,0.004600,32768x1x1,512x1x1,512x4096x1x1
__fattn__-24,flash_attn_f32_f16,15.947100,64x28x0,32x1x0,128x28x64x1
ffn_inp-24,kernel_add,0.037300,4096x1x1,64x1x1,3584x64x1x1
ffn_norm-24,kernel_rms_norm_mul,0.025300,65536x1x1,1024x1x1,3584x64x1x1
ffn_swiglu-24,kernel_swiglu,0.206400,32768x1x1,512x1x1,18944x64x1x1
ffn_out-24,kernel_mul_mv_q6_K_f32,132.481903,3584x4096x1,2x64x1,3584x64x1x1
l_out-24,kernel_add,0.034100,4096x1x1,64x1x1,3584x64x1x1
attn_norm-25,kernel_rms_norm_mul,0.025800,65536x1x1,1024x1x1,3584x64x1x1
Qcur-25,kernel_add_row,0.061300,57344x0x0,64x0x0,3584x64x1x1
Qcur-25,kernel_rope_neox_f32,0.022500,1792x64x1,64x1x1,128x28x64x1
Kcur-25,kernel_add_row,0.006200,8192x0x0,64x0x0,512x64x1x1
Kcur-25,kernel_rope_neox_f32,0.004100,256x64x1,64x1x1,128x4x64x1
node_862,kernel_mul_mv_q6_K_f32,3.775900,512x4096x1,2x64x1,512x64x1x1
Vcur-25,kernel_add_row,0.003800,8192x0x0,64x0x0,512x64x1x1
cache_k_l25 (view),kernel_set_rows_f16_i64,0.005900,32768x1x1,512x1x1,512x4096x1x1
cache_v_l25 (view),kernel_set_rows_f16_i64,0.004700,32768x1x1,512x1x1,512x4096x1x1
__fattn__-25,flash_attn_f32_f16,15.814900,64x28x0,32x1x0,128x28x64x1
ffn_inp-25,kernel_add,0.037100,4096x1x1,64x1x1,3584x64x1x1
ffn_norm-25,kernel_rms_norm_mul,0.024500,65536x1x1,1024x1x1,3584x64x1x1
ffn_swiglu-25,kernel_swiglu,0.204200,32768x1x1,512x1x1,18944x64x1x1
ffn_out-25,kernel_mul_mv_q6_K_f32,132.388000,3584x4096x1,2x64x1,3584x64x1x1
l_out-25,kernel_add,0.033900,4096x1x1,64x1x1,3584x64x1x1
attn_norm-26,kernel_rms_norm_mul,0.026300,65536x1x1,1024x1x1,3584x64x1x1
Qcur-26,kernel_add_row,0.060700,57344x0x0,64x0x0,3584x64x1x1
Qcur-26,kernel_rope_neox_f32,0.021800,1792x64x1,64x1x1,128x28x64x1
Kcur-26,kernel_add_row,0.006000,8192x0x0,64x0x0,512x64x1x1
Kcur-26,kernel_rope_neox_f32,0.004200,256x64x1,64x1x1,128x4x64x1
node_896,kernel_mul_mv_q6_K_f32,3.767100,512x4096x1,2x64x1,512x64x1x1
Vcur-26,kernel_add_row,0.003500,8192x0x0,64x0x0,512x64x1x1
cache_k_l26 (view),kernel_set_rows_f16_i64,0.005700,32768x1x1,512x1x1,512x4096x1x1
cache_v_l26 (view),kernel_set_rows_f16_i64,0.004700,32768x1x1,512x1x1,512x4096x1x1
__fattn__-26,flash_attn_f32_f16,15.785900,64x28x0,32x1x0,128x28x64x1
ffn_inp-26,kernel_add,0.036000,4096x1x1,64x1x1,3584x64x1x1
ffn_norm-26,kernel_rms_norm_mul,0.024000,65536x1x1,1024x1x1,3584x64x1x1
ffn_swiglu-26,kernel_swiglu,0.205700,32768x1x1,512x1x1,18944x64x1x1
ffn_out-26,kernel_mul_mv_q6_K_f32,134.681198,3584x4096x1,2x64x1,3584x64x1x1
l_out-26,kernel_add,0.033400,4096x1x1,64x1x1,3584x64x1x1
attn_norm-27,kernel_rms_norm_mul,0.025700,65536x1x1,1024x1x1,3584x64x1x1
Qcur-27,kernel_add_row,0.061000,57344x0x0,64x0x0,3584x64x1x1
Qcur-27,kernel_rope_neox_f32,0.027600,1792x64x1,64x1x1,128x28x64x1
Kcur-27,kernel_add_row,0.006400,8192x0x0,64x0x0,512x64x1x1
Kcur-27,kernel_rope_neox_f32,0.004200,256x64x1,64x1x1,128x4x64x1
node_930,kernel_mul_mv_q6_K_f32,3.769100,512x4096x1,2x64x1,512x64x1x1
Vcur-27,kernel_add_row,0.003800,8192x0x0,64x0x0,512x64x1x1
cache_k_l27 (view),kernel_set_rows_f16_i64,0.005500,32768x1x1,512x1x1,512x4096x1x1
cache_v_l27 (view),kernel_set_rows_f16_i64,0.004700,32768x1x1,512x1x1,512x4096x1x1
__fattn__-27,flash_attn_f32_f16,15.484600,64x28x0,32x1x0,128x28x64x1
attn_norm-0,kernel_rms_norm_mul,0.021100,37888x1x1,1024x1x1,3584x37x1x1
Qcur-0,kernel_add_row,0.012400,33152x0x0,64x0x0,3584x37x1x1
Qcur-0,kernel_rope_neox_f32,0.009900,1792x37x1,64x1x1,128x28x37x1
Kcur-0,kernel_add_row,0.003100,4736x0x0,64x0x0,512x37x1x1
Kcur-0,kernel_rope_neox_f32,0.003400,256x37x1,64x1x1,128x4x37x1
node_11,kernel_mul_mv_q6_K_f32,2.186500,512x2368x1,2x64x1,512x37x1x1
Vcur-0,kernel_add_row,0.003100,4736x0x0,64x0x0,512x37x1x1
cache_k_l0 (view),kernel_set_rows_f16_i64,0.004000,18944x1x1,512x1x1,512x4096x1x1
cache_v_l0 (view),kernel_set_rows_f16_i64,0.003700,18944x1x1,512x1x1,512x4096x1x1
 (copy),kernel_cpy_f32_f16,0.006400,4096x1x1,64x1x1,768x64x1x1
__fattn__-0,flash_attn_f32_f16,13.626300,64x28x0,32x1x0,128x28x37x1
ffn_inp-0,kernel_add,0.027500,2368x1x1,64x1x1,3584x37x1x1
ffn_norm-0,kernel_rms_norm_mul,0.017500,37888x1x1,1024x1x1,3584x37x1x1
ffn_swiglu-0,kernel_swiglu,0.123300,18944x1x1,512x1x1,18944x37x1x1
ffn_out-0,kernel_mul_mv_q6_K_f32,91.500801,3584x2368x1,2x64x1,3584x37x1x1
l_out-0,kernel_add,0.025200,2368x1x1,64x1x1,3584x37x1x1
attn_norm-1,kernel_rms_norm_mul,0.017400,37888x1x1,1024x1x1,3584x37x1x1
Qcur-1,kernel_add_row,0.012500,33152x0x0,64x0x0,3584x37x1x1
Qcur-1,kernel_rope_neox_f32,0.010000,1792x37x1,64x1x1,128x28x37x1
Kcur-1,kernel_add_row,0.005600,4736x0x0,64x0x0,512x37x1x1
Kcur-1,kernel_rope_neox_f32,0.003500,256x37x1,64x1x1,128x4x37x1
node_46,kernel_mul_mv_q6_K_f32,2.192900,512x2368x1,2x64x1,512x37x1x1
Vcur-1,kernel_add_row,0.003100,4736x0x0,64x0x0,512x37x1x1
cache_k_l1 (view),kernel_set_rows_f16_i64,0.004100,18944x1x1,512x1x1,512x4096x1x1
cache_v_l1 (view),kernel_set_rows_f16_i64,0.003800,18944x1x1,512x1x1,512x4096x1x1
__fattn__-1,flash_attn_f32_f16,13.601300,64x28x0,32x1x0,128x28x37x1
ffn_inp-1,kernel_add,0.027400,2368x1x1,64x1x1,3584x37x1x1
ffn_norm-1,kernel_rms_norm_mul,0.017100,37888x1x1,1024x1x1,3584x37x1x1
ffn_swiglu-1,kernel_swiglu,0.125400,18944x1x1,512x1x1,18944x37x1x1
ffn_out-1,kernel_mul_mv_q6_K_f32,91.507904,3584x2368x1,2x64x1,3584x37x1x1
l_out-1,kernel_add,0.025700,2368x1x1,64x1x1,3584x37x1x1
attn_norm-2,kernel_rms_norm_mul,0.017700,37888x1x1,1024x1x1,3584x37x1x1
Qcur-2,kernel_add_row,0.012200,33152x0x0,64x0x0,3584x37x1x1
Qcur-2,kernel_rope_neox_f32,0.010200,1792x37x1,64x1x1,128x28x37x1
Kcur-2,kernel_add_row,0.005500,4736x0x0,64x0x0,512x37x1x1
Kcur-2,kernel_rope_neox_f32,0.003400,256x37x1,64x1x1,128x4x37x1
node_80,kernel_mul_mv_q6_K_f32,2.194600,512x2368x1,2x64x1,512x37x1x1
Vcur-2,kernel_add_row,0.003100,4736x0x0,64x0x0,512x37x1x1
cache_k_l2 (view),kernel_set_rows_f16_i64,0.004300,18944x1x1,512x1x1,512x4096x1x1
cache_v_l2 (view),kernel_set_rows_f16_i64,0.003600,18944x1x1,512x1x1,512x4096x1x1
__fattn__-2,flash_attn_f32_f16,13.672600,64x28x0,32x1x0,128x28x37x1
ffn_inp-2,kernel_add,0.027300,2368x1x1,64x1x1,3584x37x1x1
ffn_norm-2,kernel_rms_norm_mul,0.017500,37888x1x1,1024x1x1,3584x37x1x1
ffn_swiglu-2,kernel_swiglu,0.122700,18944x1x1,512x1x1,18944x37x1x1
ffn_out-2,kernel_mul_mv_q6_K_f32,91.942001,3584x2368x1,2x64x1,3584x37x1x1
l_out-2,kernel_add,0.025700,2368x1x1,64x1x1,3584x37x1x1
attn_norm-3,kernel_rms_norm_mul,0.016900,37888x1x1,1024x1x1,3584x37x1x1
Qcur-3,kernel_add_row,0.012200,33152x0x0,64x0x0,3584x37x1x1
Qcur-3,kernel_rope_neox_f32,0.011100,1792x37x1,64x1x1,128x28x37x1
Kcur-3,kernel_add_row,0.005400,4736x0x0,64x0x0,512x37x1x1
Kcur-3,kernel_rope_neox_f32,0.003400,256x37x1,64x1x1,128x4x37x1
Vcur-3,kernel_add_row,0.003100,4736x0x0,64x0x0,512x37x1x1
cache_k_l3 (view),kernel_set_rows_f16_i64,0.004000,18944x1x1,512x1x1,512x4096x1x1
cache_v_l3 (view),kernel_set_rows_f16_i64,0.003600,18944x1x1,512x1x1,512x4096x1x1
__fattn__-3,flash_attn_f32_f16,13.725900,64x28x0,32x1x0,128x28x37x1
ffn_inp-3,kernel_add,0.027800,2368x1x1,64x1x1,3584x37x1x1
ffn_norm-3,kernel_rms_norm_mul,0.017700,37888x1x1,1024x1x1,3584x37x1x1
l_out-3,kernel_add,0.027000,2368x1x1,64x1x1,3584x37x1x1
attn_norm-4,kernel_rms_norm_mul,0.018200,37888x1x1,1024x1x1,3584x37x1x1
Qcur-4,kernel_add_row,0.012400,33152x0x0,64x0x0,3584x37x1x1
Qcur-4,kernel_rope_neox_f32,0.010500,1792x37x1,64x1x1,128x28x37x1
Kcur-4,kernel_add_row,0.005600,4736x0x0,64x0x0,512x37x1x1
Kcur-4,kernel_rope_neox_f32,0.003300,256x37x1,64x1x1,128x4x37x1
Vcur-4,kernel_add_row,0.003200,4736x0x0,64x0x0,512x37x1x1
cache_k_l4 (view),kernel_set_rows_f16_i64,0.004600,18944x1x1,512x1x1,512x4096x1x1
cache_v_l4 (view),kernel_set_rows_f16_i64,0.003600,18944x1x1,512x1x1,512x4096x1x1
__fattn__-4,flash_attn_f32_f16,13.647900,64x28x0,32x1x0,128x28x37x1
ffn_inp-4,kernel_add,0.026400,2368x1x1,64x1x1,3584x37x1x1
ffn_norm-4,kernel_rms_norm_mul,0.017500,37888x1x1,1024x1x1,3584x37x1x1
l_out-4,kernel_add,0.028000,2368x1x1,64x1x1,3584x37x1x1
attn_norm-5,kernel_rms_norm_mul,0.017900,37888x1x1,1024x1x1,3584x37x1x1
Qcur-5,kernel_add_row,0.012100,33152x0x0,64x0x0,3584x37x1x1
Qcur-5,kernel_rope_neox_f32,0.009600,1792x37x1,64x1x1,128x28x37x1
Kcur-5,kernel_add_row,0.005700,4736x0x0,64x0x0,512x37x1x1
Kcur-5,kernel_rope_neox_f32,0.003400,256x37x1,64x1x1,128x4x37x1
node_182,kernel_mul_mv_q6_K_f32,2.188300,512x2368x1,2x64x1,512x37x1x1
Vcur-5,kernel_add_row,0.003100,4736x0x0,64x0x0,512x37x1x1
cache_k_l5 (view),kernel_set_rows_f16_i64,0.004500,18944x1x1,512x1x1,512x4096x1x1
cache_v_l5 (view),kernel_set_rows_f16_i64,0.003700,18944x1x1,512x1x1,512x4096x1x1
__fattn__-5,flash_attn_f32_f16,13.672600,64x28x0,32x1x0,128x28x37x1
ffn_inp-5,kernel_add,0.027100,2368x1x1,64x1x1,3584x37x1x1
ffn_norm-5,kernel_rms_norm_mul,0.017300,37888x1x1,1024x1x1,3584x37x1x1
ffn_swiglu-5,kernel_swiglu,0.126400,18944x1x1,512x1x1,18944x37x1x1
ffn_out-5,kernel_mul_mv_q6_K_f32,91.538895,3584x2368x1,2x64x1,3584x37x1x1
l_out-5,kernel_add,0.025200,2368x1x1,64x1x1,3584x37x1x1
attn_norm-6,kernel_rms_norm_mul,0.017500,37888x1x1,1024x1x1,3584x37x1x1
Qcur-6,kernel_add_row,0.012000,33152x0x0,64x0x0,3584x37x1x1
Qcur-6,kernel_rope_neox_f32,0.011500,1792x37x1,64x1x1,128x28x37x1
Kcur-6,kernel_add_row,0.005600,4736x0x0,64x0x0,512x37x1x1
Kcur-6,kernel_rope_neox_f32,0.003300,256x37x1,64x1x1,128x4x37x1
Vcur-6,kernel_add_row,0.003100,4736x0x0,64x0x0,512x37x1x1
cache_k_l6 (view),kernel_set_rows_f16_i64,0.004000,18944x1x1,512x1x1,512x4096x1x1
cache_v_l6 (view),kernel_set_rows_f16_i64,0.003600,18944x1x1,512x1x1,512x4096x1x1
__fattn__-6,flash_attn_f32_f16,13.594700,64x28x0,32x1x0,128x28x37x1
ffn_inp-6,kernel_add,0.027900,2368x1x1,64x1x1,3584x37x1x1
ffn_norm-6,kernel_rms_norm_mul,0.017300,37888x1x1,1024x1x1,3584x37x1x1
l_out-6,kernel_add,0.027100,2368x1x1,64x1x1,3584x37x1x1
attn_norm-7,kernel_rms_norm_mul,0.017800,37888x1x1,1024x1x1,3584x37x1x1
Qcur-7,kernel_add_row,0.011900,33152x0x0,64x0x0,3584x37x1x1
Qcur-7,kernel_rope_neox_f32,0.010700,1792x37x1,64x1x1,128x28x37x1
Kcur-7,kernel_add_row,0.005600,4736x0x0,64x0x0,512x37x1x1
Kcur-7,kernel_rope_neox_f32,0.003400,256x37x1,64x1x1,128x4x37x1
Vcur-7,kernel_add_row,0.003100,4736x0x0,64x0x0,512x37x1x1
cache_k_l7 (view),kernel_set_rows_f16_i64,0.004400,18944x1x1,512x1x1,512x4096x1x1
cache_v_l7 (view),kernel_set_rows_f16_i64,0.003600,18944x1x1,512x1x1,512x4096x1x1
__fattn__-7,flash_attn_f32_f16,13.739400,64x28x0,32x1x0,128x28x37x1
ffn_inp-7,kernel_add,0.026200,2368x1x1,64x1x1,3584x37x1x1
ffn_norm-7,kernel_rms_norm_mul,0.017600,37888x1x1,1024x1x1,3584x37x1x1
l_out-7,kernel_add,0.026800,2368x1x1,64x1x1,3584x37x1x1
attn_norm-8,kernel_rms_norm_mul,0.018300,37888x1x1,1024x1x1,3584x37x1x1
Qcur-8,kernel_add_row,0.011800,33152x0x0,64x0x0,3584x37x1x1
Qcur-8,kernel_rope_neox_f32,0.009900,1792x37x1,64x1x1,128x28x37x1
Kcur-8,kernel_add_row,0.003600,4736x0x0,64x0x0,512x37x1x1
Kcur-8,kernel_rope_neox_f32,0.003300,256x37x1,64x1x1,128x4x37x1
node_284,kernel_mul_mv_q6_K_f32,2.185400,512x2368x1,2x64x1,512x37x1x1
Vcur-8,kernel_add_row,0.003200,4736x0x0,64x0x0,512x37x1x1
cache_k_l8 (view),kernel_set_rows_f16_i64,0.004500,18944x1x1,512x1x1,512x4096x1x1
cache_v_l8 (view),kernel_set_rows_f16_i64,0.003600,18944x1x1,512x1x1,512x4096x1x1
__fattn__-8,flash_attn_f32_f16,13.747200,64x28x0,32x1x0,128x28x37x1
ffn_inp-8,kernel_add,0.026800,2368x1x1,64x1x1,3584x37x1x1
ffn_norm-8,kernel_rms_norm_mul,0.016600,37888x1x1,1024x1x1,3584x37x1x1
ffn_swiglu-8,kernel_swiglu,0.123800,18944x1x1,512x1x1,18944x37x1x1
ffn_out-8,kernel_mul_mv_q6_K_f32,91.587997,3584x2368x1,2x64x1,3584x37x1x1
l_out-8,kernel_add,0.026000,2368x1x1,64x1x1,3584x37x1x1
attn_norm-9,kernel_rms_norm_mul,0.017200,37888x1x1,1024x1x1,3584x37x1x1
Qcur-9,kernel_add_row,0.012000,33152x0x0,64x0x0,3584x37x1x1
Qcur-9,kernel_rope_neox_f32,0.011400,1792x37x1,64x1x1,128x28x37x1
Kcur-9,kernel_add_row,0.005700,4736x0x0,64x0x0,512x37x1x1
Kcur-9,kernel_rope_neox_f32,0.003400,256x37x1,64x1x1,128x4x37x1
Vcur-9,kernel_add_row,0.005200,4736x0x0,64x0x0,512x37x1x1
cache_k_l9 (view),kernel_set_rows_f16_i64,0.004000,18944x1x1,512x1x1,512x4096x1x1
cache_v_l9 (view),kernel_set_rows_f16_i64,0.003600,18944x1x1,512x1x1,512x4096x1x1
__fattn__-9,flash_attn_f32_f16,13.719000,64x28x0,32x1x0,128x28x37x1
ffn_inp-9,kernel_add,0.028100,2368x1x1,64x1x1,3584x37x1x1
ffn_norm-9,kernel_rms_norm_mul,0.018000,37888x1x1,1024x1x1,3584x37x1x1
l_out-9,kernel_add,0.027000,2368x1x1,64x1x1,3584x37x1x1
attn_norm-10,kernel_rms_norm_mul,0.018900,37888x1x1,1024x1x1,3584x37x1x1
Qcur-10,kernel_add_row,0.012600,33152x0x0,64x0x0,3584x37x1x1
Qcur-10,kernel_rope_neox_f32,0.010900,1792x37x1,64x1x1,128x28x37x1
Kcur-10,kernel_add_row,0.005700,4736x0x0,64x0x0,512x37x1x1
Kcur-10,kernel_rope_neox_f32,0.003400,256x37x1,64x1x1,128x4x37x1
Vcur-10,kernel_add_row,0.003100,4736x0x0,64x0x0,512x37x1x1
cache_k_l10 (view),kernel_set_rows_f16_i64,0.004500,18944x1x1,512x1x1,512x4096x1x1
cache_v_l10 (view),kernel_set_rows_f16_i64,0.003700,18944x1x1,512x1x1,512x4096x1x1
__fattn__-10,flash_attn_f32_f16,13.746800,64x28x0,32x1x0,128x28x37x1
ffn_inp-10,kernel_add,0.025900,2368x1x1,64x1x1,3584x37x1x1
ffn_norm-10,kernel_rms_norm_mul,0.017800,37888x1x1,1024x1x1,3584x37x1x1
l_out-10,kernel_add,0.027200,2368x1x1,64x1x1,3584x37x1x1
attn_norm-11,kernel_rms_norm_mul,0.017900,37888x1x1,1024x1x1,3584x37x1x1
Qcur-11,kernel_add_row,0.012300,33152x0x0,64x0x0,3584x37x1x1
Qcur-11,kernel_rope_neox_f32,0.009900,1792x37x1,64x1x1,128x28x37x1
Kcur-11,kernel_add_row,0.003500,4736x0x0,64x0x0,512x37x1x1
Kcur-11,kernel_rope_neox_f32,0.003400,256x37x1,64x1x1,128x4x37x1
node_386,kernel_mul_mv_q6_K_f32,2.184100,512x2368x1,2x64x1,512x37x1x1
Vcur-11,kernel_add_row,0.003100,4736x0x0,64x0x0,512x37x1x1
cache_k_l11 (view),kernel_set_rows_f16_i64,0.004500,18944x1x1,512x1x1,512x4096x1x1
cache_v_l11 (view),kernel_set_rows_f16_i64,0.003500,18944x1x1,512x1x1,512x4096x1x1
__fattn__-11,flash_attn_f32_f16,13.738600,64x28x0,32x1x0,128x28x37x1
ffn_inp-11,kernel_add,0.026900,2368x1x1,64x1x1,3584x37x1x1
ffn_norm-11,kernel_rms_norm_mul,0.017000,37888x1x1,1024x1x1,3584x37x1x1
ffn_swiglu-11,kernel_swiglu,0.126900,18944x1x1,512x1x1,18944x37x1x1
ffn_out-11,kernel_mul_mv_q6_K_f32,91.503197,3584x2368x1,2x64x1,3584x37x1x1
l_out-11,kernel_add,0.025600,2368x1x1,64x1x1,3584x37x1x1
attn_norm-12,kernel_rms_norm_mul,0.017500,37888x1x1,1024x1x1,3584x37x1x1
Qcur-12,kernel_add_row,0.012400,33152x0x0,64x0x0,3584x37x1x1
Qcur-12,kernel_rope_neox_f32,0.011000,1792x37x1,64x1x1,128x28x37x1
Kcur-12,kernel_add_row,0.005500,4736x0x0,64x0x0,512x37x1x1
Kcur-12,kernel_rope_neox_f32,0.003500,256x37x1,64x1x1,128x4x37x1
Vcur-12,kernel_add_row,0.003200,4736x0x0,64x0x0,512x37x1x1
cache_k_l12 (view),kernel_set_rows_f16_i64,0.004100,18944x1x1,512x1x1,512x4096x1x1
cache_v_l12 (view),kernel_set_rows_f16_i64,0.003600,18944x1x1,512x1x1,512x4096x1x1
__fattn__-12,flash_attn_f32_f16,13.747700,64x28x0,32x1x0,128x28x37x1
ffn_inp-12,kernel_add,0.028200,2368x1x1,64x1x1,3584x37x1x1
ffn_norm-12,kernel_rms_norm_mul,0.017100,37888x1x1,1024x1x1,3584x37x1x1
l_out-12,kernel_add,0.027700,2368x1x1,64x1x1,3584x37x1x1
attn_norm-13,kernel_rms_norm_mul,0.018100,37888x1x1,1024x1x1,3584x37x1x1
Qcur-13,kernel_add_row,0.012100,33152x0x0,64x0x0,3584x37x1x1
Qcur-13,kernel_rope_neox_f32,0.010900,1792x37x1,64x1x1,128x28x37x1
Kcur-13,kernel_add_row,0.005600,4736x0x0,64x0x0,512x37x1x1
Kcur-13,kernel_rope_neox_f32,0.003400,256x37x1,64x1x1,128x4x37x1
Vcur-13,kernel_add_row,0.003100,4736x0x0,64x0x0,512x37x1x1
cache_k_l13 (view),kernel_set_rows_f16_i64,0.004300,18944x1x1,512x1x1,512x4096x1x1
cache_v_l13 (view),kernel_set_rows_f16_i64,0.003600,18944x1x1,512x1x1,512x4096x1x1
__fattn__-13,flash_attn_f32_f16,13.767500,64x28x0,32x1x0,128x28x37x1
ffn_inp-13,kernel_add,0.026000,2368x1x1,64x1x1,3584x37x1x1
ffn_norm-13,kernel_rms_norm_mul,0.016900,37888x1x1,1024x1x1,3584x37x1x1
l_out-13,kernel_add,0.027200,2368x1x1,64x1x1,3584x37x1x1
attn_norm-14,kernel_rms_norm_mul,0.018500,37888x1x1,1024x1x1,3584x37x1x1
Qcur-14,kernel_add_row,0.011800,33152x0x0,64x0x0,3584x37x1x1
Qcur-14,kernel_rope_neox_f32,0.009900,1792x37x1,64x1x1,128x28x37x1
Kcur-14,kernel_add_row,0.003500,4736x0x0,64x0x0,512x37x1x1
Kcur-14,kernel_rope_neox_f32,0.003300,256x37x1,64x1x1,128x4x37x1
node_488,kernel_mul_mv_q6_K_f32,2.184300,512x2368x1,2x64x1,512x37x1x1
Vcur-14,kernel_add_row,0.002800,4736x0x0,64x0x0,512x37x1x1
cache_k_l14 (view),kernel_set_rows_f16_i64,0.004500,18944x1x1,512x1x1,512x4096x1x1
cache_v_l14 (view),kernel_set_rows_f16_i64,0.003600,18944x1x1,512x1x1,512x4096x1x1
__fattn__-14,flash_attn_f32_f16,13.754600,64x28x0,32x1x0,128x28x37x1
ffn_inp-14,kernel_add,0.026800,2368x1x1,64x1x1,3584x37x1x1
ffn_norm-14,kernel_rms_norm_mul,0.017000,37888x1x1,1024x1x1,3584x37x1x1
ffn_swiglu-14,kernel_swiglu,0.123800,18944x1x1,512x1x1,18944x37x1x1
ffn_out-14,kernel_mul_mv_q6_K_f32,91.459396,3584x2368x1,2x64x1,3584x37x1x1
l_out-14,kernel_add,0.025400,2368x1x1,64x1x1,3584x37x1x1
attn_norm-15,kernel_rms_norm_mul,0.017300,37888x1x1,1024x1x1,3584x37x1x1
Qcur-15,kernel_add_row,0.012100,33152x0x0,64x0x0,3584x37x1x1
Qcur-15,kernel_rope_neox_f32,0.011900,1792x37x1,64x1x1,128x28x37x1
Kcur-15,kernel_add_row,0.005600,4736x0x0,64x0x0,512x37x1x1
Kcur-15,kernel_rope_neox_f32,0.003500,256x37x1,64x1x1,128x4x37x1
Vcur-15,kernel_add_row,0.005400,4736x0x0,64x0x0,512x37x1x1
cache_k_l15 (view),kernel_set_rows_f16_i64,0.004100,18944x1x1,512x1x1,512x4096x1x1
cache_v_l15 (view),kernel_set_rows_f16_i64,0.003600,18944x1x1,512x1x1,512x4096x1x1
__fattn__-15,flash_attn_f32_f16,13.759600,64x28x0,32x1x0,128x28x37x1
ffn_inp-15,kernel_add,0.027500,2368x1x1,64x1x1,3584x37x1x1
ffn_norm-15,kernel_rms_norm_mul,0.017600,37888x1x1,1024x1x1,3584x37x1x1
l_out-15,kernel_add,0.027400,2368x1x1,64x1x1,3584x37x1x1
attn_norm-16,kernel_rms_norm_mul,0.018000,37888x1x1,1024x1x1,3584x37x1x1
Qcur-16,kernel_add_row,0.012000,33152x0x0,64x0x0,3584x37x1x1
Qcur-16,kernel_rope_neox_f32,0.010600,1792x37x1,64x1x1,128x28x37x1
Kcur-16,kernel_add_row,0.005600,4736x0x0,64x0x0,512x37x1x1
Kcur-16,kernel_rope_neox_f32,0.003400,256x37x1,64x1x1,128x4x37x1
Vcur-16,kernel_add_row,0.003000,4736x0x0,64x0x0,512x37x1x1
cache_k_l16 (view),kernel_set_rows_f16_i64,0.004300,18944x1x1,512x1x1,512x4096x1x1
cache_v_l16 (view),kernel_set_rows_f16_i64,0.003500,18944x1x1,512x1x1,512x4096x1x1
__fattn__-16,flash_attn_f32_f16,13.752000,64x28x0,32x1x0,128x28x37x1
ffn_inp-16,kernel_add,0.025500,2368x1x1,64x1x1,3584x37x1x1
ffn_norm-16,kernel_rms_norm_mul,0.017200,37888x1x1,1024x1x1,3584x37x1x1
l_out-16,kernel_add,0.027400,2368x1x1,64x1x1,3584x37x1x1
attn_norm-17,kernel_rms_norm_mul,0.018100,37888x1x1,1024x1x1,3584x37x1x1
Qcur-17,kernel_add_row,0.012500,33152x0x0,64x0x0,3584x37x1x1
Qcur-17,kernel_rope_neox_f32,0.009700,1792x37x1,64x1x1,128x28x37x1
Kcur-17,kernel_add_row,0.003500,4736x0x0,64x0x0,512x37x1x1
Kcur-17,kernel_rope_neox_f32,0.003300,256x37x1,64x1x1,128x4x37x1
node_590,kernel_mul_mv_q6_K_f32,2.185300,512x2368x1,2x64x1,512x37x1x1
Vcur-17,kernel_add_row,0.003200,4736x0x0,64x0x0,512x37x1x1
cache_k_l17 (view),kernel_set_rows_f16_i64,0.004500,18944x1x1,512x1x1,512x4096x1x1
cache_v_l17 (view),kernel_set_rows_f16_i64,0.003600,18944x1x1,512x1x1,512x4096x1x1
__fattn__-17,flash_attn_f32_f16,13.756000,64x28x0,32x1x0,128x28x37x1
ffn_inp-17,kernel_add,0.026800,2368x1x1,64x1x1,3584x37x1x1
ffn_norm-17,kernel_rms_norm_mul,0.016700,37888x1x1,1024x1x1,3584x37x1x1
ffn_swiglu-17,kernel_swiglu,0.125000,18944x1x1,512x1x1,18944x37x1x1
ffn_out-17,kernel_mul_mv_q6_K_f32,91.379105,3584x2368x1,2x64x1,3584x37x1x1
l_out-17,kernel_add,0.025500,2368x1x1,64x1x1,3584x37x1x1
attn_norm-18,kernel_rms_norm_mul,0.017500,37888x1x1,1024x1x1,3584x37x1x1
Qcur-18,kernel_add_row,0.011900,33152x0x0,64x0x0,3584x37x1x1
Qcur-18,kernel_rope_neox_f32,0.011500,1792x37x1,64x1x1,128x28x37x1
Kcur-18,kernel_add_row,0.005600,4736x0x0,64x0x0,512x37x1x1
Kcur-18,kernel_rope_neox_f32,0.003400,256x37x1,64x1x1,128x4x37x1
Vcur-18,kernel_add_row,0.003300,4736x0x0,64x0x0,512x37x1x1
cache_k_l18 (view),kernel_set_rows_f16_i64,0.004100,18944x1x1,512x1x1,512x4096x1x1
cache_v_l18 (view),kernel_set_rows_f16_i64,0.003600,18944x1x1,512x1x1,512x4096x1x1
__fattn__-18,flash_attn_f32_f16,13.726500,64x28x0,32x1x0,128x28x37x1
ffn_inp-18,kernel_add,0.026800,2368x1x1,64x1x1,3584x37x1x1
ffn_norm-18,kernel_rms_norm_mul,0.016500,37888x1x1,1024x1x1,3584x37x1x1
l_out-18,kernel_add,0.027800,2368x1x1,64x1x1,3584x37x1x1
attn_norm-19,kernel_rms_norm_mul,0.018300,37888x1x1,1024x1x1,3584x37x1x1
Qcur-19,kernel_add_row,0.013100,33152x0x0,64x0x0,3584x37x1x1
Qcur-19,kernel_rope_neox_f32,0.010600,1792x37x1,64x1x1,128x28x37x1
Kcur-19,kernel_add_row,0.005500,4736x0x0,64x0x0,512x37x1x1
Kcur-19,kernel_rope_neox_f32,0.003300,256x37x1,64x1x1,128x4x37x1
Vcur-19,kernel_add_row,0.003100,4736x0x0,64x0x0,512x37x1x1
cache_k_l19 (view),kernel_set_rows_f16_i64,0.004400,18944x1x1,512x1x1,512x4096x1x1
cache_v_l19 (view),kernel_set_rows_f16_i64,0.003600,18944x1x1,512x1x1,512x4096x1x1
__fattn__-19,flash_attn_f32_f16,13.759800,64x28x0,32x1x0,128x28x37x1
ffn_inp-19,kernel_add,0.025900,2368x1x1,64x1x1,3584x37x1x1
ffn_norm-19,kernel_rms_norm_mul,0.017700,37888x1x1,1024x1x1,3584x37x1x1
l_out-19,kernel_add,0.027100,2368x1x1,64x1x1,3584x37x1x1
attn_norm-20,kernel_rms_norm_mul,0.017900,37888x1x1,1024x1x1,3584x37x1x1
Qcur-20,kernel_add_row,0.012600,33152x0x0,64x0x0,3584x37x1x1
Qcur-20,kernel_rope_neox_f32,0.009700,1792x37x1,64x1x1,128x28x37x1
Kcur-20,kernel_add_row,0.003400,4736x0x0,64x0x0,512x37x1x1
Kcur-20,kernel_rope_neox_f32,0.003300,256x37x1,64x1x1,128x4x37x1
node_692,kernel_mul_mv_q6_K_f32,2.186500,512x2368x1,2x64x1,512x37x1x1
Vcur-20,kernel_add_row,0.003200,4736x0x0,64x0x0,512x37x1x1
cache_k_l20 (view),kernel_set_rows_f16_i64,0.004500,18944x1x1,512x1x1,512x4096x1x1
cache_v_l20 (view),kernel_set_rows_f16_i64,0.003600,18944x1x1,512x1x1,512x4096x1x1
__fattn__-20,flash_attn_f32_f16,13.766600,64x28x0,32x1x0,128x28x37x1
ffn_inp-20,kernel_add,0.027200,2368x1x1,64x1x1,3584x37x1x1
ffn_norm-20,kernel_rms_norm_mul,0.017700,37888x1x1,1024x1x1,3584x37x1x1
ffn_swiglu-20,kernel_swiglu,0.123900,18944x1x1,512x1x1,18944x37x1x1
ffn_out-20,kernel_mul_mv_q6_K_f32,91.477699,3584x2368x1,2x64x1,3584x37x1x1
l_out-20,kernel_add,0.025400,2368x1x1,64x1x1,3584x37x1x1
attn_norm-21,kernel_rms_norm_mul,0.017100,37888x1x1,1024x1x1,3584x37x1x1
Qcur-21,kernel_add_row,0.012600,33152x0x0,64x0x0,3584x37x1x1
Qcur-21,kernel_rope_neox_f32,0.011400,1792x37x1,64x1x1,128x28x37x1
Kcur-21,kernel_add_row,0.005400,4736x0x0,64x0x0,512x37x1x1
Kcur-21,kernel_rope_neox_f32,0.003400,256x37x1,64x1x1,128x4x37x1
Vcur-21,kernel_add_row,0.003200,4736x0x0,64x0x0,512x37x1x1
cache_k_l21 (view),kernel_set_rows_f16_i64,0.004100,18944x1x1,512x1x1,512x4096x1x1
cache_v_l21 (view),kernel_set_rows_f16_i64,0.003600,18944x1x1,512x1x1,512x4096x1x1
__fattn__-21,flash_attn_f32_f16,13.695500,64x28x0,32x1x0,128x28x37x1
ffn_inp-21,kernel_add,0.027500,2368x1x1,64x1x1,3584x37x1x1
ffn_norm-21,kernel_rms_norm_mul,0.017500,37888x1x1,1024x1x1,3584x37x1x1
l_out-21,kernel_add,0.027300,2368x1x1,64x1x1,3584x37x1x1
attn_norm-22,kernel_rms_norm_mul,0.018800,37888x1x1,1024x1x1,3584x37x1x1
Qcur-22,kernel_add_row,0.012200,33152x0x0,64x0x0,3584x37x1x1
Qcur-22,kernel_rope_neox_f32,0.011000,1792x37x1,64x1x1,128x28x37x1
Kcur-22,kernel_add_row,0.005600,4736x0x0,64x0x0,512x37x1x1
Kcur-22,kernel_rope_neox_f32,0.003400,256x37x1,64x1x1,128x4x37x1
Vcur-22,kernel_add_row,0.003100,4736x0x0,64x0x0,512x37x1x1
cache_k_l22 (view),kernel_set_rows_f16_i64,0.004400,18944x1x1,512x1x1,512x4096x1x1
cache_v_l22 (view),kernel_set_rows_f16_i64,0.003600,18944x1x1,512x1x1,512x4096x1x1
__fattn__-22,flash_attn_f32_f16,13.775700,64x28x0,32x1x0,128x28x37x1
ffn_inp-22,kernel_add,0.025500,2368x1x1,64x1x1,3584x37x1x1
ffn_norm-22,kernel_rms_norm_mul,0.018100,37888x1x1,1024x1x1,3584x37x1x1
l_out-22,kernel_add,0.027600,2368x1x1,64x1x1,3584x37x1x1
attn_norm-23,kernel_rms_norm_mul,0.018100,37888x1x1,1024x1x1,3584x37x1x1
Qcur-23,kernel_add_row,0.012800,33152x0x0,64x0x0,3584x37x1x1
Qcur-23,kernel_rope_neox_f32,0.009700,1792x37x1,64x1x1,128x28x37x1
Kcur-23,kernel_add_row,0.003600,4736x0x0,64x0x0,512x37x1x1
Kcur-23,kernel_rope_neox_f32,0.003400,256x37x1,64x1x1,128x4x37x1
node_794,kernel_mul_mv_q6_K_f32,2.186900,512x2368x1,2x64x1,512x37x1x1
Vcur-23,kernel_add_row,0.003100,4736x0x0,64x0x0,512x37x1x1
cache_k_l23 (view),kernel_set_rows_f16_i64,0.004400,18944x1x1,512x1x1,512x4096x1x1
cache_v_l23 (view),kernel_set_rows_f16_i64,0.003600,18944x1x1,512x1x1,512x4096x1x1
__fattn__-23,flash_attn_f32_f16,13.781800,64x28x0,32x1x0,128x28x37x1
ffn_inp-23,kernel_add,0.026800,2368x1x1,64x1x1,3584x37x1x1
ffn_norm-23,kernel_rms_norm_mul,0.016500,37888x1x1,1024x1x1,3584x37x1x1
ffn_swiglu-23,kernel_swiglu,0.124900,18944x1x1,512x1x1,18944x37x1x1
ffn_out-23,kernel_mul_mv_q6_K_f32,91.492996,3584x2368x1,2x64x1,3584x37x1x1
l_out-23,kernel_add,0.025900,2368x1x1,64x1x1,3584x37x1x1
attn_norm-24,kernel_rms_norm_mul,0.017400,37888x1x1,1024x1x1,3584x37x1x1
Qcur-24,kernel_add_row,0.013000,33152x0x0,64x0x0,3584x37x1x1
Qcur-24,kernel_rope_neox_f32,0.009900,1792x37x1,64x1x1,128x28x37x1
Kcur-24,kernel_add_row,0.005500,4736x0x0,64x0x0,512x37x1x1
Kcur-24,kernel_rope_neox_f32,0.003500,256x37x1,64x1x1,128x4x37x1
node_828,kernel_mul_mv_q6_K_f32,2.185300,512x2368x1,2x64x1,512x37x1x1
Vcur-24,kernel_add_row,0.002800,4736x0x0,64x0x0,512x37x1x1
cache_k_l24 (view),kernel_set_rows_f16_i64,0.004300,18944x1x1,512x1x1,512x4096x1x1
cache_v_l24 (view),kernel_set_rows_f16_i64,0.003600,18944x1x1,512x1x1,512x4096x1x1
__fattn__-24,flash_attn_f32_f16,13.599200,64x28x0,32x1x0,128x28x37x1
ffn_inp-24,kernel_add,0.027100,2368x1x1,64x1x1,3584x37x1x1
ffn_norm-24,kernel_rms_norm_mul,0.017300,37888x1x1,1024x1x1,3584x37x1x1
ffn_swiglu-24,kernel_swiglu,0.123800,18944x1x1,512x1x1,18944x37x1x1
ffn_out-24,kernel_mul_mv_q6_K_f32,91.565399,3584x2368x1,2x64x1,3584x37x1x1
l_out-24,kernel_add,0.025500,2368x1x1,64x1x1,3584x37x1x1
attn_norm-25,kernel_rms_norm_mul,0.016800,37888x1x1,1024x1x1,3584x37x1x1
Qcur-25,kernel_add_row,0.012000,33152x0x0,64x0x0,3584x37x1x1
Qcur-25,kernel_rope_neox_f32,0.009800,1792x37x1,64x1x1,128x28x37x1
Kcur-25,kernel_add_row,0.005300,4736x0x0,64x0x0,512x37x1x1
Kcur-25,kernel_rope_neox_f32,0.003400,256x37x1,64x1x1,128x4x37x1
node_862,kernel_mul_mv_q6_K_f32,2.187900,512x2368x1,2x64x1,512x37x1x1
Vcur-25,kernel_add_row,0.003000,4736x0x0,64x0x0,512x37x1x1
cache_k_l25 (view),kernel_set_rows_f16_i64,0.004100,18944x1x1,512x1x1,512x4096x1x1
cache_v_l25 (view),kernel_set_rows_f16_i64,0.003500,18944x1x1,512x1x1,512x4096x1x1
__fattn__-25,flash_attn_f32_f16,13.722800,64x28x0,32x1x0,128x28x37x1
ffn_inp-25,kernel_add,0.027300,2368x1x1,64x1x1,3584x37x1x1
ffn_norm-25,kernel_rms_norm_mul,0.017800,37888x1x1,1024x1x1,3584x37x1x1
ffn_swiglu-25,kernel_swiglu,0.124500,18944x1x1,512x1x1,18944x37x1x1
ffn_out-25,kernel_mul_mv_q6_K_f32,91.498497,3584x2368x1,2x64x1,3584x37x1x1
l_out-25,kernel_add,0.025700,2368x1x1,64x1x1,3584x37x1x1
attn_norm-26,kernel_rms_norm_mul,0.017200,37888x1x1,1024x1x1,3584x37x1x1
Qcur-26,kernel_add_row,0.012600,33152x0x0,64x0x0,3584x37x1x1
Qcur-26,kernel_rope_neox_f32,0.009600,1792x37x1,64x1x1,128x28x37x1
Kcur-26,kernel_add_row,0.005400,4736x0x0,64x0x0,512x37x1x1
Kcur-26,kernel_rope_neox_f32,0.003500,256x37x1,64x1x1,128x4x37x1
node_896,kernel_mul_mv_q6_K_f32,2.185300,512x2368x1,2x64x1,512x37x1x1
Vcur-26,kernel_add_row,0.003100,4736x0x0,64x0x0,512x37x1x1
cache_k_l26 (view),kernel_set_rows_f16_i64,0.004000,18944x1x1,512x1x1,512x4096x1x1
cache_v_l26 (view),kernel_set_rows_f16_i64,0.003500,18944x1x1,512x1x1,512x4096x1x1
__fattn__-26,flash_attn_f32_f16,13.718900,64x28x0,32x1x0,128x28x37x1
ffn_inp-26,kernel_add,0.027100,2368x1x1,64x1x1,3584x37x1x1
ffn_norm-26,kernel_rms_norm_mul,0.017900,37888x1x1,1024x1x1,3584x37x1x1
ffn_swiglu-26,kernel_swiglu,0.125900,18944x1x1,512x1x1,18944x37x1x1
ffn_out-26,kernel_mul_mv_q6_K_f32,92.740997,3584x2368x1,2x64x1,3584x37x1x1
l_out-26,kernel_add,0.025500,2368x1x1,64x1x1,3584x37x1x1
attn_norm-27,kernel_rms_norm_mul,0.017700,37888x1x1,1024x1x1,3584x37x1x1
Qcur-27,kernel_add_row,0.012800,33152x0x0,64x0x0,3584x37x1x1
Qcur-27,kernel_rope_neox_f32,0.009700,1792x37x1,64x1x1,128x28x37x1
Kcur-27,kernel_add_row,0.005500,4736x0x0,64x0x0,512x37x1x1
Kcur-27,kernel_rope_neox_f32,0.003400,256x37x1,64x1x1,128x4x37x1
node_930,kernel_mul_mv_q6_K_f32,2.188900,512x2368x1,2x64x1,512x37x1x1
Vcur-27,kernel_add_row,0.003000,4736x0x0,64x0x0,512x37x1x1
cache_k_l27 (view),kernel_set_rows_f16_i64,0.004100,18944x1x1,512x1x1,512x4096x1x1
cache_v_l27 (view),kernel_set_rows_f16_i64,0.003600,18944x1x1,512x1x1,512x4096x1x1
__fattn__-27,flash_attn_f32_f16,13.595500,64x28x0,32x1x0,128x28x37x1
node_946,kernel_get_rows_f32,0.017800,64x1x1,64x1x1,3584x1x1x1
node_947,kernel_get_rows_f32,0.015000,64x1x1,64x1x1,3584x1x1x1
ffn_inp-27,kernel_add_row,0.002200,896x0x0,64x0x0,3584x1x1x1
ffn_norm-27,kernel_rms_norm_mul,0.006000,1024x1x1,1024x1x1,3584x1x1x1
ffn_swiglu-27,kernel_swiglu,0.016800,512x1x1,512x1x1,18944x1x1x1
ffn_out-27,kernel_mul_mv_q6_K_f32,2.509500,3584x64x1,2x64x1,3584x1x1x1
l_out-27,kernel_add_row,0.002300,896x0x0,64x0x0,3584x1x1x1
result_norm,kernel_rms_norm_mul,0.006500,1024x1x1,1024x1x1,3584x1x1x1
result_output,kernel_mul_mv_q6_K_f32,20.394800,152064x64x1,2x64x1,152064x1x1x1
