op name, kernel name, exec duration (ms), global size, local size, output size
attn_norm-0,kernel_rms_norm_mul,0.114000,262144x1x1,1024x1x1,2048x256x1x1
q-0,kernel_transpose_32_16,0.053800,512x64x0,1x16x0,3072x256x1x1
q-0,kernel_mul_mat_Ab_Bi_8x4,1.156300,32x768x1,1x128x1,3072x256x1x1
q_pe-0,kernel_rope_norm_f32,0.039200,1024x256x1,64x1x1,64x16x256x1
Qcur-0,kernel_concat_f32_non_contiguous,0.454300,16x256x1,0x0x0,192x16x256x1
kv_cmpr_pe-0,kernel_transpose_32_16,0.053000,512x64x0,1x16x0,576x256x1x1
kv_cmpr_pe-0,kernel_mul_mat_Ab_Bi_8x4,0.425800,32x144x1,1x128x1,576x256x1x1
k_pe-0,kernel_rope_norm_f32,0.004600,64x256x1,64x1x1,64x1x256x1
node_11,kernel_repeat,0.391800,16x256x1,0x0x0,64x16x256x1
kv_cmpr-0,kernel_rms_norm_mul,0.028400,131072x1x1,512x1x1,512x256x1x1
kv-0,kernel_transpose_32_16,0.012400,128x64x0,1x16x0,4096x256x1x1
kv-0,kernel_mul_mat_Ab_Bi_8x4,0.391600,32x1024x1,1x128x1,4096x256x1x1
Kcur-0,kernel_concat_f32_non_contiguous,0.986700,16x256x1,0x0x0,192x16x256x1
Vcur_cont-0,kernel_cpy_f32_f32,0.059700,1024x256x1,64x1x1,128x16x256x1
cache_k_l0 (view),kernel_set_rows_f16_i64,0.079100,262144x1x1,1024x1x1,3072x4096x1x1
cache_v_l0 (view),kernel_set_rows_f16_i64,0.054300,262144x1x1,1024x1x1,2048x4096x1x1
 (copy),kernel_cpy_f32_f16,0.007500,16384x1x1,64x1x1,256x256x1x1
__fattn__-0,flash_attn_f32_f16,18.801300,256x16x0,16x1x0,128x16x256x1
node_33,kernel_transpose_32_16,0.037800,512x64x0,1x16x0,2048x256x1x1
node_33,kernel_mul_mat_Ab_Bi_8x4,0.888500,32x512x1,1x128x1,2048x256x1x1
ffn_inp-0,kernel_add,0.075800,16384x1x1,64x1x1,2048x256x1x1
ffn_norm-0,kernel_rms_norm_mul,0.064000,262144x1x1,1024x1x1,2048x256x1x1
ffn_gate-0,kernel_transpose_32_16,0.040900,512x64x0,1x16x0,10944x256x1x1
ffn_gate-0,kernel_mul_mat_Ab_Bi_8x4,3.888800,32x2736x1,1x128x1,10944x256x1x1
ffn_up-0,kernel_transpose_32_16,0.047000,512x64x0,1x16x0,10944x256x1x1
ffn_up-0,kernel_mul_mat_Ab_Bi_8x4,3.886600,32x2736x1,1x128x1,10944x256x1x1
ffn_swiglu-0,kernel_swiglu,0.471500,131072x1x1,512x1x1,10944x256x1x1
ffn_out-0,kernel_transpose_32_16,0.318200,2736x64x0,1x16x0,2048x256x1x1
ffn_out-0,kernel_mul_mat_Ab_Bi_8x4,4.802500,32x512x1,1x128x1,2048x256x1x1
l_out-0,kernel_add,0.085000,16384x1x1,64x1x1,2048x256x1x1
attn_norm-1,kernel_rms_norm_mul,0.063900,262144x1x1,1024x1x1,2048x256x1x1
q-1,kernel_transpose_32_16,0.039700,512x64x0,1x16x0,3072x256x1x1
q-1,kernel_mul_mat_Ab_Bi_8x4,1.156700,32x768x1,1x128x1,3072x256x1x1
q_pe-1,kernel_rope_norm_f32,0.039400,1024x256x1,64x1x1,64x16x256x1
Qcur-1,kernel_concat_f32_non_contiguous,0.477700,16x256x1,0x0x0,192x16x256x1
kv_cmpr_pe-1,kernel_transpose_32_16,0.053200,512x64x0,1x16x0,576x256x1x1
kv_cmpr_pe-1,kernel_mul_mat_Ab_Bi_8x4,0.427500,32x144x1,1x128x1,576x256x1x1
k_pe-1,kernel_rope_norm_f32,0.004800,64x256x1,64x1x1,64x1x256x1
node_52,kernel_repeat,0.360200,16x256x1,0x0x0,64x16x256x1
kv_cmpr-1,kernel_rms_norm_mul,0.028600,131072x1x1,512x1x1,512x256x1x1
kv-1,kernel_transpose_32_16,0.009300,128x64x0,1x16x0,4096x256x1x1
kv-1,kernel_mul_mat_Ab_Bi_8x4,0.390200,32x1024x1,1x128x1,4096x256x1x1
Kcur-1,kernel_concat_f32_non_contiguous,0.988600,16x256x1,0x0x0,192x16x256x1
Vcur_cont-1,kernel_cpy_f32_f32,0.058400,1024x256x1,64x1x1,128x16x256x1
cache_k_l1 (view),kernel_set_rows_f16_i64,0.070000,262144x1x1,1024x1x1,3072x4096x1x1
cache_v_l1 (view),kernel_set_rows_f16_i64,0.050400,262144x1x1,1024x1x1,2048x4096x1x1
__fattn__-1,flash_attn_f32_f16,18.698099,256x16x0,16x1x0,128x16x256x1
node_73,kernel_transpose_32_16,0.047400,512x64x0,1x16x0,2048x256x1x1
node_73,kernel_mul_mat_Ab_Bi_8x4,0.895900,32x512x1,1x128x1,2048x256x1x1
ffn_inp-1,kernel_add,0.075200,16384x1x1,64x1x1,2048x256x1x1
ffn_norm-1,kernel_rms_norm_mul,0.064200,262144x1x1,1024x1x1,2048x256x1x1
ffn_moe_logits-1,kernel_mul_mm_f32_f32_l4_lm,0.513600,128x4x1,128x1x1,64x256x1x1
ffn_moe_probs-1,kernel_soft_max_4,0.006200,16384x1x1,64x1x1,64x256x1x1
ffn_moe_argsort-1,kernel_argsort_f32_i32,0.045600,64x256x1,64x1x1,64x256x1x1
ffn_moe_weights-1,kernel_get_rows_f32,0.010400,384x256x1,64x1x1,1x6x256x1
ffn_moe_weights_scaled-1,kernel_scale,0.001900,384x1x1,64x1x1,1x6x256x1
ffn_moe_gate-1,kernel_mul_mv_id_q4_0_f32_8x_flat,37.529800,11264x1x1536,64x1x1,1408x6x256x1
ffn_moe_up-1,kernel_mul_mv_id_q4_0_f32_8x_flat,36.852100,11264x1x1536,64x1x1,1408x6x256x1
ffn_moe_weighted-1,kernel_swiglu,0.349000,786432x1x1,512x1x1,1408x6x256x1
ffn_moe_down-1,kernel_mul_mv_id_q4_0_f32_8x_flat,39.406399,16384x1x1536,64x1x1,2048x6x256x1
node_89,kernel_mul,0.406600,384x256x1,64x1x1,2048x6x256x1
ffn_gate-1,kernel_transpose_32_16,0.055100,512x64x0,1x16x0,2816x256x1x1
ffn_gate-1,kernel_mul_mat_Ab_Bi_8x4,1.167900,32x704x1,1x128x1,2816x256x1x1
ffn_up-1,kernel_transpose_32_16,0.050100,512x64x0,1x16x0,2816x256x1x1
ffn_up-1,kernel_mul_mat_Ab_Bi_8x4,1.170500,32x704x1,1x128x1,2816x256x1x1
ffn_swiglu-1,kernel_swiglu,0.106600,131072x1x1,512x1x1,2816x256x1x1
node_99,kernel_add,0.093400,16384x1x1,64x1x1,2048x256x1x1
node_100,kernel_add,0.076100,16384x1x1,64x1x1,2048x256x1x1
node_101,kernel_add,0.073800,16384x1x1,64x1x1,2048x256x1x1
node_102,kernel_add,0.074900,16384x1x1,64x1x1,2048x256x1x1
ffn_moe_out-1,kernel_add,0.074400,16384x1x1,64x1x1,2048x256x1x1
ffn_shexp-1,kernel_transpose_32_16,0.074700,704x64x0,1x16x0,2048x256x1x1
ffn_shexp-1,kernel_mul_mat_Ab_Bi_8x4,1.234500,32x512x1,1x128x1,2048x256x1x1
ffn_out-1,kernel_add,0.073700,16384x1x1,64x1x1,2048x256x1x1
l_out-1,kernel_add,0.077100,16384x1x1,64x1x1,2048x256x1x1
attn_norm-2,kernel_rms_norm_mul,0.064300,262144x1x1,1024x1x1,2048x256x1x1
q-2,kernel_transpose_32_16,0.039700,512x64x0,1x16x0,3072x256x1x1
q-2,kernel_mul_mat_Ab_Bi_8x4,1.156700,32x768x1,1x128x1,3072x256x1x1
q_pe-2,kernel_rope_norm_f32,0.039700,1024x256x1,64x1x1,64x16x256x1
Qcur-2,kernel_concat_f32_non_contiguous,0.476400,16x256x1,0x0x0,192x16x256x1
kv_cmpr_pe-2,kernel_transpose_32_16,0.046900,512x64x0,1x16x0,576x256x1x1
kv_cmpr_pe-2,kernel_mul_mat_Ab_Bi_8x4,0.426100,32x144x1,1x128x1,576x256x1x1
k_pe-2,kernel_rope_norm_f32,0.004600,64x256x1,64x1x1,64x1x256x1
node_117,kernel_repeat,0.361200,16x256x1,0x0x0,64x16x256x1
kv_cmpr-2,kernel_rms_norm_mul,0.028000,131072x1x1,512x1x1,512x256x1x1
kv-2,kernel_transpose_32_16,0.012100,128x64x0,1x16x0,4096x256x1x1
kv-2,kernel_mul_mat_Ab_Bi_8x4,0.392800,32x1024x1,1x128x1,4096x256x1x1
Kcur-2,kernel_concat_f32_non_contiguous,0.867000,16x256x1,0x0x0,192x16x256x1
Vcur_cont-2,kernel_cpy_f32_f32,0.052600,1024x256x1,64x1x1,128x16x256x1
cache_k_l2 (view),kernel_set_rows_f16_i64,0.068400,262144x1x1,1024x1x1,3072x4096x1x1
cache_v_l2 (view),kernel_set_rows_f16_i64,0.051700,262144x1x1,1024x1x1,2048x4096x1x1
__fattn__-2,flash_attn_f32_f16,18.639000,256x16x0,16x1x0,128x16x256x1
node_138,kernel_transpose_32_16,0.037500,512x64x0,1x16x0,2048x256x1x1
node_138,kernel_mul_mat_Ab_Bi_8x4,0.898900,32x512x1,1x128x1,2048x256x1x1
ffn_inp-2,kernel_add,0.071500,16384x1x1,64x1x1,2048x256x1x1
ffn_norm-2,kernel_rms_norm_mul,0.064200,262144x1x1,1024x1x1,2048x256x1x1
ffn_moe_logits-2,kernel_mul_mm_f32_f32_l4_lm,0.520200,128x4x1,128x1x1,64x256x1x1
ffn_moe_probs-2,kernel_soft_max_4,0.006400,16384x1x1,64x1x1,64x256x1x1
ffn_moe_argsort-2,kernel_argsort_f32_i32,0.045800,64x256x1,64x1x1,64x256x1x1
ffn_moe_weights-2,kernel_get_rows_f32,0.010300,384x256x1,64x1x1,1x6x256x1
ffn_moe_weights_scaled-2,kernel_scale,0.001900,384x1x1,64x1x1,1x6x256x1
ffn_moe_gate-2,kernel_mul_mv_id_q4_0_f32_8x_flat,36.770802,11264x1x1536,64x1x1,1408x6x256x1
ffn_moe_up-2,kernel_mul_mv_id_q4_0_f32_8x_flat,36.662498,11264x1x1536,64x1x1,1408x6x256x1
ffn_moe_weighted-2,kernel_swiglu,0.347300,786432x1x1,512x1x1,1408x6x256x1
ffn_moe_down-2,kernel_mul_mv_id_q4_0_f32_8x_flat,39.393101,16384x1x1536,64x1x1,2048x6x256x1
node_154,kernel_mul,0.402800,384x256x1,64x1x1,2048x6x256x1
ffn_gate-2,kernel_transpose_32_16,0.058300,512x64x0,1x16x0,2816x256x1x1
ffn_gate-2,kernel_mul_mat_Ab_Bi_8x4,1.168700,32x704x1,1x128x1,2816x256x1x1
ffn_up-2,kernel_transpose_32_16,0.051700,512x64x0,1x16x0,2816x256x1x1
ffn_up-2,kernel_mul_mat_Ab_Bi_8x4,1.170300,32x704x1,1x128x1,2816x256x1x1
ffn_swiglu-2,kernel_swiglu,0.108200,131072x1x1,512x1x1,2816x256x1x1
node_164,kernel_add,0.092800,16384x1x1,64x1x1,2048x256x1x1
node_165,kernel_add,0.072200,16384x1x1,64x1x1,2048x256x1x1
node_166,kernel_add,0.072900,16384x1x1,64x1x1,2048x256x1x1
node_167,kernel_add,0.075300,16384x1x1,64x1x1,2048x256x1x1
ffn_moe_out-2,kernel_add,0.074700,16384x1x1,64x1x1,2048x256x1x1
ffn_shexp-2,kernel_transpose_32_16,0.075900,704x64x0,1x16x0,2048x256x1x1
ffn_shexp-2,kernel_mul_mat_Ab_Bi_8x4,1.220600,32x512x1,1x128x1,2048x256x1x1
ffn_out-2,kernel_add,0.075500,16384x1x1,64x1x1,2048x256x1x1
l_out-2,kernel_add,0.076000,16384x1x1,64x1x1,2048x256x1x1
attn_norm-3,kernel_rms_norm_mul,0.064000,262144x1x1,1024x1x1,2048x256x1x1
q-3,kernel_transpose_32_16,0.038900,512x64x0,1x16x0,3072x256x1x1
q-3,kernel_mul_mat_Ab_Bi_8x4,1.157800,32x768x1,1x128x1,3072x256x1x1
q_pe-3,kernel_rope_norm_f32,0.039800,1024x256x1,64x1x1,64x16x256x1
Qcur-3,kernel_concat_f32_non_contiguous,0.410900,16x256x1,0x0x0,192x16x256x1
kv_cmpr_pe-3,kernel_transpose_32_16,0.053100,512x64x0,1x16x0,576x256x1x1
kv_cmpr_pe-3,kernel_mul_mat_Ab_Bi_8x4,0.425700,32x144x1,1x128x1,576x256x1x1
k_pe-3,kernel_rope_norm_f32,0.005200,64x256x1,64x1x1,64x1x256x1
node_182,kernel_repeat,0.349600,16x256x1,0x0x0,64x16x256x1
kv_cmpr-3,kernel_rms_norm_mul,0.028600,131072x1x1,512x1x1,512x256x1x1
kv-3,kernel_transpose_32_16,0.013100,128x64x0,1x16x0,4096x256x1x1
kv-3,kernel_mul_mat_Ab_Bi_8x4,0.391200,32x1024x1,1x128x1,4096x256x1x1
Kcur-3,kernel_concat_f32_non_contiguous,0.978300,16x256x1,0x0x0,192x16x256x1
Vcur_cont-3,kernel_cpy_f32_f32,0.059200,1024x256x1,64x1x1,128x16x256x1
cache_k_l3 (view),kernel_set_rows_f16_i64,0.071300,262144x1x1,1024x1x1,3072x4096x1x1
cache_v_l3 (view),kernel_set_rows_f16_i64,0.050500,262144x1x1,1024x1x1,2048x4096x1x1
__fattn__-3,flash_attn_f32_f16,18.668301,256x16x0,16x1x0,128x16x256x1
node_203,kernel_transpose_32_16,0.036900,512x64x0,1x16x0,2048x256x1x1
node_203,kernel_mul_mat_Ab_Bi_8x4,0.885500,32x512x1,1x128x1,2048x256x1x1
ffn_inp-3,kernel_add,0.075300,16384x1x1,64x1x1,2048x256x1x1
ffn_norm-3,kernel_rms_norm_mul,0.064300,262144x1x1,1024x1x1,2048x256x1x1
ffn_moe_logits-3,kernel_mul_mm_f32_f32_l4_lm,0.513500,128x4x1,128x1x1,64x256x1x1
ffn_moe_probs-3,kernel_soft_max_4,0.006100,16384x1x1,64x1x1,64x256x1x1
ffn_moe_argsort-3,kernel_argsort_f32_i32,0.045400,64x256x1,64x1x1,64x256x1x1
ffn_moe_weights-3,kernel_get_rows_f32,0.010800,384x256x1,64x1x1,1x6x256x1
ffn_moe_weights_scaled-3,kernel_scale,0.001800,384x1x1,64x1x1,1x6x256x1
ffn_moe_gate-3,kernel_mul_mv_id_q4_0_f32_8x_flat,36.493401,11264x1x1536,64x1x1,1408x6x256x1
ffn_moe_up-3,kernel_mul_mv_id_q4_0_f32_8x_flat,36.452702,11264x1x1536,64x1x1,1408x6x256x1
ffn_moe_weighted-3,kernel_swiglu,0.354700,786432x1x1,512x1x1,1408x6x256x1
ffn_moe_down-3,kernel_mul_mv_id_q4_0_f32_8x_flat,40.941399,16384x1x1536,64x1x1,2048x6x256x1
node_219,kernel_mul,0.404000,384x256x1,64x1x1,2048x6x256x1
ffn_gate-3,kernel_transpose_32_16,0.058100,512x64x0,1x16x0,2816x256x1x1
ffn_gate-3,kernel_mul_mat_Ab_Bi_8x4,1.227600,32x704x1,1x128x1,2816x256x1x1
ffn_up-3,kernel_transpose_32_16,0.051100,512x64x0,1x16x0,2816x256x1x1
ffn_up-3,kernel_mul_mat_Ab_Bi_8x4,1.167000,32x704x1,1x128x1,2816x256x1x1
ffn_swiglu-3,kernel_swiglu,0.108300,131072x1x1,512x1x1,2816x256x1x1
node_229,kernel_add,0.094800,16384x1x1,64x1x1,2048x256x1x1
node_230,kernel_add,0.078200,16384x1x1,64x1x1,2048x256x1x1
node_231,kernel_add,0.074700,16384x1x1,64x1x1,2048x256x1x1
node_232,kernel_add,0.076000,16384x1x1,64x1x1,2048x256x1x1
ffn_moe_out-3,kernel_add,0.071500,16384x1x1,64x1x1,2048x256x1x1
ffn_shexp-3,kernel_transpose_32_16,0.076400,704x64x0,1x16x0,2048x256x1x1
ffn_shexp-3,kernel_mul_mat_Ab_Bi_8x4,1.227600,32x512x1,1x128x1,2048x256x1x1
ffn_out-3,kernel_add,0.073800,16384x1x1,64x1x1,2048x256x1x1
l_out-3,kernel_add,0.078300,16384x1x1,64x1x1,2048x256x1x1
attn_norm-4,kernel_rms_norm_mul,0.063300,262144x1x1,1024x1x1,2048x256x1x1
q-4,kernel_transpose_32_16,0.039500,512x64x0,1x16x0,3072x256x1x1
q-4,kernel_mul_mat_Ab_Bi_8x4,1.155100,32x768x1,1x128x1,3072x256x1x1
q_pe-4,kernel_rope_norm_f32,0.037300,1024x256x1,64x1x1,64x16x256x1
Qcur-4,kernel_concat_f32_non_contiguous,0.483500,16x256x1,0x0x0,192x16x256x1
kv_cmpr_pe-4,kernel_transpose_32_16,0.056500,512x64x0,1x16x0,576x256x1x1
kv_cmpr_pe-4,kernel_mul_mat_Ab_Bi_8x4,0.425800,32x144x1,1x128x1,576x256x1x1
k_pe-4,kernel_rope_norm_f32,0.004700,64x256x1,64x1x1,64x1x256x1
node_247,kernel_repeat,0.322500,16x256x1,0x0x0,64x16x256x1
kv_cmpr-4,kernel_rms_norm_mul,0.028500,131072x1x1,512x1x1,512x256x1x1
kv-4,kernel_transpose_32_16,0.012400,128x64x0,1x16x0,4096x256x1x1
kv-4,kernel_mul_mat_Ab_Bi_8x4,0.390500,32x1024x1,1x128x1,4096x256x1x1
Kcur-4,kernel_concat_f32_non_contiguous,0.990700,16x256x1,0x0x0,192x16x256x1
Vcur_cont-4,kernel_cpy_f32_f32,0.058700,1024x256x1,64x1x1,128x16x256x1
cache_k_l4 (view),kernel_set_rows_f16_i64,0.067600,262144x1x1,1024x1x1,3072x4096x1x1
cache_v_l4 (view),kernel_set_rows_f16_i64,0.051000,262144x1x1,1024x1x1,2048x4096x1x1
__fattn__-4,flash_attn_f32_f16,18.625999,256x16x0,16x1x0,128x16x256x1
node_268,kernel_transpose_32_16,0.036800,512x64x0,1x16x0,2048x256x1x1
node_268,kernel_mul_mat_Ab_Bi_8x4,0.887800,32x512x1,1x128x1,2048x256x1x1
ffn_inp-4,kernel_add,0.069400,16384x1x1,64x1x1,2048x256x1x1
ffn_norm-4,kernel_rms_norm_mul,0.064200,262144x1x1,1024x1x1,2048x256x1x1
ffn_moe_logits-4,kernel_mul_mm_f32_f32_l4_lm,0.523800,128x4x1,128x1x1,64x256x1x1
ffn_moe_probs-4,kernel_soft_max_4,0.006100,16384x1x1,64x1x1,64x256x1x1
ffn_moe_argsort-4,kernel_argsort_f32_i32,0.045400,64x256x1,64x1x1,64x256x1x1
ffn_moe_weights-4,kernel_get_rows_f32,0.010700,384x256x1,64x1x1,1x6x256x1
ffn_moe_weights_scaled-4,kernel_scale,0.001800,384x1x1,64x1x1,1x6x256x1
ffn_moe_gate-4,kernel_mul_mv_id_q4_0_f32_8x_flat,36.589500,11264x1x1536,64x1x1,1408x6x256x1
ffn_moe_up-4,kernel_mul_mv_id_q4_0_f32_8x_flat,36.500401,11264x1x1536,64x1x1,1408x6x256x1
ffn_moe_weighted-4,kernel_swiglu,0.348300,786432x1x1,512x1x1,1408x6x256x1
ffn_moe_down-4,kernel_mul_mv_id_q4_0_f32_8x_flat,39.310398,16384x1x1536,64x1x1,2048x6x256x1
node_284,kernel_mul,0.400500,384x256x1,64x1x1,2048x6x256x1
ffn_gate-4,kernel_transpose_32_16,0.056900,512x64x0,1x16x0,2816x256x1x1
ffn_gate-4,kernel_mul_mat_Ab_Bi_8x4,1.171100,32x704x1,1x128x1,2816x256x1x1
ffn_up-4,kernel_transpose_32_16,0.051700,512x64x0,1x16x0,2816x256x1x1
ffn_up-4,kernel_mul_mat_Ab_Bi_8x4,1.167000,32x704x1,1x128x1,2816x256x1x1
ffn_swiglu-4,kernel_swiglu,0.103400,131072x1x1,512x1x1,2816x256x1x1
node_294,kernel_add,0.093100,16384x1x1,64x1x1,2048x256x1x1
node_295,kernel_add,0.075200,16384x1x1,64x1x1,2048x256x1x1
node_296,kernel_add,0.072600,16384x1x1,64x1x1,2048x256x1x1
node_297,kernel_add,0.074200,16384x1x1,64x1x1,2048x256x1x1
ffn_moe_out-4,kernel_add,0.074100,16384x1x1,64x1x1,2048x256x1x1
ffn_shexp-4,kernel_transpose_32_16,0.074900,704x64x0,1x16x0,2048x256x1x1
ffn_shexp-4,kernel_mul_mat_Ab_Bi_8x4,1.221000,32x512x1,1x128x1,2048x256x1x1
ffn_out-4,kernel_add,0.072800,16384x1x1,64x1x1,2048x256x1x1
l_out-4,kernel_add,0.076500,16384x1x1,64x1x1,2048x256x1x1
attn_norm-5,kernel_rms_norm_mul,0.064900,262144x1x1,1024x1x1,2048x256x1x1
q-5,kernel_transpose_32_16,0.038500,512x64x0,1x16x0,3072x256x1x1
q-5,kernel_mul_mat_Ab_Bi_8x4,1.154200,32x768x1,1x128x1,3072x256x1x1
q_pe-5,kernel_rope_norm_f32,0.039700,1024x256x1,64x1x1,64x16x256x1
Qcur-5,kernel_concat_f32_non_contiguous,0.474200,16x256x1,0x0x0,192x16x256x1
kv_cmpr_pe-5,kernel_transpose_32_16,0.053300,512x64x0,1x16x0,576x256x1x1
kv_cmpr_pe-5,kernel_mul_mat_Ab_Bi_8x4,0.425900,32x144x1,1x128x1,576x256x1x1
k_pe-5,kernel_rope_norm_f32,0.005500,64x256x1,64x1x1,64x1x256x1
node_312,kernel_repeat,0.357700,16x256x1,0x0x0,64x16x256x1
kv_cmpr-5,kernel_rms_norm_mul,0.028700,131072x1x1,512x1x1,512x256x1x1
kv-5,kernel_transpose_32_16,0.012700,128x64x0,1x16x0,4096x256x1x1
kv-5,kernel_mul_mat_Ab_Bi_8x4,0.393400,32x1024x1,1x128x1,4096x256x1x1
Kcur-5,kernel_concat_f32_non_contiguous,0.981600,16x256x1,0x0x0,192x16x256x1
Vcur_cont-5,kernel_cpy_f32_f32,0.059300,1024x256x1,64x1x1,128x16x256x1
cache_k_l5 (view),kernel_set_rows_f16_i64,0.065500,262144x1x1,1024x1x1,3072x4096x1x1
cache_v_l5 (view),kernel_set_rows_f16_i64,0.050400,262144x1x1,1024x1x1,2048x4096x1x1
__fattn__-5,flash_attn_f32_f16,18.624201,256x16x0,16x1x0,128x16x256x1
node_333,kernel_transpose_32_16,0.037100,512x64x0,1x16x0,2048x256x1x1
node_333,kernel_mul_mat_Ab_Bi_8x4,0.899400,32x512x1,1x128x1,2048x256x1x1
ffn_inp-5,kernel_add,0.074900,16384x1x1,64x1x1,2048x256x1x1
ffn_norm-5,kernel_rms_norm_mul,0.064200,262144x1x1,1024x1x1,2048x256x1x1
ffn_moe_logits-5,kernel_mul_mm_f32_f32_l4_lm,0.538500,128x4x1,128x1x1,64x256x1x1
ffn_moe_probs-5,kernel_soft_max_4,0.006500,16384x1x1,64x1x1,64x256x1x1
ffn_moe_argsort-5,kernel_argsort_f32_i32,0.045800,64x256x1,64x1x1,64x256x1x1
ffn_moe_weights-5,kernel_get_rows_f32,0.010600,384x256x1,64x1x1,1x6x256x1
ffn_moe_weights_scaled-5,kernel_scale,0.001900,384x1x1,64x1x1,1x6x256x1
ffn_moe_gate-5,kernel_mul_mv_id_q4_0_f32_8x_flat,36.314899,11264x1x1536,64x1x1,1408x6x256x1
ffn_moe_up-5,kernel_mul_mv_id_q4_0_f32_8x_flat,36.305801,11264x1x1536,64x1x1,1408x6x256x1
ffn_moe_weighted-5,kernel_swiglu,0.353300,786432x1x1,512x1x1,1408x6x256x1
ffn_moe_down-5,kernel_mul_mv_id_q4_0_f32_8x_flat,39.347099,16384x1x1536,64x1x1,2048x6x256x1
node_349,kernel_mul,0.405900,384x256x1,64x1x1,2048x6x256x1
ffn_gate-5,kernel_transpose_32_16,0.057100,512x64x0,1x16x0,2816x256x1x1
ffn_gate-5,kernel_mul_mat_Ab_Bi_8x4,1.167100,32x704x1,1x128x1,2816x256x1x1
ffn_up-5,kernel_transpose_32_16,0.051400,512x64x0,1x16x0,2816x256x1x1
ffn_up-5,kernel_mul_mat_Ab_Bi_8x4,1.167900,32x704x1,1x128x1,2816x256x1x1
ffn_swiglu-5,kernel_swiglu,0.108700,131072x1x1,512x1x1,2816x256x1x1
node_359,kernel_add,0.092000,16384x1x1,64x1x1,2048x256x1x1
node_360,kernel_add,0.076600,16384x1x1,64x1x1,2048x256x1x1
node_361,kernel_add,0.069400,16384x1x1,64x1x1,2048x256x1x1
node_362,kernel_add,0.074200,16384x1x1,64x1x1,2048x256x1x1
ffn_moe_out-5,kernel_add,0.074600,16384x1x1,64x1x1,2048x256x1x1
ffn_shexp-5,kernel_transpose_32_16,0.075900,704x64x0,1x16x0,2048x256x1x1
ffn_shexp-5,kernel_mul_mat_Ab_Bi_8x4,1.233500,32x512x1,1x128x1,2048x256x1x1
ffn_out-5,kernel_add,0.072900,16384x1x1,64x1x1,2048x256x1x1
l_out-5,kernel_add,0.076900,16384x1x1,64x1x1,2048x256x1x1
attn_norm-6,kernel_rms_norm_mul,0.064000,262144x1x1,1024x1x1,2048x256x1x1
q-6,kernel_transpose_32_16,0.036900,512x64x0,1x16x0,3072x256x1x1
q-6,kernel_mul_mat_Ab_Bi_8x4,1.156800,32x768x1,1x128x1,3072x256x1x1
q_pe-6,kernel_rope_norm_f32,0.039400,1024x256x1,64x1x1,64x16x256x1
Qcur-6,kernel_concat_f32_non_contiguous,0.482600,16x256x1,0x0x0,192x16x256x1
kv_cmpr_pe-6,kernel_transpose_32_16,0.053800,512x64x0,1x16x0,576x256x1x1
kv_cmpr_pe-6,kernel_mul_mat_Ab_Bi_8x4,0.425100,32x144x1,1x128x1,576x256x1x1
k_pe-6,kernel_rope_norm_f32,0.004500,64x256x1,64x1x1,64x1x256x1
node_377,kernel_repeat,0.368500,16x256x1,0x0x0,64x16x256x1
kv_cmpr-6,kernel_rms_norm_mul,0.028400,131072x1x1,512x1x1,512x256x1x1
kv-6,kernel_transpose_32_16,0.012700,128x64x0,1x16x0,4096x256x1x1
kv-6,kernel_mul_mat_Ab_Bi_8x4,0.392800,32x1024x1,1x128x1,4096x256x1x1
Kcur-6,kernel_concat_f32_non_contiguous,0.978200,16x256x1,0x0x0,192x16x256x1
Vcur_cont-6,kernel_cpy_f32_f32,0.059700,1024x256x1,64x1x1,128x16x256x1
cache_k_l6 (view),kernel_set_rows_f16_i64,0.067200,262144x1x1,1024x1x1,3072x4096x1x1
cache_v_l6 (view),kernel_set_rows_f16_i64,0.051200,262144x1x1,1024x1x1,2048x4096x1x1
__fattn__-6,flash_attn_f32_f16,18.634300,256x16x0,16x1x0,128x16x256x1
node_398,kernel_transpose_32_16,0.036300,512x64x0,1x16x0,2048x256x1x1
node_398,kernel_mul_mat_Ab_Bi_8x4,0.895900,32x512x1,1x128x1,2048x256x1x1
ffn_inp-6,kernel_add,0.071900,16384x1x1,64x1x1,2048x256x1x1
ffn_norm-6,kernel_rms_norm_mul,0.064000,262144x1x1,1024x1x1,2048x256x1x1
ffn_moe_logits-6,kernel_mul_mm_f32_f32_l4_lm,0.520000,128x4x1,128x1x1,64x256x1x1
ffn_moe_probs-6,kernel_soft_max_4,0.006300,16384x1x1,64x1x1,64x256x1x1
ffn_moe_argsort-6,kernel_argsort_f32_i32,0.045500,64x256x1,64x1x1,64x256x1x1
ffn_moe_weights-6,kernel_get_rows_f32,0.010700,384x256x1,64x1x1,1x6x256x1
ffn_moe_weights_scaled-6,kernel_scale,0.002100,384x1x1,64x1x1,1x6x256x1
ffn_moe_gate-6,kernel_mul_mv_id_q4_0_f32_8x_flat,36.431702,11264x1x1536,64x1x1,1408x6x256x1
ffn_moe_up-6,kernel_mul_mv_id_q4_0_f32_8x_flat,36.918701,11264x1x1536,64x1x1,1408x6x256x1
ffn_moe_weighted-6,kernel_swiglu,0.357700,786432x1x1,512x1x1,1408x6x256x1
ffn_moe_down-6,kernel_mul_mv_id_q4_0_f32_8x_flat,39.395599,16384x1x1536,64x1x1,2048x6x256x1
node_414,kernel_mul,0.399200,384x256x1,64x1x1,2048x6x256x1
ffn_gate-6,kernel_transpose_32_16,0.058800,512x64x0,1x16x0,2816x256x1x1
ffn_gate-6,kernel_mul_mat_Ab_Bi_8x4,1.168100,32x704x1,1x128x1,2816x256x1x1
ffn_up-6,kernel_transpose_32_16,0.044500,512x64x0,1x16x0,2816x256x1x1
ffn_up-6,kernel_mul_mat_Ab_Bi_8x4,1.228100,32x704x1,1x128x1,2816x256x1x1
ffn_swiglu-6,kernel_swiglu,0.106900,131072x1x1,512x1x1,2816x256x1x1
node_424,kernel_add,0.095200,16384x1x1,64x1x1,2048x256x1x1
node_425,kernel_add,0.075200,16384x1x1,64x1x1,2048x256x1x1
node_426,kernel_add,0.072800,16384x1x1,64x1x1,2048x256x1x1
node_427,kernel_add,0.075100,16384x1x1,64x1x1,2048x256x1x1
ffn_moe_out-6,kernel_add,0.073300,16384x1x1,64x1x1,2048x256x1x1
ffn_shexp-6,kernel_transpose_32_16,0.072100,704x64x0,1x16x0,2048x256x1x1
ffn_shexp-6,kernel_mul_mat_Ab_Bi_8x4,1.229800,32x512x1,1x128x1,2048x256x1x1
ffn_out-6,kernel_add,0.078800,16384x1x1,64x1x1,2048x256x1x1
l_out-6,kernel_add,0.077900,16384x1x1,64x1x1,2048x256x1x1
attn_norm-7,kernel_rms_norm_mul,0.064400,262144x1x1,1024x1x1,2048x256x1x1
q-7,kernel_transpose_32_16,0.043200,512x64x0,1x16x0,3072x256x1x1
q-7,kernel_mul_mat_Ab_Bi_8x4,1.155900,32x768x1,1x128x1,3072x256x1x1
q_pe-7,kernel_rope_norm_f32,0.039300,1024x256x1,64x1x1,64x16x256x1
Qcur-7,kernel_concat_f32_non_contiguous,0.463200,16x256x1,0x0x0,192x16x256x1
kv_cmpr_pe-7,kernel_transpose_32_16,0.054600,512x64x0,1x16x0,576x256x1x1
kv_cmpr_pe-7,kernel_mul_mat_Ab_Bi_8x4,0.425500,32x144x1,1x128x1,576x256x1x1
k_pe-7,kernel_rope_norm_f32,0.005100,64x256x1,64x1x1,64x1x256x1
node_442,kernel_repeat,0.359200,16x256x1,0x0x0,64x16x256x1
kv_cmpr-7,kernel_rms_norm_mul,0.028200,131072x1x1,512x1x1,512x256x1x1
kv-7,kernel_transpose_32_16,0.012700,128x64x0,1x16x0,4096x256x1x1
kv-7,kernel_mul_mat_Ab_Bi_8x4,0.393800,32x1024x1,1x128x1,4096x256x1x1
Kcur-7,kernel_concat_f32_non_contiguous,1.299900,16x256x1,0x0x0,192x16x256x1
Vcur_cont-7,kernel_cpy_f32_f32,0.057900,1024x256x1,64x1x1,128x16x256x1
cache_k_l7 (view),kernel_set_rows_f16_i64,0.070200,262144x1x1,1024x1x1,3072x4096x1x1
cache_v_l7 (view),kernel_set_rows_f16_i64,0.051300,262144x1x1,1024x1x1,2048x4096x1x1
__fattn__-7,flash_attn_f32_f16,18.663200,256x16x0,16x1x0,128x16x256x1
node_463,kernel_transpose_32_16,0.036800,512x64x0,1x16x0,2048x256x1x1
node_463,kernel_mul_mat_Ab_Bi_8x4,0.900000,32x512x1,1x128x1,2048x256x1x1
ffn_inp-7,kernel_add,0.072200,16384x1x1,64x1x1,2048x256x1x1
ffn_norm-7,kernel_rms_norm_mul,0.064200,262144x1x1,1024x1x1,2048x256x1x1
ffn_moe_logits-7,kernel_mul_mm_f32_f32_l4_lm,0.521500,128x4x1,128x1x1,64x256x1x1
ffn_moe_probs-7,kernel_soft_max_4,0.006500,16384x1x1,64x1x1,64x256x1x1
ffn_moe_argsort-7,kernel_argsort_f32_i32,0.045500,64x256x1,64x1x1,64x256x1x1
ffn_moe_weights-7,kernel_get_rows_f32,0.010600,384x256x1,64x1x1,1x6x256x1
ffn_moe_weights_scaled-7,kernel_scale,0.001800,384x1x1,64x1x1,1x6x256x1
ffn_moe_gate-7,kernel_mul_mv_id_q4_0_f32_8x_flat,36.490700,11264x1x1536,64x1x1,1408x6x256x1
ffn_moe_up-7,kernel_mul_mv_id_q4_0_f32_8x_flat,36.428101,11264x1x1536,64x1x1,1408x6x256x1
ffn_moe_weighted-7,kernel_swiglu,0.347700,786432x1x1,512x1x1,1408x6x256x1
ffn_moe_down-7,kernel_mul_mv_id_q4_0_f32_8x_flat,39.231098,16384x1x1536,64x1x1,2048x6x256x1
node_479,kernel_mul,0.403300,384x256x1,64x1x1,2048x6x256x1
ffn_gate-7,kernel_transpose_32_16,0.055300,512x64x0,1x16x0,2816x256x1x1
ffn_gate-7,kernel_mul_mat_Ab_Bi_8x4,1.167300,32x704x1,1x128x1,2816x256x1x1
ffn_up-7,kernel_transpose_32_16,0.050800,512x64x0,1x16x0,2816x256x1x1
ffn_up-7,kernel_mul_mat_Ab_Bi_8x4,1.170800,32x704x1,1x128x1,2816x256x1x1
ffn_swiglu-7,kernel_swiglu,0.107700,131072x1x1,512x1x1,2816x256x1x1
node_489,kernel_add,0.089800,16384x1x1,64x1x1,2048x256x1x1
node_490,kernel_add,0.076400,16384x1x1,64x1x1,2048x256x1x1
node_491,kernel_add,0.075900,16384x1x1,64x1x1,2048x256x1x1
node_492,kernel_add,0.074600,16384x1x1,64x1x1,2048x256x1x1
ffn_moe_out-7,kernel_add,0.075000,16384x1x1,64x1x1,2048x256x1x1
ffn_shexp-7,kernel_transpose_32_16,0.076500,704x64x0,1x16x0,2048x256x1x1
ffn_shexp-7,kernel_mul_mat_Ab_Bi_8x4,1.231600,32x512x1,1x128x1,2048x256x1x1
ffn_out-7,kernel_add,0.074300,16384x1x1,64x1x1,2048x256x1x1
l_out-7,kernel_add,0.072500,16384x1x1,64x1x1,2048x256x1x1
attn_norm-8,kernel_rms_norm_mul,0.064000,262144x1x1,1024x1x1,2048x256x1x1
q-8,kernel_transpose_32_16,0.040100,512x64x0,1x16x0,3072x256x1x1
q-8,kernel_mul_mat_Ab_Bi_8x4,1.155800,32x768x1,1x128x1,3072x256x1x1
q_pe-8,kernel_rope_norm_f32,0.039800,1024x256x1,64x1x1,64x16x256x1
Qcur-8,kernel_concat_f32_non_contiguous,0.481900,16x256x1,0x0x0,192x16x256x1
kv_cmpr_pe-8,kernel_transpose_32_16,0.055200,512x64x0,1x16x0,576x256x1x1
kv_cmpr_pe-8,kernel_mul_mat_Ab_Bi_8x4,0.424400,32x144x1,1x128x1,576x256x1x1
k_pe-8,kernel_rope_norm_f32,0.004500,64x256x1,64x1x1,64x1x256x1
node_507,kernel_repeat,0.407100,16x256x1,0x0x0,64x16x256x1
kv_cmpr-8,kernel_rms_norm_mul,0.028000,131072x1x1,512x1x1,512x256x1x1
kv-8,kernel_transpose_32_16,0.012700,128x64x0,1x16x0,4096x256x1x1
kv-8,kernel_mul_mat_Ab_Bi_8x4,0.392700,32x1024x1,1x128x1,4096x256x1x1
Kcur-8,kernel_concat_f32_non_contiguous,0.991200,16x256x1,0x0x0,192x16x256x1
Vcur_cont-8,kernel_cpy_f32_f32,0.060100,1024x256x1,64x1x1,128x16x256x1
cache_k_l8 (view),kernel_set_rows_f16_i64,0.068100,262144x1x1,1024x1x1,3072x4096x1x1
cache_v_l8 (view),kernel_set_rows_f16_i64,0.047600,262144x1x1,1024x1x1,2048x4096x1x1
__fattn__-8,flash_attn_f32_f16,18.634701,256x16x0,16x1x0,128x16x256x1
node_528,kernel_transpose_32_16,0.037400,512x64x0,1x16x0,2048x256x1x1
node_528,kernel_mul_mat_Ab_Bi_8x4,0.893500,32x512x1,1x128x1,2048x256x1x1
ffn_inp-8,kernel_add,0.071300,16384x1x1,64x1x1,2048x256x1x1
ffn_norm-8,kernel_rms_norm_mul,0.063900,262144x1x1,1024x1x1,2048x256x1x1
ffn_moe_logits-8,kernel_mul_mm_f32_f32_l4_lm,0.529800,128x4x1,128x1x1,64x256x1x1
ffn_moe_probs-8,kernel_soft_max_4,0.006400,16384x1x1,64x1x1,64x256x1x1
ffn_moe_argsort-8,kernel_argsort_f32_i32,0.045800,64x256x1,64x1x1,64x256x1x1
ffn_moe_weights-8,kernel_get_rows_f32,0.010500,384x256x1,64x1x1,1x6x256x1
ffn_moe_weights_scaled-8,kernel_scale,0.001800,384x1x1,64x1x1,1x6x256x1
ffn_moe_gate-8,kernel_mul_mv_id_q4_0_f32_8x_flat,36.211399,11264x1x1536,64x1x1,1408x6x256x1
ffn_moe_up-8,kernel_mul_mv_id_q4_0_f32_8x_flat,36.214901,11264x1x1536,64x1x1,1408x6x256x1
ffn_moe_weighted-8,kernel_swiglu,0.347600,786432x1x1,512x1x1,1408x6x256x1
ffn_moe_down-8,kernel_mul_mv_id_q4_0_f32_8x_flat,39.220798,16384x1x1536,64x1x1,2048x6x256x1
node_544,kernel_mul,0.404200,384x256x1,64x1x1,2048x6x256x1
ffn_gate-8,kernel_transpose_32_16,0.046200,512x64x0,1x16x0,2816x256x1x1
ffn_gate-8,kernel_mul_mat_Ab_Bi_8x4,1.168600,32x704x1,1x128x1,2816x256x1x1
ffn_up-8,kernel_transpose_32_16,0.051300,512x64x0,1x16x0,2816x256x1x1
ffn_up-8,kernel_mul_mat_Ab_Bi_8x4,1.170700,32x704x1,1x128x1,2816x256x1x1
ffn_swiglu-8,kernel_swiglu,0.107100,131072x1x1,512x1x1,2816x256x1x1
node_554,kernel_add,0.093900,16384x1x1,64x1x1,2048x256x1x1
node_555,kernel_add,0.077900,16384x1x1,64x1x1,2048x256x1x1
node_556,kernel_add,0.072600,16384x1x1,64x1x1,2048x256x1x1
node_557,kernel_add,0.069900,16384x1x1,64x1x1,2048x256x1x1
ffn_moe_out-8,kernel_add,0.073600,16384x1x1,64x1x1,2048x256x1x1
ffn_shexp-8,kernel_transpose_32_16,0.075200,704x64x0,1x16x0,2048x256x1x1
ffn_shexp-8,kernel_mul_mat_Ab_Bi_8x4,1.236800,32x512x1,1x128x1,2048x256x1x1
ffn_out-8,kernel_add,0.076800,16384x1x1,64x1x1,2048x256x1x1
l_out-8,kernel_add,0.075200,16384x1x1,64x1x1,2048x256x1x1
attn_norm-9,kernel_rms_norm_mul,0.064100,262144x1x1,1024x1x1,2048x256x1x1
q-9,kernel_transpose_32_16,0.040700,512x64x0,1x16x0,3072x256x1x1
q-9,kernel_mul_mat_Ab_Bi_8x4,1.155000,32x768x1,1x128x1,3072x256x1x1
q_pe-9,kernel_rope_norm_f32,0.040000,1024x256x1,64x1x1,64x16x256x1
Qcur-9,kernel_concat_f32_non_contiguous,0.617900,16x256x1,0x0x0,192x16x256x1
kv_cmpr_pe-9,kernel_transpose_32_16,0.053800,512x64x0,1x16x0,576x256x1x1
kv_cmpr_pe-9,kernel_mul_mat_Ab_Bi_8x4,0.426500,32x144x1,1x128x1,576x256x1x1
k_pe-9,kernel_rope_norm_f32,0.004800,64x256x1,64x1x1,64x1x256x1
node_572,kernel_repeat,0.318700,16x256x1,0x0x0,64x16x256x1
kv_cmpr-9,kernel_rms_norm_mul,0.028200,131072x1x1,512x1x1,512x256x1x1
kv-9,kernel_transpose_32_16,0.009400,128x64x0,1x16x0,4096x256x1x1
kv-9,kernel_mul_mat_Ab_Bi_8x4,0.390600,32x1024x1,1x128x1,4096x256x1x1
Kcur-9,kernel_concat_f32_non_contiguous,1.001400,16x256x1,0x0x0,192x16x256x1
Vcur_cont-9,kernel_cpy_f32_f32,0.059500,1024x256x1,64x1x1,128x16x256x1
cache_k_l9 (view),kernel_set_rows_f16_i64,0.070300,262144x1x1,1024x1x1,3072x4096x1x1
cache_v_l9 (view),kernel_set_rows_f16_i64,0.051300,262144x1x1,1024x1x1,2048x4096x1x1
__fattn__-9,flash_attn_f32_f16,18.705000,256x16x0,16x1x0,128x16x256x1
node_593,kernel_transpose_32_16,0.037900,512x64x0,1x16x0,2048x256x1x1
node_593,kernel_mul_mat_Ab_Bi_8x4,0.887300,32x512x1,1x128x1,2048x256x1x1
ffn_inp-9,kernel_add,0.075000,16384x1x1,64x1x1,2048x256x1x1
ffn_norm-9,kernel_rms_norm_mul,0.063900,262144x1x1,1024x1x1,2048x256x1x1
ffn_moe_logits-9,kernel_mul_mm_f32_f32_l4_lm,0.525800,128x4x1,128x1x1,64x256x1x1
ffn_moe_probs-9,kernel_soft_max_4,0.006100,16384x1x1,64x1x1,64x256x1x1
ffn_moe_argsort-9,kernel_argsort_f32_i32,0.045500,64x256x1,64x1x1,64x256x1x1
ffn_moe_weights-9,kernel_get_rows_f32,0.010300,384x256x1,64x1x1,1x6x256x1
ffn_moe_weights_scaled-9,kernel_scale,0.001900,384x1x1,64x1x1,1x6x256x1
ffn_moe_gate-9,kernel_mul_mv_id_q4_0_f32_8x_flat,36.351799,11264x1x1536,64x1x1,1408x6x256x1
ffn_moe_up-9,kernel_mul_mv_id_q4_0_f32_8x_flat,36.385101,11264x1x1536,64x1x1,1408x6x256x1
ffn_moe_weighted-9,kernel_swiglu,0.348500,786432x1x1,512x1x1,1408x6x256x1
ffn_moe_down-9,kernel_mul_mv_id_q4_0_f32_8x_flat,39.191002,16384x1x1536,64x1x1,2048x6x256x1
node_609,kernel_mul,0.400600,384x256x1,64x1x1,2048x6x256x1
ffn_gate-9,kernel_transpose_32_16,0.056600,512x64x0,1x16x0,2816x256x1x1
ffn_gate-9,kernel_mul_mat_Ab_Bi_8x4,1.167000,32x704x1,1x128x1,2816x256x1x1
ffn_up-9,kernel_transpose_32_16,0.051000,512x64x0,1x16x0,2816x256x1x1
ffn_up-9,kernel_mul_mat_Ab_Bi_8x4,1.170500,32x704x1,1x128x1,2816x256x1x1
ffn_swiglu-9,kernel_swiglu,0.107800,131072x1x1,512x1x1,2816x256x1x1
node_619,kernel_add,0.094300,16384x1x1,64x1x1,2048x256x1x1
node_620,kernel_add,0.077400,16384x1x1,64x1x1,2048x256x1x1
node_621,kernel_add,0.075100,16384x1x1,64x1x1,2048x256x1x1
node_622,kernel_add,0.072900,16384x1x1,64x1x1,2048x256x1x1
ffn_moe_out-9,kernel_add,0.075000,16384x1x1,64x1x1,2048x256x1x1
ffn_shexp-9,kernel_transpose_32_16,0.075900,704x64x0,1x16x0,2048x256x1x1
ffn_shexp-9,kernel_mul_mat_Ab_Bi_8x4,1.236800,32x512x1,1x128x1,2048x256x1x1
ffn_out-9,kernel_add,0.073900,16384x1x1,64x1x1,2048x256x1x1
l_out-9,kernel_add,0.075600,16384x1x1,64x1x1,2048x256x1x1
attn_norm-10,kernel_rms_norm_mul,0.064300,262144x1x1,1024x1x1,2048x256x1x1
q-10,kernel_transpose_32_16,0.040100,512x64x0,1x16x0,3072x256x1x1
q-10,kernel_mul_mat_Ab_Bi_8x4,1.156000,32x768x1,1x128x1,3072x256x1x1
q_pe-10,kernel_rope_norm_f32,0.039200,1024x256x1,64x1x1,64x16x256x1
Qcur-10,kernel_concat_f32_non_contiguous,0.608800,16x256x1,0x0x0,192x16x256x1
kv_cmpr_pe-10,kernel_transpose_32_16,0.049100,512x64x0,1x16x0,576x256x1x1
kv_cmpr_pe-10,kernel_mul_mat_Ab_Bi_8x4,0.424800,32x144x1,1x128x1,576x256x1x1
k_pe-10,kernel_rope_norm_f32,0.004800,64x256x1,64x1x1,64x1x256x1
node_637,kernel_repeat,0.324300,16x256x1,0x0x0,64x16x256x1
kv_cmpr-10,kernel_rms_norm_mul,0.028300,131072x1x1,512x1x1,512x256x1x1
kv-10,kernel_transpose_32_16,0.012400,128x64x0,1x16x0,4096x256x1x1
kv-10,kernel_mul_mat_Ab_Bi_8x4,0.392300,32x1024x1,1x128x1,4096x256x1x1
Kcur-10,kernel_concat_f32_non_contiguous,0.981000,16x256x1,0x0x0,192x16x256x1
Vcur_cont-10,kernel_cpy_f32_f32,0.053100,1024x256x1,64x1x1,128x16x256x1
cache_k_l10 (view),kernel_set_rows_f16_i64,0.069600,262144x1x1,1024x1x1,3072x4096x1x1
cache_v_l10 (view),kernel_set_rows_f16_i64,0.053300,262144x1x1,1024x1x1,2048x4096x1x1
__fattn__-10,flash_attn_f32_f16,18.690500,256x16x0,16x1x0,128x16x256x1
node_658,kernel_transpose_32_16,0.037200,512x64x0,1x16x0,2048x256x1x1
node_658,kernel_mul_mat_Ab_Bi_8x4,0.891700,32x512x1,1x128x1,2048x256x1x1
ffn_inp-10,kernel_add,0.071400,16384x1x1,64x1x1,2048x256x1x1
ffn_norm-10,kernel_rms_norm_mul,0.064100,262144x1x1,1024x1x1,2048x256x1x1
ffn_moe_logits-10,kernel_mul_mm_f32_f32_l4_lm,0.514100,128x4x1,128x1x1,64x256x1x1
ffn_moe_probs-10,kernel_soft_max_4,0.006200,16384x1x1,64x1x1,64x256x1x1
ffn_moe_argsort-10,kernel_argsort_f32_i32,0.045700,64x256x1,64x1x1,64x256x1x1
ffn_moe_weights-10,kernel_get_rows_f32,0.010600,384x256x1,64x1x1,1x6x256x1
ffn_moe_weights_scaled-10,kernel_scale,0.001900,384x1x1,64x1x1,1x6x256x1
ffn_moe_gate-10,kernel_mul_mv_id_q4_0_f32_8x_flat,36.244900,11264x1x1536,64x1x1,1408x6x256x1
ffn_moe_up-10,kernel_mul_mv_id_q4_0_f32_8x_flat,36.218899,11264x1x1536,64x1x1,1408x6x256x1
ffn_moe_weighted-10,kernel_swiglu,0.347100,786432x1x1,512x1x1,1408x6x256x1
ffn_moe_down-10,kernel_mul_mv_id_q4_0_f32_8x_flat,39.206299,16384x1x1536,64x1x1,2048x6x256x1
node_674,kernel_mul,0.403600,384x256x1,64x1x1,2048x6x256x1
ffn_gate-10,kernel_transpose_32_16,0.058700,512x64x0,1x16x0,2816x256x1x1
ffn_gate-10,kernel_mul_mat_Ab_Bi_8x4,1.168300,32x704x1,1x128x1,2816x256x1x1
ffn_up-10,kernel_transpose_32_16,0.051500,512x64x0,1x16x0,2816x256x1x1
ffn_up-10,kernel_mul_mat_Ab_Bi_8x4,1.168600,32x704x1,1x128x1,2816x256x1x1
ffn_swiglu-10,kernel_swiglu,0.107500,131072x1x1,512x1x1,2816x256x1x1
node_684,kernel_add,0.095400,16384x1x1,64x1x1,2048x256x1x1
node_685,kernel_add,0.073600,16384x1x1,64x1x1,2048x256x1x1
node_686,kernel_add,0.073300,16384x1x1,64x1x1,2048x256x1x1
node_687,kernel_add,0.074500,16384x1x1,64x1x1,2048x256x1x1
ffn_moe_out-10,kernel_add,0.073300,16384x1x1,64x1x1,2048x256x1x1
ffn_shexp-10,kernel_transpose_32_16,0.076400,704x64x0,1x16x0,2048x256x1x1
ffn_shexp-10,kernel_mul_mat_Ab_Bi_8x4,1.224100,32x512x1,1x128x1,2048x256x1x1
ffn_out-10,kernel_add,0.076800,16384x1x1,64x1x1,2048x256x1x1
l_out-10,kernel_add,0.074800,16384x1x1,64x1x1,2048x256x1x1
attn_norm-11,kernel_rms_norm_mul,0.063800,262144x1x1,1024x1x1,2048x256x1x1
q-11,kernel_transpose_32_16,0.039800,512x64x0,1x16x0,3072x256x1x1
q-11,kernel_mul_mat_Ab_Bi_8x4,1.158500,32x768x1,1x128x1,3072x256x1x1
q_pe-11,kernel_rope_norm_f32,0.040700,1024x256x1,64x1x1,64x16x256x1
Qcur-11,kernel_concat_f32_non_contiguous,0.476500,16x256x1,0x0x0,192x16x256x1
kv_cmpr_pe-11,kernel_transpose_32_16,0.053700,512x64x0,1x16x0,576x256x1x1
kv_cmpr_pe-11,kernel_mul_mat_Ab_Bi_8x4,0.424600,32x144x1,1x128x1,576x256x1x1
k_pe-11,kernel_rope_norm_f32,0.005300,64x256x1,64x1x1,64x1x256x1
node_702,kernel_repeat,0.314200,16x256x1,0x0x0,64x16x256x1
kv_cmpr-11,kernel_rms_norm_mul,0.028300,131072x1x1,512x1x1,512x256x1x1
kv-11,kernel_transpose_32_16,0.012300,128x64x0,1x16x0,4096x256x1x1
kv-11,kernel_mul_mat_Ab_Bi_8x4,0.391100,32x1024x1,1x128x1,4096x256x1x1
Kcur-11,kernel_concat_f32_non_contiguous,0.986900,16x256x1,0x0x0,192x16x256x1
Vcur_cont-11,kernel_cpy_f32_f32,0.059300,1024x256x1,64x1x1,128x16x256x1
cache_k_l11 (view),kernel_set_rows_f16_i64,0.067500,262144x1x1,1024x1x1,3072x4096x1x1
cache_v_l11 (view),kernel_set_rows_f16_i64,0.051900,262144x1x1,1024x1x1,2048x4096x1x1
__fattn__-11,flash_attn_f32_f16,18.621500,256x16x0,16x1x0,128x16x256x1
node_723,kernel_transpose_32_16,0.036700,512x64x0,1x16x0,2048x256x1x1
node_723,kernel_mul_mat_Ab_Bi_8x4,0.888600,32x512x1,1x128x1,2048x256x1x1
ffn_inp-11,kernel_add,0.072900,16384x1x1,64x1x1,2048x256x1x1
ffn_norm-11,kernel_rms_norm_mul,0.064300,262144x1x1,1024x1x1,2048x256x1x1
ffn_moe_logits-11,kernel_mul_mm_f32_f32_l4_lm,0.546200,128x4x1,128x1x1,64x256x1x1
ffn_moe_probs-11,kernel_soft_max_4,0.006600,16384x1x1,64x1x1,64x256x1x1
ffn_moe_argsort-11,kernel_argsort_f32_i32,0.045700,64x256x1,64x1x1,64x256x1x1
ffn_moe_weights-11,kernel_get_rows_f32,0.010700,384x256x1,64x1x1,1x6x256x1
ffn_moe_weights_scaled-11,kernel_scale,0.001900,384x1x1,64x1x1,1x6x256x1
ffn_moe_gate-11,kernel_mul_mv_id_q4_0_f32_8x_flat,36.452599,11264x1x1536,64x1x1,1408x6x256x1
ffn_moe_up-11,kernel_mul_mv_id_q4_0_f32_8x_flat,36.480701,11264x1x1536,64x1x1,1408x6x256x1
ffn_moe_weighted-11,kernel_swiglu,0.347100,786432x1x1,512x1x1,1408x6x256x1
ffn_moe_down-11,kernel_mul_mv_id_q4_0_f32_8x_flat,39.258701,16384x1x1536,64x1x1,2048x6x256x1
node_739,kernel_mul,0.399500,384x256x1,64x1x1,2048x6x256x1
ffn_gate-11,kernel_transpose_32_16,0.057300,512x64x0,1x16x0,2816x256x1x1
ffn_gate-11,kernel_mul_mat_Ab_Bi_8x4,1.169500,32x704x1,1x128x1,2816x256x1x1
ffn_up-11,kernel_transpose_32_16,0.050900,512x64x0,1x16x0,2816x256x1x1
ffn_up-11,kernel_mul_mat_Ab_Bi_8x4,1.165700,32x704x1,1x128x1,2816x256x1x1
ffn_swiglu-11,kernel_swiglu,0.106400,131072x1x1,512x1x1,2816x256x1x1
node_749,kernel_add,0.093800,16384x1x1,64x1x1,2048x256x1x1
node_750,kernel_add,0.075400,16384x1x1,64x1x1,2048x256x1x1
node_751,kernel_add,0.074000,16384x1x1,64x1x1,2048x256x1x1
node_752,kernel_add,0.074400,16384x1x1,64x1x1,2048x256x1x1
ffn_moe_out-11,kernel_add,0.070000,16384x1x1,64x1x1,2048x256x1x1
ffn_shexp-11,kernel_transpose_32_16,0.076000,704x64x0,1x16x0,2048x256x1x1
ffn_shexp-11,kernel_mul_mat_Ab_Bi_8x4,1.232500,32x512x1,1x128x1,2048x256x1x1
ffn_out-11,kernel_add,0.074300,16384x1x1,64x1x1,2048x256x1x1
l_out-11,kernel_add,0.076900,16384x1x1,64x1x1,2048x256x1x1
attn_norm-12,kernel_rms_norm_mul,0.063700,262144x1x1,1024x1x1,2048x256x1x1
q-12,kernel_transpose_32_16,0.040700,512x64x0,1x16x0,3072x256x1x1
q-12,kernel_mul_mat_Ab_Bi_8x4,1.153600,32x768x1,1x128x1,3072x256x1x1
q_pe-12,kernel_rope_norm_f32,0.036700,1024x256x1,64x1x1,64x16x256x1
Qcur-12,kernel_concat_f32_non_contiguous,0.470700,16x256x1,0x0x0,192x16x256x1
kv_cmpr_pe-12,kernel_transpose_32_16,0.055000,512x64x0,1x16x0,576x256x1x1
kv_cmpr_pe-12,kernel_mul_mat_Ab_Bi_8x4,0.424200,32x144x1,1x128x1,576x256x1x1
k_pe-12,kernel_rope_norm_f32,0.004900,64x256x1,64x1x1,64x1x256x1
node_767,kernel_repeat,0.363000,16x256x1,0x0x0,64x16x256x1
kv_cmpr-12,kernel_rms_norm_mul,0.028500,131072x1x1,512x1x1,512x256x1x1
kv-12,kernel_transpose_32_16,0.013000,128x64x0,1x16x0,4096x256x1x1
kv-12,kernel_mul_mat_Ab_Bi_8x4,0.392300,32x1024x1,1x128x1,4096x256x1x1
Kcur-12,kernel_concat_f32_non_contiguous,0.984100,16x256x1,0x0x0,192x16x256x1
Vcur_cont-12,kernel_cpy_f32_f32,0.060500,1024x256x1,64x1x1,128x16x256x1
cache_k_l12 (view),kernel_set_rows_f16_i64,0.069800,262144x1x1,1024x1x1,3072x4096x1x1
cache_v_l12 (view),kernel_set_rows_f16_i64,0.051500,262144x1x1,1024x1x1,2048x4096x1x1
__fattn__-12,flash_attn_f32_f16,18.688200,256x16x0,16x1x0,128x16x256x1
node_788,kernel_transpose_32_16,0.036800,512x64x0,1x16x0,2048x256x1x1
node_788,kernel_mul_mat_Ab_Bi_8x4,0.896600,32x512x1,1x128x1,2048x256x1x1
ffn_inp-12,kernel_add,0.068900,16384x1x1,64x1x1,2048x256x1x1
ffn_norm-12,kernel_rms_norm_mul,0.063800,262144x1x1,1024x1x1,2048x256x1x1
ffn_moe_logits-12,kernel_mul_mm_f32_f32_l4_lm,0.528300,128x4x1,128x1x1,64x256x1x1
ffn_moe_probs-12,kernel_soft_max_4,0.006500,16384x1x1,64x1x1,64x256x1x1
ffn_moe_argsort-12,kernel_argsort_f32_i32,0.045600,64x256x1,64x1x1,64x256x1x1
ffn_moe_weights-12,kernel_get_rows_f32,0.010600,384x256x1,64x1x1,1x6x256x1
ffn_moe_weights_scaled-12,kernel_scale,0.001800,384x1x1,64x1x1,1x6x256x1
ffn_moe_gate-12,kernel_mul_mv_id_q4_0_f32_8x_flat,36.302898,11264x1x1536,64x1x1,1408x6x256x1
ffn_moe_up-12,kernel_mul_mv_id_q4_0_f32_8x_flat,36.785400,11264x1x1536,64x1x1,1408x6x256x1
ffn_moe_weighted-12,kernel_swiglu,0.347900,786432x1x1,512x1x1,1408x6x256x1
ffn_moe_down-12,kernel_mul_mv_id_q4_0_f32_8x_flat,40.789799,16384x1x1536,64x1x1,2048x6x256x1
node_804,kernel_mul,0.403600,384x256x1,64x1x1,2048x6x256x1
ffn_gate-12,kernel_transpose_32_16,0.056800,512x64x0,1x16x0,2816x256x1x1
ffn_gate-12,kernel_mul_mat_Ab_Bi_8x4,1.169400,32x704x1,1x128x1,2816x256x1x1
ffn_up-12,kernel_transpose_32_16,0.052000,512x64x0,1x16x0,2816x256x1x1
ffn_up-12,kernel_mul_mat_Ab_Bi_8x4,1.167300,32x704x1,1x128x1,2816x256x1x1
ffn_swiglu-12,kernel_swiglu,0.102700,131072x1x1,512x1x1,2816x256x1x1
node_814,kernel_add,0.094500,16384x1x1,64x1x1,2048x256x1x1
node_815,kernel_add,0.076700,16384x1x1,64x1x1,2048x256x1x1
node_816,kernel_add,0.073900,16384x1x1,64x1x1,2048x256x1x1
node_817,kernel_add,0.073700,16384x1x1,64x1x1,2048x256x1x1
ffn_moe_out-12,kernel_add,0.075400,16384x1x1,64x1x1,2048x256x1x1
ffn_shexp-12,kernel_transpose_32_16,0.075300,704x64x0,1x16x0,2048x256x1x1
ffn_shexp-12,kernel_mul_mat_Ab_Bi_8x4,1.236100,32x512x1,1x128x1,2048x256x1x1
ffn_out-12,kernel_add,0.073400,16384x1x1,64x1x1,2048x256x1x1
l_out-12,kernel_add,0.074900,16384x1x1,64x1x1,2048x256x1x1
attn_norm-13,kernel_rms_norm_mul,0.063800,262144x1x1,1024x1x1,2048x256x1x1
q-13,kernel_transpose_32_16,0.040600,512x64x0,1x16x0,3072x256x1x1
q-13,kernel_mul_mat_Ab_Bi_8x4,1.153300,32x768x1,1x128x1,3072x256x1x1
q_pe-13,kernel_rope_norm_f32,0.040200,1024x256x1,64x1x1,64x16x256x1
Qcur-13,kernel_concat_f32_non_contiguous,0.622100,16x256x1,0x0x0,192x16x256x1
kv_cmpr_pe-13,kernel_transpose_32_16,0.053100,512x64x0,1x16x0,576x256x1x1
kv_cmpr_pe-13,kernel_mul_mat_Ab_Bi_8x4,0.425600,32x144x1,1x128x1,576x256x1x1
k_pe-13,kernel_rope_norm_f32,0.004600,64x256x1,64x1x1,64x1x256x1
node_832,kernel_repeat,0.325000,16x256x1,0x0x0,64x16x256x1
kv_cmpr-13,kernel_rms_norm_mul,0.028300,131072x1x1,512x1x1,512x256x1x1
kv-13,kernel_transpose_32_16,0.013600,128x64x0,1x16x0,4096x256x1x1
kv-13,kernel_mul_mat_Ab_Bi_8x4,0.390700,32x1024x1,1x128x1,4096x256x1x1
Kcur-13,kernel_concat_f32_non_contiguous,0.864500,16x256x1,0x0x0,192x16x256x1
Vcur_cont-13,kernel_cpy_f32_f32,0.059000,1024x256x1,64x1x1,128x16x256x1
cache_k_l13 (view),kernel_set_rows_f16_i64,0.065400,262144x1x1,1024x1x1,3072x4096x1x1
cache_v_l13 (view),kernel_set_rows_f16_i64,0.052200,262144x1x1,1024x1x1,2048x4096x1x1
__fattn__-13,flash_attn_f32_f16,18.633301,256x16x0,16x1x0,128x16x256x1
node_853,kernel_transpose_32_16,0.037300,512x64x0,1x16x0,2048x256x1x1
node_853,kernel_mul_mat_Ab_Bi_8x4,0.890700,32x512x1,1x128x1,2048x256x1x1
ffn_inp-13,kernel_add,0.071600,16384x1x1,64x1x1,2048x256x1x1
ffn_norm-13,kernel_rms_norm_mul,0.064300,262144x1x1,1024x1x1,2048x256x1x1
ffn_moe_logits-13,kernel_mul_mm_f32_f32_l4_lm,0.528300,128x4x1,128x1x1,64x256x1x1
ffn_moe_probs-13,kernel_soft_max_4,0.006500,16384x1x1,64x1x1,64x256x1x1
ffn_moe_argsort-13,kernel_argsort_f32_i32,0.045800,64x256x1,64x1x1,64x256x1x1
ffn_moe_weights-13,kernel_get_rows_f32,0.010600,384x256x1,64x1x1,1x6x256x1
ffn_moe_weights_scaled-13,kernel_scale,0.001900,384x1x1,64x1x1,1x6x256x1
ffn_moe_gate-13,kernel_mul_mv_id_q4_0_f32_8x_flat,36.244701,11264x1x1536,64x1x1,1408x6x256x1
ffn_moe_up-13,kernel_mul_mv_id_q4_0_f32_8x_flat,36.762901,11264x1x1536,64x1x1,1408x6x256x1
ffn_moe_weighted-13,kernel_swiglu,0.347100,786432x1x1,512x1x1,1408x6x256x1
ffn_moe_down-13,kernel_mul_mv_id_q4_0_f32_8x_flat,39.055801,16384x1x1536,64x1x1,2048x6x256x1
node_869,kernel_mul,0.402200,384x256x1,64x1x1,2048x6x256x1
ffn_gate-13,kernel_transpose_32_16,0.056400,512x64x0,1x16x0,2816x256x1x1
ffn_gate-13,kernel_mul_mat_Ab_Bi_8x4,1.226900,32x704x1,1x128x1,2816x256x1x1
ffn_up-13,kernel_transpose_32_16,0.050200,512x64x0,1x16x0,2816x256x1x1
ffn_up-13,kernel_mul_mat_Ab_Bi_8x4,1.170000,32x704x1,1x128x1,2816x256x1x1
ffn_swiglu-13,kernel_swiglu,0.107300,131072x1x1,512x1x1,2816x256x1x1
node_879,kernel_add,0.095500,16384x1x1,64x1x1,2048x256x1x1
node_880,kernel_add,0.075900,16384x1x1,64x1x1,2048x256x1x1
node_881,kernel_add,0.070300,16384x1x1,64x1x1,2048x256x1x1
node_882,kernel_add,0.074200,16384x1x1,64x1x1,2048x256x1x1
ffn_moe_out-13,kernel_add,0.074700,16384x1x1,64x1x1,2048x256x1x1
ffn_shexp-13,kernel_transpose_32_16,0.074800,704x64x0,1x16x0,2048x256x1x1
ffn_shexp-13,kernel_mul_mat_Ab_Bi_8x4,1.218700,32x512x1,1x128x1,2048x256x1x1
ffn_out-13,kernel_add,0.072900,16384x1x1,64x1x1,2048x256x1x1
l_out-13,kernel_add,0.076700,16384x1x1,64x1x1,2048x256x1x1
attn_norm-14,kernel_rms_norm_mul,0.064200,262144x1x1,1024x1x1,2048x256x1x1
q-14,kernel_transpose_32_16,0.036400,512x64x0,1x16x0,3072x256x1x1
q-14,kernel_mul_mat_Ab_Bi_8x4,1.155800,32x768x1,1x128x1,3072x256x1x1
q_pe-14,kernel_rope_norm_f32,0.040200,1024x256x1,64x1x1,64x16x256x1
Qcur-14,kernel_concat_f32_non_contiguous,0.474600,16x256x1,0x0x0,192x16x256x1
kv_cmpr_pe-14,kernel_transpose_32_16,0.055800,512x64x0,1x16x0,576x256x1x1
kv_cmpr_pe-14,kernel_mul_mat_Ab_Bi_8x4,0.425100,32x144x1,1x128x1,576x256x1x1
k_pe-14,kernel_rope_norm_f32,0.004500,64x256x1,64x1x1,64x1x256x1
node_897,kernel_repeat,0.323900,16x256x1,0x0x0,64x16x256x1
kv_cmpr-14,kernel_rms_norm_mul,0.028700,131072x1x1,512x1x1,512x256x1x1
kv-14,kernel_transpose_32_16,0.012800,128x64x0,1x16x0,4096x256x1x1
kv-14,kernel_mul_mat_Ab_Bi_8x4,0.388900,32x1024x1,1x128x1,4096x256x1x1
Kcur-14,kernel_concat_f32_non_contiguous,0.851800,16x256x1,0x0x0,192x16x256x1
Vcur_cont-14,kernel_cpy_f32_f32,0.059900,1024x256x1,64x1x1,128x16x256x1
cache_k_l14 (view),kernel_set_rows_f16_i64,0.069000,262144x1x1,1024x1x1,3072x4096x1x1
cache_v_l14 (view),kernel_set_rows_f16_i64,0.052000,262144x1x1,1024x1x1,2048x4096x1x1
__fattn__-14,flash_attn_f32_f16,18.707199,256x16x0,16x1x0,128x16x256x1
node_918,kernel_transpose_32_16,0.035900,512x64x0,1x16x0,2048x256x1x1
node_918,kernel_mul_mat_Ab_Bi_8x4,0.897800,32x512x1,1x128x1,2048x256x1x1
ffn_inp-14,kernel_add,0.071700,16384x1x1,64x1x1,2048x256x1x1
ffn_norm-14,kernel_rms_norm_mul,0.063600,262144x1x1,1024x1x1,2048x256x1x1
ffn_moe_logits-14,kernel_mul_mm_f32_f32_l4_lm,0.529400,128x4x1,128x1x1,64x256x1x1
ffn_moe_probs-14,kernel_soft_max_4,0.006500,16384x1x1,64x1x1,64x256x1x1
ffn_moe_argsort-14,kernel_argsort_f32_i32,0.045400,64x256x1,64x1x1,64x256x1x1
ffn_moe_weights-14,kernel_get_rows_f32,0.010700,384x256x1,64x1x1,1x6x256x1
ffn_moe_weights_scaled-14,kernel_scale,0.002100,384x1x1,64x1x1,1x6x256x1
ffn_moe_gate-14,kernel_mul_mv_id_q4_0_f32_8x_flat,36.654800,11264x1x1536,64x1x1,1408x6x256x1
ffn_moe_up-14,kernel_mul_mv_id_q4_0_f32_8x_flat,36.703602,11264x1x1536,64x1x1,1408x6x256x1
ffn_moe_weighted-14,kernel_swiglu,0.347600,786432x1x1,512x1x1,1408x6x256x1
ffn_moe_down-14,kernel_mul_mv_id_q4_0_f32_8x_flat,39.532600,16384x1x1536,64x1x1,2048x6x256x1
node_934,kernel_mul,0.401500,384x256x1,64x1x1,2048x6x256x1
ffn_gate-14,kernel_transpose_32_16,0.058200,512x64x0,1x16x0,2816x256x1x1
ffn_gate-14,kernel_mul_mat_Ab_Bi_8x4,1.170700,32x704x1,1x128x1,2816x256x1x1
ffn_up-14,kernel_transpose_32_16,0.044300,512x64x0,1x16x0,2816x256x1x1
ffn_up-14,kernel_mul_mat_Ab_Bi_8x4,1.168000,32x704x1,1x128x1,2816x256x1x1
ffn_swiglu-14,kernel_swiglu,0.108000,131072x1x1,512x1x1,2816x256x1x1
node_944,kernel_add,0.094200,16384x1x1,64x1x1,2048x256x1x1
node_945,kernel_add,0.075500,16384x1x1,64x1x1,2048x256x1x1
node_946,kernel_add,0.074000,16384x1x1,64x1x1,2048x256x1x1
node_947,kernel_add,0.075100,16384x1x1,64x1x1,2048x256x1x1
ffn_moe_out-14,kernel_add,0.075200,16384x1x1,64x1x1,2048x256x1x1
ffn_shexp-14,kernel_transpose_32_16,0.070500,704x64x0,1x16x0,2048x256x1x1
ffn_shexp-14,kernel_mul_mat_Ab_Bi_8x4,1.220600,32x512x1,1x128x1,2048x256x1x1
ffn_out-14,kernel_add,0.075900,16384x1x1,64x1x1,2048x256x1x1
l_out-14,kernel_add,0.075600,16384x1x1,64x1x1,2048x256x1x1
attn_norm-15,kernel_rms_norm_mul,0.063900,262144x1x1,1024x1x1,2048x256x1x1
q-15,kernel_transpose_32_16,0.039400,512x64x0,1x16x0,3072x256x1x1
q-15,kernel_mul_mat_Ab_Bi_8x4,1.153600,32x768x1,1x128x1,3072x256x1x1
q_pe-15,kernel_rope_norm_f32,0.040100,1024x256x1,64x1x1,64x16x256x1
Qcur-15,kernel_concat_f32_non_contiguous,0.617100,16x256x1,0x0x0,192x16x256x1
kv_cmpr_pe-15,kernel_transpose_32_16,0.053400,512x64x0,1x16x0,576x256x1x1
kv_cmpr_pe-15,kernel_mul_mat_Ab_Bi_8x4,0.424300,32x144x1,1x128x1,576x256x1x1
k_pe-15,kernel_rope_norm_f32,0.004700,64x256x1,64x1x1,64x1x256x1
node_962,kernel_repeat,0.324100,16x256x1,0x0x0,64x16x256x1
kv_cmpr-15,kernel_rms_norm_mul,0.028200,131072x1x1,512x1x1,512x256x1x1
kv-15,kernel_transpose_32_16,0.012500,128x64x0,1x16x0,4096x256x1x1
kv-15,kernel_mul_mat_Ab_Bi_8x4,0.392700,32x1024x1,1x128x1,4096x256x1x1
Kcur-15,kernel_concat_f32_non_contiguous,1.299500,16x256x1,0x0x0,192x16x256x1
Vcur_cont-15,kernel_cpy_f32_f32,0.058000,1024x256x1,64x1x1,128x16x256x1
cache_k_l15 (view),kernel_set_rows_f16_i64,0.069800,262144x1x1,1024x1x1,3072x4096x1x1
cache_v_l15 (view),kernel_set_rows_f16_i64,0.052200,262144x1x1,1024x1x1,2048x4096x1x1
__fattn__-15,flash_attn_f32_f16,18.667900,256x16x0,16x1x0,128x16x256x1
node_983,kernel_transpose_32_16,0.036700,512x64x0,1x16x0,2048x256x1x1
node_983,kernel_mul_mat_Ab_Bi_8x4,0.890000,32x512x1,1x128x1,2048x256x1x1
ffn_inp-15,kernel_add,0.074500,16384x1x1,64x1x1,2048x256x1x1
ffn_norm-15,kernel_rms_norm_mul,0.064400,262144x1x1,1024x1x1,2048x256x1x1
ffn_moe_logits-15,kernel_mul_mm_f32_f32_l4_lm,0.525900,128x4x1,128x1x1,64x256x1x1
ffn_moe_probs-15,kernel_soft_max_4,0.006200,16384x1x1,64x1x1,64x256x1x1
ffn_moe_argsort-15,kernel_argsort_f32_i32,0.045300,64x256x1,64x1x1,64x256x1x1
ffn_moe_weights-15,kernel_get_rows_f32,0.010500,384x256x1,64x1x1,1x6x256x1
ffn_moe_weights_scaled-15,kernel_scale,0.001900,384x1x1,64x1x1,1x6x256x1
ffn_moe_gate-15,kernel_mul_mv_id_q4_0_f32_8x_flat,36.933800,11264x1x1536,64x1x1,1408x6x256x1
ffn_moe_up-15,kernel_mul_mv_id_q4_0_f32_8x_flat,36.839500,11264x1x1536,64x1x1,1408x6x256x1
ffn_moe_weighted-15,kernel_swiglu,0.348500,786432x1x1,512x1x1,1408x6x256x1
ffn_moe_down-15,kernel_mul_mv_id_q4_0_f32_8x_flat,39.377899,16384x1x1536,64x1x1,2048x6x256x1
node_999,kernel_mul,0.405500,384x256x1,64x1x1,2048x6x256x1
ffn_gate-15,kernel_transpose_32_16,0.056600,512x64x0,1x16x0,2816x256x1x1
ffn_gate-15,kernel_mul_mat_Ab_Bi_8x4,1.166700,32x704x1,1x128x1,2816x256x1x1
ffn_up-15,kernel_transpose_32_16,0.050500,512x64x0,1x16x0,2816x256x1x1
ffn_up-15,kernel_mul_mat_Ab_Bi_8x4,1.166000,32x704x1,1x128x1,2816x256x1x1
ffn_swiglu-15,kernel_swiglu,0.107900,131072x1x1,512x1x1,2816x256x1x1
node_1009,kernel_add,0.086800,16384x1x1,64x1x1,2048x256x1x1
node_1010,kernel_add,0.075700,16384x1x1,64x1x1,2048x256x1x1
node_1011,kernel_add,0.074900,16384x1x1,64x1x1,2048x256x1x1
node_1012,kernel_add,0.076100,16384x1x1,64x1x1,2048x256x1x1
ffn_moe_out-15,kernel_add,0.073400,16384x1x1,64x1x1,2048x256x1x1
ffn_shexp-15,kernel_transpose_32_16,0.074800,704x64x0,1x16x0,2048x256x1x1
ffn_shexp-15,kernel_mul_mat_Ab_Bi_8x4,1.235800,32x512x1,1x128x1,2048x256x1x1
ffn_out-15,kernel_add,0.075000,16384x1x1,64x1x1,2048x256x1x1
l_out-15,kernel_add,0.072800,16384x1x1,64x1x1,2048x256x1x1
attn_norm-16,kernel_rms_norm_mul,0.064400,262144x1x1,1024x1x1,2048x256x1x1
q-16,kernel_transpose_32_16,0.039300,512x64x0,1x16x0,3072x256x1x1
q-16,kernel_mul_mat_Ab_Bi_8x4,1.153400,32x768x1,1x128x1,3072x256x1x1
q_pe-16,kernel_rope_norm_f32,0.038900,1024x256x1,64x1x1,64x16x256x1
Qcur-16,kernel_concat_f32_non_contiguous,0.614500,16x256x1,0x0x0,192x16x256x1
kv_cmpr_pe-16,kernel_transpose_32_16,0.054900,512x64x0,1x16x0,576x256x1x1
kv_cmpr_pe-16,kernel_mul_mat_Ab_Bi_8x4,0.426100,32x144x1,1x128x1,576x256x1x1
k_pe-16,kernel_rope_norm_f32,0.004300,64x256x1,64x1x1,64x1x256x1
node_1027,kernel_repeat,0.402700,16x256x1,0x0x0,64x16x256x1
kv_cmpr-16,kernel_rms_norm_mul,0.028200,131072x1x1,512x1x1,512x256x1x1
kv-16,kernel_transpose_32_16,0.012700,128x64x0,1x16x0,4096x256x1x1
kv-16,kernel_mul_mat_Ab_Bi_8x4,0.392400,32x1024x1,1x128x1,4096x256x1x1
Kcur-16,kernel_concat_f32_non_contiguous,1.292600,16x256x1,0x0x0,192x16x256x1
Vcur_cont-16,kernel_cpy_f32_f32,0.058900,1024x256x1,64x1x1,128x16x256x1
cache_k_l16 (view),kernel_set_rows_f16_i64,0.067500,262144x1x1,1024x1x1,3072x4096x1x1
cache_v_l16 (view),kernel_set_rows_f16_i64,0.048800,262144x1x1,1024x1x1,2048x4096x1x1
__fattn__-16,flash_attn_f32_f16,18.677500,256x16x0,16x1x0,128x16x256x1
node_1048,kernel_transpose_32_16,0.037200,512x64x0,1x16x0,2048x256x1x1
node_1048,kernel_mul_mat_Ab_Bi_8x4,0.883500,32x512x1,1x128x1,2048x256x1x1
ffn_inp-16,kernel_add,0.072100,16384x1x1,64x1x1,2048x256x1x1
ffn_norm-16,kernel_rms_norm_mul,0.063700,262144x1x1,1024x1x1,2048x256x1x1
ffn_moe_logits-16,kernel_mul_mm_f32_f32_l4_lm,0.532900,128x4x1,128x1x1,64x256x1x1
ffn_moe_probs-16,kernel_soft_max_4,0.006500,16384x1x1,64x1x1,64x256x1x1
ffn_moe_argsort-16,kernel_argsort_f32_i32,0.045900,64x256x1,64x1x1,64x256x1x1
ffn_moe_weights-16,kernel_get_rows_f32,0.010600,384x256x1,64x1x1,1x6x256x1
ffn_moe_weights_scaled-16,kernel_scale,0.001900,384x1x1,64x1x1,1x6x256x1
ffn_moe_gate-16,kernel_mul_mv_id_q4_0_f32_8x_flat,36.683498,11264x1x1536,64x1x1,1408x6x256x1
ffn_moe_up-16,kernel_mul_mv_id_q4_0_f32_8x_flat,36.642101,11264x1x1536,64x1x1,1408x6x256x1
ffn_moe_weighted-16,kernel_swiglu,0.347600,786432x1x1,512x1x1,1408x6x256x1
ffn_moe_down-16,kernel_mul_mv_id_q4_0_f32_8x_flat,39.409698,16384x1x1536,64x1x1,2048x6x256x1
node_1064,kernel_mul,0.402700,384x256x1,64x1x1,2048x6x256x1
ffn_gate-16,kernel_transpose_32_16,0.047500,512x64x0,1x16x0,2816x256x1x1
ffn_gate-16,kernel_mul_mat_Ab_Bi_8x4,1.167600,32x704x1,1x128x1,2816x256x1x1
ffn_up-16,kernel_transpose_32_16,0.051400,512x64x0,1x16x0,2816x256x1x1
ffn_up-16,kernel_mul_mat_Ab_Bi_8x4,1.171200,32x704x1,1x128x1,2816x256x1x1
ffn_swiglu-16,kernel_swiglu,0.107400,131072x1x1,512x1x1,2816x256x1x1
node_1074,kernel_add,0.094400,16384x1x1,64x1x1,2048x256x1x1
node_1075,kernel_add,0.075300,16384x1x1,64x1x1,2048x256x1x1
node_1076,kernel_add,0.073000,16384x1x1,64x1x1,2048x256x1x1
node_1077,kernel_add,0.071100,16384x1x1,64x1x1,2048x256x1x1
ffn_moe_out-16,kernel_add,0.074000,16384x1x1,64x1x1,2048x256x1x1
ffn_shexp-16,kernel_transpose_32_16,0.075900,704x64x0,1x16x0,2048x256x1x1
ffn_shexp-16,kernel_mul_mat_Ab_Bi_8x4,1.231800,32x512x1,1x128x1,2048x256x1x1
ffn_out-16,kernel_add,0.075700,16384x1x1,64x1x1,2048x256x1x1
l_out-16,kernel_add,0.075200,16384x1x1,64x1x1,2048x256x1x1
attn_norm-17,kernel_rms_norm_mul,0.064300,262144x1x1,1024x1x1,2048x256x1x1
q-17,kernel_transpose_32_16,0.039800,512x64x0,1x16x0,3072x256x1x1
q-17,kernel_mul_mat_Ab_Bi_8x4,1.155400,32x768x1,1x128x1,3072x256x1x1
q_pe-17,kernel_rope_norm_f32,0.039100,1024x256x1,64x1x1,64x16x256x1
Qcur-17,kernel_concat_f32_non_contiguous,0.476200,16x256x1,0x0x0,192x16x256x1
kv_cmpr_pe-17,kernel_transpose_32_16,0.053000,512x64x0,1x16x0,576x256x1x1
kv_cmpr_pe-17,kernel_mul_mat_Ab_Bi_8x4,0.424400,32x144x1,1x128x1,576x256x1x1
k_pe-17,kernel_rope_norm_f32,0.004500,64x256x1,64x1x1,64x1x256x1
node_1092,kernel_repeat,0.361000,16x256x1,0x0x0,64x16x256x1
kv_cmpr-17,kernel_rms_norm_mul,0.028400,131072x1x1,512x1x1,512x256x1x1
kv-17,kernel_transpose_32_16,0.009200,128x64x0,1x16x0,4096x256x1x1
kv-17,kernel_mul_mat_Ab_Bi_8x4,0.392600,32x1024x1,1x128x1,4096x256x1x1
Kcur-17,kernel_concat_f32_non_contiguous,1.295900,16x256x1,0x0x0,192x16x256x1
Vcur_cont-17,kernel_cpy_f32_f32,0.059700,1024x256x1,64x1x1,128x16x256x1
cache_k_l17 (view),kernel_set_rows_f16_i64,0.068700,262144x1x1,1024x1x1,3072x4096x1x1
cache_v_l17 (view),kernel_set_rows_f16_i64,0.049400,262144x1x1,1024x1x1,2048x4096x1x1
__fattn__-17,flash_attn_f32_f16,18.686199,256x16x0,16x1x0,128x16x256x1
node_1113,kernel_transpose_32_16,0.037400,512x64x0,1x16x0,2048x256x1x1
node_1113,kernel_mul_mat_Ab_Bi_8x4,0.887400,32x512x1,1x128x1,2048x256x1x1
ffn_inp-17,kernel_add,0.073200,16384x1x1,64x1x1,2048x256x1x1
ffn_norm-17,kernel_rms_norm_mul,0.064000,262144x1x1,1024x1x1,2048x256x1x1
ffn_moe_logits-17,kernel_mul_mm_f32_f32_l4_lm,0.531800,128x4x1,128x1x1,64x256x1x1
ffn_moe_probs-17,kernel_soft_max_4,0.006200,16384x1x1,64x1x1,64x256x1x1
ffn_moe_argsort-17,kernel_argsort_f32_i32,0.045700,64x256x1,64x1x1,64x256x1x1
ffn_moe_weights-17,kernel_get_rows_f32,0.010700,384x256x1,64x1x1,1x6x256x1
ffn_moe_weights_scaled-17,kernel_scale,0.002000,384x1x1,64x1x1,1x6x256x1
ffn_moe_gate-17,kernel_mul_mv_id_q4_0_f32_8x_flat,37.015099,11264x1x1536,64x1x1,1408x6x256x1
ffn_moe_up-17,kernel_mul_mv_id_q4_0_f32_8x_flat,36.905300,11264x1x1536,64x1x1,1408x6x256x1
ffn_moe_weighted-17,kernel_swiglu,0.350100,786432x1x1,512x1x1,1408x6x256x1
ffn_moe_down-17,kernel_mul_mv_id_q4_0_f32_8x_flat,39.515099,16384x1x1536,64x1x1,2048x6x256x1
node_1129,kernel_mul,0.401700,384x256x1,64x1x1,2048x6x256x1
ffn_gate-17,kernel_transpose_32_16,0.056000,512x64x0,1x16x0,2816x256x1x1
ffn_gate-17,kernel_mul_mat_Ab_Bi_8x4,1.167500,32x704x1,1x128x1,2816x256x1x1
ffn_up-17,kernel_transpose_32_16,0.050600,512x64x0,1x16x0,2816x256x1x1
ffn_up-17,kernel_mul_mat_Ab_Bi_8x4,1.168700,32x704x1,1x128x1,2816x256x1x1
ffn_swiglu-17,kernel_swiglu,0.108500,131072x1x1,512x1x1,2816x256x1x1
node_1139,kernel_add,0.094200,16384x1x1,64x1x1,2048x256x1x1
node_1140,kernel_add,0.076500,16384x1x1,64x1x1,2048x256x1x1
node_1141,kernel_add,0.075400,16384x1x1,64x1x1,2048x256x1x1
node_1142,kernel_add,0.073000,16384x1x1,64x1x1,2048x256x1x1
ffn_moe_out-17,kernel_add,0.073300,16384x1x1,64x1x1,2048x256x1x1
ffn_shexp-17,kernel_transpose_32_16,0.074800,704x64x0,1x16x0,2048x256x1x1
ffn_shexp-17,kernel_mul_mat_Ab_Bi_8x4,1.218600,32x512x1,1x128x1,2048x256x1x1
ffn_out-17,kernel_add,0.075200,16384x1x1,64x1x1,2048x256x1x1
l_out-17,kernel_add,0.078300,16384x1x1,64x1x1,2048x256x1x1
attn_norm-18,kernel_rms_norm_mul,0.063300,262144x1x1,1024x1x1,2048x256x1x1
q-18,kernel_transpose_32_16,0.040800,512x64x0,1x16x0,3072x256x1x1
q-18,kernel_mul_mat_Ab_Bi_8x4,1.155200,32x768x1,1x128x1,3072x256x1x1
q_pe-18,kernel_rope_norm_f32,0.039600,1024x256x1,64x1x1,64x16x256x1
Qcur-18,kernel_concat_f32_non_contiguous,0.475100,16x256x1,0x0x0,192x16x256x1
kv_cmpr_pe-18,kernel_transpose_32_16,0.046900,512x64x0,1x16x0,576x256x1x1
kv_cmpr_pe-18,kernel_mul_mat_Ab_Bi_8x4,0.425300,32x144x1,1x128x1,576x256x1x1
k_pe-18,kernel_rope_norm_f32,0.004500,64x256x1,64x1x1,64x1x256x1
node_1157,kernel_repeat,0.373100,16x256x1,0x0x0,64x16x256x1
kv_cmpr-18,kernel_rms_norm_mul,0.028400,131072x1x1,512x1x1,512x256x1x1
kv-18,kernel_transpose_32_16,0.013000,128x64x0,1x16x0,4096x256x1x1
kv-18,kernel_mul_mat_Ab_Bi_8x4,0.389300,32x1024x1,1x128x1,4096x256x1x1
Kcur-18,kernel_concat_f32_non_contiguous,0.871100,16x256x1,0x0x0,192x16x256x1
Vcur_cont-18,kernel_cpy_f32_f32,0.053800,1024x256x1,64x1x1,128x16x256x1
cache_k_l18 (view),kernel_set_rows_f16_i64,0.067400,262144x1x1,1024x1x1,3072x4096x1x1
cache_v_l18 (view),kernel_set_rows_f16_i64,0.050700,262144x1x1,1024x1x1,2048x4096x1x1
__fattn__-18,flash_attn_f32_f16,18.627501,256x16x0,16x1x0,128x16x256x1
node_1178,kernel_transpose_32_16,0.036500,512x64x0,1x16x0,2048x256x1x1
node_1178,kernel_mul_mat_Ab_Bi_8x4,0.887200,32x512x1,1x128x1,2048x256x1x1
ffn_inp-18,kernel_add,0.071900,16384x1x1,64x1x1,2048x256x1x1
ffn_norm-18,kernel_rms_norm_mul,0.064400,262144x1x1,1024x1x1,2048x256x1x1
ffn_moe_logits-18,kernel_mul_mm_f32_f32_l4_lm,0.517100,128x4x1,128x1x1,64x256x1x1
ffn_moe_probs-18,kernel_soft_max_4,0.006300,16384x1x1,64x1x1,64x256x1x1
ffn_moe_argsort-18,kernel_argsort_f32_i32,0.045200,64x256x1,64x1x1,64x256x1x1
ffn_moe_weights-18,kernel_get_rows_f32,0.010300,384x256x1,64x1x1,1x6x256x1
ffn_moe_weights_scaled-18,kernel_scale,0.001900,384x1x1,64x1x1,1x6x256x1
ffn_moe_gate-18,kernel_mul_mv_id_q4_0_f32_8x_flat,37.198002,11264x1x1536,64x1x1,1408x6x256x1
ffn_moe_up-18,kernel_mul_mv_id_q4_0_f32_8x_flat,36.756302,11264x1x1536,64x1x1,1408x6x256x1
ffn_moe_weighted-18,kernel_swiglu,0.352400,786432x1x1,512x1x1,1408x6x256x1
ffn_moe_down-18,kernel_mul_mv_id_q4_0_f32_8x_flat,39.556999,16384x1x1536,64x1x1,2048x6x256x1
node_1194,kernel_mul,0.408200,384x256x1,64x1x1,2048x6x256x1
ffn_gate-18,kernel_transpose_32_16,0.057100,512x64x0,1x16x0,2816x256x1x1
ffn_gate-18,kernel_mul_mat_Ab_Bi_8x4,1.168400,32x704x1,1x128x1,2816x256x1x1
ffn_up-18,kernel_transpose_32_16,0.051700,512x64x0,1x16x0,2816x256x1x1
ffn_up-18,kernel_mul_mat_Ab_Bi_8x4,1.168100,32x704x1,1x128x1,2816x256x1x1
ffn_swiglu-18,kernel_swiglu,0.108600,131072x1x1,512x1x1,2816x256x1x1
node_1204,kernel_add,0.095700,16384x1x1,64x1x1,2048x256x1x1
node_1205,kernel_add,0.075700,16384x1x1,64x1x1,2048x256x1x1
node_1206,kernel_add,0.077400,16384x1x1,64x1x1,2048x256x1x1
node_1207,kernel_add,0.077100,16384x1x1,64x1x1,2048x256x1x1
ffn_moe_out-18,kernel_add,0.074900,16384x1x1,64x1x1,2048x256x1x1
ffn_shexp-18,kernel_transpose_32_16,0.074600,704x64x0,1x16x0,2048x256x1x1
ffn_shexp-18,kernel_mul_mat_Ab_Bi_8x4,1.222800,32x512x1,1x128x1,2048x256x1x1
ffn_out-18,kernel_add,0.076900,16384x1x1,64x1x1,2048x256x1x1
l_out-18,kernel_add,0.077400,16384x1x1,64x1x1,2048x256x1x1
attn_norm-19,kernel_rms_norm_mul,0.063700,262144x1x1,1024x1x1,2048x256x1x1
q-19,kernel_transpose_32_16,0.039600,512x64x0,1x16x0,3072x256x1x1
q-19,kernel_mul_mat_Ab_Bi_8x4,1.153300,32x768x1,1x128x1,3072x256x1x1
q_pe-19,kernel_rope_norm_f32,0.040500,1024x256x1,64x1x1,64x16x256x1
Qcur-19,kernel_concat_f32_non_contiguous,0.617500,16x256x1,0x0x0,192x16x256x1
kv_cmpr_pe-19,kernel_transpose_32_16,0.053500,512x64x0,1x16x0,576x256x1x1
kv_cmpr_pe-19,kernel_mul_mat_Ab_Bi_8x4,0.424600,32x144x1,1x128x1,576x256x1x1
k_pe-19,kernel_rope_norm_f32,0.004900,64x256x1,64x1x1,64x1x256x1
node_1222,kernel_repeat,0.349100,16x256x1,0x0x0,64x16x256x1
kv_cmpr-19,kernel_rms_norm_mul,0.028500,131072x1x1,512x1x1,512x256x1x1
kv-19,kernel_transpose_32_16,0.012400,128x64x0,1x16x0,4096x256x1x1
kv-19,kernel_mul_mat_Ab_Bi_8x4,0.393200,32x1024x1,1x128x1,4096x256x1x1
Kcur-19,kernel_concat_f32_non_contiguous,0.981300,16x256x1,0x0x0,192x16x256x1
Vcur_cont-19,kernel_cpy_f32_f32,0.058000,1024x256x1,64x1x1,128x16x256x1
cache_k_l19 (view),kernel_set_rows_f16_i64,0.069500,262144x1x1,1024x1x1,3072x4096x1x1
cache_v_l19 (view),kernel_set_rows_f16_i64,0.049800,262144x1x1,1024x1x1,2048x4096x1x1
__fattn__-19,flash_attn_f32_f16,18.763100,256x16x0,16x1x0,128x16x256x1
node_1243,kernel_transpose_32_16,0.037100,512x64x0,1x16x0,2048x256x1x1
node_1243,kernel_mul_mat_Ab_Bi_8x4,0.896100,32x512x1,1x128x1,2048x256x1x1
ffn_inp-19,kernel_add,0.075200,16384x1x1,64x1x1,2048x256x1x1
ffn_norm-19,kernel_rms_norm_mul,0.064200,262144x1x1,1024x1x1,2048x256x1x1
ffn_moe_logits-19,kernel_mul_mm_f32_f32_l4_lm,0.531900,128x4x1,128x1x1,64x256x1x1
ffn_moe_probs-19,kernel_soft_max_4,0.006400,16384x1x1,64x1x1,64x256x1x1
ffn_moe_argsort-19,kernel_argsort_f32_i32,0.045800,64x256x1,64x1x1,64x256x1x1
ffn_moe_weights-19,kernel_get_rows_f32,0.010700,384x256x1,64x1x1,1x6x256x1
ffn_moe_weights_scaled-19,kernel_scale,0.002000,384x1x1,64x1x1,1x6x256x1
ffn_moe_gate-19,kernel_mul_mv_id_q4_0_f32_8x_flat,36.918400,11264x1x1536,64x1x1,1408x6x256x1
ffn_moe_up-19,kernel_mul_mv_id_q4_0_f32_8x_flat,36.601200,11264x1x1536,64x1x1,1408x6x256x1
ffn_moe_weighted-19,kernel_swiglu,0.347000,786432x1x1,512x1x1,1408x6x256x1
ffn_moe_down-19,kernel_mul_mv_id_q4_0_f32_8x_flat,39.438400,16384x1x1536,64x1x1,2048x6x256x1
node_1259,kernel_mul,0.403500,384x256x1,64x1x1,2048x6x256x1
ffn_gate-19,kernel_transpose_32_16,0.056100,512x64x0,1x16x0,2816x256x1x1
ffn_gate-19,kernel_mul_mat_Ab_Bi_8x4,1.168200,32x704x1,1x128x1,2816x256x1x1
ffn_up-19,kernel_transpose_32_16,0.051700,512x64x0,1x16x0,2816x256x1x1
ffn_up-19,kernel_mul_mat_Ab_Bi_8x4,1.167100,32x704x1,1x128x1,2816x256x1x1
ffn_swiglu-19,kernel_swiglu,0.106900,131072x1x1,512x1x1,2816x256x1x1
node_1269,kernel_add,0.095500,16384x1x1,64x1x1,2048x256x1x1
node_1270,kernel_add,0.080700,16384x1x1,64x1x1,2048x256x1x1
node_1271,kernel_add,0.075900,16384x1x1,64x1x1,2048x256x1x1
node_1272,kernel_add,0.076400,16384x1x1,64x1x1,2048x256x1x1
ffn_moe_out-19,kernel_add,0.072200,16384x1x1,64x1x1,2048x256x1x1
ffn_shexp-19,kernel_transpose_32_16,0.076600,704x64x0,1x16x0,2048x256x1x1
ffn_shexp-19,kernel_mul_mat_Ab_Bi_8x4,1.218700,32x512x1,1x128x1,2048x256x1x1
ffn_out-19,kernel_add,0.075700,16384x1x1,64x1x1,2048x256x1x1
l_out-19,kernel_add,0.078600,16384x1x1,64x1x1,2048x256x1x1
attn_norm-20,kernel_rms_norm_mul,0.064200,262144x1x1,1024x1x1,2048x256x1x1
q-20,kernel_transpose_32_16,0.040700,512x64x0,1x16x0,3072x256x1x1
q-20,kernel_mul_mat_Ab_Bi_8x4,1.154900,32x768x1,1x128x1,3072x256x1x1
q_pe-20,kernel_rope_norm_f32,0.037000,1024x256x1,64x1x1,64x16x256x1
Qcur-20,kernel_concat_f32_non_contiguous,0.485100,16x256x1,0x0x0,192x16x256x1
kv_cmpr_pe-20,kernel_transpose_32_16,0.058100,512x64x0,1x16x0,576x256x1x1
kv_cmpr_pe-20,kernel_mul_mat_Ab_Bi_8x4,0.426900,32x144x1,1x128x1,576x256x1x1
k_pe-20,kernel_rope_norm_f32,0.004400,64x256x1,64x1x1,64x1x256x1
node_1287,kernel_repeat,0.364500,16x256x1,0x0x0,64x16x256x1
kv_cmpr-20,kernel_rms_norm_mul,0.028100,131072x1x1,512x1x1,512x256x1x1
kv-20,kernel_transpose_32_16,0.012800,128x64x0,1x16x0,4096x256x1x1
kv-20,kernel_mul_mat_Ab_Bi_8x4,0.390900,32x1024x1,1x128x1,4096x256x1x1
Kcur-20,kernel_concat_f32_non_contiguous,0.995700,16x256x1,0x0x0,192x16x256x1
Vcur_cont-20,kernel_cpy_f32_f32,0.059800,1024x256x1,64x1x1,128x16x256x1
cache_k_l20 (view),kernel_set_rows_f16_i64,0.067700,262144x1x1,1024x1x1,3072x4096x1x1
cache_v_l20 (view),kernel_set_rows_f16_i64,0.052600,262144x1x1,1024x1x1,2048x4096x1x1
__fattn__-20,flash_attn_f32_f16,18.759300,256x16x0,16x1x0,128x16x256x1
node_1308,kernel_transpose_32_16,0.038500,512x64x0,1x16x0,2048x256x1x1
node_1308,kernel_mul_mat_Ab_Bi_8x4,0.898400,32x512x1,1x128x1,2048x256x1x1
ffn_inp-20,kernel_add,0.070400,16384x1x1,64x1x1,2048x256x1x1
ffn_norm-20,kernel_rms_norm_mul,0.064400,262144x1x1,1024x1x1,2048x256x1x1
ffn_moe_logits-20,kernel_mul_mm_f32_f32_l4_lm,0.515800,128x4x1,128x1x1,64x256x1x1
ffn_moe_probs-20,kernel_soft_max_4,0.006200,16384x1x1,64x1x1,64x256x1x1
ffn_moe_argsort-20,kernel_argsort_f32_i32,0.045400,64x256x1,64x1x1,64x256x1x1
ffn_moe_weights-20,kernel_get_rows_f32,0.010400,384x256x1,64x1x1,1x6x256x1
ffn_moe_weights_scaled-20,kernel_scale,0.001900,384x1x1,64x1x1,1x6x256x1
ffn_moe_gate-20,kernel_mul_mv_id_q4_0_f32_8x_flat,37.368599,11264x1x1536,64x1x1,1408x6x256x1
ffn_moe_up-20,kernel_mul_mv_id_q4_0_f32_8x_flat,36.654301,11264x1x1536,64x1x1,1408x6x256x1
ffn_moe_weighted-20,kernel_swiglu,0.348100,786432x1x1,512x1x1,1408x6x256x1
ffn_moe_down-20,kernel_mul_mv_id_q4_0_f32_8x_flat,39.365299,16384x1x1536,64x1x1,2048x6x256x1
node_1324,kernel_mul,0.402400,384x256x1,64x1x1,2048x6x256x1
ffn_gate-20,kernel_transpose_32_16,0.058500,512x64x0,1x16x0,2816x256x1x1
ffn_gate-20,kernel_mul_mat_Ab_Bi_8x4,1.169400,32x704x1,1x128x1,2816x256x1x1
ffn_up-20,kernel_transpose_32_16,0.051000,512x64x0,1x16x0,2816x256x1x1
ffn_up-20,kernel_mul_mat_Ab_Bi_8x4,1.224700,32x704x1,1x128x1,2816x256x1x1
ffn_swiglu-20,kernel_swiglu,0.103400,131072x1x1,512x1x1,2816x256x1x1
node_1334,kernel_add,0.094200,16384x1x1,64x1x1,2048x256x1x1
node_1335,kernel_add,0.079500,16384x1x1,64x1x1,2048x256x1x1
node_1336,kernel_add,0.076000,16384x1x1,64x1x1,2048x256x1x1
node_1337,kernel_add,0.074500,16384x1x1,64x1x1,2048x256x1x1
ffn_moe_out-20,kernel_add,0.075100,16384x1x1,64x1x1,2048x256x1x1
ffn_shexp-20,kernel_transpose_32_16,0.076100,704x64x0,1x16x0,2048x256x1x1
ffn_shexp-20,kernel_mul_mat_Ab_Bi_8x4,1.232500,32x512x1,1x128x1,2048x256x1x1
ffn_out-20,kernel_add,0.073700,16384x1x1,64x1x1,2048x256x1x1
l_out-20,kernel_add,0.076600,16384x1x1,64x1x1,2048x256x1x1
attn_norm-21,kernel_rms_norm_mul,0.063900,262144x1x1,1024x1x1,2048x256x1x1
q-21,kernel_transpose_32_16,0.039400,512x64x0,1x16x0,3072x256x1x1
q-21,kernel_mul_mat_Ab_Bi_8x4,1.155200,32x768x1,1x128x1,3072x256x1x1
q_pe-21,kernel_rope_norm_f32,0.040300,1024x256x1,64x1x1,64x16x256x1
Qcur-21,kernel_concat_f32_non_contiguous,0.625700,16x256x1,0x0x0,192x16x256x1
kv_cmpr_pe-21,kernel_transpose_32_16,0.053200,512x64x0,1x16x0,576x256x1x1
kv_cmpr_pe-21,kernel_mul_mat_Ab_Bi_8x4,0.424800,32x144x1,1x128x1,576x256x1x1
k_pe-21,kernel_rope_norm_f32,0.004800,64x256x1,64x1x1,64x1x256x1
node_1352,kernel_repeat,0.360600,16x256x1,0x0x0,64x16x256x1
kv_cmpr-21,kernel_rms_norm_mul,0.028100,131072x1x1,512x1x1,512x256x1x1
kv-21,kernel_transpose_32_16,0.012300,128x64x0,1x16x0,4096x256x1x1
kv-21,kernel_mul_mat_Ab_Bi_8x4,0.392400,32x1024x1,1x128x1,4096x256x1x1
Kcur-21,kernel_concat_f32_non_contiguous,0.994100,16x256x1,0x0x0,192x16x256x1
Vcur_cont-21,kernel_cpy_f32_f32,0.059800,1024x256x1,64x1x1,128x16x256x1
cache_k_l21 (view),kernel_set_rows_f16_i64,0.066300,262144x1x1,1024x1x1,3072x4096x1x1
cache_v_l21 (view),kernel_set_rows_f16_i64,0.051200,262144x1x1,1024x1x1,2048x4096x1x1
__fattn__-21,flash_attn_f32_f16,18.683599,256x16x0,16x1x0,128x16x256x1
node_1373,kernel_transpose_32_16,0.037200,512x64x0,1x16x0,2048x256x1x1
node_1373,kernel_mul_mat_Ab_Bi_8x4,0.898800,32x512x1,1x128x1,2048x256x1x1
ffn_inp-21,kernel_add,0.074800,16384x1x1,64x1x1,2048x256x1x1
ffn_norm-21,kernel_rms_norm_mul,0.064300,262144x1x1,1024x1x1,2048x256x1x1
ffn_moe_logits-21,kernel_mul_mm_f32_f32_l4_lm,0.545800,128x4x1,128x1x1,64x256x1x1
ffn_moe_probs-21,kernel_soft_max_4,0.006400,16384x1x1,64x1x1,64x256x1x1
ffn_moe_argsort-21,kernel_argsort_f32_i32,0.045200,64x256x1,64x1x1,64x256x1x1
ffn_moe_weights-21,kernel_get_rows_f32,0.010700,384x256x1,64x1x1,1x6x256x1
ffn_moe_weights_scaled-21,kernel_scale,0.001900,384x1x1,64x1x1,1x6x256x1
ffn_moe_gate-21,kernel_mul_mv_id_q4_0_f32_8x_flat,36.888199,11264x1x1536,64x1x1,1408x6x256x1
ffn_moe_up-21,kernel_mul_mv_id_q4_0_f32_8x_flat,36.927502,11264x1x1536,64x1x1,1408x6x256x1
ffn_moe_weighted-21,kernel_swiglu,0.347800,786432x1x1,512x1x1,1408x6x256x1
ffn_moe_down-21,kernel_mul_mv_id_q4_0_f32_8x_flat,40.880798,16384x1x1536,64x1x1,2048x6x256x1
node_1389,kernel_mul,0.402500,384x256x1,64x1x1,2048x6x256x1
ffn_gate-21,kernel_transpose_32_16,0.058800,512x64x0,1x16x0,2816x256x1x1
ffn_gate-21,kernel_mul_mat_Ab_Bi_8x4,1.167100,32x704x1,1x128x1,2816x256x1x1
ffn_up-21,kernel_transpose_32_16,0.050300,512x64x0,1x16x0,2816x256x1x1
ffn_up-21,kernel_mul_mat_Ab_Bi_8x4,1.224200,32x704x1,1x128x1,2816x256x1x1
ffn_swiglu-21,kernel_swiglu,0.105200,131072x1x1,512x1x1,2816x256x1x1
node_1399,kernel_add,0.094100,16384x1x1,64x1x1,2048x256x1x1
node_1400,kernel_add,0.076800,16384x1x1,64x1x1,2048x256x1x1
node_1401,kernel_add,0.070100,16384x1x1,64x1x1,2048x256x1x1
node_1402,kernel_add,0.075300,16384x1x1,64x1x1,2048x256x1x1
ffn_moe_out-21,kernel_add,0.074000,16384x1x1,64x1x1,2048x256x1x1
ffn_shexp-21,kernel_transpose_32_16,0.074700,704x64x0,1x16x0,2048x256x1x1
ffn_shexp-21,kernel_mul_mat_Ab_Bi_8x4,1.220600,32x512x1,1x128x1,2048x256x1x1
ffn_out-21,kernel_add,0.072900,16384x1x1,64x1x1,2048x256x1x1
l_out-21,kernel_add,0.078200,16384x1x1,64x1x1,2048x256x1x1
attn_norm-22,kernel_rms_norm_mul,0.064300,262144x1x1,1024x1x1,2048x256x1x1
q-22,kernel_transpose_32_16,0.036100,512x64x0,1x16x0,3072x256x1x1
q-22,kernel_mul_mat_Ab_Bi_8x4,1.155800,32x768x1,1x128x1,3072x256x1x1
q_pe-22,kernel_rope_norm_f32,0.039600,1024x256x1,64x1x1,64x16x256x1
Qcur-22,kernel_concat_f32_non_contiguous,0.423600,16x256x1,0x0x0,192x16x256x1
kv_cmpr_pe-22,kernel_transpose_32_16,0.054700,512x64x0,1x16x0,576x256x1x1
kv_cmpr_pe-22,kernel_mul_mat_Ab_Bi_8x4,0.422500,32x144x1,1x128x1,576x256x1x1
k_pe-22,kernel_rope_norm_f32,0.004500,64x256x1,64x1x1,64x1x256x1
node_1417,kernel_repeat,0.369900,16x256x1,0x0x0,64x16x256x1
kv_cmpr-22,kernel_rms_norm_mul,0.028700,131072x1x1,512x1x1,512x256x1x1
kv-22,kernel_transpose_32_16,0.013400,128x64x0,1x16x0,4096x256x1x1
kv-22,kernel_mul_mat_Ab_Bi_8x4,0.391700,32x1024x1,1x128x1,4096x256x1x1
Kcur-22,kernel_concat_f32_non_contiguous,0.991600,16x256x1,0x0x0,192x16x256x1
Vcur_cont-22,kernel_cpy_f32_f32,0.059400,1024x256x1,64x1x1,128x16x256x1
cache_k_l22 (view),kernel_set_rows_f16_i64,0.068800,262144x1x1,1024x1x1,3072x4096x1x1
cache_v_l22 (view),kernel_set_rows_f16_i64,0.053000,262144x1x1,1024x1x1,2048x4096x1x1
__fattn__-22,flash_attn_f32_f16,18.637300,256x16x0,16x1x0,128x16x256x1
node_1438,kernel_transpose_32_16,0.036700,512x64x0,1x16x0,2048x256x1x1
node_1438,kernel_mul_mat_Ab_Bi_8x4,0.887700,32x512x1,1x128x1,2048x256x1x1
ffn_inp-22,kernel_add,0.073600,16384x1x1,64x1x1,2048x256x1x1
ffn_norm-22,kernel_rms_norm_mul,0.064500,262144x1x1,1024x1x1,2048x256x1x1
ffn_moe_logits-22,kernel_mul_mm_f32_f32_l4_lm,0.538000,128x4x1,128x1x1,64x256x1x1
ffn_moe_probs-22,kernel_soft_max_4,0.006500,16384x1x1,64x1x1,64x256x1x1
ffn_moe_argsort-22,kernel_argsort_f32_i32,0.045300,64x256x1,64x1x1,64x256x1x1
ffn_moe_weights-22,kernel_get_rows_f32,0.010700,384x256x1,64x1x1,1x6x256x1
ffn_moe_weights_scaled-22,kernel_scale,0.002200,384x1x1,64x1x1,1x6x256x1
ffn_moe_gate-22,kernel_mul_mv_id_q4_0_f32_8x_flat,36.596802,11264x1x1536,64x1x1,1408x6x256x1
ffn_moe_up-22,kernel_mul_mv_id_q4_0_f32_8x_flat,36.562199,11264x1x1536,64x1x1,1408x6x256x1
ffn_moe_weighted-22,kernel_swiglu,0.347600,786432x1x1,512x1x1,1408x6x256x1
ffn_moe_down-22,kernel_mul_mv_id_q4_0_f32_8x_flat,39.361000,16384x1x1536,64x1x1,2048x6x256x1
node_1454,kernel_mul,0.406600,384x256x1,64x1x1,2048x6x256x1
ffn_gate-22,kernel_transpose_32_16,0.056600,512x64x0,1x16x0,2816x256x1x1
ffn_gate-22,kernel_mul_mat_Ab_Bi_8x4,1.168100,32x704x1,1x128x1,2816x256x1x1
ffn_up-22,kernel_transpose_32_16,0.045500,512x64x0,1x16x0,2816x256x1x1
ffn_up-22,kernel_mul_mat_Ab_Bi_8x4,1.168500,32x704x1,1x128x1,2816x256x1x1
ffn_swiglu-22,kernel_swiglu,0.107800,131072x1x1,512x1x1,2816x256x1x1
node_1464,kernel_add,0.095500,16384x1x1,64x1x1,2048x256x1x1
node_1465,kernel_add,0.078000,16384x1x1,64x1x1,2048x256x1x1
node_1466,kernel_add,0.074100,16384x1x1,64x1x1,2048x256x1x1
node_1467,kernel_add,0.075900,16384x1x1,64x1x1,2048x256x1x1
ffn_moe_out-22,kernel_add,0.074200,16384x1x1,64x1x1,2048x256x1x1
ffn_shexp-22,kernel_transpose_32_16,0.070900,704x64x0,1x16x0,2048x256x1x1
ffn_shexp-22,kernel_mul_mat_Ab_Bi_8x4,1.238000,32x512x1,1x128x1,2048x256x1x1
ffn_out-22,kernel_add,0.079000,16384x1x1,64x1x1,2048x256x1x1
l_out-22,kernel_add,0.075700,16384x1x1,64x1x1,2048x256x1x1
attn_norm-23,kernel_rms_norm_mul,0.064700,262144x1x1,1024x1x1,2048x256x1x1
q-23,kernel_transpose_32_16,0.039200,512x64x0,1x16x0,3072x256x1x1
q-23,kernel_mul_mat_Ab_Bi_8x4,1.154100,32x768x1,1x128x1,3072x256x1x1
q_pe-23,kernel_rope_norm_f32,0.040200,1024x256x1,64x1x1,64x16x256x1
Qcur-23,kernel_concat_f32_non_contiguous,0.411400,16x256x1,0x0x0,192x16x256x1
kv_cmpr_pe-23,kernel_transpose_32_16,0.052800,512x64x0,1x16x0,576x256x1x1
kv_cmpr_pe-23,kernel_mul_mat_Ab_Bi_8x4,0.426400,32x144x1,1x128x1,576x256x1x1
k_pe-23,kernel_rope_norm_f32,0.005100,64x256x1,64x1x1,64x1x256x1
node_1482,kernel_repeat,0.361400,16x256x1,0x0x0,64x16x256x1
kv_cmpr-23,kernel_rms_norm_mul,0.028100,131072x1x1,512x1x1,512x256x1x1
kv-23,kernel_transpose_32_16,0.012200,128x64x0,1x16x0,4096x256x1x1
kv-23,kernel_mul_mat_Ab_Bi_8x4,0.394300,32x1024x1,1x128x1,4096x256x1x1
Kcur-23,kernel_concat_f32_non_contiguous,0.955600,16x256x1,0x0x0,192x16x256x1
Vcur_cont-23,kernel_cpy_f32_f32,0.059500,1024x256x1,64x1x1,128x16x256x1
cache_k_l23 (view),kernel_set_rows_f16_i64,0.070000,262144x1x1,1024x1x1,3072x4096x1x1
cache_v_l23 (view),kernel_set_rows_f16_i64,0.052300,262144x1x1,1024x1x1,2048x4096x1x1
__fattn__-23,flash_attn_f32_f16,18.663200,256x16x0,16x1x0,128x16x256x1
node_1503,kernel_transpose_32_16,0.037200,512x64x0,1x16x0,2048x256x1x1
node_1503,kernel_mul_mat_Ab_Bi_8x4,0.900900,32x512x1,1x128x1,2048x256x1x1
ffn_inp-23,kernel_add,0.075500,16384x1x1,64x1x1,2048x256x1x1
ffn_norm-23,kernel_rms_norm_mul,0.064100,262144x1x1,1024x1x1,2048x256x1x1
ffn_moe_logits-23,kernel_mul_mm_f32_f32_l4_lm,0.533400,128x4x1,128x1x1,64x256x1x1
ffn_moe_probs-23,kernel_soft_max_4,0.006100,16384x1x1,64x1x1,64x256x1x1
ffn_moe_argsort-23,kernel_argsort_f32_i32,0.045700,64x256x1,64x1x1,64x256x1x1
ffn_moe_weights-23,kernel_get_rows_f32,0.010700,384x256x1,64x1x1,1x6x256x1
ffn_moe_weights_scaled-23,kernel_scale,0.001900,384x1x1,64x1x1,1x6x256x1
ffn_moe_gate-23,kernel_mul_mv_id_q4_0_f32_8x_flat,36.841801,11264x1x1536,64x1x1,1408x6x256x1
ffn_moe_up-23,kernel_mul_mv_id_q4_0_f32_8x_flat,36.757500,11264x1x1536,64x1x1,1408x6x256x1
ffn_moe_weighted-23,kernel_swiglu,0.348700,786432x1x1,512x1x1,1408x6x256x1
ffn_moe_down-23,kernel_mul_mv_id_q4_0_f32_8x_flat,39.416302,16384x1x1536,64x1x1,2048x6x256x1
node_1519,kernel_mul,0.401900,384x256x1,64x1x1,2048x6x256x1
ffn_gate-23,kernel_transpose_32_16,0.056900,512x64x0,1x16x0,2816x256x1x1
ffn_gate-23,kernel_mul_mat_Ab_Bi_8x4,1.166800,32x704x1,1x128x1,2816x256x1x1
ffn_up-23,kernel_transpose_32_16,0.050300,512x64x0,1x16x0,2816x256x1x1
ffn_up-23,kernel_mul_mat_Ab_Bi_8x4,1.166900,32x704x1,1x128x1,2816x256x1x1
ffn_swiglu-23,kernel_swiglu,0.108200,131072x1x1,512x1x1,2816x256x1x1
node_1529,kernel_add,0.088800,16384x1x1,64x1x1,2048x256x1x1
node_1530,kernel_add,0.076700,16384x1x1,64x1x1,2048x256x1x1
node_1531,kernel_add,0.074400,16384x1x1,64x1x1,2048x256x1x1
node_1532,kernel_add,0.074100,16384x1x1,64x1x1,2048x256x1x1
ffn_moe_out-23,kernel_add,0.074900,16384x1x1,64x1x1,2048x256x1x1
ffn_shexp-23,kernel_transpose_32_16,0.076100,704x64x0,1x16x0,2048x256x1x1
ffn_shexp-23,kernel_mul_mat_Ab_Bi_8x4,1.236500,32x512x1,1x128x1,2048x256x1x1
ffn_out-23,kernel_add,0.076600,16384x1x1,64x1x1,2048x256x1x1
l_out-23,kernel_add,0.072100,16384x1x1,64x1x1,2048x256x1x1
attn_norm-24,kernel_rms_norm_mul,0.064200,262144x1x1,1024x1x1,2048x256x1x1
q-24,kernel_transpose_32_16,0.039600,512x64x0,1x16x0,3072x256x1x1
q-24,kernel_mul_mat_Ab_Bi_8x4,1.154500,32x768x1,1x128x1,3072x256x1x1
q_pe-24,kernel_rope_norm_f32,0.039300,1024x256x1,64x1x1,64x16x256x1
Qcur-24,kernel_concat_f32_non_contiguous,0.421500,16x256x1,0x0x0,192x16x256x1
kv_cmpr_pe-24,kernel_transpose_32_16,0.055000,512x64x0,1x16x0,576x256x1x1
kv_cmpr_pe-24,kernel_mul_mat_Ab_Bi_8x4,0.424500,32x144x1,1x128x1,576x256x1x1
k_pe-24,kernel_rope_norm_f32,0.004500,64x256x1,64x1x1,64x1x256x1
node_1547,kernel_repeat,0.321400,16x256x1,0x0x0,64x16x256x1
kv_cmpr-24,kernel_rms_norm_mul,0.028800,131072x1x1,512x1x1,512x256x1x1
kv-24,kernel_transpose_32_16,0.012900,128x64x0,1x16x0,4096x256x1x1
kv-24,kernel_mul_mat_Ab_Bi_8x4,0.391300,32x1024x1,1x128x1,4096x256x1x1
Kcur-24,kernel_concat_f32_non_contiguous,0.879600,16x256x1,0x0x0,192x16x256x1
Vcur_cont-24,kernel_cpy_f32_f32,0.059900,1024x256x1,64x1x1,128x16x256x1
cache_k_l24 (view),kernel_set_rows_f16_i64,0.068500,262144x1x1,1024x1x1,3072x4096x1x1
cache_v_l24 (view),kernel_set_rows_f16_i64,0.048100,262144x1x1,1024x1x1,2048x4096x1x1
__fattn__-24,flash_attn_f32_f16,18.651800,256x16x0,16x1x0,128x16x256x1
node_1568,kernel_transpose_32_16,0.037400,512x64x0,1x16x0,2048x256x1x1
node_1568,kernel_mul_mat_Ab_Bi_8x4,0.888900,32x512x1,1x128x1,2048x256x1x1
ffn_inp-24,kernel_add,0.072800,16384x1x1,64x1x1,2048x256x1x1
ffn_norm-24,kernel_rms_norm_mul,0.064200,262144x1x1,1024x1x1,2048x256x1x1
ffn_moe_logits-24,kernel_mul_mm_f32_f32_l4_lm,0.532400,128x4x1,128x1x1,64x256x1x1
ffn_moe_probs-24,kernel_soft_max_4,0.006500,16384x1x1,64x1x1,64x256x1x1
ffn_moe_argsort-24,kernel_argsort_f32_i32,0.045800,64x256x1,64x1x1,64x256x1x1
ffn_moe_weights-24,kernel_get_rows_f32,0.010300,384x256x1,64x1x1,1x6x256x1
ffn_moe_weights_scaled-24,kernel_scale,0.001800,384x1x1,64x1x1,1x6x256x1
ffn_moe_gate-24,kernel_mul_mv_id_q4_0_f32_8x_flat,36.684399,11264x1x1536,64x1x1,1408x6x256x1
ffn_moe_up-24,kernel_mul_mv_id_q4_0_f32_8x_flat,36.663601,11264x1x1536,64x1x1,1408x6x256x1
ffn_moe_weighted-24,kernel_swiglu,0.348100,786432x1x1,512x1x1,1408x6x256x1
ffn_moe_down-24,kernel_mul_mv_id_q4_0_f32_8x_flat,39.354401,16384x1x1536,64x1x1,2048x6x256x1
node_1584,kernel_mul,0.399900,384x256x1,64x1x1,2048x6x256x1
ffn_gate-24,kernel_transpose_32_16,0.046200,512x64x0,1x16x0,2816x256x1x1
ffn_gate-24,kernel_mul_mat_Ab_Bi_8x4,1.169800,32x704x1,1x128x1,2816x256x1x1
ffn_up-24,kernel_transpose_32_16,0.051800,512x64x0,1x16x0,2816x256x1x1
ffn_up-24,kernel_mul_mat_Ab_Bi_8x4,1.167400,32x704x1,1x128x1,2816x256x1x1
ffn_swiglu-24,kernel_swiglu,0.109300,131072x1x1,512x1x1,2816x256x1x1
node_1594,kernel_add,0.093200,16384x1x1,64x1x1,2048x256x1x1
node_1595,kernel_add,0.078100,16384x1x1,64x1x1,2048x256x1x1
node_1596,kernel_add,0.074200,16384x1x1,64x1x1,2048x256x1x1
node_1597,kernel_add,0.070300,16384x1x1,64x1x1,2048x256x1x1
ffn_moe_out-24,kernel_add,0.075700,16384x1x1,64x1x1,2048x256x1x1
ffn_shexp-24,kernel_transpose_32_16,0.075900,704x64x0,1x16x0,2048x256x1x1
ffn_shexp-24,kernel_mul_mat_Ab_Bi_8x4,1.220200,32x512x1,1x128x1,2048x256x1x1
ffn_out-24,kernel_add,0.076600,16384x1x1,64x1x1,2048x256x1x1
l_out-24,kernel_add,0.076600,16384x1x1,64x1x1,2048x256x1x1
attn_norm-25,kernel_rms_norm_mul,0.064000,262144x1x1,1024x1x1,2048x256x1x1
q-25,kernel_transpose_32_16,0.039000,512x64x0,1x16x0,3072x256x1x1
q-25,kernel_mul_mat_Ab_Bi_8x4,1.156300,32x768x1,1x128x1,3072x256x1x1
q_pe-25,kernel_rope_norm_f32,0.040100,1024x256x1,64x1x1,64x16x256x1
Qcur-25,kernel_concat_f32_non_contiguous,0.476200,16x256x1,0x0x0,192x16x256x1
kv_cmpr_pe-25,kernel_transpose_32_16,0.052700,512x64x0,1x16x0,576x256x1x1
kv_cmpr_pe-25,kernel_mul_mat_Ab_Bi_8x4,0.425000,32x144x1,1x128x1,576x256x1x1
k_pe-25,kernel_rope_norm_f32,0.004700,64x256x1,64x1x1,64x1x256x1
node_1612,kernel_repeat,0.356900,16x256x1,0x0x0,64x16x256x1
kv_cmpr-25,kernel_rms_norm_mul,0.028500,131072x1x1,512x1x1,512x256x1x1
kv-25,kernel_transpose_32_16,0.009200,128x64x0,1x16x0,4096x256x1x1
kv-25,kernel_mul_mat_Ab_Bi_8x4,0.390200,32x1024x1,1x128x1,4096x256x1x1
Kcur-25,kernel_concat_f32_non_contiguous,1.307400,16x256x1,0x0x0,192x16x256x1
Vcur_cont-25,kernel_cpy_f32_f32,0.059400,1024x256x1,64x1x1,128x16x256x1
cache_k_l25 (view),kernel_set_rows_f16_i64,0.068500,262144x1x1,1024x1x1,3072x4096x1x1
cache_v_l25 (view),kernel_set_rows_f16_i64,0.050400,262144x1x1,1024x1x1,2048x4096x1x1
__fattn__-25,flash_attn_f32_f16,18.577000,256x16x0,16x1x0,128x16x256x1
node_1633,kernel_transpose_32_16,0.037700,512x64x0,1x16x0,2048x256x1x1
node_1633,kernel_mul_mat_Ab_Bi_8x4,0.888800,32x512x1,1x128x1,2048x256x1x1
ffn_inp-25,kernel_add,0.073500,16384x1x1,64x1x1,2048x256x1x1
ffn_norm-25,kernel_rms_norm_mul,0.064500,262144x1x1,1024x1x1,2048x256x1x1
ffn_moe_logits-25,kernel_mul_mm_f32_f32_l4_lm,0.528200,128x4x1,128x1x1,64x256x1x1
ffn_moe_probs-25,kernel_soft_max_4,0.006100,16384x1x1,64x1x1,64x256x1x1
ffn_moe_argsort-25,kernel_argsort_f32_i32,0.045600,64x256x1,64x1x1,64x256x1x1
ffn_moe_weights-25,kernel_get_rows_f32,0.010700,384x256x1,64x1x1,1x6x256x1
ffn_moe_weights_scaled-25,kernel_scale,0.001900,384x1x1,64x1x1,1x6x256x1
ffn_moe_gate-25,kernel_mul_mv_id_q4_0_f32_8x_flat,36.832401,11264x1x1536,64x1x1,1408x6x256x1
ffn_moe_up-25,kernel_mul_mv_id_q4_0_f32_8x_flat,36.865799,11264x1x1536,64x1x1,1408x6x256x1
ffn_moe_weighted-25,kernel_swiglu,0.348000,786432x1x1,512x1x1,1408x6x256x1
ffn_moe_down-25,kernel_mul_mv_id_q4_0_f32_8x_flat,39.490398,16384x1x1536,64x1x1,2048x6x256x1
node_1649,kernel_mul,0.402500,384x256x1,64x1x1,2048x6x256x1
ffn_gate-25,kernel_transpose_32_16,0.057500,512x64x0,1x16x0,2816x256x1x1
ffn_gate-25,kernel_mul_mat_Ab_Bi_8x4,1.167400,32x704x1,1x128x1,2816x256x1x1
ffn_up-25,kernel_transpose_32_16,0.051600,512x64x0,1x16x0,2816x256x1x1
ffn_up-25,kernel_mul_mat_Ab_Bi_8x4,1.169100,32x704x1,1x128x1,2816x256x1x1
ffn_swiglu-25,kernel_swiglu,0.106100,131072x1x1,512x1x1,2816x256x1x1
node_1659,kernel_add,0.093700,16384x1x1,64x1x1,2048x256x1x1
node_1660,kernel_add,0.078800,16384x1x1,64x1x1,2048x256x1x1
node_1661,kernel_add,0.073900,16384x1x1,64x1x1,2048x256x1x1
node_1662,kernel_add,0.074800,16384x1x1,64x1x1,2048x256x1x1
ffn_moe_out-25,kernel_add,0.073700,16384x1x1,64x1x1,2048x256x1x1
ffn_shexp-25,kernel_transpose_32_16,0.076500,704x64x0,1x16x0,2048x256x1x1
ffn_shexp-25,kernel_mul_mat_Ab_Bi_8x4,1.233900,32x512x1,1x128x1,2048x256x1x1
ffn_out-25,kernel_add,0.074600,16384x1x1,64x1x1,2048x256x1x1
l_out-25,kernel_add,0.079000,16384x1x1,64x1x1,2048x256x1x1
attn_norm-26,kernel_rms_norm_mul,0.063600,262144x1x1,1024x1x1,2048x256x1x1
q-26,kernel_transpose_32_16,0.039800,512x64x0,1x16x0,3072x256x1x1
q-26,kernel_mul_mat_Ab_Bi_8x4,1.155100,32x768x1,1x128x1,3072x256x1x1
q_pe-26,kernel_rope_norm_f32,0.040200,1024x256x1,64x1x1,64x16x256x1
Qcur-26,kernel_concat_f32_non_contiguous,0.479700,16x256x1,0x0x0,192x16x256x1
kv_cmpr_pe-26,kernel_transpose_32_16,0.047600,512x64x0,1x16x0,576x256x1x1
kv_cmpr_pe-26,kernel_mul_mat_Ab_Bi_8x4,0.425600,32x144x1,1x128x1,576x256x1x1
k_pe-26,kernel_rope_norm_f32,0.004700,64x256x1,64x1x1,64x1x256x1
node_1677,kernel_repeat,0.370300,16x256x1,0x0x0,64x16x256x1
kv_cmpr-26,kernel_rms_norm_mul,0.028600,131072x1x1,512x1x1,512x256x1x1
kv-26,kernel_transpose_32_16,0.012300,128x64x0,1x16x0,4096x256x1x1
kv-26,kernel_mul_mat_Ab_Bi_8x4,0.390300,32x1024x1,1x128x1,4096x256x1x1
Kcur-26,kernel_concat_f32_non_contiguous,0.989100,16x256x1,0x0x0,192x16x256x1
Vcur_cont-26,kernel_cpy_f32_f32,0.052500,1024x256x1,64x1x1,128x16x256x1
cache_k_l26 (view),kernel_set_rows_f16_i64,0.069200,262144x1x1,1024x1x1,3072x4096x1x1
cache_v_l26 (view),kernel_set_rows_f16_i64,0.049200,262144x1x1,1024x1x1,2048x4096x1x1
__fattn__-26,flash_attn_f32_f16,18.614700,256x16x0,16x1x0,128x16x256x1
node_1698,kernel_transpose_32_16,0.036900,512x64x0,1x16x0,2048x256x1x1
node_1698,kernel_mul_mat_Ab_Bi_8x4,0.886600,32x512x1,1x128x1,2048x256x1x1
attn_norm-0,kernel_rms_norm_mul,0.067400,262144x1x1,1024x1x1,2048x256x1x1
q-0,kernel_transpose_32_16,0.041300,512x64x0,1x16x0,3072x256x1x1
q-0,kernel_mul_mat_Ab_Bi_8x4,1.156700,32x768x1,1x128x1,3072x256x1x1
q_pe-0,kernel_rope_norm_f32,0.038900,1024x256x1,64x1x1,64x16x256x1
Qcur-0,kernel_concat_f32_non_contiguous,0.497600,16x256x1,0x0x0,192x16x256x1
kv_cmpr_pe-0,kernel_transpose_32_16,0.054300,512x64x0,1x16x0,576x256x1x1
kv_cmpr_pe-0,kernel_mul_mat_Ab_Bi_8x4,0.425400,32x144x1,1x128x1,576x256x1x1
k_pe-0,kernel_rope_norm_f32,0.004400,64x256x1,64x1x1,64x1x256x1
node_11,kernel_repeat,0.394400,16x256x1,0x0x0,64x16x256x1
kv_cmpr-0,kernel_rms_norm_mul,0.028300,131072x1x1,512x1x1,512x256x1x1
kv-0,kernel_transpose_32_16,0.012500,128x64x0,1x16x0,4096x256x1x1
kv-0,kernel_mul_mat_Ab_Bi_8x4,0.393700,32x1024x1,1x128x1,4096x256x1x1
Kcur-0,kernel_concat_f32_non_contiguous,0.971000,16x256x1,0x0x0,192x16x256x1
Vcur_cont-0,kernel_cpy_f32_f32,0.058600,1024x256x1,64x1x1,128x16x256x1
cache_k_l0 (view),kernel_set_rows_f16_i64,0.070000,262144x1x1,1024x1x1,3072x4096x1x1
cache_v_l0 (view),kernel_set_rows_f16_i64,0.049500,262144x1x1,1024x1x1,2048x4096x1x1
 (copy),kernel_cpy_f32_f16,0.011400,16384x1x1,64x1x1,512x256x1x1
__fattn__-0,flash_attn_f32_f16,37.219398,256x16x0,16x1x0,128x16x256x1
node_33,kernel_transpose_32_16,0.039100,512x64x0,1x16x0,2048x256x1x1
node_33,kernel_mul_mat_Ab_Bi_8x4,0.897100,32x512x1,1x128x1,2048x256x1x1
ffn_inp-0,kernel_add,0.074600,16384x1x1,64x1x1,2048x256x1x1
ffn_norm-0,kernel_rms_norm_mul,0.064300,262144x1x1,1024x1x1,2048x256x1x1
ffn_gate-0,kernel_transpose_32_16,0.040900,512x64x0,1x16x0,10944x256x1x1
ffn_gate-0,kernel_mul_mat_Ab_Bi_8x4,3.884000,32x2736x1,1x128x1,10944x256x1x1
ffn_up-0,kernel_transpose_32_16,0.048100,512x64x0,1x16x0,10944x256x1x1
ffn_up-0,kernel_mul_mat_Ab_Bi_8x4,3.888800,32x2736x1,1x128x1,10944x256x1x1
ffn_swiglu-0,kernel_swiglu,0.470200,131072x1x1,512x1x1,10944x256x1x1
ffn_out-0,kernel_transpose_32_16,0.317500,2736x64x0,1x16x0,2048x256x1x1
ffn_out-0,kernel_mul_mat_Ab_Bi_8x4,4.805000,32x512x1,1x128x1,2048x256x1x1
l_out-0,kernel_add,0.085400,16384x1x1,64x1x1,2048x256x1x1
attn_norm-1,kernel_rms_norm_mul,0.064400,262144x1x1,1024x1x1,2048x256x1x1
q-1,kernel_transpose_32_16,0.039000,512x64x0,1x16x0,3072x256x1x1
q-1,kernel_mul_mat_Ab_Bi_8x4,1.153000,32x768x1,1x128x1,3072x256x1x1
q_pe-1,kernel_rope_norm_f32,0.040600,1024x256x1,64x1x1,64x16x256x1
Qcur-1,kernel_concat_f32_non_contiguous,0.479600,16x256x1,0x0x0,192x16x256x1
kv_cmpr_pe-1,kernel_transpose_32_16,0.053800,512x64x0,1x16x0,576x256x1x1
kv_cmpr_pe-1,kernel_mul_mat_Ab_Bi_8x4,0.424400,32x144x1,1x128x1,576x256x1x1
k_pe-1,kernel_rope_norm_f32,0.005000,64x256x1,64x1x1,64x1x256x1
node_52,kernel_repeat,0.357100,16x256x1,0x0x0,64x16x256x1
kv_cmpr-1,kernel_rms_norm_mul,0.028800,131072x1x1,512x1x1,512x256x1x1
kv-1,kernel_transpose_32_16,0.009400,128x64x0,1x16x0,4096x256x1x1
kv-1,kernel_mul_mat_Ab_Bi_8x4,0.391500,32x1024x1,1x128x1,4096x256x1x1
Kcur-1,kernel_concat_f32_non_contiguous,0.871400,16x256x1,0x0x0,192x16x256x1
Vcur_cont-1,kernel_cpy_f32_f32,0.059000,1024x256x1,64x1x1,128x16x256x1
cache_k_l1 (view),kernel_set_rows_f16_i64,0.070000,262144x1x1,1024x1x1,3072x4096x1x1
cache_v_l1 (view),kernel_set_rows_f16_i64,0.049600,262144x1x1,1024x1x1,2048x4096x1x1
__fattn__-1,flash_attn_f32_f16,37.056099,256x16x0,16x1x0,128x16x256x1
node_73,kernel_transpose_32_16,0.038100,512x64x0,1x16x0,2048x256x1x1
node_73,kernel_mul_mat_Ab_Bi_8x4,0.901200,32x512x1,1x128x1,2048x256x1x1
ffn_inp-1,kernel_add,0.076100,16384x1x1,64x1x1,2048x256x1x1
ffn_norm-1,kernel_rms_norm_mul,0.064100,262144x1x1,1024x1x1,2048x256x1x1
ffn_moe_logits-1,kernel_mul_mm_f32_f32_l4_lm,0.525000,128x4x1,128x1x1,64x256x1x1
ffn_moe_probs-1,kernel_soft_max_4,0.006200,16384x1x1,64x1x1,64x256x1x1
ffn_moe_argsort-1,kernel_argsort_f32_i32,0.045600,64x256x1,64x1x1,64x256x1x1
ffn_moe_weights-1,kernel_get_rows_f32,0.010700,384x256x1,64x1x1,1x6x256x1
ffn_moe_weights_scaled-1,kernel_scale,0.001800,384x1x1,64x1x1,1x6x256x1
ffn_moe_gate-1,kernel_mul_mv_id_q4_0_f32_8x_flat,36.900299,11264x1x1536,64x1x1,1408x6x256x1
ffn_moe_up-1,kernel_mul_mv_id_q4_0_f32_8x_flat,36.636002,11264x1x1536,64x1x1,1408x6x256x1
ffn_moe_weighted-1,kernel_swiglu,0.349000,786432x1x1,512x1x1,1408x6x256x1
ffn_moe_down-1,kernel_mul_mv_id_q4_0_f32_8x_flat,39.384998,16384x1x1536,64x1x1,2048x6x256x1
node_89,kernel_mul,0.400900,384x256x1,64x1x1,2048x6x256x1
ffn_gate-1,kernel_transpose_32_16,0.056900,512x64x0,1x16x0,2816x256x1x1
ffn_gate-1,kernel_mul_mat_Ab_Bi_8x4,1.169000,32x704x1,1x128x1,2816x256x1x1
ffn_up-1,kernel_transpose_32_16,0.050900,512x64x0,1x16x0,2816x256x1x1
ffn_up-1,kernel_mul_mat_Ab_Bi_8x4,1.171400,32x704x1,1x128x1,2816x256x1x1
ffn_swiglu-1,kernel_swiglu,0.105600,131072x1x1,512x1x1,2816x256x1x1
node_99,kernel_add,0.093800,16384x1x1,64x1x1,2048x256x1x1
node_100,kernel_add,0.076500,16384x1x1,64x1x1,2048x256x1x1
node_101,kernel_add,0.074900,16384x1x1,64x1x1,2048x256x1x1
node_102,kernel_add,0.075600,16384x1x1,64x1x1,2048x256x1x1
ffn_moe_out-1,kernel_add,0.074100,16384x1x1,64x1x1,2048x256x1x1
ffn_shexp-1,kernel_transpose_32_16,0.076500,704x64x0,1x16x0,2048x256x1x1
ffn_shexp-1,kernel_mul_mat_Ab_Bi_8x4,1.221100,32x512x1,1x128x1,2048x256x1x1
ffn_out-1,kernel_add,0.073600,16384x1x1,64x1x1,2048x256x1x1
l_out-1,kernel_add,0.076800,16384x1x1,64x1x1,2048x256x1x1
attn_norm-2,kernel_rms_norm_mul,0.063600,262144x1x1,1024x1x1,2048x256x1x1
q-2,kernel_transpose_32_16,0.039600,512x64x0,1x16x0,3072x256x1x1
q-2,kernel_mul_mat_Ab_Bi_8x4,1.157600,32x768x1,1x128x1,3072x256x1x1
q_pe-2,kernel_rope_norm_f32,0.039600,1024x256x1,64x1x1,64x16x256x1
Qcur-2,kernel_concat_f32_non_contiguous,0.482300,16x256x1,0x0x0,192x16x256x1
kv_cmpr_pe-2,kernel_transpose_32_16,0.046300,512x64x0,1x16x0,576x256x1x1
kv_cmpr_pe-2,kernel_mul_mat_Ab_Bi_8x4,0.424000,32x144x1,1x128x1,576x256x1x1
k_pe-2,kernel_rope_norm_f32,0.004900,64x256x1,64x1x1,64x1x256x1
node_117,kernel_repeat,0.369300,16x256x1,0x0x0,64x16x256x1
kv_cmpr-2,kernel_rms_norm_mul,0.028200,131072x1x1,512x1x1,512x256x1x1
kv-2,kernel_transpose_32_16,0.012100,128x64x0,1x16x0,4096x256x1x1
kv-2,kernel_mul_mat_Ab_Bi_8x4,0.391400,32x1024x1,1x128x1,4096x256x1x1
Kcur-2,kernel_concat_f32_non_contiguous,0.864100,16x256x1,0x0x0,192x16x256x1
Vcur_cont-2,kernel_cpy_f32_f32,0.052800,1024x256x1,64x1x1,128x16x256x1
cache_k_l2 (view),kernel_set_rows_f16_i64,0.068600,262144x1x1,1024x1x1,3072x4096x1x1
cache_v_l2 (view),kernel_set_rows_f16_i64,0.053300,262144x1x1,1024x1x1,2048x4096x1x1
__fattn__-2,flash_attn_f32_f16,37.131302,256x16x0,16x1x0,128x16x256x1
node_138,kernel_transpose_32_16,0.038900,512x64x0,1x16x0,2048x256x1x1
node_138,kernel_mul_mat_Ab_Bi_8x4,0.887800,32x512x1,1x128x1,2048x256x1x1
ffn_inp-2,kernel_add,0.072100,16384x1x1,64x1x1,2048x256x1x1
ffn_norm-2,kernel_rms_norm_mul,0.063900,262144x1x1,1024x1x1,2048x256x1x1
ffn_moe_logits-2,kernel_mul_mm_f32_f32_l4_lm,0.519200,128x4x1,128x1x1,64x256x1x1
ffn_moe_probs-2,kernel_soft_max_4,0.006500,16384x1x1,64x1x1,64x256x1x1
ffn_moe_argsort-2,kernel_argsort_f32_i32,0.045400,64x256x1,64x1x1,64x256x1x1
ffn_moe_weights-2,kernel_get_rows_f32,0.010600,384x256x1,64x1x1,1x6x256x1
ffn_moe_weights_scaled-2,kernel_scale,0.001800,384x1x1,64x1x1,1x6x256x1
ffn_moe_gate-2,kernel_mul_mv_id_q4_0_f32_8x_flat,36.875198,11264x1x1536,64x1x1,1408x6x256x1
ffn_moe_up-2,kernel_mul_mv_id_q4_0_f32_8x_flat,36.656601,11264x1x1536,64x1x1,1408x6x256x1
ffn_moe_weighted-2,kernel_swiglu,0.348700,786432x1x1,512x1x1,1408x6x256x1
ffn_moe_down-2,kernel_mul_mv_id_q4_0_f32_8x_flat,39.415501,16384x1x1536,64x1x1,2048x6x256x1
node_154,kernel_mul,0.404300,384x256x1,64x1x1,2048x6x256x1
ffn_gate-2,kernel_transpose_32_16,0.057400,512x64x0,1x16x0,2816x256x1x1
ffn_gate-2,kernel_mul_mat_Ab_Bi_8x4,1.167500,32x704x1,1x128x1,2816x256x1x1
ffn_up-2,kernel_transpose_32_16,0.052500,512x64x0,1x16x0,2816x256x1x1
ffn_up-2,kernel_mul_mat_Ab_Bi_8x4,1.169300,32x704x1,1x128x1,2816x256x1x1
ffn_swiglu-2,kernel_swiglu,0.107600,131072x1x1,512x1x1,2816x256x1x1
node_164,kernel_add,0.094100,16384x1x1,64x1x1,2048x256x1x1
node_165,kernel_add,0.073900,16384x1x1,64x1x1,2048x256x1x1
node_166,kernel_add,0.074600,16384x1x1,64x1x1,2048x256x1x1
node_167,kernel_add,0.075900,16384x1x1,64x1x1,2048x256x1x1
ffn_moe_out-2,kernel_add,0.076200,16384x1x1,64x1x1,2048x256x1x1
ffn_shexp-2,kernel_transpose_32_16,0.075400,704x64x0,1x16x0,2048x256x1x1
ffn_shexp-2,kernel_mul_mat_Ab_Bi_8x4,1.219200,32x512x1,1x128x1,2048x256x1x1
ffn_out-2,kernel_add,0.076800,16384x1x1,64x1x1,2048x256x1x1
l_out-2,kernel_add,0.076000,16384x1x1,64x1x1,2048x256x1x1
attn_norm-3,kernel_rms_norm_mul,0.063700,262144x1x1,1024x1x1,2048x256x1x1
q-3,kernel_transpose_32_16,0.039800,512x64x0,1x16x0,3072x256x1x1
q-3,kernel_mul_mat_Ab_Bi_8x4,1.155000,32x768x1,1x128x1,3072x256x1x1
q_pe-3,kernel_rope_norm_f32,0.040000,1024x256x1,64x1x1,64x16x256x1
Qcur-3,kernel_concat_f32_non_contiguous,0.472100,16x256x1,0x0x0,192x16x256x1
kv_cmpr_pe-3,kernel_transpose_32_16,0.052300,512x64x0,1x16x0,576x256x1x1
kv_cmpr_pe-3,kernel_mul_mat_Ab_Bi_8x4,0.427100,32x144x1,1x128x1,576x256x1x1
k_pe-3,kernel_rope_norm_f32,0.004500,64x256x1,64x1x1,64x1x256x1
node_182,kernel_repeat,0.349700,16x256x1,0x0x0,64x16x256x1
kv_cmpr-3,kernel_rms_norm_mul,0.028400,131072x1x1,512x1x1,512x256x1x1
kv-3,kernel_transpose_32_16,0.013100,128x64x0,1x16x0,4096x256x1x1
kv-3,kernel_mul_mat_Ab_Bi_8x4,0.395200,32x1024x1,1x128x1,4096x256x1x1
Kcur-3,kernel_concat_f32_non_contiguous,1.300600,16x256x1,0x0x0,192x16x256x1
Vcur_cont-3,kernel_cpy_f32_f32,0.059200,1024x256x1,64x1x1,128x16x256x1
cache_k_l3 (view),kernel_set_rows_f16_i64,0.069200,262144x1x1,1024x1x1,3072x4096x1x1
cache_v_l3 (view),kernel_set_rows_f16_i64,0.049900,262144x1x1,1024x1x1,2048x4096x1x1
__fattn__-3,flash_attn_f32_f16,37.191502,256x16x0,16x1x0,128x16x256x1
node_203,kernel_transpose_32_16,0.038000,512x64x0,1x16x0,2048x256x1x1
node_203,kernel_mul_mat_Ab_Bi_8x4,0.897400,32x512x1,1x128x1,2048x256x1x1
ffn_inp-3,kernel_add,0.075600,16384x1x1,64x1x1,2048x256x1x1
ffn_norm-3,kernel_rms_norm_mul,0.064000,262144x1x1,1024x1x1,2048x256x1x1
ffn_moe_logits-3,kernel_mul_mm_f32_f32_l4_lm,0.527200,128x4x1,128x1x1,64x256x1x1
ffn_moe_probs-3,kernel_soft_max_4,0.006600,16384x1x1,64x1x1,64x256x1x1
ffn_moe_argsort-3,kernel_argsort_f32_i32,0.045800,64x256x1,64x1x1,64x256x1x1
ffn_moe_weights-3,kernel_get_rows_f32,0.010900,384x256x1,64x1x1,1x6x256x1
ffn_moe_weights_scaled-3,kernel_scale,0.001900,384x1x1,64x1x1,1x6x256x1
ffn_moe_gate-3,kernel_mul_mv_id_q4_0_f32_8x_flat,36.376301,11264x1x1536,64x1x1,1408x6x256x1
ffn_moe_up-3,kernel_mul_mv_id_q4_0_f32_8x_flat,36.369701,11264x1x1536,64x1x1,1408x6x256x1
ffn_moe_weighted-3,kernel_swiglu,0.346600,786432x1x1,512x1x1,1408x6x256x1
ffn_moe_down-3,kernel_mul_mv_id_q4_0_f32_8x_flat,39.291500,16384x1x1536,64x1x1,2048x6x256x1
node_219,kernel_mul,0.401800,384x256x1,64x1x1,2048x6x256x1
ffn_gate-3,kernel_transpose_32_16,0.059100,512x64x0,1x16x0,2816x256x1x1
ffn_gate-3,kernel_mul_mat_Ab_Bi_8x4,1.170500,32x704x1,1x128x1,2816x256x1x1
ffn_up-3,kernel_transpose_32_16,0.051100,512x64x0,1x16x0,2816x256x1x1
ffn_up-3,kernel_mul_mat_Ab_Bi_8x4,1.167600,32x704x1,1x128x1,2816x256x1x1
ffn_swiglu-3,kernel_swiglu,0.109000,131072x1x1,512x1x1,2816x256x1x1
node_229,kernel_add,0.093400,16384x1x1,64x1x1,2048x256x1x1
node_230,kernel_add,0.078000,16384x1x1,64x1x1,2048x256x1x1
node_231,kernel_add,0.075800,16384x1x1,64x1x1,2048x256x1x1
node_232,kernel_add,0.087900,16384x1x1,64x1x1,2048x256x1x1
ffn_moe_out-3,kernel_add,0.070100,16384x1x1,64x1x1,2048x256x1x1
ffn_shexp-3,kernel_transpose_32_16,0.076100,704x64x0,1x16x0,2048x256x1x1
ffn_shexp-3,kernel_mul_mat_Ab_Bi_8x4,1.224000,32x512x1,1x128x1,2048x256x1x1
ffn_out-3,kernel_add,0.075000,16384x1x1,64x1x1,2048x256x1x1
l_out-3,kernel_add,0.080100,16384x1x1,64x1x1,2048x256x1x1
attn_norm-4,kernel_rms_norm_mul,0.064100,262144x1x1,1024x1x1,2048x256x1x1
q-4,kernel_transpose_32_16,0.041800,512x64x0,1x16x0,3072x256x1x1
q-4,kernel_mul_mat_Ab_Bi_8x4,1.155000,32x768x1,1x128x1,3072x256x1x1
q_pe-4,kernel_rope_norm_f32,0.036600,1024x256x1,64x1x1,64x16x256x1
Qcur-4,kernel_concat_f32_non_contiguous,0.606700,16x256x1,0x0x0,192x16x256x1
kv_cmpr_pe-4,kernel_transpose_32_16,0.053300,512x64x0,1x16x0,576x256x1x1
kv_cmpr_pe-4,kernel_mul_mat_Ab_Bi_8x4,0.424500,32x144x1,1x128x1,576x256x1x1
k_pe-4,kernel_rope_norm_f32,0.004400,64x256x1,64x1x1,64x1x256x1
node_247,kernel_repeat,0.370700,16x256x1,0x0x0,64x16x256x1
kv_cmpr-4,kernel_rms_norm_mul,0.028500,131072x1x1,512x1x1,512x256x1x1
kv-4,kernel_transpose_32_16,0.013500,128x64x0,1x16x0,4096x256x1x1
kv-4,kernel_mul_mat_Ab_Bi_8x4,0.391000,32x1024x1,1x128x1,4096x256x1x1
Kcur-4,kernel_concat_f32_non_contiguous,0.984700,16x256x1,0x0x0,192x16x256x1
Vcur_cont-4,kernel_cpy_f32_f32,0.060400,1024x256x1,64x1x1,128x16x256x1
cache_k_l4 (view),kernel_set_rows_f16_i64,0.069900,262144x1x1,1024x1x1,3072x4096x1x1
cache_v_l4 (view),kernel_set_rows_f16_i64,0.050400,262144x1x1,1024x1x1,2048x4096x1x1
__fattn__-4,flash_attn_f32_f16,37.120899,256x16x0,16x1x0,128x16x256x1
node_268,kernel_transpose_32_16,0.038700,512x64x0,1x16x0,2048x256x1x1
node_268,kernel_mul_mat_Ab_Bi_8x4,0.890100,32x512x1,1x128x1,2048x256x1x1
ffn_inp-4,kernel_add,0.068700,16384x1x1,64x1x1,2048x256x1x1
ffn_norm-4,kernel_rms_norm_mul,0.064000,262144x1x1,1024x1x1,2048x256x1x1
ffn_moe_logits-4,kernel_mul_mm_f32_f32_l4_lm,0.526300,128x4x1,128x1x1,64x256x1x1
ffn_moe_probs-4,kernel_soft_max_4,0.006200,16384x1x1,64x1x1,64x256x1x1
ffn_moe_argsort-4,kernel_argsort_f32_i32,0.045500,64x256x1,64x1x1,64x256x1x1
ffn_moe_weights-4,kernel_get_rows_f32,0.010600,384x256x1,64x1x1,1x6x256x1
ffn_moe_weights_scaled-4,kernel_scale,0.001900,384x1x1,64x1x1,1x6x256x1
ffn_moe_gate-4,kernel_mul_mv_id_q4_0_f32_8x_flat,36.487000,11264x1x1536,64x1x1,1408x6x256x1
ffn_moe_up-4,kernel_mul_mv_id_q4_0_f32_8x_flat,38.106201,11264x1x1536,64x1x1,1408x6x256x1
ffn_moe_weighted-4,kernel_swiglu,0.348900,786432x1x1,512x1x1,1408x6x256x1
ffn_moe_down-4,kernel_mul_mv_id_q4_0_f32_8x_flat,39.243999,16384x1x1536,64x1x1,2048x6x256x1
node_284,kernel_mul,0.405100,384x256x1,64x1x1,2048x6x256x1
ffn_gate-4,kernel_transpose_32_16,0.057800,512x64x0,1x16x0,2816x256x1x1
ffn_gate-4,kernel_mul_mat_Ab_Bi_8x4,1.168500,32x704x1,1x128x1,2816x256x1x1
ffn_up-4,kernel_transpose_32_16,0.051200,512x64x0,1x16x0,2816x256x1x1
ffn_up-4,kernel_mul_mat_Ab_Bi_8x4,1.166700,32x704x1,1x128x1,2816x256x1x1
ffn_swiglu-4,kernel_swiglu,0.103500,131072x1x1,512x1x1,2816x256x1x1
node_294,kernel_add,0.095600,16384x1x1,64x1x1,2048x256x1x1
node_295,kernel_add,0.077300,16384x1x1,64x1x1,2048x256x1x1
node_296,kernel_add,0.073900,16384x1x1,64x1x1,2048x256x1x1
node_297,kernel_add,0.072600,16384x1x1,64x1x1,2048x256x1x1
ffn_moe_out-4,kernel_add,0.076400,16384x1x1,64x1x1,2048x256x1x1
ffn_shexp-4,kernel_transpose_32_16,0.075100,704x64x0,1x16x0,2048x256x1x1
ffn_shexp-4,kernel_mul_mat_Ab_Bi_8x4,1.224600,32x512x1,1x128x1,2048x256x1x1
ffn_out-4,kernel_add,0.073800,16384x1x1,64x1x1,2048x256x1x1
l_out-4,kernel_add,0.077100,16384x1x1,64x1x1,2048x256x1x1
attn_norm-5,kernel_rms_norm_mul,0.064100,262144x1x1,1024x1x1,2048x256x1x1
q-5,kernel_transpose_32_16,0.039200,512x64x0,1x16x0,3072x256x1x1
q-5,kernel_mul_mat_Ab_Bi_8x4,1.151400,32x768x1,1x128x1,3072x256x1x1
q_pe-5,kernel_rope_norm_f32,0.039200,1024x256x1,64x1x1,64x16x256x1
Qcur-5,kernel_concat_f32_non_contiguous,0.623800,16x256x1,0x0x0,192x16x256x1
kv_cmpr_pe-5,kernel_transpose_32_16,0.053400,512x64x0,1x16x0,576x256x1x1
kv_cmpr_pe-5,kernel_mul_mat_Ab_Bi_8x4,0.426400,32x144x1,1x128x1,576x256x1x1
k_pe-5,kernel_rope_norm_f32,0.004700,64x256x1,64x1x1,64x1x256x1
node_312,kernel_repeat,0.359300,16x256x1,0x0x0,64x16x256x1
kv_cmpr-5,kernel_rms_norm_mul,0.028300,131072x1x1,512x1x1,512x256x1x1
kv-5,kernel_transpose_32_16,0.012700,128x64x0,1x16x0,4096x256x1x1
kv-5,kernel_mul_mat_Ab_Bi_8x4,0.391900,32x1024x1,1x128x1,4096x256x1x1
Kcur-5,kernel_concat_f32_non_contiguous,0.995400,16x256x1,0x0x0,192x16x256x1
Vcur_cont-5,kernel_cpy_f32_f32,0.059600,1024x256x1,64x1x1,128x16x256x1
cache_k_l5 (view),kernel_set_rows_f16_i64,0.066000,262144x1x1,1024x1x1,3072x4096x1x1
cache_v_l5 (view),kernel_set_rows_f16_i64,0.050400,262144x1x1,1024x1x1,2048x4096x1x1
__fattn__-5,flash_attn_f32_f16,37.097698,256x16x0,16x1x0,128x16x256x1
node_333,kernel_transpose_32_16,0.038100,512x64x0,1x16x0,2048x256x1x1
node_333,kernel_mul_mat_Ab_Bi_8x4,0.886400,32x512x1,1x128x1,2048x256x1x1
ffn_inp-5,kernel_add,0.074100,16384x1x1,64x1x1,2048x256x1x1
ffn_norm-5,kernel_rms_norm_mul,0.064200,262144x1x1,1024x1x1,2048x256x1x1
ffn_moe_logits-5,kernel_mul_mm_f32_f32_l4_lm,0.538400,128x4x1,128x1x1,64x256x1x1
ffn_moe_probs-5,kernel_soft_max_4,0.006500,16384x1x1,64x1x1,64x256x1x1
ffn_moe_argsort-5,kernel_argsort_f32_i32,0.045900,64x256x1,64x1x1,64x256x1x1
ffn_moe_weights-5,kernel_get_rows_f32,0.010600,384x256x1,64x1x1,1x6x256x1
ffn_moe_weights_scaled-5,kernel_scale,0.001900,384x1x1,64x1x1,1x6x256x1
ffn_moe_gate-5,kernel_mul_mv_id_q4_0_f32_8x_flat,36.211800,11264x1x1536,64x1x1,1408x6x256x1
ffn_moe_up-5,kernel_mul_mv_id_q4_0_f32_8x_flat,36.311001,11264x1x1536,64x1x1,1408x6x256x1
ffn_moe_weighted-5,kernel_swiglu,0.348200,786432x1x1,512x1x1,1408x6x256x1
ffn_moe_down-5,kernel_mul_mv_id_q4_0_f32_8x_flat,39.241600,16384x1x1536,64x1x1,2048x6x256x1
node_349,kernel_mul,0.404600,384x256x1,64x1x1,2048x6x256x1
ffn_gate-5,kernel_transpose_32_16,0.056400,512x64x0,1x16x0,2816x256x1x1
ffn_gate-5,kernel_mul_mat_Ab_Bi_8x4,1.166500,32x704x1,1x128x1,2816x256x1x1
ffn_up-5,kernel_transpose_32_16,0.050300,512x64x0,1x16x0,2816x256x1x1
ffn_up-5,kernel_mul_mat_Ab_Bi_8x4,1.168700,32x704x1,1x128x1,2816x256x1x1
ffn_swiglu-5,kernel_swiglu,0.107900,131072x1x1,512x1x1,2816x256x1x1
node_359,kernel_add,0.092600,16384x1x1,64x1x1,2048x256x1x1
node_360,kernel_add,0.076400,16384x1x1,64x1x1,2048x256x1x1
node_361,kernel_add,0.071400,16384x1x1,64x1x1,2048x256x1x1
node_362,kernel_add,0.073300,16384x1x1,64x1x1,2048x256x1x1
ffn_moe_out-5,kernel_add,0.074000,16384x1x1,64x1x1,2048x256x1x1
ffn_shexp-5,kernel_transpose_32_16,0.075400,704x64x0,1x16x0,2048x256x1x1
ffn_shexp-5,kernel_mul_mat_Ab_Bi_8x4,1.234700,32x512x1,1x128x1,2048x256x1x1
ffn_out-5,kernel_add,0.074400,16384x1x1,64x1x1,2048x256x1x1
l_out-5,kernel_add,0.075900,16384x1x1,64x1x1,2048x256x1x1
attn_norm-6,kernel_rms_norm_mul,0.063700,262144x1x1,1024x1x1,2048x256x1x1
q-6,kernel_transpose_32_16,0.035900,512x64x0,1x16x0,3072x256x1x1
q-6,kernel_mul_mat_Ab_Bi_8x4,1.154200,32x768x1,1x128x1,3072x256x1x1
q_pe-6,kernel_rope_norm_f32,0.039300,1024x256x1,64x1x1,64x16x256x1
Qcur-6,kernel_concat_f32_non_contiguous,0.415500,16x256x1,0x0x0,192x16x256x1
kv_cmpr_pe-6,kernel_transpose_32_16,0.055600,512x64x0,1x16x0,576x256x1x1
kv_cmpr_pe-6,kernel_mul_mat_Ab_Bi_8x4,0.426600,32x144x1,1x128x1,576x256x1x1
k_pe-6,kernel_rope_norm_f32,0.004900,64x256x1,64x1x1,64x1x256x1
node_377,kernel_repeat,0.327700,16x256x1,0x0x0,64x16x256x1
kv_cmpr-6,kernel_rms_norm_mul,0.028400,131072x1x1,512x1x1,512x256x1x1
kv-6,kernel_transpose_32_16,0.012300,128x64x0,1x16x0,4096x256x1x1
kv-6,kernel_mul_mat_Ab_Bi_8x4,0.390800,32x1024x1,1x128x1,4096x256x1x1
Kcur-6,kernel_concat_f32_non_contiguous,1.316100,16x256x1,0x0x0,192x16x256x1
Vcur_cont-6,kernel_cpy_f32_f32,0.058800,1024x256x1,64x1x1,128x16x256x1
cache_k_l6 (view),kernel_set_rows_f16_i64,0.068400,262144x1x1,1024x1x1,3072x4096x1x1
cache_v_l6 (view),kernel_set_rows_f16_i64,0.052500,262144x1x1,1024x1x1,2048x4096x1x1
__fattn__-6,flash_attn_f32_f16,37.061001,256x16x0,16x1x0,128x16x256x1
node_398,kernel_transpose_32_16,0.036500,512x64x0,1x16x0,2048x256x1x1
node_398,kernel_mul_mat_Ab_Bi_8x4,0.892200,32x512x1,1x128x1,2048x256x1x1
ffn_inp-6,kernel_add,0.071800,16384x1x1,64x1x1,2048x256x1x1
ffn_norm-6,kernel_rms_norm_mul,0.063800,262144x1x1,1024x1x1,2048x256x1x1
ffn_moe_logits-6,kernel_mul_mm_f32_f32_l4_lm,0.526600,128x4x1,128x1x1,64x256x1x1
ffn_moe_probs-6,kernel_soft_max_4,0.006200,16384x1x1,64x1x1,64x256x1x1
ffn_moe_argsort-6,kernel_argsort_f32_i32,0.045700,64x256x1,64x1x1,64x256x1x1
ffn_moe_weights-6,kernel_get_rows_f32,0.010400,384x256x1,64x1x1,1x6x256x1
ffn_moe_weights_scaled-6,kernel_scale,0.002100,384x1x1,64x1x1,1x6x256x1
ffn_moe_gate-6,kernel_mul_mv_id_q4_0_f32_8x_flat,36.441399,11264x1x1536,64x1x1,1408x6x256x1
ffn_moe_up-6,kernel_mul_mv_id_q4_0_f32_8x_flat,36.923100,11264x1x1536,64x1x1,1408x6x256x1
ffn_moe_weighted-6,kernel_swiglu,0.348300,786432x1x1,512x1x1,1408x6x256x1
ffn_moe_down-6,kernel_mul_mv_id_q4_0_f32_8x_flat,39.443298,16384x1x1536,64x1x1,2048x6x256x1
node_414,kernel_mul,0.404200,384x256x1,64x1x1,2048x6x256x1
ffn_gate-6,kernel_transpose_32_16,0.056900,512x64x0,1x16x0,2816x256x1x1
ffn_gate-6,kernel_mul_mat_Ab_Bi_8x4,1.168200,32x704x1,1x128x1,2816x256x1x1
ffn_up-6,kernel_transpose_32_16,0.044800,512x64x0,1x16x0,2816x256x1x1
ffn_up-6,kernel_mul_mat_Ab_Bi_8x4,1.169900,32x704x1,1x128x1,2816x256x1x1
ffn_swiglu-6,kernel_swiglu,0.106800,131072x1x1,512x1x1,2816x256x1x1
node_424,kernel_add,0.093900,16384x1x1,64x1x1,2048x256x1x1
node_425,kernel_add,0.076300,16384x1x1,64x1x1,2048x256x1x1
node_426,kernel_add,0.073200,16384x1x1,64x1x1,2048x256x1x1
node_427,kernel_add,0.074200,16384x1x1,64x1x1,2048x256x1x1
ffn_moe_out-6,kernel_add,0.074800,16384x1x1,64x1x1,2048x256x1x1
ffn_shexp-6,kernel_transpose_32_16,0.069400,704x64x0,1x16x0,2048x256x1x1
ffn_shexp-6,kernel_mul_mat_Ab_Bi_8x4,1.221500,32x512x1,1x128x1,2048x256x1x1
ffn_out-6,kernel_add,0.076900,16384x1x1,64x1x1,2048x256x1x1
l_out-6,kernel_add,0.075700,16384x1x1,64x1x1,2048x256x1x1
attn_norm-7,kernel_rms_norm_mul,0.064300,262144x1x1,1024x1x1,2048x256x1x1
q-7,kernel_transpose_32_16,0.039800,512x64x0,1x16x0,3072x256x1x1
q-7,kernel_mul_mat_Ab_Bi_8x4,1.156300,32x768x1,1x128x1,3072x256x1x1
q_pe-7,kernel_rope_norm_f32,0.039700,1024x256x1,64x1x1,64x16x256x1
Qcur-7,kernel_concat_f32_non_contiguous,0.473200,16x256x1,0x0x0,192x16x256x1
kv_cmpr_pe-7,kernel_transpose_32_16,0.053700,512x64x0,1x16x0,576x256x1x1
kv_cmpr_pe-7,kernel_mul_mat_Ab_Bi_8x4,0.424400,32x144x1,1x128x1,576x256x1x1
k_pe-7,kernel_rope_norm_f32,0.004800,64x256x1,64x1x1,64x1x256x1
node_442,kernel_repeat,0.360300,16x256x1,0x0x0,64x16x256x1
kv_cmpr-7,kernel_rms_norm_mul,0.028100,131072x1x1,512x1x1,512x256x1x1
kv-7,kernel_transpose_32_16,0.012800,128x64x0,1x16x0,4096x256x1x1
kv-7,kernel_mul_mat_Ab_Bi_8x4,0.391500,32x1024x1,1x128x1,4096x256x1x1
Kcur-7,kernel_concat_f32_non_contiguous,0.875500,16x256x1,0x0x0,192x16x256x1
Vcur_cont-7,kernel_cpy_f32_f32,0.060600,1024x256x1,64x1x1,128x16x256x1
cache_k_l7 (view),kernel_set_rows_f16_i64,0.068200,262144x1x1,1024x1x1,3072x4096x1x1
cache_v_l7 (view),kernel_set_rows_f16_i64,0.050600,262144x1x1,1024x1x1,2048x4096x1x1
__fattn__-7,flash_attn_f32_f16,37.127300,256x16x0,16x1x0,128x16x256x1
node_463,kernel_transpose_32_16,0.038300,512x64x0,1x16x0,2048x256x1x1
node_463,kernel_mul_mat_Ab_Bi_8x4,0.890200,32x512x1,1x128x1,2048x256x1x1
ffn_inp-7,kernel_add,0.072300,16384x1x1,64x1x1,2048x256x1x1
ffn_norm-7,kernel_rms_norm_mul,0.063900,262144x1x1,1024x1x1,2048x256x1x1
ffn_moe_logits-7,kernel_mul_mm_f32_f32_l4_lm,0.530900,128x4x1,128x1x1,64x256x1x1
ffn_moe_probs-7,kernel_soft_max_4,0.006400,16384x1x1,64x1x1,64x256x1x1
ffn_moe_argsort-7,kernel_argsort_f32_i32,0.045700,64x256x1,64x1x1,64x256x1x1
ffn_moe_weights-7,kernel_get_rows_f32,0.010600,384x256x1,64x1x1,1x6x256x1
ffn_moe_weights_scaled-7,kernel_scale,0.002000,384x1x1,64x1x1,1x6x256x1
ffn_moe_gate-7,kernel_mul_mv_id_q4_0_f32_8x_flat,36.568901,11264x1x1536,64x1x1,1408x6x256x1
ffn_moe_up-7,kernel_mul_mv_id_q4_0_f32_8x_flat,36.430698,11264x1x1536,64x1x1,1408x6x256x1
ffn_moe_weighted-7,kernel_swiglu,0.356500,786432x1x1,512x1x1,1408x6x256x1
ffn_moe_down-7,kernel_mul_mv_id_q4_0_f32_8x_flat,39.211399,16384x1x1536,64x1x1,2048x6x256x1
node_479,kernel_mul,0.401500,384x256x1,64x1x1,2048x6x256x1
ffn_gate-7,kernel_transpose_32_16,0.057200,512x64x0,1x16x0,2816x256x1x1
ffn_gate-7,kernel_mul_mat_Ab_Bi_8x4,1.166300,32x704x1,1x128x1,2816x256x1x1
ffn_up-7,kernel_transpose_32_16,0.051200,512x64x0,1x16x0,2816x256x1x1
ffn_up-7,kernel_mul_mat_Ab_Bi_8x4,1.227600,32x704x1,1x128x1,2816x256x1x1
ffn_swiglu-7,kernel_swiglu,0.107500,131072x1x1,512x1x1,2816x256x1x1
node_489,kernel_add,0.088300,16384x1x1,64x1x1,2048x256x1x1
node_490,kernel_add,0.074900,16384x1x1,64x1x1,2048x256x1x1
node_491,kernel_add,0.073200,16384x1x1,64x1x1,2048x256x1x1
node_492,kernel_add,0.075200,16384x1x1,64x1x1,2048x256x1x1
ffn_moe_out-7,kernel_add,0.073500,16384x1x1,64x1x1,2048x256x1x1
ffn_shexp-7,kernel_transpose_32_16,0.074700,704x64x0,1x16x0,2048x256x1x1
ffn_shexp-7,kernel_mul_mat_Ab_Bi_8x4,1.220000,32x512x1,1x128x1,2048x256x1x1
ffn_out-7,kernel_add,0.073000,16384x1x1,64x1x1,2048x256x1x1
l_out-7,kernel_add,0.072500,16384x1x1,64x1x1,2048x256x1x1
attn_norm-8,kernel_rms_norm_mul,0.063900,262144x1x1,1024x1x1,2048x256x1x1
q-8,kernel_transpose_32_16,0.039500,512x64x0,1x16x0,3072x256x1x1
q-8,kernel_mul_mat_Ab_Bi_8x4,1.155100,32x768x1,1x128x1,3072x256x1x1
q_pe-8,kernel_rope_norm_f32,0.039300,1024x256x1,64x1x1,64x16x256x1
Qcur-8,kernel_concat_f32_non_contiguous,0.415700,16x256x1,0x0x0,192x16x256x1
kv_cmpr_pe-8,kernel_transpose_32_16,0.055400,512x64x0,1x16x0,576x256x1x1
kv_cmpr_pe-8,kernel_mul_mat_Ab_Bi_8x4,0.425800,32x144x1,1x128x1,576x256x1x1
k_pe-8,kernel_rope_norm_f32,0.004400,64x256x1,64x1x1,64x1x256x1
node_507,kernel_repeat,0.365800,16x256x1,0x0x0,64x16x256x1
kv_cmpr-8,kernel_rms_norm_mul,0.028000,131072x1x1,512x1x1,512x256x1x1
kv-8,kernel_transpose_32_16,0.012900,128x64x0,1x16x0,4096x256x1x1
kv-8,kernel_mul_mat_Ab_Bi_8x4,0.390200,32x1024x1,1x128x1,4096x256x1x1
Kcur-8,kernel_concat_f32_non_contiguous,0.983400,16x256x1,0x0x0,192x16x256x1
Vcur_cont-8,kernel_cpy_f32_f32,0.060200,1024x256x1,64x1x1,128x16x256x1
cache_k_l8 (view),kernel_set_rows_f16_i64,0.070100,262144x1x1,1024x1x1,3072x4096x1x1
cache_v_l8 (view),kernel_set_rows_f16_i64,0.047200,262144x1x1,1024x1x1,2048x4096x1x1
__fattn__-8,flash_attn_f32_f16,37.122601,256x16x0,16x1x0,128x16x256x1
node_528,kernel_transpose_32_16,0.038700,512x64x0,1x16x0,2048x256x1x1
node_528,kernel_mul_mat_Ab_Bi_8x4,0.888700,32x512x1,1x128x1,2048x256x1x1
ffn_inp-8,kernel_add,0.072300,16384x1x1,64x1x1,2048x256x1x1
ffn_norm-8,kernel_rms_norm_mul,0.064100,262144x1x1,1024x1x1,2048x256x1x1
ffn_moe_logits-8,kernel_mul_mm_f32_f32_l4_lm,0.538900,128x4x1,128x1x1,64x256x1x1
ffn_moe_probs-8,kernel_soft_max_4,0.006500,16384x1x1,64x1x1,64x256x1x1
ffn_moe_argsort-8,kernel_argsort_f32_i32,0.046000,64x256x1,64x1x1,64x256x1x1
ffn_moe_weights-8,kernel_get_rows_f32,0.010300,384x256x1,64x1x1,1x6x256x1
ffn_moe_weights_scaled-8,kernel_scale,0.001900,384x1x1,64x1x1,1x6x256x1
ffn_moe_gate-8,kernel_mul_mv_id_q4_0_f32_8x_flat,36.296600,11264x1x1536,64x1x1,1408x6x256x1
ffn_moe_up-8,kernel_mul_mv_id_q4_0_f32_8x_flat,36.269001,11264x1x1536,64x1x1,1408x6x256x1
ffn_moe_weighted-8,kernel_swiglu,0.346300,786432x1x1,512x1x1,1408x6x256x1
ffn_moe_down-8,kernel_mul_mv_id_q4_0_f32_8x_flat,39.229099,16384x1x1536,64x1x1,2048x6x256x1
node_544,kernel_mul,0.405700,384x256x1,64x1x1,2048x6x256x1
ffn_gate-8,kernel_transpose_32_16,0.047300,512x64x0,1x16x0,2816x256x1x1
ffn_gate-8,kernel_mul_mat_Ab_Bi_8x4,1.169300,32x704x1,1x128x1,2816x256x1x1
ffn_up-8,kernel_transpose_32_16,0.051300,512x64x0,1x16x0,2816x256x1x1
ffn_up-8,kernel_mul_mat_Ab_Bi_8x4,1.167900,32x704x1,1x128x1,2816x256x1x1
ffn_swiglu-8,kernel_swiglu,0.108000,131072x1x1,512x1x1,2816x256x1x1
node_554,kernel_add,0.093900,16384x1x1,64x1x1,2048x256x1x1
node_555,kernel_add,0.078900,16384x1x1,64x1x1,2048x256x1x1
node_556,kernel_add,0.072000,16384x1x1,64x1x1,2048x256x1x1
node_557,kernel_add,0.070000,16384x1x1,64x1x1,2048x256x1x1
ffn_moe_out-8,kernel_add,0.075200,16384x1x1,64x1x1,2048x256x1x1
ffn_shexp-8,kernel_transpose_32_16,0.077200,704x64x0,1x16x0,2048x256x1x1
ffn_shexp-8,kernel_mul_mat_Ab_Bi_8x4,1.218000,32x512x1,1x128x1,2048x256x1x1
ffn_out-8,kernel_add,0.077000,16384x1x1,64x1x1,2048x256x1x1
l_out-8,kernel_add,0.074900,16384x1x1,64x1x1,2048x256x1x1
attn_norm-9,kernel_rms_norm_mul,0.064400,262144x1x1,1024x1x1,2048x256x1x1
q-9,kernel_transpose_32_16,0.039100,512x64x0,1x16x0,3072x256x1x1
q-9,kernel_mul_mat_Ab_Bi_8x4,1.153400,32x768x1,1x128x1,3072x256x1x1
q_pe-9,kernel_rope_norm_f32,0.040400,1024x256x1,64x1x1,64x16x256x1
Qcur-9,kernel_concat_f32_non_contiguous,0.415200,16x256x1,0x0x0,192x16x256x1
kv_cmpr_pe-9,kernel_transpose_32_16,0.053900,512x64x0,1x16x0,576x256x1x1
kv_cmpr_pe-9,kernel_mul_mat_Ab_Bi_8x4,0.424500,32x144x1,1x128x1,576x256x1x1
k_pe-9,kernel_rope_norm_f32,0.004900,64x256x1,64x1x1,64x1x256x1
node_572,kernel_repeat,0.360600,16x256x1,0x0x0,64x16x256x1
kv_cmpr-9,kernel_rms_norm_mul,0.028400,131072x1x1,512x1x1,512x256x1x1
kv-9,kernel_transpose_32_16,0.009200,128x64x0,1x16x0,4096x256x1x1
kv-9,kernel_mul_mat_Ab_Bi_8x4,0.392200,32x1024x1,1x128x1,4096x256x1x1
Kcur-9,kernel_concat_f32_non_contiguous,0.882600,16x256x1,0x0x0,192x16x256x1
Vcur_cont-9,kernel_cpy_f32_f32,0.058800,1024x256x1,64x1x1,128x16x256x1
cache_k_l9 (view),kernel_set_rows_f16_i64,0.069500,262144x1x1,1024x1x1,3072x4096x1x1
cache_v_l9 (view),kernel_set_rows_f16_i64,0.050100,262144x1x1,1024x1x1,2048x4096x1x1
__fattn__-9,flash_attn_f32_f16,37.061600,256x16x0,16x1x0,128x16x256x1
node_593,kernel_transpose_32_16,0.038000,512x64x0,1x16x0,2048x256x1x1
node_593,kernel_mul_mat_Ab_Bi_8x4,0.890500,32x512x1,1x128x1,2048x256x1x1
ffn_inp-9,kernel_add,0.073100,16384x1x1,64x1x1,2048x256x1x1
ffn_norm-9,kernel_rms_norm_mul,0.064300,262144x1x1,1024x1x1,2048x256x1x1
ffn_moe_logits-9,kernel_mul_mm_f32_f32_l4_lm,0.527400,128x4x1,128x1x1,64x256x1x1
ffn_moe_probs-9,kernel_soft_max_4,0.006100,16384x1x1,64x1x1,64x256x1x1
ffn_moe_argsort-9,kernel_argsort_f32_i32,0.046100,64x256x1,64x1x1,64x256x1x1
ffn_moe_weights-9,kernel_get_rows_f32,0.010700,384x256x1,64x1x1,1x6x256x1
ffn_moe_weights_scaled-9,kernel_scale,0.001900,384x1x1,64x1x1,1x6x256x1
ffn_moe_gate-9,kernel_mul_mv_id_q4_0_f32_8x_flat,36.446602,11264x1x1536,64x1x1,1408x6x256x1
ffn_moe_up-9,kernel_mul_mv_id_q4_0_f32_8x_flat,36.459099,11264x1x1536,64x1x1,1408x6x256x1
ffn_moe_weighted-9,kernel_swiglu,0.349200,786432x1x1,512x1x1,1408x6x256x1
ffn_moe_down-9,kernel_mul_mv_id_q4_0_f32_8x_flat,39.230499,16384x1x1536,64x1x1,2048x6x256x1
node_609,kernel_mul,0.400000,384x256x1,64x1x1,2048x6x256x1
ffn_gate-9,kernel_transpose_32_16,0.056700,512x64x0,1x16x0,2816x256x1x1
ffn_gate-9,kernel_mul_mat_Ab_Bi_8x4,1.168100,32x704x1,1x128x1,2816x256x1x1
ffn_up-9,kernel_transpose_32_16,0.050700,512x64x0,1x16x0,2816x256x1x1
ffn_up-9,kernel_mul_mat_Ab_Bi_8x4,1.170300,32x704x1,1x128x1,2816x256x1x1
ffn_swiglu-9,kernel_swiglu,0.108600,131072x1x1,512x1x1,2816x256x1x1
node_619,kernel_add,0.093400,16384x1x1,64x1x1,2048x256x1x1
node_620,kernel_add,0.076100,16384x1x1,64x1x1,2048x256x1x1
node_621,kernel_add,0.073500,16384x1x1,64x1x1,2048x256x1x1
node_622,kernel_add,0.074100,16384x1x1,64x1x1,2048x256x1x1
ffn_moe_out-9,kernel_add,0.074100,16384x1x1,64x1x1,2048x256x1x1
ffn_shexp-9,kernel_transpose_32_16,0.074700,704x64x0,1x16x0,2048x256x1x1
ffn_shexp-9,kernel_mul_mat_Ab_Bi_8x4,1.231200,32x512x1,1x128x1,2048x256x1x1
ffn_out-9,kernel_add,0.073800,16384x1x1,64x1x1,2048x256x1x1
l_out-9,kernel_add,0.076700,16384x1x1,64x1x1,2048x256x1x1
attn_norm-10,kernel_rms_norm_mul,0.063700,262144x1x1,1024x1x1,2048x256x1x1
q-10,kernel_transpose_32_16,0.040400,512x64x0,1x16x0,3072x256x1x1
q-10,kernel_mul_mat_Ab_Bi_8x4,1.156200,32x768x1,1x128x1,3072x256x1x1
q_pe-10,kernel_rope_norm_f32,0.040200,1024x256x1,64x1x1,64x16x256x1
Qcur-10,kernel_concat_f32_non_contiguous,0.607200,16x256x1,0x0x0,192x16x256x1
kv_cmpr_pe-10,kernel_transpose_32_16,0.047800,512x64x0,1x16x0,576x256x1x1
kv_cmpr_pe-10,kernel_mul_mat_Ab_Bi_8x4,0.425800,32x144x1,1x128x1,576x256x1x1
k_pe-10,kernel_rope_norm_f32,0.004600,64x256x1,64x1x1,64x1x256x1
node_637,kernel_repeat,0.326200,16x256x1,0x0x0,64x16x256x1
kv_cmpr-10,kernel_rms_norm_mul,0.028400,131072x1x1,512x1x1,512x256x1x1
kv-10,kernel_transpose_32_16,0.013100,128x64x0,1x16x0,4096x256x1x1
kv-10,kernel_mul_mat_Ab_Bi_8x4,0.391500,32x1024x1,1x128x1,4096x256x1x1
Kcur-10,kernel_concat_f32_non_contiguous,1.297300,16x256x1,0x0x0,192x16x256x1
Vcur_cont-10,kernel_cpy_f32_f32,0.053000,1024x256x1,64x1x1,128x16x256x1
cache_k_l10 (view),kernel_set_rows_f16_i64,0.068500,262144x1x1,1024x1x1,3072x4096x1x1
cache_v_l10 (view),kernel_set_rows_f16_i64,0.050800,262144x1x1,1024x1x1,2048x4096x1x1
__fattn__-10,flash_attn_f32_f16,37.113602,256x16x0,16x1x0,128x16x256x1
node_658,kernel_transpose_32_16,0.038900,512x64x0,1x16x0,2048x256x1x1
node_658,kernel_mul_mat_Ab_Bi_8x4,0.884500,32x512x1,1x128x1,2048x256x1x1
ffn_inp-10,kernel_add,0.071300,16384x1x1,64x1x1,2048x256x1x1
ffn_norm-10,kernel_rms_norm_mul,0.063900,262144x1x1,1024x1x1,2048x256x1x1
ffn_moe_logits-10,kernel_mul_mm_f32_f32_l4_lm,0.525300,128x4x1,128x1x1,64x256x1x1
ffn_moe_probs-10,kernel_soft_max_4,0.006200,16384x1x1,64x1x1,64x256x1x1
ffn_moe_argsort-10,kernel_argsort_f32_i32,0.045800,64x256x1,64x1x1,64x256x1x1
ffn_moe_weights-10,kernel_get_rows_f32,0.010600,384x256x1,64x1x1,1x6x256x1
ffn_moe_weights_scaled-10,kernel_scale,0.002000,384x1x1,64x1x1,1x6x256x1
ffn_moe_gate-10,kernel_mul_mv_id_q4_0_f32_8x_flat,36.252899,11264x1x1536,64x1x1,1408x6x256x1
ffn_moe_up-10,kernel_mul_mv_id_q4_0_f32_8x_flat,36.238998,11264x1x1536,64x1x1,1408x6x256x1
ffn_moe_weighted-10,kernel_swiglu,0.353400,786432x1x1,512x1x1,1408x6x256x1
ffn_moe_down-10,kernel_mul_mv_id_q4_0_f32_8x_flat,39.310600,16384x1x1536,64x1x1,2048x6x256x1
node_674,kernel_mul,0.403500,384x256x1,64x1x1,2048x6x256x1
ffn_gate-10,kernel_transpose_32_16,0.059100,512x64x0,1x16x0,2816x256x1x1
ffn_gate-10,kernel_mul_mat_Ab_Bi_8x4,1.166000,32x704x1,1x128x1,2816x256x1x1
ffn_up-10,kernel_transpose_32_16,0.051200,512x64x0,1x16x0,2816x256x1x1
ffn_up-10,kernel_mul_mat_Ab_Bi_8x4,1.168600,32x704x1,1x128x1,2816x256x1x1
ffn_swiglu-10,kernel_swiglu,0.106900,131072x1x1,512x1x1,2816x256x1x1
node_684,kernel_add,0.096300,16384x1x1,64x1x1,2048x256x1x1
node_685,kernel_add,0.073000,16384x1x1,64x1x1,2048x256x1x1
node_686,kernel_add,0.071900,16384x1x1,64x1x1,2048x256x1x1
node_687,kernel_add,0.074900,16384x1x1,64x1x1,2048x256x1x1
ffn_moe_out-10,kernel_add,0.073600,16384x1x1,64x1x1,2048x256x1x1
ffn_shexp-10,kernel_transpose_32_16,0.076200,704x64x0,1x16x0,2048x256x1x1
ffn_shexp-10,kernel_mul_mat_Ab_Bi_8x4,1.235500,32x512x1,1x128x1,2048x256x1x1
ffn_out-10,kernel_add,0.076200,16384x1x1,64x1x1,2048x256x1x1
l_out-10,kernel_add,0.074400,16384x1x1,64x1x1,2048x256x1x1
attn_norm-11,kernel_rms_norm_mul,0.063700,262144x1x1,1024x1x1,2048x256x1x1
q-11,kernel_transpose_32_16,0.039700,512x64x0,1x16x0,3072x256x1x1
q-11,kernel_mul_mat_Ab_Bi_8x4,1.154700,32x768x1,1x128x1,3072x256x1x1
q_pe-11,kernel_rope_norm_f32,0.040800,1024x256x1,64x1x1,64x16x256x1
Qcur-11,kernel_concat_f32_non_contiguous,0.614600,16x256x1,0x0x0,192x16x256x1
kv_cmpr_pe-11,kernel_transpose_32_16,0.052000,512x64x0,1x16x0,576x256x1x1
kv_cmpr_pe-11,kernel_mul_mat_Ab_Bi_8x4,0.424700,32x144x1,1x128x1,576x256x1x1
k_pe-11,kernel_rope_norm_f32,0.004500,64x256x1,64x1x1,64x1x256x1
node_702,kernel_repeat,0.314400,16x256x1,0x0x0,64x16x256x1
kv_cmpr-11,kernel_rms_norm_mul,0.028200,131072x1x1,512x1x1,512x256x1x1
kv-11,kernel_transpose_32_16,0.012600,128x64x0,1x16x0,4096x256x1x1
kv-11,kernel_mul_mat_Ab_Bi_8x4,0.388800,32x1024x1,1x128x1,4096x256x1x1
Kcur-11,kernel_concat_f32_non_contiguous,1.312300,16x256x1,0x0x0,192x16x256x1
Vcur_cont-11,kernel_cpy_f32_f32,0.058500,1024x256x1,64x1x1,128x16x256x1
cache_k_l11 (view),kernel_set_rows_f16_i64,0.068900,262144x1x1,1024x1x1,3072x4096x1x1
cache_v_l11 (view),kernel_set_rows_f16_i64,0.051700,262144x1x1,1024x1x1,2048x4096x1x1
__fattn__-11,flash_attn_f32_f16,37.169701,256x16x0,16x1x0,128x16x256x1
node_723,kernel_transpose_32_16,0.037800,512x64x0,1x16x0,2048x256x1x1
node_723,kernel_mul_mat_Ab_Bi_8x4,0.894900,32x512x1,1x128x1,2048x256x1x1
ffn_inp-11,kernel_add,0.072500,16384x1x1,64x1x1,2048x256x1x1
ffn_norm-11,kernel_rms_norm_mul,0.063900,262144x1x1,1024x1x1,2048x256x1x1
ffn_moe_logits-11,kernel_mul_mm_f32_f32_l4_lm,0.534800,128x4x1,128x1x1,64x256x1x1
ffn_moe_probs-11,kernel_soft_max_4,0.006500,16384x1x1,64x1x1,64x256x1x1
ffn_moe_argsort-11,kernel_argsort_f32_i32,0.045400,64x256x1,64x1x1,64x256x1x1
ffn_moe_weights-11,kernel_get_rows_f32,0.010800,384x256x1,64x1x1,1x6x256x1
ffn_moe_weights_scaled-11,kernel_scale,0.001800,384x1x1,64x1x1,1x6x256x1
ffn_moe_gate-11,kernel_mul_mv_id_q4_0_f32_8x_flat,36.385700,11264x1x1536,64x1x1,1408x6x256x1
ffn_moe_up-11,kernel_mul_mv_id_q4_0_f32_8x_flat,36.425499,11264x1x1536,64x1x1,1408x6x256x1
ffn_moe_weighted-11,kernel_swiglu,0.347600,786432x1x1,512x1x1,1408x6x256x1
ffn_moe_down-11,kernel_mul_mv_id_q4_0_f32_8x_flat,39.225700,16384x1x1536,64x1x1,2048x6x256x1
node_739,kernel_mul,0.406900,384x256x1,64x1x1,2048x6x256x1
ffn_gate-11,kernel_transpose_32_16,0.056000,512x64x0,1x16x0,2816x256x1x1
ffn_gate-11,kernel_mul_mat_Ab_Bi_8x4,1.168300,32x704x1,1x128x1,2816x256x1x1
ffn_up-11,kernel_transpose_32_16,0.050100,512x64x0,1x16x0,2816x256x1x1
ffn_up-11,kernel_mul_mat_Ab_Bi_8x4,1.170200,32x704x1,1x128x1,2816x256x1x1
ffn_swiglu-11,kernel_swiglu,0.106600,131072x1x1,512x1x1,2816x256x1x1
node_749,kernel_add,0.093400,16384x1x1,64x1x1,2048x256x1x1
node_750,kernel_add,0.077100,16384x1x1,64x1x1,2048x256x1x1
node_751,kernel_add,0.076500,16384x1x1,64x1x1,2048x256x1x1
node_752,kernel_add,0.074300,16384x1x1,64x1x1,2048x256x1x1
ffn_moe_out-11,kernel_add,0.069900,16384x1x1,64x1x1,2048x256x1x1
ffn_shexp-11,kernel_transpose_32_16,0.075200,704x64x0,1x16x0,2048x256x1x1
ffn_shexp-11,kernel_mul_mat_Ab_Bi_8x4,1.228000,32x512x1,1x128x1,2048x256x1x1
ffn_out-11,kernel_add,0.073700,16384x1x1,64x1x1,2048x256x1x1
l_out-11,kernel_add,0.075500,16384x1x1,64x1x1,2048x256x1x1
attn_norm-12,kernel_rms_norm_mul,0.064200,262144x1x1,1024x1x1,2048x256x1x1
q-12,kernel_transpose_32_16,0.040600,512x64x0,1x16x0,3072x256x1x1
q-12,kernel_mul_mat_Ab_Bi_8x4,1.154600,32x768x1,1x128x1,3072x256x1x1
q_pe-12,kernel_rope_norm_f32,0.036200,1024x256x1,64x1x1,64x16x256x1
Qcur-12,kernel_concat_f32_non_contiguous,0.479800,16x256x1,0x0x0,192x16x256x1
kv_cmpr_pe-12,kernel_transpose_32_16,0.054400,512x64x0,1x16x0,576x256x1x1
kv_cmpr_pe-12,kernel_mul_mat_Ab_Bi_8x4,0.423800,32x144x1,1x128x1,576x256x1x1
k_pe-12,kernel_rope_norm_f32,0.004500,64x256x1,64x1x1,64x1x256x1
node_767,kernel_repeat,0.321500,16x256x1,0x0x0,64x16x256x1
kv_cmpr-12,kernel_rms_norm_mul,0.028400,131072x1x1,512x1x1,512x256x1x1
kv-12,kernel_transpose_32_16,0.012700,128x64x0,1x16x0,4096x256x1x1
kv-12,kernel_mul_mat_Ab_Bi_8x4,0.392900,32x1024x1,1x128x1,4096x256x1x1
Kcur-12,kernel_concat_f32_non_contiguous,1.331300,16x256x1,0x0x0,192x16x256x1
Vcur_cont-12,kernel_cpy_f32_f32,0.058700,1024x256x1,64x1x1,128x16x256x1
cache_k_l12 (view),kernel_set_rows_f16_i64,0.067900,262144x1x1,1024x1x1,3072x4096x1x1
cache_v_l12 (view),kernel_set_rows_f16_i64,0.050800,262144x1x1,1024x1x1,2048x4096x1x1
__fattn__-12,flash_attn_f32_f16,37.102798,256x16x0,16x1x0,128x16x256x1
node_788,kernel_transpose_32_16,0.038200,512x64x0,1x16x0,2048x256x1x1
node_788,kernel_mul_mat_Ab_Bi_8x4,0.894400,32x512x1,1x128x1,2048x256x1x1
ffn_inp-12,kernel_add,0.068700,16384x1x1,64x1x1,2048x256x1x1
ffn_norm-12,kernel_rms_norm_mul,0.064000,262144x1x1,1024x1x1,2048x256x1x1
ffn_moe_logits-12,kernel_mul_mm_f32_f32_l4_lm,0.526100,128x4x1,128x1x1,64x256x1x1
ffn_moe_probs-12,kernel_soft_max_4,0.006200,16384x1x1,64x1x1,64x256x1x1
ffn_moe_argsort-12,kernel_argsort_f32_i32,0.045400,64x256x1,64x1x1,64x256x1x1
ffn_moe_weights-12,kernel_get_rows_f32,0.010600,384x256x1,64x1x1,1x6x256x1
ffn_moe_weights_scaled-12,kernel_scale,0.001900,384x1x1,64x1x1,1x6x256x1
ffn_moe_gate-12,kernel_mul_mv_id_q4_0_f32_8x_flat,36.450500,11264x1x1536,64x1x1,1408x6x256x1
ffn_moe_up-12,kernel_mul_mv_id_q4_0_f32_8x_flat,38.316898,11264x1x1536,64x1x1,1408x6x256x1
ffn_moe_weighted-12,kernel_swiglu,0.347500,786432x1x1,512x1x1,1408x6x256x1
ffn_moe_down-12,kernel_mul_mv_id_q4_0_f32_8x_flat,39.421501,16384x1x1536,64x1x1,2048x6x256x1
node_804,kernel_mul,0.406000,384x256x1,64x1x1,2048x6x256x1
ffn_gate-12,kernel_transpose_32_16,0.056400,512x64x0,1x16x0,2816x256x1x1
ffn_gate-12,kernel_mul_mat_Ab_Bi_8x4,1.167300,32x704x1,1x128x1,2816x256x1x1
ffn_up-12,kernel_transpose_32_16,0.051500,512x64x0,1x16x0,2816x256x1x1
ffn_up-12,kernel_mul_mat_Ab_Bi_8x4,1.168200,32x704x1,1x128x1,2816x256x1x1
ffn_swiglu-12,kernel_swiglu,0.103600,131072x1x1,512x1x1,2816x256x1x1
node_814,kernel_add,0.094100,16384x1x1,64x1x1,2048x256x1x1
node_815,kernel_add,0.075500,16384x1x1,64x1x1,2048x256x1x1
node_816,kernel_add,0.072900,16384x1x1,64x1x1,2048x256x1x1
node_817,kernel_add,0.074800,16384x1x1,64x1x1,2048x256x1x1
ffn_moe_out-12,kernel_add,0.075200,16384x1x1,64x1x1,2048x256x1x1
ffn_shexp-12,kernel_transpose_32_16,0.077300,704x64x0,1x16x0,2048x256x1x1
ffn_shexp-12,kernel_mul_mat_Ab_Bi_8x4,1.236400,32x512x1,1x128x1,2048x256x1x1
ffn_out-12,kernel_add,0.072900,16384x1x1,64x1x1,2048x256x1x1
l_out-12,kernel_add,0.075600,16384x1x1,64x1x1,2048x256x1x1
attn_norm-13,kernel_rms_norm_mul,0.064200,262144x1x1,1024x1x1,2048x256x1x1
q-13,kernel_transpose_32_16,0.039700,512x64x0,1x16x0,3072x256x1x1
q-13,kernel_mul_mat_Ab_Bi_8x4,1.155900,32x768x1,1x128x1,3072x256x1x1
q_pe-13,kernel_rope_norm_f32,0.040400,1024x256x1,64x1x1,64x16x256x1
Qcur-13,kernel_concat_f32_non_contiguous,0.413100,16x256x1,0x0x0,192x16x256x1
kv_cmpr_pe-13,kernel_transpose_32_16,0.054100,512x64x0,1x16x0,576x256x1x1
kv_cmpr_pe-13,kernel_mul_mat_Ab_Bi_8x4,0.426000,32x144x1,1x128x1,576x256x1x1
k_pe-13,kernel_rope_norm_f32,0.004900,64x256x1,64x1x1,64x1x256x1
node_832,kernel_repeat,0.359700,16x256x1,0x0x0,64x16x256x1
kv_cmpr-13,kernel_rms_norm_mul,0.028800,131072x1x1,512x1x1,512x256x1x1
kv-13,kernel_transpose_32_16,0.012900,128x64x0,1x16x0,4096x256x1x1
kv-13,kernel_mul_mat_Ab_Bi_8x4,0.391200,32x1024x1,1x128x1,4096x256x1x1
Kcur-13,kernel_concat_f32_non_contiguous,0.974300,16x256x1,0x0x0,192x16x256x1
Vcur_cont-13,kernel_cpy_f32_f32,0.058600,1024x256x1,64x1x1,128x16x256x1
cache_k_l13 (view),kernel_set_rows_f16_i64,0.065000,262144x1x1,1024x1x1,3072x4096x1x1
cache_v_l13 (view),kernel_set_rows_f16_i64,0.050200,262144x1x1,1024x1x1,2048x4096x1x1
__fattn__-13,flash_attn_f32_f16,37.095798,256x16x0,16x1x0,128x16x256x1
node_853,kernel_transpose_32_16,0.038100,512x64x0,1x16x0,2048x256x1x1
node_853,kernel_mul_mat_Ab_Bi_8x4,0.896700,32x512x1,1x128x1,2048x256x1x1
ffn_inp-13,kernel_add,0.071900,16384x1x1,64x1x1,2048x256x1x1
ffn_norm-13,kernel_rms_norm_mul,0.064000,262144x1x1,1024x1x1,2048x256x1x1
ffn_moe_logits-13,kernel_mul_mm_f32_f32_l4_lm,0.526400,128x4x1,128x1x1,64x256x1x1
ffn_moe_probs-13,kernel_soft_max_4,0.006500,16384x1x1,64x1x1,64x256x1x1
ffn_moe_argsort-13,kernel_argsort_f32_i32,0.045800,64x256x1,64x1x1,64x256x1x1
ffn_moe_weights-13,kernel_get_rows_f32,0.010400,384x256x1,64x1x1,1x6x256x1
ffn_moe_weights_scaled-13,kernel_scale,0.001900,384x1x1,64x1x1,1x6x256x1
ffn_moe_gate-13,kernel_mul_mv_id_q4_0_f32_8x_flat,36.408401,11264x1x1536,64x1x1,1408x6x256x1
ffn_moe_up-13,kernel_mul_mv_id_q4_0_f32_8x_flat,36.835499,11264x1x1536,64x1x1,1408x6x256x1
ffn_moe_weighted-13,kernel_swiglu,0.351800,786432x1x1,512x1x1,1408x6x256x1
ffn_moe_down-13,kernel_mul_mv_id_q4_0_f32_8x_flat,39.061600,16384x1x1536,64x1x1,2048x6x256x1
node_869,kernel_mul,0.405300,384x256x1,64x1x1,2048x6x256x1
ffn_gate-13,kernel_transpose_32_16,0.056600,512x64x0,1x16x0,2816x256x1x1
ffn_gate-13,kernel_mul_mat_Ab_Bi_8x4,1.166000,32x704x1,1x128x1,2816x256x1x1
ffn_up-13,kernel_transpose_32_16,0.049800,512x64x0,1x16x0,2816x256x1x1
ffn_up-13,kernel_mul_mat_Ab_Bi_8x4,1.168600,32x704x1,1x128x1,2816x256x1x1
ffn_swiglu-13,kernel_swiglu,0.105100,131072x1x1,512x1x1,2816x256x1x1
node_879,kernel_add,0.094700,16384x1x1,64x1x1,2048x256x1x1
node_880,kernel_add,0.076200,16384x1x1,64x1x1,2048x256x1x1
node_881,kernel_add,0.070200,16384x1x1,64x1x1,2048x256x1x1
node_882,kernel_add,0.074000,16384x1x1,64x1x1,2048x256x1x1
ffn_moe_out-13,kernel_add,0.073200,16384x1x1,64x1x1,2048x256x1x1
ffn_shexp-13,kernel_transpose_32_16,0.076600,704x64x0,1x16x0,2048x256x1x1
ffn_shexp-13,kernel_mul_mat_Ab_Bi_8x4,1.237400,32x512x1,1x128x1,2048x256x1x1
ffn_out-13,kernel_add,0.073500,16384x1x1,64x1x1,2048x256x1x1
l_out-13,kernel_add,0.076900,16384x1x1,64x1x1,2048x256x1x1
attn_norm-14,kernel_rms_norm_mul,0.064200,262144x1x1,1024x1x1,2048x256x1x1
q-14,kernel_transpose_32_16,0.035500,512x64x0,1x16x0,3072x256x1x1
q-14,kernel_mul_mat_Ab_Bi_8x4,1.155100,32x768x1,1x128x1,3072x256x1x1
q_pe-14,kernel_rope_norm_f32,0.039700,1024x256x1,64x1x1,64x16x256x1
Qcur-14,kernel_concat_f32_non_contiguous,0.419700,16x256x1,0x0x0,192x16x256x1
kv_cmpr_pe-14,kernel_transpose_32_16,0.055600,512x64x0,1x16x0,576x256x1x1
kv_cmpr_pe-14,kernel_mul_mat_Ab_Bi_8x4,0.424700,32x144x1,1x128x1,576x256x1x1
k_pe-14,kernel_rope_norm_f32,0.004600,64x256x1,64x1x1,64x1x256x1
node_897,kernel_repeat,0.315800,16x256x1,0x0x0,64x16x256x1
kv_cmpr-14,kernel_rms_norm_mul,0.028400,131072x1x1,512x1x1,512x256x1x1
kv-14,kernel_transpose_32_16,0.012900,128x64x0,1x16x0,4096x256x1x1
kv-14,kernel_mul_mat_Ab_Bi_8x4,0.392000,32x1024x1,1x128x1,4096x256x1x1
Kcur-14,kernel_concat_f32_non_contiguous,0.967800,16x256x1,0x0x0,192x16x256x1
Vcur_cont-14,kernel_cpy_f32_f32,0.060400,1024x256x1,64x1x1,128x16x256x1
cache_k_l14 (view),kernel_set_rows_f16_i64,0.068900,262144x1x1,1024x1x1,3072x4096x1x1
cache_v_l14 (view),kernel_set_rows_f16_i64,0.052000,262144x1x1,1024x1x1,2048x4096x1x1
__fattn__-14,flash_attn_f32_f16,37.061100,256x16x0,16x1x0,128x16x256x1
node_918,kernel_transpose_32_16,0.036600,512x64x0,1x16x0,2048x256x1x1
node_918,kernel_mul_mat_Ab_Bi_8x4,0.885700,32x512x1,1x128x1,2048x256x1x1
ffn_inp-14,kernel_add,0.071100,16384x1x1,64x1x1,2048x256x1x1
ffn_norm-14,kernel_rms_norm_mul,0.063900,262144x1x1,1024x1x1,2048x256x1x1
ffn_moe_logits-14,kernel_mul_mm_f32_f32_l4_lm,0.529400,128x4x1,128x1x1,64x256x1x1
ffn_moe_probs-14,kernel_soft_max_4,0.006200,16384x1x1,64x1x1,64x256x1x1
ffn_moe_argsort-14,kernel_argsort_f32_i32,0.045500,64x256x1,64x1x1,64x256x1x1
ffn_moe_weights-14,kernel_get_rows_f32,0.010700,384x256x1,64x1x1,1x6x256x1
ffn_moe_weights_scaled-14,kernel_scale,0.002100,384x1x1,64x1x1,1x6x256x1
ffn_moe_gate-14,kernel_mul_mv_id_q4_0_f32_8x_flat,36.635899,11264x1x1536,64x1x1,1408x6x256x1
ffn_moe_up-14,kernel_mul_mv_id_q4_0_f32_8x_flat,36.767799,11264x1x1536,64x1x1,1408x6x256x1
ffn_moe_weighted-14,kernel_swiglu,0.348900,786432x1x1,512x1x1,1408x6x256x1
ffn_moe_down-14,kernel_mul_mv_id_q4_0_f32_8x_flat,39.555401,16384x1x1536,64x1x1,2048x6x256x1
node_934,kernel_mul,0.400700,384x256x1,64x1x1,2048x6x256x1
ffn_gate-14,kernel_transpose_32_16,0.057300,512x64x0,1x16x0,2816x256x1x1
ffn_gate-14,kernel_mul_mat_Ab_Bi_8x4,1.168500,32x704x1,1x128x1,2816x256x1x1
ffn_up-14,kernel_transpose_32_16,0.043800,512x64x0,1x16x0,2816x256x1x1
ffn_up-14,kernel_mul_mat_Ab_Bi_8x4,1.171000,32x704x1,1x128x1,2816x256x1x1
ffn_swiglu-14,kernel_swiglu,0.107700,131072x1x1,512x1x1,2816x256x1x1
node_944,kernel_add,0.093200,16384x1x1,64x1x1,2048x256x1x1
node_945,kernel_add,0.077000,16384x1x1,64x1x1,2048x256x1x1
node_946,kernel_add,0.072500,16384x1x1,64x1x1,2048x256x1x1
node_947,kernel_add,0.077000,16384x1x1,64x1x1,2048x256x1x1
ffn_moe_out-14,kernel_add,0.075500,16384x1x1,64x1x1,2048x256x1x1
ffn_shexp-14,kernel_transpose_32_16,0.072700,704x64x0,1x16x0,2048x256x1x1
ffn_shexp-14,kernel_mul_mat_Ab_Bi_8x4,1.219300,32x512x1,1x128x1,2048x256x1x1
ffn_out-14,kernel_add,0.075300,16384x1x1,64x1x1,2048x256x1x1
l_out-14,kernel_add,0.075200,16384x1x1,64x1x1,2048x256x1x1
attn_norm-15,kernel_rms_norm_mul,0.064200,262144x1x1,1024x1x1,2048x256x1x1
q-15,kernel_transpose_32_16,0.040300,512x64x0,1x16x0,3072x256x1x1
q-15,kernel_mul_mat_Ab_Bi_8x4,1.156400,32x768x1,1x128x1,3072x256x1x1
q_pe-15,kernel_rope_norm_f32,0.040300,1024x256x1,64x1x1,64x16x256x1
Qcur-15,kernel_concat_f32_non_contiguous,0.463700,16x256x1,0x0x0,192x16x256x1
kv_cmpr_pe-15,kernel_transpose_32_16,0.054600,512x64x0,1x16x0,576x256x1x1
kv_cmpr_pe-15,kernel_mul_mat_Ab_Bi_8x4,0.426100,32x144x1,1x128x1,576x256x1x1
k_pe-15,kernel_rope_norm_f32,0.005000,64x256x1,64x1x1,64x1x256x1
node_962,kernel_repeat,0.360200,16x256x1,0x0x0,64x16x256x1
kv_cmpr-15,kernel_rms_norm_mul,0.028600,131072x1x1,512x1x1,512x256x1x1
kv-15,kernel_transpose_32_16,0.012500,128x64x0,1x16x0,4096x256x1x1
kv-15,kernel_mul_mat_Ab_Bi_8x4,0.390700,32x1024x1,1x128x1,4096x256x1x1
Kcur-15,kernel_concat_f32_non_contiguous,0.984200,16x256x1,0x0x0,192x16x256x1
Vcur_cont-15,kernel_cpy_f32_f32,0.058800,1024x256x1,64x1x1,128x16x256x1
cache_k_l15 (view),kernel_set_rows_f16_i64,0.071200,262144x1x1,1024x1x1,3072x4096x1x1
cache_v_l15 (view),kernel_set_rows_f16_i64,0.049800,262144x1x1,1024x1x1,2048x4096x1x1
__fattn__-15,flash_attn_f32_f16,37.159199,256x16x0,16x1x0,128x16x256x1
node_983,kernel_transpose_32_16,0.038200,512x64x0,1x16x0,2048x256x1x1
node_983,kernel_mul_mat_Ab_Bi_8x4,0.900600,32x512x1,1x128x1,2048x256x1x1
ffn_inp-15,kernel_add,0.072600,16384x1x1,64x1x1,2048x256x1x1
ffn_norm-15,kernel_rms_norm_mul,0.063600,262144x1x1,1024x1x1,2048x256x1x1
ffn_moe_logits-15,kernel_mul_mm_f32_f32_l4_lm,0.521000,128x4x1,128x1x1,64x256x1x1
ffn_moe_probs-15,kernel_soft_max_4,0.006100,16384x1x1,64x1x1,64x256x1x1
ffn_moe_argsort-15,kernel_argsort_f32_i32,0.045400,64x256x1,64x1x1,64x256x1x1
ffn_moe_weights-15,kernel_get_rows_f32,0.010600,384x256x1,64x1x1,1x6x256x1
ffn_moe_weights_scaled-15,kernel_scale,0.001800,384x1x1,64x1x1,1x6x256x1
ffn_moe_gate-15,kernel_mul_mv_id_q4_0_f32_8x_flat,36.849499,11264x1x1536,64x1x1,1408x6x256x1
ffn_moe_up-15,kernel_mul_mv_id_q4_0_f32_8x_flat,36.862900,11264x1x1536,64x1x1,1408x6x256x1
ffn_moe_weighted-15,kernel_swiglu,0.348700,786432x1x1,512x1x1,1408x6x256x1
ffn_moe_down-15,kernel_mul_mv_id_q4_0_f32_8x_flat,39.378201,16384x1x1536,64x1x1,2048x6x256x1
node_999,kernel_mul,0.405300,384x256x1,64x1x1,2048x6x256x1
ffn_gate-15,kernel_transpose_32_16,0.057100,512x64x0,1x16x0,2816x256x1x1
ffn_gate-15,kernel_mul_mat_Ab_Bi_8x4,1.168100,32x704x1,1x128x1,2816x256x1x1
ffn_up-15,kernel_transpose_32_16,0.049900,512x64x0,1x16x0,2816x256x1x1
ffn_up-15,kernel_mul_mat_Ab_Bi_8x4,1.169200,32x704x1,1x128x1,2816x256x1x1
ffn_swiglu-15,kernel_swiglu,0.108300,131072x1x1,512x1x1,2816x256x1x1
node_1009,kernel_add,0.088700,16384x1x1,64x1x1,2048x256x1x1
node_1010,kernel_add,0.076800,16384x1x1,64x1x1,2048x256x1x1
node_1011,kernel_add,0.074600,16384x1x1,64x1x1,2048x256x1x1
node_1012,kernel_add,0.074500,16384x1x1,64x1x1,2048x256x1x1
ffn_moe_out-15,kernel_add,0.074000,16384x1x1,64x1x1,2048x256x1x1
ffn_shexp-15,kernel_transpose_32_16,0.076900,704x64x0,1x16x0,2048x256x1x1
ffn_shexp-15,kernel_mul_mat_Ab_Bi_8x4,1.221700,32x512x1,1x128x1,2048x256x1x1
ffn_out-15,kernel_add,0.073300,16384x1x1,64x1x1,2048x256x1x1
l_out-15,kernel_add,0.072300,16384x1x1,64x1x1,2048x256x1x1
attn_norm-16,kernel_rms_norm_mul,0.064500,262144x1x1,1024x1x1,2048x256x1x1
q-16,kernel_transpose_32_16,0.040200,512x64x0,1x16x0,3072x256x1x1
q-16,kernel_mul_mat_Ab_Bi_8x4,1.152800,32x768x1,1x128x1,3072x256x1x1
q_pe-16,kernel_rope_norm_f32,0.040000,1024x256x1,64x1x1,64x16x256x1
Qcur-16,kernel_concat_f32_non_contiguous,0.612400,16x256x1,0x0x0,192x16x256x1
kv_cmpr_pe-16,kernel_transpose_32_16,0.054000,512x64x0,1x16x0,576x256x1x1
kv_cmpr_pe-16,kernel_mul_mat_Ab_Bi_8x4,0.424800,32x144x1,1x128x1,576x256x1x1
k_pe-16,kernel_rope_norm_f32,0.004300,64x256x1,64x1x1,64x1x256x1
node_1027,kernel_repeat,0.319400,16x256x1,0x0x0,64x16x256x1
kv_cmpr-16,kernel_rms_norm_mul,0.028400,131072x1x1,512x1x1,512x256x1x1
kv-16,kernel_transpose_32_16,0.012900,128x64x0,1x16x0,4096x256x1x1
kv-16,kernel_mul_mat_Ab_Bi_8x4,0.394200,32x1024x1,1x128x1,4096x256x1x1
Kcur-16,kernel_concat_f32_non_contiguous,0.869100,16x256x1,0x0x0,192x16x256x1
Vcur_cont-16,kernel_cpy_f32_f32,0.060200,1024x256x1,64x1x1,128x16x256x1
cache_k_l16 (view),kernel_set_rows_f16_i64,0.069200,262144x1x1,1024x1x1,3072x4096x1x1
cache_v_l16 (view),kernel_set_rows_f16_i64,0.047200,262144x1x1,1024x1x1,2048x4096x1x1
__fattn__-16,flash_attn_f32_f16,36.981201,256x16x0,16x1x0,128x16x256x1
node_1048,kernel_transpose_32_16,0.038200,512x64x0,1x16x0,2048x256x1x1
node_1048,kernel_mul_mat_Ab_Bi_8x4,0.897900,32x512x1,1x128x1,2048x256x1x1
ffn_inp-16,kernel_add,0.070400,16384x1x1,64x1x1,2048x256x1x1
ffn_norm-16,kernel_rms_norm_mul,0.064300,262144x1x1,1024x1x1,2048x256x1x1
ffn_moe_logits-16,kernel_mul_mm_f32_f32_l4_lm,0.532300,128x4x1,128x1x1,64x256x1x1
ffn_moe_probs-16,kernel_soft_max_4,0.006600,16384x1x1,64x1x1,64x256x1x1
ffn_moe_argsort-16,kernel_argsort_f32_i32,0.046000,64x256x1,64x1x1,64x256x1x1
ffn_moe_weights-16,kernel_get_rows_f32,0.010300,384x256x1,64x1x1,1x6x256x1
ffn_moe_weights_scaled-16,kernel_scale,0.002000,384x1x1,64x1x1,1x6x256x1
ffn_moe_gate-16,kernel_mul_mv_id_q4_0_f32_8x_flat,36.680599,11264x1x1536,64x1x1,1408x6x256x1
ffn_moe_up-16,kernel_mul_mv_id_q4_0_f32_8x_flat,36.603802,11264x1x1536,64x1x1,1408x6x256x1
ffn_moe_weighted-16,kernel_swiglu,0.348100,786432x1x1,512x1x1,1408x6x256x1
ffn_moe_down-16,kernel_mul_mv_id_q4_0_f32_8x_flat,39.395199,16384x1x1536,64x1x1,2048x6x256x1
node_1064,kernel_mul,0.404800,384x256x1,64x1x1,2048x6x256x1
ffn_gate-16,kernel_transpose_32_16,0.047100,512x64x0,1x16x0,2816x256x1x1
ffn_gate-16,kernel_mul_mat_Ab_Bi_8x4,1.170400,32x704x1,1x128x1,2816x256x1x1
ffn_up-16,kernel_transpose_32_16,0.050900,512x64x0,1x16x0,2816x256x1x1
ffn_up-16,kernel_mul_mat_Ab_Bi_8x4,1.167000,32x704x1,1x128x1,2816x256x1x1
ffn_swiglu-16,kernel_swiglu,0.107600,131072x1x1,512x1x1,2816x256x1x1
node_1074,kernel_add,0.093500,16384x1x1,64x1x1,2048x256x1x1
node_1075,kernel_add,0.075700,16384x1x1,64x1x1,2048x256x1x1
node_1076,kernel_add,0.074200,16384x1x1,64x1x1,2048x256x1x1
node_1077,kernel_add,0.070500,16384x1x1,64x1x1,2048x256x1x1
ffn_moe_out-16,kernel_add,0.074100,16384x1x1,64x1x1,2048x256x1x1
ffn_shexp-16,kernel_transpose_32_16,0.076000,704x64x0,1x16x0,2048x256x1x1
ffn_shexp-16,kernel_mul_mat_Ab_Bi_8x4,1.235000,32x512x1,1x128x1,2048x256x1x1
ffn_out-16,kernel_add,0.075400,16384x1x1,64x1x1,2048x256x1x1
l_out-16,kernel_add,0.073900,16384x1x1,64x1x1,2048x256x1x1
attn_norm-17,kernel_rms_norm_mul,0.064000,262144x1x1,1024x1x1,2048x256x1x1
q-17,kernel_transpose_32_16,0.039400,512x64x0,1x16x0,3072x256x1x1
q-17,kernel_mul_mat_Ab_Bi_8x4,1.154500,32x768x1,1x128x1,3072x256x1x1
q_pe-17,kernel_rope_norm_f32,0.040300,1024x256x1,64x1x1,64x16x256x1
Qcur-17,kernel_concat_f32_non_contiguous,0.619300,16x256x1,0x0x0,192x16x256x1
kv_cmpr_pe-17,kernel_transpose_32_16,0.052700,512x64x0,1x16x0,576x256x1x1
kv_cmpr_pe-17,kernel_mul_mat_Ab_Bi_8x4,0.426000,32x144x1,1x128x1,576x256x1x1
k_pe-17,kernel_rope_norm_f32,0.004500,64x256x1,64x1x1,64x1x256x1
node_1092,kernel_repeat,0.359300,16x256x1,0x0x0,64x16x256x1
kv_cmpr-17,kernel_rms_norm_mul,0.028700,131072x1x1,512x1x1,512x256x1x1
kv-17,kernel_transpose_32_16,0.009200,128x64x0,1x16x0,4096x256x1x1
kv-17,kernel_mul_mat_Ab_Bi_8x4,0.390800,32x1024x1,1x128x1,4096x256x1x1
Kcur-17,kernel_concat_f32_non_contiguous,0.976500,16x256x1,0x0x0,192x16x256x1
Vcur_cont-17,kernel_cpy_f32_f32,0.058800,1024x256x1,64x1x1,128x16x256x1
cache_k_l17 (view),kernel_set_rows_f16_i64,0.068900,262144x1x1,1024x1x1,3072x4096x1x1
cache_v_l17 (view),kernel_set_rows_f16_i64,0.050100,262144x1x1,1024x1x1,2048x4096x1x1
__fattn__-17,flash_attn_f32_f16,37.148300,256x16x0,16x1x0,128x16x256x1
node_1113,kernel_transpose_32_16,0.038800,512x64x0,1x16x0,2048x256x1x1
node_1113,kernel_mul_mat_Ab_Bi_8x4,0.892300,32x512x1,1x128x1,2048x256x1x1
ffn_inp-17,kernel_add,0.073300,16384x1x1,64x1x1,2048x256x1x1
ffn_norm-17,kernel_rms_norm_mul,0.064200,262144x1x1,1024x1x1,2048x256x1x1
ffn_moe_logits-17,kernel_mul_mm_f32_f32_l4_lm,0.537900,128x4x1,128x1x1,64x256x1x1
ffn_moe_probs-17,kernel_soft_max_4,0.006000,16384x1x1,64x1x1,64x256x1x1
ffn_moe_argsort-17,kernel_argsort_f32_i32,0.045600,64x256x1,64x1x1,64x256x1x1
ffn_moe_weights-17,kernel_get_rows_f32,0.010600,384x256x1,64x1x1,1x6x256x1
ffn_moe_weights_scaled-17,kernel_scale,0.001800,384x1x1,64x1x1,1x6x256x1
ffn_moe_gate-17,kernel_mul_mv_id_q4_0_f32_8x_flat,36.781200,11264x1x1536,64x1x1,1408x6x256x1
ffn_moe_up-17,kernel_mul_mv_id_q4_0_f32_8x_flat,36.999599,11264x1x1536,64x1x1,1408x6x256x1
ffn_moe_weighted-17,kernel_swiglu,0.349900,786432x1x1,512x1x1,1408x6x256x1
ffn_moe_down-17,kernel_mul_mv_id_q4_0_f32_8x_flat,39.465000,16384x1x1536,64x1x1,2048x6x256x1
node_1129,kernel_mul,0.401100,384x256x1,64x1x1,2048x6x256x1
ffn_gate-17,kernel_transpose_32_16,0.056900,512x64x0,1x16x0,2816x256x1x1
ffn_gate-17,kernel_mul_mat_Ab_Bi_8x4,1.168700,32x704x1,1x128x1,2816x256x1x1
ffn_up-17,kernel_transpose_32_16,0.050700,512x64x0,1x16x0,2816x256x1x1
ffn_up-17,kernel_mul_mat_Ab_Bi_8x4,1.168600,32x704x1,1x128x1,2816x256x1x1
ffn_swiglu-17,kernel_swiglu,0.106800,131072x1x1,512x1x1,2816x256x1x1
node_1139,kernel_add,0.094600,16384x1x1,64x1x1,2048x256x1x1
node_1140,kernel_add,0.075900,16384x1x1,64x1x1,2048x256x1x1
node_1141,kernel_add,0.073300,16384x1x1,64x1x1,2048x256x1x1
node_1142,kernel_add,0.074000,16384x1x1,64x1x1,2048x256x1x1
ffn_moe_out-17,kernel_add,0.072700,16384x1x1,64x1x1,2048x256x1x1
ffn_shexp-17,kernel_transpose_32_16,0.075400,704x64x0,1x16x0,2048x256x1x1
ffn_shexp-17,kernel_mul_mat_Ab_Bi_8x4,1.235600,32x512x1,1x128x1,2048x256x1x1
ffn_out-17,kernel_add,0.073900,16384x1x1,64x1x1,2048x256x1x1
l_out-17,kernel_add,0.076400,16384x1x1,64x1x1,2048x256x1x1
attn_norm-18,kernel_rms_norm_mul,0.063800,262144x1x1,1024x1x1,2048x256x1x1
q-18,kernel_transpose_32_16,0.040300,512x64x0,1x16x0,3072x256x1x1
q-18,kernel_mul_mat_Ab_Bi_8x4,1.154400,32x768x1,1x128x1,3072x256x1x1
q_pe-18,kernel_rope_norm_f32,0.039700,1024x256x1,64x1x1,64x16x256x1
Qcur-18,kernel_concat_f32_non_contiguous,0.417900,16x256x1,0x0x0,192x16x256x1
kv_cmpr_pe-18,kernel_transpose_32_16,0.046000,512x64x0,1x16x0,576x256x1x1
kv_cmpr_pe-18,kernel_mul_mat_Ab_Bi_8x4,0.426100,32x144x1,1x128x1,576x256x1x1
k_pe-18,kernel_rope_norm_f32,0.004800,64x256x1,64x1x1,64x1x256x1
node_1157,kernel_repeat,0.366600,16x256x1,0x0x0,64x16x256x1
kv_cmpr-18,kernel_rms_norm_mul,0.028300,131072x1x1,512x1x1,512x256x1x1
kv-18,kernel_transpose_32_16,0.012400,128x64x0,1x16x0,4096x256x1x1
kv-18,kernel_mul_mat_Ab_Bi_8x4,0.392900,32x1024x1,1x128x1,4096x256x1x1
Kcur-18,kernel_concat_f32_non_contiguous,1.301400,16x256x1,0x0x0,192x16x256x1
Vcur_cont-18,kernel_cpy_f32_f32,0.052100,1024x256x1,64x1x1,128x16x256x1
cache_k_l18 (view),kernel_set_rows_f16_i64,0.069100,262144x1x1,1024x1x1,3072x4096x1x1
cache_v_l18 (view),kernel_set_rows_f16_i64,0.051500,262144x1x1,1024x1x1,2048x4096x1x1
__fattn__-18,flash_attn_f32_f16,37.607201,256x16x0,16x1x0,128x16x256x1
node_1178,kernel_transpose_32_16,0.046300,512x64x0,1x16x0,2048x256x1x1
node_1178,kernel_mul_mat_Ab_Bi_8x4,0.895900,32x512x1,1x128x1,2048x256x1x1
ffn_inp-18,kernel_add,0.074100,16384x1x1,64x1x1,2048x256x1x1
ffn_norm-18,kernel_rms_norm_mul,0.063800,262144x1x1,1024x1x1,2048x256x1x1
ffn_moe_logits-18,kernel_mul_mm_f32_f32_l4_lm,0.518400,128x4x1,128x1x1,64x256x1x1
ffn_moe_probs-18,kernel_soft_max_4,0.006300,16384x1x1,64x1x1,64x256x1x1
ffn_moe_argsort-18,kernel_argsort_f32_i32,0.045500,64x256x1,64x1x1,64x256x1x1
ffn_moe_weights-18,kernel_get_rows_f32,0.010500,384x256x1,64x1x1,1x6x256x1
ffn_moe_weights_scaled-18,kernel_scale,0.001900,384x1x1,64x1x1,1x6x256x1
ffn_moe_gate-18,kernel_mul_mv_id_q4_0_f32_8x_flat,38.713501,11264x1x1536,64x1x1,1408x6x256x1
ffn_moe_up-18,kernel_mul_mv_id_q4_0_f32_8x_flat,37.462502,11264x1x1536,64x1x1,1408x6x256x1
ffn_moe_weighted-18,kernel_swiglu,0.353900,786432x1x1,512x1x1,1408x6x256x1
ffn_moe_down-18,kernel_mul_mv_id_q4_0_f32_8x_flat,39.325100,16384x1x1536,64x1x1,2048x6x256x1
node_1194,kernel_mul,0.406900,384x256x1,64x1x1,2048x6x256x1
ffn_gate-18,kernel_transpose_32_16,0.057500,512x64x0,1x16x0,2816x256x1x1
ffn_gate-18,kernel_mul_mat_Ab_Bi_8x4,1.226000,32x704x1,1x128x1,2816x256x1x1
ffn_up-18,kernel_transpose_32_16,0.050900,512x64x0,1x16x0,2816x256x1x1
ffn_up-18,kernel_mul_mat_Ab_Bi_8x4,1.168600,32x704x1,1x128x1,2816x256x1x1
ffn_swiglu-18,kernel_swiglu,0.107500,131072x1x1,512x1x1,2816x256x1x1
node_1204,kernel_add,0.094300,16384x1x1,64x1x1,2048x256x1x1
node_1205,kernel_add,0.073200,16384x1x1,64x1x1,2048x256x1x1
node_1206,kernel_add,0.074700,16384x1x1,64x1x1,2048x256x1x1
node_1207,kernel_add,0.077800,16384x1x1,64x1x1,2048x256x1x1
ffn_moe_out-18,kernel_add,0.077200,16384x1x1,64x1x1,2048x256x1x1
ffn_shexp-18,kernel_transpose_32_16,0.075200,704x64x0,1x16x0,2048x256x1x1
ffn_shexp-18,kernel_mul_mat_Ab_Bi_8x4,1.232000,32x512x1,1x128x1,2048x256x1x1
ffn_out-18,kernel_add,0.078100,16384x1x1,64x1x1,2048x256x1x1
l_out-18,kernel_add,0.075600,16384x1x1,64x1x1,2048x256x1x1
attn_norm-19,kernel_rms_norm_mul,0.063700,262144x1x1,1024x1x1,2048x256x1x1
q-19,kernel_transpose_32_16,0.039200,512x64x0,1x16x0,3072x256x1x1
q-19,kernel_mul_mat_Ab_Bi_8x4,1.155800,32x768x1,1x128x1,3072x256x1x1
q_pe-19,kernel_rope_norm_f32,0.039600,1024x256x1,64x1x1,64x16x256x1
Qcur-19,kernel_concat_f32_non_contiguous,0.615400,16x256x1,0x0x0,192x16x256x1
kv_cmpr_pe-19,kernel_transpose_32_16,0.053300,512x64x0,1x16x0,576x256x1x1
kv_cmpr_pe-19,kernel_mul_mat_Ab_Bi_8x4,0.424600,32x144x1,1x128x1,576x256x1x1
k_pe-19,kernel_rope_norm_f32,0.004700,64x256x1,64x1x1,64x1x256x1
node_1222,kernel_repeat,0.314500,16x256x1,0x0x0,64x16x256x1
kv_cmpr-19,kernel_rms_norm_mul,0.028100,131072x1x1,512x1x1,512x256x1x1
kv-19,kernel_transpose_32_16,0.012600,128x64x0,1x16x0,4096x256x1x1
kv-19,kernel_mul_mat_Ab_Bi_8x4,0.392400,32x1024x1,1x128x1,4096x256x1x1
Kcur-19,kernel_concat_f32_non_contiguous,1.285100,16x256x1,0x0x0,192x16x256x1
Vcur_cont-19,kernel_cpy_f32_f32,0.058200,1024x256x1,64x1x1,128x16x256x1
cache_k_l19 (view),kernel_set_rows_f16_i64,0.069200,262144x1x1,1024x1x1,3072x4096x1x1
cache_v_l19 (view),kernel_set_rows_f16_i64,0.050800,262144x1x1,1024x1x1,2048x4096x1x1
__fattn__-19,flash_attn_f32_f16,37.063301,256x16x0,16x1x0,128x16x256x1
node_1243,kernel_transpose_32_16,0.038400,512x64x0,1x16x0,2048x256x1x1
node_1243,kernel_mul_mat_Ab_Bi_8x4,0.895600,32x512x1,1x128x1,2048x256x1x1
ffn_inp-19,kernel_add,0.073400,16384x1x1,64x1x1,2048x256x1x1
ffn_norm-19,kernel_rms_norm_mul,0.064300,262144x1x1,1024x1x1,2048x256x1x1
ffn_moe_logits-19,kernel_mul_mm_f32_f32_l4_lm,0.543200,128x4x1,128x1x1,64x256x1x1
ffn_moe_probs-19,kernel_soft_max_4,0.006700,16384x1x1,64x1x1,64x256x1x1
ffn_moe_argsort-19,kernel_argsort_f32_i32,0.045900,64x256x1,64x1x1,64x256x1x1
ffn_moe_weights-19,kernel_get_rows_f32,0.010700,384x256x1,64x1x1,1x6x256x1
ffn_moe_weights_scaled-19,kernel_scale,0.001900,384x1x1,64x1x1,1x6x256x1
ffn_moe_gate-19,kernel_mul_mv_id_q4_0_f32_8x_flat,36.870701,11264x1x1536,64x1x1,1408x6x256x1
ffn_moe_up-19,kernel_mul_mv_id_q4_0_f32_8x_flat,36.710800,11264x1x1536,64x1x1,1408x6x256x1
ffn_moe_weighted-19,kernel_swiglu,0.349700,786432x1x1,512x1x1,1408x6x256x1
ffn_moe_down-19,kernel_mul_mv_id_q4_0_f32_8x_flat,39.561798,16384x1x1536,64x1x1,2048x6x256x1
node_1259,kernel_mul,0.402800,384x256x1,64x1x1,2048x6x256x1
ffn_gate-19,kernel_transpose_32_16,0.055800,512x64x0,1x16x0,2816x256x1x1
ffn_gate-19,kernel_mul_mat_Ab_Bi_8x4,1.168400,32x704x1,1x128x1,2816x256x1x1
ffn_up-19,kernel_transpose_32_16,0.050700,512x64x0,1x16x0,2816x256x1x1
ffn_up-19,kernel_mul_mat_Ab_Bi_8x4,1.175500,32x704x1,1x128x1,2816x256x1x1
ffn_swiglu-19,kernel_swiglu,0.108400,131072x1x1,512x1x1,2816x256x1x1
node_1269,kernel_add,0.092900,16384x1x1,64x1x1,2048x256x1x1
node_1270,kernel_add,0.078400,16384x1x1,64x1x1,2048x256x1x1
node_1271,kernel_add,0.075100,16384x1x1,64x1x1,2048x256x1x1
node_1272,kernel_add,0.074000,16384x1x1,64x1x1,2048x256x1x1
ffn_moe_out-19,kernel_add,0.070500,16384x1x1,64x1x1,2048x256x1x1
ffn_shexp-19,kernel_transpose_32_16,0.076900,704x64x0,1x16x0,2048x256x1x1
ffn_shexp-19,kernel_mul_mat_Ab_Bi_8x4,1.233900,32x512x1,1x128x1,2048x256x1x1
ffn_out-19,kernel_add,0.073300,16384x1x1,64x1x1,2048x256x1x1
l_out-19,kernel_add,0.077300,16384x1x1,64x1x1,2048x256x1x1
attn_norm-20,kernel_rms_norm_mul,0.064500,262144x1x1,1024x1x1,2048x256x1x1
q-20,kernel_transpose_32_16,0.040100,512x64x0,1x16x0,3072x256x1x1
q-20,kernel_mul_mat_Ab_Bi_8x4,1.154900,32x768x1,1x128x1,3072x256x1x1
q_pe-20,kernel_rope_norm_f32,0.035700,1024x256x1,64x1x1,64x16x256x1
Qcur-20,kernel_concat_f32_non_contiguous,0.602200,16x256x1,0x0x0,192x16x256x1
kv_cmpr_pe-20,kernel_transpose_32_16,0.053800,512x64x0,1x16x0,576x256x1x1
kv_cmpr_pe-20,kernel_mul_mat_Ab_Bi_8x4,0.426500,32x144x1,1x128x1,576x256x1x1
k_pe-20,kernel_rope_norm_f32,0.004900,64x256x1,64x1x1,64x1x256x1
node_1287,kernel_repeat,0.326700,16x256x1,0x0x0,64x16x256x1
kv_cmpr-20,kernel_rms_norm_mul,0.028400,131072x1x1,512x1x1,512x256x1x1
kv-20,kernel_transpose_32_16,0.013200,128x64x0,1x16x0,4096x256x1x1
kv-20,kernel_mul_mat_Ab_Bi_8x4,0.389900,32x1024x1,1x128x1,4096x256x1x1
Kcur-20,kernel_concat_f32_non_contiguous,0.867400,16x256x1,0x0x0,192x16x256x1
Vcur_cont-20,kernel_cpy_f32_f32,0.059800,1024x256x1,64x1x1,128x16x256x1
cache_k_l20 (view),kernel_set_rows_f16_i64,0.067900,262144x1x1,1024x1x1,3072x4096x1x1
cache_v_l20 (view),kernel_set_rows_f16_i64,0.051100,262144x1x1,1024x1x1,2048x4096x1x1
__fattn__-20,flash_attn_f32_f16,37.222599,256x16x0,16x1x0,128x16x256x1
node_1308,kernel_transpose_32_16,0.038100,512x64x0,1x16x0,2048x256x1x1
node_1308,kernel_mul_mat_Ab_Bi_8x4,0.886100,32x512x1,1x128x1,2048x256x1x1
ffn_inp-20,kernel_add,0.068800,16384x1x1,64x1x1,2048x256x1x1
ffn_norm-20,kernel_rms_norm_mul,0.064300,262144x1x1,1024x1x1,2048x256x1x1
ffn_moe_logits-20,kernel_mul_mm_f32_f32_l4_lm,0.535200,128x4x1,128x1x1,64x256x1x1
ffn_moe_probs-20,kernel_soft_max_4,0.006100,16384x1x1,64x1x1,64x256x1x1
ffn_moe_argsort-20,kernel_argsort_f32_i32,0.045600,64x256x1,64x1x1,64x256x1x1
ffn_moe_weights-20,kernel_get_rows_f32,0.010600,384x256x1,64x1x1,1x6x256x1
ffn_moe_weights_scaled-20,kernel_scale,0.001900,384x1x1,64x1x1,1x6x256x1
ffn_moe_gate-20,kernel_mul_mv_id_q4_0_f32_8x_flat,36.517899,11264x1x1536,64x1x1,1408x6x256x1
ffn_moe_up-20,kernel_mul_mv_id_q4_0_f32_8x_flat,38.266899,11264x1x1536,64x1x1,1408x6x256x1
ffn_moe_weighted-20,kernel_swiglu,0.348000,786432x1x1,512x1x1,1408x6x256x1
ffn_moe_down-20,kernel_mul_mv_id_q4_0_f32_8x_flat,39.358501,16384x1x1536,64x1x1,2048x6x256x1
node_1324,kernel_mul,0.402000,384x256x1,64x1x1,2048x6x256x1
ffn_gate-20,kernel_transpose_32_16,0.058300,512x64x0,1x16x0,2816x256x1x1
ffn_gate-20,kernel_mul_mat_Ab_Bi_8x4,1.170100,32x704x1,1x128x1,2816x256x1x1
ffn_up-20,kernel_transpose_32_16,0.050600,512x64x0,1x16x0,2816x256x1x1
ffn_up-20,kernel_mul_mat_Ab_Bi_8x4,1.170700,32x704x1,1x128x1,2816x256x1x1
ffn_swiglu-20,kernel_swiglu,0.104400,131072x1x1,512x1x1,2816x256x1x1
node_1334,kernel_add,0.094600,16384x1x1,64x1x1,2048x256x1x1
node_1335,kernel_add,0.076600,16384x1x1,64x1x1,2048x256x1x1
node_1336,kernel_add,0.074600,16384x1x1,64x1x1,2048x256x1x1
node_1337,kernel_add,0.074400,16384x1x1,64x1x1,2048x256x1x1
ffn_moe_out-20,kernel_add,0.076100,16384x1x1,64x1x1,2048x256x1x1
ffn_shexp-20,kernel_transpose_32_16,0.076400,704x64x0,1x16x0,2048x256x1x1
ffn_shexp-20,kernel_mul_mat_Ab_Bi_8x4,1.235800,32x512x1,1x128x1,2048x256x1x1
ffn_out-20,kernel_add,0.073600,16384x1x1,64x1x1,2048x256x1x1
l_out-20,kernel_add,0.076200,16384x1x1,64x1x1,2048x256x1x1
attn_norm-21,kernel_rms_norm_mul,0.064500,262144x1x1,1024x1x1,2048x256x1x1
q-21,kernel_transpose_32_16,0.040300,512x64x0,1x16x0,3072x256x1x1
q-21,kernel_mul_mat_Ab_Bi_8x4,1.156100,32x768x1,1x128x1,3072x256x1x1
q_pe-21,kernel_rope_norm_f32,0.040400,1024x256x1,64x1x1,64x16x256x1
Qcur-21,kernel_concat_f32_non_contiguous,0.412300,16x256x1,0x0x0,192x16x256x1
kv_cmpr_pe-21,kernel_transpose_32_16,0.054200,512x64x0,1x16x0,576x256x1x1
kv_cmpr_pe-21,kernel_mul_mat_Ab_Bi_8x4,0.427000,32x144x1,1x128x1,576x256x1x1
k_pe-21,kernel_rope_norm_f32,0.005400,64x256x1,64x1x1,64x1x256x1
node_1352,kernel_repeat,0.359100,16x256x1,0x0x0,64x16x256x1
kv_cmpr-21,kernel_rms_norm_mul,0.028500,131072x1x1,512x1x1,512x256x1x1
kv-21,kernel_transpose_32_16,0.013000,128x64x0,1x16x0,4096x256x1x1
kv-21,kernel_mul_mat_Ab_Bi_8x4,0.393900,32x1024x1,1x128x1,4096x256x1x1
Kcur-21,kernel_concat_f32_non_contiguous,0.877000,16x256x1,0x0x0,192x16x256x1
Vcur_cont-21,kernel_cpy_f32_f32,0.060100,1024x256x1,64x1x1,128x16x256x1
cache_k_l21 (view),kernel_set_rows_f16_i64,0.066000,262144x1x1,1024x1x1,3072x4096x1x1
cache_v_l21 (view),kernel_set_rows_f16_i64,0.051800,262144x1x1,1024x1x1,2048x4096x1x1
__fattn__-21,flash_attn_f32_f16,37.173000,256x16x0,16x1x0,128x16x256x1
node_1373,kernel_transpose_32_16,0.038200,512x64x0,1x16x0,2048x256x1x1
node_1373,kernel_mul_mat_Ab_Bi_8x4,0.887800,32x512x1,1x128x1,2048x256x1x1
ffn_inp-21,kernel_add,0.074800,16384x1x1,64x1x1,2048x256x1x1
ffn_norm-21,kernel_rms_norm_mul,0.064500,262144x1x1,1024x1x1,2048x256x1x1
ffn_moe_logits-21,kernel_mul_mm_f32_f32_l4_lm,0.548400,128x4x1,128x1x1,64x256x1x1
ffn_moe_probs-21,kernel_soft_max_4,0.006500,16384x1x1,64x1x1,64x256x1x1
ffn_moe_argsort-21,kernel_argsort_f32_i32,0.045800,64x256x1,64x1x1,64x256x1x1
ffn_moe_weights-21,kernel_get_rows_f32,0.010400,384x256x1,64x1x1,1x6x256x1
ffn_moe_weights_scaled-21,kernel_scale,0.001900,384x1x1,64x1x1,1x6x256x1
ffn_moe_gate-21,kernel_mul_mv_id_q4_0_f32_8x_flat,37.018398,11264x1x1536,64x1x1,1408x6x256x1
ffn_moe_up-21,kernel_mul_mv_id_q4_0_f32_8x_flat,37.049301,11264x1x1536,64x1x1,1408x6x256x1
ffn_moe_weighted-21,kernel_swiglu,0.347700,786432x1x1,512x1x1,1408x6x256x1
ffn_moe_down-21,kernel_mul_mv_id_q4_0_f32_8x_flat,39.462200,16384x1x1536,64x1x1,2048x6x256x1
node_1389,kernel_mul,0.404500,384x256x1,64x1x1,2048x6x256x1
ffn_gate-21,kernel_transpose_32_16,0.057200,512x64x0,1x16x0,2816x256x1x1
ffn_gate-21,kernel_mul_mat_Ab_Bi_8x4,1.168200,32x704x1,1x128x1,2816x256x1x1
ffn_up-21,kernel_transpose_32_16,0.049900,512x64x0,1x16x0,2816x256x1x1
ffn_up-21,kernel_mul_mat_Ab_Bi_8x4,1.168500,32x704x1,1x128x1,2816x256x1x1
ffn_swiglu-21,kernel_swiglu,0.109200,131072x1x1,512x1x1,2816x256x1x1
node_1399,kernel_add,0.092200,16384x1x1,64x1x1,2048x256x1x1
node_1400,kernel_add,0.076400,16384x1x1,64x1x1,2048x256x1x1
node_1401,kernel_add,0.070300,16384x1x1,64x1x1,2048x256x1x1
node_1402,kernel_add,0.073200,16384x1x1,64x1x1,2048x256x1x1
ffn_moe_out-21,kernel_add,0.074600,16384x1x1,64x1x1,2048x256x1x1
ffn_shexp-21,kernel_transpose_32_16,0.075800,704x64x0,1x16x0,2048x256x1x1
ffn_shexp-21,kernel_mul_mat_Ab_Bi_8x4,1.229100,32x512x1,1x128x1,2048x256x1x1
ffn_out-21,kernel_add,0.075500,16384x1x1,64x1x1,2048x256x1x1
l_out-21,kernel_add,0.078200,16384x1x1,64x1x1,2048x256x1x1
attn_norm-22,kernel_rms_norm_mul,0.063500,262144x1x1,1024x1x1,2048x256x1x1
q-22,kernel_transpose_32_16,0.035600,512x64x0,1x16x0,3072x256x1x1
q-22,kernel_mul_mat_Ab_Bi_8x4,1.155700,32x768x1,1x128x1,3072x256x1x1
q_pe-22,kernel_rope_norm_f32,0.039200,1024x256x1,64x1x1,64x16x256x1
Qcur-22,kernel_concat_f32_non_contiguous,0.470400,16x256x1,0x0x0,192x16x256x1
kv_cmpr_pe-22,kernel_transpose_32_16,0.054400,512x64x0,1x16x0,576x256x1x1
kv_cmpr_pe-22,kernel_mul_mat_Ab_Bi_8x4,0.425500,32x144x1,1x128x1,576x256x1x1
k_pe-22,kernel_rope_norm_f32,0.004900,64x256x1,64x1x1,64x1x256x1
node_1417,kernel_repeat,0.367100,16x256x1,0x0x0,64x16x256x1
kv_cmpr-22,kernel_rms_norm_mul,0.028700,131072x1x1,512x1x1,512x256x1x1
kv-22,kernel_transpose_32_16,0.012700,128x64x0,1x16x0,4096x256x1x1
kv-22,kernel_mul_mat_Ab_Bi_8x4,0.390600,32x1024x1,1x128x1,4096x256x1x1
Kcur-22,kernel_concat_f32_non_contiguous,1.295400,16x256x1,0x0x0,192x16x256x1
Vcur_cont-22,kernel_cpy_f32_f32,0.058700,1024x256x1,64x1x1,128x16x256x1
cache_k_l22 (view),kernel_set_rows_f16_i64,0.069100,262144x1x1,1024x1x1,3072x4096x1x1
cache_v_l22 (view),kernel_set_rows_f16_i64,0.051700,262144x1x1,1024x1x1,2048x4096x1x1
__fattn__-22,flash_attn_f32_f16,37.180099,256x16x0,16x1x0,128x16x256x1
node_1438,kernel_transpose_32_16,0.036700,512x64x0,1x16x0,2048x256x1x1
node_1438,kernel_mul_mat_Ab_Bi_8x4,0.893100,32x512x1,1x128x1,2048x256x1x1
ffn_inp-22,kernel_add,0.071900,16384x1x1,64x1x1,2048x256x1x1
ffn_norm-22,kernel_rms_norm_mul,0.064100,262144x1x1,1024x1x1,2048x256x1x1
ffn_moe_logits-22,kernel_mul_mm_f32_f32_l4_lm,0.534300,128x4x1,128x1x1,64x256x1x1
ffn_moe_probs-22,kernel_soft_max_4,0.006600,16384x1x1,64x1x1,64x256x1x1
ffn_moe_argsort-22,kernel_argsort_f32_i32,0.045400,64x256x1,64x1x1,64x256x1x1
ffn_moe_weights-22,kernel_get_rows_f32,0.010600,384x256x1,64x1x1,1x6x256x1
ffn_moe_weights_scaled-22,kernel_scale,0.002100,384x1x1,64x1x1,1x6x256x1
ffn_moe_gate-22,kernel_mul_mv_id_q4_0_f32_8x_flat,36.713402,11264x1x1536,64x1x1,1408x6x256x1
ffn_moe_up-22,kernel_mul_mv_id_q4_0_f32_8x_flat,36.677898,11264x1x1536,64x1x1,1408x6x256x1
ffn_moe_weighted-22,kernel_swiglu,0.347800,786432x1x1,512x1x1,1408x6x256x1
ffn_moe_down-22,kernel_mul_mv_id_q4_0_f32_8x_flat,39.422001,16384x1x1536,64x1x1,2048x6x256x1
node_1454,kernel_mul,0.402200,384x256x1,64x1x1,2048x6x256x1
ffn_gate-22,kernel_transpose_32_16,0.057400,512x64x0,1x16x0,2816x256x1x1
ffn_gate-22,kernel_mul_mat_Ab_Bi_8x4,1.166600,32x704x1,1x128x1,2816x256x1x1
ffn_up-22,kernel_transpose_32_16,0.043900,512x64x0,1x16x0,2816x256x1x1
ffn_up-22,kernel_mul_mat_Ab_Bi_8x4,1.168000,32x704x1,1x128x1,2816x256x1x1
ffn_swiglu-22,kernel_swiglu,0.108400,131072x1x1,512x1x1,2816x256x1x1
node_1464,kernel_add,0.092600,16384x1x1,64x1x1,2048x256x1x1
node_1465,kernel_add,0.077900,16384x1x1,64x1x1,2048x256x1x1
node_1466,kernel_add,0.074700,16384x1x1,64x1x1,2048x256x1x1
node_1467,kernel_add,0.075600,16384x1x1,64x1x1,2048x256x1x1
ffn_moe_out-22,kernel_add,0.075500,16384x1x1,64x1x1,2048x256x1x1
ffn_shexp-22,kernel_transpose_32_16,0.071700,704x64x0,1x16x0,2048x256x1x1
ffn_shexp-22,kernel_mul_mat_Ab_Bi_8x4,1.222800,32x512x1,1x128x1,2048x256x1x1
ffn_out-22,kernel_add,0.077300,16384x1x1,64x1x1,2048x256x1x1
l_out-22,kernel_add,0.076800,16384x1x1,64x1x1,2048x256x1x1
attn_norm-23,kernel_rms_norm_mul,0.064300,262144x1x1,1024x1x1,2048x256x1x1
q-23,kernel_transpose_32_16,0.039500,512x64x0,1x16x0,3072x256x1x1
q-23,kernel_mul_mat_Ab_Bi_8x4,1.153900,32x768x1,1x128x1,3072x256x1x1
q_pe-23,kernel_rope_norm_f32,0.039900,1024x256x1,64x1x1,64x16x256x1
Qcur-23,kernel_concat_f32_non_contiguous,0.407600,16x256x1,0x0x0,192x16x256x1
kv_cmpr_pe-23,kernel_transpose_32_16,0.052500,512x64x0,1x16x0,576x256x1x1
kv_cmpr_pe-23,kernel_mul_mat_Ab_Bi_8x4,0.426500,32x144x1,1x128x1,576x256x1x1
k_pe-23,kernel_rope_norm_f32,0.005000,64x256x1,64x1x1,64x1x256x1
node_1482,kernel_repeat,0.323800,16x256x1,0x0x0,64x16x256x1
kv_cmpr-23,kernel_rms_norm_mul,0.028300,131072x1x1,512x1x1,512x256x1x1
kv-23,kernel_transpose_32_16,0.012300,128x64x0,1x16x0,4096x256x1x1
kv-23,kernel_mul_mat_Ab_Bi_8x4,0.390200,32x1024x1,1x128x1,4096x256x1x1
Kcur-23,kernel_concat_f32_non_contiguous,1.286300,16x256x1,0x0x0,192x16x256x1
Vcur_cont-23,kernel_cpy_f32_f32,0.058400,1024x256x1,64x1x1,128x16x256x1
cache_k_l23 (view),kernel_set_rows_f16_i64,0.068700,262144x1x1,1024x1x1,3072x4096x1x1
cache_v_l23 (view),kernel_set_rows_f16_i64,0.051000,262144x1x1,1024x1x1,2048x4096x1x1
__fattn__-23,flash_attn_f32_f16,37.131901,256x16x0,16x1x0,128x16x256x1
node_1503,kernel_transpose_32_16,0.037900,512x64x0,1x16x0,2048x256x1x1
node_1503,kernel_mul_mat_Ab_Bi_8x4,0.889100,32x512x1,1x128x1,2048x256x1x1
ffn_inp-23,kernel_add,0.074000,16384x1x1,64x1x1,2048x256x1x1
ffn_norm-23,kernel_rms_norm_mul,0.063900,262144x1x1,1024x1x1,2048x256x1x1
ffn_moe_logits-23,kernel_mul_mm_f32_f32_l4_lm,0.524800,128x4x1,128x1x1,64x256x1x1
ffn_moe_probs-23,kernel_soft_max_4,0.006300,16384x1x1,64x1x1,64x256x1x1
ffn_moe_argsort-23,kernel_argsort_f32_i32,0.045800,64x256x1,64x1x1,64x256x1x1
ffn_moe_weights-23,kernel_get_rows_f32,0.010700,384x256x1,64x1x1,1x6x256x1
ffn_moe_weights_scaled-23,kernel_scale,0.001800,384x1x1,64x1x1,1x6x256x1
ffn_moe_gate-23,kernel_mul_mv_id_q4_0_f32_8x_flat,36.917301,11264x1x1536,64x1x1,1408x6x256x1
ffn_moe_up-23,kernel_mul_mv_id_q4_0_f32_8x_flat,36.862000,11264x1x1536,64x1x1,1408x6x256x1
ffn_moe_weighted-23,kernel_swiglu,0.347700,786432x1x1,512x1x1,1408x6x256x1
ffn_moe_down-23,kernel_mul_mv_id_q4_0_f32_8x_flat,39.457802,16384x1x1536,64x1x1,2048x6x256x1
node_1519,kernel_mul,0.404400,384x256x1,64x1x1,2048x6x256x1
ffn_gate-23,kernel_transpose_32_16,0.054700,512x64x0,1x16x0,2816x256x1x1
ffn_gate-23,kernel_mul_mat_Ab_Bi_8x4,1.170200,32x704x1,1x128x1,2816x256x1x1
ffn_up-23,kernel_transpose_32_16,0.051100,512x64x0,1x16x0,2816x256x1x1
ffn_up-23,kernel_mul_mat_Ab_Bi_8x4,1.167800,32x704x1,1x128x1,2816x256x1x1
ffn_swiglu-23,kernel_swiglu,0.106900,131072x1x1,512x1x1,2816x256x1x1
node_1529,kernel_add,0.088400,16384x1x1,64x1x1,2048x256x1x1
node_1530,kernel_add,0.076300,16384x1x1,64x1x1,2048x256x1x1
node_1531,kernel_add,0.074400,16384x1x1,64x1x1,2048x256x1x1
node_1532,kernel_add,0.073700,16384x1x1,64x1x1,2048x256x1x1
ffn_moe_out-23,kernel_add,0.073700,16384x1x1,64x1x1,2048x256x1x1
ffn_shexp-23,kernel_transpose_32_16,0.076500,704x64x0,1x16x0,2048x256x1x1
ffn_shexp-23,kernel_mul_mat_Ab_Bi_8x4,1.222000,32x512x1,1x128x1,2048x256x1x1
ffn_out-23,kernel_add,0.073900,16384x1x1,64x1x1,2048x256x1x1
l_out-23,kernel_add,0.075100,16384x1x1,64x1x1,2048x256x1x1
attn_norm-24,kernel_rms_norm_mul,0.063800,262144x1x1,1024x1x1,2048x256x1x1
q-24,kernel_transpose_32_16,0.039900,512x64x0,1x16x0,3072x256x1x1
q-24,kernel_mul_mat_Ab_Bi_8x4,1.154300,32x768x1,1x128x1,3072x256x1x1
q_pe-24,kernel_rope_norm_f32,0.038900,1024x256x1,64x1x1,64x16x256x1
Qcur-24,kernel_concat_f32_non_contiguous,0.477200,16x256x1,0x0x0,192x16x256x1
kv_cmpr_pe-24,kernel_transpose_32_16,0.054400,512x64x0,1x16x0,576x256x1x1
kv_cmpr_pe-24,kernel_mul_mat_Ab_Bi_8x4,0.425600,32x144x1,1x128x1,576x256x1x1
k_pe-24,kernel_rope_norm_f32,0.004300,64x256x1,64x1x1,64x1x256x1
node_1547,kernel_repeat,0.411800,16x256x1,0x0x0,64x16x256x1
kv_cmpr-24,kernel_rms_norm_mul,0.028300,131072x1x1,512x1x1,512x256x1x1
kv-24,kernel_transpose_32_16,0.012400,128x64x0,1x16x0,4096x256x1x1
kv-24,kernel_mul_mat_Ab_Bi_8x4,0.390800,32x1024x1,1x128x1,4096x256x1x1
Kcur-24,kernel_concat_f32_non_contiguous,0.998500,16x256x1,0x0x0,192x16x256x1
Vcur_cont-24,kernel_cpy_f32_f32,0.059500,1024x256x1,64x1x1,128x16x256x1
cache_k_l24 (view),kernel_set_rows_f16_i64,0.069700,262144x1x1,1024x1x1,3072x4096x1x1
cache_v_l24 (view),kernel_set_rows_f16_i64,0.048400,262144x1x1,1024x1x1,2048x4096x1x1
__fattn__-24,flash_attn_f32_f16,37.243401,256x16x0,16x1x0,128x16x256x1
node_1568,kernel_transpose_32_16,0.038500,512x64x0,1x16x0,2048x256x1x1
node_1568,kernel_mul_mat_Ab_Bi_8x4,0.893700,32x512x1,1x128x1,2048x256x1x1
ffn_inp-24,kernel_add,0.071300,16384x1x1,64x1x1,2048x256x1x1
ffn_norm-24,kernel_rms_norm_mul,0.064200,262144x1x1,1024x1x1,2048x256x1x1
ffn_moe_logits-24,kernel_mul_mm_f32_f32_l4_lm,0.533600,128x4x1,128x1x1,64x256x1x1
ffn_moe_probs-24,kernel_soft_max_4,0.006600,16384x1x1,64x1x1,64x256x1x1
ffn_moe_argsort-24,kernel_argsort_f32_i32,0.045500,64x256x1,64x1x1,64x256x1x1
ffn_moe_weights-24,kernel_get_rows_f32,0.010600,384x256x1,64x1x1,1x6x256x1
ffn_moe_weights_scaled-24,kernel_scale,0.001900,384x1x1,64x1x1,1x6x256x1
ffn_moe_gate-24,kernel_mul_mv_id_q4_0_f32_8x_flat,36.775398,11264x1x1536,64x1x1,1408x6x256x1
ffn_moe_up-24,kernel_mul_mv_id_q4_0_f32_8x_flat,36.681900,11264x1x1536,64x1x1,1408x6x256x1
ffn_moe_weighted-24,kernel_swiglu,0.348400,786432x1x1,512x1x1,1408x6x256x1
ffn_moe_down-24,kernel_mul_mv_id_q4_0_f32_8x_flat,39.420799,16384x1x1536,64x1x1,2048x6x256x1
node_1584,kernel_mul,0.403700,384x256x1,64x1x1,2048x6x256x1
ffn_gate-24,kernel_transpose_32_16,0.046500,512x64x0,1x16x0,2816x256x1x1
ffn_gate-24,kernel_mul_mat_Ab_Bi_8x4,1.168900,32x704x1,1x128x1,2816x256x1x1
ffn_up-24,kernel_transpose_32_16,0.051900,512x64x0,1x16x0,2816x256x1x1
ffn_up-24,kernel_mul_mat_Ab_Bi_8x4,1.169600,32x704x1,1x128x1,2816x256x1x1
ffn_swiglu-24,kernel_swiglu,0.106900,131072x1x1,512x1x1,2816x256x1x1
node_1594,kernel_add,0.095700,16384x1x1,64x1x1,2048x256x1x1
node_1595,kernel_add,0.076100,16384x1x1,64x1x1,2048x256x1x1
node_1596,kernel_add,0.073900,16384x1x1,64x1x1,2048x256x1x1
node_1597,kernel_add,0.070800,16384x1x1,64x1x1,2048x256x1x1
ffn_moe_out-24,kernel_add,0.073900,16384x1x1,64x1x1,2048x256x1x1
ffn_shexp-24,kernel_transpose_32_16,0.076200,704x64x0,1x16x0,2048x256x1x1
ffn_shexp-24,kernel_mul_mat_Ab_Bi_8x4,1.221300,32x512x1,1x128x1,2048x256x1x1
ffn_out-24,kernel_add,0.077000,16384x1x1,64x1x1,2048x256x1x1
l_out-24,kernel_add,0.076300,16384x1x1,64x1x1,2048x256x1x1
attn_norm-25,kernel_rms_norm_mul,0.063900,262144x1x1,1024x1x1,2048x256x1x1
q-25,kernel_transpose_32_16,0.042200,512x64x0,1x16x0,3072x256x1x1
q-25,kernel_mul_mat_Ab_Bi_8x4,1.154700,32x768x1,1x128x1,3072x256x1x1
q_pe-25,kernel_rope_norm_f32,0.039600,1024x256x1,64x1x1,64x16x256x1
Qcur-25,kernel_concat_f32_non_contiguous,0.412300,16x256x1,0x0x0,192x16x256x1
kv_cmpr_pe-25,kernel_transpose_32_16,0.052500,512x64x0,1x16x0,576x256x1x1
kv_cmpr_pe-25,kernel_mul_mat_Ab_Bi_8x4,0.424400,32x144x1,1x128x1,576x256x1x1
k_pe-25,kernel_rope_norm_f32,0.004700,64x256x1,64x1x1,64x1x256x1
node_1612,kernel_repeat,0.359600,16x256x1,0x0x0,64x16x256x1
kv_cmpr-25,kernel_rms_norm_mul,0.028400,131072x1x1,512x1x1,512x256x1x1
kv-25,kernel_transpose_32_16,0.009200,128x64x0,1x16x0,4096x256x1x1
kv-25,kernel_mul_mat_Ab_Bi_8x4,0.389100,32x1024x1,1x128x1,4096x256x1x1
Kcur-25,kernel_concat_f32_non_contiguous,0.863300,16x256x1,0x0x0,192x16x256x1
Vcur_cont-25,kernel_cpy_f32_f32,0.060300,1024x256x1,64x1x1,128x16x256x1
cache_k_l25 (view),kernel_set_rows_f16_i64,0.069900,262144x1x1,1024x1x1,3072x4096x1x1
cache_v_l25 (view),kernel_set_rows_f16_i64,0.052300,262144x1x1,1024x1x1,2048x4096x1x1
__fattn__-25,flash_attn_f32_f16,37.115700,256x16x0,16x1x0,128x16x256x1
node_1633,kernel_transpose_32_16,0.038300,512x64x0,1x16x0,2048x256x1x1
node_1633,kernel_mul_mat_Ab_Bi_8x4,0.896000,32x512x1,1x128x1,2048x256x1x1
ffn_inp-25,kernel_add,0.072900,16384x1x1,64x1x1,2048x256x1x1
ffn_norm-25,kernel_rms_norm_mul,0.064100,262144x1x1,1024x1x1,2048x256x1x1
ffn_moe_logits-25,kernel_mul_mm_f32_f32_l4_lm,0.543600,128x4x1,128x1x1,64x256x1x1
ffn_moe_probs-25,kernel_soft_max_4,0.006200,16384x1x1,64x1x1,64x256x1x1
ffn_moe_argsort-25,kernel_argsort_f32_i32,0.045600,64x256x1,64x1x1,64x256x1x1
ffn_moe_weights-25,kernel_get_rows_f32,0.010700,384x256x1,64x1x1,1x6x256x1
ffn_moe_weights_scaled-25,kernel_scale,0.001900,384x1x1,64x1x1,1x6x256x1
ffn_moe_gate-25,kernel_mul_mv_id_q4_0_f32_8x_flat,36.937302,11264x1x1536,64x1x1,1408x6x256x1
ffn_moe_up-25,kernel_mul_mv_id_q4_0_f32_8x_flat,36.979599,11264x1x1536,64x1x1,1408x6x256x1
ffn_moe_weighted-25,kernel_swiglu,0.349000,786432x1x1,512x1x1,1408x6x256x1
ffn_moe_down-25,kernel_mul_mv_id_q4_0_f32_8x_flat,39.504601,16384x1x1536,64x1x1,2048x6x256x1
node_1649,kernel_mul,0.404100,384x256x1,64x1x1,2048x6x256x1
ffn_gate-25,kernel_transpose_32_16,0.054400,512x64x0,1x16x0,2816x256x1x1
ffn_gate-25,kernel_mul_mat_Ab_Bi_8x4,1.223900,32x704x1,1x128x1,2816x256x1x1
ffn_up-25,kernel_transpose_32_16,0.050400,512x64x0,1x16x0,2816x256x1x1
ffn_up-25,kernel_mul_mat_Ab_Bi_8x4,1.169200,32x704x1,1x128x1,2816x256x1x1
ffn_swiglu-25,kernel_swiglu,0.104800,131072x1x1,512x1x1,2816x256x1x1
node_1659,kernel_add,0.093400,16384x1x1,64x1x1,2048x256x1x1
node_1660,kernel_add,0.076500,16384x1x1,64x1x1,2048x256x1x1
node_1661,kernel_add,0.073500,16384x1x1,64x1x1,2048x256x1x1
node_1662,kernel_add,0.074700,16384x1x1,64x1x1,2048x256x1x1
ffn_moe_out-25,kernel_add,0.073400,16384x1x1,64x1x1,2048x256x1x1
ffn_shexp-25,kernel_transpose_32_16,0.074700,704x64x0,1x16x0,2048x256x1x1
ffn_shexp-25,kernel_mul_mat_Ab_Bi_8x4,1.221700,32x512x1,1x128x1,2048x256x1x1
ffn_out-25,kernel_add,0.073300,16384x1x1,64x1x1,2048x256x1x1
l_out-25,kernel_add,0.077700,16384x1x1,64x1x1,2048x256x1x1
attn_norm-26,kernel_rms_norm_mul,0.063300,262144x1x1,1024x1x1,2048x256x1x1
q-26,kernel_transpose_32_16,0.039500,512x64x0,1x16x0,3072x256x1x1
q-26,kernel_mul_mat_Ab_Bi_8x4,1.155700,32x768x1,1x128x1,3072x256x1x1
q_pe-26,kernel_rope_norm_f32,0.039000,1024x256x1,64x1x1,64x16x256x1
Qcur-26,kernel_concat_f32_non_contiguous,0.608600,16x256x1,0x0x0,192x16x256x1
kv_cmpr_pe-26,kernel_transpose_32_16,0.046700,512x64x0,1x16x0,576x256x1x1
kv_cmpr_pe-26,kernel_mul_mat_Ab_Bi_8x4,0.427400,32x144x1,1x128x1,576x256x1x1
k_pe-26,kernel_rope_norm_f32,0.004600,64x256x1,64x1x1,64x1x256x1
node_1677,kernel_repeat,0.325200,16x256x1,0x0x0,64x16x256x1
kv_cmpr-26,kernel_rms_norm_mul,0.028100,131072x1x1,512x1x1,512x256x1x1
kv-26,kernel_transpose_32_16,0.013000,128x64x0,1x16x0,4096x256x1x1
kv-26,kernel_mul_mat_Ab_Bi_8x4,0.392300,32x1024x1,1x128x1,4096x256x1x1
Kcur-26,kernel_concat_f32_non_contiguous,0.861300,16x256x1,0x0x0,192x16x256x1
Vcur_cont-26,kernel_cpy_f32_f32,0.053600,1024x256x1,64x1x1,128x16x256x1
cache_k_l26 (view),kernel_set_rows_f16_i64,0.069000,262144x1x1,1024x1x1,3072x4096x1x1
cache_v_l26 (view),kernel_set_rows_f16_i64,0.050700,262144x1x1,1024x1x1,2048x4096x1x1
__fattn__-26,flash_attn_f32_f16,37.123699,256x16x0,16x1x0,128x16x256x1
node_1698,kernel_transpose_32_16,0.038500,512x64x0,1x16x0,2048x256x1x1
node_1698,kernel_mul_mat_Ab_Bi_8x4,0.896800,32x512x1,1x128x1,2048x256x1x1
attn_norm-0,kernel_rms_norm_mul,0.036000,132096x1x1,1024x1x1,2048x129x1x1
q-0,kernel_transpose_32_16,0.020100,512x34x0,1x16x0,3072x129x1x1
q-0,kernel_mul_mat_Ab_Bi_8x4,0.727200,17x768x1,1x128x1,3072x129x1x1
q_pe-0,kernel_rope_norm_f32,0.019100,1024x129x1,64x1x1,64x16x129x1
Qcur-0,kernel_concat_f32_non_contiguous,0.271300,16x129x1,0x0x0,192x16x129x1
kv_cmpr_pe-0,kernel_transpose_32_16,0.023700,512x34x0,1x16x0,576x129x1x1
kv_cmpr_pe-0,kernel_mul_mat_Ab_Bi_8x4,0.315500,17x144x1,1x128x1,576x129x1x1
k_pe-0,kernel_rope_norm_f32,0.003200,64x129x1,64x1x1,64x1x129x1
node_11,kernel_repeat,0.186300,16x129x1,0x0x0,64x16x129x1
kv_cmpr-0,kernel_rms_norm_mul,0.015800,66048x1x1,512x1x1,512x129x1x1
kv-0,kernel_transpose_32_16,0.007100,128x34x0,1x16x0,4096x129x1x1
kv-0,kernel_mul_mat_Ab_Bi_8x4,0.228100,17x1024x1,1x128x1,4096x129x1x1
Kcur-0,kernel_concat_f32_non_contiguous,0.713200,16x129x1,0x0x0,192x16x129x1
Vcur_cont-0,kernel_cpy_f32_f32,0.022900,1024x129x1,64x1x1,128x16x129x1
cache_k_l0 (view),kernel_set_rows_f16_i64,0.031500,132096x1x1,1024x1x1,3072x4096x1x1
cache_v_l0 (view),kernel_set_rows_f16_i64,0.021100,132096x1x1,1024x1x1,2048x4096x1x1
 (copy),kernel_cpy_f32_f16,0.011300,12288x1x1,64x1x1,768x192x1x1
__fattn__-0,flash_attn_f32_f16,30.473700,144x16x0,16x1x0,128x16x129x1
node_33,kernel_transpose_32_16,0.018500,512x34x0,1x16x0,2048x129x1x1
node_33,kernel_mul_mat_Ab_Bi_8x4,0.510800,17x512x1,1x128x1,2048x129x1x1
ffn_inp-0,kernel_add,0.036100,8256x1x1,64x1x1,2048x129x1x1
ffn_norm-0,kernel_rms_norm_mul,0.034100,132096x1x1,1024x1x1,2048x129x1x1
ffn_gate-0,kernel_transpose_32_16,0.020200,512x34x0,1x16x0,10944x129x1x1
ffn_gate-0,kernel_mul_mat_Ab_Bi_8x4,2.193000,17x2736x1,1x128x1,10944x129x1x1
ffn_up-0,kernel_transpose_32_16,0.021200,512x34x0,1x16x0,10944x129x1x1
ffn_up-0,kernel_mul_mat_Ab_Bi_8x4,2.194300,17x2736x1,1x128x1,10944x129x1x1
ffn_swiglu-0,kernel_swiglu,0.233800,66048x1x1,512x1x1,10944x129x1x1
ffn_out-0,kernel_transpose_32_16,0.171000,2736x34x0,1x16x0,2048x129x1x1
ffn_out-0,kernel_mul_mat_Ab_Bi_8x4,2.769200,17x512x1,1x128x1,2048x129x1x1
l_out-0,kernel_add,0.035700,8256x1x1,64x1x1,2048x129x1x1
attn_norm-1,kernel_rms_norm_mul,0.034100,132096x1x1,1024x1x1,2048x129x1x1
q-1,kernel_transpose_32_16,0.021100,512x34x0,1x16x0,3072x129x1x1
q-1,kernel_mul_mat_Ab_Bi_8x4,0.728500,17x768x1,1x128x1,3072x129x1x1
q_pe-1,kernel_rope_norm_f32,0.019600,1024x129x1,64x1x1,64x16x129x1
Qcur-1,kernel_concat_f32_non_contiguous,0.270100,16x129x1,0x0x0,192x16x129x1
kv_cmpr_pe-1,kernel_transpose_32_16,0.025300,512x34x0,1x16x0,576x129x1x1
kv_cmpr_pe-1,kernel_mul_mat_Ab_Bi_8x4,0.316200,17x144x1,1x128x1,576x129x1x1
k_pe-1,kernel_rope_norm_f32,0.003300,64x129x1,64x1x1,64x1x129x1
node_52,kernel_repeat,0.191900,16x129x1,0x0x0,64x16x129x1
kv_cmpr-1,kernel_rms_norm_mul,0.015700,66048x1x1,512x1x1,512x129x1x1
kv-1,kernel_transpose_32_16,0.006100,128x34x0,1x16x0,4096x129x1x1
kv-1,kernel_mul_mat_Ab_Bi_8x4,0.229200,17x1024x1,1x128x1,4096x129x1x1
Kcur-1,kernel_concat_f32_non_contiguous,0.570000,16x129x1,0x0x0,192x16x129x1
Vcur_cont-1,kernel_cpy_f32_f32,0.022900,1024x129x1,64x1x1,128x16x129x1
cache_k_l1 (view),kernel_set_rows_f16_i64,0.031000,132096x1x1,1024x1x1,3072x4096x1x1
cache_v_l1 (view),kernel_set_rows_f16_i64,0.023000,132096x1x1,1024x1x1,2048x4096x1x1
__fattn__-1,flash_attn_f32_f16,30.461500,144x16x0,16x1x0,128x16x129x1
node_73,kernel_transpose_32_16,0.018900,512x34x0,1x16x0,2048x129x1x1
node_73,kernel_mul_mat_Ab_Bi_8x4,0.510000,17x512x1,1x128x1,2048x129x1x1
ffn_inp-1,kernel_add,0.037900,8256x1x1,64x1x1,2048x129x1x1
ffn_norm-1,kernel_rms_norm_mul,0.034700,132096x1x1,1024x1x1,2048x129x1x1
ffn_moe_logits-1,kernel_mul_mm_f32_f32_l4_lm,0.475800,128x3x1,128x1x1,64x129x1x1
ffn_moe_probs-1,kernel_soft_max_4,0.004400,8256x1x1,64x1x1,64x129x1x1
ffn_moe_argsort-1,kernel_argsort_f32_i32,0.025300,64x129x1,64x1x1,64x129x1x1
ffn_moe_weights-1,kernel_get_rows_f32,0.006200,384x129x1,64x1x1,1x6x129x1
ffn_moe_weights_scaled-1,kernel_scale,0.001900,193x1x1,64x1x1,1x6x129x1
ffn_moe_gate-1,kernel_mul_mv_id_q4_0_f32_8x_flat,18.668800,11264x1x774,64x1x1,1408x6x129x1
ffn_moe_up-1,kernel_mul_mv_id_q4_0_f32_8x_flat,18.512501,11264x1x774,64x1x1,1408x6x129x1
ffn_moe_weighted-1,kernel_swiglu,0.172100,396288x1x1,512x1x1,1408x6x129x1
ffn_moe_down-1,kernel_mul_mv_id_q4_0_f32_8x_flat,19.890900,16384x1x774,64x1x1,2048x6x129x1
node_89,kernel_mul,0.203100,384x129x1,64x1x1,2048x6x129x1
ffn_gate-1,kernel_transpose_32_16,0.031500,512x34x0,1x16x0,2816x129x1x1
ffn_gate-1,kernel_mul_mat_Ab_Bi_8x4,0.660300,17x704x1,1x128x1,2816x129x1x1
ffn_up-1,kernel_transpose_32_16,0.022300,512x34x0,1x16x0,2816x129x1x1
ffn_up-1,kernel_mul_mat_Ab_Bi_8x4,0.665700,17x704x1,1x128x1,2816x129x1x1
ffn_swiglu-1,kernel_swiglu,0.044800,66048x1x1,512x1x1,2816x129x1x1
node_99,kernel_add,0.049900,8256x1x1,64x1x1,2048x129x1x1
node_100,kernel_add,0.035600,8256x1x1,64x1x1,2048x129x1x1
node_101,kernel_add,0.038000,8256x1x1,64x1x1,2048x129x1x1
node_102,kernel_add,0.037100,8256x1x1,64x1x1,2048x129x1x1
ffn_moe_out-1,kernel_add,0.036400,8256x1x1,64x1x1,2048x129x1x1
ffn_shexp-1,kernel_transpose_32_16,0.043800,704x34x0,1x16x0,2048x129x1x1
ffn_shexp-1,kernel_mul_mat_Ab_Bi_8x4,0.701000,17x512x1,1x128x1,2048x129x1x1
ffn_out-1,kernel_add,0.033200,8256x1x1,64x1x1,2048x129x1x1
l_out-1,kernel_add,0.037100,8256x1x1,64x1x1,2048x129x1x1
attn_norm-2,kernel_rms_norm_mul,0.033700,132096x1x1,1024x1x1,2048x129x1x1
q-2,kernel_transpose_32_16,0.020200,512x34x0,1x16x0,3072x129x1x1
q-2,kernel_mul_mat_Ab_Bi_8x4,0.727700,17x768x1,1x128x1,3072x129x1x1
q_pe-2,kernel_rope_norm_f32,0.019800,1024x129x1,64x1x1,64x16x129x1
Qcur-2,kernel_concat_f32_non_contiguous,0.262600,16x129x1,0x0x0,192x16x129x1
kv_cmpr_pe-2,kernel_transpose_32_16,0.020800,512x34x0,1x16x0,576x129x1x1
kv_cmpr_pe-2,kernel_mul_mat_Ab_Bi_8x4,0.314200,17x144x1,1x128x1,576x129x1x1
k_pe-2,kernel_rope_norm_f32,0.003500,64x129x1,64x1x1,64x1x129x1
node_117,kernel_repeat,0.191200,16x129x1,0x0x0,64x16x129x1
kv_cmpr-2,kernel_rms_norm_mul,0.015900,66048x1x1,512x1x1,512x129x1x1
kv-2,kernel_transpose_32_16,0.006800,128x34x0,1x16x0,4096x129x1x1
kv-2,kernel_mul_mat_Ab_Bi_8x4,0.227700,17x1024x1,1x128x1,4096x129x1x1
Kcur-2,kernel_concat_f32_non_contiguous,0.559300,16x129x1,0x0x0,192x16x129x1
Vcur_cont-2,kernel_cpy_f32_f32,0.020600,1024x129x1,64x1x1,128x16x129x1
cache_k_l2 (view),kernel_set_rows_f16_i64,0.032300,132096x1x1,1024x1x1,3072x4096x1x1
cache_v_l2 (view),kernel_set_rows_f16_i64,0.023500,132096x1x1,1024x1x1,2048x4096x1x1
__fattn__-2,flash_attn_f32_f16,30.454399,144x16x0,16x1x0,128x16x129x1
node_138,kernel_transpose_32_16,0.018700,512x34x0,1x16x0,2048x129x1x1
node_138,kernel_mul_mat_Ab_Bi_8x4,0.512400,17x512x1,1x128x1,2048x129x1x1
ffn_inp-2,kernel_add,0.036300,8256x1x1,64x1x1,2048x129x1x1
ffn_norm-2,kernel_rms_norm_mul,0.034100,132096x1x1,1024x1x1,2048x129x1x1
ffn_moe_logits-2,kernel_mul_mm_f32_f32_l4_lm,0.453900,128x3x1,128x1x1,64x129x1x1
ffn_moe_probs-2,kernel_soft_max_4,0.004600,8256x1x1,64x1x1,64x129x1x1
ffn_moe_argsort-2,kernel_argsort_f32_i32,0.025200,64x129x1,64x1x1,64x129x1x1
ffn_moe_weights-2,kernel_get_rows_f32,0.006200,384x129x1,64x1x1,1x6x129x1
ffn_moe_weights_scaled-2,kernel_scale,0.002000,193x1x1,64x1x1,1x6x129x1
ffn_moe_gate-2,kernel_mul_mv_id_q4_0_f32_8x_flat,18.542400,11264x1x774,64x1x1,1408x6x129x1
ffn_moe_up-2,kernel_mul_mv_id_q4_0_f32_8x_flat,18.489901,11264x1x774,64x1x1,1408x6x129x1
ffn_moe_weighted-2,kernel_swiglu,0.172300,396288x1x1,512x1x1,1408x6x129x1
ffn_moe_down-2,kernel_mul_mv_id_q4_0_f32_8x_flat,19.879999,16384x1x774,64x1x1,2048x6x129x1
node_154,kernel_mul,0.202700,384x129x1,64x1x1,2048x6x129x1
ffn_gate-2,kernel_transpose_32_16,0.029900,512x34x0,1x16x0,2816x129x1x1
ffn_gate-2,kernel_mul_mat_Ab_Bi_8x4,0.665200,17x704x1,1x128x1,2816x129x1x1
ffn_up-2,kernel_transpose_32_16,0.022600,512x34x0,1x16x0,2816x129x1x1
ffn_up-2,kernel_mul_mat_Ab_Bi_8x4,0.665300,17x704x1,1x128x1,2816x129x1x1
ffn_swiglu-2,kernel_swiglu,0.047500,66048x1x1,512x1x1,2816x129x1x1
node_164,kernel_add,0.047800,8256x1x1,64x1x1,2048x129x1x1
node_165,kernel_add,0.032800,8256x1x1,64x1x1,2048x129x1x1
node_166,kernel_add,0.035600,8256x1x1,64x1x1,2048x129x1x1
node_167,kernel_add,0.036300,8256x1x1,64x1x1,2048x129x1x1
ffn_moe_out-2,kernel_add,0.036700,8256x1x1,64x1x1,2048x129x1x1
ffn_shexp-2,kernel_transpose_32_16,0.042300,704x34x0,1x16x0,2048x129x1x1
ffn_shexp-2,kernel_mul_mat_Ab_Bi_8x4,0.702100,17x512x1,1x128x1,2048x129x1x1
ffn_out-2,kernel_add,0.032500,8256x1x1,64x1x1,2048x129x1x1
l_out-2,kernel_add,0.037800,8256x1x1,64x1x1,2048x129x1x1
attn_norm-3,kernel_rms_norm_mul,0.034000,132096x1x1,1024x1x1,2048x129x1x1
q-3,kernel_transpose_32_16,0.020500,512x34x0,1x16x0,3072x129x1x1
q-3,kernel_mul_mat_Ab_Bi_8x4,0.727100,17x768x1,1x128x1,3072x129x1x1
q_pe-3,kernel_rope_norm_f32,0.019600,1024x129x1,64x1x1,64x16x129x1
Qcur-3,kernel_concat_f32_non_contiguous,0.270000,16x129x1,0x0x0,192x16x129x1
kv_cmpr_pe-3,kernel_transpose_32_16,0.025600,512x34x0,1x16x0,576x129x1x1
kv_cmpr_pe-3,kernel_mul_mat_Ab_Bi_8x4,0.313200,17x144x1,1x128x1,576x129x1x1
k_pe-3,kernel_rope_norm_f32,0.003200,64x129x1,64x1x1,64x1x129x1
node_182,kernel_repeat,0.186500,16x129x1,0x0x0,64x16x129x1
kv_cmpr-3,kernel_rms_norm_mul,0.016200,66048x1x1,512x1x1,512x129x1x1
kv-3,kernel_transpose_32_16,0.006600,128x34x0,1x16x0,4096x129x1x1
kv-3,kernel_mul_mat_Ab_Bi_8x4,0.229200,17x1024x1,1x128x1,4096x129x1x1
Kcur-3,kernel_concat_f32_non_contiguous,0.720400,16x129x1,0x0x0,192x16x129x1
Vcur_cont-3,kernel_cpy_f32_f32,0.022300,1024x129x1,64x1x1,128x16x129x1
cache_k_l3 (view),kernel_set_rows_f16_i64,0.030500,132096x1x1,1024x1x1,3072x4096x1x1
cache_v_l3 (view),kernel_set_rows_f16_i64,0.022400,132096x1x1,1024x1x1,2048x4096x1x1
__fattn__-3,flash_attn_f32_f16,30.397301,144x16x0,16x1x0,128x16x129x1
node_203,kernel_transpose_32_16,0.019200,512x34x0,1x16x0,2048x129x1x1
node_203,kernel_mul_mat_Ab_Bi_8x4,0.511800,17x512x1,1x128x1,2048x129x1x1
ffn_inp-3,kernel_add,0.037000,8256x1x1,64x1x1,2048x129x1x1
ffn_norm-3,kernel_rms_norm_mul,0.034500,132096x1x1,1024x1x1,2048x129x1x1
ffn_moe_logits-3,kernel_mul_mm_f32_f32_l4_lm,0.471600,128x3x1,128x1x1,64x129x1x1
ffn_moe_probs-3,kernel_soft_max_4,0.004400,8256x1x1,64x1x1,64x129x1x1
ffn_moe_argsort-3,kernel_argsort_f32_i32,0.025100,64x129x1,64x1x1,64x129x1x1
ffn_moe_weights-3,kernel_get_rows_f32,0.006600,384x129x1,64x1x1,1x6x129x1
ffn_moe_weights_scaled-3,kernel_scale,0.001700,193x1x1,64x1x1,1x6x129x1
ffn_moe_gate-3,kernel_mul_mv_id_q4_0_f32_8x_flat,18.400101,11264x1x774,64x1x1,1408x6x129x1
ffn_moe_up-3,kernel_mul_mv_id_q4_0_f32_8x_flat,18.390900,11264x1x774,64x1x1,1408x6x129x1
ffn_moe_weighted-3,kernel_swiglu,0.172300,396288x1x1,512x1x1,1408x6x129x1
ffn_moe_down-3,kernel_mul_mv_id_q4_0_f32_8x_flat,19.844000,16384x1x774,64x1x1,2048x6x129x1
node_219,kernel_mul,0.202900,384x129x1,64x1x1,2048x6x129x1
ffn_gate-3,kernel_transpose_32_16,0.030700,512x34x0,1x16x0,2816x129x1x1
ffn_gate-3,kernel_mul_mat_Ab_Bi_8x4,0.666400,17x704x1,1x128x1,2816x129x1x1
ffn_up-3,kernel_transpose_32_16,0.022900,512x34x0,1x16x0,2816x129x1x1
ffn_up-3,kernel_mul_mat_Ab_Bi_8x4,0.663500,17x704x1,1x128x1,2816x129x1x1
ffn_swiglu-3,kernel_swiglu,0.044800,66048x1x1,512x1x1,2816x129x1x1
node_229,kernel_add,0.048100,8256x1x1,64x1x1,2048x129x1x1
node_230,kernel_add,0.036000,8256x1x1,64x1x1,2048x129x1x1
node_231,kernel_add,0.036900,8256x1x1,64x1x1,2048x129x1x1
node_232,kernel_add,0.036600,8256x1x1,64x1x1,2048x129x1x1
ffn_moe_out-3,kernel_add,0.031900,8256x1x1,64x1x1,2048x129x1x1
ffn_shexp-3,kernel_transpose_32_16,0.044500,704x34x0,1x16x0,2048x129x1x1
ffn_shexp-3,kernel_mul_mat_Ab_Bi_8x4,0.700000,17x512x1,1x128x1,2048x129x1x1
ffn_out-3,kernel_add,0.032500,8256x1x1,64x1x1,2048x129x1x1
l_out-3,kernel_add,0.037700,8256x1x1,64x1x1,2048x129x1x1
attn_norm-4,kernel_rms_norm_mul,0.034300,132096x1x1,1024x1x1,2048x129x1x1
q-4,kernel_transpose_32_16,0.020300,512x34x0,1x16x0,3072x129x1x1
q-4,kernel_mul_mat_Ab_Bi_8x4,0.725700,17x768x1,1x128x1,3072x129x1x1
q_pe-4,kernel_rope_norm_f32,0.016200,1024x129x1,64x1x1,64x16x129x1
Qcur-4,kernel_concat_f32_non_contiguous,0.270300,16x129x1,0x0x0,192x16x129x1
kv_cmpr_pe-4,kernel_transpose_32_16,0.025000,512x34x0,1x16x0,576x129x1x1
kv_cmpr_pe-4,kernel_mul_mat_Ab_Bi_8x4,0.315500,17x144x1,1x128x1,576x129x1x1
k_pe-4,kernel_rope_norm_f32,0.003300,64x129x1,64x1x1,64x1x129x1
node_247,kernel_repeat,0.191900,16x129x1,0x0x0,64x16x129x1
kv_cmpr-4,kernel_rms_norm_mul,0.016000,66048x1x1,512x1x1,512x129x1x1
kv-4,kernel_transpose_32_16,0.006600,128x34x0,1x16x0,4096x129x1x1
kv-4,kernel_mul_mat_Ab_Bi_8x4,0.226000,17x1024x1,1x128x1,4096x129x1x1
Kcur-4,kernel_concat_f32_non_contiguous,0.711700,16x129x1,0x0x0,192x16x129x1
Vcur_cont-4,kernel_cpy_f32_f32,0.023600,1024x129x1,64x1x1,128x16x129x1
cache_k_l4 (view),kernel_set_rows_f16_i64,0.031800,132096x1x1,1024x1x1,3072x4096x1x1
cache_v_l4 (view),kernel_set_rows_f16_i64,0.023700,132096x1x1,1024x1x1,2048x4096x1x1
__fattn__-4,flash_attn_f32_f16,31.716200,144x16x0,16x1x0,128x16x129x1
node_268,kernel_transpose_32_16,0.018900,512x34x0,1x16x0,2048x129x1x1
node_268,kernel_mul_mat_Ab_Bi_8x4,0.510900,17x512x1,1x128x1,2048x129x1x1
ffn_inp-4,kernel_add,0.032400,8256x1x1,64x1x1,2048x129x1x1
ffn_norm-4,kernel_rms_norm_mul,0.034300,132096x1x1,1024x1x1,2048x129x1x1
ffn_moe_logits-4,kernel_mul_mm_f32_f32_l4_lm,0.462500,128x3x1,128x1x1,64x129x1x1
ffn_moe_probs-4,kernel_soft_max_4,0.004400,8256x1x1,64x1x1,64x129x1x1
ffn_moe_argsort-4,kernel_argsort_f32_i32,0.025300,64x129x1,64x1x1,64x129x1x1
ffn_moe_weights-4,kernel_get_rows_f32,0.006200,384x129x1,64x1x1,1x6x129x1
ffn_moe_weights_scaled-4,kernel_scale,0.001800,193x1x1,64x1x1,1x6x129x1
ffn_moe_gate-4,kernel_mul_mv_id_q4_0_f32_8x_flat,18.514200,11264x1x774,64x1x1,1408x6x129x1
ffn_moe_up-4,kernel_mul_mv_id_q4_0_f32_8x_flat,18.428499,11264x1x774,64x1x1,1408x6x129x1
ffn_moe_weighted-4,kernel_swiglu,0.172300,396288x1x1,512x1x1,1408x6x129x1
ffn_moe_down-4,kernel_mul_mv_id_q4_0_f32_8x_flat,19.810101,16384x1x774,64x1x1,2048x6x129x1
node_284,kernel_mul,0.202600,384x129x1,64x1x1,2048x6x129x1
ffn_gate-4,kernel_transpose_32_16,0.030600,512x34x0,1x16x0,2816x129x1x1
ffn_gate-4,kernel_mul_mat_Ab_Bi_8x4,0.665100,17x704x1,1x128x1,2816x129x1x1
ffn_up-4,kernel_transpose_32_16,0.022100,512x34x0,1x16x0,2816x129x1x1
ffn_up-4,kernel_mul_mat_Ab_Bi_8x4,0.667300,17x704x1,1x128x1,2816x129x1x1
ffn_swiglu-4,kernel_swiglu,0.044100,66048x1x1,512x1x1,2816x129x1x1
node_294,kernel_add,0.048500,8256x1x1,64x1x1,2048x129x1x1
node_295,kernel_add,0.035800,8256x1x1,64x1x1,2048x129x1x1
node_296,kernel_add,0.036100,8256x1x1,64x1x1,2048x129x1x1
node_297,kernel_add,0.037000,8256x1x1,64x1x1,2048x129x1x1
ffn_moe_out-4,kernel_add,0.035600,8256x1x1,64x1x1,2048x129x1x1
ffn_shexp-4,kernel_transpose_32_16,0.042900,704x34x0,1x16x0,2048x129x1x1
ffn_shexp-4,kernel_mul_mat_Ab_Bi_8x4,0.702500,17x512x1,1x128x1,2048x129x1x1
ffn_out-4,kernel_add,0.033600,8256x1x1,64x1x1,2048x129x1x1
l_out-4,kernel_add,0.038000,8256x1x1,64x1x1,2048x129x1x1
attn_norm-5,kernel_rms_norm_mul,0.034200,132096x1x1,1024x1x1,2048x129x1x1
q-5,kernel_transpose_32_16,0.020800,512x34x0,1x16x0,3072x129x1x1
q-5,kernel_mul_mat_Ab_Bi_8x4,0.727500,17x768x1,1x128x1,3072x129x1x1
q_pe-5,kernel_rope_norm_f32,0.018800,1024x129x1,64x1x1,64x16x129x1
Qcur-5,kernel_concat_f32_non_contiguous,0.268800,16x129x1,0x0x0,192x16x129x1
kv_cmpr_pe-5,kernel_transpose_32_16,0.024900,512x34x0,1x16x0,576x129x1x1
kv_cmpr_pe-5,kernel_mul_mat_Ab_Bi_8x4,0.312200,17x144x1,1x128x1,576x129x1x1
k_pe-5,kernel_rope_norm_f32,0.003500,64x129x1,64x1x1,64x1x129x1
node_312,kernel_repeat,0.190000,16x129x1,0x0x0,64x16x129x1
kv_cmpr-5,kernel_rms_norm_mul,0.016000,66048x1x1,512x1x1,512x129x1x1
kv-5,kernel_transpose_32_16,0.006900,128x34x0,1x16x0,4096x129x1x1
kv-5,kernel_mul_mat_Ab_Bi_8x4,0.230400,17x1024x1,1x128x1,4096x129x1x1
Kcur-5,kernel_concat_f32_non_contiguous,0.562000,16x129x1,0x0x0,192x16x129x1
Vcur_cont-5,kernel_cpy_f32_f32,0.023300,1024x129x1,64x1x1,128x16x129x1
cache_k_l5 (view),kernel_set_rows_f16_i64,0.028600,132096x1x1,1024x1x1,3072x4096x1x1
cache_v_l5 (view),kernel_set_rows_f16_i64,0.022400,132096x1x1,1024x1x1,2048x4096x1x1
__fattn__-5,flash_attn_f32_f16,30.410500,144x16x0,16x1x0,128x16x129x1
node_333,kernel_transpose_32_16,0.019000,512x34x0,1x16x0,2048x129x1x1
node_333,kernel_mul_mat_Ab_Bi_8x4,0.511800,17x512x1,1x128x1,2048x129x1x1
ffn_inp-5,kernel_add,0.037900,8256x1x1,64x1x1,2048x129x1x1
ffn_norm-5,kernel_rms_norm_mul,0.034100,132096x1x1,1024x1x1,2048x129x1x1
ffn_moe_logits-5,kernel_mul_mm_f32_f32_l4_lm,0.459000,128x3x1,128x1x1,64x129x1x1
ffn_moe_probs-5,kernel_soft_max_4,0.004600,8256x1x1,64x1x1,64x129x1x1
ffn_moe_argsort-5,kernel_argsort_f32_i32,0.024900,64x129x1,64x1x1,64x129x1x1
ffn_moe_weights-5,kernel_get_rows_f32,0.006100,384x129x1,64x1x1,1x6x129x1
ffn_moe_weights_scaled-5,kernel_scale,0.001800,193x1x1,64x1x1,1x6x129x1
ffn_moe_gate-5,kernel_mul_mv_id_q4_0_f32_8x_flat,18.348499,11264x1x774,64x1x1,1408x6x129x1
ffn_moe_up-5,kernel_mul_mv_id_q4_0_f32_8x_flat,18.339500,11264x1x774,64x1x1,1408x6x129x1
ffn_moe_weighted-5,kernel_swiglu,0.172800,396288x1x1,512x1x1,1408x6x129x1
ffn_moe_down-5,kernel_mul_mv_id_q4_0_f32_8x_flat,19.808300,16384x1x774,64x1x1,2048x6x129x1
node_349,kernel_mul,0.204700,384x129x1,64x1x1,2048x6x129x1
ffn_gate-5,kernel_transpose_32_16,0.029100,512x34x0,1x16x0,2816x129x1x1
ffn_gate-5,kernel_mul_mat_Ab_Bi_8x4,0.665400,17x704x1,1x128x1,2816x129x1x1
ffn_up-5,kernel_transpose_32_16,0.023200,512x34x0,1x16x0,2816x129x1x1
ffn_up-5,kernel_mul_mat_Ab_Bi_8x4,0.666600,17x704x1,1x128x1,2816x129x1x1
ffn_swiglu-5,kernel_swiglu,0.045800,66048x1x1,512x1x1,2816x129x1x1
node_359,kernel_add,0.047500,8256x1x1,64x1x1,2048x129x1x1
node_360,kernel_add,0.035200,8256x1x1,64x1x1,2048x129x1x1
node_361,kernel_add,0.032700,8256x1x1,64x1x1,2048x129x1x1
node_362,kernel_add,0.036500,8256x1x1,64x1x1,2048x129x1x1
ffn_moe_out-5,kernel_add,0.038100,8256x1x1,64x1x1,2048x129x1x1
ffn_shexp-5,kernel_transpose_32_16,0.045100,704x34x0,1x16x0,2048x129x1x1
ffn_shexp-5,kernel_mul_mat_Ab_Bi_8x4,0.704000,17x512x1,1x128x1,2048x129x1x1
ffn_out-5,kernel_add,0.033100,8256x1x1,64x1x1,2048x129x1x1
l_out-5,kernel_add,0.037300,8256x1x1,64x1x1,2048x129x1x1
attn_norm-6,kernel_rms_norm_mul,0.034500,132096x1x1,1024x1x1,2048x129x1x1
q-6,kernel_transpose_32_16,0.017800,512x34x0,1x16x0,3072x129x1x1
q-6,kernel_mul_mat_Ab_Bi_8x4,0.721900,17x768x1,1x128x1,3072x129x1x1
q_pe-6,kernel_rope_norm_f32,0.019000,1024x129x1,64x1x1,64x16x129x1
Qcur-6,kernel_concat_f32_non_contiguous,0.268700,16x129x1,0x0x0,192x16x129x1
kv_cmpr_pe-6,kernel_transpose_32_16,0.024900,512x34x0,1x16x0,576x129x1x1
kv_cmpr_pe-6,kernel_mul_mat_Ab_Bi_8x4,0.314200,17x144x1,1x128x1,576x129x1x1
k_pe-6,kernel_rope_norm_f32,0.003300,64x129x1,64x1x1,64x1x129x1
node_377,kernel_repeat,0.192300,16x129x1,0x0x0,64x16x129x1
kv_cmpr-6,kernel_rms_norm_mul,0.015800,66048x1x1,512x1x1,512x129x1x1
kv-6,kernel_transpose_32_16,0.006800,128x34x0,1x16x0,4096x129x1x1
kv-6,kernel_mul_mat_Ab_Bi_8x4,0.229200,17x1024x1,1x128x1,4096x129x1x1
Kcur-6,kernel_concat_f32_non_contiguous,0.712000,16x129x1,0x0x0,192x16x129x1
Vcur_cont-6,kernel_cpy_f32_f32,0.023600,1024x129x1,64x1x1,128x16x129x1
cache_k_l6 (view),kernel_set_rows_f16_i64,0.031300,132096x1x1,1024x1x1,3072x4096x1x1
cache_v_l6 (view),kernel_set_rows_f16_i64,0.023700,132096x1x1,1024x1x1,2048x4096x1x1
__fattn__-6,flash_attn_f32_f16,30.472099,144x16x0,16x1x0,128x16x129x1
node_398,kernel_transpose_32_16,0.018000,512x34x0,1x16x0,2048x129x1x1
node_398,kernel_mul_mat_Ab_Bi_8x4,0.509900,17x512x1,1x128x1,2048x129x1x1
ffn_inp-6,kernel_add,0.034900,8256x1x1,64x1x1,2048x129x1x1
ffn_norm-6,kernel_rms_norm_mul,0.034100,132096x1x1,1024x1x1,2048x129x1x1
ffn_moe_logits-6,kernel_mul_mm_f32_f32_l4_lm,0.457600,128x3x1,128x1x1,64x129x1x1
ffn_moe_probs-6,kernel_soft_max_4,0.004400,8256x1x1,64x1x1,64x129x1x1
ffn_moe_argsort-6,kernel_argsort_f32_i32,0.025000,64x129x1,64x1x1,64x129x1x1
ffn_moe_weights-6,kernel_get_rows_f32,0.006200,384x129x1,64x1x1,1x6x129x1
ffn_moe_weights_scaled-6,kernel_scale,0.002000,193x1x1,64x1x1,1x6x129x1
ffn_moe_gate-6,kernel_mul_mv_id_q4_0_f32_8x_flat,18.425100,11264x1x774,64x1x1,1408x6x129x1
ffn_moe_up-6,kernel_mul_mv_id_q4_0_f32_8x_flat,18.666700,11264x1x774,64x1x1,1408x6x129x1
ffn_moe_weighted-6,kernel_swiglu,0.172600,396288x1x1,512x1x1,1408x6x129x1
ffn_moe_down-6,kernel_mul_mv_id_q4_0_f32_8x_flat,19.948799,16384x1x774,64x1x1,2048x6x129x1
node_414,kernel_mul,0.200400,384x129x1,64x1x1,2048x6x129x1
ffn_gate-6,kernel_transpose_32_16,0.030300,512x34x0,1x16x0,2816x129x1x1
ffn_gate-6,kernel_mul_mat_Ab_Bi_8x4,0.662300,17x704x1,1x128x1,2816x129x1x1
ffn_up-6,kernel_transpose_32_16,0.018300,512x34x0,1x16x0,2816x129x1x1
ffn_up-6,kernel_mul_mat_Ab_Bi_8x4,0.662900,17x704x1,1x128x1,2816x129x1x1
ffn_swiglu-6,kernel_swiglu,0.046900,66048x1x1,512x1x1,2816x129x1x1
node_424,kernel_add,0.046500,8256x1x1,64x1x1,2048x129x1x1
node_425,kernel_add,0.037700,8256x1x1,64x1x1,2048x129x1x1
node_426,kernel_add,0.037300,8256x1x1,64x1x1,2048x129x1x1
node_427,kernel_add,0.037100,8256x1x1,64x1x1,2048x129x1x1
ffn_moe_out-6,kernel_add,0.037900,8256x1x1,64x1x1,2048x129x1x1
ffn_shexp-6,kernel_transpose_32_16,0.037600,704x34x0,1x16x0,2048x129x1x1
ffn_shexp-6,kernel_mul_mat_Ab_Bi_8x4,0.703300,17x512x1,1x128x1,2048x129x1x1
ffn_out-6,kernel_add,0.035100,8256x1x1,64x1x1,2048x129x1x1
l_out-6,kernel_add,0.038000,8256x1x1,64x1x1,2048x129x1x1
attn_norm-7,kernel_rms_norm_mul,0.034100,132096x1x1,1024x1x1,2048x129x1x1
q-7,kernel_transpose_32_16,0.020200,512x34x0,1x16x0,3072x129x1x1
q-7,kernel_mul_mat_Ab_Bi_8x4,0.729300,17x768x1,1x128x1,3072x129x1x1
q_pe-7,kernel_rope_norm_f32,0.019100,1024x129x1,64x1x1,64x16x129x1
Qcur-7,kernel_concat_f32_non_contiguous,0.262000,16x129x1,0x0x0,192x16x129x1
kv_cmpr_pe-7,kernel_transpose_32_16,0.025100,512x34x0,1x16x0,576x129x1x1
kv_cmpr_pe-7,kernel_mul_mat_Ab_Bi_8x4,0.314300,17x144x1,1x128x1,576x129x1x1
k_pe-7,kernel_rope_norm_f32,0.003300,64x129x1,64x1x1,64x1x129x1
node_442,kernel_repeat,0.191000,16x129x1,0x0x0,64x16x129x1
kv_cmpr-7,kernel_rms_norm_mul,0.015600,66048x1x1,512x1x1,512x129x1x1
kv-7,kernel_transpose_32_16,0.007100,128x34x0,1x16x0,4096x129x1x1
kv-7,kernel_mul_mat_Ab_Bi_8x4,0.227300,17x1024x1,1x128x1,4096x129x1x1
Kcur-7,kernel_concat_f32_non_contiguous,0.698100,16x129x1,0x0x0,192x16x129x1
Vcur_cont-7,kernel_cpy_f32_f32,0.023500,1024x129x1,64x1x1,128x16x129x1
cache_k_l7 (view),kernel_set_rows_f16_i64,0.031600,132096x1x1,1024x1x1,3072x4096x1x1
cache_v_l7 (view),kernel_set_rows_f16_i64,0.022200,132096x1x1,1024x1x1,2048x4096x1x1
__fattn__-7,flash_attn_f32_f16,30.332100,144x16x0,16x1x0,128x16x129x1
node_463,kernel_transpose_32_16,0.018900,512x34x0,1x16x0,2048x129x1x1
node_463,kernel_mul_mat_Ab_Bi_8x4,0.511200,17x512x1,1x128x1,2048x129x1x1
ffn_inp-7,kernel_add,0.035700,8256x1x1,64x1x1,2048x129x1x1
ffn_norm-7,kernel_rms_norm_mul,0.034300,132096x1x1,1024x1x1,2048x129x1x1
ffn_moe_logits-7,kernel_mul_mm_f32_f32_l4_lm,0.469900,128x3x1,128x1x1,64x129x1x1
ffn_moe_probs-7,kernel_soft_max_4,0.004300,8256x1x1,64x1x1,64x129x1x1
ffn_moe_argsort-7,kernel_argsort_f32_i32,0.025400,64x129x1,64x1x1,64x129x1x1
ffn_moe_weights-7,kernel_get_rows_f32,0.006200,384x129x1,64x1x1,1x6x129x1
ffn_moe_weights_scaled-7,kernel_scale,0.001800,193x1x1,64x1x1,1x6x129x1
ffn_moe_gate-7,kernel_mul_mv_id_q4_0_f32_8x_flat,18.405100,11264x1x774,64x1x1,1408x6x129x1
ffn_moe_up-7,kernel_mul_mv_id_q4_0_f32_8x_flat,18.353500,11264x1x774,64x1x1,1408x6x129x1
ffn_moe_weighted-7,kernel_swiglu,0.173400,396288x1x1,512x1x1,1408x6x129x1
ffn_moe_down-7,kernel_mul_mv_id_q4_0_f32_8x_flat,19.770300,16384x1x774,64x1x1,2048x6x129x1
node_479,kernel_mul,0.201600,384x129x1,64x1x1,2048x6x129x1
ffn_gate-7,kernel_transpose_32_16,0.030000,512x34x0,1x16x0,2816x129x1x1
ffn_gate-7,kernel_mul_mat_Ab_Bi_8x4,0.667400,17x704x1,1x128x1,2816x129x1x1
ffn_up-7,kernel_transpose_32_16,0.022400,512x34x0,1x16x0,2816x129x1x1
ffn_up-7,kernel_mul_mat_Ab_Bi_8x4,0.664600,17x704x1,1x128x1,2816x129x1x1
ffn_swiglu-7,kernel_swiglu,0.044700,66048x1x1,512x1x1,2816x129x1x1
node_489,kernel_add,0.041100,8256x1x1,64x1x1,2048x129x1x1
node_490,kernel_add,0.036600,8256x1x1,64x1x1,2048x129x1x1
node_491,kernel_add,0.036700,8256x1x1,64x1x1,2048x129x1x1
node_492,kernel_add,0.036300,8256x1x1,64x1x1,2048x129x1x1
ffn_moe_out-7,kernel_add,0.036400,8256x1x1,64x1x1,2048x129x1x1
ffn_shexp-7,kernel_transpose_32_16,0.043500,704x34x0,1x16x0,2048x129x1x1
ffn_shexp-7,kernel_mul_mat_Ab_Bi_8x4,0.700200,17x512x1,1x128x1,2048x129x1x1
ffn_out-7,kernel_add,0.035200,8256x1x1,64x1x1,2048x129x1x1
l_out-7,kernel_add,0.032500,8256x1x1,64x1x1,2048x129x1x1
attn_norm-8,kernel_rms_norm_mul,0.034300,132096x1x1,1024x1x1,2048x129x1x1
q-8,kernel_transpose_32_16,0.019900,512x34x0,1x16x0,3072x129x1x1
q-8,kernel_mul_mat_Ab_Bi_8x4,0.723600,17x768x1,1x128x1,3072x129x1x1
q_pe-8,kernel_rope_norm_f32,0.019400,1024x129x1,64x1x1,64x16x129x1
Qcur-8,kernel_concat_f32_non_contiguous,0.263000,16x129x1,0x0x0,192x16x129x1
kv_cmpr_pe-8,kernel_transpose_32_16,0.024300,512x34x0,1x16x0,576x129x1x1
kv_cmpr_pe-8,kernel_mul_mat_Ab_Bi_8x4,0.314500,17x144x1,1x128x1,576x129x1x1
k_pe-8,kernel_rope_norm_f32,0.003500,64x129x1,64x1x1,64x1x129x1
node_507,kernel_repeat,0.186400,16x129x1,0x0x0,64x16x129x1
kv_cmpr-8,kernel_rms_norm_mul,0.015600,66048x1x1,512x1x1,512x129x1x1
kv-8,kernel_transpose_32_16,0.006700,128x34x0,1x16x0,4096x129x1x1
kv-8,kernel_mul_mat_Ab_Bi_8x4,0.229000,17x1024x1,1x128x1,4096x129x1x1
Kcur-8,kernel_concat_f32_non_contiguous,0.701500,16x129x1,0x0x0,192x16x129x1
Vcur_cont-8,kernel_cpy_f32_f32,0.024000,1024x129x1,64x1x1,128x16x129x1
cache_k_l8 (view),kernel_set_rows_f16_i64,0.030800,132096x1x1,1024x1x1,3072x4096x1x1
cache_v_l8 (view),kernel_set_rows_f16_i64,0.020600,132096x1x1,1024x1x1,2048x4096x1x1
__fattn__-8,flash_attn_f32_f16,30.359200,144x16x0,16x1x0,128x16x129x1
node_528,kernel_transpose_32_16,0.018700,512x34x0,1x16x0,2048x129x1x1
node_528,kernel_mul_mat_Ab_Bi_8x4,0.510700,17x512x1,1x128x1,2048x129x1x1
ffn_inp-8,kernel_add,0.034400,8256x1x1,64x1x1,2048x129x1x1
ffn_norm-8,kernel_rms_norm_mul,0.034200,132096x1x1,1024x1x1,2048x129x1x1
ffn_moe_logits-8,kernel_mul_mm_f32_f32_l4_lm,0.470300,128x3x1,128x1x1,64x129x1x1
ffn_moe_probs-8,kernel_soft_max_4,0.004300,8256x1x1,64x1x1,64x129x1x1
ffn_moe_argsort-8,kernel_argsort_f32_i32,0.025000,64x129x1,64x1x1,64x129x1x1
ffn_moe_weights-8,kernel_get_rows_f32,0.006200,384x129x1,64x1x1,1x6x129x1
ffn_moe_weights_scaled-8,kernel_scale,0.001800,193x1x1,64x1x1,1x6x129x1
ffn_moe_gate-8,kernel_mul_mv_id_q4_0_f32_8x_flat,18.261101,11264x1x774,64x1x1,1408x6x129x1
ffn_moe_up-8,kernel_mul_mv_id_q4_0_f32_8x_flat,18.294001,11264x1x774,64x1x1,1408x6x129x1
ffn_moe_weighted-8,kernel_swiglu,0.173200,396288x1x1,512x1x1,1408x6x129x1
ffn_moe_down-8,kernel_mul_mv_id_q4_0_f32_8x_flat,19.803801,16384x1x774,64x1x1,2048x6x129x1
node_544,kernel_mul,0.202700,384x129x1,64x1x1,2048x6x129x1
ffn_gate-8,kernel_transpose_32_16,0.021600,512x34x0,1x16x0,2816x129x1x1
ffn_gate-8,kernel_mul_mat_Ab_Bi_8x4,0.664000,17x704x1,1x128x1,2816x129x1x1
ffn_up-8,kernel_transpose_32_16,0.023200,512x34x0,1x16x0,2816x129x1x1
ffn_up-8,kernel_mul_mat_Ab_Bi_8x4,0.662200,17x704x1,1x128x1,2816x129x1x1
ffn_swiglu-8,kernel_swiglu,0.046200,66048x1x1,512x1x1,2816x129x1x1
node_554,kernel_add,0.045900,8256x1x1,64x1x1,2048x129x1x1
node_555,kernel_add,0.037200,8256x1x1,64x1x1,2048x129x1x1
node_556,kernel_add,0.034800,8256x1x1,64x1x1,2048x129x1x1
node_557,kernel_add,0.032300,8256x1x1,64x1x1,2048x129x1x1
ffn_moe_out-8,kernel_add,0.036800,8256x1x1,64x1x1,2048x129x1x1
ffn_shexp-8,kernel_transpose_32_16,0.042600,704x34x0,1x16x0,2048x129x1x1
ffn_shexp-8,kernel_mul_mat_Ab_Bi_8x4,0.704400,17x512x1,1x128x1,2048x129x1x1
ffn_out-8,kernel_add,0.034000,8256x1x1,64x1x1,2048x129x1x1
l_out-8,kernel_add,0.038600,8256x1x1,64x1x1,2048x129x1x1
attn_norm-9,kernel_rms_norm_mul,0.034400,132096x1x1,1024x1x1,2048x129x1x1
q-9,kernel_transpose_32_16,0.020800,512x34x0,1x16x0,3072x129x1x1
q-9,kernel_mul_mat_Ab_Bi_8x4,0.728700,17x768x1,1x128x1,3072x129x1x1
q_pe-9,kernel_rope_norm_f32,0.019100,1024x129x1,64x1x1,64x16x129x1
Qcur-9,kernel_concat_f32_non_contiguous,0.265900,16x129x1,0x0x0,192x16x129x1
kv_cmpr_pe-9,kernel_transpose_32_16,0.025700,512x34x0,1x16x0,576x129x1x1
kv_cmpr_pe-9,kernel_mul_mat_Ab_Bi_8x4,0.313700,17x144x1,1x128x1,576x129x1x1
k_pe-9,kernel_rope_norm_f32,0.003200,64x129x1,64x1x1,64x1x129x1
node_572,kernel_repeat,0.190900,16x129x1,0x0x0,64x16x129x1
kv_cmpr-9,kernel_rms_norm_mul,0.015600,66048x1x1,512x1x1,512x129x1x1
kv-9,kernel_transpose_32_16,0.006100,128x34x0,1x16x0,4096x129x1x1
kv-9,kernel_mul_mat_Ab_Bi_8x4,0.229700,17x1024x1,1x128x1,4096x129x1x1
Kcur-9,kernel_concat_f32_non_contiguous,0.710700,16x129x1,0x0x0,192x16x129x1
Vcur_cont-9,kernel_cpy_f32_f32,0.023100,1024x129x1,64x1x1,128x16x129x1
cache_k_l9 (view),kernel_set_rows_f16_i64,0.031700,132096x1x1,1024x1x1,3072x4096x1x1
cache_v_l9 (view),kernel_set_rows_f16_i64,0.022700,132096x1x1,1024x1x1,2048x4096x1x1
__fattn__-9,flash_attn_f32_f16,30.388300,144x16x0,16x1x0,128x16x129x1
node_593,kernel_transpose_32_16,0.018800,512x34x0,1x16x0,2048x129x1x1
node_593,kernel_mul_mat_Ab_Bi_8x4,0.511600,17x512x1,1x128x1,2048x129x1x1
ffn_inp-9,kernel_add,0.035700,8256x1x1,64x1x1,2048x129x1x1
ffn_norm-9,kernel_rms_norm_mul,0.034200,132096x1x1,1024x1x1,2048x129x1x1
ffn_moe_logits-9,kernel_mul_mm_f32_f32_l4_lm,0.461600,128x3x1,128x1x1,64x129x1x1
ffn_moe_probs-9,kernel_soft_max_4,0.004300,8256x1x1,64x1x1,64x129x1x1
ffn_moe_argsort-9,kernel_argsort_f32_i32,0.025100,64x129x1,64x1x1,64x129x1x1
ffn_moe_weights-9,kernel_get_rows_f32,0.006200,384x129x1,64x1x1,1x6x129x1
ffn_moe_weights_scaled-9,kernel_scale,0.001800,193x1x1,64x1x1,1x6x129x1
ffn_moe_gate-9,kernel_mul_mv_id_q4_0_f32_8x_flat,18.405399,11264x1x774,64x1x1,1408x6x129x1
ffn_moe_up-9,kernel_mul_mv_id_q4_0_f32_8x_flat,18.395599,11264x1x774,64x1x1,1408x6x129x1
ffn_moe_weighted-9,kernel_swiglu,0.172700,396288x1x1,512x1x1,1408x6x129x1
ffn_moe_down-9,kernel_mul_mv_id_q4_0_f32_8x_flat,19.796900,16384x1x774,64x1x1,2048x6x129x1
node_609,kernel_mul,0.201200,384x129x1,64x1x1,2048x6x129x1
ffn_gate-9,kernel_transpose_32_16,0.030200,512x34x0,1x16x0,2816x129x1x1
ffn_gate-9,kernel_mul_mat_Ab_Bi_8x4,0.665800,17x704x1,1x128x1,2816x129x1x1
ffn_up-9,kernel_transpose_32_16,0.022500,512x34x0,1x16x0,2816x129x1x1
ffn_up-9,kernel_mul_mat_Ab_Bi_8x4,0.662100,17x704x1,1x128x1,2816x129x1x1
ffn_swiglu-9,kernel_swiglu,0.045800,66048x1x1,512x1x1,2816x129x1x1
node_619,kernel_add,0.046600,8256x1x1,64x1x1,2048x129x1x1
node_620,kernel_add,0.036900,8256x1x1,64x1x1,2048x129x1x1
node_621,kernel_add,0.037100,8256x1x1,64x1x1,2048x129x1x1
node_622,kernel_add,0.036200,8256x1x1,64x1x1,2048x129x1x1
ffn_moe_out-9,kernel_add,0.037400,8256x1x1,64x1x1,2048x129x1x1
ffn_shexp-9,kernel_transpose_32_16,0.044000,704x34x0,1x16x0,2048x129x1x1
ffn_shexp-9,kernel_mul_mat_Ab_Bi_8x4,0.700600,17x512x1,1x128x1,2048x129x1x1
ffn_out-9,kernel_add,0.034900,8256x1x1,64x1x1,2048x129x1x1
l_out-9,kernel_add,0.038000,8256x1x1,64x1x1,2048x129x1x1
attn_norm-10,kernel_rms_norm_mul,0.034300,132096x1x1,1024x1x1,2048x129x1x1
q-10,kernel_transpose_32_16,0.020800,512x34x0,1x16x0,3072x129x1x1
q-10,kernel_mul_mat_Ab_Bi_8x4,0.729800,17x768x1,1x128x1,3072x129x1x1
q_pe-10,kernel_rope_norm_f32,0.019000,1024x129x1,64x1x1,64x16x129x1
Qcur-10,kernel_concat_f32_non_contiguous,0.264600,16x129x1,0x0x0,192x16x129x1
kv_cmpr_pe-10,kernel_transpose_32_16,0.021400,512x34x0,1x16x0,576x129x1x1
kv_cmpr_pe-10,kernel_mul_mat_Ab_Bi_8x4,0.312400,17x144x1,1x128x1,576x129x1x1
k_pe-10,kernel_rope_norm_f32,0.003400,64x129x1,64x1x1,64x1x129x1
node_637,kernel_repeat,0.191200,16x129x1,0x0x0,64x16x129x1
kv_cmpr-10,kernel_rms_norm_mul,0.016200,66048x1x1,512x1x1,512x129x1x1
kv-10,kernel_transpose_32_16,0.006700,128x34x0,1x16x0,4096x129x1x1
kv-10,kernel_mul_mat_Ab_Bi_8x4,0.229700,17x1024x1,1x128x1,4096x129x1x1
Kcur-10,kernel_concat_f32_non_contiguous,0.711800,16x129x1,0x0x0,192x16x129x1
Vcur_cont-10,kernel_cpy_f32_f32,0.020500,1024x129x1,64x1x1,128x16x129x1
cache_k_l10 (view),kernel_set_rows_f16_i64,0.031100,132096x1x1,1024x1x1,3072x4096x1x1
cache_v_l10 (view),kernel_set_rows_f16_i64,0.023300,132096x1x1,1024x1x1,2048x4096x1x1
__fattn__-10,flash_attn_f32_f16,30.452900,144x16x0,16x1x0,128x16x129x1
node_658,kernel_transpose_32_16,0.018700,512x34x0,1x16x0,2048x129x1x1
node_658,kernel_mul_mat_Ab_Bi_8x4,0.512800,17x512x1,1x128x1,2048x129x1x1
ffn_inp-10,kernel_add,0.035400,8256x1x1,64x1x1,2048x129x1x1
ffn_norm-10,kernel_rms_norm_mul,0.034200,132096x1x1,1024x1x1,2048x129x1x1
ffn_moe_logits-10,kernel_mul_mm_f32_f32_l4_lm,0.452100,128x3x1,128x1x1,64x129x1x1
ffn_moe_probs-10,kernel_soft_max_4,0.004400,8256x1x1,64x1x1,64x129x1x1
ffn_moe_argsort-10,kernel_argsort_f32_i32,0.025100,64x129x1,64x1x1,64x129x1x1
ffn_moe_weights-10,kernel_get_rows_f32,0.006200,384x129x1,64x1x1,1x6x129x1
ffn_moe_weights_scaled-10,kernel_scale,0.001900,193x1x1,64x1x1,1x6x129x1
ffn_moe_gate-10,kernel_mul_mv_id_q4_0_f32_8x_flat,18.296200,11264x1x774,64x1x1,1408x6x129x1
ffn_moe_up-10,kernel_mul_mv_id_q4_0_f32_8x_flat,18.287100,11264x1x774,64x1x1,1408x6x129x1
ffn_moe_weighted-10,kernel_swiglu,0.172900,396288x1x1,512x1x1,1408x6x129x1
ffn_moe_down-10,kernel_mul_mv_id_q4_0_f32_8x_flat,19.794600,16384x1x774,64x1x1,2048x6x129x1
node_674,kernel_mul,0.201100,384x129x1,64x1x1,2048x6x129x1
ffn_gate-10,kernel_transpose_32_16,0.029500,512x34x0,1x16x0,2816x129x1x1
ffn_gate-10,kernel_mul_mat_Ab_Bi_8x4,0.666100,17x704x1,1x128x1,2816x129x1x1
ffn_up-10,kernel_transpose_32_16,0.023200,512x34x0,1x16x0,2816x129x1x1
ffn_up-10,kernel_mul_mat_Ab_Bi_8x4,0.663800,17x704x1,1x128x1,2816x129x1x1
ffn_swiglu-10,kernel_swiglu,0.045400,66048x1x1,512x1x1,2816x129x1x1
node_684,kernel_add,0.046500,8256x1x1,64x1x1,2048x129x1x1
node_685,kernel_add,0.034100,8256x1x1,64x1x1,2048x129x1x1
node_686,kernel_add,0.035400,8256x1x1,64x1x1,2048x129x1x1
node_687,kernel_add,0.035300,8256x1x1,64x1x1,2048x129x1x1
ffn_moe_out-10,kernel_add,0.036100,8256x1x1,64x1x1,2048x129x1x1
ffn_shexp-10,kernel_transpose_32_16,0.042600,704x34x0,1x16x0,2048x129x1x1
ffn_shexp-10,kernel_mul_mat_Ab_Bi_8x4,0.702900,17x512x1,1x128x1,2048x129x1x1
ffn_out-10,kernel_add,0.034000,8256x1x1,64x1x1,2048x129x1x1
l_out-10,kernel_add,0.038400,8256x1x1,64x1x1,2048x129x1x1
attn_norm-11,kernel_rms_norm_mul,0.033600,132096x1x1,1024x1x1,2048x129x1x1
q-11,kernel_transpose_32_16,0.020300,512x34x0,1x16x0,3072x129x1x1
q-11,kernel_mul_mat_Ab_Bi_8x4,0.730600,17x768x1,1x128x1,3072x129x1x1
q_pe-11,kernel_rope_norm_f32,0.019000,1024x129x1,64x1x1,64x16x129x1
Qcur-11,kernel_concat_f32_non_contiguous,0.272700,16x129x1,0x0x0,192x16x129x1
kv_cmpr_pe-11,kernel_transpose_32_16,0.025900,512x34x0,1x16x0,576x129x1x1
kv_cmpr_pe-11,kernel_mul_mat_Ab_Bi_8x4,0.314500,17x144x1,1x128x1,576x129x1x1
k_pe-11,kernel_rope_norm_f32,0.003200,64x129x1,64x1x1,64x1x129x1
node_702,kernel_repeat,0.187300,16x129x1,0x0x0,64x16x129x1
kv_cmpr-11,kernel_rms_norm_mul,0.015600,66048x1x1,512x1x1,512x129x1x1
kv-11,kernel_transpose_32_16,0.007100,128x34x0,1x16x0,4096x129x1x1
kv-11,kernel_mul_mat_Ab_Bi_8x4,0.229000,17x1024x1,1x128x1,4096x129x1x1
Kcur-11,kernel_concat_f32_non_contiguous,0.566600,16x129x1,0x0x0,192x16x129x1
Vcur_cont-11,kernel_cpy_f32_f32,0.023100,1024x129x1,64x1x1,128x16x129x1
cache_k_l11 (view),kernel_set_rows_f16_i64,0.031000,132096x1x1,1024x1x1,3072x4096x1x1
cache_v_l11 (view),kernel_set_rows_f16_i64,0.022600,132096x1x1,1024x1x1,2048x4096x1x1
__fattn__-11,flash_attn_f32_f16,30.257200,144x16x0,16x1x0,128x16x129x1
node_723,kernel_transpose_32_16,0.018700,512x34x0,1x16x0,2048x129x1x1
node_723,kernel_mul_mat_Ab_Bi_8x4,0.511000,17x512x1,1x128x1,2048x129x1x1
ffn_inp-11,kernel_add,0.035900,8256x1x1,64x1x1,2048x129x1x1
ffn_norm-11,kernel_rms_norm_mul,0.034400,132096x1x1,1024x1x1,2048x129x1x1
ffn_moe_logits-11,kernel_mul_mm_f32_f32_l4_lm,0.470000,128x3x1,128x1x1,64x129x1x1
ffn_moe_probs-11,kernel_soft_max_4,0.004400,8256x1x1,64x1x1,64x129x1x1
ffn_moe_argsort-11,kernel_argsort_f32_i32,0.024900,64x129x1,64x1x1,64x129x1x1
ffn_moe_weights-11,kernel_get_rows_f32,0.006500,384x129x1,64x1x1,1x6x129x1
ffn_moe_weights_scaled-11,kernel_scale,0.001800,193x1x1,64x1x1,1x6x129x1
ffn_moe_gate-11,kernel_mul_mv_id_q4_0_f32_8x_flat,18.407499,11264x1x774,64x1x1,1408x6x129x1
ffn_moe_up-11,kernel_mul_mv_id_q4_0_f32_8x_flat,18.397400,11264x1x774,64x1x1,1408x6x129x1
ffn_moe_weighted-11,kernel_swiglu,0.171900,396288x1x1,512x1x1,1408x6x129x1
ffn_moe_down-11,kernel_mul_mv_id_q4_0_f32_8x_flat,19.802900,16384x1x774,64x1x1,2048x6x129x1
node_739,kernel_mul,0.199900,384x129x1,64x1x1,2048x6x129x1
ffn_gate-11,kernel_transpose_32_16,0.029700,512x34x0,1x16x0,2816x129x1x1
ffn_gate-11,kernel_mul_mat_Ab_Bi_8x4,0.664200,17x704x1,1x128x1,2816x129x1x1
ffn_up-11,kernel_transpose_32_16,0.022200,512x34x0,1x16x0,2816x129x1x1
ffn_up-11,kernel_mul_mat_Ab_Bi_8x4,0.660300,17x704x1,1x128x1,2816x129x1x1
ffn_swiglu-11,kernel_swiglu,0.045300,66048x1x1,512x1x1,2816x129x1x1
node_749,kernel_add,0.047300,8256x1x1,64x1x1,2048x129x1x1
node_750,kernel_add,0.035900,8256x1x1,64x1x1,2048x129x1x1
node_751,kernel_add,0.036500,8256x1x1,64x1x1,2048x129x1x1
node_752,kernel_add,0.036800,8256x1x1,64x1x1,2048x129x1x1
ffn_moe_out-11,kernel_add,0.033100,8256x1x1,64x1x1,2048x129x1x1
ffn_shexp-11,kernel_transpose_32_16,0.043800,704x34x0,1x16x0,2048x129x1x1
ffn_shexp-11,kernel_mul_mat_Ab_Bi_8x4,0.701300,17x512x1,1x128x1,2048x129x1x1
ffn_out-11,kernel_add,0.035400,8256x1x1,64x1x1,2048x129x1x1
l_out-11,kernel_add,0.038700,8256x1x1,64x1x1,2048x129x1x1
attn_norm-12,kernel_rms_norm_mul,0.034200,132096x1x1,1024x1x1,2048x129x1x1
q-12,kernel_transpose_32_16,0.020600,512x34x0,1x16x0,3072x129x1x1
q-12,kernel_mul_mat_Ab_Bi_8x4,0.729800,17x768x1,1x128x1,3072x129x1x1
q_pe-12,kernel_rope_norm_f32,0.016200,1024x129x1,64x1x1,64x16x129x1
Qcur-12,kernel_concat_f32_non_contiguous,0.261700,16x129x1,0x0x0,192x16x129x1
kv_cmpr_pe-12,kernel_transpose_32_16,0.023800,512x34x0,1x16x0,576x129x1x1
kv_cmpr_pe-12,kernel_mul_mat_Ab_Bi_8x4,0.313500,17x144x1,1x128x1,576x129x1x1
k_pe-12,kernel_rope_norm_f32,0.003200,64x129x1,64x1x1,64x1x129x1
node_767,kernel_repeat,0.193100,16x129x1,0x0x0,64x16x129x1
kv_cmpr-12,kernel_rms_norm_mul,0.015900,66048x1x1,512x1x1,512x129x1x1
kv-12,kernel_transpose_32_16,0.006700,128x34x0,1x16x0,4096x129x1x1
kv-12,kernel_mul_mat_Ab_Bi_8x4,0.227400,17x1024x1,1x128x1,4096x129x1x1
Kcur-12,kernel_concat_f32_non_contiguous,0.705500,16x129x1,0x0x0,192x16x129x1
Vcur_cont-12,kernel_cpy_f32_f32,0.023200,1024x129x1,64x1x1,128x16x129x1
cache_k_l12 (view),kernel_set_rows_f16_i64,0.031500,132096x1x1,1024x1x1,3072x4096x1x1
cache_v_l12 (view),kernel_set_rows_f16_i64,0.021800,132096x1x1,1024x1x1,2048x4096x1x1
__fattn__-12,flash_attn_f32_f16,30.400801,144x16x0,16x1x0,128x16x129x1
node_788,kernel_transpose_32_16,0.018800,512x34x0,1x16x0,2048x129x1x1
node_788,kernel_mul_mat_Ab_Bi_8x4,0.510100,17x512x1,1x128x1,2048x129x1x1
ffn_inp-12,kernel_add,0.031800,8256x1x1,64x1x1,2048x129x1x1
ffn_norm-12,kernel_rms_norm_mul,0.034100,132096x1x1,1024x1x1,2048x129x1x1
ffn_moe_logits-12,kernel_mul_mm_f32_f32_l4_lm,0.459800,128x3x1,128x1x1,64x129x1x1
ffn_moe_probs-12,kernel_soft_max_4,0.004400,8256x1x1,64x1x1,64x129x1x1
ffn_moe_argsort-12,kernel_argsort_f32_i32,0.024900,64x129x1,64x1x1,64x129x1x1
ffn_moe_weights-12,kernel_get_rows_f32,0.006300,384x129x1,64x1x1,1x6x129x1
ffn_moe_weights_scaled-12,kernel_scale,0.001800,193x1x1,64x1x1,1x6x129x1
ffn_moe_gate-12,kernel_mul_mv_id_q4_0_f32_8x_flat,18.390200,11264x1x774,64x1x1,1408x6x129x1
ffn_moe_up-12,kernel_mul_mv_id_q4_0_f32_8x_flat,18.669600,11264x1x774,64x1x1,1408x6x129x1
ffn_moe_weighted-12,kernel_swiglu,0.171100,396288x1x1,512x1x1,1408x6x129x1
ffn_moe_down-12,kernel_mul_mv_id_q4_0_f32_8x_flat,19.860800,16384x1x774,64x1x1,2048x6x129x1
node_804,kernel_mul,0.203400,384x129x1,64x1x1,2048x6x129x1
ffn_gate-12,kernel_transpose_32_16,0.028800,512x34x0,1x16x0,2816x129x1x1
ffn_gate-12,kernel_mul_mat_Ab_Bi_8x4,0.663900,17x704x1,1x128x1,2816x129x1x1
ffn_up-12,kernel_transpose_32_16,0.023200,512x34x0,1x16x0,2816x129x1x1
ffn_up-12,kernel_mul_mat_Ab_Bi_8x4,0.664800,17x704x1,1x128x1,2816x129x1x1
ffn_swiglu-12,kernel_swiglu,0.043800,66048x1x1,512x1x1,2816x129x1x1
node_814,kernel_add,0.048000,8256x1x1,64x1x1,2048x129x1x1
node_815,kernel_add,0.036300,8256x1x1,64x1x1,2048x129x1x1
node_816,kernel_add,0.035700,8256x1x1,64x1x1,2048x129x1x1
node_817,kernel_add,0.036400,8256x1x1,64x1x1,2048x129x1x1
ffn_moe_out-12,kernel_add,0.034900,8256x1x1,64x1x1,2048x129x1x1
ffn_shexp-12,kernel_transpose_32_16,0.043000,704x34x0,1x16x0,2048x129x1x1
ffn_shexp-12,kernel_mul_mat_Ab_Bi_8x4,0.703800,17x512x1,1x128x1,2048x129x1x1
ffn_out-12,kernel_add,0.032100,8256x1x1,64x1x1,2048x129x1x1
l_out-12,kernel_add,0.036700,8256x1x1,64x1x1,2048x129x1x1
attn_norm-13,kernel_rms_norm_mul,0.034000,132096x1x1,1024x1x1,2048x129x1x1
q-13,kernel_transpose_32_16,0.020200,512x34x0,1x16x0,3072x129x1x1
q-13,kernel_mul_mat_Ab_Bi_8x4,0.730100,17x768x1,1x128x1,3072x129x1x1
q_pe-13,kernel_rope_norm_f32,0.018900,1024x129x1,64x1x1,64x16x129x1
Qcur-13,kernel_concat_f32_non_contiguous,0.268500,16x129x1,0x0x0,192x16x129x1
kv_cmpr_pe-13,kernel_transpose_32_16,0.025400,512x34x0,1x16x0,576x129x1x1
kv_cmpr_pe-13,kernel_mul_mat_Ab_Bi_8x4,0.312100,17x144x1,1x128x1,576x129x1x1
k_pe-13,kernel_rope_norm_f32,0.003400,64x129x1,64x1x1,64x1x129x1
node_832,kernel_repeat,0.190100,16x129x1,0x0x0,64x16x129x1
kv_cmpr-13,kernel_rms_norm_mul,0.015700,66048x1x1,512x1x1,512x129x1x1
kv-13,kernel_transpose_32_16,0.006700,128x34x0,1x16x0,4096x129x1x1
kv-13,kernel_mul_mat_Ab_Bi_8x4,0.228200,17x1024x1,1x128x1,4096x129x1x1
Kcur-13,kernel_concat_f32_non_contiguous,0.701200,16x129x1,0x0x0,192x16x129x1
Vcur_cont-13,kernel_cpy_f32_f32,0.023400,1024x129x1,64x1x1,128x16x129x1
cache_k_l13 (view),kernel_set_rows_f16_i64,0.029400,132096x1x1,1024x1x1,3072x4096x1x1
cache_v_l13 (view),kernel_set_rows_f16_i64,0.022200,132096x1x1,1024x1x1,2048x4096x1x1
__fattn__-13,flash_attn_f32_f16,30.374500,144x16x0,16x1x0,128x16x129x1
node_853,kernel_transpose_32_16,0.018800,512x34x0,1x16x0,2048x129x1x1
node_853,kernel_mul_mat_Ab_Bi_8x4,0.510900,17x512x1,1x128x1,2048x129x1x1
ffn_inp-13,kernel_add,0.035800,8256x1x1,64x1x1,2048x129x1x1
ffn_norm-13,kernel_rms_norm_mul,0.034300,132096x1x1,1024x1x1,2048x129x1x1
ffn_moe_logits-13,kernel_mul_mm_f32_f32_l4_lm,0.475700,128x3x1,128x1x1,64x129x1x1
ffn_moe_probs-13,kernel_soft_max_4,0.004700,8256x1x1,64x1x1,64x129x1x1
ffn_moe_argsort-13,kernel_argsort_f32_i32,0.024900,64x129x1,64x1x1,64x129x1x1
ffn_moe_weights-13,kernel_get_rows_f32,0.006100,384x129x1,64x1x1,1x6x129x1
ffn_moe_weights_scaled-13,kernel_scale,0.001700,193x1x1,64x1x1,1x6x129x1
ffn_moe_gate-13,kernel_mul_mv_id_q4_0_f32_8x_flat,18.344999,11264x1x774,64x1x1,1408x6x129x1
ffn_moe_up-13,kernel_mul_mv_id_q4_0_f32_8x_flat,18.621201,11264x1x774,64x1x1,1408x6x129x1
ffn_moe_weighted-13,kernel_swiglu,0.172600,396288x1x1,512x1x1,1408x6x129x1
ffn_moe_down-13,kernel_mul_mv_id_q4_0_f32_8x_flat,19.735600,16384x1x774,64x1x1,2048x6x129x1
node_869,kernel_mul,0.204600,384x129x1,64x1x1,2048x6x129x1
ffn_gate-13,kernel_transpose_32_16,0.028700,512x34x0,1x16x0,2816x129x1x1
ffn_gate-13,kernel_mul_mat_Ab_Bi_8x4,0.663300,17x704x1,1x128x1,2816x129x1x1
ffn_up-13,kernel_transpose_32_16,0.021800,512x34x0,1x16x0,2816x129x1x1
ffn_up-13,kernel_mul_mat_Ab_Bi_8x4,0.659000,17x704x1,1x128x1,2816x129x1x1
ffn_swiglu-13,kernel_swiglu,0.044500,66048x1x1,512x1x1,2816x129x1x1
node_879,kernel_add,0.050100,8256x1x1,64x1x1,2048x129x1x1
node_880,kernel_add,0.036100,8256x1x1,64x1x1,2048x129x1x1
node_881,kernel_add,0.032500,8256x1x1,64x1x1,2048x129x1x1
node_882,kernel_add,0.037500,8256x1x1,64x1x1,2048x129x1x1
ffn_moe_out-13,kernel_add,0.037500,8256x1x1,64x1x1,2048x129x1x1
ffn_shexp-13,kernel_transpose_32_16,0.043800,704x34x0,1x16x0,2048x129x1x1
ffn_shexp-13,kernel_mul_mat_Ab_Bi_8x4,0.704300,17x512x1,1x128x1,2048x129x1x1
ffn_out-13,kernel_add,0.035200,8256x1x1,64x1x1,2048x129x1x1
l_out-13,kernel_add,0.039300,8256x1x1,64x1x1,2048x129x1x1
attn_norm-14,kernel_rms_norm_mul,0.034400,132096x1x1,1024x1x1,2048x129x1x1
q-14,kernel_transpose_32_16,0.017800,512x34x0,1x16x0,3072x129x1x1
q-14,kernel_mul_mat_Ab_Bi_8x4,0.723300,17x768x1,1x128x1,3072x129x1x1
q_pe-14,kernel_rope_norm_f32,0.018900,1024x129x1,64x1x1,64x16x129x1
Qcur-14,kernel_concat_f32_non_contiguous,0.259800,16x129x1,0x0x0,192x16x129x1
kv_cmpr_pe-14,kernel_transpose_32_16,0.025000,512x34x0,1x16x0,576x129x1x1
kv_cmpr_pe-14,kernel_mul_mat_Ab_Bi_8x4,0.314100,17x144x1,1x128x1,576x129x1x1
k_pe-14,kernel_rope_norm_f32,0.003300,64x129x1,64x1x1,64x1x129x1
node_897,kernel_repeat,0.191200,16x129x1,0x0x0,64x16x129x1
kv_cmpr-14,kernel_rms_norm_mul,0.015900,66048x1x1,512x1x1,512x129x1x1
kv-14,kernel_transpose_32_16,0.007100,128x34x0,1x16x0,4096x129x1x1
kv-14,kernel_mul_mat_Ab_Bi_8x4,0.227700,17x1024x1,1x128x1,4096x129x1x1
Kcur-14,kernel_concat_f32_non_contiguous,0.552400,16x129x1,0x0x0,192x16x129x1
Vcur_cont-14,kernel_cpy_f32_f32,0.024200,1024x129x1,64x1x1,128x16x129x1
cache_k_l14 (view),kernel_set_rows_f16_i64,0.031500,132096x1x1,1024x1x1,3072x4096x1x1
cache_v_l14 (view),kernel_set_rows_f16_i64,0.023600,132096x1x1,1024x1x1,2048x4096x1x1
__fattn__-14,flash_attn_f32_f16,30.385799,144x16x0,16x1x0,128x16x129x1
node_918,kernel_transpose_32_16,0.018000,512x34x0,1x16x0,2048x129x1x1
node_918,kernel_mul_mat_Ab_Bi_8x4,0.511900,17x512x1,1x128x1,2048x129x1x1
ffn_inp-14,kernel_add,0.034100,8256x1x1,64x1x1,2048x129x1x1
ffn_norm-14,kernel_rms_norm_mul,0.033900,132096x1x1,1024x1x1,2048x129x1x1
ffn_moe_logits-14,kernel_mul_mm_f32_f32_l4_lm,0.465800,128x3x1,128x1x1,64x129x1x1
ffn_moe_probs-14,kernel_soft_max_4,0.004500,8256x1x1,64x1x1,64x129x1x1
ffn_moe_argsort-14,kernel_argsort_f32_i32,0.025200,64x129x1,64x1x1,64x129x1x1
ffn_moe_weights-14,kernel_get_rows_f32,0.006200,384x129x1,64x1x1,1x6x129x1
ffn_moe_weights_scaled-14,kernel_scale,0.002100,193x1x1,64x1x1,1x6x129x1
ffn_moe_gate-14,kernel_mul_mv_id_q4_0_f32_8x_flat,18.510099,11264x1x774,64x1x1,1408x6x129x1
ffn_moe_up-14,kernel_mul_mv_id_q4_0_f32_8x_flat,18.553200,11264x1x774,64x1x1,1408x6x129x1
ffn_moe_weighted-14,kernel_swiglu,0.171700,396288x1x1,512x1x1,1408x6x129x1
ffn_moe_down-14,kernel_mul_mv_id_q4_0_f32_8x_flat,19.962099,16384x1x774,64x1x1,2048x6x129x1
node_934,kernel_mul,0.205600,384x129x1,64x1x1,2048x6x129x1
ffn_gate-14,kernel_transpose_32_16,0.028800,512x34x0,1x16x0,2816x129x1x1
ffn_gate-14,kernel_mul_mat_Ab_Bi_8x4,0.663700,17x704x1,1x128x1,2816x129x1x1
ffn_up-14,kernel_transpose_32_16,0.018700,512x34x0,1x16x0,2816x129x1x1
ffn_up-14,kernel_mul_mat_Ab_Bi_8x4,0.663300,17x704x1,1x128x1,2816x129x1x1
ffn_swiglu-14,kernel_swiglu,0.045600,66048x1x1,512x1x1,2816x129x1x1
node_944,kernel_add,0.046300,8256x1x1,64x1x1,2048x129x1x1
node_945,kernel_add,0.037000,8256x1x1,64x1x1,2048x129x1x1
node_946,kernel_add,0.036300,8256x1x1,64x1x1,2048x129x1x1
node_947,kernel_add,0.034800,8256x1x1,64x1x1,2048x129x1x1
ffn_moe_out-14,kernel_add,0.036900,8256x1x1,64x1x1,2048x129x1x1
ffn_shexp-14,kernel_transpose_32_16,0.036000,704x34x0,1x16x0,2048x129x1x1
ffn_shexp-14,kernel_mul_mat_Ab_Bi_8x4,0.704800,17x512x1,1x128x1,2048x129x1x1
ffn_out-14,kernel_add,0.035000,8256x1x1,64x1x1,2048x129x1x1
l_out-14,kernel_add,0.037100,8256x1x1,64x1x1,2048x129x1x1
attn_norm-15,kernel_rms_norm_mul,0.034000,132096x1x1,1024x1x1,2048x129x1x1
q-15,kernel_transpose_32_16,0.020800,512x34x0,1x16x0,3072x129x1x1
q-15,kernel_mul_mat_Ab_Bi_8x4,0.727100,17x768x1,1x128x1,3072x129x1x1
q_pe-15,kernel_rope_norm_f32,0.019300,1024x129x1,64x1x1,64x16x129x1
Qcur-15,kernel_concat_f32_non_contiguous,0.259200,16x129x1,0x0x0,192x16x129x1
kv_cmpr_pe-15,kernel_transpose_32_16,0.025100,512x34x0,1x16x0,576x129x1x1
kv_cmpr_pe-15,kernel_mul_mat_Ab_Bi_8x4,0.315000,17x144x1,1x128x1,576x129x1x1
k_pe-15,kernel_rope_norm_f32,0.003400,64x129x1,64x1x1,64x1x129x1
node_962,kernel_repeat,0.191800,16x129x1,0x0x0,64x16x129x1
kv_cmpr-15,kernel_rms_norm_mul,0.015800,66048x1x1,512x1x1,512x129x1x1
kv-15,kernel_transpose_32_16,0.006500,128x34x0,1x16x0,4096x129x1x1
kv-15,kernel_mul_mat_Ab_Bi_8x4,0.228100,17x1024x1,1x128x1,4096x129x1x1
Kcur-15,kernel_concat_f32_non_contiguous,0.551300,16x129x1,0x0x0,192x16x129x1
Vcur_cont-15,kernel_cpy_f32_f32,0.023600,1024x129x1,64x1x1,128x16x129x1
cache_k_l15 (view),kernel_set_rows_f16_i64,0.030600,132096x1x1,1024x1x1,3072x4096x1x1
cache_v_l15 (view),kernel_set_rows_f16_i64,0.023200,132096x1x1,1024x1x1,2048x4096x1x1
__fattn__-15,flash_attn_f32_f16,30.450800,144x16x0,16x1x0,128x16x129x1
node_983,kernel_transpose_32_16,0.018700,512x34x0,1x16x0,2048x129x1x1
node_983,kernel_mul_mat_Ab_Bi_8x4,0.512600,17x512x1,1x128x1,2048x129x1x1
ffn_inp-15,kernel_add,0.035200,8256x1x1,64x1x1,2048x129x1x1
ffn_norm-15,kernel_rms_norm_mul,0.033800,132096x1x1,1024x1x1,2048x129x1x1
ffn_moe_logits-15,kernel_mul_mm_f32_f32_l4_lm,0.466900,128x3x1,128x1x1,64x129x1x1
ffn_moe_probs-15,kernel_soft_max_4,0.004300,8256x1x1,64x1x1,64x129x1x1
ffn_moe_argsort-15,kernel_argsort_f32_i32,0.024700,64x129x1,64x1x1,64x129x1x1
ffn_moe_weights-15,kernel_get_rows_f32,0.006300,384x129x1,64x1x1,1x6x129x1
ffn_moe_weights_scaled-15,kernel_scale,0.001800,193x1x1,64x1x1,1x6x129x1
ffn_moe_gate-15,kernel_mul_mv_id_q4_0_f32_8x_flat,18.661301,11264x1x774,64x1x1,1408x6x129x1
ffn_moe_up-15,kernel_mul_mv_id_q4_0_f32_8x_flat,18.623899,11264x1x774,64x1x1,1408x6x129x1
ffn_moe_weighted-15,kernel_swiglu,0.173300,396288x1x1,512x1x1,1408x6x129x1
ffn_moe_down-15,kernel_mul_mv_id_q4_0_f32_8x_flat,19.884701,16384x1x774,64x1x1,2048x6x129x1
node_999,kernel_mul,0.206500,384x129x1,64x1x1,2048x6x129x1
ffn_gate-15,kernel_transpose_32_16,0.028600,512x34x0,1x16x0,2816x129x1x1
ffn_gate-15,kernel_mul_mat_Ab_Bi_8x4,0.663300,17x704x1,1x128x1,2816x129x1x1
ffn_up-15,kernel_transpose_32_16,0.022700,512x34x0,1x16x0,2816x129x1x1
ffn_up-15,kernel_mul_mat_Ab_Bi_8x4,0.664800,17x704x1,1x128x1,2816x129x1x1
ffn_swiglu-15,kernel_swiglu,0.044100,66048x1x1,512x1x1,2816x129x1x1
node_1009,kernel_add,0.042400,8256x1x1,64x1x1,2048x129x1x1
node_1010,kernel_add,0.036200,8256x1x1,64x1x1,2048x129x1x1
node_1011,kernel_add,0.035800,8256x1x1,64x1x1,2048x129x1x1
node_1012,kernel_add,0.036100,8256x1x1,64x1x1,2048x129x1x1
ffn_moe_out-15,kernel_add,0.035800,8256x1x1,64x1x1,2048x129x1x1
ffn_shexp-15,kernel_transpose_32_16,0.044200,704x34x0,1x16x0,2048x129x1x1
ffn_shexp-15,kernel_mul_mat_Ab_Bi_8x4,0.705700,17x512x1,1x128x1,2048x129x1x1
ffn_out-15,kernel_add,0.034700,8256x1x1,64x1x1,2048x129x1x1
l_out-15,kernel_add,0.034500,8256x1x1,64x1x1,2048x129x1x1
attn_norm-16,kernel_rms_norm_mul,0.034000,132096x1x1,1024x1x1,2048x129x1x1
q-16,kernel_transpose_32_16,0.020200,512x34x0,1x16x0,3072x129x1x1
q-16,kernel_mul_mat_Ab_Bi_8x4,0.730600,17x768x1,1x128x1,3072x129x1x1
q_pe-16,kernel_rope_norm_f32,0.019000,1024x129x1,64x1x1,64x16x129x1
Qcur-16,kernel_concat_f32_non_contiguous,0.270100,16x129x1,0x0x0,192x16x129x1
kv_cmpr_pe-16,kernel_transpose_32_16,0.023500,512x34x0,1x16x0,576x129x1x1
kv_cmpr_pe-16,kernel_mul_mat_Ab_Bi_8x4,0.315600,17x144x1,1x128x1,576x129x1x1
k_pe-16,kernel_rope_norm_f32,0.003500,64x129x1,64x1x1,64x1x129x1
node_1027,kernel_repeat,0.187600,16x129x1,0x0x0,64x16x129x1
kv_cmpr-16,kernel_rms_norm_mul,0.015600,66048x1x1,512x1x1,512x129x1x1
kv-16,kernel_transpose_32_16,0.006900,128x34x0,1x16x0,4096x129x1x1
kv-16,kernel_mul_mat_Ab_Bi_8x4,0.228900,17x1024x1,1x128x1,4096x129x1x1
Kcur-16,kernel_concat_f32_non_contiguous,0.553000,16x129x1,0x0x0,192x16x129x1
Vcur_cont-16,kernel_cpy_f32_f32,0.023300,1024x129x1,64x1x1,128x16x129x1
cache_k_l16 (view),kernel_set_rows_f16_i64,0.031400,132096x1x1,1024x1x1,3072x4096x1x1
cache_v_l16 (view),kernel_set_rows_f16_i64,0.022100,132096x1x1,1024x1x1,2048x4096x1x1
__fattn__-16,flash_attn_f32_f16,30.412201,144x16x0,16x1x0,128x16x129x1
node_1048,kernel_transpose_32_16,0.018900,512x34x0,1x16x0,2048x129x1x1
node_1048,kernel_mul_mat_Ab_Bi_8x4,0.513300,17x512x1,1x128x1,2048x129x1x1
ffn_inp-16,kernel_add,0.034600,8256x1x1,64x1x1,2048x129x1x1
ffn_norm-16,kernel_rms_norm_mul,0.034400,132096x1x1,1024x1x1,2048x129x1x1
ffn_moe_logits-16,kernel_mul_mm_f32_f32_l4_lm,0.471500,128x3x1,128x1x1,64x129x1x1
ffn_moe_probs-16,kernel_soft_max_4,0.004400,8256x1x1,64x1x1,64x129x1x1
ffn_moe_argsort-16,kernel_argsort_f32_i32,0.025300,64x129x1,64x1x1,64x129x1x1
ffn_moe_weights-16,kernel_get_rows_f32,0.006300,384x129x1,64x1x1,1x6x129x1
ffn_moe_weights_scaled-16,kernel_scale,0.001800,193x1x1,64x1x1,1x6x129x1
ffn_moe_gate-16,kernel_mul_mv_id_q4_0_f32_8x_flat,18.487101,11264x1x774,64x1x1,1408x6x129x1
ffn_moe_up-16,kernel_mul_mv_id_q4_0_f32_8x_flat,18.482300,11264x1x774,64x1x1,1408x6x129x1
ffn_moe_weighted-16,kernel_swiglu,0.171500,396288x1x1,512x1x1,1408x6x129x1
ffn_moe_down-16,kernel_mul_mv_id_q4_0_f32_8x_flat,19.862700,16384x1x774,64x1x1,2048x6x129x1
node_1064,kernel_mul,0.206000,384x129x1,64x1x1,2048x6x129x1
ffn_gate-16,kernel_transpose_32_16,0.021800,512x34x0,1x16x0,2816x129x1x1
ffn_gate-16,kernel_mul_mat_Ab_Bi_8x4,0.662000,17x704x1,1x128x1,2816x129x1x1
ffn_up-16,kernel_transpose_32_16,0.022900,512x34x0,1x16x0,2816x129x1x1
ffn_up-16,kernel_mul_mat_Ab_Bi_8x4,0.661400,17x704x1,1x128x1,2816x129x1x1
ffn_swiglu-16,kernel_swiglu,0.045300,66048x1x1,512x1x1,2816x129x1x1
node_1074,kernel_add,0.047900,8256x1x1,64x1x1,2048x129x1x1
node_1075,kernel_add,0.036800,8256x1x1,64x1x1,2048x129x1x1
node_1076,kernel_add,0.034800,8256x1x1,64x1x1,2048x129x1x1
node_1077,kernel_add,0.033000,8256x1x1,64x1x1,2048x129x1x1
ffn_moe_out-16,kernel_add,0.034600,8256x1x1,64x1x1,2048x129x1x1
ffn_shexp-16,kernel_transpose_32_16,0.043000,704x34x0,1x16x0,2048x129x1x1
ffn_shexp-16,kernel_mul_mat_Ab_Bi_8x4,0.702900,17x512x1,1x128x1,2048x129x1x1
ffn_out-16,kernel_add,0.034300,8256x1x1,64x1x1,2048x129x1x1
l_out-16,kernel_add,0.038200,8256x1x1,64x1x1,2048x129x1x1
attn_norm-17,kernel_rms_norm_mul,0.034200,132096x1x1,1024x1x1,2048x129x1x1
q-17,kernel_transpose_32_16,0.020700,512x34x0,1x16x0,3072x129x1x1
q-17,kernel_mul_mat_Ab_Bi_8x4,0.727100,17x768x1,1x128x1,3072x129x1x1
q_pe-17,kernel_rope_norm_f32,0.019300,1024x129x1,64x1x1,64x16x129x1
Qcur-17,kernel_concat_f32_non_contiguous,0.269700,16x129x1,0x0x0,192x16x129x1
kv_cmpr_pe-17,kernel_transpose_32_16,0.025500,512x34x0,1x16x0,576x129x1x1
kv_cmpr_pe-17,kernel_mul_mat_Ab_Bi_8x4,0.316300,17x144x1,1x128x1,576x129x1x1
k_pe-17,kernel_rope_norm_f32,0.003400,64x129x1,64x1x1,64x1x129x1
node_1092,kernel_repeat,0.190900,16x129x1,0x0x0,64x16x129x1
kv_cmpr-17,kernel_rms_norm_mul,0.015600,66048x1x1,512x1x1,512x129x1x1
kv-17,kernel_transpose_32_16,0.006000,128x34x0,1x16x0,4096x129x1x1
kv-17,kernel_mul_mat_Ab_Bi_8x4,0.227200,17x1024x1,1x128x1,4096x129x1x1
Kcur-17,kernel_concat_f32_non_contiguous,0.534400,16x129x1,0x0x0,192x16x129x1
Vcur_cont-17,kernel_cpy_f32_f32,0.022400,1024x129x1,64x1x1,128x16x129x1
cache_k_l17 (view),kernel_set_rows_f16_i64,0.031400,132096x1x1,1024x1x1,3072x4096x1x1
cache_v_l17 (view),kernel_set_rows_f16_i64,0.022600,132096x1x1,1024x1x1,2048x4096x1x1
__fattn__-17,flash_attn_f32_f16,30.400000,144x16x0,16x1x0,128x16x129x1
node_1113,kernel_transpose_32_16,0.018800,512x34x0,1x16x0,2048x129x1x1
node_1113,kernel_mul_mat_Ab_Bi_8x4,0.511300,17x512x1,1x128x1,2048x129x1x1
ffn_inp-17,kernel_add,0.034700,8256x1x1,64x1x1,2048x129x1x1
ffn_norm-17,kernel_rms_norm_mul,0.034500,132096x1x1,1024x1x1,2048x129x1x1
ffn_moe_logits-17,kernel_mul_mm_f32_f32_l4_lm,0.472200,128x3x1,128x1x1,64x129x1x1
ffn_moe_probs-17,kernel_soft_max_4,0.004400,8256x1x1,64x1x1,64x129x1x1
ffn_moe_argsort-17,kernel_argsort_f32_i32,0.025200,64x129x1,64x1x1,64x129x1x1
ffn_moe_weights-17,kernel_get_rows_f32,0.006200,384x129x1,64x1x1,1x6x129x1
ffn_moe_weights_scaled-17,kernel_scale,0.001900,193x1x1,64x1x1,1x6x129x1
ffn_moe_gate-17,kernel_mul_mv_id_q4_0_f32_8x_flat,18.590401,11264x1x774,64x1x1,1408x6x129x1
ffn_moe_up-17,kernel_mul_mv_id_q4_0_f32_8x_flat,18.699699,11264x1x774,64x1x1,1408x6x129x1
ffn_moe_weighted-17,kernel_swiglu,0.174600,396288x1x1,512x1x1,1408x6x129x1
ffn_moe_down-17,kernel_mul_mv_id_q4_0_f32_8x_flat,20.060699,16384x1x774,64x1x1,2048x6x129x1
node_1129,kernel_mul,0.213300,384x129x1,64x1x1,2048x6x129x1
ffn_gate-17,kernel_transpose_32_16,0.030300,512x34x0,1x16x0,2816x129x1x1
ffn_gate-17,kernel_mul_mat_Ab_Bi_8x4,0.669900,17x704x1,1x128x1,2816x129x1x1
ffn_up-17,kernel_transpose_32_16,0.077500,512x34x0,1x16x0,2816x129x1x1
ffn_up-17,kernel_mul_mat_Ab_Bi_8x4,0.669600,17x704x1,1x128x1,2816x129x1x1
ffn_swiglu-17,kernel_swiglu,0.190600,66048x1x1,512x1x1,2816x129x1x1
node_1139,kernel_add,0.141100,8256x1x1,64x1x1,2048x129x1x1
node_1140,kernel_add,0.136800,8256x1x1,64x1x1,2048x129x1x1
node_1141,kernel_add,0.142200,8256x1x1,64x1x1,2048x129x1x1
node_1142,kernel_add,0.079100,8256x1x1,64x1x1,2048x129x1x1
ffn_moe_out-17,kernel_add,0.037700,8256x1x1,64x1x1,2048x129x1x1
ffn_shexp-17,kernel_transpose_32_16,0.046000,704x34x0,1x16x0,2048x129x1x1
ffn_shexp-17,kernel_mul_mat_Ab_Bi_8x4,0.701000,17x512x1,1x128x1,2048x129x1x1
ffn_out-17,kernel_add,0.034700,8256x1x1,64x1x1,2048x129x1x1
l_out-17,kernel_add,0.039600,8256x1x1,64x1x1,2048x129x1x1
attn_norm-18,kernel_rms_norm_mul,0.034500,132096x1x1,1024x1x1,2048x129x1x1
q-18,kernel_transpose_32_16,0.020600,512x34x0,1x16x0,3072x129x1x1
q-18,kernel_mul_mat_Ab_Bi_8x4,0.728500,17x768x1,1x128x1,3072x129x1x1
q_pe-18,kernel_rope_norm_f32,0.019500,1024x129x1,64x1x1,64x16x129x1
Qcur-18,kernel_concat_f32_non_contiguous,0.262300,16x129x1,0x0x0,192x16x129x1
kv_cmpr_pe-18,kernel_transpose_32_16,0.021000,512x34x0,1x16x0,576x129x1x1
kv_cmpr_pe-18,kernel_mul_mat_Ab_Bi_8x4,0.313900,17x144x1,1x128x1,576x129x1x1
k_pe-18,kernel_rope_norm_f32,0.003300,64x129x1,64x1x1,64x1x129x1
node_1157,kernel_repeat,0.191200,16x129x1,0x0x0,64x16x129x1
kv_cmpr-18,kernel_rms_norm_mul,0.015700,66048x1x1,512x1x1,512x129x1x1
kv-18,kernel_transpose_32_16,0.006600,128x34x0,1x16x0,4096x129x1x1
kv-18,kernel_mul_mat_Ab_Bi_8x4,0.228500,17x1024x1,1x128x1,4096x129x1x1
Kcur-18,kernel_concat_f32_non_contiguous,0.576700,16x129x1,0x0x0,192x16x129x1
Vcur_cont-18,kernel_cpy_f32_f32,0.020500,1024x129x1,64x1x1,128x16x129x1
cache_k_l18 (view),kernel_set_rows_f16_i64,0.031600,132096x1x1,1024x1x1,3072x4096x1x1
cache_v_l18 (view),kernel_set_rows_f16_i64,0.023100,132096x1x1,1024x1x1,2048x4096x1x1
__fattn__-18,flash_attn_f32_f16,30.429399,144x16x0,16x1x0,128x16x129x1
node_1178,kernel_transpose_32_16,0.018700,512x34x0,1x16x0,2048x129x1x1
node_1178,kernel_mul_mat_Ab_Bi_8x4,0.511400,17x512x1,1x128x1,2048x129x1x1
ffn_inp-18,kernel_add,0.034100,8256x1x1,64x1x1,2048x129x1x1
ffn_norm-18,kernel_rms_norm_mul,0.034000,132096x1x1,1024x1x1,2048x129x1x1
ffn_moe_logits-18,kernel_mul_mm_f32_f32_l4_lm,0.456300,128x3x1,128x1x1,64x129x1x1
ffn_moe_probs-18,kernel_soft_max_4,0.004600,8256x1x1,64x1x1,64x129x1x1
ffn_moe_argsort-18,kernel_argsort_f32_i32,0.025200,64x129x1,64x1x1,64x129x1x1
ffn_moe_weights-18,kernel_get_rows_f32,0.006500,384x129x1,64x1x1,1x6x129x1
ffn_moe_weights_scaled-18,kernel_scale,0.001900,193x1x1,64x1x1,1x6x129x1
ffn_moe_gate-18,kernel_mul_mv_id_q4_0_f32_8x_flat,18.492701,11264x1x774,64x1x1,1408x6x129x1
ffn_moe_up-18,kernel_mul_mv_id_q4_0_f32_8x_flat,18.499300,11264x1x774,64x1x1,1408x6x129x1
ffn_moe_weighted-18,kernel_swiglu,0.172500,396288x1x1,512x1x1,1408x6x129x1
ffn_moe_down-18,kernel_mul_mv_id_q4_0_f32_8x_flat,19.868601,16384x1x774,64x1x1,2048x6x129x1
node_1194,kernel_mul,0.205500,384x129x1,64x1x1,2048x6x129x1
ffn_gate-18,kernel_transpose_32_16,0.028700,512x34x0,1x16x0,2816x129x1x1
ffn_gate-18,kernel_mul_mat_Ab_Bi_8x4,0.664200,17x704x1,1x128x1,2816x129x1x1
ffn_up-18,kernel_transpose_32_16,0.022800,512x34x0,1x16x0,2816x129x1x1
ffn_up-18,kernel_mul_mat_Ab_Bi_8x4,0.663400,17x704x1,1x128x1,2816x129x1x1
ffn_swiglu-18,kernel_swiglu,0.045100,66048x1x1,512x1x1,2816x129x1x1
node_1204,kernel_add,0.048000,8256x1x1,64x1x1,2048x129x1x1
node_1205,kernel_add,0.032400,8256x1x1,64x1x1,2048x129x1x1
node_1206,kernel_add,0.035900,8256x1x1,64x1x1,2048x129x1x1
node_1207,kernel_add,0.036600,8256x1x1,64x1x1,2048x129x1x1
ffn_moe_out-18,kernel_add,0.036500,8256x1x1,64x1x1,2048x129x1x1
ffn_shexp-18,kernel_transpose_32_16,0.041900,704x34x0,1x16x0,2048x129x1x1
ffn_shexp-18,kernel_mul_mat_Ab_Bi_8x4,0.701300,17x512x1,1x128x1,2048x129x1x1
ffn_out-18,kernel_add,0.034600,8256x1x1,64x1x1,2048x129x1x1
l_out-18,kernel_add,0.037400,8256x1x1,64x1x1,2048x129x1x1
attn_norm-19,kernel_rms_norm_mul,0.033900,132096x1x1,1024x1x1,2048x129x1x1
q-19,kernel_transpose_32_16,0.020700,512x34x0,1x16x0,3072x129x1x1
q-19,kernel_mul_mat_Ab_Bi_8x4,0.730700,17x768x1,1x128x1,3072x129x1x1
q_pe-19,kernel_rope_norm_f32,0.018800,1024x129x1,64x1x1,64x16x129x1
Qcur-19,kernel_concat_f32_non_contiguous,0.264600,16x129x1,0x0x0,192x16x129x1
kv_cmpr_pe-19,kernel_transpose_32_16,0.025200,512x34x0,1x16x0,576x129x1x1
kv_cmpr_pe-19,kernel_mul_mat_Ab_Bi_8x4,0.317800,17x144x1,1x128x1,576x129x1x1
k_pe-19,kernel_rope_norm_f32,0.003200,64x129x1,64x1x1,64x1x129x1
node_1222,kernel_repeat,0.187000,16x129x1,0x0x0,64x16x129x1
kv_cmpr-19,kernel_rms_norm_mul,0.015700,66048x1x1,512x1x1,512x129x1x1
kv-19,kernel_transpose_32_16,0.006800,128x34x0,1x16x0,4096x129x1x1
kv-19,kernel_mul_mat_Ab_Bi_8x4,0.230500,17x1024x1,1x128x1,4096x129x1x1
Kcur-19,kernel_concat_f32_non_contiguous,0.570900,16x129x1,0x0x0,192x16x129x1
Vcur_cont-19,kernel_cpy_f32_f32,0.022900,1024x129x1,64x1x1,128x16x129x1
cache_k_l19 (view),kernel_set_rows_f16_i64,0.031800,132096x1x1,1024x1x1,3072x4096x1x1
cache_v_l19 (view),kernel_set_rows_f16_i64,0.022500,132096x1x1,1024x1x1,2048x4096x1x1
__fattn__-19,flash_attn_f32_f16,30.411400,144x16x0,16x1x0,128x16x129x1
node_1243,kernel_transpose_32_16,0.018800,512x34x0,1x16x0,2048x129x1x1
node_1243,kernel_mul_mat_Ab_Bi_8x4,0.510700,17x512x1,1x128x1,2048x129x1x1
ffn_inp-19,kernel_add,0.034000,8256x1x1,64x1x1,2048x129x1x1
ffn_norm-19,kernel_rms_norm_mul,0.034500,132096x1x1,1024x1x1,2048x129x1x1
ffn_moe_logits-19,kernel_mul_mm_f32_f32_l4_lm,0.473200,128x3x1,128x1x1,64x129x1x1
ffn_moe_probs-19,kernel_soft_max_4,0.004500,8256x1x1,64x1x1,64x129x1x1
ffn_moe_argsort-19,kernel_argsort_f32_i32,0.025100,64x129x1,64x1x1,64x129x1x1
ffn_moe_weights-19,kernel_get_rows_f32,0.006600,384x129x1,64x1x1,1x6x129x1
ffn_moe_weights_scaled-19,kernel_scale,0.001800,193x1x1,64x1x1,1x6x129x1
ffn_moe_gate-19,kernel_mul_mv_id_q4_0_f32_8x_flat,18.632999,11264x1x774,64x1x1,1408x6x129x1
ffn_moe_up-19,kernel_mul_mv_id_q4_0_f32_8x_flat,18.619600,11264x1x774,64x1x1,1408x6x129x1
ffn_moe_weighted-19,kernel_swiglu,0.171300,396288x1x1,512x1x1,1408x6x129x1
ffn_moe_down-19,kernel_mul_mv_id_q4_0_f32_8x_flat,19.940901,16384x1x774,64x1x1,2048x6x129x1
node_1259,kernel_mul,0.206300,384x129x1,64x1x1,2048x6x129x1
ffn_gate-19,kernel_transpose_32_16,0.030100,512x34x0,1x16x0,2816x129x1x1
ffn_gate-19,kernel_mul_mat_Ab_Bi_8x4,0.661500,17x704x1,1x128x1,2816x129x1x1
ffn_up-19,kernel_transpose_32_16,0.022400,512x34x0,1x16x0,2816x129x1x1
ffn_up-19,kernel_mul_mat_Ab_Bi_8x4,0.663200,17x704x1,1x128x1,2816x129x1x1
ffn_swiglu-19,kernel_swiglu,0.045900,66048x1x1,512x1x1,2816x129x1x1
node_1269,kernel_add,0.045800,8256x1x1,64x1x1,2048x129x1x1
node_1270,kernel_add,0.036100,8256x1x1,64x1x1,2048x129x1x1
node_1271,kernel_add,0.036300,8256x1x1,64x1x1,2048x129x1x1
node_1272,kernel_add,0.036300,8256x1x1,64x1x1,2048x129x1x1
ffn_moe_out-19,kernel_add,0.032700,8256x1x1,64x1x1,2048x129x1x1
ffn_shexp-19,kernel_transpose_32_16,0.043400,704x34x0,1x16x0,2048x129x1x1
ffn_shexp-19,kernel_mul_mat_Ab_Bi_8x4,0.700100,17x512x1,1x128x1,2048x129x1x1
ffn_out-19,kernel_add,0.035300,8256x1x1,64x1x1,2048x129x1x1
l_out-19,kernel_add,0.037800,8256x1x1,64x1x1,2048x129x1x1
attn_norm-20,kernel_rms_norm_mul,0.034200,132096x1x1,1024x1x1,2048x129x1x1
q-20,kernel_transpose_32_16,0.020200,512x34x0,1x16x0,3072x129x1x1
q-20,kernel_mul_mat_Ab_Bi_8x4,0.728200,17x768x1,1x128x1,3072x129x1x1
q_pe-20,kernel_rope_norm_f32,0.016300,1024x129x1,64x1x1,64x16x129x1
Qcur-20,kernel_concat_f32_non_contiguous,0.261800,16x129x1,0x0x0,192x16x129x1
kv_cmpr_pe-20,kernel_transpose_32_16,0.024400,512x34x0,1x16x0,576x129x1x1
kv_cmpr_pe-20,kernel_mul_mat_Ab_Bi_8x4,0.315800,17x144x1,1x128x1,576x129x1x1
k_pe-20,kernel_rope_norm_f32,0.003300,64x129x1,64x1x1,64x1x129x1
node_1287,kernel_repeat,0.191600,16x129x1,0x0x0,64x16x129x1
kv_cmpr-20,kernel_rms_norm_mul,0.016000,66048x1x1,512x1x1,512x129x1x1
kv-20,kernel_transpose_32_16,0.006800,128x34x0,1x16x0,4096x129x1x1
kv-20,kernel_mul_mat_Ab_Bi_8x4,0.227300,17x1024x1,1x128x1,4096x129x1x1
Kcur-20,kernel_concat_f32_non_contiguous,0.717800,16x129x1,0x0x0,192x16x129x1
Vcur_cont-20,kernel_cpy_f32_f32,0.022800,1024x129x1,64x1x1,128x16x129x1
cache_k_l20 (view),kernel_set_rows_f16_i64,0.031000,132096x1x1,1024x1x1,3072x4096x1x1
cache_v_l20 (view),kernel_set_rows_f16_i64,0.022100,132096x1x1,1024x1x1,2048x4096x1x1
__fattn__-20,flash_attn_f32_f16,30.360500,144x16x0,16x1x0,128x16x129x1
node_1308,kernel_transpose_32_16,0.018500,512x34x0,1x16x0,2048x129x1x1
node_1308,kernel_mul_mat_Ab_Bi_8x4,0.510500,17x512x1,1x128x1,2048x129x1x1
ffn_inp-20,kernel_add,0.031800,8256x1x1,64x1x1,2048x129x1x1
ffn_norm-20,kernel_rms_norm_mul,0.034100,132096x1x1,1024x1x1,2048x129x1x1
ffn_moe_logits-20,kernel_mul_mm_f32_f32_l4_lm,0.473600,128x3x1,128x1x1,64x129x1x1
ffn_moe_probs-20,kernel_soft_max_4,0.004400,8256x1x1,64x1x1,64x129x1x1
ffn_moe_argsort-20,kernel_argsort_f32_i32,0.025100,64x129x1,64x1x1,64x129x1x1
ffn_moe_weights-20,kernel_get_rows_f32,0.006300,384x129x1,64x1x1,1x6x129x1
ffn_moe_weights_scaled-20,kernel_scale,0.001900,193x1x1,64x1x1,1x6x129x1
ffn_moe_gate-20,kernel_mul_mv_id_q4_0_f32_8x_flat,18.466499,11264x1x774,64x1x1,1408x6x129x1
ffn_moe_up-20,kernel_mul_mv_id_q4_0_f32_8x_flat,18.483500,11264x1x774,64x1x1,1408x6x129x1
ffn_moe_weighted-20,kernel_swiglu,0.171900,396288x1x1,512x1x1,1408x6x129x1
ffn_moe_down-20,kernel_mul_mv_id_q4_0_f32_8x_flat,19.856001,16384x1x774,64x1x1,2048x6x129x1
node_1324,kernel_mul,0.205000,384x129x1,64x1x1,2048x6x129x1
ffn_gate-20,kernel_transpose_32_16,0.029000,512x34x0,1x16x0,2816x129x1x1
ffn_gate-20,kernel_mul_mat_Ab_Bi_8x4,0.665600,17x704x1,1x128x1,2816x129x1x1
ffn_up-20,kernel_transpose_32_16,0.023000,512x34x0,1x16x0,2816x129x1x1
ffn_up-20,kernel_mul_mat_Ab_Bi_8x4,0.664800,17x704x1,1x128x1,2816x129x1x1
ffn_swiglu-20,kernel_swiglu,0.044200,66048x1x1,512x1x1,2816x129x1x1
node_1334,kernel_add,0.047800,8256x1x1,64x1x1,2048x129x1x1
node_1335,kernel_add,0.036700,8256x1x1,64x1x1,2048x129x1x1
node_1336,kernel_add,0.037100,8256x1x1,64x1x1,2048x129x1x1
node_1337,kernel_add,0.036200,8256x1x1,64x1x1,2048x129x1x1
ffn_moe_out-20,kernel_add,0.036300,8256x1x1,64x1x1,2048x129x1x1
ffn_shexp-20,kernel_transpose_32_16,0.042100,704x34x0,1x16x0,2048x129x1x1
ffn_shexp-20,kernel_mul_mat_Ab_Bi_8x4,0.705700,17x512x1,1x128x1,2048x129x1x1
ffn_out-20,kernel_add,0.031600,8256x1x1,64x1x1,2048x129x1x1
l_out-20,kernel_add,0.038100,8256x1x1,64x1x1,2048x129x1x1
attn_norm-21,kernel_rms_norm_mul,0.034300,132096x1x1,1024x1x1,2048x129x1x1
q-21,kernel_transpose_32_16,0.020600,512x34x0,1x16x0,3072x129x1x1
q-21,kernel_mul_mat_Ab_Bi_8x4,0.732000,17x768x1,1x128x1,3072x129x1x1
q_pe-21,kernel_rope_norm_f32,0.018900,1024x129x1,64x1x1,64x16x129x1
Qcur-21,kernel_concat_f32_non_contiguous,0.267200,16x129x1,0x0x0,192x16x129x1
kv_cmpr_pe-21,kernel_transpose_32_16,0.025200,512x34x0,1x16x0,576x129x1x1
kv_cmpr_pe-21,kernel_mul_mat_Ab_Bi_8x4,0.312800,17x144x1,1x128x1,576x129x1x1
k_pe-21,kernel_rope_norm_f32,0.003500,64x129x1,64x1x1,64x1x129x1
node_1352,kernel_repeat,0.190000,16x129x1,0x0x0,64x16x129x1
kv_cmpr-21,kernel_rms_norm_mul,0.015800,66048x1x1,512x1x1,512x129x1x1
kv-21,kernel_transpose_32_16,0.006700,128x34x0,1x16x0,4096x129x1x1
kv-21,kernel_mul_mat_Ab_Bi_8x4,0.230300,17x1024x1,1x128x1,4096x129x1x1
Kcur-21,kernel_concat_f32_non_contiguous,0.566900,16x129x1,0x0x0,192x16x129x1
Vcur_cont-21,kernel_cpy_f32_f32,0.023000,1024x129x1,64x1x1,128x16x129x1
cache_k_l21 (view),kernel_set_rows_f16_i64,0.028600,132096x1x1,1024x1x1,3072x4096x1x1
cache_v_l21 (view),kernel_set_rows_f16_i64,0.022600,132096x1x1,1024x1x1,2048x4096x1x1
__fattn__-21,flash_attn_f32_f16,30.415300,144x16x0,16x1x0,128x16x129x1
node_1373,kernel_transpose_32_16,0.018700,512x34x0,1x16x0,2048x129x1x1
node_1373,kernel_mul_mat_Ab_Bi_8x4,0.513000,17x512x1,1x128x1,2048x129x1x1
ffn_inp-21,kernel_add,0.035600,8256x1x1,64x1x1,2048x129x1x1
ffn_norm-21,kernel_rms_norm_mul,0.034200,132096x1x1,1024x1x1,2048x129x1x1
ffn_moe_logits-21,kernel_mul_mm_f32_f32_l4_lm,0.472100,128x3x1,128x1x1,64x129x1x1
ffn_moe_probs-21,kernel_soft_max_4,0.004700,8256x1x1,64x1x1,64x129x1x1
ffn_moe_argsort-21,kernel_argsort_f32_i32,0.025300,64x129x1,64x1x1,64x129x1x1
ffn_moe_weights-21,kernel_get_rows_f32,0.006400,384x129x1,64x1x1,1x6x129x1
ffn_moe_weights_scaled-21,kernel_scale,0.001900,193x1x1,64x1x1,1x6x129x1
ffn_moe_gate-21,kernel_mul_mv_id_q4_0_f32_8x_flat,18.590500,11264x1x774,64x1x1,1408x6x129x1
ffn_moe_up-21,kernel_mul_mv_id_q4_0_f32_8x_flat,18.629801,11264x1x774,64x1x1,1408x6x129x1
ffn_moe_weighted-21,kernel_swiglu,0.172900,396288x1x1,512x1x1,1408x6x129x1
ffn_moe_down-21,kernel_mul_mv_id_q4_0_f32_8x_flat,19.881901,16384x1x774,64x1x1,2048x6x129x1
node_1389,kernel_mul,0.201900,384x129x1,64x1x1,2048x6x129x1
ffn_gate-21,kernel_transpose_32_16,0.031100,512x34x0,1x16x0,2816x129x1x1
ffn_gate-21,kernel_mul_mat_Ab_Bi_8x4,0.664900,17x704x1,1x128x1,2816x129x1x1
ffn_up-21,kernel_transpose_32_16,0.022900,512x34x0,1x16x0,2816x129x1x1
ffn_up-21,kernel_mul_mat_Ab_Bi_8x4,0.660700,17x704x1,1x128x1,2816x129x1x1
ffn_swiglu-21,kernel_swiglu,0.044600,66048x1x1,512x1x1,2816x129x1x1
node_1399,kernel_add,0.046700,8256x1x1,64x1x1,2048x129x1x1
node_1400,kernel_add,0.036600,8256x1x1,64x1x1,2048x129x1x1
node_1401,kernel_add,0.032700,8256x1x1,64x1x1,2048x129x1x1
node_1402,kernel_add,0.036800,8256x1x1,64x1x1,2048x129x1x1
ffn_moe_out-21,kernel_add,0.036400,8256x1x1,64x1x1,2048x129x1x1
ffn_shexp-21,kernel_transpose_32_16,0.044700,704x34x0,1x16x0,2048x129x1x1
ffn_shexp-21,kernel_mul_mat_Ab_Bi_8x4,0.703600,17x512x1,1x128x1,2048x129x1x1
ffn_out-21,kernel_add,0.035300,8256x1x1,64x1x1,2048x129x1x1
l_out-21,kernel_add,0.037100,8256x1x1,64x1x1,2048x129x1x1
attn_norm-22,kernel_rms_norm_mul,0.033900,132096x1x1,1024x1x1,2048x129x1x1
q-22,kernel_transpose_32_16,0.017900,512x34x0,1x16x0,3072x129x1x1
q-22,kernel_mul_mat_Ab_Bi_8x4,0.727900,17x768x1,1x128x1,3072x129x1x1
q_pe-22,kernel_rope_norm_f32,0.019000,1024x129x1,64x1x1,64x16x129x1
Qcur-22,kernel_concat_f32_non_contiguous,0.263200,16x129x1,0x0x0,192x16x129x1
kv_cmpr_pe-22,kernel_transpose_32_16,0.024100,512x34x0,1x16x0,576x129x1x1
kv_cmpr_pe-22,kernel_mul_mat_Ab_Bi_8x4,0.314200,17x144x1,1x128x1,576x129x1x1
k_pe-22,kernel_rope_norm_f32,0.003300,64x129x1,64x1x1,64x1x129x1
node_1417,kernel_repeat,0.191600,16x129x1,0x0x0,64x16x129x1
kv_cmpr-22,kernel_rms_norm_mul,0.015900,66048x1x1,512x1x1,512x129x1x1
kv-22,kernel_transpose_32_16,0.007000,128x34x0,1x16x0,4096x129x1x1
kv-22,kernel_mul_mat_Ab_Bi_8x4,0.227200,17x1024x1,1x128x1,4096x129x1x1
Kcur-22,kernel_concat_f32_non_contiguous,0.708700,16x129x1,0x0x0,192x16x129x1
Vcur_cont-22,kernel_cpy_f32_f32,0.023700,1024x129x1,64x1x1,128x16x129x1
cache_k_l22 (view),kernel_set_rows_f16_i64,0.031800,132096x1x1,1024x1x1,3072x4096x1x1
cache_v_l22 (view),kernel_set_rows_f16_i64,0.022700,132096x1x1,1024x1x1,2048x4096x1x1
__fattn__-22,flash_attn_f32_f16,30.410601,144x16x0,16x1x0,128x16x129x1
node_1438,kernel_transpose_32_16,0.018000,512x34x0,1x16x0,2048x129x1x1
node_1438,kernel_mul_mat_Ab_Bi_8x4,0.517500,17x512x1,1x128x1,2048x129x1x1
ffn_inp-22,kernel_add,0.034700,8256x1x1,64x1x1,2048x129x1x1
ffn_norm-22,kernel_rms_norm_mul,0.034400,132096x1x1,1024x1x1,2048x129x1x1
ffn_moe_logits-22,kernel_mul_mm_f32_f32_l4_lm,0.478200,128x3x1,128x1x1,64x129x1x1
ffn_moe_probs-22,kernel_soft_max_4,0.004500,8256x1x1,64x1x1,64x129x1x1
ffn_moe_argsort-22,kernel_argsort_f32_i32,0.025000,64x129x1,64x1x1,64x129x1x1
ffn_moe_weights-22,kernel_get_rows_f32,0.006200,384x129x1,64x1x1,1x6x129x1
ffn_moe_weights_scaled-22,kernel_scale,0.002000,193x1x1,64x1x1,1x6x129x1
ffn_moe_gate-22,kernel_mul_mv_id_q4_0_f32_8x_flat,18.525600,11264x1x774,64x1x1,1408x6x129x1
ffn_moe_up-22,kernel_mul_mv_id_q4_0_f32_8x_flat,18.487801,11264x1x774,64x1x1,1408x6x129x1
ffn_moe_weighted-22,kernel_swiglu,0.172800,396288x1x1,512x1x1,1408x6x129x1
ffn_moe_down-22,kernel_mul_mv_id_q4_0_f32_8x_flat,19.900000,16384x1x774,64x1x1,2048x6x129x1
node_1454,kernel_mul,0.203500,384x129x1,64x1x1,2048x6x129x1
ffn_gate-22,kernel_transpose_32_16,0.028800,512x34x0,1x16x0,2816x129x1x1
ffn_gate-22,kernel_mul_mat_Ab_Bi_8x4,0.661400,17x704x1,1x128x1,2816x129x1x1
ffn_up-22,kernel_transpose_32_16,0.018600,512x34x0,1x16x0,2816x129x1x1
ffn_up-22,kernel_mul_mat_Ab_Bi_8x4,0.665200,17x704x1,1x128x1,2816x129x1x1
ffn_swiglu-22,kernel_swiglu,0.045600,66048x1x1,512x1x1,2816x129x1x1
node_1464,kernel_add,0.048300,8256x1x1,64x1x1,2048x129x1x1
node_1465,kernel_add,0.034800,8256x1x1,64x1x1,2048x129x1x1
node_1466,kernel_add,0.036300,8256x1x1,64x1x1,2048x129x1x1
node_1467,kernel_add,0.037100,8256x1x1,64x1x1,2048x129x1x1
ffn_moe_out-22,kernel_add,0.037000,8256x1x1,64x1x1,2048x129x1x1
ffn_shexp-22,kernel_transpose_32_16,0.036900,704x34x0,1x16x0,2048x129x1x1
ffn_shexp-22,kernel_mul_mat_Ab_Bi_8x4,0.701300,17x512x1,1x128x1,2048x129x1x1
ffn_out-22,kernel_add,0.035100,8256x1x1,64x1x1,2048x129x1x1
l_out-22,kernel_add,0.037700,8256x1x1,64x1x1,2048x129x1x1
attn_norm-23,kernel_rms_norm_mul,0.034300,132096x1x1,1024x1x1,2048x129x1x1
q-23,kernel_transpose_32_16,0.020700,512x34x0,1x16x0,3072x129x1x1
q-23,kernel_mul_mat_Ab_Bi_8x4,0.728100,17x768x1,1x128x1,3072x129x1x1
q_pe-23,kernel_rope_norm_f32,0.019200,1024x129x1,64x1x1,64x16x129x1
Qcur-23,kernel_concat_f32_non_contiguous,0.264600,16x129x1,0x0x0,192x16x129x1
kv_cmpr_pe-23,kernel_transpose_32_16,0.025400,512x34x0,1x16x0,576x129x1x1
kv_cmpr_pe-23,kernel_mul_mat_Ab_Bi_8x4,0.315600,17x144x1,1x128x1,576x129x1x1
k_pe-23,kernel_rope_norm_f32,0.003500,64x129x1,64x1x1,64x1x129x1
node_1482,kernel_repeat,0.191000,16x129x1,0x0x0,64x16x129x1
kv_cmpr-23,kernel_rms_norm_mul,0.015500,66048x1x1,512x1x1,512x129x1x1
kv-23,kernel_transpose_32_16,0.006800,128x34x0,1x16x0,4096x129x1x1
kv-23,kernel_mul_mat_Ab_Bi_8x4,0.229400,17x1024x1,1x128x1,4096x129x1x1
Kcur-23,kernel_concat_f32_non_contiguous,0.696000,16x129x1,0x0x0,192x16x129x1
Vcur_cont-23,kernel_cpy_f32_f32,0.024100,1024x129x1,64x1x1,128x16x129x1
cache_k_l23 (view),kernel_set_rows_f16_i64,0.032300,132096x1x1,1024x1x1,3072x4096x1x1
cache_v_l23 (view),kernel_set_rows_f16_i64,0.022700,132096x1x1,1024x1x1,2048x4096x1x1
__fattn__-23,flash_attn_f32_f16,30.537100,144x16x0,16x1x0,128x16x129x1
node_1503,kernel_transpose_32_16,0.018500,512x34x0,1x16x0,2048x129x1x1
node_1503,kernel_mul_mat_Ab_Bi_8x4,0.512300,17x512x1,1x128x1,2048x129x1x1
ffn_inp-23,kernel_add,0.034400,8256x1x1,64x1x1,2048x129x1x1
ffn_norm-23,kernel_rms_norm_mul,0.034300,132096x1x1,1024x1x1,2048x129x1x1
ffn_moe_logits-23,kernel_mul_mm_f32_f32_l4_lm,0.476500,128x3x1,128x1x1,64x129x1x1
ffn_moe_probs-23,kernel_soft_max_4,0.004600,8256x1x1,64x1x1,64x129x1x1
ffn_moe_argsort-23,kernel_argsort_f32_i32,0.024900,64x129x1,64x1x1,64x129x1x1
ffn_moe_weights-23,kernel_get_rows_f32,0.006200,384x129x1,64x1x1,1x6x129x1
ffn_moe_weights_scaled-23,kernel_scale,0.001900,193x1x1,64x1x1,1x6x129x1
ffn_moe_gate-23,kernel_mul_mv_id_q4_0_f32_8x_flat,18.627199,11264x1x774,64x1x1,1408x6x129x1
ffn_moe_up-23,kernel_mul_mv_id_q4_0_f32_8x_flat,18.610300,11264x1x774,64x1x1,1408x6x129x1
ffn_moe_weighted-23,kernel_swiglu,0.175900,396288x1x1,512x1x1,1408x6x129x1
ffn_moe_down-23,kernel_mul_mv_id_q4_0_f32_8x_flat,19.912399,16384x1x774,64x1x1,2048x6x129x1
node_1519,kernel_mul,0.202200,384x129x1,64x1x1,2048x6x129x1
ffn_gate-23,kernel_transpose_32_16,0.029500,512x34x0,1x16x0,2816x129x1x1
ffn_gate-23,kernel_mul_mat_Ab_Bi_8x4,0.664900,17x704x1,1x128x1,2816x129x1x1
ffn_up-23,kernel_transpose_32_16,0.022700,512x34x0,1x16x0,2816x129x1x1
ffn_up-23,kernel_mul_mat_Ab_Bi_8x4,0.662900,17x704x1,1x128x1,2816x129x1x1
ffn_swiglu-23,kernel_swiglu,0.043700,66048x1x1,512x1x1,2816x129x1x1
node_1529,kernel_add,0.042000,8256x1x1,64x1x1,2048x129x1x1
node_1530,kernel_add,0.036100,8256x1x1,64x1x1,2048x129x1x1
node_1531,kernel_add,0.036800,8256x1x1,64x1x1,2048x129x1x1
node_1532,kernel_add,0.035900,8256x1x1,64x1x1,2048x129x1x1
ffn_moe_out-23,kernel_add,0.036500,8256x1x1,64x1x1,2048x129x1x1
ffn_shexp-23,kernel_transpose_32_16,0.044500,704x34x0,1x16x0,2048x129x1x1
ffn_shexp-23,kernel_mul_mat_Ab_Bi_8x4,0.704900,17x512x1,1x128x1,2048x129x1x1
ffn_out-23,kernel_add,0.035900,8256x1x1,64x1x1,2048x129x1x1
l_out-23,kernel_add,0.033200,8256x1x1,64x1x1,2048x129x1x1
attn_norm-24,kernel_rms_norm_mul,0.034300,132096x1x1,1024x1x1,2048x129x1x1
q-24,kernel_transpose_32_16,0.020600,512x34x0,1x16x0,3072x129x1x1
q-24,kernel_mul_mat_Ab_Bi_8x4,0.728000,17x768x1,1x128x1,3072x129x1x1
q_pe-24,kernel_rope_norm_f32,0.018900,1024x129x1,64x1x1,64x16x129x1
Qcur-24,kernel_concat_f32_non_contiguous,0.274200,16x129x1,0x0x0,192x16x129x1
kv_cmpr_pe-24,kernel_transpose_32_16,0.024700,512x34x0,1x16x0,576x129x1x1
kv_cmpr_pe-24,kernel_mul_mat_Ab_Bi_8x4,0.313500,17x144x1,1x128x1,576x129x1x1
k_pe-24,kernel_rope_norm_f32,0.003600,64x129x1,64x1x1,64x1x129x1
node_1547,kernel_repeat,0.188000,16x129x1,0x0x0,64x16x129x1
kv_cmpr-24,kernel_rms_norm_mul,0.015900,66048x1x1,512x1x1,512x129x1x1
kv-24,kernel_transpose_32_16,0.006700,128x34x0,1x16x0,4096x129x1x1
kv-24,kernel_mul_mat_Ab_Bi_8x4,0.226700,17x1024x1,1x128x1,4096x129x1x1
Kcur-24,kernel_concat_f32_non_contiguous,0.717600,16x129x1,0x0x0,192x16x129x1
Vcur_cont-24,kernel_cpy_f32_f32,0.023600,1024x129x1,64x1x1,128x16x129x1
cache_k_l24 (view),kernel_set_rows_f16_i64,0.032100,132096x1x1,1024x1x1,3072x4096x1x1
cache_v_l24 (view),kernel_set_rows_f16_i64,0.021200,132096x1x1,1024x1x1,2048x4096x1x1
__fattn__-24,flash_attn_f32_f16,30.435101,144x16x0,16x1x0,128x16x129x1
node_1568,kernel_transpose_32_16,0.018700,512x34x0,1x16x0,2048x129x1x1
node_1568,kernel_mul_mat_Ab_Bi_8x4,0.511100,17x512x1,1x128x1,2048x129x1x1
ffn_inp-24,kernel_add,0.034400,8256x1x1,64x1x1,2048x129x1x1
ffn_norm-24,kernel_rms_norm_mul,0.034300,132096x1x1,1024x1x1,2048x129x1x1
ffn_moe_logits-24,kernel_mul_mm_f32_f32_l4_lm,0.472100,128x3x1,128x1x1,64x129x1x1
ffn_moe_probs-24,kernel_soft_max_4,0.004500,8256x1x1,64x1x1,64x129x1x1
ffn_moe_argsort-24,kernel_argsort_f32_i32,0.025400,64x129x1,64x1x1,64x129x1x1
ffn_moe_weights-24,kernel_get_rows_f32,0.006100,384x129x1,64x1x1,1x6x129x1
ffn_moe_weights_scaled-24,kernel_scale,0.001800,193x1x1,64x1x1,1x6x129x1
ffn_moe_gate-24,kernel_mul_mv_id_q4_0_f32_8x_flat,18.572300,11264x1x774,64x1x1,1408x6x129x1
ffn_moe_up-24,kernel_mul_mv_id_q4_0_f32_8x_flat,18.528900,11264x1x774,64x1x1,1408x6x129x1
ffn_moe_weighted-24,kernel_swiglu,0.172600,396288x1x1,512x1x1,1408x6x129x1
ffn_moe_down-24,kernel_mul_mv_id_q4_0_f32_8x_flat,19.895901,16384x1x774,64x1x1,2048x6x129x1
node_1584,kernel_mul,0.205800,384x129x1,64x1x1,2048x6x129x1
ffn_gate-24,kernel_transpose_32_16,0.021600,512x34x0,1x16x0,2816x129x1x1
ffn_gate-24,kernel_mul_mat_Ab_Bi_8x4,0.664600,17x704x1,1x128x1,2816x129x1x1
ffn_up-24,kernel_transpose_32_16,0.022800,512x34x0,1x16x0,2816x129x1x1
ffn_up-24,kernel_mul_mat_Ab_Bi_8x4,0.665500,17x704x1,1x128x1,2816x129x1x1
ffn_swiglu-24,kernel_swiglu,0.045500,66048x1x1,512x1x1,2816x129x1x1
node_1594,kernel_add,0.046900,8256x1x1,64x1x1,2048x129x1x1
node_1595,kernel_add,0.038000,8256x1x1,64x1x1,2048x129x1x1
node_1596,kernel_add,0.035700,8256x1x1,64x1x1,2048x129x1x1
node_1597,kernel_add,0.032300,8256x1x1,64x1x1,2048x129x1x1
ffn_moe_out-24,kernel_add,0.035700,8256x1x1,64x1x1,2048x129x1x1
ffn_shexp-24,kernel_transpose_32_16,0.043000,704x34x0,1x16x0,2048x129x1x1
ffn_shexp-24,kernel_mul_mat_Ab_Bi_8x4,0.700700,17x512x1,1x128x1,2048x129x1x1
ffn_out-24,kernel_add,0.034900,8256x1x1,64x1x1,2048x129x1x1
l_out-24,kernel_add,0.037900,8256x1x1,64x1x1,2048x129x1x1
attn_norm-25,kernel_rms_norm_mul,0.034100,132096x1x1,1024x1x1,2048x129x1x1
q-25,kernel_transpose_32_16,0.020800,512x34x0,1x16x0,3072x129x1x1
q-25,kernel_mul_mat_Ab_Bi_8x4,0.728400,17x768x1,1x128x1,3072x129x1x1
q_pe-25,kernel_rope_norm_f32,0.019500,1024x129x1,64x1x1,64x16x129x1
Qcur-25,kernel_concat_f32_non_contiguous,0.272400,16x129x1,0x0x0,192x16x129x1
kv_cmpr_pe-25,kernel_transpose_32_16,0.026100,512x34x0,1x16x0,576x129x1x1
kv_cmpr_pe-25,kernel_mul_mat_Ab_Bi_8x4,0.315200,17x144x1,1x128x1,576x129x1x1
k_pe-25,kernel_rope_norm_f32,0.003200,64x129x1,64x1x1,64x1x129x1
node_1612,kernel_repeat,0.191500,16x129x1,0x0x0,64x16x129x1
kv_cmpr-25,kernel_rms_norm_mul,0.016100,66048x1x1,512x1x1,512x129x1x1
kv-25,kernel_transpose_32_16,0.006100,128x34x0,1x16x0,4096x129x1x1
kv-25,kernel_mul_mat_Ab_Bi_8x4,0.227600,17x1024x1,1x128x1,4096x129x1x1
Kcur-25,kernel_concat_f32_non_contiguous,0.704600,16x129x1,0x0x0,192x16x129x1
Vcur_cont-25,kernel_cpy_f32_f32,0.022900,1024x129x1,64x1x1,128x16x129x1
cache_k_l25 (view),kernel_set_rows_f16_i64,0.031700,132096x1x1,1024x1x1,3072x4096x1x1
cache_v_l25 (view),kernel_set_rows_f16_i64,0.022200,132096x1x1,1024x1x1,2048x4096x1x1
__fattn__-25,flash_attn_f32_f16,30.340900,144x16x0,16x1x0,128x16x129x1
node_1633,kernel_transpose_32_16,0.018700,512x34x0,1x16x0,2048x129x1x1
node_1633,kernel_mul_mat_Ab_Bi_8x4,0.510800,17x512x1,1x128x1,2048x129x1x1
ffn_inp-25,kernel_add,0.034300,8256x1x1,64x1x1,2048x129x1x1
ffn_norm-25,kernel_rms_norm_mul,0.034600,132096x1x1,1024x1x1,2048x129x1x1
ffn_moe_logits-25,kernel_mul_mm_f32_f32_l4_lm,0.470000,128x3x1,128x1x1,64x129x1x1
ffn_moe_probs-25,kernel_soft_max_4,0.004400,8256x1x1,64x1x1,64x129x1x1
ffn_moe_argsort-25,kernel_argsort_f32_i32,0.025200,64x129x1,64x1x1,64x129x1x1
ffn_moe_weights-25,kernel_get_rows_f32,0.006200,384x129x1,64x1x1,1x6x129x1
ffn_moe_weights_scaled-25,kernel_scale,0.001900,193x1x1,64x1x1,1x6x129x1
ffn_moe_gate-25,kernel_mul_mv_id_q4_0_f32_8x_flat,18.622801,11264x1x774,64x1x1,1408x6x129x1
ffn_moe_up-25,kernel_mul_mv_id_q4_0_f32_8x_flat,18.664801,11264x1x774,64x1x1,1408x6x129x1
ffn_moe_weighted-25,kernel_swiglu,0.170800,396288x1x1,512x1x1,1408x6x129x1
ffn_moe_down-25,kernel_mul_mv_id_q4_0_f32_8x_flat,19.925301,16384x1x774,64x1x1,2048x6x129x1
node_1649,kernel_mul,0.205200,384x129x1,64x1x1,2048x6x129x1
ffn_gate-25,kernel_transpose_32_16,0.029700,512x34x0,1x16x0,2816x129x1x1
ffn_gate-25,kernel_mul_mat_Ab_Bi_8x4,0.663600,17x704x1,1x128x1,2816x129x1x1
ffn_up-25,kernel_transpose_32_16,0.022800,512x34x0,1x16x0,2816x129x1x1
ffn_up-25,kernel_mul_mat_Ab_Bi_8x4,0.664100,17x704x1,1x128x1,2816x129x1x1
ffn_swiglu-25,kernel_swiglu,0.044800,66048x1x1,512x1x1,2816x129x1x1
node_1659,kernel_add,0.047800,8256x1x1,64x1x1,2048x129x1x1
node_1660,kernel_add,0.035700,8256x1x1,64x1x1,2048x129x1x1
node_1661,kernel_add,0.037000,8256x1x1,64x1x1,2048x129x1x1
node_1662,kernel_add,0.035800,8256x1x1,64x1x1,2048x129x1x1
ffn_moe_out-25,kernel_add,0.036700,8256x1x1,64x1x1,2048x129x1x1
ffn_shexp-25,kernel_transpose_32_16,0.042800,704x34x0,1x16x0,2048x129x1x1
ffn_shexp-25,kernel_mul_mat_Ab_Bi_8x4,0.702100,17x512x1,1x128x1,2048x129x1x1
ffn_out-25,kernel_add,0.035000,8256x1x1,64x1x1,2048x129x1x1
l_out-25,kernel_add,0.038300,8256x1x1,64x1x1,2048x129x1x1
attn_norm-26,kernel_rms_norm_mul,0.034200,132096x1x1,1024x1x1,2048x129x1x1
q-26,kernel_transpose_32_16,0.020300,512x34x0,1x16x0,3072x129x1x1
q-26,kernel_mul_mat_Ab_Bi_8x4,0.726500,17x768x1,1x128x1,3072x129x1x1
q_pe-26,kernel_rope_norm_f32,0.019200,1024x129x1,64x1x1,64x16x129x1
Qcur-26,kernel_concat_f32_non_contiguous,0.263000,16x129x1,0x0x0,192x16x129x1
kv_cmpr_pe-26,kernel_transpose_32_16,0.021500,512x34x0,1x16x0,576x129x1x1
kv_cmpr_pe-26,kernel_mul_mat_Ab_Bi_8x4,0.312900,17x144x1,1x128x1,576x129x1x1
k_pe-26,kernel_rope_norm_f32,0.003400,64x129x1,64x1x1,64x1x129x1
node_1677,kernel_repeat,0.191400,16x129x1,0x0x0,64x16x129x1
kv_cmpr-26,kernel_rms_norm_mul,0.016000,66048x1x1,512x1x1,512x129x1x1
kv-26,kernel_transpose_32_16,0.006600,128x34x0,1x16x0,4096x129x1x1
kv-26,kernel_mul_mat_Ab_Bi_8x4,0.228300,17x1024x1,1x128x1,4096x129x1x1
Kcur-26,kernel_concat_f32_non_contiguous,0.720600,16x129x1,0x0x0,192x16x129x1
Vcur_cont-26,kernel_cpy_f32_f32,0.020100,1024x129x1,64x1x1,128x16x129x1
cache_k_l26 (view),kernel_set_rows_f16_i64,0.031300,132096x1x1,1024x1x1,3072x4096x1x1
cache_v_l26 (view),kernel_set_rows_f16_i64,0.022400,132096x1x1,1024x1x1,2048x4096x1x1
__fattn__-26,flash_attn_f32_f16,30.435499,144x16x0,16x1x0,128x16x129x1
node_1698,kernel_transpose_32_16,0.018700,512x34x0,1x16x0,2048x129x1x1
node_1698,kernel_mul_mat_Ab_Bi_8x4,0.511500,17x512x1,1x128x1,2048x129x1x1
node_1699,kernel_get_rows_f32,0.008600,64x1x1,64x1x1,2048x1x1x1
node_1700,kernel_get_rows_f32,0.009400,64x1x1,64x1x1,2048x1x1x1
ffn_inp-26,kernel_add_row,0.002300,512x0x0,64x0x0,2048x1x1x1
ffn_norm-26,kernel_rms_norm_mul,0.005400,1024x1x1,1024x1x1,2048x1x1x1
ffn_moe_logits-26,kernel_mul_mat_f32_f32,0.010600,4096x1x1,64x1x1,64x1x1x1
ffn_moe_probs-26,kernel_soft_max_4,0.003300,64x1x1,64x1x1,64x1x1x1
ffn_moe_argsort-26,kernel_argsort_f32_i32,0.012000,64x1x1,64x1x1,64x1x1x1
ffn_moe_weights-26,kernel_get_rows_f32,0.002300,384x1x1,64x1x1,1x6x1x1
ffn_moe_weights_scaled-26,kernel_scale,0.001700,1x1x1,64x1x1,1x6x1x1
ffn_moe_gate-26,kernel_mul_mv_id_q4_0_f32_8x_flat,0.157200,11264x1x6,64x1x1,1408x6x1x1
ffn_moe_up-26,kernel_mul_mv_id_q4_0_f32_8x_flat,0.162200,11264x1x6,64x1x1,1408x6x1x1
ffn_moe_weighted-26,kernel_swiglu,0.003400,3072x1x1,512x1x1,1408x6x1x1
ffn_moe_down-26,kernel_mul_mv_id_q4_0_f32_8x_flat,0.169900,16384x1x6,64x1x1,2048x6x1x1
node_1716,kernel_mul,0.010500,384x1x1,64x1x1,2048x6x1x1
ffn_gate-26,kernel_gemv_noshuffle,0.049000,1408x4x1,64x4x1,2816x1x1x1
ffn_up-26,kernel_gemv_noshuffle,0.047800,1408x4x1,64x4x1,2816x1x1x1
ffn_swiglu-26,kernel_swiglu,0.003900,512x1x1,512x1x1,2816x1x1x1
node_1726,kernel_add_row,0.002000,512x0x0,64x0x0,2048x1x1x1
node_1727,kernel_add_row,0.002300,512x0x0,64x0x0,2048x1x1x1
node_1728,kernel_add_row,0.001900,512x0x0,64x0x0,2048x1x1x1
node_1729,kernel_add_row,0.001900,512x0x0,64x0x0,2048x1x1x1
ffn_moe_out-26,kernel_add_row,0.001800,512x0x0,64x0x0,2048x1x1x1
ffn_shexp-26,kernel_gemv_noshuffle,0.055500,1024x4x1,64x4x1,2048x1x1x1
ffn_out-26,kernel_add_row,0.002100,512x0x0,64x0x0,2048x1x1x1
l_out-26,kernel_add_row,0.002000,512x0x0,64x0x0,2048x1x1x1
result_norm,kernel_rms_norm_mul,0.005700,1024x1x1,1024x1x1,2048x1x1x1
result_output,kernel_mul_mv_q6_K_f32,7.488800,102400x64x1,2x64x1,102400x1x1x1
