op name, kernel name, exec duration (ms), global size, local size, output size
attn_norm-0,kernel_rms_norm_mul,0.216300,524288x1x1,1024x1x1,2048x512x1x1
q-0,kernel_transpose_32_16,0.095800,512x128x0,1x16x0,3072x512x1x1
q-0,kernel_mul_mat_Ab_Bi_8x4,2.249300,64x768x1,1x128x1,3072x512x1x1
q_pe-0,kernel_rope_norm_f32,0.083300,1024x512x1,64x1x1,64x16x512x1
Qcur-0,kernel_concat_f32_non_contiguous,1.746900,16x512x1,0x0x0,192x16x512x1
kv_cmpr_pe-0,kernel_transpose_32_16,0.109900,512x128x0,1x16x0,576x512x1x1
kv_cmpr_pe-0,kernel_mul_mat_Ab_Bi_8x4,0.743200,64x144x1,1x128x1,576x512x1x1
k_pe-0,kernel_rope_norm_f32,0.006400,64x512x1,64x1x1,64x1x512x1
node_11,kernel_repeat,1.121000,16x512x1,0x0x0,64x16x512x1
kv_cmpr-0,kernel_rms_norm_mul,0.054100,262144x1x1,512x1x1,512x512x1x1
kv-0,kernel_transpose_32_16,0.021000,128x128x0,1x16x0,4096x512x1x1
kv-0,kernel_mul_mat_Ab_Bi_8x4,0.761900,64x1024x1,1x128x1,4096x512x1x1
Kcur-0,kernel_concat_f32_non_contiguous,2.327700,16x512x1,0x0x0,192x16x512x1
Vcur_cont-0,kernel_cpy_f32_f32,0.124900,1024x512x1,64x1x1,128x16x512x1
cache_k_l0 (view),kernel_set_rows_f16_i64,0.131900,524288x1x1,1024x1x1,3072x4096x1x1
cache_v_l0 (view),kernel_set_rows_f16_i64,0.092600,524288x1x1,1024x1x1,2048x4096x1x1
 (copy),kernel_cpy_f32_f16,0.020800,32768x1x1,64x1x1,512x512x1x1
__fattn__-0,flash_attn_f32_f16,74.551399,512x16x0,16x1x0,128x16x512x1
node_33,kernel_transpose_32_16,0.094600,512x128x0,1x16x0,2048x512x1x1
node_33,kernel_mul_mat_Ab_Bi_8x4,1.575800,64x512x1,1x128x1,2048x512x1x1
ffn_inp-0,kernel_add,0.175900,32768x1x1,64x1x1,2048x512x1x1
ffn_norm-0,kernel_rms_norm_mul,0.127800,524288x1x1,1024x1x1,2048x512x1x1
ffn_gate-0,kernel_transpose_32_16,0.094500,512x128x0,1x16x0,10944x512x1x1
ffn_gate-0,kernel_mul_mat_Ab_Bi_8x4,7.853800,64x2736x1,1x128x1,10944x512x1x1
ffn_up-0,kernel_transpose_32_16,0.105600,512x128x0,1x16x0,10944x512x1x1
ffn_up-0,kernel_mul_mat_Ab_Bi_8x4,7.854300,64x2736x1,1x128x1,10944x512x1x1
ffn_swiglu-0,kernel_swiglu,0.974100,262144x1x1,512x1x1,10944x512x1x1
ffn_out-0,kernel_transpose_32_16,0.649200,2736x128x0,1x16x0,2048x512x1x1
ffn_out-0,kernel_mul_mat_Ab_Bi_8x4,8.484600,64x512x1,1x128x1,2048x512x1x1
l_out-0,kernel_add,0.180900,32768x1x1,64x1x1,2048x512x1x1
attn_norm-1,kernel_rms_norm_mul,0.127900,524288x1x1,1024x1x1,2048x512x1x1
q-1,kernel_transpose_32_16,0.091300,512x128x0,1x16x0,3072x512x1x1
q-1,kernel_mul_mat_Ab_Bi_8x4,2.250800,64x768x1,1x128x1,3072x512x1x1
q_pe-1,kernel_rope_norm_f32,0.085100,1024x512x1,64x1x1,64x16x512x1
Qcur-1,kernel_concat_f32_non_contiguous,1.740000,16x512x1,0x0x0,192x16x512x1
kv_cmpr_pe-1,kernel_transpose_32_16,0.109500,512x128x0,1x16x0,576x512x1x1
kv_cmpr_pe-1,kernel_mul_mat_Ab_Bi_8x4,0.743000,64x144x1,1x128x1,576x512x1x1
k_pe-1,kernel_rope_norm_f32,0.006800,64x512x1,64x1x1,64x1x512x1
node_52,kernel_repeat,1.019200,16x512x1,0x0x0,64x16x512x1
kv_cmpr-1,kernel_rms_norm_mul,0.054000,262144x1x1,512x1x1,512x512x1x1
kv-1,kernel_transpose_32_16,0.017700,128x128x0,1x16x0,4096x512x1x1
kv-1,kernel_mul_mat_Ab_Bi_8x4,0.763100,64x1024x1,1x128x1,4096x512x1x1
Kcur-1,kernel_concat_f32_non_contiguous,2.575900,16x512x1,0x0x0,192x16x512x1
Vcur_cont-1,kernel_cpy_f32_f32,0.125400,1024x512x1,64x1x1,128x16x512x1
cache_k_l1 (view),kernel_set_rows_f16_i64,0.135800,524288x1x1,1024x1x1,3072x4096x1x1
cache_v_l1 (view),kernel_set_rows_f16_i64,0.094500,524288x1x1,1024x1x1,2048x4096x1x1
__fattn__-1,flash_attn_f32_f16,77.479797,512x16x0,16x1x0,128x16x512x1
node_73,kernel_transpose_32_16,0.136200,512x128x0,1x16x0,2048x512x1x1
node_73,kernel_mul_mat_Ab_Bi_8x4,1.591200,64x512x1,1x128x1,2048x512x1x1
ffn_inp-1,kernel_add,0.175700,32768x1x1,64x1x1,2048x512x1x1
ffn_norm-1,kernel_rms_norm_mul,0.128600,524288x1x1,1024x1x1,2048x512x1x1
ffn_moe_logits-1,kernel_mul_mm_f32_f32_l4_lm,0.564500,128x8x1,128x1x1,64x512x1x1
ffn_moe_probs-1,kernel_soft_max_4,0.009600,32768x1x1,64x1x1,64x512x1x1
ffn_moe_argsort-1,kernel_argsort_f32_i32,0.087300,64x512x1,64x1x1,64x512x1x1
ffn_moe_weights-1,kernel_get_rows_f32,0.018700,384x512x1,64x1x1,1x6x512x1
ffn_moe_weights_scaled-1,kernel_scale,0.002300,768x1x1,64x1x1,1x6x512x1
ffn_moe_gate-1,kernel_mul_mv_id_q4_0_f32_8x_flat,77.111298,11264x1x3072,64x1x1,1408x6x512x1
ffn_moe_up-1,kernel_mul_mv_id_q4_0_f32_8x_flat,76.456703,11264x1x3072,64x1x1,1408x6x512x1
ffn_moe_weighted-1,kernel_swiglu,0.710100,1572864x1x1,512x1x1,1408x6x512x1
ffn_moe_down-1,kernel_mul_mv_id_q4_0_f32_8x_flat,79.109200,16384x1x3072,64x1x1,2048x6x512x1
node_89,kernel_mul,0.817600,384x512x1,64x1x1,2048x6x512x1
ffn_gate-1,kernel_transpose_32_16,0.109100,512x128x0,1x16x0,2816x512x1x1
ffn_gate-1,kernel_mul_mat_Ab_Bi_8x4,2.208800,64x704x1,1x128x1,2816x512x1x1
ffn_up-1,kernel_transpose_32_16,0.105700,512x128x0,1x16x0,2816x512x1x1
ffn_up-1,kernel_mul_mat_Ab_Bi_8x4,2.209500,64x704x1,1x128x1,2816x512x1x1
ffn_swiglu-1,kernel_swiglu,0.235200,262144x1x1,512x1x1,2816x512x1x1
node_99,kernel_add,0.188300,32768x1x1,64x1x1,2048x512x1x1
node_100,kernel_add,0.181600,32768x1x1,64x1x1,2048x512x1x1
node_101,kernel_add,0.172700,32768x1x1,64x1x1,2048x512x1x1
node_102,kernel_add,0.176900,32768x1x1,64x1x1,2048x512x1x1
ffn_moe_out-1,kernel_add,0.174300,32768x1x1,64x1x1,2048x512x1x1
ffn_shexp-1,kernel_transpose_32_16,0.151900,704x128x0,1x16x0,2048x512x1x1
ffn_shexp-1,kernel_mul_mat_Ab_Bi_8x4,2.192200,64x512x1,1x128x1,2048x512x1x1
ffn_out-1,kernel_add,0.176800,32768x1x1,64x1x1,2048x512x1x1
l_out-1,kernel_add,0.176900,32768x1x1,64x1x1,2048x512x1x1
attn_norm-2,kernel_rms_norm_mul,0.127000,524288x1x1,1024x1x1,2048x512x1x1
q-2,kernel_transpose_32_16,0.090800,512x128x0,1x16x0,3072x512x1x1
q-2,kernel_mul_mat_Ab_Bi_8x4,2.251900,64x768x1,1x128x1,3072x512x1x1
q_pe-2,kernel_rope_norm_f32,0.083900,1024x512x1,64x1x1,64x16x512x1
Qcur-2,kernel_concat_f32_non_contiguous,1.721100,16x512x1,0x0x0,192x16x512x1
kv_cmpr_pe-2,kernel_transpose_32_16,0.103200,512x128x0,1x16x0,576x512x1x1
kv_cmpr_pe-2,kernel_mul_mat_Ab_Bi_8x4,0.744100,64x144x1,1x128x1,576x512x1x1
k_pe-2,kernel_rope_norm_f32,0.006200,64x512x1,64x1x1,64x1x512x1
node_117,kernel_repeat,0.919200,16x512x1,0x0x0,64x16x512x1
kv_cmpr-2,kernel_rms_norm_mul,0.054000,262144x1x1,512x1x1,512x512x1x1
kv-2,kernel_transpose_32_16,0.020600,128x128x0,1x16x0,4096x512x1x1
kv-2,kernel_mul_mat_Ab_Bi_8x4,0.762900,64x1024x1,1x128x1,4096x512x1x1
Kcur-2,kernel_concat_f32_non_contiguous,2.557500,16x512x1,0x0x0,192x16x512x1
Vcur_cont-2,kernel_cpy_f32_f32,0.118900,1024x512x1,64x1x1,128x16x512x1
cache_k_l2 (view),kernel_set_rows_f16_i64,0.132800,524288x1x1,1024x1x1,3072x4096x1x1
cache_v_l2 (view),kernel_set_rows_f16_i64,0.092700,524288x1x1,1024x1x1,2048x4096x1x1
__fattn__-2,flash_attn_f32_f16,74.505104,512x16x0,16x1x0,128x16x512x1
node_138,kernel_transpose_32_16,0.093500,512x128x0,1x16x0,2048x512x1x1
node_138,kernel_mul_mat_Ab_Bi_8x4,1.591900,64x512x1,1x128x1,2048x512x1x1
ffn_inp-2,kernel_add,0.178800,32768x1x1,64x1x1,2048x512x1x1
ffn_norm-2,kernel_rms_norm_mul,0.126100,524288x1x1,1024x1x1,2048x512x1x1
ffn_moe_logits-2,kernel_mul_mm_f32_f32_l4_lm,0.565600,128x8x1,128x1x1,64x512x1x1
ffn_moe_probs-2,kernel_soft_max_4,0.009900,32768x1x1,64x1x1,64x512x1x1
ffn_moe_argsort-2,kernel_argsort_f32_i32,0.087500,64x512x1,64x1x1,64x512x1x1
ffn_moe_weights-2,kernel_get_rows_f32,0.019000,384x512x1,64x1x1,1x6x512x1
ffn_moe_weights_scaled-2,kernel_scale,0.002000,768x1x1,64x1x1,1x6x512x1
ffn_moe_gate-2,kernel_mul_mv_id_q4_0_f32_8x_flat,75.770798,11264x1x3072,64x1x1,1408x6x512x1
ffn_moe_up-2,kernel_mul_mv_id_q4_0_f32_8x_flat,75.487602,11264x1x3072,64x1x1,1408x6x512x1
ffn_moe_weighted-2,kernel_swiglu,0.708300,1572864x1x1,512x1x1,1408x6x512x1
ffn_moe_down-2,kernel_mul_mv_id_q4_0_f32_8x_flat,78.777397,16384x1x3072,64x1x1,2048x6x512x1
node_154,kernel_mul,0.812400,384x512x1,64x1x1,2048x6x512x1
ffn_gate-2,kernel_transpose_32_16,0.112100,512x128x0,1x16x0,2816x512x1x1
ffn_gate-2,kernel_mul_mat_Ab_Bi_8x4,2.210900,64x704x1,1x128x1,2816x512x1x1
ffn_up-2,kernel_transpose_32_16,0.107900,512x128x0,1x16x0,2816x512x1x1
ffn_up-2,kernel_mul_mat_Ab_Bi_8x4,2.208900,64x704x1,1x128x1,2816x512x1x1
ffn_swiglu-2,kernel_swiglu,0.238200,262144x1x1,512x1x1,2816x512x1x1
node_164,kernel_add,0.187900,32768x1x1,64x1x1,2048x512x1x1
node_165,kernel_add,0.175700,32768x1x1,64x1x1,2048x512x1x1
node_166,kernel_add,0.174600,32768x1x1,64x1x1,2048x512x1x1
node_167,kernel_add,0.181600,32768x1x1,64x1x1,2048x512x1x1
ffn_moe_out-2,kernel_add,0.176600,32768x1x1,64x1x1,2048x512x1x1
ffn_shexp-2,kernel_transpose_32_16,0.154200,704x128x0,1x16x0,2048x512x1x1
ffn_shexp-2,kernel_mul_mat_Ab_Bi_8x4,2.192000,64x512x1,1x128x1,2048x512x1x1
ffn_out-2,kernel_add,0.176100,32768x1x1,64x1x1,2048x512x1x1
l_out-2,kernel_add,0.172100,32768x1x1,64x1x1,2048x512x1x1
attn_norm-3,kernel_rms_norm_mul,0.126100,524288x1x1,1024x1x1,2048x512x1x1
q-3,kernel_transpose_32_16,0.090200,512x128x0,1x16x0,3072x512x1x1
q-3,kernel_mul_mat_Ab_Bi_8x4,2.250500,64x768x1,1x128x1,3072x512x1x1
q_pe-3,kernel_rope_norm_f32,0.083600,1024x512x1,64x1x1,64x16x512x1
Qcur-3,kernel_concat_f32_non_contiguous,1.719200,16x512x1,0x0x0,192x16x512x1
kv_cmpr_pe-3,kernel_transpose_32_16,0.104900,512x128x0,1x16x0,576x512x1x1
kv_cmpr_pe-3,kernel_mul_mat_Ab_Bi_8x4,0.741600,64x144x1,1x128x1,576x512x1x1
k_pe-3,kernel_rope_norm_f32,0.006500,64x512x1,64x1x1,64x1x512x1
node_182,kernel_repeat,1.638800,16x512x1,0x0x0,64x16x512x1
kv_cmpr-3,kernel_rms_norm_mul,0.053900,262144x1x1,512x1x1,512x512x1x1
kv-3,kernel_transpose_32_16,0.020400,128x128x0,1x16x0,4096x512x1x1
kv-3,kernel_mul_mat_Ab_Bi_8x4,0.763500,64x1024x1,1x128x1,4096x512x1x1
Kcur-3,kernel_concat_f32_non_contiguous,2.336400,16x512x1,0x0x0,192x16x512x1
Vcur_cont-3,kernel_cpy_f32_f32,0.124300,1024x512x1,64x1x1,128x16x512x1
cache_k_l3 (view),kernel_set_rows_f16_i64,0.136700,524288x1x1,1024x1x1,3072x4096x1x1
cache_v_l3 (view),kernel_set_rows_f16_i64,0.091700,524288x1x1,1024x1x1,2048x4096x1x1
__fattn__-3,flash_attn_f32_f16,74.446602,512x16x0,16x1x0,128x16x512x1
node_203,kernel_transpose_32_16,0.095200,512x128x0,1x16x0,2048x512x1x1
node_203,kernel_mul_mat_Ab_Bi_8x4,1.575400,64x512x1,1x128x1,2048x512x1x1
ffn_inp-3,kernel_add,0.173400,32768x1x1,64x1x1,2048x512x1x1
ffn_norm-3,kernel_rms_norm_mul,0.127700,524288x1x1,1024x1x1,2048x512x1x1
ffn_moe_logits-3,kernel_mul_mm_f32_f32_l4_lm,0.570600,128x8x1,128x1x1,64x512x1x1
ffn_moe_probs-3,kernel_soft_max_4,0.010100,32768x1x1,64x1x1,64x512x1x1
ffn_moe_argsort-3,kernel_argsort_f32_i32,0.087600,64x512x1,64x1x1,64x512x1x1
ffn_moe_weights-3,kernel_get_rows_f32,0.019000,384x512x1,64x1x1,1x6x512x1
ffn_moe_weights_scaled-3,kernel_scale,0.002000,768x1x1,64x1x1,1x6x512x1
ffn_moe_gate-3,kernel_mul_mv_id_q4_0_f32_8x_flat,75.463699,11264x1x3072,64x1x1,1408x6x512x1
ffn_moe_up-3,kernel_mul_mv_id_q4_0_f32_8x_flat,75.496002,11264x1x3072,64x1x1,1408x6x512x1
ffn_moe_weighted-3,kernel_swiglu,0.708500,1572864x1x1,512x1x1,1408x6x512x1
ffn_moe_down-3,kernel_mul_mv_id_q4_0_f32_8x_flat,78.699402,16384x1x3072,64x1x1,2048x6x512x1
node_219,kernel_mul,0.815100,384x512x1,64x1x1,2048x6x512x1
ffn_gate-3,kernel_transpose_32_16,0.107700,512x128x0,1x16x0,2816x512x1x1
ffn_gate-3,kernel_mul_mat_Ab_Bi_8x4,2.206300,64x704x1,1x128x1,2816x512x1x1
ffn_up-3,kernel_transpose_32_16,0.107400,512x128x0,1x16x0,2816x512x1x1
ffn_up-3,kernel_mul_mat_Ab_Bi_8x4,2.201800,64x704x1,1x128x1,2816x512x1x1
ffn_swiglu-3,kernel_swiglu,0.240700,262144x1x1,512x1x1,2816x512x1x1
node_229,kernel_add,0.193100,32768x1x1,64x1x1,2048x512x1x1
node_230,kernel_add,0.185000,32768x1x1,64x1x1,2048x512x1x1
node_231,kernel_add,0.176900,32768x1x1,64x1x1,2048x512x1x1
node_232,kernel_add,0.177700,32768x1x1,64x1x1,2048x512x1x1
ffn_moe_out-3,kernel_add,0.167700,32768x1x1,64x1x1,2048x512x1x1
ffn_shexp-3,kernel_transpose_32_16,0.151600,704x128x0,1x16x0,2048x512x1x1
ffn_shexp-3,kernel_mul_mat_Ab_Bi_8x4,2.165200,64x512x1,1x128x1,2048x512x1x1
ffn_out-3,kernel_add,0.179100,32768x1x1,64x1x1,2048x512x1x1
l_out-3,kernel_add,0.176400,32768x1x1,64x1x1,2048x512x1x1
attn_norm-4,kernel_rms_norm_mul,0.127800,524288x1x1,1024x1x1,2048x512x1x1
q-4,kernel_transpose_32_16,0.090500,512x128x0,1x16x0,3072x512x1x1
q-4,kernel_mul_mat_Ab_Bi_8x4,2.251500,64x768x1,1x128x1,3072x512x1x1
q_pe-4,kernel_rope_norm_f32,0.082100,1024x512x1,64x1x1,64x16x512x1
Qcur-4,kernel_concat_f32_non_contiguous,1.715300,16x512x1,0x0x0,192x16x512x1
kv_cmpr_pe-4,kernel_transpose_32_16,0.105600,512x128x0,1x16x0,576x512x1x1
kv_cmpr_pe-4,kernel_mul_mat_Ab_Bi_8x4,0.741100,64x144x1,1x128x1,576x512x1x1
k_pe-4,kernel_rope_norm_f32,0.006300,64x512x1,64x1x1,64x1x512x1
node_247,kernel_repeat,0.996600,16x512x1,0x0x0,64x16x512x1
kv_cmpr-4,kernel_rms_norm_mul,0.054000,262144x1x1,512x1x1,512x512x1x1
kv-4,kernel_transpose_32_16,0.020900,128x128x0,1x16x0,4096x512x1x1
kv-4,kernel_mul_mat_Ab_Bi_8x4,0.761400,64x1024x1,1x128x1,4096x512x1x1
Kcur-4,kernel_concat_f32_non_contiguous,3.071700,16x512x1,0x0x0,192x16x512x1
Vcur_cont-4,kernel_cpy_f32_f32,0.124800,1024x512x1,64x1x1,128x16x512x1
cache_k_l4 (view),kernel_set_rows_f16_i64,0.133300,524288x1x1,1024x1x1,3072x4096x1x1
cache_v_l4 (view),kernel_set_rows_f16_i64,0.093100,524288x1x1,1024x1x1,2048x4096x1x1
__fattn__-4,flash_attn_f32_f16,74.721603,512x16x0,16x1x0,128x16x512x1
node_268,kernel_transpose_32_16,0.093200,512x128x0,1x16x0,2048x512x1x1
node_268,kernel_mul_mat_Ab_Bi_8x4,1.576600,64x512x1,1x128x1,2048x512x1x1
ffn_inp-4,kernel_add,0.170000,32768x1x1,64x1x1,2048x512x1x1
ffn_norm-4,kernel_rms_norm_mul,0.127900,524288x1x1,1024x1x1,2048x512x1x1
ffn_moe_logits-4,kernel_mul_mm_f32_f32_l4_lm,0.543200,128x8x1,128x1x1,64x512x1x1
ffn_moe_probs-4,kernel_soft_max_4,0.009600,32768x1x1,64x1x1,64x512x1x1
ffn_moe_argsort-4,kernel_argsort_f32_i32,0.087400,64x512x1,64x1x1,64x512x1x1
ffn_moe_weights-4,kernel_get_rows_f32,0.018800,384x512x1,64x1x1,1x6x512x1
ffn_moe_weights_scaled-4,kernel_scale,0.002000,768x1x1,64x1x1,1x6x512x1
ffn_moe_gate-4,kernel_mul_mv_id_q4_0_f32_8x_flat,75.186096,11264x1x3072,64x1x1,1408x6x512x1
ffn_moe_up-4,kernel_mul_mv_id_q4_0_f32_8x_flat,75.164597,11264x1x3072,64x1x1,1408x6x512x1
ffn_moe_weighted-4,kernel_swiglu,0.708300,1572864x1x1,512x1x1,1408x6x512x1
ffn_moe_down-4,kernel_mul_mv_id_q4_0_f32_8x_flat,78.658203,16384x1x3072,64x1x1,2048x6x512x1
node_284,kernel_mul,0.815600,384x512x1,64x1x1,2048x6x512x1
ffn_gate-4,kernel_transpose_32_16,0.112300,512x128x0,1x16x0,2816x512x1x1
ffn_gate-4,kernel_mul_mat_Ab_Bi_8x4,2.203100,64x704x1,1x128x1,2816x512x1x1
ffn_up-4,kernel_transpose_32_16,0.107500,512x128x0,1x16x0,2816x512x1x1
ffn_up-4,kernel_mul_mat_Ab_Bi_8x4,2.204900,64x704x1,1x128x1,2816x512x1x1
ffn_swiglu-4,kernel_swiglu,0.231600,262144x1x1,512x1x1,2816x512x1x1
node_294,kernel_add,0.187900,32768x1x1,64x1x1,2048x512x1x1
node_295,kernel_add,0.178300,32768x1x1,64x1x1,2048x512x1x1
node_296,kernel_add,0.176200,32768x1x1,64x1x1,2048x512x1x1
node_297,kernel_add,0.173000,32768x1x1,64x1x1,2048x512x1x1
ffn_moe_out-4,kernel_add,0.175200,32768x1x1,64x1x1,2048x512x1x1
ffn_shexp-4,kernel_transpose_32_16,0.153300,704x128x0,1x16x0,2048x512x1x1
ffn_shexp-4,kernel_mul_mat_Ab_Bi_8x4,2.181300,64x512x1,1x128x1,2048x512x1x1
ffn_out-4,kernel_add,0.174400,32768x1x1,64x1x1,2048x512x1x1
l_out-4,kernel_add,0.173400,32768x1x1,64x1x1,2048x512x1x1
attn_norm-5,kernel_rms_norm_mul,0.126700,524288x1x1,1024x1x1,2048x512x1x1
q-5,kernel_transpose_32_16,0.090200,512x128x0,1x16x0,3072x512x1x1
q-5,kernel_mul_mat_Ab_Bi_8x4,2.246600,64x768x1,1x128x1,3072x512x1x1
q_pe-5,kernel_rope_norm_f32,0.082800,1024x512x1,64x1x1,64x16x512x1
Qcur-5,kernel_concat_f32_non_contiguous,1.898900,16x512x1,0x0x0,192x16x512x1
kv_cmpr_pe-5,kernel_transpose_32_16,0.106200,512x128x0,1x16x0,576x512x1x1
kv_cmpr_pe-5,kernel_mul_mat_Ab_Bi_8x4,0.741300,64x144x1,1x128x1,576x512x1x1
k_pe-5,kernel_rope_norm_f32,0.006300,64x512x1,64x1x1,64x1x512x1
node_312,kernel_repeat,0.991500,16x512x1,0x0x0,64x16x512x1
kv_cmpr-5,kernel_rms_norm_mul,0.053900,262144x1x1,512x1x1,512x512x1x1
kv-5,kernel_transpose_32_16,0.020700,128x128x0,1x16x0,4096x512x1x1
kv-5,kernel_mul_mat_Ab_Bi_8x4,0.762700,64x1024x1,1x128x1,4096x512x1x1
Kcur-5,kernel_concat_f32_non_contiguous,2.555700,16x512x1,0x0x0,192x16x512x1
Vcur_cont-5,kernel_cpy_f32_f32,0.123500,1024x512x1,64x1x1,128x16x512x1
cache_k_l5 (view),kernel_set_rows_f16_i64,0.128500,524288x1x1,1024x1x1,3072x4096x1x1
cache_v_l5 (view),kernel_set_rows_f16_i64,0.093500,524288x1x1,1024x1x1,2048x4096x1x1
__fattn__-5,flash_attn_f32_f16,75.896599,512x16x0,16x1x0,128x16x512x1
node_333,kernel_transpose_32_16,0.092900,512x128x0,1x16x0,2048x512x1x1
node_333,kernel_mul_mat_Ab_Bi_8x4,1.597600,64x512x1,1x128x1,2048x512x1x1
ffn_inp-5,kernel_add,0.174200,32768x1x1,64x1x1,2048x512x1x1
ffn_norm-5,kernel_rms_norm_mul,0.126800,524288x1x1,1024x1x1,2048x512x1x1
ffn_moe_logits-5,kernel_mul_mm_f32_f32_l4_lm,0.560000,128x8x1,128x1x1,64x512x1x1
ffn_moe_probs-5,kernel_soft_max_4,0.009900,32768x1x1,64x1x1,64x512x1x1
ffn_moe_argsort-5,kernel_argsort_f32_i32,0.087700,64x512x1,64x1x1,64x512x1x1
ffn_moe_weights-5,kernel_get_rows_f32,0.018800,384x512x1,64x1x1,1x6x512x1
ffn_moe_weights_scaled-5,kernel_scale,0.002000,768x1x1,64x1x1,1x6x512x1
ffn_moe_gate-5,kernel_mul_mv_id_q4_0_f32_8x_flat,75.613998,11264x1x3072,64x1x1,1408x6x512x1
ffn_moe_up-5,kernel_mul_mv_id_q4_0_f32_8x_flat,74.879700,11264x1x3072,64x1x1,1408x6x512x1
ffn_moe_weighted-5,kernel_swiglu,0.707800,1572864x1x1,512x1x1,1408x6x512x1
ffn_moe_down-5,kernel_mul_mv_id_q4_0_f32_8x_flat,78.647797,16384x1x3072,64x1x1,2048x6x512x1
node_349,kernel_mul,0.816400,384x512x1,64x1x1,2048x6x512x1
ffn_gate-5,kernel_transpose_32_16,0.107700,512x128x0,1x16x0,2816x512x1x1
ffn_gate-5,kernel_mul_mat_Ab_Bi_8x4,2.204100,64x704x1,1x128x1,2816x512x1x1
ffn_up-5,kernel_transpose_32_16,0.105400,512x128x0,1x16x0,2816x512x1x1
ffn_up-5,kernel_mul_mat_Ab_Bi_8x4,2.204500,64x704x1,1x128x1,2816x512x1x1
ffn_swiglu-5,kernel_swiglu,0.235900,262144x1x1,512x1x1,2816x512x1x1
node_359,kernel_add,0.191500,32768x1x1,64x1x1,2048x512x1x1
node_360,kernel_add,0.180300,32768x1x1,64x1x1,2048x512x1x1
node_361,kernel_add,0.169900,32768x1x1,64x1x1,2048x512x1x1
node_362,kernel_add,0.173600,32768x1x1,64x1x1,2048x512x1x1
ffn_moe_out-5,kernel_add,0.173800,32768x1x1,64x1x1,2048x512x1x1
ffn_shexp-5,kernel_transpose_32_16,0.154000,704x128x0,1x16x0,2048x512x1x1
ffn_shexp-5,kernel_mul_mat_Ab_Bi_8x4,2.168500,64x512x1,1x128x1,2048x512x1x1
ffn_out-5,kernel_add,0.174900,32768x1x1,64x1x1,2048x512x1x1
l_out-5,kernel_add,0.173500,32768x1x1,64x1x1,2048x512x1x1
attn_norm-6,kernel_rms_norm_mul,0.127500,524288x1x1,1024x1x1,2048x512x1x1
q-6,kernel_transpose_32_16,0.085400,512x128x0,1x16x0,3072x512x1x1
q-6,kernel_mul_mat_Ab_Bi_8x4,2.248700,64x768x1,1x128x1,3072x512x1x1
q_pe-6,kernel_rope_norm_f32,0.083700,1024x512x1,64x1x1,64x16x512x1
Qcur-6,kernel_concat_f32_non_contiguous,1.913300,16x512x1,0x0x0,192x16x512x1
kv_cmpr_pe-6,kernel_transpose_32_16,0.106800,512x128x0,1x16x0,576x512x1x1
kv_cmpr_pe-6,kernel_mul_mat_Ab_Bi_8x4,0.742200,64x144x1,1x128x1,576x512x1x1
k_pe-6,kernel_rope_norm_f32,0.006300,64x512x1,64x1x1,64x1x512x1
node_377,kernel_repeat,0.992900,16x512x1,0x0x0,64x16x512x1
kv_cmpr-6,kernel_rms_norm_mul,0.054300,262144x1x1,512x1x1,512x512x1x1
kv-6,kernel_transpose_32_16,0.020500,128x128x0,1x16x0,4096x512x1x1
kv-6,kernel_mul_mat_Ab_Bi_8x4,0.763600,64x1024x1,1x128x1,4096x512x1x1
Kcur-6,kernel_concat_f32_non_contiguous,2.330600,16x512x1,0x0x0,192x16x512x1
Vcur_cont-6,kernel_cpy_f32_f32,0.123300,1024x512x1,64x1x1,128x16x512x1
cache_k_l6 (view),kernel_set_rows_f16_i64,0.133800,524288x1x1,1024x1x1,3072x4096x1x1
cache_v_l6 (view),kernel_set_rows_f16_i64,0.093300,524288x1x1,1024x1x1,2048x4096x1x1
__fattn__-6,flash_attn_f32_f16,74.535103,512x16x0,16x1x0,128x16x512x1
node_398,kernel_transpose_32_16,0.092600,512x128x0,1x16x0,2048x512x1x1
node_398,kernel_mul_mat_Ab_Bi_8x4,1.576600,64x512x1,1x128x1,2048x512x1x1
ffn_inp-6,kernel_add,0.178000,32768x1x1,64x1x1,2048x512x1x1
ffn_norm-6,kernel_rms_norm_mul,0.125900,524288x1x1,1024x1x1,2048x512x1x1
ffn_moe_logits-6,kernel_mul_mm_f32_f32_l4_lm,0.553800,128x8x1,128x1x1,64x512x1x1
ffn_moe_probs-6,kernel_soft_max_4,0.009900,32768x1x1,64x1x1,64x512x1x1
ffn_moe_argsort-6,kernel_argsort_f32_i32,0.089600,64x512x1,64x1x1,64x512x1x1
ffn_moe_weights-6,kernel_get_rows_f32,0.019000,384x512x1,64x1x1,1x6x512x1
ffn_moe_weights_scaled-6,kernel_scale,0.002200,768x1x1,64x1x1,1x6x512x1
ffn_moe_gate-6,kernel_mul_mv_id_q4_0_f32_8x_flat,74.759003,11264x1x3072,64x1x1,1408x6x512x1
ffn_moe_up-6,kernel_mul_mv_id_q4_0_f32_8x_flat,75.237999,11264x1x3072,64x1x1,1408x6x512x1
ffn_moe_weighted-6,kernel_swiglu,0.711200,1572864x1x1,512x1x1,1408x6x512x1
ffn_moe_down-6,kernel_mul_mv_id_q4_0_f32_8x_flat,78.745003,16384x1x3072,64x1x1,2048x6x512x1
node_414,kernel_mul,0.816900,384x512x1,64x1x1,2048x6x512x1
ffn_gate-6,kernel_transpose_32_16,0.111800,512x128x0,1x16x0,2816x512x1x1
ffn_gate-6,kernel_mul_mat_Ab_Bi_8x4,2.202700,64x704x1,1x128x1,2816x512x1x1
ffn_up-6,kernel_transpose_32_16,0.104800,512x128x0,1x16x0,2816x512x1x1
ffn_up-6,kernel_mul_mat_Ab_Bi_8x4,2.202700,64x704x1,1x128x1,2816x512x1x1
ffn_swiglu-6,kernel_swiglu,0.232500,262144x1x1,512x1x1,2816x512x1x1
node_424,kernel_add,0.190100,32768x1x1,64x1x1,2048x512x1x1
node_425,kernel_add,0.180000,32768x1x1,64x1x1,2048x512x1x1
node_426,kernel_add,0.177400,32768x1x1,64x1x1,2048x512x1x1
node_427,kernel_add,0.174600,32768x1x1,64x1x1,2048x512x1x1
ffn_moe_out-6,kernel_add,0.177100,32768x1x1,64x1x1,2048x512x1x1
ffn_shexp-6,kernel_transpose_32_16,0.150600,704x128x0,1x16x0,2048x512x1x1
ffn_shexp-6,kernel_mul_mat_Ab_Bi_8x4,2.163100,64x512x1,1x128x1,2048x512x1x1
ffn_out-6,kernel_add,0.177000,32768x1x1,64x1x1,2048x512x1x1
l_out-6,kernel_add,0.173000,32768x1x1,64x1x1,2048x512x1x1
attn_norm-7,kernel_rms_norm_mul,0.127400,524288x1x1,1024x1x1,2048x512x1x1
q-7,kernel_transpose_32_16,0.090400,512x128x0,1x16x0,3072x512x1x1
q-7,kernel_mul_mat_Ab_Bi_8x4,2.253000,64x768x1,1x128x1,3072x512x1x1
q_pe-7,kernel_rope_norm_f32,0.084300,1024x512x1,64x1x1,64x16x512x1
Qcur-7,kernel_concat_f32_non_contiguous,1.707400,16x512x1,0x0x0,192x16x512x1
kv_cmpr_pe-7,kernel_transpose_32_16,0.107600,512x128x0,1x16x0,576x512x1x1
kv_cmpr_pe-7,kernel_mul_mat_Ab_Bi_8x4,0.741700,64x144x1,1x128x1,576x512x1x1
k_pe-7,kernel_rope_norm_f32,0.006400,64x512x1,64x1x1,64x1x512x1
node_442,kernel_repeat,1.011500,16x512x1,0x0x0,64x16x512x1
kv_cmpr-7,kernel_rms_norm_mul,0.053800,262144x1x1,512x1x1,512x512x1x1
kv-7,kernel_transpose_32_16,0.021200,128x128x0,1x16x0,4096x512x1x1
kv-7,kernel_mul_mat_Ab_Bi_8x4,0.761700,64x1024x1,1x128x1,4096x512x1x1
Kcur-7,kernel_concat_f32_non_contiguous,2.331000,16x512x1,0x0x0,192x16x512x1
Vcur_cont-7,kernel_cpy_f32_f32,0.124000,1024x512x1,64x1x1,128x16x512x1
cache_k_l7 (view),kernel_set_rows_f16_i64,0.134700,524288x1x1,1024x1x1,3072x4096x1x1
cache_v_l7 (view),kernel_set_rows_f16_i64,0.093500,524288x1x1,1024x1x1,2048x4096x1x1
__fattn__-7,flash_attn_f32_f16,74.540802,512x16x0,16x1x0,128x16x512x1
node_463,kernel_transpose_32_16,0.094000,512x128x0,1x16x0,2048x512x1x1
node_463,kernel_mul_mat_Ab_Bi_8x4,1.578300,64x512x1,1x128x1,2048x512x1x1
ffn_inp-7,kernel_add,0.177800,32768x1x1,64x1x1,2048x512x1x1
ffn_norm-7,kernel_rms_norm_mul,0.126200,524288x1x1,1024x1x1,2048x512x1x1
ffn_moe_logits-7,kernel_mul_mm_f32_f32_l4_lm,0.546000,128x8x1,128x1x1,64x512x1x1
ffn_moe_probs-7,kernel_soft_max_4,0.009900,32768x1x1,64x1x1,64x512x1x1
ffn_moe_argsort-7,kernel_argsort_f32_i32,0.087300,64x512x1,64x1x1,64x512x1x1
ffn_moe_weights-7,kernel_get_rows_f32,0.018900,384x512x1,64x1x1,1x6x512x1
ffn_moe_weights_scaled-7,kernel_scale,0.002000,768x1x1,64x1x1,1x6x512x1
ffn_moe_gate-7,kernel_mul_mv_id_q4_0_f32_8x_flat,76.070305,11264x1x3072,64x1x1,1408x6x512x1
ffn_moe_up-7,kernel_mul_mv_id_q4_0_f32_8x_flat,74.842300,11264x1x3072,64x1x1,1408x6x512x1
ffn_moe_weighted-7,kernel_swiglu,0.707300,1572864x1x1,512x1x1,1408x6x512x1
ffn_moe_down-7,kernel_mul_mv_id_q4_0_f32_8x_flat,78.836098,16384x1x3072,64x1x1,2048x6x512x1
node_479,kernel_mul,0.814300,384x512x1,64x1x1,2048x6x512x1
ffn_gate-7,kernel_transpose_32_16,0.108000,512x128x0,1x16x0,2816x512x1x1
ffn_gate-7,kernel_mul_mat_Ab_Bi_8x4,2.198000,64x704x1,1x128x1,2816x512x1x1
ffn_up-7,kernel_transpose_32_16,0.106400,512x128x0,1x16x0,2816x512x1x1
ffn_up-7,kernel_mul_mat_Ab_Bi_8x4,2.208000,64x704x1,1x128x1,2816x512x1x1
ffn_swiglu-7,kernel_swiglu,0.234900,262144x1x1,512x1x1,2816x512x1x1
node_489,kernel_add,0.180900,32768x1x1,64x1x1,2048x512x1x1
node_490,kernel_add,0.180000,32768x1x1,64x1x1,2048x512x1x1
node_491,kernel_add,0.177400,32768x1x1,64x1x1,2048x512x1x1
node_492,kernel_add,0.178900,32768x1x1,64x1x1,2048x512x1x1
ffn_moe_out-7,kernel_add,0.175500,32768x1x1,64x1x1,2048x512x1x1
ffn_shexp-7,kernel_transpose_32_16,0.152100,704x128x0,1x16x0,2048x512x1x1
ffn_shexp-7,kernel_mul_mat_Ab_Bi_8x4,2.165700,64x512x1,1x128x1,2048x512x1x1
ffn_out-7,kernel_add,0.179300,32768x1x1,64x1x1,2048x512x1x1
l_out-7,kernel_add,0.170100,32768x1x1,64x1x1,2048x512x1x1
attn_norm-8,kernel_rms_norm_mul,0.127700,524288x1x1,1024x1x1,2048x512x1x1
q-8,kernel_transpose_32_16,0.091500,512x128x0,1x16x0,3072x512x1x1
q-8,kernel_mul_mat_Ab_Bi_8x4,2.253500,64x768x1,1x128x1,3072x512x1x1
q_pe-8,kernel_rope_norm_f32,0.084400,1024x512x1,64x1x1,64x16x512x1
Qcur-8,kernel_concat_f32_non_contiguous,1.594100,16x512x1,0x0x0,192x16x512x1
kv_cmpr_pe-8,kernel_transpose_32_16,0.105700,512x128x0,1x16x0,576x512x1x1
kv_cmpr_pe-8,kernel_mul_mat_Ab_Bi_8x4,0.743000,64x144x1,1x128x1,576x512x1x1
k_pe-8,kernel_rope_norm_f32,0.006100,64x512x1,64x1x1,64x1x512x1
node_507,kernel_repeat,0.985500,16x512x1,0x0x0,64x16x512x1
kv_cmpr-8,kernel_rms_norm_mul,0.053600,262144x1x1,512x1x1,512x512x1x1
kv-8,kernel_transpose_32_16,0.020600,128x128x0,1x16x0,4096x512x1x1
kv-8,kernel_mul_mat_Ab_Bi_8x4,0.764200,64x1024x1,1x128x1,4096x512x1x1
Kcur-8,kernel_concat_f32_non_contiguous,2.344300,16x512x1,0x0x0,192x16x512x1
Vcur_cont-8,kernel_cpy_f32_f32,0.123600,1024x512x1,64x1x1,128x16x512x1
cache_k_l8 (view),kernel_set_rows_f16_i64,0.134300,524288x1x1,1024x1x1,3072x4096x1x1
cache_v_l8 (view),kernel_set_rows_f16_i64,0.091100,524288x1x1,1024x1x1,2048x4096x1x1
__fattn__-8,flash_attn_f32_f16,74.588997,512x16x0,16x1x0,128x16x512x1
node_528,kernel_transpose_32_16,0.092700,512x128x0,1x16x0,2048x512x1x1
node_528,kernel_mul_mat_Ab_Bi_8x4,1.580400,64x512x1,1x128x1,2048x512x1x1
ffn_inp-8,kernel_add,0.173100,32768x1x1,64x1x1,2048x512x1x1
ffn_norm-8,kernel_rms_norm_mul,0.126900,524288x1x1,1024x1x1,2048x512x1x1
ffn_moe_logits-8,kernel_mul_mm_f32_f32_l4_lm,0.555200,128x8x1,128x1x1,64x512x1x1
ffn_moe_probs-8,kernel_soft_max_4,0.010100,32768x1x1,64x1x1,64x512x1x1
ffn_moe_argsort-8,kernel_argsort_f32_i32,0.087700,64x512x1,64x1x1,64x512x1x1
ffn_moe_weights-8,kernel_get_rows_f32,0.019000,384x512x1,64x1x1,1x6x512x1
ffn_moe_weights_scaled-8,kernel_scale,0.002000,768x1x1,64x1x1,1x6x512x1
ffn_moe_gate-8,kernel_mul_mv_id_q4_0_f32_8x_flat,74.743698,11264x1x3072,64x1x1,1408x6x512x1
ffn_moe_up-8,kernel_mul_mv_id_q4_0_f32_8x_flat,74.726601,11264x1x3072,64x1x1,1408x6x512x1
ffn_moe_weighted-8,kernel_swiglu,0.709300,1572864x1x1,512x1x1,1408x6x512x1
ffn_moe_down-8,kernel_mul_mv_id_q4_0_f32_8x_flat,78.563004,16384x1x3072,64x1x1,2048x6x512x1
node_544,kernel_mul,0.817400,384x512x1,64x1x1,2048x6x512x1
ffn_gate-8,kernel_transpose_32_16,0.104500,512x128x0,1x16x0,2816x512x1x1
ffn_gate-8,kernel_mul_mat_Ab_Bi_8x4,2.204700,64x704x1,1x128x1,2816x512x1x1
ffn_up-8,kernel_transpose_32_16,0.109400,512x128x0,1x16x0,2816x512x1x1
ffn_up-8,kernel_mul_mat_Ab_Bi_8x4,2.203000,64x704x1,1x128x1,2816x512x1x1
ffn_swiglu-8,kernel_swiglu,0.232700,262144x1x1,512x1x1,2816x512x1x1
node_554,kernel_add,0.187800,32768x1x1,64x1x1,2048x512x1x1
node_555,kernel_add,0.177400,32768x1x1,64x1x1,2048x512x1x1
node_556,kernel_add,0.174600,32768x1x1,64x1x1,2048x512x1x1
node_557,kernel_add,0.170700,32768x1x1,64x1x1,2048x512x1x1
ffn_moe_out-8,kernel_add,0.176000,32768x1x1,64x1x1,2048x512x1x1
ffn_shexp-8,kernel_transpose_32_16,0.155800,704x128x0,1x16x0,2048x512x1x1
ffn_shexp-8,kernel_mul_mat_Ab_Bi_8x4,2.158700,64x512x1,1x128x1,2048x512x1x1
ffn_out-8,kernel_add,0.176400,32768x1x1,64x1x1,2048x512x1x1
l_out-8,kernel_add,0.175200,32768x1x1,64x1x1,2048x512x1x1
attn_norm-9,kernel_rms_norm_mul,0.126700,524288x1x1,1024x1x1,2048x512x1x1
q-9,kernel_transpose_32_16,0.093400,512x128x0,1x16x0,3072x512x1x1
q-9,kernel_mul_mat_Ab_Bi_8x4,2.274000,64x768x1,1x128x1,3072x512x1x1
q_pe-9,kernel_rope_norm_f32,0.179800,1024x512x1,64x1x1,64x16x512x1
Qcur-9,kernel_concat_f32_non_contiguous,2.225800,16x512x1,0x0x0,192x16x512x1
kv_cmpr_pe-9,kernel_transpose_32_16,0.105200,512x128x0,1x16x0,576x512x1x1
kv_cmpr_pe-9,kernel_mul_mat_Ab_Bi_8x4,0.740700,64x144x1,1x128x1,576x512x1x1
k_pe-9,kernel_rope_norm_f32,0.006000,64x512x1,64x1x1,64x1x512x1
node_572,kernel_repeat,1.692500,16x512x1,0x0x0,64x16x512x1
kv_cmpr-9,kernel_rms_norm_mul,0.053700,262144x1x1,512x1x1,512x512x1x1
kv-9,kernel_transpose_32_16,0.016700,128x128x0,1x16x0,4096x512x1x1
kv-9,kernel_mul_mat_Ab_Bi_8x4,0.762500,64x1024x1,1x128x1,4096x512x1x1
Kcur-9,kernel_concat_f32_non_contiguous,2.353800,16x512x1,0x0x0,192x16x512x1
Vcur_cont-9,kernel_cpy_f32_f32,0.123400,1024x512x1,64x1x1,128x16x512x1
cache_k_l9 (view),kernel_set_rows_f16_i64,0.134000,524288x1x1,1024x1x1,3072x4096x1x1
cache_v_l9 (view),kernel_set_rows_f16_i64,0.094500,524288x1x1,1024x1x1,2048x4096x1x1
__fattn__-9,flash_attn_f32_f16,74.446198,512x16x0,16x1x0,128x16x512x1
node_593,kernel_transpose_32_16,0.093800,512x128x0,1x16x0,2048x512x1x1
node_593,kernel_mul_mat_Ab_Bi_8x4,1.575900,64x512x1,1x128x1,2048x512x1x1
ffn_inp-9,kernel_add,0.176200,32768x1x1,64x1x1,2048x512x1x1
ffn_norm-9,kernel_rms_norm_mul,0.125800,524288x1x1,1024x1x1,2048x512x1x1
ffn_moe_logits-9,kernel_mul_mm_f32_f32_l4_lm,0.554700,128x8x1,128x1x1,64x512x1x1
ffn_moe_probs-9,kernel_soft_max_4,0.009700,32768x1x1,64x1x1,64x512x1x1
ffn_moe_argsort-9,kernel_argsort_f32_i32,0.089900,64x512x1,64x1x1,64x512x1x1
ffn_moe_weights-9,kernel_get_rows_f32,0.019100,384x512x1,64x1x1,1x6x512x1
ffn_moe_weights_scaled-9,kernel_scale,0.002000,768x1x1,64x1x1,1x6x512x1
ffn_moe_gate-9,kernel_mul_mv_id_q4_0_f32_8x_flat,74.788094,11264x1x3072,64x1x1,1408x6x512x1
ffn_moe_up-9,kernel_mul_mv_id_q4_0_f32_8x_flat,74.730202,11264x1x3072,64x1x1,1408x6x512x1
ffn_moe_weighted-9,kernel_swiglu,0.707800,1572864x1x1,512x1x1,1408x6x512x1
ffn_moe_down-9,kernel_mul_mv_id_q4_0_f32_8x_flat,78.585907,16384x1x3072,64x1x1,2048x6x512x1
node_609,kernel_mul,0.812000,384x512x1,64x1x1,2048x6x512x1
ffn_gate-9,kernel_transpose_32_16,0.109800,512x128x0,1x16x0,2816x512x1x1
ffn_gate-9,kernel_mul_mat_Ab_Bi_8x4,2.203900,64x704x1,1x128x1,2816x512x1x1
ffn_up-9,kernel_transpose_32_16,0.104500,512x128x0,1x16x0,2816x512x1x1
ffn_up-9,kernel_mul_mat_Ab_Bi_8x4,2.205600,64x704x1,1x128x1,2816x512x1x1
ffn_swiglu-9,kernel_swiglu,0.239100,262144x1x1,512x1x1,2816x512x1x1
node_619,kernel_add,0.192000,32768x1x1,64x1x1,2048x512x1x1
node_620,kernel_add,0.184800,32768x1x1,64x1x1,2048x512x1x1
node_621,kernel_add,0.176900,32768x1x1,64x1x1,2048x512x1x1
node_622,kernel_add,0.177300,32768x1x1,64x1x1,2048x512x1x1
ffn_moe_out-9,kernel_add,0.177700,32768x1x1,64x1x1,2048x512x1x1
ffn_shexp-9,kernel_transpose_32_16,0.151800,704x128x0,1x16x0,2048x512x1x1
ffn_shexp-9,kernel_mul_mat_Ab_Bi_8x4,2.161500,64x512x1,1x128x1,2048x512x1x1
ffn_out-9,kernel_add,0.178000,32768x1x1,64x1x1,2048x512x1x1
l_out-9,kernel_add,0.180900,32768x1x1,64x1x1,2048x512x1x1
attn_norm-10,kernel_rms_norm_mul,0.127700,524288x1x1,1024x1x1,2048x512x1x1
q-10,kernel_transpose_32_16,0.093000,512x128x0,1x16x0,3072x512x1x1
q-10,kernel_mul_mat_Ab_Bi_8x4,2.253400,64x768x1,1x128x1,3072x512x1x1
q_pe-10,kernel_rope_norm_f32,0.083400,1024x512x1,64x1x1,64x16x512x1
Qcur-10,kernel_concat_f32_non_contiguous,1.608500,16x512x1,0x0x0,192x16x512x1
kv_cmpr_pe-10,kernel_transpose_32_16,0.103800,512x128x0,1x16x0,576x512x1x1
kv_cmpr_pe-10,kernel_mul_mat_Ab_Bi_8x4,0.742800,64x144x1,1x128x1,576x512x1x1
k_pe-10,kernel_rope_norm_f32,0.006700,64x512x1,64x1x1,64x1x512x1
node_637,kernel_repeat,0.993100,16x512x1,0x0x0,64x16x512x1
kv_cmpr-10,kernel_rms_norm_mul,0.054000,262144x1x1,512x1x1,512x512x1x1
kv-10,kernel_transpose_32_16,0.021100,128x128x0,1x16x0,4096x512x1x1
kv-10,kernel_mul_mat_Ab_Bi_8x4,0.766600,64x1024x1,1x128x1,4096x512x1x1
Kcur-10,kernel_concat_f32_non_contiguous,2.539600,16x512x1,0x0x0,192x16x512x1
Vcur_cont-10,kernel_cpy_f32_f32,0.118800,1024x512x1,64x1x1,128x16x512x1
cache_k_l10 (view),kernel_set_rows_f16_i64,0.133100,524288x1x1,1024x1x1,3072x4096x1x1
cache_v_l10 (view),kernel_set_rows_f16_i64,0.094700,524288x1x1,1024x1x1,2048x4096x1x1
__fattn__-10,flash_attn_f32_f16,74.613693,512x16x0,16x1x0,128x16x512x1
node_658,kernel_transpose_32_16,0.094100,512x128x0,1x16x0,2048x512x1x1
node_658,kernel_mul_mat_Ab_Bi_8x4,1.579900,64x512x1,1x128x1,2048x512x1x1
ffn_inp-10,kernel_add,0.177600,32768x1x1,64x1x1,2048x512x1x1
ffn_norm-10,kernel_rms_norm_mul,0.126700,524288x1x1,1024x1x1,2048x512x1x1
ffn_moe_logits-10,kernel_mul_mm_f32_f32_l4_lm,0.527300,128x8x1,128x1x1,64x512x1x1
ffn_moe_probs-10,kernel_soft_max_4,0.010100,32768x1x1,64x1x1,64x512x1x1
ffn_moe_argsort-10,kernel_argsort_f32_i32,0.087700,64x512x1,64x1x1,64x512x1x1
ffn_moe_weights-10,kernel_get_rows_f32,0.019000,384x512x1,64x1x1,1x6x512x1
ffn_moe_weights_scaled-10,kernel_scale,0.002000,768x1x1,64x1x1,1x6x512x1
ffn_moe_gate-10,kernel_mul_mv_id_q4_0_f32_8x_flat,74.736496,11264x1x3072,64x1x1,1408x6x512x1
ffn_moe_up-10,kernel_mul_mv_id_q4_0_f32_8x_flat,74.766899,11264x1x3072,64x1x1,1408x6x512x1
ffn_moe_weighted-10,kernel_swiglu,0.706100,1572864x1x1,512x1x1,1408x6x512x1
ffn_moe_down-10,kernel_mul_mv_id_q4_0_f32_8x_flat,78.620796,16384x1x3072,64x1x1,2048x6x512x1
node_674,kernel_mul,0.814600,384x512x1,64x1x1,2048x6x512x1
ffn_gate-10,kernel_transpose_32_16,0.112100,512x128x0,1x16x0,2816x512x1x1
ffn_gate-10,kernel_mul_mat_Ab_Bi_8x4,2.207200,64x704x1,1x128x1,2816x512x1x1
ffn_up-10,kernel_transpose_32_16,0.107800,512x128x0,1x16x0,2816x512x1x1
ffn_up-10,kernel_mul_mat_Ab_Bi_8x4,2.203000,64x704x1,1x128x1,2816x512x1x1
ffn_swiglu-10,kernel_swiglu,0.232500,262144x1x1,512x1x1,2816x512x1x1
node_684,kernel_add,0.186700,32768x1x1,64x1x1,2048x512x1x1
node_685,kernel_add,0.177000,32768x1x1,64x1x1,2048x512x1x1
node_686,kernel_add,0.173800,32768x1x1,64x1x1,2048x512x1x1
node_687,kernel_add,0.176700,32768x1x1,64x1x1,2048x512x1x1
ffn_moe_out-10,kernel_add,0.177700,32768x1x1,64x1x1,2048x512x1x1
ffn_shexp-10,kernel_transpose_32_16,0.154300,704x128x0,1x16x0,2048x512x1x1
ffn_shexp-10,kernel_mul_mat_Ab_Bi_8x4,2.161400,64x512x1,1x128x1,2048x512x1x1
ffn_out-10,kernel_add,0.179000,32768x1x1,64x1x1,2048x512x1x1
l_out-10,kernel_add,0.171200,32768x1x1,64x1x1,2048x512x1x1
attn_norm-11,kernel_rms_norm_mul,0.126400,524288x1x1,1024x1x1,2048x512x1x1
q-11,kernel_transpose_32_16,0.091500,512x128x0,1x16x0,3072x512x1x1
q-11,kernel_mul_mat_Ab_Bi_8x4,2.252100,64x768x1,1x128x1,3072x512x1x1
q_pe-11,kernel_rope_norm_f32,0.083500,1024x512x1,64x1x1,64x16x512x1
Qcur-11,kernel_concat_f32_non_contiguous,1.703700,16x512x1,0x0x0,192x16x512x1
kv_cmpr_pe-11,kernel_transpose_32_16,0.104900,512x128x0,1x16x0,576x512x1x1
kv_cmpr_pe-11,kernel_mul_mat_Ab_Bi_8x4,0.739900,64x144x1,1x128x1,576x512x1x1
k_pe-11,kernel_rope_norm_f32,0.006500,64x512x1,64x1x1,64x1x512x1
node_702,kernel_repeat,1.012500,16x512x1,0x0x0,64x16x512x1
kv_cmpr-11,kernel_rms_norm_mul,0.054000,262144x1x1,512x1x1,512x512x1x1
kv-11,kernel_transpose_32_16,0.021000,128x128x0,1x16x0,4096x512x1x1
kv-11,kernel_mul_mat_Ab_Bi_8x4,0.760700,64x1024x1,1x128x1,4096x512x1x1
Kcur-11,kernel_concat_f32_non_contiguous,2.273900,16x512x1,0x0x0,192x16x512x1
Vcur_cont-11,kernel_cpy_f32_f32,0.123900,1024x512x1,64x1x1,128x16x512x1
cache_k_l11 (view),kernel_set_rows_f16_i64,0.135900,524288x1x1,1024x1x1,3072x4096x1x1
cache_v_l11 (view),kernel_set_rows_f16_i64,0.093900,524288x1x1,1024x1x1,2048x4096x1x1
__fattn__-11,flash_attn_f32_f16,74.456894,512x16x0,16x1x0,128x16x512x1
node_723,kernel_transpose_32_16,0.094600,512x128x0,1x16x0,2048x512x1x1
node_723,kernel_mul_mat_Ab_Bi_8x4,1.575700,64x512x1,1x128x1,2048x512x1x1
ffn_inp-11,kernel_add,0.176300,32768x1x1,64x1x1,2048x512x1x1
ffn_norm-11,kernel_rms_norm_mul,0.126000,524288x1x1,1024x1x1,2048x512x1x1
ffn_moe_logits-11,kernel_mul_mm_f32_f32_l4_lm,0.562200,128x8x1,128x1x1,64x512x1x1
ffn_moe_probs-11,kernel_soft_max_4,0.009900,32768x1x1,64x1x1,64x512x1x1
ffn_moe_argsort-11,kernel_argsort_f32_i32,0.087700,64x512x1,64x1x1,64x512x1x1
ffn_moe_weights-11,kernel_get_rows_f32,0.019100,384x512x1,64x1x1,1x6x512x1
ffn_moe_weights_scaled-11,kernel_scale,0.002000,768x1x1,64x1x1,1x6x512x1
ffn_moe_gate-11,kernel_mul_mv_id_q4_0_f32_8x_flat,75.553902,11264x1x3072,64x1x1,1408x6x512x1
ffn_moe_up-11,kernel_mul_mv_id_q4_0_f32_8x_flat,76.286598,11264x1x3072,64x1x1,1408x6x512x1
ffn_moe_weighted-11,kernel_swiglu,0.709300,1572864x1x1,512x1x1,1408x6x512x1
ffn_moe_down-11,kernel_mul_mv_id_q4_0_f32_8x_flat,78.533905,16384x1x3072,64x1x1,2048x6x512x1
node_739,kernel_mul,0.814800,384x512x1,64x1x1,2048x6x512x1
ffn_gate-11,kernel_transpose_32_16,0.108800,512x128x0,1x16x0,2816x512x1x1
ffn_gate-11,kernel_mul_mat_Ab_Bi_8x4,2.205900,64x704x1,1x128x1,2816x512x1x1
ffn_up-11,kernel_transpose_32_16,0.106800,512x128x0,1x16x0,2816x512x1x1
ffn_up-11,kernel_mul_mat_Ab_Bi_8x4,2.204900,64x704x1,1x128x1,2816x512x1x1
ffn_swiglu-11,kernel_swiglu,0.235300,262144x1x1,512x1x1,2816x512x1x1
node_749,kernel_add,0.195200,32768x1x1,64x1x1,2048x512x1x1
node_750,kernel_add,0.182700,32768x1x1,64x1x1,2048x512x1x1
node_751,kernel_add,0.181300,32768x1x1,64x1x1,2048x512x1x1
node_752,kernel_add,0.179700,32768x1x1,64x1x1,2048x512x1x1
ffn_moe_out-11,kernel_add,0.171600,32768x1x1,64x1x1,2048x512x1x1
ffn_shexp-11,kernel_transpose_32_16,0.153800,704x128x0,1x16x0,2048x512x1x1
ffn_shexp-11,kernel_mul_mat_Ab_Bi_8x4,2.166800,64x512x1,1x128x1,2048x512x1x1
ffn_out-11,kernel_add,0.178300,32768x1x1,64x1x1,2048x512x1x1
l_out-11,kernel_add,0.181200,32768x1x1,64x1x1,2048x512x1x1
attn_norm-12,kernel_rms_norm_mul,0.128000,524288x1x1,1024x1x1,2048x512x1x1
q-12,kernel_transpose_32_16,0.092200,512x128x0,1x16x0,3072x512x1x1
q-12,kernel_mul_mat_Ab_Bi_8x4,2.250500,64x768x1,1x128x1,3072x512x1x1
q_pe-12,kernel_rope_norm_f32,0.080500,1024x512x1,64x1x1,64x16x512x1
Qcur-12,kernel_concat_f32_non_contiguous,1.719400,16x512x1,0x0x0,192x16x512x1
kv_cmpr_pe-12,kernel_transpose_32_16,0.105200,512x128x0,1x16x0,576x512x1x1
kv_cmpr_pe-12,kernel_mul_mat_Ab_Bi_8x4,0.740500,64x144x1,1x128x1,576x512x1x1
k_pe-12,kernel_rope_norm_f32,0.006800,64x512x1,64x1x1,64x1x512x1
node_767,kernel_repeat,1.710600,16x512x1,0x0x0,64x16x512x1
kv_cmpr-12,kernel_rms_norm_mul,0.053900,262144x1x1,512x1x1,512x512x1x1
kv-12,kernel_transpose_32_16,0.021300,128x128x0,1x16x0,4096x512x1x1
kv-12,kernel_mul_mat_Ab_Bi_8x4,0.761000,64x1024x1,1x128x1,4096x512x1x1
Kcur-12,kernel_concat_f32_non_contiguous,2.329500,16x512x1,0x0x0,192x16x512x1
Vcur_cont-12,kernel_cpy_f32_f32,0.123800,1024x512x1,64x1x1,128x16x512x1
cache_k_l12 (view),kernel_set_rows_f16_i64,0.134600,524288x1x1,1024x1x1,3072x4096x1x1
cache_v_l12 (view),kernel_set_rows_f16_i64,0.093700,524288x1x1,1024x1x1,2048x4096x1x1
__fattn__-12,flash_attn_f32_f16,74.403198,512x16x0,16x1x0,128x16x512x1
node_788,kernel_transpose_32_16,0.094900,512x128x0,1x16x0,2048x512x1x1
node_788,kernel_mul_mat_Ab_Bi_8x4,1.575900,64x512x1,1x128x1,2048x512x1x1
ffn_inp-12,kernel_add,0.172100,32768x1x1,64x1x1,2048x512x1x1
ffn_norm-12,kernel_rms_norm_mul,0.127300,524288x1x1,1024x1x1,2048x512x1x1
ffn_moe_logits-12,kernel_mul_mm_f32_f32_l4_lm,0.554200,128x8x1,128x1x1,64x512x1x1
ffn_moe_probs-12,kernel_soft_max_4,0.010000,32768x1x1,64x1x1,64x512x1x1
ffn_moe_argsort-12,kernel_argsort_f32_i32,0.087400,64x512x1,64x1x1,64x512x1x1
ffn_moe_weights-12,kernel_get_rows_f32,0.019000,384x512x1,64x1x1,1x6x512x1
ffn_moe_weights_scaled-12,kernel_scale,0.002100,768x1x1,64x1x1,1x6x512x1
ffn_moe_gate-12,kernel_mul_mv_id_q4_0_f32_8x_flat,75.675400,11264x1x3072,64x1x1,1408x6x512x1
ffn_moe_up-12,kernel_mul_mv_id_q4_0_f32_8x_flat,76.319298,11264x1x3072,64x1x1,1408x6x512x1
ffn_moe_weighted-12,kernel_swiglu,0.709700,1572864x1x1,512x1x1,1408x6x512x1
ffn_moe_down-12,kernel_mul_mv_id_q4_0_f32_8x_flat,80.252495,16384x1x3072,64x1x1,2048x6x512x1
node_804,kernel_mul,0.813900,384x512x1,64x1x1,2048x6x512x1
ffn_gate-12,kernel_transpose_32_16,0.112500,512x128x0,1x16x0,2816x512x1x1
ffn_gate-12,kernel_mul_mat_Ab_Bi_8x4,2.208300,64x704x1,1x128x1,2816x512x1x1
ffn_up-12,kernel_transpose_32_16,0.108900,512x128x0,1x16x0,2816x512x1x1
ffn_up-12,kernel_mul_mat_Ab_Bi_8x4,2.199900,64x704x1,1x128x1,2816x512x1x1
ffn_swiglu-12,kernel_swiglu,0.230700,262144x1x1,512x1x1,2816x512x1x1
node_814,kernel_add,0.188500,32768x1x1,64x1x1,2048x512x1x1
node_815,kernel_add,0.177000,32768x1x1,64x1x1,2048x512x1x1
node_816,kernel_add,0.178000,32768x1x1,64x1x1,2048x512x1x1
node_817,kernel_add,0.174400,32768x1x1,64x1x1,2048x512x1x1
ffn_moe_out-12,kernel_add,0.176000,32768x1x1,64x1x1,2048x512x1x1
ffn_shexp-12,kernel_transpose_32_16,0.153000,704x128x0,1x16x0,2048x512x1x1
ffn_shexp-12,kernel_mul_mat_Ab_Bi_8x4,2.163200,64x512x1,1x128x1,2048x512x1x1
ffn_out-12,kernel_add,0.169800,32768x1x1,64x1x1,2048x512x1x1
l_out-12,kernel_add,0.174800,32768x1x1,64x1x1,2048x512x1x1
attn_norm-13,kernel_rms_norm_mul,0.127700,524288x1x1,1024x1x1,2048x512x1x1
q-13,kernel_transpose_32_16,0.090800,512x128x0,1x16x0,3072x512x1x1
q-13,kernel_mul_mat_Ab_Bi_8x4,2.254000,64x768x1,1x128x1,3072x512x1x1
q_pe-13,kernel_rope_norm_f32,0.083400,1024x512x1,64x1x1,64x16x512x1
Qcur-13,kernel_concat_f32_non_contiguous,1.722000,16x512x1,0x0x0,192x16x512x1
kv_cmpr_pe-13,kernel_transpose_32_16,0.104600,512x128x0,1x16x0,576x512x1x1
kv_cmpr_pe-13,kernel_mul_mat_Ab_Bi_8x4,0.742200,64x144x1,1x128x1,576x512x1x1
k_pe-13,kernel_rope_norm_f32,0.006800,64x512x1,64x1x1,64x1x512x1
node_832,kernel_repeat,0.991100,16x512x1,0x0x0,64x16x512x1
kv_cmpr-13,kernel_rms_norm_mul,0.053700,262144x1x1,512x1x1,512x512x1x1
kv-13,kernel_transpose_32_16,0.021100,128x128x0,1x16x0,4096x512x1x1
kv-13,kernel_mul_mat_Ab_Bi_8x4,0.761300,64x1024x1,1x128x1,4096x512x1x1
Kcur-13,kernel_concat_f32_non_contiguous,2.333200,16x512x1,0x0x0,192x16x512x1
Vcur_cont-13,kernel_cpy_f32_f32,0.123100,1024x512x1,64x1x1,128x16x512x1
cache_k_l13 (view),kernel_set_rows_f16_i64,0.130400,524288x1x1,1024x1x1,3072x4096x1x1
cache_v_l13 (view),kernel_set_rows_f16_i64,0.093700,524288x1x1,1024x1x1,2048x4096x1x1
__fattn__-13,flash_attn_f32_f16,74.386200,512x16x0,16x1x0,128x16x512x1
node_853,kernel_transpose_32_16,0.094700,512x128x0,1x16x0,2048x512x1x1
node_853,kernel_mul_mat_Ab_Bi_8x4,1.580100,64x512x1,1x128x1,2048x512x1x1
ffn_inp-13,kernel_add,0.174500,32768x1x1,64x1x1,2048x512x1x1
ffn_norm-13,kernel_rms_norm_mul,0.126600,524288x1x1,1024x1x1,2048x512x1x1
ffn_moe_logits-13,kernel_mul_mm_f32_f32_l4_lm,0.550300,128x8x1,128x1x1,64x512x1x1
ffn_moe_probs-13,kernel_soft_max_4,0.009900,32768x1x1,64x1x1,64x512x1x1
ffn_moe_argsort-13,kernel_argsort_f32_i32,0.087900,64x512x1,64x1x1,64x512x1x1
ffn_moe_weights-13,kernel_get_rows_f32,0.018900,384x512x1,64x1x1,1x6x512x1
ffn_moe_weights_scaled-13,kernel_scale,0.002000,768x1x1,64x1x1,1x6x512x1
ffn_moe_gate-13,kernel_mul_mv_id_q4_0_f32_8x_flat,75.488602,11264x1x3072,64x1x1,1408x6x512x1
ffn_moe_up-13,kernel_mul_mv_id_q4_0_f32_8x_flat,75.697403,11264x1x3072,64x1x1,1408x6x512x1
ffn_moe_weighted-13,kernel_swiglu,0.707500,1572864x1x1,512x1x1,1408x6x512x1
ffn_moe_down-13,kernel_mul_mv_id_q4_0_f32_8x_flat,78.747200,16384x1x3072,64x1x1,2048x6x512x1
node_869,kernel_mul,0.818600,384x512x1,64x1x1,2048x6x512x1
ffn_gate-13,kernel_transpose_32_16,0.111300,512x128x0,1x16x0,2816x512x1x1
ffn_gate-13,kernel_mul_mat_Ab_Bi_8x4,2.203100,64x704x1,1x128x1,2816x512x1x1
ffn_up-13,kernel_transpose_32_16,0.106500,512x128x0,1x16x0,2816x512x1x1
ffn_up-13,kernel_mul_mat_Ab_Bi_8x4,2.208100,64x704x1,1x128x1,2816x512x1x1
ffn_swiglu-13,kernel_swiglu,0.235700,262144x1x1,512x1x1,2816x512x1x1
node_879,kernel_add,0.186300,32768x1x1,64x1x1,2048x512x1x1
node_880,kernel_add,0.176900,32768x1x1,64x1x1,2048x512x1x1
node_881,kernel_add,0.168800,32768x1x1,64x1x1,2048x512x1x1
node_882,kernel_add,0.179900,32768x1x1,64x1x1,2048x512x1x1
ffn_moe_out-13,kernel_add,0.179900,32768x1x1,64x1x1,2048x512x1x1
ffn_shexp-13,kernel_transpose_32_16,0.152900,704x128x0,1x16x0,2048x512x1x1
ffn_shexp-13,kernel_mul_mat_Ab_Bi_8x4,2.164500,64x512x1,1x128x1,2048x512x1x1
ffn_out-13,kernel_add,0.175400,32768x1x1,64x1x1,2048x512x1x1
l_out-13,kernel_add,0.173500,32768x1x1,64x1x1,2048x512x1x1
attn_norm-14,kernel_rms_norm_mul,0.127600,524288x1x1,1024x1x1,2048x512x1x1
q-14,kernel_transpose_32_16,0.085200,512x128x0,1x16x0,3072x512x1x1
q-14,kernel_mul_mat_Ab_Bi_8x4,2.254200,64x768x1,1x128x1,3072x512x1x1
q_pe-14,kernel_rope_norm_f32,0.083600,1024x512x1,64x1x1,64x16x512x1
Qcur-14,kernel_concat_f32_non_contiguous,1.795000,16x512x1,0x0x0,192x16x512x1
kv_cmpr_pe-14,kernel_transpose_32_16,0.106900,512x128x0,1x16x0,576x512x1x1
kv_cmpr_pe-14,kernel_mul_mat_Ab_Bi_8x4,0.742500,64x144x1,1x128x1,576x512x1x1
k_pe-14,kernel_rope_norm_f32,0.006100,64x512x1,64x1x1,64x1x512x1
node_897,kernel_repeat,1.019500,16x512x1,0x0x0,64x16x512x1
kv_cmpr-14,kernel_rms_norm_mul,0.054200,262144x1x1,512x1x1,512x512x1x1
kv-14,kernel_transpose_32_16,0.021000,128x128x0,1x16x0,4096x512x1x1
kv-14,kernel_mul_mat_Ab_Bi_8x4,0.760600,64x1024x1,1x128x1,4096x512x1x1
Kcur-14,kernel_concat_f32_non_contiguous,2.335100,16x512x1,0x0x0,192x16x512x1
Vcur_cont-14,kernel_cpy_f32_f32,0.122800,1024x512x1,64x1x1,128x16x512x1
cache_k_l14 (view),kernel_set_rows_f16_i64,0.133400,524288x1x1,1024x1x1,3072x4096x1x1
cache_v_l14 (view),kernel_set_rows_f16_i64,0.092600,524288x1x1,1024x1x1,2048x4096x1x1
__fattn__-14,flash_attn_f32_f16,74.461197,512x16x0,16x1x0,128x16x512x1
node_918,kernel_transpose_32_16,0.093600,512x128x0,1x16x0,2048x512x1x1
node_918,kernel_mul_mat_Ab_Bi_8x4,1.574200,64x512x1,1x128x1,2048x512x1x1
ffn_inp-14,kernel_add,0.174700,32768x1x1,64x1x1,2048x512x1x1
ffn_norm-14,kernel_rms_norm_mul,0.126800,524288x1x1,1024x1x1,2048x512x1x1
ffn_moe_logits-14,kernel_mul_mm_f32_f32_l4_lm,0.573000,128x8x1,128x1x1,64x512x1x1
ffn_moe_probs-14,kernel_soft_max_4,0.009900,32768x1x1,64x1x1,64x512x1x1
ffn_moe_argsort-14,kernel_argsort_f32_i32,0.087000,64x512x1,64x1x1,64x512x1x1
ffn_moe_weights-14,kernel_get_rows_f32,0.019100,384x512x1,64x1x1,1x6x512x1
ffn_moe_weights_scaled-14,kernel_scale,0.002100,768x1x1,64x1x1,1x6x512x1
ffn_moe_gate-14,kernel_mul_mv_id_q4_0_f32_8x_flat,75.650398,11264x1x3072,64x1x1,1408x6x512x1
ffn_moe_up-14,kernel_mul_mv_id_q4_0_f32_8x_flat,75.428001,11264x1x3072,64x1x1,1408x6x512x1
ffn_moe_weighted-14,kernel_swiglu,0.709600,1572864x1x1,512x1x1,1408x6x512x1
ffn_moe_down-14,kernel_mul_mv_id_q4_0_f32_8x_flat,78.678802,16384x1x3072,64x1x1,2048x6x512x1
node_934,kernel_mul,0.809400,384x512x1,64x1x1,2048x6x512x1
ffn_gate-14,kernel_transpose_32_16,0.112300,512x128x0,1x16x0,2816x512x1x1
ffn_gate-14,kernel_mul_mat_Ab_Bi_8x4,2.201900,64x704x1,1x128x1,2816x512x1x1
ffn_up-14,kernel_transpose_32_16,0.102500,512x128x0,1x16x0,2816x512x1x1
ffn_up-14,kernel_mul_mat_Ab_Bi_8x4,2.207000,64x704x1,1x128x1,2816x512x1x1
ffn_swiglu-14,kernel_swiglu,0.230700,262144x1x1,512x1x1,2816x512x1x1
node_944,kernel_add,0.186600,32768x1x1,64x1x1,2048x512x1x1
node_945,kernel_add,0.180600,32768x1x1,64x1x1,2048x512x1x1
node_946,kernel_add,0.177100,32768x1x1,64x1x1,2048x512x1x1
node_947,kernel_add,0.172100,32768x1x1,64x1x1,2048x512x1x1
ffn_moe_out-14,kernel_add,0.178100,32768x1x1,64x1x1,2048x512x1x1
ffn_shexp-14,kernel_transpose_32_16,0.148300,704x128x0,1x16x0,2048x512x1x1
ffn_shexp-14,kernel_mul_mat_Ab_Bi_8x4,2.167600,64x512x1,1x128x1,2048x512x1x1
ffn_out-14,kernel_add,0.175500,32768x1x1,64x1x1,2048x512x1x1
l_out-14,kernel_add,0.175200,32768x1x1,64x1x1,2048x512x1x1
attn_norm-15,kernel_rms_norm_mul,0.127000,524288x1x1,1024x1x1,2048x512x1x1
q-15,kernel_transpose_32_16,0.089600,512x128x0,1x16x0,3072x512x1x1
q-15,kernel_mul_mat_Ab_Bi_8x4,2.251200,64x768x1,1x128x1,3072x512x1x1
q_pe-15,kernel_rope_norm_f32,0.083900,1024x512x1,64x1x1,64x16x512x1
Qcur-15,kernel_concat_f32_non_contiguous,1.900500,16x512x1,0x0x0,192x16x512x1
kv_cmpr_pe-15,kernel_transpose_32_16,0.105800,512x128x0,1x16x0,576x512x1x1
kv_cmpr_pe-15,kernel_mul_mat_Ab_Bi_8x4,0.741000,64x144x1,1x128x1,576x512x1x1
k_pe-15,kernel_rope_norm_f32,0.006300,64x512x1,64x1x1,64x1x512x1
node_962,kernel_repeat,0.927900,16x512x1,0x0x0,64x16x512x1
kv_cmpr-15,kernel_rms_norm_mul,0.053700,262144x1x1,512x1x1,512x512x1x1
kv-15,kernel_transpose_32_16,0.020900,128x128x0,1x16x0,4096x512x1x1
kv-15,kernel_mul_mat_Ab_Bi_8x4,0.762600,64x1024x1,1x128x1,4096x512x1x1
Kcur-15,kernel_concat_f32_non_contiguous,2.325300,16x512x1,0x0x0,192x16x512x1
Vcur_cont-15,kernel_cpy_f32_f32,0.124300,1024x512x1,64x1x1,128x16x512x1
cache_k_l15 (view),kernel_set_rows_f16_i64,0.136100,524288x1x1,1024x1x1,3072x4096x1x1
cache_v_l15 (view),kernel_set_rows_f16_i64,0.095400,524288x1x1,1024x1x1,2048x4096x1x1
__fattn__-15,flash_attn_f32_f16,74.518097,512x16x0,16x1x0,128x16x512x1
node_983,kernel_transpose_32_16,0.093000,512x128x0,1x16x0,2048x512x1x1
node_983,kernel_mul_mat_Ab_Bi_8x4,1.571700,64x512x1,1x128x1,2048x512x1x1
ffn_inp-15,kernel_add,0.172700,32768x1x1,64x1x1,2048x512x1x1
ffn_norm-15,kernel_rms_norm_mul,0.126600,524288x1x1,1024x1x1,2048x512x1x1
ffn_moe_logits-15,kernel_mul_mm_f32_f32_l4_lm,0.552800,128x8x1,128x1x1,64x512x1x1
ffn_moe_probs-15,kernel_soft_max_4,0.009500,32768x1x1,64x1x1,64x512x1x1
ffn_moe_argsort-15,kernel_argsort_f32_i32,0.087900,64x512x1,64x1x1,64x512x1x1
ffn_moe_weights-15,kernel_get_rows_f32,0.019000,384x512x1,64x1x1,1x6x512x1
ffn_moe_weights_scaled-15,kernel_scale,0.002100,768x1x1,64x1x1,1x6x512x1
ffn_moe_gate-15,kernel_mul_mv_id_q4_0_f32_8x_flat,75.658401,11264x1x3072,64x1x1,1408x6x512x1
ffn_moe_up-15,kernel_mul_mv_id_q4_0_f32_8x_flat,75.723000,11264x1x3072,64x1x1,1408x6x512x1
ffn_moe_weighted-15,kernel_swiglu,0.713600,1572864x1x1,512x1x1,1408x6x512x1
ffn_moe_down-15,kernel_mul_mv_id_q4_0_f32_8x_flat,78.798203,16384x1x3072,64x1x1,2048x6x512x1
node_999,kernel_mul,0.809500,384x512x1,64x1x1,2048x6x512x1
ffn_gate-15,kernel_transpose_32_16,0.109600,512x128x0,1x16x0,2816x512x1x1
ffn_gate-15,kernel_mul_mat_Ab_Bi_8x4,2.210700,64x704x1,1x128x1,2816x512x1x1
ffn_up-15,kernel_transpose_32_16,0.107200,512x128x0,1x16x0,2816x512x1x1
ffn_up-15,kernel_mul_mat_Ab_Bi_8x4,2.206600,64x704x1,1x128x1,2816x512x1x1
ffn_swiglu-15,kernel_swiglu,0.235700,262144x1x1,512x1x1,2816x512x1x1
node_1009,kernel_add,0.181000,32768x1x1,64x1x1,2048x512x1x1
node_1010,kernel_add,0.180800,32768x1x1,64x1x1,2048x512x1x1
node_1011,kernel_add,0.176800,32768x1x1,64x1x1,2048x512x1x1
node_1012,kernel_add,0.176200,32768x1x1,64x1x1,2048x512x1x1
ffn_moe_out-15,kernel_add,0.178600,32768x1x1,64x1x1,2048x512x1x1
ffn_shexp-15,kernel_transpose_32_16,0.151800,704x128x0,1x16x0,2048x512x1x1
ffn_shexp-15,kernel_mul_mat_Ab_Bi_8x4,2.164000,64x512x1,1x128x1,2048x512x1x1
ffn_out-15,kernel_add,0.176600,32768x1x1,64x1x1,2048x512x1x1
l_out-15,kernel_add,0.171000,32768x1x1,64x1x1,2048x512x1x1
attn_norm-16,kernel_rms_norm_mul,0.126300,524288x1x1,1024x1x1,2048x512x1x1
q-16,kernel_transpose_32_16,0.090300,512x128x0,1x16x0,3072x512x1x1
q-16,kernel_mul_mat_Ab_Bi_8x4,2.252200,64x768x1,1x128x1,3072x512x1x1
q_pe-16,kernel_rope_norm_f32,0.083300,1024x512x1,64x1x1,64x16x512x1
Qcur-16,kernel_concat_f32_non_contiguous,1.706400,16x512x1,0x0x0,192x16x512x1
kv_cmpr_pe-16,kernel_transpose_32_16,0.105300,512x128x0,1x16x0,576x512x1x1
kv_cmpr_pe-16,kernel_mul_mat_Ab_Bi_8x4,0.742000,64x144x1,1x128x1,576x512x1x1
k_pe-16,kernel_rope_norm_f32,0.005900,64x512x1,64x1x1,64x1x512x1
node_1027,kernel_repeat,1.710700,16x512x1,0x0x0,64x16x512x1
kv_cmpr-16,kernel_rms_norm_mul,0.054200,262144x1x1,512x1x1,512x512x1x1
kv-16,kernel_transpose_32_16,0.020900,128x128x0,1x16x0,4096x512x1x1
kv-16,kernel_mul_mat_Ab_Bi_8x4,0.761800,64x1024x1,1x128x1,4096x512x1x1
Kcur-16,kernel_concat_f32_non_contiguous,2.289800,16x512x1,0x0x0,192x16x512x1
Vcur_cont-16,kernel_cpy_f32_f32,0.123200,1024x512x1,64x1x1,128x16x512x1
cache_k_l16 (view),kernel_set_rows_f16_i64,0.134000,524288x1x1,1024x1x1,3072x4096x1x1
cache_v_l16 (view),kernel_set_rows_f16_i64,0.090100,524288x1x1,1024x1x1,2048x4096x1x1
__fattn__-16,flash_attn_f32_f16,74.557907,512x16x0,16x1x0,128x16x512x1
node_1048,kernel_transpose_32_16,0.093300,512x128x0,1x16x0,2048x512x1x1
node_1048,kernel_mul_mat_Ab_Bi_8x4,1.575800,64x512x1,1x128x1,2048x512x1x1
ffn_inp-16,kernel_add,0.175600,32768x1x1,64x1x1,2048x512x1x1
ffn_norm-16,kernel_rms_norm_mul,0.126600,524288x1x1,1024x1x1,2048x512x1x1
ffn_moe_logits-16,kernel_mul_mm_f32_f32_l4_lm,0.571500,128x8x1,128x1x1,64x512x1x1
ffn_moe_probs-16,kernel_soft_max_4,0.010000,32768x1x1,64x1x1,64x512x1x1
ffn_moe_argsort-16,kernel_argsort_f32_i32,0.087600,64x512x1,64x1x1,64x512x1x1
ffn_moe_weights-16,kernel_get_rows_f32,0.019000,384x512x1,64x1x1,1x6x512x1
ffn_moe_weights_scaled-16,kernel_scale,0.002100,768x1x1,64x1x1,1x6x512x1
ffn_moe_gate-16,kernel_mul_mv_id_q4_0_f32_8x_flat,75.275597,11264x1x3072,64x1x1,1408x6x512x1
ffn_moe_up-16,kernel_mul_mv_id_q4_0_f32_8x_flat,75.337196,11264x1x3072,64x1x1,1408x6x512x1
ffn_moe_weighted-16,kernel_swiglu,0.711200,1572864x1x1,512x1x1,1408x6x512x1
ffn_moe_down-16,kernel_mul_mv_id_q4_0_f32_8x_flat,80.044998,16384x1x3072,64x1x1,2048x6x512x1
node_1064,kernel_mul,0.812500,384x512x1,64x1x1,2048x6x512x1
ffn_gate-16,kernel_transpose_32_16,0.105300,512x128x0,1x16x0,2816x512x1x1
ffn_gate-16,kernel_mul_mat_Ab_Bi_8x4,2.205400,64x704x1,1x128x1,2816x512x1x1
ffn_up-16,kernel_transpose_32_16,0.110200,512x128x0,1x16x0,2816x512x1x1
ffn_up-16,kernel_mul_mat_Ab_Bi_8x4,2.203700,64x704x1,1x128x1,2816x512x1x1
ffn_swiglu-16,kernel_swiglu,0.233400,262144x1x1,512x1x1,2816x512x1x1
node_1074,kernel_add,0.184600,32768x1x1,64x1x1,2048x512x1x1
node_1075,kernel_add,0.179700,32768x1x1,64x1x1,2048x512x1x1
node_1076,kernel_add,0.174900,32768x1x1,64x1x1,2048x512x1x1
node_1077,kernel_add,0.169200,32768x1x1,64x1x1,2048x512x1x1
ffn_moe_out-16,kernel_add,0.172900,32768x1x1,64x1x1,2048x512x1x1
ffn_shexp-16,kernel_transpose_32_16,0.155400,704x128x0,1x16x0,2048x512x1x1
ffn_shexp-16,kernel_mul_mat_Ab_Bi_8x4,2.165000,64x512x1,1x128x1,2048x512x1x1
ffn_out-16,kernel_add,0.175800,32768x1x1,64x1x1,2048x512x1x1
l_out-16,kernel_add,0.171900,32768x1x1,64x1x1,2048x512x1x1
attn_norm-17,kernel_rms_norm_mul,0.127200,524288x1x1,1024x1x1,2048x512x1x1
q-17,kernel_transpose_32_16,0.091200,512x128x0,1x16x0,3072x512x1x1
q-17,kernel_mul_mat_Ab_Bi_8x4,2.249300,64x768x1,1x128x1,3072x512x1x1
q_pe-17,kernel_rope_norm_f32,0.084000,1024x512x1,64x1x1,64x16x512x1
Qcur-17,kernel_concat_f32_non_contiguous,1.717900,16x512x1,0x0x0,192x16x512x1
kv_cmpr_pe-17,kernel_transpose_32_16,0.105300,512x128x0,1x16x0,576x512x1x1
kv_cmpr_pe-17,kernel_mul_mat_Ab_Bi_8x4,0.742200,64x144x1,1x128x1,576x512x1x1
k_pe-17,kernel_rope_norm_f32,0.006900,64x512x1,64x1x1,64x1x512x1
node_1092,kernel_repeat,1.697200,16x512x1,0x0x0,64x16x512x1
kv_cmpr-17,kernel_rms_norm_mul,0.054000,262144x1x1,512x1x1,512x512x1x1
kv-17,kernel_transpose_32_16,0.016800,128x128x0,1x16x0,4096x512x1x1
kv-17,kernel_mul_mat_Ab_Bi_8x4,0.762200,64x1024x1,1x128x1,4096x512x1x1
Kcur-17,kernel_concat_f32_non_contiguous,2.323600,16x512x1,0x0x0,192x16x512x1
Vcur_cont-17,kernel_cpy_f32_f32,0.123000,1024x512x1,64x1x1,128x16x512x1
cache_k_l17 (view),kernel_set_rows_f16_i64,0.134200,524288x1x1,1024x1x1,3072x4096x1x1
cache_v_l17 (view),kernel_set_rows_f16_i64,0.092200,524288x1x1,1024x1x1,2048x4096x1x1
__fattn__-17,flash_attn_f32_f16,74.478706,512x16x0,16x1x0,128x16x512x1
node_1113,kernel_transpose_32_16,0.094300,512x128x0,1x16x0,2048x512x1x1
node_1113,kernel_mul_mat_Ab_Bi_8x4,1.587600,64x512x1,1x128x1,2048x512x1x1
ffn_inp-17,kernel_add,0.178500,32768x1x1,64x1x1,2048x512x1x1
ffn_norm-17,kernel_rms_norm_mul,0.126800,524288x1x1,1024x1x1,2048x512x1x1
ffn_moe_logits-17,kernel_mul_mm_f32_f32_l4_lm,0.552300,128x8x1,128x1x1,64x512x1x1
ffn_moe_probs-17,kernel_soft_max_4,0.009600,32768x1x1,64x1x1,64x512x1x1
ffn_moe_argsort-17,kernel_argsort_f32_i32,0.087900,64x512x1,64x1x1,64x512x1x1
ffn_moe_weights-17,kernel_get_rows_f32,0.018800,384x512x1,64x1x1,1x6x512x1
ffn_moe_weights_scaled-17,kernel_scale,0.002200,768x1x1,64x1x1,1x6x512x1
ffn_moe_gate-17,kernel_mul_mv_id_q4_0_f32_8x_flat,76.014702,11264x1x3072,64x1x1,1408x6x512x1
ffn_moe_up-17,kernel_mul_mv_id_q4_0_f32_8x_flat,76.066597,11264x1x3072,64x1x1,1408x6x512x1
ffn_moe_weighted-17,kernel_swiglu,0.707800,1572864x1x1,512x1x1,1408x6x512x1
ffn_moe_down-17,kernel_mul_mv_id_q4_0_f32_8x_flat,78.732597,16384x1x3072,64x1x1,2048x6x512x1
node_1129,kernel_mul,0.812600,384x512x1,64x1x1,2048x6x512x1
ffn_gate-17,kernel_transpose_32_16,0.109900,512x128x0,1x16x0,2816x512x1x1
ffn_gate-17,kernel_mul_mat_Ab_Bi_8x4,2.200100,64x704x1,1x128x1,2816x512x1x1
ffn_up-17,kernel_transpose_32_16,0.105900,512x128x0,1x16x0,2816x512x1x1
ffn_up-17,kernel_mul_mat_Ab_Bi_8x4,2.205200,64x704x1,1x128x1,2816x512x1x1
ffn_swiglu-17,kernel_swiglu,0.235900,262144x1x1,512x1x1,2816x512x1x1
node_1139,kernel_add,0.187200,32768x1x1,64x1x1,2048x512x1x1
node_1140,kernel_add,0.182100,32768x1x1,64x1x1,2048x512x1x1
node_1141,kernel_add,0.176800,32768x1x1,64x1x1,2048x512x1x1
node_1142,kernel_add,0.174400,32768x1x1,64x1x1,2048x512x1x1
ffn_moe_out-17,kernel_add,0.176800,32768x1x1,64x1x1,2048x512x1x1
ffn_shexp-17,kernel_transpose_32_16,0.155400,704x128x0,1x16x0,2048x512x1x1
ffn_shexp-17,kernel_mul_mat_Ab_Bi_8x4,2.189000,64x512x1,1x128x1,2048x512x1x1
ffn_out-17,kernel_add,0.174600,32768x1x1,64x1x1,2048x512x1x1
l_out-17,kernel_add,0.176100,32768x1x1,64x1x1,2048x512x1x1
attn_norm-18,kernel_rms_norm_mul,0.127400,524288x1x1,1024x1x1,2048x512x1x1
q-18,kernel_transpose_32_16,0.090300,512x128x0,1x16x0,3072x512x1x1
q-18,kernel_mul_mat_Ab_Bi_8x4,2.252300,64x768x1,1x128x1,3072x512x1x1
q_pe-18,kernel_rope_norm_f32,0.083800,1024x512x1,64x1x1,64x16x512x1
Qcur-18,kernel_concat_f32_non_contiguous,1.615000,16x512x1,0x0x0,192x16x512x1
kv_cmpr_pe-18,kernel_transpose_32_16,0.103600,512x128x0,1x16x0,576x512x1x1
kv_cmpr_pe-18,kernel_mul_mat_Ab_Bi_8x4,0.740400,64x144x1,1x128x1,576x512x1x1
k_pe-18,kernel_rope_norm_f32,0.006200,64x512x1,64x1x1,64x1x512x1
node_1157,kernel_repeat,0.986100,16x512x1,0x0x0,64x16x512x1
kv_cmpr-18,kernel_rms_norm_mul,0.053800,262144x1x1,512x1x1,512x512x1x1
kv-18,kernel_transpose_32_16,0.020700,128x128x0,1x16x0,4096x512x1x1
kv-18,kernel_mul_mat_Ab_Bi_8x4,0.762100,64x1024x1,1x128x1,4096x512x1x1
Kcur-18,kernel_concat_f32_non_contiguous,2.539300,16x512x1,0x0x0,192x16x512x1
Vcur_cont-18,kernel_cpy_f32_f32,0.119100,1024x512x1,64x1x1,128x16x512x1
cache_k_l18 (view),kernel_set_rows_f16_i64,0.135000,524288x1x1,1024x1x1,3072x4096x1x1
cache_v_l18 (view),kernel_set_rows_f16_i64,0.093300,524288x1x1,1024x1x1,2048x4096x1x1
__fattn__-18,flash_attn_f32_f16,74.868401,512x16x0,16x1x0,128x16x512x1
node_1178,kernel_transpose_32_16,0.093900,512x128x0,1x16x0,2048x512x1x1
node_1178,kernel_mul_mat_Ab_Bi_8x4,1.574700,64x512x1,1x128x1,2048x512x1x1
ffn_inp-18,kernel_add,0.176100,32768x1x1,64x1x1,2048x512x1x1
ffn_norm-18,kernel_rms_norm_mul,0.125800,524288x1x1,1024x1x1,2048x512x1x1
ffn_moe_logits-18,kernel_mul_mm_f32_f32_l4_lm,0.562800,128x8x1,128x1x1,64x512x1x1
ffn_moe_probs-18,kernel_soft_max_4,0.010200,32768x1x1,64x1x1,64x512x1x1
ffn_moe_argsort-18,kernel_argsort_f32_i32,0.087300,64x512x1,64x1x1,64x512x1x1
ffn_moe_weights-18,kernel_get_rows_f32,0.019100,384x512x1,64x1x1,1x6x512x1
ffn_moe_weights_scaled-18,kernel_scale,0.002000,768x1x1,64x1x1,1x6x512x1
ffn_moe_gate-18,kernel_mul_mv_id_q4_0_f32_8x_flat,75.703697,11264x1x3072,64x1x1,1408x6x512x1
ffn_moe_up-18,kernel_mul_mv_id_q4_0_f32_8x_flat,75.380600,11264x1x3072,64x1x1,1408x6x512x1
ffn_moe_weighted-18,kernel_swiglu,0.709800,1572864x1x1,512x1x1,1408x6x512x1
ffn_moe_down-18,kernel_mul_mv_id_q4_0_f32_8x_flat,78.640495,16384x1x3072,64x1x1,2048x6x512x1
node_1194,kernel_mul,0.812600,384x512x1,64x1x1,2048x6x512x1
ffn_gate-18,kernel_transpose_32_16,0.112500,512x128x0,1x16x0,2816x512x1x1
ffn_gate-18,kernel_mul_mat_Ab_Bi_8x4,2.203100,64x704x1,1x128x1,2816x512x1x1
ffn_up-18,kernel_transpose_32_16,0.108200,512x128x0,1x16x0,2816x512x1x1
ffn_up-18,kernel_mul_mat_Ab_Bi_8x4,2.208300,64x704x1,1x128x1,2816x512x1x1
ffn_swiglu-18,kernel_swiglu,0.232900,262144x1x1,512x1x1,2816x512x1x1
node_1204,kernel_add,0.187300,32768x1x1,64x1x1,2048x512x1x1
node_1205,kernel_add,0.175700,32768x1x1,64x1x1,2048x512x1x1
node_1206,kernel_add,0.180900,32768x1x1,64x1x1,2048x512x1x1
node_1207,kernel_add,0.176200,32768x1x1,64x1x1,2048x512x1x1
ffn_moe_out-18,kernel_add,0.178800,32768x1x1,64x1x1,2048x512x1x1
ffn_shexp-18,kernel_transpose_32_16,0.157200,704x128x0,1x16x0,2048x512x1x1
ffn_shexp-18,kernel_mul_mat_Ab_Bi_8x4,2.175800,64x512x1,1x128x1,2048x512x1x1
ffn_out-18,kernel_add,0.176800,32768x1x1,64x1x1,2048x512x1x1
l_out-18,kernel_add,0.172800,32768x1x1,64x1x1,2048x512x1x1
attn_norm-19,kernel_rms_norm_mul,0.126300,524288x1x1,1024x1x1,2048x512x1x1
q-19,kernel_transpose_32_16,0.091000,512x128x0,1x16x0,3072x512x1x1
q-19,kernel_mul_mat_Ab_Bi_8x4,2.251300,64x768x1,1x128x1,3072x512x1x1
q_pe-19,kernel_rope_norm_f32,0.083600,1024x512x1,64x1x1,64x16x512x1
Qcur-19,kernel_concat_f32_non_contiguous,1.897300,16x512x1,0x0x0,192x16x512x1
kv_cmpr_pe-19,kernel_transpose_32_16,0.105200,512x128x0,1x16x0,576x512x1x1
kv_cmpr_pe-19,kernel_mul_mat_Ab_Bi_8x4,0.742500,64x144x1,1x128x1,576x512x1x1
k_pe-19,kernel_rope_norm_f32,0.006200,64x512x1,64x1x1,64x1x512x1
node_1222,kernel_repeat,0.929900,16x512x1,0x0x0,64x16x512x1
kv_cmpr-19,kernel_rms_norm_mul,0.054100,262144x1x1,512x1x1,512x512x1x1
kv-19,kernel_transpose_32_16,0.021200,128x128x0,1x16x0,4096x512x1x1
kv-19,kernel_mul_mat_Ab_Bi_8x4,0.762700,64x1024x1,1x128x1,4096x512x1x1
Kcur-19,kernel_concat_f32_non_contiguous,2.256600,16x512x1,0x0x0,192x16x512x1
Vcur_cont-19,kernel_cpy_f32_f32,0.123600,1024x512x1,64x1x1,128x16x512x1
cache_k_l19 (view),kernel_set_rows_f16_i64,0.135600,524288x1x1,1024x1x1,3072x4096x1x1
cache_v_l19 (view),kernel_set_rows_f16_i64,0.093000,524288x1x1,1024x1x1,2048x4096x1x1
__fattn__-19,flash_attn_f32_f16,74.514893,512x16x0,16x1x0,128x16x512x1
node_1243,kernel_transpose_32_16,0.093900,512x128x0,1x16x0,2048x512x1x1
node_1243,kernel_mul_mat_Ab_Bi_8x4,1.576300,64x512x1,1x128x1,2048x512x1x1
ffn_inp-19,kernel_add,0.176500,32768x1x1,64x1x1,2048x512x1x1
ffn_norm-19,kernel_rms_norm_mul,0.125300,524288x1x1,1024x1x1,2048x512x1x1
ffn_moe_logits-19,kernel_mul_mm_f32_f32_l4_lm,0.562700,128x8x1,128x1x1,64x512x1x1
ffn_moe_probs-19,kernel_soft_max_4,0.010100,32768x1x1,64x1x1,64x512x1x1
ffn_moe_argsort-19,kernel_argsort_f32_i32,0.087400,64x512x1,64x1x1,64x512x1x1
ffn_moe_weights-19,kernel_get_rows_f32,0.019000,384x512x1,64x1x1,1x6x512x1
ffn_moe_weights_scaled-19,kernel_scale,0.002100,768x1x1,64x1x1,1x6x512x1
ffn_moe_gate-19,kernel_mul_mv_id_q4_0_f32_8x_flat,75.619102,11264x1x3072,64x1x1,1408x6x512x1
ffn_moe_up-19,kernel_mul_mv_id_q4_0_f32_8x_flat,76.091507,11264x1x3072,64x1x1,1408x6x512x1
ffn_moe_weighted-19,kernel_swiglu,0.709500,1572864x1x1,512x1x1,1408x6x512x1
ffn_moe_down-19,kernel_mul_mv_id_q4_0_f32_8x_flat,78.557999,16384x1x3072,64x1x1,2048x6x512x1
node_1259,kernel_mul,0.814000,384x512x1,64x1x1,2048x6x512x1
ffn_gate-19,kernel_transpose_32_16,0.109500,512x128x0,1x16x0,2816x512x1x1
ffn_gate-19,kernel_mul_mat_Ab_Bi_8x4,2.207400,64x704x1,1x128x1,2816x512x1x1
ffn_up-19,kernel_transpose_32_16,0.105100,512x128x0,1x16x0,2816x512x1x1
ffn_up-19,kernel_mul_mat_Ab_Bi_8x4,2.203300,64x704x1,1x128x1,2816x512x1x1
ffn_swiglu-19,kernel_swiglu,0.236100,262144x1x1,512x1x1,2816x512x1x1
node_1269,kernel_add,0.189500,32768x1x1,64x1x1,2048x512x1x1
node_1270,kernel_add,0.180800,32768x1x1,64x1x1,2048x512x1x1
node_1271,kernel_add,0.175100,32768x1x1,64x1x1,2048x512x1x1
node_1272,kernel_add,0.173300,32768x1x1,64x1x1,2048x512x1x1
ffn_moe_out-19,kernel_add,0.172200,32768x1x1,64x1x1,2048x512x1x1
ffn_shexp-19,kernel_transpose_32_16,0.150800,704x128x0,1x16x0,2048x512x1x1
ffn_shexp-19,kernel_mul_mat_Ab_Bi_8x4,2.162400,64x512x1,1x128x1,2048x512x1x1
ffn_out-19,kernel_add,0.175100,32768x1x1,64x1x1,2048x512x1x1
l_out-19,kernel_add,0.174400,32768x1x1,64x1x1,2048x512x1x1
attn_norm-20,kernel_rms_norm_mul,0.128200,524288x1x1,1024x1x1,2048x512x1x1
q-20,kernel_transpose_32_16,0.091300,512x128x0,1x16x0,3072x512x1x1
q-20,kernel_mul_mat_Ab_Bi_8x4,2.252800,64x768x1,1x128x1,3072x512x1x1
q_pe-20,kernel_rope_norm_f32,0.080600,1024x512x1,64x1x1,64x16x512x1
Qcur-20,kernel_concat_f32_non_contiguous,1.715200,16x512x1,0x0x0,192x16x512x1
kv_cmpr_pe-20,kernel_transpose_32_16,0.105800,512x128x0,1x16x0,576x512x1x1
kv_cmpr_pe-20,kernel_mul_mat_Ab_Bi_8x4,0.741900,64x144x1,1x128x1,576x512x1x1
k_pe-20,kernel_rope_norm_f32,0.006700,64x512x1,64x1x1,64x1x512x1
node_1287,kernel_repeat,1.696700,16x512x1,0x0x0,64x16x512x1
kv_cmpr-20,kernel_rms_norm_mul,0.053800,262144x1x1,512x1x1,512x512x1x1
kv-20,kernel_transpose_32_16,0.021000,128x128x0,1x16x0,4096x512x1x1
kv-20,kernel_mul_mat_Ab_Bi_8x4,0.761000,64x1024x1,1x128x1,4096x512x1x1
Kcur-20,kernel_concat_f32_non_contiguous,2.539700,16x512x1,0x0x0,192x16x512x1
Vcur_cont-20,kernel_cpy_f32_f32,0.123800,1024x512x1,64x1x1,128x16x512x1
cache_k_l20 (view),kernel_set_rows_f16_i64,0.134400,524288x1x1,1024x1x1,3072x4096x1x1
cache_v_l20 (view),kernel_set_rows_f16_i64,0.093800,524288x1x1,1024x1x1,2048x4096x1x1
__fattn__-20,flash_attn_f32_f16,74.448097,512x16x0,16x1x0,128x16x512x1
node_1308,kernel_transpose_32_16,0.094000,512x128x0,1x16x0,2048x512x1x1
node_1308,kernel_mul_mat_Ab_Bi_8x4,1.577700,64x512x1,1x128x1,2048x512x1x1
ffn_inp-20,kernel_add,0.170700,32768x1x1,64x1x1,2048x512x1x1
ffn_norm-20,kernel_rms_norm_mul,0.127100,524288x1x1,1024x1x1,2048x512x1x1
ffn_moe_logits-20,kernel_mul_mm_f32_f32_l4_lm,0.565600,128x8x1,128x1x1,64x512x1x1
ffn_moe_probs-20,kernel_soft_max_4,0.010000,32768x1x1,64x1x1,64x512x1x1
ffn_moe_argsort-20,kernel_argsort_f32_i32,0.087300,64x512x1,64x1x1,64x512x1x1
ffn_moe_weights-20,kernel_get_rows_f32,0.019100,384x512x1,64x1x1,1x6x512x1
ffn_moe_weights_scaled-20,kernel_scale,0.002000,768x1x1,64x1x1,1x6x512x1
ffn_moe_gate-20,kernel_mul_mv_id_q4_0_f32_8x_flat,76.180199,11264x1x3072,64x1x1,1408x6x512x1
ffn_moe_up-20,kernel_mul_mv_id_q4_0_f32_8x_flat,75.334702,11264x1x3072,64x1x1,1408x6x512x1
ffn_moe_weighted-20,kernel_swiglu,0.726500,1572864x1x1,512x1x1,1408x6x512x1
ffn_moe_down-20,kernel_mul_mv_id_q4_0_f32_8x_flat,80.089104,16384x1x3072,64x1x1,2048x6x512x1
node_1324,kernel_mul,0.813400,384x512x1,64x1x1,2048x6x512x1
ffn_gate-20,kernel_transpose_32_16,0.110500,512x128x0,1x16x0,2816x512x1x1
ffn_gate-20,kernel_mul_mat_Ab_Bi_8x4,2.205800,64x704x1,1x128x1,2816x512x1x1
ffn_up-20,kernel_transpose_32_16,0.108900,512x128x0,1x16x0,2816x512x1x1
ffn_up-20,kernel_mul_mat_Ab_Bi_8x4,2.203400,64x704x1,1x128x1,2816x512x1x1
ffn_swiglu-20,kernel_swiglu,0.234400,262144x1x1,512x1x1,2816x512x1x1
node_1334,kernel_add,0.187900,32768x1x1,64x1x1,2048x512x1x1
node_1335,kernel_add,0.181700,32768x1x1,64x1x1,2048x512x1x1
node_1336,kernel_add,0.174800,32768x1x1,64x1x1,2048x512x1x1
node_1337,kernel_add,0.182400,32768x1x1,64x1x1,2048x512x1x1
ffn_moe_out-20,kernel_add,0.181000,32768x1x1,64x1x1,2048x512x1x1
ffn_shexp-20,kernel_transpose_32_16,0.155700,704x128x0,1x16x0,2048x512x1x1
ffn_shexp-20,kernel_mul_mat_Ab_Bi_8x4,2.165600,64x512x1,1x128x1,2048x512x1x1
ffn_out-20,kernel_add,0.171800,32768x1x1,64x1x1,2048x512x1x1
l_out-20,kernel_add,0.172400,32768x1x1,64x1x1,2048x512x1x1
attn_norm-21,kernel_rms_norm_mul,0.127400,524288x1x1,1024x1x1,2048x512x1x1
q-21,kernel_transpose_32_16,0.089600,512x128x0,1x16x0,3072x512x1x1
q-21,kernel_mul_mat_Ab_Bi_8x4,2.252900,64x768x1,1x128x1,3072x512x1x1
q_pe-21,kernel_rope_norm_f32,0.082600,1024x512x1,64x1x1,64x16x512x1
Qcur-21,kernel_concat_f32_non_contiguous,1.715400,16x512x1,0x0x0,192x16x512x1
kv_cmpr_pe-21,kernel_transpose_32_16,0.103900,512x128x0,1x16x0,576x512x1x1
kv_cmpr_pe-21,kernel_mul_mat_Ab_Bi_8x4,0.744400,64x144x1,1x128x1,576x512x1x1
k_pe-21,kernel_rope_norm_f32,0.006200,64x512x1,64x1x1,64x1x512x1
node_1352,kernel_repeat,0.941400,16x512x1,0x0x0,64x16x512x1
kv_cmpr-21,kernel_rms_norm_mul,0.054100,262144x1x1,512x1x1,512x512x1x1
kv-21,kernel_transpose_32_16,0.021000,128x128x0,1x16x0,4096x512x1x1
kv-21,kernel_mul_mat_Ab_Bi_8x4,0.761100,64x1024x1,1x128x1,4096x512x1x1
Kcur-21,kernel_concat_f32_non_contiguous,2.537700,16x512x1,0x0x0,192x16x512x1
Vcur_cont-21,kernel_cpy_f32_f32,0.127000,1024x512x1,64x1x1,128x16x512x1
cache_k_l21 (view),kernel_set_rows_f16_i64,0.128500,524288x1x1,1024x1x1,3072x4096x1x1
cache_v_l21 (view),kernel_set_rows_f16_i64,0.093400,524288x1x1,1024x1x1,2048x4096x1x1
__fattn__-21,flash_attn_f32_f16,74.632500,512x16x0,16x1x0,128x16x512x1
node_1373,kernel_transpose_32_16,0.095800,512x128x0,1x16x0,2048x512x1x1
node_1373,kernel_mul_mat_Ab_Bi_8x4,1.578300,64x512x1,1x128x1,2048x512x1x1
ffn_inp-21,kernel_add,0.173900,32768x1x1,64x1x1,2048x512x1x1
ffn_norm-21,kernel_rms_norm_mul,0.127200,524288x1x1,1024x1x1,2048x512x1x1
ffn_moe_logits-21,kernel_mul_mm_f32_f32_l4_lm,0.556300,128x8x1,128x1x1,64x512x1x1
ffn_moe_probs-21,kernel_soft_max_4,0.010000,32768x1x1,64x1x1,64x512x1x1
ffn_moe_argsort-21,kernel_argsort_f32_i32,0.087700,64x512x1,64x1x1,64x512x1x1
ffn_moe_weights-21,kernel_get_rows_f32,0.019000,384x512x1,64x1x1,1x6x512x1
ffn_moe_weights_scaled-21,kernel_scale,0.002000,768x1x1,64x1x1,1x6x512x1
ffn_moe_gate-21,kernel_mul_mv_id_q4_0_f32_8x_flat,75.726898,11264x1x3072,64x1x1,1408x6x512x1
ffn_moe_up-21,kernel_mul_mv_id_q4_0_f32_8x_flat,76.079697,11264x1x3072,64x1x1,1408x6x512x1
ffn_moe_weighted-21,kernel_swiglu,0.714900,1572864x1x1,512x1x1,1408x6x512x1
ffn_moe_down-21,kernel_mul_mv_id_q4_0_f32_8x_flat,78.766495,16384x1x3072,64x1x1,2048x6x512x1
node_1389,kernel_mul,0.815200,384x512x1,64x1x1,2048x6x512x1
ffn_gate-21,kernel_transpose_32_16,0.108600,512x128x0,1x16x0,2816x512x1x1
ffn_gate-21,kernel_mul_mat_Ab_Bi_8x4,2.205500,64x704x1,1x128x1,2816x512x1x1
ffn_up-21,kernel_transpose_32_16,0.106400,512x128x0,1x16x0,2816x512x1x1
ffn_up-21,kernel_mul_mat_Ab_Bi_8x4,2.205700,64x704x1,1x128x1,2816x512x1x1
ffn_swiglu-21,kernel_swiglu,0.234900,262144x1x1,512x1x1,2816x512x1x1
node_1399,kernel_add,0.188700,32768x1x1,64x1x1,2048x512x1x1
node_1400,kernel_add,0.178800,32768x1x1,64x1x1,2048x512x1x1
node_1401,kernel_add,0.172500,32768x1x1,64x1x1,2048x512x1x1
node_1402,kernel_add,0.176400,32768x1x1,64x1x1,2048x512x1x1
ffn_moe_out-21,kernel_add,0.173600,32768x1x1,64x1x1,2048x512x1x1
ffn_shexp-21,kernel_transpose_32_16,0.152300,704x128x0,1x16x0,2048x512x1x1
ffn_shexp-21,kernel_mul_mat_Ab_Bi_8x4,2.165700,64x512x1,1x128x1,2048x512x1x1
ffn_out-21,kernel_add,0.176500,32768x1x1,64x1x1,2048x512x1x1
l_out-21,kernel_add,0.177300,32768x1x1,64x1x1,2048x512x1x1
attn_norm-22,kernel_rms_norm_mul,0.125600,524288x1x1,1024x1x1,2048x512x1x1
q-22,kernel_transpose_32_16,0.086000,512x128x0,1x16x0,3072x512x1x1
q-22,kernel_mul_mat_Ab_Bi_8x4,2.248700,64x768x1,1x128x1,3072x512x1x1
q_pe-22,kernel_rope_norm_f32,0.083900,1024x512x1,64x1x1,64x16x512x1
Qcur-22,kernel_concat_f32_non_contiguous,1.724600,16x512x1,0x0x0,192x16x512x1
kv_cmpr_pe-22,kernel_transpose_32_16,0.104400,512x128x0,1x16x0,576x512x1x1
kv_cmpr_pe-22,kernel_mul_mat_Ab_Bi_8x4,0.743200,64x144x1,1x128x1,576x512x1x1
k_pe-22,kernel_rope_norm_f32,0.006300,64x512x1,64x1x1,64x1x512x1
node_1417,kernel_repeat,0.939500,16x512x1,0x0x0,64x16x512x1
kv_cmpr-22,kernel_rms_norm_mul,0.054200,262144x1x1,512x1x1,512x512x1x1
kv-22,kernel_transpose_32_16,0.020600,128x128x0,1x16x0,4096x512x1x1
kv-22,kernel_mul_mat_Ab_Bi_8x4,0.763700,64x1024x1,1x128x1,4096x512x1x1
Kcur-22,kernel_concat_f32_non_contiguous,2.550400,16x512x1,0x0x0,192x16x512x1
Vcur_cont-22,kernel_cpy_f32_f32,0.123600,1024x512x1,64x1x1,128x16x512x1
cache_k_l22 (view),kernel_set_rows_f16_i64,0.132200,524288x1x1,1024x1x1,3072x4096x1x1
cache_v_l22 (view),kernel_set_rows_f16_i64,0.092400,524288x1x1,1024x1x1,2048x4096x1x1
__fattn__-22,flash_attn_f32_f16,74.464798,512x16x0,16x1x0,128x16x512x1
node_1438,kernel_transpose_32_16,0.093000,512x128x0,1x16x0,2048x512x1x1
node_1438,kernel_mul_mat_Ab_Bi_8x4,1.575800,64x512x1,1x128x1,2048x512x1x1
ffn_inp-22,kernel_add,0.179000,32768x1x1,64x1x1,2048x512x1x1
ffn_norm-22,kernel_rms_norm_mul,0.126400,524288x1x1,1024x1x1,2048x512x1x1
ffn_moe_logits-22,kernel_mul_mm_f32_f32_l4_lm,0.559100,128x8x1,128x1x1,64x512x1x1
ffn_moe_probs-22,kernel_soft_max_4,0.009800,32768x1x1,64x1x1,64x512x1x1
ffn_moe_argsort-22,kernel_argsort_f32_i32,0.087500,64x512x1,64x1x1,64x512x1x1
ffn_moe_weights-22,kernel_get_rows_f32,0.019100,384x512x1,64x1x1,1x6x512x1
ffn_moe_weights_scaled-22,kernel_scale,0.002300,768x1x1,64x1x1,1x6x512x1
ffn_moe_gate-22,kernel_mul_mv_id_q4_0_f32_8x_flat,75.949600,11264x1x3072,64x1x1,1408x6x512x1
ffn_moe_up-22,kernel_mul_mv_id_q4_0_f32_8x_flat,75.869003,11264x1x3072,64x1x1,1408x6x512x1
ffn_moe_weighted-22,kernel_swiglu,0.709000,1572864x1x1,512x1x1,1408x6x512x1
ffn_moe_down-22,kernel_mul_mv_id_q4_0_f32_8x_flat,78.952301,16384x1x3072,64x1x1,2048x6x512x1
node_1454,kernel_mul,0.814900,384x512x1,64x1x1,2048x6x512x1
ffn_gate-22,kernel_transpose_32_16,0.112200,512x128x0,1x16x0,2816x512x1x1
ffn_gate-22,kernel_mul_mat_Ab_Bi_8x4,2.202100,64x704x1,1x128x1,2816x512x1x1
ffn_up-22,kernel_transpose_32_16,0.104900,512x128x0,1x16x0,2816x512x1x1
ffn_up-22,kernel_mul_mat_Ab_Bi_8x4,2.202600,64x704x1,1x128x1,2816x512x1x1
ffn_swiglu-22,kernel_swiglu,0.234700,262144x1x1,512x1x1,2816x512x1x1
node_1464,kernel_add,0.187900,32768x1x1,64x1x1,2048x512x1x1
node_1465,kernel_add,0.182900,32768x1x1,64x1x1,2048x512x1x1
node_1466,kernel_add,0.174300,32768x1x1,64x1x1,2048x512x1x1
node_1467,kernel_add,0.174900,32768x1x1,64x1x1,2048x512x1x1
ffn_moe_out-22,kernel_add,0.172900,32768x1x1,64x1x1,2048x512x1x1
ffn_shexp-22,kernel_transpose_32_16,0.150300,704x128x0,1x16x0,2048x512x1x1
ffn_shexp-22,kernel_mul_mat_Ab_Bi_8x4,2.150400,64x512x1,1x128x1,2048x512x1x1
ffn_out-22,kernel_add,0.173900,32768x1x1,64x1x1,2048x512x1x1
l_out-22,kernel_add,0.178300,32768x1x1,64x1x1,2048x512x1x1
attn_norm-23,kernel_rms_norm_mul,0.126200,524288x1x1,1024x1x1,2048x512x1x1
q-23,kernel_transpose_32_16,0.089900,512x128x0,1x16x0,3072x512x1x1
q-23,kernel_mul_mat_Ab_Bi_8x4,2.249900,64x768x1,1x128x1,3072x512x1x1
q_pe-23,kernel_rope_norm_f32,0.083400,1024x512x1,64x1x1,64x16x512x1
Qcur-23,kernel_concat_f32_non_contiguous,1.712900,16x512x1,0x0x0,192x16x512x1
kv_cmpr_pe-23,kernel_transpose_32_16,0.104400,512x128x0,1x16x0,576x512x1x1
kv_cmpr_pe-23,kernel_mul_mat_Ab_Bi_8x4,0.740800,64x144x1,1x128x1,576x512x1x1
k_pe-23,kernel_rope_norm_f32,0.006700,64x512x1,64x1x1,64x1x512x1
node_1482,kernel_repeat,1.676400,16x512x1,0x0x0,64x16x512x1
kv_cmpr-23,kernel_rms_norm_mul,0.053900,262144x1x1,512x1x1,512x512x1x1
kv-23,kernel_transpose_32_16,0.020900,128x128x0,1x16x0,4096x512x1x1
kv-23,kernel_mul_mat_Ab_Bi_8x4,0.761100,64x1024x1,1x128x1,4096x512x1x1
Kcur-23,kernel_concat_f32_non_contiguous,2.326000,16x512x1,0x0x0,192x16x512x1
Vcur_cont-23,kernel_cpy_f32_f32,0.125900,1024x512x1,64x1x1,128x16x512x1
cache_k_l23 (view),kernel_set_rows_f16_i64,0.136900,524288x1x1,1024x1x1,3072x4096x1x1
cache_v_l23 (view),kernel_set_rows_f16_i64,0.091900,524288x1x1,1024x1x1,2048x4096x1x1
__fattn__-23,flash_attn_f32_f16,74.522301,512x16x0,16x1x0,128x16x512x1
node_1503,kernel_transpose_32_16,0.094800,512x128x0,1x16x0,2048x512x1x1
node_1503,kernel_mul_mat_Ab_Bi_8x4,1.593100,64x512x1,1x128x1,2048x512x1x1
ffn_inp-23,kernel_add,0.176500,32768x1x1,64x1x1,2048x512x1x1
ffn_norm-23,kernel_rms_norm_mul,0.126500,524288x1x1,1024x1x1,2048x512x1x1
ffn_moe_logits-23,kernel_mul_mm_f32_f32_l4_lm,0.569900,128x8x1,128x1x1,64x512x1x1
ffn_moe_probs-23,kernel_soft_max_4,0.010000,32768x1x1,64x1x1,64x512x1x1
ffn_moe_argsort-23,kernel_argsort_f32_i32,0.087300,64x512x1,64x1x1,64x512x1x1
ffn_moe_weights-23,kernel_get_rows_f32,0.018900,384x512x1,64x1x1,1x6x512x1
ffn_moe_weights_scaled-23,kernel_scale,0.002000,768x1x1,64x1x1,1x6x512x1
ffn_moe_gate-23,kernel_mul_mv_id_q4_0_f32_8x_flat,76.493599,11264x1x3072,64x1x1,1408x6x512x1
ffn_moe_up-23,kernel_mul_mv_id_q4_0_f32_8x_flat,76.205399,11264x1x3072,64x1x1,1408x6x512x1
ffn_moe_weighted-23,kernel_swiglu,0.716100,1572864x1x1,512x1x1,1408x6x512x1
ffn_moe_down-23,kernel_mul_mv_id_q4_0_f32_8x_flat,78.742599,16384x1x3072,64x1x1,2048x6x512x1
node_1519,kernel_mul,0.813500,384x512x1,64x1x1,2048x6x512x1
ffn_gate-23,kernel_transpose_32_16,0.108300,512x128x0,1x16x0,2816x512x1x1
ffn_gate-23,kernel_mul_mat_Ab_Bi_8x4,2.208700,64x704x1,1x128x1,2816x512x1x1
ffn_up-23,kernel_transpose_32_16,0.106000,512x128x0,1x16x0,2816x512x1x1
ffn_up-23,kernel_mul_mat_Ab_Bi_8x4,2.211700,64x704x1,1x128x1,2816x512x1x1
ffn_swiglu-23,kernel_swiglu,0.235100,262144x1x1,512x1x1,2816x512x1x1
node_1529,kernel_add,0.182700,32768x1x1,64x1x1,2048x512x1x1
node_1530,kernel_add,0.184700,32768x1x1,64x1x1,2048x512x1x1
node_1531,kernel_add,0.176200,32768x1x1,64x1x1,2048x512x1x1
node_1532,kernel_add,0.176600,32768x1x1,64x1x1,2048x512x1x1
ffn_moe_out-23,kernel_add,0.178500,32768x1x1,64x1x1,2048x512x1x1
ffn_shexp-23,kernel_transpose_32_16,0.152200,704x128x0,1x16x0,2048x512x1x1
ffn_shexp-23,kernel_mul_mat_Ab_Bi_8x4,2.168400,64x512x1,1x128x1,2048x512x1x1
ffn_out-23,kernel_add,0.175200,32768x1x1,64x1x1,2048x512x1x1
l_out-23,kernel_add,0.168600,32768x1x1,64x1x1,2048x512x1x1
attn_norm-24,kernel_rms_norm_mul,0.127700,524288x1x1,1024x1x1,2048x512x1x1
q-24,kernel_transpose_32_16,0.092000,512x128x0,1x16x0,3072x512x1x1
q-24,kernel_mul_mat_Ab_Bi_8x4,2.253100,64x768x1,1x128x1,3072x512x1x1
q_pe-24,kernel_rope_norm_f32,0.083600,1024x512x1,64x1x1,64x16x512x1
Qcur-24,kernel_concat_f32_non_contiguous,1.710100,16x512x1,0x0x0,192x16x512x1
kv_cmpr_pe-24,kernel_transpose_32_16,0.106900,512x128x0,1x16x0,576x512x1x1
kv_cmpr_pe-24,kernel_mul_mat_Ab_Bi_8x4,0.740600,64x144x1,1x128x1,576x512x1x1
k_pe-24,kernel_rope_norm_f32,0.006100,64x512x1,64x1x1,64x1x512x1
node_1547,kernel_repeat,0.973000,16x512x1,0x0x0,64x16x512x1
kv_cmpr-24,kernel_rms_norm_mul,0.054200,262144x1x1,512x1x1,512x512x1x1
kv-24,kernel_transpose_32_16,0.020200,128x128x0,1x16x0,4096x512x1x1
kv-24,kernel_mul_mat_Ab_Bi_8x4,0.762400,64x1024x1,1x128x1,4096x512x1x1
Kcur-24,kernel_concat_f32_non_contiguous,2.297700,16x512x1,0x0x0,192x16x512x1
Vcur_cont-24,kernel_cpy_f32_f32,0.124000,1024x512x1,64x1x1,128x16x512x1
cache_k_l24 (view),kernel_set_rows_f16_i64,0.135100,524288x1x1,1024x1x1,3072x4096x1x1
cache_v_l24 (view),kernel_set_rows_f16_i64,0.092400,524288x1x1,1024x1x1,2048x4096x1x1
__fattn__-24,flash_attn_f32_f16,74.607903,512x16x0,16x1x0,128x16x512x1
node_1568,kernel_transpose_32_16,0.093300,512x128x0,1x16x0,2048x512x1x1
node_1568,kernel_mul_mat_Ab_Bi_8x4,1.576700,64x512x1,1x128x1,2048x512x1x1
ffn_inp-24,kernel_add,0.179000,32768x1x1,64x1x1,2048x512x1x1
ffn_norm-24,kernel_rms_norm_mul,0.125900,524288x1x1,1024x1x1,2048x512x1x1
ffn_moe_logits-24,kernel_mul_mm_f32_f32_l4_lm,0.568000,128x8x1,128x1x1,64x512x1x1
ffn_moe_probs-24,kernel_soft_max_4,0.010000,32768x1x1,64x1x1,64x512x1x1
ffn_moe_argsort-24,kernel_argsort_f32_i32,0.088000,64x512x1,64x1x1,64x512x1x1
ffn_moe_weights-24,kernel_get_rows_f32,0.018600,384x512x1,64x1x1,1x6x512x1
ffn_moe_weights_scaled-24,kernel_scale,0.002000,768x1x1,64x1x1,1x6x512x1
ffn_moe_gate-24,kernel_mul_mv_id_q4_0_f32_8x_flat,75.614403,11264x1x3072,64x1x1,1408x6x512x1
ffn_moe_up-24,kernel_mul_mv_id_q4_0_f32_8x_flat,77.158997,11264x1x3072,64x1x1,1408x6x512x1
ffn_moe_weighted-24,kernel_swiglu,0.710400,1572864x1x1,512x1x1,1408x6x512x1
ffn_moe_down-24,kernel_mul_mv_id_q4_0_f32_8x_flat,78.774895,16384x1x3072,64x1x1,2048x6x512x1
node_1584,kernel_mul,0.813300,384x512x1,64x1x1,2048x6x512x1
ffn_gate-24,kernel_transpose_32_16,0.104500,512x128x0,1x16x0,2816x512x1x1
ffn_gate-24,kernel_mul_mat_Ab_Bi_8x4,2.209700,64x704x1,1x128x1,2816x512x1x1
ffn_up-24,kernel_transpose_32_16,0.109700,512x128x0,1x16x0,2816x512x1x1
ffn_up-24,kernel_mul_mat_Ab_Bi_8x4,2.203900,64x704x1,1x128x1,2816x512x1x1
ffn_swiglu-24,kernel_swiglu,0.233800,262144x1x1,512x1x1,2816x512x1x1
node_1594,kernel_add,0.185700,32768x1x1,64x1x1,2048x512x1x1
node_1595,kernel_add,0.178400,32768x1x1,64x1x1,2048x512x1x1
node_1596,kernel_add,0.175000,32768x1x1,64x1x1,2048x512x1x1
node_1597,kernel_add,0.171900,32768x1x1,64x1x1,2048x512x1x1
ffn_moe_out-24,kernel_add,0.174000,32768x1x1,64x1x1,2048x512x1x1
ffn_shexp-24,kernel_transpose_32_16,0.154700,704x128x0,1x16x0,2048x512x1x1
ffn_shexp-24,kernel_mul_mat_Ab_Bi_8x4,2.160400,64x512x1,1x128x1,2048x512x1x1
ffn_out-24,kernel_add,0.176400,32768x1x1,64x1x1,2048x512x1x1
l_out-24,kernel_add,0.176200,32768x1x1,64x1x1,2048x512x1x1
attn_norm-25,kernel_rms_norm_mul,0.126400,524288x1x1,1024x1x1,2048x512x1x1
q-25,kernel_transpose_32_16,0.090600,512x128x0,1x16x0,3072x512x1x1
q-25,kernel_mul_mat_Ab_Bi_8x4,2.249800,64x768x1,1x128x1,3072x512x1x1
q_pe-25,kernel_rope_norm_f32,0.083300,1024x512x1,64x1x1,64x16x512x1
Qcur-25,kernel_concat_f32_non_contiguous,1.722600,16x512x1,0x0x0,192x16x512x1
kv_cmpr_pe-25,kernel_transpose_32_16,0.104900,512x128x0,1x16x0,576x512x1x1
kv_cmpr_pe-25,kernel_mul_mat_Ab_Bi_8x4,0.740600,64x144x1,1x128x1,576x512x1x1
k_pe-25,kernel_rope_norm_f32,0.006500,64x512x1,64x1x1,64x1x512x1
node_1612,kernel_repeat,1.667400,16x512x1,0x0x0,64x16x512x1
kv_cmpr-25,kernel_rms_norm_mul,0.054000,262144x1x1,512x1x1,512x512x1x1
kv-25,kernel_transpose_32_16,0.016900,128x128x0,1x16x0,4096x512x1x1
kv-25,kernel_mul_mat_Ab_Bi_8x4,0.762200,64x1024x1,1x128x1,4096x512x1x1
Kcur-25,kernel_concat_f32_non_contiguous,2.566300,16x512x1,0x0x0,192x16x512x1
Vcur_cont-25,kernel_cpy_f32_f32,0.123900,1024x512x1,64x1x1,128x16x512x1
cache_k_l25 (view),kernel_set_rows_f16_i64,0.136500,524288x1x1,1024x1x1,3072x4096x1x1
cache_v_l25 (view),kernel_set_rows_f16_i64,0.092300,524288x1x1,1024x1x1,2048x4096x1x1
__fattn__-25,flash_attn_f32_f16,74.600494,512x16x0,16x1x0,128x16x512x1
node_1633,kernel_transpose_32_16,0.093900,512x128x0,1x16x0,2048x512x1x1
node_1633,kernel_mul_mat_Ab_Bi_8x4,1.577000,64x512x1,1x128x1,2048x512x1x1
ffn_inp-25,kernel_add,0.177400,32768x1x1,64x1x1,2048x512x1x1
ffn_norm-25,kernel_rms_norm_mul,0.126500,524288x1x1,1024x1x1,2048x512x1x1
ffn_moe_logits-25,kernel_mul_mm_f32_f32_l4_lm,0.547700,128x8x1,128x1x1,64x512x1x1
ffn_moe_probs-25,kernel_soft_max_4,0.009700,32768x1x1,64x1x1,64x512x1x1
ffn_moe_argsort-25,kernel_argsort_f32_i32,0.087100,64x512x1,64x1x1,64x512x1x1
ffn_moe_weights-25,kernel_get_rows_f32,0.018900,384x512x1,64x1x1,1x6x512x1
ffn_moe_weights_scaled-25,kernel_scale,0.002000,768x1x1,64x1x1,1x6x512x1
ffn_moe_gate-25,kernel_mul_mv_id_q4_0_f32_8x_flat,76.315292,11264x1x3072,64x1x1,1408x6x512x1
ffn_moe_up-25,kernel_mul_mv_id_q4_0_f32_8x_flat,75.998703,11264x1x3072,64x1x1,1408x6x512x1
ffn_moe_weighted-25,kernel_swiglu,0.707800,1572864x1x1,512x1x1,1408x6x512x1
ffn_moe_down-25,kernel_mul_mv_id_q4_0_f32_8x_flat,78.925697,16384x1x3072,64x1x1,2048x6x512x1
node_1649,kernel_mul,0.816600,384x512x1,64x1x1,2048x6x512x1
ffn_gate-25,kernel_transpose_32_16,0.109500,512x128x0,1x16x0,2816x512x1x1
ffn_gate-25,kernel_mul_mat_Ab_Bi_8x4,2.205000,64x704x1,1x128x1,2816x512x1x1
ffn_up-25,kernel_transpose_32_16,0.105100,512x128x0,1x16x0,2816x512x1x1
ffn_up-25,kernel_mul_mat_Ab_Bi_8x4,2.206000,64x704x1,1x128x1,2816x512x1x1
ffn_swiglu-25,kernel_swiglu,0.236400,262144x1x1,512x1x1,2816x512x1x1
node_1659,kernel_add,0.190400,32768x1x1,64x1x1,2048x512x1x1
node_1660,kernel_add,0.184700,32768x1x1,64x1x1,2048x512x1x1
node_1661,kernel_add,0.177000,32768x1x1,64x1x1,2048x512x1x1
node_1662,kernel_add,0.182000,32768x1x1,64x1x1,2048x512x1x1
ffn_moe_out-25,kernel_add,0.174900,32768x1x1,64x1x1,2048x512x1x1
ffn_shexp-25,kernel_transpose_32_16,0.155000,704x128x0,1x16x0,2048x512x1x1
ffn_shexp-25,kernel_mul_mat_Ab_Bi_8x4,2.184400,64x512x1,1x128x1,2048x512x1x1
ffn_out-25,kernel_add,0.176500,32768x1x1,64x1x1,2048x512x1x1
l_out-25,kernel_add,0.178600,32768x1x1,64x1x1,2048x512x1x1
attn_norm-26,kernel_rms_norm_mul,0.126200,524288x1x1,1024x1x1,2048x512x1x1
q-26,kernel_transpose_32_16,0.091400,512x128x0,1x16x0,3072x512x1x1
q-26,kernel_mul_mat_Ab_Bi_8x4,2.252100,64x768x1,1x128x1,3072x512x1x1
q_pe-26,kernel_rope_norm_f32,0.083600,1024x512x1,64x1x1,64x16x512x1
Qcur-26,kernel_concat_f32_non_contiguous,1.687400,16x512x1,0x0x0,192x16x512x1
kv_cmpr_pe-26,kernel_transpose_32_16,0.102900,512x128x0,1x16x0,576x512x1x1
kv_cmpr_pe-26,kernel_mul_mat_Ab_Bi_8x4,0.742500,64x144x1,1x128x1,576x512x1x1
k_pe-26,kernel_rope_norm_f32,0.006700,64x512x1,64x1x1,64x1x512x1
node_1677,kernel_repeat,0.997500,16x512x1,0x0x0,64x16x512x1
kv_cmpr-26,kernel_rms_norm_mul,0.054000,262144x1x1,512x1x1,512x512x1x1
kv-26,kernel_transpose_32_16,0.020200,128x128x0,1x16x0,4096x512x1x1
kv-26,kernel_mul_mat_Ab_Bi_8x4,0.762600,64x1024x1,1x128x1,4096x512x1x1
Kcur-26,kernel_concat_f32_non_contiguous,2.353200,16x512x1,0x0x0,192x16x512x1
Vcur_cont-26,kernel_cpy_f32_f32,0.117900,1024x512x1,64x1x1,128x16x512x1
cache_k_l26 (view),kernel_set_rows_f16_i64,0.134300,524288x1x1,1024x1x1,3072x4096x1x1
cache_v_l26 (view),kernel_set_rows_f16_i64,0.094100,524288x1x1,1024x1x1,2048x4096x1x1
__fattn__-26,flash_attn_f32_f16,74.528801,512x16x0,16x1x0,128x16x512x1
node_1698,kernel_transpose_32_16,0.094300,512x128x0,1x16x0,2048x512x1x1
node_1698,kernel_mul_mat_Ab_Bi_8x4,1.575700,64x512x1,1x128x1,2048x512x1x1
attn_norm-0,kernel_rms_norm_mul,0.036200,132096x1x1,1024x1x1,2048x129x1x1
q-0,kernel_transpose_32_16,0.020700,512x34x0,1x16x0,3072x129x1x1
q-0,kernel_mul_mat_Ab_Bi_8x4,0.727700,17x768x1,1x128x1,3072x129x1x1
q_pe-0,kernel_rope_norm_f32,0.019000,1024x129x1,64x1x1,64x16x129x1
Qcur-0,kernel_concat_f32_non_contiguous,0.263500,16x129x1,0x0x0,192x16x129x1
kv_cmpr_pe-0,kernel_transpose_32_16,0.023600,512x34x0,1x16x0,576x129x1x1
kv_cmpr_pe-0,kernel_mul_mat_Ab_Bi_8x4,0.314600,17x144x1,1x128x1,576x129x1x1
k_pe-0,kernel_rope_norm_f32,0.003300,64x129x1,64x1x1,64x1x129x1
node_11,kernel_repeat,0.186400,16x129x1,0x0x0,64x16x129x1
kv_cmpr-0,kernel_rms_norm_mul,0.015600,66048x1x1,512x1x1,512x129x1x1
kv-0,kernel_transpose_32_16,0.007100,128x34x0,1x16x0,4096x129x1x1
kv-0,kernel_mul_mat_Ab_Bi_8x4,0.228500,17x1024x1,1x128x1,4096x129x1x1
Kcur-0,kernel_concat_f32_non_contiguous,0.721700,16x129x1,0x0x0,192x16x129x1
Vcur_cont-0,kernel_cpy_f32_f32,0.022700,1024x129x1,64x1x1,128x16x129x1
cache_k_l0 (view),kernel_set_rows_f16_i64,0.032500,132096x1x1,1024x1x1,3072x4096x1x1
cache_v_l0 (view),kernel_set_rows_f16_i64,0.022600,132096x1x1,1024x1x1,2048x4096x1x1
 (copy),kernel_cpy_f32_f16,0.012700,12288x1x1,64x1x1,768x192x1x1
__fattn__-0,flash_attn_f32_f16,30.560499,144x16x0,16x1x0,128x16x129x1
node_33,kernel_transpose_32_16,0.018800,512x34x0,1x16x0,2048x129x1x1
node_33,kernel_mul_mat_Ab_Bi_8x4,0.511000,17x512x1,1x128x1,2048x129x1x1
ffn_inp-0,kernel_add,0.036900,8256x1x1,64x1x1,2048x129x1x1
ffn_norm-0,kernel_rms_norm_mul,0.034300,132096x1x1,1024x1x1,2048x129x1x1
ffn_gate-0,kernel_transpose_32_16,0.020000,512x34x0,1x16x0,10944x129x1x1
ffn_gate-0,kernel_mul_mat_Ab_Bi_8x4,2.202600,17x2736x1,1x128x1,10944x129x1x1
ffn_up-0,kernel_transpose_32_16,0.021800,512x34x0,1x16x0,10944x129x1x1
ffn_up-0,kernel_mul_mat_Ab_Bi_8x4,2.196600,17x2736x1,1x128x1,10944x129x1x1
ffn_swiglu-0,kernel_swiglu,0.237400,66048x1x1,512x1x1,10944x129x1x1
ffn_out-0,kernel_transpose_32_16,0.172800,2736x34x0,1x16x0,2048x129x1x1
ffn_out-0,kernel_mul_mat_Ab_Bi_8x4,2.767600,17x512x1,1x128x1,2048x129x1x1
l_out-0,kernel_add,0.036100,8256x1x1,64x1x1,2048x129x1x1
attn_norm-1,kernel_rms_norm_mul,0.034100,132096x1x1,1024x1x1,2048x129x1x1
q-1,kernel_transpose_32_16,0.020400,512x34x0,1x16x0,3072x129x1x1
q-1,kernel_mul_mat_Ab_Bi_8x4,0.726900,17x768x1,1x128x1,3072x129x1x1
q_pe-1,kernel_rope_norm_f32,0.019600,1024x129x1,64x1x1,64x16x129x1
Qcur-1,kernel_concat_f32_non_contiguous,0.270200,16x129x1,0x0x0,192x16x129x1
kv_cmpr_pe-1,kernel_transpose_32_16,0.025000,512x34x0,1x16x0,576x129x1x1
kv_cmpr_pe-1,kernel_mul_mat_Ab_Bi_8x4,0.314700,17x144x1,1x128x1,576x129x1x1
k_pe-1,kernel_rope_norm_f32,0.003200,64x129x1,64x1x1,64x1x129x1
node_52,kernel_repeat,0.192100,16x129x1,0x0x0,64x16x129x1
kv_cmpr-1,kernel_rms_norm_mul,0.015900,66048x1x1,512x1x1,512x129x1x1
kv-1,kernel_transpose_32_16,0.006100,128x34x0,1x16x0,4096x129x1x1
kv-1,kernel_mul_mat_Ab_Bi_8x4,0.229300,17x1024x1,1x128x1,4096x129x1x1
Kcur-1,kernel_concat_f32_non_contiguous,0.563300,16x129x1,0x0x0,192x16x129x1
Vcur_cont-1,kernel_cpy_f32_f32,0.023300,1024x129x1,64x1x1,128x16x129x1
cache_k_l1 (view),kernel_set_rows_f16_i64,0.031300,132096x1x1,1024x1x1,3072x4096x1x1
cache_v_l1 (view),kernel_set_rows_f16_i64,0.022700,132096x1x1,1024x1x1,2048x4096x1x1
__fattn__-1,flash_attn_f32_f16,30.461100,144x16x0,16x1x0,128x16x129x1
node_73,kernel_transpose_32_16,0.019000,512x34x0,1x16x0,2048x129x1x1
node_73,kernel_mul_mat_Ab_Bi_8x4,0.509600,17x512x1,1x128x1,2048x129x1x1
ffn_inp-1,kernel_add,0.037300,8256x1x1,64x1x1,2048x129x1x1
ffn_norm-1,kernel_rms_norm_mul,0.034200,132096x1x1,1024x1x1,2048x129x1x1
ffn_moe_logits-1,kernel_mul_mm_f32_f32_l4_lm,0.472000,128x3x1,128x1x1,64x129x1x1
ffn_moe_probs-1,kernel_soft_max_4,0.004300,8256x1x1,64x1x1,64x129x1x1
ffn_moe_argsort-1,kernel_argsort_f32_i32,0.025300,64x129x1,64x1x1,64x129x1x1
ffn_moe_weights-1,kernel_get_rows_f32,0.006300,384x129x1,64x1x1,1x6x129x1
ffn_moe_weights_scaled-1,kernel_scale,0.001900,193x1x1,64x1x1,1x6x129x1
ffn_moe_gate-1,kernel_mul_mv_id_q4_0_f32_8x_flat,18.757200,11264x1x774,64x1x1,1408x6x129x1
ffn_moe_up-1,kernel_mul_mv_id_q4_0_f32_8x_flat,18.647200,11264x1x774,64x1x1,1408x6x129x1
ffn_moe_weighted-1,kernel_swiglu,0.171900,396288x1x1,512x1x1,1408x6x129x1
ffn_moe_down-1,kernel_mul_mv_id_q4_0_f32_8x_flat,19.937799,16384x1x774,64x1x1,2048x6x129x1
node_89,kernel_mul,0.200200,384x129x1,64x1x1,2048x6x129x1
ffn_gate-1,kernel_transpose_32_16,0.028400,512x34x0,1x16x0,2816x129x1x1
ffn_gate-1,kernel_mul_mat_Ab_Bi_8x4,0.663100,17x704x1,1x128x1,2816x129x1x1
ffn_up-1,kernel_transpose_32_16,0.022800,512x34x0,1x16x0,2816x129x1x1
ffn_up-1,kernel_mul_mat_Ab_Bi_8x4,0.663200,17x704x1,1x128x1,2816x129x1x1
ffn_swiglu-1,kernel_swiglu,0.047500,66048x1x1,512x1x1,2816x129x1x1
node_99,kernel_add,0.048600,8256x1x1,64x1x1,2048x129x1x1
node_100,kernel_add,0.037100,8256x1x1,64x1x1,2048x129x1x1
node_101,kernel_add,0.038500,8256x1x1,64x1x1,2048x129x1x1
node_102,kernel_add,0.039300,8256x1x1,64x1x1,2048x129x1x1
ffn_moe_out-1,kernel_add,0.037900,8256x1x1,64x1x1,2048x129x1x1
ffn_shexp-1,kernel_transpose_32_16,0.045400,704x34x0,1x16x0,2048x129x1x1
ffn_shexp-1,kernel_mul_mat_Ab_Bi_8x4,0.705200,17x512x1,1x128x1,2048x129x1x1
ffn_out-1,kernel_add,0.036700,8256x1x1,64x1x1,2048x129x1x1
l_out-1,kernel_add,0.038000,8256x1x1,64x1x1,2048x129x1x1
attn_norm-2,kernel_rms_norm_mul,0.033900,132096x1x1,1024x1x1,2048x129x1x1
q-2,kernel_transpose_32_16,0.020600,512x34x0,1x16x0,3072x129x1x1
q-2,kernel_mul_mat_Ab_Bi_8x4,0.729300,17x768x1,1x128x1,3072x129x1x1
q_pe-2,kernel_rope_norm_f32,0.020000,1024x129x1,64x1x1,64x16x129x1
Qcur-2,kernel_concat_f32_non_contiguous,0.267800,16x129x1,0x0x0,192x16x129x1
kv_cmpr_pe-2,kernel_transpose_32_16,0.020700,512x34x0,1x16x0,576x129x1x1
kv_cmpr_pe-2,kernel_mul_mat_Ab_Bi_8x4,0.314000,17x144x1,1x128x1,576x129x1x1
k_pe-2,kernel_rope_norm_f32,0.003400,64x129x1,64x1x1,64x1x129x1
node_117,kernel_repeat,0.190700,16x129x1,0x0x0,64x16x129x1
kv_cmpr-2,kernel_rms_norm_mul,0.015500,66048x1x1,512x1x1,512x129x1x1
kv-2,kernel_transpose_32_16,0.007000,128x34x0,1x16x0,4096x129x1x1
kv-2,kernel_mul_mat_Ab_Bi_8x4,0.229200,17x1024x1,1x128x1,4096x129x1x1
Kcur-2,kernel_concat_f32_non_contiguous,0.714500,16x129x1,0x0x0,192x16x129x1
Vcur_cont-2,kernel_cpy_f32_f32,0.019900,1024x129x1,64x1x1,128x16x129x1
cache_k_l2 (view),kernel_set_rows_f16_i64,0.030600,132096x1x1,1024x1x1,3072x4096x1x1
cache_v_l2 (view),kernel_set_rows_f16_i64,0.021800,132096x1x1,1024x1x1,2048x4096x1x1
__fattn__-2,flash_attn_f32_f16,30.558500,144x16x0,16x1x0,128x16x129x1
node_138,kernel_transpose_32_16,0.019000,512x34x0,1x16x0,2048x129x1x1
node_138,kernel_mul_mat_Ab_Bi_8x4,0.510500,17x512x1,1x128x1,2048x129x1x1
ffn_inp-2,kernel_add,0.038500,8256x1x1,64x1x1,2048x129x1x1
ffn_norm-2,kernel_rms_norm_mul,0.034500,132096x1x1,1024x1x1,2048x129x1x1
ffn_moe_logits-2,kernel_mul_mm_f32_f32_l4_lm,0.463600,128x3x1,128x1x1,64x129x1x1
ffn_moe_probs-2,kernel_soft_max_4,0.004700,8256x1x1,64x1x1,64x129x1x1
ffn_moe_argsort-2,kernel_argsort_f32_i32,0.025400,64x129x1,64x1x1,64x129x1x1
ffn_moe_weights-2,kernel_get_rows_f32,0.006400,384x129x1,64x1x1,1x6x129x1
ffn_moe_weights_scaled-2,kernel_scale,0.001800,193x1x1,64x1x1,1x6x129x1
ffn_moe_gate-2,kernel_mul_mv_id_q4_0_f32_8x_flat,18.504900,11264x1x774,64x1x1,1408x6x129x1
ffn_moe_up-2,kernel_mul_mv_id_q4_0_f32_8x_flat,18.497900,11264x1x774,64x1x1,1408x6x129x1
ffn_moe_weighted-2,kernel_swiglu,0.172900,396288x1x1,512x1x1,1408x6x129x1
ffn_moe_down-2,kernel_mul_mv_id_q4_0_f32_8x_flat,19.843700,16384x1x774,64x1x1,2048x6x129x1
node_154,kernel_mul,0.203800,384x129x1,64x1x1,2048x6x129x1
ffn_gate-2,kernel_transpose_32_16,0.028600,512x34x0,1x16x0,2816x129x1x1
ffn_gate-2,kernel_mul_mat_Ab_Bi_8x4,0.659300,17x704x1,1x128x1,2816x129x1x1
ffn_up-2,kernel_transpose_32_16,0.022700,512x34x0,1x16x0,2816x129x1x1
ffn_up-2,kernel_mul_mat_Ab_Bi_8x4,0.664100,17x704x1,1x128x1,2816x129x1x1
ffn_swiglu-2,kernel_swiglu,0.045100,66048x1x1,512x1x1,2816x129x1x1
node_164,kernel_add,0.048500,8256x1x1,64x1x1,2048x129x1x1
node_165,kernel_add,0.033000,8256x1x1,64x1x1,2048x129x1x1
node_166,kernel_add,0.036800,8256x1x1,64x1x1,2048x129x1x1
node_167,kernel_add,0.039500,8256x1x1,64x1x1,2048x129x1x1
ffn_moe_out-2,kernel_add,0.036700,8256x1x1,64x1x1,2048x129x1x1
ffn_shexp-2,kernel_transpose_32_16,0.042900,704x34x0,1x16x0,2048x129x1x1
ffn_shexp-2,kernel_mul_mat_Ab_Bi_8x4,0.703700,17x512x1,1x128x1,2048x129x1x1
ffn_out-2,kernel_add,0.033200,8256x1x1,64x1x1,2048x129x1x1
l_out-2,kernel_add,0.040600,8256x1x1,64x1x1,2048x129x1x1
attn_norm-3,kernel_rms_norm_mul,0.033900,132096x1x1,1024x1x1,2048x129x1x1
q-3,kernel_transpose_32_16,0.020300,512x34x0,1x16x0,3072x129x1x1
q-3,kernel_mul_mat_Ab_Bi_8x4,0.728100,17x768x1,1x128x1,3072x129x1x1
q_pe-3,kernel_rope_norm_f32,0.019200,1024x129x1,64x1x1,64x16x129x1
Qcur-3,kernel_concat_f32_non_contiguous,0.266400,16x129x1,0x0x0,192x16x129x1
kv_cmpr_pe-3,kernel_transpose_32_16,0.024100,512x34x0,1x16x0,576x129x1x1
kv_cmpr_pe-3,kernel_mul_mat_Ab_Bi_8x4,0.314900,17x144x1,1x128x1,576x129x1x1
k_pe-3,kernel_rope_norm_f32,0.003200,64x129x1,64x1x1,64x1x129x1
node_182,kernel_repeat,0.187000,16x129x1,0x0x0,64x16x129x1
kv_cmpr-3,kernel_rms_norm_mul,0.015800,66048x1x1,512x1x1,512x129x1x1
kv-3,kernel_transpose_32_16,0.006500,128x34x0,1x16x0,4096x129x1x1
kv-3,kernel_mul_mat_Ab_Bi_8x4,0.228800,17x1024x1,1x128x1,4096x129x1x1
Kcur-3,kernel_concat_f32_non_contiguous,0.712100,16x129x1,0x0x0,192x16x129x1
Vcur_cont-3,kernel_cpy_f32_f32,0.023400,1024x129x1,64x1x1,128x16x129x1
cache_k_l3 (view),kernel_set_rows_f16_i64,0.031500,132096x1x1,1024x1x1,3072x4096x1x1
cache_v_l3 (view),kernel_set_rows_f16_i64,0.023100,132096x1x1,1024x1x1,2048x4096x1x1
__fattn__-3,flash_attn_f32_f16,30.412701,144x16x0,16x1x0,128x16x129x1
node_203,kernel_transpose_32_16,0.019000,512x34x0,1x16x0,2048x129x1x1
node_203,kernel_mul_mat_Ab_Bi_8x4,0.511900,17x512x1,1x128x1,2048x129x1x1
ffn_inp-3,kernel_add,0.036700,8256x1x1,64x1x1,2048x129x1x1
ffn_norm-3,kernel_rms_norm_mul,0.034900,132096x1x1,1024x1x1,2048x129x1x1
ffn_moe_logits-3,kernel_mul_mm_f32_f32_l4_lm,0.471500,128x3x1,128x1x1,64x129x1x1
ffn_moe_probs-3,kernel_soft_max_4,0.004500,8256x1x1,64x1x1,64x129x1x1
ffn_moe_argsort-3,kernel_argsort_f32_i32,0.025200,64x129x1,64x1x1,64x129x1x1
ffn_moe_weights-3,kernel_get_rows_f32,0.006600,384x129x1,64x1x1,1x6x129x1
ffn_moe_weights_scaled-3,kernel_scale,0.001800,193x1x1,64x1x1,1x6x129x1
ffn_moe_gate-3,kernel_mul_mv_id_q4_0_f32_8x_flat,18.488001,11264x1x774,64x1x1,1408x6x129x1
ffn_moe_up-3,kernel_mul_mv_id_q4_0_f32_8x_flat,18.478201,11264x1x774,64x1x1,1408x6x129x1
ffn_moe_weighted-3,kernel_swiglu,0.172200,396288x1x1,512x1x1,1408x6x129x1
ffn_moe_down-3,kernel_mul_mv_id_q4_0_f32_8x_flat,19.877399,16384x1x774,64x1x1,2048x6x129x1
node_219,kernel_mul,0.201500,384x129x1,64x1x1,2048x6x129x1
ffn_gate-3,kernel_transpose_32_16,0.029400,512x34x0,1x16x0,2816x129x1x1
ffn_gate-3,kernel_mul_mat_Ab_Bi_8x4,0.665000,17x704x1,1x128x1,2816x129x1x1
ffn_up-3,kernel_transpose_32_16,0.023900,512x34x0,1x16x0,2816x129x1x1
ffn_up-3,kernel_mul_mat_Ab_Bi_8x4,0.663200,17x704x1,1x128x1,2816x129x1x1
ffn_swiglu-3,kernel_swiglu,0.045900,66048x1x1,512x1x1,2816x129x1x1
node_229,kernel_add,0.048600,8256x1x1,64x1x1,2048x129x1x1
node_230,kernel_add,0.036200,8256x1x1,64x1x1,2048x129x1x1
node_231,kernel_add,0.038300,8256x1x1,64x1x1,2048x129x1x1
node_232,kernel_add,0.037500,8256x1x1,64x1x1,2048x129x1x1
ffn_moe_out-3,kernel_add,0.032700,8256x1x1,64x1x1,2048x129x1x1
ffn_shexp-3,kernel_transpose_32_16,0.043700,704x34x0,1x16x0,2048x129x1x1
ffn_shexp-3,kernel_mul_mat_Ab_Bi_8x4,0.700200,17x512x1,1x128x1,2048x129x1x1
ffn_out-3,kernel_add,0.034400,8256x1x1,64x1x1,2048x129x1x1
l_out-3,kernel_add,0.038700,8256x1x1,64x1x1,2048x129x1x1
attn_norm-4,kernel_rms_norm_mul,0.034100,132096x1x1,1024x1x1,2048x129x1x1
q-4,kernel_transpose_32_16,0.020700,512x34x0,1x16x0,3072x129x1x1
q-4,kernel_mul_mat_Ab_Bi_8x4,0.728200,17x768x1,1x128x1,3072x129x1x1
q_pe-4,kernel_rope_norm_f32,0.016600,1024x129x1,64x1x1,64x16x129x1
Qcur-4,kernel_concat_f32_non_contiguous,0.258400,16x129x1,0x0x0,192x16x129x1
kv_cmpr_pe-4,kernel_transpose_32_16,0.022900,512x34x0,1x16x0,576x129x1x1
kv_cmpr_pe-4,kernel_mul_mat_Ab_Bi_8x4,0.315500,17x144x1,1x128x1,576x129x1x1
k_pe-4,kernel_rope_norm_f32,0.003300,64x129x1,64x1x1,64x1x129x1
node_247,kernel_repeat,0.190600,16x129x1,0x0x0,64x16x129x1
kv_cmpr-4,kernel_rms_norm_mul,0.015900,66048x1x1,512x1x1,512x129x1x1
kv-4,kernel_transpose_32_16,0.006600,128x34x0,1x16x0,4096x129x1x1
kv-4,kernel_mul_mat_Ab_Bi_8x4,0.229200,17x1024x1,1x128x1,4096x129x1x1
Kcur-4,kernel_concat_f32_non_contiguous,0.570300,16x129x1,0x0x0,192x16x129x1
Vcur_cont-4,kernel_cpy_f32_f32,0.023700,1024x129x1,64x1x1,128x16x129x1
cache_k_l4 (view),kernel_set_rows_f16_i64,0.031800,132096x1x1,1024x1x1,3072x4096x1x1
cache_v_l4 (view),kernel_set_rows_f16_i64,0.022100,132096x1x1,1024x1x1,2048x4096x1x1
__fattn__-4,flash_attn_f32_f16,30.403999,144x16x0,16x1x0,128x16x129x1
node_268,kernel_transpose_32_16,0.019100,512x34x0,1x16x0,2048x129x1x1
node_268,kernel_mul_mat_Ab_Bi_8x4,0.513000,17x512x1,1x128x1,2048x129x1x1
ffn_inp-4,kernel_add,0.032800,8256x1x1,64x1x1,2048x129x1x1
ffn_norm-4,kernel_rms_norm_mul,0.034600,132096x1x1,1024x1x1,2048x129x1x1
ffn_moe_logits-4,kernel_mul_mm_f32_f32_l4_lm,0.468800,128x3x1,128x1x1,64x129x1x1
ffn_moe_probs-4,kernel_soft_max_4,0.004400,8256x1x1,64x1x1,64x129x1x1
ffn_moe_argsort-4,kernel_argsort_f32_i32,0.025200,64x129x1,64x1x1,64x129x1x1
ffn_moe_weights-4,kernel_get_rows_f32,0.006400,384x129x1,64x1x1,1x6x129x1
ffn_moe_weights_scaled-4,kernel_scale,0.001800,193x1x1,64x1x1,1x6x129x1
ffn_moe_gate-4,kernel_mul_mv_id_q4_0_f32_8x_flat,18.458700,11264x1x774,64x1x1,1408x6x129x1
ffn_moe_up-4,kernel_mul_mv_id_q4_0_f32_8x_flat,18.440300,11264x1x774,64x1x1,1408x6x129x1
ffn_moe_weighted-4,kernel_swiglu,0.171900,396288x1x1,512x1x1,1408x6x129x1
ffn_moe_down-4,kernel_mul_mv_id_q4_0_f32_8x_flat,19.813700,16384x1x774,64x1x1,2048x6x129x1
node_284,kernel_mul,0.200800,384x129x1,64x1x1,2048x6x129x1
ffn_gate-4,kernel_transpose_32_16,0.029600,512x34x0,1x16x0,2816x129x1x1
ffn_gate-4,kernel_mul_mat_Ab_Bi_8x4,0.665300,17x704x1,1x128x1,2816x129x1x1
ffn_up-4,kernel_transpose_32_16,0.022700,512x34x0,1x16x0,2816x129x1x1
ffn_up-4,kernel_mul_mat_Ab_Bi_8x4,0.665100,17x704x1,1x128x1,2816x129x1x1
ffn_swiglu-4,kernel_swiglu,0.043700,66048x1x1,512x1x1,2816x129x1x1
node_294,kernel_add,0.049900,8256x1x1,64x1x1,2048x129x1x1
node_295,kernel_add,0.038200,8256x1x1,64x1x1,2048x129x1x1
node_296,kernel_add,0.040300,8256x1x1,64x1x1,2048x129x1x1
node_297,kernel_add,0.037600,8256x1x1,64x1x1,2048x129x1x1
ffn_moe_out-4,kernel_add,0.038400,8256x1x1,64x1x1,2048x129x1x1
ffn_shexp-4,kernel_transpose_32_16,0.042600,704x34x0,1x16x0,2048x129x1x1
ffn_shexp-4,kernel_mul_mat_Ab_Bi_8x4,0.699100,17x512x1,1x128x1,2048x129x1x1
ffn_out-4,kernel_add,0.033000,8256x1x1,64x1x1,2048x129x1x1
l_out-4,kernel_add,0.037400,8256x1x1,64x1x1,2048x129x1x1
attn_norm-5,kernel_rms_norm_mul,0.034000,132096x1x1,1024x1x1,2048x129x1x1
q-5,kernel_transpose_32_16,0.020600,512x34x0,1x16x0,3072x129x1x1
q-5,kernel_mul_mat_Ab_Bi_8x4,0.731000,17x768x1,1x128x1,3072x129x1x1
q_pe-5,kernel_rope_norm_f32,0.019800,1024x129x1,64x1x1,64x16x129x1
Qcur-5,kernel_concat_f32_non_contiguous,0.266200,16x129x1,0x0x0,192x16x129x1
kv_cmpr_pe-5,kernel_transpose_32_16,0.025700,512x34x0,1x16x0,576x129x1x1
kv_cmpr_pe-5,kernel_mul_mat_Ab_Bi_8x4,0.313000,17x144x1,1x128x1,576x129x1x1
k_pe-5,kernel_rope_norm_f32,0.003500,64x129x1,64x1x1,64x1x129x1
node_312,kernel_repeat,0.189900,16x129x1,0x0x0,64x16x129x1
kv_cmpr-5,kernel_rms_norm_mul,0.015500,66048x1x1,512x1x1,512x129x1x1
kv-5,kernel_transpose_32_16,0.007200,128x34x0,1x16x0,4096x129x1x1
kv-5,kernel_mul_mat_Ab_Bi_8x4,0.230000,17x1024x1,1x128x1,4096x129x1x1
Kcur-5,kernel_concat_f32_non_contiguous,0.555400,16x129x1,0x0x0,192x16x129x1
Vcur_cont-5,kernel_cpy_f32_f32,0.023400,1024x129x1,64x1x1,128x16x129x1
cache_k_l5 (view),kernel_set_rows_f16_i64,0.028700,132096x1x1,1024x1x1,3072x4096x1x1
cache_v_l5 (view),kernel_set_rows_f16_i64,0.023400,132096x1x1,1024x1x1,2048x4096x1x1
__fattn__-5,flash_attn_f32_f16,30.402901,144x16x0,16x1x0,128x16x129x1
node_333,kernel_transpose_32_16,0.018700,512x34x0,1x16x0,2048x129x1x1
node_333,kernel_mul_mat_Ab_Bi_8x4,0.512000,17x512x1,1x128x1,2048x129x1x1
ffn_inp-5,kernel_add,0.037700,8256x1x1,64x1x1,2048x129x1x1
ffn_norm-5,kernel_rms_norm_mul,0.034200,132096x1x1,1024x1x1,2048x129x1x1
ffn_moe_logits-5,kernel_mul_mm_f32_f32_l4_lm,0.471000,128x3x1,128x1x1,64x129x1x1
ffn_moe_probs-5,kernel_soft_max_4,0.004700,8256x1x1,64x1x1,64x129x1x1
ffn_moe_argsort-5,kernel_argsort_f32_i32,0.025000,64x129x1,64x1x1,64x129x1x1
ffn_moe_weights-5,kernel_get_rows_f32,0.006300,384x129x1,64x1x1,1x6x129x1
ffn_moe_weights_scaled-5,kernel_scale,0.001800,193x1x1,64x1x1,1x6x129x1
ffn_moe_gate-5,kernel_mul_mv_id_q4_0_f32_8x_flat,18.344900,11264x1x774,64x1x1,1408x6x129x1
ffn_moe_up-5,kernel_mul_mv_id_q4_0_f32_8x_flat,18.358999,11264x1x774,64x1x1,1408x6x129x1
ffn_moe_weighted-5,kernel_swiglu,0.170800,396288x1x1,512x1x1,1408x6x129x1
ffn_moe_down-5,kernel_mul_mv_id_q4_0_f32_8x_flat,19.820900,16384x1x774,64x1x1,2048x6x129x1
node_349,kernel_mul,0.205000,384x129x1,64x1x1,2048x6x129x1
ffn_gate-5,kernel_transpose_32_16,0.029100,512x34x0,1x16x0,2816x129x1x1
ffn_gate-5,kernel_mul_mat_Ab_Bi_8x4,0.664900,17x704x1,1x128x1,2816x129x1x1
ffn_up-5,kernel_transpose_32_16,0.023200,512x34x0,1x16x0,2816x129x1x1
ffn_up-5,kernel_mul_mat_Ab_Bi_8x4,0.663600,17x704x1,1x128x1,2816x129x1x1
ffn_swiglu-5,kernel_swiglu,0.045200,66048x1x1,512x1x1,2816x129x1x1
node_359,kernel_add,0.048800,8256x1x1,64x1x1,2048x129x1x1
node_360,kernel_add,0.036600,8256x1x1,64x1x1,2048x129x1x1
node_361,kernel_add,0.033300,8256x1x1,64x1x1,2048x129x1x1
node_362,kernel_add,0.037400,8256x1x1,64x1x1,2048x129x1x1
ffn_moe_out-5,kernel_add,0.036900,8256x1x1,64x1x1,2048x129x1x1
ffn_shexp-5,kernel_transpose_32_16,0.044000,704x34x0,1x16x0,2048x129x1x1
ffn_shexp-5,kernel_mul_mat_Ab_Bi_8x4,0.703900,17x512x1,1x128x1,2048x129x1x1
ffn_out-5,kernel_add,0.036800,8256x1x1,64x1x1,2048x129x1x1
l_out-5,kernel_add,0.036600,8256x1x1,64x1x1,2048x129x1x1
attn_norm-6,kernel_rms_norm_mul,0.033900,132096x1x1,1024x1x1,2048x129x1x1
q-6,kernel_transpose_32_16,0.017700,512x34x0,1x16x0,3072x129x1x1
q-6,kernel_mul_mat_Ab_Bi_8x4,0.729500,17x768x1,1x128x1,3072x129x1x1
q_pe-6,kernel_rope_norm_f32,0.019500,1024x129x1,64x1x1,64x16x129x1
Qcur-6,kernel_concat_f32_non_contiguous,0.270000,16x129x1,0x0x0,192x16x129x1
kv_cmpr_pe-6,kernel_transpose_32_16,0.024800,512x34x0,1x16x0,576x129x1x1
kv_cmpr_pe-6,kernel_mul_mat_Ab_Bi_8x4,0.317300,17x144x1,1x128x1,576x129x1x1
k_pe-6,kernel_rope_norm_f32,0.003300,64x129x1,64x1x1,64x1x129x1
node_377,kernel_repeat,0.190900,16x129x1,0x0x0,64x16x129x1
kv_cmpr-6,kernel_rms_norm_mul,0.016200,66048x1x1,512x1x1,512x129x1x1
kv-6,kernel_transpose_32_16,0.007400,128x34x0,1x16x0,4096x129x1x1
kv-6,kernel_mul_mat_Ab_Bi_8x4,0.231400,17x1024x1,1x128x1,4096x129x1x1
Kcur-6,kernel_concat_f32_non_contiguous,0.560100,16x129x1,0x0x0,192x16x129x1
Vcur_cont-6,kernel_cpy_f32_f32,0.023100,1024x129x1,64x1x1,128x16x129x1
cache_k_l6 (view),kernel_set_rows_f16_i64,0.031600,132096x1x1,1024x1x1,3072x4096x1x1
cache_v_l6 (view),kernel_set_rows_f16_i64,0.021500,132096x1x1,1024x1x1,2048x4096x1x1
__fattn__-6,flash_attn_f32_f16,30.413401,144x16x0,16x1x0,128x16x129x1
node_398,kernel_transpose_32_16,0.018600,512x34x0,1x16x0,2048x129x1x1
node_398,kernel_mul_mat_Ab_Bi_8x4,0.512200,17x512x1,1x128x1,2048x129x1x1
ffn_inp-6,kernel_add,0.037100,8256x1x1,64x1x1,2048x129x1x1
ffn_norm-6,kernel_rms_norm_mul,0.034600,132096x1x1,1024x1x1,2048x129x1x1
ffn_moe_logits-6,kernel_mul_mm_f32_f32_l4_lm,0.469500,128x3x1,128x1x1,64x129x1x1
ffn_moe_probs-6,kernel_soft_max_4,0.004600,8256x1x1,64x1x1,64x129x1x1
ffn_moe_argsort-6,kernel_argsort_f32_i32,0.025200,64x129x1,64x1x1,64x129x1x1
ffn_moe_weights-6,kernel_get_rows_f32,0.006300,384x129x1,64x1x1,1x6x129x1
ffn_moe_weights_scaled-6,kernel_scale,0.002100,193x1x1,64x1x1,1x6x129x1
ffn_moe_gate-6,kernel_mul_mv_id_q4_0_f32_8x_flat,18.462799,11264x1x774,64x1x1,1408x6x129x1
ffn_moe_up-6,kernel_mul_mv_id_q4_0_f32_8x_flat,18.427999,11264x1x774,64x1x1,1408x6x129x1
ffn_moe_weighted-6,kernel_swiglu,0.172400,396288x1x1,512x1x1,1408x6x129x1
ffn_moe_down-6,kernel_mul_mv_id_q4_0_f32_8x_flat,19.904301,16384x1x774,64x1x1,2048x6x129x1
node_414,kernel_mul,0.200200,384x129x1,64x1x1,2048x6x129x1
ffn_gate-6,kernel_transpose_32_16,0.029000,512x34x0,1x16x0,2816x129x1x1
ffn_gate-6,kernel_mul_mat_Ab_Bi_8x4,0.661200,17x704x1,1x128x1,2816x129x1x1
ffn_up-6,kernel_transpose_32_16,0.018600,512x34x0,1x16x0,2816x129x1x1
ffn_up-6,kernel_mul_mat_Ab_Bi_8x4,0.662400,17x704x1,1x128x1,2816x129x1x1
ffn_swiglu-6,kernel_swiglu,0.045300,66048x1x1,512x1x1,2816x129x1x1
node_424,kernel_add,0.049500,8256x1x1,64x1x1,2048x129x1x1
node_425,kernel_add,0.037000,8256x1x1,64x1x1,2048x129x1x1
node_426,kernel_add,0.038300,8256x1x1,64x1x1,2048x129x1x1
node_427,kernel_add,0.038400,8256x1x1,64x1x1,2048x129x1x1
ffn_moe_out-6,kernel_add,0.037400,8256x1x1,64x1x1,2048x129x1x1
ffn_shexp-6,kernel_transpose_32_16,0.037400,704x34x0,1x16x0,2048x129x1x1
ffn_shexp-6,kernel_mul_mat_Ab_Bi_8x4,0.702200,17x512x1,1x128x1,2048x129x1x1
ffn_out-6,kernel_add,0.036000,8256x1x1,64x1x1,2048x129x1x1
l_out-6,kernel_add,0.037500,8256x1x1,64x1x1,2048x129x1x1
attn_norm-7,kernel_rms_norm_mul,0.033800,132096x1x1,1024x1x1,2048x129x1x1
q-7,kernel_transpose_32_16,0.020600,512x34x0,1x16x0,3072x129x1x1
q-7,kernel_mul_mat_Ab_Bi_8x4,0.725600,17x768x1,1x128x1,3072x129x1x1
q_pe-7,kernel_rope_norm_f32,0.019500,1024x129x1,64x1x1,64x16x129x1
Qcur-7,kernel_concat_f32_non_contiguous,0.263400,16x129x1,0x0x0,192x16x129x1
kv_cmpr_pe-7,kernel_transpose_32_16,0.024900,512x34x0,1x16x0,576x129x1x1
kv_cmpr_pe-7,kernel_mul_mat_Ab_Bi_8x4,0.315000,17x144x1,1x128x1,576x129x1x1
k_pe-7,kernel_rope_norm_f32,0.003400,64x129x1,64x1x1,64x1x129x1
node_442,kernel_repeat,0.191500,16x129x1,0x0x0,64x16x129x1
kv_cmpr-7,kernel_rms_norm_mul,0.015600,66048x1x1,512x1x1,512x129x1x1
kv-7,kernel_transpose_32_16,0.007200,128x34x0,1x16x0,4096x129x1x1
kv-7,kernel_mul_mat_Ab_Bi_8x4,0.230300,17x1024x1,1x128x1,4096x129x1x1
Kcur-7,kernel_concat_f32_non_contiguous,0.541000,16x129x1,0x0x0,192x16x129x1
Vcur_cont-7,kernel_cpy_f32_f32,0.022800,1024x129x1,64x1x1,128x16x129x1
cache_k_l7 (view),kernel_set_rows_f16_i64,0.031200,132096x1x1,1024x1x1,3072x4096x1x1
cache_v_l7 (view),kernel_set_rows_f16_i64,0.023300,132096x1x1,1024x1x1,2048x4096x1x1
__fattn__-7,flash_attn_f32_f16,30.515100,144x16x0,16x1x0,128x16x129x1
node_463,kernel_transpose_32_16,0.018700,512x34x0,1x16x0,2048x129x1x1
node_463,kernel_mul_mat_Ab_Bi_8x4,0.510500,17x512x1,1x128x1,2048x129x1x1
ffn_inp-7,kernel_add,0.034500,8256x1x1,64x1x1,2048x129x1x1
ffn_norm-7,kernel_rms_norm_mul,0.033800,132096x1x1,1024x1x1,2048x129x1x1
ffn_moe_logits-7,kernel_mul_mm_f32_f32_l4_lm,0.473900,128x3x1,128x1x1,64x129x1x1
ffn_moe_probs-7,kernel_soft_max_4,0.004400,8256x1x1,64x1x1,64x129x1x1
ffn_moe_argsort-7,kernel_argsort_f32_i32,0.025100,64x129x1,64x1x1,64x129x1x1
ffn_moe_weights-7,kernel_get_rows_f32,0.006400,384x129x1,64x1x1,1x6x129x1
ffn_moe_weights_scaled-7,kernel_scale,0.001800,193x1x1,64x1x1,1x6x129x1
ffn_moe_gate-7,kernel_mul_mv_id_q4_0_f32_8x_flat,18.628000,11264x1x774,64x1x1,1408x6x129x1
ffn_moe_up-7,kernel_mul_mv_id_q4_0_f32_8x_flat,18.336700,11264x1x774,64x1x1,1408x6x129x1
ffn_moe_weighted-7,kernel_swiglu,0.172900,396288x1x1,512x1x1,1408x6x129x1
ffn_moe_down-7,kernel_mul_mv_id_q4_0_f32_8x_flat,19.853201,16384x1x774,64x1x1,2048x6x129x1
node_479,kernel_mul,0.203500,384x129x1,64x1x1,2048x6x129x1
ffn_gate-7,kernel_transpose_32_16,0.028300,512x34x0,1x16x0,2816x129x1x1
ffn_gate-7,kernel_mul_mat_Ab_Bi_8x4,0.666800,17x704x1,1x128x1,2816x129x1x1
ffn_up-7,kernel_transpose_32_16,0.022900,512x34x0,1x16x0,2816x129x1x1
ffn_up-7,kernel_mul_mat_Ab_Bi_8x4,0.664800,17x704x1,1x128x1,2816x129x1x1
ffn_swiglu-7,kernel_swiglu,0.045700,66048x1x1,512x1x1,2816x129x1x1
node_489,kernel_add,0.042500,8256x1x1,64x1x1,2048x129x1x1
node_490,kernel_add,0.038800,8256x1x1,64x1x1,2048x129x1x1
node_491,kernel_add,0.037700,8256x1x1,64x1x1,2048x129x1x1
node_492,kernel_add,0.038400,8256x1x1,64x1x1,2048x129x1x1
ffn_moe_out-7,kernel_add,0.038500,8256x1x1,64x1x1,2048x129x1x1
ffn_shexp-7,kernel_transpose_32_16,0.043500,704x34x0,1x16x0,2048x129x1x1
ffn_shexp-7,kernel_mul_mat_Ab_Bi_8x4,0.704200,17x512x1,1x128x1,2048x129x1x1
ffn_out-7,kernel_add,0.032900,8256x1x1,64x1x1,2048x129x1x1
l_out-7,kernel_add,0.034200,8256x1x1,64x1x1,2048x129x1x1
attn_norm-8,kernel_rms_norm_mul,0.034200,132096x1x1,1024x1x1,2048x129x1x1
q-8,kernel_transpose_32_16,0.020300,512x34x0,1x16x0,3072x129x1x1
q-8,kernel_mul_mat_Ab_Bi_8x4,0.728400,17x768x1,1x128x1,3072x129x1x1
q_pe-8,kernel_rope_norm_f32,0.019500,1024x129x1,64x1x1,64x16x129x1
Qcur-8,kernel_concat_f32_non_contiguous,0.268100,16x129x1,0x0x0,192x16x129x1
kv_cmpr_pe-8,kernel_transpose_32_16,0.023600,512x34x0,1x16x0,576x129x1x1
kv_cmpr_pe-8,kernel_mul_mat_Ab_Bi_8x4,0.315000,17x144x1,1x128x1,576x129x1x1
k_pe-8,kernel_rope_norm_f32,0.003500,64x129x1,64x1x1,64x1x129x1
node_507,kernel_repeat,0.187300,16x129x1,0x0x0,64x16x129x1
kv_cmpr-8,kernel_rms_norm_mul,0.015500,66048x1x1,512x1x1,512x129x1x1
kv-8,kernel_transpose_32_16,0.006900,128x34x0,1x16x0,4096x129x1x1
kv-8,kernel_mul_mat_Ab_Bi_8x4,0.229500,17x1024x1,1x128x1,4096x129x1x1
Kcur-8,kernel_concat_f32_non_contiguous,0.572500,16x129x1,0x0x0,192x16x129x1
Vcur_cont-8,kernel_cpy_f32_f32,0.023600,1024x129x1,64x1x1,128x16x129x1
cache_k_l8 (view),kernel_set_rows_f16_i64,0.031500,132096x1x1,1024x1x1,3072x4096x1x1
cache_v_l8 (view),kernel_set_rows_f16_i64,0.020500,132096x1x1,1024x1x1,2048x4096x1x1
__fattn__-8,flash_attn_f32_f16,30.455200,144x16x0,16x1x0,128x16x129x1
node_528,kernel_transpose_32_16,0.018700,512x34x0,1x16x0,2048x129x1x1
node_528,kernel_mul_mat_Ab_Bi_8x4,0.509800,17x512x1,1x128x1,2048x129x1x1
ffn_inp-8,kernel_add,0.034700,8256x1x1,64x1x1,2048x129x1x1
ffn_norm-8,kernel_rms_norm_mul,0.034600,132096x1x1,1024x1x1,2048x129x1x1
ffn_moe_logits-8,kernel_mul_mm_f32_f32_l4_lm,0.468300,128x3x1,128x1x1,64x129x1x1
ffn_moe_probs-8,kernel_soft_max_4,0.004500,8256x1x1,64x1x1,64x129x1x1
ffn_moe_argsort-8,kernel_argsort_f32_i32,0.025300,64x129x1,64x1x1,64x129x1x1
ffn_moe_weights-8,kernel_get_rows_f32,0.006300,384x129x1,64x1x1,1x6x129x1
ffn_moe_weights_scaled-8,kernel_scale,0.002000,193x1x1,64x1x1,1x6x129x1
ffn_moe_gate-8,kernel_mul_mv_id_q4_0_f32_8x_flat,19.715599,11264x1x774,64x1x1,1408x6x129x1
ffn_moe_up-8,kernel_mul_mv_id_q4_0_f32_8x_flat,18.312099,11264x1x774,64x1x1,1408x6x129x1
ffn_moe_weighted-8,kernel_swiglu,0.171700,396288x1x1,512x1x1,1408x6x129x1
ffn_moe_down-8,kernel_mul_mv_id_q4_0_f32_8x_flat,19.784100,16384x1x774,64x1x1,2048x6x129x1
node_544,kernel_mul,0.203400,384x129x1,64x1x1,2048x6x129x1
ffn_gate-8,kernel_transpose_32_16,0.021900,512x34x0,1x16x0,2816x129x1x1
ffn_gate-8,kernel_mul_mat_Ab_Bi_8x4,0.666100,17x704x1,1x128x1,2816x129x1x1
ffn_up-8,kernel_transpose_32_16,0.022600,512x34x0,1x16x0,2816x129x1x1
ffn_up-8,kernel_mul_mat_Ab_Bi_8x4,0.661900,17x704x1,1x128x1,2816x129x1x1
ffn_swiglu-8,kernel_swiglu,0.045800,66048x1x1,512x1x1,2816x129x1x1
node_554,kernel_add,0.047200,8256x1x1,64x1x1,2048x129x1x1
node_555,kernel_add,0.037000,8256x1x1,64x1x1,2048x129x1x1
node_556,kernel_add,0.037600,8256x1x1,64x1x1,2048x129x1x1
node_557,kernel_add,0.034600,8256x1x1,64x1x1,2048x129x1x1
ffn_moe_out-8,kernel_add,0.036600,8256x1x1,64x1x1,2048x129x1x1
ffn_shexp-8,kernel_transpose_32_16,0.044200,704x34x0,1x16x0,2048x129x1x1
ffn_shexp-8,kernel_mul_mat_Ab_Bi_8x4,0.704800,17x512x1,1x128x1,2048x129x1x1
ffn_out-8,kernel_add,0.035400,8256x1x1,64x1x1,2048x129x1x1
l_out-8,kernel_add,0.038700,8256x1x1,64x1x1,2048x129x1x1
attn_norm-9,kernel_rms_norm_mul,0.033900,132096x1x1,1024x1x1,2048x129x1x1
q-9,kernel_transpose_32_16,0.020400,512x34x0,1x16x0,3072x129x1x1
q-9,kernel_mul_mat_Ab_Bi_8x4,0.727900,17x768x1,1x128x1,3072x129x1x1
q_pe-9,kernel_rope_norm_f32,0.019500,1024x129x1,64x1x1,64x16x129x1
Qcur-9,kernel_concat_f32_non_contiguous,0.271600,16x129x1,0x0x0,192x16x129x1
kv_cmpr_pe-9,kernel_transpose_32_16,0.025200,512x34x0,1x16x0,576x129x1x1
kv_cmpr_pe-9,kernel_mul_mat_Ab_Bi_8x4,0.313700,17x144x1,1x128x1,576x129x1x1
k_pe-9,kernel_rope_norm_f32,0.003400,64x129x1,64x1x1,64x1x129x1
node_572,kernel_repeat,0.192200,16x129x1,0x0x0,64x16x129x1
kv_cmpr-9,kernel_rms_norm_mul,0.016100,66048x1x1,512x1x1,512x129x1x1
kv-9,kernel_transpose_32_16,0.006100,128x34x0,1x16x0,4096x129x1x1
kv-9,kernel_mul_mat_Ab_Bi_8x4,0.231000,17x1024x1,1x128x1,4096x129x1x1
Kcur-9,kernel_concat_f32_non_contiguous,0.557600,16x129x1,0x0x0,192x16x129x1
Vcur_cont-9,kernel_cpy_f32_f32,0.022700,1024x129x1,64x1x1,128x16x129x1
cache_k_l9 (view),kernel_set_rows_f16_i64,0.031400,132096x1x1,1024x1x1,3072x4096x1x1
cache_v_l9 (view),kernel_set_rows_f16_i64,0.024100,132096x1x1,1024x1x1,2048x4096x1x1
__fattn__-9,flash_attn_f32_f16,30.455400,144x16x0,16x1x0,128x16x129x1
node_593,kernel_transpose_32_16,0.018800,512x34x0,1x16x0,2048x129x1x1
node_593,kernel_mul_mat_Ab_Bi_8x4,0.510900,17x512x1,1x128x1,2048x129x1x1
ffn_inp-9,kernel_add,0.035900,8256x1x1,64x1x1,2048x129x1x1
ffn_norm-9,kernel_rms_norm_mul,0.034200,132096x1x1,1024x1x1,2048x129x1x1
ffn_moe_logits-9,kernel_mul_mm_f32_f32_l4_lm,0.471000,128x3x1,128x1x1,64x129x1x1
ffn_moe_probs-9,kernel_soft_max_4,0.004400,8256x1x1,64x1x1,64x129x1x1
ffn_moe_argsort-9,kernel_argsort_f32_i32,0.025100,64x129x1,64x1x1,64x129x1x1
ffn_moe_weights-9,kernel_get_rows_f32,0.006200,384x129x1,64x1x1,1x6x129x1
ffn_moe_weights_scaled-9,kernel_scale,0.001900,193x1x1,64x1x1,1x6x129x1
ffn_moe_gate-9,kernel_mul_mv_id_q4_0_f32_8x_flat,18.450199,11264x1x774,64x1x1,1408x6x129x1
ffn_moe_up-9,kernel_mul_mv_id_q4_0_f32_8x_flat,18.448500,11264x1x774,64x1x1,1408x6x129x1
ffn_moe_weighted-9,kernel_swiglu,0.171700,396288x1x1,512x1x1,1408x6x129x1
ffn_moe_down-9,kernel_mul_mv_id_q4_0_f32_8x_flat,19.812901,16384x1x774,64x1x1,2048x6x129x1
node_609,kernel_mul,0.201900,384x129x1,64x1x1,2048x6x129x1
ffn_gate-9,kernel_transpose_32_16,0.029100,512x34x0,1x16x0,2816x129x1x1
ffn_gate-9,kernel_mul_mat_Ab_Bi_8x4,0.661500,17x704x1,1x128x1,2816x129x1x1
ffn_up-9,kernel_transpose_32_16,0.023500,512x34x0,1x16x0,2816x129x1x1
ffn_up-9,kernel_mul_mat_Ab_Bi_8x4,0.665700,17x704x1,1x128x1,2816x129x1x1
ffn_swiglu-9,kernel_swiglu,0.047700,66048x1x1,512x1x1,2816x129x1x1
node_619,kernel_add,0.046500,8256x1x1,64x1x1,2048x129x1x1
node_620,kernel_add,0.036400,8256x1x1,64x1x1,2048x129x1x1
node_621,kernel_add,0.037600,8256x1x1,64x1x1,2048x129x1x1
node_622,kernel_add,0.041000,8256x1x1,64x1x1,2048x129x1x1
ffn_moe_out-9,kernel_add,0.038700,8256x1x1,64x1x1,2048x129x1x1
ffn_shexp-9,kernel_transpose_32_16,0.044300,704x34x0,1x16x0,2048x129x1x1
ffn_shexp-9,kernel_mul_mat_Ab_Bi_8x4,0.705100,17x512x1,1x128x1,2048x129x1x1
ffn_out-9,kernel_add,0.033200,8256x1x1,64x1x1,2048x129x1x1
l_out-9,kernel_add,0.039500,8256x1x1,64x1x1,2048x129x1x1
attn_norm-10,kernel_rms_norm_mul,0.034300,132096x1x1,1024x1x1,2048x129x1x1
q-10,kernel_transpose_32_16,0.020100,512x34x0,1x16x0,3072x129x1x1
q-10,kernel_mul_mat_Ab_Bi_8x4,0.729700,17x768x1,1x128x1,3072x129x1x1
q_pe-10,kernel_rope_norm_f32,0.020000,1024x129x1,64x1x1,64x16x129x1
Qcur-10,kernel_concat_f32_non_contiguous,0.264800,16x129x1,0x0x0,192x16x129x1
kv_cmpr_pe-10,kernel_transpose_32_16,0.021400,512x34x0,1x16x0,576x129x1x1
kv_cmpr_pe-10,kernel_mul_mat_Ab_Bi_8x4,0.314200,17x144x1,1x128x1,576x129x1x1
k_pe-10,kernel_rope_norm_f32,0.003400,64x129x1,64x1x1,64x1x129x1
node_637,kernel_repeat,0.190500,16x129x1,0x0x0,64x16x129x1
kv_cmpr-10,kernel_rms_norm_mul,0.015900,66048x1x1,512x1x1,512x129x1x1
kv-10,kernel_transpose_32_16,0.007400,128x34x0,1x16x0,4096x129x1x1
kv-10,kernel_mul_mat_Ab_Bi_8x4,0.228600,17x1024x1,1x128x1,4096x129x1x1
Kcur-10,kernel_concat_f32_non_contiguous,0.542200,16x129x1,0x0x0,192x16x129x1
Vcur_cont-10,kernel_cpy_f32_f32,0.020700,1024x129x1,64x1x1,128x16x129x1
cache_k_l10 (view),kernel_set_rows_f16_i64,0.031200,132096x1x1,1024x1x1,3072x4096x1x1
cache_v_l10 (view),kernel_set_rows_f16_i64,0.022600,132096x1x1,1024x1x1,2048x4096x1x1
__fattn__-10,flash_attn_f32_f16,30.421000,144x16x0,16x1x0,128x16x129x1
node_658,kernel_transpose_32_16,0.019500,512x34x0,1x16x0,2048x129x1x1
node_658,kernel_mul_mat_Ab_Bi_8x4,0.509800,17x512x1,1x128x1,2048x129x1x1
ffn_inp-10,kernel_add,0.035500,8256x1x1,64x1x1,2048x129x1x1
ffn_norm-10,kernel_rms_norm_mul,0.034200,132096x1x1,1024x1x1,2048x129x1x1
ffn_moe_logits-10,kernel_mul_mm_f32_f32_l4_lm,0.458600,128x3x1,128x1x1,64x129x1x1
ffn_moe_probs-10,kernel_soft_max_4,0.004500,8256x1x1,64x1x1,64x129x1x1
ffn_moe_argsort-10,kernel_argsort_f32_i32,0.025300,64x129x1,64x1x1,64x129x1x1
ffn_moe_weights-10,kernel_get_rows_f32,0.006500,384x129x1,64x1x1,1x6x129x1
ffn_moe_weights_scaled-10,kernel_scale,0.001900,193x1x1,64x1x1,1x6x129x1
ffn_moe_gate-10,kernel_mul_mv_id_q4_0_f32_8x_flat,18.278400,11264x1x774,64x1x1,1408x6x129x1
ffn_moe_up-10,kernel_mul_mv_id_q4_0_f32_8x_flat,18.248699,11264x1x774,64x1x1,1408x6x129x1
ffn_moe_weighted-10,kernel_swiglu,0.172700,396288x1x1,512x1x1,1408x6x129x1
ffn_moe_down-10,kernel_mul_mv_id_q4_0_f32_8x_flat,19.777901,16384x1x774,64x1x1,2048x6x129x1
node_674,kernel_mul,0.200000,384x129x1,64x1x1,2048x6x129x1
ffn_gate-10,kernel_transpose_32_16,0.028600,512x34x0,1x16x0,2816x129x1x1
ffn_gate-10,kernel_mul_mat_Ab_Bi_8x4,0.664100,17x704x1,1x128x1,2816x129x1x1
ffn_up-10,kernel_transpose_32_16,0.022500,512x34x0,1x16x0,2816x129x1x1
ffn_up-10,kernel_mul_mat_Ab_Bi_8x4,0.664900,17x704x1,1x128x1,2816x129x1x1
ffn_swiglu-10,kernel_swiglu,0.045200,66048x1x1,512x1x1,2816x129x1x1
node_684,kernel_add,0.049700,8256x1x1,64x1x1,2048x129x1x1
node_685,kernel_add,0.033900,8256x1x1,64x1x1,2048x129x1x1
node_686,kernel_add,0.036200,8256x1x1,64x1x1,2048x129x1x1
node_687,kernel_add,0.038700,8256x1x1,64x1x1,2048x129x1x1
ffn_moe_out-10,kernel_add,0.037800,8256x1x1,64x1x1,2048x129x1x1
ffn_shexp-10,kernel_transpose_32_16,0.042400,704x34x0,1x16x0,2048x129x1x1
ffn_shexp-10,kernel_mul_mat_Ab_Bi_8x4,0.702500,17x512x1,1x128x1,2048x129x1x1
ffn_out-10,kernel_add,0.035100,8256x1x1,64x1x1,2048x129x1x1
l_out-10,kernel_add,0.037900,8256x1x1,64x1x1,2048x129x1x1
attn_norm-11,kernel_rms_norm_mul,0.033600,132096x1x1,1024x1x1,2048x129x1x1
q-11,kernel_transpose_32_16,0.020200,512x34x0,1x16x0,3072x129x1x1
q-11,kernel_mul_mat_Ab_Bi_8x4,0.731500,17x768x1,1x128x1,3072x129x1x1
q_pe-11,kernel_rope_norm_f32,0.019400,1024x129x1,64x1x1,64x16x129x1
Qcur-11,kernel_concat_f32_non_contiguous,0.266400,16x129x1,0x0x0,192x16x129x1
kv_cmpr_pe-11,kernel_transpose_32_16,0.024500,512x34x0,1x16x0,576x129x1x1
kv_cmpr_pe-11,kernel_mul_mat_Ab_Bi_8x4,0.317000,17x144x1,1x128x1,576x129x1x1
k_pe-11,kernel_rope_norm_f32,0.003300,64x129x1,64x1x1,64x1x129x1
node_702,kernel_repeat,0.186900,16x129x1,0x0x0,64x16x129x1
kv_cmpr-11,kernel_rms_norm_mul,0.015600,66048x1x1,512x1x1,512x129x1x1
kv-11,kernel_transpose_32_16,0.006600,128x34x0,1x16x0,4096x129x1x1
kv-11,kernel_mul_mat_Ab_Bi_8x4,0.227900,17x1024x1,1x128x1,4096x129x1x1
Kcur-11,kernel_concat_f32_non_contiguous,0.703400,16x129x1,0x0x0,192x16x129x1
Vcur_cont-11,kernel_cpy_f32_f32,0.022800,1024x129x1,64x1x1,128x16x129x1
cache_k_l11 (view),kernel_set_rows_f16_i64,0.031900,132096x1x1,1024x1x1,3072x4096x1x1
cache_v_l11 (view),kernel_set_rows_f16_i64,0.023200,132096x1x1,1024x1x1,2048x4096x1x1
__fattn__-11,flash_attn_f32_f16,30.394899,144x16x0,16x1x0,128x16x129x1
node_723,kernel_transpose_32_16,0.018900,512x34x0,1x16x0,2048x129x1x1
node_723,kernel_mul_mat_Ab_Bi_8x4,0.511500,17x512x1,1x128x1,2048x129x1x1
ffn_inp-11,kernel_add,0.035900,8256x1x1,64x1x1,2048x129x1x1
ffn_norm-11,kernel_rms_norm_mul,0.034800,132096x1x1,1024x1x1,2048x129x1x1
ffn_moe_logits-11,kernel_mul_mm_f32_f32_l4_lm,0.460800,128x3x1,128x1x1,64x129x1x1
ffn_moe_probs-11,kernel_soft_max_4,0.004400,8256x1x1,64x1x1,64x129x1x1
ffn_moe_argsort-11,kernel_argsort_f32_i32,0.025200,64x129x1,64x1x1,64x129x1x1
ffn_moe_weights-11,kernel_get_rows_f32,0.006600,384x129x1,64x1x1,1x6x129x1
ffn_moe_weights_scaled-11,kernel_scale,0.001700,193x1x1,64x1x1,1x6x129x1
ffn_moe_gate-11,kernel_mul_mv_id_q4_0_f32_8x_flat,18.480801,11264x1x774,64x1x1,1408x6x129x1
ffn_moe_up-11,kernel_mul_mv_id_q4_0_f32_8x_flat,18.460100,11264x1x774,64x1x1,1408x6x129x1
ffn_moe_weighted-11,kernel_swiglu,0.172300,396288x1x1,512x1x1,1408x6x129x1
ffn_moe_down-11,kernel_mul_mv_id_q4_0_f32_8x_flat,19.813200,16384x1x774,64x1x1,2048x6x129x1
node_739,kernel_mul,0.201800,384x129x1,64x1x1,2048x6x129x1
ffn_gate-11,kernel_transpose_32_16,0.029100,512x34x0,1x16x0,2816x129x1x1
ffn_gate-11,kernel_mul_mat_Ab_Bi_8x4,0.663600,17x704x1,1x128x1,2816x129x1x1
ffn_up-11,kernel_transpose_32_16,0.023100,512x34x0,1x16x0,2816x129x1x1
ffn_up-11,kernel_mul_mat_Ab_Bi_8x4,0.665900,17x704x1,1x128x1,2816x129x1x1
ffn_swiglu-11,kernel_swiglu,0.045700,66048x1x1,512x1x1,2816x129x1x1
node_749,kernel_add,0.048600,8256x1x1,64x1x1,2048x129x1x1
node_750,kernel_add,0.036500,8256x1x1,64x1x1,2048x129x1x1
node_751,kernel_add,0.037300,8256x1x1,64x1x1,2048x129x1x1
node_752,kernel_add,0.038000,8256x1x1,64x1x1,2048x129x1x1
ffn_moe_out-11,kernel_add,0.032000,8256x1x1,64x1x1,2048x129x1x1
ffn_shexp-11,kernel_transpose_32_16,0.044200,704x34x0,1x16x0,2048x129x1x1
ffn_shexp-11,kernel_mul_mat_Ab_Bi_8x4,0.705300,17x512x1,1x128x1,2048x129x1x1
ffn_out-11,kernel_add,0.032500,8256x1x1,64x1x1,2048x129x1x1
l_out-11,kernel_add,0.040100,8256x1x1,64x1x1,2048x129x1x1
attn_norm-12,kernel_rms_norm_mul,0.034100,132096x1x1,1024x1x1,2048x129x1x1
q-12,kernel_transpose_32_16,0.020700,512x34x0,1x16x0,3072x129x1x1
q-12,kernel_mul_mat_Ab_Bi_8x4,0.725000,17x768x1,1x128x1,3072x129x1x1
q_pe-12,kernel_rope_norm_f32,0.016300,1024x129x1,64x1x1,64x16x129x1
Qcur-12,kernel_concat_f32_non_contiguous,0.266500,16x129x1,0x0x0,192x16x129x1
kv_cmpr_pe-12,kernel_transpose_32_16,0.023700,512x34x0,1x16x0,576x129x1x1
kv_cmpr_pe-12,kernel_mul_mat_Ab_Bi_8x4,0.314800,17x144x1,1x128x1,576x129x1x1
k_pe-12,kernel_rope_norm_f32,0.003300,64x129x1,64x1x1,64x1x129x1
node_767,kernel_repeat,0.191400,16x129x1,0x0x0,64x16x129x1
kv_cmpr-12,kernel_rms_norm_mul,0.016000,66048x1x1,512x1x1,512x129x1x1
kv-12,kernel_transpose_32_16,0.006700,128x34x0,1x16x0,4096x129x1x1
kv-12,kernel_mul_mat_Ab_Bi_8x4,0.230500,17x1024x1,1x128x1,4096x129x1x1
Kcur-12,kernel_concat_f32_non_contiguous,0.717100,16x129x1,0x0x0,192x16x129x1
Vcur_cont-12,kernel_cpy_f32_f32,0.023000,1024x129x1,64x1x1,128x16x129x1
cache_k_l12 (view),kernel_set_rows_f16_i64,0.031800,132096x1x1,1024x1x1,3072x4096x1x1
cache_v_l12 (view),kernel_set_rows_f16_i64,0.022300,132096x1x1,1024x1x1,2048x4096x1x1
__fattn__-12,flash_attn_f32_f16,30.413300,144x16x0,16x1x0,128x16x129x1
node_788,kernel_transpose_32_16,0.019100,512x34x0,1x16x0,2048x129x1x1
node_788,kernel_mul_mat_Ab_Bi_8x4,0.512100,17x512x1,1x128x1,2048x129x1x1
ffn_inp-12,kernel_add,0.033200,8256x1x1,64x1x1,2048x129x1x1
ffn_norm-12,kernel_rms_norm_mul,0.035100,132096x1x1,1024x1x1,2048x129x1x1
ffn_moe_logits-12,kernel_mul_mm_f32_f32_l4_lm,0.466600,128x3x1,128x1x1,64x129x1x1
ffn_moe_probs-12,kernel_soft_max_4,0.004400,8256x1x1,64x1x1,64x129x1x1
ffn_moe_argsort-12,kernel_argsort_f32_i32,0.024800,64x129x1,64x1x1,64x129x1x1
ffn_moe_weights-12,kernel_get_rows_f32,0.006300,384x129x1,64x1x1,1x6x129x1
ffn_moe_weights_scaled-12,kernel_scale,0.001800,193x1x1,64x1x1,1x6x129x1
ffn_moe_gate-12,kernel_mul_mv_id_q4_0_f32_8x_flat,18.461000,11264x1x774,64x1x1,1408x6x129x1
ffn_moe_up-12,kernel_mul_mv_id_q4_0_f32_8x_flat,18.788799,11264x1x774,64x1x1,1408x6x129x1
ffn_moe_weighted-12,kernel_swiglu,0.171400,396288x1x1,512x1x1,1408x6x129x1
ffn_moe_down-12,kernel_mul_mv_id_q4_0_f32_8x_flat,19.905800,16384x1x774,64x1x1,2048x6x129x1
node_804,kernel_mul,0.201600,384x129x1,64x1x1,2048x6x129x1
ffn_gate-12,kernel_transpose_32_16,0.029100,512x34x0,1x16x0,2816x129x1x1
ffn_gate-12,kernel_mul_mat_Ab_Bi_8x4,0.663200,17x704x1,1x128x1,2816x129x1x1
ffn_up-12,kernel_transpose_32_16,0.022200,512x34x0,1x16x0,2816x129x1x1
ffn_up-12,kernel_mul_mat_Ab_Bi_8x4,0.663700,17x704x1,1x128x1,2816x129x1x1
ffn_swiglu-12,kernel_swiglu,0.042600,66048x1x1,512x1x1,2816x129x1x1
node_814,kernel_add,0.048300,8256x1x1,64x1x1,2048x129x1x1
node_815,kernel_add,0.037800,8256x1x1,64x1x1,2048x129x1x1
node_816,kernel_add,0.036700,8256x1x1,64x1x1,2048x129x1x1
node_817,kernel_add,0.038700,8256x1x1,64x1x1,2048x129x1x1
ffn_moe_out-12,kernel_add,0.036400,8256x1x1,64x1x1,2048x129x1x1
ffn_shexp-12,kernel_transpose_32_16,0.043000,704x34x0,1x16x0,2048x129x1x1
ffn_shexp-12,kernel_mul_mat_Ab_Bi_8x4,0.705700,17x512x1,1x128x1,2048x129x1x1
ffn_out-12,kernel_add,0.033100,8256x1x1,64x1x1,2048x129x1x1
l_out-12,kernel_add,0.037300,8256x1x1,64x1x1,2048x129x1x1
attn_norm-13,kernel_rms_norm_mul,0.034300,132096x1x1,1024x1x1,2048x129x1x1
q-13,kernel_transpose_32_16,0.020600,512x34x0,1x16x0,3072x129x1x1
q-13,kernel_mul_mat_Ab_Bi_8x4,0.727700,17x768x1,1x128x1,3072x129x1x1
q_pe-13,kernel_rope_norm_f32,0.019400,1024x129x1,64x1x1,64x16x129x1
Qcur-13,kernel_concat_f32_non_contiguous,0.270000,16x129x1,0x0x0,192x16x129x1
kv_cmpr_pe-13,kernel_transpose_32_16,0.024500,512x34x0,1x16x0,576x129x1x1
kv_cmpr_pe-13,kernel_mul_mat_Ab_Bi_8x4,0.311800,17x144x1,1x128x1,576x129x1x1
k_pe-13,kernel_rope_norm_f32,0.003300,64x129x1,64x1x1,64x1x129x1
node_832,kernel_repeat,0.190000,16x129x1,0x0x0,64x16x129x1
kv_cmpr-13,kernel_rms_norm_mul,0.015700,66048x1x1,512x1x1,512x129x1x1
kv-13,kernel_transpose_32_16,0.006800,128x34x0,1x16x0,4096x129x1x1
kv-13,kernel_mul_mat_Ab_Bi_8x4,0.227100,17x1024x1,1x128x1,4096x129x1x1
Kcur-13,kernel_concat_f32_non_contiguous,0.556400,16x129x1,0x0x0,192x16x129x1
Vcur_cont-13,kernel_cpy_f32_f32,0.023100,1024x129x1,64x1x1,128x16x129x1
cache_k_l13 (view),kernel_set_rows_f16_i64,0.028800,132096x1x1,1024x1x1,3072x4096x1x1
cache_v_l13 (view),kernel_set_rows_f16_i64,0.023700,132096x1x1,1024x1x1,2048x4096x1x1
__fattn__-13,flash_attn_f32_f16,30.397100,144x16x0,16x1x0,128x16x129x1
node_853,kernel_transpose_32_16,0.018900,512x34x0,1x16x0,2048x129x1x1
node_853,kernel_mul_mat_Ab_Bi_8x4,0.510500,17x512x1,1x128x1,2048x129x1x1
ffn_inp-13,kernel_add,0.036200,8256x1x1,64x1x1,2048x129x1x1
ffn_norm-13,kernel_rms_norm_mul,0.034400,132096x1x1,1024x1x1,2048x129x1x1
ffn_moe_logits-13,kernel_mul_mm_f32_f32_l4_lm,0.475900,128x3x1,128x1x1,64x129x1x1
ffn_moe_probs-13,kernel_soft_max_4,0.004700,8256x1x1,64x1x1,64x129x1x1
ffn_moe_argsort-13,kernel_argsort_f32_i32,0.025100,64x129x1,64x1x1,64x129x1x1
ffn_moe_weights-13,kernel_get_rows_f32,0.006300,384x129x1,64x1x1,1x6x129x1
ffn_moe_weights_scaled-13,kernel_scale,0.001800,193x1x1,64x1x1,1x6x129x1
ffn_moe_gate-13,kernel_mul_mv_id_q4_0_f32_8x_flat,18.614799,11264x1x774,64x1x1,1408x6x129x1
ffn_moe_up-13,kernel_mul_mv_id_q4_0_f32_8x_flat,18.634701,11264x1x774,64x1x1,1408x6x129x1
ffn_moe_weighted-13,kernel_swiglu,0.172300,396288x1x1,512x1x1,1408x6x129x1
ffn_moe_down-13,kernel_mul_mv_id_q4_0_f32_8x_flat,19.903900,16384x1x774,64x1x1,2048x6x129x1
node_869,kernel_mul,0.203100,384x129x1,64x1x1,2048x6x129x1
ffn_gate-13,kernel_transpose_32_16,0.028200,512x34x0,1x16x0,2816x129x1x1
ffn_gate-13,kernel_mul_mat_Ab_Bi_8x4,0.658000,17x704x1,1x128x1,2816x129x1x1
ffn_up-13,kernel_transpose_32_16,0.022300,512x34x0,1x16x0,2816x129x1x1
ffn_up-13,kernel_mul_mat_Ab_Bi_8x4,0.659000,17x704x1,1x128x1,2816x129x1x1
ffn_swiglu-13,kernel_swiglu,0.045700,66048x1x1,512x1x1,2816x129x1x1
node_879,kernel_add,0.048300,8256x1x1,64x1x1,2048x129x1x1
node_880,kernel_add,0.037800,8256x1x1,64x1x1,2048x129x1x1
node_881,kernel_add,0.032300,8256x1x1,64x1x1,2048x129x1x1
node_882,kernel_add,0.037500,8256x1x1,64x1x1,2048x129x1x1
ffn_moe_out-13,kernel_add,0.039100,8256x1x1,64x1x1,2048x129x1x1
ffn_shexp-13,kernel_transpose_32_16,0.043000,704x34x0,1x16x0,2048x129x1x1
ffn_shexp-13,kernel_mul_mat_Ab_Bi_8x4,0.700500,17x512x1,1x128x1,2048x129x1x1
ffn_out-13,kernel_add,0.033400,8256x1x1,64x1x1,2048x129x1x1
l_out-13,kernel_add,0.038400,8256x1x1,64x1x1,2048x129x1x1
attn_norm-14,kernel_rms_norm_mul,0.034800,132096x1x1,1024x1x1,2048x129x1x1
q-14,kernel_transpose_32_16,0.017900,512x34x0,1x16x0,3072x129x1x1
q-14,kernel_mul_mat_Ab_Bi_8x4,0.724900,17x768x1,1x128x1,3072x129x1x1
q_pe-14,kernel_rope_norm_f32,0.020000,1024x129x1,64x1x1,64x16x129x1
Qcur-14,kernel_concat_f32_non_contiguous,0.264800,16x129x1,0x0x0,192x16x129x1
kv_cmpr_pe-14,kernel_transpose_32_16,0.023000,512x34x0,1x16x0,576x129x1x1
kv_cmpr_pe-14,kernel_mul_mat_Ab_Bi_8x4,0.315500,17x144x1,1x128x1,576x129x1x1
k_pe-14,kernel_rope_norm_f32,0.003300,64x129x1,64x1x1,64x1x129x1
node_897,kernel_repeat,0.190800,16x129x1,0x0x0,64x16x129x1
kv_cmpr-14,kernel_rms_norm_mul,0.015900,66048x1x1,512x1x1,512x129x1x1
kv-14,kernel_transpose_32_16,0.007500,128x34x0,1x16x0,4096x129x1x1
kv-14,kernel_mul_mat_Ab_Bi_8x4,0.228900,17x1024x1,1x128x1,4096x129x1x1
Kcur-14,kernel_concat_f32_non_contiguous,0.713100,16x129x1,0x0x0,192x16x129x1
Vcur_cont-14,kernel_cpy_f32_f32,0.023800,1024x129x1,64x1x1,128x16x129x1
cache_k_l14 (view),kernel_set_rows_f16_i64,0.031800,132096x1x1,1024x1x1,3072x4096x1x1
cache_v_l14 (view),kernel_set_rows_f16_i64,0.022600,132096x1x1,1024x1x1,2048x4096x1x1
__fattn__-14,flash_attn_f32_f16,30.333200,144x16x0,16x1x0,128x16x129x1
node_918,kernel_transpose_32_16,0.018300,512x34x0,1x16x0,2048x129x1x1
node_918,kernel_mul_mat_Ab_Bi_8x4,0.511500,17x512x1,1x128x1,2048x129x1x1
ffn_inp-14,kernel_add,0.034800,8256x1x1,64x1x1,2048x129x1x1
ffn_norm-14,kernel_rms_norm_mul,0.035000,132096x1x1,1024x1x1,2048x129x1x1
ffn_moe_logits-14,kernel_mul_mm_f32_f32_l4_lm,0.475100,128x3x1,128x1x1,64x129x1x1
ffn_moe_probs-14,kernel_soft_max_4,0.004400,8256x1x1,64x1x1,64x129x1x1
ffn_moe_argsort-14,kernel_argsort_f32_i32,0.025100,64x129x1,64x1x1,64x129x1x1
ffn_moe_weights-14,kernel_get_rows_f32,0.006200,384x129x1,64x1x1,1x6x129x1
ffn_moe_weights_scaled-14,kernel_scale,0.002100,193x1x1,64x1x1,1x6x129x1
ffn_moe_gate-14,kernel_mul_mv_id_q4_0_f32_8x_flat,18.548500,11264x1x774,64x1x1,1408x6x129x1
ffn_moe_up-14,kernel_mul_mv_id_q4_0_f32_8x_flat,18.562000,11264x1x774,64x1x1,1408x6x129x1
ffn_moe_weighted-14,kernel_swiglu,0.172000,396288x1x1,512x1x1,1408x6x129x1
ffn_moe_down-14,kernel_mul_mv_id_q4_0_f32_8x_flat,19.891300,16384x1x774,64x1x1,2048x6x129x1
node_934,kernel_mul,0.203500,384x129x1,64x1x1,2048x6x129x1
ffn_gate-14,kernel_transpose_32_16,0.028900,512x34x0,1x16x0,2816x129x1x1
ffn_gate-14,kernel_mul_mat_Ab_Bi_8x4,0.664900,17x704x1,1x128x1,2816x129x1x1
ffn_up-14,kernel_transpose_32_16,0.018600,512x34x0,1x16x0,2816x129x1x1
ffn_up-14,kernel_mul_mat_Ab_Bi_8x4,0.665200,17x704x1,1x128x1,2816x129x1x1
ffn_swiglu-14,kernel_swiglu,0.046800,66048x1x1,512x1x1,2816x129x1x1
node_944,kernel_add,0.048000,8256x1x1,64x1x1,2048x129x1x1
node_945,kernel_add,0.038500,8256x1x1,64x1x1,2048x129x1x1
node_946,kernel_add,0.037300,8256x1x1,64x1x1,2048x129x1x1
node_947,kernel_add,0.037600,8256x1x1,64x1x1,2048x129x1x1
ffn_moe_out-14,kernel_add,0.037300,8256x1x1,64x1x1,2048x129x1x1
ffn_shexp-14,kernel_transpose_32_16,0.036300,704x34x0,1x16x0,2048x129x1x1
ffn_shexp-14,kernel_mul_mat_Ab_Bi_8x4,0.702100,17x512x1,1x128x1,2048x129x1x1
ffn_out-14,kernel_add,0.035400,8256x1x1,64x1x1,2048x129x1x1
l_out-14,kernel_add,0.037400,8256x1x1,64x1x1,2048x129x1x1
attn_norm-15,kernel_rms_norm_mul,0.034300,132096x1x1,1024x1x1,2048x129x1x1
q-15,kernel_transpose_32_16,0.020600,512x34x0,1x16x0,3072x129x1x1
q-15,kernel_mul_mat_Ab_Bi_8x4,0.728400,17x768x1,1x128x1,3072x129x1x1
q_pe-15,kernel_rope_norm_f32,0.019900,1024x129x1,64x1x1,64x16x129x1
Qcur-15,kernel_concat_f32_non_contiguous,0.263800,16x129x1,0x0x0,192x16x129x1
kv_cmpr_pe-15,kernel_transpose_32_16,0.025100,512x34x0,1x16x0,576x129x1x1
kv_cmpr_pe-15,kernel_mul_mat_Ab_Bi_8x4,0.315600,17x144x1,1x128x1,576x129x1x1
k_pe-15,kernel_rope_norm_f32,0.003400,64x129x1,64x1x1,64x1x129x1
node_962,kernel_repeat,0.191100,16x129x1,0x0x0,64x16x129x1
kv_cmpr-15,kernel_rms_norm_mul,0.015600,66048x1x1,512x1x1,512x129x1x1
kv-15,kernel_transpose_32_16,0.007000,128x34x0,1x16x0,4096x129x1x1
kv-15,kernel_mul_mat_Ab_Bi_8x4,0.231200,17x1024x1,1x128x1,4096x129x1x1
Kcur-15,kernel_concat_f32_non_contiguous,0.532900,16x129x1,0x0x0,192x16x129x1
Vcur_cont-15,kernel_cpy_f32_f32,0.022500,1024x129x1,64x1x1,128x16x129x1
cache_k_l15 (view),kernel_set_rows_f16_i64,0.031500,132096x1x1,1024x1x1,3072x4096x1x1
cache_v_l15 (view),kernel_set_rows_f16_i64,0.022900,132096x1x1,1024x1x1,2048x4096x1x1
__fattn__-15,flash_attn_f32_f16,30.497900,144x16x0,16x1x0,128x16x129x1
node_983,kernel_transpose_32_16,0.019000,512x34x0,1x16x0,2048x129x1x1
node_983,kernel_mul_mat_Ab_Bi_8x4,0.511000,17x512x1,1x128x1,2048x129x1x1
ffn_inp-15,kernel_add,0.035200,8256x1x1,64x1x1,2048x129x1x1
ffn_norm-15,kernel_rms_norm_mul,0.033900,132096x1x1,1024x1x1,2048x129x1x1
ffn_moe_logits-15,kernel_mul_mm_f32_f32_l4_lm,0.477400,128x3x1,128x1x1,64x129x1x1
ffn_moe_probs-15,kernel_soft_max_4,0.004400,8256x1x1,64x1x1,64x129x1x1
ffn_moe_argsort-15,kernel_argsort_f32_i32,0.025000,64x129x1,64x1x1,64x129x1x1
ffn_moe_weights-15,kernel_get_rows_f32,0.006200,384x129x1,64x1x1,1x6x129x1
ffn_moe_weights_scaled-15,kernel_scale,0.001900,193x1x1,64x1x1,1x6x129x1
ffn_moe_gate-15,kernel_mul_mv_id_q4_0_f32_8x_flat,18.674200,11264x1x774,64x1x1,1408x6x129x1
ffn_moe_up-15,kernel_mul_mv_id_q4_0_f32_8x_flat,18.683201,11264x1x774,64x1x1,1408x6x129x1
ffn_moe_weighted-15,kernel_swiglu,0.173000,396288x1x1,512x1x1,1408x6x129x1
ffn_moe_down-15,kernel_mul_mv_id_q4_0_f32_8x_flat,19.937700,16384x1x774,64x1x1,2048x6x129x1
node_999,kernel_mul,0.200600,384x129x1,64x1x1,2048x6x129x1
ffn_gate-15,kernel_transpose_32_16,0.028500,512x34x0,1x16x0,2816x129x1x1
ffn_gate-15,kernel_mul_mat_Ab_Bi_8x4,0.668100,17x704x1,1x128x1,2816x129x1x1
ffn_up-15,kernel_transpose_32_16,0.022800,512x34x0,1x16x0,2816x129x1x1
ffn_up-15,kernel_mul_mat_Ab_Bi_8x4,0.657700,17x704x1,1x128x1,2816x129x1x1
ffn_swiglu-15,kernel_swiglu,0.046100,66048x1x1,512x1x1,2816x129x1x1
node_1009,kernel_add,0.041900,8256x1x1,64x1x1,2048x129x1x1
node_1010,kernel_add,0.038000,8256x1x1,64x1x1,2048x129x1x1
node_1011,kernel_add,0.039800,8256x1x1,64x1x1,2048x129x1x1
node_1012,kernel_add,0.036300,8256x1x1,64x1x1,2048x129x1x1
ffn_moe_out-15,kernel_add,0.038500,8256x1x1,64x1x1,2048x129x1x1
ffn_shexp-15,kernel_transpose_32_16,0.044500,704x34x0,1x16x0,2048x129x1x1
ffn_shexp-15,kernel_mul_mat_Ab_Bi_8x4,0.700700,17x512x1,1x128x1,2048x129x1x1
ffn_out-15,kernel_add,0.032900,8256x1x1,64x1x1,2048x129x1x1
l_out-15,kernel_add,0.034200,8256x1x1,64x1x1,2048x129x1x1
attn_norm-16,kernel_rms_norm_mul,0.033900,132096x1x1,1024x1x1,2048x129x1x1
q-16,kernel_transpose_32_16,0.020800,512x34x0,1x16x0,3072x129x1x1
q-16,kernel_mul_mat_Ab_Bi_8x4,0.728300,17x768x1,1x128x1,3072x129x1x1
q_pe-16,kernel_rope_norm_f32,0.019200,1024x129x1,64x1x1,64x16x129x1
Qcur-16,kernel_concat_f32_non_contiguous,0.271500,16x129x1,0x0x0,192x16x129x1
kv_cmpr_pe-16,kernel_transpose_32_16,0.024300,512x34x0,1x16x0,576x129x1x1
kv_cmpr_pe-16,kernel_mul_mat_Ab_Bi_8x4,0.313700,17x144x1,1x128x1,576x129x1x1
k_pe-16,kernel_rope_norm_f32,0.003700,64x129x1,64x1x1,64x1x129x1
node_1027,kernel_repeat,0.186400,16x129x1,0x0x0,64x16x129x1
kv_cmpr-16,kernel_rms_norm_mul,0.015400,66048x1x1,512x1x1,512x129x1x1
kv-16,kernel_transpose_32_16,0.007000,128x34x0,1x16x0,4096x129x1x1
kv-16,kernel_mul_mat_Ab_Bi_8x4,0.229600,17x1024x1,1x128x1,4096x129x1x1
Kcur-16,kernel_concat_f32_non_contiguous,0.713200,16x129x1,0x0x0,192x16x129x1
Vcur_cont-16,kernel_cpy_f32_f32,0.023500,1024x129x1,64x1x1,128x16x129x1
cache_k_l16 (view),kernel_set_rows_f16_i64,0.031400,132096x1x1,1024x1x1,3072x4096x1x1
cache_v_l16 (view),kernel_set_rows_f16_i64,0.020700,132096x1x1,1024x1x1,2048x4096x1x1
__fattn__-16,flash_attn_f32_f16,30.433300,144x16x0,16x1x0,128x16x129x1
node_1048,kernel_transpose_32_16,0.019100,512x34x0,1x16x0,2048x129x1x1
node_1048,kernel_mul_mat_Ab_Bi_8x4,0.511500,17x512x1,1x128x1,2048x129x1x1
ffn_inp-16,kernel_add,0.035900,8256x1x1,64x1x1,2048x129x1x1
ffn_norm-16,kernel_rms_norm_mul,0.034300,132096x1x1,1024x1x1,2048x129x1x1
ffn_moe_logits-16,kernel_mul_mm_f32_f32_l4_lm,0.475300,128x3x1,128x1x1,64x129x1x1
ffn_moe_probs-16,kernel_soft_max_4,0.004400,8256x1x1,64x1x1,64x129x1x1
ffn_moe_argsort-16,kernel_argsort_f32_i32,0.025300,64x129x1,64x1x1,64x129x1x1
ffn_moe_weights-16,kernel_get_rows_f32,0.006200,384x129x1,64x1x1,1x6x129x1
ffn_moe_weights_scaled-16,kernel_scale,0.001900,193x1x1,64x1x1,1x6x129x1
ffn_moe_gate-16,kernel_mul_mv_id_q4_0_f32_8x_flat,18.454599,11264x1x774,64x1x1,1408x6x129x1
ffn_moe_up-16,kernel_mul_mv_id_q4_0_f32_8x_flat,18.467699,11264x1x774,64x1x1,1408x6x129x1
ffn_moe_weighted-16,kernel_swiglu,0.171500,396288x1x1,512x1x1,1408x6x129x1
ffn_moe_down-16,kernel_mul_mv_id_q4_0_f32_8x_flat,19.867399,16384x1x774,64x1x1,2048x6x129x1
node_1064,kernel_mul,0.200900,384x129x1,64x1x1,2048x6x129x1
ffn_gate-16,kernel_transpose_32_16,0.021900,512x34x0,1x16x0,2816x129x1x1
ffn_gate-16,kernel_mul_mat_Ab_Bi_8x4,0.663400,17x704x1,1x128x1,2816x129x1x1
ffn_up-16,kernel_transpose_32_16,0.022200,512x34x0,1x16x0,2816x129x1x1
ffn_up-16,kernel_mul_mat_Ab_Bi_8x4,0.666100,17x704x1,1x128x1,2816x129x1x1
ffn_swiglu-16,kernel_swiglu,0.045200,66048x1x1,512x1x1,2816x129x1x1
node_1074,kernel_add,0.048300,8256x1x1,64x1x1,2048x129x1x1
node_1075,kernel_add,0.037100,8256x1x1,64x1x1,2048x129x1x1
node_1076,kernel_add,0.037900,8256x1x1,64x1x1,2048x129x1x1
node_1077,kernel_add,0.033200,8256x1x1,64x1x1,2048x129x1x1
ffn_moe_out-16,kernel_add,0.035500,8256x1x1,64x1x1,2048x129x1x1
ffn_shexp-16,kernel_transpose_32_16,0.043600,704x34x0,1x16x0,2048x129x1x1
ffn_shexp-16,kernel_mul_mat_Ab_Bi_8x4,0.703200,17x512x1,1x128x1,2048x129x1x1
ffn_out-16,kernel_add,0.035700,8256x1x1,64x1x1,2048x129x1x1
l_out-16,kernel_add,0.037600,8256x1x1,64x1x1,2048x129x1x1
attn_norm-17,kernel_rms_norm_mul,0.034200,132096x1x1,1024x1x1,2048x129x1x1
q-17,kernel_transpose_32_16,0.020500,512x34x0,1x16x0,3072x129x1x1
q-17,kernel_mul_mat_Ab_Bi_8x4,0.731300,17x768x1,1x128x1,3072x129x1x1
q_pe-17,kernel_rope_norm_f32,0.019500,1024x129x1,64x1x1,64x16x129x1
Qcur-17,kernel_concat_f32_non_contiguous,0.273500,16x129x1,0x0x0,192x16x129x1
kv_cmpr_pe-17,kernel_transpose_32_16,0.024500,512x34x0,1x16x0,576x129x1x1
kv_cmpr_pe-17,kernel_mul_mat_Ab_Bi_8x4,0.316300,17x144x1,1x128x1,576x129x1x1
k_pe-17,kernel_rope_norm_f32,0.003300,64x129x1,64x1x1,64x1x129x1
node_1092,kernel_repeat,0.191400,16x129x1,0x0x0,64x16x129x1
kv_cmpr-17,kernel_rms_norm_mul,0.015900,66048x1x1,512x1x1,512x129x1x1
kv-17,kernel_transpose_32_16,0.005900,128x34x0,1x16x0,4096x129x1x1
kv-17,kernel_mul_mat_Ab_Bi_8x4,0.228100,17x1024x1,1x128x1,4096x129x1x1
Kcur-17,kernel_concat_f32_non_contiguous,0.707000,16x129x1,0x0x0,192x16x129x1
Vcur_cont-17,kernel_cpy_f32_f32,0.022500,1024x129x1,64x1x1,128x16x129x1
cache_k_l17 (view),kernel_set_rows_f16_i64,0.031700,132096x1x1,1024x1x1,3072x4096x1x1
cache_v_l17 (view),kernel_set_rows_f16_i64,0.022700,132096x1x1,1024x1x1,2048x4096x1x1
__fattn__-17,flash_attn_f32_f16,30.376200,144x16x0,16x1x0,128x16x129x1
node_1113,kernel_transpose_32_16,0.019000,512x34x0,1x16x0,2048x129x1x1
node_1113,kernel_mul_mat_Ab_Bi_8x4,0.511500,17x512x1,1x128x1,2048x129x1x1
ffn_inp-17,kernel_add,0.035100,8256x1x1,64x1x1,2048x129x1x1
ffn_norm-17,kernel_rms_norm_mul,0.034500,132096x1x1,1024x1x1,2048x129x1x1
ffn_moe_logits-17,kernel_mul_mm_f32_f32_l4_lm,0.474700,128x3x1,128x1x1,64x129x1x1
ffn_moe_probs-17,kernel_soft_max_4,0.004500,8256x1x1,64x1x1,64x129x1x1
ffn_moe_argsort-17,kernel_argsort_f32_i32,0.025100,64x129x1,64x1x1,64x129x1x1
ffn_moe_weights-17,kernel_get_rows_f32,0.006200,384x129x1,64x1x1,1x6x129x1
ffn_moe_weights_scaled-17,kernel_scale,0.001900,193x1x1,64x1x1,1x6x129x1
ffn_moe_gate-17,kernel_mul_mv_id_q4_0_f32_8x_flat,18.687099,11264x1x774,64x1x1,1408x6x129x1
ffn_moe_up-17,kernel_mul_mv_id_q4_0_f32_8x_flat,18.638700,11264x1x774,64x1x1,1408x6x129x1
ffn_moe_weighted-17,kernel_swiglu,0.172100,396288x1x1,512x1x1,1408x6x129x1
ffn_moe_down-17,kernel_mul_mv_id_q4_0_f32_8x_flat,19.877300,16384x1x774,64x1x1,2048x6x129x1
node_1129,kernel_mul,0.203700,384x129x1,64x1x1,2048x6x129x1
ffn_gate-17,kernel_transpose_32_16,0.028700,512x34x0,1x16x0,2816x129x1x1
ffn_gate-17,kernel_mul_mat_Ab_Bi_8x4,0.666600,17x704x1,1x128x1,2816x129x1x1
ffn_up-17,kernel_transpose_32_16,0.022800,512x34x0,1x16x0,2816x129x1x1
ffn_up-17,kernel_mul_mat_Ab_Bi_8x4,0.661800,17x704x1,1x128x1,2816x129x1x1
ffn_swiglu-17,kernel_swiglu,0.046600,66048x1x1,512x1x1,2816x129x1x1
node_1139,kernel_add,0.046500,8256x1x1,64x1x1,2048x129x1x1
node_1140,kernel_add,0.038100,8256x1x1,64x1x1,2048x129x1x1
node_1141,kernel_add,0.038100,8256x1x1,64x1x1,2048x129x1x1
node_1142,kernel_add,0.037400,8256x1x1,64x1x1,2048x129x1x1
ffn_moe_out-17,kernel_add,0.036800,8256x1x1,64x1x1,2048x129x1x1
ffn_shexp-17,kernel_transpose_32_16,0.044000,704x34x0,1x16x0,2048x129x1x1
ffn_shexp-17,kernel_mul_mat_Ab_Bi_8x4,0.701500,17x512x1,1x128x1,2048x129x1x1
ffn_out-17,kernel_add,0.032300,8256x1x1,64x1x1,2048x129x1x1
l_out-17,kernel_add,0.039000,8256x1x1,64x1x1,2048x129x1x1
attn_norm-18,kernel_rms_norm_mul,0.034200,132096x1x1,1024x1x1,2048x129x1x1
q-18,kernel_transpose_32_16,0.020600,512x34x0,1x16x0,3072x129x1x1
q-18,kernel_mul_mat_Ab_Bi_8x4,0.728300,17x768x1,1x128x1,3072x129x1x1
q_pe-18,kernel_rope_norm_f32,0.019500,1024x129x1,64x1x1,64x16x129x1
Qcur-18,kernel_concat_f32_non_contiguous,0.262600,16x129x1,0x0x0,192x16x129x1
kv_cmpr_pe-18,kernel_transpose_32_16,0.020600,512x34x0,1x16x0,576x129x1x1
kv_cmpr_pe-18,kernel_mul_mat_Ab_Bi_8x4,0.316300,17x144x1,1x128x1,576x129x1x1
k_pe-18,kernel_rope_norm_f32,0.003300,64x129x1,64x1x1,64x1x129x1
node_1157,kernel_repeat,0.191100,16x129x1,0x0x0,64x16x129x1
kv_cmpr-18,kernel_rms_norm_mul,0.015900,66048x1x1,512x1x1,512x129x1x1
kv-18,kernel_transpose_32_16,0.007800,128x34x0,1x16x0,4096x129x1x1
kv-18,kernel_mul_mat_Ab_Bi_8x4,0.228700,17x1024x1,1x128x1,4096x129x1x1
Kcur-18,kernel_concat_f32_non_contiguous,0.706300,16x129x1,0x0x0,192x16x129x1
Vcur_cont-18,kernel_cpy_f32_f32,0.020600,1024x129x1,64x1x1,128x16x129x1
cache_k_l18 (view),kernel_set_rows_f16_i64,0.030800,132096x1x1,1024x1x1,3072x4096x1x1
cache_v_l18 (view),kernel_set_rows_f16_i64,0.021800,132096x1x1,1024x1x1,2048x4096x1x1
__fattn__-18,flash_attn_f32_f16,30.405300,144x16x0,16x1x0,128x16x129x1
node_1178,kernel_transpose_32_16,0.018800,512x34x0,1x16x0,2048x129x1x1
node_1178,kernel_mul_mat_Ab_Bi_8x4,0.510700,17x512x1,1x128x1,2048x129x1x1
ffn_inp-18,kernel_add,0.037100,8256x1x1,64x1x1,2048x129x1x1
ffn_norm-18,kernel_rms_norm_mul,0.034800,132096x1x1,1024x1x1,2048x129x1x1
ffn_moe_logits-18,kernel_mul_mm_f32_f32_l4_lm,0.460800,128x3x1,128x1x1,64x129x1x1
ffn_moe_probs-18,kernel_soft_max_4,0.004800,8256x1x1,64x1x1,64x129x1x1
ffn_moe_argsort-18,kernel_argsort_f32_i32,0.025500,64x129x1,64x1x1,64x129x1x1
ffn_moe_weights-18,kernel_get_rows_f32,0.006300,384x129x1,64x1x1,1x6x129x1
ffn_moe_weights_scaled-18,kernel_scale,0.001900,193x1x1,64x1x1,1x6x129x1
ffn_moe_gate-18,kernel_mul_mv_id_q4_0_f32_8x_flat,18.610001,11264x1x774,64x1x1,1408x6x129x1
ffn_moe_up-18,kernel_mul_mv_id_q4_0_f32_8x_flat,18.555500,11264x1x774,64x1x1,1408x6x129x1
ffn_moe_weighted-18,kernel_swiglu,0.174200,396288x1x1,512x1x1,1408x6x129x1
ffn_moe_down-18,kernel_mul_mv_id_q4_0_f32_8x_flat,19.880899,16384x1x774,64x1x1,2048x6x129x1
node_1194,kernel_mul,0.205300,384x129x1,64x1x1,2048x6x129x1
ffn_gate-18,kernel_transpose_32_16,0.029100,512x34x0,1x16x0,2816x129x1x1
ffn_gate-18,kernel_mul_mat_Ab_Bi_8x4,0.665600,17x704x1,1x128x1,2816x129x1x1
ffn_up-18,kernel_transpose_32_16,0.022900,512x34x0,1x16x0,2816x129x1x1
ffn_up-18,kernel_mul_mat_Ab_Bi_8x4,0.666300,17x704x1,1x128x1,2816x129x1x1
ffn_swiglu-18,kernel_swiglu,0.045900,66048x1x1,512x1x1,2816x129x1x1
node_1204,kernel_add,0.049100,8256x1x1,64x1x1,2048x129x1x1
node_1205,kernel_add,0.032300,8256x1x1,64x1x1,2048x129x1x1
node_1206,kernel_add,0.036900,8256x1x1,64x1x1,2048x129x1x1
node_1207,kernel_add,0.038400,8256x1x1,64x1x1,2048x129x1x1
ffn_moe_out-18,kernel_add,0.037400,8256x1x1,64x1x1,2048x129x1x1
ffn_shexp-18,kernel_transpose_32_16,0.043200,704x34x0,1x16x0,2048x129x1x1
ffn_shexp-18,kernel_mul_mat_Ab_Bi_8x4,0.703200,17x512x1,1x128x1,2048x129x1x1
ffn_out-18,kernel_add,0.035500,8256x1x1,64x1x1,2048x129x1x1
l_out-18,kernel_add,0.037100,8256x1x1,64x1x1,2048x129x1x1
attn_norm-19,kernel_rms_norm_mul,0.033900,132096x1x1,1024x1x1,2048x129x1x1
q-19,kernel_transpose_32_16,0.020600,512x34x0,1x16x0,3072x129x1x1
q-19,kernel_mul_mat_Ab_Bi_8x4,0.728300,17x768x1,1x128x1,3072x129x1x1
q_pe-19,kernel_rope_norm_f32,0.019100,1024x129x1,64x1x1,64x16x129x1
Qcur-19,kernel_concat_f32_non_contiguous,0.272000,16x129x1,0x0x0,192x16x129x1
kv_cmpr_pe-19,kernel_transpose_32_16,0.025000,512x34x0,1x16x0,576x129x1x1
kv_cmpr_pe-19,kernel_mul_mat_Ab_Bi_8x4,0.313300,17x144x1,1x128x1,576x129x1x1
k_pe-19,kernel_rope_norm_f32,0.003300,64x129x1,64x1x1,64x1x129x1
node_1222,kernel_repeat,0.186800,16x129x1,0x0x0,64x16x129x1
kv_cmpr-19,kernel_rms_norm_mul,0.015500,66048x1x1,512x1x1,512x129x1x1
kv-19,kernel_transpose_32_16,0.007200,128x34x0,1x16x0,4096x129x1x1
kv-19,kernel_mul_mat_Ab_Bi_8x4,0.229500,17x1024x1,1x128x1,4096x129x1x1
Kcur-19,kernel_concat_f32_non_contiguous,0.555500,16x129x1,0x0x0,192x16x129x1
Vcur_cont-19,kernel_cpy_f32_f32,0.023000,1024x129x1,64x1x1,128x16x129x1
cache_k_l19 (view),kernel_set_rows_f16_i64,0.032700,132096x1x1,1024x1x1,3072x4096x1x1
cache_v_l19 (view),kernel_set_rows_f16_i64,0.023100,132096x1x1,1024x1x1,2048x4096x1x1
__fattn__-19,flash_attn_f32_f16,30.370701,144x16x0,16x1x0,128x16x129x1
node_1243,kernel_transpose_32_16,0.019000,512x34x0,1x16x0,2048x129x1x1
node_1243,kernel_mul_mat_Ab_Bi_8x4,0.512500,17x512x1,1x128x1,2048x129x1x1
ffn_inp-19,kernel_add,0.036300,8256x1x1,64x1x1,2048x129x1x1
ffn_norm-19,kernel_rms_norm_mul,0.034400,132096x1x1,1024x1x1,2048x129x1x1
ffn_moe_logits-19,kernel_mul_mm_f32_f32_l4_lm,0.472500,128x3x1,128x1x1,64x129x1x1
ffn_moe_probs-19,kernel_soft_max_4,0.004600,8256x1x1,64x1x1,64x129x1x1
ffn_moe_argsort-19,kernel_argsort_f32_i32,0.024800,64x129x1,64x1x1,64x129x1x1
ffn_moe_weights-19,kernel_get_rows_f32,0.006500,384x129x1,64x1x1,1x6x129x1
ffn_moe_weights_scaled-19,kernel_scale,0.001800,193x1x1,64x1x1,1x6x129x1
ffn_moe_gate-19,kernel_mul_mv_id_q4_0_f32_8x_flat,18.604900,11264x1x774,64x1x1,1408x6x129x1
ffn_moe_up-19,kernel_mul_mv_id_q4_0_f32_8x_flat,18.658600,11264x1x774,64x1x1,1408x6x129x1
ffn_moe_weighted-19,kernel_swiglu,0.172500,396288x1x1,512x1x1,1408x6x129x1
ffn_moe_down-19,kernel_mul_mv_id_q4_0_f32_8x_flat,19.867399,16384x1x774,64x1x1,2048x6x129x1
node_1259,kernel_mul,0.201500,384x129x1,64x1x1,2048x6x129x1
ffn_gate-19,kernel_transpose_32_16,0.028500,512x34x0,1x16x0,2816x129x1x1
ffn_gate-19,kernel_mul_mat_Ab_Bi_8x4,0.662800,17x704x1,1x128x1,2816x129x1x1
ffn_up-19,kernel_transpose_32_16,0.023200,512x34x0,1x16x0,2816x129x1x1
ffn_up-19,kernel_mul_mat_Ab_Bi_8x4,0.665600,17x704x1,1x128x1,2816x129x1x1
ffn_swiglu-19,kernel_swiglu,0.046900,66048x1x1,512x1x1,2816x129x1x1
node_1269,kernel_add,0.049400,8256x1x1,64x1x1,2048x129x1x1
node_1270,kernel_add,0.036300,8256x1x1,64x1x1,2048x129x1x1
node_1271,kernel_add,0.037800,8256x1x1,64x1x1,2048x129x1x1
node_1272,kernel_add,0.038600,8256x1x1,64x1x1,2048x129x1x1
ffn_moe_out-19,kernel_add,0.032200,8256x1x1,64x1x1,2048x129x1x1
ffn_shexp-19,kernel_transpose_32_16,0.043200,704x34x0,1x16x0,2048x129x1x1
ffn_shexp-19,kernel_mul_mat_Ab_Bi_8x4,0.701900,17x512x1,1x128x1,2048x129x1x1
ffn_out-19,kernel_add,0.034000,8256x1x1,64x1x1,2048x129x1x1
l_out-19,kernel_add,0.037100,8256x1x1,64x1x1,2048x129x1x1
attn_norm-20,kernel_rms_norm_mul,0.033700,132096x1x1,1024x1x1,2048x129x1x1
q-20,kernel_transpose_32_16,0.020300,512x34x0,1x16x0,3072x129x1x1
q-20,kernel_mul_mat_Ab_Bi_8x4,0.729000,17x768x1,1x128x1,3072x129x1x1
q_pe-20,kernel_rope_norm_f32,0.016400,1024x129x1,64x1x1,64x16x129x1
Qcur-20,kernel_concat_f32_non_contiguous,0.263700,16x129x1,0x0x0,192x16x129x1
kv_cmpr_pe-20,kernel_transpose_32_16,0.024300,512x34x0,1x16x0,576x129x1x1
kv_cmpr_pe-20,kernel_mul_mat_Ab_Bi_8x4,0.316500,17x144x1,1x128x1,576x129x1x1
k_pe-20,kernel_rope_norm_f32,0.003200,64x129x1,64x1x1,64x1x129x1
node_1287,kernel_repeat,0.190700,16x129x1,0x0x0,64x16x129x1
kv_cmpr-20,kernel_rms_norm_mul,0.016100,66048x1x1,512x1x1,512x129x1x1
kv-20,kernel_transpose_32_16,0.006800,128x34x0,1x16x0,4096x129x1x1
kv-20,kernel_mul_mat_Ab_Bi_8x4,0.229500,17x1024x1,1x128x1,4096x129x1x1
Kcur-20,kernel_concat_f32_non_contiguous,0.573000,16x129x1,0x0x0,192x16x129x1
Vcur_cont-20,kernel_cpy_f32_f32,0.023300,1024x129x1,64x1x1,128x16x129x1
cache_k_l20 (view),kernel_set_rows_f16_i64,0.031500,132096x1x1,1024x1x1,3072x4096x1x1
cache_v_l20 (view),kernel_set_rows_f16_i64,0.022400,132096x1x1,1024x1x1,2048x4096x1x1
__fattn__-20,flash_attn_f32_f16,30.459499,144x16x0,16x1x0,128x16x129x1
node_1308,kernel_transpose_32_16,0.019000,512x34x0,1x16x0,2048x129x1x1
node_1308,kernel_mul_mat_Ab_Bi_8x4,0.511100,17x512x1,1x128x1,2048x129x1x1
ffn_inp-20,kernel_add,0.034000,8256x1x1,64x1x1,2048x129x1x1
ffn_norm-20,kernel_rms_norm_mul,0.035000,132096x1x1,1024x1x1,2048x129x1x1
ffn_moe_logits-20,kernel_mul_mm_f32_f32_l4_lm,0.470200,128x3x1,128x1x1,64x129x1x1
ffn_moe_probs-20,kernel_soft_max_4,0.004500,8256x1x1,64x1x1,64x129x1x1
ffn_moe_argsort-20,kernel_argsort_f32_i32,0.025000,64x129x1,64x1x1,64x129x1x1
ffn_moe_weights-20,kernel_get_rows_f32,0.006200,384x129x1,64x1x1,1x6x129x1
ffn_moe_weights_scaled-20,kernel_scale,0.001900,193x1x1,64x1x1,1x6x129x1
ffn_moe_gate-20,kernel_mul_mv_id_q4_0_f32_8x_flat,18.628201,11264x1x774,64x1x1,1408x6x129x1
ffn_moe_up-20,kernel_mul_mv_id_q4_0_f32_8x_flat,18.429600,11264x1x774,64x1x1,1408x6x129x1
ffn_moe_weighted-20,kernel_swiglu,0.172100,396288x1x1,512x1x1,1408x6x129x1
ffn_moe_down-20,kernel_mul_mv_id_q4_0_f32_8x_flat,19.871099,16384x1x774,64x1x1,2048x6x129x1
node_1324,kernel_mul,0.201300,384x129x1,64x1x1,2048x6x129x1
ffn_gate-20,kernel_transpose_32_16,0.029200,512x34x0,1x16x0,2816x129x1x1
ffn_gate-20,kernel_mul_mat_Ab_Bi_8x4,0.667200,17x704x1,1x128x1,2816x129x1x1
ffn_up-20,kernel_transpose_32_16,0.022000,512x34x0,1x16x0,2816x129x1x1
ffn_up-20,kernel_mul_mat_Ab_Bi_8x4,0.663800,17x704x1,1x128x1,2816x129x1x1
ffn_swiglu-20,kernel_swiglu,0.044400,66048x1x1,512x1x1,2816x129x1x1
node_1334,kernel_add,0.047900,8256x1x1,64x1x1,2048x129x1x1
node_1335,kernel_add,0.038200,8256x1x1,64x1x1,2048x129x1x1
node_1336,kernel_add,0.037500,8256x1x1,64x1x1,2048x129x1x1
node_1337,kernel_add,0.038200,8256x1x1,64x1x1,2048x129x1x1
ffn_moe_out-20,kernel_add,0.037900,8256x1x1,64x1x1,2048x129x1x1
ffn_shexp-20,kernel_transpose_32_16,0.044200,704x34x0,1x16x0,2048x129x1x1
ffn_shexp-20,kernel_mul_mat_Ab_Bi_8x4,0.702800,17x512x1,1x128x1,2048x129x1x1
ffn_out-20,kernel_add,0.033000,8256x1x1,64x1x1,2048x129x1x1
l_out-20,kernel_add,0.037500,8256x1x1,64x1x1,2048x129x1x1
attn_norm-21,kernel_rms_norm_mul,0.034400,132096x1x1,1024x1x1,2048x129x1x1
q-21,kernel_transpose_32_16,0.020500,512x34x0,1x16x0,3072x129x1x1
q-21,kernel_mul_mat_Ab_Bi_8x4,0.729800,17x768x1,1x128x1,3072x129x1x1
q_pe-21,kernel_rope_norm_f32,0.019200,1024x129x1,64x1x1,64x16x129x1
Qcur-21,kernel_concat_f32_non_contiguous,0.273600,16x129x1,0x0x0,192x16x129x1
kv_cmpr_pe-21,kernel_transpose_32_16,0.024800,512x34x0,1x16x0,576x129x1x1
kv_cmpr_pe-21,kernel_mul_mat_Ab_Bi_8x4,0.311900,17x144x1,1x128x1,576x129x1x1
k_pe-21,kernel_rope_norm_f32,0.003400,64x129x1,64x1x1,64x1x129x1
node_1352,kernel_repeat,0.189500,16x129x1,0x0x0,64x16x129x1
kv_cmpr-21,kernel_rms_norm_mul,0.015800,66048x1x1,512x1x1,512x129x1x1
kv-21,kernel_transpose_32_16,0.007500,128x34x0,1x16x0,4096x129x1x1
kv-21,kernel_mul_mat_Ab_Bi_8x4,0.230100,17x1024x1,1x128x1,4096x129x1x1
Kcur-21,kernel_concat_f32_non_contiguous,0.566700,16x129x1,0x0x0,192x16x129x1
Vcur_cont-21,kernel_cpy_f32_f32,0.022200,1024x129x1,64x1x1,128x16x129x1
cache_k_l21 (view),kernel_set_rows_f16_i64,0.028800,132096x1x1,1024x1x1,3072x4096x1x1
cache_v_l21 (view),kernel_set_rows_f16_i64,0.023100,132096x1x1,1024x1x1,2048x4096x1x1
__fattn__-21,flash_attn_f32_f16,30.467400,144x16x0,16x1x0,128x16x129x1
node_1373,kernel_transpose_32_16,0.019000,512x34x0,1x16x0,2048x129x1x1
node_1373,kernel_mul_mat_Ab_Bi_8x4,0.512000,17x512x1,1x128x1,2048x129x1x1
ffn_inp-21,kernel_add,0.036200,8256x1x1,64x1x1,2048x129x1x1
ffn_norm-21,kernel_rms_norm_mul,0.034900,132096x1x1,1024x1x1,2048x129x1x1
ffn_moe_logits-21,kernel_mul_mm_f32_f32_l4_lm,0.468700,128x3x1,128x1x1,64x129x1x1
ffn_moe_probs-21,kernel_soft_max_4,0.004700,8256x1x1,64x1x1,64x129x1x1
ffn_moe_argsort-21,kernel_argsort_f32_i32,0.025100,64x129x1,64x1x1,64x129x1x1
ffn_moe_weights-21,kernel_get_rows_f32,0.006200,384x129x1,64x1x1,1x6x129x1
ffn_moe_weights_scaled-21,kernel_scale,0.001800,193x1x1,64x1x1,1x6x129x1
ffn_moe_gate-21,kernel_mul_mv_id_q4_0_f32_8x_flat,18.574800,11264x1x774,64x1x1,1408x6x129x1
ffn_moe_up-21,kernel_mul_mv_id_q4_0_f32_8x_flat,18.676399,11264x1x774,64x1x1,1408x6x129x1
ffn_moe_weighted-21,kernel_swiglu,0.172700,396288x1x1,512x1x1,1408x6x129x1
ffn_moe_down-21,kernel_mul_mv_id_q4_0_f32_8x_flat,19.884899,16384x1x774,64x1x1,2048x6x129x1
node_1389,kernel_mul,0.201300,384x129x1,64x1x1,2048x6x129x1
ffn_gate-21,kernel_transpose_32_16,0.028900,512x34x0,1x16x0,2816x129x1x1
ffn_gate-21,kernel_mul_mat_Ab_Bi_8x4,0.668500,17x704x1,1x128x1,2816x129x1x1
ffn_up-21,kernel_transpose_32_16,0.022000,512x34x0,1x16x0,2816x129x1x1
ffn_up-21,kernel_mul_mat_Ab_Bi_8x4,0.663900,17x704x1,1x128x1,2816x129x1x1
ffn_swiglu-21,kernel_swiglu,0.047400,66048x1x1,512x1x1,2816x129x1x1
node_1399,kernel_add,0.049700,8256x1x1,64x1x1,2048x129x1x1
node_1400,kernel_add,0.036600,8256x1x1,64x1x1,2048x129x1x1
node_1401,kernel_add,0.033100,8256x1x1,64x1x1,2048x129x1x1
node_1402,kernel_add,0.038100,8256x1x1,64x1x1,2048x129x1x1
ffn_moe_out-21,kernel_add,0.039500,8256x1x1,64x1x1,2048x129x1x1
ffn_shexp-21,kernel_transpose_32_16,0.044500,704x34x0,1x16x0,2048x129x1x1
ffn_shexp-21,kernel_mul_mat_Ab_Bi_8x4,0.702800,17x512x1,1x128x1,2048x129x1x1
ffn_out-21,kernel_add,0.033600,8256x1x1,64x1x1,2048x129x1x1
l_out-21,kernel_add,0.038600,8256x1x1,64x1x1,2048x129x1x1
attn_norm-22,kernel_rms_norm_mul,0.034400,132096x1x1,1024x1x1,2048x129x1x1
q-22,kernel_transpose_32_16,0.017800,512x34x0,1x16x0,3072x129x1x1
q-22,kernel_mul_mat_Ab_Bi_8x4,0.726400,17x768x1,1x128x1,3072x129x1x1
q_pe-22,kernel_rope_norm_f32,0.019900,1024x129x1,64x1x1,64x16x129x1
Qcur-22,kernel_concat_f32_non_contiguous,0.269800,16x129x1,0x0x0,192x16x129x1
kv_cmpr_pe-22,kernel_transpose_32_16,0.023800,512x34x0,1x16x0,576x129x1x1
kv_cmpr_pe-22,kernel_mul_mat_Ab_Bi_8x4,0.315500,17x144x1,1x128x1,576x129x1x1
k_pe-22,kernel_rope_norm_f32,0.003200,64x129x1,64x1x1,64x1x129x1
node_1417,kernel_repeat,0.192700,16x129x1,0x0x0,64x16x129x1
kv_cmpr-22,kernel_rms_norm_mul,0.015900,66048x1x1,512x1x1,512x129x1x1
kv-22,kernel_transpose_32_16,0.007300,128x34x0,1x16x0,4096x129x1x1
kv-22,kernel_mul_mat_Ab_Bi_8x4,0.228200,17x1024x1,1x128x1,4096x129x1x1
Kcur-22,kernel_concat_f32_non_contiguous,0.553700,16x129x1,0x0x0,192x16x129x1
Vcur_cont-22,kernel_cpy_f32_f32,0.023400,1024x129x1,64x1x1,128x16x129x1
cache_k_l22 (view),kernel_set_rows_f16_i64,0.031700,132096x1x1,1024x1x1,3072x4096x1x1
cache_v_l22 (view),kernel_set_rows_f16_i64,0.023000,132096x1x1,1024x1x1,2048x4096x1x1
__fattn__-22,flash_attn_f32_f16,31.752600,144x16x0,16x1x0,128x16x129x1
node_1438,kernel_transpose_32_16,0.018200,512x34x0,1x16x0,2048x129x1x1
node_1438,kernel_mul_mat_Ab_Bi_8x4,0.512100,17x512x1,1x128x1,2048x129x1x1
ffn_inp-22,kernel_add,0.035600,8256x1x1,64x1x1,2048x129x1x1
ffn_norm-22,kernel_rms_norm_mul,0.034700,132096x1x1,1024x1x1,2048x129x1x1
ffn_moe_logits-22,kernel_mul_mm_f32_f32_l4_lm,0.480100,128x3x1,128x1x1,64x129x1x1
ffn_moe_probs-22,kernel_soft_max_4,0.004600,8256x1x1,64x1x1,64x129x1x1
ffn_moe_argsort-22,kernel_argsort_f32_i32,0.025100,64x129x1,64x1x1,64x129x1x1
ffn_moe_weights-22,kernel_get_rows_f32,0.006400,384x129x1,64x1x1,1x6x129x1
ffn_moe_weights_scaled-22,kernel_scale,0.002100,193x1x1,64x1x1,1x6x129x1
ffn_moe_gate-22,kernel_mul_mv_id_q4_0_f32_8x_flat,18.603001,11264x1x774,64x1x1,1408x6x129x1
ffn_moe_up-22,kernel_mul_mv_id_q4_0_f32_8x_flat,18.608801,11264x1x774,64x1x1,1408x6x129x1
ffn_moe_weighted-22,kernel_swiglu,0.176200,396288x1x1,512x1x1,1408x6x129x1
ffn_moe_down-22,kernel_mul_mv_id_q4_0_f32_8x_flat,19.951700,16384x1x774,64x1x1,2048x6x129x1
node_1454,kernel_mul,0.206700,384x129x1,64x1x1,2048x6x129x1
ffn_gate-22,kernel_transpose_32_16,0.029000,512x34x0,1x16x0,2816x129x1x1
ffn_gate-22,kernel_mul_mat_Ab_Bi_8x4,0.661200,17x704x1,1x128x1,2816x129x1x1
ffn_up-22,kernel_transpose_32_16,0.018700,512x34x0,1x16x0,2816x129x1x1
ffn_up-22,kernel_mul_mat_Ab_Bi_8x4,0.666200,17x704x1,1x128x1,2816x129x1x1
ffn_swiglu-22,kernel_swiglu,0.045200,66048x1x1,512x1x1,2816x129x1x1
node_1464,kernel_add,0.049000,8256x1x1,64x1x1,2048x129x1x1
node_1465,kernel_add,0.037200,8256x1x1,64x1x1,2048x129x1x1
node_1466,kernel_add,0.037800,8256x1x1,64x1x1,2048x129x1x1
node_1467,kernel_add,0.037500,8256x1x1,64x1x1,2048x129x1x1
ffn_moe_out-22,kernel_add,0.037600,8256x1x1,64x1x1,2048x129x1x1
ffn_shexp-22,kernel_transpose_32_16,0.036100,704x34x0,1x16x0,2048x129x1x1
ffn_shexp-22,kernel_mul_mat_Ab_Bi_8x4,0.701000,17x512x1,1x128x1,2048x129x1x1
ffn_out-22,kernel_add,0.035700,8256x1x1,64x1x1,2048x129x1x1
l_out-22,kernel_add,0.037500,8256x1x1,64x1x1,2048x129x1x1
attn_norm-23,kernel_rms_norm_mul,0.034100,132096x1x1,1024x1x1,2048x129x1x1
q-23,kernel_transpose_32_16,0.020400,512x34x0,1x16x0,3072x129x1x1
q-23,kernel_mul_mat_Ab_Bi_8x4,0.727200,17x768x1,1x128x1,3072x129x1x1
q_pe-23,kernel_rope_norm_f32,0.019900,1024x129x1,64x1x1,64x16x129x1
Qcur-23,kernel_concat_f32_non_contiguous,0.256400,16x129x1,0x0x0,192x16x129x1
kv_cmpr_pe-23,kernel_transpose_32_16,0.024500,512x34x0,1x16x0,576x129x1x1
kv_cmpr_pe-23,kernel_mul_mat_Ab_Bi_8x4,0.317500,17x144x1,1x128x1,576x129x1x1
k_pe-23,kernel_rope_norm_f32,0.003300,64x129x1,64x1x1,64x1x129x1
node_1482,kernel_repeat,0.190500,16x129x1,0x0x0,64x16x129x1
kv_cmpr-23,kernel_rms_norm_mul,0.015500,66048x1x1,512x1x1,512x129x1x1
kv-23,kernel_transpose_32_16,0.006900,128x34x0,1x16x0,4096x129x1x1
kv-23,kernel_mul_mat_Ab_Bi_8x4,0.227900,17x1024x1,1x128x1,4096x129x1x1
Kcur-23,kernel_concat_f32_non_contiguous,0.534400,16x129x1,0x0x0,192x16x129x1
Vcur_cont-23,kernel_cpy_f32_f32,0.022200,1024x129x1,64x1x1,128x16x129x1
cache_k_l23 (view),kernel_set_rows_f16_i64,0.032900,132096x1x1,1024x1x1,3072x4096x1x1
cache_v_l23 (view),kernel_set_rows_f16_i64,0.023300,132096x1x1,1024x1x1,2048x4096x1x1
__fattn__-23,flash_attn_f32_f16,30.414101,144x16x0,16x1x0,128x16x129x1
node_1503,kernel_transpose_32_16,0.018800,512x34x0,1x16x0,2048x129x1x1
node_1503,kernel_mul_mat_Ab_Bi_8x4,0.512300,17x512x1,1x128x1,2048x129x1x1
ffn_inp-23,kernel_add,0.034200,8256x1x1,64x1x1,2048x129x1x1
ffn_norm-23,kernel_rms_norm_mul,0.033700,132096x1x1,1024x1x1,2048x129x1x1
ffn_moe_logits-23,kernel_mul_mm_f32_f32_l4_lm,0.466000,128x3x1,128x1x1,64x129x1x1
ffn_moe_probs-23,kernel_soft_max_4,0.004500,8256x1x1,64x1x1,64x129x1x1
ffn_moe_argsort-23,kernel_argsort_f32_i32,0.025100,64x129x1,64x1x1,64x129x1x1
ffn_moe_weights-23,kernel_get_rows_f32,0.006200,384x129x1,64x1x1,1x6x129x1
ffn_moe_weights_scaled-23,kernel_scale,0.001800,193x1x1,64x1x1,1x6x129x1
ffn_moe_gate-23,kernel_mul_mv_id_q4_0_f32_8x_flat,18.787300,11264x1x774,64x1x1,1408x6x129x1
ffn_moe_up-23,kernel_mul_mv_id_q4_0_f32_8x_flat,18.689501,11264x1x774,64x1x1,1408x6x129x1
ffn_moe_weighted-23,kernel_swiglu,0.172900,396288x1x1,512x1x1,1408x6x129x1
ffn_moe_down-23,kernel_mul_mv_id_q4_0_f32_8x_flat,19.892500,16384x1x774,64x1x1,2048x6x129x1
node_1519,kernel_mul,0.202500,384x129x1,64x1x1,2048x6x129x1
ffn_gate-23,kernel_transpose_32_16,0.028300,512x34x0,1x16x0,2816x129x1x1
ffn_gate-23,kernel_mul_mat_Ab_Bi_8x4,0.663800,17x704x1,1x128x1,2816x129x1x1
ffn_up-23,kernel_transpose_32_16,0.022500,512x34x0,1x16x0,2816x129x1x1
ffn_up-23,kernel_mul_mat_Ab_Bi_8x4,0.666100,17x704x1,1x128x1,2816x129x1x1
ffn_swiglu-23,kernel_swiglu,0.046100,66048x1x1,512x1x1,2816x129x1x1
node_1529,kernel_add,0.042600,8256x1x1,64x1x1,2048x129x1x1
node_1530,kernel_add,0.037100,8256x1x1,64x1x1,2048x129x1x1
node_1531,kernel_add,0.038300,8256x1x1,64x1x1,2048x129x1x1
node_1532,kernel_add,0.037400,8256x1x1,64x1x1,2048x129x1x1
ffn_moe_out-23,kernel_add,0.037800,8256x1x1,64x1x1,2048x129x1x1
ffn_shexp-23,kernel_transpose_32_16,0.043900,704x34x0,1x16x0,2048x129x1x1
ffn_shexp-23,kernel_mul_mat_Ab_Bi_8x4,0.700600,17x512x1,1x128x1,2048x129x1x1
ffn_out-23,kernel_add,0.032800,8256x1x1,64x1x1,2048x129x1x1
l_out-23,kernel_add,0.034200,8256x1x1,64x1x1,2048x129x1x1
attn_norm-24,kernel_rms_norm_mul,0.033900,132096x1x1,1024x1x1,2048x129x1x1
q-24,kernel_transpose_32_16,0.020700,512x34x0,1x16x0,3072x129x1x1
q-24,kernel_mul_mat_Ab_Bi_8x4,0.728700,17x768x1,1x128x1,3072x129x1x1
q_pe-24,kernel_rope_norm_f32,0.019100,1024x129x1,64x1x1,64x16x129x1
Qcur-24,kernel_concat_f32_non_contiguous,0.261200,16x129x1,0x0x0,192x16x129x1
kv_cmpr_pe-24,kernel_transpose_32_16,0.023100,512x34x0,1x16x0,576x129x1x1
kv_cmpr_pe-24,kernel_mul_mat_Ab_Bi_8x4,0.314100,17x144x1,1x128x1,576x129x1x1
k_pe-24,kernel_rope_norm_f32,0.003600,64x129x1,64x1x1,64x1x129x1
node_1547,kernel_repeat,0.187500,16x129x1,0x0x0,64x16x129x1
kv_cmpr-24,kernel_rms_norm_mul,0.015800,66048x1x1,512x1x1,512x129x1x1
kv-24,kernel_transpose_32_16,0.006600,128x34x0,1x16x0,4096x129x1x1
kv-24,kernel_mul_mat_Ab_Bi_8x4,0.229600,17x1024x1,1x128x1,4096x129x1x1
Kcur-24,kernel_concat_f32_non_contiguous,0.546100,16x129x1,0x0x0,192x16x129x1
Vcur_cont-24,kernel_cpy_f32_f32,0.024000,1024x129x1,64x1x1,128x16x129x1
cache_k_l24 (view),kernel_set_rows_f16_i64,0.031200,132096x1x1,1024x1x1,3072x4096x1x1
cache_v_l24 (view),kernel_set_rows_f16_i64,0.020400,132096x1x1,1024x1x1,2048x4096x1x1
__fattn__-24,flash_attn_f32_f16,30.452700,144x16x0,16x1x0,128x16x129x1
node_1568,kernel_transpose_32_16,0.019000,512x34x0,1x16x0,2048x129x1x1
node_1568,kernel_mul_mat_Ab_Bi_8x4,0.513700,17x512x1,1x128x1,2048x129x1x1
ffn_inp-24,kernel_add,0.036200,8256x1x1,64x1x1,2048x129x1x1
ffn_norm-24,kernel_rms_norm_mul,0.034300,132096x1x1,1024x1x1,2048x129x1x1
ffn_moe_logits-24,kernel_mul_mm_f32_f32_l4_lm,0.473400,128x3x1,128x1x1,64x129x1x1
ffn_moe_probs-24,kernel_soft_max_4,0.004400,8256x1x1,64x1x1,64x129x1x1
ffn_moe_argsort-24,kernel_argsort_f32_i32,0.025300,64x129x1,64x1x1,64x129x1x1
ffn_moe_weights-24,kernel_get_rows_f32,0.006100,384x129x1,64x1x1,1x6x129x1
ffn_moe_weights_scaled-24,kernel_scale,0.001900,193x1x1,64x1x1,1x6x129x1
ffn_moe_gate-24,kernel_mul_mv_id_q4_0_f32_8x_flat,18.535500,11264x1x774,64x1x1,1408x6x129x1
ffn_moe_up-24,kernel_mul_mv_id_q4_0_f32_8x_flat,18.544001,11264x1x774,64x1x1,1408x6x129x1
ffn_moe_weighted-24,kernel_swiglu,0.172800,396288x1x1,512x1x1,1408x6x129x1
ffn_moe_down-24,kernel_mul_mv_id_q4_0_f32_8x_flat,19.893700,16384x1x774,64x1x1,2048x6x129x1
node_1584,kernel_mul,0.203500,384x129x1,64x1x1,2048x6x129x1
ffn_gate-24,kernel_transpose_32_16,0.022600,512x34x0,1x16x0,2816x129x1x1
ffn_gate-24,kernel_mul_mat_Ab_Bi_8x4,0.666000,17x704x1,1x128x1,2816x129x1x1
ffn_up-24,kernel_transpose_32_16,0.022200,512x34x0,1x16x0,2816x129x1x1
ffn_up-24,kernel_mul_mat_Ab_Bi_8x4,0.669500,17x704x1,1x128x1,2816x129x1x1
ffn_swiglu-24,kernel_swiglu,0.045000,66048x1x1,512x1x1,2816x129x1x1
node_1594,kernel_add,0.049100,8256x1x1,64x1x1,2048x129x1x1
node_1595,kernel_add,0.035700,8256x1x1,64x1x1,2048x129x1x1
node_1596,kernel_add,0.038000,8256x1x1,64x1x1,2048x129x1x1
node_1597,kernel_add,0.032900,8256x1x1,64x1x1,2048x129x1x1
ffn_moe_out-24,kernel_add,0.037300,8256x1x1,64x1x1,2048x129x1x1
ffn_shexp-24,kernel_transpose_32_16,0.042500,704x34x0,1x16x0,2048x129x1x1
ffn_shexp-24,kernel_mul_mat_Ab_Bi_8x4,0.703100,17x512x1,1x128x1,2048x129x1x1
ffn_out-24,kernel_add,0.035700,8256x1x1,64x1x1,2048x129x1x1
l_out-24,kernel_add,0.038200,8256x1x1,64x1x1,2048x129x1x1
attn_norm-25,kernel_rms_norm_mul,0.033800,132096x1x1,1024x1x1,2048x129x1x1
q-25,kernel_transpose_32_16,0.020400,512x34x0,1x16x0,3072x129x1x1
q-25,kernel_mul_mat_Ab_Bi_8x4,0.729500,17x768x1,1x128x1,3072x129x1x1
q_pe-25,kernel_rope_norm_f32,0.019200,1024x129x1,64x1x1,64x16x129x1
Qcur-25,kernel_concat_f32_non_contiguous,0.264000,16x129x1,0x0x0,192x16x129x1
kv_cmpr_pe-25,kernel_transpose_32_16,0.024200,512x34x0,1x16x0,576x129x1x1
kv_cmpr_pe-25,kernel_mul_mat_Ab_Bi_8x4,0.314000,17x144x1,1x128x1,576x129x1x1
k_pe-25,kernel_rope_norm_f32,0.003300,64x129x1,64x1x1,64x1x129x1
node_1612,kernel_repeat,0.192300,16x129x1,0x0x0,64x16x129x1
kv_cmpr-25,kernel_rms_norm_mul,0.015900,66048x1x1,512x1x1,512x129x1x1
kv-25,kernel_transpose_32_16,0.006100,128x34x0,1x16x0,4096x129x1x1
kv-25,kernel_mul_mat_Ab_Bi_8x4,0.228000,17x1024x1,1x128x1,4096x129x1x1
Kcur-25,kernel_concat_f32_non_contiguous,0.712700,16x129x1,0x0x0,192x16x129x1
Vcur_cont-25,kernel_cpy_f32_f32,0.022200,1024x129x1,64x1x1,128x16x129x1
cache_k_l25 (view),kernel_set_rows_f16_i64,0.032100,132096x1x1,1024x1x1,3072x4096x1x1
cache_v_l25 (view),kernel_set_rows_f16_i64,0.023100,132096x1x1,1024x1x1,2048x4096x1x1
__fattn__-25,flash_attn_f32_f16,30.443600,144x16x0,16x1x0,128x16x129x1
node_1633,kernel_transpose_32_16,0.018800,512x34x0,1x16x0,2048x129x1x1
node_1633,kernel_mul_mat_Ab_Bi_8x4,0.511800,17x512x1,1x128x1,2048x129x1x1
ffn_inp-25,kernel_add,0.035500,8256x1x1,64x1x1,2048x129x1x1
ffn_norm-25,kernel_rms_norm_mul,0.034200,132096x1x1,1024x1x1,2048x129x1x1
ffn_moe_logits-25,kernel_mul_mm_f32_f32_l4_lm,0.476400,128x3x1,128x1x1,64x129x1x1
ffn_moe_probs-25,kernel_soft_max_4,0.004300,8256x1x1,64x1x1,64x129x1x1
ffn_moe_argsort-25,kernel_argsort_f32_i32,0.025400,64x129x1,64x1x1,64x129x1x1
ffn_moe_weights-25,kernel_get_rows_f32,0.006300,384x129x1,64x1x1,1x6x129x1
ffn_moe_weights_scaled-25,kernel_scale,0.001900,193x1x1,64x1x1,1x6x129x1
ffn_moe_gate-25,kernel_mul_mv_id_q4_0_f32_8x_flat,18.717800,11264x1x774,64x1x1,1408x6x129x1
ffn_moe_up-25,kernel_mul_mv_id_q4_0_f32_8x_flat,18.660900,11264x1x774,64x1x1,1408x6x129x1
ffn_moe_weighted-25,kernel_swiglu,0.172300,396288x1x1,512x1x1,1408x6x129x1
ffn_moe_down-25,kernel_mul_mv_id_q4_0_f32_8x_flat,19.947399,16384x1x774,64x1x1,2048x6x129x1
node_1649,kernel_mul,0.201700,384x129x1,64x1x1,2048x6x129x1
ffn_gate-25,kernel_transpose_32_16,0.028600,512x34x0,1x16x0,2816x129x1x1
ffn_gate-25,kernel_mul_mat_Ab_Bi_8x4,0.664200,17x704x1,1x128x1,2816x129x1x1
ffn_up-25,kernel_transpose_32_16,0.022700,512x34x0,1x16x0,2816x129x1x1
ffn_up-25,kernel_mul_mat_Ab_Bi_8x4,0.665600,17x704x1,1x128x1,2816x129x1x1
ffn_swiglu-25,kernel_swiglu,0.046500,66048x1x1,512x1x1,2816x129x1x1
node_1659,kernel_add,0.049300,8256x1x1,64x1x1,2048x129x1x1
node_1660,kernel_add,0.037000,8256x1x1,64x1x1,2048x129x1x1
node_1661,kernel_add,0.038800,8256x1x1,64x1x1,2048x129x1x1
node_1662,kernel_add,0.039600,8256x1x1,64x1x1,2048x129x1x1
ffn_moe_out-25,kernel_add,0.039100,8256x1x1,64x1x1,2048x129x1x1
ffn_shexp-25,kernel_transpose_32_16,0.043500,704x34x0,1x16x0,2048x129x1x1
ffn_shexp-25,kernel_mul_mat_Ab_Bi_8x4,0.704700,17x512x1,1x128x1,2048x129x1x1
ffn_out-25,kernel_add,0.033200,8256x1x1,64x1x1,2048x129x1x1
l_out-25,kernel_add,0.039700,8256x1x1,64x1x1,2048x129x1x1
attn_norm-26,kernel_rms_norm_mul,0.036000,132096x1x1,1024x1x1,2048x129x1x1
q-26,kernel_transpose_32_16,0.020400,512x34x0,1x16x0,3072x129x1x1
q-26,kernel_mul_mat_Ab_Bi_8x4,0.730100,17x768x1,1x128x1,3072x129x1x1
q_pe-26,kernel_rope_norm_f32,0.019800,1024x129x1,64x1x1,64x16x129x1
Qcur-26,kernel_concat_f32_non_contiguous,0.273800,16x129x1,0x0x0,192x16x129x1
kv_cmpr_pe-26,kernel_transpose_32_16,0.020800,512x34x0,1x16x0,576x129x1x1
kv_cmpr_pe-26,kernel_mul_mat_Ab_Bi_8x4,0.314000,17x144x1,1x128x1,576x129x1x1
k_pe-26,kernel_rope_norm_f32,0.003500,64x129x1,64x1x1,64x1x129x1
node_1677,kernel_repeat,0.190700,16x129x1,0x0x0,64x16x129x1
kv_cmpr-26,kernel_rms_norm_mul,0.015800,66048x1x1,512x1x1,512x129x1x1
kv-26,kernel_transpose_32_16,0.007000,128x34x0,1x16x0,4096x129x1x1
kv-26,kernel_mul_mat_Ab_Bi_8x4,0.228000,17x1024x1,1x128x1,4096x129x1x1
Kcur-26,kernel_concat_f32_non_contiguous,0.709200,16x129x1,0x0x0,192x16x129x1
Vcur_cont-26,kernel_cpy_f32_f32,0.020500,1024x129x1,64x1x1,128x16x129x1
cache_k_l26 (view),kernel_set_rows_f16_i64,0.030700,132096x1x1,1024x1x1,3072x4096x1x1
cache_v_l26 (view),kernel_set_rows_f16_i64,0.021900,132096x1x1,1024x1x1,2048x4096x1x1
__fattn__-26,flash_attn_f32_f16,30.410500,144x16x0,16x1x0,128x16x129x1
node_1698,kernel_transpose_32_16,0.019000,512x34x0,1x16x0,2048x129x1x1
node_1698,kernel_mul_mat_Ab_Bi_8x4,0.511900,17x512x1,1x128x1,2048x129x1x1
node_1699,kernel_get_rows_f32,0.009000,64x1x1,64x1x1,2048x1x1x1
node_1700,kernel_get_rows_f32,0.009600,64x1x1,64x1x1,2048x1x1x1
ffn_inp-26,kernel_add_row,0.002400,512x0x0,64x0x0,2048x1x1x1
ffn_norm-26,kernel_rms_norm_mul,0.005400,1024x1x1,1024x1x1,2048x1x1x1
ffn_moe_logits-26,kernel_mul_mat_f32_f32,0.011200,4096x1x1,64x1x1,64x1x1x1
ffn_moe_probs-26,kernel_soft_max_4,0.003400,64x1x1,64x1x1,64x1x1x1
ffn_moe_argsort-26,kernel_argsort_f32_i32,0.012000,64x1x1,64x1x1,64x1x1x1
ffn_moe_weights-26,kernel_get_rows_f32,0.002500,384x1x1,64x1x1,1x6x1x1
ffn_moe_weights_scaled-26,kernel_scale,0.001800,1x1x1,64x1x1,1x6x1x1
ffn_moe_gate-26,kernel_mul_mv_id_q4_0_f32_8x_flat,0.159400,11264x1x6,64x1x1,1408x6x1x1
ffn_moe_up-26,kernel_mul_mv_id_q4_0_f32_8x_flat,0.157300,11264x1x6,64x1x1,1408x6x1x1
ffn_moe_weighted-26,kernel_swiglu,0.003100,3072x1x1,512x1x1,1408x6x1x1
ffn_moe_down-26,kernel_mul_mv_id_q4_0_f32_8x_flat,0.170000,16384x1x6,64x1x1,2048x6x1x1
node_1716,kernel_mul,0.010800,384x1x1,64x1x1,2048x6x1x1
ffn_gate-26,kernel_gemv_noshuffle,0.050100,1408x4x1,64x4x1,2816x1x1x1
ffn_up-26,kernel_gemv_noshuffle,0.049300,1408x4x1,64x4x1,2816x1x1x1
ffn_swiglu-26,kernel_swiglu,0.003900,512x1x1,512x1x1,2816x1x1x1
node_1726,kernel_add_row,0.002000,512x0x0,64x0x0,2048x1x1x1
node_1727,kernel_add_row,0.002300,512x0x0,64x0x0,2048x1x1x1
node_1728,kernel_add_row,0.001900,512x0x0,64x0x0,2048x1x1x1
node_1729,kernel_add_row,0.001800,512x0x0,64x0x0,2048x1x1x1
ffn_moe_out-26,kernel_add_row,0.001900,512x0x0,64x0x0,2048x1x1x1
ffn_shexp-26,kernel_gemv_noshuffle,0.056800,1024x4x1,64x4x1,2048x1x1x1
ffn_out-26,kernel_add_row,0.002000,512x0x0,64x0x0,2048x1x1x1
l_out-26,kernel_add_row,0.001900,512x0x0,64x0x0,2048x1x1x1
result_norm,kernel_rms_norm_mul,0.005800,1024x1x1,1024x1x1,2048x1x1x1
result_output,kernel_mul_mv_q6_K_f32,7.501600,102400x64x1,2x64x1,102400x1x1x1
