op name, kernel name, exec duration (ms), global size, local size, output size
attn_norm-0,kernel_rms_norm_mul,0.052100,131072x1x1,1024x1x1,2048x128x1x1
q-0,kernel_transpose_32_16,0.028700,512x32x0,1x16x0,3072x128x1x1
q-0,kernel_mul_mat_Ab_Bi_8x4,0.654700,16x768x1,1x128x1,3072x128x1x1
q_pe-0,kernel_rope_norm_f32,0.019500,1024x128x1,64x1x1,64x16x128x1
Qcur-0,kernel_concat_f32_non_contiguous,0.383500,16x128x1,0x0x0,192x16x128x1
kv_cmpr_pe-0,kernel_transpose_32_16,0.020100,512x32x0,1x16x0,576x128x1x1
kv_cmpr_pe-0,kernel_mul_mat_Ab_Bi_8x4,0.334000,16x144x1,1x128x1,576x128x1x1
k_pe-0,kernel_rope_norm_f32,0.003400,64x128x1,64x1x1,64x1x128x1
node_11,kernel_repeat,0.271900,16x128x1,0x0x0,64x16x128x1
kv_cmpr-0,kernel_rms_norm_mul,0.015900,65536x1x1,512x1x1,512x128x1x1
kv-0,kernel_transpose_32_16,0.006200,128x32x0,1x16x0,4096x128x1x1
kv-0,kernel_mul_mat_Ab_Bi_8x4,0.232100,16x1024x1,1x128x1,4096x128x1x1
Kcur-0,kernel_concat_f32_non_contiguous,0.593400,16x128x1,0x0x0,192x16x128x1
Vcur_cont-0,kernel_cpy_f32_f32,0.022000,1024x128x1,64x1x1,128x16x128x1
cache_k_l0 (view),kernel_set_rows_f16_i64,0.030000,131072x1x1,1024x1x1,3072x4096x1x1
cache_v_l0 (view),kernel_set_rows_f16_i64,0.020500,131072x1x1,1024x1x1,2048x4096x1x1
 (copy),kernel_cpy_f32_f16,0.005100,8192x1x1,64x1x1,256x128x1x1
__fattn__-0,flash_attn_f32_f16,9.840800,128x16x0,16x1x0,128x16x128x1
node_33,kernel_transpose_32_16,0.017000,512x32x0,1x16x0,2048x128x1x1
node_33,kernel_mul_mat_Ab_Bi_8x4,0.522500,16x512x1,1x128x1,2048x128x1x1
ffn_inp-0,kernel_add,0.034400,8192x1x1,64x1x1,2048x128x1x1
ffn_norm-0,kernel_rms_norm_mul,0.034900,131072x1x1,1024x1x1,2048x128x1x1
ffn_gate-0,kernel_transpose_32_16,0.017800,512x32x0,1x16x0,10944x128x1x1
ffn_gate-0,kernel_mul_mat_Ab_Bi_8x4,2.118900,16x2736x1,1x128x1,10944x128x1x1
ffn_up-0,kernel_transpose_32_16,0.019800,512x32x0,1x16x0,10944x128x1x1
ffn_up-0,kernel_mul_mat_Ab_Bi_8x4,2.116200,16x2736x1,1x128x1,10944x128x1x1
ffn_swiglu-0,kernel_swiglu,0.234000,65536x1x1,512x1x1,10944x128x1x1
ffn_out-0,kernel_transpose_32_16,0.116900,2736x32x0,1x16x0,2048x128x1x1
ffn_out-0,kernel_mul_mat_Ab_Bi_8x4,2.831500,16x512x1,1x128x1,2048x128x1x1
l_out-0,kernel_add,0.034100,8192x1x1,64x1x1,2048x128x1x1
attn_norm-1,kernel_rms_norm_mul,0.035000,131072x1x1,1024x1x1,2048x128x1x1
q-1,kernel_transpose_32_16,0.017500,512x32x0,1x16x0,3072x128x1x1
q-1,kernel_mul_mat_Ab_Bi_8x4,0.650000,16x768x1,1x128x1,3072x128x1x1
q_pe-1,kernel_rope_norm_f32,0.019800,1024x128x1,64x1x1,64x16x128x1
Qcur-1,kernel_concat_f32_non_contiguous,0.369000,16x128x1,0x0x0,192x16x128x1
kv_cmpr_pe-1,kernel_transpose_32_16,0.018700,512x32x0,1x16x0,576x128x1x1
kv_cmpr_pe-1,kernel_mul_mat_Ab_Bi_8x4,0.328200,16x144x1,1x128x1,576x128x1x1
k_pe-1,kernel_rope_norm_f32,0.003200,64x128x1,64x1x1,64x1x128x1
node_52,kernel_repeat,0.275500,16x128x1,0x0x0,64x16x128x1
kv_cmpr-1,kernel_rms_norm_mul,0.016200,65536x1x1,512x1x1,512x128x1x1
kv-1,kernel_transpose_32_16,0.005600,128x32x0,1x16x0,4096x128x1x1
kv-1,kernel_mul_mat_Ab_Bi_8x4,0.231500,16x1024x1,1x128x1,4096x128x1x1
Kcur-1,kernel_concat_f32_non_contiguous,0.692900,16x128x1,0x0x0,192x16x128x1
Vcur_cont-1,kernel_cpy_f32_f32,0.023000,1024x128x1,64x1x1,128x16x128x1
cache_k_l1 (view),kernel_set_rows_f16_i64,0.029700,131072x1x1,1024x1x1,3072x4096x1x1
cache_v_l1 (view),kernel_set_rows_f16_i64,0.021000,131072x1x1,1024x1x1,2048x4096x1x1
__fattn__-1,flash_attn_f32_f16,9.655500,128x16x0,16x1x0,128x16x128x1
node_73,kernel_transpose_32_16,0.016400,512x32x0,1x16x0,2048x128x1x1
node_73,kernel_mul_mat_Ab_Bi_8x4,0.525400,16x512x1,1x128x1,2048x128x1x1
ffn_inp-1,kernel_add,0.034500,8192x1x1,64x1x1,2048x128x1x1
ffn_norm-1,kernel_rms_norm_mul,0.035000,131072x1x1,1024x1x1,2048x128x1x1
ffn_moe_logits-1,kernel_mul_mm_f32_f32_l4_lm,0.513000,128x2x1,128x1x1,64x128x1x1
ffn_moe_probs-1,kernel_soft_max_4,0.004300,8192x1x1,64x1x1,64x128x1x1
ffn_moe_argsort-1,kernel_argsort_f32_i32,0.026800,64x128x1,64x1x1,64x128x1x1
ffn_moe_weights-1,kernel_get_rows_f32,0.006100,384x128x1,64x1x1,1x6x128x1
ffn_moe_weights_scaled-1,kernel_scale,0.001800,192x1x1,64x1x1,1x6x128x1
ffn_moe_gate-1,kernel_mul_mv_id_q4_0_f32_8x_flat,19.209200,11264x1x768,64x1x1,1408x6x128x1
ffn_moe_up-1,kernel_mul_mv_id_q4_0_f32_8x_flat,19.000799,11264x1x768,64x1x1,1408x6x128x1
ffn_moe_weighted-1,kernel_swiglu,0.174300,393216x1x1,512x1x1,1408x6x128x1
ffn_moe_down-1,kernel_mul_mv_id_q4_0_f32_8x_flat,19.764601,16384x1x768,64x1x1,2048x6x128x1
node_89,kernel_mul,0.201700,384x128x1,64x1x1,2048x6x128x1
ffn_gate-1,kernel_transpose_32_16,0.025200,512x32x0,1x16x0,2816x128x1x1
ffn_gate-1,kernel_mul_mat_Ab_Bi_8x4,0.625700,16x704x1,1x128x1,2816x128x1x1
ffn_up-1,kernel_transpose_32_16,0.020300,512x32x0,1x16x0,2816x128x1x1
ffn_up-1,kernel_mul_mat_Ab_Bi_8x4,0.621700,16x704x1,1x128x1,2816x128x1x1
ffn_swiglu-1,kernel_swiglu,0.045500,65536x1x1,512x1x1,2816x128x1x1
node_99,kernel_add,0.049000,8192x1x1,64x1x1,2048x128x1x1
node_100,kernel_add,0.036500,8192x1x1,64x1x1,2048x128x1x1
node_101,kernel_add,0.037400,8192x1x1,64x1x1,2048x128x1x1
node_102,kernel_add,0.039200,8192x1x1,64x1x1,2048x128x1x1
ffn_moe_out-1,kernel_add,0.039300,8192x1x1,64x1x1,2048x128x1x1
ffn_shexp-1,kernel_transpose_32_16,0.031700,704x32x0,1x16x0,2048x128x1x1
ffn_shexp-1,kernel_mul_mat_Ab_Bi_8x4,0.716500,16x512x1,1x128x1,2048x128x1x1
ffn_out-1,kernel_add,0.033500,8192x1x1,64x1x1,2048x128x1x1
l_out-1,kernel_add,0.037800,8192x1x1,64x1x1,2048x128x1x1
attn_norm-2,kernel_rms_norm_mul,0.035600,131072x1x1,1024x1x1,2048x128x1x1
q-2,kernel_transpose_32_16,0.017600,512x32x0,1x16x0,3072x128x1x1
q-2,kernel_mul_mat_Ab_Bi_8x4,0.650900,16x768x1,1x128x1,3072x128x1x1
q_pe-2,kernel_rope_norm_f32,0.019500,1024x128x1,64x1x1,64x16x128x1
Qcur-2,kernel_concat_f32_non_contiguous,0.372700,16x128x1,0x0x0,192x16x128x1
kv_cmpr_pe-2,kernel_transpose_32_16,0.018300,512x32x0,1x16x0,576x128x1x1
kv_cmpr_pe-2,kernel_mul_mat_Ab_Bi_8x4,0.327500,16x144x1,1x128x1,576x128x1x1
k_pe-2,kernel_rope_norm_f32,0.003400,64x128x1,64x1x1,64x1x128x1
node_117,kernel_repeat,0.274600,16x128x1,0x0x0,64x16x128x1
kv_cmpr-2,kernel_rms_norm_mul,0.016100,65536x1x1,512x1x1,512x128x1x1
kv-2,kernel_transpose_32_16,0.007800,128x32x0,1x16x0,4096x128x1x1
kv-2,kernel_mul_mat_Ab_Bi_8x4,0.234100,16x1024x1,1x128x1,4096x128x1x1
Kcur-2,kernel_concat_f32_non_contiguous,0.702600,16x128x1,0x0x0,192x16x128x1
Vcur_cont-2,kernel_cpy_f32_f32,0.019600,1024x128x1,64x1x1,128x16x128x1
cache_k_l2 (view),kernel_set_rows_f16_i64,0.029600,131072x1x1,1024x1x1,3072x4096x1x1
cache_v_l2 (view),kernel_set_rows_f16_i64,0.020800,131072x1x1,1024x1x1,2048x4096x1x1
__fattn__-2,flash_attn_f32_f16,9.683800,128x16x0,16x1x0,128x16x128x1
node_138,kernel_transpose_32_16,0.016400,512x32x0,1x16x0,2048x128x1x1
node_138,kernel_mul_mat_Ab_Bi_8x4,0.523500,16x512x1,1x128x1,2048x128x1x1
ffn_inp-2,kernel_add,0.034900,8192x1x1,64x1x1,2048x128x1x1
ffn_norm-2,kernel_rms_norm_mul,0.034700,131072x1x1,1024x1x1,2048x128x1x1
ffn_moe_logits-2,kernel_mul_mm_f32_f32_l4_lm,0.493600,128x2x1,128x1x1,64x128x1x1
ffn_moe_probs-2,kernel_soft_max_4,0.004400,8192x1x1,64x1x1,64x128x1x1
ffn_moe_argsort-2,kernel_argsort_f32_i32,0.026000,64x128x1,64x1x1,64x128x1x1
ffn_moe_weights-2,kernel_get_rows_f32,0.006100,384x128x1,64x1x1,1x6x128x1
ffn_moe_weights_scaled-2,kernel_scale,0.001800,192x1x1,64x1x1,1x6x128x1
ffn_moe_gate-2,kernel_mul_mv_id_q4_0_f32_8x_flat,18.883200,11264x1x768,64x1x1,1408x6x128x1
ffn_moe_up-2,kernel_mul_mv_id_q4_0_f32_8x_flat,18.879900,11264x1x768,64x1x1,1408x6x128x1
ffn_moe_weighted-2,kernel_swiglu,0.172400,393216x1x1,512x1x1,1408x6x128x1
ffn_moe_down-2,kernel_mul_mv_id_q4_0_f32_8x_flat,19.708799,16384x1x768,64x1x1,2048x6x128x1
node_154,kernel_mul,0.203100,384x128x1,64x1x1,2048x6x128x1
ffn_gate-2,kernel_transpose_32_16,0.024100,512x32x0,1x16x0,2816x128x1x1
ffn_gate-2,kernel_mul_mat_Ab_Bi_8x4,0.626600,16x704x1,1x128x1,2816x128x1x1
ffn_up-2,kernel_transpose_32_16,0.019700,512x32x0,1x16x0,2816x128x1x1
ffn_up-2,kernel_mul_mat_Ab_Bi_8x4,0.625600,16x704x1,1x128x1,2816x128x1x1
ffn_swiglu-2,kernel_swiglu,0.046100,65536x1x1,512x1x1,2816x128x1x1
node_164,kernel_add,0.047000,8192x1x1,64x1x1,2048x128x1x1
node_165,kernel_add,0.031400,8192x1x1,64x1x1,2048x128x1x1
node_166,kernel_add,0.034000,8192x1x1,64x1x1,2048x128x1x1
node_167,kernel_add,0.034000,8192x1x1,64x1x1,2048x128x1x1
ffn_moe_out-2,kernel_add,0.034900,8192x1x1,64x1x1,2048x128x1x1
ffn_shexp-2,kernel_transpose_32_16,0.032100,704x32x0,1x16x0,2048x128x1x1
ffn_shexp-2,kernel_mul_mat_Ab_Bi_8x4,0.721000,16x512x1,1x128x1,2048x128x1x1
ffn_out-2,kernel_add,0.031100,8192x1x1,64x1x1,2048x128x1x1
l_out-2,kernel_add,0.035700,8192x1x1,64x1x1,2048x128x1x1
attn_norm-3,kernel_rms_norm_mul,0.034600,131072x1x1,1024x1x1,2048x128x1x1
q-3,kernel_transpose_32_16,0.017100,512x32x0,1x16x0,3072x128x1x1
q-3,kernel_mul_mat_Ab_Bi_8x4,0.651600,16x768x1,1x128x1,3072x128x1x1
q_pe-3,kernel_rope_norm_f32,0.019200,1024x128x1,64x1x1,64x16x128x1
Qcur-3,kernel_concat_f32_non_contiguous,0.389800,16x128x1,0x0x0,192x16x128x1
kv_cmpr_pe-3,kernel_transpose_32_16,0.020400,512x32x0,1x16x0,576x128x1x1
kv_cmpr_pe-3,kernel_mul_mat_Ab_Bi_8x4,0.326500,16x144x1,1x128x1,576x128x1x1
k_pe-3,kernel_rope_norm_f32,0.003200,64x128x1,64x1x1,64x1x128x1
node_182,kernel_repeat,0.271600,16x128x1,0x0x0,64x16x128x1
kv_cmpr-3,kernel_rms_norm_mul,0.016100,65536x1x1,512x1x1,512x128x1x1
kv-3,kernel_transpose_32_16,0.006600,128x32x0,1x16x0,4096x128x1x1
kv-3,kernel_mul_mat_Ab_Bi_8x4,0.231300,16x1024x1,1x128x1,4096x128x1x1
Kcur-3,kernel_concat_f32_non_contiguous,0.699000,16x128x1,0x0x0,192x16x128x1
Vcur_cont-3,kernel_cpy_f32_f32,0.022500,1024x128x1,64x1x1,128x16x128x1
cache_k_l3 (view),kernel_set_rows_f16_i64,0.030100,131072x1x1,1024x1x1,3072x4096x1x1
cache_v_l3 (view),kernel_set_rows_f16_i64,0.021200,131072x1x1,1024x1x1,2048x4096x1x1
__fattn__-3,flash_attn_f32_f16,9.690800,128x16x0,16x1x0,128x16x128x1
node_203,kernel_transpose_32_16,0.016400,512x32x0,1x16x0,2048x128x1x1
node_203,kernel_mul_mat_Ab_Bi_8x4,0.522500,16x512x1,1x128x1,2048x128x1x1
ffn_inp-3,kernel_add,0.033900,8192x1x1,64x1x1,2048x128x1x1
ffn_norm-3,kernel_rms_norm_mul,0.035400,131072x1x1,1024x1x1,2048x128x1x1
ffn_moe_logits-3,kernel_mul_mm_f32_f32_l4_lm,0.515900,128x2x1,128x1x1,64x128x1x1
ffn_moe_probs-3,kernel_soft_max_4,0.004400,8192x1x1,64x1x1,64x128x1x1
ffn_moe_argsort-3,kernel_argsort_f32_i32,0.026300,64x128x1,64x1x1,64x128x1x1
ffn_moe_weights-3,kernel_get_rows_f32,0.006600,384x128x1,64x1x1,1x6x128x1
ffn_moe_weights_scaled-3,kernel_scale,0.001800,192x1x1,64x1x1,1x6x128x1
ffn_moe_gate-3,kernel_mul_mv_id_q4_0_f32_8x_flat,18.761801,11264x1x768,64x1x1,1408x6x128x1
ffn_moe_up-3,kernel_mul_mv_id_q4_0_f32_8x_flat,18.778601,11264x1x768,64x1x1,1408x6x128x1
ffn_moe_weighted-3,kernel_swiglu,0.170500,393216x1x1,512x1x1,1408x6x128x1
ffn_moe_down-3,kernel_mul_mv_id_q4_0_f32_8x_flat,19.695299,16384x1x768,64x1x1,2048x6x128x1
node_219,kernel_mul,0.200900,384x128x1,64x1x1,2048x6x128x1
ffn_gate-3,kernel_transpose_32_16,0.023200,512x32x0,1x16x0,2816x128x1x1
ffn_gate-3,kernel_mul_mat_Ab_Bi_8x4,0.622900,16x704x1,1x128x1,2816x128x1x1
ffn_up-3,kernel_transpose_32_16,0.020300,512x32x0,1x16x0,2816x128x1x1
ffn_up-3,kernel_mul_mat_Ab_Bi_8x4,0.624500,16x704x1,1x128x1,2816x128x1x1
ffn_swiglu-3,kernel_swiglu,0.045900,65536x1x1,512x1x1,2816x128x1x1
node_229,kernel_add,0.047100,8192x1x1,64x1x1,2048x128x1x1
node_230,kernel_add,0.036800,8192x1x1,64x1x1,2048x128x1x1
node_231,kernel_add,0.037000,8192x1x1,64x1x1,2048x128x1x1
node_232,kernel_add,0.037300,8192x1x1,64x1x1,2048x128x1x1
ffn_moe_out-3,kernel_add,0.033500,8192x1x1,64x1x1,2048x128x1x1
ffn_shexp-3,kernel_transpose_32_16,0.032400,704x32x0,1x16x0,2048x128x1x1
ffn_shexp-3,kernel_mul_mat_Ab_Bi_8x4,0.722100,16x512x1,1x128x1,2048x128x1x1
ffn_out-3,kernel_add,0.033900,8192x1x1,64x1x1,2048x128x1x1
l_out-3,kernel_add,0.037400,8192x1x1,64x1x1,2048x128x1x1
attn_norm-4,kernel_rms_norm_mul,0.035700,131072x1x1,1024x1x1,2048x128x1x1
q-4,kernel_transpose_32_16,0.017600,512x32x0,1x16x0,3072x128x1x1
q-4,kernel_mul_mat_Ab_Bi_8x4,0.651300,16x768x1,1x128x1,3072x128x1x1
q_pe-4,kernel_rope_norm_f32,0.016200,1024x128x1,64x1x1,64x16x128x1
Qcur-4,kernel_concat_f32_non_contiguous,0.373700,16x128x1,0x0x0,192x16x128x1
kv_cmpr_pe-4,kernel_transpose_32_16,0.018900,512x32x0,1x16x0,576x128x1x1
kv_cmpr_pe-4,kernel_mul_mat_Ab_Bi_8x4,0.326000,16x144x1,1x128x1,576x128x1x1
k_pe-4,kernel_rope_norm_f32,0.003100,64x128x1,64x1x1,64x1x128x1
node_247,kernel_repeat,0.274900,16x128x1,0x0x0,64x16x128x1
kv_cmpr-4,kernel_rms_norm_mul,0.016100,65536x1x1,512x1x1,512x128x1x1
kv-4,kernel_transpose_32_16,0.006300,128x32x0,1x16x0,4096x128x1x1
kv-4,kernel_mul_mat_Ab_Bi_8x4,0.231500,16x1024x1,1x128x1,4096x128x1x1
Kcur-4,kernel_concat_f32_non_contiguous,0.706300,16x128x1,0x0x0,192x16x128x1
Vcur_cont-4,kernel_cpy_f32_f32,0.022300,1024x128x1,64x1x1,128x16x128x1
cache_k_l4 (view),kernel_set_rows_f16_i64,0.029700,131072x1x1,1024x1x1,3072x4096x1x1
cache_v_l4 (view),kernel_set_rows_f16_i64,0.020700,131072x1x1,1024x1x1,2048x4096x1x1
__fattn__-4,flash_attn_f32_f16,9.681000,128x16x0,16x1x0,128x16x128x1
node_268,kernel_transpose_32_16,0.015900,512x32x0,1x16x0,2048x128x1x1
node_268,kernel_mul_mat_Ab_Bi_8x4,0.524000,16x512x1,1x128x1,2048x128x1x1
ffn_inp-4,kernel_add,0.031400,8192x1x1,64x1x1,2048x128x1x1
ffn_norm-4,kernel_rms_norm_mul,0.035300,131072x1x1,1024x1x1,2048x128x1x1
ffn_moe_logits-4,kernel_mul_mm_f32_f32_l4_lm,0.512600,128x2x1,128x1x1,64x128x1x1
ffn_moe_probs-4,kernel_soft_max_4,0.004500,8192x1x1,64x1x1,64x128x1x1
ffn_moe_argsort-4,kernel_argsort_f32_i32,0.026000,64x128x1,64x1x1,64x128x1x1
ffn_moe_weights-4,kernel_get_rows_f32,0.006200,384x128x1,64x1x1,1x6x128x1
ffn_moe_weights_scaled-4,kernel_scale,0.001800,192x1x1,64x1x1,1x6x128x1
ffn_moe_gate-4,kernel_mul_mv_id_q4_0_f32_8x_flat,18.804701,11264x1x768,64x1x1,1408x6x128x1
ffn_moe_up-4,kernel_mul_mv_id_q4_0_f32_8x_flat,18.766300,11264x1x768,64x1x1,1408x6x128x1
ffn_moe_weighted-4,kernel_swiglu,0.170600,393216x1x1,512x1x1,1408x6x128x1
ffn_moe_down-4,kernel_mul_mv_id_q4_0_f32_8x_flat,19.697201,16384x1x768,64x1x1,2048x6x128x1
node_284,kernel_mul,0.203100,384x128x1,64x1x1,2048x6x128x1
ffn_gate-4,kernel_transpose_32_16,0.022800,512x32x0,1x16x0,2816x128x1x1
ffn_gate-4,kernel_mul_mat_Ab_Bi_8x4,0.627800,16x704x1,1x128x1,2816x128x1x1
ffn_up-4,kernel_transpose_32_16,0.019200,512x32x0,1x16x0,2816x128x1x1
ffn_up-4,kernel_mul_mat_Ab_Bi_8x4,0.623200,16x704x1,1x128x1,2816x128x1x1
ffn_swiglu-4,kernel_swiglu,0.043300,65536x1x1,512x1x1,2816x128x1x1
node_294,kernel_add,0.046500,8192x1x1,64x1x1,2048x128x1x1
node_295,kernel_add,0.033800,8192x1x1,64x1x1,2048x128x1x1
node_296,kernel_add,0.033600,8192x1x1,64x1x1,2048x128x1x1
node_297,kernel_add,0.033700,8192x1x1,64x1x1,2048x128x1x1
ffn_moe_out-4,kernel_add,0.034600,8192x1x1,64x1x1,2048x128x1x1
ffn_shexp-4,kernel_transpose_32_16,0.031300,704x32x0,1x16x0,2048x128x1x1
ffn_shexp-4,kernel_mul_mat_Ab_Bi_8x4,0.722200,16x512x1,1x128x1,2048x128x1x1
ffn_out-4,kernel_add,0.029900,8192x1x1,64x1x1,2048x128x1x1
l_out-4,kernel_add,0.038400,8192x1x1,64x1x1,2048x128x1x1
attn_norm-5,kernel_rms_norm_mul,0.034800,131072x1x1,1024x1x1,2048x128x1x1
q-5,kernel_transpose_32_16,0.017400,512x32x0,1x16x0,3072x128x1x1
q-5,kernel_mul_mat_Ab_Bi_8x4,0.652300,16x768x1,1x128x1,3072x128x1x1
q_pe-5,kernel_rope_norm_f32,0.019500,1024x128x1,64x1x1,64x16x128x1
Qcur-5,kernel_concat_f32_non_contiguous,0.371900,16x128x1,0x0x0,192x16x128x1
kv_cmpr_pe-5,kernel_transpose_32_16,0.018700,512x32x0,1x16x0,576x128x1x1
kv_cmpr_pe-5,kernel_mul_mat_Ab_Bi_8x4,0.324700,16x144x1,1x128x1,576x128x1x1
k_pe-5,kernel_rope_norm_f32,0.003300,64x128x1,64x1x1,64x1x128x1
node_312,kernel_repeat,0.273200,16x128x1,0x0x0,64x16x128x1
kv_cmpr-5,kernel_rms_norm_mul,0.016300,65536x1x1,512x1x1,512x128x1x1
kv-5,kernel_transpose_32_16,0.006300,128x32x0,1x16x0,4096x128x1x1
kv-5,kernel_mul_mat_Ab_Bi_8x4,0.231200,16x1024x1,1x128x1,4096x128x1x1
Kcur-5,kernel_concat_f32_non_contiguous,0.714500,16x128x1,0x0x0,192x16x128x1
Vcur_cont-5,kernel_cpy_f32_f32,0.022800,1024x128x1,64x1x1,128x16x128x1
cache_k_l5 (view),kernel_set_rows_f16_i64,0.028700,131072x1x1,1024x1x1,3072x4096x1x1
cache_v_l5 (view),kernel_set_rows_f16_i64,0.020500,131072x1x1,1024x1x1,2048x4096x1x1
__fattn__-5,flash_attn_f32_f16,9.723200,128x16x0,16x1x0,128x16x128x1
node_333,kernel_transpose_32_16,0.016000,512x32x0,1x16x0,2048x128x1x1
node_333,kernel_mul_mat_Ab_Bi_8x4,0.528000,16x512x1,1x128x1,2048x128x1x1
ffn_inp-5,kernel_add,0.032900,8192x1x1,64x1x1,2048x128x1x1
ffn_norm-5,kernel_rms_norm_mul,0.035700,131072x1x1,1024x1x1,2048x128x1x1
ffn_moe_logits-5,kernel_mul_mm_f32_f32_l4_lm,0.513900,128x2x1,128x1x1,64x128x1x1
ffn_moe_probs-5,kernel_soft_max_4,0.004700,8192x1x1,64x1x1,64x128x1x1
ffn_moe_argsort-5,kernel_argsort_f32_i32,0.026300,64x128x1,64x1x1,64x128x1x1
ffn_moe_weights-5,kernel_get_rows_f32,0.006200,384x128x1,64x1x1,1x6x128x1
ffn_moe_weights_scaled-5,kernel_scale,0.001800,192x1x1,64x1x1,1x6x128x1
ffn_moe_gate-5,kernel_mul_mv_id_q4_0_f32_8x_flat,18.761400,11264x1x768,64x1x1,1408x6x128x1
ffn_moe_up-5,kernel_mul_mv_id_q4_0_f32_8x_flat,18.764200,11264x1x768,64x1x1,1408x6x128x1
ffn_moe_weighted-5,kernel_swiglu,0.171300,393216x1x1,512x1x1,1408x6x128x1
ffn_moe_down-5,kernel_mul_mv_id_q4_0_f32_8x_flat,19.700001,16384x1x768,64x1x1,2048x6x128x1
node_349,kernel_mul,0.203100,384x128x1,64x1x1,2048x6x128x1
ffn_gate-5,kernel_transpose_32_16,0.023600,512x32x0,1x16x0,2816x128x1x1
ffn_gate-5,kernel_mul_mat_Ab_Bi_8x4,0.620100,16x704x1,1x128x1,2816x128x1x1
ffn_up-5,kernel_transpose_32_16,0.019900,512x32x0,1x16x0,2816x128x1x1
ffn_up-5,kernel_mul_mat_Ab_Bi_8x4,0.621900,16x704x1,1x128x1,2816x128x1x1
ffn_swiglu-5,kernel_swiglu,0.045800,65536x1x1,512x1x1,2816x128x1x1
node_359,kernel_add,0.047800,8192x1x1,64x1x1,2048x128x1x1
node_360,kernel_add,0.038200,8192x1x1,64x1x1,2048x128x1x1
node_361,kernel_add,0.031800,8192x1x1,64x1x1,2048x128x1x1
node_362,kernel_add,0.036900,8192x1x1,64x1x1,2048x128x1x1
ffn_moe_out-5,kernel_add,0.036600,8192x1x1,64x1x1,2048x128x1x1
ffn_shexp-5,kernel_transpose_32_16,0.033100,704x32x0,1x16x0,2048x128x1x1
ffn_shexp-5,kernel_mul_mat_Ab_Bi_8x4,0.722500,16x512x1,1x128x1,2048x128x1x1
ffn_out-5,kernel_add,0.033900,8192x1x1,64x1x1,2048x128x1x1
l_out-5,kernel_add,0.040200,8192x1x1,64x1x1,2048x128x1x1
attn_norm-6,kernel_rms_norm_mul,0.034900,131072x1x1,1024x1x1,2048x128x1x1
q-6,kernel_transpose_32_16,0.015300,512x32x0,1x16x0,3072x128x1x1
q-6,kernel_mul_mat_Ab_Bi_8x4,0.652800,16x768x1,1x128x1,3072x128x1x1
q_pe-6,kernel_rope_norm_f32,0.019900,1024x128x1,64x1x1,64x16x128x1
Qcur-6,kernel_concat_f32_non_contiguous,0.380300,16x128x1,0x0x0,192x16x128x1
kv_cmpr_pe-6,kernel_transpose_32_16,0.019500,512x32x0,1x16x0,576x128x1x1
kv_cmpr_pe-6,kernel_mul_mat_Ab_Bi_8x4,0.325800,16x144x1,1x128x1,576x128x1x1
k_pe-6,kernel_rope_norm_f32,0.003300,64x128x1,64x1x1,64x1x128x1
node_377,kernel_repeat,0.275200,16x128x1,0x0x0,64x16x128x1
kv_cmpr-6,kernel_rms_norm_mul,0.016300,65536x1x1,512x1x1,512x128x1x1
kv-6,kernel_transpose_32_16,0.005300,128x32x0,1x16x0,4096x128x1x1
kv-6,kernel_mul_mat_Ab_Bi_8x4,0.231900,16x1024x1,1x128x1,4096x128x1x1
Kcur-6,kernel_concat_f32_non_contiguous,0.711200,16x128x1,0x0x0,192x16x128x1
Vcur_cont-6,kernel_cpy_f32_f32,0.022100,1024x128x1,64x1x1,128x16x128x1
cache_k_l6 (view),kernel_set_rows_f16_i64,0.029100,131072x1x1,1024x1x1,3072x4096x1x1
cache_v_l6 (view),kernel_set_rows_f16_i64,0.021200,131072x1x1,1024x1x1,2048x4096x1x1
__fattn__-6,flash_attn_f32_f16,9.715000,128x16x0,16x1x0,128x16x128x1
node_398,kernel_transpose_32_16,0.015400,512x32x0,1x16x0,2048x128x1x1
node_398,kernel_mul_mat_Ab_Bi_8x4,0.524900,16x512x1,1x128x1,2048x128x1x1
ffn_inp-6,kernel_add,0.034900,8192x1x1,64x1x1,2048x128x1x1
ffn_norm-6,kernel_rms_norm_mul,0.034800,131072x1x1,1024x1x1,2048x128x1x1
ffn_moe_logits-6,kernel_mul_mm_f32_f32_l4_lm,0.517300,128x2x1,128x1x1,64x128x1x1
ffn_moe_probs-6,kernel_soft_max_4,0.004400,8192x1x1,64x1x1,64x128x1x1
ffn_moe_argsort-6,kernel_argsort_f32_i32,0.026000,64x128x1,64x1x1,64x128x1x1
ffn_moe_weights-6,kernel_get_rows_f32,0.006200,384x128x1,64x1x1,1x6x128x1
ffn_moe_weights_scaled-6,kernel_scale,0.002000,192x1x1,64x1x1,1x6x128x1
ffn_moe_gate-6,kernel_mul_mv_id_q4_0_f32_8x_flat,18.673599,11264x1x768,64x1x1,1408x6x128x1
ffn_moe_up-6,kernel_mul_mv_id_q4_0_f32_8x_flat,18.658001,11264x1x768,64x1x1,1408x6x128x1
ffn_moe_weighted-6,kernel_swiglu,0.171200,393216x1x1,512x1x1,1408x6x128x1
ffn_moe_down-6,kernel_mul_mv_id_q4_0_f32_8x_flat,19.730499,16384x1x768,64x1x1,2048x6x128x1
node_414,kernel_mul,0.204400,384x128x1,64x1x1,2048x6x128x1
ffn_gate-6,kernel_transpose_32_16,0.022800,512x32x0,1x16x0,2816x128x1x1
ffn_gate-6,kernel_mul_mat_Ab_Bi_8x4,0.621700,16x704x1,1x128x1,2816x128x1x1
ffn_up-6,kernel_transpose_32_16,0.016500,512x32x0,1x16x0,2816x128x1x1
ffn_up-6,kernel_mul_mat_Ab_Bi_8x4,0.620500,16x704x1,1x128x1,2816x128x1x1
ffn_swiglu-6,kernel_swiglu,0.046700,65536x1x1,512x1x1,2816x128x1x1
node_424,kernel_add,0.046600,8192x1x1,64x1x1,2048x128x1x1
node_425,kernel_add,0.033500,8192x1x1,64x1x1,2048x128x1x1
node_426,kernel_add,0.034200,8192x1x1,64x1x1,2048x128x1x1
node_427,kernel_add,0.034100,8192x1x1,64x1x1,2048x128x1x1
ffn_moe_out-6,kernel_add,0.033400,8192x1x1,64x1x1,2048x128x1x1
ffn_shexp-6,kernel_transpose_32_16,0.026100,704x32x0,1x16x0,2048x128x1x1
ffn_shexp-6,kernel_mul_mat_Ab_Bi_8x4,0.718300,16x512x1,1x128x1,2048x128x1x1
ffn_out-6,kernel_add,0.032000,8192x1x1,64x1x1,2048x128x1x1
l_out-6,kernel_add,0.036800,8192x1x1,64x1x1,2048x128x1x1
attn_norm-7,kernel_rms_norm_mul,0.034900,131072x1x1,1024x1x1,2048x128x1x1
q-7,kernel_transpose_32_16,0.017900,512x32x0,1x16x0,3072x128x1x1
q-7,kernel_mul_mat_Ab_Bi_8x4,0.653100,16x768x1,1x128x1,3072x128x1x1
q_pe-7,kernel_rope_norm_f32,0.018900,1024x128x1,64x1x1,64x16x128x1
Qcur-7,kernel_concat_f32_non_contiguous,0.369900,16x128x1,0x0x0,192x16x128x1
kv_cmpr_pe-7,kernel_transpose_32_16,0.019600,512x32x0,1x16x0,576x128x1x1
kv_cmpr_pe-7,kernel_mul_mat_Ab_Bi_8x4,0.327400,16x144x1,1x128x1,576x128x1x1
k_pe-7,kernel_rope_norm_f32,0.003400,64x128x1,64x1x1,64x1x128x1
node_442,kernel_repeat,0.274600,16x128x1,0x0x0,64x16x128x1
kv_cmpr-7,kernel_rms_norm_mul,0.016200,65536x1x1,512x1x1,512x128x1x1
kv-7,kernel_transpose_32_16,0.006600,128x32x0,1x16x0,4096x128x1x1
kv-7,kernel_mul_mat_Ab_Bi_8x4,0.230700,16x1024x1,1x128x1,4096x128x1x1
Kcur-7,kernel_concat_f32_non_contiguous,0.688000,16x128x1,0x0x0,192x16x128x1
Vcur_cont-7,kernel_cpy_f32_f32,0.022800,1024x128x1,64x1x1,128x16x128x1
cache_k_l7 (view),kernel_set_rows_f16_i64,0.030300,131072x1x1,1024x1x1,3072x4096x1x1
cache_v_l7 (view),kernel_set_rows_f16_i64,0.021500,131072x1x1,1024x1x1,2048x4096x1x1
__fattn__-7,flash_attn_f32_f16,9.691300,128x16x0,16x1x0,128x16x128x1
node_463,kernel_transpose_32_16,0.016300,512x32x0,1x16x0,2048x128x1x1
node_463,kernel_mul_mat_Ab_Bi_8x4,0.523800,16x512x1,1x128x1,2048x128x1x1
ffn_inp-7,kernel_add,0.033200,8192x1x1,64x1x1,2048x128x1x1
ffn_norm-7,kernel_rms_norm_mul,0.034700,131072x1x1,1024x1x1,2048x128x1x1
ffn_moe_logits-7,kernel_mul_mm_f32_f32_l4_lm,0.518000,128x2x1,128x1x1,64x128x1x1
ffn_moe_probs-7,kernel_soft_max_4,0.004300,8192x1x1,64x1x1,64x128x1x1
ffn_moe_argsort-7,kernel_argsort_f32_i32,0.026100,64x128x1,64x1x1,64x128x1x1
ffn_moe_weights-7,kernel_get_rows_f32,0.006200,384x128x1,64x1x1,1x6x128x1
ffn_moe_weights_scaled-7,kernel_scale,0.001800,192x1x1,64x1x1,1x6x128x1
ffn_moe_gate-7,kernel_mul_mv_id_q4_0_f32_8x_flat,18.713200,11264x1x768,64x1x1,1408x6x128x1
ffn_moe_up-7,kernel_mul_mv_id_q4_0_f32_8x_flat,18.695299,11264x1x768,64x1x1,1408x6x128x1
ffn_moe_weighted-7,kernel_swiglu,0.172500,393216x1x1,512x1x1,1408x6x128x1
ffn_moe_down-7,kernel_mul_mv_id_q4_0_f32_8x_flat,19.716299,16384x1x768,64x1x1,2048x6x128x1
node_479,kernel_mul,0.203000,384x128x1,64x1x1,2048x6x128x1
ffn_gate-7,kernel_transpose_32_16,0.022300,512x32x0,1x16x0,2816x128x1x1
ffn_gate-7,kernel_mul_mat_Ab_Bi_8x4,0.622600,16x704x1,1x128x1,2816x128x1x1
ffn_up-7,kernel_transpose_32_16,0.019800,512x32x0,1x16x0,2816x128x1x1
ffn_up-7,kernel_mul_mat_Ab_Bi_8x4,0.626500,16x704x1,1x128x1,2816x128x1x1
ffn_swiglu-7,kernel_swiglu,0.045000,65536x1x1,512x1x1,2816x128x1x1
node_489,kernel_add,0.041800,8192x1x1,64x1x1,2048x128x1x1
node_490,kernel_add,0.036800,8192x1x1,64x1x1,2048x128x1x1
node_491,kernel_add,0.038800,8192x1x1,64x1x1,2048x128x1x1
node_492,kernel_add,0.037500,8192x1x1,64x1x1,2048x128x1x1
ffn_moe_out-7,kernel_add,0.039000,8192x1x1,64x1x1,2048x128x1x1
ffn_shexp-7,kernel_transpose_32_16,0.033300,704x32x0,1x16x0,2048x128x1x1
ffn_shexp-7,kernel_mul_mat_Ab_Bi_8x4,0.720600,16x512x1,1x128x1,2048x128x1x1
ffn_out-7,kernel_add,0.034200,8192x1x1,64x1x1,2048x128x1x1
l_out-7,kernel_add,0.032600,8192x1x1,64x1x1,2048x128x1x1
attn_norm-8,kernel_rms_norm_mul,0.035300,131072x1x1,1024x1x1,2048x128x1x1
q-8,kernel_transpose_32_16,0.017300,512x32x0,1x16x0,3072x128x1x1
q-8,kernel_mul_mat_Ab_Bi_8x4,0.651700,16x768x1,1x128x1,3072x128x1x1
q_pe-8,kernel_rope_norm_f32,0.019300,1024x128x1,64x1x1,64x16x128x1
Qcur-8,kernel_concat_f32_non_contiguous,0.374600,16x128x1,0x0x0,192x16x128x1
kv_cmpr_pe-8,kernel_transpose_32_16,0.019700,512x32x0,1x16x0,576x128x1x1
kv_cmpr_pe-8,kernel_mul_mat_Ab_Bi_8x4,0.329000,16x144x1,1x128x1,576x128x1x1
k_pe-8,kernel_rope_norm_f32,0.003500,64x128x1,64x1x1,64x1x128x1
node_507,kernel_repeat,0.270700,16x128x1,0x0x0,64x16x128x1
kv_cmpr-8,kernel_rms_norm_mul,0.016000,65536x1x1,512x1x1,512x128x1x1
kv-8,kernel_transpose_32_16,0.006300,128x32x0,1x16x0,4096x128x1x1
kv-8,kernel_mul_mat_Ab_Bi_8x4,0.229600,16x1024x1,1x128x1,4096x128x1x1
Kcur-8,kernel_concat_f32_non_contiguous,0.715200,16x128x1,0x0x0,192x16x128x1
Vcur_cont-8,kernel_cpy_f32_f32,0.023200,1024x128x1,64x1x1,128x16x128x1
cache_k_l8 (view),kernel_set_rows_f16_i64,0.028500,131072x1x1,1024x1x1,3072x4096x1x1
cache_v_l8 (view),kernel_set_rows_f16_i64,0.020700,131072x1x1,1024x1x1,2048x4096x1x1
__fattn__-8,flash_attn_f32_f16,9.682300,128x16x0,16x1x0,128x16x128x1
node_528,kernel_transpose_32_16,0.016500,512x32x0,1x16x0,2048x128x1x1
node_528,kernel_mul_mat_Ab_Bi_8x4,0.525500,16x512x1,1x128x1,2048x128x1x1
ffn_inp-8,kernel_add,0.034500,8192x1x1,64x1x1,2048x128x1x1
ffn_norm-8,kernel_rms_norm_mul,0.034800,131072x1x1,1024x1x1,2048x128x1x1
ffn_moe_logits-8,kernel_mul_mm_f32_f32_l4_lm,0.518800,128x2x1,128x1x1,64x128x1x1
ffn_moe_probs-8,kernel_soft_max_4,0.004500,8192x1x1,64x1x1,64x128x1x1
ffn_moe_argsort-8,kernel_argsort_f32_i32,0.026400,64x128x1,64x1x1,64x128x1x1
ffn_moe_weights-8,kernel_get_rows_f32,0.006100,384x128x1,64x1x1,1x6x128x1
ffn_moe_weights_scaled-8,kernel_scale,0.001800,192x1x1,64x1x1,1x6x128x1
ffn_moe_gate-8,kernel_mul_mv_id_q4_0_f32_8x_flat,18.721901,11264x1x768,64x1x1,1408x6x128x1
ffn_moe_up-8,kernel_mul_mv_id_q4_0_f32_8x_flat,18.708099,11264x1x768,64x1x1,1408x6x128x1
ffn_moe_weighted-8,kernel_swiglu,0.171100,393216x1x1,512x1x1,1408x6x128x1
ffn_moe_down-8,kernel_mul_mv_id_q4_0_f32_8x_flat,19.714500,16384x1x768,64x1x1,2048x6x128x1
node_544,kernel_mul,0.202400,384x128x1,64x1x1,2048x6x128x1
ffn_gate-8,kernel_transpose_32_16,0.019000,512x32x0,1x16x0,2816x128x1x1
ffn_gate-8,kernel_mul_mat_Ab_Bi_8x4,0.621300,16x704x1,1x128x1,2816x128x1x1
ffn_up-8,kernel_transpose_32_16,0.020400,512x32x0,1x16x0,2816x128x1x1
ffn_up-8,kernel_mul_mat_Ab_Bi_8x4,0.627100,16x704x1,1x128x1,2816x128x1x1
ffn_swiglu-8,kernel_swiglu,0.046600,65536x1x1,512x1x1,2816x128x1x1
node_554,kernel_add,0.044300,8192x1x1,64x1x1,2048x128x1x1
node_555,kernel_add,0.034800,8192x1x1,64x1x1,2048x128x1x1
node_556,kernel_add,0.034200,8192x1x1,64x1x1,2048x128x1x1
node_557,kernel_add,0.031300,8192x1x1,64x1x1,2048x128x1x1
ffn_moe_out-8,kernel_add,0.034000,8192x1x1,64x1x1,2048x128x1x1
ffn_shexp-8,kernel_transpose_32_16,0.032100,704x32x0,1x16x0,2048x128x1x1
ffn_shexp-8,kernel_mul_mat_Ab_Bi_8x4,0.719700,16x512x1,1x128x1,2048x128x1x1
ffn_out-8,kernel_add,0.032200,8192x1x1,64x1x1,2048x128x1x1
l_out-8,kernel_add,0.035400,8192x1x1,64x1x1,2048x128x1x1
attn_norm-9,kernel_rms_norm_mul,0.034600,131072x1x1,1024x1x1,2048x128x1x1
q-9,kernel_transpose_32_16,0.017200,512x32x0,1x16x0,3072x128x1x1
q-9,kernel_mul_mat_Ab_Bi_8x4,0.652400,16x768x1,1x128x1,3072x128x1x1
q_pe-9,kernel_rope_norm_f32,0.018800,1024x128x1,64x1x1,64x16x128x1
Qcur-9,kernel_concat_f32_non_contiguous,0.367500,16x128x1,0x0x0,192x16x128x1
kv_cmpr_pe-9,kernel_transpose_32_16,0.019200,512x32x0,1x16x0,576x128x1x1
kv_cmpr_pe-9,kernel_mul_mat_Ab_Bi_8x4,0.325600,16x144x1,1x128x1,576x128x1x1
k_pe-9,kernel_rope_norm_f32,0.003400,64x128x1,64x1x1,64x1x128x1
node_572,kernel_repeat,0.275300,16x128x1,0x0x0,64x16x128x1
kv_cmpr-9,kernel_rms_norm_mul,0.016200,65536x1x1,512x1x1,512x128x1x1
kv-9,kernel_transpose_32_16,0.005600,128x32x0,1x16x0,4096x128x1x1
kv-9,kernel_mul_mat_Ab_Bi_8x4,0.229600,16x1024x1,1x128x1,4096x128x1x1
Kcur-9,kernel_concat_f32_non_contiguous,0.705600,16x128x1,0x0x0,192x16x128x1
Vcur_cont-9,kernel_cpy_f32_f32,0.022300,1024x128x1,64x1x1,128x16x128x1
cache_k_l9 (view),kernel_set_rows_f16_i64,0.029800,131072x1x1,1024x1x1,3072x4096x1x1
cache_v_l9 (view),kernel_set_rows_f16_i64,0.021000,131072x1x1,1024x1x1,2048x4096x1x1
__fattn__-9,flash_attn_f32_f16,9.698800,128x16x0,16x1x0,128x16x128x1
node_593,kernel_transpose_32_16,0.016900,512x32x0,1x16x0,2048x128x1x1
node_593,kernel_mul_mat_Ab_Bi_8x4,0.527700,16x512x1,1x128x1,2048x128x1x1
ffn_inp-9,kernel_add,0.033000,8192x1x1,64x1x1,2048x128x1x1
ffn_norm-9,kernel_rms_norm_mul,0.035300,131072x1x1,1024x1x1,2048x128x1x1
ffn_moe_logits-9,kernel_mul_mm_f32_f32_l4_lm,0.515600,128x2x1,128x1x1,64x128x1x1
ffn_moe_probs-9,kernel_soft_max_4,0.004600,8192x1x1,64x1x1,64x128x1x1
ffn_moe_argsort-9,kernel_argsort_f32_i32,0.026000,64x128x1,64x1x1,64x128x1x1
ffn_moe_weights-9,kernel_get_rows_f32,0.006300,384x128x1,64x1x1,1x6x128x1
ffn_moe_weights_scaled-9,kernel_scale,0.001900,192x1x1,64x1x1,1x6x128x1
ffn_moe_gate-9,kernel_mul_mv_id_q4_0_f32_8x_flat,18.707300,11264x1x768,64x1x1,1408x6x128x1
ffn_moe_up-9,kernel_mul_mv_id_q4_0_f32_8x_flat,18.739500,11264x1x768,64x1x1,1408x6x128x1
ffn_moe_weighted-9,kernel_swiglu,0.171200,393216x1x1,512x1x1,1408x6x128x1
ffn_moe_down-9,kernel_mul_mv_id_q4_0_f32_8x_flat,19.643700,16384x1x768,64x1x1,2048x6x128x1
node_609,kernel_mul,0.200000,384x128x1,64x1x1,2048x6x128x1
ffn_gate-9,kernel_transpose_32_16,0.024400,512x32x0,1x16x0,2816x128x1x1
ffn_gate-9,kernel_mul_mat_Ab_Bi_8x4,0.623100,16x704x1,1x128x1,2816x128x1x1
ffn_up-9,kernel_transpose_32_16,0.020000,512x32x0,1x16x0,2816x128x1x1
ffn_up-9,kernel_mul_mat_Ab_Bi_8x4,0.621700,16x704x1,1x128x1,2816x128x1x1
ffn_swiglu-9,kernel_swiglu,0.046000,65536x1x1,512x1x1,2816x128x1x1
node_619,kernel_add,0.046200,8192x1x1,64x1x1,2048x128x1x1
node_620,kernel_add,0.037700,8192x1x1,64x1x1,2048x128x1x1
node_621,kernel_add,0.038700,8192x1x1,64x1x1,2048x128x1x1
node_622,kernel_add,0.037500,8192x1x1,64x1x1,2048x128x1x1
ffn_moe_out-9,kernel_add,0.038400,8192x1x1,64x1x1,2048x128x1x1
ffn_shexp-9,kernel_transpose_32_16,0.032900,704x32x0,1x16x0,2048x128x1x1
ffn_shexp-9,kernel_mul_mat_Ab_Bi_8x4,0.719600,16x512x1,1x128x1,2048x128x1x1
ffn_out-9,kernel_add,0.035900,8192x1x1,64x1x1,2048x128x1x1
l_out-9,kernel_add,0.037300,8192x1x1,64x1x1,2048x128x1x1
attn_norm-10,kernel_rms_norm_mul,0.035100,131072x1x1,1024x1x1,2048x128x1x1
q-10,kernel_transpose_32_16,0.017200,512x32x0,1x16x0,3072x128x1x1
q-10,kernel_mul_mat_Ab_Bi_8x4,0.650300,16x768x1,1x128x1,3072x128x1x1
q_pe-10,kernel_rope_norm_f32,0.019700,1024x128x1,64x1x1,64x16x128x1
Qcur-10,kernel_concat_f32_non_contiguous,0.375200,16x128x1,0x0x0,192x16x128x1
kv_cmpr_pe-10,kernel_transpose_32_16,0.017800,512x32x0,1x16x0,576x128x1x1
kv_cmpr_pe-10,kernel_mul_mat_Ab_Bi_8x4,0.325400,16x144x1,1x128x1,576x128x1x1
k_pe-10,kernel_rope_norm_f32,0.003400,64x128x1,64x1x1,64x1x128x1
node_637,kernel_repeat,0.274200,16x128x1,0x0x0,64x16x128x1
kv_cmpr-10,kernel_rms_norm_mul,0.016200,65536x1x1,512x1x1,512x128x1x1
kv-10,kernel_transpose_32_16,0.006100,128x32x0,1x16x0,4096x128x1x1
kv-10,kernel_mul_mat_Ab_Bi_8x4,0.233000,16x1024x1,1x128x1,4096x128x1x1
Kcur-10,kernel_concat_f32_non_contiguous,0.700200,16x128x1,0x0x0,192x16x128x1
Vcur_cont-10,kernel_cpy_f32_f32,0.019300,1024x128x1,64x1x1,128x16x128x1
cache_k_l10 (view),kernel_set_rows_f16_i64,0.028800,131072x1x1,1024x1x1,3072x4096x1x1
cache_v_l10 (view),kernel_set_rows_f16_i64,0.020900,131072x1x1,1024x1x1,2048x4096x1x1
__fattn__-10,flash_attn_f32_f16,9.719600,128x16x0,16x1x0,128x16x128x1
node_658,kernel_transpose_32_16,0.016000,512x32x0,1x16x0,2048x128x1x1
node_658,kernel_mul_mat_Ab_Bi_8x4,0.528900,16x512x1,1x128x1,2048x128x1x1
ffn_inp-10,kernel_add,0.034800,8192x1x1,64x1x1,2048x128x1x1
ffn_norm-10,kernel_rms_norm_mul,0.035000,131072x1x1,1024x1x1,2048x128x1x1
ffn_moe_logits-10,kernel_mul_mm_f32_f32_l4_lm,0.501700,128x2x1,128x1x1,64x128x1x1
ffn_moe_probs-10,kernel_soft_max_4,0.004400,8192x1x1,64x1x1,64x128x1x1
ffn_moe_argsort-10,kernel_argsort_f32_i32,0.026400,64x128x1,64x1x1,64x128x1x1
ffn_moe_weights-10,kernel_get_rows_f32,0.006200,384x128x1,64x1x1,1x6x128x1
ffn_moe_weights_scaled-10,kernel_scale,0.001800,192x1x1,64x1x1,1x6x128x1
ffn_moe_gate-10,kernel_mul_mv_id_q4_0_f32_8x_flat,18.706499,11264x1x768,64x1x1,1408x6x128x1
ffn_moe_up-10,kernel_mul_mv_id_q4_0_f32_8x_flat,18.917299,11264x1x768,64x1x1,1408x6x128x1
ffn_moe_weighted-10,kernel_swiglu,0.170800,393216x1x1,512x1x1,1408x6x128x1
ffn_moe_down-10,kernel_mul_mv_id_q4_0_f32_8x_flat,19.669800,16384x1x768,64x1x1,2048x6x128x1
node_674,kernel_mul,0.202900,384x128x1,64x1x1,2048x6x128x1
ffn_gate-10,kernel_transpose_32_16,0.023600,512x32x0,1x16x0,2816x128x1x1
ffn_gate-10,kernel_mul_mat_Ab_Bi_8x4,0.623900,16x704x1,1x128x1,2816x128x1x1
ffn_up-10,kernel_transpose_32_16,0.019400,512x32x0,1x16x0,2816x128x1x1
ffn_up-10,kernel_mul_mat_Ab_Bi_8x4,0.625300,16x704x1,1x128x1,2816x128x1x1
ffn_swiglu-10,kernel_swiglu,0.045200,65536x1x1,512x1x1,2816x128x1x1
node_684,kernel_add,0.045400,8192x1x1,64x1x1,2048x128x1x1
node_685,kernel_add,0.031200,8192x1x1,64x1x1,2048x128x1x1
node_686,kernel_add,0.034600,8192x1x1,64x1x1,2048x128x1x1
node_687,kernel_add,0.033600,8192x1x1,64x1x1,2048x128x1x1
ffn_moe_out-10,kernel_add,0.034000,8192x1x1,64x1x1,2048x128x1x1
ffn_shexp-10,kernel_transpose_32_16,0.034100,704x32x0,1x16x0,2048x128x1x1
ffn_shexp-10,kernel_mul_mat_Ab_Bi_8x4,0.718800,16x512x1,1x128x1,2048x128x1x1
ffn_out-10,kernel_add,0.032200,8192x1x1,64x1x1,2048x128x1x1
l_out-10,kernel_add,0.035800,8192x1x1,64x1x1,2048x128x1x1
attn_norm-11,kernel_rms_norm_mul,0.034600,131072x1x1,1024x1x1,2048x128x1x1
q-11,kernel_transpose_32_16,0.017100,512x32x0,1x16x0,3072x128x1x1
q-11,kernel_mul_mat_Ab_Bi_8x4,0.651500,16x768x1,1x128x1,3072x128x1x1
q_pe-11,kernel_rope_norm_f32,0.019400,1024x128x1,64x1x1,64x16x128x1
Qcur-11,kernel_concat_f32_non_contiguous,0.375800,16x128x1,0x0x0,192x16x128x1
kv_cmpr_pe-11,kernel_transpose_32_16,0.019600,512x32x0,1x16x0,576x128x1x1
kv_cmpr_pe-11,kernel_mul_mat_Ab_Bi_8x4,0.328300,16x144x1,1x128x1,576x128x1x1
k_pe-11,kernel_rope_norm_f32,0.003200,64x128x1,64x1x1,64x1x128x1
node_702,kernel_repeat,0.272000,16x128x1,0x0x0,64x16x128x1
kv_cmpr-11,kernel_rms_norm_mul,0.016100,65536x1x1,512x1x1,512x128x1x1
kv-11,kernel_transpose_32_16,0.006500,128x32x0,1x16x0,4096x128x1x1
kv-11,kernel_mul_mat_Ab_Bi_8x4,0.232400,16x1024x1,1x128x1,4096x128x1x1
Kcur-11,kernel_concat_f32_non_contiguous,0.701500,16x128x1,0x0x0,192x16x128x1
Vcur_cont-11,kernel_cpy_f32_f32,0.022800,1024x128x1,64x1x1,128x16x128x1
cache_k_l11 (view),kernel_set_rows_f16_i64,0.029200,131072x1x1,1024x1x1,3072x4096x1x1
cache_v_l11 (view),kernel_set_rows_f16_i64,0.020900,131072x1x1,1024x1x1,2048x4096x1x1
__fattn__-11,flash_attn_f32_f16,9.677900,128x16x0,16x1x0,128x16x128x1
node_723,kernel_transpose_32_16,0.016000,512x32x0,1x16x0,2048x128x1x1
node_723,kernel_mul_mat_Ab_Bi_8x4,0.524600,16x512x1,1x128x1,2048x128x1x1
ffn_inp-11,kernel_add,0.032200,8192x1x1,64x1x1,2048x128x1x1
ffn_norm-11,kernel_rms_norm_mul,0.035700,131072x1x1,1024x1x1,2048x128x1x1
ffn_moe_logits-11,kernel_mul_mm_f32_f32_l4_lm,0.527200,128x2x1,128x1x1,64x128x1x1
ffn_moe_probs-11,kernel_soft_max_4,0.004500,8192x1x1,64x1x1,64x128x1x1
ffn_moe_argsort-11,kernel_argsort_f32_i32,0.026100,64x128x1,64x1x1,64x128x1x1
ffn_moe_weights-11,kernel_get_rows_f32,0.006500,384x128x1,64x1x1,1x6x128x1
ffn_moe_weights_scaled-11,kernel_scale,0.001800,192x1x1,64x1x1,1x6x128x1
ffn_moe_gate-11,kernel_mul_mv_id_q4_0_f32_8x_flat,19.293600,11264x1x768,64x1x1,1408x6x128x1
ffn_moe_up-11,kernel_mul_mv_id_q4_0_f32_8x_flat,19.084900,11264x1x768,64x1x1,1408x6x128x1
ffn_moe_weighted-11,kernel_swiglu,0.173100,393216x1x1,512x1x1,1408x6x128x1
ffn_moe_down-11,kernel_mul_mv_id_q4_0_f32_8x_flat,19.634001,16384x1x768,64x1x1,2048x6x128x1
node_739,kernel_mul,0.201700,384x128x1,64x1x1,2048x6x128x1
ffn_gate-11,kernel_transpose_32_16,0.023000,512x32x0,1x16x0,2816x128x1x1
ffn_gate-11,kernel_mul_mat_Ab_Bi_8x4,0.622200,16x704x1,1x128x1,2816x128x1x1
ffn_up-11,kernel_transpose_32_16,0.019800,512x32x0,1x16x0,2816x128x1x1
ffn_up-11,kernel_mul_mat_Ab_Bi_8x4,0.621900,16x704x1,1x128x1,2816x128x1x1
ffn_swiglu-11,kernel_swiglu,0.044600,65536x1x1,512x1x1,2816x128x1x1
node_749,kernel_add,0.047000,8192x1x1,64x1x1,2048x128x1x1
node_750,kernel_add,0.037200,8192x1x1,64x1x1,2048x128x1x1
node_751,kernel_add,0.036800,8192x1x1,64x1x1,2048x128x1x1
node_752,kernel_add,0.037800,8192x1x1,64x1x1,2048x128x1x1
ffn_moe_out-11,kernel_add,0.033200,8192x1x1,64x1x1,2048x128x1x1
ffn_shexp-11,kernel_transpose_32_16,0.033000,704x32x0,1x16x0,2048x128x1x1
ffn_shexp-11,kernel_mul_mat_Ab_Bi_8x4,0.724500,16x512x1,1x128x1,2048x128x1x1
ffn_out-11,kernel_add,0.034300,8192x1x1,64x1x1,2048x128x1x1
l_out-11,kernel_add,0.036900,8192x1x1,64x1x1,2048x128x1x1
attn_norm-12,kernel_rms_norm_mul,0.034800,131072x1x1,1024x1x1,2048x128x1x1
q-12,kernel_transpose_32_16,0.017200,512x32x0,1x16x0,3072x128x1x1
q-12,kernel_mul_mat_Ab_Bi_8x4,0.654000,16x768x1,1x128x1,3072x128x1x1
q_pe-12,kernel_rope_norm_f32,0.016200,1024x128x1,64x1x1,64x16x128x1
Qcur-12,kernel_concat_f32_non_contiguous,0.372100,16x128x1,0x0x0,192x16x128x1
kv_cmpr_pe-12,kernel_transpose_32_16,0.019400,512x32x0,1x16x0,576x128x1x1
kv_cmpr_pe-12,kernel_mul_mat_Ab_Bi_8x4,0.326200,16x144x1,1x128x1,576x128x1x1
k_pe-12,kernel_rope_norm_f32,0.003300,64x128x1,64x1x1,64x1x128x1
node_767,kernel_repeat,0.274700,16x128x1,0x0x0,64x16x128x1
kv_cmpr-12,kernel_rms_norm_mul,0.016200,65536x1x1,512x1x1,512x128x1x1
kv-12,kernel_transpose_32_16,0.006600,128x32x0,1x16x0,4096x128x1x1
kv-12,kernel_mul_mat_Ab_Bi_8x4,0.236500,16x1024x1,1x128x1,4096x128x1x1
Kcur-12,kernel_concat_f32_non_contiguous,0.579800,16x128x1,0x0x0,192x16x128x1
Vcur_cont-12,kernel_cpy_f32_f32,0.021500,1024x128x1,64x1x1,128x16x128x1
cache_k_l12 (view),kernel_set_rows_f16_i64,0.029200,131072x1x1,1024x1x1,3072x4096x1x1
cache_v_l12 (view),kernel_set_rows_f16_i64,0.021300,131072x1x1,1024x1x1,2048x4096x1x1
__fattn__-12,flash_attn_f32_f16,9.700200,128x16x0,16x1x0,128x16x128x1
node_788,kernel_transpose_32_16,0.016600,512x32x0,1x16x0,2048x128x1x1
node_788,kernel_mul_mat_Ab_Bi_8x4,0.523700,16x512x1,1x128x1,2048x128x1x1
ffn_inp-12,kernel_add,0.031600,8192x1x1,64x1x1,2048x128x1x1
ffn_norm-12,kernel_rms_norm_mul,0.035300,131072x1x1,1024x1x1,2048x128x1x1
ffn_moe_logits-12,kernel_mul_mm_f32_f32_l4_lm,0.508300,128x2x1,128x1x1,64x128x1x1
ffn_moe_probs-12,kernel_soft_max_4,0.004500,8192x1x1,64x1x1,64x128x1x1
ffn_moe_argsort-12,kernel_argsort_f32_i32,0.025900,64x128x1,64x1x1,64x128x1x1
ffn_moe_weights-12,kernel_get_rows_f32,0.006300,384x128x1,64x1x1,1x6x128x1
ffn_moe_weights_scaled-12,kernel_scale,0.001900,192x1x1,64x1x1,1x6x128x1
ffn_moe_gate-12,kernel_mul_mv_id_q4_0_f32_8x_flat,18.933300,11264x1x768,64x1x1,1408x6x128x1
ffn_moe_up-12,kernel_mul_mv_id_q4_0_f32_8x_flat,18.913900,11264x1x768,64x1x1,1408x6x128x1
ffn_moe_weighted-12,kernel_swiglu,0.170300,393216x1x1,512x1x1,1408x6x128x1
ffn_moe_down-12,kernel_mul_mv_id_q4_0_f32_8x_flat,19.715500,16384x1x768,64x1x1,2048x6x128x1
node_804,kernel_mul,0.202200,384x128x1,64x1x1,2048x6x128x1
ffn_gate-12,kernel_transpose_32_16,0.024600,512x32x0,1x16x0,2816x128x1x1
ffn_gate-12,kernel_mul_mat_Ab_Bi_8x4,0.621500,16x704x1,1x128x1,2816x128x1x1
ffn_up-12,kernel_transpose_32_16,0.020200,512x32x0,1x16x0,2816x128x1x1
ffn_up-12,kernel_mul_mat_Ab_Bi_8x4,0.623000,16x704x1,1x128x1,2816x128x1x1
ffn_swiglu-12,kernel_swiglu,0.043000,65536x1x1,512x1x1,2816x128x1x1
node_814,kernel_add,0.047200,8192x1x1,64x1x1,2048x128x1x1
node_815,kernel_add,0.035300,8192x1x1,64x1x1,2048x128x1x1
node_816,kernel_add,0.034600,8192x1x1,64x1x1,2048x128x1x1
node_817,kernel_add,0.034200,8192x1x1,64x1x1,2048x128x1x1
ffn_moe_out-12,kernel_add,0.034500,8192x1x1,64x1x1,2048x128x1x1
ffn_shexp-12,kernel_transpose_32_16,0.031800,704x32x0,1x16x0,2048x128x1x1
ffn_shexp-12,kernel_mul_mat_Ab_Bi_8x4,0.720200,16x512x1,1x128x1,2048x128x1x1
ffn_out-12,kernel_add,0.030600,8192x1x1,64x1x1,2048x128x1x1
l_out-12,kernel_add,0.036400,8192x1x1,64x1x1,2048x128x1x1
attn_norm-13,kernel_rms_norm_mul,0.034900,131072x1x1,1024x1x1,2048x128x1x1
q-13,kernel_transpose_32_16,0.017400,512x32x0,1x16x0,3072x128x1x1
q-13,kernel_mul_mat_Ab_Bi_8x4,0.651600,16x768x1,1x128x1,3072x128x1x1
q_pe-13,kernel_rope_norm_f32,0.019400,1024x128x1,64x1x1,64x16x128x1
Qcur-13,kernel_concat_f32_non_contiguous,0.374400,16x128x1,0x0x0,192x16x128x1
kv_cmpr_pe-13,kernel_transpose_32_16,0.020100,512x32x0,1x16x0,576x128x1x1
kv_cmpr_pe-13,kernel_mul_mat_Ab_Bi_8x4,0.324400,16x144x1,1x128x1,576x128x1x1
k_pe-13,kernel_rope_norm_f32,0.003300,64x128x1,64x1x1,64x1x128x1
node_832,kernel_repeat,0.273400,16x128x1,0x0x0,64x16x128x1
kv_cmpr-13,kernel_rms_norm_mul,0.016000,65536x1x1,512x1x1,512x128x1x1
kv-13,kernel_transpose_32_16,0.006300,128x32x0,1x16x0,4096x128x1x1
kv-13,kernel_mul_mat_Ab_Bi_8x4,0.230300,16x1024x1,1x128x1,4096x128x1x1
Kcur-13,kernel_concat_f32_non_contiguous,0.698700,16x128x1,0x0x0,192x16x128x1
Vcur_cont-13,kernel_cpy_f32_f32,0.023200,1024x128x1,64x1x1,128x16x128x1
cache_k_l13 (view),kernel_set_rows_f16_i64,0.028600,131072x1x1,1024x1x1,3072x4096x1x1
cache_v_l13 (view),kernel_set_rows_f16_i64,0.020500,131072x1x1,1024x1x1,2048x4096x1x1
__fattn__-13,flash_attn_f32_f16,9.708300,128x16x0,16x1x0,128x16x128x1
node_853,kernel_transpose_32_16,0.016200,512x32x0,1x16x0,2048x128x1x1
node_853,kernel_mul_mat_Ab_Bi_8x4,0.524400,16x512x1,1x128x1,2048x128x1x1
ffn_inp-13,kernel_add,0.033500,8192x1x1,64x1x1,2048x128x1x1
ffn_norm-13,kernel_rms_norm_mul,0.035500,131072x1x1,1024x1x1,2048x128x1x1
ffn_moe_logits-13,kernel_mul_mm_f32_f32_l4_lm,0.521700,128x2x1,128x1x1,64x128x1x1
ffn_moe_probs-13,kernel_soft_max_4,0.004800,8192x1x1,64x1x1,64x128x1x1
ffn_moe_argsort-13,kernel_argsort_f32_i32,0.026100,64x128x1,64x1x1,64x128x1x1
ffn_moe_weights-13,kernel_get_rows_f32,0.006200,384x128x1,64x1x1,1x6x128x1
ffn_moe_weights_scaled-13,kernel_scale,0.001700,192x1x1,64x1x1,1x6x128x1
ffn_moe_gate-13,kernel_mul_mv_id_q4_0_f32_8x_flat,18.851500,11264x1x768,64x1x1,1408x6x128x1
ffn_moe_up-13,kernel_mul_mv_id_q4_0_f32_8x_flat,18.888399,11264x1x768,64x1x1,1408x6x128x1
ffn_moe_weighted-13,kernel_swiglu,0.171200,393216x1x1,512x1x1,1408x6x128x1
ffn_moe_down-13,kernel_mul_mv_id_q4_0_f32_8x_flat,19.630699,16384x1x768,64x1x1,2048x6x128x1
node_869,kernel_mul,0.202200,384x128x1,64x1x1,2048x6x128x1
ffn_gate-13,kernel_transpose_32_16,0.023800,512x32x0,1x16x0,2816x128x1x1
ffn_gate-13,kernel_mul_mat_Ab_Bi_8x4,0.625300,16x704x1,1x128x1,2816x128x1x1
ffn_up-13,kernel_transpose_32_16,0.019000,512x32x0,1x16x0,2816x128x1x1
ffn_up-13,kernel_mul_mat_Ab_Bi_8x4,0.623200,16x704x1,1x128x1,2816x128x1x1
ffn_swiglu-13,kernel_swiglu,0.045200,65536x1x1,512x1x1,2816x128x1x1
node_879,kernel_add,0.046600,8192x1x1,64x1x1,2048x128x1x1
node_880,kernel_add,0.036900,8192x1x1,64x1x1,2048x128x1x1
node_881,kernel_add,0.032900,8192x1x1,64x1x1,2048x128x1x1
node_882,kernel_add,0.036800,8192x1x1,64x1x1,2048x128x1x1
ffn_moe_out-13,kernel_add,0.038700,8192x1x1,64x1x1,2048x128x1x1
ffn_shexp-13,kernel_transpose_32_16,0.033100,704x32x0,1x16x0,2048x128x1x1
ffn_shexp-13,kernel_mul_mat_Ab_Bi_8x4,0.716800,16x512x1,1x128x1,2048x128x1x1
ffn_out-13,kernel_add,0.034600,8192x1x1,64x1x1,2048x128x1x1
l_out-13,kernel_add,0.037200,8192x1x1,64x1x1,2048x128x1x1
attn_norm-14,kernel_rms_norm_mul,0.035200,131072x1x1,1024x1x1,2048x128x1x1
q-14,kernel_transpose_32_16,0.015200,512x32x0,1x16x0,3072x128x1x1
q-14,kernel_mul_mat_Ab_Bi_8x4,0.652500,16x768x1,1x128x1,3072x128x1x1
q_pe-14,kernel_rope_norm_f32,0.020000,1024x128x1,64x1x1,64x16x128x1
Qcur-14,kernel_concat_f32_non_contiguous,0.378300,16x128x1,0x0x0,192x16x128x1
kv_cmpr_pe-14,kernel_transpose_32_16,0.019700,512x32x0,1x16x0,576x128x1x1
kv_cmpr_pe-14,kernel_mul_mat_Ab_Bi_8x4,0.328600,16x144x1,1x128x1,576x128x1x1
k_pe-14,kernel_rope_norm_f32,0.003300,64x128x1,64x1x1,64x1x128x1
node_897,kernel_repeat,0.274900,16x128x1,0x0x0,64x16x128x1
kv_cmpr-14,kernel_rms_norm_mul,0.016300,65536x1x1,512x1x1,512x128x1x1
kv-14,kernel_transpose_32_16,0.005300,128x32x0,1x16x0,4096x128x1x1
kv-14,kernel_mul_mat_Ab_Bi_8x4,0.235500,16x1024x1,1x128x1,4096x128x1x1
Kcur-14,kernel_concat_f32_non_contiguous,0.716800,16x128x1,0x0x0,192x16x128x1
Vcur_cont-14,kernel_cpy_f32_f32,0.022000,1024x128x1,64x1x1,128x16x128x1
cache_k_l14 (view),kernel_set_rows_f16_i64,0.029400,131072x1x1,1024x1x1,3072x4096x1x1
cache_v_l14 (view),kernel_set_rows_f16_i64,0.020900,131072x1x1,1024x1x1,2048x4096x1x1
__fattn__-14,flash_attn_f32_f16,9.700400,128x16x0,16x1x0,128x16x128x1
node_918,kernel_transpose_32_16,0.015300,512x32x0,1x16x0,2048x128x1x1
node_918,kernel_mul_mat_Ab_Bi_8x4,0.525900,16x512x1,1x128x1,2048x128x1x1
ffn_inp-14,kernel_add,0.034000,8192x1x1,64x1x1,2048x128x1x1
ffn_norm-14,kernel_rms_norm_mul,0.035000,131072x1x1,1024x1x1,2048x128x1x1
ffn_moe_logits-14,kernel_mul_mm_f32_f32_l4_lm,0.520200,128x2x1,128x1x1,64x128x1x1
ffn_moe_probs-14,kernel_soft_max_4,0.004500,8192x1x1,64x1x1,64x128x1x1
ffn_moe_argsort-14,kernel_argsort_f32_i32,0.026400,64x128x1,64x1x1,64x128x1x1
ffn_moe_weights-14,kernel_get_rows_f32,0.006200,384x128x1,64x1x1,1x6x128x1
ffn_moe_weights_scaled-14,kernel_scale,0.002100,192x1x1,64x1x1,1x6x128x1
ffn_moe_gate-14,kernel_mul_mv_id_q4_0_f32_8x_flat,18.892500,11264x1x768,64x1x1,1408x6x128x1
ffn_moe_up-14,kernel_mul_mv_id_q4_0_f32_8x_flat,19.005100,11264x1x768,64x1x1,1408x6x128x1
ffn_moe_weighted-14,kernel_swiglu,0.170600,393216x1x1,512x1x1,1408x6x128x1
ffn_moe_down-14,kernel_mul_mv_id_q4_0_f32_8x_flat,19.757200,16384x1x768,64x1x1,2048x6x128x1
node_934,kernel_mul,0.203400,384x128x1,64x1x1,2048x6x128x1
ffn_gate-14,kernel_transpose_32_16,0.025100,512x32x0,1x16x0,2816x128x1x1
ffn_gate-14,kernel_mul_mat_Ab_Bi_8x4,0.623600,16x704x1,1x128x1,2816x128x1x1
ffn_up-14,kernel_transpose_32_16,0.016600,512x32x0,1x16x0,2816x128x1x1
ffn_up-14,kernel_mul_mat_Ab_Bi_8x4,0.627000,16x704x1,1x128x1,2816x128x1x1
ffn_swiglu-14,kernel_swiglu,0.045800,65536x1x1,512x1x1,2816x128x1x1
node_944,kernel_add,0.045500,8192x1x1,64x1x1,2048x128x1x1
node_945,kernel_add,0.034000,8192x1x1,64x1x1,2048x128x1x1
node_946,kernel_add,0.033800,8192x1x1,64x1x1,2048x128x1x1
node_947,kernel_add,0.033900,8192x1x1,64x1x1,2048x128x1x1
ffn_moe_out-14,kernel_add,0.034500,8192x1x1,64x1x1,2048x128x1x1
ffn_shexp-14,kernel_transpose_32_16,0.025900,704x32x0,1x16x0,2048x128x1x1
ffn_shexp-14,kernel_mul_mat_Ab_Bi_8x4,0.718300,16x512x1,1x128x1,2048x128x1x1
ffn_out-14,kernel_add,0.032500,8192x1x1,64x1x1,2048x128x1x1
l_out-14,kernel_add,0.037200,8192x1x1,64x1x1,2048x128x1x1
attn_norm-15,kernel_rms_norm_mul,0.034700,131072x1x1,1024x1x1,2048x128x1x1
q-15,kernel_transpose_32_16,0.017400,512x32x0,1x16x0,3072x128x1x1
q-15,kernel_mul_mat_Ab_Bi_8x4,0.652200,16x768x1,1x128x1,3072x128x1x1
q_pe-15,kernel_rope_norm_f32,0.019100,1024x128x1,64x1x1,64x16x128x1
Qcur-15,kernel_concat_f32_non_contiguous,0.360500,16x128x1,0x0x0,192x16x128x1
kv_cmpr_pe-15,kernel_transpose_32_16,0.020300,512x32x0,1x16x0,576x128x1x1
kv_cmpr_pe-15,kernel_mul_mat_Ab_Bi_8x4,0.327000,16x144x1,1x128x1,576x128x1x1
k_pe-15,kernel_rope_norm_f32,0.003400,64x128x1,64x1x1,64x1x128x1
node_962,kernel_repeat,0.274900,16x128x1,0x0x0,64x16x128x1
kv_cmpr-15,kernel_rms_norm_mul,0.016000,65536x1x1,512x1x1,512x128x1x1
kv-15,kernel_transpose_32_16,0.006700,128x32x0,1x16x0,4096x128x1x1
kv-15,kernel_mul_mat_Ab_Bi_8x4,0.232300,16x1024x1,1x128x1,4096x128x1x1
Kcur-15,kernel_concat_f32_non_contiguous,0.570000,16x128x1,0x0x0,192x16x128x1
Vcur_cont-15,kernel_cpy_f32_f32,0.022400,1024x128x1,64x1x1,128x16x128x1
cache_k_l15 (view),kernel_set_rows_f16_i64,0.029500,131072x1x1,1024x1x1,3072x4096x1x1
cache_v_l15 (view),kernel_set_rows_f16_i64,0.021500,131072x1x1,1024x1x1,2048x4096x1x1
__fattn__-15,flash_attn_f32_f16,9.714900,128x16x0,16x1x0,128x16x128x1
node_983,kernel_transpose_32_16,0.016300,512x32x0,1x16x0,2048x128x1x1
node_983,kernel_mul_mat_Ab_Bi_8x4,0.526200,16x512x1,1x128x1,2048x128x1x1
ffn_inp-15,kernel_add,0.033300,8192x1x1,64x1x1,2048x128x1x1
ffn_norm-15,kernel_rms_norm_mul,0.035100,131072x1x1,1024x1x1,2048x128x1x1
ffn_moe_logits-15,kernel_mul_mm_f32_f32_l4_lm,0.513200,128x2x1,128x1x1,64x128x1x1
ffn_moe_probs-15,kernel_soft_max_4,0.004300,8192x1x1,64x1x1,64x128x1x1
ffn_moe_argsort-15,kernel_argsort_f32_i32,0.026100,64x128x1,64x1x1,64x128x1x1
ffn_moe_weights-15,kernel_get_rows_f32,0.006200,384x128x1,64x1x1,1x6x128x1
ffn_moe_weights_scaled-15,kernel_scale,0.001800,192x1x1,64x1x1,1x6x128x1
ffn_moe_gate-15,kernel_mul_mv_id_q4_0_f32_8x_flat,18.999001,11264x1x768,64x1x1,1408x6x128x1
ffn_moe_up-15,kernel_mul_mv_id_q4_0_f32_8x_flat,18.999701,11264x1x768,64x1x1,1408x6x128x1
ffn_moe_weighted-15,kernel_swiglu,0.172600,393216x1x1,512x1x1,1408x6x128x1
ffn_moe_down-15,kernel_mul_mv_id_q4_0_f32_8x_flat,21.148600,16384x1x768,64x1x1,2048x6x128x1
node_999,kernel_mul,0.203100,384x128x1,64x1x1,2048x6x128x1
ffn_gate-15,kernel_transpose_32_16,0.022700,512x32x0,1x16x0,2816x128x1x1
ffn_gate-15,kernel_mul_mat_Ab_Bi_8x4,0.627300,16x704x1,1x128x1,2816x128x1x1
ffn_up-15,kernel_transpose_32_16,0.019900,512x32x0,1x16x0,2816x128x1x1
ffn_up-15,kernel_mul_mat_Ab_Bi_8x4,0.623900,16x704x1,1x128x1,2816x128x1x1
ffn_swiglu-15,kernel_swiglu,0.045600,65536x1x1,512x1x1,2816x128x1x1
node_1009,kernel_add,0.041700,8192x1x1,64x1x1,2048x128x1x1
node_1010,kernel_add,0.037300,8192x1x1,64x1x1,2048x128x1x1
node_1011,kernel_add,0.038100,8192x1x1,64x1x1,2048x128x1x1
node_1012,kernel_add,0.039700,8192x1x1,64x1x1,2048x128x1x1
ffn_moe_out-15,kernel_add,0.037300,8192x1x1,64x1x1,2048x128x1x1
ffn_shexp-15,kernel_transpose_32_16,0.033000,704x32x0,1x16x0,2048x128x1x1
ffn_shexp-15,kernel_mul_mat_Ab_Bi_8x4,0.723900,16x512x1,1x128x1,2048x128x1x1
ffn_out-15,kernel_add,0.033500,8192x1x1,64x1x1,2048x128x1x1
l_out-15,kernel_add,0.032000,8192x1x1,64x1x1,2048x128x1x1
attn_norm-16,kernel_rms_norm_mul,0.035400,131072x1x1,1024x1x1,2048x128x1x1
q-16,kernel_transpose_32_16,0.017500,512x32x0,1x16x0,3072x128x1x1
q-16,kernel_mul_mat_Ab_Bi_8x4,0.653900,16x768x1,1x128x1,3072x128x1x1
q_pe-16,kernel_rope_norm_f32,0.019600,1024x128x1,64x1x1,64x16x128x1
Qcur-16,kernel_concat_f32_non_contiguous,0.375700,16x128x1,0x0x0,192x16x128x1
kv_cmpr_pe-16,kernel_transpose_32_16,0.018300,512x32x0,1x16x0,576x128x1x1
kv_cmpr_pe-16,kernel_mul_mat_Ab_Bi_8x4,0.326700,16x144x1,1x128x1,576x128x1x1
k_pe-16,kernel_rope_norm_f32,0.003500,64x128x1,64x1x1,64x1x128x1
node_1027,kernel_repeat,0.271900,16x128x1,0x0x0,64x16x128x1
kv_cmpr-16,kernel_rms_norm_mul,0.015800,65536x1x1,512x1x1,512x128x1x1
kv-16,kernel_transpose_32_16,0.006400,128x32x0,1x16x0,4096x128x1x1
kv-16,kernel_mul_mat_Ab_Bi_8x4,0.236300,16x1024x1,1x128x1,4096x128x1x1
Kcur-16,kernel_concat_f32_non_contiguous,0.696800,16x128x1,0x0x0,192x16x128x1
Vcur_cont-16,kernel_cpy_f32_f32,0.022800,1024x128x1,64x1x1,128x16x128x1
cache_k_l16 (view),kernel_set_rows_f16_i64,0.028600,131072x1x1,1024x1x1,3072x4096x1x1
cache_v_l16 (view),kernel_set_rows_f16_i64,0.020300,131072x1x1,1024x1x1,2048x4096x1x1
__fattn__-16,flash_attn_f32_f16,9.697300,128x16x0,16x1x0,128x16x128x1
node_1048,kernel_transpose_32_16,0.016300,512x32x0,1x16x0,2048x128x1x1
node_1048,kernel_mul_mat_Ab_Bi_8x4,0.524700,16x512x1,1x128x1,2048x128x1x1
ffn_inp-16,kernel_add,0.033500,8192x1x1,64x1x1,2048x128x1x1
ffn_norm-16,kernel_rms_norm_mul,0.035300,131072x1x1,1024x1x1,2048x128x1x1
ffn_moe_logits-16,kernel_mul_mm_f32_f32_l4_lm,0.518100,128x2x1,128x1x1,64x128x1x1
ffn_moe_probs-16,kernel_soft_max_4,0.004600,8192x1x1,64x1x1,64x128x1x1
ffn_moe_argsort-16,kernel_argsort_f32_i32,0.026500,64x128x1,64x1x1,64x128x1x1
ffn_moe_weights-16,kernel_get_rows_f32,0.006200,384x128x1,64x1x1,1x6x128x1
ffn_moe_weights_scaled-16,kernel_scale,0.001800,192x1x1,64x1x1,1x6x128x1
ffn_moe_gate-16,kernel_mul_mv_id_q4_0_f32_8x_flat,18.886801,11264x1x768,64x1x1,1408x6x128x1
ffn_moe_up-16,kernel_mul_mv_id_q4_0_f32_8x_flat,18.924101,11264x1x768,64x1x1,1408x6x128x1
ffn_moe_weighted-16,kernel_swiglu,0.172000,393216x1x1,512x1x1,1408x6x128x1
ffn_moe_down-16,kernel_mul_mv_id_q4_0_f32_8x_flat,19.739000,16384x1x768,64x1x1,2048x6x128x1
node_1064,kernel_mul,0.202000,384x128x1,64x1x1,2048x6x128x1
ffn_gate-16,kernel_transpose_32_16,0.019000,512x32x0,1x16x0,2816x128x1x1
ffn_gate-16,kernel_mul_mat_Ab_Bi_8x4,0.619900,16x704x1,1x128x1,2816x128x1x1
ffn_up-16,kernel_transpose_32_16,0.020300,512x32x0,1x16x0,2816x128x1x1
ffn_up-16,kernel_mul_mat_Ab_Bi_8x4,0.624800,16x704x1,1x128x1,2816x128x1x1
ffn_swiglu-16,kernel_swiglu,0.045200,65536x1x1,512x1x1,2816x128x1x1
node_1074,kernel_add,0.044900,8192x1x1,64x1x1,2048x128x1x1
node_1075,kernel_add,0.034100,8192x1x1,64x1x1,2048x128x1x1
node_1076,kernel_add,0.034000,8192x1x1,64x1x1,2048x128x1x1
node_1077,kernel_add,0.031600,8192x1x1,64x1x1,2048x128x1x1
ffn_moe_out-16,kernel_add,0.033400,8192x1x1,64x1x1,2048x128x1x1
ffn_shexp-16,kernel_transpose_32_16,0.032000,704x32x0,1x16x0,2048x128x1x1
ffn_shexp-16,kernel_mul_mat_Ab_Bi_8x4,0.723900,16x512x1,1x128x1,2048x128x1x1
ffn_out-16,kernel_add,0.032400,8192x1x1,64x1x1,2048x128x1x1
l_out-16,kernel_add,0.036300,8192x1x1,64x1x1,2048x128x1x1
attn_norm-17,kernel_rms_norm_mul,0.034900,131072x1x1,1024x1x1,2048x128x1x1
q-17,kernel_transpose_32_16,0.017500,512x32x0,1x16x0,3072x128x1x1
q-17,kernel_mul_mat_Ab_Bi_8x4,0.652600,16x768x1,1x128x1,3072x128x1x1
q_pe-17,kernel_rope_norm_f32,0.019400,1024x128x1,64x1x1,64x16x128x1
Qcur-17,kernel_concat_f32_non_contiguous,0.370900,16x128x1,0x0x0,192x16x128x1
kv_cmpr_pe-17,kernel_transpose_32_16,0.020400,512x32x0,1x16x0,576x128x1x1
kv_cmpr_pe-17,kernel_mul_mat_Ab_Bi_8x4,0.325800,16x144x1,1x128x1,576x128x1x1
k_pe-17,kernel_rope_norm_f32,0.003300,64x128x1,64x1x1,64x1x128x1
node_1092,kernel_repeat,0.275000,16x128x1,0x0x0,64x16x128x1
kv_cmpr-17,kernel_rms_norm_mul,0.016200,65536x1x1,512x1x1,512x128x1x1
kv-17,kernel_transpose_32_16,0.005800,128x32x0,1x16x0,4096x128x1x1
kv-17,kernel_mul_mat_Ab_Bi_8x4,0.235000,16x1024x1,1x128x1,4096x128x1x1
Kcur-17,kernel_concat_f32_non_contiguous,0.701300,16x128x1,0x0x0,192x16x128x1
Vcur_cont-17,kernel_cpy_f32_f32,0.023800,1024x128x1,64x1x1,128x16x128x1
cache_k_l17 (view),kernel_set_rows_f16_i64,0.029000,131072x1x1,1024x1x1,3072x4096x1x1
cache_v_l17 (view),kernel_set_rows_f16_i64,0.021200,131072x1x1,1024x1x1,2048x4096x1x1
__fattn__-17,flash_attn_f32_f16,9.672100,128x16x0,16x1x0,128x16x128x1
node_1113,kernel_transpose_32_16,0.016400,512x32x0,1x16x0,2048x128x1x1
node_1113,kernel_mul_mat_Ab_Bi_8x4,0.527200,16x512x1,1x128x1,2048x128x1x1
ffn_inp-17,kernel_add,0.032700,8192x1x1,64x1x1,2048x128x1x1
ffn_norm-17,kernel_rms_norm_mul,0.035300,131072x1x1,1024x1x1,2048x128x1x1
ffn_moe_logits-17,kernel_mul_mm_f32_f32_l4_lm,0.522400,128x2x1,128x1x1,64x128x1x1
ffn_moe_probs-17,kernel_soft_max_4,0.004400,8192x1x1,64x1x1,64x128x1x1
ffn_moe_argsort-17,kernel_argsort_f32_i32,0.026100,64x128x1,64x1x1,64x128x1x1
ffn_moe_weights-17,kernel_get_rows_f32,0.006200,384x128x1,64x1x1,1x6x128x1
ffn_moe_weights_scaled-17,kernel_scale,0.001800,192x1x1,64x1x1,1x6x128x1
ffn_moe_gate-17,kernel_mul_mv_id_q4_0_f32_8x_flat,19.037600,11264x1x768,64x1x1,1408x6x128x1
ffn_moe_up-17,kernel_mul_mv_id_q4_0_f32_8x_flat,19.154900,11264x1x768,64x1x1,1408x6x128x1
ffn_moe_weighted-17,kernel_swiglu,0.171300,393216x1x1,512x1x1,1408x6x128x1
ffn_moe_down-17,kernel_mul_mv_id_q4_0_f32_8x_flat,19.762199,16384x1x768,64x1x1,2048x6x128x1
node_1129,kernel_mul,0.201300,384x128x1,64x1x1,2048x6x128x1
ffn_gate-17,kernel_transpose_32_16,0.024300,512x32x0,1x16x0,2816x128x1x1
ffn_gate-17,kernel_mul_mat_Ab_Bi_8x4,0.627600,16x704x1,1x128x1,2816x128x1x1
ffn_up-17,kernel_transpose_32_16,0.019400,512x32x0,1x16x0,2816x128x1x1
ffn_up-17,kernel_mul_mat_Ab_Bi_8x4,0.621800,16x704x1,1x128x1,2816x128x1x1
ffn_swiglu-17,kernel_swiglu,0.046400,65536x1x1,512x1x1,2816x128x1x1
node_1139,kernel_add,0.046000,8192x1x1,64x1x1,2048x128x1x1
node_1140,kernel_add,0.037300,8192x1x1,64x1x1,2048x128x1x1
node_1141,kernel_add,0.038700,8192x1x1,64x1x1,2048x128x1x1
node_1142,kernel_add,0.037300,8192x1x1,64x1x1,2048x128x1x1
ffn_moe_out-17,kernel_add,0.038000,8192x1x1,64x1x1,2048x128x1x1
ffn_shexp-17,kernel_transpose_32_16,0.033000,704x32x0,1x16x0,2048x128x1x1
ffn_shexp-17,kernel_mul_mat_Ab_Bi_8x4,0.719700,16x512x1,1x128x1,2048x128x1x1
ffn_out-17,kernel_add,0.035100,8192x1x1,64x1x1,2048x128x1x1
l_out-17,kernel_add,0.037400,8192x1x1,64x1x1,2048x128x1x1
attn_norm-18,kernel_rms_norm_mul,0.036000,131072x1x1,1024x1x1,2048x128x1x1
q-18,kernel_transpose_32_16,0.017400,512x32x0,1x16x0,3072x128x1x1
q-18,kernel_mul_mat_Ab_Bi_8x4,0.649700,16x768x1,1x128x1,3072x128x1x1
q_pe-18,kernel_rope_norm_f32,0.019200,1024x128x1,64x1x1,64x16x128x1
Qcur-18,kernel_concat_f32_non_contiguous,0.374300,16x128x1,0x0x0,192x16x128x1
kv_cmpr_pe-18,kernel_transpose_32_16,0.017600,512x32x0,1x16x0,576x128x1x1
kv_cmpr_pe-18,kernel_mul_mat_Ab_Bi_8x4,0.327900,16x144x1,1x128x1,576x128x1x1
k_pe-18,kernel_rope_norm_f32,0.003300,64x128x1,64x1x1,64x1x128x1
node_1157,kernel_repeat,0.273800,16x128x1,0x0x0,64x16x128x1
kv_cmpr-18,kernel_rms_norm_mul,0.015900,65536x1x1,512x1x1,512x128x1x1
kv-18,kernel_transpose_32_16,0.006000,128x32x0,1x16x0,4096x128x1x1
kv-18,kernel_mul_mat_Ab_Bi_8x4,0.231200,16x1024x1,1x128x1,4096x128x1x1
Kcur-18,kernel_concat_f32_non_contiguous,0.706200,16x128x1,0x0x0,192x16x128x1
Vcur_cont-18,kernel_cpy_f32_f32,0.019600,1024x128x1,64x1x1,128x16x128x1
cache_k_l18 (view),kernel_set_rows_f16_i64,0.029000,131072x1x1,1024x1x1,3072x4096x1x1
cache_v_l18 (view),kernel_set_rows_f16_i64,0.021000,131072x1x1,1024x1x1,2048x4096x1x1
__fattn__-18,flash_attn_f32_f16,9.688300,128x16x0,16x1x0,128x16x128x1
node_1178,kernel_transpose_32_16,0.016300,512x32x0,1x16x0,2048x128x1x1
node_1178,kernel_mul_mat_Ab_Bi_8x4,0.526000,16x512x1,1x128x1,2048x128x1x1
ffn_inp-18,kernel_add,0.032900,8192x1x1,64x1x1,2048x128x1x1
ffn_norm-18,kernel_rms_norm_mul,0.034900,131072x1x1,1024x1x1,2048x128x1x1
ffn_moe_logits-18,kernel_mul_mm_f32_f32_l4_lm,0.505200,128x2x1,128x1x1,64x128x1x1
ffn_moe_probs-18,kernel_soft_max_4,0.004700,8192x1x1,64x1x1,64x128x1x1
ffn_moe_argsort-18,kernel_argsort_f32_i32,0.026400,64x128x1,64x1x1,64x128x1x1
ffn_moe_weights-18,kernel_get_rows_f32,0.006400,384x128x1,64x1x1,1x6x128x1
ffn_moe_weights_scaled-18,kernel_scale,0.001800,192x1x1,64x1x1,1x6x128x1
ffn_moe_gate-18,kernel_mul_mv_id_q4_0_f32_8x_flat,18.932301,11264x1x768,64x1x1,1408x6x128x1
ffn_moe_up-18,kernel_mul_mv_id_q4_0_f32_8x_flat,18.868700,11264x1x768,64x1x1,1408x6x128x1
ffn_moe_weighted-18,kernel_swiglu,0.171200,393216x1x1,512x1x1,1408x6x128x1
ffn_moe_down-18,kernel_mul_mv_id_q4_0_f32_8x_flat,19.736700,16384x1x768,64x1x1,2048x6x128x1
node_1194,kernel_mul,0.204200,384x128x1,64x1x1,2048x6x128x1
ffn_gate-18,kernel_transpose_32_16,0.022300,512x32x0,1x16x0,2816x128x1x1
ffn_gate-18,kernel_mul_mat_Ab_Bi_8x4,0.622200,16x704x1,1x128x1,2816x128x1x1
ffn_up-18,kernel_transpose_32_16,0.020200,512x32x0,1x16x0,2816x128x1x1
ffn_up-18,kernel_mul_mat_Ab_Bi_8x4,0.622200,16x704x1,1x128x1,2816x128x1x1
ffn_swiglu-18,kernel_swiglu,0.046100,65536x1x1,512x1x1,2816x128x1x1
node_1204,kernel_add,0.045800,8192x1x1,64x1x1,2048x128x1x1
node_1205,kernel_add,0.031500,8192x1x1,64x1x1,2048x128x1x1
node_1206,kernel_add,0.034400,8192x1x1,64x1x1,2048x128x1x1
node_1207,kernel_add,0.034900,8192x1x1,64x1x1,2048x128x1x1
ffn_moe_out-18,kernel_add,0.033600,8192x1x1,64x1x1,2048x128x1x1
ffn_shexp-18,kernel_transpose_32_16,0.031400,704x32x0,1x16x0,2048x128x1x1
ffn_shexp-18,kernel_mul_mat_Ab_Bi_8x4,0.720400,16x512x1,1x128x1,2048x128x1x1
ffn_out-18,kernel_add,0.031900,8192x1x1,64x1x1,2048x128x1x1
l_out-18,kernel_add,0.036700,8192x1x1,64x1x1,2048x128x1x1
attn_norm-19,kernel_rms_norm_mul,0.034800,131072x1x1,1024x1x1,2048x128x1x1
q-19,kernel_transpose_32_16,0.017500,512x32x0,1x16x0,3072x128x1x1
q-19,kernel_mul_mat_Ab_Bi_8x4,0.653400,16x768x1,1x128x1,3072x128x1x1
q_pe-19,kernel_rope_norm_f32,0.019900,1024x128x1,64x1x1,64x16x128x1
Qcur-19,kernel_concat_f32_non_contiguous,0.376300,16x128x1,0x0x0,192x16x128x1
kv_cmpr_pe-19,kernel_transpose_32_16,0.019500,512x32x0,1x16x0,576x128x1x1
kv_cmpr_pe-19,kernel_mul_mat_Ab_Bi_8x4,0.327800,16x144x1,1x128x1,576x128x1x1
k_pe-19,kernel_rope_norm_f32,0.003200,64x128x1,64x1x1,64x1x128x1
node_1222,kernel_repeat,0.271600,16x128x1,0x0x0,64x16x128x1
kv_cmpr-19,kernel_rms_norm_mul,0.016100,65536x1x1,512x1x1,512x128x1x1
kv-19,kernel_transpose_32_16,0.006400,128x32x0,1x16x0,4096x128x1x1
kv-19,kernel_mul_mat_Ab_Bi_8x4,0.235000,16x1024x1,1x128x1,4096x128x1x1
Kcur-19,kernel_concat_f32_non_contiguous,0.579000,16x128x1,0x0x0,192x16x128x1
Vcur_cont-19,kernel_cpy_f32_f32,0.022300,1024x128x1,64x1x1,128x16x128x1
cache_k_l19 (view),kernel_set_rows_f16_i64,0.030100,131072x1x1,1024x1x1,3072x4096x1x1
cache_v_l19 (view),kernel_set_rows_f16_i64,0.021300,131072x1x1,1024x1x1,2048x4096x1x1
__fattn__-19,flash_attn_f32_f16,9.699700,128x16x0,16x1x0,128x16x128x1
node_1243,kernel_transpose_32_16,0.016100,512x32x0,1x16x0,2048x128x1x1
node_1243,kernel_mul_mat_Ab_Bi_8x4,0.524900,16x512x1,1x128x1,2048x128x1x1
ffn_inp-19,kernel_add,0.032900,8192x1x1,64x1x1,2048x128x1x1
ffn_norm-19,kernel_rms_norm_mul,0.035400,131072x1x1,1024x1x1,2048x128x1x1
ffn_moe_logits-19,kernel_mul_mm_f32_f32_l4_lm,0.525200,128x2x1,128x1x1,64x128x1x1
ffn_moe_probs-19,kernel_soft_max_4,0.004400,8192x1x1,64x1x1,64x128x1x1
ffn_moe_argsort-19,kernel_argsort_f32_i32,0.026100,64x128x1,64x1x1,64x128x1x1
ffn_moe_weights-19,kernel_get_rows_f32,0.006600,384x128x1,64x1x1,1x6x128x1
ffn_moe_weights_scaled-19,kernel_scale,0.001800,192x1x1,64x1x1,1x6x128x1
ffn_moe_gate-19,kernel_mul_mv_id_q4_0_f32_8x_flat,18.795401,11264x1x768,64x1x1,1408x6x128x1
ffn_moe_up-19,kernel_mul_mv_id_q4_0_f32_8x_flat,18.939800,11264x1x768,64x1x1,1408x6x128x1
ffn_moe_weighted-19,kernel_swiglu,0.170900,393216x1x1,512x1x1,1408x6x128x1
ffn_moe_down-19,kernel_mul_mv_id_q4_0_f32_8x_flat,19.662300,16384x1x768,64x1x1,2048x6x128x1
node_1259,kernel_mul,0.201400,384x128x1,64x1x1,2048x6x128x1
ffn_gate-19,kernel_transpose_32_16,0.022500,512x32x0,1x16x0,2816x128x1x1
ffn_gate-19,kernel_mul_mat_Ab_Bi_8x4,0.627800,16x704x1,1x128x1,2816x128x1x1
ffn_up-19,kernel_transpose_32_16,0.019900,512x32x0,1x16x0,2816x128x1x1
ffn_up-19,kernel_mul_mat_Ab_Bi_8x4,0.622200,16x704x1,1x128x1,2816x128x1x1
ffn_swiglu-19,kernel_swiglu,0.046300,65536x1x1,512x1x1,2816x128x1x1
node_1269,kernel_add,0.046500,8192x1x1,64x1x1,2048x128x1x1
node_1270,kernel_add,0.037600,8192x1x1,64x1x1,2048x128x1x1
node_1271,kernel_add,0.037000,8192x1x1,64x1x1,2048x128x1x1
node_1272,kernel_add,0.038400,8192x1x1,64x1x1,2048x128x1x1
ffn_moe_out-19,kernel_add,0.032100,8192x1x1,64x1x1,2048x128x1x1
ffn_shexp-19,kernel_transpose_32_16,0.033100,704x32x0,1x16x0,2048x128x1x1
ffn_shexp-19,kernel_mul_mat_Ab_Bi_8x4,0.719000,16x512x1,1x128x1,2048x128x1x1
ffn_out-19,kernel_add,0.035500,8192x1x1,64x1x1,2048x128x1x1
l_out-19,kernel_add,0.037400,8192x1x1,64x1x1,2048x128x1x1
attn_norm-20,kernel_rms_norm_mul,0.034900,131072x1x1,1024x1x1,2048x128x1x1
q-20,kernel_transpose_32_16,0.017800,512x32x0,1x16x0,3072x128x1x1
q-20,kernel_mul_mat_Ab_Bi_8x4,0.651500,16x768x1,1x128x1,3072x128x1x1
q_pe-20,kernel_rope_norm_f32,0.016300,1024x128x1,64x1x1,64x16x128x1
Qcur-20,kernel_concat_f32_non_contiguous,0.376600,16x128x1,0x0x0,192x16x128x1
kv_cmpr_pe-20,kernel_transpose_32_16,0.019400,512x32x0,1x16x0,576x128x1x1
kv_cmpr_pe-20,kernel_mul_mat_Ab_Bi_8x4,0.325800,16x144x1,1x128x1,576x128x1x1
k_pe-20,kernel_rope_norm_f32,0.003200,64x128x1,64x1x1,64x1x128x1
node_1287,kernel_repeat,0.275800,16x128x1,0x0x0,64x16x128x1
kv_cmpr-20,kernel_rms_norm_mul,0.016200,65536x1x1,512x1x1,512x128x1x1
kv-20,kernel_transpose_32_16,0.006300,128x32x0,1x16x0,4096x128x1x1
kv-20,kernel_mul_mat_Ab_Bi_8x4,0.232700,16x1024x1,1x128x1,4096x128x1x1
Kcur-20,kernel_concat_f32_non_contiguous,0.700800,16x128x1,0x0x0,192x16x128x1
Vcur_cont-20,kernel_cpy_f32_f32,0.021900,1024x128x1,64x1x1,128x16x128x1
cache_k_l20 (view),kernel_set_rows_f16_i64,0.029200,131072x1x1,1024x1x1,3072x4096x1x1
cache_v_l20 (view),kernel_set_rows_f16_i64,0.020800,131072x1x1,1024x1x1,2048x4096x1x1
__fattn__-20,flash_attn_f32_f16,9.661600,128x16x0,16x1x0,128x16x128x1
node_1308,kernel_transpose_32_16,0.016000,512x32x0,1x16x0,2048x128x1x1
node_1308,kernel_mul_mat_Ab_Bi_8x4,0.524200,16x512x1,1x128x1,2048x128x1x1
ffn_inp-20,kernel_add,0.031800,8192x1x1,64x1x1,2048x128x1x1
ffn_norm-20,kernel_rms_norm_mul,0.034700,131072x1x1,1024x1x1,2048x128x1x1
ffn_moe_logits-20,kernel_mul_mm_f32_f32_l4_lm,0.514400,128x2x1,128x1x1,64x128x1x1
ffn_moe_probs-20,kernel_soft_max_4,0.004400,8192x1x1,64x1x1,64x128x1x1
ffn_moe_argsort-20,kernel_argsort_f32_i32,0.026300,64x128x1,64x1x1,64x128x1x1
ffn_moe_weights-20,kernel_get_rows_f32,0.006200,384x128x1,64x1x1,1x6x128x1
ffn_moe_weights_scaled-20,kernel_scale,0.001900,192x1x1,64x1x1,1x6x128x1
ffn_moe_gate-20,kernel_mul_mv_id_q4_0_f32_8x_flat,18.958799,11264x1x768,64x1x1,1408x6x128x1
ffn_moe_up-20,kernel_mul_mv_id_q4_0_f32_8x_flat,18.890301,11264x1x768,64x1x1,1408x6x128x1
ffn_moe_weighted-20,kernel_swiglu,0.170700,393216x1x1,512x1x1,1408x6x128x1
ffn_moe_down-20,kernel_mul_mv_id_q4_0_f32_8x_flat,19.718700,16384x1x768,64x1x1,2048x6x128x1
node_1324,kernel_mul,0.201700,384x128x1,64x1x1,2048x6x128x1
ffn_gate-20,kernel_transpose_32_16,0.023900,512x32x0,1x16x0,2816x128x1x1
ffn_gate-20,kernel_mul_mat_Ab_Bi_8x4,0.626000,16x704x1,1x128x1,2816x128x1x1
ffn_up-20,kernel_transpose_32_16,0.018500,512x32x0,1x16x0,2816x128x1x1
ffn_up-20,kernel_mul_mat_Ab_Bi_8x4,0.627000,16x704x1,1x128x1,2816x128x1x1
ffn_swiglu-20,kernel_swiglu,0.042600,65536x1x1,512x1x1,2816x128x1x1
node_1334,kernel_add,0.046400,8192x1x1,64x1x1,2048x128x1x1
node_1335,kernel_add,0.034300,8192x1x1,64x1x1,2048x128x1x1
node_1336,kernel_add,0.034000,8192x1x1,64x1x1,2048x128x1x1
node_1337,kernel_add,0.034800,8192x1x1,64x1x1,2048x128x1x1
ffn_moe_out-20,kernel_add,0.034300,8192x1x1,64x1x1,2048x128x1x1
ffn_shexp-20,kernel_transpose_32_16,0.032900,704x32x0,1x16x0,2048x128x1x1
ffn_shexp-20,kernel_mul_mat_Ab_Bi_8x4,0.720400,16x512x1,1x128x1,2048x128x1x1
ffn_out-20,kernel_add,0.030600,8192x1x1,64x1x1,2048x128x1x1
l_out-20,kernel_add,0.037400,8192x1x1,64x1x1,2048x128x1x1
attn_norm-21,kernel_rms_norm_mul,0.035300,131072x1x1,1024x1x1,2048x128x1x1
q-21,kernel_transpose_32_16,0.017700,512x32x0,1x16x0,3072x128x1x1
q-21,kernel_mul_mat_Ab_Bi_8x4,0.654300,16x768x1,1x128x1,3072x128x1x1
q_pe-21,kernel_rope_norm_f32,0.019400,1024x128x1,64x1x1,64x16x128x1
Qcur-21,kernel_concat_f32_non_contiguous,0.374300,16x128x1,0x0x0,192x16x128x1
kv_cmpr_pe-21,kernel_transpose_32_16,0.019500,512x32x0,1x16x0,576x128x1x1
kv_cmpr_pe-21,kernel_mul_mat_Ab_Bi_8x4,0.324300,16x144x1,1x128x1,576x128x1x1
k_pe-21,kernel_rope_norm_f32,0.003400,64x128x1,64x1x1,64x1x128x1
node_1352,kernel_repeat,0.273700,16x128x1,0x0x0,64x16x128x1
kv_cmpr-21,kernel_rms_norm_mul,0.015900,65536x1x1,512x1x1,512x128x1x1
kv-21,kernel_transpose_32_16,0.006800,128x32x0,1x16x0,4096x128x1x1
kv-21,kernel_mul_mat_Ab_Bi_8x4,0.234500,16x1024x1,1x128x1,4096x128x1x1
Kcur-21,kernel_concat_f32_non_contiguous,0.691900,16x128x1,0x0x0,192x16x128x1
Vcur_cont-21,kernel_cpy_f32_f32,0.022700,1024x128x1,64x1x1,128x16x128x1
cache_k_l21 (view),kernel_set_rows_f16_i64,0.028300,131072x1x1,1024x1x1,3072x4096x1x1
cache_v_l21 (view),kernel_set_rows_f16_i64,0.020800,131072x1x1,1024x1x1,2048x4096x1x1
__fattn__-21,flash_attn_f32_f16,9.800000,128x16x0,16x1x0,128x16x128x1
node_1373,kernel_transpose_32_16,0.016300,512x32x0,1x16x0,2048x128x1x1
node_1373,kernel_mul_mat_Ab_Bi_8x4,0.529100,16x512x1,1x128x1,2048x128x1x1
ffn_inp-21,kernel_add,0.033700,8192x1x1,64x1x1,2048x128x1x1
ffn_norm-21,kernel_rms_norm_mul,0.035600,131072x1x1,1024x1x1,2048x128x1x1
ffn_moe_logits-21,kernel_mul_mm_f32_f32_l4_lm,0.514800,128x2x1,128x1x1,64x128x1x1
ffn_moe_probs-21,kernel_soft_max_4,0.004600,8192x1x1,64x1x1,64x128x1x1
ffn_moe_argsort-21,kernel_argsort_f32_i32,0.026000,64x128x1,64x1x1,64x128x1x1
ffn_moe_weights-21,kernel_get_rows_f32,0.006200,384x128x1,64x1x1,1x6x128x1
ffn_moe_weights_scaled-21,kernel_scale,0.001700,192x1x1,64x1x1,1x6x128x1
ffn_moe_gate-21,kernel_mul_mv_id_q4_0_f32_8x_flat,19.086800,11264x1x768,64x1x1,1408x6x128x1
ffn_moe_up-21,kernel_mul_mv_id_q4_0_f32_8x_flat,18.962200,11264x1x768,64x1x1,1408x6x128x1
ffn_moe_weighted-21,kernel_swiglu,0.171300,393216x1x1,512x1x1,1408x6x128x1
ffn_moe_down-21,kernel_mul_mv_id_q4_0_f32_8x_flat,19.724100,16384x1x768,64x1x1,2048x6x128x1
node_1389,kernel_mul,0.202700,384x128x1,64x1x1,2048x6x128x1
ffn_gate-21,kernel_transpose_32_16,0.023800,512x32x0,1x16x0,2816x128x1x1
ffn_gate-21,kernel_mul_mat_Ab_Bi_8x4,0.626200,16x704x1,1x128x1,2816x128x1x1
ffn_up-21,kernel_transpose_32_16,0.019500,512x32x0,1x16x0,2816x128x1x1
ffn_up-21,kernel_mul_mat_Ab_Bi_8x4,0.622700,16x704x1,1x128x1,2816x128x1x1
ffn_swiglu-21,kernel_swiglu,0.045700,65536x1x1,512x1x1,2816x128x1x1
node_1399,kernel_add,0.047400,8192x1x1,64x1x1,2048x128x1x1
node_1400,kernel_add,0.037400,8192x1x1,64x1x1,2048x128x1x1
node_1401,kernel_add,0.031900,8192x1x1,64x1x1,2048x128x1x1
node_1402,kernel_add,0.037300,8192x1x1,64x1x1,2048x128x1x1
ffn_moe_out-21,kernel_add,0.038200,8192x1x1,64x1x1,2048x128x1x1
ffn_shexp-21,kernel_transpose_32_16,0.032300,704x32x0,1x16x0,2048x128x1x1
ffn_shexp-21,kernel_mul_mat_Ab_Bi_8x4,0.720300,16x512x1,1x128x1,2048x128x1x1
ffn_out-21,kernel_add,0.034600,8192x1x1,64x1x1,2048x128x1x1
l_out-21,kernel_add,0.037400,8192x1x1,64x1x1,2048x128x1x1
attn_norm-22,kernel_rms_norm_mul,0.036100,131072x1x1,1024x1x1,2048x128x1x1
q-22,kernel_transpose_32_16,0.015500,512x32x0,1x16x0,3072x128x1x1
q-22,kernel_mul_mat_Ab_Bi_8x4,0.651400,16x768x1,1x128x1,3072x128x1x1
q_pe-22,kernel_rope_norm_f32,0.019100,1024x128x1,64x1x1,64x16x128x1
Qcur-22,kernel_concat_f32_non_contiguous,0.370400,16x128x1,0x0x0,192x16x128x1
kv_cmpr_pe-22,kernel_transpose_32_16,0.019000,512x32x0,1x16x0,576x128x1x1
kv_cmpr_pe-22,kernel_mul_mat_Ab_Bi_8x4,0.326600,16x144x1,1x128x1,576x128x1x1
k_pe-22,kernel_rope_norm_f32,0.003300,64x128x1,64x1x1,64x1x128x1
node_1417,kernel_repeat,0.275300,16x128x1,0x0x0,64x16x128x1
kv_cmpr-22,kernel_rms_norm_mul,0.016200,65536x1x1,512x1x1,512x128x1x1
kv-22,kernel_transpose_32_16,0.005300,128x32x0,1x16x0,4096x128x1x1
kv-22,kernel_mul_mat_Ab_Bi_8x4,0.234200,16x1024x1,1x128x1,4096x128x1x1
Kcur-22,kernel_concat_f32_non_contiguous,0.579000,16x128x1,0x0x0,192x16x128x1
Vcur_cont-22,kernel_cpy_f32_f32,0.022000,1024x128x1,64x1x1,128x16x128x1
cache_k_l22 (view),kernel_set_rows_f16_i64,0.029300,131072x1x1,1024x1x1,3072x4096x1x1
cache_v_l22 (view),kernel_set_rows_f16_i64,0.021500,131072x1x1,1024x1x1,2048x4096x1x1
__fattn__-22,flash_attn_f32_f16,9.698200,128x16x0,16x1x0,128x16x128x1
node_1438,kernel_transpose_32_16,0.015900,512x32x0,1x16x0,2048x128x1x1
node_1438,kernel_mul_mat_Ab_Bi_8x4,0.526900,16x512x1,1x128x1,2048x128x1x1
ffn_inp-22,kernel_add,0.033200,8192x1x1,64x1x1,2048x128x1x1
ffn_norm-22,kernel_rms_norm_mul,0.034800,131072x1x1,1024x1x1,2048x128x1x1
ffn_moe_logits-22,kernel_mul_mm_f32_f32_l4_lm,0.516600,128x2x1,128x1x1,64x128x1x1
ffn_moe_probs-22,kernel_soft_max_4,0.004600,8192x1x1,64x1x1,64x128x1x1
ffn_moe_argsort-22,kernel_argsort_f32_i32,0.026000,64x128x1,64x1x1,64x128x1x1
ffn_moe_weights-22,kernel_get_rows_f32,0.006200,384x128x1,64x1x1,1x6x128x1
ffn_moe_weights_scaled-22,kernel_scale,0.002200,192x1x1,64x1x1,1x6x128x1
ffn_moe_gate-22,kernel_mul_mv_id_q4_0_f32_8x_flat,18.976500,11264x1x768,64x1x1,1408x6x128x1
ffn_moe_up-22,kernel_mul_mv_id_q4_0_f32_8x_flat,19.062201,11264x1x768,64x1x1,1408x6x128x1
ffn_moe_weighted-22,kernel_swiglu,0.171500,393216x1x1,512x1x1,1408x6x128x1
ffn_moe_down-22,kernel_mul_mv_id_q4_0_f32_8x_flat,19.757799,16384x1x768,64x1x1,2048x6x128x1
node_1454,kernel_mul,0.202300,384x128x1,64x1x1,2048x6x128x1
ffn_gate-22,kernel_transpose_32_16,0.023600,512x32x0,1x16x0,2816x128x1x1
ffn_gate-22,kernel_mul_mat_Ab_Bi_8x4,0.622500,16x704x1,1x128x1,2816x128x1x1
ffn_up-22,kernel_transpose_32_16,0.016400,512x32x0,1x16x0,2816x128x1x1
ffn_up-22,kernel_mul_mat_Ab_Bi_8x4,0.625000,16x704x1,1x128x1,2816x128x1x1
ffn_swiglu-22,kernel_swiglu,0.045400,65536x1x1,512x1x1,2816x128x1x1
node_1464,kernel_add,0.045900,8192x1x1,64x1x1,2048x128x1x1
node_1465,kernel_add,0.033600,8192x1x1,64x1x1,2048x128x1x1
node_1466,kernel_add,0.035000,8192x1x1,64x1x1,2048x128x1x1
node_1467,kernel_add,0.034100,8192x1x1,64x1x1,2048x128x1x1
ffn_moe_out-22,kernel_add,0.033100,8192x1x1,64x1x1,2048x128x1x1
ffn_shexp-22,kernel_transpose_32_16,0.026700,704x32x0,1x16x0,2048x128x1x1
ffn_shexp-22,kernel_mul_mat_Ab_Bi_8x4,0.719700,16x512x1,1x128x1,2048x128x1x1
ffn_out-22,kernel_add,0.032300,8192x1x1,64x1x1,2048x128x1x1
l_out-22,kernel_add,0.037500,8192x1x1,64x1x1,2048x128x1x1
attn_norm-23,kernel_rms_norm_mul,0.035100,131072x1x1,1024x1x1,2048x128x1x1
q-23,kernel_transpose_32_16,0.017400,512x32x0,1x16x0,3072x128x1x1
q-23,kernel_mul_mat_Ab_Bi_8x4,0.652900,16x768x1,1x128x1,3072x128x1x1
q_pe-23,kernel_rope_norm_f32,0.019600,1024x128x1,64x1x1,64x16x128x1
Qcur-23,kernel_concat_f32_non_contiguous,0.372200,16x128x1,0x0x0,192x16x128x1
kv_cmpr_pe-23,kernel_transpose_32_16,0.020300,512x32x0,1x16x0,576x128x1x1
kv_cmpr_pe-23,kernel_mul_mat_Ab_Bi_8x4,0.326200,16x144x1,1x128x1,576x128x1x1
k_pe-23,kernel_rope_norm_f32,0.003400,64x128x1,64x1x1,64x1x128x1
node_1482,kernel_repeat,0.275000,16x128x1,0x0x0,64x16x128x1
kv_cmpr-23,kernel_rms_norm_mul,0.016200,65536x1x1,512x1x1,512x128x1x1
kv-23,kernel_transpose_32_16,0.006800,128x32x0,1x16x0,4096x128x1x1
kv-23,kernel_mul_mat_Ab_Bi_8x4,0.233100,16x1024x1,1x128x1,4096x128x1x1
Kcur-23,kernel_concat_f32_non_contiguous,0.694000,16x128x1,0x0x0,192x16x128x1
Vcur_cont-23,kernel_cpy_f32_f32,0.022800,1024x128x1,64x1x1,128x16x128x1
cache_k_l23 (view),kernel_set_rows_f16_i64,0.029400,131072x1x1,1024x1x1,3072x4096x1x1
cache_v_l23 (view),kernel_set_rows_f16_i64,0.021100,131072x1x1,1024x1x1,2048x4096x1x1
__fattn__-23,flash_attn_f32_f16,9.695500,128x16x0,16x1x0,128x16x128x1
node_1503,kernel_transpose_32_16,0.016400,512x32x0,1x16x0,2048x128x1x1
node_1503,kernel_mul_mat_Ab_Bi_8x4,0.525200,16x512x1,1x128x1,2048x128x1x1
ffn_inp-23,kernel_add,0.032500,8192x1x1,64x1x1,2048x128x1x1
ffn_norm-23,kernel_rms_norm_mul,0.034600,131072x1x1,1024x1x1,2048x128x1x1
ffn_moe_logits-23,kernel_mul_mm_f32_f32_l4_lm,0.511600,128x2x1,128x1x1,64x128x1x1
ffn_moe_probs-23,kernel_soft_max_4,0.004300,8192x1x1,64x1x1,64x128x1x1
ffn_moe_argsort-23,kernel_argsort_f32_i32,0.026100,64x128x1,64x1x1,64x128x1x1
ffn_moe_weights-23,kernel_get_rows_f32,0.006200,384x128x1,64x1x1,1x6x128x1
ffn_moe_weights_scaled-23,kernel_scale,0.001900,192x1x1,64x1x1,1x6x128x1
ffn_moe_gate-23,kernel_mul_mv_id_q4_0_f32_8x_flat,18.982800,11264x1x768,64x1x1,1408x6x128x1
ffn_moe_up-23,kernel_mul_mv_id_q4_0_f32_8x_flat,19.069000,11264x1x768,64x1x1,1408x6x128x1
ffn_moe_weighted-23,kernel_swiglu,0.172500,393216x1x1,512x1x1,1408x6x128x1
ffn_moe_down-23,kernel_mul_mv_id_q4_0_f32_8x_flat,19.705799,16384x1x768,64x1x1,2048x6x128x1
node_1519,kernel_mul,0.199300,384x128x1,64x1x1,2048x6x128x1
ffn_gate-23,kernel_transpose_32_16,0.022900,512x32x0,1x16x0,2816x128x1x1
ffn_gate-23,kernel_mul_mat_Ab_Bi_8x4,0.623900,16x704x1,1x128x1,2816x128x1x1
ffn_up-23,kernel_transpose_32_16,0.019500,512x32x0,1x16x0,2816x128x1x1
ffn_up-23,kernel_mul_mat_Ab_Bi_8x4,0.622600,16x704x1,1x128x1,2816x128x1x1
ffn_swiglu-23,kernel_swiglu,0.045500,65536x1x1,512x1x1,2816x128x1x1
node_1529,kernel_add,0.042200,8192x1x1,64x1x1,2048x128x1x1
node_1530,kernel_add,0.036300,8192x1x1,64x1x1,2048x128x1x1
node_1531,kernel_add,0.037700,8192x1x1,64x1x1,2048x128x1x1
node_1532,kernel_add,0.038100,8192x1x1,64x1x1,2048x128x1x1
ffn_moe_out-23,kernel_add,0.038300,8192x1x1,64x1x1,2048x128x1x1
ffn_shexp-23,kernel_transpose_32_16,0.033300,704x32x0,1x16x0,2048x128x1x1
ffn_shexp-23,kernel_mul_mat_Ab_Bi_8x4,0.721700,16x512x1,1x128x1,2048x128x1x1
ffn_out-23,kernel_add,0.034400,8192x1x1,64x1x1,2048x128x1x1
l_out-23,kernel_add,0.031600,8192x1x1,64x1x1,2048x128x1x1
attn_norm-24,kernel_rms_norm_mul,0.035500,131072x1x1,1024x1x1,2048x128x1x1
q-24,kernel_transpose_32_16,0.017200,512x32x0,1x16x0,3072x128x1x1
q-24,kernel_mul_mat_Ab_Bi_8x4,0.653400,16x768x1,1x128x1,3072x128x1x1
q_pe-24,kernel_rope_norm_f32,0.019900,1024x128x1,64x1x1,64x16x128x1
Qcur-24,kernel_concat_f32_non_contiguous,0.376700,16x128x1,0x0x0,192x16x128x1
kv_cmpr_pe-24,kernel_transpose_32_16,0.018300,512x32x0,1x16x0,576x128x1x1
kv_cmpr_pe-24,kernel_mul_mat_Ab_Bi_8x4,0.326500,16x144x1,1x128x1,576x128x1x1
k_pe-24,kernel_rope_norm_f32,0.003500,64x128x1,64x1x1,64x1x128x1
node_1547,kernel_repeat,0.272200,16x128x1,0x0x0,64x16x128x1
kv_cmpr-24,kernel_rms_norm_mul,0.016200,65536x1x1,512x1x1,512x128x1x1
kv-24,kernel_transpose_32_16,0.006100,128x32x0,1x16x0,4096x128x1x1
kv-24,kernel_mul_mat_Ab_Bi_8x4,0.231400,16x1024x1,1x128x1,4096x128x1x1
Kcur-24,kernel_concat_f32_non_contiguous,0.705100,16x128x1,0x0x0,192x16x128x1
Vcur_cont-24,kernel_cpy_f32_f32,0.022400,1024x128x1,64x1x1,128x16x128x1
cache_k_l24 (view),kernel_set_rows_f16_i64,0.029000,131072x1x1,1024x1x1,3072x4096x1x1
cache_v_l24 (view),kernel_set_rows_f16_i64,0.020500,131072x1x1,1024x1x1,2048x4096x1x1
__fattn__-24,flash_attn_f32_f16,9.690200,128x16x0,16x1x0,128x16x128x1
node_1568,kernel_transpose_32_16,0.016300,512x32x0,1x16x0,2048x128x1x1
node_1568,kernel_mul_mat_Ab_Bi_8x4,0.524900,16x512x1,1x128x1,2048x128x1x1
ffn_inp-24,kernel_add,0.033700,8192x1x1,64x1x1,2048x128x1x1
ffn_norm-24,kernel_rms_norm_mul,0.035100,131072x1x1,1024x1x1,2048x128x1x1
ffn_moe_logits-24,kernel_mul_mm_f32_f32_l4_lm,0.524500,128x2x1,128x1x1,64x128x1x1
ffn_moe_probs-24,kernel_soft_max_4,0.004600,8192x1x1,64x1x1,64x128x1x1
ffn_moe_argsort-24,kernel_argsort_f32_i32,0.026400,64x128x1,64x1x1,64x128x1x1
ffn_moe_weights-24,kernel_get_rows_f32,0.006500,384x128x1,64x1x1,1x6x128x1
ffn_moe_weights_scaled-24,kernel_scale,0.001900,192x1x1,64x1x1,1x6x128x1
ffn_moe_gate-24,kernel_mul_mv_id_q4_0_f32_8x_flat,19.020901,11264x1x768,64x1x1,1408x6x128x1
ffn_moe_up-24,kernel_mul_mv_id_q4_0_f32_8x_flat,18.968201,11264x1x768,64x1x1,1408x6x128x1
ffn_moe_weighted-24,kernel_swiglu,0.170400,393216x1x1,512x1x1,1408x6x128x1
ffn_moe_down-24,kernel_mul_mv_id_q4_0_f32_8x_flat,19.687401,16384x1x768,64x1x1,2048x6x128x1
node_1584,kernel_mul,0.202800,384x128x1,64x1x1,2048x6x128x1
ffn_gate-24,kernel_transpose_32_16,0.020900,512x32x0,1x16x0,2816x128x1x1
ffn_gate-24,kernel_mul_mat_Ab_Bi_8x4,0.622300,16x704x1,1x128x1,2816x128x1x1
ffn_up-24,kernel_transpose_32_16,0.019100,512x32x0,1x16x0,2816x128x1x1
ffn_up-24,kernel_mul_mat_Ab_Bi_8x4,0.624200,16x704x1,1x128x1,2816x128x1x1
ffn_swiglu-24,kernel_swiglu,0.045400,65536x1x1,512x1x1,2816x128x1x1
node_1594,kernel_add,0.046300,8192x1x1,64x1x1,2048x128x1x1
node_1595,kernel_add,0.033500,8192x1x1,64x1x1,2048x128x1x1
node_1596,kernel_add,0.034500,8192x1x1,64x1x1,2048x128x1x1
node_1597,kernel_add,0.031500,8192x1x1,64x1x1,2048x128x1x1
ffn_moe_out-24,kernel_add,0.033200,8192x1x1,64x1x1,2048x128x1x1
ffn_shexp-24,kernel_transpose_32_16,0.033200,704x32x0,1x16x0,2048x128x1x1
ffn_shexp-24,kernel_mul_mat_Ab_Bi_8x4,0.720700,16x512x1,1x128x1,2048x128x1x1
ffn_out-24,kernel_add,0.033200,8192x1x1,64x1x1,2048x128x1x1
l_out-24,kernel_add,0.035700,8192x1x1,64x1x1,2048x128x1x1
attn_norm-25,kernel_rms_norm_mul,0.034600,131072x1x1,1024x1x1,2048x128x1x1
q-25,kernel_transpose_32_16,0.017400,512x32x0,1x16x0,3072x128x1x1
q-25,kernel_mul_mat_Ab_Bi_8x4,0.651600,16x768x1,1x128x1,3072x128x1x1
q_pe-25,kernel_rope_norm_f32,0.019700,1024x128x1,64x1x1,64x16x128x1
Qcur-25,kernel_concat_f32_non_contiguous,0.375700,16x128x1,0x0x0,192x16x128x1
kv_cmpr_pe-25,kernel_transpose_32_16,0.019900,512x32x0,1x16x0,576x128x1x1
kv_cmpr_pe-25,kernel_mul_mat_Ab_Bi_8x4,0.326200,16x144x1,1x128x1,576x128x1x1
k_pe-25,kernel_rope_norm_f32,0.003300,64x128x1,64x1x1,64x1x128x1
node_1612,kernel_repeat,0.274100,16x128x1,0x0x0,64x16x128x1
kv_cmpr-25,kernel_rms_norm_mul,0.016100,65536x1x1,512x1x1,512x128x1x1
kv-25,kernel_transpose_32_16,0.005700,128x32x0,1x16x0,4096x128x1x1
kv-25,kernel_mul_mat_Ab_Bi_8x4,0.234700,16x1024x1,1x128x1,4096x128x1x1
Kcur-25,kernel_concat_f32_non_contiguous,0.701900,16x128x1,0x0x0,192x16x128x1
Vcur_cont-25,kernel_cpy_f32_f32,0.022900,1024x128x1,64x1x1,128x16x128x1
cache_k_l25 (view),kernel_set_rows_f16_i64,0.029300,131072x1x1,1024x1x1,3072x4096x1x1
cache_v_l25 (view),kernel_set_rows_f16_i64,0.021100,131072x1x1,1024x1x1,2048x4096x1x1
__fattn__-25,flash_attn_f32_f16,9.684300,128x16x0,16x1x0,128x16x128x1
node_1633,kernel_transpose_32_16,0.016000,512x32x0,1x16x0,2048x128x1x1
node_1633,kernel_mul_mat_Ab_Bi_8x4,0.524600,16x512x1,1x128x1,2048x128x1x1
ffn_inp-25,kernel_add,0.032100,8192x1x1,64x1x1,2048x128x1x1
ffn_norm-25,kernel_rms_norm_mul,0.035300,131072x1x1,1024x1x1,2048x128x1x1
ffn_moe_logits-25,kernel_mul_mm_f32_f32_l4_lm,0.525600,128x2x1,128x1x1,64x128x1x1
ffn_moe_probs-25,kernel_soft_max_4,0.004300,8192x1x1,64x1x1,64x128x1x1
ffn_moe_argsort-25,kernel_argsort_f32_i32,0.026600,64x128x1,64x1x1,64x128x1x1
ffn_moe_weights-25,kernel_get_rows_f32,0.006200,384x128x1,64x1x1,1x6x128x1
ffn_moe_weights_scaled-25,kernel_scale,0.001900,192x1x1,64x1x1,1x6x128x1
ffn_moe_gate-25,kernel_mul_mv_id_q4_0_f32_8x_flat,19.058300,11264x1x768,64x1x1,1408x6x128x1
ffn_moe_up-25,kernel_mul_mv_id_q4_0_f32_8x_flat,18.879900,11264x1x768,64x1x1,1408x6x128x1
ffn_moe_weighted-25,kernel_swiglu,0.170800,393216x1x1,512x1x1,1408x6x128x1
ffn_moe_down-25,kernel_mul_mv_id_q4_0_f32_8x_flat,19.501499,16384x1x768,64x1x1,2048x6x128x1
node_1649,kernel_mul,0.204100,384x128x1,64x1x1,2048x6x128x1
ffn_gate-25,kernel_transpose_32_16,0.023300,512x32x0,1x16x0,2816x128x1x1
ffn_gate-25,kernel_mul_mat_Ab_Bi_8x4,0.623400,16x704x1,1x128x1,2816x128x1x1
ffn_up-25,kernel_transpose_32_16,0.019800,512x32x0,1x16x0,2816x128x1x1
ffn_up-25,kernel_mul_mat_Ab_Bi_8x4,0.622500,16x704x1,1x128x1,2816x128x1x1
ffn_swiglu-25,kernel_swiglu,0.045800,65536x1x1,512x1x1,2816x128x1x1
node_1659,kernel_add,0.048600,8192x1x1,64x1x1,2048x128x1x1
node_1660,kernel_add,0.037000,8192x1x1,64x1x1,2048x128x1x1
node_1661,kernel_add,0.039000,8192x1x1,64x1x1,2048x128x1x1
node_1662,kernel_add,0.038600,8192x1x1,64x1x1,2048x128x1x1
ffn_moe_out-25,kernel_add,0.038200,8192x1x1,64x1x1,2048x128x1x1
ffn_shexp-25,kernel_transpose_32_16,0.032900,704x32x0,1x16x0,2048x128x1x1
ffn_shexp-25,kernel_mul_mat_Ab_Bi_8x4,0.719600,16x512x1,1x128x1,2048x128x1x1
ffn_out-25,kernel_add,0.033600,8192x1x1,64x1x1,2048x128x1x1
l_out-25,kernel_add,0.036500,8192x1x1,64x1x1,2048x128x1x1
attn_norm-26,kernel_rms_norm_mul,0.035500,131072x1x1,1024x1x1,2048x128x1x1
q-26,kernel_transpose_32_16,0.017100,512x32x0,1x16x0,3072x128x1x1
q-26,kernel_mul_mat_Ab_Bi_8x4,0.653100,16x768x1,1x128x1,3072x128x1x1
q_pe-26,kernel_rope_norm_f32,0.019900,1024x128x1,64x1x1,64x16x128x1
Qcur-26,kernel_concat_f32_non_contiguous,0.371700,16x128x1,0x0x0,192x16x128x1
kv_cmpr_pe-26,kernel_transpose_32_16,0.018800,512x32x0,1x16x0,576x128x1x1
kv_cmpr_pe-26,kernel_mul_mat_Ab_Bi_8x4,0.325800,16x144x1,1x128x1,576x128x1x1
k_pe-26,kernel_rope_norm_f32,0.003400,64x128x1,64x1x1,64x1x128x1
node_1677,kernel_repeat,0.274100,16x128x1,0x0x0,64x16x128x1
kv_cmpr-26,kernel_rms_norm_mul,0.016000,65536x1x1,512x1x1,512x128x1x1
kv-26,kernel_transpose_32_16,0.006100,128x32x0,1x16x0,4096x128x1x1
kv-26,kernel_mul_mat_Ab_Bi_8x4,0.234300,16x1024x1,1x128x1,4096x128x1x1
Kcur-26,kernel_concat_f32_non_contiguous,0.698000,16x128x1,0x0x0,192x16x128x1
Vcur_cont-26,kernel_cpy_f32_f32,0.020600,1024x128x1,64x1x1,128x16x128x1
cache_k_l26 (view),kernel_set_rows_f16_i64,0.029200,131072x1x1,1024x1x1,3072x4096x1x1
cache_v_l26 (view),kernel_set_rows_f16_i64,0.021600,131072x1x1,1024x1x1,2048x4096x1x1
__fattn__-26,flash_attn_f32_f16,9.710000,128x16x0,16x1x0,128x16x128x1
node_1698,kernel_transpose_32_16,0.016000,512x32x0,1x16x0,2048x128x1x1
node_1698,kernel_mul_mat_Ab_Bi_8x4,0.522700,16x512x1,1x128x1,2048x128x1x1
attn_norm-0,kernel_rms_norm_mul,0.036000,131072x1x1,1024x1x1,2048x128x1x1
q-0,kernel_transpose_32_16,0.017700,512x32x0,1x16x0,3072x128x1x1
q-0,kernel_mul_mat_Ab_Bi_8x4,0.635500,16x768x1,1x128x1,3072x128x1x1
q_pe-0,kernel_rope_norm_f32,0.018900,1024x128x1,64x1x1,64x16x128x1
Qcur-0,kernel_concat_f32_non_contiguous,0.353200,16x128x1,0x0x0,192x16x128x1
kv_cmpr_pe-0,kernel_transpose_32_16,0.020400,512x32x0,1x16x0,576x128x1x1
kv_cmpr_pe-0,kernel_mul_mat_Ab_Bi_8x4,0.316800,16x144x1,1x128x1,576x128x1x1
k_pe-0,kernel_rope_norm_f32,0.003400,64x128x1,64x1x1,64x1x128x1
node_11,kernel_repeat,0.284400,16x128x1,0x0x0,64x16x128x1
kv_cmpr-0,kernel_rms_norm_mul,0.015700,65536x1x1,512x1x1,512x128x1x1
kv-0,kernel_transpose_32_16,0.006800,128x32x0,1x16x0,4096x128x1x1
kv-0,kernel_mul_mat_Ab_Bi_8x4,0.225100,16x1024x1,1x128x1,4096x128x1x1
Kcur-0,kernel_concat_f32_non_contiguous,0.601100,16x128x1,0x0x0,192x16x128x1
Vcur_cont-0,kernel_cpy_f32_f32,0.023500,1024x128x1,64x1x1,128x16x128x1
cache_k_l0 (view),kernel_set_rows_f16_i64,0.031100,131072x1x1,1024x1x1,3072x4096x1x1
cache_v_l0 (view),kernel_set_rows_f16_i64,0.021300,131072x1x1,1024x1x1,2048x4096x1x1
 (copy),kernel_cpy_f32_f16,0.004900,8192x1x1,64x1x1,256x128x1x1
__fattn__-0,flash_attn_f32_f16,9.515000,128x16x0,16x1x0,128x16x128x1
node_33,kernel_transpose_32_16,0.016100,512x32x0,1x16x0,2048x128x1x1
node_33,kernel_mul_mat_Ab_Bi_8x4,0.511100,16x512x1,1x128x1,2048x128x1x1
ffn_inp-0,kernel_add,0.035000,8192x1x1,64x1x1,2048x128x1x1
ffn_norm-0,kernel_rms_norm_mul,0.034000,131072x1x1,1024x1x1,2048x128x1x1
ffn_gate-0,kernel_transpose_32_16,0.017600,512x32x0,1x16x0,10944x128x1x1
ffn_gate-0,kernel_mul_mat_Ab_Bi_8x4,2.059100,16x2736x1,1x128x1,10944x128x1x1
ffn_up-0,kernel_transpose_32_16,0.019400,512x32x0,1x16x0,10944x128x1x1
ffn_up-0,kernel_mul_mat_Ab_Bi_8x4,2.061100,16x2736x1,1x128x1,10944x128x1x1
ffn_swiglu-0,kernel_swiglu,0.233200,65536x1x1,512x1x1,10944x128x1x1
ffn_out-0,kernel_transpose_32_16,0.118100,2736x32x0,1x16x0,2048x128x1x1
ffn_out-0,kernel_mul_mat_Ab_Bi_8x4,2.783100,16x512x1,1x128x1,2048x128x1x1
l_out-0,kernel_add,0.033500,8192x1x1,64x1x1,2048x128x1x1
attn_norm-1,kernel_rms_norm_mul,0.033700,131072x1x1,1024x1x1,2048x128x1x1
q-1,kernel_transpose_32_16,0.017500,512x32x0,1x16x0,3072x128x1x1
q-1,kernel_mul_mat_Ab_Bi_8x4,0.639900,16x768x1,1x128x1,3072x128x1x1
q_pe-1,kernel_rope_norm_f32,0.019600,1024x128x1,64x1x1,64x16x128x1
Qcur-1,kernel_concat_f32_non_contiguous,0.354200,16x128x1,0x0x0,192x16x128x1
kv_cmpr_pe-1,kernel_transpose_32_16,0.020500,512x32x0,1x16x0,576x128x1x1
kv_cmpr_pe-1,kernel_mul_mat_Ab_Bi_8x4,0.316800,16x144x1,1x128x1,576x128x1x1
k_pe-1,kernel_rope_norm_f32,0.003300,64x128x1,64x1x1,64x1x128x1
node_52,kernel_repeat,0.287600,16x128x1,0x0x0,64x16x128x1
kv_cmpr-1,kernel_rms_norm_mul,0.015700,65536x1x1,512x1x1,512x128x1x1
kv-1,kernel_transpose_32_16,0.005800,128x32x0,1x16x0,4096x128x1x1
kv-1,kernel_mul_mat_Ab_Bi_8x4,0.227400,16x1024x1,1x128x1,4096x128x1x1
Kcur-1,kernel_concat_f32_non_contiguous,0.601900,16x128x1,0x0x0,192x16x128x1
Vcur_cont-1,kernel_cpy_f32_f32,0.023400,1024x128x1,64x1x1,128x16x128x1
cache_k_l1 (view),kernel_set_rows_f16_i64,0.030500,131072x1x1,1024x1x1,3072x4096x1x1
cache_v_l1 (view),kernel_set_rows_f16_i64,0.021700,131072x1x1,1024x1x1,2048x4096x1x1
__fattn__-1,flash_attn_f32_f16,9.564900,128x16x0,16x1x0,128x16x128x1
node_73,kernel_transpose_32_16,0.016100,512x32x0,1x16x0,2048x128x1x1
node_73,kernel_mul_mat_Ab_Bi_8x4,0.508800,16x512x1,1x128x1,2048x128x1x1
ffn_inp-1,kernel_add,0.034100,8192x1x1,64x1x1,2048x128x1x1
ffn_norm-1,kernel_rms_norm_mul,0.034500,131072x1x1,1024x1x1,2048x128x1x1
ffn_moe_logits-1,kernel_mul_mm_f32_f32_l4_lm,0.514700,128x2x1,128x1x1,64x128x1x1
ffn_moe_probs-1,kernel_soft_max_4,0.004300,8192x1x1,64x1x1,64x128x1x1
ffn_moe_argsort-1,kernel_argsort_f32_i32,0.024800,64x128x1,64x1x1,64x128x1x1
ffn_moe_weights-1,kernel_get_rows_f32,0.006300,384x128x1,64x1x1,1x6x128x1
ffn_moe_weights_scaled-1,kernel_scale,0.001800,192x1x1,64x1x1,1x6x128x1
ffn_moe_gate-1,kernel_mul_mv_id_q4_0_f32_8x_flat,18.517700,11264x1x768,64x1x1,1408x6x128x1
ffn_moe_up-1,kernel_mul_mv_id_q4_0_f32_8x_flat,18.249300,11264x1x768,64x1x1,1408x6x128x1
ffn_moe_weighted-1,kernel_swiglu,0.171200,393216x1x1,512x1x1,1408x6x128x1
ffn_moe_down-1,kernel_mul_mv_id_q4_0_f32_8x_flat,19.699600,16384x1x768,64x1x1,2048x6x128x1
node_89,kernel_mul,0.201000,384x128x1,64x1x1,2048x6x128x1
ffn_gate-1,kernel_transpose_32_16,0.024600,512x32x0,1x16x0,2816x128x1x1
ffn_gate-1,kernel_mul_mat_Ab_Bi_8x4,0.606000,16x704x1,1x128x1,2816x128x1x1
ffn_up-1,kernel_transpose_32_16,0.019700,512x32x0,1x16x0,2816x128x1x1
ffn_up-1,kernel_mul_mat_Ab_Bi_8x4,0.605400,16x704x1,1x128x1,2816x128x1x1
ffn_swiglu-1,kernel_swiglu,0.046500,65536x1x1,512x1x1,2816x128x1x1
node_99,kernel_add,0.049400,8192x1x1,64x1x1,2048x128x1x1
node_100,kernel_add,0.037700,8192x1x1,64x1x1,2048x128x1x1
node_101,kernel_add,0.038200,8192x1x1,64x1x1,2048x128x1x1
node_102,kernel_add,0.038800,8192x1x1,64x1x1,2048x128x1x1
ffn_moe_out-1,kernel_add,0.039700,8192x1x1,64x1x1,2048x128x1x1
ffn_shexp-1,kernel_transpose_32_16,0.033300,704x32x0,1x16x0,2048x128x1x1
ffn_shexp-1,kernel_mul_mat_Ab_Bi_8x4,0.702500,16x512x1,1x128x1,2048x128x1x1
ffn_out-1,kernel_add,0.033400,8192x1x1,64x1x1,2048x128x1x1
l_out-1,kernel_add,0.040100,8192x1x1,64x1x1,2048x128x1x1
attn_norm-2,kernel_rms_norm_mul,0.034100,131072x1x1,1024x1x1,2048x128x1x1
q-2,kernel_transpose_32_16,0.017100,512x32x0,1x16x0,3072x128x1x1
q-2,kernel_mul_mat_Ab_Bi_8x4,0.635200,16x768x1,1x128x1,3072x128x1x1
q_pe-2,kernel_rope_norm_f32,0.019300,1024x128x1,64x1x1,64x16x128x1
Qcur-2,kernel_concat_f32_non_contiguous,0.352300,16x128x1,0x0x0,192x16x128x1
kv_cmpr_pe-2,kernel_transpose_32_16,0.017800,512x32x0,1x16x0,576x128x1x1
kv_cmpr_pe-2,kernel_mul_mat_Ab_Bi_8x4,0.313100,16x144x1,1x128x1,576x128x1x1
k_pe-2,kernel_rope_norm_f32,0.003500,64x128x1,64x1x1,64x1x128x1
node_117,kernel_repeat,0.286600,16x128x1,0x0x0,64x16x128x1
kv_cmpr-2,kernel_rms_norm_mul,0.016000,65536x1x1,512x1x1,512x128x1x1
kv-2,kernel_transpose_32_16,0.006300,128x32x0,1x16x0,4096x128x1x1
kv-2,kernel_mul_mat_Ab_Bi_8x4,0.224600,16x1024x1,1x128x1,4096x128x1x1
Kcur-2,kernel_concat_f32_non_contiguous,0.471200,16x128x1,0x0x0,192x16x128x1
Vcur_cont-2,kernel_cpy_f32_f32,0.019500,1024x128x1,64x1x1,128x16x128x1
cache_k_l2 (view),kernel_set_rows_f16_i64,0.029600,131072x1x1,1024x1x1,3072x4096x1x1
cache_v_l2 (view),kernel_set_rows_f16_i64,0.021400,131072x1x1,1024x1x1,2048x4096x1x1
__fattn__-2,flash_attn_f32_f16,9.471900,128x16x0,16x1x0,128x16x128x1
node_138,kernel_transpose_32_16,0.016000,512x32x0,1x16x0,2048x128x1x1
node_138,kernel_mul_mat_Ab_Bi_8x4,0.509900,16x512x1,1x128x1,2048x128x1x1
ffn_inp-2,kernel_add,0.034700,8192x1x1,64x1x1,2048x128x1x1
ffn_norm-2,kernel_rms_norm_mul,0.033900,131072x1x1,1024x1x1,2048x128x1x1
ffn_moe_logits-2,kernel_mul_mm_f32_f32_l4_lm,0.496000,128x2x1,128x1x1,64x128x1x1
ffn_moe_probs-2,kernel_soft_max_4,0.004400,8192x1x1,64x1x1,64x128x1x1
ffn_moe_argsort-2,kernel_argsort_f32_i32,0.025000,64x128x1,64x1x1,64x128x1x1
ffn_moe_weights-2,kernel_get_rows_f32,0.006200,384x128x1,64x1x1,1x6x128x1
ffn_moe_weights_scaled-2,kernel_scale,0.001700,192x1x1,64x1x1,1x6x128x1
ffn_moe_gate-2,kernel_mul_mv_id_q4_0_f32_8x_flat,18.324200,11264x1x768,64x1x1,1408x6x128x1
ffn_moe_up-2,kernel_mul_mv_id_q4_0_f32_8x_flat,18.310600,11264x1x768,64x1x1,1408x6x128x1
ffn_moe_weighted-2,kernel_swiglu,0.171200,393216x1x1,512x1x1,1408x6x128x1
ffn_moe_down-2,kernel_mul_mv_id_q4_0_f32_8x_flat,19.656700,16384x1x768,64x1x1,2048x6x128x1
node_154,kernel_mul,0.198400,384x128x1,64x1x1,2048x6x128x1
ffn_gate-2,kernel_transpose_32_16,0.024100,512x32x0,1x16x0,2816x128x1x1
ffn_gate-2,kernel_mul_mat_Ab_Bi_8x4,0.607400,16x704x1,1x128x1,2816x128x1x1
ffn_up-2,kernel_transpose_32_16,0.019200,512x32x0,1x16x0,2816x128x1x1
ffn_up-2,kernel_mul_mat_Ab_Bi_8x4,0.610200,16x704x1,1x128x1,2816x128x1x1
ffn_swiglu-2,kernel_swiglu,0.045100,65536x1x1,512x1x1,2816x128x1x1
node_164,kernel_add,0.045600,8192x1x1,64x1x1,2048x128x1x1
node_165,kernel_add,0.030500,8192x1x1,64x1x1,2048x128x1x1
node_166,kernel_add,0.035100,8192x1x1,64x1x1,2048x128x1x1
node_167,kernel_add,0.034000,8192x1x1,64x1x1,2048x128x1x1
ffn_moe_out-2,kernel_add,0.035000,8192x1x1,64x1x1,2048x128x1x1
ffn_shexp-2,kernel_transpose_32_16,0.032700,704x32x0,1x16x0,2048x128x1x1
ffn_shexp-2,kernel_mul_mat_Ab_Bi_8x4,0.704500,16x512x1,1x128x1,2048x128x1x1
ffn_out-2,kernel_add,0.031000,8192x1x1,64x1x1,2048x128x1x1
l_out-2,kernel_add,0.036300,8192x1x1,64x1x1,2048x128x1x1
attn_norm-3,kernel_rms_norm_mul,0.033600,131072x1x1,1024x1x1,2048x128x1x1
q-3,kernel_transpose_32_16,0.017400,512x32x0,1x16x0,3072x128x1x1
q-3,kernel_mul_mat_Ab_Bi_8x4,0.637700,16x768x1,1x128x1,3072x128x1x1
q_pe-3,kernel_rope_norm_f32,0.018800,1024x128x1,64x1x1,64x16x128x1
Qcur-3,kernel_concat_f32_non_contiguous,0.353200,16x128x1,0x0x0,192x16x128x1
kv_cmpr_pe-3,kernel_transpose_32_16,0.021600,512x32x0,1x16x0,576x128x1x1
kv_cmpr_pe-3,kernel_mul_mat_Ab_Bi_8x4,0.316000,16x144x1,1x128x1,576x128x1x1
k_pe-3,kernel_rope_norm_f32,0.003300,64x128x1,64x1x1,64x1x128x1
node_182,kernel_repeat,0.285000,16x128x1,0x0x0,64x16x128x1
kv_cmpr-3,kernel_rms_norm_mul,0.015600,65536x1x1,512x1x1,512x128x1x1
kv-3,kernel_transpose_32_16,0.006300,128x32x0,1x16x0,4096x128x1x1
kv-3,kernel_mul_mat_Ab_Bi_8x4,0.228400,16x1024x1,1x128x1,4096x128x1x1
Kcur-3,kernel_concat_f32_non_contiguous,0.629400,16x128x1,0x0x0,192x16x128x1
Vcur_cont-3,kernel_cpy_f32_f32,0.023600,1024x128x1,64x1x1,128x16x128x1
cache_k_l3 (view),kernel_set_rows_f16_i64,0.031600,131072x1x1,1024x1x1,3072x4096x1x1
cache_v_l3 (view),kernel_set_rows_f16_i64,0.022100,131072x1x1,1024x1x1,2048x4096x1x1
__fattn__-3,flash_attn_f32_f16,9.517500,128x16x0,16x1x0,128x16x128x1
node_203,kernel_transpose_32_16,0.016200,512x32x0,1x16x0,2048x128x1x1
node_203,kernel_mul_mat_Ab_Bi_8x4,0.509600,16x512x1,1x128x1,2048x128x1x1
ffn_inp-3,kernel_add,0.034100,8192x1x1,64x1x1,2048x128x1x1
ffn_norm-3,kernel_rms_norm_mul,0.034500,131072x1x1,1024x1x1,2048x128x1x1
ffn_moe_logits-3,kernel_mul_mm_f32_f32_l4_lm,0.504500,128x2x1,128x1x1,64x128x1x1
ffn_moe_probs-3,kernel_soft_max_4,0.004400,8192x1x1,64x1x1,64x128x1x1
ffn_moe_argsort-3,kernel_argsort_f32_i32,0.025000,64x128x1,64x1x1,64x128x1x1
ffn_moe_weights-3,kernel_get_rows_f32,0.006600,384x128x1,64x1x1,1x6x128x1
ffn_moe_weights_scaled-3,kernel_scale,0.001800,192x1x1,64x1x1,1x6x128x1
ffn_moe_gate-3,kernel_mul_mv_id_q4_0_f32_8x_flat,18.217100,11264x1x768,64x1x1,1408x6x128x1
ffn_moe_up-3,kernel_mul_mv_id_q4_0_f32_8x_flat,18.246500,11264x1x768,64x1x1,1408x6x128x1
ffn_moe_weighted-3,kernel_swiglu,0.174300,393216x1x1,512x1x1,1408x6x128x1
ffn_moe_down-3,kernel_mul_mv_id_q4_0_f32_8x_flat,19.690100,16384x1x768,64x1x1,2048x6x128x1
node_219,kernel_mul,0.199800,384x128x1,64x1x1,2048x6x128x1
ffn_gate-3,kernel_transpose_32_16,0.023500,512x32x0,1x16x0,2816x128x1x1
ffn_gate-3,kernel_mul_mat_Ab_Bi_8x4,0.608600,16x704x1,1x128x1,2816x128x1x1
ffn_up-3,kernel_transpose_32_16,0.020300,512x32x0,1x16x0,2816x128x1x1
ffn_up-3,kernel_mul_mat_Ab_Bi_8x4,0.608300,16x704x1,1x128x1,2816x128x1x1
ffn_swiglu-3,kernel_swiglu,0.045900,65536x1x1,512x1x1,2816x128x1x1
node_229,kernel_add,0.047700,8192x1x1,64x1x1,2048x128x1x1
node_230,kernel_add,0.038300,8192x1x1,64x1x1,2048x128x1x1
node_231,kernel_add,0.038500,8192x1x1,64x1x1,2048x128x1x1
node_232,kernel_add,0.039200,8192x1x1,64x1x1,2048x128x1x1
ffn_moe_out-3,kernel_add,0.032700,8192x1x1,64x1x1,2048x128x1x1
ffn_shexp-3,kernel_transpose_32_16,0.032400,704x32x0,1x16x0,2048x128x1x1
ffn_shexp-3,kernel_mul_mat_Ab_Bi_8x4,0.699900,16x512x1,1x128x1,2048x128x1x1
ffn_out-3,kernel_add,0.032800,8192x1x1,64x1x1,2048x128x1x1
l_out-3,kernel_add,0.037800,8192x1x1,64x1x1,2048x128x1x1
attn_norm-4,kernel_rms_norm_mul,0.034000,131072x1x1,1024x1x1,2048x128x1x1
q-4,kernel_transpose_32_16,0.017600,512x32x0,1x16x0,3072x128x1x1
q-4,kernel_mul_mat_Ab_Bi_8x4,0.637000,16x768x1,1x128x1,3072x128x1x1
q_pe-4,kernel_rope_norm_f32,0.016100,1024x128x1,64x1x1,64x16x128x1
Qcur-4,kernel_concat_f32_non_contiguous,0.352000,16x128x1,0x0x0,192x16x128x1
kv_cmpr_pe-4,kernel_transpose_32_16,0.021700,512x32x0,1x16x0,576x128x1x1
kv_cmpr_pe-4,kernel_mul_mat_Ab_Bi_8x4,0.317400,16x144x1,1x128x1,576x128x1x1
k_pe-4,kernel_rope_norm_f32,0.003300,64x128x1,64x1x1,64x1x128x1
node_247,kernel_repeat,0.288700,16x128x1,0x0x0,64x16x128x1
kv_cmpr-4,kernel_rms_norm_mul,0.015700,65536x1x1,512x1x1,512x128x1x1
kv-4,kernel_transpose_32_16,0.006100,128x32x0,1x16x0,4096x128x1x1
kv-4,kernel_mul_mat_Ab_Bi_8x4,0.228200,16x1024x1,1x128x1,4096x128x1x1
Kcur-4,kernel_concat_f32_non_contiguous,0.614500,16x128x1,0x0x0,192x16x128x1
Vcur_cont-4,kernel_cpy_f32_f32,0.022900,1024x128x1,64x1x1,128x16x128x1
cache_k_l4 (view),kernel_set_rows_f16_i64,0.031200,131072x1x1,1024x1x1,3072x4096x1x1
cache_v_l4 (view),kernel_set_rows_f16_i64,0.021800,131072x1x1,1024x1x1,2048x4096x1x1
__fattn__-4,flash_attn_f32_f16,9.508600,128x16x0,16x1x0,128x16x128x1
node_268,kernel_transpose_32_16,0.016200,512x32x0,1x16x0,2048x128x1x1
node_268,kernel_mul_mat_Ab_Bi_8x4,0.510000,16x512x1,1x128x1,2048x128x1x1
ffn_inp-4,kernel_add,0.031500,8192x1x1,64x1x1,2048x128x1x1
ffn_norm-4,kernel_rms_norm_mul,0.034200,131072x1x1,1024x1x1,2048x128x1x1
ffn_moe_logits-4,kernel_mul_mm_f32_f32_l4_lm,0.509300,128x2x1,128x1x1,64x128x1x1
ffn_moe_probs-4,kernel_soft_max_4,0.004400,8192x1x1,64x1x1,64x128x1x1
ffn_moe_argsort-4,kernel_argsort_f32_i32,0.025000,64x128x1,64x1x1,64x128x1x1
ffn_moe_weights-4,kernel_get_rows_f32,0.006300,384x128x1,64x1x1,1x6x128x1
ffn_moe_weights_scaled-4,kernel_scale,0.001900,192x1x1,64x1x1,1x6x128x1
ffn_moe_gate-4,kernel_mul_mv_id_q4_0_f32_8x_flat,18.222500,11264x1x768,64x1x1,1408x6x128x1
ffn_moe_up-4,kernel_mul_mv_id_q4_0_f32_8x_flat,18.233299,11264x1x768,64x1x1,1408x6x128x1
ffn_moe_weighted-4,kernel_swiglu,0.169900,393216x1x1,512x1x1,1408x6x128x1
ffn_moe_down-4,kernel_mul_mv_id_q4_0_f32_8x_flat,19.622700,16384x1x768,64x1x1,2048x6x128x1
node_284,kernel_mul,0.200800,384x128x1,64x1x1,2048x6x128x1
ffn_gate-4,kernel_transpose_32_16,0.022900,512x32x0,1x16x0,2816x128x1x1
ffn_gate-4,kernel_mul_mat_Ab_Bi_8x4,0.609900,16x704x1,1x128x1,2816x128x1x1
ffn_up-4,kernel_transpose_32_16,0.020200,512x32x0,1x16x0,2816x128x1x1
ffn_up-4,kernel_mul_mat_Ab_Bi_8x4,0.607600,16x704x1,1x128x1,2816x128x1x1
ffn_swiglu-4,kernel_swiglu,0.043200,65536x1x1,512x1x1,2816x128x1x1
node_294,kernel_add,0.046200,8192x1x1,64x1x1,2048x128x1x1
node_295,kernel_add,0.033800,8192x1x1,64x1x1,2048x128x1x1
node_296,kernel_add,0.034500,8192x1x1,64x1x1,2048x128x1x1
node_297,kernel_add,0.034500,8192x1x1,64x1x1,2048x128x1x1
ffn_moe_out-4,kernel_add,0.034000,8192x1x1,64x1x1,2048x128x1x1
ffn_shexp-4,kernel_transpose_32_16,0.031500,704x32x0,1x16x0,2048x128x1x1
ffn_shexp-4,kernel_mul_mat_Ab_Bi_8x4,0.706900,16x512x1,1x128x1,2048x128x1x1
ffn_out-4,kernel_add,0.030100,8192x1x1,64x1x1,2048x128x1x1
l_out-4,kernel_add,0.036000,8192x1x1,64x1x1,2048x128x1x1
attn_norm-5,kernel_rms_norm_mul,0.033700,131072x1x1,1024x1x1,2048x128x1x1
q-5,kernel_transpose_32_16,0.017200,512x32x0,1x16x0,3072x128x1x1
q-5,kernel_mul_mat_Ab_Bi_8x4,0.634400,16x768x1,1x128x1,3072x128x1x1
q_pe-5,kernel_rope_norm_f32,0.019200,1024x128x1,64x1x1,64x16x128x1
Qcur-5,kernel_concat_f32_non_contiguous,0.354600,16x128x1,0x0x0,192x16x128x1
kv_cmpr_pe-5,kernel_transpose_32_16,0.020900,512x32x0,1x16x0,576x128x1x1
kv_cmpr_pe-5,kernel_mul_mat_Ab_Bi_8x4,0.313000,16x144x1,1x128x1,576x128x1x1
k_pe-5,kernel_rope_norm_f32,0.003300,64x128x1,64x1x1,64x1x128x1
node_312,kernel_repeat,0.286700,16x128x1,0x0x0,64x16x128x1
kv_cmpr-5,kernel_rms_norm_mul,0.015800,65536x1x1,512x1x1,512x128x1x1
kv-5,kernel_transpose_32_16,0.006300,128x32x0,1x16x0,4096x128x1x1
kv-5,kernel_mul_mat_Ab_Bi_8x4,0.226100,16x1024x1,1x128x1,4096x128x1x1
Kcur-5,kernel_concat_f32_non_contiguous,0.491900,16x128x1,0x0x0,192x16x128x1
Vcur_cont-5,kernel_cpy_f32_f32,0.023700,1024x128x1,64x1x1,128x16x128x1
cache_k_l5 (view),kernel_set_rows_f16_i64,0.028200,131072x1x1,1024x1x1,3072x4096x1x1
cache_v_l5 (view),kernel_set_rows_f16_i64,0.022300,131072x1x1,1024x1x1,2048x4096x1x1
__fattn__-5,flash_attn_f32_f16,9.490800,128x16x0,16x1x0,128x16x128x1
node_333,kernel_transpose_32_16,0.016000,512x32x0,1x16x0,2048x128x1x1
node_333,kernel_mul_mat_Ab_Bi_8x4,0.510100,16x512x1,1x128x1,2048x128x1x1
ffn_inp-5,kernel_add,0.033500,8192x1x1,64x1x1,2048x128x1x1
ffn_norm-5,kernel_rms_norm_mul,0.034900,131072x1x1,1024x1x1,2048x128x1x1
ffn_moe_logits-5,kernel_mul_mm_f32_f32_l4_lm,0.507800,128x2x1,128x1x1,64x128x1x1
ffn_moe_probs-5,kernel_soft_max_4,0.004600,8192x1x1,64x1x1,64x128x1x1
ffn_moe_argsort-5,kernel_argsort_f32_i32,0.025200,64x128x1,64x1x1,64x128x1x1
ffn_moe_weights-5,kernel_get_rows_f32,0.006200,384x128x1,64x1x1,1x6x128x1
ffn_moe_weights_scaled-5,kernel_scale,0.001800,192x1x1,64x1x1,1x6x128x1
ffn_moe_gate-5,kernel_mul_mv_id_q4_0_f32_8x_flat,18.221300,11264x1x768,64x1x1,1408x6x128x1
ffn_moe_up-5,kernel_mul_mv_id_q4_0_f32_8x_flat,18.145399,11264x1x768,64x1x1,1408x6x128x1
ffn_moe_weighted-5,kernel_swiglu,0.170800,393216x1x1,512x1x1,1408x6x128x1
ffn_moe_down-5,kernel_mul_mv_id_q4_0_f32_8x_flat,19.636400,16384x1x768,64x1x1,2048x6x128x1
node_349,kernel_mul,0.201300,384x128x1,64x1x1,2048x6x128x1
ffn_gate-5,kernel_transpose_32_16,0.022200,512x32x0,1x16x0,2816x128x1x1
ffn_gate-5,kernel_mul_mat_Ab_Bi_8x4,0.609300,16x704x1,1x128x1,2816x128x1x1
ffn_up-5,kernel_transpose_32_16,0.019300,512x32x0,1x16x0,2816x128x1x1
ffn_up-5,kernel_mul_mat_Ab_Bi_8x4,0.610400,16x704x1,1x128x1,2816x128x1x1
ffn_swiglu-5,kernel_swiglu,0.045300,65536x1x1,512x1x1,2816x128x1x1
node_359,kernel_add,0.046700,8192x1x1,64x1x1,2048x128x1x1
node_360,kernel_add,0.037700,8192x1x1,64x1x1,2048x128x1x1
node_361,kernel_add,0.032600,8192x1x1,64x1x1,2048x128x1x1
node_362,kernel_add,0.036600,8192x1x1,64x1x1,2048x128x1x1
ffn_moe_out-5,kernel_add,0.038300,8192x1x1,64x1x1,2048x128x1x1
ffn_shexp-5,kernel_transpose_32_16,0.032300,704x32x0,1x16x0,2048x128x1x1
ffn_shexp-5,kernel_mul_mat_Ab_Bi_8x4,0.703300,16x512x1,1x128x1,2048x128x1x1
ffn_out-5,kernel_add,0.034000,8192x1x1,64x1x1,2048x128x1x1
l_out-5,kernel_add,0.036700,8192x1x1,64x1x1,2048x128x1x1
attn_norm-6,kernel_rms_norm_mul,0.034700,131072x1x1,1024x1x1,2048x128x1x1
q-6,kernel_transpose_32_16,0.015200,512x32x0,1x16x0,3072x128x1x1
q-6,kernel_mul_mat_Ab_Bi_8x4,0.636600,16x768x1,1x128x1,3072x128x1x1
q_pe-6,kernel_rope_norm_f32,0.019500,1024x128x1,64x1x1,64x16x128x1
Qcur-6,kernel_concat_f32_non_contiguous,0.352000,16x128x1,0x0x0,192x16x128x1
kv_cmpr_pe-6,kernel_transpose_32_16,0.021400,512x32x0,1x16x0,576x128x1x1
kv_cmpr_pe-6,kernel_mul_mat_Ab_Bi_8x4,0.315000,16x144x1,1x128x1,576x128x1x1
k_pe-6,kernel_rope_norm_f32,0.003500,64x128x1,64x1x1,64x1x128x1
node_377,kernel_repeat,0.289400,16x128x1,0x0x0,64x16x128x1
kv_cmpr-6,kernel_rms_norm_mul,0.016000,65536x1x1,512x1x1,512x128x1x1
kv-6,kernel_transpose_32_16,0.005400,128x32x0,1x16x0,4096x128x1x1
kv-6,kernel_mul_mat_Ab_Bi_8x4,0.230300,16x1024x1,1x128x1,4096x128x1x1
Kcur-6,kernel_concat_f32_non_contiguous,0.598600,16x128x1,0x0x0,192x16x128x1
Vcur_cont-6,kernel_cpy_f32_f32,0.023700,1024x128x1,64x1x1,128x16x128x1
cache_k_l6 (view),kernel_set_rows_f16_i64,0.030600,131072x1x1,1024x1x1,3072x4096x1x1
cache_v_l6 (view),kernel_set_rows_f16_i64,0.021700,131072x1x1,1024x1x1,2048x4096x1x1
__fattn__-6,flash_attn_f32_f16,9.505200,128x16x0,16x1x0,128x16x128x1
node_398,kernel_transpose_32_16,0.015500,512x32x0,1x16x0,2048x128x1x1
node_398,kernel_mul_mat_Ab_Bi_8x4,0.511200,16x512x1,1x128x1,2048x128x1x1
ffn_inp-6,kernel_add,0.035400,8192x1x1,64x1x1,2048x128x1x1
ffn_norm-6,kernel_rms_norm_mul,0.034400,131072x1x1,1024x1x1,2048x128x1x1
ffn_moe_logits-6,kernel_mul_mm_f32_f32_l4_lm,0.509800,128x2x1,128x1x1,64x128x1x1
ffn_moe_probs-6,kernel_soft_max_4,0.004500,8192x1x1,64x1x1,64x128x1x1
ffn_moe_argsort-6,kernel_argsort_f32_i32,0.024900,64x128x1,64x1x1,64x128x1x1
ffn_moe_weights-6,kernel_get_rows_f32,0.006300,384x128x1,64x1x1,1x6x128x1
ffn_moe_weights_scaled-6,kernel_scale,0.002100,192x1x1,64x1x1,1x6x128x1
ffn_moe_gate-6,kernel_mul_mv_id_q4_0_f32_8x_flat,18.230000,11264x1x768,64x1x1,1408x6x128x1
ffn_moe_up-6,kernel_mul_mv_id_q4_0_f32_8x_flat,18.142500,11264x1x768,64x1x1,1408x6x128x1
ffn_moe_weighted-6,kernel_swiglu,0.171900,393216x1x1,512x1x1,1408x6x128x1
ffn_moe_down-6,kernel_mul_mv_id_q4_0_f32_8x_flat,19.787901,16384x1x768,64x1x1,2048x6x128x1
node_414,kernel_mul,0.198200,384x128x1,64x1x1,2048x6x128x1
ffn_gate-6,kernel_transpose_32_16,0.023800,512x32x0,1x16x0,2816x128x1x1
ffn_gate-6,kernel_mul_mat_Ab_Bi_8x4,0.606800,16x704x1,1x128x1,2816x128x1x1
ffn_up-6,kernel_transpose_32_16,0.016200,512x32x0,1x16x0,2816x128x1x1
ffn_up-6,kernel_mul_mat_Ab_Bi_8x4,0.609700,16x704x1,1x128x1,2816x128x1x1
ffn_swiglu-6,kernel_swiglu,0.045000,65536x1x1,512x1x1,2816x128x1x1
node_424,kernel_add,0.046000,8192x1x1,64x1x1,2048x128x1x1
node_425,kernel_add,0.033800,8192x1x1,64x1x1,2048x128x1x1
node_426,kernel_add,0.034400,8192x1x1,64x1x1,2048x128x1x1
node_427,kernel_add,0.034600,8192x1x1,64x1x1,2048x128x1x1
ffn_moe_out-6,kernel_add,0.032900,8192x1x1,64x1x1,2048x128x1x1
ffn_shexp-6,kernel_transpose_32_16,0.027700,704x32x0,1x16x0,2048x128x1x1
ffn_shexp-6,kernel_mul_mat_Ab_Bi_8x4,0.705200,16x512x1,1x128x1,2048x128x1x1
ffn_out-6,kernel_add,0.032100,8192x1x1,64x1x1,2048x128x1x1
l_out-6,kernel_add,0.036400,8192x1x1,64x1x1,2048x128x1x1
attn_norm-7,kernel_rms_norm_mul,0.033700,131072x1x1,1024x1x1,2048x128x1x1
q-7,kernel_transpose_32_16,0.017500,512x32x0,1x16x0,3072x128x1x1
q-7,kernel_mul_mat_Ab_Bi_8x4,0.637100,16x768x1,1x128x1,3072x128x1x1
q_pe-7,kernel_rope_norm_f32,0.019800,1024x128x1,64x1x1,64x16x128x1
Qcur-7,kernel_concat_f32_non_contiguous,0.348000,16x128x1,0x0x0,192x16x128x1
kv_cmpr_pe-7,kernel_transpose_32_16,0.020500,512x32x0,1x16x0,576x128x1x1
kv_cmpr_pe-7,kernel_mul_mat_Ab_Bi_8x4,0.315100,16x144x1,1x128x1,576x128x1x1
k_pe-7,kernel_rope_norm_f32,0.003700,64x128x1,64x1x1,64x1x128x1
node_442,kernel_repeat,0.288000,16x128x1,0x0x0,64x16x128x1
kv_cmpr-7,kernel_rms_norm_mul,0.016000,65536x1x1,512x1x1,512x128x1x1
kv-7,kernel_transpose_32_16,0.006300,128x32x0,1x16x0,4096x128x1x1
kv-7,kernel_mul_mat_Ab_Bi_8x4,0.226200,16x1024x1,1x128x1,4096x128x1x1
Kcur-7,kernel_concat_f32_non_contiguous,0.598900,16x128x1,0x0x0,192x16x128x1
Vcur_cont-7,kernel_cpy_f32_f32,0.024500,1024x128x1,64x1x1,128x16x128x1
cache_k_l7 (view),kernel_set_rows_f16_i64,0.030800,131072x1x1,1024x1x1,3072x4096x1x1
cache_v_l7 (view),kernel_set_rows_f16_i64,0.022100,131072x1x1,1024x1x1,2048x4096x1x1
__fattn__-7,flash_attn_f32_f16,9.498700,128x16x0,16x1x0,128x16x128x1
node_463,kernel_transpose_32_16,0.016100,512x32x0,1x16x0,2048x128x1x1
node_463,kernel_mul_mat_Ab_Bi_8x4,0.512900,16x512x1,1x128x1,2048x128x1x1
ffn_inp-7,kernel_add,0.033400,8192x1x1,64x1x1,2048x128x1x1
ffn_norm-7,kernel_rms_norm_mul,0.033400,131072x1x1,1024x1x1,2048x128x1x1
ffn_moe_logits-7,kernel_mul_mm_f32_f32_l4_lm,0.510500,128x2x1,128x1x1,64x128x1x1
ffn_moe_probs-7,kernel_soft_max_4,0.004400,8192x1x1,64x1x1,64x128x1x1
ffn_moe_argsort-7,kernel_argsort_f32_i32,0.024900,64x128x1,64x1x1,64x128x1x1
ffn_moe_weights-7,kernel_get_rows_f32,0.006200,384x128x1,64x1x1,1x6x128x1
ffn_moe_weights_scaled-7,kernel_scale,0.001800,192x1x1,64x1x1,1x6x128x1
ffn_moe_gate-7,kernel_mul_mv_id_q4_0_f32_8x_flat,18.206301,11264x1x768,64x1x1,1408x6x128x1
ffn_moe_up-7,kernel_mul_mv_id_q4_0_f32_8x_flat,18.202900,11264x1x768,64x1x1,1408x6x128x1
ffn_moe_weighted-7,kernel_swiglu,0.171800,393216x1x1,512x1x1,1408x6x128x1
ffn_moe_down-7,kernel_mul_mv_id_q4_0_f32_8x_flat,21.025499,16384x1x768,64x1x1,2048x6x128x1
node_479,kernel_mul,0.196700,384x128x1,64x1x1,2048x6x128x1
ffn_gate-7,kernel_transpose_32_16,0.024500,512x32x0,1x16x0,2816x128x1x1
ffn_gate-7,kernel_mul_mat_Ab_Bi_8x4,0.609500,16x704x1,1x128x1,2816x128x1x1
ffn_up-7,kernel_transpose_32_16,0.019900,512x32x0,1x16x0,2816x128x1x1
ffn_up-7,kernel_mul_mat_Ab_Bi_8x4,0.609300,16x704x1,1x128x1,2816x128x1x1
ffn_swiglu-7,kernel_swiglu,0.045100,65536x1x1,512x1x1,2816x128x1x1
node_489,kernel_add,0.042700,8192x1x1,64x1x1,2048x128x1x1
node_490,kernel_add,0.036500,8192x1x1,64x1x1,2048x128x1x1
node_491,kernel_add,0.038000,8192x1x1,64x1x1,2048x128x1x1
node_492,kernel_add,0.037600,8192x1x1,64x1x1,2048x128x1x1
ffn_moe_out-7,kernel_add,0.039000,8192x1x1,64x1x1,2048x128x1x1
ffn_shexp-7,kernel_transpose_32_16,0.032700,704x32x0,1x16x0,2048x128x1x1
ffn_shexp-7,kernel_mul_mat_Ab_Bi_8x4,0.702300,16x512x1,1x128x1,2048x128x1x1
ffn_out-7,kernel_add,0.035100,8192x1x1,64x1x1,2048x128x1x1
l_out-7,kernel_add,0.031600,8192x1x1,64x1x1,2048x128x1x1
attn_norm-8,kernel_rms_norm_mul,0.034200,131072x1x1,1024x1x1,2048x128x1x1
q-8,kernel_transpose_32_16,0.017400,512x32x0,1x16x0,3072x128x1x1
q-8,kernel_mul_mat_Ab_Bi_8x4,0.635800,16x768x1,1x128x1,3072x128x1x1
q_pe-8,kernel_rope_norm_f32,0.019600,1024x128x1,64x1x1,64x16x128x1
Qcur-8,kernel_concat_f32_non_contiguous,0.354100,16x128x1,0x0x0,192x16x128x1
kv_cmpr_pe-8,kernel_transpose_32_16,0.021600,512x32x0,1x16x0,576x128x1x1
kv_cmpr_pe-8,kernel_mul_mat_Ab_Bi_8x4,0.314600,16x144x1,1x128x1,576x128x1x1
k_pe-8,kernel_rope_norm_f32,0.003700,64x128x1,64x1x1,64x1x128x1
node_507,kernel_repeat,0.285100,16x128x1,0x0x0,64x16x128x1
kv_cmpr-8,kernel_rms_norm_mul,0.016100,65536x1x1,512x1x1,512x128x1x1
kv-8,kernel_transpose_32_16,0.006300,128x32x0,1x16x0,4096x128x1x1
kv-8,kernel_mul_mat_Ab_Bi_8x4,0.225100,16x1024x1,1x128x1,4096x128x1x1
Kcur-8,kernel_concat_f32_non_contiguous,0.598000,16x128x1,0x0x0,192x16x128x1
Vcur_cont-8,kernel_cpy_f32_f32,0.023100,1024x128x1,64x1x1,128x16x128x1
cache_k_l8 (view),kernel_set_rows_f16_i64,0.029600,131072x1x1,1024x1x1,3072x4096x1x1
cache_v_l8 (view),kernel_set_rows_f16_i64,0.019900,131072x1x1,1024x1x1,2048x4096x1x1
__fattn__-8,flash_attn_f32_f16,9.456600,128x16x0,16x1x0,128x16x128x1
node_528,kernel_transpose_32_16,0.016100,512x32x0,1x16x0,2048x128x1x1
node_528,kernel_mul_mat_Ab_Bi_8x4,0.510500,16x512x1,1x128x1,2048x128x1x1
ffn_inp-8,kernel_add,0.033800,8192x1x1,64x1x1,2048x128x1x1
ffn_norm-8,kernel_rms_norm_mul,0.034000,131072x1x1,1024x1x1,2048x128x1x1
ffn_moe_logits-8,kernel_mul_mm_f32_f32_l4_lm,0.508900,128x2x1,128x1x1,64x128x1x1
ffn_moe_probs-8,kernel_soft_max_4,0.004400,8192x1x1,64x1x1,64x128x1x1
ffn_moe_argsort-8,kernel_argsort_f32_i32,0.025300,64x128x1,64x1x1,64x128x1x1
ffn_moe_weights-8,kernel_get_rows_f32,0.006100,384x128x1,64x1x1,1x6x128x1
ffn_moe_weights_scaled-8,kernel_scale,0.001900,192x1x1,64x1x1,1x6x128x1
ffn_moe_gate-8,kernel_mul_mv_id_q4_0_f32_8x_flat,18.153400,11264x1x768,64x1x1,1408x6x128x1
ffn_moe_up-8,kernel_mul_mv_id_q4_0_f32_8x_flat,18.108601,11264x1x768,64x1x1,1408x6x128x1
ffn_moe_weighted-8,kernel_swiglu,0.170900,393216x1x1,512x1x1,1408x6x128x1
ffn_moe_down-8,kernel_mul_mv_id_q4_0_f32_8x_flat,19.647200,16384x1x768,64x1x1,2048x6x128x1
node_544,kernel_mul,0.200100,384x128x1,64x1x1,2048x6x128x1
ffn_gate-8,kernel_transpose_32_16,0.019500,512x32x0,1x16x0,2816x128x1x1
ffn_gate-8,kernel_mul_mat_Ab_Bi_8x4,0.608500,16x704x1,1x128x1,2816x128x1x1
ffn_up-8,kernel_transpose_32_16,0.020000,512x32x0,1x16x0,2816x128x1x1
ffn_up-8,kernel_mul_mat_Ab_Bi_8x4,0.608400,16x704x1,1x128x1,2816x128x1x1
ffn_swiglu-8,kernel_swiglu,0.046300,65536x1x1,512x1x1,2816x128x1x1
node_554,kernel_add,0.045300,8192x1x1,64x1x1,2048x128x1x1
node_555,kernel_add,0.034100,8192x1x1,64x1x1,2048x128x1x1
node_556,kernel_add,0.033400,8192x1x1,64x1x1,2048x128x1x1
node_557,kernel_add,0.031200,8192x1x1,64x1x1,2048x128x1x1
ffn_moe_out-8,kernel_add,0.034500,8192x1x1,64x1x1,2048x128x1x1
ffn_shexp-8,kernel_transpose_32_16,0.031200,704x32x0,1x16x0,2048x128x1x1
ffn_shexp-8,kernel_mul_mat_Ab_Bi_8x4,0.704900,16x512x1,1x128x1,2048x128x1x1
ffn_out-8,kernel_add,0.032600,8192x1x1,64x1x1,2048x128x1x1
l_out-8,kernel_add,0.035200,8192x1x1,64x1x1,2048x128x1x1
attn_norm-9,kernel_rms_norm_mul,0.033900,131072x1x1,1024x1x1,2048x128x1x1
q-9,kernel_transpose_32_16,0.016700,512x32x0,1x16x0,3072x128x1x1
q-9,kernel_mul_mat_Ab_Bi_8x4,0.637600,16x768x1,1x128x1,3072x128x1x1
q_pe-9,kernel_rope_norm_f32,0.019400,1024x128x1,64x1x1,64x16x128x1
Qcur-9,kernel_concat_f32_non_contiguous,0.352900,16x128x1,0x0x0,192x16x128x1
kv_cmpr_pe-9,kernel_transpose_32_16,0.020500,512x32x0,1x16x0,576x128x1x1
kv_cmpr_pe-9,kernel_mul_mat_Ab_Bi_8x4,0.313600,16x144x1,1x128x1,576x128x1x1
k_pe-9,kernel_rope_norm_f32,0.003300,64x128x1,64x1x1,64x1x128x1
node_572,kernel_repeat,0.289300,16x128x1,0x0x0,64x16x128x1
kv_cmpr-9,kernel_rms_norm_mul,0.015800,65536x1x1,512x1x1,512x128x1x1
kv-9,kernel_transpose_32_16,0.005600,128x32x0,1x16x0,4096x128x1x1
kv-9,kernel_mul_mat_Ab_Bi_8x4,0.225700,16x1024x1,1x128x1,4096x128x1x1
Kcur-9,kernel_concat_f32_non_contiguous,0.609200,16x128x1,0x0x0,192x16x128x1
Vcur_cont-9,kernel_cpy_f32_f32,0.024100,1024x128x1,64x1x1,128x16x128x1
cache_k_l9 (view),kernel_set_rows_f16_i64,0.031300,131072x1x1,1024x1x1,3072x4096x1x1
cache_v_l9 (view),kernel_set_rows_f16_i64,0.021700,131072x1x1,1024x1x1,2048x4096x1x1
__fattn__-9,flash_attn_f32_f16,9.489700,128x16x0,16x1x0,128x16x128x1
node_593,kernel_transpose_32_16,0.016300,512x32x0,1x16x0,2048x128x1x1
node_593,kernel_mul_mat_Ab_Bi_8x4,0.507800,16x512x1,1x128x1,2048x128x1x1
ffn_inp-9,kernel_add,0.033500,8192x1x1,64x1x1,2048x128x1x1
ffn_norm-9,kernel_rms_norm_mul,0.034900,131072x1x1,1024x1x1,2048x128x1x1
ffn_moe_logits-9,kernel_mul_mm_f32_f32_l4_lm,0.513900,128x2x1,128x1x1,64x128x1x1
ffn_moe_probs-9,kernel_soft_max_4,0.004400,8192x1x1,64x1x1,64x128x1x1
ffn_moe_argsort-9,kernel_argsort_f32_i32,0.025100,64x128x1,64x1x1,64x128x1x1
ffn_moe_weights-9,kernel_get_rows_f32,0.006200,384x128x1,64x1x1,1x6x128x1
ffn_moe_weights_scaled-9,kernel_scale,0.001900,192x1x1,64x1x1,1x6x128x1
ffn_moe_gate-9,kernel_mul_mv_id_q4_0_f32_8x_flat,18.186701,11264x1x768,64x1x1,1408x6x128x1
ffn_moe_up-9,kernel_mul_mv_id_q4_0_f32_8x_flat,18.180201,11264x1x768,64x1x1,1408x6x128x1
ffn_moe_weighted-9,kernel_swiglu,0.169900,393216x1x1,512x1x1,1408x6x128x1
ffn_moe_down-9,kernel_mul_mv_id_q4_0_f32_8x_flat,19.608400,16384x1x768,64x1x1,2048x6x128x1
node_609,kernel_mul,0.197900,384x128x1,64x1x1,2048x6x128x1
ffn_gate-9,kernel_transpose_32_16,0.023800,512x32x0,1x16x0,2816x128x1x1
ffn_gate-9,kernel_mul_mat_Ab_Bi_8x4,0.608900,16x704x1,1x128x1,2816x128x1x1
ffn_up-9,kernel_transpose_32_16,0.020000,512x32x0,1x16x0,2816x128x1x1
ffn_up-9,kernel_mul_mat_Ab_Bi_8x4,0.606900,16x704x1,1x128x1,2816x128x1x1
ffn_swiglu-9,kernel_swiglu,0.045200,65536x1x1,512x1x1,2816x128x1x1
node_619,kernel_add,0.047500,8192x1x1,64x1x1,2048x128x1x1
node_620,kernel_add,0.037000,8192x1x1,64x1x1,2048x128x1x1
node_621,kernel_add,0.037300,8192x1x1,64x1x1,2048x128x1x1
node_622,kernel_add,0.038600,8192x1x1,64x1x1,2048x128x1x1
ffn_moe_out-9,kernel_add,0.037100,8192x1x1,64x1x1,2048x128x1x1
ffn_shexp-9,kernel_transpose_32_16,0.032300,704x32x0,1x16x0,2048x128x1x1
ffn_shexp-9,kernel_mul_mat_Ab_Bi_8x4,0.707200,16x512x1,1x128x1,2048x128x1x1
ffn_out-9,kernel_add,0.035600,8192x1x1,64x1x1,2048x128x1x1
l_out-9,kernel_add,0.038600,8192x1x1,64x1x1,2048x128x1x1
attn_norm-10,kernel_rms_norm_mul,0.034400,131072x1x1,1024x1x1,2048x128x1x1
q-10,kernel_transpose_32_16,0.017500,512x32x0,1x16x0,3072x128x1x1
q-10,kernel_mul_mat_Ab_Bi_8x4,0.635800,16x768x1,1x128x1,3072x128x1x1
q_pe-10,kernel_rope_norm_f32,0.019600,1024x128x1,64x1x1,64x16x128x1
Qcur-10,kernel_concat_f32_non_contiguous,0.354600,16x128x1,0x0x0,192x16x128x1
kv_cmpr_pe-10,kernel_transpose_32_16,0.018500,512x32x0,1x16x0,576x128x1x1
kv_cmpr_pe-10,kernel_mul_mat_Ab_Bi_8x4,0.315200,16x144x1,1x128x1,576x128x1x1
k_pe-10,kernel_rope_norm_f32,0.003400,64x128x1,64x1x1,64x1x128x1
node_637,kernel_repeat,0.288000,16x128x1,0x0x0,64x16x128x1
kv_cmpr-10,kernel_rms_norm_mul,0.016000,65536x1x1,512x1x1,512x128x1x1
kv-10,kernel_transpose_32_16,0.006100,128x32x0,1x16x0,4096x128x1x1
kv-10,kernel_mul_mat_Ab_Bi_8x4,0.227200,16x1024x1,1x128x1,4096x128x1x1
Kcur-10,kernel_concat_f32_non_contiguous,0.627100,16x128x1,0x0x0,192x16x128x1
Vcur_cont-10,kernel_cpy_f32_f32,0.019400,1024x128x1,64x1x1,128x16x128x1
cache_k_l10 (view),kernel_set_rows_f16_i64,0.030200,131072x1x1,1024x1x1,3072x4096x1x1
cache_v_l10 (view),kernel_set_rows_f16_i64,0.021500,131072x1x1,1024x1x1,2048x4096x1x1
__fattn__-10,flash_attn_f32_f16,9.534300,128x16x0,16x1x0,128x16x128x1
node_658,kernel_transpose_32_16,0.016300,512x32x0,1x16x0,2048x128x1x1
node_658,kernel_mul_mat_Ab_Bi_8x4,0.512100,16x512x1,1x128x1,2048x128x1x1
ffn_inp-10,kernel_add,0.033900,8192x1x1,64x1x1,2048x128x1x1
ffn_norm-10,kernel_rms_norm_mul,0.034200,131072x1x1,1024x1x1,2048x128x1x1
ffn_moe_logits-10,kernel_mul_mm_f32_f32_l4_lm,0.504500,128x2x1,128x1x1,64x128x1x1
ffn_moe_probs-10,kernel_soft_max_4,0.004600,8192x1x1,64x1x1,64x128x1x1
ffn_moe_argsort-10,kernel_argsort_f32_i32,0.024900,64x128x1,64x1x1,64x128x1x1
ffn_moe_weights-10,kernel_get_rows_f32,0.006400,384x128x1,64x1x1,1x6x128x1
ffn_moe_weights_scaled-10,kernel_scale,0.001900,192x1x1,64x1x1,1x6x128x1
ffn_moe_gate-10,kernel_mul_mv_id_q4_0_f32_8x_flat,18.094900,11264x1x768,64x1x1,1408x6x128x1
ffn_moe_up-10,kernel_mul_mv_id_q4_0_f32_8x_flat,18.297001,11264x1x768,64x1x1,1408x6x128x1
ffn_moe_weighted-10,kernel_swiglu,0.169800,393216x1x1,512x1x1,1408x6x128x1
ffn_moe_down-10,kernel_mul_mv_id_q4_0_f32_8x_flat,19.652300,16384x1x768,64x1x1,2048x6x128x1
node_674,kernel_mul,0.197900,384x128x1,64x1x1,2048x6x128x1
ffn_gate-10,kernel_transpose_32_16,0.025000,512x32x0,1x16x0,2816x128x1x1
ffn_gate-10,kernel_mul_mat_Ab_Bi_8x4,0.609000,16x704x1,1x128x1,2816x128x1x1
ffn_up-10,kernel_transpose_32_16,0.019300,512x32x0,1x16x0,2816x128x1x1
ffn_up-10,kernel_mul_mat_Ab_Bi_8x4,0.616900,16x704x1,1x128x1,2816x128x1x1
ffn_swiglu-10,kernel_swiglu,0.052000,65536x1x1,512x1x1,2816x128x1x1
node_684,kernel_add,0.045800,8192x1x1,64x1x1,2048x128x1x1
node_685,kernel_add,0.031500,8192x1x1,64x1x1,2048x128x1x1
node_686,kernel_add,0.034000,8192x1x1,64x1x1,2048x128x1x1
node_687,kernel_add,0.034100,8192x1x1,64x1x1,2048x128x1x1
ffn_moe_out-10,kernel_add,0.033500,8192x1x1,64x1x1,2048x128x1x1
ffn_shexp-10,kernel_transpose_32_16,0.031900,704x32x0,1x16x0,2048x128x1x1
ffn_shexp-10,kernel_mul_mat_Ab_Bi_8x4,0.703100,16x512x1,1x128x1,2048x128x1x1
ffn_out-10,kernel_add,0.032100,8192x1x1,64x1x1,2048x128x1x1
l_out-10,kernel_add,0.035800,8192x1x1,64x1x1,2048x128x1x1
attn_norm-11,kernel_rms_norm_mul,0.033600,131072x1x1,1024x1x1,2048x128x1x1
q-11,kernel_transpose_32_16,0.017200,512x32x0,1x16x0,3072x128x1x1
q-11,kernel_mul_mat_Ab_Bi_8x4,0.635900,16x768x1,1x128x1,3072x128x1x1
q_pe-11,kernel_rope_norm_f32,0.019400,1024x128x1,64x1x1,64x16x128x1
Qcur-11,kernel_concat_f32_non_contiguous,0.351800,16x128x1,0x0x0,192x16x128x1
kv_cmpr_pe-11,kernel_transpose_32_16,0.021400,512x32x0,1x16x0,576x128x1x1
kv_cmpr_pe-11,kernel_mul_mat_Ab_Bi_8x4,0.314200,16x144x1,1x128x1,576x128x1x1
k_pe-11,kernel_rope_norm_f32,0.003400,64x128x1,64x1x1,64x1x128x1
node_702,kernel_repeat,0.283800,16x128x1,0x0x0,64x16x128x1
kv_cmpr-11,kernel_rms_norm_mul,0.015500,65536x1x1,512x1x1,512x128x1x1
kv-11,kernel_transpose_32_16,0.006200,128x32x0,1x16x0,4096x128x1x1
kv-11,kernel_mul_mat_Ab_Bi_8x4,0.224000,16x1024x1,1x128x1,4096x128x1x1
Kcur-11,kernel_concat_f32_non_contiguous,0.584700,16x128x1,0x0x0,192x16x128x1
Vcur_cont-11,kernel_cpy_f32_f32,0.024200,1024x128x1,64x1x1,128x16x128x1
cache_k_l11 (view),kernel_set_rows_f16_i64,0.031500,131072x1x1,1024x1x1,3072x4096x1x1
cache_v_l11 (view),kernel_set_rows_f16_i64,0.021700,131072x1x1,1024x1x1,2048x4096x1x1
__fattn__-11,flash_attn_f32_f16,9.474800,128x16x0,16x1x0,128x16x128x1
node_723,kernel_transpose_32_16,0.016000,512x32x0,1x16x0,2048x128x1x1
node_723,kernel_mul_mat_Ab_Bi_8x4,0.513100,16x512x1,1x128x1,2048x128x1x1
ffn_inp-11,kernel_add,0.032300,8192x1x1,64x1x1,2048x128x1x1
ffn_norm-11,kernel_rms_norm_mul,0.033900,131072x1x1,1024x1x1,2048x128x1x1
ffn_moe_logits-11,kernel_mul_mm_f32_f32_l4_lm,0.519800,128x2x1,128x1x1,64x128x1x1
ffn_moe_probs-11,kernel_soft_max_4,0.004400,8192x1x1,64x1x1,64x128x1x1
ffn_moe_argsort-11,kernel_argsort_f32_i32,0.024900,64x128x1,64x1x1,64x128x1x1
ffn_moe_weights-11,kernel_get_rows_f32,0.006500,384x128x1,64x1x1,1x6x128x1
ffn_moe_weights_scaled-11,kernel_scale,0.001800,192x1x1,64x1x1,1x6x128x1
ffn_moe_gate-11,kernel_mul_mv_id_q4_0_f32_8x_flat,18.762501,11264x1x768,64x1x1,1408x6x128x1
ffn_moe_up-11,kernel_mul_mv_id_q4_0_f32_8x_flat,18.659901,11264x1x768,64x1x1,1408x6x128x1
ffn_moe_weighted-11,kernel_swiglu,0.171200,393216x1x1,512x1x1,1408x6x128x1
ffn_moe_down-11,kernel_mul_mv_id_q4_0_f32_8x_flat,19.679600,16384x1x768,64x1x1,2048x6x128x1
node_739,kernel_mul,0.198800,384x128x1,64x1x1,2048x6x128x1
ffn_gate-11,kernel_transpose_32_16,0.023800,512x32x0,1x16x0,2816x128x1x1
ffn_gate-11,kernel_mul_mat_Ab_Bi_8x4,0.609000,16x704x1,1x128x1,2816x128x1x1
ffn_up-11,kernel_transpose_32_16,0.019100,512x32x0,1x16x0,2816x128x1x1
ffn_up-11,kernel_mul_mat_Ab_Bi_8x4,0.609400,16x704x1,1x128x1,2816x128x1x1
ffn_swiglu-11,kernel_swiglu,0.044900,65536x1x1,512x1x1,2816x128x1x1
node_749,kernel_add,0.045800,8192x1x1,64x1x1,2048x128x1x1
node_750,kernel_add,0.038000,8192x1x1,64x1x1,2048x128x1x1
node_751,kernel_add,0.036500,8192x1x1,64x1x1,2048x128x1x1
node_752,kernel_add,0.037900,8192x1x1,64x1x1,2048x128x1x1
ffn_moe_out-11,kernel_add,0.031400,8192x1x1,64x1x1,2048x128x1x1
ffn_shexp-11,kernel_transpose_32_16,0.032300,704x32x0,1x16x0,2048x128x1x1
ffn_shexp-11,kernel_mul_mat_Ab_Bi_8x4,0.703400,16x512x1,1x128x1,2048x128x1x1
ffn_out-11,kernel_add,0.034500,8192x1x1,64x1x1,2048x128x1x1
l_out-11,kernel_add,0.037300,8192x1x1,64x1x1,2048x128x1x1
attn_norm-12,kernel_rms_norm_mul,0.033800,131072x1x1,1024x1x1,2048x128x1x1
q-12,kernel_transpose_32_16,0.017300,512x32x0,1x16x0,3072x128x1x1
q-12,kernel_mul_mat_Ab_Bi_8x4,0.635700,16x768x1,1x128x1,3072x128x1x1
q_pe-12,kernel_rope_norm_f32,0.016200,1024x128x1,64x1x1,64x16x128x1
Qcur-12,kernel_concat_f32_non_contiguous,0.350700,16x128x1,0x0x0,192x16x128x1
kv_cmpr_pe-12,kernel_transpose_32_16,0.022100,512x32x0,1x16x0,576x128x1x1
kv_cmpr_pe-12,kernel_mul_mat_Ab_Bi_8x4,0.315900,16x144x1,1x128x1,576x128x1x1
k_pe-12,kernel_rope_norm_f32,0.003200,64x128x1,64x1x1,64x1x128x1
node_767,kernel_repeat,0.288200,16x128x1,0x0x0,64x16x128x1
kv_cmpr-12,kernel_rms_norm_mul,0.016200,65536x1x1,512x1x1,512x128x1x1
kv-12,kernel_transpose_32_16,0.006100,128x32x0,1x16x0,4096x128x1x1
kv-12,kernel_mul_mat_Ab_Bi_8x4,0.225800,16x1024x1,1x128x1,4096x128x1x1
Kcur-12,kernel_concat_f32_non_contiguous,0.607400,16x128x1,0x0x0,192x16x128x1
Vcur_cont-12,kernel_cpy_f32_f32,0.023400,1024x128x1,64x1x1,128x16x128x1
cache_k_l12 (view),kernel_set_rows_f16_i64,0.029700,131072x1x1,1024x1x1,3072x4096x1x1
cache_v_l12 (view),kernel_set_rows_f16_i64,0.021600,131072x1x1,1024x1x1,2048x4096x1x1
__fattn__-12,flash_attn_f32_f16,9.547900,128x16x0,16x1x0,128x16x128x1
node_788,kernel_transpose_32_16,0.016600,512x32x0,1x16x0,2048x128x1x1
node_788,kernel_mul_mat_Ab_Bi_8x4,0.510700,16x512x1,1x128x1,2048x128x1x1
ffn_inp-12,kernel_add,0.031900,8192x1x1,64x1x1,2048x128x1x1
ffn_norm-12,kernel_rms_norm_mul,0.034500,131072x1x1,1024x1x1,2048x128x1x1
ffn_moe_logits-12,kernel_mul_mm_f32_f32_l4_lm,0.503100,128x2x1,128x1x1,64x128x1x1
ffn_moe_probs-12,kernel_soft_max_4,0.004400,8192x1x1,64x1x1,64x128x1x1
ffn_moe_argsort-12,kernel_argsort_f32_i32,0.025100,64x128x1,64x1x1,64x128x1x1
ffn_moe_weights-12,kernel_get_rows_f32,0.006200,384x128x1,64x1x1,1x6x128x1
ffn_moe_weights_scaled-12,kernel_scale,0.001900,192x1x1,64x1x1,1x6x128x1
ffn_moe_gate-12,kernel_mul_mv_id_q4_0_f32_8x_flat,18.295500,11264x1x768,64x1x1,1408x6x128x1
ffn_moe_up-12,kernel_mul_mv_id_q4_0_f32_8x_flat,18.332701,11264x1x768,64x1x1,1408x6x128x1
ffn_moe_weighted-12,kernel_swiglu,0.171200,393216x1x1,512x1x1,1408x6x128x1
ffn_moe_down-12,kernel_mul_mv_id_q4_0_f32_8x_flat,19.704300,16384x1x768,64x1x1,2048x6x128x1
node_804,kernel_mul,0.199800,384x128x1,64x1x1,2048x6x128x1
ffn_gate-12,kernel_transpose_32_16,0.023600,512x32x0,1x16x0,2816x128x1x1
ffn_gate-12,kernel_mul_mat_Ab_Bi_8x4,0.608600,16x704x1,1x128x1,2816x128x1x1
ffn_up-12,kernel_transpose_32_16,0.019900,512x32x0,1x16x0,2816x128x1x1
ffn_up-12,kernel_mul_mat_Ab_Bi_8x4,0.611900,16x704x1,1x128x1,2816x128x1x1
ffn_swiglu-12,kernel_swiglu,0.042900,65536x1x1,512x1x1,2816x128x1x1
node_814,kernel_add,0.048000,8192x1x1,64x1x1,2048x128x1x1
node_815,kernel_add,0.034200,8192x1x1,64x1x1,2048x128x1x1
node_816,kernel_add,0.034500,8192x1x1,64x1x1,2048x128x1x1
node_817,kernel_add,0.033600,8192x1x1,64x1x1,2048x128x1x1
ffn_moe_out-12,kernel_add,0.034900,8192x1x1,64x1x1,2048x128x1x1
ffn_shexp-12,kernel_transpose_32_16,0.032900,704x32x0,1x16x0,2048x128x1x1
ffn_shexp-12,kernel_mul_mat_Ab_Bi_8x4,0.703600,16x512x1,1x128x1,2048x128x1x1
ffn_out-12,kernel_add,0.030400,8192x1x1,64x1x1,2048x128x1x1
l_out-12,kernel_add,0.035700,8192x1x1,64x1x1,2048x128x1x1
attn_norm-13,kernel_rms_norm_mul,0.034100,131072x1x1,1024x1x1,2048x128x1x1
q-13,kernel_transpose_32_16,0.017600,512x32x0,1x16x0,3072x128x1x1
q-13,kernel_mul_mat_Ab_Bi_8x4,0.634700,16x768x1,1x128x1,3072x128x1x1
q_pe-13,kernel_rope_norm_f32,0.019500,1024x128x1,64x1x1,64x16x128x1
Qcur-13,kernel_concat_f32_non_contiguous,0.351400,16x128x1,0x0x0,192x16x128x1
kv_cmpr_pe-13,kernel_transpose_32_16,0.022100,512x32x0,1x16x0,576x128x1x1
kv_cmpr_pe-13,kernel_mul_mat_Ab_Bi_8x4,0.313800,16x144x1,1x128x1,576x128x1x1
k_pe-13,kernel_rope_norm_f32,0.003400,64x128x1,64x1x1,64x1x128x1
node_832,kernel_repeat,0.286100,16x128x1,0x0x0,64x16x128x1
kv_cmpr-13,kernel_rms_norm_mul,0.015700,65536x1x1,512x1x1,512x128x1x1
kv-13,kernel_transpose_32_16,0.006100,128x32x0,1x16x0,4096x128x1x1
kv-13,kernel_mul_mat_Ab_Bi_8x4,0.232000,16x1024x1,1x128x1,4096x128x1x1
Kcur-13,kernel_concat_f32_non_contiguous,0.588400,16x128x1,0x0x0,192x16x128x1
Vcur_cont-13,kernel_cpy_f32_f32,0.023700,1024x128x1,64x1x1,128x16x128x1
cache_k_l13 (view),kernel_set_rows_f16_i64,0.028000,131072x1x1,1024x1x1,3072x4096x1x1
cache_v_l13 (view),kernel_set_rows_f16_i64,0.022400,131072x1x1,1024x1x1,2048x4096x1x1
__fattn__-13,flash_attn_f32_f16,9.526600,128x16x0,16x1x0,128x16x128x1
node_853,kernel_transpose_32_16,0.016200,512x32x0,1x16x0,2048x128x1x1
node_853,kernel_mul_mat_Ab_Bi_8x4,0.509500,16x512x1,1x128x1,2048x128x1x1
ffn_inp-13,kernel_add,0.032800,8192x1x1,64x1x1,2048x128x1x1
ffn_norm-13,kernel_rms_norm_mul,0.034200,131072x1x1,1024x1x1,2048x128x1x1
ffn_moe_logits-13,kernel_mul_mm_f32_f32_l4_lm,0.512600,128x2x1,128x1x1,64x128x1x1
ffn_moe_probs-13,kernel_soft_max_4,0.004800,8192x1x1,64x1x1,64x128x1x1
ffn_moe_argsort-13,kernel_argsort_f32_i32,0.025100,64x128x1,64x1x1,64x128x1x1
ffn_moe_weights-13,kernel_get_rows_f32,0.006400,384x128x1,64x1x1,1x6x128x1
ffn_moe_weights_scaled-13,kernel_scale,0.001800,192x1x1,64x1x1,1x6x128x1
ffn_moe_gate-13,kernel_mul_mv_id_q4_0_f32_8x_flat,18.277201,11264x1x768,64x1x1,1408x6x128x1
ffn_moe_up-13,kernel_mul_mv_id_q4_0_f32_8x_flat,18.383600,11264x1x768,64x1x1,1408x6x128x1
ffn_moe_weighted-13,kernel_swiglu,0.170800,393216x1x1,512x1x1,1408x6x128x1
ffn_moe_down-13,kernel_mul_mv_id_q4_0_f32_8x_flat,19.677200,16384x1x768,64x1x1,2048x6x128x1
node_869,kernel_mul,0.198700,384x128x1,64x1x1,2048x6x128x1
ffn_gate-13,kernel_transpose_32_16,0.024400,512x32x0,1x16x0,2816x128x1x1
ffn_gate-13,kernel_mul_mat_Ab_Bi_8x4,0.608100,16x704x1,1x128x1,2816x128x1x1
ffn_up-13,kernel_transpose_32_16,0.019700,512x32x0,1x16x0,2816x128x1x1
ffn_up-13,kernel_mul_mat_Ab_Bi_8x4,0.613000,16x704x1,1x128x1,2816x128x1x1
ffn_swiglu-13,kernel_swiglu,0.045100,65536x1x1,512x1x1,2816x128x1x1
node_879,kernel_add,0.047900,8192x1x1,64x1x1,2048x128x1x1
node_880,kernel_add,0.036800,8192x1x1,64x1x1,2048x128x1x1
node_881,kernel_add,0.032700,8192x1x1,64x1x1,2048x128x1x1
node_882,kernel_add,0.037500,8192x1x1,64x1x1,2048x128x1x1
ffn_moe_out-13,kernel_add,0.038800,8192x1x1,64x1x1,2048x128x1x1
ffn_shexp-13,kernel_transpose_32_16,0.032300,704x32x0,1x16x0,2048x128x1x1
ffn_shexp-13,kernel_mul_mat_Ab_Bi_8x4,0.704800,16x512x1,1x128x1,2048x128x1x1
ffn_out-13,kernel_add,0.034100,8192x1x1,64x1x1,2048x128x1x1
l_out-13,kernel_add,0.038100,8192x1x1,64x1x1,2048x128x1x1
attn_norm-14,kernel_rms_norm_mul,0.033700,131072x1x1,1024x1x1,2048x128x1x1
q-14,kernel_transpose_32_16,0.015300,512x32x0,1x16x0,3072x128x1x1
q-14,kernel_mul_mat_Ab_Bi_8x4,0.636200,16x768x1,1x128x1,3072x128x1x1
q_pe-14,kernel_rope_norm_f32,0.019200,1024x128x1,64x1x1,64x16x128x1
Qcur-14,kernel_concat_f32_non_contiguous,0.350700,16x128x1,0x0x0,192x16x128x1
kv_cmpr_pe-14,kernel_transpose_32_16,0.021100,512x32x0,1x16x0,576x128x1x1
kv_cmpr_pe-14,kernel_mul_mat_Ab_Bi_8x4,0.316200,16x144x1,1x128x1,576x128x1x1
k_pe-14,kernel_rope_norm_f32,0.003300,64x128x1,64x1x1,64x1x128x1
node_897,kernel_repeat,0.287700,16x128x1,0x0x0,64x16x128x1
kv_cmpr-14,kernel_rms_norm_mul,0.016200,65536x1x1,512x1x1,512x128x1x1
kv-14,kernel_transpose_32_16,0.005400,128x32x0,1x16x0,4096x128x1x1
kv-14,kernel_mul_mat_Ab_Bi_8x4,0.226000,16x1024x1,1x128x1,4096x128x1x1
Kcur-14,kernel_concat_f32_non_contiguous,0.499600,16x128x1,0x0x0,192x16x128x1
Vcur_cont-14,kernel_cpy_f32_f32,0.023300,1024x128x1,64x1x1,128x16x128x1
cache_k_l14 (view),kernel_set_rows_f16_i64,0.029900,131072x1x1,1024x1x1,3072x4096x1x1
cache_v_l14 (view),kernel_set_rows_f16_i64,0.021300,131072x1x1,1024x1x1,2048x4096x1x1
__fattn__-14,flash_attn_f32_f16,9.488300,128x16x0,16x1x0,128x16x128x1
node_918,kernel_transpose_32_16,0.015600,512x32x0,1x16x0,2048x128x1x1
node_918,kernel_mul_mat_Ab_Bi_8x4,0.512000,16x512x1,1x128x1,2048x128x1x1
ffn_inp-14,kernel_add,0.033600,8192x1x1,64x1x1,2048x128x1x1
ffn_norm-14,kernel_rms_norm_mul,0.034000,131072x1x1,1024x1x1,2048x128x1x1
ffn_moe_logits-14,kernel_mul_mm_f32_f32_l4_lm,0.514300,128x2x1,128x1x1,64x128x1x1
ffn_moe_probs-14,kernel_soft_max_4,0.004400,8192x1x1,64x1x1,64x128x1x1
ffn_moe_argsort-14,kernel_argsort_f32_i32,0.025300,64x128x1,64x1x1,64x128x1x1
ffn_moe_weights-14,kernel_get_rows_f32,0.006100,384x128x1,64x1x1,1x6x128x1
ffn_moe_weights_scaled-14,kernel_scale,0.002100,192x1x1,64x1x1,1x6x128x1
ffn_moe_gate-14,kernel_mul_mv_id_q4_0_f32_8x_flat,18.283199,11264x1x768,64x1x1,1408x6x128x1
ffn_moe_up-14,kernel_mul_mv_id_q4_0_f32_8x_flat,18.396200,11264x1x768,64x1x1,1408x6x128x1
ffn_moe_weighted-14,kernel_swiglu,0.171400,393216x1x1,512x1x1,1408x6x128x1
ffn_moe_down-14,kernel_mul_mv_id_q4_0_f32_8x_flat,19.736099,16384x1x768,64x1x1,2048x6x128x1
node_934,kernel_mul,0.198300,384x128x1,64x1x1,2048x6x128x1
ffn_gate-14,kernel_transpose_32_16,0.023200,512x32x0,1x16x0,2816x128x1x1
ffn_gate-14,kernel_mul_mat_Ab_Bi_8x4,0.608700,16x704x1,1x128x1,2816x128x1x1
ffn_up-14,kernel_transpose_32_16,0.016800,512x32x0,1x16x0,2816x128x1x1
ffn_up-14,kernel_mul_mat_Ab_Bi_8x4,0.611100,16x704x1,1x128x1,2816x128x1x1
ffn_swiglu-14,kernel_swiglu,0.045900,65536x1x1,512x1x1,2816x128x1x1
node_944,kernel_add,0.045600,8192x1x1,64x1x1,2048x128x1x1
node_945,kernel_add,0.034500,8192x1x1,64x1x1,2048x128x1x1
node_946,kernel_add,0.034700,8192x1x1,64x1x1,2048x128x1x1
node_947,kernel_add,0.034100,8192x1x1,64x1x1,2048x128x1x1
ffn_moe_out-14,kernel_add,0.034900,8192x1x1,64x1x1,2048x128x1x1
ffn_shexp-14,kernel_transpose_32_16,0.026300,704x32x0,1x16x0,2048x128x1x1
ffn_shexp-14,kernel_mul_mat_Ab_Bi_8x4,0.702400,16x512x1,1x128x1,2048x128x1x1
ffn_out-14,kernel_add,0.032300,8192x1x1,64x1x1,2048x128x1x1
l_out-14,kernel_add,0.036200,8192x1x1,64x1x1,2048x128x1x1
attn_norm-15,kernel_rms_norm_mul,0.034100,131072x1x1,1024x1x1,2048x128x1x1
q-15,kernel_transpose_32_16,0.017900,512x32x0,1x16x0,3072x128x1x1
q-15,kernel_mul_mat_Ab_Bi_8x4,0.637200,16x768x1,1x128x1,3072x128x1x1
q_pe-15,kernel_rope_norm_f32,0.019000,1024x128x1,64x1x1,64x16x128x1
Qcur-15,kernel_concat_f32_non_contiguous,0.347000,16x128x1,0x0x0,192x16x128x1
kv_cmpr_pe-15,kernel_transpose_32_16,0.021300,512x32x0,1x16x0,576x128x1x1
kv_cmpr_pe-15,kernel_mul_mat_Ab_Bi_8x4,0.316500,16x144x1,1x128x1,576x128x1x1
k_pe-15,kernel_rope_norm_f32,0.003300,64x128x1,64x1x1,64x1x128x1
node_962,kernel_repeat,0.288100,16x128x1,0x0x0,64x16x128x1
kv_cmpr-15,kernel_rms_norm_mul,0.015700,65536x1x1,512x1x1,512x128x1x1
kv-15,kernel_transpose_32_16,0.006300,128x32x0,1x16x0,4096x128x1x1
kv-15,kernel_mul_mat_Ab_Bi_8x4,0.229900,16x1024x1,1x128x1,4096x128x1x1
Kcur-15,kernel_concat_f32_non_contiguous,0.599600,16x128x1,0x0x0,192x16x128x1
Vcur_cont-15,kernel_cpy_f32_f32,0.023300,1024x128x1,64x1x1,128x16x128x1
cache_k_l15 (view),kernel_set_rows_f16_i64,0.030900,131072x1x1,1024x1x1,3072x4096x1x1
cache_v_l15 (view),kernel_set_rows_f16_i64,0.022300,131072x1x1,1024x1x1,2048x4096x1x1
__fattn__-15,flash_attn_f32_f16,9.555900,128x16x0,16x1x0,128x16x128x1
node_983,kernel_transpose_32_16,0.016200,512x32x0,1x16x0,2048x128x1x1
node_983,kernel_mul_mat_Ab_Bi_8x4,0.511200,16x512x1,1x128x1,2048x128x1x1
ffn_inp-15,kernel_add,0.032600,8192x1x1,64x1x1,2048x128x1x1
ffn_norm-15,kernel_rms_norm_mul,0.033800,131072x1x1,1024x1x1,2048x128x1x1
ffn_moe_logits-15,kernel_mul_mm_f32_f32_l4_lm,0.509800,128x2x1,128x1x1,64x128x1x1
ffn_moe_probs-15,kernel_soft_max_4,0.004400,8192x1x1,64x1x1,64x128x1x1
ffn_moe_argsort-15,kernel_argsort_f32_i32,0.025200,64x128x1,64x1x1,64x128x1x1
ffn_moe_weights-15,kernel_get_rows_f32,0.006300,384x128x1,64x1x1,1x6x128x1
ffn_moe_weights_scaled-15,kernel_scale,0.002000,192x1x1,64x1x1,1x6x128x1
ffn_moe_gate-15,kernel_mul_mv_id_q4_0_f32_8x_flat,18.419001,11264x1x768,64x1x1,1408x6x128x1
ffn_moe_up-15,kernel_mul_mv_id_q4_0_f32_8x_flat,18.450500,11264x1x768,64x1x1,1408x6x128x1
ffn_moe_weighted-15,kernel_swiglu,0.172800,393216x1x1,512x1x1,1408x6x128x1
ffn_moe_down-15,kernel_mul_mv_id_q4_0_f32_8x_flat,19.721701,16384x1x768,64x1x1,2048x6x128x1
node_999,kernel_mul,0.200900,384x128x1,64x1x1,2048x6x128x1
ffn_gate-15,kernel_transpose_32_16,0.023600,512x32x0,1x16x0,2816x128x1x1
ffn_gate-15,kernel_mul_mat_Ab_Bi_8x4,0.609600,16x704x1,1x128x1,2816x128x1x1
ffn_up-15,kernel_transpose_32_16,0.020500,512x32x0,1x16x0,2816x128x1x1
ffn_up-15,kernel_mul_mat_Ab_Bi_8x4,0.612400,16x704x1,1x128x1,2816x128x1x1
ffn_swiglu-15,kernel_swiglu,0.044600,65536x1x1,512x1x1,2816x128x1x1
node_1009,kernel_add,0.041800,8192x1x1,64x1x1,2048x128x1x1
node_1010,kernel_add,0.036200,8192x1x1,64x1x1,2048x128x1x1
node_1011,kernel_add,0.038800,8192x1x1,64x1x1,2048x128x1x1
node_1012,kernel_add,0.039600,8192x1x1,64x1x1,2048x128x1x1
ffn_moe_out-15,kernel_add,0.038300,8192x1x1,64x1x1,2048x128x1x1
ffn_shexp-15,kernel_transpose_32_16,0.033200,704x32x0,1x16x0,2048x128x1x1
ffn_shexp-15,kernel_mul_mat_Ab_Bi_8x4,0.705200,16x512x1,1x128x1,2048x128x1x1
ffn_out-15,kernel_add,0.033400,8192x1x1,64x1x1,2048x128x1x1
l_out-15,kernel_add,0.031600,8192x1x1,64x1x1,2048x128x1x1
attn_norm-16,kernel_rms_norm_mul,0.034200,131072x1x1,1024x1x1,2048x128x1x1
q-16,kernel_transpose_32_16,0.017300,512x32x0,1x16x0,3072x128x1x1
q-16,kernel_mul_mat_Ab_Bi_8x4,0.636600,16x768x1,1x128x1,3072x128x1x1
q_pe-16,kernel_rope_norm_f32,0.019700,1024x128x1,64x1x1,64x16x128x1
Qcur-16,kernel_concat_f32_non_contiguous,0.351500,16x128x1,0x0x0,192x16x128x1
kv_cmpr_pe-16,kernel_transpose_32_16,0.022300,512x32x0,1x16x0,576x128x1x1
kv_cmpr_pe-16,kernel_mul_mat_Ab_Bi_8x4,0.315600,16x144x1,1x128x1,576x128x1x1
k_pe-16,kernel_rope_norm_f32,0.003500,64x128x1,64x1x1,64x1x128x1
node_1027,kernel_repeat,0.285600,16x128x1,0x0x0,64x16x128x1
kv_cmpr-16,kernel_rms_norm_mul,0.015800,65536x1x1,512x1x1,512x128x1x1
kv-16,kernel_transpose_32_16,0.006100,128x32x0,1x16x0,4096x128x1x1
kv-16,kernel_mul_mat_Ab_Bi_8x4,0.228900,16x1024x1,1x128x1,4096x128x1x1
Kcur-16,kernel_concat_f32_non_contiguous,0.584400,16x128x1,0x0x0,192x16x128x1
Vcur_cont-16,kernel_cpy_f32_f32,0.023300,1024x128x1,64x1x1,128x16x128x1
cache_k_l16 (view),kernel_set_rows_f16_i64,0.030000,131072x1x1,1024x1x1,3072x4096x1x1
cache_v_l16 (view),kernel_set_rows_f16_i64,0.020400,131072x1x1,1024x1x1,2048x4096x1x1
__fattn__-16,flash_attn_f32_f16,9.492800,128x16x0,16x1x0,128x16x128x1
node_1048,kernel_transpose_32_16,0.016100,512x32x0,1x16x0,2048x128x1x1
node_1048,kernel_mul_mat_Ab_Bi_8x4,0.512900,16x512x1,1x128x1,2048x128x1x1
ffn_inp-16,kernel_add,0.033700,8192x1x1,64x1x1,2048x128x1x1
ffn_norm-16,kernel_rms_norm_mul,0.034900,131072x1x1,1024x1x1,2048x128x1x1
ffn_moe_logits-16,kernel_mul_mm_f32_f32_l4_lm,0.517600,128x2x1,128x1x1,64x128x1x1
ffn_moe_probs-16,kernel_soft_max_4,0.004500,8192x1x1,64x1x1,64x128x1x1
ffn_moe_argsort-16,kernel_argsort_f32_i32,0.025000,64x128x1,64x1x1,64x128x1x1
ffn_moe_weights-16,kernel_get_rows_f32,0.006200,384x128x1,64x1x1,1x6x128x1
ffn_moe_weights_scaled-16,kernel_scale,0.001800,192x1x1,64x1x1,1x6x128x1
ffn_moe_gate-16,kernel_mul_mv_id_q4_0_f32_8x_flat,18.320700,11264x1x768,64x1x1,1408x6x128x1
ffn_moe_up-16,kernel_mul_mv_id_q4_0_f32_8x_flat,18.302700,11264x1x768,64x1x1,1408x6x128x1
ffn_moe_weighted-16,kernel_swiglu,0.170900,393216x1x1,512x1x1,1408x6x128x1
ffn_moe_down-16,kernel_mul_mv_id_q4_0_f32_8x_flat,19.702600,16384x1x768,64x1x1,2048x6x128x1
node_1064,kernel_mul,0.200900,384x128x1,64x1x1,2048x6x128x1
ffn_gate-16,kernel_transpose_32_16,0.019000,512x32x0,1x16x0,2816x128x1x1
ffn_gate-16,kernel_mul_mat_Ab_Bi_8x4,0.608300,16x704x1,1x128x1,2816x128x1x1
ffn_up-16,kernel_transpose_32_16,0.019600,512x32x0,1x16x0,2816x128x1x1
ffn_up-16,kernel_mul_mat_Ab_Bi_8x4,0.607700,16x704x1,1x128x1,2816x128x1x1
ffn_swiglu-16,kernel_swiglu,0.046600,65536x1x1,512x1x1,2816x128x1x1
node_1074,kernel_add,0.046000,8192x1x1,64x1x1,2048x128x1x1
node_1075,kernel_add,0.034300,8192x1x1,64x1x1,2048x128x1x1
node_1076,kernel_add,0.034000,8192x1x1,64x1x1,2048x128x1x1
node_1077,kernel_add,0.032200,8192x1x1,64x1x1,2048x128x1x1
ffn_moe_out-16,kernel_add,0.033300,8192x1x1,64x1x1,2048x128x1x1
ffn_shexp-16,kernel_transpose_32_16,0.033200,704x32x0,1x16x0,2048x128x1x1
ffn_shexp-16,kernel_mul_mat_Ab_Bi_8x4,0.704200,16x512x1,1x128x1,2048x128x1x1
ffn_out-16,kernel_add,0.031700,8192x1x1,64x1x1,2048x128x1x1
l_out-16,kernel_add,0.036400,8192x1x1,64x1x1,2048x128x1x1
attn_norm-17,kernel_rms_norm_mul,0.033800,131072x1x1,1024x1x1,2048x128x1x1
q-17,kernel_transpose_32_16,0.017800,512x32x0,1x16x0,3072x128x1x1
q-17,kernel_mul_mat_Ab_Bi_8x4,0.636600,16x768x1,1x128x1,3072x128x1x1
q_pe-17,kernel_rope_norm_f32,0.018900,1024x128x1,64x1x1,64x16x128x1
Qcur-17,kernel_concat_f32_non_contiguous,0.353600,16x128x1,0x0x0,192x16x128x1
kv_cmpr_pe-17,kernel_transpose_32_16,0.021800,512x32x0,1x16x0,576x128x1x1
kv_cmpr_pe-17,kernel_mul_mat_Ab_Bi_8x4,0.315600,16x144x1,1x128x1,576x128x1x1
k_pe-17,kernel_rope_norm_f32,0.003200,64x128x1,64x1x1,64x1x128x1
node_1092,kernel_repeat,0.287200,16x128x1,0x0x0,64x16x128x1
kv_cmpr-17,kernel_rms_norm_mul,0.016100,65536x1x1,512x1x1,512x128x1x1
kv-17,kernel_transpose_32_16,0.005700,128x32x0,1x16x0,4096x128x1x1
kv-17,kernel_mul_mat_Ab_Bi_8x4,0.225400,16x1024x1,1x128x1,4096x128x1x1
Kcur-17,kernel_concat_f32_non_contiguous,0.466500,16x128x1,0x0x0,192x16x128x1
Vcur_cont-17,kernel_cpy_f32_f32,0.023400,1024x128x1,64x1x1,128x16x128x1
cache_k_l17 (view),kernel_set_rows_f16_i64,0.031200,131072x1x1,1024x1x1,3072x4096x1x1
cache_v_l17 (view),kernel_set_rows_f16_i64,0.022100,131072x1x1,1024x1x1,2048x4096x1x1
__fattn__-17,flash_attn_f32_f16,9.527300,128x16x0,16x1x0,128x16x128x1
node_1113,kernel_transpose_32_16,0.016200,512x32x0,1x16x0,2048x128x1x1
node_1113,kernel_mul_mat_Ab_Bi_8x4,0.510600,16x512x1,1x128x1,2048x128x1x1
ffn_inp-17,kernel_add,0.032400,8192x1x1,64x1x1,2048x128x1x1
ffn_norm-17,kernel_rms_norm_mul,0.034200,131072x1x1,1024x1x1,2048x128x1x1
ffn_moe_logits-17,kernel_mul_mm_f32_f32_l4_lm,0.519300,128x2x1,128x1x1,64x128x1x1
ffn_moe_probs-17,kernel_soft_max_4,0.004400,8192x1x1,64x1x1,64x128x1x1
ffn_moe_argsort-17,kernel_argsort_f32_i32,0.025600,64x128x1,64x1x1,64x128x1x1
ffn_moe_weights-17,kernel_get_rows_f32,0.006100,384x128x1,64x1x1,1x6x128x1
ffn_moe_weights_scaled-17,kernel_scale,0.001800,192x1x1,64x1x1,1x6x128x1
ffn_moe_gate-17,kernel_mul_mv_id_q4_0_f32_8x_flat,18.511499,11264x1x768,64x1x1,1408x6x128x1
ffn_moe_up-17,kernel_mul_mv_id_q4_0_f32_8x_flat,18.539400,11264x1x768,64x1x1,1408x6x128x1
ffn_moe_weighted-17,kernel_swiglu,0.171300,393216x1x1,512x1x1,1408x6x128x1
ffn_moe_down-17,kernel_mul_mv_id_q4_0_f32_8x_flat,19.834400,16384x1x768,64x1x1,2048x6x128x1
node_1129,kernel_mul,0.198400,384x128x1,64x1x1,2048x6x128x1
ffn_gate-17,kernel_transpose_32_16,0.023300,512x32x0,1x16x0,2816x128x1x1
ffn_gate-17,kernel_mul_mat_Ab_Bi_8x4,0.608700,16x704x1,1x128x1,2816x128x1x1
ffn_up-17,kernel_transpose_32_16,0.019700,512x32x0,1x16x0,2816x128x1x1
ffn_up-17,kernel_mul_mat_Ab_Bi_8x4,0.609900,16x704x1,1x128x1,2816x128x1x1
ffn_swiglu-17,kernel_swiglu,0.045600,65536x1x1,512x1x1,2816x128x1x1
node_1139,kernel_add,0.046800,8192x1x1,64x1x1,2048x128x1x1
node_1140,kernel_add,0.036900,8192x1x1,64x1x1,2048x128x1x1
node_1141,kernel_add,0.038600,8192x1x1,64x1x1,2048x128x1x1
node_1142,kernel_add,0.038000,8192x1x1,64x1x1,2048x128x1x1
ffn_moe_out-17,kernel_add,0.037700,8192x1x1,64x1x1,2048x128x1x1
ffn_shexp-17,kernel_transpose_32_16,0.032500,704x32x0,1x16x0,2048x128x1x1
ffn_shexp-17,kernel_mul_mat_Ab_Bi_8x4,0.703900,16x512x1,1x128x1,2048x128x1x1
ffn_out-17,kernel_add,0.035400,8192x1x1,64x1x1,2048x128x1x1
l_out-17,kernel_add,0.036800,8192x1x1,64x1x1,2048x128x1x1
attn_norm-18,kernel_rms_norm_mul,0.034200,131072x1x1,1024x1x1,2048x128x1x1
q-18,kernel_transpose_32_16,0.017700,512x32x0,1x16x0,3072x128x1x1
q-18,kernel_mul_mat_Ab_Bi_8x4,0.636200,16x768x1,1x128x1,3072x128x1x1
q_pe-18,kernel_rope_norm_f32,0.019500,1024x128x1,64x1x1,64x16x128x1
Qcur-18,kernel_concat_f32_non_contiguous,0.352800,16x128x1,0x0x0,192x16x128x1
kv_cmpr_pe-18,kernel_transpose_32_16,0.017600,512x32x0,1x16x0,576x128x1x1
kv_cmpr_pe-18,kernel_mul_mat_Ab_Bi_8x4,0.315500,16x144x1,1x128x1,576x128x1x1
k_pe-18,kernel_rope_norm_f32,0.003400,64x128x1,64x1x1,64x1x128x1
node_1157,kernel_repeat,0.287700,16x128x1,0x0x0,64x16x128x1
kv_cmpr-18,kernel_rms_norm_mul,0.015800,65536x1x1,512x1x1,512x128x1x1
kv-18,kernel_transpose_32_16,0.006300,128x32x0,1x16x0,4096x128x1x1
kv-18,kernel_mul_mat_Ab_Bi_8x4,0.229700,16x1024x1,1x128x1,4096x128x1x1
Kcur-18,kernel_concat_f32_non_contiguous,0.500200,16x128x1,0x0x0,192x16x128x1
Vcur_cont-18,kernel_cpy_f32_f32,0.019800,1024x128x1,64x1x1,128x16x128x1
cache_k_l18 (view),kernel_set_rows_f16_i64,0.029900,131072x1x1,1024x1x1,3072x4096x1x1
cache_v_l18 (view),kernel_set_rows_f16_i64,0.021600,131072x1x1,1024x1x1,2048x4096x1x1
__fattn__-18,flash_attn_f32_f16,9.462900,128x16x0,16x1x0,128x16x128x1
node_1178,kernel_transpose_32_16,0.016200,512x32x0,1x16x0,2048x128x1x1
node_1178,kernel_mul_mat_Ab_Bi_8x4,0.508500,16x512x1,1x128x1,2048x128x1x1
ffn_inp-18,kernel_add,0.033600,8192x1x1,64x1x1,2048x128x1x1
ffn_norm-18,kernel_rms_norm_mul,0.034000,131072x1x1,1024x1x1,2048x128x1x1
ffn_moe_logits-18,kernel_mul_mm_f32_f32_l4_lm,0.504900,128x2x1,128x1x1,64x128x1x1
ffn_moe_probs-18,kernel_soft_max_4,0.004700,8192x1x1,64x1x1,64x128x1x1
ffn_moe_argsort-18,kernel_argsort_f32_i32,0.025300,64x128x1,64x1x1,64x128x1x1
ffn_moe_weights-18,kernel_get_rows_f32,0.006600,384x128x1,64x1x1,1x6x128x1
ffn_moe_weights_scaled-18,kernel_scale,0.002100,192x1x1,64x1x1,1x6x128x1
ffn_moe_gate-18,kernel_mul_mv_id_q4_0_f32_8x_flat,18.306499,11264x1x768,64x1x1,1408x6x128x1
ffn_moe_up-18,kernel_mul_mv_id_q4_0_f32_8x_flat,18.301300,11264x1x768,64x1x1,1408x6x128x1
ffn_moe_weighted-18,kernel_swiglu,0.170900,393216x1x1,512x1x1,1408x6x128x1
ffn_moe_down-18,kernel_mul_mv_id_q4_0_f32_8x_flat,19.723400,16384x1x768,64x1x1,2048x6x128x1
node_1194,kernel_mul,0.200500,384x128x1,64x1x1,2048x6x128x1
ffn_gate-18,kernel_transpose_32_16,0.023800,512x32x0,1x16x0,2816x128x1x1
ffn_gate-18,kernel_mul_mat_Ab_Bi_8x4,0.610300,16x704x1,1x128x1,2816x128x1x1
ffn_up-18,kernel_transpose_32_16,0.019300,512x32x0,1x16x0,2816x128x1x1
ffn_up-18,kernel_mul_mat_Ab_Bi_8x4,0.610200,16x704x1,1x128x1,2816x128x1x1
ffn_swiglu-18,kernel_swiglu,0.044600,65536x1x1,512x1x1,2816x128x1x1
node_1204,kernel_add,0.046500,8192x1x1,64x1x1,2048x128x1x1
node_1205,kernel_add,0.030500,8192x1x1,64x1x1,2048x128x1x1
node_1206,kernel_add,0.035100,8192x1x1,64x1x1,2048x128x1x1
node_1207,kernel_add,0.034300,8192x1x1,64x1x1,2048x128x1x1
ffn_moe_out-18,kernel_add,0.034000,8192x1x1,64x1x1,2048x128x1x1
ffn_shexp-18,kernel_transpose_32_16,0.032200,704x32x0,1x16x0,2048x128x1x1
ffn_shexp-18,kernel_mul_mat_Ab_Bi_8x4,0.704800,16x512x1,1x128x1,2048x128x1x1
ffn_out-18,kernel_add,0.031700,8192x1x1,64x1x1,2048x128x1x1
l_out-18,kernel_add,0.036700,8192x1x1,64x1x1,2048x128x1x1
attn_norm-19,kernel_rms_norm_mul,0.033800,131072x1x1,1024x1x1,2048x128x1x1
q-19,kernel_transpose_32_16,0.017500,512x32x0,1x16x0,3072x128x1x1
q-19,kernel_mul_mat_Ab_Bi_8x4,0.635100,16x768x1,1x128x1,3072x128x1x1
q_pe-19,kernel_rope_norm_f32,0.019600,1024x128x1,64x1x1,64x16x128x1
Qcur-19,kernel_concat_f32_non_contiguous,0.352900,16x128x1,0x0x0,192x16x128x1
kv_cmpr_pe-19,kernel_transpose_32_16,0.021200,512x32x0,1x16x0,576x128x1x1
kv_cmpr_pe-19,kernel_mul_mat_Ab_Bi_8x4,0.315100,16x144x1,1x128x1,576x128x1x1
k_pe-19,kernel_rope_norm_f32,0.003400,64x128x1,64x1x1,64x1x128x1
node_1222,kernel_repeat,0.284600,16x128x1,0x0x0,64x16x128x1
kv_cmpr-19,kernel_rms_norm_mul,0.015500,65536x1x1,512x1x1,512x128x1x1
kv-19,kernel_transpose_32_16,0.006600,128x32x0,1x16x0,4096x128x1x1
kv-19,kernel_mul_mat_Ab_Bi_8x4,0.226500,16x1024x1,1x128x1,4096x128x1x1
Kcur-19,kernel_concat_f32_non_contiguous,0.623500,16x128x1,0x0x0,192x16x128x1
Vcur_cont-19,kernel_cpy_f32_f32,0.024300,1024x128x1,64x1x1,128x16x128x1
cache_k_l19 (view),kernel_set_rows_f16_i64,0.031100,131072x1x1,1024x1x1,3072x4096x1x1
cache_v_l19 (view),kernel_set_rows_f16_i64,0.021700,131072x1x1,1024x1x1,2048x4096x1x1
__fattn__-19,flash_attn_f32_f16,9.494400,128x16x0,16x1x0,128x16x128x1
node_1243,kernel_transpose_32_16,0.016100,512x32x0,1x16x0,2048x128x1x1
node_1243,kernel_mul_mat_Ab_Bi_8x4,0.510800,16x512x1,1x128x1,2048x128x1x1
ffn_inp-19,kernel_add,0.033200,8192x1x1,64x1x1,2048x128x1x1
ffn_norm-19,kernel_rms_norm_mul,0.034300,131072x1x1,1024x1x1,2048x128x1x1
ffn_moe_logits-19,kernel_mul_mm_f32_f32_l4_lm,0.518700,128x2x1,128x1x1,64x128x1x1
ffn_moe_probs-19,kernel_soft_max_4,0.004400,8192x1x1,64x1x1,64x128x1x1
ffn_moe_argsort-19,kernel_argsort_f32_i32,0.025000,64x128x1,64x1x1,64x128x1x1
ffn_moe_weights-19,kernel_get_rows_f32,0.006600,384x128x1,64x1x1,1x6x128x1
ffn_moe_weights_scaled-19,kernel_scale,0.001800,192x1x1,64x1x1,1x6x128x1
ffn_moe_gate-19,kernel_mul_mv_id_q4_0_f32_8x_flat,18.359900,11264x1x768,64x1x1,1408x6x128x1
ffn_moe_up-19,kernel_mul_mv_id_q4_0_f32_8x_flat,18.448900,11264x1x768,64x1x1,1408x6x128x1
ffn_moe_weighted-19,kernel_swiglu,0.170700,393216x1x1,512x1x1,1408x6x128x1
ffn_moe_down-19,kernel_mul_mv_id_q4_0_f32_8x_flat,19.736000,16384x1x768,64x1x1,2048x6x128x1
node_1259,kernel_mul,0.201300,384x128x1,64x1x1,2048x6x128x1
ffn_gate-19,kernel_transpose_32_16,0.023400,512x32x0,1x16x0,2816x128x1x1
ffn_gate-19,kernel_mul_mat_Ab_Bi_8x4,0.608000,16x704x1,1x128x1,2816x128x1x1
ffn_up-19,kernel_transpose_32_16,0.019200,512x32x0,1x16x0,2816x128x1x1
ffn_up-19,kernel_mul_mat_Ab_Bi_8x4,0.607300,16x704x1,1x128x1,2816x128x1x1
ffn_swiglu-19,kernel_swiglu,0.045200,65536x1x1,512x1x1,2816x128x1x1
node_1269,kernel_add,0.046900,8192x1x1,64x1x1,2048x128x1x1
node_1270,kernel_add,0.038000,8192x1x1,64x1x1,2048x128x1x1
node_1271,kernel_add,0.038400,8192x1x1,64x1x1,2048x128x1x1
node_1272,kernel_add,0.038700,8192x1x1,64x1x1,2048x128x1x1
ffn_moe_out-19,kernel_add,0.032200,8192x1x1,64x1x1,2048x128x1x1
ffn_shexp-19,kernel_transpose_32_16,0.032500,704x32x0,1x16x0,2048x128x1x1
ffn_shexp-19,kernel_mul_mat_Ab_Bi_8x4,0.704800,16x512x1,1x128x1,2048x128x1x1
ffn_out-19,kernel_add,0.034800,8192x1x1,64x1x1,2048x128x1x1
l_out-19,kernel_add,0.037600,8192x1x1,64x1x1,2048x128x1x1
attn_norm-20,kernel_rms_norm_mul,0.034400,131072x1x1,1024x1x1,2048x128x1x1
q-20,kernel_transpose_32_16,0.017600,512x32x0,1x16x0,3072x128x1x1
q-20,kernel_mul_mat_Ab_Bi_8x4,0.633400,16x768x1,1x128x1,3072x128x1x1
q_pe-20,kernel_rope_norm_f32,0.016200,1024x128x1,64x1x1,64x16x128x1
Qcur-20,kernel_concat_f32_non_contiguous,0.352200,16x128x1,0x0x0,192x16x128x1
kv_cmpr_pe-20,kernel_transpose_32_16,0.021900,512x32x0,1x16x0,576x128x1x1
kv_cmpr_pe-20,kernel_mul_mat_Ab_Bi_8x4,0.316900,16x144x1,1x128x1,576x128x1x1
k_pe-20,kernel_rope_norm_f32,0.003300,64x128x1,64x1x1,64x1x128x1
node_1287,kernel_repeat,0.288200,16x128x1,0x0x0,64x16x128x1
kv_cmpr-20,kernel_rms_norm_mul,0.016200,65536x1x1,512x1x1,512x128x1x1
kv-20,kernel_transpose_32_16,0.006200,128x32x0,1x16x0,4096x128x1x1
kv-20,kernel_mul_mat_Ab_Bi_8x4,0.225100,16x1024x1,1x128x1,4096x128x1x1
Kcur-20,kernel_concat_f32_non_contiguous,0.605200,16x128x1,0x0x0,192x16x128x1
Vcur_cont-20,kernel_cpy_f32_f32,0.023300,1024x128x1,64x1x1,128x16x128x1
cache_k_l20 (view),kernel_set_rows_f16_i64,0.030500,131072x1x1,1024x1x1,3072x4096x1x1
cache_v_l20 (view),kernel_set_rows_f16_i64,0.021900,131072x1x1,1024x1x1,2048x4096x1x1
__fattn__-20,flash_attn_f32_f16,9.510300,128x16x0,16x1x0,128x16x128x1
node_1308,kernel_transpose_32_16,0.016500,512x32x0,1x16x0,2048x128x1x1
node_1308,kernel_mul_mat_Ab_Bi_8x4,0.509300,16x512x1,1x128x1,2048x128x1x1
ffn_inp-20,kernel_add,0.031400,8192x1x1,64x1x1,2048x128x1x1
ffn_norm-20,kernel_rms_norm_mul,0.034000,131072x1x1,1024x1x1,2048x128x1x1
ffn_moe_logits-20,kernel_mul_mm_f32_f32_l4_lm,0.509000,128x2x1,128x1x1,64x128x1x1
ffn_moe_probs-20,kernel_soft_max_4,0.004400,8192x1x1,64x1x1,64x128x1x1
ffn_moe_argsort-20,kernel_argsort_f32_i32,0.024900,64x128x1,64x1x1,64x128x1x1
ffn_moe_weights-20,kernel_get_rows_f32,0.006200,384x128x1,64x1x1,1x6x128x1
ffn_moe_weights_scaled-20,kernel_scale,0.001800,192x1x1,64x1x1,1x6x128x1
ffn_moe_gate-20,kernel_mul_mv_id_q4_0_f32_8x_flat,18.442400,11264x1x768,64x1x1,1408x6x128x1
ffn_moe_up-20,kernel_mul_mv_id_q4_0_f32_8x_flat,18.427999,11264x1x768,64x1x1,1408x6x128x1
ffn_moe_weighted-20,kernel_swiglu,0.171200,393216x1x1,512x1x1,1408x6x128x1
ffn_moe_down-20,kernel_mul_mv_id_q4_0_f32_8x_flat,19.742701,16384x1x768,64x1x1,2048x6x128x1
node_1324,kernel_mul,0.197900,384x128x1,64x1x1,2048x6x128x1
ffn_gate-20,kernel_transpose_32_16,0.024400,512x32x0,1x16x0,2816x128x1x1
ffn_gate-20,kernel_mul_mat_Ab_Bi_8x4,0.608000,16x704x1,1x128x1,2816x128x1x1
ffn_up-20,kernel_transpose_32_16,0.019600,512x32x0,1x16x0,2816x128x1x1
ffn_up-20,kernel_mul_mat_Ab_Bi_8x4,0.610200,16x704x1,1x128x1,2816x128x1x1
ffn_swiglu-20,kernel_swiglu,0.043300,65536x1x1,512x1x1,2816x128x1x1
node_1334,kernel_add,0.046500,8192x1x1,64x1x1,2048x128x1x1
node_1335,kernel_add,0.033700,8192x1x1,64x1x1,2048x128x1x1
node_1336,kernel_add,0.034800,8192x1x1,64x1x1,2048x128x1x1
node_1337,kernel_add,0.034800,8192x1x1,64x1x1,2048x128x1x1
ffn_moe_out-20,kernel_add,0.035100,8192x1x1,64x1x1,2048x128x1x1
ffn_shexp-20,kernel_transpose_32_16,0.032500,704x32x0,1x16x0,2048x128x1x1
ffn_shexp-20,kernel_mul_mat_Ab_Bi_8x4,0.703400,16x512x1,1x128x1,2048x128x1x1
ffn_out-20,kernel_add,0.030000,8192x1x1,64x1x1,2048x128x1x1
l_out-20,kernel_add,0.036100,8192x1x1,64x1x1,2048x128x1x1
attn_norm-21,kernel_rms_norm_mul,0.033900,131072x1x1,1024x1x1,2048x128x1x1
q-21,kernel_transpose_32_16,0.017500,512x32x0,1x16x0,3072x128x1x1
q-21,kernel_mul_mat_Ab_Bi_8x4,0.635900,16x768x1,1x128x1,3072x128x1x1
q_pe-21,kernel_rope_norm_f32,0.019000,1024x128x1,64x1x1,64x16x128x1
Qcur-21,kernel_concat_f32_non_contiguous,0.351900,16x128x1,0x0x0,192x16x128x1
kv_cmpr_pe-21,kernel_transpose_32_16,0.020600,512x32x0,1x16x0,576x128x1x1
kv_cmpr_pe-21,kernel_mul_mat_Ab_Bi_8x4,0.311700,16x144x1,1x128x1,576x128x1x1
k_pe-21,kernel_rope_norm_f32,0.003400,64x128x1,64x1x1,64x1x128x1
node_1352,kernel_repeat,0.286100,16x128x1,0x0x0,64x16x128x1
kv_cmpr-21,kernel_rms_norm_mul,0.015800,65536x1x1,512x1x1,512x128x1x1
kv-21,kernel_transpose_32_16,0.006500,128x32x0,1x16x0,4096x128x1x1
kv-21,kernel_mul_mat_Ab_Bi_8x4,0.229400,16x1024x1,1x128x1,4096x128x1x1
Kcur-21,kernel_concat_f32_non_contiguous,0.617500,16x128x1,0x0x0,192x16x128x1
Vcur_cont-21,kernel_cpy_f32_f32,0.024100,1024x128x1,64x1x1,128x16x128x1
cache_k_l21 (view),kernel_set_rows_f16_i64,0.028100,131072x1x1,1024x1x1,3072x4096x1x1
cache_v_l21 (view),kernel_set_rows_f16_i64,0.022500,131072x1x1,1024x1x1,2048x4096x1x1
__fattn__-21,flash_attn_f32_f16,9.502300,128x16x0,16x1x0,128x16x128x1
node_1373,kernel_transpose_32_16,0.016400,512x32x0,1x16x0,2048x128x1x1
node_1373,kernel_mul_mat_Ab_Bi_8x4,0.510400,16x512x1,1x128x1,2048x128x1x1
ffn_inp-21,kernel_add,0.032300,8192x1x1,64x1x1,2048x128x1x1
ffn_norm-21,kernel_rms_norm_mul,0.034300,131072x1x1,1024x1x1,2048x128x1x1
ffn_moe_logits-21,kernel_mul_mm_f32_f32_l4_lm,0.506800,128x2x1,128x1x1,64x128x1x1
ffn_moe_probs-21,kernel_soft_max_4,0.004700,8192x1x1,64x1x1,64x128x1x1
ffn_moe_argsort-21,kernel_argsort_f32_i32,0.024900,64x128x1,64x1x1,64x128x1x1
ffn_moe_weights-21,kernel_get_rows_f32,0.006100,384x128x1,64x1x1,1x6x128x1
ffn_moe_weights_scaled-21,kernel_scale,0.001900,192x1x1,64x1x1,1x6x128x1
ffn_moe_gate-21,kernel_mul_mv_id_q4_0_f32_8x_flat,18.393499,11264x1x768,64x1x1,1408x6x128x1
ffn_moe_up-21,kernel_mul_mv_id_q4_0_f32_8x_flat,18.397100,11264x1x768,64x1x1,1408x6x128x1
ffn_moe_weighted-21,kernel_swiglu,0.171600,393216x1x1,512x1x1,1408x6x128x1
ffn_moe_down-21,kernel_mul_mv_id_q4_0_f32_8x_flat,19.692101,16384x1x768,64x1x1,2048x6x128x1
node_1389,kernel_mul,0.198600,384x128x1,64x1x1,2048x6x128x1
ffn_gate-21,kernel_transpose_32_16,0.023100,512x32x0,1x16x0,2816x128x1x1
ffn_gate-21,kernel_mul_mat_Ab_Bi_8x4,0.609000,16x704x1,1x128x1,2816x128x1x1
ffn_up-21,kernel_transpose_32_16,0.019000,512x32x0,1x16x0,2816x128x1x1
ffn_up-21,kernel_mul_mat_Ab_Bi_8x4,0.611600,16x704x1,1x128x1,2816x128x1x1
ffn_swiglu-21,kernel_swiglu,0.045400,65536x1x1,512x1x1,2816x128x1x1
node_1399,kernel_add,0.046600,8192x1x1,64x1x1,2048x128x1x1
node_1400,kernel_add,0.037900,8192x1x1,64x1x1,2048x128x1x1
node_1401,kernel_add,0.032100,8192x1x1,64x1x1,2048x128x1x1
node_1402,kernel_add,0.036000,8192x1x1,64x1x1,2048x128x1x1
ffn_moe_out-21,kernel_add,0.037900,8192x1x1,64x1x1,2048x128x1x1
ffn_shexp-21,kernel_transpose_32_16,0.033700,704x32x0,1x16x0,2048x128x1x1
ffn_shexp-21,kernel_mul_mat_Ab_Bi_8x4,0.705500,16x512x1,1x128x1,2048x128x1x1
ffn_out-21,kernel_add,0.034900,8192x1x1,64x1x1,2048x128x1x1
l_out-21,kernel_add,0.037900,8192x1x1,64x1x1,2048x128x1x1
attn_norm-22,kernel_rms_norm_mul,0.034000,131072x1x1,1024x1x1,2048x128x1x1
q-22,kernel_transpose_32_16,0.015500,512x32x0,1x16x0,3072x128x1x1
q-22,kernel_mul_mat_Ab_Bi_8x4,0.636900,16x768x1,1x128x1,3072x128x1x1
q_pe-22,kernel_rope_norm_f32,0.019400,1024x128x1,64x1x1,64x16x128x1
Qcur-22,kernel_concat_f32_non_contiguous,0.352100,16x128x1,0x0x0,192x16x128x1
kv_cmpr_pe-22,kernel_transpose_32_16,0.022500,512x32x0,1x16x0,576x128x1x1
kv_cmpr_pe-22,kernel_mul_mat_Ab_Bi_8x4,0.314600,16x144x1,1x128x1,576x128x1x1
k_pe-22,kernel_rope_norm_f32,0.003300,64x128x1,64x1x1,64x1x128x1
node_1417,kernel_repeat,0.287000,16x128x1,0x0x0,64x16x128x1
kv_cmpr-22,kernel_rms_norm_mul,0.015900,65536x1x1,512x1x1,512x128x1x1
kv-22,kernel_transpose_32_16,0.005300,128x32x0,1x16x0,4096x128x1x1
kv-22,kernel_mul_mat_Ab_Bi_8x4,0.227300,16x1024x1,1x128x1,4096x128x1x1
Kcur-22,kernel_concat_f32_non_contiguous,0.499900,16x128x1,0x0x0,192x16x128x1
Vcur_cont-22,kernel_cpy_f32_f32,0.022900,1024x128x1,64x1x1,128x16x128x1
cache_k_l22 (view),kernel_set_rows_f16_i64,0.029400,131072x1x1,1024x1x1,3072x4096x1x1
cache_v_l22 (view),kernel_set_rows_f16_i64,0.021900,131072x1x1,1024x1x1,2048x4096x1x1
__fattn__-22,flash_attn_f32_f16,9.527200,128x16x0,16x1x0,128x16x128x1
node_1438,kernel_transpose_32_16,0.015500,512x32x0,1x16x0,2048x128x1x1
node_1438,kernel_mul_mat_Ab_Bi_8x4,0.511000,16x512x1,1x128x1,2048x128x1x1
ffn_inp-22,kernel_add,0.034200,8192x1x1,64x1x1,2048x128x1x1
ffn_norm-22,kernel_rms_norm_mul,0.034000,131072x1x1,1024x1x1,2048x128x1x1
ffn_moe_logits-22,kernel_mul_mm_f32_f32_l4_lm,0.508600,128x2x1,128x1x1,64x128x1x1
ffn_moe_probs-22,kernel_soft_max_4,0.004400,8192x1x1,64x1x1,64x128x1x1
ffn_moe_argsort-22,kernel_argsort_f32_i32,0.024800,64x128x1,64x1x1,64x128x1x1
ffn_moe_weights-22,kernel_get_rows_f32,0.006100,384x128x1,64x1x1,1x6x128x1
ffn_moe_weights_scaled-22,kernel_scale,0.002200,192x1x1,64x1x1,1x6x128x1
ffn_moe_gate-22,kernel_mul_mv_id_q4_0_f32_8x_flat,18.391600,11264x1x768,64x1x1,1408x6x128x1
ffn_moe_up-22,kernel_mul_mv_id_q4_0_f32_8x_flat,18.349501,11264x1x768,64x1x1,1408x6x128x1
ffn_moe_weighted-22,kernel_swiglu,0.171700,393216x1x1,512x1x1,1408x6x128x1
ffn_moe_down-22,kernel_mul_mv_id_q4_0_f32_8x_flat,19.758900,16384x1x768,64x1x1,2048x6x128x1
node_1454,kernel_mul,0.198400,384x128x1,64x1x1,2048x6x128x1
ffn_gate-22,kernel_transpose_32_16,0.024800,512x32x0,1x16x0,2816x128x1x1
ffn_gate-22,kernel_mul_mat_Ab_Bi_8x4,0.608700,16x704x1,1x128x1,2816x128x1x1
ffn_up-22,kernel_transpose_32_16,0.016200,512x32x0,1x16x0,2816x128x1x1
ffn_up-22,kernel_mul_mat_Ab_Bi_8x4,0.609300,16x704x1,1x128x1,2816x128x1x1
ffn_swiglu-22,kernel_swiglu,0.044900,65536x1x1,512x1x1,2816x128x1x1
node_1464,kernel_add,0.045400,8192x1x1,64x1x1,2048x128x1x1
node_1465,kernel_add,0.033600,8192x1x1,64x1x1,2048x128x1x1
node_1466,kernel_add,0.034600,8192x1x1,64x1x1,2048x128x1x1
node_1467,kernel_add,0.034200,8192x1x1,64x1x1,2048x128x1x1
ffn_moe_out-22,kernel_add,0.034500,8192x1x1,64x1x1,2048x128x1x1
ffn_shexp-22,kernel_transpose_32_16,0.027100,704x32x0,1x16x0,2048x128x1x1
ffn_shexp-22,kernel_mul_mat_Ab_Bi_8x4,0.703900,16x512x1,1x128x1,2048x128x1x1
ffn_out-22,kernel_add,0.031700,8192x1x1,64x1x1,2048x128x1x1
l_out-22,kernel_add,0.034900,8192x1x1,64x1x1,2048x128x1x1
attn_norm-23,kernel_rms_norm_mul,0.033700,131072x1x1,1024x1x1,2048x128x1x1
q-23,kernel_transpose_32_16,0.016800,512x32x0,1x16x0,3072x128x1x1
q-23,kernel_mul_mat_Ab_Bi_8x4,0.636300,16x768x1,1x128x1,3072x128x1x1
q_pe-23,kernel_rope_norm_f32,0.019700,1024x128x1,64x1x1,64x16x128x1
Qcur-23,kernel_concat_f32_non_contiguous,0.349800,16x128x1,0x0x0,192x16x128x1
kv_cmpr_pe-23,kernel_transpose_32_16,0.021100,512x32x0,1x16x0,576x128x1x1
kv_cmpr_pe-23,kernel_mul_mat_Ab_Bi_8x4,0.312800,16x144x1,1x128x1,576x128x1x1
k_pe-23,kernel_rope_norm_f32,0.003500,64x128x1,64x1x1,64x1x128x1
node_1482,kernel_repeat,0.287000,16x128x1,0x0x0,64x16x128x1
kv_cmpr-23,kernel_rms_norm_mul,0.015600,65536x1x1,512x1x1,512x128x1x1
kv-23,kernel_transpose_32_16,0.006500,128x32x0,1x16x0,4096x128x1x1
kv-23,kernel_mul_mat_Ab_Bi_8x4,0.228100,16x1024x1,1x128x1,4096x128x1x1
Kcur-23,kernel_concat_f32_non_contiguous,0.606200,16x128x1,0x0x0,192x16x128x1
Vcur_cont-23,kernel_cpy_f32_f32,0.023200,1024x128x1,64x1x1,128x16x128x1
cache_k_l23 (view),kernel_set_rows_f16_i64,0.030700,131072x1x1,1024x1x1,3072x4096x1x1
cache_v_l23 (view),kernel_set_rows_f16_i64,0.021500,131072x1x1,1024x1x1,2048x4096x1x1
__fattn__-23,flash_attn_f32_f16,9.470300,128x16x0,16x1x0,128x16x128x1
node_1503,kernel_transpose_32_16,0.016400,512x32x0,1x16x0,2048x128x1x1
node_1503,kernel_mul_mat_Ab_Bi_8x4,0.510600,16x512x1,1x128x1,2048x128x1x1
ffn_inp-23,kernel_add,0.033100,8192x1x1,64x1x1,2048x128x1x1
ffn_norm-23,kernel_rms_norm_mul,0.033900,131072x1x1,1024x1x1,2048x128x1x1
ffn_moe_logits-23,kernel_mul_mm_f32_f32_l4_lm,0.511200,128x2x1,128x1x1,64x128x1x1
ffn_moe_probs-23,kernel_soft_max_4,0.004400,8192x1x1,64x1x1,64x128x1x1
ffn_moe_argsort-23,kernel_argsort_f32_i32,0.025300,64x128x1,64x1x1,64x128x1x1
ffn_moe_weights-23,kernel_get_rows_f32,0.006100,384x128x1,64x1x1,1x6x128x1
ffn_moe_weights_scaled-23,kernel_scale,0.001900,192x1x1,64x1x1,1x6x128x1
ffn_moe_gate-23,kernel_mul_mv_id_q4_0_f32_8x_flat,18.493299,11264x1x768,64x1x1,1408x6x128x1
ffn_moe_up-23,kernel_mul_mv_id_q4_0_f32_8x_flat,18.523899,11264x1x768,64x1x1,1408x6x128x1
ffn_moe_weighted-23,kernel_swiglu,0.171900,393216x1x1,512x1x1,1408x6x128x1
ffn_moe_down-23,kernel_mul_mv_id_q4_0_f32_8x_flat,19.747900,16384x1x768,64x1x1,2048x6x128x1
node_1519,kernel_mul,0.201100,384x128x1,64x1x1,2048x6x128x1
ffn_gate-23,kernel_transpose_32_16,0.023400,512x32x0,1x16x0,2816x128x1x1
ffn_gate-23,kernel_mul_mat_Ab_Bi_8x4,0.609000,16x704x1,1x128x1,2816x128x1x1
ffn_up-23,kernel_transpose_32_16,0.019600,512x32x0,1x16x0,2816x128x1x1
ffn_up-23,kernel_mul_mat_Ab_Bi_8x4,0.612000,16x704x1,1x128x1,2816x128x1x1
ffn_swiglu-23,kernel_swiglu,0.045000,65536x1x1,512x1x1,2816x128x1x1
node_1529,kernel_add,0.041800,8192x1x1,64x1x1,2048x128x1x1
node_1530,kernel_add,0.037500,8192x1x1,64x1x1,2048x128x1x1
node_1531,kernel_add,0.037800,8192x1x1,64x1x1,2048x128x1x1
node_1532,kernel_add,0.039200,8192x1x1,64x1x1,2048x128x1x1
ffn_moe_out-23,kernel_add,0.038000,8192x1x1,64x1x1,2048x128x1x1
ffn_shexp-23,kernel_transpose_32_16,0.032500,704x32x0,1x16x0,2048x128x1x1
ffn_shexp-23,kernel_mul_mat_Ab_Bi_8x4,0.705300,16x512x1,1x128x1,2048x128x1x1
ffn_out-23,kernel_add,0.035500,8192x1x1,64x1x1,2048x128x1x1
l_out-23,kernel_add,0.032100,8192x1x1,64x1x1,2048x128x1x1
attn_norm-24,kernel_rms_norm_mul,0.034200,131072x1x1,1024x1x1,2048x128x1x1
q-24,kernel_transpose_32_16,0.017500,512x32x0,1x16x0,3072x128x1x1
q-24,kernel_mul_mat_Ab_Bi_8x4,0.637600,16x768x1,1x128x1,3072x128x1x1
q_pe-24,kernel_rope_norm_f32,0.019200,1024x128x1,64x1x1,64x16x128x1
Qcur-24,kernel_concat_f32_non_contiguous,0.352000,16x128x1,0x0x0,192x16x128x1
kv_cmpr_pe-24,kernel_transpose_32_16,0.021800,512x32x0,1x16x0,576x128x1x1
kv_cmpr_pe-24,kernel_mul_mat_Ab_Bi_8x4,0.315200,16x144x1,1x128x1,576x128x1x1
k_pe-24,kernel_rope_norm_f32,0.003500,64x128x1,64x1x1,64x1x128x1
node_1547,kernel_repeat,0.284900,16x128x1,0x0x0,64x16x128x1
kv_cmpr-24,kernel_rms_norm_mul,0.015700,65536x1x1,512x1x1,512x128x1x1
kv-24,kernel_transpose_32_16,0.006500,128x32x0,1x16x0,4096x128x1x1
kv-24,kernel_mul_mat_Ab_Bi_8x4,0.225800,16x1024x1,1x128x1,4096x128x1x1
Kcur-24,kernel_concat_f32_non_contiguous,0.475000,16x128x1,0x0x0,192x16x128x1
Vcur_cont-24,kernel_cpy_f32_f32,0.023300,1024x128x1,64x1x1,128x16x128x1
cache_k_l24 (view),kernel_set_rows_f16_i64,0.030100,131072x1x1,1024x1x1,3072x4096x1x1
cache_v_l24 (view),kernel_set_rows_f16_i64,0.019900,131072x1x1,1024x1x1,2048x4096x1x1
__fattn__-24,flash_attn_f32_f16,9.532400,128x16x0,16x1x0,128x16x128x1
node_1568,kernel_transpose_32_16,0.015800,512x32x0,1x16x0,2048x128x1x1
node_1568,kernel_mul_mat_Ab_Bi_8x4,0.512400,16x512x1,1x128x1,2048x128x1x1
ffn_inp-24,kernel_add,0.033200,8192x1x1,64x1x1,2048x128x1x1
ffn_norm-24,kernel_rms_norm_mul,0.033900,131072x1x1,1024x1x1,2048x128x1x1
ffn_moe_logits-24,kernel_mul_mm_f32_f32_l4_lm,0.521200,128x2x1,128x1x1,64x128x1x1
ffn_moe_probs-24,kernel_soft_max_4,0.004500,8192x1x1,64x1x1,64x128x1x1
ffn_moe_argsort-24,kernel_argsort_f32_i32,0.025300,64x128x1,64x1x1,64x128x1x1
ffn_moe_weights-24,kernel_get_rows_f32,0.006500,384x128x1,64x1x1,1x6x128x1
ffn_moe_weights_scaled-24,kernel_scale,0.001900,192x1x1,64x1x1,1x6x128x1
ffn_moe_gate-24,kernel_mul_mv_id_q4_0_f32_8x_flat,18.391701,11264x1x768,64x1x1,1408x6x128x1
ffn_moe_up-24,kernel_mul_mv_id_q4_0_f32_8x_flat,18.221300,11264x1x768,64x1x1,1408x6x128x1
ffn_moe_weighted-24,kernel_swiglu,0.170100,393216x1x1,512x1x1,1408x6x128x1
ffn_moe_down-24,kernel_mul_mv_id_q4_0_f32_8x_flat,19.669701,16384x1x768,64x1x1,2048x6x128x1
node_1584,kernel_mul,0.197100,384x128x1,64x1x1,2048x6x128x1
ffn_gate-24,kernel_transpose_32_16,0.019500,512x32x0,1x16x0,2816x128x1x1
ffn_gate-24,kernel_mul_mat_Ab_Bi_8x4,0.609000,16x704x1,1x128x1,2816x128x1x1
ffn_up-24,kernel_transpose_32_16,0.018800,512x32x0,1x16x0,2816x128x1x1
ffn_up-24,kernel_mul_mat_Ab_Bi_8x4,0.613200,16x704x1,1x128x1,2816x128x1x1
ffn_swiglu-24,kernel_swiglu,0.045200,65536x1x1,512x1x1,2816x128x1x1
node_1594,kernel_add,0.045500,8192x1x1,64x1x1,2048x128x1x1
node_1595,kernel_add,0.033200,8192x1x1,64x1x1,2048x128x1x1
node_1596,kernel_add,0.037100,8192x1x1,64x1x1,2048x128x1x1
node_1597,kernel_add,0.030400,8192x1x1,64x1x1,2048x128x1x1
ffn_moe_out-24,kernel_add,0.035300,8192x1x1,64x1x1,2048x128x1x1
ffn_shexp-24,kernel_transpose_32_16,0.032700,704x32x0,1x16x0,2048x128x1x1
ffn_shexp-24,kernel_mul_mat_Ab_Bi_8x4,0.701900,16x512x1,1x128x1,2048x128x1x1
ffn_out-24,kernel_add,0.032700,8192x1x1,64x1x1,2048x128x1x1
l_out-24,kernel_add,0.036200,8192x1x1,64x1x1,2048x128x1x1
attn_norm-25,kernel_rms_norm_mul,0.033500,131072x1x1,1024x1x1,2048x128x1x1
q-25,kernel_transpose_32_16,0.017400,512x32x0,1x16x0,3072x128x1x1
q-25,kernel_mul_mat_Ab_Bi_8x4,0.636200,16x768x1,1x128x1,3072x128x1x1
q_pe-25,kernel_rope_norm_f32,0.018600,1024x128x1,64x1x1,64x16x128x1
Qcur-25,kernel_concat_f32_non_contiguous,0.349800,16x128x1,0x0x0,192x16x128x1
kv_cmpr_pe-25,kernel_transpose_32_16,0.021500,512x32x0,1x16x0,576x128x1x1
kv_cmpr_pe-25,kernel_mul_mat_Ab_Bi_8x4,0.315600,16x144x1,1x128x1,576x128x1x1
k_pe-25,kernel_rope_norm_f32,0.003400,64x128x1,64x1x1,64x1x128x1
node_1612,kernel_repeat,0.288900,16x128x1,0x0x0,64x16x128x1
kv_cmpr-25,kernel_rms_norm_mul,0.016100,65536x1x1,512x1x1,512x128x1x1
kv-25,kernel_transpose_32_16,0.005600,128x32x0,1x16x0,4096x128x1x1
kv-25,kernel_mul_mat_Ab_Bi_8x4,0.226000,16x1024x1,1x128x1,4096x128x1x1
Kcur-25,kernel_concat_f32_non_contiguous,0.600300,16x128x1,0x0x0,192x16x128x1
Vcur_cont-25,kernel_cpy_f32_f32,0.023700,1024x128x1,64x1x1,128x16x128x1
cache_k_l25 (view),kernel_set_rows_f16_i64,0.032100,131072x1x1,1024x1x1,3072x4096x1x1
cache_v_l25 (view),kernel_set_rows_f16_i64,0.022300,131072x1x1,1024x1x1,2048x4096x1x1
__fattn__-25,flash_attn_f32_f16,9.520300,128x16x0,16x1x0,128x16x128x1
node_1633,kernel_transpose_32_16,0.016300,512x32x0,1x16x0,2048x128x1x1
node_1633,kernel_mul_mat_Ab_Bi_8x4,0.510600,16x512x1,1x128x1,2048x128x1x1
ffn_inp-25,kernel_add,0.033300,8192x1x1,64x1x1,2048x128x1x1
ffn_norm-25,kernel_rms_norm_mul,0.034300,131072x1x1,1024x1x1,2048x128x1x1
ffn_moe_logits-25,kernel_mul_mm_f32_f32_l4_lm,0.521100,128x2x1,128x1x1,64x128x1x1
ffn_moe_probs-25,kernel_soft_max_4,0.004300,8192x1x1,64x1x1,64x128x1x1
ffn_moe_argsort-25,kernel_argsort_f32_i32,0.025200,64x128x1,64x1x1,64x128x1x1
ffn_moe_weights-25,kernel_get_rows_f32,0.006200,384x128x1,64x1x1,1x6x128x1
ffn_moe_weights_scaled-25,kernel_scale,0.001900,192x1x1,64x1x1,1x6x128x1
ffn_moe_gate-25,kernel_mul_mv_id_q4_0_f32_8x_flat,19.760300,11264x1x768,64x1x1,1408x6x128x1
ffn_moe_up-25,kernel_mul_mv_id_q4_0_f32_8x_flat,18.327600,11264x1x768,64x1x1,1408x6x128x1
ffn_moe_weighted-25,kernel_swiglu,0.171200,393216x1x1,512x1x1,1408x6x128x1
ffn_moe_down-25,kernel_mul_mv_id_q4_0_f32_8x_flat,19.489500,16384x1x768,64x1x1,2048x6x128x1
node_1649,kernel_mul,0.200300,384x128x1,64x1x1,2048x6x128x1
ffn_gate-25,kernel_transpose_32_16,0.022400,512x32x0,1x16x0,2816x128x1x1
ffn_gate-25,kernel_mul_mat_Ab_Bi_8x4,0.609100,16x704x1,1x128x1,2816x128x1x1
ffn_up-25,kernel_transpose_32_16,0.019500,512x32x0,1x16x0,2816x128x1x1
ffn_up-25,kernel_mul_mat_Ab_Bi_8x4,0.607200,16x704x1,1x128x1,2816x128x1x1
ffn_swiglu-25,kernel_swiglu,0.046000,65536x1x1,512x1x1,2816x128x1x1
node_1659,kernel_add,0.047300,8192x1x1,64x1x1,2048x128x1x1
node_1660,kernel_add,0.036300,8192x1x1,64x1x1,2048x128x1x1
node_1661,kernel_add,0.038100,8192x1x1,64x1x1,2048x128x1x1
node_1662,kernel_add,0.040500,8192x1x1,64x1x1,2048x128x1x1
ffn_moe_out-25,kernel_add,0.037900,8192x1x1,64x1x1,2048x128x1x1
ffn_shexp-25,kernel_transpose_32_16,0.032000,704x32x0,1x16x0,2048x128x1x1
ffn_shexp-25,kernel_mul_mat_Ab_Bi_8x4,0.703600,16x512x1,1x128x1,2048x128x1x1
ffn_out-25,kernel_add,0.034500,8192x1x1,64x1x1,2048x128x1x1
l_out-25,kernel_add,0.038500,8192x1x1,64x1x1,2048x128x1x1
attn_norm-26,kernel_rms_norm_mul,0.034300,131072x1x1,1024x1x1,2048x128x1x1
q-26,kernel_transpose_32_16,0.017400,512x32x0,1x16x0,3072x128x1x1
q-26,kernel_mul_mat_Ab_Bi_8x4,0.633400,16x768x1,1x128x1,3072x128x1x1
q_pe-26,kernel_rope_norm_f32,0.019200,1024x128x1,64x1x1,64x16x128x1
Qcur-26,kernel_concat_f32_non_contiguous,0.353000,16x128x1,0x0x0,192x16x128x1
kv_cmpr_pe-26,kernel_transpose_32_16,0.018900,512x32x0,1x16x0,576x128x1x1
kv_cmpr_pe-26,kernel_mul_mat_Ab_Bi_8x4,0.315700,16x144x1,1x128x1,576x128x1x1
k_pe-26,kernel_rope_norm_f32,0.003400,64x128x1,64x1x1,64x1x128x1
node_1677,kernel_repeat,0.287300,16x128x1,0x0x0,64x16x128x1
kv_cmpr-26,kernel_rms_norm_mul,0.016000,65536x1x1,512x1x1,512x128x1x1
kv-26,kernel_transpose_32_16,0.005800,128x32x0,1x16x0,4096x128x1x1
kv-26,kernel_mul_mat_Ab_Bi_8x4,0.224800,16x1024x1,1x128x1,4096x128x1x1
Kcur-26,kernel_concat_f32_non_contiguous,0.604500,16x128x1,0x0x0,192x16x128x1
Vcur_cont-26,kernel_cpy_f32_f32,0.020000,1024x128x1,64x1x1,128x16x128x1
cache_k_l26 (view),kernel_set_rows_f16_i64,0.030000,131072x1x1,1024x1x1,3072x4096x1x1
cache_v_l26 (view),kernel_set_rows_f16_i64,0.021700,131072x1x1,1024x1x1,2048x4096x1x1
__fattn__-26,flash_attn_f32_f16,9.485400,128x16x0,16x1x0,128x16x128x1
node_1698,kernel_transpose_32_16,0.016300,512x32x0,1x16x0,2048x128x1x1
node_1698,kernel_mul_mat_Ab_Bi_8x4,0.513300,16x512x1,1x128x1,2048x128x1x1
attn_norm-0,kernel_rms_norm_mul,0.035900,131072x1x1,1024x1x1,2048x128x1x1
q-0,kernel_transpose_32_16,0.017500,512x32x0,1x16x0,3072x128x1x1
q-0,kernel_mul_mat_Ab_Bi_8x4,0.637800,16x768x1,1x128x1,3072x128x1x1
q_pe-0,kernel_rope_norm_f32,0.019900,1024x128x1,64x1x1,64x16x128x1
Qcur-0,kernel_concat_f32_non_contiguous,0.351900,16x128x1,0x0x0,192x16x128x1
kv_cmpr_pe-0,kernel_transpose_32_16,0.019900,512x32x0,1x16x0,576x128x1x1
kv_cmpr_pe-0,kernel_mul_mat_Ab_Bi_8x4,0.319000,16x144x1,1x128x1,576x128x1x1
k_pe-0,kernel_rope_norm_f32,0.003200,64x128x1,64x1x1,64x1x128x1
node_11,kernel_repeat,0.284200,16x128x1,0x0x0,64x16x128x1
kv_cmpr-0,kernel_rms_norm_mul,0.015700,65536x1x1,512x1x1,512x128x1x1
kv-0,kernel_transpose_32_16,0.006300,128x32x0,1x16x0,4096x128x1x1
kv-0,kernel_mul_mat_Ab_Bi_8x4,0.230400,16x1024x1,1x128x1,4096x128x1x1
Kcur-0,kernel_concat_f32_non_contiguous,0.605000,16x128x1,0x0x0,192x16x128x1
Vcur_cont-0,kernel_cpy_f32_f32,0.023200,1024x128x1,64x1x1,128x16x128x1
cache_k_l0 (view),kernel_set_rows_f16_i64,0.030900,131072x1x1,1024x1x1,3072x4096x1x1
cache_v_l0 (view),kernel_set_rows_f16_i64,0.021000,131072x1x1,1024x1x1,2048x4096x1x1
 (copy),kernel_cpy_f32_f16,0.006900,8192x1x1,64x1x1,512x128x1x1
__fattn__-0,flash_attn_f32_f16,18.934900,128x16x0,16x1x0,128x16x128x1
node_33,kernel_transpose_32_16,0.016400,512x32x0,1x16x0,2048x128x1x1
node_33,kernel_mul_mat_Ab_Bi_8x4,0.509500,16x512x1,1x128x1,2048x128x1x1
ffn_inp-0,kernel_add,0.034800,8192x1x1,64x1x1,2048x128x1x1
ffn_norm-0,kernel_rms_norm_mul,0.034100,131072x1x1,1024x1x1,2048x128x1x1
ffn_gate-0,kernel_transpose_32_16,0.017400,512x32x0,1x16x0,10944x128x1x1
ffn_gate-0,kernel_mul_mat_Ab_Bi_8x4,2.076000,16x2736x1,1x128x1,10944x128x1x1
ffn_up-0,kernel_transpose_32_16,0.020600,512x32x0,1x16x0,10944x128x1x1
ffn_up-0,kernel_mul_mat_Ab_Bi_8x4,2.059100,16x2736x1,1x128x1,10944x128x1x1
ffn_swiglu-0,kernel_swiglu,0.232400,65536x1x1,512x1x1,10944x128x1x1
ffn_out-0,kernel_transpose_32_16,0.117300,2736x32x0,1x16x0,2048x128x1x1
ffn_out-0,kernel_mul_mat_Ab_Bi_8x4,2.788900,16x512x1,1x128x1,2048x128x1x1
l_out-0,kernel_add,0.034300,8192x1x1,64x1x1,2048x128x1x1
attn_norm-1,kernel_rms_norm_mul,0.033900,131072x1x1,1024x1x1,2048x128x1x1
q-1,kernel_transpose_32_16,0.017200,512x32x0,1x16x0,3072x128x1x1
q-1,kernel_mul_mat_Ab_Bi_8x4,0.638200,16x768x1,1x128x1,3072x128x1x1
q_pe-1,kernel_rope_norm_f32,0.019600,1024x128x1,64x1x1,64x16x128x1
Qcur-1,kernel_concat_f32_non_contiguous,0.353000,16x128x1,0x0x0,192x16x128x1
kv_cmpr_pe-1,kernel_transpose_32_16,0.020300,512x32x0,1x16x0,576x128x1x1
kv_cmpr_pe-1,kernel_mul_mat_Ab_Bi_8x4,0.314700,16x144x1,1x128x1,576x128x1x1
k_pe-1,kernel_rope_norm_f32,0.003100,64x128x1,64x1x1,64x1x128x1
node_52,kernel_repeat,0.288600,16x128x1,0x0x0,64x16x128x1
kv_cmpr-1,kernel_rms_norm_mul,0.015900,65536x1x1,512x1x1,512x128x1x1
kv-1,kernel_transpose_32_16,0.005800,128x32x0,1x16x0,4096x128x1x1
kv-1,kernel_mul_mat_Ab_Bi_8x4,0.226700,16x1024x1,1x128x1,4096x128x1x1
Kcur-1,kernel_concat_f32_non_contiguous,0.478100,16x128x1,0x0x0,192x16x128x1
Vcur_cont-1,kernel_cpy_f32_f32,0.023900,1024x128x1,64x1x1,128x16x128x1
cache_k_l1 (view),kernel_set_rows_f16_i64,0.029300,131072x1x1,1024x1x1,3072x4096x1x1
cache_v_l1 (view),kernel_set_rows_f16_i64,0.021700,131072x1x1,1024x1x1,2048x4096x1x1
__fattn__-1,flash_attn_f32_f16,18.965799,128x16x0,16x1x0,128x16x128x1
node_73,kernel_transpose_32_16,0.016300,512x32x0,1x16x0,2048x128x1x1
node_73,kernel_mul_mat_Ab_Bi_8x4,0.512700,16x512x1,1x128x1,2048x128x1x1
ffn_inp-1,kernel_add,0.035300,8192x1x1,64x1x1,2048x128x1x1
ffn_norm-1,kernel_rms_norm_mul,0.034100,131072x1x1,1024x1x1,2048x128x1x1
ffn_moe_logits-1,kernel_mul_mm_f32_f32_l4_lm,0.505000,128x2x1,128x1x1,64x128x1x1
ffn_moe_probs-1,kernel_soft_max_4,0.004500,8192x1x1,64x1x1,64x128x1x1
ffn_moe_argsort-1,kernel_argsort_f32_i32,0.024900,64x128x1,64x1x1,64x128x1x1
ffn_moe_weights-1,kernel_get_rows_f32,0.006200,384x128x1,64x1x1,1x6x128x1
ffn_moe_weights_scaled-1,kernel_scale,0.001800,192x1x1,64x1x1,1x6x128x1
ffn_moe_gate-1,kernel_mul_mv_id_q4_0_f32_8x_flat,18.472601,11264x1x768,64x1x1,1408x6x128x1
ffn_moe_up-1,kernel_mul_mv_id_q4_0_f32_8x_flat,18.293501,11264x1x768,64x1x1,1408x6x128x1
ffn_moe_weighted-1,kernel_swiglu,0.170600,393216x1x1,512x1x1,1408x6x128x1
ffn_moe_down-1,kernel_mul_mv_id_q4_0_f32_8x_flat,19.692499,16384x1x768,64x1x1,2048x6x128x1
node_89,kernel_mul,0.198000,384x128x1,64x1x1,2048x6x128x1
ffn_gate-1,kernel_transpose_32_16,0.024200,512x32x0,1x16x0,2816x128x1x1
ffn_gate-1,kernel_mul_mat_Ab_Bi_8x4,0.606600,16x704x1,1x128x1,2816x128x1x1
ffn_up-1,kernel_transpose_32_16,0.020200,512x32x0,1x16x0,2816x128x1x1
ffn_up-1,kernel_mul_mat_Ab_Bi_8x4,0.609800,16x704x1,1x128x1,2816x128x1x1
ffn_swiglu-1,kernel_swiglu,0.046100,65536x1x1,512x1x1,2816x128x1x1
node_99,kernel_add,0.046700,8192x1x1,64x1x1,2048x128x1x1
node_100,kernel_add,0.037800,8192x1x1,64x1x1,2048x128x1x1
node_101,kernel_add,0.037800,8192x1x1,64x1x1,2048x128x1x1
node_102,kernel_add,0.037300,8192x1x1,64x1x1,2048x128x1x1
ffn_moe_out-1,kernel_add,0.038600,8192x1x1,64x1x1,2048x128x1x1
ffn_shexp-1,kernel_transpose_32_16,0.032100,704x32x0,1x16x0,2048x128x1x1
ffn_shexp-1,kernel_mul_mat_Ab_Bi_8x4,0.704000,16x512x1,1x128x1,2048x128x1x1
ffn_out-1,kernel_add,0.034200,8192x1x1,64x1x1,2048x128x1x1
l_out-1,kernel_add,0.038500,8192x1x1,64x1x1,2048x128x1x1
attn_norm-2,kernel_rms_norm_mul,0.034200,131072x1x1,1024x1x1,2048x128x1x1
q-2,kernel_transpose_32_16,0.017100,512x32x0,1x16x0,3072x128x1x1
q-2,kernel_mul_mat_Ab_Bi_8x4,0.638400,16x768x1,1x128x1,3072x128x1x1
q_pe-2,kernel_rope_norm_f32,0.019100,1024x128x1,64x1x1,64x16x128x1
Qcur-2,kernel_concat_f32_non_contiguous,0.352300,16x128x1,0x0x0,192x16x128x1
kv_cmpr_pe-2,kernel_transpose_32_16,0.017700,512x32x0,1x16x0,576x128x1x1
kv_cmpr_pe-2,kernel_mul_mat_Ab_Bi_8x4,0.314400,16x144x1,1x128x1,576x128x1x1
k_pe-2,kernel_rope_norm_f32,0.003400,64x128x1,64x1x1,64x1x128x1
node_117,kernel_repeat,0.287800,16x128x1,0x0x0,64x16x128x1
kv_cmpr-2,kernel_rms_norm_mul,0.015800,65536x1x1,512x1x1,512x128x1x1
kv-2,kernel_transpose_32_16,0.006500,128x32x0,1x16x0,4096x128x1x1
kv-2,kernel_mul_mat_Ab_Bi_8x4,0.228900,16x1024x1,1x128x1,4096x128x1x1
Kcur-2,kernel_concat_f32_non_contiguous,0.613300,16x128x1,0x0x0,192x16x128x1
Vcur_cont-2,kernel_cpy_f32_f32,0.019700,1024x128x1,64x1x1,128x16x128x1
cache_k_l2 (view),kernel_set_rows_f16_i64,0.030100,131072x1x1,1024x1x1,3072x4096x1x1
cache_v_l2 (view),kernel_set_rows_f16_i64,0.021400,131072x1x1,1024x1x1,2048x4096x1x1
__fattn__-2,flash_attn_f32_f16,18.958401,128x16x0,16x1x0,128x16x128x1
node_138,kernel_transpose_32_16,0.016400,512x32x0,1x16x0,2048x128x1x1
node_138,kernel_mul_mat_Ab_Bi_8x4,0.509100,16x512x1,1x128x1,2048x128x1x1
ffn_inp-2,kernel_add,0.035800,8192x1x1,64x1x1,2048x128x1x1
ffn_norm-2,kernel_rms_norm_mul,0.033800,131072x1x1,1024x1x1,2048x128x1x1
ffn_moe_logits-2,kernel_mul_mm_f32_f32_l4_lm,0.497400,128x2x1,128x1x1,64x128x1x1
ffn_moe_probs-2,kernel_soft_max_4,0.004400,8192x1x1,64x1x1,64x128x1x1
ffn_moe_argsort-2,kernel_argsort_f32_i32,0.025500,64x128x1,64x1x1,64x128x1x1
ffn_moe_weights-2,kernel_get_rows_f32,0.006300,384x128x1,64x1x1,1x6x128x1
ffn_moe_weights_scaled-2,kernel_scale,0.001900,192x1x1,64x1x1,1x6x128x1
ffn_moe_gate-2,kernel_mul_mv_id_q4_0_f32_8x_flat,18.334600,11264x1x768,64x1x1,1408x6x128x1
ffn_moe_up-2,kernel_mul_mv_id_q4_0_f32_8x_flat,18.347700,11264x1x768,64x1x1,1408x6x128x1
ffn_moe_weighted-2,kernel_swiglu,0.170600,393216x1x1,512x1x1,1408x6x128x1
ffn_moe_down-2,kernel_mul_mv_id_q4_0_f32_8x_flat,19.698900,16384x1x768,64x1x1,2048x6x128x1
node_154,kernel_mul,0.200000,384x128x1,64x1x1,2048x6x128x1
ffn_gate-2,kernel_transpose_32_16,0.024700,512x32x0,1x16x0,2816x128x1x1
ffn_gate-2,kernel_mul_mat_Ab_Bi_8x4,0.610000,16x704x1,1x128x1,2816x128x1x1
ffn_up-2,kernel_transpose_32_16,0.020100,512x32x0,1x16x0,2816x128x1x1
ffn_up-2,kernel_mul_mat_Ab_Bi_8x4,0.609000,16x704x1,1x128x1,2816x128x1x1
ffn_swiglu-2,kernel_swiglu,0.044700,65536x1x1,512x1x1,2816x128x1x1
node_164,kernel_add,0.047500,8192x1x1,64x1x1,2048x128x1x1
node_165,kernel_add,0.030400,8192x1x1,64x1x1,2048x128x1x1
node_166,kernel_add,0.035100,8192x1x1,64x1x1,2048x128x1x1
node_167,kernel_add,0.034500,8192x1x1,64x1x1,2048x128x1x1
ffn_moe_out-2,kernel_add,0.032900,8192x1x1,64x1x1,2048x128x1x1
ffn_shexp-2,kernel_transpose_32_16,0.032300,704x32x0,1x16x0,2048x128x1x1
ffn_shexp-2,kernel_mul_mat_Ab_Bi_8x4,0.705100,16x512x1,1x128x1,2048x128x1x1
ffn_out-2,kernel_add,0.031200,8192x1x1,64x1x1,2048x128x1x1
l_out-2,kernel_add,0.037000,8192x1x1,64x1x1,2048x128x1x1
attn_norm-3,kernel_rms_norm_mul,0.033800,131072x1x1,1024x1x1,2048x128x1x1
q-3,kernel_transpose_32_16,0.017300,512x32x0,1x16x0,3072x128x1x1
q-3,kernel_mul_mat_Ab_Bi_8x4,0.637100,16x768x1,1x128x1,3072x128x1x1
q_pe-3,kernel_rope_norm_f32,0.018700,1024x128x1,64x1x1,64x16x128x1
Qcur-3,kernel_concat_f32_non_contiguous,0.352300,16x128x1,0x0x0,192x16x128x1
kv_cmpr_pe-3,kernel_transpose_32_16,0.022200,512x32x0,1x16x0,576x128x1x1
kv_cmpr_pe-3,kernel_mul_mat_Ab_Bi_8x4,0.316200,16x144x1,1x128x1,576x128x1x1
k_pe-3,kernel_rope_norm_f32,0.003300,64x128x1,64x1x1,64x1x128x1
node_182,kernel_repeat,0.285400,16x128x1,0x0x0,64x16x128x1
kv_cmpr-3,kernel_rms_norm_mul,0.015600,65536x1x1,512x1x1,512x128x1x1
kv-3,kernel_transpose_32_16,0.006300,128x32x0,1x16x0,4096x128x1x1
kv-3,kernel_mul_mat_Ab_Bi_8x4,0.224200,16x1024x1,1x128x1,4096x128x1x1
Kcur-3,kernel_concat_f32_non_contiguous,0.487500,16x128x1,0x0x0,192x16x128x1
Vcur_cont-3,kernel_cpy_f32_f32,0.023500,1024x128x1,64x1x1,128x16x128x1
cache_k_l3 (view),kernel_set_rows_f16_i64,0.030600,131072x1x1,1024x1x1,3072x4096x1x1
cache_v_l3 (view),kernel_set_rows_f16_i64,0.022000,131072x1x1,1024x1x1,2048x4096x1x1
__fattn__-3,flash_attn_f32_f16,18.848499,128x16x0,16x1x0,128x16x128x1
node_203,kernel_transpose_32_16,0.016600,512x32x0,1x16x0,2048x128x1x1
node_203,kernel_mul_mat_Ab_Bi_8x4,0.511300,16x512x1,1x128x1,2048x128x1x1
ffn_inp-3,kernel_add,0.034200,8192x1x1,64x1x1,2048x128x1x1
ffn_norm-3,kernel_rms_norm_mul,0.034300,131072x1x1,1024x1x1,2048x128x1x1
ffn_moe_logits-3,kernel_mul_mm_f32_f32_l4_lm,0.512600,128x2x1,128x1x1,64x128x1x1
ffn_moe_probs-3,kernel_soft_max_4,0.004400,8192x1x1,64x1x1,64x128x1x1
ffn_moe_argsort-3,kernel_argsort_f32_i32,0.025000,64x128x1,64x1x1,64x128x1x1
ffn_moe_weights-3,kernel_get_rows_f32,0.006500,384x128x1,64x1x1,1x6x128x1
ffn_moe_weights_scaled-3,kernel_scale,0.001800,192x1x1,64x1x1,1x6x128x1
ffn_moe_gate-3,kernel_mul_mv_id_q4_0_f32_8x_flat,18.226700,11264x1x768,64x1x1,1408x6x128x1
ffn_moe_up-3,kernel_mul_mv_id_q4_0_f32_8x_flat,18.194201,11264x1x768,64x1x1,1408x6x128x1
ffn_moe_weighted-3,kernel_swiglu,0.170900,393216x1x1,512x1x1,1408x6x128x1
ffn_moe_down-3,kernel_mul_mv_id_q4_0_f32_8x_flat,19.657101,16384x1x768,64x1x1,2048x6x128x1
node_219,kernel_mul,0.199700,384x128x1,64x1x1,2048x6x128x1
ffn_gate-3,kernel_transpose_32_16,0.023100,512x32x0,1x16x0,2816x128x1x1
ffn_gate-3,kernel_mul_mat_Ab_Bi_8x4,0.607700,16x704x1,1x128x1,2816x128x1x1
ffn_up-3,kernel_transpose_32_16,0.020000,512x32x0,1x16x0,2816x128x1x1
ffn_up-3,kernel_mul_mat_Ab_Bi_8x4,0.607200,16x704x1,1x128x1,2816x128x1x1
ffn_swiglu-3,kernel_swiglu,0.045000,65536x1x1,512x1x1,2816x128x1x1
node_229,kernel_add,0.047200,8192x1x1,64x1x1,2048x128x1x1
node_230,kernel_add,0.036500,8192x1x1,64x1x1,2048x128x1x1
node_231,kernel_add,0.038200,8192x1x1,64x1x1,2048x128x1x1
node_232,kernel_add,0.038200,8192x1x1,64x1x1,2048x128x1x1
ffn_moe_out-3,kernel_add,0.033200,8192x1x1,64x1x1,2048x128x1x1
ffn_shexp-3,kernel_transpose_32_16,0.032200,704x32x0,1x16x0,2048x128x1x1
ffn_shexp-3,kernel_mul_mat_Ab_Bi_8x4,0.704800,16x512x1,1x128x1,2048x128x1x1
ffn_out-3,kernel_add,0.034500,8192x1x1,64x1x1,2048x128x1x1
l_out-3,kernel_add,0.036300,8192x1x1,64x1x1,2048x128x1x1
attn_norm-4,kernel_rms_norm_mul,0.033900,131072x1x1,1024x1x1,2048x128x1x1
q-4,kernel_transpose_32_16,0.017500,512x32x0,1x16x0,3072x128x1x1
q-4,kernel_mul_mat_Ab_Bi_8x4,0.635500,16x768x1,1x128x1,3072x128x1x1
q_pe-4,kernel_rope_norm_f32,0.016000,1024x128x1,64x1x1,64x16x128x1
Qcur-4,kernel_concat_f32_non_contiguous,0.351400,16x128x1,0x0x0,192x16x128x1
kv_cmpr_pe-4,kernel_transpose_32_16,0.022400,512x32x0,1x16x0,576x128x1x1
kv_cmpr_pe-4,kernel_mul_mat_Ab_Bi_8x4,0.319500,16x144x1,1x128x1,576x128x1x1
k_pe-4,kernel_rope_norm_f32,0.003400,64x128x1,64x1x1,64x1x128x1
node_247,kernel_repeat,0.287700,16x128x1,0x0x0,64x16x128x1
kv_cmpr-4,kernel_rms_norm_mul,0.015900,65536x1x1,512x1x1,512x128x1x1
kv-4,kernel_transpose_32_16,0.006500,128x32x0,1x16x0,4096x128x1x1
kv-4,kernel_mul_mat_Ab_Bi_8x4,0.227200,16x1024x1,1x128x1,4096x128x1x1
Kcur-4,kernel_concat_f32_non_contiguous,0.497900,16x128x1,0x0x0,192x16x128x1
Vcur_cont-4,kernel_cpy_f32_f32,0.023400,1024x128x1,64x1x1,128x16x128x1
cache_k_l4 (view),kernel_set_rows_f16_i64,0.029600,131072x1x1,1024x1x1,3072x4096x1x1
cache_v_l4 (view),kernel_set_rows_f16_i64,0.021100,131072x1x1,1024x1x1,2048x4096x1x1
__fattn__-4,flash_attn_f32_f16,18.849501,128x16x0,16x1x0,128x16x128x1
node_268,kernel_transpose_32_16,0.016400,512x32x0,1x16x0,2048x128x1x1
node_268,kernel_mul_mat_Ab_Bi_8x4,0.509100,16x512x1,1x128x1,2048x128x1x1
ffn_inp-4,kernel_add,0.032200,8192x1x1,64x1x1,2048x128x1x1
ffn_norm-4,kernel_rms_norm_mul,0.033600,131072x1x1,1024x1x1,2048x128x1x1
ffn_moe_logits-4,kernel_mul_mm_f32_f32_l4_lm,0.506600,128x2x1,128x1x1,64x128x1x1
ffn_moe_probs-4,kernel_soft_max_4,0.004400,8192x1x1,64x1x1,64x128x1x1
ffn_moe_argsort-4,kernel_argsort_f32_i32,0.025400,64x128x1,64x1x1,64x128x1x1
ffn_moe_weights-4,kernel_get_rows_f32,0.006200,384x128x1,64x1x1,1x6x128x1
ffn_moe_weights_scaled-4,kernel_scale,0.001800,192x1x1,64x1x1,1x6x128x1
ffn_moe_gate-4,kernel_mul_mv_id_q4_0_f32_8x_flat,18.243000,11264x1x768,64x1x1,1408x6x128x1
ffn_moe_up-4,kernel_mul_mv_id_q4_0_f32_8x_flat,18.285900,11264x1x768,64x1x1,1408x6x128x1
ffn_moe_weighted-4,kernel_swiglu,0.171800,393216x1x1,512x1x1,1408x6x128x1
ffn_moe_down-4,kernel_mul_mv_id_q4_0_f32_8x_flat,19.627501,16384x1x768,64x1x1,2048x6x128x1
node_284,kernel_mul,0.200400,384x128x1,64x1x1,2048x6x128x1
ffn_gate-4,kernel_transpose_32_16,0.023500,512x32x0,1x16x0,2816x128x1x1
ffn_gate-4,kernel_mul_mat_Ab_Bi_8x4,0.612600,16x704x1,1x128x1,2816x128x1x1
ffn_up-4,kernel_transpose_32_16,0.019500,512x32x0,1x16x0,2816x128x1x1
ffn_up-4,kernel_mul_mat_Ab_Bi_8x4,0.609600,16x704x1,1x128x1,2816x128x1x1
ffn_swiglu-4,kernel_swiglu,0.043000,65536x1x1,512x1x1,2816x128x1x1
node_294,kernel_add,0.047000,8192x1x1,64x1x1,2048x128x1x1
node_295,kernel_add,0.034600,8192x1x1,64x1x1,2048x128x1x1
node_296,kernel_add,0.034400,8192x1x1,64x1x1,2048x128x1x1
node_297,kernel_add,0.033200,8192x1x1,64x1x1,2048x128x1x1
ffn_moe_out-4,kernel_add,0.034400,8192x1x1,64x1x1,2048x128x1x1
ffn_shexp-4,kernel_transpose_32_16,0.032600,704x32x0,1x16x0,2048x128x1x1
ffn_shexp-4,kernel_mul_mat_Ab_Bi_8x4,0.703700,16x512x1,1x128x1,2048x128x1x1
ffn_out-4,kernel_add,0.030700,8192x1x1,64x1x1,2048x128x1x1
l_out-4,kernel_add,0.036200,8192x1x1,64x1x1,2048x128x1x1
attn_norm-5,kernel_rms_norm_mul,0.033800,131072x1x1,1024x1x1,2048x128x1x1
q-5,kernel_transpose_32_16,0.017300,512x32x0,1x16x0,3072x128x1x1
q-5,kernel_mul_mat_Ab_Bi_8x4,0.635500,16x768x1,1x128x1,3072x128x1x1
q_pe-5,kernel_rope_norm_f32,0.019100,1024x128x1,64x1x1,64x16x128x1
Qcur-5,kernel_concat_f32_non_contiguous,0.354000,16x128x1,0x0x0,192x16x128x1
kv_cmpr_pe-5,kernel_transpose_32_16,0.021800,512x32x0,1x16x0,576x128x1x1
kv_cmpr_pe-5,kernel_mul_mat_Ab_Bi_8x4,0.311400,16x144x1,1x128x1,576x128x1x1
k_pe-5,kernel_rope_norm_f32,0.003200,64x128x1,64x1x1,64x1x128x1
node_312,kernel_repeat,0.287900,16x128x1,0x0x0,64x16x128x1
kv_cmpr-5,kernel_rms_norm_mul,0.015600,65536x1x1,512x1x1,512x128x1x1
kv-5,kernel_transpose_32_16,0.006500,128x32x0,1x16x0,4096x128x1x1
kv-5,kernel_mul_mat_Ab_Bi_8x4,0.228600,16x1024x1,1x128x1,4096x128x1x1
Kcur-5,kernel_concat_f32_non_contiguous,0.579300,16x128x1,0x0x0,192x16x128x1
Vcur_cont-5,kernel_cpy_f32_f32,0.023700,1024x128x1,64x1x1,128x16x128x1
cache_k_l5 (view),kernel_set_rows_f16_i64,0.028200,131072x1x1,1024x1x1,3072x4096x1x1
cache_v_l5 (view),kernel_set_rows_f16_i64,0.022300,131072x1x1,1024x1x1,2048x4096x1x1
__fattn__-5,flash_attn_f32_f16,18.943800,128x16x0,16x1x0,128x16x128x1
node_333,kernel_transpose_32_16,0.016600,512x32x0,1x16x0,2048x128x1x1
node_333,kernel_mul_mat_Ab_Bi_8x4,0.510800,16x512x1,1x128x1,2048x128x1x1
ffn_inp-5,kernel_add,0.033800,8192x1x1,64x1x1,2048x128x1x1
ffn_norm-5,kernel_rms_norm_mul,0.034400,131072x1x1,1024x1x1,2048x128x1x1
ffn_moe_logits-5,kernel_mul_mm_f32_f32_l4_lm,0.510100,128x2x1,128x1x1,64x128x1x1
ffn_moe_probs-5,kernel_soft_max_4,0.004900,8192x1x1,64x1x1,64x128x1x1
ffn_moe_argsort-5,kernel_argsort_f32_i32,0.024900,64x128x1,64x1x1,64x128x1x1
ffn_moe_weights-5,kernel_get_rows_f32,0.006300,384x128x1,64x1x1,1x6x128x1
ffn_moe_weights_scaled-5,kernel_scale,0.001900,192x1x1,64x1x1,1x6x128x1
ffn_moe_gate-5,kernel_mul_mv_id_q4_0_f32_8x_flat,18.125700,11264x1x768,64x1x1,1408x6x128x1
ffn_moe_up-5,kernel_mul_mv_id_q4_0_f32_8x_flat,18.117100,11264x1x768,64x1x1,1408x6x128x1
ffn_moe_weighted-5,kernel_swiglu,0.170100,393216x1x1,512x1x1,1408x6x128x1
ffn_moe_down-5,kernel_mul_mv_id_q4_0_f32_8x_flat,19.624100,16384x1x768,64x1x1,2048x6x128x1
node_349,kernel_mul,0.203400,384x128x1,64x1x1,2048x6x128x1
ffn_gate-5,kernel_transpose_32_16,0.022700,512x32x0,1x16x0,2816x128x1x1
ffn_gate-5,kernel_mul_mat_Ab_Bi_8x4,0.607700,16x704x1,1x128x1,2816x128x1x1
ffn_up-5,kernel_transpose_32_16,0.018700,512x32x0,1x16x0,2816x128x1x1
ffn_up-5,kernel_mul_mat_Ab_Bi_8x4,0.608000,16x704x1,1x128x1,2816x128x1x1
ffn_swiglu-5,kernel_swiglu,0.044800,65536x1x1,512x1x1,2816x128x1x1
node_359,kernel_add,0.046900,8192x1x1,64x1x1,2048x128x1x1
node_360,kernel_add,0.036200,8192x1x1,64x1x1,2048x128x1x1
node_361,kernel_add,0.032200,8192x1x1,64x1x1,2048x128x1x1
node_362,kernel_add,0.038000,8192x1x1,64x1x1,2048x128x1x1
ffn_moe_out-5,kernel_add,0.037400,8192x1x1,64x1x1,2048x128x1x1
ffn_shexp-5,kernel_transpose_32_16,0.033300,704x32x0,1x16x0,2048x128x1x1
ffn_shexp-5,kernel_mul_mat_Ab_Bi_8x4,0.703400,16x512x1,1x128x1,2048x128x1x1
ffn_out-5,kernel_add,0.033600,8192x1x1,64x1x1,2048x128x1x1
l_out-5,kernel_add,0.038200,8192x1x1,64x1x1,2048x128x1x1
attn_norm-6,kernel_rms_norm_mul,0.034300,131072x1x1,1024x1x1,2048x128x1x1
q-6,kernel_transpose_32_16,0.015300,512x32x0,1x16x0,3072x128x1x1
q-6,kernel_mul_mat_Ab_Bi_8x4,0.635300,16x768x1,1x128x1,3072x128x1x1
q_pe-6,kernel_rope_norm_f32,0.019000,1024x128x1,64x1x1,64x16x128x1
Qcur-6,kernel_concat_f32_non_contiguous,0.352600,16x128x1,0x0x0,192x16x128x1
kv_cmpr_pe-6,kernel_transpose_32_16,0.020600,512x32x0,1x16x0,576x128x1x1
kv_cmpr_pe-6,kernel_mul_mat_Ab_Bi_8x4,0.314100,16x144x1,1x128x1,576x128x1x1
k_pe-6,kernel_rope_norm_f32,0.003400,64x128x1,64x1x1,64x1x128x1
node_377,kernel_repeat,0.288100,16x128x1,0x0x0,64x16x128x1
kv_cmpr-6,kernel_rms_norm_mul,0.015800,65536x1x1,512x1x1,512x128x1x1
kv-6,kernel_transpose_32_16,0.005500,128x32x0,1x16x0,4096x128x1x1
kv-6,kernel_mul_mat_Ab_Bi_8x4,0.224900,16x1024x1,1x128x1,4096x128x1x1
Kcur-6,kernel_concat_f32_non_contiguous,0.494500,16x128x1,0x0x0,192x16x128x1
Vcur_cont-6,kernel_cpy_f32_f32,0.023200,1024x128x1,64x1x1,128x16x128x1
cache_k_l6 (view),kernel_set_rows_f16_i64,0.029800,131072x1x1,1024x1x1,3072x4096x1x1
cache_v_l6 (view),kernel_set_rows_f16_i64,0.022100,131072x1x1,1024x1x1,2048x4096x1x1
__fattn__-6,flash_attn_f32_f16,18.930401,128x16x0,16x1x0,128x16x128x1
node_398,kernel_transpose_32_16,0.015800,512x32x0,1x16x0,2048x128x1x1
node_398,kernel_mul_mat_Ab_Bi_8x4,0.508900,16x512x1,1x128x1,2048x128x1x1
ffn_inp-6,kernel_add,0.035300,8192x1x1,64x1x1,2048x128x1x1
ffn_norm-6,kernel_rms_norm_mul,0.033800,131072x1x1,1024x1x1,2048x128x1x1
ffn_moe_logits-6,kernel_mul_mm_f32_f32_l4_lm,0.508100,128x2x1,128x1x1,64x128x1x1
ffn_moe_probs-6,kernel_soft_max_4,0.004400,8192x1x1,64x1x1,64x128x1x1
ffn_moe_argsort-6,kernel_argsort_f32_i32,0.025100,64x128x1,64x1x1,64x128x1x1
ffn_moe_weights-6,kernel_get_rows_f32,0.006200,384x128x1,64x1x1,1x6x128x1
ffn_moe_weights_scaled-6,kernel_scale,0.002100,192x1x1,64x1x1,1x6x128x1
ffn_moe_gate-6,kernel_mul_mv_id_q4_0_f32_8x_flat,18.210600,11264x1x768,64x1x1,1408x6x128x1
ffn_moe_up-6,kernel_mul_mv_id_q4_0_f32_8x_flat,18.115299,11264x1x768,64x1x1,1408x6x128x1
ffn_moe_weighted-6,kernel_swiglu,0.171200,393216x1x1,512x1x1,1408x6x128x1
ffn_moe_down-6,kernel_mul_mv_id_q4_0_f32_8x_flat,19.744200,16384x1x768,64x1x1,2048x6x128x1
node_414,kernel_mul,0.198400,384x128x1,64x1x1,2048x6x128x1
ffn_gate-6,kernel_transpose_32_16,0.023300,512x32x0,1x16x0,2816x128x1x1
ffn_gate-6,kernel_mul_mat_Ab_Bi_8x4,0.609500,16x704x1,1x128x1,2816x128x1x1
ffn_up-6,kernel_transpose_32_16,0.016200,512x32x0,1x16x0,2816x128x1x1
ffn_up-6,kernel_mul_mat_Ab_Bi_8x4,0.606200,16x704x1,1x128x1,2816x128x1x1
ffn_swiglu-6,kernel_swiglu,0.045800,65536x1x1,512x1x1,2816x128x1x1
node_424,kernel_add,0.045900,8192x1x1,64x1x1,2048x128x1x1
node_425,kernel_add,0.033400,8192x1x1,64x1x1,2048x128x1x1
node_426,kernel_add,0.034300,8192x1x1,64x1x1,2048x128x1x1
node_427,kernel_add,0.035300,8192x1x1,64x1x1,2048x128x1x1
ffn_moe_out-6,kernel_add,0.035200,8192x1x1,64x1x1,2048x128x1x1
ffn_shexp-6,kernel_transpose_32_16,0.026800,704x32x0,1x16x0,2048x128x1x1
ffn_shexp-6,kernel_mul_mat_Ab_Bi_8x4,0.699200,16x512x1,1x128x1,2048x128x1x1
ffn_out-6,kernel_add,0.032900,8192x1x1,64x1x1,2048x128x1x1
l_out-6,kernel_add,0.037100,8192x1x1,64x1x1,2048x128x1x1
attn_norm-7,kernel_rms_norm_mul,0.033800,131072x1x1,1024x1x1,2048x128x1x1
q-7,kernel_transpose_32_16,0.017700,512x32x0,1x16x0,3072x128x1x1
q-7,kernel_mul_mat_Ab_Bi_8x4,0.635400,16x768x1,1x128x1,3072x128x1x1
q_pe-7,kernel_rope_norm_f32,0.018900,1024x128x1,64x1x1,64x16x128x1
Qcur-7,kernel_concat_f32_non_contiguous,0.348200,16x128x1,0x0x0,192x16x128x1
kv_cmpr_pe-7,kernel_transpose_32_16,0.021400,512x32x0,1x16x0,576x128x1x1
kv_cmpr_pe-7,kernel_mul_mat_Ab_Bi_8x4,0.314600,16x144x1,1x128x1,576x128x1x1
k_pe-7,kernel_rope_norm_f32,0.003500,64x128x1,64x1x1,64x1x128x1
node_442,kernel_repeat,0.289900,16x128x1,0x0x0,64x16x128x1
kv_cmpr-7,kernel_rms_norm_mul,0.015800,65536x1x1,512x1x1,512x128x1x1
kv-7,kernel_transpose_32_16,0.006400,128x32x0,1x16x0,4096x128x1x1
kv-7,kernel_mul_mat_Ab_Bi_8x4,0.228500,16x1024x1,1x128x1,4096x128x1x1
Kcur-7,kernel_concat_f32_non_contiguous,0.585900,16x128x1,0x0x0,192x16x128x1
Vcur_cont-7,kernel_cpy_f32_f32,0.023600,1024x128x1,64x1x1,128x16x128x1
cache_k_l7 (view),kernel_set_rows_f16_i64,0.030900,131072x1x1,1024x1x1,3072x4096x1x1
cache_v_l7 (view),kernel_set_rows_f16_i64,0.022200,131072x1x1,1024x1x1,2048x4096x1x1
__fattn__-7,flash_attn_f32_f16,18.911400,128x16x0,16x1x0,128x16x128x1
node_463,kernel_transpose_32_16,0.016600,512x32x0,1x16x0,2048x128x1x1
node_463,kernel_mul_mat_Ab_Bi_8x4,0.510400,16x512x1,1x128x1,2048x128x1x1
ffn_inp-7,kernel_add,0.033500,8192x1x1,64x1x1,2048x128x1x1
ffn_norm-7,kernel_rms_norm_mul,0.033600,131072x1x1,1024x1x1,2048x128x1x1
ffn_moe_logits-7,kernel_mul_mm_f32_f32_l4_lm,0.502900,128x2x1,128x1x1,64x128x1x1
ffn_moe_probs-7,kernel_soft_max_4,0.004300,8192x1x1,64x1x1,64x128x1x1
ffn_moe_argsort-7,kernel_argsort_f32_i32,0.024900,64x128x1,64x1x1,64x128x1x1
ffn_moe_weights-7,kernel_get_rows_f32,0.006200,384x128x1,64x1x1,1x6x128x1
ffn_moe_weights_scaled-7,kernel_scale,0.001800,192x1x1,64x1x1,1x6x128x1
ffn_moe_gate-7,kernel_mul_mv_id_q4_0_f32_8x_flat,18.246401,11264x1x768,64x1x1,1408x6x128x1
ffn_moe_up-7,kernel_mul_mv_id_q4_0_f32_8x_flat,18.240000,11264x1x768,64x1x1,1408x6x128x1
ffn_moe_weighted-7,kernel_swiglu,0.172000,393216x1x1,512x1x1,1408x6x128x1
ffn_moe_down-7,kernel_mul_mv_id_q4_0_f32_8x_flat,19.659000,16384x1x768,64x1x1,2048x6x128x1
node_479,kernel_mul,0.198500,384x128x1,64x1x1,2048x6x128x1
ffn_gate-7,kernel_transpose_32_16,0.023500,512x32x0,1x16x0,2816x128x1x1
ffn_gate-7,kernel_mul_mat_Ab_Bi_8x4,0.611100,16x704x1,1x128x1,2816x128x1x1
ffn_up-7,kernel_transpose_32_16,0.019300,512x32x0,1x16x0,2816x128x1x1
ffn_up-7,kernel_mul_mat_Ab_Bi_8x4,0.608400,16x704x1,1x128x1,2816x128x1x1
ffn_swiglu-7,kernel_swiglu,0.045100,65536x1x1,512x1x1,2816x128x1x1
node_489,kernel_add,0.042300,8192x1x1,64x1x1,2048x128x1x1
node_490,kernel_add,0.038000,8192x1x1,64x1x1,2048x128x1x1
node_491,kernel_add,0.036300,8192x1x1,64x1x1,2048x128x1x1
node_492,kernel_add,0.037400,8192x1x1,64x1x1,2048x128x1x1
ffn_moe_out-7,kernel_add,0.039000,8192x1x1,64x1x1,2048x128x1x1
ffn_shexp-7,kernel_transpose_32_16,0.034200,704x32x0,1x16x0,2048x128x1x1
ffn_shexp-7,kernel_mul_mat_Ab_Bi_8x4,0.704600,16x512x1,1x128x1,2048x128x1x1
ffn_out-7,kernel_add,0.034500,8192x1x1,64x1x1,2048x128x1x1
l_out-7,kernel_add,0.032400,8192x1x1,64x1x1,2048x128x1x1
attn_norm-8,kernel_rms_norm_mul,0.033900,131072x1x1,1024x1x1,2048x128x1x1
q-8,kernel_transpose_32_16,0.017100,512x32x0,1x16x0,3072x128x1x1
q-8,kernel_mul_mat_Ab_Bi_8x4,0.635700,16x768x1,1x128x1,3072x128x1x1
q_pe-8,kernel_rope_norm_f32,0.019100,1024x128x1,64x1x1,64x16x128x1
Qcur-8,kernel_concat_f32_non_contiguous,0.353700,16x128x1,0x0x0,192x16x128x1
kv_cmpr_pe-8,kernel_transpose_32_16,0.022500,512x32x0,1x16x0,576x128x1x1
kv_cmpr_pe-8,kernel_mul_mat_Ab_Bi_8x4,0.314600,16x144x1,1x128x1,576x128x1x1
k_pe-8,kernel_rope_norm_f32,0.003400,64x128x1,64x1x1,64x1x128x1
node_507,kernel_repeat,0.285500,16x128x1,0x0x0,64x16x128x1
kv_cmpr-8,kernel_rms_norm_mul,0.015800,65536x1x1,512x1x1,512x128x1x1
kv-8,kernel_transpose_32_16,0.006700,128x32x0,1x16x0,4096x128x1x1
kv-8,kernel_mul_mat_Ab_Bi_8x4,0.228600,16x1024x1,1x128x1,4096x128x1x1
Kcur-8,kernel_concat_f32_non_contiguous,0.478600,16x128x1,0x0x0,192x16x128x1
Vcur_cont-8,kernel_cpy_f32_f32,0.022900,1024x128x1,64x1x1,128x16x128x1
cache_k_l8 (view),kernel_set_rows_f16_i64,0.029600,131072x1x1,1024x1x1,3072x4096x1x1
cache_v_l8 (view),kernel_set_rows_f16_i64,0.020100,131072x1x1,1024x1x1,2048x4096x1x1
__fattn__-8,flash_attn_f32_f16,18.921801,128x16x0,16x1x0,128x16x128x1
node_528,kernel_transpose_32_16,0.016400,512x32x0,1x16x0,2048x128x1x1
node_528,kernel_mul_mat_Ab_Bi_8x4,0.513000,16x512x1,1x128x1,2048x128x1x1
ffn_inp-8,kernel_add,0.033600,8192x1x1,64x1x1,2048x128x1x1
ffn_norm-8,kernel_rms_norm_mul,0.033800,131072x1x1,1024x1x1,2048x128x1x1
ffn_moe_logits-8,kernel_mul_mm_f32_f32_l4_lm,0.502300,128x2x1,128x1x1,64x128x1x1
ffn_moe_probs-8,kernel_soft_max_4,0.004400,8192x1x1,64x1x1,64x128x1x1
ffn_moe_argsort-8,kernel_argsort_f32_i32,0.025400,64x128x1,64x1x1,64x128x1x1
ffn_moe_weights-8,kernel_get_rows_f32,0.006200,384x128x1,64x1x1,1x6x128x1
ffn_moe_weights_scaled-8,kernel_scale,0.001800,192x1x1,64x1x1,1x6x128x1
ffn_moe_gate-8,kernel_mul_mv_id_q4_0_f32_8x_flat,18.557501,11264x1x768,64x1x1,1408x6x128x1
ffn_moe_up-8,kernel_mul_mv_id_q4_0_f32_8x_flat,18.386499,11264x1x768,64x1x1,1408x6x128x1
ffn_moe_weighted-8,kernel_swiglu,0.171900,393216x1x1,512x1x1,1408x6x128x1
ffn_moe_down-8,kernel_mul_mv_id_q4_0_f32_8x_flat,19.625299,16384x1x768,64x1x1,2048x6x128x1
node_544,kernel_mul,0.198300,384x128x1,64x1x1,2048x6x128x1
ffn_gate-8,kernel_transpose_32_16,0.019900,512x32x0,1x16x0,2816x128x1x1
ffn_gate-8,kernel_mul_mat_Ab_Bi_8x4,0.608100,16x704x1,1x128x1,2816x128x1x1
ffn_up-8,kernel_transpose_32_16,0.020000,512x32x0,1x16x0,2816x128x1x1
ffn_up-8,kernel_mul_mat_Ab_Bi_8x4,0.614000,16x704x1,1x128x1,2816x128x1x1
ffn_swiglu-8,kernel_swiglu,0.045100,65536x1x1,512x1x1,2816x128x1x1
node_554,kernel_add,0.046900,8192x1x1,64x1x1,2048x128x1x1
node_555,kernel_add,0.034100,8192x1x1,64x1x1,2048x128x1x1
node_556,kernel_add,0.034100,8192x1x1,64x1x1,2048x128x1x1
node_557,kernel_add,0.031400,8192x1x1,64x1x1,2048x128x1x1
ffn_moe_out-8,kernel_add,0.033700,8192x1x1,64x1x1,2048x128x1x1
ffn_shexp-8,kernel_transpose_32_16,0.032900,704x32x0,1x16x0,2048x128x1x1
ffn_shexp-8,kernel_mul_mat_Ab_Bi_8x4,0.706400,16x512x1,1x128x1,2048x128x1x1
ffn_out-8,kernel_add,0.032500,8192x1x1,64x1x1,2048x128x1x1
l_out-8,kernel_add,0.035700,8192x1x1,64x1x1,2048x128x1x1
attn_norm-9,kernel_rms_norm_mul,0.033700,131072x1x1,1024x1x1,2048x128x1x1
q-9,kernel_transpose_32_16,0.017400,512x32x0,1x16x0,3072x128x1x1
q-9,kernel_mul_mat_Ab_Bi_8x4,0.636900,16x768x1,1x128x1,3072x128x1x1
q_pe-9,kernel_rope_norm_f32,0.018800,1024x128x1,64x1x1,64x16x128x1
Qcur-9,kernel_concat_f32_non_contiguous,0.352600,16x128x1,0x0x0,192x16x128x1
kv_cmpr_pe-9,kernel_transpose_32_16,0.021200,512x32x0,1x16x0,576x128x1x1
kv_cmpr_pe-9,kernel_mul_mat_Ab_Bi_8x4,0.314900,16x144x1,1x128x1,576x128x1x1
k_pe-9,kernel_rope_norm_f32,0.003100,64x128x1,64x1x1,64x1x128x1
node_572,kernel_repeat,0.288700,16x128x1,0x0x0,64x16x128x1
kv_cmpr-9,kernel_rms_norm_mul,0.016000,65536x1x1,512x1x1,512x128x1x1
kv-9,kernel_transpose_32_16,0.005800,128x32x0,1x16x0,4096x128x1x1
kv-9,kernel_mul_mat_Ab_Bi_8x4,0.229200,16x1024x1,1x128x1,4096x128x1x1
Kcur-9,kernel_concat_f32_non_contiguous,0.599400,16x128x1,0x0x0,192x16x128x1
Vcur_cont-9,kernel_cpy_f32_f32,0.023900,1024x128x1,64x1x1,128x16x128x1
cache_k_l9 (view),kernel_set_rows_f16_i64,0.031700,131072x1x1,1024x1x1,3072x4096x1x1
cache_v_l9 (view),kernel_set_rows_f16_i64,0.022300,131072x1x1,1024x1x1,2048x4096x1x1
__fattn__-9,flash_attn_f32_f16,18.989201,128x16x0,16x1x0,128x16x128x1
node_593,kernel_transpose_32_16,0.016400,512x32x0,1x16x0,2048x128x1x1
node_593,kernel_mul_mat_Ab_Bi_8x4,0.510600,16x512x1,1x128x1,2048x128x1x1
ffn_inp-9,kernel_add,0.032700,8192x1x1,64x1x1,2048x128x1x1
ffn_norm-9,kernel_rms_norm_mul,0.034700,131072x1x1,1024x1x1,2048x128x1x1
ffn_moe_logits-9,kernel_mul_mm_f32_f32_l4_lm,0.504500,128x2x1,128x1x1,64x128x1x1
ffn_moe_probs-9,kernel_soft_max_4,0.004400,8192x1x1,64x1x1,64x128x1x1
ffn_moe_argsort-9,kernel_argsort_f32_i32,0.024900,64x128x1,64x1x1,64x128x1x1
ffn_moe_weights-9,kernel_get_rows_f32,0.006300,384x128x1,64x1x1,1x6x128x1
ffn_moe_weights_scaled-9,kernel_scale,0.001700,192x1x1,64x1x1,1x6x128x1
ffn_moe_gate-9,kernel_mul_mv_id_q4_0_f32_8x_flat,18.353500,11264x1x768,64x1x1,1408x6x128x1
ffn_moe_up-9,kernel_mul_mv_id_q4_0_f32_8x_flat,18.252100,11264x1x768,64x1x1,1408x6x128x1
ffn_moe_weighted-9,kernel_swiglu,0.172400,393216x1x1,512x1x1,1408x6x128x1
ffn_moe_down-9,kernel_mul_mv_id_q4_0_f32_8x_flat,19.615601,16384x1x768,64x1x1,2048x6x128x1
node_609,kernel_mul,0.199700,384x128x1,64x1x1,2048x6x128x1
ffn_gate-9,kernel_transpose_32_16,0.022100,512x32x0,1x16x0,2816x128x1x1
ffn_gate-9,kernel_mul_mat_Ab_Bi_8x4,0.608500,16x704x1,1x128x1,2816x128x1x1
ffn_up-9,kernel_transpose_32_16,0.020200,512x32x0,1x16x0,2816x128x1x1
ffn_up-9,kernel_mul_mat_Ab_Bi_8x4,0.610400,16x704x1,1x128x1,2816x128x1x1
ffn_swiglu-9,kernel_swiglu,0.046100,65536x1x1,512x1x1,2816x128x1x1
node_619,kernel_add,0.046800,8192x1x1,64x1x1,2048x128x1x1
node_620,kernel_add,0.037300,8192x1x1,64x1x1,2048x128x1x1
node_621,kernel_add,0.037800,8192x1x1,64x1x1,2048x128x1x1
node_622,kernel_add,0.038000,8192x1x1,64x1x1,2048x128x1x1
ffn_moe_out-9,kernel_add,0.038300,8192x1x1,64x1x1,2048x128x1x1
ffn_shexp-9,kernel_transpose_32_16,0.032500,704x32x0,1x16x0,2048x128x1x1
ffn_shexp-9,kernel_mul_mat_Ab_Bi_8x4,0.703300,16x512x1,1x128x1,2048x128x1x1
ffn_out-9,kernel_add,0.034800,8192x1x1,64x1x1,2048x128x1x1
l_out-9,kernel_add,0.037600,8192x1x1,64x1x1,2048x128x1x1
attn_norm-10,kernel_rms_norm_mul,0.034200,131072x1x1,1024x1x1,2048x128x1x1
q-10,kernel_transpose_32_16,0.017400,512x32x0,1x16x0,3072x128x1x1
q-10,kernel_mul_mat_Ab_Bi_8x4,0.635800,16x768x1,1x128x1,3072x128x1x1
q_pe-10,kernel_rope_norm_f32,0.019400,1024x128x1,64x1x1,64x16x128x1
Qcur-10,kernel_concat_f32_non_contiguous,0.351900,16x128x1,0x0x0,192x16x128x1
kv_cmpr_pe-10,kernel_transpose_32_16,0.018400,512x32x0,1x16x0,576x128x1x1
kv_cmpr_pe-10,kernel_mul_mat_Ab_Bi_8x4,0.317300,16x144x1,1x128x1,576x128x1x1
k_pe-10,kernel_rope_norm_f32,0.003400,64x128x1,64x1x1,64x1x128x1
node_637,kernel_repeat,0.287200,16x128x1,0x0x0,64x16x128x1
kv_cmpr-10,kernel_rms_norm_mul,0.015700,65536x1x1,512x1x1,512x128x1x1
kv-10,kernel_transpose_32_16,0.006100,128x32x0,1x16x0,4096x128x1x1
kv-10,kernel_mul_mat_Ab_Bi_8x4,0.227800,16x1024x1,1x128x1,4096x128x1x1
Kcur-10,kernel_concat_f32_non_contiguous,0.593900,16x128x1,0x0x0,192x16x128x1
Vcur_cont-10,kernel_cpy_f32_f32,0.019500,1024x128x1,64x1x1,128x16x128x1
cache_k_l10 (view),kernel_set_rows_f16_i64,0.030300,131072x1x1,1024x1x1,3072x4096x1x1
cache_v_l10 (view),kernel_set_rows_f16_i64,0.021800,131072x1x1,1024x1x1,2048x4096x1x1
__fattn__-10,flash_attn_f32_f16,18.951799,128x16x0,16x1x0,128x16x128x1
node_658,kernel_transpose_32_16,0.016100,512x32x0,1x16x0,2048x128x1x1
node_658,kernel_mul_mat_Ab_Bi_8x4,0.511200,16x512x1,1x128x1,2048x128x1x1
ffn_inp-10,kernel_add,0.034400,8192x1x1,64x1x1,2048x128x1x1
ffn_norm-10,kernel_rms_norm_mul,0.033900,131072x1x1,1024x1x1,2048x128x1x1
ffn_moe_logits-10,kernel_mul_mm_f32_f32_l4_lm,0.495700,128x2x1,128x1x1,64x128x1x1
ffn_moe_probs-10,kernel_soft_max_4,0.004500,8192x1x1,64x1x1,64x128x1x1
ffn_moe_argsort-10,kernel_argsort_f32_i32,0.025200,64x128x1,64x1x1,64x128x1x1
ffn_moe_weights-10,kernel_get_rows_f32,0.006200,384x128x1,64x1x1,1x6x128x1
ffn_moe_weights_scaled-10,kernel_scale,0.001800,192x1x1,64x1x1,1x6x128x1
ffn_moe_gate-10,kernel_mul_mv_id_q4_0_f32_8x_flat,18.130600,11264x1x768,64x1x1,1408x6x128x1
ffn_moe_up-10,kernel_mul_mv_id_q4_0_f32_8x_flat,18.411600,11264x1x768,64x1x1,1408x6x128x1
ffn_moe_weighted-10,kernel_swiglu,0.170500,393216x1x1,512x1x1,1408x6x128x1
ffn_moe_down-10,kernel_mul_mv_id_q4_0_f32_8x_flat,19.689699,16384x1x768,64x1x1,2048x6x128x1
node_674,kernel_mul,0.201400,384x128x1,64x1x1,2048x6x128x1
ffn_gate-10,kernel_transpose_32_16,0.022300,512x32x0,1x16x0,2816x128x1x1
ffn_gate-10,kernel_mul_mat_Ab_Bi_8x4,0.610900,16x704x1,1x128x1,2816x128x1x1
ffn_up-10,kernel_transpose_32_16,0.019300,512x32x0,1x16x0,2816x128x1x1
ffn_up-10,kernel_mul_mat_Ab_Bi_8x4,0.615000,16x704x1,1x128x1,2816x128x1x1
ffn_swiglu-10,kernel_swiglu,0.046000,65536x1x1,512x1x1,2816x128x1x1
node_684,kernel_add,0.045000,8192x1x1,64x1x1,2048x128x1x1
node_685,kernel_add,0.031300,8192x1x1,64x1x1,2048x128x1x1
node_686,kernel_add,0.034200,8192x1x1,64x1x1,2048x128x1x1
node_687,kernel_add,0.034600,8192x1x1,64x1x1,2048x128x1x1
ffn_moe_out-10,kernel_add,0.034300,8192x1x1,64x1x1,2048x128x1x1
ffn_shexp-10,kernel_transpose_32_16,0.032500,704x32x0,1x16x0,2048x128x1x1
ffn_shexp-10,kernel_mul_mat_Ab_Bi_8x4,0.705100,16x512x1,1x128x1,2048x128x1x1
ffn_out-10,kernel_add,0.032200,8192x1x1,64x1x1,2048x128x1x1
l_out-10,kernel_add,0.036300,8192x1x1,64x1x1,2048x128x1x1
attn_norm-11,kernel_rms_norm_mul,0.033600,131072x1x1,1024x1x1,2048x128x1x1
q-11,kernel_transpose_32_16,0.017500,512x32x0,1x16x0,3072x128x1x1
q-11,kernel_mul_mat_Ab_Bi_8x4,0.636100,16x768x1,1x128x1,3072x128x1x1
q_pe-11,kernel_rope_norm_f32,0.018900,1024x128x1,64x1x1,64x16x128x1
Qcur-11,kernel_concat_f32_non_contiguous,0.351900,16x128x1,0x0x0,192x16x128x1
kv_cmpr_pe-11,kernel_transpose_32_16,0.022100,512x32x0,1x16x0,576x128x1x1
kv_cmpr_pe-11,kernel_mul_mat_Ab_Bi_8x4,0.314900,16x144x1,1x128x1,576x128x1x1
k_pe-11,kernel_rope_norm_f32,0.003400,64x128x1,64x1x1,64x1x128x1
node_702,kernel_repeat,0.284600,16x128x1,0x0x0,64x16x128x1
kv_cmpr-11,kernel_rms_norm_mul,0.015700,65536x1x1,512x1x1,512x128x1x1
kv-11,kernel_transpose_32_16,0.006400,128x32x0,1x16x0,4096x128x1x1
kv-11,kernel_mul_mat_Ab_Bi_8x4,0.228600,16x1024x1,1x128x1,4096x128x1x1
Kcur-11,kernel_concat_f32_non_contiguous,0.481100,16x128x1,0x0x0,192x16x128x1
Vcur_cont-11,kernel_cpy_f32_f32,0.023700,1024x128x1,64x1x1,128x16x128x1
cache_k_l11 (view),kernel_set_rows_f16_i64,0.030100,131072x1x1,1024x1x1,3072x4096x1x1
cache_v_l11 (view),kernel_set_rows_f16_i64,0.022300,131072x1x1,1024x1x1,2048x4096x1x1
__fattn__-11,flash_attn_f32_f16,18.954500,128x16x0,16x1x0,128x16x128x1
node_723,kernel_transpose_32_16,0.016600,512x32x0,1x16x0,2048x128x1x1
node_723,kernel_mul_mat_Ab_Bi_8x4,0.508100,16x512x1,1x128x1,2048x128x1x1
ffn_inp-11,kernel_add,0.033200,8192x1x1,64x1x1,2048x128x1x1
ffn_norm-11,kernel_rms_norm_mul,0.034700,131072x1x1,1024x1x1,2048x128x1x1
ffn_moe_logits-11,kernel_mul_mm_f32_f32_l4_lm,0.516900,128x2x1,128x1x1,64x128x1x1
ffn_moe_probs-11,kernel_soft_max_4,0.004400,8192x1x1,64x1x1,64x128x1x1
ffn_moe_argsort-11,kernel_argsort_f32_i32,0.025100,64x128x1,64x1x1,64x128x1x1
ffn_moe_weights-11,kernel_get_rows_f32,0.006600,384x128x1,64x1x1,1x6x128x1
ffn_moe_weights_scaled-11,kernel_scale,0.001900,192x1x1,64x1x1,1x6x128x1
ffn_moe_gate-11,kernel_mul_mv_id_q4_0_f32_8x_flat,18.764999,11264x1x768,64x1x1,1408x6x128x1
ffn_moe_up-11,kernel_mul_mv_id_q4_0_f32_8x_flat,18.620701,11264x1x768,64x1x1,1408x6x128x1
ffn_moe_weighted-11,kernel_swiglu,0.171400,393216x1x1,512x1x1,1408x6x128x1
ffn_moe_down-11,kernel_mul_mv_id_q4_0_f32_8x_flat,19.674299,16384x1x768,64x1x1,2048x6x128x1
node_739,kernel_mul,0.198800,384x128x1,64x1x1,2048x6x128x1
ffn_gate-11,kernel_transpose_32_16,0.023700,512x32x0,1x16x0,2816x128x1x1
ffn_gate-11,kernel_mul_mat_Ab_Bi_8x4,0.608600,16x704x1,1x128x1,2816x128x1x1
ffn_up-11,kernel_transpose_32_16,0.019200,512x32x0,1x16x0,2816x128x1x1
ffn_up-11,kernel_mul_mat_Ab_Bi_8x4,0.612700,16x704x1,1x128x1,2816x128x1x1
ffn_swiglu-11,kernel_swiglu,0.045800,65536x1x1,512x1x1,2816x128x1x1
node_749,kernel_add,0.046800,8192x1x1,64x1x1,2048x128x1x1
node_750,kernel_add,0.037000,8192x1x1,64x1x1,2048x128x1x1
node_751,kernel_add,0.038000,8192x1x1,64x1x1,2048x128x1x1
node_752,kernel_add,0.039100,8192x1x1,64x1x1,2048x128x1x1
ffn_moe_out-11,kernel_add,0.032100,8192x1x1,64x1x1,2048x128x1x1
ffn_shexp-11,kernel_transpose_32_16,0.033900,704x32x0,1x16x0,2048x128x1x1
ffn_shexp-11,kernel_mul_mat_Ab_Bi_8x4,0.705600,16x512x1,1x128x1,2048x128x1x1
ffn_out-11,kernel_add,0.034800,8192x1x1,64x1x1,2048x128x1x1
l_out-11,kernel_add,0.037500,8192x1x1,64x1x1,2048x128x1x1
attn_norm-12,kernel_rms_norm_mul,0.034300,131072x1x1,1024x1x1,2048x128x1x1
q-12,kernel_transpose_32_16,0.017400,512x32x0,1x16x0,3072x128x1x1
q-12,kernel_mul_mat_Ab_Bi_8x4,0.638500,16x768x1,1x128x1,3072x128x1x1
q_pe-12,kernel_rope_norm_f32,0.016200,1024x128x1,64x1x1,64x16x128x1
Qcur-12,kernel_concat_f32_non_contiguous,0.350600,16x128x1,0x0x0,192x16x128x1
kv_cmpr_pe-12,kernel_transpose_32_16,0.022000,512x32x0,1x16x0,576x128x1x1
kv_cmpr_pe-12,kernel_mul_mat_Ab_Bi_8x4,0.316000,16x144x1,1x128x1,576x128x1x1
k_pe-12,kernel_rope_norm_f32,0.003200,64x128x1,64x1x1,64x1x128x1
node_767,kernel_repeat,0.287800,16x128x1,0x0x0,64x16x128x1
kv_cmpr-12,kernel_rms_norm_mul,0.015900,65536x1x1,512x1x1,512x128x1x1
kv-12,kernel_transpose_32_16,0.006300,128x32x0,1x16x0,4096x128x1x1
kv-12,kernel_mul_mat_Ab_Bi_8x4,0.224100,16x1024x1,1x128x1,4096x128x1x1
Kcur-12,kernel_concat_f32_non_contiguous,0.497000,16x128x1,0x0x0,192x16x128x1
Vcur_cont-12,kernel_cpy_f32_f32,0.023300,1024x128x1,64x1x1,128x16x128x1
cache_k_l12 (view),kernel_set_rows_f16_i64,0.030600,131072x1x1,1024x1x1,3072x4096x1x1
cache_v_l12 (view),kernel_set_rows_f16_i64,0.021400,131072x1x1,1024x1x1,2048x4096x1x1
__fattn__-12,flash_attn_f32_f16,18.887800,128x16x0,16x1x0,128x16x128x1
node_788,kernel_transpose_32_16,0.016600,512x32x0,1x16x0,2048x128x1x1
node_788,kernel_mul_mat_Ab_Bi_8x4,0.510700,16x512x1,1x128x1,2048x128x1x1
ffn_inp-12,kernel_add,0.033300,8192x1x1,64x1x1,2048x128x1x1
ffn_norm-12,kernel_rms_norm_mul,0.034000,131072x1x1,1024x1x1,2048x128x1x1
ffn_moe_logits-12,kernel_mul_mm_f32_f32_l4_lm,0.514000,128x2x1,128x1x1,64x128x1x1
ffn_moe_probs-12,kernel_soft_max_4,0.004300,8192x1x1,64x1x1,64x128x1x1
ffn_moe_argsort-12,kernel_argsort_f32_i32,0.025000,64x128x1,64x1x1,64x128x1x1
ffn_moe_weights-12,kernel_get_rows_f32,0.006200,384x128x1,64x1x1,1x6x128x1
ffn_moe_weights_scaled-12,kernel_scale,0.001900,192x1x1,64x1x1,1x6x128x1
ffn_moe_gate-12,kernel_mul_mv_id_q4_0_f32_8x_flat,18.403700,11264x1x768,64x1x1,1408x6x128x1
ffn_moe_up-12,kernel_mul_mv_id_q4_0_f32_8x_flat,18.441999,11264x1x768,64x1x1,1408x6x128x1
ffn_moe_weighted-12,kernel_swiglu,0.171000,393216x1x1,512x1x1,1408x6x128x1
ffn_moe_down-12,kernel_mul_mv_id_q4_0_f32_8x_flat,19.741899,16384x1x768,64x1x1,2048x6x128x1
node_804,kernel_mul,0.200600,384x128x1,64x1x1,2048x6x128x1
ffn_gate-12,kernel_transpose_32_16,0.022600,512x32x0,1x16x0,2816x128x1x1
ffn_gate-12,kernel_mul_mat_Ab_Bi_8x4,0.604800,16x704x1,1x128x1,2816x128x1x1
ffn_up-12,kernel_transpose_32_16,0.019400,512x32x0,1x16x0,2816x128x1x1
ffn_up-12,kernel_mul_mat_Ab_Bi_8x4,0.606200,16x704x1,1x128x1,2816x128x1x1
ffn_swiglu-12,kernel_swiglu,0.043400,65536x1x1,512x1x1,2816x128x1x1
node_814,kernel_add,0.046300,8192x1x1,64x1x1,2048x128x1x1
node_815,kernel_add,0.034100,8192x1x1,64x1x1,2048x128x1x1
node_816,kernel_add,0.034900,8192x1x1,64x1x1,2048x128x1x1
node_817,kernel_add,0.034400,8192x1x1,64x1x1,2048x128x1x1
ffn_moe_out-12,kernel_add,0.035800,8192x1x1,64x1x1,2048x128x1x1
ffn_shexp-12,kernel_transpose_32_16,0.032500,704x32x0,1x16x0,2048x128x1x1
ffn_shexp-12,kernel_mul_mat_Ab_Bi_8x4,0.704700,16x512x1,1x128x1,2048x128x1x1
ffn_out-12,kernel_add,0.030600,8192x1x1,64x1x1,2048x128x1x1
l_out-12,kernel_add,0.036200,8192x1x1,64x1x1,2048x128x1x1
attn_norm-13,kernel_rms_norm_mul,0.033700,131072x1x1,1024x1x1,2048x128x1x1
q-13,kernel_transpose_32_16,0.017500,512x32x0,1x16x0,3072x128x1x1
q-13,kernel_mul_mat_Ab_Bi_8x4,0.637500,16x768x1,1x128x1,3072x128x1x1
q_pe-13,kernel_rope_norm_f32,0.019600,1024x128x1,64x1x1,64x16x128x1
Qcur-13,kernel_concat_f32_non_contiguous,0.352600,16x128x1,0x0x0,192x16x128x1
kv_cmpr_pe-13,kernel_transpose_32_16,0.022200,512x32x0,1x16x0,576x128x1x1
kv_cmpr_pe-13,kernel_mul_mat_Ab_Bi_8x4,0.311500,16x144x1,1x128x1,576x128x1x1
k_pe-13,kernel_rope_norm_f32,0.003400,64x128x1,64x1x1,64x1x128x1
node_832,kernel_repeat,0.286600,16x128x1,0x0x0,64x16x128x1
kv_cmpr-13,kernel_rms_norm_mul,0.015600,65536x1x1,512x1x1,512x128x1x1
kv-13,kernel_transpose_32_16,0.006600,128x32x0,1x16x0,4096x128x1x1
kv-13,kernel_mul_mat_Ab_Bi_8x4,0.228800,16x1024x1,1x128x1,4096x128x1x1
Kcur-13,kernel_concat_f32_non_contiguous,0.622900,16x128x1,0x0x0,192x16x128x1
Vcur_cont-13,kernel_cpy_f32_f32,0.023600,1024x128x1,64x1x1,128x16x128x1
cache_k_l13 (view),kernel_set_rows_f16_i64,0.028500,131072x1x1,1024x1x1,3072x4096x1x1
cache_v_l13 (view),kernel_set_rows_f16_i64,0.022400,131072x1x1,1024x1x1,2048x4096x1x1
__fattn__-13,flash_attn_f32_f16,18.874500,128x16x0,16x1x0,128x16x128x1
node_853,kernel_transpose_32_16,0.016300,512x32x0,1x16x0,2048x128x1x1
node_853,kernel_mul_mat_Ab_Bi_8x4,0.510600,16x512x1,1x128x1,2048x128x1x1
ffn_inp-13,kernel_add,0.033200,8192x1x1,64x1x1,2048x128x1x1
ffn_norm-13,kernel_rms_norm_mul,0.034200,131072x1x1,1024x1x1,2048x128x1x1
ffn_moe_logits-13,kernel_mul_mm_f32_f32_l4_lm,0.514200,128x2x1,128x1x1,64x128x1x1
ffn_moe_probs-13,kernel_soft_max_4,0.004700,8192x1x1,64x1x1,64x128x1x1
ffn_moe_argsort-13,kernel_argsort_f32_i32,0.025000,64x128x1,64x1x1,64x128x1x1
ffn_moe_weights-13,kernel_get_rows_f32,0.006100,384x128x1,64x1x1,1x6x128x1
ffn_moe_weights_scaled-13,kernel_scale,0.001800,192x1x1,64x1x1,1x6x128x1
ffn_moe_gate-13,kernel_mul_mv_id_q4_0_f32_8x_flat,18.359501,11264x1x768,64x1x1,1408x6x128x1
ffn_moe_up-13,kernel_mul_mv_id_q4_0_f32_8x_flat,18.433100,11264x1x768,64x1x1,1408x6x128x1
ffn_moe_weighted-13,kernel_swiglu,0.171100,393216x1x1,512x1x1,1408x6x128x1
ffn_moe_down-13,kernel_mul_mv_id_q4_0_f32_8x_flat,19.705400,16384x1x768,64x1x1,2048x6x128x1
node_869,kernel_mul,0.201900,384x128x1,64x1x1,2048x6x128x1
ffn_gate-13,kernel_transpose_32_16,0.021800,512x32x0,1x16x0,2816x128x1x1
ffn_gate-13,kernel_mul_mat_Ab_Bi_8x4,0.610700,16x704x1,1x128x1,2816x128x1x1
ffn_up-13,kernel_transpose_32_16,0.019800,512x32x0,1x16x0,2816x128x1x1
ffn_up-13,kernel_mul_mat_Ab_Bi_8x4,0.609100,16x704x1,1x128x1,2816x128x1x1
ffn_swiglu-13,kernel_swiglu,0.045200,65536x1x1,512x1x1,2816x128x1x1
node_879,kernel_add,0.050100,8192x1x1,64x1x1,2048x128x1x1
node_880,kernel_add,0.036500,8192x1x1,64x1x1,2048x128x1x1
node_881,kernel_add,0.033600,8192x1x1,64x1x1,2048x128x1x1
node_882,kernel_add,0.038600,8192x1x1,64x1x1,2048x128x1x1
ffn_moe_out-13,kernel_add,0.037100,8192x1x1,64x1x1,2048x128x1x1
ffn_shexp-13,kernel_transpose_32_16,0.034100,704x32x0,1x16x0,2048x128x1x1
ffn_shexp-13,kernel_mul_mat_Ab_Bi_8x4,0.706100,16x512x1,1x128x1,2048x128x1x1
ffn_out-13,kernel_add,0.035100,8192x1x1,64x1x1,2048x128x1x1
l_out-13,kernel_add,0.038900,8192x1x1,64x1x1,2048x128x1x1
attn_norm-14,kernel_rms_norm_mul,0.033900,131072x1x1,1024x1x1,2048x128x1x1
q-14,kernel_transpose_32_16,0.015500,512x32x0,1x16x0,3072x128x1x1
q-14,kernel_mul_mat_Ab_Bi_8x4,0.636500,16x768x1,1x128x1,3072x128x1x1
q_pe-14,kernel_rope_norm_f32,0.019500,1024x128x1,64x1x1,64x16x128x1
Qcur-14,kernel_concat_f32_non_contiguous,0.352300,16x128x1,0x0x0,192x16x128x1
kv_cmpr_pe-14,kernel_transpose_32_16,0.020800,512x32x0,1x16x0,576x128x1x1
kv_cmpr_pe-14,kernel_mul_mat_Ab_Bi_8x4,0.316100,16x144x1,1x128x1,576x128x1x1
k_pe-14,kernel_rope_norm_f32,0.003400,64x128x1,64x1x1,64x1x128x1
node_897,kernel_repeat,0.288000,16x128x1,0x0x0,64x16x128x1
kv_cmpr-14,kernel_rms_norm_mul,0.016000,65536x1x1,512x1x1,512x128x1x1
kv-14,kernel_transpose_32_16,0.005400,128x32x0,1x16x0,4096x128x1x1
kv-14,kernel_mul_mat_Ab_Bi_8x4,0.226700,16x1024x1,1x128x1,4096x128x1x1
Kcur-14,kernel_concat_f32_non_contiguous,0.587100,16x128x1,0x0x0,192x16x128x1
Vcur_cont-14,kernel_cpy_f32_f32,0.023600,1024x128x1,64x1x1,128x16x128x1
cache_k_l14 (view),kernel_set_rows_f16_i64,0.030700,131072x1x1,1024x1x1,3072x4096x1x1
cache_v_l14 (view),kernel_set_rows_f16_i64,0.021600,131072x1x1,1024x1x1,2048x4096x1x1
__fattn__-14,flash_attn_f32_f16,18.899799,128x16x0,16x1x0,128x16x128x1
node_918,kernel_transpose_32_16,0.015900,512x32x0,1x16x0,2048x128x1x1
node_918,kernel_mul_mat_Ab_Bi_8x4,0.512400,16x512x1,1x128x1,2048x128x1x1
ffn_inp-14,kernel_add,0.033900,8192x1x1,64x1x1,2048x128x1x1
ffn_norm-14,kernel_rms_norm_mul,0.034200,131072x1x1,1024x1x1,2048x128x1x1
ffn_moe_logits-14,kernel_mul_mm_f32_f32_l4_lm,0.516900,128x2x1,128x1x1,64x128x1x1
ffn_moe_probs-14,kernel_soft_max_4,0.004400,8192x1x1,64x1x1,64x128x1x1
ffn_moe_argsort-14,kernel_argsort_f32_i32,0.024700,64x128x1,64x1x1,64x128x1x1
ffn_moe_weights-14,kernel_get_rows_f32,0.006100,384x128x1,64x1x1,1x6x128x1
ffn_moe_weights_scaled-14,kernel_scale,0.002000,192x1x1,64x1x1,1x6x128x1
ffn_moe_gate-14,kernel_mul_mv_id_q4_0_f32_8x_flat,18.288601,11264x1x768,64x1x1,1408x6x128x1
ffn_moe_up-14,kernel_mul_mv_id_q4_0_f32_8x_flat,18.403601,11264x1x768,64x1x1,1408x6x128x1
ffn_moe_weighted-14,kernel_swiglu,0.170300,393216x1x1,512x1x1,1408x6x128x1
ffn_moe_down-14,kernel_mul_mv_id_q4_0_f32_8x_flat,19.757601,16384x1x768,64x1x1,2048x6x128x1
node_934,kernel_mul,0.199300,384x128x1,64x1x1,2048x6x128x1
ffn_gate-14,kernel_transpose_32_16,0.024400,512x32x0,1x16x0,2816x128x1x1
ffn_gate-14,kernel_mul_mat_Ab_Bi_8x4,0.608100,16x704x1,1x128x1,2816x128x1x1
ffn_up-14,kernel_transpose_32_16,0.015900,512x32x0,1x16x0,2816x128x1x1
ffn_up-14,kernel_mul_mat_Ab_Bi_8x4,0.611000,16x704x1,1x128x1,2816x128x1x1
ffn_swiglu-14,kernel_swiglu,0.047100,65536x1x1,512x1x1,2816x128x1x1
node_944,kernel_add,0.045400,8192x1x1,64x1x1,2048x128x1x1
node_945,kernel_add,0.033700,8192x1x1,64x1x1,2048x128x1x1
node_946,kernel_add,0.033900,8192x1x1,64x1x1,2048x128x1x1
node_947,kernel_add,0.034800,8192x1x1,64x1x1,2048x128x1x1
ffn_moe_out-14,kernel_add,0.034000,8192x1x1,64x1x1,2048x128x1x1
ffn_shexp-14,kernel_transpose_32_16,0.025800,704x32x0,1x16x0,2048x128x1x1
ffn_shexp-14,kernel_mul_mat_Ab_Bi_8x4,0.704600,16x512x1,1x128x1,2048x128x1x1
ffn_out-14,kernel_add,0.032600,8192x1x1,64x1x1,2048x128x1x1
l_out-14,kernel_add,0.036500,8192x1x1,64x1x1,2048x128x1x1
attn_norm-15,kernel_rms_norm_mul,0.033900,131072x1x1,1024x1x1,2048x128x1x1
q-15,kernel_transpose_32_16,0.017300,512x32x0,1x16x0,3072x128x1x1
q-15,kernel_mul_mat_Ab_Bi_8x4,0.640000,16x768x1,1x128x1,3072x128x1x1
q_pe-15,kernel_rope_norm_f32,0.018900,1024x128x1,64x1x1,64x16x128x1
Qcur-15,kernel_concat_f32_non_contiguous,0.348200,16x128x1,0x0x0,192x16x128x1
kv_cmpr_pe-15,kernel_transpose_32_16,0.021000,512x32x0,1x16x0,576x128x1x1
kv_cmpr_pe-15,kernel_mul_mat_Ab_Bi_8x4,0.314100,16x144x1,1x128x1,576x128x1x1
k_pe-15,kernel_rope_norm_f32,0.003400,64x128x1,64x1x1,64x1x128x1
node_962,kernel_repeat,0.288300,16x128x1,0x0x0,64x16x128x1
kv_cmpr-15,kernel_rms_norm_mul,0.016000,65536x1x1,512x1x1,512x128x1x1
kv-15,kernel_transpose_32_16,0.006700,128x32x0,1x16x0,4096x128x1x1
kv-15,kernel_mul_mat_Ab_Bi_8x4,0.229800,16x1024x1,1x128x1,4096x128x1x1
Kcur-15,kernel_concat_f32_non_contiguous,0.480900,16x128x1,0x0x0,192x16x128x1
Vcur_cont-15,kernel_cpy_f32_f32,0.023700,1024x128x1,64x1x1,128x16x128x1
cache_k_l15 (view),kernel_set_rows_f16_i64,0.030600,131072x1x1,1024x1x1,3072x4096x1x1
cache_v_l15 (view),kernel_set_rows_f16_i64,0.022100,131072x1x1,1024x1x1,2048x4096x1x1
__fattn__-15,flash_attn_f32_f16,18.872000,128x16x0,16x1x0,128x16x128x1
node_983,kernel_transpose_32_16,0.016800,512x32x0,1x16x0,2048x128x1x1
node_983,kernel_mul_mat_Ab_Bi_8x4,0.510900,16x512x1,1x128x1,2048x128x1x1
ffn_inp-15,kernel_add,0.033100,8192x1x1,64x1x1,2048x128x1x1
ffn_norm-15,kernel_rms_norm_mul,0.033900,131072x1x1,1024x1x1,2048x128x1x1
ffn_moe_logits-15,kernel_mul_mm_f32_f32_l4_lm,0.504900,128x2x1,128x1x1,64x128x1x1
ffn_moe_probs-15,kernel_soft_max_4,0.004300,8192x1x1,64x1x1,64x128x1x1
ffn_moe_argsort-15,kernel_argsort_f32_i32,0.025000,64x128x1,64x1x1,64x128x1x1
ffn_moe_weights-15,kernel_get_rows_f32,0.006100,384x128x1,64x1x1,1x6x128x1
ffn_moe_weights_scaled-15,kernel_scale,0.001900,192x1x1,64x1x1,1x6x128x1
ffn_moe_gate-15,kernel_mul_mv_id_q4_0_f32_8x_flat,18.387800,11264x1x768,64x1x1,1408x6x128x1
ffn_moe_up-15,kernel_mul_mv_id_q4_0_f32_8x_flat,19.969299,11264x1x768,64x1x1,1408x6x128x1
ffn_moe_weighted-15,kernel_swiglu,0.172200,393216x1x1,512x1x1,1408x6x128x1
ffn_moe_down-15,kernel_mul_mv_id_q4_0_f32_8x_flat,19.684601,16384x1x768,64x1x1,2048x6x128x1
node_999,kernel_mul,0.197900,384x128x1,64x1x1,2048x6x128x1
ffn_gate-15,kernel_transpose_32_16,0.024100,512x32x0,1x16x0,2816x128x1x1
ffn_gate-15,kernel_mul_mat_Ab_Bi_8x4,0.608900,16x704x1,1x128x1,2816x128x1x1
ffn_up-15,kernel_transpose_32_16,0.019900,512x32x0,1x16x0,2816x128x1x1
ffn_up-15,kernel_mul_mat_Ab_Bi_8x4,0.610500,16x704x1,1x128x1,2816x128x1x1
ffn_swiglu-15,kernel_swiglu,0.044800,65536x1x1,512x1x1,2816x128x1x1
node_1009,kernel_add,0.041000,8192x1x1,64x1x1,2048x128x1x1
node_1010,kernel_add,0.036300,8192x1x1,64x1x1,2048x128x1x1
node_1011,kernel_add,0.038200,8192x1x1,64x1x1,2048x128x1x1
node_1012,kernel_add,0.039200,8192x1x1,64x1x1,2048x128x1x1
ffn_moe_out-15,kernel_add,0.038800,8192x1x1,64x1x1,2048x128x1x1
ffn_shexp-15,kernel_transpose_32_16,0.033400,704x32x0,1x16x0,2048x128x1x1
ffn_shexp-15,kernel_mul_mat_Ab_Bi_8x4,0.705600,16x512x1,1x128x1,2048x128x1x1
ffn_out-15,kernel_add,0.034300,8192x1x1,64x1x1,2048x128x1x1
l_out-15,kernel_add,0.033400,8192x1x1,64x1x1,2048x128x1x1
attn_norm-16,kernel_rms_norm_mul,0.034500,131072x1x1,1024x1x1,2048x128x1x1
q-16,kernel_transpose_32_16,0.017500,512x32x0,1x16x0,3072x128x1x1
q-16,kernel_mul_mat_Ab_Bi_8x4,0.636100,16x768x1,1x128x1,3072x128x1x1
q_pe-16,kernel_rope_norm_f32,0.019800,1024x128x1,64x1x1,64x16x128x1
Qcur-16,kernel_concat_f32_non_contiguous,0.353600,16x128x1,0x0x0,192x16x128x1
kv_cmpr_pe-16,kernel_transpose_32_16,0.020200,512x32x0,1x16x0,576x128x1x1
kv_cmpr_pe-16,kernel_mul_mat_Ab_Bi_8x4,0.315600,16x144x1,1x128x1,576x128x1x1
k_pe-16,kernel_rope_norm_f32,0.003500,64x128x1,64x1x1,64x1x128x1
node_1027,kernel_repeat,0.285100,16x128x1,0x0x0,64x16x128x1
kv_cmpr-16,kernel_rms_norm_mul,0.015400,65536x1x1,512x1x1,512x128x1x1
kv-16,kernel_transpose_32_16,0.006500,128x32x0,1x16x0,4096x128x1x1
kv-16,kernel_mul_mat_Ab_Bi_8x4,0.225400,16x1024x1,1x128x1,4096x128x1x1
Kcur-16,kernel_concat_f32_non_contiguous,0.491400,16x128x1,0x0x0,192x16x128x1
Vcur_cont-16,kernel_cpy_f32_f32,0.023400,1024x128x1,64x1x1,128x16x128x1
cache_k_l16 (view),kernel_set_rows_f16_i64,0.029300,131072x1x1,1024x1x1,3072x4096x1x1
cache_v_l16 (view),kernel_set_rows_f16_i64,0.019600,131072x1x1,1024x1x1,2048x4096x1x1
__fattn__-16,flash_attn_f32_f16,18.883900,128x16x0,16x1x0,128x16x128x1
node_1048,kernel_transpose_32_16,0.016200,512x32x0,1x16x0,2048x128x1x1
node_1048,kernel_mul_mat_Ab_Bi_8x4,0.510800,16x512x1,1x128x1,2048x128x1x1
ffn_inp-16,kernel_add,0.032700,8192x1x1,64x1x1,2048x128x1x1
ffn_norm-16,kernel_rms_norm_mul,0.034100,131072x1x1,1024x1x1,2048x128x1x1
ffn_moe_logits-16,kernel_mul_mm_f32_f32_l4_lm,0.520800,128x2x1,128x1x1,64x128x1x1
ffn_moe_probs-16,kernel_soft_max_4,0.004500,8192x1x1,64x1x1,64x128x1x1
ffn_moe_argsort-16,kernel_argsort_f32_i32,0.025700,64x128x1,64x1x1,64x128x1x1
ffn_moe_weights-16,kernel_get_rows_f32,0.006200,384x128x1,64x1x1,1x6x128x1
ffn_moe_weights_scaled-16,kernel_scale,0.001900,192x1x1,64x1x1,1x6x128x1
ffn_moe_gate-16,kernel_mul_mv_id_q4_0_f32_8x_flat,18.399700,11264x1x768,64x1x1,1408x6x128x1
ffn_moe_up-16,kernel_mul_mv_id_q4_0_f32_8x_flat,18.318800,11264x1x768,64x1x1,1408x6x128x1
ffn_moe_weighted-16,kernel_swiglu,0.170200,393216x1x1,512x1x1,1408x6x128x1
ffn_moe_down-16,kernel_mul_mv_id_q4_0_f32_8x_flat,19.726200,16384x1x768,64x1x1,2048x6x128x1
node_1064,kernel_mul,0.199600,384x128x1,64x1x1,2048x6x128x1
ffn_gate-16,kernel_transpose_32_16,0.020200,512x32x0,1x16x0,2816x128x1x1
ffn_gate-16,kernel_mul_mat_Ab_Bi_8x4,0.608700,16x704x1,1x128x1,2816x128x1x1
ffn_up-16,kernel_transpose_32_16,0.019600,512x32x0,1x16x0,2816x128x1x1
ffn_up-16,kernel_mul_mat_Ab_Bi_8x4,0.611300,16x704x1,1x128x1,2816x128x1x1
ffn_swiglu-16,kernel_swiglu,0.044700,65536x1x1,512x1x1,2816x128x1x1
node_1074,kernel_add,0.045700,8192x1x1,64x1x1,2048x128x1x1
node_1075,kernel_add,0.034400,8192x1x1,64x1x1,2048x128x1x1
node_1076,kernel_add,0.034000,8192x1x1,64x1x1,2048x128x1x1
node_1077,kernel_add,0.031000,8192x1x1,64x1x1,2048x128x1x1
ffn_moe_out-16,kernel_add,0.034100,8192x1x1,64x1x1,2048x128x1x1
ffn_shexp-16,kernel_transpose_32_16,0.032900,704x32x0,1x16x0,2048x128x1x1
ffn_shexp-16,kernel_mul_mat_Ab_Bi_8x4,0.702400,16x512x1,1x128x1,2048x128x1x1
ffn_out-16,kernel_add,0.032100,8192x1x1,64x1x1,2048x128x1x1
l_out-16,kernel_add,0.036900,8192x1x1,64x1x1,2048x128x1x1
attn_norm-17,kernel_rms_norm_mul,0.033900,131072x1x1,1024x1x1,2048x128x1x1
q-17,kernel_transpose_32_16,0.017200,512x32x0,1x16x0,3072x128x1x1
q-17,kernel_mul_mat_Ab_Bi_8x4,0.637100,16x768x1,1x128x1,3072x128x1x1
q_pe-17,kernel_rope_norm_f32,0.019200,1024x128x1,64x1x1,64x16x128x1
Qcur-17,kernel_concat_f32_non_contiguous,0.352700,16x128x1,0x0x0,192x16x128x1
kv_cmpr_pe-17,kernel_transpose_32_16,0.020500,512x32x0,1x16x0,576x128x1x1
kv_cmpr_pe-17,kernel_mul_mat_Ab_Bi_8x4,0.313500,16x144x1,1x128x1,576x128x1x1
k_pe-17,kernel_rope_norm_f32,0.003300,64x128x1,64x1x1,64x1x128x1
node_1092,kernel_repeat,0.288200,16x128x1,0x0x0,64x16x128x1
kv_cmpr-17,kernel_rms_norm_mul,0.016200,65536x1x1,512x1x1,512x128x1x1
kv-17,kernel_transpose_32_16,0.005700,128x32x0,1x16x0,4096x128x1x1
kv-17,kernel_mul_mat_Ab_Bi_8x4,0.225900,16x1024x1,1x128x1,4096x128x1x1
Kcur-17,kernel_concat_f32_non_contiguous,0.600500,16x128x1,0x0x0,192x16x128x1
Vcur_cont-17,kernel_cpy_f32_f32,0.023600,1024x128x1,64x1x1,128x16x128x1
cache_k_l17 (view),kernel_set_rows_f16_i64,0.030700,131072x1x1,1024x1x1,3072x4096x1x1
cache_v_l17 (view),kernel_set_rows_f16_i64,0.022200,131072x1x1,1024x1x1,2048x4096x1x1
__fattn__-17,flash_attn_f32_f16,18.892200,128x16x0,16x1x0,128x16x128x1
node_1113,kernel_transpose_32_16,0.016700,512x32x0,1x16x0,2048x128x1x1
node_1113,kernel_mul_mat_Ab_Bi_8x4,0.511900,16x512x1,1x128x1,2048x128x1x1
ffn_inp-17,kernel_add,0.032800,8192x1x1,64x1x1,2048x128x1x1
ffn_norm-17,kernel_rms_norm_mul,0.034300,131072x1x1,1024x1x1,2048x128x1x1
ffn_moe_logits-17,kernel_mul_mm_f32_f32_l4_lm,0.516500,128x2x1,128x1x1,64x128x1x1
ffn_moe_probs-17,kernel_soft_max_4,0.004500,8192x1x1,64x1x1,64x128x1x1
ffn_moe_argsort-17,kernel_argsort_f32_i32,0.025300,64x128x1,64x1x1,64x128x1x1
ffn_moe_weights-17,kernel_get_rows_f32,0.006200,384x128x1,64x1x1,1x6x128x1
ffn_moe_weights_scaled-17,kernel_scale,0.002000,192x1x1,64x1x1,1x6x128x1
ffn_moe_gate-17,kernel_mul_mv_id_q4_0_f32_8x_flat,18.532900,11264x1x768,64x1x1,1408x6x128x1
ffn_moe_up-17,kernel_mul_mv_id_q4_0_f32_8x_flat,18.506599,11264x1x768,64x1x1,1408x6x128x1
ffn_moe_weighted-17,kernel_swiglu,0.172000,393216x1x1,512x1x1,1408x6x128x1
ffn_moe_down-17,kernel_mul_mv_id_q4_0_f32_8x_flat,19.725000,16384x1x768,64x1x1,2048x6x128x1
node_1129,kernel_mul,0.197500,384x128x1,64x1x1,2048x6x128x1
ffn_gate-17,kernel_transpose_32_16,0.024000,512x32x0,1x16x0,2816x128x1x1
ffn_gate-17,kernel_mul_mat_Ab_Bi_8x4,0.609200,16x704x1,1x128x1,2816x128x1x1
ffn_up-17,kernel_transpose_32_16,0.018900,512x32x0,1x16x0,2816x128x1x1
ffn_up-17,kernel_mul_mat_Ab_Bi_8x4,0.609100,16x704x1,1x128x1,2816x128x1x1
ffn_swiglu-17,kernel_swiglu,0.046700,65536x1x1,512x1x1,2816x128x1x1
node_1139,kernel_add,0.047200,8192x1x1,64x1x1,2048x128x1x1
node_1140,kernel_add,0.036600,8192x1x1,64x1x1,2048x128x1x1
node_1141,kernel_add,0.038200,8192x1x1,64x1x1,2048x128x1x1
node_1142,kernel_add,0.037900,8192x1x1,64x1x1,2048x128x1x1
ffn_moe_out-17,kernel_add,0.038200,8192x1x1,64x1x1,2048x128x1x1
ffn_shexp-17,kernel_transpose_32_16,0.033700,704x32x0,1x16x0,2048x128x1x1
ffn_shexp-17,kernel_mul_mat_Ab_Bi_8x4,0.706100,16x512x1,1x128x1,2048x128x1x1
ffn_out-17,kernel_add,0.034600,8192x1x1,64x1x1,2048x128x1x1
l_out-17,kernel_add,0.036100,8192x1x1,64x1x1,2048x128x1x1
attn_norm-18,kernel_rms_norm_mul,0.034100,131072x1x1,1024x1x1,2048x128x1x1
q-18,kernel_transpose_32_16,0.017300,512x32x0,1x16x0,3072x128x1x1
q-18,kernel_mul_mat_Ab_Bi_8x4,0.634500,16x768x1,1x128x1,3072x128x1x1
q_pe-18,kernel_rope_norm_f32,0.019600,1024x128x1,64x1x1,64x16x128x1
Qcur-18,kernel_concat_f32_non_contiguous,0.352500,16x128x1,0x0x0,192x16x128x1
kv_cmpr_pe-18,kernel_transpose_32_16,0.018300,512x32x0,1x16x0,576x128x1x1
kv_cmpr_pe-18,kernel_mul_mat_Ab_Bi_8x4,0.315000,16x144x1,1x128x1,576x128x1x1
k_pe-18,kernel_rope_norm_f32,0.003400,64x128x1,64x1x1,64x1x128x1
node_1157,kernel_repeat,0.286900,16x128x1,0x0x0,64x16x128x1
kv_cmpr-18,kernel_rms_norm_mul,0.015800,65536x1x1,512x1x1,512x128x1x1
kv-18,kernel_transpose_32_16,0.006300,128x32x0,1x16x0,4096x128x1x1
kv-18,kernel_mul_mat_Ab_Bi_8x4,0.225200,16x1024x1,1x128x1,4096x128x1x1
Kcur-18,kernel_concat_f32_non_contiguous,0.606000,16x128x1,0x0x0,192x16x128x1
Vcur_cont-18,kernel_cpy_f32_f32,0.019600,1024x128x1,64x1x1,128x16x128x1
cache_k_l18 (view),kernel_set_rows_f16_i64,0.030000,131072x1x1,1024x1x1,3072x4096x1x1
cache_v_l18 (view),kernel_set_rows_f16_i64,0.022000,131072x1x1,1024x1x1,2048x4096x1x1
__fattn__-18,flash_attn_f32_f16,18.903200,128x16x0,16x1x0,128x16x128x1
node_1178,kernel_transpose_32_16,0.016600,512x32x0,1x16x0,2048x128x1x1
node_1178,kernel_mul_mat_Ab_Bi_8x4,0.511600,16x512x1,1x128x1,2048x128x1x1
ffn_inp-18,kernel_add,0.034800,8192x1x1,64x1x1,2048x128x1x1
ffn_norm-18,kernel_rms_norm_mul,0.033800,131072x1x1,1024x1x1,2048x128x1x1
ffn_moe_logits-18,kernel_mul_mm_f32_f32_l4_lm,0.504300,128x2x1,128x1x1,64x128x1x1
ffn_moe_probs-18,kernel_soft_max_4,0.004500,8192x1x1,64x1x1,64x128x1x1
ffn_moe_argsort-18,kernel_argsort_f32_i32,0.025000,64x128x1,64x1x1,64x128x1x1
ffn_moe_weights-18,kernel_get_rows_f32,0.006200,384x128x1,64x1x1,1x6x128x1
ffn_moe_weights_scaled-18,kernel_scale,0.001900,192x1x1,64x1x1,1x6x128x1
ffn_moe_gate-18,kernel_mul_mv_id_q4_0_f32_8x_flat,18.360701,11264x1x768,64x1x1,1408x6x128x1
ffn_moe_up-18,kernel_mul_mv_id_q4_0_f32_8x_flat,18.336100,11264x1x768,64x1x1,1408x6x128x1
ffn_moe_weighted-18,kernel_swiglu,0.171300,393216x1x1,512x1x1,1408x6x128x1
ffn_moe_down-18,kernel_mul_mv_id_q4_0_f32_8x_flat,19.733801,16384x1x768,64x1x1,2048x6x128x1
node_1194,kernel_mul,0.198300,384x128x1,64x1x1,2048x6x128x1
ffn_gate-18,kernel_transpose_32_16,0.023900,512x32x0,1x16x0,2816x128x1x1
ffn_gate-18,kernel_mul_mat_Ab_Bi_8x4,0.608200,16x704x1,1x128x1,2816x128x1x1
ffn_up-18,kernel_transpose_32_16,0.019700,512x32x0,1x16x0,2816x128x1x1
ffn_up-18,kernel_mul_mat_Ab_Bi_8x4,0.610300,16x704x1,1x128x1,2816x128x1x1
ffn_swiglu-18,kernel_swiglu,0.045100,65536x1x1,512x1x1,2816x128x1x1
node_1204,kernel_add,0.045300,8192x1x1,64x1x1,2048x128x1x1
node_1205,kernel_add,0.030900,8192x1x1,64x1x1,2048x128x1x1
node_1206,kernel_add,0.033400,8192x1x1,64x1x1,2048x128x1x1
node_1207,kernel_add,0.034300,8192x1x1,64x1x1,2048x128x1x1
ffn_moe_out-18,kernel_add,0.034400,8192x1x1,64x1x1,2048x128x1x1
ffn_shexp-18,kernel_transpose_32_16,0.033000,704x32x0,1x16x0,2048x128x1x1
ffn_shexp-18,kernel_mul_mat_Ab_Bi_8x4,0.705600,16x512x1,1x128x1,2048x128x1x1
ffn_out-18,kernel_add,0.032400,8192x1x1,64x1x1,2048x128x1x1
l_out-18,kernel_add,0.035900,8192x1x1,64x1x1,2048x128x1x1
attn_norm-19,kernel_rms_norm_mul,0.033700,131072x1x1,1024x1x1,2048x128x1x1
q-19,kernel_transpose_32_16,0.017300,512x32x0,1x16x0,3072x128x1x1
q-19,kernel_mul_mat_Ab_Bi_8x4,0.636700,16x768x1,1x128x1,3072x128x1x1
q_pe-19,kernel_rope_norm_f32,0.019100,1024x128x1,64x1x1,64x16x128x1
Qcur-19,kernel_concat_f32_non_contiguous,0.353900,16x128x1,0x0x0,192x16x128x1
kv_cmpr_pe-19,kernel_transpose_32_16,0.021000,512x32x0,1x16x0,576x128x1x1
kv_cmpr_pe-19,kernel_mul_mat_Ab_Bi_8x4,0.314300,16x144x1,1x128x1,576x128x1x1
k_pe-19,kernel_rope_norm_f32,0.003400,64x128x1,64x1x1,64x1x128x1
node_1222,kernel_repeat,0.284700,16x128x1,0x0x0,64x16x128x1
kv_cmpr-19,kernel_rms_norm_mul,0.015600,65536x1x1,512x1x1,512x128x1x1
kv-19,kernel_transpose_32_16,0.006700,128x32x0,1x16x0,4096x128x1x1
kv-19,kernel_mul_mat_Ab_Bi_8x4,0.224900,16x1024x1,1x128x1,4096x128x1x1
Kcur-19,kernel_concat_f32_non_contiguous,0.470000,16x128x1,0x0x0,192x16x128x1
Vcur_cont-19,kernel_cpy_f32_f32,0.023300,1024x128x1,64x1x1,128x16x128x1
cache_k_l19 (view),kernel_set_rows_f16_i64,0.031100,131072x1x1,1024x1x1,3072x4096x1x1
cache_v_l19 (view),kernel_set_rows_f16_i64,0.022000,131072x1x1,1024x1x1,2048x4096x1x1
__fattn__-19,flash_attn_f32_f16,18.893801,128x16x0,16x1x0,128x16x128x1
node_1243,kernel_transpose_32_16,0.015900,512x32x0,1x16x0,2048x128x1x1
node_1243,kernel_mul_mat_Ab_Bi_8x4,0.511200,16x512x1,1x128x1,2048x128x1x1
ffn_inp-19,kernel_add,0.032500,8192x1x1,64x1x1,2048x128x1x1
ffn_norm-19,kernel_rms_norm_mul,0.034300,131072x1x1,1024x1x1,2048x128x1x1
ffn_moe_logits-19,kernel_mul_mm_f32_f32_l4_lm,0.521300,128x2x1,128x1x1,64x128x1x1
ffn_moe_probs-19,kernel_soft_max_4,0.004300,8192x1x1,64x1x1,64x128x1x1
ffn_moe_argsort-19,kernel_argsort_f32_i32,0.025000,64x128x1,64x1x1,64x128x1x1
ffn_moe_weights-19,kernel_get_rows_f32,0.006600,384x128x1,64x1x1,1x6x128x1
ffn_moe_weights_scaled-19,kernel_scale,0.001900,192x1x1,64x1x1,1x6x128x1
ffn_moe_gate-19,kernel_mul_mv_id_q4_0_f32_8x_flat,18.385700,11264x1x768,64x1x1,1408x6x128x1
ffn_moe_up-19,kernel_mul_mv_id_q4_0_f32_8x_flat,18.447500,11264x1x768,64x1x1,1408x6x128x1
ffn_moe_weighted-19,kernel_swiglu,0.170600,393216x1x1,512x1x1,1408x6x128x1
ffn_moe_down-19,kernel_mul_mv_id_q4_0_f32_8x_flat,19.728399,16384x1x768,64x1x1,2048x6x128x1
node_1259,kernel_mul,0.201100,384x128x1,64x1x1,2048x6x128x1
ffn_gate-19,kernel_transpose_32_16,0.023100,512x32x0,1x16x0,2816x128x1x1
ffn_gate-19,kernel_mul_mat_Ab_Bi_8x4,0.606500,16x704x1,1x128x1,2816x128x1x1
ffn_up-19,kernel_transpose_32_16,0.019500,512x32x0,1x16x0,2816x128x1x1
ffn_up-19,kernel_mul_mat_Ab_Bi_8x4,0.608300,16x704x1,1x128x1,2816x128x1x1
ffn_swiglu-19,kernel_swiglu,0.045700,65536x1x1,512x1x1,2816x128x1x1
node_1269,kernel_add,0.046800,8192x1x1,64x1x1,2048x128x1x1
node_1270,kernel_add,0.036600,8192x1x1,64x1x1,2048x128x1x1
node_1271,kernel_add,0.038400,8192x1x1,64x1x1,2048x128x1x1
node_1272,kernel_add,0.039200,8192x1x1,64x1x1,2048x128x1x1
ffn_moe_out-19,kernel_add,0.032300,8192x1x1,64x1x1,2048x128x1x1
ffn_shexp-19,kernel_transpose_32_16,0.033600,704x32x0,1x16x0,2048x128x1x1
ffn_shexp-19,kernel_mul_mat_Ab_Bi_8x4,0.704500,16x512x1,1x128x1,2048x128x1x1
ffn_out-19,kernel_add,0.034300,8192x1x1,64x1x1,2048x128x1x1
l_out-19,kernel_add,0.038300,8192x1x1,64x1x1,2048x128x1x1
attn_norm-20,kernel_rms_norm_mul,0.034400,131072x1x1,1024x1x1,2048x128x1x1
q-20,kernel_transpose_32_16,0.017700,512x32x0,1x16x0,3072x128x1x1
q-20,kernel_mul_mat_Ab_Bi_8x4,0.634800,16x768x1,1x128x1,3072x128x1x1
q_pe-20,kernel_rope_norm_f32,0.016300,1024x128x1,64x1x1,64x16x128x1
Qcur-20,kernel_concat_f32_non_contiguous,0.352100,16x128x1,0x0x0,192x16x128x1
kv_cmpr_pe-20,kernel_transpose_32_16,0.021000,512x32x0,1x16x0,576x128x1x1
kv_cmpr_pe-20,kernel_mul_mat_Ab_Bi_8x4,0.315600,16x144x1,1x128x1,576x128x1x1
k_pe-20,kernel_rope_norm_f32,0.003200,64x128x1,64x1x1,64x1x128x1
node_1287,kernel_repeat,0.288200,16x128x1,0x0x0,64x16x128x1
kv_cmpr-20,kernel_rms_norm_mul,0.015500,65536x1x1,512x1x1,512x128x1x1
kv-20,kernel_transpose_32_16,0.006100,128x32x0,1x16x0,4096x128x1x1
kv-20,kernel_mul_mat_Ab_Bi_8x4,0.227800,16x1024x1,1x128x1,4096x128x1x1
Kcur-20,kernel_concat_f32_non_contiguous,0.475400,16x128x1,0x0x0,192x16x128x1
Vcur_cont-20,kernel_cpy_f32_f32,0.023200,1024x128x1,64x1x1,128x16x128x1
cache_k_l20 (view),kernel_set_rows_f16_i64,0.029400,131072x1x1,1024x1x1,3072x4096x1x1
cache_v_l20 (view),kernel_set_rows_f16_i64,0.021900,131072x1x1,1024x1x1,2048x4096x1x1
__fattn__-20,flash_attn_f32_f16,18.904600,128x16x0,16x1x0,128x16x128x1
node_1308,kernel_transpose_32_16,0.016400,512x32x0,1x16x0,2048x128x1x1
node_1308,kernel_mul_mat_Ab_Bi_8x4,0.507200,16x512x1,1x128x1,2048x128x1x1
ffn_inp-20,kernel_add,0.032200,8192x1x1,64x1x1,2048x128x1x1
ffn_norm-20,kernel_rms_norm_mul,0.034200,131072x1x1,1024x1x1,2048x128x1x1
ffn_moe_logits-20,kernel_mul_mm_f32_f32_l4_lm,0.508600,128x2x1,128x1x1,64x128x1x1
ffn_moe_probs-20,kernel_soft_max_4,0.004500,8192x1x1,64x1x1,64x128x1x1
ffn_moe_argsort-20,kernel_argsort_f32_i32,0.024900,64x128x1,64x1x1,64x128x1x1
ffn_moe_weights-20,kernel_get_rows_f32,0.006200,384x128x1,64x1x1,1x6x128x1
ffn_moe_weights_scaled-20,kernel_scale,0.001900,192x1x1,64x1x1,1x6x128x1
ffn_moe_gate-20,kernel_mul_mv_id_q4_0_f32_8x_flat,18.391399,11264x1x768,64x1x1,1408x6x128x1
ffn_moe_up-20,kernel_mul_mv_id_q4_0_f32_8x_flat,18.389400,11264x1x768,64x1x1,1408x6x128x1
ffn_moe_weighted-20,kernel_swiglu,0.171400,393216x1x1,512x1x1,1408x6x128x1
ffn_moe_down-20,kernel_mul_mv_id_q4_0_f32_8x_flat,19.728100,16384x1x768,64x1x1,2048x6x128x1
node_1324,kernel_mul,0.201400,384x128x1,64x1x1,2048x6x128x1
ffn_gate-20,kernel_transpose_32_16,0.023200,512x32x0,1x16x0,2816x128x1x1
ffn_gate-20,kernel_mul_mat_Ab_Bi_8x4,0.609700,16x704x1,1x128x1,2816x128x1x1
ffn_up-20,kernel_transpose_32_16,0.019600,512x32x0,1x16x0,2816x128x1x1
ffn_up-20,kernel_mul_mat_Ab_Bi_8x4,0.614400,16x704x1,1x128x1,2816x128x1x1
ffn_swiglu-20,kernel_swiglu,0.043300,65536x1x1,512x1x1,2816x128x1x1
node_1334,kernel_add,0.047500,8192x1x1,64x1x1,2048x128x1x1
node_1335,kernel_add,0.032900,8192x1x1,64x1x1,2048x128x1x1
node_1336,kernel_add,0.034100,8192x1x1,64x1x1,2048x128x1x1
node_1337,kernel_add,0.034200,8192x1x1,64x1x1,2048x128x1x1
ffn_moe_out-20,kernel_add,0.034300,8192x1x1,64x1x1,2048x128x1x1
ffn_shexp-20,kernel_transpose_32_16,0.032500,704x32x0,1x16x0,2048x128x1x1
ffn_shexp-20,kernel_mul_mat_Ab_Bi_8x4,0.703100,16x512x1,1x128x1,2048x128x1x1
ffn_out-20,kernel_add,0.029800,8192x1x1,64x1x1,2048x128x1x1
l_out-20,kernel_add,0.037500,8192x1x1,64x1x1,2048x128x1x1
attn_norm-21,kernel_rms_norm_mul,0.033700,131072x1x1,1024x1x1,2048x128x1x1
q-21,kernel_transpose_32_16,0.017800,512x32x0,1x16x0,3072x128x1x1
q-21,kernel_mul_mat_Ab_Bi_8x4,0.636300,16x768x1,1x128x1,3072x128x1x1
q_pe-21,kernel_rope_norm_f32,0.019500,1024x128x1,64x1x1,64x16x128x1
Qcur-21,kernel_concat_f32_non_contiguous,0.352600,16x128x1,0x0x0,192x16x128x1
kv_cmpr_pe-21,kernel_transpose_32_16,0.021400,512x32x0,1x16x0,576x128x1x1
kv_cmpr_pe-21,kernel_mul_mat_Ab_Bi_8x4,0.312500,16x144x1,1x128x1,576x128x1x1
k_pe-21,kernel_rope_norm_f32,0.003500,64x128x1,64x1x1,64x1x128x1
node_1352,kernel_repeat,0.286100,16x128x1,0x0x0,64x16x128x1
kv_cmpr-21,kernel_rms_norm_mul,0.015600,65536x1x1,512x1x1,512x128x1x1
kv-21,kernel_transpose_32_16,0.006700,128x32x0,1x16x0,4096x128x1x1
kv-21,kernel_mul_mat_Ab_Bi_8x4,0.225300,16x1024x1,1x128x1,4096x128x1x1
Kcur-21,kernel_concat_f32_non_contiguous,0.597400,16x128x1,0x0x0,192x16x128x1
Vcur_cont-21,kernel_cpy_f32_f32,0.023300,1024x128x1,64x1x1,128x16x128x1
cache_k_l21 (view),kernel_set_rows_f16_i64,0.027700,131072x1x1,1024x1x1,3072x4096x1x1
cache_v_l21 (view),kernel_set_rows_f16_i64,0.022200,131072x1x1,1024x1x1,2048x4096x1x1
__fattn__-21,flash_attn_f32_f16,18.861200,128x16x0,16x1x0,128x16x128x1
node_1373,kernel_transpose_32_16,0.016300,512x32x0,1x16x0,2048x128x1x1
node_1373,kernel_mul_mat_Ab_Bi_8x4,0.509400,16x512x1,1x128x1,2048x128x1x1
ffn_inp-21,kernel_add,0.032500,8192x1x1,64x1x1,2048x128x1x1
ffn_norm-21,kernel_rms_norm_mul,0.034700,131072x1x1,1024x1x1,2048x128x1x1
ffn_moe_logits-21,kernel_mul_mm_f32_f32_l4_lm,0.518900,128x2x1,128x1x1,64x128x1x1
ffn_moe_probs-21,kernel_soft_max_4,0.004600,8192x1x1,64x1x1,64x128x1x1
ffn_moe_argsort-21,kernel_argsort_f32_i32,0.025100,64x128x1,64x1x1,64x128x1x1
ffn_moe_weights-21,kernel_get_rows_f32,0.006200,384x128x1,64x1x1,1x6x128x1
ffn_moe_weights_scaled-21,kernel_scale,0.001800,192x1x1,64x1x1,1x6x128x1
ffn_moe_gate-21,kernel_mul_mv_id_q4_0_f32_8x_flat,18.429001,11264x1x768,64x1x1,1408x6x128x1
ffn_moe_up-21,kernel_mul_mv_id_q4_0_f32_8x_flat,18.509501,11264x1x768,64x1x1,1408x6x128x1
ffn_moe_weighted-21,kernel_swiglu,0.171000,393216x1x1,512x1x1,1408x6x128x1
ffn_moe_down-21,kernel_mul_mv_id_q4_0_f32_8x_flat,19.697001,16384x1x768,64x1x1,2048x6x128x1
node_1389,kernel_mul,0.198400,384x128x1,64x1x1,2048x6x128x1
ffn_gate-21,kernel_transpose_32_16,0.025000,512x32x0,1x16x0,2816x128x1x1
ffn_gate-21,kernel_mul_mat_Ab_Bi_8x4,0.608500,16x704x1,1x128x1,2816x128x1x1
ffn_up-21,kernel_transpose_32_16,0.020200,512x32x0,1x16x0,2816x128x1x1
ffn_up-21,kernel_mul_mat_Ab_Bi_8x4,0.608400,16x704x1,1x128x1,2816x128x1x1
ffn_swiglu-21,kernel_swiglu,0.045400,65536x1x1,512x1x1,2816x128x1x1
node_1399,kernel_add,0.047000,8192x1x1,64x1x1,2048x128x1x1
node_1400,kernel_add,0.037600,8192x1x1,64x1x1,2048x128x1x1
node_1401,kernel_add,0.031900,8192x1x1,64x1x1,2048x128x1x1
node_1402,kernel_add,0.037600,8192x1x1,64x1x1,2048x128x1x1
ffn_moe_out-21,kernel_add,0.036900,8192x1x1,64x1x1,2048x128x1x1
ffn_shexp-21,kernel_transpose_32_16,0.033200,704x32x0,1x16x0,2048x128x1x1
ffn_shexp-21,kernel_mul_mat_Ab_Bi_8x4,0.705700,16x512x1,1x128x1,2048x128x1x1
ffn_out-21,kernel_add,0.035200,8192x1x1,64x1x1,2048x128x1x1
l_out-21,kernel_add,0.036400,8192x1x1,64x1x1,2048x128x1x1
attn_norm-22,kernel_rms_norm_mul,0.034100,131072x1x1,1024x1x1,2048x128x1x1
q-22,kernel_transpose_32_16,0.015500,512x32x0,1x16x0,3072x128x1x1
q-22,kernel_mul_mat_Ab_Bi_8x4,0.637800,16x768x1,1x128x1,3072x128x1x1
q_pe-22,kernel_rope_norm_f32,0.018800,1024x128x1,64x1x1,64x16x128x1
Qcur-22,kernel_concat_f32_non_contiguous,0.354100,16x128x1,0x0x0,192x16x128x1
kv_cmpr_pe-22,kernel_transpose_32_16,0.021600,512x32x0,1x16x0,576x128x1x1
kv_cmpr_pe-22,kernel_mul_mat_Ab_Bi_8x4,0.314900,16x144x1,1x128x1,576x128x1x1
k_pe-22,kernel_rope_norm_f32,0.003300,64x128x1,64x1x1,64x1x128x1
node_1417,kernel_repeat,0.287800,16x128x1,0x0x0,64x16x128x1
kv_cmpr-22,kernel_rms_norm_mul,0.015900,65536x1x1,512x1x1,512x128x1x1
kv-22,kernel_transpose_32_16,0.005500,128x32x0,1x16x0,4096x128x1x1
kv-22,kernel_mul_mat_Ab_Bi_8x4,0.227100,16x1024x1,1x128x1,4096x128x1x1
Kcur-22,kernel_concat_f32_non_contiguous,0.607300,16x128x1,0x0x0,192x16x128x1
Vcur_cont-22,kernel_cpy_f32_f32,0.023300,1024x128x1,64x1x1,128x16x128x1
cache_k_l22 (view),kernel_set_rows_f16_i64,0.029600,131072x1x1,1024x1x1,3072x4096x1x1
cache_v_l22 (view),kernel_set_rows_f16_i64,0.021600,131072x1x1,1024x1x1,2048x4096x1x1
__fattn__-22,flash_attn_f32_f16,18.914301,128x16x0,16x1x0,128x16x128x1
node_1438,kernel_transpose_32_16,0.015700,512x32x0,1x16x0,2048x128x1x1
node_1438,kernel_mul_mat_Ab_Bi_8x4,0.510000,16x512x1,1x128x1,2048x128x1x1
ffn_inp-22,kernel_add,0.033800,8192x1x1,64x1x1,2048x128x1x1
ffn_norm-22,kernel_rms_norm_mul,0.034000,131072x1x1,1024x1x1,2048x128x1x1
ffn_moe_logits-22,kernel_mul_mm_f32_f32_l4_lm,0.513400,128x2x1,128x1x1,64x128x1x1
ffn_moe_probs-22,kernel_soft_max_4,0.004300,8192x1x1,64x1x1,64x128x1x1
ffn_moe_argsort-22,kernel_argsort_f32_i32,0.025100,64x128x1,64x1x1,64x128x1x1
ffn_moe_weights-22,kernel_get_rows_f32,0.006200,384x128x1,64x1x1,1x6x128x1
ffn_moe_weights_scaled-22,kernel_scale,0.002100,192x1x1,64x1x1,1x6x128x1
ffn_moe_gate-22,kernel_mul_mv_id_q4_0_f32_8x_flat,18.401400,11264x1x768,64x1x1,1408x6x128x1
ffn_moe_up-22,kernel_mul_mv_id_q4_0_f32_8x_flat,18.409100,11264x1x768,64x1x1,1408x6x128x1
ffn_moe_weighted-22,kernel_swiglu,0.170700,393216x1x1,512x1x1,1408x6x128x1
ffn_moe_down-22,kernel_mul_mv_id_q4_0_f32_8x_flat,19.754801,16384x1x768,64x1x1,2048x6x128x1
node_1454,kernel_mul,0.201000,384x128x1,64x1x1,2048x6x128x1
ffn_gate-22,kernel_transpose_32_16,0.023200,512x32x0,1x16x0,2816x128x1x1
ffn_gate-22,kernel_mul_mat_Ab_Bi_8x4,0.610600,16x704x1,1x128x1,2816x128x1x1
ffn_up-22,kernel_transpose_32_16,0.016400,512x32x0,1x16x0,2816x128x1x1
ffn_up-22,kernel_mul_mat_Ab_Bi_8x4,0.606400,16x704x1,1x128x1,2816x128x1x1
ffn_swiglu-22,kernel_swiglu,0.045200,65536x1x1,512x1x1,2816x128x1x1
node_1464,kernel_add,0.045000,8192x1x1,64x1x1,2048x128x1x1
node_1465,kernel_add,0.033200,8192x1x1,64x1x1,2048x128x1x1
node_1466,kernel_add,0.034800,8192x1x1,64x1x1,2048x128x1x1
node_1467,kernel_add,0.035000,8192x1x1,64x1x1,2048x128x1x1
ffn_moe_out-22,kernel_add,0.033800,8192x1x1,64x1x1,2048x128x1x1
ffn_shexp-22,kernel_transpose_32_16,0.027100,704x32x0,1x16x0,2048x128x1x1
ffn_shexp-22,kernel_mul_mat_Ab_Bi_8x4,0.704900,16x512x1,1x128x1,2048x128x1x1
ffn_out-22,kernel_add,0.031500,8192x1x1,64x1x1,2048x128x1x1
l_out-22,kernel_add,0.035900,8192x1x1,64x1x1,2048x128x1x1
attn_norm-23,kernel_rms_norm_mul,0.034000,131072x1x1,1024x1x1,2048x128x1x1
q-23,kernel_transpose_32_16,0.017100,512x32x0,1x16x0,3072x128x1x1
q-23,kernel_mul_mat_Ab_Bi_8x4,0.637300,16x768x1,1x128x1,3072x128x1x1
q_pe-23,kernel_rope_norm_f32,0.019300,1024x128x1,64x1x1,64x16x128x1
Qcur-23,kernel_concat_f32_non_contiguous,0.347600,16x128x1,0x0x0,192x16x128x1
kv_cmpr_pe-23,kernel_transpose_32_16,0.021400,512x32x0,1x16x0,576x128x1x1
kv_cmpr_pe-23,kernel_mul_mat_Ab_Bi_8x4,0.317000,16x144x1,1x128x1,576x128x1x1
k_pe-23,kernel_rope_norm_f32,0.003400,64x128x1,64x1x1,64x1x128x1
node_1482,kernel_repeat,0.288000,16x128x1,0x0x0,64x16x128x1
kv_cmpr-23,kernel_rms_norm_mul,0.015700,65536x1x1,512x1x1,512x128x1x1
kv-23,kernel_transpose_32_16,0.006200,128x32x0,1x16x0,4096x128x1x1
kv-23,kernel_mul_mat_Ab_Bi_8x4,0.227700,16x1024x1,1x128x1,4096x128x1x1
Kcur-23,kernel_concat_f32_non_contiguous,0.590300,16x128x1,0x0x0,192x16x128x1
Vcur_cont-23,kernel_cpy_f32_f32,0.023300,1024x128x1,64x1x1,128x16x128x1
cache_k_l23 (view),kernel_set_rows_f16_i64,0.030500,131072x1x1,1024x1x1,3072x4096x1x1
cache_v_l23 (view),kernel_set_rows_f16_i64,0.022500,131072x1x1,1024x1x1,2048x4096x1x1
__fattn__-23,flash_attn_f32_f16,18.911600,128x16x0,16x1x0,128x16x128x1
node_1503,kernel_transpose_32_16,0.016700,512x32x0,1x16x0,2048x128x1x1
node_1503,kernel_mul_mat_Ab_Bi_8x4,0.510100,16x512x1,1x128x1,2048x128x1x1
ffn_inp-23,kernel_add,0.033500,8192x1x1,64x1x1,2048x128x1x1
ffn_norm-23,kernel_rms_norm_mul,0.033600,131072x1x1,1024x1x1,2048x128x1x1
ffn_moe_logits-23,kernel_mul_mm_f32_f32_l4_lm,0.507200,128x2x1,128x1x1,64x128x1x1
ffn_moe_probs-23,kernel_soft_max_4,0.004700,8192x1x1,64x1x1,64x128x1x1
ffn_moe_argsort-23,kernel_argsort_f32_i32,0.024900,64x128x1,64x1x1,64x128x1x1
ffn_moe_weights-23,kernel_get_rows_f32,0.006200,384x128x1,64x1x1,1x6x128x1
ffn_moe_weights_scaled-23,kernel_scale,0.001800,192x1x1,64x1x1,1x6x128x1
ffn_moe_gate-23,kernel_mul_mv_id_q4_0_f32_8x_flat,18.480101,11264x1x768,64x1x1,1408x6x128x1
ffn_moe_up-23,kernel_mul_mv_id_q4_0_f32_8x_flat,18.607599,11264x1x768,64x1x1,1408x6x128x1
ffn_moe_weighted-23,kernel_swiglu,0.173500,393216x1x1,512x1x1,1408x6x128x1
ffn_moe_down-23,kernel_mul_mv_id_q4_0_f32_8x_flat,19.771799,16384x1x768,64x1x1,2048x6x128x1
node_1519,kernel_mul,0.199400,384x128x1,64x1x1,2048x6x128x1
ffn_gate-23,kernel_transpose_32_16,0.023500,512x32x0,1x16x0,2816x128x1x1
ffn_gate-23,kernel_mul_mat_Ab_Bi_8x4,0.611100,16x704x1,1x128x1,2816x128x1x1
ffn_up-23,kernel_transpose_32_16,0.019400,512x32x0,1x16x0,2816x128x1x1
ffn_up-23,kernel_mul_mat_Ab_Bi_8x4,0.613100,16x704x1,1x128x1,2816x128x1x1
ffn_swiglu-23,kernel_swiglu,0.044600,65536x1x1,512x1x1,2816x128x1x1
node_1529,kernel_add,0.040100,8192x1x1,64x1x1,2048x128x1x1
node_1530,kernel_add,0.035400,8192x1x1,64x1x1,2048x128x1x1
node_1531,kernel_add,0.037700,8192x1x1,64x1x1,2048x128x1x1
node_1532,kernel_add,0.039200,8192x1x1,64x1x1,2048x128x1x1
ffn_moe_out-23,kernel_add,0.039100,8192x1x1,64x1x1,2048x128x1x1
ffn_shexp-23,kernel_transpose_32_16,0.032700,704x32x0,1x16x0,2048x128x1x1
ffn_shexp-23,kernel_mul_mat_Ab_Bi_8x4,0.705800,16x512x1,1x128x1,2048x128x1x1
ffn_out-23,kernel_add,0.034700,8192x1x1,64x1x1,2048x128x1x1
l_out-23,kernel_add,0.032200,8192x1x1,64x1x1,2048x128x1x1
attn_norm-24,kernel_rms_norm_mul,0.034200,131072x1x1,1024x1x1,2048x128x1x1
q-24,kernel_transpose_32_16,0.017500,512x32x0,1x16x0,3072x128x1x1
q-24,kernel_mul_mat_Ab_Bi_8x4,0.638600,16x768x1,1x128x1,3072x128x1x1
q_pe-24,kernel_rope_norm_f32,0.019700,1024x128x1,64x1x1,64x16x128x1
Qcur-24,kernel_concat_f32_non_contiguous,0.353200,16x128x1,0x0x0,192x16x128x1
kv_cmpr_pe-24,kernel_transpose_32_16,0.021000,512x32x0,1x16x0,576x128x1x1
kv_cmpr_pe-24,kernel_mul_mat_Ab_Bi_8x4,0.315000,16x144x1,1x128x1,576x128x1x1
k_pe-24,kernel_rope_norm_f32,0.003600,64x128x1,64x1x1,64x1x128x1
node_1547,kernel_repeat,0.284500,16x128x1,0x0x0,64x16x128x1
kv_cmpr-24,kernel_rms_norm_mul,0.015700,65536x1x1,512x1x1,512x128x1x1
kv-24,kernel_transpose_32_16,0.006100,128x32x0,1x16x0,4096x128x1x1
kv-24,kernel_mul_mat_Ab_Bi_8x4,0.225300,16x1024x1,1x128x1,4096x128x1x1
Kcur-24,kernel_concat_f32_non_contiguous,0.592400,16x128x1,0x0x0,192x16x128x1
Vcur_cont-24,kernel_cpy_f32_f32,0.023300,1024x128x1,64x1x1,128x16x128x1
cache_k_l24 (view),kernel_set_rows_f16_i64,0.030200,131072x1x1,1024x1x1,3072x4096x1x1
cache_v_l24 (view),kernel_set_rows_f16_i64,0.019900,131072x1x1,1024x1x1,2048x4096x1x1
__fattn__-24,flash_attn_f32_f16,18.888000,128x16x0,16x1x0,128x16x128x1
node_1568,kernel_transpose_32_16,0.016000,512x32x0,1x16x0,2048x128x1x1
node_1568,kernel_mul_mat_Ab_Bi_8x4,0.513000,16x512x1,1x128x1,2048x128x1x1
ffn_inp-24,kernel_add,0.034700,8192x1x1,64x1x1,2048x128x1x1
ffn_norm-24,kernel_rms_norm_mul,0.034000,131072x1x1,1024x1x1,2048x128x1x1
ffn_moe_logits-24,kernel_mul_mm_f32_f32_l4_lm,0.521600,128x2x1,128x1x1,64x128x1x1
ffn_moe_probs-24,kernel_soft_max_4,0.004400,8192x1x1,64x1x1,64x128x1x1
ffn_moe_argsort-24,kernel_argsort_f32_i32,0.025200,64x128x1,64x1x1,64x128x1x1
ffn_moe_weights-24,kernel_get_rows_f32,0.006200,384x128x1,64x1x1,1x6x128x1
ffn_moe_weights_scaled-24,kernel_scale,0.001800,192x1x1,64x1x1,1x6x128x1
ffn_moe_gate-24,kernel_mul_mv_id_q4_0_f32_8x_flat,18.381100,11264x1x768,64x1x1,1408x6x128x1
ffn_moe_up-24,kernel_mul_mv_id_q4_0_f32_8x_flat,18.264500,11264x1x768,64x1x1,1408x6x128x1
ffn_moe_weighted-24,kernel_swiglu,0.172000,393216x1x1,512x1x1,1408x6x128x1
ffn_moe_down-24,kernel_mul_mv_id_q4_0_f32_8x_flat,19.694799,16384x1x768,64x1x1,2048x6x128x1
node_1584,kernel_mul,0.201000,384x128x1,64x1x1,2048x6x128x1
ffn_gate-24,kernel_transpose_32_16,0.020300,512x32x0,1x16x0,2816x128x1x1
ffn_gate-24,kernel_mul_mat_Ab_Bi_8x4,0.605700,16x704x1,1x128x1,2816x128x1x1
ffn_up-24,kernel_transpose_32_16,0.019600,512x32x0,1x16x0,2816x128x1x1
ffn_up-24,kernel_mul_mat_Ab_Bi_8x4,0.608600,16x704x1,1x128x1,2816x128x1x1
ffn_swiglu-24,kernel_swiglu,0.045900,65536x1x1,512x1x1,2816x128x1x1
node_1594,kernel_add,0.046100,8192x1x1,64x1x1,2048x128x1x1
node_1595,kernel_add,0.033700,8192x1x1,64x1x1,2048x128x1x1
node_1596,kernel_add,0.034000,8192x1x1,64x1x1,2048x128x1x1
node_1597,kernel_add,0.031700,8192x1x1,64x1x1,2048x128x1x1
ffn_moe_out-24,kernel_add,0.033200,8192x1x1,64x1x1,2048x128x1x1
ffn_shexp-24,kernel_transpose_32_16,0.033400,704x32x0,1x16x0,2048x128x1x1
ffn_shexp-24,kernel_mul_mat_Ab_Bi_8x4,0.704100,16x512x1,1x128x1,2048x128x1x1
ffn_out-24,kernel_add,0.032600,8192x1x1,64x1x1,2048x128x1x1
l_out-24,kernel_add,0.036200,8192x1x1,64x1x1,2048x128x1x1
attn_norm-25,kernel_rms_norm_mul,0.033900,131072x1x1,1024x1x1,2048x128x1x1
q-25,kernel_transpose_32_16,0.017500,512x32x0,1x16x0,3072x128x1x1
q-25,kernel_mul_mat_Ab_Bi_8x4,0.639000,16x768x1,1x128x1,3072x128x1x1
q_pe-25,kernel_rope_norm_f32,0.019300,1024x128x1,64x1x1,64x16x128x1
Qcur-25,kernel_concat_f32_non_contiguous,0.353200,16x128x1,0x0x0,192x16x128x1
kv_cmpr_pe-25,kernel_transpose_32_16,0.021600,512x32x0,1x16x0,576x128x1x1
kv_cmpr_pe-25,kernel_mul_mat_Ab_Bi_8x4,0.315900,16x144x1,1x128x1,576x128x1x1
k_pe-25,kernel_rope_norm_f32,0.003300,64x128x1,64x1x1,64x1x128x1
node_1612,kernel_repeat,0.288400,16x128x1,0x0x0,64x16x128x1
kv_cmpr-25,kernel_rms_norm_mul,0.015900,65536x1x1,512x1x1,512x128x1x1
kv-25,kernel_transpose_32_16,0.005700,128x32x0,1x16x0,4096x128x1x1
kv-25,kernel_mul_mat_Ab_Bi_8x4,0.226500,16x1024x1,1x128x1,4096x128x1x1
Kcur-25,kernel_concat_f32_non_contiguous,0.587500,16x128x1,0x0x0,192x16x128x1
Vcur_cont-25,kernel_cpy_f32_f32,0.024500,1024x128x1,64x1x1,128x16x128x1
cache_k_l25 (view),kernel_set_rows_f16_i64,0.032300,131072x1x1,1024x1x1,3072x4096x1x1
cache_v_l25 (view),kernel_set_rows_f16_i64,0.022400,131072x1x1,1024x1x1,2048x4096x1x1
__fattn__-25,flash_attn_f32_f16,18.864500,128x16x0,16x1x0,128x16x128x1
node_1633,kernel_transpose_32_16,0.016600,512x32x0,1x16x0,2048x128x1x1
node_1633,kernel_mul_mat_Ab_Bi_8x4,0.509200,16x512x1,1x128x1,2048x128x1x1
ffn_inp-25,kernel_add,0.033800,8192x1x1,64x1x1,2048x128x1x1
ffn_norm-25,kernel_rms_norm_mul,0.034200,131072x1x1,1024x1x1,2048x128x1x1
ffn_moe_logits-25,kernel_mul_mm_f32_f32_l4_lm,0.522100,128x2x1,128x1x1,64x128x1x1
ffn_moe_probs-25,kernel_soft_max_4,0.004400,8192x1x1,64x1x1,64x128x1x1
ffn_moe_argsort-25,kernel_argsort_f32_i32,0.025100,64x128x1,64x1x1,64x128x1x1
ffn_moe_weights-25,kernel_get_rows_f32,0.006300,384x128x1,64x1x1,1x6x128x1
ffn_moe_weights_scaled-25,kernel_scale,0.001900,192x1x1,64x1x1,1x6x128x1
ffn_moe_gate-25,kernel_mul_mv_id_q4_0_f32_8x_flat,18.341900,11264x1x768,64x1x1,1408x6x128x1
ffn_moe_up-25,kernel_mul_mv_id_q4_0_f32_8x_flat,18.296499,11264x1x768,64x1x1,1408x6x128x1
ffn_moe_weighted-25,kernel_swiglu,0.171100,393216x1x1,512x1x1,1408x6x128x1
ffn_moe_down-25,kernel_mul_mv_id_q4_0_f32_8x_flat,19.539700,16384x1x768,64x1x1,2048x6x128x1
node_1649,kernel_mul,0.198400,384x128x1,64x1x1,2048x6x128x1
ffn_gate-25,kernel_transpose_32_16,0.024000,512x32x0,1x16x0,2816x128x1x1
ffn_gate-25,kernel_mul_mat_Ab_Bi_8x4,0.610200,16x704x1,1x128x1,2816x128x1x1
ffn_up-25,kernel_transpose_32_16,0.019700,512x32x0,1x16x0,2816x128x1x1
ffn_up-25,kernel_mul_mat_Ab_Bi_8x4,0.606500,16x704x1,1x128x1,2816x128x1x1
ffn_swiglu-25,kernel_swiglu,0.045100,65536x1x1,512x1x1,2816x128x1x1
node_1659,kernel_add,0.047200,8192x1x1,64x1x1,2048x128x1x1
node_1660,kernel_add,0.038000,8192x1x1,64x1x1,2048x128x1x1
node_1661,kernel_add,0.038100,8192x1x1,64x1x1,2048x128x1x1
node_1662,kernel_add,0.038500,8192x1x1,64x1x1,2048x128x1x1
ffn_moe_out-25,kernel_add,0.038800,8192x1x1,64x1x1,2048x128x1x1
ffn_shexp-25,kernel_transpose_32_16,0.032100,704x32x0,1x16x0,2048x128x1x1
ffn_shexp-25,kernel_mul_mat_Ab_Bi_8x4,0.703100,16x512x1,1x128x1,2048x128x1x1
ffn_out-25,kernel_add,0.034600,8192x1x1,64x1x1,2048x128x1x1
l_out-25,kernel_add,0.038800,8192x1x1,64x1x1,2048x128x1x1
attn_norm-26,kernel_rms_norm_mul,0.035000,131072x1x1,1024x1x1,2048x128x1x1
q-26,kernel_transpose_32_16,0.017000,512x32x0,1x16x0,3072x128x1x1
q-26,kernel_mul_mat_Ab_Bi_8x4,0.637000,16x768x1,1x128x1,3072x128x1x1
q_pe-26,kernel_rope_norm_f32,0.019900,1024x128x1,64x1x1,64x16x128x1
Qcur-26,kernel_concat_f32_non_contiguous,0.353000,16x128x1,0x0x0,192x16x128x1
kv_cmpr_pe-26,kernel_transpose_32_16,0.018400,512x32x0,1x16x0,576x128x1x1
kv_cmpr_pe-26,kernel_mul_mat_Ab_Bi_8x4,0.315500,16x144x1,1x128x1,576x128x1x1
k_pe-26,kernel_rope_norm_f32,0.003300,64x128x1,64x1x1,64x1x128x1
node_1677,kernel_repeat,0.287500,16x128x1,0x0x0,64x16x128x1
kv_cmpr-26,kernel_rms_norm_mul,0.015800,65536x1x1,512x1x1,512x128x1x1
kv-26,kernel_transpose_32_16,0.005900,128x32x0,1x16x0,4096x128x1x1
kv-26,kernel_mul_mat_Ab_Bi_8x4,0.224500,16x1024x1,1x128x1,4096x128x1x1
Kcur-26,kernel_concat_f32_non_contiguous,0.616600,16x128x1,0x0x0,192x16x128x1
Vcur_cont-26,kernel_cpy_f32_f32,0.019400,1024x128x1,64x1x1,128x16x128x1
cache_k_l26 (view),kernel_set_rows_f16_i64,0.030200,131072x1x1,1024x1x1,3072x4096x1x1
cache_v_l26 (view),kernel_set_rows_f16_i64,0.021700,131072x1x1,1024x1x1,2048x4096x1x1
__fattn__-26,flash_attn_f32_f16,18.876900,128x16x0,16x1x0,128x16x128x1
node_1698,kernel_transpose_32_16,0.016300,512x32x0,1x16x0,2048x128x1x1
node_1698,kernel_mul_mat_Ab_Bi_8x4,0.509900,16x512x1,1x128x1,2048x128x1x1
attn_norm-0,kernel_rms_norm_mul,0.035700,131072x1x1,1024x1x1,2048x128x1x1
q-0,kernel_transpose_32_16,0.017400,512x32x0,1x16x0,3072x128x1x1
q-0,kernel_mul_mat_Ab_Bi_8x4,0.637900,16x768x1,1x128x1,3072x128x1x1
q_pe-0,kernel_rope_norm_f32,0.019300,1024x128x1,64x1x1,64x16x128x1
Qcur-0,kernel_concat_f32_non_contiguous,0.352000,16x128x1,0x0x0,192x16x128x1
kv_cmpr_pe-0,kernel_transpose_32_16,0.020300,512x32x0,1x16x0,576x128x1x1
kv_cmpr_pe-0,kernel_mul_mat_Ab_Bi_8x4,0.318000,16x144x1,1x128x1,576x128x1x1
k_pe-0,kernel_rope_norm_f32,0.003200,64x128x1,64x1x1,64x1x128x1
node_11,kernel_repeat,0.284800,16x128x1,0x0x0,64x16x128x1
kv_cmpr-0,kernel_rms_norm_mul,0.015600,65536x1x1,512x1x1,512x128x1x1
kv-0,kernel_transpose_32_16,0.006600,128x32x0,1x16x0,4096x128x1x1
kv-0,kernel_mul_mat_Ab_Bi_8x4,0.225100,16x1024x1,1x128x1,4096x128x1x1
Kcur-0,kernel_concat_f32_non_contiguous,0.598500,16x128x1,0x0x0,192x16x128x1
Vcur_cont-0,kernel_cpy_f32_f32,0.023500,1024x128x1,64x1x1,128x16x128x1
cache_k_l0 (view),kernel_set_rows_f16_i64,0.031500,131072x1x1,1024x1x1,3072x4096x1x1
cache_v_l0 (view),kernel_set_rows_f16_i64,0.021400,131072x1x1,1024x1x1,2048x4096x1x1
 (copy),kernel_cpy_f32_f16,0.006900,8192x1x1,64x1x1,512x128x1x1
__fattn__-0,flash_attn_f32_f16,18.963800,128x16x0,16x1x0,128x16x128x1
node_33,kernel_transpose_32_16,0.016600,512x32x0,1x16x0,2048x128x1x1
node_33,kernel_mul_mat_Ab_Bi_8x4,0.508700,16x512x1,1x128x1,2048x128x1x1
ffn_inp-0,kernel_add,0.034300,8192x1x1,64x1x1,2048x128x1x1
ffn_norm-0,kernel_rms_norm_mul,0.034000,131072x1x1,1024x1x1,2048x128x1x1
ffn_gate-0,kernel_transpose_32_16,0.017500,512x32x0,1x16x0,10944x128x1x1
ffn_gate-0,kernel_mul_mat_Ab_Bi_8x4,2.063500,16x2736x1,1x128x1,10944x128x1x1
ffn_up-0,kernel_transpose_32_16,0.019800,512x32x0,1x16x0,10944x128x1x1
ffn_up-0,kernel_mul_mat_Ab_Bi_8x4,2.062500,16x2736x1,1x128x1,10944x128x1x1
ffn_swiglu-0,kernel_swiglu,0.233000,65536x1x1,512x1x1,10944x128x1x1
ffn_out-0,kernel_transpose_32_16,0.116100,2736x32x0,1x16x0,2048x128x1x1
ffn_out-0,kernel_mul_mat_Ab_Bi_8x4,2.785000,16x512x1,1x128x1,2048x128x1x1
l_out-0,kernel_add,0.034200,8192x1x1,64x1x1,2048x128x1x1
attn_norm-1,kernel_rms_norm_mul,0.033800,131072x1x1,1024x1x1,2048x128x1x1
q-1,kernel_transpose_32_16,0.017400,512x32x0,1x16x0,3072x128x1x1
q-1,kernel_mul_mat_Ab_Bi_8x4,0.636600,16x768x1,1x128x1,3072x128x1x1
q_pe-1,kernel_rope_norm_f32,0.019900,1024x128x1,64x1x1,64x16x128x1
Qcur-1,kernel_concat_f32_non_contiguous,0.353500,16x128x1,0x0x0,192x16x128x1
kv_cmpr_pe-1,kernel_transpose_32_16,0.020100,512x32x0,1x16x0,576x128x1x1
kv_cmpr_pe-1,kernel_mul_mat_Ab_Bi_8x4,0.317000,16x144x1,1x128x1,576x128x1x1
k_pe-1,kernel_rope_norm_f32,0.003300,64x128x1,64x1x1,64x1x128x1
node_52,kernel_repeat,0.289000,16x128x1,0x0x0,64x16x128x1
kv_cmpr-1,kernel_rms_norm_mul,0.016000,65536x1x1,512x1x1,512x128x1x1
kv-1,kernel_transpose_32_16,0.005800,128x32x0,1x16x0,4096x128x1x1
kv-1,kernel_mul_mat_Ab_Bi_8x4,0.229000,16x1024x1,1x128x1,4096x128x1x1
Kcur-1,kernel_concat_f32_non_contiguous,0.601600,16x128x1,0x0x0,192x16x128x1
Vcur_cont-1,kernel_cpy_f32_f32,0.023500,1024x128x1,64x1x1,128x16x128x1
cache_k_l1 (view),kernel_set_rows_f16_i64,0.030300,131072x1x1,1024x1x1,3072x4096x1x1
cache_v_l1 (view),kernel_set_rows_f16_i64,0.022200,131072x1x1,1024x1x1,2048x4096x1x1
__fattn__-1,flash_attn_f32_f16,19.020100,128x16x0,16x1x0,128x16x128x1
node_73,kernel_transpose_32_16,0.016300,512x32x0,1x16x0,2048x128x1x1
node_73,kernel_mul_mat_Ab_Bi_8x4,0.512200,16x512x1,1x128x1,2048x128x1x1
ffn_inp-1,kernel_add,0.035000,8192x1x1,64x1x1,2048x128x1x1
ffn_norm-1,kernel_rms_norm_mul,0.034500,131072x1x1,1024x1x1,2048x128x1x1
ffn_moe_logits-1,kernel_mul_mm_f32_f32_l4_lm,0.500900,128x2x1,128x1x1,64x128x1x1
ffn_moe_probs-1,kernel_soft_max_4,0.004400,8192x1x1,64x1x1,64x128x1x1
ffn_moe_argsort-1,kernel_argsort_f32_i32,0.025100,64x128x1,64x1x1,64x128x1x1
ffn_moe_weights-1,kernel_get_rows_f32,0.006200,384x128x1,64x1x1,1x6x128x1
ffn_moe_weights_scaled-1,kernel_scale,0.001900,192x1x1,64x1x1,1x6x128x1
ffn_moe_gate-1,kernel_mul_mv_id_q4_0_f32_8x_flat,18.545601,11264x1x768,64x1x1,1408x6x128x1
ffn_moe_up-1,kernel_mul_mv_id_q4_0_f32_8x_flat,18.293900,11264x1x768,64x1x1,1408x6x128x1
ffn_moe_weighted-1,kernel_swiglu,0.170900,393216x1x1,512x1x1,1408x6x128x1
ffn_moe_down-1,kernel_mul_mv_id_q4_0_f32_8x_flat,19.694401,16384x1x768,64x1x1,2048x6x128x1
node_89,kernel_mul,0.199600,384x128x1,64x1x1,2048x6x128x1
ffn_gate-1,kernel_transpose_32_16,0.023200,512x32x0,1x16x0,2816x128x1x1
ffn_gate-1,kernel_mul_mat_Ab_Bi_8x4,0.608000,16x704x1,1x128x1,2816x128x1x1
ffn_up-1,kernel_transpose_32_16,0.019100,512x32x0,1x16x0,2816x128x1x1
ffn_up-1,kernel_mul_mat_Ab_Bi_8x4,0.608100,16x704x1,1x128x1,2816x128x1x1
ffn_swiglu-1,kernel_swiglu,0.045500,65536x1x1,512x1x1,2816x128x1x1
node_99,kernel_add,0.047400,8192x1x1,64x1x1,2048x128x1x1
node_100,kernel_add,0.036400,8192x1x1,64x1x1,2048x128x1x1
node_101,kernel_add,0.038000,8192x1x1,64x1x1,2048x128x1x1
node_102,kernel_add,0.037800,8192x1x1,64x1x1,2048x128x1x1
ffn_moe_out-1,kernel_add,0.037500,8192x1x1,64x1x1,2048x128x1x1
ffn_shexp-1,kernel_transpose_32_16,0.032900,704x32x0,1x16x0,2048x128x1x1
ffn_shexp-1,kernel_mul_mat_Ab_Bi_8x4,0.701700,16x512x1,1x128x1,2048x128x1x1
ffn_out-1,kernel_add,0.033400,8192x1x1,64x1x1,2048x128x1x1
l_out-1,kernel_add,0.036500,8192x1x1,64x1x1,2048x128x1x1
attn_norm-2,kernel_rms_norm_mul,0.034100,131072x1x1,1024x1x1,2048x128x1x1
q-2,kernel_transpose_32_16,0.017600,512x32x0,1x16x0,3072x128x1x1
q-2,kernel_mul_mat_Ab_Bi_8x4,0.635100,16x768x1,1x128x1,3072x128x1x1
q_pe-2,kernel_rope_norm_f32,0.019700,1024x128x1,64x1x1,64x16x128x1
Qcur-2,kernel_concat_f32_non_contiguous,0.352200,16x128x1,0x0x0,192x16x128x1
kv_cmpr_pe-2,kernel_transpose_32_16,0.018100,512x32x0,1x16x0,576x128x1x1
kv_cmpr_pe-2,kernel_mul_mat_Ab_Bi_8x4,0.313900,16x144x1,1x128x1,576x128x1x1
k_pe-2,kernel_rope_norm_f32,0.003300,64x128x1,64x1x1,64x1x128x1
node_117,kernel_repeat,0.287000,16x128x1,0x0x0,64x16x128x1
kv_cmpr-2,kernel_rms_norm_mul,0.015800,65536x1x1,512x1x1,512x128x1x1
kv-2,kernel_transpose_32_16,0.005900,128x32x0,1x16x0,4096x128x1x1
kv-2,kernel_mul_mat_Ab_Bi_8x4,0.225200,16x1024x1,1x128x1,4096x128x1x1
Kcur-2,kernel_concat_f32_non_contiguous,0.483800,16x128x1,0x0x0,192x16x128x1
Vcur_cont-2,kernel_cpy_f32_f32,0.019600,1024x128x1,64x1x1,128x16x128x1
cache_k_l2 (view),kernel_set_rows_f16_i64,0.029300,131072x1x1,1024x1x1,3072x4096x1x1
cache_v_l2 (view),kernel_set_rows_f16_i64,0.021400,131072x1x1,1024x1x1,2048x4096x1x1
__fattn__-2,flash_attn_f32_f16,18.863400,128x16x0,16x1x0,128x16x128x1
node_138,kernel_transpose_32_16,0.016300,512x32x0,1x16x0,2048x128x1x1
node_138,kernel_mul_mat_Ab_Bi_8x4,0.510800,16x512x1,1x128x1,2048x128x1x1
ffn_inp-2,kernel_add,0.035100,8192x1x1,64x1x1,2048x128x1x1
ffn_norm-2,kernel_rms_norm_mul,0.034400,131072x1x1,1024x1x1,2048x128x1x1
ffn_moe_logits-2,kernel_mul_mm_f32_f32_l4_lm,0.502500,128x2x1,128x1x1,64x128x1x1
ffn_moe_probs-2,kernel_soft_max_4,0.004400,8192x1x1,64x1x1,64x128x1x1
ffn_moe_argsort-2,kernel_argsort_f32_i32,0.025000,64x128x1,64x1x1,64x128x1x1
ffn_moe_weights-2,kernel_get_rows_f32,0.006100,384x128x1,64x1x1,1x6x128x1
ffn_moe_weights_scaled-2,kernel_scale,0.002000,192x1x1,64x1x1,1x6x128x1
ffn_moe_gate-2,kernel_mul_mv_id_q4_0_f32_8x_flat,18.400999,11264x1x768,64x1x1,1408x6x128x1
ffn_moe_up-2,kernel_mul_mv_id_q4_0_f32_8x_flat,18.352800,11264x1x768,64x1x1,1408x6x128x1
ffn_moe_weighted-2,kernel_swiglu,0.171100,393216x1x1,512x1x1,1408x6x128x1
ffn_moe_down-2,kernel_mul_mv_id_q4_0_f32_8x_flat,19.710899,16384x1x768,64x1x1,2048x6x128x1
node_154,kernel_mul,0.198100,384x128x1,64x1x1,2048x6x128x1
ffn_gate-2,kernel_transpose_32_16,0.023100,512x32x0,1x16x0,2816x128x1x1
ffn_gate-2,kernel_mul_mat_Ab_Bi_8x4,0.606200,16x704x1,1x128x1,2816x128x1x1
ffn_up-2,kernel_transpose_32_16,0.018800,512x32x0,1x16x0,2816x128x1x1
ffn_up-2,kernel_mul_mat_Ab_Bi_8x4,0.609400,16x704x1,1x128x1,2816x128x1x1
ffn_swiglu-2,kernel_swiglu,0.045900,65536x1x1,512x1x1,2816x128x1x1
node_164,kernel_add,0.045500,8192x1x1,64x1x1,2048x128x1x1
node_165,kernel_add,0.030200,8192x1x1,64x1x1,2048x128x1x1
node_166,kernel_add,0.035500,8192x1x1,64x1x1,2048x128x1x1
node_167,kernel_add,0.034800,8192x1x1,64x1x1,2048x128x1x1
ffn_moe_out-2,kernel_add,0.034300,8192x1x1,64x1x1,2048x128x1x1
ffn_shexp-2,kernel_transpose_32_16,0.034200,704x32x0,1x16x0,2048x128x1x1
ffn_shexp-2,kernel_mul_mat_Ab_Bi_8x4,0.702200,16x512x1,1x128x1,2048x128x1x1
ffn_out-2,kernel_add,0.031300,8192x1x1,64x1x1,2048x128x1x1
l_out-2,kernel_add,0.036300,8192x1x1,64x1x1,2048x128x1x1
attn_norm-3,kernel_rms_norm_mul,0.033900,131072x1x1,1024x1x1,2048x128x1x1
q-3,kernel_transpose_32_16,0.017400,512x32x0,1x16x0,3072x128x1x1
q-3,kernel_mul_mat_Ab_Bi_8x4,0.637100,16x768x1,1x128x1,3072x128x1x1
q_pe-3,kernel_rope_norm_f32,0.019000,1024x128x1,64x1x1,64x16x128x1
Qcur-3,kernel_concat_f32_non_contiguous,0.353300,16x128x1,0x0x0,192x16x128x1
kv_cmpr_pe-3,kernel_transpose_32_16,0.021300,512x32x0,1x16x0,576x128x1x1
kv_cmpr_pe-3,kernel_mul_mat_Ab_Bi_8x4,0.315500,16x144x1,1x128x1,576x128x1x1
k_pe-3,kernel_rope_norm_f32,0.003400,64x128x1,64x1x1,64x1x128x1
node_182,kernel_repeat,0.284800,16x128x1,0x0x0,64x16x128x1
kv_cmpr-3,kernel_rms_norm_mul,0.016000,65536x1x1,512x1x1,512x128x1x1
kv-3,kernel_transpose_32_16,0.006500,128x32x0,1x16x0,4096x128x1x1
kv-3,kernel_mul_mat_Ab_Bi_8x4,0.228400,16x1024x1,1x128x1,4096x128x1x1
Kcur-3,kernel_concat_f32_non_contiguous,0.592500,16x128x1,0x0x0,192x16x128x1
Vcur_cont-3,kernel_cpy_f32_f32,0.022800,1024x128x1,64x1x1,128x16x128x1
cache_k_l3 (view),kernel_set_rows_f16_i64,0.031300,131072x1x1,1024x1x1,3072x4096x1x1
cache_v_l3 (view),kernel_set_rows_f16_i64,0.021900,131072x1x1,1024x1x1,2048x4096x1x1
__fattn__-3,flash_attn_f32_f16,18.892599,128x16x0,16x1x0,128x16x128x1
node_203,kernel_transpose_32_16,0.016500,512x32x0,1x16x0,2048x128x1x1
node_203,kernel_mul_mat_Ab_Bi_8x4,0.509500,16x512x1,1x128x1,2048x128x1x1
ffn_inp-3,kernel_add,0.032700,8192x1x1,64x1x1,2048x128x1x1
ffn_norm-3,kernel_rms_norm_mul,0.034400,131072x1x1,1024x1x1,2048x128x1x1
ffn_moe_logits-3,kernel_mul_mm_f32_f32_l4_lm,0.505500,128x2x1,128x1x1,64x128x1x1
ffn_moe_probs-3,kernel_soft_max_4,0.004500,8192x1x1,64x1x1,64x128x1x1
ffn_moe_argsort-3,kernel_argsort_f32_i32,0.025200,64x128x1,64x1x1,64x128x1x1
ffn_moe_weights-3,kernel_get_rows_f32,0.006600,384x128x1,64x1x1,1x6x128x1
ffn_moe_weights_scaled-3,kernel_scale,0.001800,192x1x1,64x1x1,1x6x128x1
ffn_moe_gate-3,kernel_mul_mv_id_q4_0_f32_8x_flat,18.308701,11264x1x768,64x1x1,1408x6x128x1
ffn_moe_up-3,kernel_mul_mv_id_q4_0_f32_8x_flat,18.265301,11264x1x768,64x1x1,1408x6x128x1
ffn_moe_weighted-3,kernel_swiglu,0.172000,393216x1x1,512x1x1,1408x6x128x1
ffn_moe_down-3,kernel_mul_mv_id_q4_0_f32_8x_flat,19.718599,16384x1x768,64x1x1,2048x6x128x1
node_219,kernel_mul,0.198500,384x128x1,64x1x1,2048x6x128x1
ffn_gate-3,kernel_transpose_32_16,0.023600,512x32x0,1x16x0,2816x128x1x1
ffn_gate-3,kernel_mul_mat_Ab_Bi_8x4,0.607900,16x704x1,1x128x1,2816x128x1x1
ffn_up-3,kernel_transpose_32_16,0.020300,512x32x0,1x16x0,2816x128x1x1
ffn_up-3,kernel_mul_mat_Ab_Bi_8x4,0.613300,16x704x1,1x128x1,2816x128x1x1
ffn_swiglu-3,kernel_swiglu,0.046300,65536x1x1,512x1x1,2816x128x1x1
node_229,kernel_add,0.047000,8192x1x1,64x1x1,2048x128x1x1
node_230,kernel_add,0.036300,8192x1x1,64x1x1,2048x128x1x1
node_231,kernel_add,0.038700,8192x1x1,64x1x1,2048x128x1x1
node_232,kernel_add,0.038900,8192x1x1,64x1x1,2048x128x1x1
ffn_moe_out-3,kernel_add,0.034200,8192x1x1,64x1x1,2048x128x1x1
ffn_shexp-3,kernel_transpose_32_16,0.033100,704x32x0,1x16x0,2048x128x1x1
ffn_shexp-3,kernel_mul_mat_Ab_Bi_8x4,0.706200,16x512x1,1x128x1,2048x128x1x1
ffn_out-3,kernel_add,0.034000,8192x1x1,64x1x1,2048x128x1x1
l_out-3,kernel_add,0.038200,8192x1x1,64x1x1,2048x128x1x1
attn_norm-4,kernel_rms_norm_mul,0.034600,131072x1x1,1024x1x1,2048x128x1x1
q-4,kernel_transpose_32_16,0.017400,512x32x0,1x16x0,3072x128x1x1
q-4,kernel_mul_mat_Ab_Bi_8x4,0.636400,16x768x1,1x128x1,3072x128x1x1
q_pe-4,kernel_rope_norm_f32,0.016500,1024x128x1,64x1x1,64x16x128x1
Qcur-4,kernel_concat_f32_non_contiguous,0.350900,16x128x1,0x0x0,192x16x128x1
kv_cmpr_pe-4,kernel_transpose_32_16,0.021700,512x32x0,1x16x0,576x128x1x1
kv_cmpr_pe-4,kernel_mul_mat_Ab_Bi_8x4,0.315700,16x144x1,1x128x1,576x128x1x1
k_pe-4,kernel_rope_norm_f32,0.003400,64x128x1,64x1x1,64x1x128x1
node_247,kernel_repeat,0.288300,16x128x1,0x0x0,64x16x128x1
kv_cmpr-4,kernel_rms_norm_mul,0.015500,65536x1x1,512x1x1,512x128x1x1
kv-4,kernel_transpose_32_16,0.006300,128x32x0,1x16x0,4096x128x1x1
kv-4,kernel_mul_mat_Ab_Bi_8x4,0.228400,16x1024x1,1x128x1,4096x128x1x1
Kcur-4,kernel_concat_f32_non_contiguous,0.608200,16x128x1,0x0x0,192x16x128x1
Vcur_cont-4,kernel_cpy_f32_f32,0.023000,1024x128x1,64x1x1,128x16x128x1
cache_k_l4 (view),kernel_set_rows_f16_i64,0.029400,131072x1x1,1024x1x1,3072x4096x1x1
cache_v_l4 (view),kernel_set_rows_f16_i64,0.021900,131072x1x1,1024x1x1,2048x4096x1x1
__fattn__-4,flash_attn_f32_f16,18.951401,128x16x0,16x1x0,128x16x128x1
node_268,kernel_transpose_32_16,0.016600,512x32x0,1x16x0,2048x128x1x1
node_268,kernel_mul_mat_Ab_Bi_8x4,0.511700,16x512x1,1x128x1,2048x128x1x1
ffn_inp-4,kernel_add,0.031700,8192x1x1,64x1x1,2048x128x1x1
ffn_norm-4,kernel_rms_norm_mul,0.034000,131072x1x1,1024x1x1,2048x128x1x1
ffn_moe_logits-4,kernel_mul_mm_f32_f32_l4_lm,0.506000,128x2x1,128x1x1,64x128x1x1
ffn_moe_probs-4,kernel_soft_max_4,0.004500,8192x1x1,64x1x1,64x128x1x1
ffn_moe_argsort-4,kernel_argsort_f32_i32,0.025100,64x128x1,64x1x1,64x128x1x1
ffn_moe_weights-4,kernel_get_rows_f32,0.006300,384x128x1,64x1x1,1x6x128x1
ffn_moe_weights_scaled-4,kernel_scale,0.001900,192x1x1,64x1x1,1x6x128x1
ffn_moe_gate-4,kernel_mul_mv_id_q4_0_f32_8x_flat,18.268999,11264x1x768,64x1x1,1408x6x128x1
ffn_moe_up-4,kernel_mul_mv_id_q4_0_f32_8x_flat,18.256100,11264x1x768,64x1x1,1408x6x128x1
ffn_moe_weighted-4,kernel_swiglu,0.171600,393216x1x1,512x1x1,1408x6x128x1
ffn_moe_down-4,kernel_mul_mv_id_q4_0_f32_8x_flat,19.639900,16384x1x768,64x1x1,2048x6x128x1
node_284,kernel_mul,0.197400,384x128x1,64x1x1,2048x6x128x1
ffn_gate-4,kernel_transpose_32_16,0.025000,512x32x0,1x16x0,2816x128x1x1
ffn_gate-4,kernel_mul_mat_Ab_Bi_8x4,0.610300,16x704x1,1x128x1,2816x128x1x1
ffn_up-4,kernel_transpose_32_16,0.020100,512x32x0,1x16x0,2816x128x1x1
ffn_up-4,kernel_mul_mat_Ab_Bi_8x4,0.611400,16x704x1,1x128x1,2816x128x1x1
ffn_swiglu-4,kernel_swiglu,0.042400,65536x1x1,512x1x1,2816x128x1x1
node_294,kernel_add,0.047300,8192x1x1,64x1x1,2048x128x1x1
node_295,kernel_add,0.032800,8192x1x1,64x1x1,2048x128x1x1
node_296,kernel_add,0.035100,8192x1x1,64x1x1,2048x128x1x1
node_297,kernel_add,0.034100,8192x1x1,64x1x1,2048x128x1x1
ffn_moe_out-4,kernel_add,0.034000,8192x1x1,64x1x1,2048x128x1x1
ffn_shexp-4,kernel_transpose_32_16,0.031700,704x32x0,1x16x0,2048x128x1x1
ffn_shexp-4,kernel_mul_mat_Ab_Bi_8x4,0.705800,16x512x1,1x128x1,2048x128x1x1
ffn_out-4,kernel_add,0.030900,8192x1x1,64x1x1,2048x128x1x1
l_out-4,kernel_add,0.036500,8192x1x1,64x1x1,2048x128x1x1
attn_norm-5,kernel_rms_norm_mul,0.033800,131072x1x1,1024x1x1,2048x128x1x1
q-5,kernel_transpose_32_16,0.017300,512x32x0,1x16x0,3072x128x1x1
q-5,kernel_mul_mat_Ab_Bi_8x4,0.638000,16x768x1,1x128x1,3072x128x1x1
q_pe-5,kernel_rope_norm_f32,0.019200,1024x128x1,64x1x1,64x16x128x1
Qcur-5,kernel_concat_f32_non_contiguous,0.351500,16x128x1,0x0x0,192x16x128x1
kv_cmpr_pe-5,kernel_transpose_32_16,0.022300,512x32x0,1x16x0,576x128x1x1
kv_cmpr_pe-5,kernel_mul_mat_Ab_Bi_8x4,0.312600,16x144x1,1x128x1,576x128x1x1
k_pe-5,kernel_rope_norm_f32,0.003300,64x128x1,64x1x1,64x1x128x1
node_312,kernel_repeat,0.287600,16x128x1,0x0x0,64x16x128x1
kv_cmpr-5,kernel_rms_norm_mul,0.015800,65536x1x1,512x1x1,512x128x1x1
kv-5,kernel_transpose_32_16,0.006700,128x32x0,1x16x0,4096x128x1x1
kv-5,kernel_mul_mat_Ab_Bi_8x4,0.229200,16x1024x1,1x128x1,4096x128x1x1
Kcur-5,kernel_concat_f32_non_contiguous,0.581400,16x128x1,0x0x0,192x16x128x1
Vcur_cont-5,kernel_cpy_f32_f32,0.023700,1024x128x1,64x1x1,128x16x128x1
cache_k_l5 (view),kernel_set_rows_f16_i64,0.028100,131072x1x1,1024x1x1,3072x4096x1x1
cache_v_l5 (view),kernel_set_rows_f16_i64,0.022300,131072x1x1,1024x1x1,2048x4096x1x1
__fattn__-5,flash_attn_f32_f16,18.962601,128x16x0,16x1x0,128x16x128x1
node_333,kernel_transpose_32_16,0.016700,512x32x0,1x16x0,2048x128x1x1
node_333,kernel_mul_mat_Ab_Bi_8x4,0.512200,16x512x1,1x128x1,2048x128x1x1
ffn_inp-5,kernel_add,0.032600,8192x1x1,64x1x1,2048x128x1x1
ffn_norm-5,kernel_rms_norm_mul,0.034300,131072x1x1,1024x1x1,2048x128x1x1
ffn_moe_logits-5,kernel_mul_mm_f32_f32_l4_lm,0.510200,128x2x1,128x1x1,64x128x1x1
ffn_moe_probs-5,kernel_soft_max_4,0.004700,8192x1x1,64x1x1,64x128x1x1
ffn_moe_argsort-5,kernel_argsort_f32_i32,0.025100,64x128x1,64x1x1,64x128x1x1
ffn_moe_weights-5,kernel_get_rows_f32,0.006500,384x128x1,64x1x1,1x6x128x1
ffn_moe_weights_scaled-5,kernel_scale,0.001900,192x1x1,64x1x1,1x6x128x1
ffn_moe_gate-5,kernel_mul_mv_id_q4_0_f32_8x_flat,18.211201,11264x1x768,64x1x1,1408x6x128x1
ffn_moe_up-5,kernel_mul_mv_id_q4_0_f32_8x_flat,19.659000,11264x1x768,64x1x1,1408x6x128x1
ffn_moe_weighted-5,kernel_swiglu,0.171000,393216x1x1,512x1x1,1408x6x128x1
ffn_moe_down-5,kernel_mul_mv_id_q4_0_f32_8x_flat,19.653000,16384x1x768,64x1x1,2048x6x128x1
node_349,kernel_mul,0.202100,384x128x1,64x1x1,2048x6x128x1
ffn_gate-5,kernel_transpose_32_16,0.022300,512x32x0,1x16x0,2816x128x1x1
ffn_gate-5,kernel_mul_mat_Ab_Bi_8x4,0.612000,16x704x1,1x128x1,2816x128x1x1
ffn_up-5,kernel_transpose_32_16,0.019300,512x32x0,1x16x0,2816x128x1x1
ffn_up-5,kernel_mul_mat_Ab_Bi_8x4,0.608300,16x704x1,1x128x1,2816x128x1x1
ffn_swiglu-5,kernel_swiglu,0.045800,65536x1x1,512x1x1,2816x128x1x1
node_359,kernel_add,0.046800,8192x1x1,64x1x1,2048x128x1x1
node_360,kernel_add,0.036400,8192x1x1,64x1x1,2048x128x1x1
node_361,kernel_add,0.033400,8192x1x1,64x1x1,2048x128x1x1
node_362,kernel_add,0.037300,8192x1x1,64x1x1,2048x128x1x1
ffn_moe_out-5,kernel_add,0.038200,8192x1x1,64x1x1,2048x128x1x1
ffn_shexp-5,kernel_transpose_32_16,0.033000,704x32x0,1x16x0,2048x128x1x1
ffn_shexp-5,kernel_mul_mat_Ab_Bi_8x4,0.701600,16x512x1,1x128x1,2048x128x1x1
ffn_out-5,kernel_add,0.033600,8192x1x1,64x1x1,2048x128x1x1
l_out-5,kernel_add,0.037500,8192x1x1,64x1x1,2048x128x1x1
attn_norm-6,kernel_rms_norm_mul,0.034400,131072x1x1,1024x1x1,2048x128x1x1
q-6,kernel_transpose_32_16,0.015500,512x32x0,1x16x0,3072x128x1x1
q-6,kernel_mul_mat_Ab_Bi_8x4,0.638200,16x768x1,1x128x1,3072x128x1x1
q_pe-6,kernel_rope_norm_f32,0.018800,1024x128x1,64x1x1,64x16x128x1
Qcur-6,kernel_concat_f32_non_contiguous,0.349200,16x128x1,0x0x0,192x16x128x1
kv_cmpr_pe-6,kernel_transpose_32_16,0.021500,512x32x0,1x16x0,576x128x1x1
kv_cmpr_pe-6,kernel_mul_mat_Ab_Bi_8x4,0.314200,16x144x1,1x128x1,576x128x1x1
k_pe-6,kernel_rope_norm_f32,0.003300,64x128x1,64x1x1,64x1x128x1
node_377,kernel_repeat,0.287600,16x128x1,0x0x0,64x16x128x1
kv_cmpr-6,kernel_rms_norm_mul,0.015900,65536x1x1,512x1x1,512x128x1x1
kv-6,kernel_transpose_32_16,0.005300,128x32x0,1x16x0,4096x128x1x1
kv-6,kernel_mul_mat_Ab_Bi_8x4,0.230400,16x1024x1,1x128x1,4096x128x1x1
Kcur-6,kernel_concat_f32_non_contiguous,0.480800,16x128x1,0x0x0,192x16x128x1
Vcur_cont-6,kernel_cpy_f32_f32,0.023100,1024x128x1,64x1x1,128x16x128x1
cache_k_l6 (view),kernel_set_rows_f16_i64,0.029600,131072x1x1,1024x1x1,3072x4096x1x1
cache_v_l6 (view),kernel_set_rows_f16_i64,0.021500,131072x1x1,1024x1x1,2048x4096x1x1
__fattn__-6,flash_attn_f32_f16,18.918699,128x16x0,16x1x0,128x16x128x1
node_398,kernel_transpose_32_16,0.015800,512x32x0,1x16x0,2048x128x1x1
node_398,kernel_mul_mat_Ab_Bi_8x4,0.509800,16x512x1,1x128x1,2048x128x1x1
ffn_inp-6,kernel_add,0.034600,8192x1x1,64x1x1,2048x128x1x1
ffn_norm-6,kernel_rms_norm_mul,0.033900,131072x1x1,1024x1x1,2048x128x1x1
ffn_moe_logits-6,kernel_mul_mm_f32_f32_l4_lm,0.513400,128x2x1,128x1x1,64x128x1x1
ffn_moe_probs-6,kernel_soft_max_4,0.004500,8192x1x1,64x1x1,64x128x1x1
ffn_moe_argsort-6,kernel_argsort_f32_i32,0.025200,64x128x1,64x1x1,64x128x1x1
ffn_moe_weights-6,kernel_get_rows_f32,0.006200,384x128x1,64x1x1,1x6x128x1
ffn_moe_weights_scaled-6,kernel_scale,0.002000,192x1x1,64x1x1,1x6x128x1
ffn_moe_gate-6,kernel_mul_mv_id_q4_0_f32_8x_flat,18.249201,11264x1x768,64x1x1,1408x6x128x1
ffn_moe_up-6,kernel_mul_mv_id_q4_0_f32_8x_flat,18.160500,11264x1x768,64x1x1,1408x6x128x1
ffn_moe_weighted-6,kernel_swiglu,0.170700,393216x1x1,512x1x1,1408x6x128x1
ffn_moe_down-6,kernel_mul_mv_id_q4_0_f32_8x_flat,19.728600,16384x1x768,64x1x1,2048x6x128x1
node_414,kernel_mul,0.199500,384x128x1,64x1x1,2048x6x128x1
ffn_gate-6,kernel_transpose_32_16,0.023600,512x32x0,1x16x0,2816x128x1x1
ffn_gate-6,kernel_mul_mat_Ab_Bi_8x4,0.609700,16x704x1,1x128x1,2816x128x1x1
ffn_up-6,kernel_transpose_32_16,0.016400,512x32x0,1x16x0,2816x128x1x1
ffn_up-6,kernel_mul_mat_Ab_Bi_8x4,0.607900,16x704x1,1x128x1,2816x128x1x1
ffn_swiglu-6,kernel_swiglu,0.045900,65536x1x1,512x1x1,2816x128x1x1
node_424,kernel_add,0.046300,8192x1x1,64x1x1,2048x128x1x1
node_425,kernel_add,0.033700,8192x1x1,64x1x1,2048x128x1x1
node_426,kernel_add,0.035200,8192x1x1,64x1x1,2048x128x1x1
node_427,kernel_add,0.033900,8192x1x1,64x1x1,2048x128x1x1
ffn_moe_out-6,kernel_add,0.035900,8192x1x1,64x1x1,2048x128x1x1
ffn_shexp-6,kernel_transpose_32_16,0.027000,704x32x0,1x16x0,2048x128x1x1
ffn_shexp-6,kernel_mul_mat_Ab_Bi_8x4,0.703900,16x512x1,1x128x1,2048x128x1x1
ffn_out-6,kernel_add,0.032300,8192x1x1,64x1x1,2048x128x1x1
l_out-6,kernel_add,0.035300,8192x1x1,64x1x1,2048x128x1x1
attn_norm-7,kernel_rms_norm_mul,0.034000,131072x1x1,1024x1x1,2048x128x1x1
q-7,kernel_transpose_32_16,0.017000,512x32x0,1x16x0,3072x128x1x1
q-7,kernel_mul_mat_Ab_Bi_8x4,0.636100,16x768x1,1x128x1,3072x128x1x1
q_pe-7,kernel_rope_norm_f32,0.018800,1024x128x1,64x1x1,64x16x128x1
Qcur-7,kernel_concat_f32_non_contiguous,0.347700,16x128x1,0x0x0,192x16x128x1
kv_cmpr_pe-7,kernel_transpose_32_16,0.021600,512x32x0,1x16x0,576x128x1x1
kv_cmpr_pe-7,kernel_mul_mat_Ab_Bi_8x4,0.315200,16x144x1,1x128x1,576x128x1x1
k_pe-7,kernel_rope_norm_f32,0.003400,64x128x1,64x1x1,64x1x128x1
node_442,kernel_repeat,0.289100,16x128x1,0x0x0,64x16x128x1
kv_cmpr-7,kernel_rms_norm_mul,0.015600,65536x1x1,512x1x1,512x128x1x1
kv-7,kernel_transpose_32_16,0.006600,128x32x0,1x16x0,4096x128x1x1
kv-7,kernel_mul_mat_Ab_Bi_8x4,0.224400,16x1024x1,1x128x1,4096x128x1x1
Kcur-7,kernel_concat_f32_non_contiguous,0.629500,16x128x1,0x0x0,192x16x128x1
Vcur_cont-7,kernel_cpy_f32_f32,0.023500,1024x128x1,64x1x1,128x16x128x1
cache_k_l7 (view),kernel_set_rows_f16_i64,0.031600,131072x1x1,1024x1x1,3072x4096x1x1
cache_v_l7 (view),kernel_set_rows_f16_i64,0.021600,131072x1x1,1024x1x1,2048x4096x1x1
__fattn__-7,flash_attn_f32_f16,18.938101,128x16x0,16x1x0,128x16x128x1
node_463,kernel_transpose_32_16,0.016400,512x32x0,1x16x0,2048x128x1x1
node_463,kernel_mul_mat_Ab_Bi_8x4,0.509300,16x512x1,1x128x1,2048x128x1x1
ffn_inp-7,kernel_add,0.033200,8192x1x1,64x1x1,2048x128x1x1
ffn_norm-7,kernel_rms_norm_mul,0.033800,131072x1x1,1024x1x1,2048x128x1x1
ffn_moe_logits-7,kernel_mul_mm_f32_f32_l4_lm,0.502300,128x2x1,128x1x1,64x128x1x1
ffn_moe_probs-7,kernel_soft_max_4,0.004300,8192x1x1,64x1x1,64x128x1x1
ffn_moe_argsort-7,kernel_argsort_f32_i32,0.024900,64x128x1,64x1x1,64x128x1x1
ffn_moe_weights-7,kernel_get_rows_f32,0.006200,384x128x1,64x1x1,1x6x128x1
ffn_moe_weights_scaled-7,kernel_scale,0.001800,192x1x1,64x1x1,1x6x128x1
ffn_moe_gate-7,kernel_mul_mv_id_q4_0_f32_8x_flat,18.234600,11264x1x768,64x1x1,1408x6x128x1
ffn_moe_up-7,kernel_mul_mv_id_q4_0_f32_8x_flat,18.215099,11264x1x768,64x1x1,1408x6x128x1
ffn_moe_weighted-7,kernel_swiglu,0.172100,393216x1x1,512x1x1,1408x6x128x1
ffn_moe_down-7,kernel_mul_mv_id_q4_0_f32_8x_flat,19.631701,16384x1x768,64x1x1,2048x6x128x1
node_479,kernel_mul,0.200800,384x128x1,64x1x1,2048x6x128x1
ffn_gate-7,kernel_transpose_32_16,0.023400,512x32x0,1x16x0,2816x128x1x1
ffn_gate-7,kernel_mul_mat_Ab_Bi_8x4,0.606800,16x704x1,1x128x1,2816x128x1x1
ffn_up-7,kernel_transpose_32_16,0.019800,512x32x0,1x16x0,2816x128x1x1
ffn_up-7,kernel_mul_mat_Ab_Bi_8x4,0.611500,16x704x1,1x128x1,2816x128x1x1
ffn_swiglu-7,kernel_swiglu,0.045500,65536x1x1,512x1x1,2816x128x1x1
node_489,kernel_add,0.040200,8192x1x1,64x1x1,2048x128x1x1
node_490,kernel_add,0.037200,8192x1x1,64x1x1,2048x128x1x1
node_491,kernel_add,0.039100,8192x1x1,64x1x1,2048x128x1x1
node_492,kernel_add,0.039000,8192x1x1,64x1x1,2048x128x1x1
ffn_moe_out-7,kernel_add,0.037000,8192x1x1,64x1x1,2048x128x1x1
ffn_shexp-7,kernel_transpose_32_16,0.033400,704x32x0,1x16x0,2048x128x1x1
ffn_shexp-7,kernel_mul_mat_Ab_Bi_8x4,0.706100,16x512x1,1x128x1,2048x128x1x1
ffn_out-7,kernel_add,0.034800,8192x1x1,64x1x1,2048x128x1x1
l_out-7,kernel_add,0.033100,8192x1x1,64x1x1,2048x128x1x1
attn_norm-8,kernel_rms_norm_mul,0.034100,131072x1x1,1024x1x1,2048x128x1x1
q-8,kernel_transpose_32_16,0.017300,512x32x0,1x16x0,3072x128x1x1
q-8,kernel_mul_mat_Ab_Bi_8x4,0.635800,16x768x1,1x128x1,3072x128x1x1
q_pe-8,kernel_rope_norm_f32,0.019400,1024x128x1,64x1x1,64x16x128x1
Qcur-8,kernel_concat_f32_non_contiguous,0.349700,16x128x1,0x0x0,192x16x128x1
kv_cmpr_pe-8,kernel_transpose_32_16,0.021400,512x32x0,1x16x0,576x128x1x1
kv_cmpr_pe-8,kernel_mul_mat_Ab_Bi_8x4,0.316200,16x144x1,1x128x1,576x128x1x1
k_pe-8,kernel_rope_norm_f32,0.003600,64x128x1,64x1x1,64x1x128x1
node_507,kernel_repeat,0.285600,16x128x1,0x0x0,64x16x128x1
kv_cmpr-8,kernel_rms_norm_mul,0.015900,65536x1x1,512x1x1,512x128x1x1
kv-8,kernel_transpose_32_16,0.006400,128x32x0,1x16x0,4096x128x1x1
kv-8,kernel_mul_mat_Ab_Bi_8x4,0.228300,16x1024x1,1x128x1,4096x128x1x1
Kcur-8,kernel_concat_f32_non_contiguous,0.478100,16x128x1,0x0x0,192x16x128x1
Vcur_cont-8,kernel_cpy_f32_f32,0.023300,1024x128x1,64x1x1,128x16x128x1
cache_k_l8 (view),kernel_set_rows_f16_i64,0.029200,131072x1x1,1024x1x1,3072x4096x1x1
cache_v_l8 (view),kernel_set_rows_f16_i64,0.020400,131072x1x1,1024x1x1,2048x4096x1x1
__fattn__-8,flash_attn_f32_f16,18.862900,128x16x0,16x1x0,128x16x128x1
node_528,kernel_transpose_32_16,0.016200,512x32x0,1x16x0,2048x128x1x1
node_528,kernel_mul_mat_Ab_Bi_8x4,0.510800,16x512x1,1x128x1,2048x128x1x1
ffn_inp-8,kernel_add,0.034200,8192x1x1,64x1x1,2048x128x1x1
ffn_norm-8,kernel_rms_norm_mul,0.034100,131072x1x1,1024x1x1,2048x128x1x1
ffn_moe_logits-8,kernel_mul_mm_f32_f32_l4_lm,0.513200,128x2x1,128x1x1,64x128x1x1
ffn_moe_probs-8,kernel_soft_max_4,0.004400,8192x1x1,64x1x1,64x128x1x1
ffn_moe_argsort-8,kernel_argsort_f32_i32,0.025400,64x128x1,64x1x1,64x128x1x1
ffn_moe_weights-8,kernel_get_rows_f32,0.006200,384x128x1,64x1x1,1x6x128x1
ffn_moe_weights_scaled-8,kernel_scale,0.002000,192x1x1,64x1x1,1x6x128x1
ffn_moe_gate-8,kernel_mul_mv_id_q4_0_f32_8x_flat,18.156401,11264x1x768,64x1x1,1408x6x128x1
ffn_moe_up-8,kernel_mul_mv_id_q4_0_f32_8x_flat,18.133900,11264x1x768,64x1x1,1408x6x128x1
ffn_moe_weighted-8,kernel_swiglu,0.170500,393216x1x1,512x1x1,1408x6x128x1
ffn_moe_down-8,kernel_mul_mv_id_q4_0_f32_8x_flat,19.643400,16384x1x768,64x1x1,2048x6x128x1
node_544,kernel_mul,0.199100,384x128x1,64x1x1,2048x6x128x1
ffn_gate-8,kernel_transpose_32_16,0.019200,512x32x0,1x16x0,2816x128x1x1
ffn_gate-8,kernel_mul_mat_Ab_Bi_8x4,0.609800,16x704x1,1x128x1,2816x128x1x1
ffn_up-8,kernel_transpose_32_16,0.019300,512x32x0,1x16x0,2816x128x1x1
ffn_up-8,kernel_mul_mat_Ab_Bi_8x4,0.610000,16x704x1,1x128x1,2816x128x1x1
ffn_swiglu-8,kernel_swiglu,0.044700,65536x1x1,512x1x1,2816x128x1x1
node_554,kernel_add,0.046600,8192x1x1,64x1x1,2048x128x1x1
node_555,kernel_add,0.034200,8192x1x1,64x1x1,2048x128x1x1
node_556,kernel_add,0.033800,8192x1x1,64x1x1,2048x128x1x1
node_557,kernel_add,0.031000,8192x1x1,64x1x1,2048x128x1x1
ffn_moe_out-8,kernel_add,0.034400,8192x1x1,64x1x1,2048x128x1x1
ffn_shexp-8,kernel_transpose_32_16,0.032900,704x32x0,1x16x0,2048x128x1x1
ffn_shexp-8,kernel_mul_mat_Ab_Bi_8x4,0.704900,16x512x1,1x128x1,2048x128x1x1
ffn_out-8,kernel_add,0.032600,8192x1x1,64x1x1,2048x128x1x1
l_out-8,kernel_add,0.036200,8192x1x1,64x1x1,2048x128x1x1
attn_norm-9,kernel_rms_norm_mul,0.033800,131072x1x1,1024x1x1,2048x128x1x1
q-9,kernel_transpose_32_16,0.017400,512x32x0,1x16x0,3072x128x1x1
q-9,kernel_mul_mat_Ab_Bi_8x4,0.636000,16x768x1,1x128x1,3072x128x1x1
q_pe-9,kernel_rope_norm_f32,0.018900,1024x128x1,64x1x1,64x16x128x1
Qcur-9,kernel_concat_f32_non_contiguous,0.350300,16x128x1,0x0x0,192x16x128x1
kv_cmpr_pe-9,kernel_transpose_32_16,0.021900,512x32x0,1x16x0,576x128x1x1
kv_cmpr_pe-9,kernel_mul_mat_Ab_Bi_8x4,0.313900,16x144x1,1x128x1,576x128x1x1
k_pe-9,kernel_rope_norm_f32,0.003500,64x128x1,64x1x1,64x1x128x1
node_572,kernel_repeat,0.288500,16x128x1,0x0x0,64x16x128x1
kv_cmpr-9,kernel_rms_norm_mul,0.015800,65536x1x1,512x1x1,512x128x1x1
kv-9,kernel_transpose_32_16,0.005600,128x32x0,1x16x0,4096x128x1x1
kv-9,kernel_mul_mat_Ab_Bi_8x4,0.226200,16x1024x1,1x128x1,4096x128x1x1
Kcur-9,kernel_concat_f32_non_contiguous,0.611600,16x128x1,0x0x0,192x16x128x1
Vcur_cont-9,kernel_cpy_f32_f32,0.023400,1024x128x1,64x1x1,128x16x128x1
cache_k_l9 (view),kernel_set_rows_f16_i64,0.030300,131072x1x1,1024x1x1,3072x4096x1x1
cache_v_l9 (view),kernel_set_rows_f16_i64,0.022200,131072x1x1,1024x1x1,2048x4096x1x1
__fattn__-9,flash_attn_f32_f16,18.886900,128x16x0,16x1x0,128x16x128x1
node_593,kernel_transpose_32_16,0.016600,512x32x0,1x16x0,2048x128x1x1
node_593,kernel_mul_mat_Ab_Bi_8x4,0.509800,16x512x1,1x128x1,2048x128x1x1
ffn_inp-9,kernel_add,0.032500,8192x1x1,64x1x1,2048x128x1x1
ffn_norm-9,kernel_rms_norm_mul,0.034400,131072x1x1,1024x1x1,2048x128x1x1
ffn_moe_logits-9,kernel_mul_mm_f32_f32_l4_lm,0.510300,128x2x1,128x1x1,64x128x1x1
ffn_moe_probs-9,kernel_soft_max_4,0.004400,8192x1x1,64x1x1,64x128x1x1
ffn_moe_argsort-9,kernel_argsort_f32_i32,0.025400,64x128x1,64x1x1,64x128x1x1
ffn_moe_weights-9,kernel_get_rows_f32,0.006200,384x128x1,64x1x1,1x6x128x1
ffn_moe_weights_scaled-9,kernel_scale,0.002100,192x1x1,64x1x1,1x6x128x1
ffn_moe_gate-9,kernel_mul_mv_id_q4_0_f32_8x_flat,18.247601,11264x1x768,64x1x1,1408x6x128x1
ffn_moe_up-9,kernel_mul_mv_id_q4_0_f32_8x_flat,18.265200,11264x1x768,64x1x1,1408x6x128x1
ffn_moe_weighted-9,kernel_swiglu,0.170400,393216x1x1,512x1x1,1408x6x128x1
ffn_moe_down-9,kernel_mul_mv_id_q4_0_f32_8x_flat,19.624300,16384x1x768,64x1x1,2048x6x128x1
node_609,kernel_mul,0.198900,384x128x1,64x1x1,2048x6x128x1
ffn_gate-9,kernel_transpose_32_16,0.024200,512x32x0,1x16x0,2816x128x1x1
ffn_gate-9,kernel_mul_mat_Ab_Bi_8x4,0.607800,16x704x1,1x128x1,2816x128x1x1
ffn_up-9,kernel_transpose_32_16,0.019100,512x32x0,1x16x0,2816x128x1x1
ffn_up-9,kernel_mul_mat_Ab_Bi_8x4,0.610100,16x704x1,1x128x1,2816x128x1x1
ffn_swiglu-9,kernel_swiglu,0.047100,65536x1x1,512x1x1,2816x128x1x1
node_619,kernel_add,0.047000,8192x1x1,64x1x1,2048x128x1x1
node_620,kernel_add,0.037200,8192x1x1,64x1x1,2048x128x1x1
node_621,kernel_add,0.037500,8192x1x1,64x1x1,2048x128x1x1
node_622,kernel_add,0.038300,8192x1x1,64x1x1,2048x128x1x1
ffn_moe_out-9,kernel_add,0.037600,8192x1x1,64x1x1,2048x128x1x1
ffn_shexp-9,kernel_transpose_32_16,0.033600,704x32x0,1x16x0,2048x128x1x1
ffn_shexp-9,kernel_mul_mat_Ab_Bi_8x4,0.703500,16x512x1,1x128x1,2048x128x1x1
ffn_out-9,kernel_add,0.035400,8192x1x1,64x1x1,2048x128x1x1
l_out-9,kernel_add,0.036700,8192x1x1,64x1x1,2048x128x1x1
attn_norm-10,kernel_rms_norm_mul,0.034300,131072x1x1,1024x1x1,2048x128x1x1
q-10,kernel_transpose_32_16,0.017700,512x32x0,1x16x0,3072x128x1x1
q-10,kernel_mul_mat_Ab_Bi_8x4,0.635900,16x768x1,1x128x1,3072x128x1x1
q_pe-10,kernel_rope_norm_f32,0.019400,1024x128x1,64x1x1,64x16x128x1
Qcur-10,kernel_concat_f32_non_contiguous,0.352600,16x128x1,0x0x0,192x16x128x1
kv_cmpr_pe-10,kernel_transpose_32_16,0.018400,512x32x0,1x16x0,576x128x1x1
kv_cmpr_pe-10,kernel_mul_mat_Ab_Bi_8x4,0.314000,16x144x1,1x128x1,576x128x1x1
k_pe-10,kernel_rope_norm_f32,0.003400,64x128x1,64x1x1,64x1x128x1
node_637,kernel_repeat,0.287100,16x128x1,0x0x0,64x16x128x1
kv_cmpr-10,kernel_rms_norm_mul,0.015500,65536x1x1,512x1x1,512x128x1x1
kv-10,kernel_transpose_32_16,0.006000,128x32x0,1x16x0,4096x128x1x1
kv-10,kernel_mul_mat_Ab_Bi_8x4,0.227600,16x1024x1,1x128x1,4096x128x1x1
Kcur-10,kernel_concat_f32_non_contiguous,0.599700,16x128x1,0x0x0,192x16x128x1
Vcur_cont-10,kernel_cpy_f32_f32,0.019900,1024x128x1,64x1x1,128x16x128x1
cache_k_l10 (view),kernel_set_rows_f16_i64,0.029600,131072x1x1,1024x1x1,3072x4096x1x1
cache_v_l10 (view),kernel_set_rows_f16_i64,0.021600,131072x1x1,1024x1x1,2048x4096x1x1
__fattn__-10,flash_attn_f32_f16,18.914200,128x16x0,16x1x0,128x16x128x1
node_658,kernel_transpose_32_16,0.016400,512x32x0,1x16x0,2048x128x1x1
node_658,kernel_mul_mat_Ab_Bi_8x4,0.512000,16x512x1,1x128x1,2048x128x1x1
ffn_inp-10,kernel_add,0.033800,8192x1x1,64x1x1,2048x128x1x1
ffn_norm-10,kernel_rms_norm_mul,0.033800,131072x1x1,1024x1x1,2048x128x1x1
ffn_moe_logits-10,kernel_mul_mm_f32_f32_l4_lm,0.505000,128x2x1,128x1x1,64x128x1x1
ffn_moe_probs-10,kernel_soft_max_4,0.004400,8192x1x1,64x1x1,64x128x1x1
ffn_moe_argsort-10,kernel_argsort_f32_i32,0.025200,64x128x1,64x1x1,64x128x1x1
ffn_moe_weights-10,kernel_get_rows_f32,0.006500,384x128x1,64x1x1,1x6x128x1
ffn_moe_weights_scaled-10,kernel_scale,0.001900,192x1x1,64x1x1,1x6x128x1
ffn_moe_gate-10,kernel_mul_mv_id_q4_0_f32_8x_flat,18.145300,11264x1x768,64x1x1,1408x6x128x1
ffn_moe_up-10,kernel_mul_mv_id_q4_0_f32_8x_flat,18.358500,11264x1x768,64x1x1,1408x6x128x1
ffn_moe_weighted-10,kernel_swiglu,0.170500,393216x1x1,512x1x1,1408x6x128x1
ffn_moe_down-10,kernel_mul_mv_id_q4_0_f32_8x_flat,19.671900,16384x1x768,64x1x1,2048x6x128x1
node_674,kernel_mul,0.197900,384x128x1,64x1x1,2048x6x128x1
ffn_gate-10,kernel_transpose_32_16,0.023300,512x32x0,1x16x0,2816x128x1x1
ffn_gate-10,kernel_mul_mat_Ab_Bi_8x4,0.611700,16x704x1,1x128x1,2816x128x1x1
ffn_up-10,kernel_transpose_32_16,0.019000,512x32x0,1x16x0,2816x128x1x1
ffn_up-10,kernel_mul_mat_Ab_Bi_8x4,0.609800,16x704x1,1x128x1,2816x128x1x1
ffn_swiglu-10,kernel_swiglu,0.045400,65536x1x1,512x1x1,2816x128x1x1
node_684,kernel_add,0.045700,8192x1x1,64x1x1,2048x128x1x1
node_685,kernel_add,0.031500,8192x1x1,64x1x1,2048x128x1x1
node_686,kernel_add,0.034200,8192x1x1,64x1x1,2048x128x1x1
node_687,kernel_add,0.033700,8192x1x1,64x1x1,2048x128x1x1
ffn_moe_out-10,kernel_add,0.033500,8192x1x1,64x1x1,2048x128x1x1
ffn_shexp-10,kernel_transpose_32_16,0.032200,704x32x0,1x16x0,2048x128x1x1
ffn_shexp-10,kernel_mul_mat_Ab_Bi_8x4,0.702700,16x512x1,1x128x1,2048x128x1x1
ffn_out-10,kernel_add,0.032800,8192x1x1,64x1x1,2048x128x1x1
l_out-10,kernel_add,0.035800,8192x1x1,64x1x1,2048x128x1x1
attn_norm-11,kernel_rms_norm_mul,0.033800,131072x1x1,1024x1x1,2048x128x1x1
q-11,kernel_transpose_32_16,0.017200,512x32x0,1x16x0,3072x128x1x1
q-11,kernel_mul_mat_Ab_Bi_8x4,0.636300,16x768x1,1x128x1,3072x128x1x1
q_pe-11,kernel_rope_norm_f32,0.019200,1024x128x1,64x1x1,64x16x128x1
Qcur-11,kernel_concat_f32_non_contiguous,0.352700,16x128x1,0x0x0,192x16x128x1
kv_cmpr_pe-11,kernel_transpose_32_16,0.022400,512x32x0,1x16x0,576x128x1x1
kv_cmpr_pe-11,kernel_mul_mat_Ab_Bi_8x4,0.316400,16x144x1,1x128x1,576x128x1x1
k_pe-11,kernel_rope_norm_f32,0.003200,64x128x1,64x1x1,64x1x128x1
node_702,kernel_repeat,0.284100,16x128x1,0x0x0,64x16x128x1
kv_cmpr-11,kernel_rms_norm_mul,0.015600,65536x1x1,512x1x1,512x128x1x1
kv-11,kernel_transpose_32_16,0.006900,128x32x0,1x16x0,4096x128x1x1
kv-11,kernel_mul_mat_Ab_Bi_8x4,0.225600,16x1024x1,1x128x1,4096x128x1x1
Kcur-11,kernel_concat_f32_non_contiguous,0.600200,16x128x1,0x0x0,192x16x128x1
Vcur_cont-11,kernel_cpy_f32_f32,0.024100,1024x128x1,64x1x1,128x16x128x1
cache_k_l11 (view),kernel_set_rows_f16_i64,0.030900,131072x1x1,1024x1x1,3072x4096x1x1
cache_v_l11 (view),kernel_set_rows_f16_i64,0.021500,131072x1x1,1024x1x1,2048x4096x1x1
__fattn__-11,flash_attn_f32_f16,18.864401,128x16x0,16x1x0,128x16x128x1
node_723,kernel_transpose_32_16,0.016400,512x32x0,1x16x0,2048x128x1x1
node_723,kernel_mul_mat_Ab_Bi_8x4,0.509100,16x512x1,1x128x1,2048x128x1x1
ffn_inp-11,kernel_add,0.033000,8192x1x1,64x1x1,2048x128x1x1
ffn_norm-11,kernel_rms_norm_mul,0.034300,131072x1x1,1024x1x1,2048x128x1x1
ffn_moe_logits-11,kernel_mul_mm_f32_f32_l4_lm,0.511800,128x2x1,128x1x1,64x128x1x1
ffn_moe_probs-11,kernel_soft_max_4,0.004400,8192x1x1,64x1x1,64x128x1x1
ffn_moe_argsort-11,kernel_argsort_f32_i32,0.025300,64x128x1,64x1x1,64x128x1x1
ffn_moe_weights-11,kernel_get_rows_f32,0.006500,384x128x1,64x1x1,1x6x128x1
ffn_moe_weights_scaled-11,kernel_scale,0.001700,192x1x1,64x1x1,1x6x128x1
ffn_moe_gate-11,kernel_mul_mv_id_q4_0_f32_8x_flat,18.679199,11264x1x768,64x1x1,1408x6x128x1
ffn_moe_up-11,kernel_mul_mv_id_q4_0_f32_8x_flat,18.576599,11264x1x768,64x1x1,1408x6x128x1
ffn_moe_weighted-11,kernel_swiglu,0.170500,393216x1x1,512x1x1,1408x6x128x1
ffn_moe_down-11,kernel_mul_mv_id_q4_0_f32_8x_flat,19.634300,16384x1x768,64x1x1,2048x6x128x1
node_739,kernel_mul,0.199800,384x128x1,64x1x1,2048x6x128x1
ffn_gate-11,kernel_transpose_32_16,0.024300,512x32x0,1x16x0,2816x128x1x1
ffn_gate-11,kernel_mul_mat_Ab_Bi_8x4,0.606400,16x704x1,1x128x1,2816x128x1x1
ffn_up-11,kernel_transpose_32_16,0.019700,512x32x0,1x16x0,2816x128x1x1
ffn_up-11,kernel_mul_mat_Ab_Bi_8x4,0.608900,16x704x1,1x128x1,2816x128x1x1
ffn_swiglu-11,kernel_swiglu,0.045100,65536x1x1,512x1x1,2816x128x1x1
node_749,kernel_add,0.049000,8192x1x1,64x1x1,2048x128x1x1
node_750,kernel_add,0.035400,8192x1x1,64x1x1,2048x128x1x1
node_751,kernel_add,0.037300,8192x1x1,64x1x1,2048x128x1x1
node_752,kernel_add,0.037600,8192x1x1,64x1x1,2048x128x1x1
ffn_moe_out-11,kernel_add,0.032900,8192x1x1,64x1x1,2048x128x1x1
ffn_shexp-11,kernel_transpose_32_16,0.032200,704x32x0,1x16x0,2048x128x1x1
ffn_shexp-11,kernel_mul_mat_Ab_Bi_8x4,0.706600,16x512x1,1x128x1,2048x128x1x1
ffn_out-11,kernel_add,0.035300,8192x1x1,64x1x1,2048x128x1x1
l_out-11,kernel_add,0.037300,8192x1x1,64x1x1,2048x128x1x1
attn_norm-12,kernel_rms_norm_mul,0.033900,131072x1x1,1024x1x1,2048x128x1x1
q-12,kernel_transpose_32_16,0.017200,512x32x0,1x16x0,3072x128x1x1
q-12,kernel_mul_mat_Ab_Bi_8x4,0.636000,16x768x1,1x128x1,3072x128x1x1
q_pe-12,kernel_rope_norm_f32,0.016100,1024x128x1,64x1x1,64x16x128x1
Qcur-12,kernel_concat_f32_non_contiguous,0.350100,16x128x1,0x0x0,192x16x128x1
kv_cmpr_pe-12,kernel_transpose_32_16,0.020800,512x32x0,1x16x0,576x128x1x1
kv_cmpr_pe-12,kernel_mul_mat_Ab_Bi_8x4,0.315900,16x144x1,1x128x1,576x128x1x1
k_pe-12,kernel_rope_norm_f32,0.003400,64x128x1,64x1x1,64x1x128x1
node_767,kernel_repeat,0.288500,16x128x1,0x0x0,64x16x128x1
kv_cmpr-12,kernel_rms_norm_mul,0.016200,65536x1x1,512x1x1,512x128x1x1
kv-12,kernel_transpose_32_16,0.006200,128x32x0,1x16x0,4096x128x1x1
kv-12,kernel_mul_mat_Ab_Bi_8x4,0.228100,16x1024x1,1x128x1,4096x128x1x1
Kcur-12,kernel_concat_f32_non_contiguous,0.499400,16x128x1,0x0x0,192x16x128x1
Vcur_cont-12,kernel_cpy_f32_f32,0.023100,1024x128x1,64x1x1,128x16x128x1
cache_k_l12 (view),kernel_set_rows_f16_i64,0.029800,131072x1x1,1024x1x1,3072x4096x1x1
cache_v_l12 (view),kernel_set_rows_f16_i64,0.021600,131072x1x1,1024x1x1,2048x4096x1x1
__fattn__-12,flash_attn_f32_f16,18.969500,128x16x0,16x1x0,128x16x128x1
node_788,kernel_transpose_32_16,0.016500,512x32x0,1x16x0,2048x128x1x1
node_788,kernel_mul_mat_Ab_Bi_8x4,0.509900,16x512x1,1x128x1,2048x128x1x1
ffn_inp-12,kernel_add,0.031500,8192x1x1,64x1x1,2048x128x1x1
ffn_norm-12,kernel_rms_norm_mul,0.034300,131072x1x1,1024x1x1,2048x128x1x1
ffn_moe_logits-12,kernel_mul_mm_f32_f32_l4_lm,0.505100,128x2x1,128x1x1,64x128x1x1
ffn_moe_probs-12,kernel_soft_max_4,0.004300,8192x1x1,64x1x1,64x128x1x1
ffn_moe_argsort-12,kernel_argsort_f32_i32,0.025300,64x128x1,64x1x1,64x128x1x1
ffn_moe_weights-12,kernel_get_rows_f32,0.006300,384x128x1,64x1x1,1x6x128x1
ffn_moe_weights_scaled-12,kernel_scale,0.001800,192x1x1,64x1x1,1x6x128x1
ffn_moe_gate-12,kernel_mul_mv_id_q4_0_f32_8x_flat,18.328199,11264x1x768,64x1x1,1408x6x128x1
ffn_moe_up-12,kernel_mul_mv_id_q4_0_f32_8x_flat,18.392900,11264x1x768,64x1x1,1408x6x128x1
ffn_moe_weighted-12,kernel_swiglu,0.170100,393216x1x1,512x1x1,1408x6x128x1
ffn_moe_down-12,kernel_mul_mv_id_q4_0_f32_8x_flat,19.733101,16384x1x768,64x1x1,2048x6x128x1
node_804,kernel_mul,0.197100,384x128x1,64x1x1,2048x6x128x1
ffn_gate-12,kernel_transpose_32_16,0.025500,512x32x0,1x16x0,2816x128x1x1
ffn_gate-12,kernel_mul_mat_Ab_Bi_8x4,0.608700,16x704x1,1x128x1,2816x128x1x1
ffn_up-12,kernel_transpose_32_16,0.019300,512x32x0,1x16x0,2816x128x1x1
ffn_up-12,kernel_mul_mat_Ab_Bi_8x4,0.610700,16x704x1,1x128x1,2816x128x1x1
ffn_swiglu-12,kernel_swiglu,0.042800,65536x1x1,512x1x1,2816x128x1x1
node_814,kernel_add,0.046800,8192x1x1,64x1x1,2048x128x1x1
node_815,kernel_add,0.034000,8192x1x1,64x1x1,2048x128x1x1
node_816,kernel_add,0.033500,8192x1x1,64x1x1,2048x128x1x1
node_817,kernel_add,0.033900,8192x1x1,64x1x1,2048x128x1x1
ffn_moe_out-12,kernel_add,0.033100,8192x1x1,64x1x1,2048x128x1x1
ffn_shexp-12,kernel_transpose_32_16,0.032600,704x32x0,1x16x0,2048x128x1x1
ffn_shexp-12,kernel_mul_mat_Ab_Bi_8x4,0.705900,16x512x1,1x128x1,2048x128x1x1
ffn_out-12,kernel_add,0.029900,8192x1x1,64x1x1,2048x128x1x1
l_out-12,kernel_add,0.035600,8192x1x1,64x1x1,2048x128x1x1
attn_norm-13,kernel_rms_norm_mul,0.034000,131072x1x1,1024x1x1,2048x128x1x1
q-13,kernel_transpose_32_16,0.017300,512x32x0,1x16x0,3072x128x1x1
q-13,kernel_mul_mat_Ab_Bi_8x4,0.636300,16x768x1,1x128x1,3072x128x1x1
q_pe-13,kernel_rope_norm_f32,0.019300,1024x128x1,64x1x1,64x16x128x1
Qcur-13,kernel_concat_f32_non_contiguous,0.351600,16x128x1,0x0x0,192x16x128x1
kv_cmpr_pe-13,kernel_transpose_32_16,0.022000,512x32x0,1x16x0,576x128x1x1
kv_cmpr_pe-13,kernel_mul_mat_Ab_Bi_8x4,0.314000,16x144x1,1x128x1,576x128x1x1
k_pe-13,kernel_rope_norm_f32,0.003500,64x128x1,64x1x1,64x1x128x1
node_832,kernel_repeat,0.286300,16x128x1,0x0x0,64x16x128x1
kv_cmpr-13,kernel_rms_norm_mul,0.015600,65536x1x1,512x1x1,512x128x1x1
kv-13,kernel_transpose_32_16,0.006300,128x32x0,1x16x0,4096x128x1x1
kv-13,kernel_mul_mat_Ab_Bi_8x4,0.230800,16x1024x1,1x128x1,4096x128x1x1
Kcur-13,kernel_concat_f32_non_contiguous,0.594700,16x128x1,0x0x0,192x16x128x1
Vcur_cont-13,kernel_cpy_f32_f32,0.024000,1024x128x1,64x1x1,128x16x128x1
cache_k_l13 (view),kernel_set_rows_f16_i64,0.027900,131072x1x1,1024x1x1,3072x4096x1x1
cache_v_l13 (view),kernel_set_rows_f16_i64,0.022200,131072x1x1,1024x1x1,2048x4096x1x1
__fattn__-13,flash_attn_f32_f16,18.939899,128x16x0,16x1x0,128x16x128x1
node_853,kernel_transpose_32_16,0.016600,512x32x0,1x16x0,2048x128x1x1
node_853,kernel_mul_mat_Ab_Bi_8x4,0.509600,16x512x1,1x128x1,2048x128x1x1
ffn_inp-13,kernel_add,0.032400,8192x1x1,64x1x1,2048x128x1x1
ffn_norm-13,kernel_rms_norm_mul,0.034300,131072x1x1,1024x1x1,2048x128x1x1
ffn_moe_logits-13,kernel_mul_mm_f32_f32_l4_lm,0.516400,128x2x1,128x1x1,64x128x1x1
ffn_moe_probs-13,kernel_soft_max_4,0.004600,8192x1x1,64x1x1,64x128x1x1
ffn_moe_argsort-13,kernel_argsort_f32_i32,0.025000,64x128x1,64x1x1,64x128x1x1
ffn_moe_weights-13,kernel_get_rows_f32,0.006200,384x128x1,64x1x1,1x6x128x1
ffn_moe_weights_scaled-13,kernel_scale,0.002000,192x1x1,64x1x1,1x6x128x1
ffn_moe_gate-13,kernel_mul_mv_id_q4_0_f32_8x_flat,18.354900,11264x1x768,64x1x1,1408x6x128x1
ffn_moe_up-13,kernel_mul_mv_id_q4_0_f32_8x_flat,18.430201,11264x1x768,64x1x1,1408x6x128x1
ffn_moe_weighted-13,kernel_swiglu,0.171200,393216x1x1,512x1x1,1408x6x128x1
ffn_moe_down-13,kernel_mul_mv_id_q4_0_f32_8x_flat,19.696899,16384x1x768,64x1x1,2048x6x128x1
node_869,kernel_mul,0.198200,384x128x1,64x1x1,2048x6x128x1
ffn_gate-13,kernel_transpose_32_16,0.023800,512x32x0,1x16x0,2816x128x1x1
ffn_gate-13,kernel_mul_mat_Ab_Bi_8x4,0.607900,16x704x1,1x128x1,2816x128x1x1
ffn_up-13,kernel_transpose_32_16,0.019800,512x32x0,1x16x0,2816x128x1x1
ffn_up-13,kernel_mul_mat_Ab_Bi_8x4,0.611300,16x704x1,1x128x1,2816x128x1x1
ffn_swiglu-13,kernel_swiglu,0.044400,65536x1x1,512x1x1,2816x128x1x1
node_879,kernel_add,0.047700,8192x1x1,64x1x1,2048x128x1x1
node_880,kernel_add,0.036900,8192x1x1,64x1x1,2048x128x1x1
node_881,kernel_add,0.032100,8192x1x1,64x1x1,2048x128x1x1
node_882,kernel_add,0.036700,8192x1x1,64x1x1,2048x128x1x1
ffn_moe_out-13,kernel_add,0.038800,8192x1x1,64x1x1,2048x128x1x1
ffn_shexp-13,kernel_transpose_32_16,0.032100,704x32x0,1x16x0,2048x128x1x1
ffn_shexp-13,kernel_mul_mat_Ab_Bi_8x4,0.707300,16x512x1,1x128x1,2048x128x1x1
ffn_out-13,kernel_add,0.034900,8192x1x1,64x1x1,2048x128x1x1
l_out-13,kernel_add,0.037000,8192x1x1,64x1x1,2048x128x1x1
attn_norm-14,kernel_rms_norm_mul,0.034200,131072x1x1,1024x1x1,2048x128x1x1
q-14,kernel_transpose_32_16,0.015200,512x32x0,1x16x0,3072x128x1x1
q-14,kernel_mul_mat_Ab_Bi_8x4,0.635000,16x768x1,1x128x1,3072x128x1x1
q_pe-14,kernel_rope_norm_f32,0.019400,1024x128x1,64x1x1,64x16x128x1
Qcur-14,kernel_concat_f32_non_contiguous,0.354600,16x128x1,0x0x0,192x16x128x1
kv_cmpr_pe-14,kernel_transpose_32_16,0.021900,512x32x0,1x16x0,576x128x1x1
kv_cmpr_pe-14,kernel_mul_mat_Ab_Bi_8x4,0.318100,16x144x1,1x128x1,576x128x1x1
k_pe-14,kernel_rope_norm_f32,0.003300,64x128x1,64x1x1,64x1x128x1
node_897,kernel_repeat,0.288200,16x128x1,0x0x0,64x16x128x1
kv_cmpr-14,kernel_rms_norm_mul,0.015900,65536x1x1,512x1x1,512x128x1x1
kv-14,kernel_transpose_32_16,0.005500,128x32x0,1x16x0,4096x128x1x1
kv-14,kernel_mul_mat_Ab_Bi_8x4,0.225800,16x1024x1,1x128x1,4096x128x1x1
Kcur-14,kernel_concat_f32_non_contiguous,0.591700,16x128x1,0x0x0,192x16x128x1
Vcur_cont-14,kernel_cpy_f32_f32,0.022800,1024x128x1,64x1x1,128x16x128x1
cache_k_l14 (view),kernel_set_rows_f16_i64,0.030000,131072x1x1,1024x1x1,3072x4096x1x1
cache_v_l14 (view),kernel_set_rows_f16_i64,0.022200,131072x1x1,1024x1x1,2048x4096x1x1
__fattn__-14,flash_attn_f32_f16,18.977400,128x16x0,16x1x0,128x16x128x1
node_918,kernel_transpose_32_16,0.015900,512x32x0,1x16x0,2048x128x1x1
node_918,kernel_mul_mat_Ab_Bi_8x4,0.513500,16x512x1,1x128x1,2048x128x1x1
ffn_inp-14,kernel_add,0.033900,8192x1x1,64x1x1,2048x128x1x1
ffn_norm-14,kernel_rms_norm_mul,0.034000,131072x1x1,1024x1x1,2048x128x1x1
ffn_moe_logits-14,kernel_mul_mm_f32_f32_l4_lm,0.515200,128x2x1,128x1x1,64x128x1x1
ffn_moe_probs-14,kernel_soft_max_4,0.004400,8192x1x1,64x1x1,64x128x1x1
ffn_moe_argsort-14,kernel_argsort_f32_i32,0.025000,64x128x1,64x1x1,64x128x1x1
ffn_moe_weights-14,kernel_get_rows_f32,0.006200,384x128x1,64x1x1,1x6x128x1
ffn_moe_weights_scaled-14,kernel_scale,0.002100,192x1x1,64x1x1,1x6x128x1
ffn_moe_gate-14,kernel_mul_mv_id_q4_0_f32_8x_flat,18.308399,11264x1x768,64x1x1,1408x6x128x1
ffn_moe_up-14,kernel_mul_mv_id_q4_0_f32_8x_flat,18.372499,11264x1x768,64x1x1,1408x6x128x1
ffn_moe_weighted-14,kernel_swiglu,0.170700,393216x1x1,512x1x1,1408x6x128x1
ffn_moe_down-14,kernel_mul_mv_id_q4_0_f32_8x_flat,19.771799,16384x1x768,64x1x1,2048x6x128x1
node_934,kernel_mul,0.197900,384x128x1,64x1x1,2048x6x128x1
ffn_gate-14,kernel_transpose_32_16,0.024300,512x32x0,1x16x0,2816x128x1x1
ffn_gate-14,kernel_mul_mat_Ab_Bi_8x4,0.606900,16x704x1,1x128x1,2816x128x1x1
ffn_up-14,kernel_transpose_32_16,0.016500,512x32x0,1x16x0,2816x128x1x1
ffn_up-14,kernel_mul_mat_Ab_Bi_8x4,0.606500,16x704x1,1x128x1,2816x128x1x1
ffn_swiglu-14,kernel_swiglu,0.044400,65536x1x1,512x1x1,2816x128x1x1
node_944,kernel_add,0.046000,8192x1x1,64x1x1,2048x128x1x1
node_945,kernel_add,0.033200,8192x1x1,64x1x1,2048x128x1x1
node_946,kernel_add,0.035700,8192x1x1,64x1x1,2048x128x1x1
node_947,kernel_add,0.034100,8192x1x1,64x1x1,2048x128x1x1
ffn_moe_out-14,kernel_add,0.033500,8192x1x1,64x1x1,2048x128x1x1
ffn_shexp-14,kernel_transpose_32_16,0.026200,704x32x0,1x16x0,2048x128x1x1
ffn_shexp-14,kernel_mul_mat_Ab_Bi_8x4,0.702100,16x512x1,1x128x1,2048x128x1x1
ffn_out-14,kernel_add,0.032700,8192x1x1,64x1x1,2048x128x1x1
l_out-14,kernel_add,0.036100,8192x1x1,64x1x1,2048x128x1x1
attn_norm-15,kernel_rms_norm_mul,0.033800,131072x1x1,1024x1x1,2048x128x1x1
q-15,kernel_transpose_32_16,0.017200,512x32x0,1x16x0,3072x128x1x1
q-15,kernel_mul_mat_Ab_Bi_8x4,0.636500,16x768x1,1x128x1,3072x128x1x1
q_pe-15,kernel_rope_norm_f32,0.019400,1024x128x1,64x1x1,64x16x128x1
Qcur-15,kernel_concat_f32_non_contiguous,0.351000,16x128x1,0x0x0,192x16x128x1
kv_cmpr_pe-15,kernel_transpose_32_16,0.021800,512x32x0,1x16x0,576x128x1x1
kv_cmpr_pe-15,kernel_mul_mat_Ab_Bi_8x4,0.315100,16x144x1,1x128x1,576x128x1x1
k_pe-15,kernel_rope_norm_f32,0.003500,64x128x1,64x1x1,64x1x128x1
node_962,kernel_repeat,0.288800,16x128x1,0x0x0,64x16x128x1
kv_cmpr-15,kernel_rms_norm_mul,0.015900,65536x1x1,512x1x1,512x128x1x1
kv-15,kernel_transpose_32_16,0.006700,128x32x0,1x16x0,4096x128x1x1
kv-15,kernel_mul_mat_Ab_Bi_8x4,0.226100,16x1024x1,1x128x1,4096x128x1x1
Kcur-15,kernel_concat_f32_non_contiguous,0.496900,16x128x1,0x0x0,192x16x128x1
Vcur_cont-15,kernel_cpy_f32_f32,0.024500,1024x128x1,64x1x1,128x16x128x1
cache_k_l15 (view),kernel_set_rows_f16_i64,0.029600,131072x1x1,1024x1x1,3072x4096x1x1
cache_v_l15 (view),kernel_set_rows_f16_i64,0.022200,131072x1x1,1024x1x1,2048x4096x1x1
__fattn__-15,flash_attn_f32_f16,18.932699,128x16x0,16x1x0,128x16x128x1
node_983,kernel_transpose_32_16,0.016200,512x32x0,1x16x0,2048x128x1x1
node_983,kernel_mul_mat_Ab_Bi_8x4,0.508800,16x512x1,1x128x1,2048x128x1x1
ffn_inp-15,kernel_add,0.032400,8192x1x1,64x1x1,2048x128x1x1
ffn_norm-15,kernel_rms_norm_mul,0.033500,131072x1x1,1024x1x1,2048x128x1x1
ffn_moe_logits-15,kernel_mul_mm_f32_f32_l4_lm,0.508200,128x2x1,128x1x1,64x128x1x1
ffn_moe_probs-15,kernel_soft_max_4,0.004300,8192x1x1,64x1x1,64x128x1x1
ffn_moe_argsort-15,kernel_argsort_f32_i32,0.024900,64x128x1,64x1x1,64x128x1x1
ffn_moe_weights-15,kernel_get_rows_f32,0.006200,384x128x1,64x1x1,1x6x128x1
ffn_moe_weights_scaled-15,kernel_scale,0.001900,192x1x1,64x1x1,1x6x128x1
ffn_moe_gate-15,kernel_mul_mv_id_q4_0_f32_8x_flat,18.422001,11264x1x768,64x1x1,1408x6x128x1
ffn_moe_up-15,kernel_mul_mv_id_q4_0_f32_8x_flat,18.468000,11264x1x768,64x1x1,1408x6x128x1
ffn_moe_weighted-15,kernel_swiglu,0.171900,393216x1x1,512x1x1,1408x6x128x1
ffn_moe_down-15,kernel_mul_mv_id_q4_0_f32_8x_flat,19.738600,16384x1x768,64x1x1,2048x6x128x1
node_999,kernel_mul,0.198300,384x128x1,64x1x1,2048x6x128x1
ffn_gate-15,kernel_transpose_32_16,0.024400,512x32x0,1x16x0,2816x128x1x1
ffn_gate-15,kernel_mul_mat_Ab_Bi_8x4,0.610100,16x704x1,1x128x1,2816x128x1x1
ffn_up-15,kernel_transpose_32_16,0.019400,512x32x0,1x16x0,2816x128x1x1
ffn_up-15,kernel_mul_mat_Ab_Bi_8x4,0.610700,16x704x1,1x128x1,2816x128x1x1
ffn_swiglu-15,kernel_swiglu,0.044800,65536x1x1,512x1x1,2816x128x1x1
node_1009,kernel_add,0.041300,8192x1x1,64x1x1,2048x128x1x1
node_1010,kernel_add,0.036900,8192x1x1,64x1x1,2048x128x1x1
node_1011,kernel_add,0.037900,8192x1x1,64x1x1,2048x128x1x1
node_1012,kernel_add,0.038700,8192x1x1,64x1x1,2048x128x1x1
ffn_moe_out-15,kernel_add,0.038400,8192x1x1,64x1x1,2048x128x1x1
ffn_shexp-15,kernel_transpose_32_16,0.034000,704x32x0,1x16x0,2048x128x1x1
ffn_shexp-15,kernel_mul_mat_Ab_Bi_8x4,0.704800,16x512x1,1x128x1,2048x128x1x1
ffn_out-15,kernel_add,0.033900,8192x1x1,64x1x1,2048x128x1x1
l_out-15,kernel_add,0.031900,8192x1x1,64x1x1,2048x128x1x1
attn_norm-16,kernel_rms_norm_mul,0.034100,131072x1x1,1024x1x1,2048x128x1x1
q-16,kernel_transpose_32_16,0.017300,512x32x0,1x16x0,3072x128x1x1
q-16,kernel_mul_mat_Ab_Bi_8x4,0.636900,16x768x1,1x128x1,3072x128x1x1
q_pe-16,kernel_rope_norm_f32,0.019600,1024x128x1,64x1x1,64x16x128x1
Qcur-16,kernel_concat_f32_non_contiguous,0.352300,16x128x1,0x0x0,192x16x128x1
kv_cmpr_pe-16,kernel_transpose_32_16,0.021200,512x32x0,1x16x0,576x128x1x1
kv_cmpr_pe-16,kernel_mul_mat_Ab_Bi_8x4,0.318400,16x144x1,1x128x1,576x128x1x1
k_pe-16,kernel_rope_norm_f32,0.003500,64x128x1,64x1x1,64x1x128x1
node_1027,kernel_repeat,0.284300,16x128x1,0x0x0,64x16x128x1
kv_cmpr-16,kernel_rms_norm_mul,0.015700,65536x1x1,512x1x1,512x128x1x1
kv-16,kernel_transpose_32_16,0.006300,128x32x0,1x16x0,4096x128x1x1
kv-16,kernel_mul_mat_Ab_Bi_8x4,0.227700,16x1024x1,1x128x1,4096x128x1x1
Kcur-16,kernel_concat_f32_non_contiguous,0.614900,16x128x1,0x0x0,192x16x128x1
Vcur_cont-16,kernel_cpy_f32_f32,0.023000,1024x128x1,64x1x1,128x16x128x1
cache_k_l16 (view),kernel_set_rows_f16_i64,0.029400,131072x1x1,1024x1x1,3072x4096x1x1
cache_v_l16 (view),kernel_set_rows_f16_i64,0.019800,131072x1x1,1024x1x1,2048x4096x1x1
__fattn__-16,flash_attn_f32_f16,18.899700,128x16x0,16x1x0,128x16x128x1
node_1048,kernel_transpose_32_16,0.016600,512x32x0,1x16x0,2048x128x1x1
node_1048,kernel_mul_mat_Ab_Bi_8x4,0.513100,16x512x1,1x128x1,2048x128x1x1
ffn_inp-16,kernel_add,0.033500,8192x1x1,64x1x1,2048x128x1x1
ffn_norm-16,kernel_rms_norm_mul,0.034200,131072x1x1,1024x1x1,2048x128x1x1
ffn_moe_logits-16,kernel_mul_mm_f32_f32_l4_lm,0.521900,128x2x1,128x1x1,64x128x1x1
ffn_moe_probs-16,kernel_soft_max_4,0.004500,8192x1x1,64x1x1,64x128x1x1
ffn_moe_argsort-16,kernel_argsort_f32_i32,0.025400,64x128x1,64x1x1,64x128x1x1
ffn_moe_weights-16,kernel_get_rows_f32,0.006100,384x128x1,64x1x1,1x6x128x1
ffn_moe_weights_scaled-16,kernel_scale,0.001900,192x1x1,64x1x1,1x6x128x1
ffn_moe_gate-16,kernel_mul_mv_id_q4_0_f32_8x_flat,18.312901,11264x1x768,64x1x1,1408x6x128x1
ffn_moe_up-16,kernel_mul_mv_id_q4_0_f32_8x_flat,18.311001,11264x1x768,64x1x1,1408x6x128x1
ffn_moe_weighted-16,kernel_swiglu,0.171100,393216x1x1,512x1x1,1408x6x128x1
ffn_moe_down-16,kernel_mul_mv_id_q4_0_f32_8x_flat,19.711000,16384x1x768,64x1x1,2048x6x128x1
node_1064,kernel_mul,0.199300,384x128x1,64x1x1,2048x6x128x1
ffn_gate-16,kernel_transpose_32_16,0.019700,512x32x0,1x16x0,2816x128x1x1
ffn_gate-16,kernel_mul_mat_Ab_Bi_8x4,0.610500,16x704x1,1x128x1,2816x128x1x1
ffn_up-16,kernel_transpose_32_16,0.019400,512x32x0,1x16x0,2816x128x1x1
ffn_up-16,kernel_mul_mat_Ab_Bi_8x4,0.609900,16x704x1,1x128x1,2816x128x1x1
ffn_swiglu-16,kernel_swiglu,0.045100,65536x1x1,512x1x1,2816x128x1x1
node_1074,kernel_add,0.046300,8192x1x1,64x1x1,2048x128x1x1
node_1075,kernel_add,0.033100,8192x1x1,64x1x1,2048x128x1x1
node_1076,kernel_add,0.035300,8192x1x1,64x1x1,2048x128x1x1
node_1077,kernel_add,0.031400,8192x1x1,64x1x1,2048x128x1x1
ffn_moe_out-16,kernel_add,0.034700,8192x1x1,64x1x1,2048x128x1x1
ffn_shexp-16,kernel_transpose_32_16,0.032200,704x32x0,1x16x0,2048x128x1x1
ffn_shexp-16,kernel_mul_mat_Ab_Bi_8x4,0.703800,16x512x1,1x128x1,2048x128x1x1
ffn_out-16,kernel_add,0.031800,8192x1x1,64x1x1,2048x128x1x1
l_out-16,kernel_add,0.039300,8192x1x1,64x1x1,2048x128x1x1
attn_norm-17,kernel_rms_norm_mul,0.034000,131072x1x1,1024x1x1,2048x128x1x1
q-17,kernel_transpose_32_16,0.017400,512x32x0,1x16x0,3072x128x1x1
q-17,kernel_mul_mat_Ab_Bi_8x4,0.637700,16x768x1,1x128x1,3072x128x1x1
q_pe-17,kernel_rope_norm_f32,0.019100,1024x128x1,64x1x1,64x16x128x1
Qcur-17,kernel_concat_f32_non_contiguous,0.353600,16x128x1,0x0x0,192x16x128x1
kv_cmpr_pe-17,kernel_transpose_32_16,0.021800,512x32x0,1x16x0,576x128x1x1
kv_cmpr_pe-17,kernel_mul_mat_Ab_Bi_8x4,0.315400,16x144x1,1x128x1,576x128x1x1
k_pe-17,kernel_rope_norm_f32,0.003300,64x128x1,64x1x1,64x1x128x1
node_1092,kernel_repeat,0.287200,16x128x1,0x0x0,64x16x128x1
kv_cmpr-17,kernel_rms_norm_mul,0.016000,65536x1x1,512x1x1,512x128x1x1
kv-17,kernel_transpose_32_16,0.005700,128x32x0,1x16x0,4096x128x1x1
kv-17,kernel_mul_mat_Ab_Bi_8x4,0.228300,16x1024x1,1x128x1,4096x128x1x1
Kcur-17,kernel_concat_f32_non_contiguous,0.591000,16x128x1,0x0x0,192x16x128x1
Vcur_cont-17,kernel_cpy_f32_f32,0.023600,1024x128x1,64x1x1,128x16x128x1
cache_k_l17 (view),kernel_set_rows_f16_i64,0.030500,131072x1x1,1024x1x1,3072x4096x1x1
cache_v_l17 (view),kernel_set_rows_f16_i64,0.021600,131072x1x1,1024x1x1,2048x4096x1x1
__fattn__-17,flash_attn_f32_f16,18.897800,128x16x0,16x1x0,128x16x128x1
node_1113,kernel_transpose_32_16,0.016300,512x32x0,1x16x0,2048x128x1x1
node_1113,kernel_mul_mat_Ab_Bi_8x4,0.512300,16x512x1,1x128x1,2048x128x1x1
ffn_inp-17,kernel_add,0.032600,8192x1x1,64x1x1,2048x128x1x1
ffn_norm-17,kernel_rms_norm_mul,0.034800,131072x1x1,1024x1x1,2048x128x1x1
ffn_moe_logits-17,kernel_mul_mm_f32_f32_l4_lm,0.521900,128x2x1,128x1x1,64x128x1x1
ffn_moe_probs-17,kernel_soft_max_4,0.004300,8192x1x1,64x1x1,64x128x1x1
ffn_moe_argsort-17,kernel_argsort_f32_i32,0.025100,64x128x1,64x1x1,64x128x1x1
ffn_moe_weights-17,kernel_get_rows_f32,0.006200,384x128x1,64x1x1,1x6x128x1
ffn_moe_weights_scaled-17,kernel_scale,0.001800,192x1x1,64x1x1,1x6x128x1
ffn_moe_gate-17,kernel_mul_mv_id_q4_0_f32_8x_flat,18.474199,11264x1x768,64x1x1,1408x6x128x1
ffn_moe_up-17,kernel_mul_mv_id_q4_0_f32_8x_flat,18.499599,11264x1x768,64x1x1,1408x6x128x1
ffn_moe_weighted-17,kernel_swiglu,0.172400,393216x1x1,512x1x1,1408x6x128x1
ffn_moe_down-17,kernel_mul_mv_id_q4_0_f32_8x_flat,19.733999,16384x1x768,64x1x1,2048x6x128x1
node_1129,kernel_mul,0.195900,384x128x1,64x1x1,2048x6x128x1
ffn_gate-17,kernel_transpose_32_16,0.024200,512x32x0,1x16x0,2816x128x1x1
ffn_gate-17,kernel_mul_mat_Ab_Bi_8x4,0.607500,16x704x1,1x128x1,2816x128x1x1
ffn_up-17,kernel_transpose_32_16,0.019600,512x32x0,1x16x0,2816x128x1x1
ffn_up-17,kernel_mul_mat_Ab_Bi_8x4,0.608800,16x704x1,1x128x1,2816x128x1x1
ffn_swiglu-17,kernel_swiglu,0.043800,65536x1x1,512x1x1,2816x128x1x1
node_1139,kernel_add,0.048100,8192x1x1,64x1x1,2048x128x1x1
node_1140,kernel_add,0.037000,8192x1x1,64x1x1,2048x128x1x1
node_1141,kernel_add,0.038200,8192x1x1,64x1x1,2048x128x1x1
node_1142,kernel_add,0.038600,8192x1x1,64x1x1,2048x128x1x1
ffn_moe_out-17,kernel_add,0.039200,8192x1x1,64x1x1,2048x128x1x1
ffn_shexp-17,kernel_transpose_32_16,0.034100,704x32x0,1x16x0,2048x128x1x1
ffn_shexp-17,kernel_mul_mat_Ab_Bi_8x4,0.703400,16x512x1,1x128x1,2048x128x1x1
ffn_out-17,kernel_add,0.034800,8192x1x1,64x1x1,2048x128x1x1
l_out-17,kernel_add,0.037300,8192x1x1,64x1x1,2048x128x1x1
attn_norm-18,kernel_rms_norm_mul,0.033900,131072x1x1,1024x1x1,2048x128x1x1
q-18,kernel_transpose_32_16,0.017700,512x32x0,1x16x0,3072x128x1x1
q-18,kernel_mul_mat_Ab_Bi_8x4,0.636200,16x768x1,1x128x1,3072x128x1x1
q_pe-18,kernel_rope_norm_f32,0.019000,1024x128x1,64x1x1,64x16x128x1
Qcur-18,kernel_concat_f32_non_contiguous,0.351500,16x128x1,0x0x0,192x16x128x1
kv_cmpr_pe-18,kernel_transpose_32_16,0.018400,512x32x0,1x16x0,576x128x1x1
kv_cmpr_pe-18,kernel_mul_mat_Ab_Bi_8x4,0.314300,16x144x1,1x128x1,576x128x1x1
k_pe-18,kernel_rope_norm_f32,0.003500,64x128x1,64x1x1,64x1x128x1
node_1157,kernel_repeat,0.287400,16x128x1,0x0x0,64x16x128x1
kv_cmpr-18,kernel_rms_norm_mul,0.016000,65536x1x1,512x1x1,512x128x1x1
kv-18,kernel_transpose_32_16,0.006100,128x32x0,1x16x0,4096x128x1x1
kv-18,kernel_mul_mat_Ab_Bi_8x4,0.226800,16x1024x1,1x128x1,4096x128x1x1
Kcur-18,kernel_concat_f32_non_contiguous,0.494900,16x128x1,0x0x0,192x16x128x1
Vcur_cont-18,kernel_cpy_f32_f32,0.019600,1024x128x1,64x1x1,128x16x128x1
cache_k_l18 (view),kernel_set_rows_f16_i64,0.029200,131072x1x1,1024x1x1,3072x4096x1x1
cache_v_l18 (view),kernel_set_rows_f16_i64,0.021500,131072x1x1,1024x1x1,2048x4096x1x1
__fattn__-18,flash_attn_f32_f16,18.901800,128x16x0,16x1x0,128x16x128x1
node_1178,kernel_transpose_32_16,0.016200,512x32x0,1x16x0,2048x128x1x1
node_1178,kernel_mul_mat_Ab_Bi_8x4,0.512900,16x512x1,1x128x1,2048x128x1x1
ffn_inp-18,kernel_add,0.034700,8192x1x1,64x1x1,2048x128x1x1
ffn_norm-18,kernel_rms_norm_mul,0.034200,131072x1x1,1024x1x1,2048x128x1x1
ffn_moe_logits-18,kernel_mul_mm_f32_f32_l4_lm,0.509700,128x2x1,128x1x1,64x128x1x1
ffn_moe_probs-18,kernel_soft_max_4,0.004700,8192x1x1,64x1x1,64x128x1x1
ffn_moe_argsort-18,kernel_argsort_f32_i32,0.025000,64x128x1,64x1x1,64x128x1x1
ffn_moe_weights-18,kernel_get_rows_f32,0.006400,384x128x1,64x1x1,1x6x128x1
ffn_moe_weights_scaled-18,kernel_scale,0.001900,192x1x1,64x1x1,1x6x128x1
ffn_moe_gate-18,kernel_mul_mv_id_q4_0_f32_8x_flat,18.454901,11264x1x768,64x1x1,1408x6x128x1
ffn_moe_up-18,kernel_mul_mv_id_q4_0_f32_8x_flat,18.371599,11264x1x768,64x1x1,1408x6x128x1
ffn_moe_weighted-18,kernel_swiglu,0.171300,393216x1x1,512x1x1,1408x6x128x1
ffn_moe_down-18,kernel_mul_mv_id_q4_0_f32_8x_flat,19.772600,16384x1x768,64x1x1,2048x6x128x1
node_1194,kernel_mul,0.198300,384x128x1,64x1x1,2048x6x128x1
ffn_gate-18,kernel_transpose_32_16,0.024200,512x32x0,1x16x0,2816x128x1x1
ffn_gate-18,kernel_mul_mat_Ab_Bi_8x4,0.607800,16x704x1,1x128x1,2816x128x1x1
ffn_up-18,kernel_transpose_32_16,0.020300,512x32x0,1x16x0,2816x128x1x1
ffn_up-18,kernel_mul_mat_Ab_Bi_8x4,0.611400,16x704x1,1x128x1,2816x128x1x1
ffn_swiglu-18,kernel_swiglu,0.045600,65536x1x1,512x1x1,2816x128x1x1
node_1204,kernel_add,0.046600,8192x1x1,64x1x1,2048x128x1x1
node_1205,kernel_add,0.030500,8192x1x1,64x1x1,2048x128x1x1
node_1206,kernel_add,0.034500,8192x1x1,64x1x1,2048x128x1x1
node_1207,kernel_add,0.035700,8192x1x1,64x1x1,2048x128x1x1
ffn_moe_out-18,kernel_add,0.035700,8192x1x1,64x1x1,2048x128x1x1
ffn_shexp-18,kernel_transpose_32_16,0.032800,704x32x0,1x16x0,2048x128x1x1
ffn_shexp-18,kernel_mul_mat_Ab_Bi_8x4,0.708000,16x512x1,1x128x1,2048x128x1x1
ffn_out-18,kernel_add,0.031800,8192x1x1,64x1x1,2048x128x1x1
l_out-18,kernel_add,0.035300,8192x1x1,64x1x1,2048x128x1x1
attn_norm-19,kernel_rms_norm_mul,0.033900,131072x1x1,1024x1x1,2048x128x1x1
q-19,kernel_transpose_32_16,0.018000,512x32x0,1x16x0,3072x128x1x1
q-19,kernel_mul_mat_Ab_Bi_8x4,0.637300,16x768x1,1x128x1,3072x128x1x1
q_pe-19,kernel_rope_norm_f32,0.018900,1024x128x1,64x1x1,64x16x128x1
Qcur-19,kernel_concat_f32_non_contiguous,0.352700,16x128x1,0x0x0,192x16x128x1
kv_cmpr_pe-19,kernel_transpose_32_16,0.021700,512x32x0,1x16x0,576x128x1x1
kv_cmpr_pe-19,kernel_mul_mat_Ab_Bi_8x4,0.314400,16x144x1,1x128x1,576x128x1x1
k_pe-19,kernel_rope_norm_f32,0.003300,64x128x1,64x1x1,64x1x128x1
node_1222,kernel_repeat,0.284800,16x128x1,0x0x0,64x16x128x1
kv_cmpr-19,kernel_rms_norm_mul,0.016000,65536x1x1,512x1x1,512x128x1x1
kv-19,kernel_transpose_32_16,0.006800,128x32x0,1x16x0,4096x128x1x1
kv-19,kernel_mul_mat_Ab_Bi_8x4,0.230400,16x1024x1,1x128x1,4096x128x1x1
Kcur-19,kernel_concat_f32_non_contiguous,0.627400,16x128x1,0x0x0,192x16x128x1
Vcur_cont-19,kernel_cpy_f32_f32,0.023000,1024x128x1,64x1x1,128x16x128x1
cache_k_l19 (view),kernel_set_rows_f16_i64,0.031600,131072x1x1,1024x1x1,3072x4096x1x1
cache_v_l19 (view),kernel_set_rows_f16_i64,0.021800,131072x1x1,1024x1x1,2048x4096x1x1
__fattn__-19,flash_attn_f32_f16,18.854799,128x16x0,16x1x0,128x16x128x1
node_1243,kernel_transpose_32_16,0.016600,512x32x0,1x16x0,2048x128x1x1
node_1243,kernel_mul_mat_Ab_Bi_8x4,0.511400,16x512x1,1x128x1,2048x128x1x1
ffn_inp-19,kernel_add,0.033700,8192x1x1,64x1x1,2048x128x1x1
ffn_norm-19,kernel_rms_norm_mul,0.034200,131072x1x1,1024x1x1,2048x128x1x1
ffn_moe_logits-19,kernel_mul_mm_f32_f32_l4_lm,0.518400,128x2x1,128x1x1,64x128x1x1
ffn_moe_probs-19,kernel_soft_max_4,0.004400,8192x1x1,64x1x1,64x128x1x1
ffn_moe_argsort-19,kernel_argsort_f32_i32,0.024900,64x128x1,64x1x1,64x128x1x1
ffn_moe_weights-19,kernel_get_rows_f32,0.006700,384x128x1,64x1x1,1x6x128x1
ffn_moe_weights_scaled-19,kernel_scale,0.001800,192x1x1,64x1x1,1x6x128x1
ffn_moe_gate-19,kernel_mul_mv_id_q4_0_f32_8x_flat,18.397800,11264x1x768,64x1x1,1408x6x128x1
ffn_moe_up-19,kernel_mul_mv_id_q4_0_f32_8x_flat,18.458200,11264x1x768,64x1x1,1408x6x128x1
ffn_moe_weighted-19,kernel_swiglu,0.170900,393216x1x1,512x1x1,1408x6x128x1
ffn_moe_down-19,kernel_mul_mv_id_q4_0_f32_8x_flat,19.764200,16384x1x768,64x1x1,2048x6x128x1
node_1259,kernel_mul,0.198500,384x128x1,64x1x1,2048x6x128x1
ffn_gate-19,kernel_transpose_32_16,0.024600,512x32x0,1x16x0,2816x128x1x1
ffn_gate-19,kernel_mul_mat_Ab_Bi_8x4,0.606900,16x704x1,1x128x1,2816x128x1x1
ffn_up-19,kernel_transpose_32_16,0.020200,512x32x0,1x16x0,2816x128x1x1
ffn_up-19,kernel_mul_mat_Ab_Bi_8x4,0.611800,16x704x1,1x128x1,2816x128x1x1
ffn_swiglu-19,kernel_swiglu,0.045000,65536x1x1,512x1x1,2816x128x1x1
node_1269,kernel_add,0.047200,8192x1x1,64x1x1,2048x128x1x1
node_1270,kernel_add,0.037800,8192x1x1,64x1x1,2048x128x1x1
node_1271,kernel_add,0.037700,8192x1x1,64x1x1,2048x128x1x1
node_1272,kernel_add,0.039000,8192x1x1,64x1x1,2048x128x1x1
ffn_moe_out-19,kernel_add,0.032800,8192x1x1,64x1x1,2048x128x1x1
ffn_shexp-19,kernel_transpose_32_16,0.032600,704x32x0,1x16x0,2048x128x1x1
ffn_shexp-19,kernel_mul_mat_Ab_Bi_8x4,0.703300,16x512x1,1x128x1,2048x128x1x1
ffn_out-19,kernel_add,0.035400,8192x1x1,64x1x1,2048x128x1x1
l_out-19,kernel_add,0.036700,8192x1x1,64x1x1,2048x128x1x1
attn_norm-20,kernel_rms_norm_mul,0.034000,131072x1x1,1024x1x1,2048x128x1x1
q-20,kernel_transpose_32_16,0.017600,512x32x0,1x16x0,3072x128x1x1
q-20,kernel_mul_mat_Ab_Bi_8x4,0.635900,16x768x1,1x128x1,3072x128x1x1
q_pe-20,kernel_rope_norm_f32,0.016100,1024x128x1,64x1x1,64x16x128x1
Qcur-20,kernel_concat_f32_non_contiguous,0.351600,16x128x1,0x0x0,192x16x128x1
kv_cmpr_pe-20,kernel_transpose_32_16,0.021500,512x32x0,1x16x0,576x128x1x1
kv_cmpr_pe-20,kernel_mul_mat_Ab_Bi_8x4,0.315500,16x144x1,1x128x1,576x128x1x1
k_pe-20,kernel_rope_norm_f32,0.003300,64x128x1,64x1x1,64x1x128x1
node_1287,kernel_repeat,0.286700,16x128x1,0x0x0,64x16x128x1
kv_cmpr-20,kernel_rms_norm_mul,0.015900,65536x1x1,512x1x1,512x128x1x1
kv-20,kernel_transpose_32_16,0.006100,128x32x0,1x16x0,4096x128x1x1
kv-20,kernel_mul_mat_Ab_Bi_8x4,0.224900,16x1024x1,1x128x1,4096x128x1x1
Kcur-20,kernel_concat_f32_non_contiguous,0.596400,16x128x1,0x0x0,192x16x128x1
Vcur_cont-20,kernel_cpy_f32_f32,0.022600,1024x128x1,64x1x1,128x16x128x1
cache_k_l20 (view),kernel_set_rows_f16_i64,0.029800,131072x1x1,1024x1x1,3072x4096x1x1
cache_v_l20 (view),kernel_set_rows_f16_i64,0.022100,131072x1x1,1024x1x1,2048x4096x1x1
__fattn__-20,flash_attn_f32_f16,18.958300,128x16x0,16x1x0,128x16x128x1
node_1308,kernel_transpose_32_16,0.016500,512x32x0,1x16x0,2048x128x1x1
node_1308,kernel_mul_mat_Ab_Bi_8x4,0.509800,16x512x1,1x128x1,2048x128x1x1
ffn_inp-20,kernel_add,0.032300,8192x1x1,64x1x1,2048x128x1x1
ffn_norm-20,kernel_rms_norm_mul,0.033900,131072x1x1,1024x1x1,2048x128x1x1
ffn_moe_logits-20,kernel_mul_mm_f32_f32_l4_lm,0.511800,128x2x1,128x1x1,64x128x1x1
ffn_moe_probs-20,kernel_soft_max_4,0.004400,8192x1x1,64x1x1,64x128x1x1
ffn_moe_argsort-20,kernel_argsort_f32_i32,0.025100,64x128x1,64x1x1,64x128x1x1
ffn_moe_weights-20,kernel_get_rows_f32,0.006200,384x128x1,64x1x1,1x6x128x1
ffn_moe_weights_scaled-20,kernel_scale,0.001800,192x1x1,64x1x1,1x6x128x1
ffn_moe_gate-20,kernel_mul_mv_id_q4_0_f32_8x_flat,18.349100,11264x1x768,64x1x1,1408x6x128x1
ffn_moe_up-20,kernel_mul_mv_id_q4_0_f32_8x_flat,18.356300,11264x1x768,64x1x1,1408x6x128x1
ffn_moe_weighted-20,kernel_swiglu,0.177200,393216x1x1,512x1x1,1408x6x128x1
ffn_moe_down-20,kernel_mul_mv_id_q4_0_f32_8x_flat,19.716400,16384x1x768,64x1x1,2048x6x128x1
node_1324,kernel_mul,0.200900,384x128x1,64x1x1,2048x6x128x1
ffn_gate-20,kernel_transpose_32_16,0.023300,512x32x0,1x16x0,2816x128x1x1
ffn_gate-20,kernel_mul_mat_Ab_Bi_8x4,0.608500,16x704x1,1x128x1,2816x128x1x1
ffn_up-20,kernel_transpose_32_16,0.020400,512x32x0,1x16x0,2816x128x1x1
ffn_up-20,kernel_mul_mat_Ab_Bi_8x4,0.609000,16x704x1,1x128x1,2816x128x1x1
ffn_swiglu-20,kernel_swiglu,0.042600,65536x1x1,512x1x1,2816x128x1x1
node_1334,kernel_add,0.047100,8192x1x1,64x1x1,2048x128x1x1
node_1335,kernel_add,0.033700,8192x1x1,64x1x1,2048x128x1x1
node_1336,kernel_add,0.035500,8192x1x1,64x1x1,2048x128x1x1
node_1337,kernel_add,0.035000,8192x1x1,64x1x1,2048x128x1x1
ffn_moe_out-20,kernel_add,0.034700,8192x1x1,64x1x1,2048x128x1x1
ffn_shexp-20,kernel_transpose_32_16,0.032600,704x32x0,1x16x0,2048x128x1x1
ffn_shexp-20,kernel_mul_mat_Ab_Bi_8x4,0.701500,16x512x1,1x128x1,2048x128x1x1
ffn_out-20,kernel_add,0.030100,8192x1x1,64x1x1,2048x128x1x1
l_out-20,kernel_add,0.036200,8192x1x1,64x1x1,2048x128x1x1
attn_norm-21,kernel_rms_norm_mul,0.034200,131072x1x1,1024x1x1,2048x128x1x1
q-21,kernel_transpose_32_16,0.017400,512x32x0,1x16x0,3072x128x1x1
q-21,kernel_mul_mat_Ab_Bi_8x4,0.636700,16x768x1,1x128x1,3072x128x1x1
q_pe-21,kernel_rope_norm_f32,0.019100,1024x128x1,64x1x1,64x16x128x1
Qcur-21,kernel_concat_f32_non_contiguous,0.354100,16x128x1,0x0x0,192x16x128x1
kv_cmpr_pe-21,kernel_transpose_32_16,0.020800,512x32x0,1x16x0,576x128x1x1
kv_cmpr_pe-21,kernel_mul_mat_Ab_Bi_8x4,0.311500,16x144x1,1x128x1,576x128x1x1
k_pe-21,kernel_rope_norm_f32,0.003300,64x128x1,64x1x1,64x1x128x1
node_1352,kernel_repeat,0.287700,16x128x1,0x0x0,64x16x128x1
kv_cmpr-21,kernel_rms_norm_mul,0.015800,65536x1x1,512x1x1,512x128x1x1
kv-21,kernel_transpose_32_16,0.006800,128x32x0,1x16x0,4096x128x1x1
kv-21,kernel_mul_mat_Ab_Bi_8x4,0.225900,16x1024x1,1x128x1,4096x128x1x1
Kcur-21,kernel_concat_f32_non_contiguous,0.499700,16x128x1,0x0x0,192x16x128x1
Vcur_cont-21,kernel_cpy_f32_f32,0.023600,1024x128x1,64x1x1,128x16x128x1
cache_k_l21 (view),kernel_set_rows_f16_i64,0.028700,131072x1x1,1024x1x1,3072x4096x1x1
cache_v_l21 (view),kernel_set_rows_f16_i64,0.021600,131072x1x1,1024x1x1,2048x4096x1x1
__fattn__-21,flash_attn_f32_f16,20.036900,128x16x0,16x1x0,128x16x128x1
node_1373,kernel_transpose_32_16,0.016400,512x32x0,1x16x0,2048x128x1x1
node_1373,kernel_mul_mat_Ab_Bi_8x4,0.509900,16x512x1,1x128x1,2048x128x1x1
ffn_inp-21,kernel_add,0.034000,8192x1x1,64x1x1,2048x128x1x1
ffn_norm-21,kernel_rms_norm_mul,0.034300,131072x1x1,1024x1x1,2048x128x1x1
ffn_moe_logits-21,kernel_mul_mm_f32_f32_l4_lm,0.518900,128x2x1,128x1x1,64x128x1x1
ffn_moe_probs-21,kernel_soft_max_4,0.004800,8192x1x1,64x1x1,64x128x1x1
ffn_moe_argsort-21,kernel_argsort_f32_i32,0.025200,64x128x1,64x1x1,64x128x1x1
ffn_moe_weights-21,kernel_get_rows_f32,0.006100,384x128x1,64x1x1,1x6x128x1
ffn_moe_weights_scaled-21,kernel_scale,0.001900,192x1x1,64x1x1,1x6x128x1
ffn_moe_gate-21,kernel_mul_mv_id_q4_0_f32_8x_flat,18.421400,11264x1x768,64x1x1,1408x6x128x1
ffn_moe_up-21,kernel_mul_mv_id_q4_0_f32_8x_flat,18.502800,11264x1x768,64x1x1,1408x6x128x1
ffn_moe_weighted-21,kernel_swiglu,0.171900,393216x1x1,512x1x1,1408x6x128x1
ffn_moe_down-21,kernel_mul_mv_id_q4_0_f32_8x_flat,19.706200,16384x1x768,64x1x1,2048x6x128x1
node_1389,kernel_mul,0.201500,384x128x1,64x1x1,2048x6x128x1
ffn_gate-21,kernel_transpose_32_16,0.023700,512x32x0,1x16x0,2816x128x1x1
ffn_gate-21,kernel_mul_mat_Ab_Bi_8x4,0.606000,16x704x1,1x128x1,2816x128x1x1
ffn_up-21,kernel_transpose_32_16,0.020500,512x32x0,1x16x0,2816x128x1x1
ffn_up-21,kernel_mul_mat_Ab_Bi_8x4,0.605700,16x704x1,1x128x1,2816x128x1x1
ffn_swiglu-21,kernel_swiglu,0.045800,65536x1x1,512x1x1,2816x128x1x1
node_1399,kernel_add,0.047500,8192x1x1,64x1x1,2048x128x1x1
node_1400,kernel_add,0.036500,8192x1x1,64x1x1,2048x128x1x1
node_1401,kernel_add,0.032300,8192x1x1,64x1x1,2048x128x1x1
node_1402,kernel_add,0.037500,8192x1x1,64x1x1,2048x128x1x1
ffn_moe_out-21,kernel_add,0.037500,8192x1x1,64x1x1,2048x128x1x1
ffn_shexp-21,kernel_transpose_32_16,0.033600,704x32x0,1x16x0,2048x128x1x1
ffn_shexp-21,kernel_mul_mat_Ab_Bi_8x4,0.704800,16x512x1,1x128x1,2048x128x1x1
ffn_out-21,kernel_add,0.034400,8192x1x1,64x1x1,2048x128x1x1
l_out-21,kernel_add,0.036800,8192x1x1,64x1x1,2048x128x1x1
attn_norm-22,kernel_rms_norm_mul,0.034000,131072x1x1,1024x1x1,2048x128x1x1
q-22,kernel_transpose_32_16,0.015500,512x32x0,1x16x0,3072x128x1x1
q-22,kernel_mul_mat_Ab_Bi_8x4,0.638000,16x768x1,1x128x1,3072x128x1x1
q_pe-22,kernel_rope_norm_f32,0.019400,1024x128x1,64x1x1,64x16x128x1
Qcur-22,kernel_concat_f32_non_contiguous,0.353000,16x128x1,0x0x0,192x16x128x1
kv_cmpr_pe-22,kernel_transpose_32_16,0.021500,512x32x0,1x16x0,576x128x1x1
kv_cmpr_pe-22,kernel_mul_mat_Ab_Bi_8x4,0.316300,16x144x1,1x128x1,576x128x1x1
k_pe-22,kernel_rope_norm_f32,0.003200,64x128x1,64x1x1,64x1x128x1
node_1417,kernel_repeat,0.287900,16x128x1,0x0x0,64x16x128x1
kv_cmpr-22,kernel_rms_norm_mul,0.015900,65536x1x1,512x1x1,512x128x1x1
kv-22,kernel_transpose_32_16,0.005400,128x32x0,1x16x0,4096x128x1x1
kv-22,kernel_mul_mat_Ab_Bi_8x4,0.228100,16x1024x1,1x128x1,4096x128x1x1
Kcur-22,kernel_concat_f32_non_contiguous,0.619200,16x128x1,0x0x0,192x16x128x1
Vcur_cont-22,kernel_cpy_f32_f32,0.022900,1024x128x1,64x1x1,128x16x128x1
cache_k_l22 (view),kernel_set_rows_f16_i64,0.029800,131072x1x1,1024x1x1,3072x4096x1x1
cache_v_l22 (view),kernel_set_rows_f16_i64,0.021900,131072x1x1,1024x1x1,2048x4096x1x1
__fattn__-22,flash_attn_f32_f16,18.860201,128x16x0,16x1x0,128x16x128x1
node_1438,kernel_transpose_32_16,0.015700,512x32x0,1x16x0,2048x128x1x1
node_1438,kernel_mul_mat_Ab_Bi_8x4,0.510800,16x512x1,1x128x1,2048x128x1x1
ffn_inp-22,kernel_add,0.034000,8192x1x1,64x1x1,2048x128x1x1
ffn_norm-22,kernel_rms_norm_mul,0.034000,131072x1x1,1024x1x1,2048x128x1x1
ffn_moe_logits-22,kernel_mul_mm_f32_f32_l4_lm,0.506200,128x2x1,128x1x1,64x128x1x1
ffn_moe_probs-22,kernel_soft_max_4,0.004500,8192x1x1,64x1x1,64x128x1x1
ffn_moe_argsort-22,kernel_argsort_f32_i32,0.025100,64x128x1,64x1x1,64x128x1x1
ffn_moe_weights-22,kernel_get_rows_f32,0.006100,384x128x1,64x1x1,1x6x128x1
ffn_moe_weights_scaled-22,kernel_scale,0.002000,192x1x1,64x1x1,1x6x128x1
ffn_moe_gate-22,kernel_mul_mv_id_q4_0_f32_8x_flat,18.430401,11264x1x768,64x1x1,1408x6x128x1
ffn_moe_up-22,kernel_mul_mv_id_q4_0_f32_8x_flat,18.403099,11264x1x768,64x1x1,1408x6x128x1
ffn_moe_weighted-22,kernel_swiglu,0.171400,393216x1x1,512x1x1,1408x6x128x1
ffn_moe_down-22,kernel_mul_mv_id_q4_0_f32_8x_flat,19.755600,16384x1x768,64x1x1,2048x6x128x1
node_1454,kernel_mul,0.198000,384x128x1,64x1x1,2048x6x128x1
ffn_gate-22,kernel_transpose_32_16,0.023400,512x32x0,1x16x0,2816x128x1x1
ffn_gate-22,kernel_mul_mat_Ab_Bi_8x4,0.610200,16x704x1,1x128x1,2816x128x1x1
ffn_up-22,kernel_transpose_32_16,0.017400,512x32x0,1x16x0,2816x128x1x1
ffn_up-22,kernel_mul_mat_Ab_Bi_8x4,0.605800,16x704x1,1x128x1,2816x128x1x1
ffn_swiglu-22,kernel_swiglu,0.044500,65536x1x1,512x1x1,2816x128x1x1
node_1464,kernel_add,0.046500,8192x1x1,64x1x1,2048x128x1x1
node_1465,kernel_add,0.034300,8192x1x1,64x1x1,2048x128x1x1
node_1466,kernel_add,0.034500,8192x1x1,64x1x1,2048x128x1x1
node_1467,kernel_add,0.034700,8192x1x1,64x1x1,2048x128x1x1
ffn_moe_out-22,kernel_add,0.033600,8192x1x1,64x1x1,2048x128x1x1
ffn_shexp-22,kernel_transpose_32_16,0.026300,704x32x0,1x16x0,2048x128x1x1
ffn_shexp-22,kernel_mul_mat_Ab_Bi_8x4,0.704800,16x512x1,1x128x1,2048x128x1x1
ffn_out-22,kernel_add,0.032600,8192x1x1,64x1x1,2048x128x1x1
l_out-22,kernel_add,0.036100,8192x1x1,64x1x1,2048x128x1x1
attn_norm-23,kernel_rms_norm_mul,0.033500,131072x1x1,1024x1x1,2048x128x1x1
q-23,kernel_transpose_32_16,0.017000,512x32x0,1x16x0,3072x128x1x1
q-23,kernel_mul_mat_Ab_Bi_8x4,0.635500,16x768x1,1x128x1,3072x128x1x1
q_pe-23,kernel_rope_norm_f32,0.019000,1024x128x1,64x1x1,64x16x128x1
Qcur-23,kernel_concat_f32_non_contiguous,0.347900,16x128x1,0x0x0,192x16x128x1
kv_cmpr_pe-23,kernel_transpose_32_16,0.020900,512x32x0,1x16x0,576x128x1x1
kv_cmpr_pe-23,kernel_mul_mat_Ab_Bi_8x4,0.315400,16x144x1,1x128x1,576x128x1x1
k_pe-23,kernel_rope_norm_f32,0.003500,64x128x1,64x1x1,64x1x128x1
node_1482,kernel_repeat,0.288400,16x128x1,0x0x0,64x16x128x1
kv_cmpr-23,kernel_rms_norm_mul,0.015400,65536x1x1,512x1x1,512x128x1x1
kv-23,kernel_transpose_32_16,0.006700,128x32x0,1x16x0,4096x128x1x1
kv-23,kernel_mul_mat_Ab_Bi_8x4,0.224800,16x1024x1,1x128x1,4096x128x1x1
Kcur-23,kernel_concat_f32_non_contiguous,0.611700,16x128x1,0x0x0,192x16x128x1
Vcur_cont-23,kernel_cpy_f32_f32,0.023600,1024x128x1,64x1x1,128x16x128x1
cache_k_l23 (view),kernel_set_rows_f16_i64,0.031400,131072x1x1,1024x1x1,3072x4096x1x1
cache_v_l23 (view),kernel_set_rows_f16_i64,0.021600,131072x1x1,1024x1x1,2048x4096x1x1
__fattn__-23,flash_attn_f32_f16,19.045601,128x16x0,16x1x0,128x16x128x1
node_1503,kernel_transpose_32_16,0.016900,512x32x0,1x16x0,2048x128x1x1
node_1503,kernel_mul_mat_Ab_Bi_8x4,0.508800,16x512x1,1x128x1,2048x128x1x1
ffn_inp-23,kernel_add,0.032600,8192x1x1,64x1x1,2048x128x1x1
ffn_norm-23,kernel_rms_norm_mul,0.033700,131072x1x1,1024x1x1,2048x128x1x1
ffn_moe_logits-23,kernel_mul_mm_f32_f32_l4_lm,0.511200,128x2x1,128x1x1,64x128x1x1
ffn_moe_probs-23,kernel_soft_max_4,0.004500,8192x1x1,64x1x1,64x128x1x1
ffn_moe_argsort-23,kernel_argsort_f32_i32,0.025000,64x128x1,64x1x1,64x128x1x1
ffn_moe_weights-23,kernel_get_rows_f32,0.006200,384x128x1,64x1x1,1x6x128x1
ffn_moe_weights_scaled-23,kernel_scale,0.001800,192x1x1,64x1x1,1x6x128x1
ffn_moe_gate-23,kernel_mul_mv_id_q4_0_f32_8x_flat,18.476400,11264x1x768,64x1x1,1408x6x128x1
ffn_moe_up-23,kernel_mul_mv_id_q4_0_f32_8x_flat,18.516001,11264x1x768,64x1x1,1408x6x128x1
ffn_moe_weighted-23,kernel_swiglu,0.172200,393216x1x1,512x1x1,1408x6x128x1
ffn_moe_down-23,kernel_mul_mv_id_q4_0_f32_8x_flat,19.755501,16384x1x768,64x1x1,2048x6x128x1
node_1519,kernel_mul,0.199400,384x128x1,64x1x1,2048x6x128x1
ffn_gate-23,kernel_transpose_32_16,0.023400,512x32x0,1x16x0,2816x128x1x1
ffn_gate-23,kernel_mul_mat_Ab_Bi_8x4,0.608600,16x704x1,1x128x1,2816x128x1x1
ffn_up-23,kernel_transpose_32_16,0.018900,512x32x0,1x16x0,2816x128x1x1
ffn_up-23,kernel_mul_mat_Ab_Bi_8x4,0.610800,16x704x1,1x128x1,2816x128x1x1
ffn_swiglu-23,kernel_swiglu,0.045300,65536x1x1,512x1x1,2816x128x1x1
node_1529,kernel_add,0.041400,8192x1x1,64x1x1,2048x128x1x1
node_1530,kernel_add,0.036200,8192x1x1,64x1x1,2048x128x1x1
node_1531,kernel_add,0.038300,8192x1x1,64x1x1,2048x128x1x1
node_1532,kernel_add,0.038400,8192x1x1,64x1x1,2048x128x1x1
ffn_moe_out-23,kernel_add,0.038200,8192x1x1,64x1x1,2048x128x1x1
ffn_shexp-23,kernel_transpose_32_16,0.033300,704x32x0,1x16x0,2048x128x1x1
ffn_shexp-23,kernel_mul_mat_Ab_Bi_8x4,0.703800,16x512x1,1x128x1,2048x128x1x1
ffn_out-23,kernel_add,0.034700,8192x1x1,64x1x1,2048x128x1x1
l_out-23,kernel_add,0.032200,8192x1x1,64x1x1,2048x128x1x1
attn_norm-24,kernel_rms_norm_mul,0.034500,131072x1x1,1024x1x1,2048x128x1x1
q-24,kernel_transpose_32_16,0.017300,512x32x0,1x16x0,3072x128x1x1
q-24,kernel_mul_mat_Ab_Bi_8x4,0.639800,16x768x1,1x128x1,3072x128x1x1
q_pe-24,kernel_rope_norm_f32,0.020100,1024x128x1,64x1x1,64x16x128x1
Qcur-24,kernel_concat_f32_non_contiguous,0.352000,16x128x1,0x0x0,192x16x128x1
kv_cmpr_pe-24,kernel_transpose_32_16,0.021200,512x32x0,1x16x0,576x128x1x1
kv_cmpr_pe-24,kernel_mul_mat_Ab_Bi_8x4,0.317400,16x144x1,1x128x1,576x128x1x1
k_pe-24,kernel_rope_norm_f32,0.003500,64x128x1,64x1x1,64x1x128x1
node_1547,kernel_repeat,0.284800,16x128x1,0x0x0,64x16x128x1
kv_cmpr-24,kernel_rms_norm_mul,0.015600,65536x1x1,512x1x1,512x128x1x1
kv-24,kernel_transpose_32_16,0.006300,128x32x0,1x16x0,4096x128x1x1
kv-24,kernel_mul_mat_Ab_Bi_8x4,0.227400,16x1024x1,1x128x1,4096x128x1x1
Kcur-24,kernel_concat_f32_non_contiguous,0.509800,16x128x1,0x0x0,192x16x128x1
Vcur_cont-24,kernel_cpy_f32_f32,0.022700,1024x128x1,64x1x1,128x16x128x1
cache_k_l24 (view),kernel_set_rows_f16_i64,0.029600,131072x1x1,1024x1x1,3072x4096x1x1
cache_v_l24 (view),kernel_set_rows_f16_i64,0.019600,131072x1x1,1024x1x1,2048x4096x1x1
__fattn__-24,flash_attn_f32_f16,18.935900,128x16x0,16x1x0,128x16x128x1
node_1568,kernel_transpose_32_16,0.016600,512x32x0,1x16x0,2048x128x1x1
node_1568,kernel_mul_mat_Ab_Bi_8x4,0.510900,16x512x1,1x128x1,2048x128x1x1
ffn_inp-24,kernel_add,0.033400,8192x1x1,64x1x1,2048x128x1x1
ffn_norm-24,kernel_rms_norm_mul,0.033900,131072x1x1,1024x1x1,2048x128x1x1
ffn_moe_logits-24,kernel_mul_mm_f32_f32_l4_lm,0.521200,128x2x1,128x1x1,64x128x1x1
ffn_moe_probs-24,kernel_soft_max_4,0.004500,8192x1x1,64x1x1,64x128x1x1
ffn_moe_argsort-24,kernel_argsort_f32_i32,0.025500,64x128x1,64x1x1,64x128x1x1
ffn_moe_weights-24,kernel_get_rows_f32,0.006400,384x128x1,64x1x1,1x6x128x1
ffn_moe_weights_scaled-24,kernel_scale,0.001800,192x1x1,64x1x1,1x6x128x1
ffn_moe_gate-24,kernel_mul_mv_id_q4_0_f32_8x_flat,18.404200,11264x1x768,64x1x1,1408x6x128x1
ffn_moe_up-24,kernel_mul_mv_id_q4_0_f32_8x_flat,18.266199,11264x1x768,64x1x1,1408x6x128x1
ffn_moe_weighted-24,kernel_swiglu,0.170300,393216x1x1,512x1x1,1408x6x128x1
ffn_moe_down-24,kernel_mul_mv_id_q4_0_f32_8x_flat,19.670300,16384x1x768,64x1x1,2048x6x128x1
node_1584,kernel_mul,0.201500,384x128x1,64x1x1,2048x6x128x1
ffn_gate-24,kernel_transpose_32_16,0.019000,512x32x0,1x16x0,2816x128x1x1
ffn_gate-24,kernel_mul_mat_Ab_Bi_8x4,0.608800,16x704x1,1x128x1,2816x128x1x1
ffn_up-24,kernel_transpose_32_16,0.019800,512x32x0,1x16x0,2816x128x1x1
ffn_up-24,kernel_mul_mat_Ab_Bi_8x4,0.607300,16x704x1,1x128x1,2816x128x1x1
ffn_swiglu-24,kernel_swiglu,0.045800,65536x1x1,512x1x1,2816x128x1x1
node_1594,kernel_add,0.045000,8192x1x1,64x1x1,2048x128x1x1
node_1595,kernel_add,0.034100,8192x1x1,64x1x1,2048x128x1x1
node_1596,kernel_add,0.035500,8192x1x1,64x1x1,2048x128x1x1
node_1597,kernel_add,0.031300,8192x1x1,64x1x1,2048x128x1x1
ffn_moe_out-24,kernel_add,0.033800,8192x1x1,64x1x1,2048x128x1x1
ffn_shexp-24,kernel_transpose_32_16,0.032900,704x32x0,1x16x0,2048x128x1x1
ffn_shexp-24,kernel_mul_mat_Ab_Bi_8x4,0.702800,16x512x1,1x128x1,2048x128x1x1
ffn_out-24,kernel_add,0.032200,8192x1x1,64x1x1,2048x128x1x1
l_out-24,kernel_add,0.035800,8192x1x1,64x1x1,2048x128x1x1
attn_norm-25,kernel_rms_norm_mul,0.034000,131072x1x1,1024x1x1,2048x128x1x1
q-25,kernel_transpose_32_16,0.017000,512x32x0,1x16x0,3072x128x1x1
q-25,kernel_mul_mat_Ab_Bi_8x4,0.637500,16x768x1,1x128x1,3072x128x1x1
q_pe-25,kernel_rope_norm_f32,0.019300,1024x128x1,64x1x1,64x16x128x1
Qcur-25,kernel_concat_f32_non_contiguous,0.352900,16x128x1,0x0x0,192x16x128x1
kv_cmpr_pe-25,kernel_transpose_32_16,0.021200,512x32x0,1x16x0,576x128x1x1
kv_cmpr_pe-25,kernel_mul_mat_Ab_Bi_8x4,0.315800,16x144x1,1x128x1,576x128x1x1
k_pe-25,kernel_rope_norm_f32,0.003300,64x128x1,64x1x1,64x1x128x1
node_1612,kernel_repeat,0.288000,16x128x1,0x0x0,64x16x128x1
kv_cmpr-25,kernel_rms_norm_mul,0.015700,65536x1x1,512x1x1,512x128x1x1
kv-25,kernel_transpose_32_16,0.005800,128x32x0,1x16x0,4096x128x1x1
kv-25,kernel_mul_mat_Ab_Bi_8x4,0.229000,16x1024x1,1x128x1,4096x128x1x1
Kcur-25,kernel_concat_f32_non_contiguous,0.582000,16x128x1,0x0x0,192x16x128x1
Vcur_cont-25,kernel_cpy_f32_f32,0.023400,1024x128x1,64x1x1,128x16x128x1
cache_k_l25 (view),kernel_set_rows_f16_i64,0.030500,131072x1x1,1024x1x1,3072x4096x1x1
cache_v_l25 (view),kernel_set_rows_f16_i64,0.021700,131072x1x1,1024x1x1,2048x4096x1x1
__fattn__-25,flash_attn_f32_f16,18.833599,128x16x0,16x1x0,128x16x128x1
node_1633,kernel_transpose_32_16,0.016400,512x32x0,1x16x0,2048x128x1x1
node_1633,kernel_mul_mat_Ab_Bi_8x4,0.509900,16x512x1,1x128x1,2048x128x1x1
ffn_inp-25,kernel_add,0.033200,8192x1x1,64x1x1,2048x128x1x1
ffn_norm-25,kernel_rms_norm_mul,0.034200,131072x1x1,1024x1x1,2048x128x1x1
ffn_moe_logits-25,kernel_mul_mm_f32_f32_l4_lm,0.519200,128x2x1,128x1x1,64x128x1x1
ffn_moe_probs-25,kernel_soft_max_4,0.004300,8192x1x1,64x1x1,64x128x1x1
ffn_moe_argsort-25,kernel_argsort_f32_i32,0.024900,64x128x1,64x1x1,64x128x1x1
ffn_moe_weights-25,kernel_get_rows_f32,0.006200,384x128x1,64x1x1,1x6x128x1
ffn_moe_weights_scaled-25,kernel_scale,0.001800,192x1x1,64x1x1,1x6x128x1
ffn_moe_gate-25,kernel_mul_mv_id_q4_0_f32_8x_flat,18.329901,11264x1x768,64x1x1,1408x6x128x1
ffn_moe_up-25,kernel_mul_mv_id_q4_0_f32_8x_flat,18.275299,11264x1x768,64x1x1,1408x6x128x1
ffn_moe_weighted-25,kernel_swiglu,0.171800,393216x1x1,512x1x1,1408x6x128x1
ffn_moe_down-25,kernel_mul_mv_id_q4_0_f32_8x_flat,19.525600,16384x1x768,64x1x1,2048x6x128x1
node_1649,kernel_mul,0.198600,384x128x1,64x1x1,2048x6x128x1
ffn_gate-25,kernel_transpose_32_16,0.024800,512x32x0,1x16x0,2816x128x1x1
ffn_gate-25,kernel_mul_mat_Ab_Bi_8x4,0.608100,16x704x1,1x128x1,2816x128x1x1
ffn_up-25,kernel_transpose_32_16,0.019200,512x32x0,1x16x0,2816x128x1x1
ffn_up-25,kernel_mul_mat_Ab_Bi_8x4,0.608200,16x704x1,1x128x1,2816x128x1x1
ffn_swiglu-25,kernel_swiglu,0.045400,65536x1x1,512x1x1,2816x128x1x1
node_1659,kernel_add,0.046400,8192x1x1,64x1x1,2048x128x1x1
node_1660,kernel_add,0.037100,8192x1x1,64x1x1,2048x128x1x1
node_1661,kernel_add,0.037700,8192x1x1,64x1x1,2048x128x1x1
node_1662,kernel_add,0.038300,8192x1x1,64x1x1,2048x128x1x1
ffn_moe_out-25,kernel_add,0.038600,8192x1x1,64x1x1,2048x128x1x1
ffn_shexp-25,kernel_transpose_32_16,0.032700,704x32x0,1x16x0,2048x128x1x1
ffn_shexp-25,kernel_mul_mat_Ab_Bi_8x4,0.702300,16x512x1,1x128x1,2048x128x1x1
ffn_out-25,kernel_add,0.034900,8192x1x1,64x1x1,2048x128x1x1
l_out-25,kernel_add,0.036200,8192x1x1,64x1x1,2048x128x1x1
attn_norm-26,kernel_rms_norm_mul,0.034300,131072x1x1,1024x1x1,2048x128x1x1
q-26,kernel_transpose_32_16,0.017300,512x32x0,1x16x0,3072x128x1x1
q-26,kernel_mul_mat_Ab_Bi_8x4,0.636300,16x768x1,1x128x1,3072x128x1x1
q_pe-26,kernel_rope_norm_f32,0.019300,1024x128x1,64x1x1,64x16x128x1
Qcur-26,kernel_concat_f32_non_contiguous,0.354300,16x128x1,0x0x0,192x16x128x1
kv_cmpr_pe-26,kernel_transpose_32_16,0.018700,512x32x0,1x16x0,576x128x1x1
kv_cmpr_pe-26,kernel_mul_mat_Ab_Bi_8x4,0.314700,16x144x1,1x128x1,576x128x1x1
k_pe-26,kernel_rope_norm_f32,0.003400,64x128x1,64x1x1,64x1x128x1
node_1677,kernel_repeat,0.287700,16x128x1,0x0x0,64x16x128x1
kv_cmpr-26,kernel_rms_norm_mul,0.015800,65536x1x1,512x1x1,512x128x1x1
kv-26,kernel_transpose_32_16,0.006000,128x32x0,1x16x0,4096x128x1x1
kv-26,kernel_mul_mat_Ab_Bi_8x4,0.229900,16x1024x1,1x128x1,4096x128x1x1
Kcur-26,kernel_concat_f32_non_contiguous,0.609100,16x128x1,0x0x0,192x16x128x1
Vcur_cont-26,kernel_cpy_f32_f32,0.019700,1024x128x1,64x1x1,128x16x128x1
cache_k_l26 (view),kernel_set_rows_f16_i64,0.029400,131072x1x1,1024x1x1,3072x4096x1x1
cache_v_l26 (view),kernel_set_rows_f16_i64,0.021800,131072x1x1,1024x1x1,2048x4096x1x1
__fattn__-26,flash_attn_f32_f16,18.907200,128x16x0,16x1x0,128x16x128x1
node_1698,kernel_transpose_32_16,0.016200,512x32x0,1x16x0,2048x128x1x1
node_1698,kernel_mul_mat_Ab_Bi_8x4,0.511600,16x512x1,1x128x1,2048x128x1x1
attn_norm-0,kernel_rms_norm_mul,0.035900,131072x1x1,1024x1x1,2048x128x1x1
q-0,kernel_transpose_32_16,0.017500,512x32x0,1x16x0,3072x128x1x1
q-0,kernel_mul_mat_Ab_Bi_8x4,0.635600,16x768x1,1x128x1,3072x128x1x1
q_pe-0,kernel_rope_norm_f32,0.018800,1024x128x1,64x1x1,64x16x128x1
Qcur-0,kernel_concat_f32_non_contiguous,0.353100,16x128x1,0x0x0,192x16x128x1
kv_cmpr_pe-0,kernel_transpose_32_16,0.021100,512x32x0,1x16x0,576x128x1x1
kv_cmpr_pe-0,kernel_mul_mat_Ab_Bi_8x4,0.315100,16x144x1,1x128x1,576x128x1x1
k_pe-0,kernel_rope_norm_f32,0.003300,64x128x1,64x1x1,64x1x128x1
node_11,kernel_repeat,0.284700,16x128x1,0x0x0,64x16x128x1
kv_cmpr-0,kernel_rms_norm_mul,0.015500,65536x1x1,512x1x1,512x128x1x1
kv-0,kernel_transpose_32_16,0.006100,128x32x0,1x16x0,4096x128x1x1
kv-0,kernel_mul_mat_Ab_Bi_8x4,0.225100,16x1024x1,1x128x1,4096x128x1x1
Kcur-0,kernel_concat_f32_non_contiguous,0.469700,16x128x1,0x0x0,192x16x128x1
Vcur_cont-0,kernel_cpy_f32_f32,0.023800,1024x128x1,64x1x1,128x16x128x1
cache_k_l0 (view),kernel_set_rows_f16_i64,0.031300,131072x1x1,1024x1x1,3072x4096x1x1
cache_v_l0 (view),kernel_set_rows_f16_i64,0.021500,131072x1x1,1024x1x1,2048x4096x1x1
 (copy),kernel_cpy_f32_f16,0.009900,8192x1x1,64x1x1,768x128x1x1
__fattn__-0,flash_attn_f32_f16,28.379900,128x16x0,16x1x0,128x16x128x1
node_33,kernel_transpose_32_16,0.016600,512x32x0,1x16x0,2048x128x1x1
node_33,kernel_mul_mat_Ab_Bi_8x4,0.511100,16x512x1,1x128x1,2048x128x1x1
ffn_inp-0,kernel_add,0.034300,8192x1x1,64x1x1,2048x128x1x1
ffn_norm-0,kernel_rms_norm_mul,0.034100,131072x1x1,1024x1x1,2048x128x1x1
ffn_gate-0,kernel_transpose_32_16,0.017300,512x32x0,1x16x0,10944x128x1x1
ffn_gate-0,kernel_mul_mat_Ab_Bi_8x4,2.061400,16x2736x1,1x128x1,10944x128x1x1
ffn_up-0,kernel_transpose_32_16,0.020400,512x32x0,1x16x0,10944x128x1x1
ffn_up-0,kernel_mul_mat_Ab_Bi_8x4,2.061000,16x2736x1,1x128x1,10944x128x1x1
ffn_swiglu-0,kernel_swiglu,0.232200,65536x1x1,512x1x1,10944x128x1x1
ffn_out-0,kernel_transpose_32_16,0.116800,2736x32x0,1x16x0,2048x128x1x1
ffn_out-0,kernel_mul_mat_Ab_Bi_8x4,2.784400,16x512x1,1x128x1,2048x128x1x1
l_out-0,kernel_add,0.034500,8192x1x1,64x1x1,2048x128x1x1
attn_norm-1,kernel_rms_norm_mul,0.033800,131072x1x1,1024x1x1,2048x128x1x1
q-1,kernel_transpose_32_16,0.017300,512x32x0,1x16x0,3072x128x1x1
q-1,kernel_mul_mat_Ab_Bi_8x4,0.638800,16x768x1,1x128x1,3072x128x1x1
q_pe-1,kernel_rope_norm_f32,0.020000,1024x128x1,64x1x1,64x16x128x1
Qcur-1,kernel_concat_f32_non_contiguous,0.351000,16x128x1,0x0x0,192x16x128x1
kv_cmpr_pe-1,kernel_transpose_32_16,0.021600,512x32x0,1x16x0,576x128x1x1
kv_cmpr_pe-1,kernel_mul_mat_Ab_Bi_8x4,0.314100,16x144x1,1x128x1,576x128x1x1
k_pe-1,kernel_rope_norm_f32,0.003400,64x128x1,64x1x1,64x1x128x1
node_52,kernel_repeat,0.288100,16x128x1,0x0x0,64x16x128x1
kv_cmpr-1,kernel_rms_norm_mul,0.015900,65536x1x1,512x1x1,512x128x1x1
kv-1,kernel_transpose_32_16,0.005700,128x32x0,1x16x0,4096x128x1x1
kv-1,kernel_mul_mat_Ab_Bi_8x4,0.225700,16x1024x1,1x128x1,4096x128x1x1
Kcur-1,kernel_concat_f32_non_contiguous,0.593600,16x128x1,0x0x0,192x16x128x1
Vcur_cont-1,kernel_cpy_f32_f32,0.023500,1024x128x1,64x1x1,128x16x128x1
cache_k_l1 (view),kernel_set_rows_f16_i64,0.030900,131072x1x1,1024x1x1,3072x4096x1x1
cache_v_l1 (view),kernel_set_rows_f16_i64,0.021900,131072x1x1,1024x1x1,2048x4096x1x1
__fattn__-1,flash_attn_f32_f16,28.358500,128x16x0,16x1x0,128x16x128x1
node_73,kernel_transpose_32_16,0.016200,512x32x0,1x16x0,2048x128x1x1
node_73,kernel_mul_mat_Ab_Bi_8x4,0.512400,16x512x1,1x128x1,2048x128x1x1
ffn_inp-1,kernel_add,0.034500,8192x1x1,64x1x1,2048x128x1x1
ffn_norm-1,kernel_rms_norm_mul,0.034500,131072x1x1,1024x1x1,2048x128x1x1
ffn_moe_logits-1,kernel_mul_mm_f32_f32_l4_lm,0.509400,128x2x1,128x1x1,64x128x1x1
ffn_moe_probs-1,kernel_soft_max_4,0.004400,8192x1x1,64x1x1,64x128x1x1
ffn_moe_argsort-1,kernel_argsort_f32_i32,0.024800,64x128x1,64x1x1,64x128x1x1
ffn_moe_weights-1,kernel_get_rows_f32,0.006100,384x128x1,64x1x1,1x6x128x1
ffn_moe_weights_scaled-1,kernel_scale,0.001800,192x1x1,64x1x1,1x6x128x1
ffn_moe_gate-1,kernel_mul_mv_id_q4_0_f32_8x_flat,18.484301,11264x1x768,64x1x1,1408x6x128x1
ffn_moe_up-1,kernel_mul_mv_id_q4_0_f32_8x_flat,18.252701,11264x1x768,64x1x1,1408x6x128x1
ffn_moe_weighted-1,kernel_swiglu,0.191300,393216x1x1,512x1x1,1408x6x128x1
ffn_moe_down-1,kernel_mul_mv_id_q4_0_f32_8x_flat,19.707600,16384x1x768,64x1x1,2048x6x128x1
node_89,kernel_mul,0.197300,384x128x1,64x1x1,2048x6x128x1
ffn_gate-1,kernel_transpose_32_16,0.024100,512x32x0,1x16x0,2816x128x1x1
ffn_gate-1,kernel_mul_mat_Ab_Bi_8x4,0.610000,16x704x1,1x128x1,2816x128x1x1
ffn_up-1,kernel_transpose_32_16,0.018600,512x32x0,1x16x0,2816x128x1x1
ffn_up-1,kernel_mul_mat_Ab_Bi_8x4,0.609300,16x704x1,1x128x1,2816x128x1x1
ffn_swiglu-1,kernel_swiglu,0.046100,65536x1x1,512x1x1,2816x128x1x1
node_99,kernel_add,0.046300,8192x1x1,64x1x1,2048x128x1x1
node_100,kernel_add,0.037200,8192x1x1,64x1x1,2048x128x1x1
node_101,kernel_add,0.037800,8192x1x1,64x1x1,2048x128x1x1
node_102,kernel_add,0.038500,8192x1x1,64x1x1,2048x128x1x1
ffn_moe_out-1,kernel_add,0.037600,8192x1x1,64x1x1,2048x128x1x1
ffn_shexp-1,kernel_transpose_32_16,0.032500,704x32x0,1x16x0,2048x128x1x1
ffn_shexp-1,kernel_mul_mat_Ab_Bi_8x4,0.701100,16x512x1,1x128x1,2048x128x1x1
ffn_out-1,kernel_add,0.034700,8192x1x1,64x1x1,2048x128x1x1
l_out-1,kernel_add,0.038600,8192x1x1,64x1x1,2048x128x1x1
attn_norm-2,kernel_rms_norm_mul,0.033900,131072x1x1,1024x1x1,2048x128x1x1
q-2,kernel_transpose_32_16,0.017400,512x32x0,1x16x0,3072x128x1x1
q-2,kernel_mul_mat_Ab_Bi_8x4,0.637000,16x768x1,1x128x1,3072x128x1x1
q_pe-2,kernel_rope_norm_f32,0.019200,1024x128x1,64x1x1,64x16x128x1
Qcur-2,kernel_concat_f32_non_contiguous,0.351600,16x128x1,0x0x0,192x16x128x1
kv_cmpr_pe-2,kernel_transpose_32_16,0.018100,512x32x0,1x16x0,576x128x1x1
kv_cmpr_pe-2,kernel_mul_mat_Ab_Bi_8x4,0.312400,16x144x1,1x128x1,576x128x1x1
k_pe-2,kernel_rope_norm_f32,0.003400,64x128x1,64x1x1,64x1x128x1
node_117,kernel_repeat,0.286800,16x128x1,0x0x0,64x16x128x1
kv_cmpr-2,kernel_rms_norm_mul,0.015900,65536x1x1,512x1x1,512x128x1x1
kv-2,kernel_transpose_32_16,0.006100,128x32x0,1x16x0,4096x128x1x1
kv-2,kernel_mul_mat_Ab_Bi_8x4,0.227800,16x1024x1,1x128x1,4096x128x1x1
Kcur-2,kernel_concat_f32_non_contiguous,0.605800,16x128x1,0x0x0,192x16x128x1
Vcur_cont-2,kernel_cpy_f32_f32,0.019500,1024x128x1,64x1x1,128x16x128x1
cache_k_l2 (view),kernel_set_rows_f16_i64,0.029700,131072x1x1,1024x1x1,3072x4096x1x1
cache_v_l2 (view),kernel_set_rows_f16_i64,0.021400,131072x1x1,1024x1x1,2048x4096x1x1
__fattn__-2,flash_attn_f32_f16,28.278700,128x16x0,16x1x0,128x16x128x1
node_138,kernel_transpose_32_16,0.016300,512x32x0,1x16x0,2048x128x1x1
node_138,kernel_mul_mat_Ab_Bi_8x4,0.510900,16x512x1,1x128x1,2048x128x1x1
ffn_inp-2,kernel_add,0.035900,8192x1x1,64x1x1,2048x128x1x1
ffn_norm-2,kernel_rms_norm_mul,0.033600,131072x1x1,1024x1x1,2048x128x1x1
ffn_moe_logits-2,kernel_mul_mm_f32_f32_l4_lm,0.508100,128x2x1,128x1x1,64x128x1x1
ffn_moe_probs-2,kernel_soft_max_4,0.004600,8192x1x1,64x1x1,64x128x1x1
ffn_moe_argsort-2,kernel_argsort_f32_i32,0.024900,64x128x1,64x1x1,64x128x1x1
ffn_moe_weights-2,kernel_get_rows_f32,0.006500,384x128x1,64x1x1,1x6x128x1
ffn_moe_weights_scaled-2,kernel_scale,0.001800,192x1x1,64x1x1,1x6x128x1
ffn_moe_gate-2,kernel_mul_mv_id_q4_0_f32_8x_flat,18.348700,11264x1x768,64x1x1,1408x6x128x1
ffn_moe_up-2,kernel_mul_mv_id_q4_0_f32_8x_flat,18.333500,11264x1x768,64x1x1,1408x6x128x1
ffn_moe_weighted-2,kernel_swiglu,0.170600,393216x1x1,512x1x1,1408x6x128x1
ffn_moe_down-2,kernel_mul_mv_id_q4_0_f32_8x_flat,19.679899,16384x1x768,64x1x1,2048x6x128x1
node_154,kernel_mul,0.198800,384x128x1,64x1x1,2048x6x128x1
ffn_gate-2,kernel_transpose_32_16,0.024300,512x32x0,1x16x0,2816x128x1x1
ffn_gate-2,kernel_mul_mat_Ab_Bi_8x4,0.609500,16x704x1,1x128x1,2816x128x1x1
ffn_up-2,kernel_transpose_32_16,0.020200,512x32x0,1x16x0,2816x128x1x1
ffn_up-2,kernel_mul_mat_Ab_Bi_8x4,0.610100,16x704x1,1x128x1,2816x128x1x1
ffn_swiglu-2,kernel_swiglu,0.045500,65536x1x1,512x1x1,2816x128x1x1
node_164,kernel_add,0.046000,8192x1x1,64x1x1,2048x128x1x1
node_165,kernel_add,0.030400,8192x1x1,64x1x1,2048x128x1x1
node_166,kernel_add,0.034600,8192x1x1,64x1x1,2048x128x1x1
node_167,kernel_add,0.034000,8192x1x1,64x1x1,2048x128x1x1
ffn_moe_out-2,kernel_add,0.035700,8192x1x1,64x1x1,2048x128x1x1
ffn_shexp-2,kernel_transpose_32_16,0.032700,704x32x0,1x16x0,2048x128x1x1
ffn_shexp-2,kernel_mul_mat_Ab_Bi_8x4,0.703100,16x512x1,1x128x1,2048x128x1x1
ffn_out-2,kernel_add,0.031400,8192x1x1,64x1x1,2048x128x1x1
l_out-2,kernel_add,0.036100,8192x1x1,64x1x1,2048x128x1x1
attn_norm-3,kernel_rms_norm_mul,0.033500,131072x1x1,1024x1x1,2048x128x1x1
q-3,kernel_transpose_32_16,0.017500,512x32x0,1x16x0,3072x128x1x1
q-3,kernel_mul_mat_Ab_Bi_8x4,0.636400,16x768x1,1x128x1,3072x128x1x1
q_pe-3,kernel_rope_norm_f32,0.019300,1024x128x1,64x1x1,64x16x128x1
Qcur-3,kernel_concat_f32_non_contiguous,0.353100,16x128x1,0x0x0,192x16x128x1
kv_cmpr_pe-3,kernel_transpose_32_16,0.021100,512x32x0,1x16x0,576x128x1x1
kv_cmpr_pe-3,kernel_mul_mat_Ab_Bi_8x4,0.314100,16x144x1,1x128x1,576x128x1x1
k_pe-3,kernel_rope_norm_f32,0.003200,64x128x1,64x1x1,64x1x128x1
node_182,kernel_repeat,0.284800,16x128x1,0x0x0,64x16x128x1
kv_cmpr-3,kernel_rms_norm_mul,0.015500,65536x1x1,512x1x1,512x128x1x1
kv-3,kernel_transpose_32_16,0.006300,128x32x0,1x16x0,4096x128x1x1
kv-3,kernel_mul_mat_Ab_Bi_8x4,0.231900,16x1024x1,1x128x1,4096x128x1x1
Kcur-3,kernel_concat_f32_non_contiguous,0.609700,16x128x1,0x0x0,192x16x128x1
Vcur_cont-3,kernel_cpy_f32_f32,0.024500,1024x128x1,64x1x1,128x16x128x1
cache_k_l3 (view),kernel_set_rows_f16_i64,0.031200,131072x1x1,1024x1x1,3072x4096x1x1
cache_v_l3 (view),kernel_set_rows_f16_i64,0.022400,131072x1x1,1024x1x1,2048x4096x1x1
__fattn__-3,flash_attn_f32_f16,28.293100,128x16x0,16x1x0,128x16x128x1
node_203,kernel_transpose_32_16,0.016100,512x32x0,1x16x0,2048x128x1x1
node_203,kernel_mul_mat_Ab_Bi_8x4,0.510700,16x512x1,1x128x1,2048x128x1x1
ffn_inp-3,kernel_add,0.034100,8192x1x1,64x1x1,2048x128x1x1
ffn_norm-3,kernel_rms_norm_mul,0.034100,131072x1x1,1024x1x1,2048x128x1x1
ffn_moe_logits-3,kernel_mul_mm_f32_f32_l4_lm,0.509100,128x2x1,128x1x1,64x128x1x1
ffn_moe_probs-3,kernel_soft_max_4,0.004400,8192x1x1,64x1x1,64x128x1x1
ffn_moe_argsort-3,kernel_argsort_f32_i32,0.025300,64x128x1,64x1x1,64x128x1x1
ffn_moe_weights-3,kernel_get_rows_f32,0.006600,384x128x1,64x1x1,1x6x128x1
ffn_moe_weights_scaled-3,kernel_scale,0.001800,192x1x1,64x1x1,1x6x128x1
ffn_moe_gate-3,kernel_mul_mv_id_q4_0_f32_8x_flat,18.263100,11264x1x768,64x1x1,1408x6x128x1
ffn_moe_up-3,kernel_mul_mv_id_q4_0_f32_8x_flat,18.238300,11264x1x768,64x1x1,1408x6x128x1
ffn_moe_weighted-3,kernel_swiglu,0.170800,393216x1x1,512x1x1,1408x6x128x1
ffn_moe_down-3,kernel_mul_mv_id_q4_0_f32_8x_flat,19.683800,16384x1x768,64x1x1,2048x6x128x1
node_219,kernel_mul,0.198600,384x128x1,64x1x1,2048x6x128x1
ffn_gate-3,kernel_transpose_32_16,0.024000,512x32x0,1x16x0,2816x128x1x1
ffn_gate-3,kernel_mul_mat_Ab_Bi_8x4,0.605500,16x704x1,1x128x1,2816x128x1x1
ffn_up-3,kernel_transpose_32_16,0.020500,512x32x0,1x16x0,2816x128x1x1
ffn_up-3,kernel_mul_mat_Ab_Bi_8x4,0.606200,16x704x1,1x128x1,2816x128x1x1
ffn_swiglu-3,kernel_swiglu,0.046800,65536x1x1,512x1x1,2816x128x1x1
node_229,kernel_add,0.047400,8192x1x1,64x1x1,2048x128x1x1
node_230,kernel_add,0.036100,8192x1x1,64x1x1,2048x128x1x1
node_231,kernel_add,0.038000,8192x1x1,64x1x1,2048x128x1x1
node_232,kernel_add,0.039400,8192x1x1,64x1x1,2048x128x1x1
ffn_moe_out-3,kernel_add,0.032900,8192x1x1,64x1x1,2048x128x1x1
ffn_shexp-3,kernel_transpose_32_16,0.033200,704x32x0,1x16x0,2048x128x1x1
ffn_shexp-3,kernel_mul_mat_Ab_Bi_8x4,0.702500,16x512x1,1x128x1,2048x128x1x1
ffn_out-3,kernel_add,0.033500,8192x1x1,64x1x1,2048x128x1x1
l_out-3,kernel_add,0.037900,8192x1x1,64x1x1,2048x128x1x1
attn_norm-4,kernel_rms_norm_mul,0.034100,131072x1x1,1024x1x1,2048x128x1x1
q-4,kernel_transpose_32_16,0.017200,512x32x0,1x16x0,3072x128x1x1
q-4,kernel_mul_mat_Ab_Bi_8x4,0.637900,16x768x1,1x128x1,3072x128x1x1
q_pe-4,kernel_rope_norm_f32,0.016300,1024x128x1,64x1x1,64x16x128x1
Qcur-4,kernel_concat_f32_non_contiguous,0.352500,16x128x1,0x0x0,192x16x128x1
kv_cmpr_pe-4,kernel_transpose_32_16,0.021800,512x32x0,1x16x0,576x128x1x1
kv_cmpr_pe-4,kernel_mul_mat_Ab_Bi_8x4,0.317500,16x144x1,1x128x1,576x128x1x1
k_pe-4,kernel_rope_norm_f32,0.003300,64x128x1,64x1x1,64x1x128x1
node_247,kernel_repeat,0.287900,16x128x1,0x0x0,64x16x128x1
kv_cmpr-4,kernel_rms_norm_mul,0.015900,65536x1x1,512x1x1,512x128x1x1
kv-4,kernel_transpose_32_16,0.006300,128x32x0,1x16x0,4096x128x1x1
kv-4,kernel_mul_mat_Ab_Bi_8x4,0.230700,16x1024x1,1x128x1,4096x128x1x1
Kcur-4,kernel_concat_f32_non_contiguous,0.598700,16x128x1,0x0x0,192x16x128x1
Vcur_cont-4,kernel_cpy_f32_f32,0.023300,1024x128x1,64x1x1,128x16x128x1
cache_k_l4 (view),kernel_set_rows_f16_i64,0.029800,131072x1x1,1024x1x1,3072x4096x1x1
cache_v_l4 (view),kernel_set_rows_f16_i64,0.021900,131072x1x1,1024x1x1,2048x4096x1x1
__fattn__-4,flash_attn_f32_f16,28.277800,128x16x0,16x1x0,128x16x128x1
node_268,kernel_transpose_32_16,0.016200,512x32x0,1x16x0,2048x128x1x1
node_268,kernel_mul_mat_Ab_Bi_8x4,0.510500,16x512x1,1x128x1,2048x128x1x1
ffn_inp-4,kernel_add,0.032400,8192x1x1,64x1x1,2048x128x1x1
ffn_norm-4,kernel_rms_norm_mul,0.034400,131072x1x1,1024x1x1,2048x128x1x1
ffn_moe_logits-4,kernel_mul_mm_f32_f32_l4_lm,0.511700,128x2x1,128x1x1,64x128x1x1
ffn_moe_probs-4,kernel_soft_max_4,0.004400,8192x1x1,64x1x1,64x128x1x1
ffn_moe_argsort-4,kernel_argsort_f32_i32,0.025000,64x128x1,64x1x1,64x128x1x1
ffn_moe_weights-4,kernel_get_rows_f32,0.006100,384x128x1,64x1x1,1x6x128x1
ffn_moe_weights_scaled-4,kernel_scale,0.001800,192x1x1,64x1x1,1x6x128x1
ffn_moe_gate-4,kernel_mul_mv_id_q4_0_f32_8x_flat,18.329399,11264x1x768,64x1x1,1408x6x128x1
ffn_moe_up-4,kernel_mul_mv_id_q4_0_f32_8x_flat,18.299700,11264x1x768,64x1x1,1408x6x128x1
ffn_moe_weighted-4,kernel_swiglu,0.172000,393216x1x1,512x1x1,1408x6x128x1
ffn_moe_down-4,kernel_mul_mv_id_q4_0_f32_8x_flat,19.669500,16384x1x768,64x1x1,2048x6x128x1
node_284,kernel_mul,0.201200,384x128x1,64x1x1,2048x6x128x1
ffn_gate-4,kernel_transpose_32_16,0.022500,512x32x0,1x16x0,2816x128x1x1
ffn_gate-4,kernel_mul_mat_Ab_Bi_8x4,0.611500,16x704x1,1x128x1,2816x128x1x1
ffn_up-4,kernel_transpose_32_16,0.020200,512x32x0,1x16x0,2816x128x1x1
ffn_up-4,kernel_mul_mat_Ab_Bi_8x4,0.609000,16x704x1,1x128x1,2816x128x1x1
ffn_swiglu-4,kernel_swiglu,0.043800,65536x1x1,512x1x1,2816x128x1x1
node_294,kernel_add,0.046800,8192x1x1,64x1x1,2048x128x1x1
node_295,kernel_add,0.033600,8192x1x1,64x1x1,2048x128x1x1
node_296,kernel_add,0.034500,8192x1x1,64x1x1,2048x128x1x1
node_297,kernel_add,0.034400,8192x1x1,64x1x1,2048x128x1x1
ffn_moe_out-4,kernel_add,0.033200,8192x1x1,64x1x1,2048x128x1x1
ffn_shexp-4,kernel_transpose_32_16,0.032300,704x32x0,1x16x0,2048x128x1x1
ffn_shexp-4,kernel_mul_mat_Ab_Bi_8x4,0.704200,16x512x1,1x128x1,2048x128x1x1
ffn_out-4,kernel_add,0.029900,8192x1x1,64x1x1,2048x128x1x1
l_out-4,kernel_add,0.035600,8192x1x1,64x1x1,2048x128x1x1
attn_norm-5,kernel_rms_norm_mul,0.034000,131072x1x1,1024x1x1,2048x128x1x1
q-5,kernel_transpose_32_16,0.016800,512x32x0,1x16x0,3072x128x1x1
q-5,kernel_mul_mat_Ab_Bi_8x4,0.635600,16x768x1,1x128x1,3072x128x1x1
q_pe-5,kernel_rope_norm_f32,0.019200,1024x128x1,64x1x1,64x16x128x1
Qcur-5,kernel_concat_f32_non_contiguous,0.351400,16x128x1,0x0x0,192x16x128x1
kv_cmpr_pe-5,kernel_transpose_32_16,0.022100,512x32x0,1x16x0,576x128x1x1
kv_cmpr_pe-5,kernel_mul_mat_Ab_Bi_8x4,0.313000,16x144x1,1x128x1,576x128x1x1
k_pe-5,kernel_rope_norm_f32,0.003400,64x128x1,64x1x1,64x1x128x1
node_312,kernel_repeat,0.286600,16x128x1,0x0x0,64x16x128x1
kv_cmpr-5,kernel_rms_norm_mul,0.015800,65536x1x1,512x1x1,512x128x1x1
kv-5,kernel_transpose_32_16,0.006600,128x32x0,1x16x0,4096x128x1x1
kv-5,kernel_mul_mat_Ab_Bi_8x4,0.225600,16x1024x1,1x128x1,4096x128x1x1
Kcur-5,kernel_concat_f32_non_contiguous,0.614000,16x128x1,0x0x0,192x16x128x1
Vcur_cont-5,kernel_cpy_f32_f32,0.023700,1024x128x1,64x1x1,128x16x128x1
cache_k_l5 (view),kernel_set_rows_f16_i64,0.027300,131072x1x1,1024x1x1,3072x4096x1x1
cache_v_l5 (view),kernel_set_rows_f16_i64,0.022600,131072x1x1,1024x1x1,2048x4096x1x1
__fattn__-5,flash_attn_f32_f16,28.347700,128x16x0,16x1x0,128x16x128x1
node_333,kernel_transpose_32_16,0.016500,512x32x0,1x16x0,2048x128x1x1
node_333,kernel_mul_mat_Ab_Bi_8x4,0.512100,16x512x1,1x128x1,2048x128x1x1
ffn_inp-5,kernel_add,0.034700,8192x1x1,64x1x1,2048x128x1x1
ffn_norm-5,kernel_rms_norm_mul,0.034800,131072x1x1,1024x1x1,2048x128x1x1
ffn_moe_logits-5,kernel_mul_mm_f32_f32_l4_lm,0.507400,128x2x1,128x1x1,64x128x1x1
ffn_moe_probs-5,kernel_soft_max_4,0.004600,8192x1x1,64x1x1,64x128x1x1
ffn_moe_argsort-5,kernel_argsort_f32_i32,0.024800,64x128x1,64x1x1,64x128x1x1
ffn_moe_weights-5,kernel_get_rows_f32,0.006100,384x128x1,64x1x1,1x6x128x1
ffn_moe_weights_scaled-5,kernel_scale,0.001800,192x1x1,64x1x1,1x6x128x1
ffn_moe_gate-5,kernel_mul_mv_id_q4_0_f32_8x_flat,18.165600,11264x1x768,64x1x1,1408x6x128x1
ffn_moe_up-5,kernel_mul_mv_id_q4_0_f32_8x_flat,18.194401,11264x1x768,64x1x1,1408x6x128x1
ffn_moe_weighted-5,kernel_swiglu,0.170700,393216x1x1,512x1x1,1408x6x128x1
ffn_moe_down-5,kernel_mul_mv_id_q4_0_f32_8x_flat,19.643101,16384x1x768,64x1x1,2048x6x128x1
node_349,kernel_mul,0.198700,384x128x1,64x1x1,2048x6x128x1
ffn_gate-5,kernel_transpose_32_16,0.023400,512x32x0,1x16x0,2816x128x1x1
ffn_gate-5,kernel_mul_mat_Ab_Bi_8x4,0.610300,16x704x1,1x128x1,2816x128x1x1
ffn_up-5,kernel_transpose_32_16,0.019500,512x32x0,1x16x0,2816x128x1x1
ffn_up-5,kernel_mul_mat_Ab_Bi_8x4,0.608200,16x704x1,1x128x1,2816x128x1x1
ffn_swiglu-5,kernel_swiglu,0.045600,65536x1x1,512x1x1,2816x128x1x1
node_359,kernel_add,0.047000,8192x1x1,64x1x1,2048x128x1x1
node_360,kernel_add,0.036800,8192x1x1,64x1x1,2048x128x1x1
node_361,kernel_add,0.032500,8192x1x1,64x1x1,2048x128x1x1
node_362,kernel_add,0.039200,8192x1x1,64x1x1,2048x128x1x1
ffn_moe_out-5,kernel_add,0.037100,8192x1x1,64x1x1,2048x128x1x1
ffn_shexp-5,kernel_transpose_32_16,0.032200,704x32x0,1x16x0,2048x128x1x1
ffn_shexp-5,kernel_mul_mat_Ab_Bi_8x4,0.704200,16x512x1,1x128x1,2048x128x1x1
ffn_out-5,kernel_add,0.033400,8192x1x1,64x1x1,2048x128x1x1
l_out-5,kernel_add,0.038700,8192x1x1,64x1x1,2048x128x1x1
attn_norm-6,kernel_rms_norm_mul,0.034100,131072x1x1,1024x1x1,2048x128x1x1
q-6,kernel_transpose_32_16,0.015400,512x32x0,1x16x0,3072x128x1x1
q-6,kernel_mul_mat_Ab_Bi_8x4,0.635300,16x768x1,1x128x1,3072x128x1x1
q_pe-6,kernel_rope_norm_f32,0.019000,1024x128x1,64x1x1,64x16x128x1
Qcur-6,kernel_concat_f32_non_contiguous,0.352500,16x128x1,0x0x0,192x16x128x1
kv_cmpr_pe-6,kernel_transpose_32_16,0.022700,512x32x0,1x16x0,576x128x1x1
kv_cmpr_pe-6,kernel_mul_mat_Ab_Bi_8x4,0.315600,16x144x1,1x128x1,576x128x1x1
k_pe-6,kernel_rope_norm_f32,0.003300,64x128x1,64x1x1,64x1x128x1
node_377,kernel_repeat,0.287700,16x128x1,0x0x0,64x16x128x1
kv_cmpr-6,kernel_rms_norm_mul,0.016000,65536x1x1,512x1x1,512x128x1x1
kv-6,kernel_transpose_32_16,0.005500,128x32x0,1x16x0,4096x128x1x1
kv-6,kernel_mul_mat_Ab_Bi_8x4,0.225300,16x1024x1,1x128x1,4096x128x1x1
Kcur-6,kernel_concat_f32_non_contiguous,0.597900,16x128x1,0x0x0,192x16x128x1
Vcur_cont-6,kernel_cpy_f32_f32,0.022500,1024x128x1,64x1x1,128x16x128x1
cache_k_l6 (view),kernel_set_rows_f16_i64,0.030300,131072x1x1,1024x1x1,3072x4096x1x1
cache_v_l6 (view),kernel_set_rows_f16_i64,0.021300,131072x1x1,1024x1x1,2048x4096x1x1
__fattn__-6,flash_attn_f32_f16,28.375700,128x16x0,16x1x0,128x16x128x1
node_398,kernel_transpose_32_16,0.016200,512x32x0,1x16x0,2048x128x1x1
node_398,kernel_mul_mat_Ab_Bi_8x4,0.509800,16x512x1,1x128x1,2048x128x1x1
ffn_inp-6,kernel_add,0.035000,8192x1x1,64x1x1,2048x128x1x1
ffn_norm-6,kernel_rms_norm_mul,0.033800,131072x1x1,1024x1x1,2048x128x1x1
ffn_moe_logits-6,kernel_mul_mm_f32_f32_l4_lm,0.504500,128x2x1,128x1x1,64x128x1x1
ffn_moe_probs-6,kernel_soft_max_4,0.004500,8192x1x1,64x1x1,64x128x1x1
ffn_moe_argsort-6,kernel_argsort_f32_i32,0.024900,64x128x1,64x1x1,64x128x1x1
ffn_moe_weights-6,kernel_get_rows_f32,0.006200,384x128x1,64x1x1,1x6x128x1
ffn_moe_weights_scaled-6,kernel_scale,0.002100,192x1x1,64x1x1,1x6x128x1
ffn_moe_gate-6,kernel_mul_mv_id_q4_0_f32_8x_flat,18.290899,11264x1x768,64x1x1,1408x6x128x1
ffn_moe_up-6,kernel_mul_mv_id_q4_0_f32_8x_flat,18.189501,11264x1x768,64x1x1,1408x6x128x1
ffn_moe_weighted-6,kernel_swiglu,0.174300,393216x1x1,512x1x1,1408x6x128x1
ffn_moe_down-6,kernel_mul_mv_id_q4_0_f32_8x_flat,19.801399,16384x1x768,64x1x1,2048x6x128x1
node_414,kernel_mul,0.201900,384x128x1,64x1x1,2048x6x128x1
ffn_gate-6,kernel_transpose_32_16,0.024400,512x32x0,1x16x0,2816x128x1x1
ffn_gate-6,kernel_mul_mat_Ab_Bi_8x4,0.612100,16x704x1,1x128x1,2816x128x1x1
ffn_up-6,kernel_transpose_32_16,0.016400,512x32x0,1x16x0,2816x128x1x1
ffn_up-6,kernel_mul_mat_Ab_Bi_8x4,0.607000,16x704x1,1x128x1,2816x128x1x1
ffn_swiglu-6,kernel_swiglu,0.045100,65536x1x1,512x1x1,2816x128x1x1
node_424,kernel_add,0.047500,8192x1x1,64x1x1,2048x128x1x1
node_425,kernel_add,0.034300,8192x1x1,64x1x1,2048x128x1x1
node_426,kernel_add,0.035600,8192x1x1,64x1x1,2048x128x1x1
node_427,kernel_add,0.033800,8192x1x1,64x1x1,2048x128x1x1
ffn_moe_out-6,kernel_add,0.033200,8192x1x1,64x1x1,2048x128x1x1
ffn_shexp-6,kernel_transpose_32_16,0.026000,704x32x0,1x16x0,2048x128x1x1
ffn_shexp-6,kernel_mul_mat_Ab_Bi_8x4,0.705300,16x512x1,1x128x1,2048x128x1x1
ffn_out-6,kernel_add,0.032200,8192x1x1,64x1x1,2048x128x1x1
l_out-6,kernel_add,0.037600,8192x1x1,64x1x1,2048x128x1x1
attn_norm-7,kernel_rms_norm_mul,0.033900,131072x1x1,1024x1x1,2048x128x1x1
q-7,kernel_transpose_32_16,0.017400,512x32x0,1x16x0,3072x128x1x1
q-7,kernel_mul_mat_Ab_Bi_8x4,0.635000,16x768x1,1x128x1,3072x128x1x1
q_pe-7,kernel_rope_norm_f32,0.019700,1024x128x1,64x1x1,64x16x128x1
Qcur-7,kernel_concat_f32_non_contiguous,0.347800,16x128x1,0x0x0,192x16x128x1
kv_cmpr_pe-7,kernel_transpose_32_16,0.020900,512x32x0,1x16x0,576x128x1x1
kv_cmpr_pe-7,kernel_mul_mat_Ab_Bi_8x4,0.315200,16x144x1,1x128x1,576x128x1x1
k_pe-7,kernel_rope_norm_f32,0.003400,64x128x1,64x1x1,64x1x128x1
node_442,kernel_repeat,0.288600,16x128x1,0x0x0,64x16x128x1
kv_cmpr-7,kernel_rms_norm_mul,0.015900,65536x1x1,512x1x1,512x128x1x1
kv-7,kernel_transpose_32_16,0.006400,128x32x0,1x16x0,4096x128x1x1
kv-7,kernel_mul_mat_Ab_Bi_8x4,0.225600,16x1024x1,1x128x1,4096x128x1x1
Kcur-7,kernel_concat_f32_non_contiguous,0.622600,16x128x1,0x0x0,192x16x128x1
Vcur_cont-7,kernel_cpy_f32_f32,0.023600,1024x128x1,64x1x1,128x16x128x1
cache_k_l7 (view),kernel_set_rows_f16_i64,0.030800,131072x1x1,1024x1x1,3072x4096x1x1
cache_v_l7 (view),kernel_set_rows_f16_i64,0.022100,131072x1x1,1024x1x1,2048x4096x1x1
__fattn__-7,flash_attn_f32_f16,28.355400,128x16x0,16x1x0,128x16x128x1
node_463,kernel_transpose_32_16,0.017000,512x32x0,1x16x0,2048x128x1x1
node_463,kernel_mul_mat_Ab_Bi_8x4,0.513700,16x512x1,1x128x1,2048x128x1x1
ffn_inp-7,kernel_add,0.033200,8192x1x1,64x1x1,2048x128x1x1
ffn_norm-7,kernel_rms_norm_mul,0.033900,131072x1x1,1024x1x1,2048x128x1x1
ffn_moe_logits-7,kernel_mul_mm_f32_f32_l4_lm,0.502200,128x2x1,128x1x1,64x128x1x1
ffn_moe_probs-7,kernel_soft_max_4,0.004300,8192x1x1,64x1x1,64x128x1x1
ffn_moe_argsort-7,kernel_argsort_f32_i32,0.024900,64x128x1,64x1x1,64x128x1x1
ffn_moe_weights-7,kernel_get_rows_f32,0.006200,384x128x1,64x1x1,1x6x128x1
ffn_moe_weights_scaled-7,kernel_scale,0.001800,192x1x1,64x1x1,1x6x128x1
ffn_moe_gate-7,kernel_mul_mv_id_q4_0_f32_8x_flat,18.205601,11264x1x768,64x1x1,1408x6x128x1
ffn_moe_up-7,kernel_mul_mv_id_q4_0_f32_8x_flat,18.198500,11264x1x768,64x1x1,1408x6x128x1
ffn_moe_weighted-7,kernel_swiglu,0.173100,393216x1x1,512x1x1,1408x6x128x1
ffn_moe_down-7,kernel_mul_mv_id_q4_0_f32_8x_flat,19.612200,16384x1x768,64x1x1,2048x6x128x1
node_479,kernel_mul,0.197800,384x128x1,64x1x1,2048x6x128x1
ffn_gate-7,kernel_transpose_32_16,0.023700,512x32x0,1x16x0,2816x128x1x1
ffn_gate-7,kernel_mul_mat_Ab_Bi_8x4,0.608800,16x704x1,1x128x1,2816x128x1x1
ffn_up-7,kernel_transpose_32_16,0.020000,512x32x0,1x16x0,2816x128x1x1
ffn_up-7,kernel_mul_mat_Ab_Bi_8x4,0.607100,16x704x1,1x128x1,2816x128x1x1
ffn_swiglu-7,kernel_swiglu,0.045800,65536x1x1,512x1x1,2816x128x1x1
node_489,kernel_add,0.041700,8192x1x1,64x1x1,2048x128x1x1
node_490,kernel_add,0.035700,8192x1x1,64x1x1,2048x128x1x1
node_491,kernel_add,0.037800,8192x1x1,64x1x1,2048x128x1x1
node_492,kernel_add,0.038300,8192x1x1,64x1x1,2048x128x1x1
ffn_moe_out-7,kernel_add,0.038200,8192x1x1,64x1x1,2048x128x1x1
ffn_shexp-7,kernel_transpose_32_16,0.032000,704x32x0,1x16x0,2048x128x1x1
ffn_shexp-7,kernel_mul_mat_Ab_Bi_8x4,0.703200,16x512x1,1x128x1,2048x128x1x1
ffn_out-7,kernel_add,0.035100,8192x1x1,64x1x1,2048x128x1x1
l_out-7,kernel_add,0.033200,8192x1x1,64x1x1,2048x128x1x1
attn_norm-8,kernel_rms_norm_mul,0.033900,131072x1x1,1024x1x1,2048x128x1x1
q-8,kernel_transpose_32_16,0.017900,512x32x0,1x16x0,3072x128x1x1
q-8,kernel_mul_mat_Ab_Bi_8x4,0.635400,16x768x1,1x128x1,3072x128x1x1
q_pe-8,kernel_rope_norm_f32,0.019400,1024x128x1,64x1x1,64x16x128x1
Qcur-8,kernel_concat_f32_non_contiguous,0.352300,16x128x1,0x0x0,192x16x128x1
kv_cmpr_pe-8,kernel_transpose_32_16,0.021500,512x32x0,1x16x0,576x128x1x1
kv_cmpr_pe-8,kernel_mul_mat_Ab_Bi_8x4,0.315300,16x144x1,1x128x1,576x128x1x1
k_pe-8,kernel_rope_norm_f32,0.003600,64x128x1,64x1x1,64x1x128x1
node_507,kernel_repeat,0.285200,16x128x1,0x0x0,64x16x128x1
kv_cmpr-8,kernel_rms_norm_mul,0.016000,65536x1x1,512x1x1,512x128x1x1
kv-8,kernel_transpose_32_16,0.006200,128x32x0,1x16x0,4096x128x1x1
kv-8,kernel_mul_mat_Ab_Bi_8x4,0.225500,16x1024x1,1x128x1,4096x128x1x1
Kcur-8,kernel_concat_f32_non_contiguous,0.623100,16x128x1,0x0x0,192x16x128x1
Vcur_cont-8,kernel_cpy_f32_f32,0.023400,1024x128x1,64x1x1,128x16x128x1
cache_k_l8 (view),kernel_set_rows_f16_i64,0.030200,131072x1x1,1024x1x1,3072x4096x1x1
cache_v_l8 (view),kernel_set_rows_f16_i64,0.019800,131072x1x1,1024x1x1,2048x4096x1x1
__fattn__-8,flash_attn_f32_f16,28.359100,128x16x0,16x1x0,128x16x128x1
node_528,kernel_transpose_32_16,0.016300,512x32x0,1x16x0,2048x128x1x1
node_528,kernel_mul_mat_Ab_Bi_8x4,0.510200,16x512x1,1x128x1,2048x128x1x1
ffn_inp-8,kernel_add,0.033500,8192x1x1,64x1x1,2048x128x1x1
ffn_norm-8,kernel_rms_norm_mul,0.034400,131072x1x1,1024x1x1,2048x128x1x1
ffn_moe_logits-8,kernel_mul_mm_f32_f32_l4_lm,0.514300,128x2x1,128x1x1,64x128x1x1
ffn_moe_probs-8,kernel_soft_max_4,0.004600,8192x1x1,64x1x1,64x128x1x1
ffn_moe_argsort-8,kernel_argsort_f32_i32,0.025400,64x128x1,64x1x1,64x128x1x1
ffn_moe_weights-8,kernel_get_rows_f32,0.006100,384x128x1,64x1x1,1x6x128x1
ffn_moe_weights_scaled-8,kernel_scale,0.001900,192x1x1,64x1x1,1x6x128x1
ffn_moe_gate-8,kernel_mul_mv_id_q4_0_f32_8x_flat,18.143400,11264x1x768,64x1x1,1408x6x128x1
ffn_moe_up-8,kernel_mul_mv_id_q4_0_f32_8x_flat,18.158501,11264x1x768,64x1x1,1408x6x128x1
ffn_moe_weighted-8,kernel_swiglu,0.169600,393216x1x1,512x1x1,1408x6x128x1
ffn_moe_down-8,kernel_mul_mv_id_q4_0_f32_8x_flat,19.645800,16384x1x768,64x1x1,2048x6x128x1
node_544,kernel_mul,0.198700,384x128x1,64x1x1,2048x6x128x1
ffn_gate-8,kernel_transpose_32_16,0.019500,512x32x0,1x16x0,2816x128x1x1
ffn_gate-8,kernel_mul_mat_Ab_Bi_8x4,0.609100,16x704x1,1x128x1,2816x128x1x1
ffn_up-8,kernel_transpose_32_16,0.019900,512x32x0,1x16x0,2816x128x1x1
ffn_up-8,kernel_mul_mat_Ab_Bi_8x4,0.607000,16x704x1,1x128x1,2816x128x1x1
ffn_swiglu-8,kernel_swiglu,0.045600,65536x1x1,512x1x1,2816x128x1x1
node_554,kernel_add,0.047100,8192x1x1,64x1x1,2048x128x1x1
node_555,kernel_add,0.033600,8192x1x1,64x1x1,2048x128x1x1
node_556,kernel_add,0.033500,8192x1x1,64x1x1,2048x128x1x1
node_557,kernel_add,0.031100,8192x1x1,64x1x1,2048x128x1x1
ffn_moe_out-8,kernel_add,0.034900,8192x1x1,64x1x1,2048x128x1x1
ffn_shexp-8,kernel_transpose_32_16,0.031800,704x32x0,1x16x0,2048x128x1x1
ffn_shexp-8,kernel_mul_mat_Ab_Bi_8x4,0.704100,16x512x1,1x128x1,2048x128x1x1
ffn_out-8,kernel_add,0.032600,8192x1x1,64x1x1,2048x128x1x1
l_out-8,kernel_add,0.037500,8192x1x1,64x1x1,2048x128x1x1
attn_norm-9,kernel_rms_norm_mul,0.033600,131072x1x1,1024x1x1,2048x128x1x1
q-9,kernel_transpose_32_16,0.017900,512x32x0,1x16x0,3072x128x1x1
q-9,kernel_mul_mat_Ab_Bi_8x4,0.635600,16x768x1,1x128x1,3072x128x1x1
q_pe-9,kernel_rope_norm_f32,0.019100,1024x128x1,64x1x1,64x16x128x1
Qcur-9,kernel_concat_f32_non_contiguous,0.352400,16x128x1,0x0x0,192x16x128x1
kv_cmpr_pe-9,kernel_transpose_32_16,0.021300,512x32x0,1x16x0,576x128x1x1
kv_cmpr_pe-9,kernel_mul_mat_Ab_Bi_8x4,0.314600,16x144x1,1x128x1,576x128x1x1
k_pe-9,kernel_rope_norm_f32,0.003100,64x128x1,64x1x1,64x1x128x1
node_572,kernel_repeat,0.287800,16x128x1,0x0x0,64x16x128x1
kv_cmpr-9,kernel_rms_norm_mul,0.015800,65536x1x1,512x1x1,512x128x1x1
kv-9,kernel_transpose_32_16,0.005700,128x32x0,1x16x0,4096x128x1x1
kv-9,kernel_mul_mat_Ab_Bi_8x4,0.228400,16x1024x1,1x128x1,4096x128x1x1
Kcur-9,kernel_concat_f32_non_contiguous,0.480400,16x128x1,0x0x0,192x16x128x1
Vcur_cont-9,kernel_cpy_f32_f32,0.023300,1024x128x1,64x1x1,128x16x128x1
cache_k_l9 (view),kernel_set_rows_f16_i64,0.029800,131072x1x1,1024x1x1,3072x4096x1x1
cache_v_l9 (view),kernel_set_rows_f16_i64,0.021400,131072x1x1,1024x1x1,2048x4096x1x1
__fattn__-9,flash_attn_f32_f16,28.301800,128x16x0,16x1x0,128x16x128x1
node_593,kernel_transpose_32_16,0.016400,512x32x0,1x16x0,2048x128x1x1
node_593,kernel_mul_mat_Ab_Bi_8x4,0.510600,16x512x1,1x128x1,2048x128x1x1
ffn_inp-9,kernel_add,0.033200,8192x1x1,64x1x1,2048x128x1x1
ffn_norm-9,kernel_rms_norm_mul,0.034400,131072x1x1,1024x1x1,2048x128x1x1
ffn_moe_logits-9,kernel_mul_mm_f32_f32_l4_lm,0.512200,128x2x1,128x1x1,64x128x1x1
ffn_moe_probs-9,kernel_soft_max_4,0.004300,8192x1x1,64x1x1,64x128x1x1
ffn_moe_argsort-9,kernel_argsort_f32_i32,0.025000,64x128x1,64x1x1,64x128x1x1
ffn_moe_weights-9,kernel_get_rows_f32,0.006100,384x128x1,64x1x1,1x6x128x1
ffn_moe_weights_scaled-9,kernel_scale,0.001900,192x1x1,64x1x1,1x6x128x1
ffn_moe_gate-9,kernel_mul_mv_id_q4_0_f32_8x_flat,18.253300,11264x1x768,64x1x1,1408x6x128x1
ffn_moe_up-9,kernel_mul_mv_id_q4_0_f32_8x_flat,18.283600,11264x1x768,64x1x1,1408x6x128x1
ffn_moe_weighted-9,kernel_swiglu,0.170500,393216x1x1,512x1x1,1408x6x128x1
ffn_moe_down-9,kernel_mul_mv_id_q4_0_f32_8x_flat,19.649000,16384x1x768,64x1x1,2048x6x128x1
node_609,kernel_mul,0.200900,384x128x1,64x1x1,2048x6x128x1
ffn_gate-9,kernel_transpose_32_16,0.023300,512x32x0,1x16x0,2816x128x1x1
ffn_gate-9,kernel_mul_mat_Ab_Bi_8x4,0.609300,16x704x1,1x128x1,2816x128x1x1
ffn_up-9,kernel_transpose_32_16,0.020100,512x32x0,1x16x0,2816x128x1x1
ffn_up-9,kernel_mul_mat_Ab_Bi_8x4,0.607500,16x704x1,1x128x1,2816x128x1x1
ffn_swiglu-9,kernel_swiglu,0.046500,65536x1x1,512x1x1,2816x128x1x1
node_619,kernel_add,0.050700,8192x1x1,64x1x1,2048x128x1x1
node_620,kernel_add,0.036000,8192x1x1,64x1x1,2048x128x1x1
node_621,kernel_add,0.039800,8192x1x1,64x1x1,2048x128x1x1
node_622,kernel_add,0.040000,8192x1x1,64x1x1,2048x128x1x1
ffn_moe_out-9,kernel_add,0.038600,8192x1x1,64x1x1,2048x128x1x1
ffn_shexp-9,kernel_transpose_32_16,0.033400,704x32x0,1x16x0,2048x128x1x1
ffn_shexp-9,kernel_mul_mat_Ab_Bi_8x4,0.703000,16x512x1,1x128x1,2048x128x1x1
ffn_out-9,kernel_add,0.035300,8192x1x1,64x1x1,2048x128x1x1
l_out-9,kernel_add,0.037800,8192x1x1,64x1x1,2048x128x1x1
attn_norm-10,kernel_rms_norm_mul,0.034300,131072x1x1,1024x1x1,2048x128x1x1
q-10,kernel_transpose_32_16,0.017500,512x32x0,1x16x0,3072x128x1x1
q-10,kernel_mul_mat_Ab_Bi_8x4,0.635700,16x768x1,1x128x1,3072x128x1x1
q_pe-10,kernel_rope_norm_f32,0.019000,1024x128x1,64x1x1,64x16x128x1
Qcur-10,kernel_concat_f32_non_contiguous,0.380600,16x128x1,0x0x0,192x16x128x1
kv_cmpr_pe-10,kernel_transpose_32_16,0.053900,512x32x0,1x16x0,576x128x1x1
kv_cmpr_pe-10,kernel_mul_mat_Ab_Bi_8x4,0.334700,16x144x1,1x128x1,576x128x1x1
k_pe-10,kernel_rope_norm_f32,0.004600,64x128x1,64x1x1,64x1x128x1
node_637,kernel_repeat,0.299100,16x128x1,0x0x0,64x16x128x1
kv_cmpr-10,kernel_rms_norm_mul,0.021600,65536x1x1,512x1x1,512x128x1x1
kv-10,kernel_transpose_32_16,0.018200,128x32x0,1x16x0,4096x128x1x1
kv-10,kernel_mul_mat_Ab_Bi_8x4,0.274100,16x1024x1,1x128x1,4096x128x1x1
Kcur-10,kernel_concat_f32_non_contiguous,0.972600,16x128x1,0x0x0,192x16x128x1
Vcur_cont-10,kernel_cpy_f32_f32,0.019700,1024x128x1,64x1x1,128x16x128x1
cache_k_l10 (view),kernel_set_rows_f16_i64,0.030000,131072x1x1,1024x1x1,3072x4096x1x1
cache_v_l10 (view),kernel_set_rows_f16_i64,0.021900,131072x1x1,1024x1x1,2048x4096x1x1
__fattn__-10,flash_attn_f32_f16,28.342800,128x16x0,16x1x0,128x16x128x1
node_658,kernel_transpose_32_16,0.016300,512x32x0,1x16x0,2048x128x1x1
node_658,kernel_mul_mat_Ab_Bi_8x4,0.508700,16x512x1,1x128x1,2048x128x1x1
ffn_inp-10,kernel_add,0.034600,8192x1x1,64x1x1,2048x128x1x1
ffn_norm-10,kernel_rms_norm_mul,0.034200,131072x1x1,1024x1x1,2048x128x1x1
ffn_moe_logits-10,kernel_mul_mm_f32_f32_l4_lm,0.497500,128x2x1,128x1x1,64x128x1x1
ffn_moe_probs-10,kernel_soft_max_4,0.004400,8192x1x1,64x1x1,64x128x1x1
ffn_moe_argsort-10,kernel_argsort_f32_i32,0.025000,64x128x1,64x1x1,64x128x1x1
ffn_moe_weights-10,kernel_get_rows_f32,0.006200,384x128x1,64x1x1,1x6x128x1
ffn_moe_weights_scaled-10,kernel_scale,0.001900,192x1x1,64x1x1,1x6x128x1
ffn_moe_gate-10,kernel_mul_mv_id_q4_0_f32_8x_flat,18.169701,11264x1x768,64x1x1,1408x6x128x1
ffn_moe_up-10,kernel_mul_mv_id_q4_0_f32_8x_flat,18.377399,11264x1x768,64x1x1,1408x6x128x1
ffn_moe_weighted-10,kernel_swiglu,0.171400,393216x1x1,512x1x1,1408x6x128x1
ffn_moe_down-10,kernel_mul_mv_id_q4_0_f32_8x_flat,19.663099,16384x1x768,64x1x1,2048x6x128x1
node_674,kernel_mul,0.200200,384x128x1,64x1x1,2048x6x128x1
ffn_gate-10,kernel_transpose_32_16,0.023900,512x32x0,1x16x0,2816x128x1x1
ffn_gate-10,kernel_mul_mat_Ab_Bi_8x4,0.608900,16x704x1,1x128x1,2816x128x1x1
ffn_up-10,kernel_transpose_32_16,0.018700,512x32x0,1x16x0,2816x128x1x1
ffn_up-10,kernel_mul_mat_Ab_Bi_8x4,0.609700,16x704x1,1x128x1,2816x128x1x1
ffn_swiglu-10,kernel_swiglu,0.045400,65536x1x1,512x1x1,2816x128x1x1
node_684,kernel_add,0.045200,8192x1x1,64x1x1,2048x128x1x1
node_685,kernel_add,0.030500,8192x1x1,64x1x1,2048x128x1x1
node_686,kernel_add,0.034100,8192x1x1,64x1x1,2048x128x1x1
node_687,kernel_add,0.034500,8192x1x1,64x1x1,2048x128x1x1
ffn_moe_out-10,kernel_add,0.033200,8192x1x1,64x1x1,2048x128x1x1
ffn_shexp-10,kernel_transpose_32_16,0.032800,704x32x0,1x16x0,2048x128x1x1
ffn_shexp-10,kernel_mul_mat_Ab_Bi_8x4,0.705600,16x512x1,1x128x1,2048x128x1x1
ffn_out-10,kernel_add,0.031600,8192x1x1,64x1x1,2048x128x1x1
l_out-10,kernel_add,0.035700,8192x1x1,64x1x1,2048x128x1x1
attn_norm-11,kernel_rms_norm_mul,0.033700,131072x1x1,1024x1x1,2048x128x1x1
q-11,kernel_transpose_32_16,0.017100,512x32x0,1x16x0,3072x128x1x1
q-11,kernel_mul_mat_Ab_Bi_8x4,0.635400,16x768x1,1x128x1,3072x128x1x1
q_pe-11,kernel_rope_norm_f32,0.018900,1024x128x1,64x1x1,64x16x128x1
Qcur-11,kernel_concat_f32_non_contiguous,0.353600,16x128x1,0x0x0,192x16x128x1
kv_cmpr_pe-11,kernel_transpose_32_16,0.022200,512x32x0,1x16x0,576x128x1x1
kv_cmpr_pe-11,kernel_mul_mat_Ab_Bi_8x4,0.316700,16x144x1,1x128x1,576x128x1x1
k_pe-11,kernel_rope_norm_f32,0.003300,64x128x1,64x1x1,64x1x128x1
node_702,kernel_repeat,0.286000,16x128x1,0x0x0,64x16x128x1
kv_cmpr-11,kernel_rms_norm_mul,0.015500,65536x1x1,512x1x1,512x128x1x1
kv-11,kernel_transpose_32_16,0.006700,128x32x0,1x16x0,4096x128x1x1
kv-11,kernel_mul_mat_Ab_Bi_8x4,0.228100,16x1024x1,1x128x1,4096x128x1x1
Kcur-11,kernel_concat_f32_non_contiguous,0.630800,16x128x1,0x0x0,192x16x128x1
Vcur_cont-11,kernel_cpy_f32_f32,0.024300,1024x128x1,64x1x1,128x16x128x1
cache_k_l11 (view),kernel_set_rows_f16_i64,0.030000,131072x1x1,1024x1x1,3072x4096x1x1
cache_v_l11 (view),kernel_set_rows_f16_i64,0.021800,131072x1x1,1024x1x1,2048x4096x1x1
__fattn__-11,flash_attn_f32_f16,28.300900,128x16x0,16x1x0,128x16x128x1
node_723,kernel_transpose_32_16,0.016200,512x32x0,1x16x0,2048x128x1x1
node_723,kernel_mul_mat_Ab_Bi_8x4,0.510400,16x512x1,1x128x1,2048x128x1x1
ffn_inp-11,kernel_add,0.033800,8192x1x1,64x1x1,2048x128x1x1
ffn_norm-11,kernel_rms_norm_mul,0.034500,131072x1x1,1024x1x1,2048x128x1x1
ffn_moe_logits-11,kernel_mul_mm_f32_f32_l4_lm,0.519000,128x2x1,128x1x1,64x128x1x1
ffn_moe_probs-11,kernel_soft_max_4,0.004300,8192x1x1,64x1x1,64x128x1x1
ffn_moe_argsort-11,kernel_argsort_f32_i32,0.025200,64x128x1,64x1x1,64x128x1x1
ffn_moe_weights-11,kernel_get_rows_f32,0.006500,384x128x1,64x1x1,1x6x128x1
ffn_moe_weights_scaled-11,kernel_scale,0.001800,192x1x1,64x1x1,1x6x128x1
ffn_moe_gate-11,kernel_mul_mv_id_q4_0_f32_8x_flat,18.770100,11264x1x768,64x1x1,1408x6x128x1
ffn_moe_up-11,kernel_mul_mv_id_q4_0_f32_8x_flat,18.657499,11264x1x768,64x1x1,1408x6x128x1
ffn_moe_weighted-11,kernel_swiglu,0.171400,393216x1x1,512x1x1,1408x6x128x1
ffn_moe_down-11,kernel_mul_mv_id_q4_0_f32_8x_flat,19.676001,16384x1x768,64x1x1,2048x6x128x1
node_739,kernel_mul,0.200800,384x128x1,64x1x1,2048x6x128x1
ffn_gate-11,kernel_transpose_32_16,0.025000,512x32x0,1x16x0,2816x128x1x1
ffn_gate-11,kernel_mul_mat_Ab_Bi_8x4,0.610800,16x704x1,1x128x1,2816x128x1x1
ffn_up-11,kernel_transpose_32_16,0.019200,512x32x0,1x16x0,2816x128x1x1
ffn_up-11,kernel_mul_mat_Ab_Bi_8x4,0.607000,16x704x1,1x128x1,2816x128x1x1
ffn_swiglu-11,kernel_swiglu,0.045500,65536x1x1,512x1x1,2816x128x1x1
node_749,kernel_add,0.047100,8192x1x1,64x1x1,2048x128x1x1
node_750,kernel_add,0.036100,8192x1x1,64x1x1,2048x128x1x1
node_751,kernel_add,0.038200,8192x1x1,64x1x1,2048x128x1x1
node_752,kernel_add,0.038000,8192x1x1,64x1x1,2048x128x1x1
ffn_moe_out-11,kernel_add,0.031900,8192x1x1,64x1x1,2048x128x1x1
ffn_shexp-11,kernel_transpose_32_16,0.032500,704x32x0,1x16x0,2048x128x1x1
ffn_shexp-11,kernel_mul_mat_Ab_Bi_8x4,0.707200,16x512x1,1x128x1,2048x128x1x1
ffn_out-11,kernel_add,0.033500,8192x1x1,64x1x1,2048x128x1x1
l_out-11,kernel_add,0.037800,8192x1x1,64x1x1,2048x128x1x1
attn_norm-12,kernel_rms_norm_mul,0.034700,131072x1x1,1024x1x1,2048x128x1x1
q-12,kernel_transpose_32_16,0.017000,512x32x0,1x16x0,3072x128x1x1
q-12,kernel_mul_mat_Ab_Bi_8x4,0.636000,16x768x1,1x128x1,3072x128x1x1
q_pe-12,kernel_rope_norm_f32,0.016100,1024x128x1,64x1x1,64x16x128x1
Qcur-12,kernel_concat_f32_non_contiguous,0.351500,16x128x1,0x0x0,192x16x128x1
kv_cmpr_pe-12,kernel_transpose_32_16,0.022200,512x32x0,1x16x0,576x128x1x1
kv_cmpr_pe-12,kernel_mul_mat_Ab_Bi_8x4,0.317500,16x144x1,1x128x1,576x128x1x1
k_pe-12,kernel_rope_norm_f32,0.003200,64x128x1,64x1x1,64x1x128x1
node_767,kernel_repeat,0.288900,16x128x1,0x0x0,64x16x128x1
kv_cmpr-12,kernel_rms_norm_mul,0.015700,65536x1x1,512x1x1,512x128x1x1
kv-12,kernel_transpose_32_16,0.006900,128x32x0,1x16x0,4096x128x1x1
kv-12,kernel_mul_mat_Ab_Bi_8x4,0.222500,16x1024x1,1x128x1,4096x128x1x1
Kcur-12,kernel_concat_f32_non_contiguous,0.597600,16x128x1,0x0x0,192x16x128x1
Vcur_cont-12,kernel_cpy_f32_f32,0.023100,1024x128x1,64x1x1,128x16x128x1
cache_k_l12 (view),kernel_set_rows_f16_i64,0.030400,131072x1x1,1024x1x1,3072x4096x1x1
cache_v_l12 (view),kernel_set_rows_f16_i64,0.022200,131072x1x1,1024x1x1,2048x4096x1x1
__fattn__-12,flash_attn_f32_f16,28.310801,128x16x0,16x1x0,128x16x128x1
node_788,kernel_transpose_32_16,0.016300,512x32x0,1x16x0,2048x128x1x1
node_788,kernel_mul_mat_Ab_Bi_8x4,0.510300,16x512x1,1x128x1,2048x128x1x1
ffn_inp-12,kernel_add,0.031700,8192x1x1,64x1x1,2048x128x1x1
ffn_norm-12,kernel_rms_norm_mul,0.033900,131072x1x1,1024x1x1,2048x128x1x1
ffn_moe_logits-12,kernel_mul_mm_f32_f32_l4_lm,0.513300,128x2x1,128x1x1,64x128x1x1
ffn_moe_probs-12,kernel_soft_max_4,0.004400,8192x1x1,64x1x1,64x128x1x1
ffn_moe_argsort-12,kernel_argsort_f32_i32,0.024900,64x128x1,64x1x1,64x128x1x1
ffn_moe_weights-12,kernel_get_rows_f32,0.006200,384x128x1,64x1x1,1x6x128x1
ffn_moe_weights_scaled-12,kernel_scale,0.002000,192x1x1,64x1x1,1x6x128x1
ffn_moe_gate-12,kernel_mul_mv_id_q4_0_f32_8x_flat,18.385599,11264x1x768,64x1x1,1408x6x128x1
ffn_moe_up-12,kernel_mul_mv_id_q4_0_f32_8x_flat,18.419001,11264x1x768,64x1x1,1408x6x128x1
ffn_moe_weighted-12,kernel_swiglu,0.171600,393216x1x1,512x1x1,1408x6x128x1
ffn_moe_down-12,kernel_mul_mv_id_q4_0_f32_8x_flat,19.742500,16384x1x768,64x1x1,2048x6x128x1
node_804,kernel_mul,0.197600,384x128x1,64x1x1,2048x6x128x1
ffn_gate-12,kernel_transpose_32_16,0.024900,512x32x0,1x16x0,2816x128x1x1
ffn_gate-12,kernel_mul_mat_Ab_Bi_8x4,0.608800,16x704x1,1x128x1,2816x128x1x1
ffn_up-12,kernel_transpose_32_16,0.019200,512x32x0,1x16x0,2816x128x1x1
ffn_up-12,kernel_mul_mat_Ab_Bi_8x4,0.611200,16x704x1,1x128x1,2816x128x1x1
ffn_swiglu-12,kernel_swiglu,0.043900,65536x1x1,512x1x1,2816x128x1x1
node_814,kernel_add,0.047300,8192x1x1,64x1x1,2048x128x1x1
node_815,kernel_add,0.034700,8192x1x1,64x1x1,2048x128x1x1
node_816,kernel_add,0.034600,8192x1x1,64x1x1,2048x128x1x1
node_817,kernel_add,0.034900,8192x1x1,64x1x1,2048x128x1x1
ffn_moe_out-12,kernel_add,0.034400,8192x1x1,64x1x1,2048x128x1x1
ffn_shexp-12,kernel_transpose_32_16,0.033500,704x32x0,1x16x0,2048x128x1x1
ffn_shexp-12,kernel_mul_mat_Ab_Bi_8x4,0.702300,16x512x1,1x128x1,2048x128x1x1
ffn_out-12,kernel_add,0.030500,8192x1x1,64x1x1,2048x128x1x1
l_out-12,kernel_add,0.034800,8192x1x1,64x1x1,2048x128x1x1
attn_norm-13,kernel_rms_norm_mul,0.033900,131072x1x1,1024x1x1,2048x128x1x1
q-13,kernel_transpose_32_16,0.017400,512x32x0,1x16x0,3072x128x1x1
q-13,kernel_mul_mat_Ab_Bi_8x4,0.634700,16x768x1,1x128x1,3072x128x1x1
q_pe-13,kernel_rope_norm_f32,0.018800,1024x128x1,64x1x1,64x16x128x1
Qcur-13,kernel_concat_f32_non_contiguous,0.353700,16x128x1,0x0x0,192x16x128x1
kv_cmpr_pe-13,kernel_transpose_32_16,0.022000,512x32x0,1x16x0,576x128x1x1
kv_cmpr_pe-13,kernel_mul_mat_Ab_Bi_8x4,0.312800,16x144x1,1x128x1,576x128x1x1
k_pe-13,kernel_rope_norm_f32,0.003300,64x128x1,64x1x1,64x1x128x1
node_832,kernel_repeat,0.287400,16x128x1,0x0x0,64x16x128x1
kv_cmpr-13,kernel_rms_norm_mul,0.015800,65536x1x1,512x1x1,512x128x1x1
kv-13,kernel_transpose_32_16,0.006600,128x32x0,1x16x0,4096x128x1x1
kv-13,kernel_mul_mat_Ab_Bi_8x4,0.224900,16x1024x1,1x128x1,4096x128x1x1
Kcur-13,kernel_concat_f32_non_contiguous,0.592200,16x128x1,0x0x0,192x16x128x1
Vcur_cont-13,kernel_cpy_f32_f32,0.023700,1024x128x1,64x1x1,128x16x128x1
cache_k_l13 (view),kernel_set_rows_f16_i64,0.028300,131072x1x1,1024x1x1,3072x4096x1x1
cache_v_l13 (view),kernel_set_rows_f16_i64,0.022100,131072x1x1,1024x1x1,2048x4096x1x1
__fattn__-13,flash_attn_f32_f16,28.331900,128x16x0,16x1x0,128x16x128x1
node_853,kernel_transpose_32_16,0.016200,512x32x0,1x16x0,2048x128x1x1
node_853,kernel_mul_mat_Ab_Bi_8x4,0.512500,16x512x1,1x128x1,2048x128x1x1
ffn_inp-13,kernel_add,0.032600,8192x1x1,64x1x1,2048x128x1x1
ffn_norm-13,kernel_rms_norm_mul,0.034200,131072x1x1,1024x1x1,2048x128x1x1
ffn_moe_logits-13,kernel_mul_mm_f32_f32_l4_lm,0.516600,128x2x1,128x1x1,64x128x1x1
ffn_moe_probs-13,kernel_soft_max_4,0.004600,8192x1x1,64x1x1,64x128x1x1
ffn_moe_argsort-13,kernel_argsort_f32_i32,0.025100,64x128x1,64x1x1,64x128x1x1
ffn_moe_weights-13,kernel_get_rows_f32,0.006200,384x128x1,64x1x1,1x6x128x1
ffn_moe_weights_scaled-13,kernel_scale,0.001800,192x1x1,64x1x1,1x6x128x1
ffn_moe_gate-13,kernel_mul_mv_id_q4_0_f32_8x_flat,18.412300,11264x1x768,64x1x1,1408x6x128x1
ffn_moe_up-13,kernel_mul_mv_id_q4_0_f32_8x_flat,18.510799,11264x1x768,64x1x1,1408x6x128x1
ffn_moe_weighted-13,kernel_swiglu,0.171500,393216x1x1,512x1x1,1408x6x128x1
ffn_moe_down-13,kernel_mul_mv_id_q4_0_f32_8x_flat,19.729601,16384x1x768,64x1x1,2048x6x128x1
node_869,kernel_mul,0.200900,384x128x1,64x1x1,2048x6x128x1
ffn_gate-13,kernel_transpose_32_16,0.023300,512x32x0,1x16x0,2816x128x1x1
ffn_gate-13,kernel_mul_mat_Ab_Bi_8x4,0.609000,16x704x1,1x128x1,2816x128x1x1
ffn_up-13,kernel_transpose_32_16,0.018600,512x32x0,1x16x0,2816x128x1x1
ffn_up-13,kernel_mul_mat_Ab_Bi_8x4,0.607700,16x704x1,1x128x1,2816x128x1x1
ffn_swiglu-13,kernel_swiglu,0.045600,65536x1x1,512x1x1,2816x128x1x1
node_879,kernel_add,0.046900,8192x1x1,64x1x1,2048x128x1x1
node_880,kernel_add,0.037000,8192x1x1,64x1x1,2048x128x1x1
node_881,kernel_add,0.032100,8192x1x1,64x1x1,2048x128x1x1
node_882,kernel_add,0.037600,8192x1x1,64x1x1,2048x128x1x1
ffn_moe_out-13,kernel_add,0.038000,8192x1x1,64x1x1,2048x128x1x1
ffn_shexp-13,kernel_transpose_32_16,0.033000,704x32x0,1x16x0,2048x128x1x1
ffn_shexp-13,kernel_mul_mat_Ab_Bi_8x4,0.704200,16x512x1,1x128x1,2048x128x1x1
ffn_out-13,kernel_add,0.034400,8192x1x1,64x1x1,2048x128x1x1
l_out-13,kernel_add,0.038000,8192x1x1,64x1x1,2048x128x1x1
attn_norm-14,kernel_rms_norm_mul,0.034300,131072x1x1,1024x1x1,2048x128x1x1
q-14,kernel_transpose_32_16,0.015500,512x32x0,1x16x0,3072x128x1x1
q-14,kernel_mul_mat_Ab_Bi_8x4,0.638200,16x768x1,1x128x1,3072x128x1x1
q_pe-14,kernel_rope_norm_f32,0.019400,1024x128x1,64x1x1,64x16x128x1
Qcur-14,kernel_concat_f32_non_contiguous,0.353900,16x128x1,0x0x0,192x16x128x1
kv_cmpr_pe-14,kernel_transpose_32_16,0.021400,512x32x0,1x16x0,576x128x1x1
kv_cmpr_pe-14,kernel_mul_mat_Ab_Bi_8x4,0.317700,16x144x1,1x128x1,576x128x1x1
k_pe-14,kernel_rope_norm_f32,0.003200,64x128x1,64x1x1,64x1x128x1
node_897,kernel_repeat,0.288300,16x128x1,0x0x0,64x16x128x1
kv_cmpr-14,kernel_rms_norm_mul,0.016200,65536x1x1,512x1x1,512x128x1x1
kv-14,kernel_transpose_32_16,0.005600,128x32x0,1x16x0,4096x128x1x1
kv-14,kernel_mul_mat_Ab_Bi_8x4,0.227200,16x1024x1,1x128x1,4096x128x1x1
Kcur-14,kernel_concat_f32_non_contiguous,0.594200,16x128x1,0x0x0,192x16x128x1
Vcur_cont-14,kernel_cpy_f32_f32,0.023300,1024x128x1,64x1x1,128x16x128x1
cache_k_l14 (view),kernel_set_rows_f16_i64,0.029500,131072x1x1,1024x1x1,3072x4096x1x1
cache_v_l14 (view),kernel_set_rows_f16_i64,0.021900,131072x1x1,1024x1x1,2048x4096x1x1
__fattn__-14,flash_attn_f32_f16,28.226200,128x16x0,16x1x0,128x16x128x1
node_918,kernel_transpose_32_16,0.015900,512x32x0,1x16x0,2048x128x1x1
node_918,kernel_mul_mat_Ab_Bi_8x4,0.510900,16x512x1,1x128x1,2048x128x1x1
ffn_inp-14,kernel_add,0.034200,8192x1x1,64x1x1,2048x128x1x1
ffn_norm-14,kernel_rms_norm_mul,0.034200,131072x1x1,1024x1x1,2048x128x1x1
ffn_moe_logits-14,kernel_mul_mm_f32_f32_l4_lm,0.517200,128x2x1,128x1x1,64x128x1x1
ffn_moe_probs-14,kernel_soft_max_4,0.004400,8192x1x1,64x1x1,64x128x1x1
ffn_moe_argsort-14,kernel_argsort_f32_i32,0.024900,64x128x1,64x1x1,64x128x1x1
ffn_moe_weights-14,kernel_get_rows_f32,0.006200,384x128x1,64x1x1,1x6x128x1
ffn_moe_weights_scaled-14,kernel_scale,0.002100,192x1x1,64x1x1,1x6x128x1
ffn_moe_gate-14,kernel_mul_mv_id_q4_0_f32_8x_flat,18.326799,11264x1x768,64x1x1,1408x6x128x1
ffn_moe_up-14,kernel_mul_mv_id_q4_0_f32_8x_flat,18.445999,11264x1x768,64x1x1,1408x6x128x1
ffn_moe_weighted-14,kernel_swiglu,0.169900,393216x1x1,512x1x1,1408x6x128x1
ffn_moe_down-14,kernel_mul_mv_id_q4_0_f32_8x_flat,19.780199,16384x1x768,64x1x1,2048x6x128x1
node_934,kernel_mul,0.198100,384x128x1,64x1x1,2048x6x128x1
ffn_gate-14,kernel_transpose_32_16,0.024500,512x32x0,1x16x0,2816x128x1x1
ffn_gate-14,kernel_mul_mat_Ab_Bi_8x4,0.607800,16x704x1,1x128x1,2816x128x1x1
ffn_up-14,kernel_transpose_32_16,0.016700,512x32x0,1x16x0,2816x128x1x1
ffn_up-14,kernel_mul_mat_Ab_Bi_8x4,0.607700,16x704x1,1x128x1,2816x128x1x1
ffn_swiglu-14,kernel_swiglu,0.047500,65536x1x1,512x1x1,2816x128x1x1
node_944,kernel_add,0.047300,8192x1x1,64x1x1,2048x128x1x1
node_945,kernel_add,0.032900,8192x1x1,64x1x1,2048x128x1x1
node_946,kernel_add,0.035300,8192x1x1,64x1x1,2048x128x1x1
node_947,kernel_add,0.034800,8192x1x1,64x1x1,2048x128x1x1
ffn_moe_out-14,kernel_add,0.036500,8192x1x1,64x1x1,2048x128x1x1
ffn_shexp-14,kernel_transpose_32_16,0.027400,704x32x0,1x16x0,2048x128x1x1
ffn_shexp-14,kernel_mul_mat_Ab_Bi_8x4,0.705200,16x512x1,1x128x1,2048x128x1x1
ffn_out-14,kernel_add,0.032700,8192x1x1,64x1x1,2048x128x1x1
l_out-14,kernel_add,0.035400,8192x1x1,64x1x1,2048x128x1x1
attn_norm-15,kernel_rms_norm_mul,0.033900,131072x1x1,1024x1x1,2048x128x1x1
q-15,kernel_transpose_32_16,0.017000,512x32x0,1x16x0,3072x128x1x1
q-15,kernel_mul_mat_Ab_Bi_8x4,0.635500,16x768x1,1x128x1,3072x128x1x1
q_pe-15,kernel_rope_norm_f32,0.019600,1024x128x1,64x1x1,64x16x128x1
Qcur-15,kernel_concat_f32_non_contiguous,0.347000,16x128x1,0x0x0,192x16x128x1
kv_cmpr_pe-15,kernel_transpose_32_16,0.020800,512x32x0,1x16x0,576x128x1x1
kv_cmpr_pe-15,kernel_mul_mat_Ab_Bi_8x4,0.313600,16x144x1,1x128x1,576x128x1x1
k_pe-15,kernel_rope_norm_f32,0.003400,64x128x1,64x1x1,64x1x128x1
node_962,kernel_repeat,0.287700,16x128x1,0x0x0,64x16x128x1
kv_cmpr-15,kernel_rms_norm_mul,0.016000,65536x1x1,512x1x1,512x128x1x1
kv-15,kernel_transpose_32_16,0.006800,128x32x0,1x16x0,4096x128x1x1
kv-15,kernel_mul_mat_Ab_Bi_8x4,0.225400,16x1024x1,1x128x1,4096x128x1x1
Kcur-15,kernel_concat_f32_non_contiguous,0.600400,16x128x1,0x0x0,192x16x128x1
Vcur_cont-15,kernel_cpy_f32_f32,0.023700,1024x128x1,64x1x1,128x16x128x1
cache_k_l15 (view),kernel_set_rows_f16_i64,0.030300,131072x1x1,1024x1x1,3072x4096x1x1
cache_v_l15 (view),kernel_set_rows_f16_i64,0.022200,131072x1x1,1024x1x1,2048x4096x1x1
__fattn__-15,flash_attn_f32_f16,28.368200,128x16x0,16x1x0,128x16x128x1
node_983,kernel_transpose_32_16,0.016700,512x32x0,1x16x0,2048x128x1x1
node_983,kernel_mul_mat_Ab_Bi_8x4,0.509500,16x512x1,1x128x1,2048x128x1x1
ffn_inp-15,kernel_add,0.033000,8192x1x1,64x1x1,2048x128x1x1
ffn_norm-15,kernel_rms_norm_mul,0.033700,131072x1x1,1024x1x1,2048x128x1x1
ffn_moe_logits-15,kernel_mul_mm_f32_f32_l4_lm,0.518700,128x2x1,128x1x1,64x128x1x1
ffn_moe_probs-15,kernel_soft_max_4,0.004500,8192x1x1,64x1x1,64x128x1x1
ffn_moe_argsort-15,kernel_argsort_f32_i32,0.024900,64x128x1,64x1x1,64x128x1x1
ffn_moe_weights-15,kernel_get_rows_f32,0.006300,384x128x1,64x1x1,1x6x128x1
ffn_moe_weights_scaled-15,kernel_scale,0.002100,192x1x1,64x1x1,1x6x128x1
ffn_moe_gate-15,kernel_mul_mv_id_q4_0_f32_8x_flat,18.506500,11264x1x768,64x1x1,1408x6x128x1
ffn_moe_up-15,kernel_mul_mv_id_q4_0_f32_8x_flat,18.518200,11264x1x768,64x1x1,1408x6x128x1
ffn_moe_weighted-15,kernel_swiglu,0.172800,393216x1x1,512x1x1,1408x6x128x1
ffn_moe_down-15,kernel_mul_mv_id_q4_0_f32_8x_flat,19.773800,16384x1x768,64x1x1,2048x6x128x1
node_999,kernel_mul,0.198200,384x128x1,64x1x1,2048x6x128x1
ffn_gate-15,kernel_transpose_32_16,0.023400,512x32x0,1x16x0,2816x128x1x1
ffn_gate-15,kernel_mul_mat_Ab_Bi_8x4,0.610400,16x704x1,1x128x1,2816x128x1x1
ffn_up-15,kernel_transpose_32_16,0.019900,512x32x0,1x16x0,2816x128x1x1
ffn_up-15,kernel_mul_mat_Ab_Bi_8x4,0.613200,16x704x1,1x128x1,2816x128x1x1
ffn_swiglu-15,kernel_swiglu,0.045700,65536x1x1,512x1x1,2816x128x1x1
node_1009,kernel_add,0.042600,8192x1x1,64x1x1,2048x128x1x1
node_1010,kernel_add,0.036100,8192x1x1,64x1x1,2048x128x1x1
node_1011,kernel_add,0.037500,8192x1x1,64x1x1,2048x128x1x1
node_1012,kernel_add,0.039600,8192x1x1,64x1x1,2048x128x1x1
ffn_moe_out-15,kernel_add,0.036900,8192x1x1,64x1x1,2048x128x1x1
ffn_shexp-15,kernel_transpose_32_16,0.033800,704x32x0,1x16x0,2048x128x1x1
ffn_shexp-15,kernel_mul_mat_Ab_Bi_8x4,0.703500,16x512x1,1x128x1,2048x128x1x1
ffn_out-15,kernel_add,0.036100,8192x1x1,64x1x1,2048x128x1x1
l_out-15,kernel_add,0.032300,8192x1x1,64x1x1,2048x128x1x1
attn_norm-16,kernel_rms_norm_mul,0.034200,131072x1x1,1024x1x1,2048x128x1x1
q-16,kernel_transpose_32_16,0.017300,512x32x0,1x16x0,3072x128x1x1
q-16,kernel_mul_mat_Ab_Bi_8x4,0.633500,16x768x1,1x128x1,3072x128x1x1
q_pe-16,kernel_rope_norm_f32,0.019200,1024x128x1,64x1x1,64x16x128x1
Qcur-16,kernel_concat_f32_non_contiguous,0.353300,16x128x1,0x0x0,192x16x128x1
kv_cmpr_pe-16,kernel_transpose_32_16,0.021400,512x32x0,1x16x0,576x128x1x1
kv_cmpr_pe-16,kernel_mul_mat_Ab_Bi_8x4,0.316500,16x144x1,1x128x1,576x128x1x1
k_pe-16,kernel_rope_norm_f32,0.003700,64x128x1,64x1x1,64x1x128x1
node_1027,kernel_repeat,0.284800,16x128x1,0x0x0,64x16x128x1
kv_cmpr-16,kernel_rms_norm_mul,0.015900,65536x1x1,512x1x1,512x128x1x1
kv-16,kernel_transpose_32_16,0.006200,128x32x0,1x16x0,4096x128x1x1
kv-16,kernel_mul_mat_Ab_Bi_8x4,0.226100,16x1024x1,1x128x1,4096x128x1x1
Kcur-16,kernel_concat_f32_non_contiguous,0.496000,16x128x1,0x0x0,192x16x128x1
Vcur_cont-16,kernel_cpy_f32_f32,0.022900,1024x128x1,64x1x1,128x16x128x1
cache_k_l16 (view),kernel_set_rows_f16_i64,0.030100,131072x1x1,1024x1x1,3072x4096x1x1
cache_v_l16 (view),kernel_set_rows_f16_i64,0.019900,131072x1x1,1024x1x1,2048x4096x1x1
__fattn__-16,flash_attn_f32_f16,28.623699,128x16x0,16x1x0,128x16x128x1
node_1048,kernel_transpose_32_16,0.017500,512x32x0,1x16x0,2048x128x1x1
node_1048,kernel_mul_mat_Ab_Bi_8x4,0.515000,16x512x1,1x128x1,2048x128x1x1
ffn_inp-16,kernel_add,0.035300,8192x1x1,64x1x1,2048x128x1x1
ffn_norm-16,kernel_rms_norm_mul,0.034100,131072x1x1,1024x1x1,2048x128x1x1
ffn_moe_logits-16,kernel_mul_mm_f32_f32_l4_lm,0.507800,128x2x1,128x1x1,64x128x1x1
ffn_moe_probs-16,kernel_soft_max_4,0.004500,8192x1x1,64x1x1,64x128x1x1
ffn_moe_argsort-16,kernel_argsort_f32_i32,0.025600,64x128x1,64x1x1,64x128x1x1
ffn_moe_weights-16,kernel_get_rows_f32,0.006200,384x128x1,64x1x1,1x6x128x1
ffn_moe_weights_scaled-16,kernel_scale,0.001900,192x1x1,64x1x1,1x6x128x1
ffn_moe_gate-16,kernel_mul_mv_id_q4_0_f32_8x_flat,19.148100,11264x1x768,64x1x1,1408x6x128x1
ffn_moe_up-16,kernel_mul_mv_id_q4_0_f32_8x_flat,19.903900,11264x1x768,64x1x1,1408x6x128x1
ffn_moe_weighted-16,kernel_swiglu,0.187400,393216x1x1,512x1x1,1408x6x128x1
ffn_moe_down-16,kernel_mul_mv_id_q4_0_f32_8x_flat,20.386700,16384x1x768,64x1x1,2048x6x128x1
node_1064,kernel_mul,0.215800,384x128x1,64x1x1,2048x6x128x1
ffn_gate-16,kernel_transpose_32_16,0.021100,512x32x0,1x16x0,2816x128x1x1
ffn_gate-16,kernel_mul_mat_Ab_Bi_8x4,0.612500,16x704x1,1x128x1,2816x128x1x1
ffn_up-16,kernel_transpose_32_16,0.020400,512x32x0,1x16x0,2816x128x1x1
ffn_up-16,kernel_mul_mat_Ab_Bi_8x4,0.612600,16x704x1,1x128x1,2816x128x1x1
ffn_swiglu-16,kernel_swiglu,0.049200,65536x1x1,512x1x1,2816x128x1x1
node_1074,kernel_add,0.052700,8192x1x1,64x1x1,2048x128x1x1
node_1075,kernel_add,0.037200,8192x1x1,64x1x1,2048x128x1x1
node_1076,kernel_add,0.036300,8192x1x1,64x1x1,2048x128x1x1
node_1077,kernel_add,0.034300,8192x1x1,64x1x1,2048x128x1x1
ffn_moe_out-16,kernel_add,0.038000,8192x1x1,64x1x1,2048x128x1x1
ffn_shexp-16,kernel_transpose_32_16,0.036800,704x32x0,1x16x0,2048x128x1x1
ffn_shexp-16,kernel_mul_mat_Ab_Bi_8x4,0.708800,16x512x1,1x128x1,2048x128x1x1
ffn_out-16,kernel_add,0.035800,8192x1x1,64x1x1,2048x128x1x1
l_out-16,kernel_add,0.040300,8192x1x1,64x1x1,2048x128x1x1
attn_norm-17,kernel_rms_norm_mul,0.034300,131072x1x1,1024x1x1,2048x128x1x1
q-17,kernel_transpose_32_16,0.018100,512x32x0,1x16x0,3072x128x1x1
q-17,kernel_mul_mat_Ab_Bi_8x4,0.640800,16x768x1,1x128x1,3072x128x1x1
q_pe-17,kernel_rope_norm_f32,0.019300,1024x128x1,64x1x1,64x16x128x1
Qcur-17,kernel_concat_f32_non_contiguous,0.356200,16x128x1,0x0x0,192x16x128x1
kv_cmpr_pe-17,kernel_transpose_32_16,0.022500,512x32x0,1x16x0,576x128x1x1
kv_cmpr_pe-17,kernel_mul_mat_Ab_Bi_8x4,0.324800,16x144x1,1x128x1,576x128x1x1
k_pe-17,kernel_rope_norm_f32,0.003300,64x128x1,64x1x1,64x1x128x1
node_1092,kernel_repeat,0.287800,16x128x1,0x0x0,64x16x128x1
kv_cmpr-17,kernel_rms_norm_mul,0.015900,65536x1x1,512x1x1,512x128x1x1
kv-17,kernel_transpose_32_16,0.005800,128x32x0,1x16x0,4096x128x1x1
kv-17,kernel_mul_mat_Ab_Bi_8x4,0.230200,16x1024x1,1x128x1,4096x128x1x1
Kcur-17,kernel_concat_f32_non_contiguous,0.607600,16x128x1,0x0x0,192x16x128x1
Vcur_cont-17,kernel_cpy_f32_f32,0.024600,1024x128x1,64x1x1,128x16x128x1
cache_k_l17 (view),kernel_set_rows_f16_i64,0.031200,131072x1x1,1024x1x1,3072x4096x1x1
cache_v_l17 (view),kernel_set_rows_f16_i64,0.023400,131072x1x1,1024x1x1,2048x4096x1x1
__fattn__-17,flash_attn_f32_f16,29.542801,128x16x0,16x1x0,128x16x128x1
node_1113,kernel_transpose_32_16,0.016400,512x32x0,1x16x0,2048x128x1x1
node_1113,kernel_mul_mat_Ab_Bi_8x4,0.510700,16x512x1,1x128x1,2048x128x1x1
ffn_inp-17,kernel_add,0.033400,8192x1x1,64x1x1,2048x128x1x1
ffn_norm-17,kernel_rms_norm_mul,0.033800,131072x1x1,1024x1x1,2048x128x1x1
ffn_moe_logits-17,kernel_mul_mm_f32_f32_l4_lm,0.521800,128x2x1,128x1x1,64x128x1x1
ffn_moe_probs-17,kernel_soft_max_4,0.004400,8192x1x1,64x1x1,64x128x1x1
ffn_moe_argsort-17,kernel_argsort_f32_i32,0.025200,64x128x1,64x1x1,64x128x1x1
ffn_moe_weights-17,kernel_get_rows_f32,0.006200,384x128x1,64x1x1,1x6x128x1
ffn_moe_weights_scaled-17,kernel_scale,0.001800,192x1x1,64x1x1,1x6x128x1
ffn_moe_gate-17,kernel_mul_mv_id_q4_0_f32_8x_flat,18.490801,11264x1x768,64x1x1,1408x6x128x1
ffn_moe_up-17,kernel_mul_mv_id_q4_0_f32_8x_flat,18.499500,11264x1x768,64x1x1,1408x6x128x1
ffn_moe_weighted-17,kernel_swiglu,0.171000,393216x1x1,512x1x1,1408x6x128x1
ffn_moe_down-17,kernel_mul_mv_id_q4_0_f32_8x_flat,19.756599,16384x1x768,64x1x1,2048x6x128x1
node_1129,kernel_mul,0.198800,384x128x1,64x1x1,2048x6x128x1
ffn_gate-17,kernel_transpose_32_16,0.024200,512x32x0,1x16x0,2816x128x1x1
ffn_gate-17,kernel_mul_mat_Ab_Bi_8x4,0.608800,16x704x1,1x128x1,2816x128x1x1
ffn_up-17,kernel_transpose_32_16,0.020100,512x32x0,1x16x0,2816x128x1x1
ffn_up-17,kernel_mul_mat_Ab_Bi_8x4,0.610100,16x704x1,1x128x1,2816x128x1x1
ffn_swiglu-17,kernel_swiglu,0.045600,65536x1x1,512x1x1,2816x128x1x1
node_1139,kernel_add,0.047800,8192x1x1,64x1x1,2048x128x1x1
node_1140,kernel_add,0.036500,8192x1x1,64x1x1,2048x128x1x1
node_1141,kernel_add,0.037600,8192x1x1,64x1x1,2048x128x1x1
node_1142,kernel_add,0.038700,8192x1x1,64x1x1,2048x128x1x1
ffn_moe_out-17,kernel_add,0.038900,8192x1x1,64x1x1,2048x128x1x1
ffn_shexp-17,kernel_transpose_32_16,0.032500,704x32x0,1x16x0,2048x128x1x1
ffn_shexp-17,kernel_mul_mat_Ab_Bi_8x4,0.699500,16x512x1,1x128x1,2048x128x1x1
ffn_out-17,kernel_add,0.034900,8192x1x1,64x1x1,2048x128x1x1
l_out-17,kernel_add,0.037800,8192x1x1,64x1x1,2048x128x1x1
attn_norm-18,kernel_rms_norm_mul,0.034300,131072x1x1,1024x1x1,2048x128x1x1
q-18,kernel_transpose_32_16,0.017200,512x32x0,1x16x0,3072x128x1x1
q-18,kernel_mul_mat_Ab_Bi_8x4,0.637500,16x768x1,1x128x1,3072x128x1x1
q_pe-18,kernel_rope_norm_f32,0.019300,1024x128x1,64x1x1,64x16x128x1
Qcur-18,kernel_concat_f32_non_contiguous,0.353900,16x128x1,0x0x0,192x16x128x1
kv_cmpr_pe-18,kernel_transpose_32_16,0.016300,512x32x0,1x16x0,576x128x1x1
kv_cmpr_pe-18,kernel_mul_mat_Ab_Bi_8x4,0.315700,16x144x1,1x128x1,576x128x1x1
k_pe-18,kernel_rope_norm_f32,0.003300,64x128x1,64x1x1,64x1x128x1
node_1157,kernel_repeat,0.287200,16x128x1,0x0x0,64x16x128x1
kv_cmpr-18,kernel_rms_norm_mul,0.016000,65536x1x1,512x1x1,512x128x1x1
kv-18,kernel_transpose_32_16,0.006100,128x32x0,1x16x0,4096x128x1x1
kv-18,kernel_mul_mat_Ab_Bi_8x4,0.226400,16x1024x1,1x128x1,4096x128x1x1
Kcur-18,kernel_concat_f32_non_contiguous,0.618200,16x128x1,0x0x0,192x16x128x1
Vcur_cont-18,kernel_cpy_f32_f32,0.019800,1024x128x1,64x1x1,128x16x128x1
cache_k_l18 (view),kernel_set_rows_f16_i64,0.030800,131072x1x1,1024x1x1,3072x4096x1x1
cache_v_l18 (view),kernel_set_rows_f16_i64,0.021800,131072x1x1,1024x1x1,2048x4096x1x1
__fattn__-18,flash_attn_f32_f16,28.389000,128x16x0,16x1x0,128x16x128x1
node_1178,kernel_transpose_32_16,0.016400,512x32x0,1x16x0,2048x128x1x1
node_1178,kernel_mul_mat_Ab_Bi_8x4,0.512800,16x512x1,1x128x1,2048x128x1x1
ffn_inp-18,kernel_add,0.033900,8192x1x1,64x1x1,2048x128x1x1
ffn_norm-18,kernel_rms_norm_mul,0.034500,131072x1x1,1024x1x1,2048x128x1x1
ffn_moe_logits-18,kernel_mul_mm_f32_f32_l4_lm,0.501500,128x2x1,128x1x1,64x128x1x1
ffn_moe_probs-18,kernel_soft_max_4,0.004700,8192x1x1,64x1x1,64x128x1x1
ffn_moe_argsort-18,kernel_argsort_f32_i32,0.025100,64x128x1,64x1x1,64x128x1x1
ffn_moe_weights-18,kernel_get_rows_f32,0.006400,384x128x1,64x1x1,1x6x128x1
ffn_moe_weights_scaled-18,kernel_scale,0.001800,192x1x1,64x1x1,1x6x128x1
ffn_moe_gate-18,kernel_mul_mv_id_q4_0_f32_8x_flat,18.463800,11264x1x768,64x1x1,1408x6x128x1
ffn_moe_up-18,kernel_mul_mv_id_q4_0_f32_8x_flat,18.434799,11264x1x768,64x1x1,1408x6x128x1
ffn_moe_weighted-18,kernel_swiglu,0.171100,393216x1x1,512x1x1,1408x6x128x1
ffn_moe_down-18,kernel_mul_mv_id_q4_0_f32_8x_flat,19.808300,16384x1x768,64x1x1,2048x6x128x1
node_1194,kernel_mul,0.201000,384x128x1,64x1x1,2048x6x128x1
ffn_gate-18,kernel_transpose_32_16,0.024200,512x32x0,1x16x0,2816x128x1x1
ffn_gate-18,kernel_mul_mat_Ab_Bi_8x4,0.606400,16x704x1,1x128x1,2816x128x1x1
ffn_up-18,kernel_transpose_32_16,0.019500,512x32x0,1x16x0,2816x128x1x1
ffn_up-18,kernel_mul_mat_Ab_Bi_8x4,0.608700,16x704x1,1x128x1,2816x128x1x1
ffn_swiglu-18,kernel_swiglu,0.044700,65536x1x1,512x1x1,2816x128x1x1
node_1204,kernel_add,0.046100,8192x1x1,64x1x1,2048x128x1x1
node_1205,kernel_add,0.030700,8192x1x1,64x1x1,2048x128x1x1
node_1206,kernel_add,0.034700,8192x1x1,64x1x1,2048x128x1x1
node_1207,kernel_add,0.034500,8192x1x1,64x1x1,2048x128x1x1
ffn_moe_out-18,kernel_add,0.034400,8192x1x1,64x1x1,2048x128x1x1
ffn_shexp-18,kernel_transpose_32_16,0.033100,704x32x0,1x16x0,2048x128x1x1
ffn_shexp-18,kernel_mul_mat_Ab_Bi_8x4,0.703700,16x512x1,1x128x1,2048x128x1x1
ffn_out-18,kernel_add,0.032400,8192x1x1,64x1x1,2048x128x1x1
l_out-18,kernel_add,0.035600,8192x1x1,64x1x1,2048x128x1x1
attn_norm-19,kernel_rms_norm_mul,0.033800,131072x1x1,1024x1x1,2048x128x1x1
q-19,kernel_transpose_32_16,0.017100,512x32x0,1x16x0,3072x128x1x1
q-19,kernel_mul_mat_Ab_Bi_8x4,0.635000,16x768x1,1x128x1,3072x128x1x1
q_pe-19,kernel_rope_norm_f32,0.019200,1024x128x1,64x1x1,64x16x128x1
Qcur-19,kernel_concat_f32_non_contiguous,0.352700,16x128x1,0x0x0,192x16x128x1
kv_cmpr_pe-19,kernel_transpose_32_16,0.021500,512x32x0,1x16x0,576x128x1x1
kv_cmpr_pe-19,kernel_mul_mat_Ab_Bi_8x4,0.315500,16x144x1,1x128x1,576x128x1x1
k_pe-19,kernel_rope_norm_f32,0.003400,64x128x1,64x1x1,64x1x128x1
node_1222,kernel_repeat,0.284600,16x128x1,0x0x0,64x16x128x1
kv_cmpr-19,kernel_rms_norm_mul,0.015700,65536x1x1,512x1x1,512x128x1x1
kv-19,kernel_transpose_32_16,0.006700,128x32x0,1x16x0,4096x128x1x1
kv-19,kernel_mul_mat_Ab_Bi_8x4,0.225700,16x1024x1,1x128x1,4096x128x1x1
Kcur-19,kernel_concat_f32_non_contiguous,0.486000,16x128x1,0x0x0,192x16x128x1
Vcur_cont-19,kernel_cpy_f32_f32,0.023600,1024x128x1,64x1x1,128x16x128x1
cache_k_l19 (view),kernel_set_rows_f16_i64,0.030600,131072x1x1,1024x1x1,3072x4096x1x1
cache_v_l19 (view),kernel_set_rows_f16_i64,0.022100,131072x1x1,1024x1x1,2048x4096x1x1
__fattn__-19,flash_attn_f32_f16,28.366899,128x16x0,16x1x0,128x16x128x1
node_1243,kernel_transpose_32_16,0.016200,512x32x0,1x16x0,2048x128x1x1
node_1243,kernel_mul_mat_Ab_Bi_8x4,0.508800,16x512x1,1x128x1,2048x128x1x1
ffn_inp-19,kernel_add,0.033100,8192x1x1,64x1x1,2048x128x1x1
ffn_norm-19,kernel_rms_norm_mul,0.034100,131072x1x1,1024x1x1,2048x128x1x1
ffn_moe_logits-19,kernel_mul_mm_f32_f32_l4_lm,0.520900,128x2x1,128x1x1,64x128x1x1
ffn_moe_probs-19,kernel_soft_max_4,0.004400,8192x1x1,64x1x1,64x128x1x1
ffn_moe_argsort-19,kernel_argsort_f32_i32,0.025300,64x128x1,64x1x1,64x128x1x1
ffn_moe_weights-19,kernel_get_rows_f32,0.006500,384x128x1,64x1x1,1x6x128x1
ffn_moe_weights_scaled-19,kernel_scale,0.001800,192x1x1,64x1x1,1x6x128x1
ffn_moe_gate-19,kernel_mul_mv_id_q4_0_f32_8x_flat,18.436899,11264x1x768,64x1x1,1408x6x128x1
ffn_moe_up-19,kernel_mul_mv_id_q4_0_f32_8x_flat,18.512699,11264x1x768,64x1x1,1408x6x128x1
ffn_moe_weighted-19,kernel_swiglu,0.171400,393216x1x1,512x1x1,1408x6x128x1
ffn_moe_down-19,kernel_mul_mv_id_q4_0_f32_8x_flat,19.773300,16384x1x768,64x1x1,2048x6x128x1
node_1259,kernel_mul,0.200100,384x128x1,64x1x1,2048x6x128x1
ffn_gate-19,kernel_transpose_32_16,0.023800,512x32x0,1x16x0,2816x128x1x1
ffn_gate-19,kernel_mul_mat_Ab_Bi_8x4,0.610600,16x704x1,1x128x1,2816x128x1x1
ffn_up-19,kernel_transpose_32_16,0.020000,512x32x0,1x16x0,2816x128x1x1
ffn_up-19,kernel_mul_mat_Ab_Bi_8x4,0.612300,16x704x1,1x128x1,2816x128x1x1
ffn_swiglu-19,kernel_swiglu,0.046000,65536x1x1,512x1x1,2816x128x1x1
node_1269,kernel_add,0.047000,8192x1x1,64x1x1,2048x128x1x1
node_1270,kernel_add,0.037800,8192x1x1,64x1x1,2048x128x1x1
node_1271,kernel_add,0.037800,8192x1x1,64x1x1,2048x128x1x1
node_1272,kernel_add,0.037700,8192x1x1,64x1x1,2048x128x1x1
ffn_moe_out-19,kernel_add,0.031800,8192x1x1,64x1x1,2048x128x1x1
ffn_shexp-19,kernel_transpose_32_16,0.033100,704x32x0,1x16x0,2048x128x1x1
ffn_shexp-19,kernel_mul_mat_Ab_Bi_8x4,0.703900,16x512x1,1x128x1,2048x128x1x1
ffn_out-19,kernel_add,0.035000,8192x1x1,64x1x1,2048x128x1x1
l_out-19,kernel_add,0.036500,8192x1x1,64x1x1,2048x128x1x1
attn_norm-20,kernel_rms_norm_mul,0.034600,131072x1x1,1024x1x1,2048x128x1x1
q-20,kernel_transpose_32_16,0.017200,512x32x0,1x16x0,3072x128x1x1
q-20,kernel_mul_mat_Ab_Bi_8x4,0.636500,16x768x1,1x128x1,3072x128x1x1
q_pe-20,kernel_rope_norm_f32,0.016100,1024x128x1,64x1x1,64x16x128x1
Qcur-20,kernel_concat_f32_non_contiguous,0.351300,16x128x1,0x0x0,192x16x128x1
kv_cmpr_pe-20,kernel_transpose_32_16,0.021800,512x32x0,1x16x0,576x128x1x1
kv_cmpr_pe-20,kernel_mul_mat_Ab_Bi_8x4,0.315700,16x144x1,1x128x1,576x128x1x1
k_pe-20,kernel_rope_norm_f32,0.003400,64x128x1,64x1x1,64x1x128x1
node_1287,kernel_repeat,0.288600,16x128x1,0x0x0,64x16x128x1
kv_cmpr-20,kernel_rms_norm_mul,0.015900,65536x1x1,512x1x1,512x128x1x1
kv-20,kernel_transpose_32_16,0.006000,128x32x0,1x16x0,4096x128x1x1
kv-20,kernel_mul_mat_Ab_Bi_8x4,0.225200,16x1024x1,1x128x1,4096x128x1x1
Kcur-20,kernel_concat_f32_non_contiguous,0.597500,16x128x1,0x0x0,192x16x128x1
Vcur_cont-20,kernel_cpy_f32_f32,0.023200,1024x128x1,64x1x1,128x16x128x1
cache_k_l20 (view),kernel_set_rows_f16_i64,0.030100,131072x1x1,1024x1x1,3072x4096x1x1
cache_v_l20 (view),kernel_set_rows_f16_i64,0.022100,131072x1x1,1024x1x1,2048x4096x1x1
__fattn__-20,flash_attn_f32_f16,28.302799,128x16x0,16x1x0,128x16x128x1
node_1308,kernel_transpose_32_16,0.016600,512x32x0,1x16x0,2048x128x1x1
node_1308,kernel_mul_mat_Ab_Bi_8x4,0.510800,16x512x1,1x128x1,2048x128x1x1
ffn_inp-20,kernel_add,0.032500,8192x1x1,64x1x1,2048x128x1x1
ffn_norm-20,kernel_rms_norm_mul,0.034000,131072x1x1,1024x1x1,2048x128x1x1
ffn_moe_logits-20,kernel_mul_mm_f32_f32_l4_lm,0.505700,128x2x1,128x1x1,64x128x1x1
ffn_moe_probs-20,kernel_soft_max_4,0.004400,8192x1x1,64x1x1,64x128x1x1
ffn_moe_argsort-20,kernel_argsort_f32_i32,0.024900,64x128x1,64x1x1,64x128x1x1
ffn_moe_weights-20,kernel_get_rows_f32,0.006200,384x128x1,64x1x1,1x6x128x1
ffn_moe_weights_scaled-20,kernel_scale,0.001800,192x1x1,64x1x1,1x6x128x1
ffn_moe_gate-20,kernel_mul_mv_id_q4_0_f32_8x_flat,18.464800,11264x1x768,64x1x1,1408x6x128x1
ffn_moe_up-20,kernel_mul_mv_id_q4_0_f32_8x_flat,18.353901,11264x1x768,64x1x1,1408x6x128x1
ffn_moe_weighted-20,kernel_swiglu,0.170800,393216x1x1,512x1x1,1408x6x128x1
ffn_moe_down-20,kernel_mul_mv_id_q4_0_f32_8x_flat,19.722401,16384x1x768,64x1x1,2048x6x128x1
node_1324,kernel_mul,0.196400,384x128x1,64x1x1,2048x6x128x1
ffn_gate-20,kernel_transpose_32_16,0.025500,512x32x0,1x16x0,2816x128x1x1
ffn_gate-20,kernel_mul_mat_Ab_Bi_8x4,0.612200,16x704x1,1x128x1,2816x128x1x1
ffn_up-20,kernel_transpose_32_16,0.019900,512x32x0,1x16x0,2816x128x1x1
ffn_up-20,kernel_mul_mat_Ab_Bi_8x4,0.607600,16x704x1,1x128x1,2816x128x1x1
ffn_swiglu-20,kernel_swiglu,0.042400,65536x1x1,512x1x1,2816x128x1x1
node_1334,kernel_add,0.047000,8192x1x1,64x1x1,2048x128x1x1
node_1335,kernel_add,0.034100,8192x1x1,64x1x1,2048x128x1x1
node_1336,kernel_add,0.034400,8192x1x1,64x1x1,2048x128x1x1
node_1337,kernel_add,0.034900,8192x1x1,64x1x1,2048x128x1x1
ffn_moe_out-20,kernel_add,0.034700,8192x1x1,64x1x1,2048x128x1x1
ffn_shexp-20,kernel_transpose_32_16,0.033000,704x32x0,1x16x0,2048x128x1x1
ffn_shexp-20,kernel_mul_mat_Ab_Bi_8x4,0.709200,16x512x1,1x128x1,2048x128x1x1
ffn_out-20,kernel_add,0.030000,8192x1x1,64x1x1,2048x128x1x1
l_out-20,kernel_add,0.036300,8192x1x1,64x1x1,2048x128x1x1
attn_norm-21,kernel_rms_norm_mul,0.033700,131072x1x1,1024x1x1,2048x128x1x1
q-21,kernel_transpose_32_16,0.017600,512x32x0,1x16x0,3072x128x1x1
q-21,kernel_mul_mat_Ab_Bi_8x4,0.636200,16x768x1,1x128x1,3072x128x1x1
q_pe-21,kernel_rope_norm_f32,0.018900,1024x128x1,64x1x1,64x16x128x1
Qcur-21,kernel_concat_f32_non_contiguous,0.352600,16x128x1,0x0x0,192x16x128x1
kv_cmpr_pe-21,kernel_transpose_32_16,0.021200,512x32x0,1x16x0,576x128x1x1
kv_cmpr_pe-21,kernel_mul_mat_Ab_Bi_8x4,0.312200,16x144x1,1x128x1,576x128x1x1
k_pe-21,kernel_rope_norm_f32,0.003600,64x128x1,64x1x1,64x1x128x1
node_1352,kernel_repeat,0.286400,16x128x1,0x0x0,64x16x128x1
kv_cmpr-21,kernel_rms_norm_mul,0.015800,65536x1x1,512x1x1,512x128x1x1
kv-21,kernel_transpose_32_16,0.006300,128x32x0,1x16x0,4096x128x1x1
kv-21,kernel_mul_mat_Ab_Bi_8x4,0.224300,16x1024x1,1x128x1,4096x128x1x1
Kcur-21,kernel_concat_f32_non_contiguous,0.461800,16x128x1,0x0x0,192x16x128x1
Vcur_cont-21,kernel_cpy_f32_f32,0.024100,1024x128x1,64x1x1,128x16x128x1
cache_k_l21 (view),kernel_set_rows_f16_i64,0.028300,131072x1x1,1024x1x1,3072x4096x1x1
cache_v_l21 (view),kernel_set_rows_f16_i64,0.022000,131072x1x1,1024x1x1,2048x4096x1x1
__fattn__-21,flash_attn_f32_f16,28.379801,128x16x0,16x1x0,128x16x128x1
node_1373,kernel_transpose_32_16,0.016300,512x32x0,1x16x0,2048x128x1x1
node_1373,kernel_mul_mat_Ab_Bi_8x4,0.509800,16x512x1,1x128x1,2048x128x1x1
ffn_inp-21,kernel_add,0.033000,8192x1x1,64x1x1,2048x128x1x1
ffn_norm-21,kernel_rms_norm_mul,0.034300,131072x1x1,1024x1x1,2048x128x1x1
ffn_moe_logits-21,kernel_mul_mm_f32_f32_l4_lm,0.521500,128x2x1,128x1x1,64x128x1x1
ffn_moe_probs-21,kernel_soft_max_4,0.004700,8192x1x1,64x1x1,64x128x1x1
ffn_moe_argsort-21,kernel_argsort_f32_i32,0.025100,64x128x1,64x1x1,64x128x1x1
ffn_moe_weights-21,kernel_get_rows_f32,0.006200,384x128x1,64x1x1,1x6x128x1
ffn_moe_weights_scaled-21,kernel_scale,0.001800,192x1x1,64x1x1,1x6x128x1
ffn_moe_gate-21,kernel_mul_mv_id_q4_0_f32_8x_flat,18.407301,11264x1x768,64x1x1,1408x6x128x1
ffn_moe_up-21,kernel_mul_mv_id_q4_0_f32_8x_flat,18.425600,11264x1x768,64x1x1,1408x6x128x1
ffn_moe_weighted-21,kernel_swiglu,0.171400,393216x1x1,512x1x1,1408x6x128x1
ffn_moe_down-21,kernel_mul_mv_id_q4_0_f32_8x_flat,19.722300,16384x1x768,64x1x1,2048x6x128x1
node_1389,kernel_mul,0.199900,384x128x1,64x1x1,2048x6x128x1
ffn_gate-21,kernel_transpose_32_16,0.022600,512x32x0,1x16x0,2816x128x1x1
ffn_gate-21,kernel_mul_mat_Ab_Bi_8x4,0.609500,16x704x1,1x128x1,2816x128x1x1
ffn_up-21,kernel_transpose_32_16,0.019800,512x32x0,1x16x0,2816x128x1x1
ffn_up-21,kernel_mul_mat_Ab_Bi_8x4,0.612400,16x704x1,1x128x1,2816x128x1x1
ffn_swiglu-21,kernel_swiglu,0.045900,65536x1x1,512x1x1,2816x128x1x1
node_1399,kernel_add,0.046800,8192x1x1,64x1x1,2048x128x1x1
node_1400,kernel_add,0.038600,8192x1x1,64x1x1,2048x128x1x1
node_1401,kernel_add,0.032300,8192x1x1,64x1x1,2048x128x1x1
node_1402,kernel_add,0.037600,8192x1x1,64x1x1,2048x128x1x1
ffn_moe_out-21,kernel_add,0.038900,8192x1x1,64x1x1,2048x128x1x1
ffn_shexp-21,kernel_transpose_32_16,0.032500,704x32x0,1x16x0,2048x128x1x1
ffn_shexp-21,kernel_mul_mat_Ab_Bi_8x4,0.704800,16x512x1,1x128x1,2048x128x1x1
ffn_out-21,kernel_add,0.034600,8192x1x1,64x1x1,2048x128x1x1
l_out-21,kernel_add,0.038500,8192x1x1,64x1x1,2048x128x1x1
attn_norm-22,kernel_rms_norm_mul,0.034800,131072x1x1,1024x1x1,2048x128x1x1
q-22,kernel_transpose_32_16,0.015200,512x32x0,1x16x0,3072x128x1x1
q-22,kernel_mul_mat_Ab_Bi_8x4,0.637500,16x768x1,1x128x1,3072x128x1x1
q_pe-22,kernel_rope_norm_f32,0.019000,1024x128x1,64x1x1,64x16x128x1
Qcur-22,kernel_concat_f32_non_contiguous,0.352300,16x128x1,0x0x0,192x16x128x1
kv_cmpr_pe-22,kernel_transpose_32_16,0.022300,512x32x0,1x16x0,576x128x1x1
kv_cmpr_pe-22,kernel_mul_mat_Ab_Bi_8x4,0.314500,16x144x1,1x128x1,576x128x1x1
k_pe-22,kernel_rope_norm_f32,0.003300,64x128x1,64x1x1,64x1x128x1
node_1417,kernel_repeat,0.287700,16x128x1,0x0x0,64x16x128x1
kv_cmpr-22,kernel_rms_norm_mul,0.016000,65536x1x1,512x1x1,512x128x1x1
kv-22,kernel_transpose_32_16,0.005500,128x32x0,1x16x0,4096x128x1x1
kv-22,kernel_mul_mat_Ab_Bi_8x4,0.226700,16x1024x1,1x128x1,4096x128x1x1
Kcur-22,kernel_concat_f32_non_contiguous,0.606800,16x128x1,0x0x0,192x16x128x1
Vcur_cont-22,kernel_cpy_f32_f32,0.023100,1024x128x1,64x1x1,128x16x128x1
cache_k_l22 (view),kernel_set_rows_f16_i64,0.029800,131072x1x1,1024x1x1,3072x4096x1x1
cache_v_l22 (view),kernel_set_rows_f16_i64,0.021600,131072x1x1,1024x1x1,2048x4096x1x1
__fattn__-22,flash_attn_f32_f16,28.246201,128x16x0,16x1x0,128x16x128x1
node_1438,kernel_transpose_32_16,0.015800,512x32x0,1x16x0,2048x128x1x1
node_1438,kernel_mul_mat_Ab_Bi_8x4,0.510800,16x512x1,1x128x1,2048x128x1x1
ffn_inp-22,kernel_add,0.034900,8192x1x1,64x1x1,2048x128x1x1
ffn_norm-22,kernel_rms_norm_mul,0.034000,131072x1x1,1024x1x1,2048x128x1x1
ffn_moe_logits-22,kernel_mul_mm_f32_f32_l4_lm,0.502800,128x2x1,128x1x1,64x128x1x1
ffn_moe_probs-22,kernel_soft_max_4,0.004300,8192x1x1,64x1x1,64x128x1x1
ffn_moe_argsort-22,kernel_argsort_f32_i32,0.025200,64x128x1,64x1x1,64x128x1x1
ffn_moe_weights-22,kernel_get_rows_f32,0.006100,384x128x1,64x1x1,1x6x128x1
ffn_moe_weights_scaled-22,kernel_scale,0.002100,192x1x1,64x1x1,1x6x128x1
ffn_moe_gate-22,kernel_mul_mv_id_q4_0_f32_8x_flat,18.697800,11264x1x768,64x1x1,1408x6x128x1
ffn_moe_up-22,kernel_mul_mv_id_q4_0_f32_8x_flat,18.445801,11264x1x768,64x1x1,1408x6x128x1
ffn_moe_weighted-22,kernel_swiglu,0.171200,393216x1x1,512x1x1,1408x6x128x1
ffn_moe_down-22,kernel_mul_mv_id_q4_0_f32_8x_flat,19.748699,16384x1x768,64x1x1,2048x6x128x1
node_1454,kernel_mul,0.200800,384x128x1,64x1x1,2048x6x128x1
ffn_gate-22,kernel_transpose_32_16,0.023400,512x32x0,1x16x0,2816x128x1x1
ffn_gate-22,kernel_mul_mat_Ab_Bi_8x4,0.608800,16x704x1,1x128x1,2816x128x1x1
ffn_up-22,kernel_transpose_32_16,0.016300,512x32x0,1x16x0,2816x128x1x1
ffn_up-22,kernel_mul_mat_Ab_Bi_8x4,0.607300,16x704x1,1x128x1,2816x128x1x1
ffn_swiglu-22,kernel_swiglu,0.046400,65536x1x1,512x1x1,2816x128x1x1
node_1464,kernel_add,0.046300,8192x1x1,64x1x1,2048x128x1x1
node_1465,kernel_add,0.033800,8192x1x1,64x1x1,2048x128x1x1
node_1466,kernel_add,0.034700,8192x1x1,64x1x1,2048x128x1x1
node_1467,kernel_add,0.033100,8192x1x1,64x1x1,2048x128x1x1
ffn_moe_out-22,kernel_add,0.034600,8192x1x1,64x1x1,2048x128x1x1
ffn_shexp-22,kernel_transpose_32_16,0.027300,704x32x0,1x16x0,2048x128x1x1
ffn_shexp-22,kernel_mul_mat_Ab_Bi_8x4,0.703800,16x512x1,1x128x1,2048x128x1x1
ffn_out-22,kernel_add,0.032000,8192x1x1,64x1x1,2048x128x1x1
l_out-22,kernel_add,0.035200,8192x1x1,64x1x1,2048x128x1x1
attn_norm-23,kernel_rms_norm_mul,0.033700,131072x1x1,1024x1x1,2048x128x1x1
q-23,kernel_transpose_32_16,0.016900,512x32x0,1x16x0,3072x128x1x1
q-23,kernel_mul_mat_Ab_Bi_8x4,0.635100,16x768x1,1x128x1,3072x128x1x1
q_pe-23,kernel_rope_norm_f32,0.019200,1024x128x1,64x1x1,64x16x128x1
Qcur-23,kernel_concat_f32_non_contiguous,0.348000,16x128x1,0x0x0,192x16x128x1
kv_cmpr_pe-23,kernel_transpose_32_16,0.020900,512x32x0,1x16x0,576x128x1x1
kv_cmpr_pe-23,kernel_mul_mat_Ab_Bi_8x4,0.314100,16x144x1,1x128x1,576x128x1x1
k_pe-23,kernel_rope_norm_f32,0.003400,64x128x1,64x1x1,64x1x128x1
node_1482,kernel_repeat,0.288200,16x128x1,0x0x0,64x16x128x1
kv_cmpr-23,kernel_rms_norm_mul,0.015700,65536x1x1,512x1x1,512x128x1x1
kv-23,kernel_transpose_32_16,0.006300,128x32x0,1x16x0,4096x128x1x1
kv-23,kernel_mul_mat_Ab_Bi_8x4,0.225200,16x1024x1,1x128x1,4096x128x1x1
Kcur-23,kernel_concat_f32_non_contiguous,0.607300,16x128x1,0x0x0,192x16x128x1
Vcur_cont-23,kernel_cpy_f32_f32,0.024600,1024x128x1,64x1x1,128x16x128x1
cache_k_l23 (view),kernel_set_rows_f16_i64,0.030800,131072x1x1,1024x1x1,3072x4096x1x1
cache_v_l23 (view),kernel_set_rows_f16_i64,0.022000,131072x1x1,1024x1x1,2048x4096x1x1
__fattn__-23,flash_attn_f32_f16,28.369301,128x16x0,16x1x0,128x16x128x1
node_1503,kernel_transpose_32_16,0.016400,512x32x0,1x16x0,2048x128x1x1
node_1503,kernel_mul_mat_Ab_Bi_8x4,0.510700,16x512x1,1x128x1,2048x128x1x1
ffn_inp-23,kernel_add,0.032700,8192x1x1,64x1x1,2048x128x1x1
ffn_norm-23,kernel_rms_norm_mul,0.034000,131072x1x1,1024x1x1,2048x128x1x1
ffn_moe_logits-23,kernel_mul_mm_f32_f32_l4_lm,0.505100,128x2x1,128x1x1,64x128x1x1
ffn_moe_probs-23,kernel_soft_max_4,0.004300,8192x1x1,64x1x1,64x128x1x1
ffn_moe_argsort-23,kernel_argsort_f32_i32,0.025200,64x128x1,64x1x1,64x128x1x1
ffn_moe_weights-23,kernel_get_rows_f32,0.006200,384x128x1,64x1x1,1x6x128x1
ffn_moe_weights_scaled-23,kernel_scale,0.001800,192x1x1,64x1x1,1x6x128x1
ffn_moe_gate-23,kernel_mul_mv_id_q4_0_f32_8x_flat,18.507900,11264x1x768,64x1x1,1408x6x128x1
ffn_moe_up-23,kernel_mul_mv_id_q4_0_f32_8x_flat,18.548401,11264x1x768,64x1x1,1408x6x128x1
ffn_moe_weighted-23,kernel_swiglu,0.172300,393216x1x1,512x1x1,1408x6x128x1
ffn_moe_down-23,kernel_mul_mv_id_q4_0_f32_8x_flat,21.085501,16384x1x768,64x1x1,2048x6x128x1
node_1519,kernel_mul,0.201500,384x128x1,64x1x1,2048x6x128x1
ffn_gate-23,kernel_transpose_32_16,0.025300,512x32x0,1x16x0,2816x128x1x1
ffn_gate-23,kernel_mul_mat_Ab_Bi_8x4,0.609900,16x704x1,1x128x1,2816x128x1x1
ffn_up-23,kernel_transpose_32_16,0.019800,512x32x0,1x16x0,2816x128x1x1
ffn_up-23,kernel_mul_mat_Ab_Bi_8x4,0.605400,16x704x1,1x128x1,2816x128x1x1
ffn_swiglu-23,kernel_swiglu,0.045700,65536x1x1,512x1x1,2816x128x1x1
node_1529,kernel_add,0.041800,8192x1x1,64x1x1,2048x128x1x1
node_1530,kernel_add,0.037000,8192x1x1,64x1x1,2048x128x1x1
node_1531,kernel_add,0.039600,8192x1x1,64x1x1,2048x128x1x1
node_1532,kernel_add,0.038400,8192x1x1,64x1x1,2048x128x1x1
ffn_moe_out-23,kernel_add,0.038300,8192x1x1,64x1x1,2048x128x1x1
ffn_shexp-23,kernel_transpose_32_16,0.034100,704x32x0,1x16x0,2048x128x1x1
ffn_shexp-23,kernel_mul_mat_Ab_Bi_8x4,0.705700,16x512x1,1x128x1,2048x128x1x1
ffn_out-23,kernel_add,0.035300,8192x1x1,64x1x1,2048x128x1x1
l_out-23,kernel_add,0.032800,8192x1x1,64x1x1,2048x128x1x1
attn_norm-24,kernel_rms_norm_mul,0.034100,131072x1x1,1024x1x1,2048x128x1x1
q-24,kernel_transpose_32_16,0.017700,512x32x0,1x16x0,3072x128x1x1
q-24,kernel_mul_mat_Ab_Bi_8x4,0.638900,16x768x1,1x128x1,3072x128x1x1
q_pe-24,kernel_rope_norm_f32,0.019100,1024x128x1,64x1x1,64x16x128x1
Qcur-24,kernel_concat_f32_non_contiguous,0.350800,16x128x1,0x0x0,192x16x128x1
kv_cmpr_pe-24,kernel_transpose_32_16,0.022400,512x32x0,1x16x0,576x128x1x1
kv_cmpr_pe-24,kernel_mul_mat_Ab_Bi_8x4,0.316600,16x144x1,1x128x1,576x128x1x1
k_pe-24,kernel_rope_norm_f32,0.003600,64x128x1,64x1x1,64x1x128x1
node_1547,kernel_repeat,0.285000,16x128x1,0x0x0,64x16x128x1
kv_cmpr-24,kernel_rms_norm_mul,0.015600,65536x1x1,512x1x1,512x128x1x1
kv-24,kernel_transpose_32_16,0.006500,128x32x0,1x16x0,4096x128x1x1
kv-24,kernel_mul_mat_Ab_Bi_8x4,0.229200,16x1024x1,1x128x1,4096x128x1x1
Kcur-24,kernel_concat_f32_non_contiguous,0.480600,16x128x1,0x0x0,192x16x128x1
Vcur_cont-24,kernel_cpy_f32_f32,0.022800,1024x128x1,64x1x1,128x16x128x1
cache_k_l24 (view),kernel_set_rows_f16_i64,0.030100,131072x1x1,1024x1x1,3072x4096x1x1
cache_v_l24 (view),kernel_set_rows_f16_i64,0.020400,131072x1x1,1024x1x1,2048x4096x1x1
__fattn__-24,flash_attn_f32_f16,28.267099,128x16x0,16x1x0,128x16x128x1
node_1568,kernel_transpose_32_16,0.016300,512x32x0,1x16x0,2048x128x1x1
node_1568,kernel_mul_mat_Ab_Bi_8x4,0.511000,16x512x1,1x128x1,2048x128x1x1
ffn_inp-24,kernel_add,0.034500,8192x1x1,64x1x1,2048x128x1x1
ffn_norm-24,kernel_rms_norm_mul,0.034300,131072x1x1,1024x1x1,2048x128x1x1
ffn_moe_logits-24,kernel_mul_mm_f32_f32_l4_lm,0.515200,128x2x1,128x1x1,64x128x1x1
ffn_moe_probs-24,kernel_soft_max_4,0.004400,8192x1x1,64x1x1,64x128x1x1
ffn_moe_argsort-24,kernel_argsort_f32_i32,0.025300,64x128x1,64x1x1,64x128x1x1
ffn_moe_weights-24,kernel_get_rows_f32,0.006500,384x128x1,64x1x1,1x6x128x1
ffn_moe_weights_scaled-24,kernel_scale,0.001900,192x1x1,64x1x1,1x6x128x1
ffn_moe_gate-24,kernel_mul_mv_id_q4_0_f32_8x_flat,18.454399,11264x1x768,64x1x1,1408x6x128x1
ffn_moe_up-24,kernel_mul_mv_id_q4_0_f32_8x_flat,18.320601,11264x1x768,64x1x1,1408x6x128x1
ffn_moe_weighted-24,kernel_swiglu,0.170600,393216x1x1,512x1x1,1408x6x128x1
ffn_moe_down-24,kernel_mul_mv_id_q4_0_f32_8x_flat,19.725000,16384x1x768,64x1x1,2048x6x128x1
node_1584,kernel_mul,0.196500,384x128x1,64x1x1,2048x6x128x1
ffn_gate-24,kernel_transpose_32_16,0.019000,512x32x0,1x16x0,2816x128x1x1
ffn_gate-24,kernel_mul_mat_Ab_Bi_8x4,0.611800,16x704x1,1x128x1,2816x128x1x1
ffn_up-24,kernel_transpose_32_16,0.019700,512x32x0,1x16x0,2816x128x1x1
ffn_up-24,kernel_mul_mat_Ab_Bi_8x4,0.611300,16x704x1,1x128x1,2816x128x1x1
ffn_swiglu-24,kernel_swiglu,0.045000,65536x1x1,512x1x1,2816x128x1x1
node_1594,kernel_add,0.047500,8192x1x1,64x1x1,2048x128x1x1
node_1595,kernel_add,0.034000,8192x1x1,64x1x1,2048x128x1x1
node_1596,kernel_add,0.033000,8192x1x1,64x1x1,2048x128x1x1
node_1597,kernel_add,0.030700,8192x1x1,64x1x1,2048x128x1x1
ffn_moe_out-24,kernel_add,0.034400,8192x1x1,64x1x1,2048x128x1x1
ffn_shexp-24,kernel_transpose_32_16,0.033400,704x32x0,1x16x0,2048x128x1x1
ffn_shexp-24,kernel_mul_mat_Ab_Bi_8x4,0.706500,16x512x1,1x128x1,2048x128x1x1
ffn_out-24,kernel_add,0.032600,8192x1x1,64x1x1,2048x128x1x1
l_out-24,kernel_add,0.036600,8192x1x1,64x1x1,2048x128x1x1
attn_norm-25,kernel_rms_norm_mul,0.034000,131072x1x1,1024x1x1,2048x128x1x1
q-25,kernel_transpose_32_16,0.017700,512x32x0,1x16x0,3072x128x1x1
q-25,kernel_mul_mat_Ab_Bi_8x4,0.635800,16x768x1,1x128x1,3072x128x1x1
q_pe-25,kernel_rope_norm_f32,0.019300,1024x128x1,64x1x1,64x16x128x1
Qcur-25,kernel_concat_f32_non_contiguous,0.354300,16x128x1,0x0x0,192x16x128x1
kv_cmpr_pe-25,kernel_transpose_32_16,0.021100,512x32x0,1x16x0,576x128x1x1
kv_cmpr_pe-25,kernel_mul_mat_Ab_Bi_8x4,0.316200,16x144x1,1x128x1,576x128x1x1
k_pe-25,kernel_rope_norm_f32,0.003200,64x128x1,64x1x1,64x1x128x1
node_1612,kernel_repeat,0.288600,16x128x1,0x0x0,64x16x128x1
kv_cmpr-25,kernel_rms_norm_mul,0.015800,65536x1x1,512x1x1,512x128x1x1
kv-25,kernel_transpose_32_16,0.005600,128x32x0,1x16x0,4096x128x1x1
kv-25,kernel_mul_mat_Ab_Bi_8x4,0.228300,16x1024x1,1x128x1,4096x128x1x1
Kcur-25,kernel_concat_f32_non_contiguous,0.488400,16x128x1,0x0x0,192x16x128x1
Vcur_cont-25,kernel_cpy_f32_f32,0.023900,1024x128x1,64x1x1,128x16x128x1
cache_k_l25 (view),kernel_set_rows_f16_i64,0.030400,131072x1x1,1024x1x1,3072x4096x1x1
cache_v_l25 (view),kernel_set_rows_f16_i64,0.022000,131072x1x1,1024x1x1,2048x4096x1x1
__fattn__-25,flash_attn_f32_f16,28.339300,128x16x0,16x1x0,128x16x128x1
node_1633,kernel_transpose_32_16,0.016700,512x32x0,1x16x0,2048x128x1x1
node_1633,kernel_mul_mat_Ab_Bi_8x4,0.509400,16x512x1,1x128x1,2048x128x1x1
ffn_inp-25,kernel_add,0.032700,8192x1x1,64x1x1,2048x128x1x1
ffn_norm-25,kernel_rms_norm_mul,0.034500,131072x1x1,1024x1x1,2048x128x1x1
ffn_moe_logits-25,kernel_mul_mm_f32_f32_l4_lm,0.521400,128x2x1,128x1x1,64x128x1x1
ffn_moe_probs-25,kernel_soft_max_4,0.004300,8192x1x1,64x1x1,64x128x1x1
ffn_moe_argsort-25,kernel_argsort_f32_i32,0.024800,64x128x1,64x1x1,64x128x1x1
ffn_moe_weights-25,kernel_get_rows_f32,0.006200,384x128x1,64x1x1,1x6x128x1
ffn_moe_weights_scaled-25,kernel_scale,0.001900,192x1x1,64x1x1,1x6x128x1
ffn_moe_gate-25,kernel_mul_mv_id_q4_0_f32_8x_flat,18.371300,11264x1x768,64x1x1,1408x6x128x1
ffn_moe_up-25,kernel_mul_mv_id_q4_0_f32_8x_flat,18.351101,11264x1x768,64x1x1,1408x6x128x1
ffn_moe_weighted-25,kernel_swiglu,0.171000,393216x1x1,512x1x1,1408x6x128x1
ffn_moe_down-25,kernel_mul_mv_id_q4_0_f32_8x_flat,19.533600,16384x1x768,64x1x1,2048x6x128x1
node_1649,kernel_mul,0.198900,384x128x1,64x1x1,2048x6x128x1
ffn_gate-25,kernel_transpose_32_16,0.022800,512x32x0,1x16x0,2816x128x1x1
ffn_gate-25,kernel_mul_mat_Ab_Bi_8x4,0.607200,16x704x1,1x128x1,2816x128x1x1
ffn_up-25,kernel_transpose_32_16,0.019100,512x32x0,1x16x0,2816x128x1x1
ffn_up-25,kernel_mul_mat_Ab_Bi_8x4,0.606000,16x704x1,1x128x1,2816x128x1x1
ffn_swiglu-25,kernel_swiglu,0.046000,65536x1x1,512x1x1,2816x128x1x1
node_1659,kernel_add,0.046300,8192x1x1,64x1x1,2048x128x1x1
node_1660,kernel_add,0.037700,8192x1x1,64x1x1,2048x128x1x1
node_1661,kernel_add,0.039000,8192x1x1,64x1x1,2048x128x1x1
node_1662,kernel_add,0.037600,8192x1x1,64x1x1,2048x128x1x1
ffn_moe_out-25,kernel_add,0.037600,8192x1x1,64x1x1,2048x128x1x1
ffn_shexp-25,kernel_transpose_32_16,0.033300,704x32x0,1x16x0,2048x128x1x1
ffn_shexp-25,kernel_mul_mat_Ab_Bi_8x4,0.703900,16x512x1,1x128x1,2048x128x1x1
ffn_out-25,kernel_add,0.034700,8192x1x1,64x1x1,2048x128x1x1
l_out-25,kernel_add,0.035600,8192x1x1,64x1x1,2048x128x1x1
attn_norm-26,kernel_rms_norm_mul,0.034100,131072x1x1,1024x1x1,2048x128x1x1
q-26,kernel_transpose_32_16,0.017300,512x32x0,1x16x0,3072x128x1x1
q-26,kernel_mul_mat_Ab_Bi_8x4,0.637200,16x768x1,1x128x1,3072x128x1x1
q_pe-26,kernel_rope_norm_f32,0.019500,1024x128x1,64x1x1,64x16x128x1
Qcur-26,kernel_concat_f32_non_contiguous,0.353100,16x128x1,0x0x0,192x16x128x1
kv_cmpr_pe-26,kernel_transpose_32_16,0.018200,512x32x0,1x16x0,576x128x1x1
kv_cmpr_pe-26,kernel_mul_mat_Ab_Bi_8x4,0.313500,16x144x1,1x128x1,576x128x1x1
k_pe-26,kernel_rope_norm_f32,0.003400,64x128x1,64x1x1,64x1x128x1
node_1677,kernel_repeat,0.287500,16x128x1,0x0x0,64x16x128x1
kv_cmpr-26,kernel_rms_norm_mul,0.015500,65536x1x1,512x1x1,512x128x1x1
kv-26,kernel_transpose_32_16,0.006200,128x32x0,1x16x0,4096x128x1x1
kv-26,kernel_mul_mat_Ab_Bi_8x4,0.230400,16x1024x1,1x128x1,4096x128x1x1
Kcur-26,kernel_concat_f32_non_contiguous,0.473000,16x128x1,0x0x0,192x16x128x1
Vcur_cont-26,kernel_cpy_f32_f32,0.019500,1024x128x1,64x1x1,128x16x128x1
cache_k_l26 (view),kernel_set_rows_f16_i64,0.030800,131072x1x1,1024x1x1,3072x4096x1x1
cache_v_l26 (view),kernel_set_rows_f16_i64,0.021900,131072x1x1,1024x1x1,2048x4096x1x1
__fattn__-26,flash_attn_f32_f16,28.375200,128x16x0,16x1x0,128x16x128x1
node_1698,kernel_transpose_32_16,0.016200,512x32x0,1x16x0,2048x128x1x1
node_1698,kernel_mul_mat_Ab_Bi_8x4,0.510600,16x512x1,1x128x1,2048x128x1x1
attn_norm-0,kernel_rms_norm_mul,0.008400,1024x1x1,1024x1x1,2048x1x1x1
q-0,kernel_gemv_noshuffle,0.051800,1536x4x1,64x4x1,3072x1x1x1
q_pe-0,kernel_rope_norm_f32,0.002800,1024x1x1,64x1x1,64x16x1x1
Qcur-0,kernel_concat_f32_non_contiguous,0.040000,16x1x1,0x0x0,192x16x1x1
kv_cmpr_pe-0,kernel_gemv_noshuffle,0.029400,320x4x1,64x4x1,576x1x1x1
k_pe-0,kernel_rope_norm_f32,0.002200,64x1x1,64x1x1,64x1x1x1
node_11,kernel_repeat,0.037200,16x1x1,0x0x0,64x16x1x1
kv_cmpr-0,kernel_rms_norm_mul,0.003500,512x1x1,512x1x1,512x1x1x1
kv-0,kernel_gemv_noshuffle,0.020500,2048x4x1,64x4x1,4096x1x1x1
Kcur-0,kernel_concat_f32_non_contiguous,0.041000,16x1x1,0x0x0,192x16x1x1
Vcur_cont-0,kernel_cpy_f32_f32,0.002800,1024x1x1,64x1x1,128x16x1x1
cache_k_l0 (view),kernel_set_rows_f16_i64,0.003900,1024x1x1,1024x1x1,3072x4096x1x1
cache_v_l0 (view),kernel_set_rows_f16_i64,0.003700,1024x1x1,1024x1x1,2048x4096x1x1
 (copy),kernel_cpy_f32_f16,0.005800,4096x1x1,64x1x1,768x64x1x1
__fattn__-0,flash_attn_f32_f16_q1,0.943200,64x16x0,64x1x0,128x16x1x1
node_33,kernel_gemv_noshuffle,0.044500,1024x4x1,64x4x1,2048x1x1x1
ffn_inp-0,kernel_add_row,0.002400,512x0x0,64x0x0,2048x1x1x1
ffn_norm-0,kernel_rms_norm_mul,0.005400,1024x1x1,1024x1x1,2048x1x1x1
ffn_gate-0,kernel_gemv_noshuffle,0.189200,5504x4x1,64x4x1,10944x1x1x1
ffn_up-0,kernel_gemv_noshuffle,0.193200,5504x4x1,64x4x1,10944x1x1x1
ffn_swiglu-0,kernel_swiglu,0.009000,512x1x1,512x1x1,10944x1x1x1
ffn_out-0,kernel_gemv_noshuffle,0.209900,1024x4x1,64x4x1,2048x1x1x1
l_out-0,kernel_add_row,0.002200,512x0x0,64x0x0,2048x1x1x1
attn_norm-1,kernel_rms_norm_mul,0.005200,1024x1x1,1024x1x1,2048x1x1x1
q-1,kernel_gemv_noshuffle,0.056200,1536x4x1,64x4x1,3072x1x1x1
q_pe-1,kernel_rope_norm_f32,0.002900,1024x1x1,64x1x1,64x16x1x1
Qcur-1,kernel_concat_f32_non_contiguous,0.040000,16x1x1,0x0x0,192x16x1x1
kv_cmpr_pe-1,kernel_gemv_noshuffle,0.029300,320x4x1,64x4x1,576x1x1x1
k_pe-1,kernel_rope_norm_f32,0.002300,64x1x1,64x1x1,64x1x1x1
node_52,kernel_repeat,0.037800,16x1x1,0x0x0,64x16x1x1
kv_cmpr-1,kernel_rms_norm_mul,0.003800,512x1x1,512x1x1,512x1x1x1
kv-1,kernel_gemv_noshuffle,0.019900,2048x4x1,64x4x1,4096x1x1x1
Kcur-1,kernel_concat_f32_non_contiguous,0.039700,16x1x1,0x0x0,192x16x1x1
Vcur_cont-1,kernel_cpy_f32_f32,0.002600,1024x1x1,64x1x1,128x16x1x1
cache_k_l1 (view),kernel_set_rows_f16_i64,0.003700,1024x1x1,1024x1x1,3072x4096x1x1
cache_v_l1 (view),kernel_set_rows_f16_i64,0.003400,1024x1x1,1024x1x1,2048x4096x1x1
__fattn__-1,flash_attn_f32_f16_q1,0.948900,64x16x0,64x1x0,128x16x1x1
node_73,kernel_gemv_noshuffle,0.046600,1024x4x1,64x4x1,2048x1x1x1
ffn_inp-1,kernel_add_row,0.002300,512x0x0,64x0x0,2048x1x1x1
ffn_norm-1,kernel_rms_norm_mul,0.005500,1024x1x1,1024x1x1,2048x1x1x1
ffn_moe_logits-1,kernel_mul_mat_f32_f32,0.011400,4096x1x1,64x1x1,64x1x1x1
ffn_moe_probs-1,kernel_soft_max_4,0.003200,64x1x1,64x1x1,64x1x1x1
ffn_moe_argsort-1,kernel_argsort_f32_i32,0.011900,64x1x1,64x1x1,64x1x1x1
ffn_moe_weights-1,kernel_get_rows_f32,0.002100,384x1x1,64x1x1,1x6x1x1
ffn_moe_weights_scaled-1,kernel_scale,0.001700,1x1x1,64x1x1,1x6x1x1
ffn_moe_gate-1,kernel_mul_mv_id_q4_0_f32_8x_flat,0.159000,11264x1x6,64x1x1,1408x6x1x1
ffn_moe_up-1,kernel_mul_mv_id_q4_0_f32_8x_flat,0.156800,11264x1x6,64x1x1,1408x6x1x1
ffn_moe_weighted-1,kernel_swiglu,0.003200,3072x1x1,512x1x1,1408x6x1x1
ffn_moe_down-1,kernel_mul_mv_id_q4_0_f32_8x_flat,0.172200,16384x1x6,64x1x1,2048x6x1x1
node_89,kernel_mul,0.010600,384x1x1,64x1x1,2048x6x1x1
ffn_gate-1,kernel_gemv_noshuffle,0.050600,1408x4x1,64x4x1,2816x1x1x1
ffn_up-1,kernel_gemv_noshuffle,0.048900,1408x4x1,64x4x1,2816x1x1x1
ffn_swiglu-1,kernel_swiglu,0.003700,512x1x1,512x1x1,2816x1x1x1
node_99,kernel_add_row,0.002100,512x0x0,64x0x0,2048x1x1x1
node_100,kernel_add_row,0.001900,512x0x0,64x0x0,2048x1x1x1
node_101,kernel_add_row,0.001900,512x0x0,64x0x0,2048x1x1x1
node_102,kernel_add_row,0.002400,512x0x0,64x0x0,2048x1x1x1
ffn_moe_out-1,kernel_add_row,0.001900,512x0x0,64x0x0,2048x1x1x1
ffn_shexp-1,kernel_gemv_noshuffle,0.056100,1024x4x1,64x4x1,2048x1x1x1
ffn_out-1,kernel_add_row,0.002000,512x0x0,64x0x0,2048x1x1x1
l_out-1,kernel_add_row,0.002000,512x0x0,64x0x0,2048x1x1x1
attn_norm-2,kernel_rms_norm_mul,0.005400,1024x1x1,1024x1x1,2048x1x1x1
q-2,kernel_gemv_noshuffle,0.054200,1536x4x1,64x4x1,3072x1x1x1
q_pe-2,kernel_rope_norm_f32,0.002700,1024x1x1,64x1x1,64x16x1x1
Qcur-2,kernel_concat_f32_non_contiguous,0.039600,16x1x1,0x0x0,192x16x1x1
kv_cmpr_pe-2,kernel_gemv_noshuffle,0.029300,320x4x1,64x4x1,576x1x1x1
k_pe-2,kernel_rope_norm_f32,0.002500,64x1x1,64x1x1,64x1x1x1
node_117,kernel_repeat,0.037200,16x1x1,0x0x0,64x16x1x1
kv_cmpr-2,kernel_rms_norm_mul,0.003800,512x1x1,512x1x1,512x1x1x1
kv-2,kernel_gemv_noshuffle,0.019500,2048x4x1,64x4x1,4096x1x1x1
Kcur-2,kernel_concat_f32_non_contiguous,0.039700,16x1x1,0x0x0,192x16x1x1
Vcur_cont-2,kernel_cpy_f32_f32,0.002900,1024x1x1,64x1x1,128x16x1x1
cache_k_l2 (view),kernel_set_rows_f16_i64,0.004000,1024x1x1,1024x1x1,3072x4096x1x1
cache_v_l2 (view),kernel_set_rows_f16_i64,0.003200,1024x1x1,1024x1x1,2048x4096x1x1
__fattn__-2,flash_attn_f32_f16_q1,0.945400,64x16x0,64x1x0,128x16x1x1
node_138,kernel_gemv_noshuffle,0.045300,1024x4x1,64x4x1,2048x1x1x1
ffn_inp-2,kernel_add_row,0.002200,512x0x0,64x0x0,2048x1x1x1
ffn_norm-2,kernel_rms_norm_mul,0.005600,1024x1x1,1024x1x1,2048x1x1x1
ffn_moe_logits-2,kernel_mul_mat_f32_f32,0.010500,4096x1x1,64x1x1,64x1x1x1
ffn_moe_probs-2,kernel_soft_max_4,0.003100,64x1x1,64x1x1,64x1x1x1
ffn_moe_argsort-2,kernel_argsort_f32_i32,0.012300,64x1x1,64x1x1,64x1x1x1
ffn_moe_weights-2,kernel_get_rows_f32,0.002200,384x1x1,64x1x1,1x6x1x1
ffn_moe_weights_scaled-2,kernel_scale,0.001700,1x1x1,64x1x1,1x6x1x1
ffn_moe_gate-2,kernel_mul_mv_id_q4_0_f32_8x_flat,0.159400,11264x1x6,64x1x1,1408x6x1x1
ffn_moe_up-2,kernel_mul_mv_id_q4_0_f32_8x_flat,0.158000,11264x1x6,64x1x1,1408x6x1x1
ffn_moe_weighted-2,kernel_swiglu,0.003100,3072x1x1,512x1x1,1408x6x1x1
ffn_moe_down-2,kernel_mul_mv_id_q4_0_f32_8x_flat,0.170200,16384x1x6,64x1x1,2048x6x1x1
node_154,kernel_mul,0.010700,384x1x1,64x1x1,2048x6x1x1
ffn_gate-2,kernel_gemv_noshuffle,0.051500,1408x4x1,64x4x1,2816x1x1x1
ffn_up-2,kernel_gemv_noshuffle,0.050300,1408x4x1,64x4x1,2816x1x1x1
ffn_swiglu-2,kernel_swiglu,0.003700,512x1x1,512x1x1,2816x1x1x1
node_164,kernel_add_row,0.002100,512x0x0,64x0x0,2048x1x1x1
node_165,kernel_add_row,0.001800,512x0x0,64x0x0,2048x1x1x1
node_166,kernel_add_row,0.002100,512x0x0,64x0x0,2048x1x1x1
node_167,kernel_add_row,0.001900,512x0x0,64x0x0,2048x1x1x1
ffn_moe_out-2,kernel_add_row,0.002000,512x0x0,64x0x0,2048x1x1x1
ffn_shexp-2,kernel_gemv_noshuffle,0.058700,1024x4x1,64x4x1,2048x1x1x1
ffn_out-2,kernel_add_row,0.002100,512x0x0,64x0x0,2048x1x1x1
l_out-2,kernel_add_row,0.002000,512x0x0,64x0x0,2048x1x1x1
attn_norm-3,kernel_rms_norm_mul,0.005600,1024x1x1,1024x1x1,2048x1x1x1
q-3,kernel_gemv_noshuffle,0.052600,1536x4x1,64x4x1,3072x1x1x1
q_pe-3,kernel_rope_norm_f32,0.002700,1024x1x1,64x1x1,64x16x1x1
Qcur-3,kernel_concat_f32_non_contiguous,0.040300,16x1x1,0x0x0,192x16x1x1
kv_cmpr_pe-3,kernel_gemv_noshuffle,0.029500,320x4x1,64x4x1,576x1x1x1
k_pe-3,kernel_rope_norm_f32,0.002800,64x1x1,64x1x1,64x1x1x1
node_182,kernel_repeat,0.037900,16x1x1,0x0x0,64x16x1x1
kv_cmpr-3,kernel_rms_norm_mul,0.003800,512x1x1,512x1x1,512x1x1x1
kv-3,kernel_gemv_noshuffle,0.020000,2048x4x1,64x4x1,4096x1x1x1
Kcur-3,kernel_concat_f32_non_contiguous,0.040500,16x1x1,0x0x0,192x16x1x1
Vcur_cont-3,kernel_cpy_f32_f32,0.002600,1024x1x1,64x1x1,128x16x1x1
cache_k_l3 (view),kernel_set_rows_f16_i64,0.003600,1024x1x1,1024x1x1,3072x4096x1x1
cache_v_l3 (view),kernel_set_rows_f16_i64,0.003300,1024x1x1,1024x1x1,2048x4096x1x1
__fattn__-3,flash_attn_f32_f16_q1,0.961800,64x16x0,64x1x0,128x16x1x1
node_203,kernel_gemv_noshuffle,0.045700,1024x4x1,64x4x1,2048x1x1x1
ffn_inp-3,kernel_add_row,0.002100,512x0x0,64x0x0,2048x1x1x1
ffn_norm-3,kernel_rms_norm_mul,0.005500,1024x1x1,1024x1x1,2048x1x1x1
ffn_moe_logits-3,kernel_mul_mat_f32_f32,0.010700,4096x1x1,64x1x1,64x1x1x1
ffn_moe_probs-3,kernel_soft_max_4,0.003100,64x1x1,64x1x1,64x1x1x1
ffn_moe_argsort-3,kernel_argsort_f32_i32,0.012000,64x1x1,64x1x1,64x1x1x1
ffn_moe_weights-3,kernel_get_rows_f32,0.002400,384x1x1,64x1x1,1x6x1x1
ffn_moe_weights_scaled-3,kernel_scale,0.002000,1x1x1,64x1x1,1x6x1x1
ffn_moe_gate-3,kernel_mul_mv_id_q4_0_f32_8x_flat,0.157300,11264x1x6,64x1x1,1408x6x1x1
ffn_moe_up-3,kernel_mul_mv_id_q4_0_f32_8x_flat,0.157300,11264x1x6,64x1x1,1408x6x1x1
ffn_moe_weighted-3,kernel_swiglu,0.003200,3072x1x1,512x1x1,1408x6x1x1
ffn_moe_down-3,kernel_mul_mv_id_q4_0_f32_8x_flat,0.169600,16384x1x6,64x1x1,2048x6x1x1
node_219,kernel_mul,0.010300,384x1x1,64x1x1,2048x6x1x1
ffn_gate-3,kernel_gemv_noshuffle,0.052100,1408x4x1,64x4x1,2816x1x1x1
ffn_up-3,kernel_gemv_noshuffle,0.049600,1408x4x1,64x4x1,2816x1x1x1
ffn_swiglu-3,kernel_swiglu,0.003600,512x1x1,512x1x1,2816x1x1x1
node_229,kernel_add_row,0.002000,512x0x0,64x0x0,2048x1x1x1
node_230,kernel_add_row,0.001900,512x0x0,64x0x0,2048x1x1x1
node_231,kernel_add_row,0.001800,512x0x0,64x0x0,2048x1x1x1
node_232,kernel_add_row,0.002000,512x0x0,64x0x0,2048x1x1x1
ffn_moe_out-3,kernel_add_row,0.002000,512x0x0,64x0x0,2048x1x1x1
ffn_shexp-3,kernel_gemv_noshuffle,0.056800,1024x4x1,64x4x1,2048x1x1x1
ffn_out-3,kernel_add_row,0.002000,512x0x0,64x0x0,2048x1x1x1
l_out-3,kernel_add_row,0.002300,512x0x0,64x0x0,2048x1x1x1
attn_norm-4,kernel_rms_norm_mul,0.005500,1024x1x1,1024x1x1,2048x1x1x1
q-4,kernel_gemv_noshuffle,0.052600,1536x4x1,64x4x1,3072x1x1x1
q_pe-4,kernel_rope_norm_f32,0.002800,1024x1x1,64x1x1,64x16x1x1
Qcur-4,kernel_concat_f32_non_contiguous,0.040100,16x1x1,0x0x0,192x16x1x1
kv_cmpr_pe-4,kernel_gemv_noshuffle,0.028900,320x4x1,64x4x1,576x1x1x1
k_pe-4,kernel_rope_norm_f32,0.002200,64x1x1,64x1x1,64x1x1x1
node_247,kernel_repeat,0.037200,16x1x1,0x0x0,64x16x1x1
kv_cmpr-4,kernel_rms_norm_mul,0.004200,512x1x1,512x1x1,512x1x1x1
kv-4,kernel_gemv_noshuffle,0.020900,2048x4x1,64x4x1,4096x1x1x1
Kcur-4,kernel_concat_f32_non_contiguous,0.040000,16x1x1,0x0x0,192x16x1x1
Vcur_cont-4,kernel_cpy_f32_f32,0.002600,1024x1x1,64x1x1,128x16x1x1
cache_k_l4 (view),kernel_set_rows_f16_i64,0.003900,1024x1x1,1024x1x1,3072x4096x1x1
cache_v_l4 (view),kernel_set_rows_f16_i64,0.003100,1024x1x1,1024x1x1,2048x4096x1x1
__fattn__-4,flash_attn_f32_f16_q1,0.957600,64x16x0,64x1x0,128x16x1x1
node_268,kernel_gemv_noshuffle,0.043800,1024x4x1,64x4x1,2048x1x1x1
ffn_inp-4,kernel_add_row,0.002300,512x0x0,64x0x0,2048x1x1x1
ffn_norm-4,kernel_rms_norm_mul,0.005400,1024x1x1,1024x1x1,2048x1x1x1
ffn_moe_logits-4,kernel_mul_mat_f32_f32,0.010800,4096x1x1,64x1x1,64x1x1x1
ffn_moe_probs-4,kernel_soft_max_4,0.003100,64x1x1,64x1x1,64x1x1x1
ffn_moe_argsort-4,kernel_argsort_f32_i32,0.012100,64x1x1,64x1x1,64x1x1x1
ffn_moe_weights-4,kernel_get_rows_f32,0.002300,384x1x1,64x1x1,1x6x1x1
ffn_moe_weights_scaled-4,kernel_scale,0.001900,1x1x1,64x1x1,1x6x1x1
ffn_moe_gate-4,kernel_mul_mv_id_q4_0_f32_8x_flat,0.159700,11264x1x6,64x1x1,1408x6x1x1
ffn_moe_up-4,kernel_mul_mv_id_q4_0_f32_8x_flat,0.157700,11264x1x6,64x1x1,1408x6x1x1
ffn_moe_weighted-4,kernel_swiglu,0.003100,3072x1x1,512x1x1,1408x6x1x1
ffn_moe_down-4,kernel_mul_mv_id_q4_0_f32_8x_flat,0.170300,16384x1x6,64x1x1,2048x6x1x1
node_284,kernel_mul,0.010700,384x1x1,64x1x1,2048x6x1x1
ffn_gate-4,kernel_gemv_noshuffle,0.049400,1408x4x1,64x4x1,2816x1x1x1
ffn_up-4,kernel_gemv_noshuffle,0.049000,1408x4x1,64x4x1,2816x1x1x1
ffn_swiglu-4,kernel_swiglu,0.003600,512x1x1,512x1x1,2816x1x1x1
node_294,kernel_add_row,0.002000,512x0x0,64x0x0,2048x1x1x1
node_295,kernel_add_row,0.002200,512x0x0,64x0x0,2048x1x1x1
node_296,kernel_add_row,0.001900,512x0x0,64x0x0,2048x1x1x1
node_297,kernel_add_row,0.001900,512x0x0,64x0x0,2048x1x1x1
ffn_moe_out-4,kernel_add_row,0.001900,512x0x0,64x0x0,2048x1x1x1
ffn_shexp-4,kernel_gemv_noshuffle,0.055600,1024x4x1,64x4x1,2048x1x1x1
ffn_out-4,kernel_add_row,0.002000,512x0x0,64x0x0,2048x1x1x1
l_out-4,kernel_add_row,0.002100,512x0x0,64x0x0,2048x1x1x1
attn_norm-5,kernel_rms_norm_mul,0.005600,1024x1x1,1024x1x1,2048x1x1x1
q-5,kernel_gemv_noshuffle,0.057600,1536x4x1,64x4x1,3072x1x1x1
q_pe-5,kernel_rope_norm_f32,0.002600,1024x1x1,64x1x1,64x16x1x1
Qcur-5,kernel_concat_f32_non_contiguous,0.040000,16x1x1,0x0x0,192x16x1x1
kv_cmpr_pe-5,kernel_gemv_noshuffle,0.029200,320x4x1,64x4x1,576x1x1x1
k_pe-5,kernel_rope_norm_f32,0.002200,64x1x1,64x1x1,64x1x1x1
node_312,kernel_repeat,0.038200,16x1x1,0x0x0,64x16x1x1
kv_cmpr-5,kernel_rms_norm_mul,0.003800,512x1x1,512x1x1,512x1x1x1
kv-5,kernel_gemv_noshuffle,0.021000,2048x4x1,64x4x1,4096x1x1x1
Kcur-5,kernel_concat_f32_non_contiguous,0.039900,16x1x1,0x0x0,192x16x1x1
Vcur_cont-5,kernel_cpy_f32_f32,0.002600,1024x1x1,64x1x1,128x16x1x1
cache_k_l5 (view),kernel_set_rows_f16_i64,0.003900,1024x1x1,1024x1x1,3072x4096x1x1
cache_v_l5 (view),kernel_set_rows_f16_i64,0.003400,1024x1x1,1024x1x1,2048x4096x1x1
__fattn__-5,flash_attn_f32_f16_q1,0.956300,64x16x0,64x1x0,128x16x1x1
node_333,kernel_gemv_noshuffle,0.047000,1024x4x1,64x4x1,2048x1x1x1
ffn_inp-5,kernel_add_row,0.002200,512x0x0,64x0x0,2048x1x1x1
ffn_norm-5,kernel_rms_norm_mul,0.005500,1024x1x1,1024x1x1,2048x1x1x1
ffn_moe_logits-5,kernel_mul_mat_f32_f32,0.011700,4096x1x1,64x1x1,64x1x1x1
ffn_moe_probs-5,kernel_soft_max_4,0.003200,64x1x1,64x1x1,64x1x1x1
ffn_moe_argsort-5,kernel_argsort_f32_i32,0.011900,64x1x1,64x1x1,64x1x1x1
ffn_moe_weights-5,kernel_get_rows_f32,0.002200,384x1x1,64x1x1,1x6x1x1
ffn_moe_weights_scaled-5,kernel_scale,0.001700,1x1x1,64x1x1,1x6x1x1
ffn_moe_gate-5,kernel_mul_mv_id_q4_0_f32_8x_flat,0.157600,11264x1x6,64x1x1,1408x6x1x1
ffn_moe_up-5,kernel_mul_mv_id_q4_0_f32_8x_flat,0.157500,11264x1x6,64x1x1,1408x6x1x1
ffn_moe_weighted-5,kernel_swiglu,0.003200,3072x1x1,512x1x1,1408x6x1x1
ffn_moe_down-5,kernel_mul_mv_id_q4_0_f32_8x_flat,0.170800,16384x1x6,64x1x1,2048x6x1x1
node_349,kernel_mul,0.010600,384x1x1,64x1x1,2048x6x1x1
ffn_gate-5,kernel_gemv_noshuffle,0.049500,1408x4x1,64x4x1,2816x1x1x1
ffn_up-5,kernel_gemv_noshuffle,0.050900,1408x4x1,64x4x1,2816x1x1x1
ffn_swiglu-5,kernel_swiglu,0.003800,512x1x1,512x1x1,2816x1x1x1
node_359,kernel_add_row,0.002100,512x0x0,64x0x0,2048x1x1x1
node_360,kernel_add_row,0.001800,512x0x0,64x0x0,2048x1x1x1
node_361,kernel_add_row,0.002000,512x0x0,64x0x0,2048x1x1x1
node_362,kernel_add_row,0.002300,512x0x0,64x0x0,2048x1x1x1
ffn_moe_out-5,kernel_add_row,0.001900,512x0x0,64x0x0,2048x1x1x1
ffn_shexp-5,kernel_gemv_noshuffle,0.055800,1024x4x1,64x4x1,2048x1x1x1
ffn_out-5,kernel_add_row,0.002000,512x0x0,64x0x0,2048x1x1x1
l_out-5,kernel_add_row,0.001900,512x0x0,64x0x0,2048x1x1x1
attn_norm-6,kernel_rms_norm_mul,0.005600,1024x1x1,1024x1x1,2048x1x1x1
q-6,kernel_gemv_noshuffle,0.053900,1536x4x1,64x4x1,3072x1x1x1
q_pe-6,kernel_rope_norm_f32,0.002700,1024x1x1,64x1x1,64x16x1x1
Qcur-6,kernel_concat_f32_non_contiguous,0.039600,16x1x1,0x0x0,192x16x1x1
kv_cmpr_pe-6,kernel_gemv_noshuffle,0.029500,320x4x1,64x4x1,576x1x1x1
k_pe-6,kernel_rope_norm_f32,0.002600,64x1x1,64x1x1,64x1x1x1
node_377,kernel_repeat,0.037200,16x1x1,0x0x0,64x16x1x1
kv_cmpr-6,kernel_rms_norm_mul,0.004100,512x1x1,512x1x1,512x1x1x1
kv-6,kernel_gemv_noshuffle,0.020300,2048x4x1,64x4x1,4096x1x1x1
Kcur-6,kernel_concat_f32_non_contiguous,0.040400,16x1x1,0x0x0,192x16x1x1
Vcur_cont-6,kernel_cpy_f32_f32,0.002800,1024x1x1,64x1x1,128x16x1x1
cache_k_l6 (view),kernel_set_rows_f16_i64,0.004100,1024x1x1,1024x1x1,3072x4096x1x1
cache_v_l6 (view),kernel_set_rows_f16_i64,0.003200,1024x1x1,1024x1x1,2048x4096x1x1
__fattn__-6,flash_attn_f32_f16_q1,0.953100,64x16x0,64x1x0,128x16x1x1
node_398,kernel_gemv_noshuffle,0.044700,1024x4x1,64x4x1,2048x1x1x1
ffn_inp-6,kernel_add_row,0.002100,512x0x0,64x0x0,2048x1x1x1
ffn_norm-6,kernel_rms_norm_mul,0.005600,1024x1x1,1024x1x1,2048x1x1x1
ffn_moe_logits-6,kernel_mul_mat_f32_f32,0.010500,4096x1x1,64x1x1,64x1x1x1
ffn_moe_probs-6,kernel_soft_max_4,0.003200,64x1x1,64x1x1,64x1x1x1
ffn_moe_argsort-6,kernel_argsort_f32_i32,0.012300,64x1x1,64x1x1,64x1x1x1
ffn_moe_weights-6,kernel_get_rows_f32,0.002000,384x1x1,64x1x1,1x6x1x1
ffn_moe_weights_scaled-6,kernel_scale,0.001700,1x1x1,64x1x1,1x6x1x1
ffn_moe_gate-6,kernel_mul_mv_id_q4_0_f32_8x_flat,0.158700,11264x1x6,64x1x1,1408x6x1x1
ffn_moe_up-6,kernel_mul_mv_id_q4_0_f32_8x_flat,0.156600,11264x1x6,64x1x1,1408x6x1x1
ffn_moe_weighted-6,kernel_swiglu,0.003200,3072x1x1,512x1x1,1408x6x1x1
ffn_moe_down-6,kernel_mul_mv_id_q4_0_f32_8x_flat,0.171000,16384x1x6,64x1x1,2048x6x1x1
node_414,kernel_mul,0.010500,384x1x1,64x1x1,2048x6x1x1
ffn_gate-6,kernel_gemv_noshuffle,0.052200,1408x4x1,64x4x1,2816x1x1x1
ffn_up-6,kernel_gemv_noshuffle,0.049900,1408x4x1,64x4x1,2816x1x1x1
ffn_swiglu-6,kernel_swiglu,0.003700,512x1x1,512x1x1,2816x1x1x1
node_424,kernel_add_row,0.002100,512x0x0,64x0x0,2048x1x1x1
node_425,kernel_add_row,0.001900,512x0x0,64x0x0,2048x1x1x1
node_426,kernel_add_row,0.002100,512x0x0,64x0x0,2048x1x1x1
node_427,kernel_add_row,0.001900,512x0x0,64x0x0,2048x1x1x1
ffn_moe_out-6,kernel_add_row,0.001900,512x0x0,64x0x0,2048x1x1x1
ffn_shexp-6,kernel_gemv_noshuffle,0.057100,1024x4x1,64x4x1,2048x1x1x1
ffn_out-6,kernel_add_row,0.002200,512x0x0,64x0x0,2048x1x1x1
l_out-6,kernel_add_row,0.002000,512x0x0,64x0x0,2048x1x1x1
attn_norm-7,kernel_rms_norm_mul,0.005500,1024x1x1,1024x1x1,2048x1x1x1
q-7,kernel_gemv_noshuffle,0.052000,1536x4x1,64x4x1,3072x1x1x1
q_pe-7,kernel_rope_norm_f32,0.002700,1024x1x1,64x1x1,64x16x1x1
Qcur-7,kernel_concat_f32_non_contiguous,0.040400,16x1x1,0x0x0,192x16x1x1
kv_cmpr_pe-7,kernel_gemv_noshuffle,0.029300,320x4x1,64x4x1,576x1x1x1
k_pe-7,kernel_rope_norm_f32,0.002900,64x1x1,64x1x1,64x1x1x1
node_442,kernel_repeat,0.037700,16x1x1,0x0x0,64x16x1x1
kv_cmpr-7,kernel_rms_norm_mul,0.003900,512x1x1,512x1x1,512x1x1x1
kv-7,kernel_gemv_noshuffle,0.019800,2048x4x1,64x4x1,4096x1x1x1
Kcur-7,kernel_concat_f32_non_contiguous,0.040400,16x1x1,0x0x0,192x16x1x1
Vcur_cont-7,kernel_cpy_f32_f32,0.002700,1024x1x1,64x1x1,128x16x1x1
cache_k_l7 (view),kernel_set_rows_f16_i64,0.003800,1024x1x1,1024x1x1,3072x4096x1x1
cache_v_l7 (view),kernel_set_rows_f16_i64,0.003300,1024x1x1,1024x1x1,2048x4096x1x1
__fattn__-7,flash_attn_f32_f16_q1,0.952200,64x16x0,64x1x0,128x16x1x1
node_463,kernel_gemv_noshuffle,0.043800,1024x4x1,64x4x1,2048x1x1x1
ffn_inp-7,kernel_add_row,0.002100,512x0x0,64x0x0,2048x1x1x1
ffn_norm-7,kernel_rms_norm_mul,0.005500,1024x1x1,1024x1x1,2048x1x1x1
ffn_moe_logits-7,kernel_mul_mat_f32_f32,0.010300,4096x1x1,64x1x1,64x1x1x1
ffn_moe_probs-7,kernel_soft_max_4,0.003200,64x1x1,64x1x1,64x1x1x1
ffn_moe_argsort-7,kernel_argsort_f32_i32,0.012000,64x1x1,64x1x1,64x1x1x1
ffn_moe_weights-7,kernel_get_rows_f32,0.002100,384x1x1,64x1x1,1x6x1x1
ffn_moe_weights_scaled-7,kernel_scale,0.001900,1x1x1,64x1x1,1x6x1x1
ffn_moe_gate-7,kernel_mul_mv_id_q4_0_f32_8x_flat,0.159300,11264x1x6,64x1x1,1408x6x1x1
ffn_moe_up-7,kernel_mul_mv_id_q4_0_f32_8x_flat,0.156900,11264x1x6,64x1x1,1408x6x1x1
ffn_moe_weighted-7,kernel_swiglu,0.003100,3072x1x1,512x1x1,1408x6x1x1
ffn_moe_down-7,kernel_mul_mv_id_q4_0_f32_8x_flat,0.169100,16384x1x6,64x1x1,2048x6x1x1
node_479,kernel_mul,0.010700,384x1x1,64x1x1,2048x6x1x1
ffn_gate-7,kernel_gemv_noshuffle,0.049400,1408x4x1,64x4x1,2816x1x1x1
ffn_up-7,kernel_gemv_noshuffle,0.049000,1408x4x1,64x4x1,2816x1x1x1
ffn_swiglu-7,kernel_swiglu,0.003800,512x1x1,512x1x1,2816x1x1x1
node_489,kernel_add_row,0.002000,512x0x0,64x0x0,2048x1x1x1
node_490,kernel_add_row,0.002100,512x0x0,64x0x0,2048x1x1x1
node_491,kernel_add_row,0.002100,512x0x0,64x0x0,2048x1x1x1
node_492,kernel_add_row,0.001900,512x0x0,64x0x0,2048x1x1x1
ffn_moe_out-7,kernel_add_row,0.001900,512x0x0,64x0x0,2048x1x1x1
ffn_shexp-7,kernel_gemv_noshuffle,0.056700,1024x4x1,64x4x1,2048x1x1x1
ffn_out-7,kernel_add_row,0.002000,512x0x0,64x0x0,2048x1x1x1
l_out-7,kernel_add_row,0.002500,512x0x0,64x0x0,2048x1x1x1
attn_norm-8,kernel_rms_norm_mul,0.005500,1024x1x1,1024x1x1,2048x1x1x1
q-8,kernel_gemv_noshuffle,0.057300,1536x4x1,64x4x1,3072x1x1x1
q_pe-8,kernel_rope_norm_f32,0.002800,1024x1x1,64x1x1,64x16x1x1
Qcur-8,kernel_concat_f32_non_contiguous,0.040600,16x1x1,0x0x0,192x16x1x1
kv_cmpr_pe-8,kernel_gemv_noshuffle,0.029200,320x4x1,64x4x1,576x1x1x1
k_pe-8,kernel_rope_norm_f32,0.002200,64x1x1,64x1x1,64x1x1x1
node_507,kernel_repeat,0.037300,16x1x1,0x0x0,64x16x1x1
kv_cmpr-8,kernel_rms_norm_mul,0.004200,512x1x1,512x1x1,512x1x1x1
kv-8,kernel_gemv_noshuffle,0.020400,2048x4x1,64x4x1,4096x1x1x1
Kcur-8,kernel_concat_f32_non_contiguous,0.039800,16x1x1,0x0x0,192x16x1x1
Vcur_cont-8,kernel_cpy_f32_f32,0.002500,1024x1x1,64x1x1,128x16x1x1
cache_k_l8 (view),kernel_set_rows_f16_i64,0.004000,1024x1x1,1024x1x1,3072x4096x1x1
cache_v_l8 (view),kernel_set_rows_f16_i64,0.003500,1024x1x1,1024x1x1,2048x4096x1x1
__fattn__-8,flash_attn_f32_f16_q1,0.950400,64x16x0,64x1x0,128x16x1x1
node_528,kernel_gemv_noshuffle,0.043200,1024x4x1,64x4x1,2048x1x1x1
ffn_inp-8,kernel_add_row,0.002700,512x0x0,64x0x0,2048x1x1x1
ffn_norm-8,kernel_rms_norm_mul,0.005500,1024x1x1,1024x1x1,2048x1x1x1
ffn_moe_logits-8,kernel_mul_mat_f32_f32,0.011000,4096x1x1,64x1x1,64x1x1x1
ffn_moe_probs-8,kernel_soft_max_4,0.003100,64x1x1,64x1x1,64x1x1x1
ffn_moe_argsort-8,kernel_argsort_f32_i32,0.011900,64x1x1,64x1x1,64x1x1x1
ffn_moe_weights-8,kernel_get_rows_f32,0.002100,384x1x1,64x1x1,1x6x1x1
ffn_moe_weights_scaled-8,kernel_scale,0.001700,1x1x1,64x1x1,1x6x1x1
ffn_moe_gate-8,kernel_mul_mv_id_q4_0_f32_8x_flat,0.157700,11264x1x6,64x1x1,1408x6x1x1
ffn_moe_up-8,kernel_mul_mv_id_q4_0_f32_8x_flat,0.160400,11264x1x6,64x1x1,1408x6x1x1
ffn_moe_weighted-8,kernel_swiglu,0.003400,3072x1x1,512x1x1,1408x6x1x1
ffn_moe_down-8,kernel_mul_mv_id_q4_0_f32_8x_flat,0.168000,16384x1x6,64x1x1,2048x6x1x1
node_544,kernel_mul,0.010500,384x1x1,64x1x1,2048x6x1x1
ffn_gate-8,kernel_gemv_noshuffle,0.050000,1408x4x1,64x4x1,2816x1x1x1
ffn_up-8,kernel_gemv_noshuffle,0.048700,1408x4x1,64x4x1,2816x1x1x1
ffn_swiglu-8,kernel_swiglu,0.003600,512x1x1,512x1x1,2816x1x1x1
node_554,kernel_add_row,0.002100,512x0x0,64x0x0,2048x1x1x1
node_555,kernel_add_row,0.002200,512x0x0,64x0x0,2048x1x1x1
node_556,kernel_add_row,0.001900,512x0x0,64x0x0,2048x1x1x1
node_557,kernel_add_row,0.001800,512x0x0,64x0x0,2048x1x1x1
ffn_moe_out-8,kernel_add_row,0.001900,512x0x0,64x0x0,2048x1x1x1
ffn_shexp-8,kernel_gemv_noshuffle,0.058600,1024x4x1,64x4x1,2048x1x1x1
ffn_out-8,kernel_add_row,0.002300,512x0x0,64x0x0,2048x1x1x1
l_out-8,kernel_add_row,0.001900,512x0x0,64x0x0,2048x1x1x1
attn_norm-9,kernel_rms_norm_mul,0.005400,1024x1x1,1024x1x1,2048x1x1x1
q-9,kernel_gemv_noshuffle,0.056500,1536x4x1,64x4x1,3072x1x1x1
q_pe-9,kernel_rope_norm_f32,0.002700,1024x1x1,64x1x1,64x16x1x1
Qcur-9,kernel_concat_f32_non_contiguous,0.040100,16x1x1,0x0x0,192x16x1x1
kv_cmpr_pe-9,kernel_gemv_noshuffle,0.028800,320x4x1,64x4x1,576x1x1x1
k_pe-9,kernel_rope_norm_f32,0.002200,64x1x1,64x1x1,64x1x1x1
node_572,kernel_repeat,0.038500,16x1x1,0x0x0,64x16x1x1
kv_cmpr-9,kernel_rms_norm_mul,0.003900,512x1x1,512x1x1,512x1x1x1
kv-9,kernel_gemv_noshuffle,0.021000,2048x4x1,64x4x1,4096x1x1x1
Kcur-9,kernel_concat_f32_non_contiguous,0.039500,16x1x1,0x0x0,192x16x1x1
Vcur_cont-9,kernel_cpy_f32_f32,0.002700,1024x1x1,64x1x1,128x16x1x1
cache_k_l9 (view),kernel_set_rows_f16_i64,0.003600,1024x1x1,1024x1x1,3072x4096x1x1
cache_v_l9 (view),kernel_set_rows_f16_i64,0.003300,1024x1x1,1024x1x1,2048x4096x1x1
__fattn__-9,flash_attn_f32_f16_q1,0.959800,64x16x0,64x1x0,128x16x1x1
node_593,kernel_gemv_noshuffle,0.044700,1024x4x1,64x4x1,2048x1x1x1
ffn_inp-9,kernel_add_row,0.002300,512x0x0,64x0x0,2048x1x1x1
ffn_norm-9,kernel_rms_norm_mul,0.005500,1024x1x1,1024x1x1,2048x1x1x1
ffn_moe_logits-9,kernel_mul_mat_f32_f32,0.011600,4096x1x1,64x1x1,64x1x1x1
ffn_moe_probs-9,kernel_soft_max_4,0.003200,64x1x1,64x1x1,64x1x1x1
ffn_moe_argsort-9,kernel_argsort_f32_i32,0.011900,64x1x1,64x1x1,64x1x1x1
ffn_moe_weights-9,kernel_get_rows_f32,0.002100,384x1x1,64x1x1,1x6x1x1
ffn_moe_weights_scaled-9,kernel_scale,0.001700,1x1x1,64x1x1,1x6x1x1
ffn_moe_gate-9,kernel_mul_mv_id_q4_0_f32_8x_flat,0.157100,11264x1x6,64x1x1,1408x6x1x1
ffn_moe_up-9,kernel_mul_mv_id_q4_0_f32_8x_flat,0.158000,11264x1x6,64x1x1,1408x6x1x1
ffn_moe_weighted-9,kernel_swiglu,0.003200,3072x1x1,512x1x1,1408x6x1x1
ffn_moe_down-9,kernel_mul_mv_id_q4_0_f32_8x_flat,0.170100,16384x1x6,64x1x1,2048x6x1x1
node_609,kernel_mul,0.010400,384x1x1,64x1x1,2048x6x1x1
ffn_gate-9,kernel_gemv_noshuffle,0.050800,1408x4x1,64x4x1,2816x1x1x1
ffn_up-9,kernel_gemv_noshuffle,0.048500,1408x4x1,64x4x1,2816x1x1x1
ffn_swiglu-9,kernel_swiglu,0.003600,512x1x1,512x1x1,2816x1x1x1
node_619,kernel_add_row,0.002000,512x0x0,64x0x0,2048x1x1x1
node_620,kernel_add_row,0.001800,512x0x0,64x0x0,2048x1x1x1
node_621,kernel_add_row,0.002000,512x0x0,64x0x0,2048x1x1x1
node_622,kernel_add_row,0.002200,512x0x0,64x0x0,2048x1x1x1
ffn_moe_out-9,kernel_add_row,0.001900,512x0x0,64x0x0,2048x1x1x1
ffn_shexp-9,kernel_gemv_noshuffle,0.057200,1024x4x1,64x4x1,2048x1x1x1
ffn_out-9,kernel_add_row,0.002000,512x0x0,64x0x0,2048x1x1x1
l_out-9,kernel_add_row,0.002000,512x0x0,64x0x0,2048x1x1x1
attn_norm-10,kernel_rms_norm_mul,0.005400,1024x1x1,1024x1x1,2048x1x1x1
q-10,kernel_gemv_noshuffle,0.052500,1536x4x1,64x4x1,3072x1x1x1
q_pe-10,kernel_rope_norm_f32,0.002800,1024x1x1,64x1x1,64x16x1x1
Qcur-10,kernel_concat_f32_non_contiguous,0.039700,16x1x1,0x0x0,192x16x1x1
kv_cmpr_pe-10,kernel_gemv_noshuffle,0.029600,320x4x1,64x4x1,576x1x1x1
k_pe-10,kernel_rope_norm_f32,0.002700,64x1x1,64x1x1,64x1x1x1
node_637,kernel_repeat,0.037100,16x1x1,0x0x0,64x16x1x1
kv_cmpr-10,kernel_rms_norm_mul,0.003900,512x1x1,512x1x1,512x1x1x1
kv-10,kernel_gemv_noshuffle,0.019800,2048x4x1,64x4x1,4096x1x1x1
Kcur-10,kernel_concat_f32_non_contiguous,0.039700,16x1x1,0x0x0,192x16x1x1
Vcur_cont-10,kernel_cpy_f32_f32,0.002800,1024x1x1,64x1x1,128x16x1x1
cache_k_l10 (view),kernel_set_rows_f16_i64,0.003900,1024x1x1,1024x1x1,3072x4096x1x1
cache_v_l10 (view),kernel_set_rows_f16_i64,0.003100,1024x1x1,1024x1x1,2048x4096x1x1
__fattn__-10,flash_attn_f32_f16_q1,0.955000,64x16x0,64x1x0,128x16x1x1
node_658,kernel_gemv_noshuffle,0.044800,1024x4x1,64x4x1,2048x1x1x1
ffn_inp-10,kernel_add_row,0.002200,512x0x0,64x0x0,2048x1x1x1
ffn_norm-10,kernel_rms_norm_mul,0.005700,1024x1x1,1024x1x1,2048x1x1x1
ffn_moe_logits-10,kernel_mul_mat_f32_f32,0.011500,4096x1x1,64x1x1,64x1x1x1
ffn_moe_probs-10,kernel_soft_max_4,0.003300,64x1x1,64x1x1,64x1x1x1
ffn_moe_argsort-10,kernel_argsort_f32_i32,0.012300,64x1x1,64x1x1,64x1x1x1
ffn_moe_weights-10,kernel_get_rows_f32,0.002100,384x1x1,64x1x1,1x6x1x1
ffn_moe_weights_scaled-10,kernel_scale,0.001600,1x1x1,64x1x1,1x6x1x1
ffn_moe_gate-10,kernel_mul_mv_id_q4_0_f32_8x_flat,0.157800,11264x1x6,64x1x1,1408x6x1x1
ffn_moe_up-10,kernel_mul_mv_id_q4_0_f32_8x_flat,0.158800,11264x1x6,64x1x1,1408x6x1x1
ffn_moe_weighted-10,kernel_swiglu,0.003100,3072x1x1,512x1x1,1408x6x1x1
ffn_moe_down-10,kernel_mul_mv_id_q4_0_f32_8x_flat,0.171100,16384x1x6,64x1x1,2048x6x1x1
node_674,kernel_mul,0.010200,384x1x1,64x1x1,2048x6x1x1
ffn_gate-10,kernel_gemv_noshuffle,0.054700,1408x4x1,64x4x1,2816x1x1x1
ffn_up-10,kernel_gemv_noshuffle,0.049900,1408x4x1,64x4x1,2816x1x1x1
ffn_swiglu-10,kernel_swiglu,0.003800,512x1x1,512x1x1,2816x1x1x1
node_684,kernel_add_row,0.002000,512x0x0,64x0x0,2048x1x1x1
node_685,kernel_add_row,0.001900,512x0x0,64x0x0,2048x1x1x1
node_686,kernel_add_row,0.001900,512x0x0,64x0x0,2048x1x1x1
node_687,kernel_add_row,0.001900,512x0x0,64x0x0,2048x1x1x1
ffn_moe_out-10,kernel_add_row,0.001800,512x0x0,64x0x0,2048x1x1x1
ffn_shexp-10,kernel_gemv_noshuffle,0.059500,1024x4x1,64x4x1,2048x1x1x1
ffn_out-10,kernel_add_row,0.002000,512x0x0,64x0x0,2048x1x1x1
l_out-10,kernel_add_row,0.001900,512x0x0,64x0x0,2048x1x1x1
attn_norm-11,kernel_rms_norm_mul,0.005400,1024x1x1,1024x1x1,2048x1x1x1
q-11,kernel_gemv_noshuffle,0.053700,1536x4x1,64x4x1,3072x1x1x1
q_pe-11,kernel_rope_norm_f32,0.002700,1024x1x1,64x1x1,64x16x1x1
Qcur-11,kernel_concat_f32_non_contiguous,0.040300,16x1x1,0x0x0,192x16x1x1
kv_cmpr_pe-11,kernel_gemv_noshuffle,0.029700,320x4x1,64x4x1,576x1x1x1
k_pe-11,kernel_rope_norm_f32,0.002800,64x1x1,64x1x1,64x1x1x1
node_702,kernel_repeat,0.037900,16x1x1,0x0x0,64x16x1x1
kv_cmpr-11,kernel_rms_norm_mul,0.004000,512x1x1,512x1x1,512x1x1x1
kv-11,kernel_gemv_noshuffle,0.020600,2048x4x1,64x4x1,4096x1x1x1
Kcur-11,kernel_concat_f32_non_contiguous,0.040600,16x1x1,0x0x0,192x16x1x1
Vcur_cont-11,kernel_cpy_f32_f32,0.002700,1024x1x1,64x1x1,128x16x1x1
cache_k_l11 (view),kernel_set_rows_f16_i64,0.003900,1024x1x1,1024x1x1,3072x4096x1x1
cache_v_l11 (view),kernel_set_rows_f16_i64,0.003400,1024x1x1,1024x1x1,2048x4096x1x1
__fattn__-11,flash_attn_f32_f16_q1,0.959200,64x16x0,64x1x0,128x16x1x1
node_723,kernel_gemv_noshuffle,0.045000,1024x4x1,64x4x1,2048x1x1x1
ffn_inp-11,kernel_add_row,0.002100,512x0x0,64x0x0,2048x1x1x1
ffn_norm-11,kernel_rms_norm_mul,0.005300,1024x1x1,1024x1x1,2048x1x1x1
ffn_moe_logits-11,kernel_mul_mat_f32_f32,0.010500,4096x1x1,64x1x1,64x1x1x1
ffn_moe_probs-11,kernel_soft_max_4,0.003000,64x1x1,64x1x1,64x1x1x1
ffn_moe_argsort-11,kernel_argsort_f32_i32,0.011900,64x1x1,64x1x1,64x1x1x1
ffn_moe_weights-11,kernel_get_rows_f32,0.002100,384x1x1,64x1x1,1x6x1x1
ffn_moe_weights_scaled-11,kernel_scale,0.002000,1x1x1,64x1x1,1x6x1x1
ffn_moe_gate-11,kernel_mul_mv_id_q4_0_f32_8x_flat,0.164100,11264x1x6,64x1x1,1408x6x1x1
ffn_moe_up-11,kernel_mul_mv_id_q4_0_f32_8x_flat,0.163600,11264x1x6,64x1x1,1408x6x1x1
ffn_moe_weighted-11,kernel_swiglu,0.003000,3072x1x1,512x1x1,1408x6x1x1
ffn_moe_down-11,kernel_mul_mv_id_q4_0_f32_8x_flat,0.169200,16384x1x6,64x1x1,2048x6x1x1
node_739,kernel_mul,0.010500,384x1x1,64x1x1,2048x6x1x1
ffn_gate-11,kernel_gemv_noshuffle,0.050500,1408x4x1,64x4x1,2816x1x1x1
ffn_up-11,kernel_gemv_noshuffle,0.050900,1408x4x1,64x4x1,2816x1x1x1
ffn_swiglu-11,kernel_swiglu,0.003800,512x1x1,512x1x1,2816x1x1x1
node_749,kernel_add_row,0.002100,512x0x0,64x0x0,2048x1x1x1
node_750,kernel_add_row,0.001900,512x0x0,64x0x0,2048x1x1x1
node_751,kernel_add_row,0.001900,512x0x0,64x0x0,2048x1x1x1
node_752,kernel_add_row,0.001900,512x0x0,64x0x0,2048x1x1x1
ffn_moe_out-11,kernel_add_row,0.001800,512x0x0,64x0x0,2048x1x1x1
ffn_shexp-11,kernel_gemv_noshuffle,0.056400,1024x4x1,64x4x1,2048x1x1x1
ffn_out-11,kernel_add_row,0.002000,512x0x0,64x0x0,2048x1x1x1
l_out-11,kernel_add_row,0.002300,512x0x0,64x0x0,2048x1x1x1
attn_norm-12,kernel_rms_norm_mul,0.005600,1024x1x1,1024x1x1,2048x1x1x1
q-12,kernel_gemv_noshuffle,0.058000,1536x4x1,64x4x1,3072x1x1x1
q_pe-12,kernel_rope_norm_f32,0.002600,1024x1x1,64x1x1,64x16x1x1
Qcur-12,kernel_concat_f32_non_contiguous,0.040500,16x1x1,0x0x0,192x16x1x1
kv_cmpr_pe-12,kernel_gemv_noshuffle,0.030100,320x4x1,64x4x1,576x1x1x1
k_pe-12,kernel_rope_norm_f32,0.002300,64x1x1,64x1x1,64x1x1x1
node_767,kernel_repeat,0.037100,16x1x1,0x0x0,64x16x1x1
kv_cmpr-12,kernel_rms_norm_mul,0.004100,512x1x1,512x1x1,512x1x1x1
kv-12,kernel_gemv_noshuffle,0.020600,2048x4x1,64x4x1,4096x1x1x1
Kcur-12,kernel_concat_f32_non_contiguous,0.039900,16x1x1,0x0x0,192x16x1x1
Vcur_cont-12,kernel_cpy_f32_f32,0.002600,1024x1x1,64x1x1,128x16x1x1
cache_k_l12 (view),kernel_set_rows_f16_i64,0.003800,1024x1x1,1024x1x1,3072x4096x1x1
cache_v_l12 (view),kernel_set_rows_f16_i64,0.003300,1024x1x1,1024x1x1,2048x4096x1x1
__fattn__-12,flash_attn_f32_f16_q1,0.960000,64x16x0,64x1x0,128x16x1x1
node_788,kernel_gemv_noshuffle,0.045400,1024x4x1,64x4x1,2048x1x1x1
ffn_inp-12,kernel_add_row,0.002400,512x0x0,64x0x0,2048x1x1x1
ffn_norm-12,kernel_rms_norm_mul,0.005300,1024x1x1,1024x1x1,2048x1x1x1
ffn_moe_logits-12,kernel_mul_mat_f32_f32,0.010800,4096x1x1,64x1x1,64x1x1x1
ffn_moe_probs-12,kernel_soft_max_4,0.003300,64x1x1,64x1x1,64x1x1x1
ffn_moe_argsort-12,kernel_argsort_f32_i32,0.011900,64x1x1,64x1x1,64x1x1x1
ffn_moe_weights-12,kernel_get_rows_f32,0.002100,384x1x1,64x1x1,1x6x1x1
ffn_moe_weights_scaled-12,kernel_scale,0.001700,1x1x1,64x1x1,1x6x1x1
ffn_moe_gate-12,kernel_mul_mv_id_q4_0_f32_8x_flat,0.160000,11264x1x6,64x1x1,1408x6x1x1
ffn_moe_up-12,kernel_mul_mv_id_q4_0_f32_8x_flat,0.161000,11264x1x6,64x1x1,1408x6x1x1
ffn_moe_weighted-12,kernel_swiglu,0.003100,3072x1x1,512x1x1,1408x6x1x1
ffn_moe_down-12,kernel_mul_mv_id_q4_0_f32_8x_flat,0.169200,16384x1x6,64x1x1,2048x6x1x1
node_804,kernel_mul,0.010600,384x1x1,64x1x1,2048x6x1x1
ffn_gate-12,kernel_gemv_noshuffle,0.051400,1408x4x1,64x4x1,2816x1x1x1
ffn_up-12,kernel_gemv_noshuffle,0.049600,1408x4x1,64x4x1,2816x1x1x1
ffn_swiglu-12,kernel_swiglu,0.003600,512x1x1,512x1x1,2816x1x1x1
node_814,kernel_add_row,0.002000,512x0x0,64x0x0,2048x1x1x1
node_815,kernel_add_row,0.002400,512x0x0,64x0x0,2048x1x1x1
node_816,kernel_add_row,0.001800,512x0x0,64x0x0,2048x1x1x1
node_817,kernel_add_row,0.001800,512x0x0,64x0x0,2048x1x1x1
ffn_moe_out-12,kernel_add_row,0.002000,512x0x0,64x0x0,2048x1x1x1
ffn_shexp-12,kernel_gemv_noshuffle,0.057900,1024x4x1,64x4x1,2048x1x1x1
ffn_out-12,kernel_add_row,0.002000,512x0x0,64x0x0,2048x1x1x1
l_out-12,kernel_add_row,0.002100,512x0x0,64x0x0,2048x1x1x1
attn_norm-13,kernel_rms_norm_mul,0.005900,1024x1x1,1024x1x1,2048x1x1x1
q-13,kernel_gemv_noshuffle,0.057500,1536x4x1,64x4x1,3072x1x1x1
q_pe-13,kernel_rope_norm_f32,0.002600,1024x1x1,64x1x1,64x16x1x1
Qcur-13,kernel_concat_f32_non_contiguous,0.040100,16x1x1,0x0x0,192x16x1x1
kv_cmpr_pe-13,kernel_gemv_noshuffle,0.029500,320x4x1,64x4x1,576x1x1x1
k_pe-13,kernel_rope_norm_f32,0.002100,64x1x1,64x1x1,64x1x1x1
node_832,kernel_repeat,0.037800,16x1x1,0x0x0,64x16x1x1
kv_cmpr-13,kernel_rms_norm_mul,0.003800,512x1x1,512x1x1,512x1x1x1
kv-13,kernel_gemv_noshuffle,0.020200,2048x4x1,64x4x1,4096x1x1x1
Kcur-13,kernel_concat_f32_non_contiguous,0.039600,16x1x1,0x0x0,192x16x1x1
Vcur_cont-13,kernel_cpy_f32_f32,0.002500,1024x1x1,64x1x1,128x16x1x1
cache_k_l13 (view),kernel_set_rows_f16_i64,0.003800,1024x1x1,1024x1x1,3072x4096x1x1
cache_v_l13 (view),kernel_set_rows_f16_i64,0.003400,1024x1x1,1024x1x1,2048x4096x1x1
__fattn__-13,flash_attn_f32_f16_q1,0.956600,64x16x0,64x1x0,128x16x1x1
node_853,kernel_gemv_noshuffle,0.045700,1024x4x1,64x4x1,2048x1x1x1
ffn_inp-13,kernel_add_row,0.002200,512x0x0,64x0x0,2048x1x1x1
ffn_norm-13,kernel_rms_norm_mul,0.005600,1024x1x1,1024x1x1,2048x1x1x1
ffn_moe_logits-13,kernel_mul_mat_f32_f32,0.011400,4096x1x1,64x1x1,64x1x1x1
ffn_moe_probs-13,kernel_soft_max_4,0.003300,64x1x1,64x1x1,64x1x1x1
ffn_moe_argsort-13,kernel_argsort_f32_i32,0.012000,64x1x1,64x1x1,64x1x1x1
ffn_moe_weights-13,kernel_get_rows_f32,0.002000,384x1x1,64x1x1,1x6x1x1
ffn_moe_weights_scaled-13,kernel_scale,0.001700,1x1x1,64x1x1,1x6x1x1
ffn_moe_gate-13,kernel_mul_mv_id_q4_0_f32_8x_flat,0.161400,11264x1x6,64x1x1,1408x6x1x1
ffn_moe_up-13,kernel_mul_mv_id_q4_0_f32_8x_flat,0.159300,11264x1x6,64x1x1,1408x6x1x1
ffn_moe_weighted-13,kernel_swiglu,0.003300,3072x1x1,512x1x1,1408x6x1x1
ffn_moe_down-13,kernel_mul_mv_id_q4_0_f32_8x_flat,0.172700,16384x1x6,64x1x1,2048x6x1x1
node_869,kernel_mul,0.010900,384x1x1,64x1x1,2048x6x1x1
ffn_gate-13,kernel_gemv_noshuffle,0.051400,1408x4x1,64x4x1,2816x1x1x1
ffn_up-13,kernel_gemv_noshuffle,0.049700,1408x4x1,64x4x1,2816x1x1x1
ffn_swiglu-13,kernel_swiglu,0.003600,512x1x1,512x1x1,2816x1x1x1
node_879,kernel_add_row,0.002000,512x0x0,64x0x0,2048x1x1x1
node_880,kernel_add_row,0.001800,512x0x0,64x0x0,2048x1x1x1
node_881,kernel_add_row,0.001900,512x0x0,64x0x0,2048x1x1x1
node_882,kernel_add_row,0.002300,512x0x0,64x0x0,2048x1x1x1
ffn_moe_out-13,kernel_add_row,0.001800,512x0x0,64x0x0,2048x1x1x1
ffn_shexp-13,kernel_gemv_noshuffle,0.056600,1024x4x1,64x4x1,2048x1x1x1
ffn_out-13,kernel_add_row,0.002000,512x0x0,64x0x0,2048x1x1x1
l_out-13,kernel_add_row,0.001900,512x0x0,64x0x0,2048x1x1x1
attn_norm-14,kernel_rms_norm_mul,0.005400,1024x1x1,1024x1x1,2048x1x1x1
q-14,kernel_gemv_noshuffle,0.053500,1536x4x1,64x4x1,3072x1x1x1
q_pe-14,kernel_rope_norm_f32,0.002800,1024x1x1,64x1x1,64x16x1x1
Qcur-14,kernel_concat_f32_non_contiguous,0.039500,16x1x1,0x0x0,192x16x1x1
kv_cmpr_pe-14,kernel_gemv_noshuffle,0.029300,320x4x1,64x4x1,576x1x1x1
k_pe-14,kernel_rope_norm_f32,0.002600,64x1x1,64x1x1,64x1x1x1
node_897,kernel_repeat,0.037200,16x1x1,0x0x0,64x16x1x1
kv_cmpr-14,kernel_rms_norm_mul,0.003800,512x1x1,512x1x1,512x1x1x1
kv-14,kernel_gemv_noshuffle,0.020200,2048x4x1,64x4x1,4096x1x1x1
Kcur-14,kernel_concat_f32_non_contiguous,0.040000,16x1x1,0x0x0,192x16x1x1
Vcur_cont-14,kernel_cpy_f32_f32,0.002700,1024x1x1,64x1x1,128x16x1x1
cache_k_l14 (view),kernel_set_rows_f16_i64,0.003900,1024x1x1,1024x1x1,3072x4096x1x1
cache_v_l14 (view),kernel_set_rows_f16_i64,0.003200,1024x1x1,1024x1x1,2048x4096x1x1
__fattn__-14,flash_attn_f32_f16_q1,0.963100,64x16x0,64x1x0,128x16x1x1
node_918,kernel_gemv_noshuffle,0.045600,1024x4x1,64x4x1,2048x1x1x1
ffn_inp-14,kernel_add_row,0.002000,512x0x0,64x0x0,2048x1x1x1
ffn_norm-14,kernel_rms_norm_mul,0.005600,1024x1x1,1024x1x1,2048x1x1x1
ffn_moe_logits-14,kernel_mul_mat_f32_f32,0.010700,4096x1x1,64x1x1,64x1x1x1
ffn_moe_probs-14,kernel_soft_max_4,0.003200,64x1x1,64x1x1,64x1x1x1
ffn_moe_argsort-14,kernel_argsort_f32_i32,0.012300,64x1x1,64x1x1,64x1x1x1
ffn_moe_weights-14,kernel_get_rows_f32,0.002200,384x1x1,64x1x1,1x6x1x1
ffn_moe_weights_scaled-14,kernel_scale,0.001700,1x1x1,64x1x1,1x6x1x1
ffn_moe_gate-14,kernel_mul_mv_id_q4_0_f32_8x_flat,0.159600,11264x1x6,64x1x1,1408x6x1x1
ffn_moe_up-14,kernel_mul_mv_id_q4_0_f32_8x_flat,0.160700,11264x1x6,64x1x1,1408x6x1x1
ffn_moe_weighted-14,kernel_swiglu,0.003100,3072x1x1,512x1x1,1408x6x1x1
ffn_moe_down-14,kernel_mul_mv_id_q4_0_f32_8x_flat,0.172700,16384x1x6,64x1x1,2048x6x1x1
node_934,kernel_mul,0.010600,384x1x1,64x1x1,2048x6x1x1
ffn_gate-14,kernel_gemv_noshuffle,0.052200,1408x4x1,64x4x1,2816x1x1x1
ffn_up-14,kernel_gemv_noshuffle,0.052900,1408x4x1,64x4x1,2816x1x1x1
ffn_swiglu-14,kernel_swiglu,0.003800,512x1x1,512x1x1,2816x1x1x1
node_944,kernel_add_row,0.002100,512x0x0,64x0x0,2048x1x1x1
node_945,kernel_add_row,0.001800,512x0x0,64x0x0,2048x1x1x1
node_946,kernel_add_row,0.002000,512x0x0,64x0x0,2048x1x1x1
node_947,kernel_add_row,0.001900,512x0x0,64x0x0,2048x1x1x1
ffn_moe_out-14,kernel_add_row,0.001900,512x0x0,64x0x0,2048x1x1x1
ffn_shexp-14,kernel_gemv_noshuffle,0.057800,1024x4x1,64x4x1,2048x1x1x1
ffn_out-14,kernel_add_row,0.002000,512x0x0,64x0x0,2048x1x1x1
l_out-14,kernel_add_row,0.001900,512x0x0,64x0x0,2048x1x1x1
attn_norm-15,kernel_rms_norm_mul,0.005400,1024x1x1,1024x1x1,2048x1x1x1
q-15,kernel_gemv_noshuffle,0.054600,1536x4x1,64x4x1,3072x1x1x1
q_pe-15,kernel_rope_norm_f32,0.002800,1024x1x1,64x1x1,64x16x1x1
Qcur-15,kernel_concat_f32_non_contiguous,0.040100,16x1x1,0x0x0,192x16x1x1
kv_cmpr_pe-15,kernel_gemv_noshuffle,0.029000,320x4x1,64x4x1,576x1x1x1
k_pe-15,kernel_rope_norm_f32,0.002800,64x1x1,64x1x1,64x1x1x1
node_962,kernel_repeat,0.037700,16x1x1,0x0x0,64x16x1x1
kv_cmpr-15,kernel_rms_norm_mul,0.003900,512x1x1,512x1x1,512x1x1x1
kv-15,kernel_gemv_noshuffle,0.020200,2048x4x1,64x4x1,4096x1x1x1
Kcur-15,kernel_concat_f32_non_contiguous,0.040400,16x1x1,0x0x0,192x16x1x1
Vcur_cont-15,kernel_cpy_f32_f32,0.002700,1024x1x1,64x1x1,128x16x1x1
cache_k_l15 (view),kernel_set_rows_f16_i64,0.003900,1024x1x1,1024x1x1,3072x4096x1x1
cache_v_l15 (view),kernel_set_rows_f16_i64,0.003200,1024x1x1,1024x1x1,2048x4096x1x1
__fattn__-15,flash_attn_f32_f16_q1,0.958900,64x16x0,64x1x0,128x16x1x1
node_983,kernel_gemv_noshuffle,0.044100,1024x4x1,64x4x1,2048x1x1x1
ffn_inp-15,kernel_add_row,0.002200,512x0x0,64x0x0,2048x1x1x1
ffn_norm-15,kernel_rms_norm_mul,0.005500,1024x1x1,1024x1x1,2048x1x1x1
ffn_moe_logits-15,kernel_mul_mat_f32_f32,0.011000,4096x1x1,64x1x1,64x1x1x1
ffn_moe_probs-15,kernel_soft_max_4,0.003100,64x1x1,64x1x1,64x1x1x1
ffn_moe_argsort-15,kernel_argsort_f32_i32,0.012000,64x1x1,64x1x1,64x1x1x1
ffn_moe_weights-15,kernel_get_rows_f32,0.002400,384x1x1,64x1x1,1x6x1x1
ffn_moe_weights_scaled-15,kernel_scale,0.002100,1x1x1,64x1x1,1x6x1x1
ffn_moe_gate-15,kernel_mul_mv_id_q4_0_f32_8x_flat,0.160000,11264x1x6,64x1x1,1408x6x1x1
ffn_moe_up-15,kernel_mul_mv_id_q4_0_f32_8x_flat,0.158600,11264x1x6,64x1x1,1408x6x1x1
ffn_moe_weighted-15,kernel_swiglu,0.003100,3072x1x1,512x1x1,1408x6x1x1
ffn_moe_down-15,kernel_mul_mv_id_q4_0_f32_8x_flat,0.171300,16384x1x6,64x1x1,2048x6x1x1
node_999,kernel_mul,0.010800,384x1x1,64x1x1,2048x6x1x1
ffn_gate-15,kernel_gemv_noshuffle,0.051300,1408x4x1,64x4x1,2816x1x1x1
ffn_up-15,kernel_gemv_noshuffle,0.050200,1408x4x1,64x4x1,2816x1x1x1
ffn_swiglu-15,kernel_swiglu,0.003700,512x1x1,512x1x1,2816x1x1x1
node_1009,kernel_add_row,0.002000,512x0x0,64x0x0,2048x1x1x1
node_1010,kernel_add_row,0.001800,512x0x0,64x0x0,2048x1x1x1
node_1011,kernel_add_row,0.001900,512x0x0,64x0x0,2048x1x1x1
node_1012,kernel_add_row,0.001900,512x0x0,64x0x0,2048x1x1x1
ffn_moe_out-15,kernel_add_row,0.001900,512x0x0,64x0x0,2048x1x1x1
ffn_shexp-15,kernel_gemv_noshuffle,0.058900,1024x4x1,64x4x1,2048x1x1x1
ffn_out-15,kernel_add_row,0.002000,512x0x0,64x0x0,2048x1x1x1
l_out-15,kernel_add_row,0.002300,512x0x0,64x0x0,2048x1x1x1
attn_norm-16,kernel_rms_norm_mul,0.005400,1024x1x1,1024x1x1,2048x1x1x1
q-16,kernel_gemv_noshuffle,0.056100,1536x4x1,64x4x1,3072x1x1x1
q_pe-16,kernel_rope_norm_f32,0.002600,1024x1x1,64x1x1,64x16x1x1
Qcur-16,kernel_concat_f32_non_contiguous,0.040100,16x1x1,0x0x0,192x16x1x1
kv_cmpr_pe-16,kernel_gemv_noshuffle,0.029600,320x4x1,64x4x1,576x1x1x1
k_pe-16,kernel_rope_norm_f32,0.002200,64x1x1,64x1x1,64x1x1x1
node_1027,kernel_repeat,0.037300,16x1x1,0x0x0,64x16x1x1
kv_cmpr-16,kernel_rms_norm_mul,0.004100,512x1x1,512x1x1,512x1x1x1
kv-16,kernel_gemv_noshuffle,0.022600,2048x4x1,64x4x1,4096x1x1x1
Kcur-16,kernel_concat_f32_non_contiguous,0.040100,16x1x1,0x0x0,192x16x1x1
Vcur_cont-16,kernel_cpy_f32_f32,0.002600,1024x1x1,64x1x1,128x16x1x1
cache_k_l16 (view),kernel_set_rows_f16_i64,0.004000,1024x1x1,1024x1x1,3072x4096x1x1
cache_v_l16 (view),kernel_set_rows_f16_i64,0.003400,1024x1x1,1024x1x1,2048x4096x1x1
__fattn__-16,flash_attn_f32_f16_q1,0.954000,64x16x0,64x1x0,128x16x1x1
node_1048,kernel_gemv_noshuffle,0.045500,1024x4x1,64x4x1,2048x1x1x1
ffn_inp-16,kernel_add_row,0.002400,512x0x0,64x0x0,2048x1x1x1
ffn_norm-16,kernel_rms_norm_mul,0.005400,1024x1x1,1024x1x1,2048x1x1x1
ffn_moe_logits-16,kernel_mul_mat_f32_f32,0.011000,4096x1x1,64x1x1,64x1x1x1
ffn_moe_probs-16,kernel_soft_max_4,0.003200,64x1x1,64x1x1,64x1x1x1
ffn_moe_argsort-16,kernel_argsort_f32_i32,0.011900,64x1x1,64x1x1,64x1x1x1
ffn_moe_weights-16,kernel_get_rows_f32,0.002200,384x1x1,64x1x1,1x6x1x1
ffn_moe_weights_scaled-16,kernel_scale,0.001700,1x1x1,64x1x1,1x6x1x1
ffn_moe_gate-16,kernel_mul_mv_id_q4_0_f32_8x_flat,0.159100,11264x1x6,64x1x1,1408x6x1x1
ffn_moe_up-16,kernel_mul_mv_id_q4_0_f32_8x_flat,0.161400,11264x1x6,64x1x1,1408x6x1x1
ffn_moe_weighted-16,kernel_swiglu,0.003200,3072x1x1,512x1x1,1408x6x1x1
ffn_moe_down-16,kernel_mul_mv_id_q4_0_f32_8x_flat,0.169800,16384x1x6,64x1x1,2048x6x1x1
node_1064,kernel_mul,0.010400,384x1x1,64x1x1,2048x6x1x1
ffn_gate-16,kernel_gemv_noshuffle,0.051800,1408x4x1,64x4x1,2816x1x1x1
ffn_up-16,kernel_gemv_noshuffle,0.050600,1408x4x1,64x4x1,2816x1x1x1
ffn_swiglu-16,kernel_swiglu,0.003600,512x1x1,512x1x1,2816x1x1x1
node_1074,kernel_add_row,0.002100,512x0x0,64x0x0,2048x1x1x1
node_1075,kernel_add_row,0.002300,512x0x0,64x0x0,2048x1x1x1
node_1076,kernel_add_row,0.002100,512x0x0,64x0x0,2048x1x1x1
node_1077,kernel_add_row,0.001900,512x0x0,64x0x0,2048x1x1x1
ffn_moe_out-16,kernel_add_row,0.001900,512x0x0,64x0x0,2048x1x1x1
ffn_shexp-16,kernel_gemv_noshuffle,0.057300,1024x4x1,64x4x1,2048x1x1x1
ffn_out-16,kernel_add_row,0.002000,512x0x0,64x0x0,2048x1x1x1
l_out-16,kernel_add_row,0.002200,512x0x0,64x0x0,2048x1x1x1
attn_norm-17,kernel_rms_norm_mul,0.005500,1024x1x1,1024x1x1,2048x1x1x1
q-17,kernel_gemv_noshuffle,0.058900,1536x4x1,64x4x1,3072x1x1x1
q_pe-17,kernel_rope_norm_f32,0.002800,1024x1x1,64x1x1,64x16x1x1
Qcur-17,kernel_concat_f32_non_contiguous,0.040300,16x1x1,0x0x0,192x16x1x1
kv_cmpr_pe-17,kernel_gemv_noshuffle,0.029200,320x4x1,64x4x1,576x1x1x1
k_pe-17,kernel_rope_norm_f32,0.002200,64x1x1,64x1x1,64x1x1x1
node_1092,kernel_repeat,0.037800,16x1x1,0x0x0,64x16x1x1
kv_cmpr-17,kernel_rms_norm_mul,0.004000,512x1x1,512x1x1,512x1x1x1
kv-17,kernel_gemv_noshuffle,0.020600,2048x4x1,64x4x1,4096x1x1x1
Kcur-17,kernel_concat_f32_non_contiguous,0.039700,16x1x1,0x0x0,192x16x1x1
Vcur_cont-17,kernel_cpy_f32_f32,0.002500,1024x1x1,64x1x1,128x16x1x1
cache_k_l17 (view),kernel_set_rows_f16_i64,0.003800,1024x1x1,1024x1x1,3072x4096x1x1
cache_v_l17 (view),kernel_set_rows_f16_i64,0.003400,1024x1x1,1024x1x1,2048x4096x1x1
__fattn__-17,flash_attn_f32_f16_q1,0.946200,64x16x0,64x1x0,128x16x1x1
node_1113,kernel_gemv_noshuffle,0.044900,1024x4x1,64x4x1,2048x1x1x1
ffn_inp-17,kernel_add_row,0.002200,512x0x0,64x0x0,2048x1x1x1
ffn_norm-17,kernel_rms_norm_mul,0.005600,1024x1x1,1024x1x1,2048x1x1x1
ffn_moe_logits-17,kernel_mul_mat_f32_f32,0.011700,4096x1x1,64x1x1,64x1x1x1
ffn_moe_probs-17,kernel_soft_max_4,0.003200,64x1x1,64x1x1,64x1x1x1
ffn_moe_argsort-17,kernel_argsort_f32_i32,0.012000,64x1x1,64x1x1,64x1x1x1
ffn_moe_weights-17,kernel_get_rows_f32,0.002200,384x1x1,64x1x1,1x6x1x1
ffn_moe_weights_scaled-17,kernel_scale,0.001900,1x1x1,64x1x1,1x6x1x1
ffn_moe_gate-17,kernel_mul_mv_id_q4_0_f32_8x_flat,0.159100,11264x1x6,64x1x1,1408x6x1x1
ffn_moe_up-17,kernel_mul_mv_id_q4_0_f32_8x_flat,0.162000,11264x1x6,64x1x1,1408x6x1x1
ffn_moe_weighted-17,kernel_swiglu,0.003200,3072x1x1,512x1x1,1408x6x1x1
ffn_moe_down-17,kernel_mul_mv_id_q4_0_f32_8x_flat,0.170100,16384x1x6,64x1x1,2048x6x1x1
node_1129,kernel_mul,0.010400,384x1x1,64x1x1,2048x6x1x1
ffn_gate-17,kernel_gemv_noshuffle,0.050700,1408x4x1,64x4x1,2816x1x1x1
ffn_up-17,kernel_gemv_noshuffle,0.050600,1408x4x1,64x4x1,2816x1x1x1
ffn_swiglu-17,kernel_swiglu,0.003500,512x1x1,512x1x1,2816x1x1x1
node_1139,kernel_add_row,0.002000,512x0x0,64x0x0,2048x1x1x1
node_1140,kernel_add_row,0.001900,512x0x0,64x0x0,2048x1x1x1
node_1141,kernel_add_row,0.001900,512x0x0,64x0x0,2048x1x1x1
node_1142,kernel_add_row,0.002300,512x0x0,64x0x0,2048x1x1x1
ffn_moe_out-17,kernel_add_row,0.001800,512x0x0,64x0x0,2048x1x1x1
ffn_shexp-17,kernel_gemv_noshuffle,0.057900,1024x4x1,64x4x1,2048x1x1x1
ffn_out-17,kernel_add_row,0.002100,512x0x0,64x0x0,2048x1x1x1
l_out-17,kernel_add_row,0.001900,512x0x0,64x0x0,2048x1x1x1
attn_norm-18,kernel_rms_norm_mul,0.005600,1024x1x1,1024x1x1,2048x1x1x1
q-18,kernel_gemv_noshuffle,0.053000,1536x4x1,64x4x1,3072x1x1x1
q_pe-18,kernel_rope_norm_f32,0.002600,1024x1x1,64x1x1,64x16x1x1
Qcur-18,kernel_concat_f32_non_contiguous,0.039500,16x1x1,0x0x0,192x16x1x1
kv_cmpr_pe-18,kernel_gemv_noshuffle,0.029400,320x4x1,64x4x1,576x1x1x1
k_pe-18,kernel_rope_norm_f32,0.002600,64x1x1,64x1x1,64x1x1x1
node_1157,kernel_repeat,0.037200,16x1x1,0x0x0,64x16x1x1
kv_cmpr-18,kernel_rms_norm_mul,0.004100,512x1x1,512x1x1,512x1x1x1
kv-18,kernel_gemv_noshuffle,0.020200,2048x4x1,64x4x1,4096x1x1x1
Kcur-18,kernel_concat_f32_non_contiguous,0.040700,16x1x1,0x0x0,192x16x1x1
Vcur_cont-18,kernel_cpy_f32_f32,0.002600,1024x1x1,64x1x1,128x16x1x1
cache_k_l18 (view),kernel_set_rows_f16_i64,0.003900,1024x1x1,1024x1x1,3072x4096x1x1
cache_v_l18 (view),kernel_set_rows_f16_i64,0.003200,1024x1x1,1024x1x1,2048x4096x1x1
__fattn__-18,flash_attn_f32_f16_q1,0.952400,64x16x0,64x1x0,128x16x1x1
node_1178,kernel_gemv_noshuffle,0.045000,1024x4x1,64x4x1,2048x1x1x1
ffn_inp-18,kernel_add_row,0.002200,512x0x0,64x0x0,2048x1x1x1
ffn_norm-18,kernel_rms_norm_mul,0.005500,1024x1x1,1024x1x1,2048x1x1x1
ffn_moe_logits-18,kernel_mul_mat_f32_f32,0.010800,4096x1x1,64x1x1,64x1x1x1
ffn_moe_probs-18,kernel_soft_max_4,0.003300,64x1x1,64x1x1,64x1x1x1
ffn_moe_argsort-18,kernel_argsort_f32_i32,0.012300,64x1x1,64x1x1,64x1x1x1
ffn_moe_weights-18,kernel_get_rows_f32,0.002100,384x1x1,64x1x1,1x6x1x1
ffn_moe_weights_scaled-18,kernel_scale,0.001700,1x1x1,64x1x1,1x6x1x1
ffn_moe_gate-18,kernel_mul_mv_id_q4_0_f32_8x_flat,0.159400,11264x1x6,64x1x1,1408x6x1x1
ffn_moe_up-18,kernel_mul_mv_id_q4_0_f32_8x_flat,0.156000,11264x1x6,64x1x1,1408x6x1x1
ffn_moe_weighted-18,kernel_swiglu,0.003200,3072x1x1,512x1x1,1408x6x1x1
ffn_moe_down-18,kernel_mul_mv_id_q4_0_f32_8x_flat,0.169400,16384x1x6,64x1x1,2048x6x1x1
node_1194,kernel_mul,0.010400,384x1x1,64x1x1,2048x6x1x1
ffn_gate-18,kernel_gemv_noshuffle,0.055400,1408x4x1,64x4x1,2816x1x1x1
ffn_up-18,kernel_gemv_noshuffle,0.053000,1408x4x1,64x4x1,2816x1x1x1
ffn_swiglu-18,kernel_swiglu,0.003600,512x1x1,512x1x1,2816x1x1x1
node_1204,kernel_add_row,0.002000,512x0x0,64x0x0,2048x1x1x1
node_1205,kernel_add_row,0.002000,512x0x0,64x0x0,2048x1x1x1
node_1206,kernel_add_row,0.002000,512x0x0,64x0x0,2048x1x1x1
node_1207,kernel_add_row,0.002000,512x0x0,64x0x0,2048x1x1x1
ffn_moe_out-18,kernel_add_row,0.002000,512x0x0,64x0x0,2048x1x1x1
ffn_shexp-18,kernel_gemv_noshuffle,0.058700,1024x4x1,64x4x1,2048x1x1x1
ffn_out-18,kernel_add_row,0.002200,512x0x0,64x0x0,2048x1x1x1
l_out-18,kernel_add_row,0.001900,512x0x0,64x0x0,2048x1x1x1
attn_norm-19,kernel_rms_norm_mul,0.005500,1024x1x1,1024x1x1,2048x1x1x1
q-19,kernel_gemv_noshuffle,0.053100,1536x4x1,64x4x1,3072x1x1x1
q_pe-19,kernel_rope_norm_f32,0.002800,1024x1x1,64x1x1,64x16x1x1
Qcur-19,kernel_concat_f32_non_contiguous,0.040200,16x1x1,0x0x0,192x16x1x1
kv_cmpr_pe-19,kernel_gemv_noshuffle,0.029200,320x4x1,64x4x1,576x1x1x1
k_pe-19,kernel_rope_norm_f32,0.003100,64x1x1,64x1x1,64x1x1x1
node_1222,kernel_repeat,0.038000,16x1x1,0x0x0,64x16x1x1
kv_cmpr-19,kernel_rms_norm_mul,0.004100,512x1x1,512x1x1,512x1x1x1
kv-19,kernel_gemv_noshuffle,0.020800,2048x4x1,64x4x1,4096x1x1x1
Kcur-19,kernel_concat_f32_non_contiguous,0.040800,16x1x1,0x0x0,192x16x1x1
Vcur_cont-19,kernel_cpy_f32_f32,0.002800,1024x1x1,64x1x1,128x16x1x1
cache_k_l19 (view),kernel_set_rows_f16_i64,0.003900,1024x1x1,1024x1x1,3072x4096x1x1
cache_v_l19 (view),kernel_set_rows_f16_i64,0.003300,1024x1x1,1024x1x1,2048x4096x1x1
__fattn__-19,flash_attn_f32_f16_q1,0.965400,64x16x0,64x1x0,128x16x1x1
node_1243,kernel_gemv_noshuffle,0.044600,1024x4x1,64x4x1,2048x1x1x1
ffn_inp-19,kernel_add_row,0.002100,512x0x0,64x0x0,2048x1x1x1
ffn_norm-19,kernel_rms_norm_mul,0.005600,1024x1x1,1024x1x1,2048x1x1x1
ffn_moe_logits-19,kernel_mul_mat_f32_f32,0.010500,4096x1x1,64x1x1,64x1x1x1
ffn_moe_probs-19,kernel_soft_max_4,0.003200,64x1x1,64x1x1,64x1x1x1
ffn_moe_argsort-19,kernel_argsort_f32_i32,0.011900,64x1x1,64x1x1,64x1x1x1
ffn_moe_weights-19,kernel_get_rows_f32,0.002400,384x1x1,64x1x1,1x6x1x1
ffn_moe_weights_scaled-19,kernel_scale,0.002200,1x1x1,64x1x1,1x6x1x1
ffn_moe_gate-19,kernel_mul_mv_id_q4_0_f32_8x_flat,0.162100,11264x1x6,64x1x1,1408x6x1x1
ffn_moe_up-19,kernel_mul_mv_id_q4_0_f32_8x_flat,0.159400,11264x1x6,64x1x1,1408x6x1x1
ffn_moe_weighted-19,kernel_swiglu,0.003200,3072x1x1,512x1x1,1408x6x1x1
ffn_moe_down-19,kernel_mul_mv_id_q4_0_f32_8x_flat,0.170100,16384x1x6,64x1x1,2048x6x1x1
node_1259,kernel_mul,0.010400,384x1x1,64x1x1,2048x6x1x1
ffn_gate-19,kernel_gemv_noshuffle,0.050600,1408x4x1,64x4x1,2816x1x1x1
ffn_up-19,kernel_gemv_noshuffle,0.049400,1408x4x1,64x4x1,2816x1x1x1
ffn_swiglu-19,kernel_swiglu,0.003600,512x1x1,512x1x1,2816x1x1x1
node_1269,kernel_add_row,0.002000,512x0x0,64x0x0,2048x1x1x1
node_1270,kernel_add_row,0.001800,512x0x0,64x0x0,2048x1x1x1
node_1271,kernel_add_row,0.001800,512x0x0,64x0x0,2048x1x1x1
node_1272,kernel_add_row,0.002000,512x0x0,64x0x0,2048x1x1x1
ffn_moe_out-19,kernel_add_row,0.001900,512x0x0,64x0x0,2048x1x1x1
ffn_shexp-19,kernel_gemv_noshuffle,0.057200,1024x4x1,64x4x1,2048x1x1x1
ffn_out-19,kernel_add_row,0.002100,512x0x0,64x0x0,2048x1x1x1
l_out-19,kernel_add_row,0.002300,512x0x0,64x0x0,2048x1x1x1
attn_norm-20,kernel_rms_norm_mul,0.005300,1024x1x1,1024x1x1,2048x1x1x1
q-20,kernel_gemv_noshuffle,0.057200,1536x4x1,64x4x1,3072x1x1x1
q_pe-20,kernel_rope_norm_f32,0.002800,1024x1x1,64x1x1,64x16x1x1
Qcur-20,kernel_concat_f32_non_contiguous,0.040300,16x1x1,0x0x0,192x16x1x1
kv_cmpr_pe-20,kernel_gemv_noshuffle,0.029200,320x4x1,64x4x1,576x1x1x1
k_pe-20,kernel_rope_norm_f32,0.002200,64x1x1,64x1x1,64x1x1x1
node_1287,kernel_repeat,0.037200,16x1x1,0x0x0,64x16x1x1
kv_cmpr-20,kernel_rms_norm_mul,0.004100,512x1x1,512x1x1,512x1x1x1
kv-20,kernel_gemv_noshuffle,0.021400,2048x4x1,64x4x1,4096x1x1x1
Kcur-20,kernel_concat_f32_non_contiguous,0.040100,16x1x1,0x0x0,192x16x1x1
Vcur_cont-20,kernel_cpy_f32_f32,0.002700,1024x1x1,64x1x1,128x16x1x1
cache_k_l20 (view),kernel_set_rows_f16_i64,0.004000,1024x1x1,1024x1x1,3072x4096x1x1
cache_v_l20 (view),kernel_set_rows_f16_i64,0.003400,1024x1x1,1024x1x1,2048x4096x1x1
__fattn__-20,flash_attn_f32_f16_q1,0.965900,64x16x0,64x1x0,128x16x1x1
node_1308,kernel_gemv_noshuffle,0.044800,1024x4x1,64x4x1,2048x1x1x1
ffn_inp-20,kernel_add_row,0.002400,512x0x0,64x0x0,2048x1x1x1
ffn_norm-20,kernel_rms_norm_mul,0.005400,1024x1x1,1024x1x1,2048x1x1x1
ffn_moe_logits-20,kernel_mul_mat_f32_f32,0.011400,4096x1x1,64x1x1,64x1x1x1
ffn_moe_probs-20,kernel_soft_max_4,0.003300,64x1x1,64x1x1,64x1x1x1
ffn_moe_argsort-20,kernel_argsort_f32_i32,0.011900,64x1x1,64x1x1,64x1x1x1
ffn_moe_weights-20,kernel_get_rows_f32,0.002000,384x1x1,64x1x1,1x6x1x1
ffn_moe_weights_scaled-20,kernel_scale,0.001700,1x1x1,64x1x1,1x6x1x1
ffn_moe_gate-20,kernel_mul_mv_id_q4_0_f32_8x_flat,0.160900,11264x1x6,64x1x1,1408x6x1x1
ffn_moe_up-20,kernel_mul_mv_id_q4_0_f32_8x_flat,0.160000,11264x1x6,64x1x1,1408x6x1x1
ffn_moe_weighted-20,kernel_swiglu,0.003200,3072x1x1,512x1x1,1408x6x1x1
ffn_moe_down-20,kernel_mul_mv_id_q4_0_f32_8x_flat,0.169000,16384x1x6,64x1x1,2048x6x1x1
node_1324,kernel_mul,0.010600,384x1x1,64x1x1,2048x6x1x1
ffn_gate-20,kernel_gemv_noshuffle,0.050500,1408x4x1,64x4x1,2816x1x1x1
ffn_up-20,kernel_gemv_noshuffle,0.049400,1408x4x1,64x4x1,2816x1x1x1
ffn_swiglu-20,kernel_swiglu,0.003600,512x1x1,512x1x1,2816x1x1x1
node_1334,kernel_add_row,0.002200,512x0x0,64x0x0,2048x1x1x1
node_1335,kernel_add_row,0.002200,512x0x0,64x0x0,2048x1x1x1
node_1336,kernel_add_row,0.001900,512x0x0,64x0x0,2048x1x1x1
node_1337,kernel_add_row,0.001800,512x0x0,64x0x0,2048x1x1x1
ffn_moe_out-20,kernel_add_row,0.001800,512x0x0,64x0x0,2048x1x1x1
ffn_shexp-20,kernel_gemv_noshuffle,0.057100,1024x4x1,64x4x1,2048x1x1x1
ffn_out-20,kernel_add_row,0.002000,512x0x0,64x0x0,2048x1x1x1
l_out-20,kernel_add_row,0.001900,512x0x0,64x0x0,2048x1x1x1
attn_norm-21,kernel_rms_norm_mul,0.005400,1024x1x1,1024x1x1,2048x1x1x1
q-21,kernel_gemv_noshuffle,0.056400,1536x4x1,64x4x1,3072x1x1x1
q_pe-21,kernel_rope_norm_f32,0.002800,1024x1x1,64x1x1,64x16x1x1
Qcur-21,kernel_concat_f32_non_contiguous,0.040100,16x1x1,0x0x0,192x16x1x1
kv_cmpr_pe-21,kernel_gemv_noshuffle,0.029200,320x4x1,64x4x1,576x1x1x1
k_pe-21,kernel_rope_norm_f32,0.002100,64x1x1,64x1x1,64x1x1x1
node_1352,kernel_repeat,0.037700,16x1x1,0x0x0,64x16x1x1
kv_cmpr-21,kernel_rms_norm_mul,0.004100,512x1x1,512x1x1,512x1x1x1
kv-21,kernel_gemv_noshuffle,0.020200,2048x4x1,64x4x1,4096x1x1x1
Kcur-21,kernel_concat_f32_non_contiguous,0.039600,16x1x1,0x0x0,192x16x1x1
Vcur_cont-21,kernel_cpy_f32_f32,0.002900,1024x1x1,64x1x1,128x16x1x1
cache_k_l21 (view),kernel_set_rows_f16_i64,0.003500,1024x1x1,1024x1x1,3072x4096x1x1
cache_v_l21 (view),kernel_set_rows_f16_i64,0.003100,1024x1x1,1024x1x1,2048x4096x1x1
__fattn__-21,flash_attn_f32_f16_q1,0.947100,64x16x0,64x1x0,128x16x1x1
node_1373,kernel_gemv_noshuffle,0.045100,1024x4x1,64x4x1,2048x1x1x1
ffn_inp-21,kernel_add_row,0.002100,512x0x0,64x0x0,2048x1x1x1
ffn_norm-21,kernel_rms_norm_mul,0.005400,1024x1x1,1024x1x1,2048x1x1x1
ffn_moe_logits-21,kernel_mul_mat_f32_f32,0.011400,4096x1x1,64x1x1,64x1x1x1
ffn_moe_probs-21,kernel_soft_max_4,0.003200,64x1x1,64x1x1,64x1x1x1
ffn_moe_argsort-21,kernel_argsort_f32_i32,0.012000,64x1x1,64x1x1,64x1x1x1
ffn_moe_weights-21,kernel_get_rows_f32,0.002100,384x1x1,64x1x1,1x6x1x1
ffn_moe_weights_scaled-21,kernel_scale,0.001700,1x1x1,64x1x1,1x6x1x1
ffn_moe_gate-21,kernel_mul_mv_id_q4_0_f32_8x_flat,0.159200,11264x1x6,64x1x1,1408x6x1x1
ffn_moe_up-21,kernel_mul_mv_id_q4_0_f32_8x_flat,0.157400,11264x1x6,64x1x1,1408x6x1x1
ffn_moe_weighted-21,kernel_swiglu,0.003200,3072x1x1,512x1x1,1408x6x1x1
ffn_moe_down-21,kernel_mul_mv_id_q4_0_f32_8x_flat,0.169800,16384x1x6,64x1x1,2048x6x1x1
node_1389,kernel_mul,0.010300,384x1x1,64x1x1,2048x6x1x1
ffn_gate-21,kernel_gemv_noshuffle,0.050300,1408x4x1,64x4x1,2816x1x1x1
ffn_up-21,kernel_gemv_noshuffle,0.049900,1408x4x1,64x4x1,2816x1x1x1
ffn_swiglu-21,kernel_swiglu,0.003700,512x1x1,512x1x1,2816x1x1x1
node_1399,kernel_add_row,0.002100,512x0x0,64x0x0,2048x1x1x1
node_1400,kernel_add_row,0.001900,512x0x0,64x0x0,2048x1x1x1
node_1401,kernel_add_row,0.002000,512x0x0,64x0x0,2048x1x1x1
node_1402,kernel_add_row,0.002300,512x0x0,64x0x0,2048x1x1x1
ffn_moe_out-21,kernel_add_row,0.001900,512x0x0,64x0x0,2048x1x1x1
ffn_shexp-21,kernel_gemv_noshuffle,0.058600,1024x4x1,64x4x1,2048x1x1x1
ffn_out-21,kernel_add_row,0.002100,512x0x0,64x0x0,2048x1x1x1
l_out-21,kernel_add_row,0.002000,512x0x0,64x0x0,2048x1x1x1
attn_norm-22,kernel_rms_norm_mul,0.005500,1024x1x1,1024x1x1,2048x1x1x1
q-22,kernel_gemv_noshuffle,0.053400,1536x4x1,64x4x1,3072x1x1x1
q_pe-22,kernel_rope_norm_f32,0.002700,1024x1x1,64x1x1,64x16x1x1
Qcur-22,kernel_concat_f32_non_contiguous,0.039600,16x1x1,0x0x0,192x16x1x1
kv_cmpr_pe-22,kernel_gemv_noshuffle,0.029700,320x4x1,64x4x1,576x1x1x1
k_pe-22,kernel_rope_norm_f32,0.002600,64x1x1,64x1x1,64x1x1x1
node_1417,kernel_repeat,0.037300,16x1x1,0x0x0,64x16x1x1
kv_cmpr-22,kernel_rms_norm_mul,0.003800,512x1x1,512x1x1,512x1x1x1
kv-22,kernel_gemv_noshuffle,0.020700,2048x4x1,64x4x1,4096x1x1x1
Kcur-22,kernel_concat_f32_non_contiguous,0.040700,16x1x1,0x0x0,192x16x1x1
Vcur_cont-22,kernel_cpy_f32_f32,0.003100,1024x1x1,64x1x1,128x16x1x1
cache_k_l22 (view),kernel_set_rows_f16_i64,0.003900,1024x1x1,1024x1x1,3072x4096x1x1
cache_v_l22 (view),kernel_set_rows_f16_i64,0.003100,1024x1x1,1024x1x1,2048x4096x1x1
__fattn__-22,flash_attn_f32_f16_q1,0.956500,64x16x0,64x1x0,128x16x1x1
node_1438,kernel_gemv_noshuffle,0.045100,1024x4x1,64x4x1,2048x1x1x1
ffn_inp-22,kernel_add_row,0.002100,512x0x0,64x0x0,2048x1x1x1
ffn_norm-22,kernel_rms_norm_mul,0.005500,1024x1x1,1024x1x1,2048x1x1x1
ffn_moe_logits-22,kernel_mul_mat_f32_f32,0.010600,4096x1x1,64x1x1,64x1x1x1
ffn_moe_probs-22,kernel_soft_max_4,0.003200,64x1x1,64x1x1,64x1x1x1
ffn_moe_argsort-22,kernel_argsort_f32_i32,0.012400,64x1x1,64x1x1,64x1x1x1
ffn_moe_weights-22,kernel_get_rows_f32,0.001900,384x1x1,64x1x1,1x6x1x1
ffn_moe_weights_scaled-22,kernel_scale,0.001700,1x1x1,64x1x1,1x6x1x1
ffn_moe_gate-22,kernel_mul_mv_id_q4_0_f32_8x_flat,0.160200,11264x1x6,64x1x1,1408x6x1x1
ffn_moe_up-22,kernel_mul_mv_id_q4_0_f32_8x_flat,0.157100,11264x1x6,64x1x1,1408x6x1x1
ffn_moe_weighted-22,kernel_swiglu,0.003200,3072x1x1,512x1x1,1408x6x1x1
ffn_moe_down-22,kernel_mul_mv_id_q4_0_f32_8x_flat,0.171000,16384x1x6,64x1x1,2048x6x1x1
node_1454,kernel_mul,0.010600,384x1x1,64x1x1,2048x6x1x1
ffn_gate-22,kernel_gemv_noshuffle,0.053800,1408x4x1,64x4x1,2816x1x1x1
ffn_up-22,kernel_gemv_noshuffle,0.051300,1408x4x1,64x4x1,2816x1x1x1
ffn_swiglu-22,kernel_swiglu,0.003500,512x1x1,512x1x1,2816x1x1x1
node_1464,kernel_add_row,0.002100,512x0x0,64x0x0,2048x1x1x1
node_1465,kernel_add_row,0.001900,512x0x0,64x0x0,2048x1x1x1
node_1466,kernel_add_row,0.002000,512x0x0,64x0x0,2048x1x1x1
node_1467,kernel_add_row,0.001900,512x0x0,64x0x0,2048x1x1x1
ffn_moe_out-22,kernel_add_row,0.001900,512x0x0,64x0x0,2048x1x1x1
ffn_shexp-22,kernel_gemv_noshuffle,0.057900,1024x4x1,64x4x1,2048x1x1x1
ffn_out-22,kernel_add_row,0.002000,512x0x0,64x0x0,2048x1x1x1
l_out-22,kernel_add_row,0.001900,512x0x0,64x0x0,2048x1x1x1
attn_norm-23,kernel_rms_norm_mul,0.005400,1024x1x1,1024x1x1,2048x1x1x1
q-23,kernel_gemv_noshuffle,0.053600,1536x4x1,64x4x1,3072x1x1x1
q_pe-23,kernel_rope_norm_f32,0.002900,1024x1x1,64x1x1,64x16x1x1
Qcur-23,kernel_concat_f32_non_contiguous,0.040100,16x1x1,0x0x0,192x16x1x1
kv_cmpr_pe-23,kernel_gemv_noshuffle,0.029700,320x4x1,64x4x1,576x1x1x1
k_pe-23,kernel_rope_norm_f32,0.003100,64x1x1,64x1x1,64x1x1x1
node_1482,kernel_repeat,0.037800,16x1x1,0x0x0,64x16x1x1
kv_cmpr-23,kernel_rms_norm_mul,0.004100,512x1x1,512x1x1,512x1x1x1
kv-23,kernel_gemv_noshuffle,0.020800,2048x4x1,64x4x1,4096x1x1x1
Kcur-23,kernel_concat_f32_non_contiguous,0.040500,16x1x1,0x0x0,192x16x1x1
Vcur_cont-23,kernel_cpy_f32_f32,0.002700,1024x1x1,64x1x1,128x16x1x1
cache_k_l23 (view),kernel_set_rows_f16_i64,0.003700,1024x1x1,1024x1x1,3072x4096x1x1
cache_v_l23 (view),kernel_set_rows_f16_i64,0.003200,1024x1x1,1024x1x1,2048x4096x1x1
__fattn__-23,flash_attn_f32_f16_q1,0.962900,64x16x0,64x1x0,128x16x1x1
node_1503,kernel_gemv_noshuffle,0.044500,1024x4x1,64x4x1,2048x1x1x1
ffn_inp-23,kernel_add_row,0.002100,512x0x0,64x0x0,2048x1x1x1
ffn_norm-23,kernel_rms_norm_mul,0.005400,1024x1x1,1024x1x1,2048x1x1x1
ffn_moe_logits-23,kernel_mul_mat_f32_f32,0.010800,4096x1x1,64x1x1,64x1x1x1
ffn_moe_probs-23,kernel_soft_max_4,0.003200,64x1x1,64x1x1,64x1x1x1
ffn_moe_argsort-23,kernel_argsort_f32_i32,0.012100,64x1x1,64x1x1,64x1x1x1
ffn_moe_weights-23,kernel_get_rows_f32,0.002400,384x1x1,64x1x1,1x6x1x1
ffn_moe_weights_scaled-23,kernel_scale,0.001900,1x1x1,64x1x1,1x6x1x1
ffn_moe_gate-23,kernel_mul_mv_id_q4_0_f32_8x_flat,0.161200,11264x1x6,64x1x1,1408x6x1x1
ffn_moe_up-23,kernel_mul_mv_id_q4_0_f32_8x_flat,0.157500,11264x1x6,64x1x1,1408x6x1x1
ffn_moe_weighted-23,kernel_swiglu,0.003300,3072x1x1,512x1x1,1408x6x1x1
ffn_moe_down-23,kernel_mul_mv_id_q4_0_f32_8x_flat,0.171300,16384x1x6,64x1x1,2048x6x1x1
node_1519,kernel_mul,0.010400,384x1x1,64x1x1,2048x6x1x1
ffn_gate-23,kernel_gemv_noshuffle,0.049500,1408x4x1,64x4x1,2816x1x1x1
ffn_up-23,kernel_gemv_noshuffle,0.050100,1408x4x1,64x4x1,2816x1x1x1
ffn_swiglu-23,kernel_swiglu,0.003600,512x1x1,512x1x1,2816x1x1x1
node_1529,kernel_add_row,0.002000,512x0x0,64x0x0,2048x1x1x1
node_1530,kernel_add_row,0.001800,512x0x0,64x0x0,2048x1x1x1
node_1531,kernel_add_row,0.002000,512x0x0,64x0x0,2048x1x1x1
node_1532,kernel_add_row,0.001900,512x0x0,64x0x0,2048x1x1x1
ffn_moe_out-23,kernel_add_row,0.001900,512x0x0,64x0x0,2048x1x1x1
ffn_shexp-23,kernel_gemv_noshuffle,0.057600,1024x4x1,64x4x1,2048x1x1x1
ffn_out-23,kernel_add_row,0.002000,512x0x0,64x0x0,2048x1x1x1
l_out-23,kernel_add_row,0.002300,512x0x0,64x0x0,2048x1x1x1
attn_norm-24,kernel_rms_norm_mul,0.005400,1024x1x1,1024x1x1,2048x1x1x1
q-24,kernel_gemv_noshuffle,0.058000,1536x4x1,64x4x1,3072x1x1x1
q_pe-24,kernel_rope_norm_f32,0.002700,1024x1x1,64x1x1,64x16x1x1
Qcur-24,kernel_concat_f32_non_contiguous,0.040100,16x1x1,0x0x0,192x16x1x1
kv_cmpr_pe-24,kernel_gemv_noshuffle,0.029800,320x4x1,64x4x1,576x1x1x1
k_pe-24,kernel_rope_norm_f32,0.002200,64x1x1,64x1x1,64x1x1x1
node_1547,kernel_repeat,0.037200,16x1x1,0x0x0,64x16x1x1
kv_cmpr-24,kernel_rms_norm_mul,0.004100,512x1x1,512x1x1,512x1x1x1
kv-24,kernel_gemv_noshuffle,0.021000,2048x4x1,64x4x1,4096x1x1x1
Kcur-24,kernel_concat_f32_non_contiguous,0.040700,16x1x1,0x0x0,192x16x1x1
Vcur_cont-24,kernel_cpy_f32_f32,0.002500,1024x1x1,64x1x1,128x16x1x1
cache_k_l24 (view),kernel_set_rows_f16_i64,0.004200,1024x1x1,1024x1x1,3072x4096x1x1
cache_v_l24 (view),kernel_set_rows_f16_i64,0.003200,1024x1x1,1024x1x1,2048x4096x1x1
__fattn__-24,flash_attn_f32_f16_q1,0.962300,64x16x0,64x1x0,128x16x1x1
node_1568,kernel_gemv_noshuffle,0.045500,1024x4x1,64x4x1,2048x1x1x1
ffn_inp-24,kernel_add_row,0.002400,512x0x0,64x0x0,2048x1x1x1
ffn_norm-24,kernel_rms_norm_mul,0.005400,1024x1x1,1024x1x1,2048x1x1x1
ffn_moe_logits-24,kernel_mul_mat_f32_f32,0.010800,4096x1x1,64x1x1,64x1x1x1
ffn_moe_probs-24,kernel_soft_max_4,0.003200,64x1x1,64x1x1,64x1x1x1
ffn_moe_argsort-24,kernel_argsort_f32_i32,0.012000,64x1x1,64x1x1,64x1x1x1
ffn_moe_weights-24,kernel_get_rows_f32,0.002400,384x1x1,64x1x1,1x6x1x1
ffn_moe_weights_scaled-24,kernel_scale,0.001800,1x1x1,64x1x1,1x6x1x1
ffn_moe_gate-24,kernel_mul_mv_id_q4_0_f32_8x_flat,0.160200,11264x1x6,64x1x1,1408x6x1x1
ffn_moe_up-24,kernel_mul_mv_id_q4_0_f32_8x_flat,0.157400,11264x1x6,64x1x1,1408x6x1x1
ffn_moe_weighted-24,kernel_swiglu,0.003100,3072x1x1,512x1x1,1408x6x1x1
ffn_moe_down-24,kernel_mul_mv_id_q4_0_f32_8x_flat,0.170400,16384x1x6,64x1x1,2048x6x1x1
node_1584,kernel_mul,0.010400,384x1x1,64x1x1,2048x6x1x1
ffn_gate-24,kernel_gemv_noshuffle,0.050300,1408x4x1,64x4x1,2816x1x1x1
ffn_up-24,kernel_gemv_noshuffle,0.050000,1408x4x1,64x4x1,2816x1x1x1
ffn_swiglu-24,kernel_swiglu,0.003900,512x1x1,512x1x1,2816x1x1x1
node_1594,kernel_add_row,0.002000,512x0x0,64x0x0,2048x1x1x1
node_1595,kernel_add_row,0.002200,512x0x0,64x0x0,2048x1x1x1
node_1596,kernel_add_row,0.001800,512x0x0,64x0x0,2048x1x1x1
node_1597,kernel_add_row,0.001800,512x0x0,64x0x0,2048x1x1x1
ffn_moe_out-24,kernel_add_row,0.002000,512x0x0,64x0x0,2048x1x1x1
ffn_shexp-24,kernel_gemv_noshuffle,0.055100,1024x4x1,64x4x1,2048x1x1x1
ffn_out-24,kernel_add_row,0.002000,512x0x0,64x0x0,2048x1x1x1
l_out-24,kernel_add_row,0.002000,512x0x0,64x0x0,2048x1x1x1
attn_norm-25,kernel_rms_norm_mul,0.005400,1024x1x1,1024x1x1,2048x1x1x1
q-25,kernel_gemv_noshuffle,0.055900,1536x4x1,64x4x1,3072x1x1x1
q_pe-25,kernel_rope_norm_f32,0.002600,1024x1x1,64x1x1,64x16x1x1
Qcur-25,kernel_concat_f32_non_contiguous,0.040000,16x1x1,0x0x0,192x16x1x1
kv_cmpr_pe-25,kernel_gemv_noshuffle,0.029800,320x4x1,64x4x1,576x1x1x1
k_pe-25,kernel_rope_norm_f32,0.002200,64x1x1,64x1x1,64x1x1x1
node_1612,kernel_repeat,0.038800,16x1x1,0x0x0,64x16x1x1
kv_cmpr-25,kernel_rms_norm_mul,0.004300,512x1x1,512x1x1,512x1x1x1
kv-25,kernel_gemv_noshuffle,0.019700,2048x4x1,64x4x1,4096x1x1x1
Kcur-25,kernel_concat_f32_non_contiguous,0.039800,16x1x1,0x0x0,192x16x1x1
Vcur_cont-25,kernel_cpy_f32_f32,0.002700,1024x1x1,64x1x1,128x16x1x1
cache_k_l25 (view),kernel_set_rows_f16_i64,0.003700,1024x1x1,1024x1x1,3072x4096x1x1
cache_v_l25 (view),kernel_set_rows_f16_i64,0.003300,1024x1x1,1024x1x1,2048x4096x1x1
__fattn__-25,flash_attn_f32_f16_q1,0.960400,64x16x0,64x1x0,128x16x1x1
node_1633,kernel_gemv_noshuffle,0.044300,1024x4x1,64x4x1,2048x1x1x1
ffn_inp-25,kernel_add_row,0.002200,512x0x0,64x0x0,2048x1x1x1
ffn_norm-25,kernel_rms_norm_mul,0.005500,1024x1x1,1024x1x1,2048x1x1x1
ffn_moe_logits-25,kernel_mul_mat_f32_f32,0.010900,4096x1x1,64x1x1,64x1x1x1
ffn_moe_probs-25,kernel_soft_max_4,0.003100,64x1x1,64x1x1,64x1x1x1
ffn_moe_argsort-25,kernel_argsort_f32_i32,0.012000,64x1x1,64x1x1,64x1x1x1
ffn_moe_weights-25,kernel_get_rows_f32,0.002400,384x1x1,64x1x1,1x6x1x1
ffn_moe_weights_scaled-25,kernel_scale,0.001700,1x1x1,64x1x1,1x6x1x1
ffn_moe_gate-25,kernel_mul_mv_id_q4_0_f32_8x_flat,0.160500,11264x1x6,64x1x1,1408x6x1x1
ffn_moe_up-25,kernel_mul_mv_id_q4_0_f32_8x_flat,0.157400,11264x1x6,64x1x1,1408x6x1x1
ffn_moe_weighted-25,kernel_swiglu,0.003200,3072x1x1,512x1x1,1408x6x1x1
ffn_moe_down-25,kernel_mul_mv_id_q4_0_f32_8x_flat,0.169800,16384x1x6,64x1x1,2048x6x1x1
node_1649,kernel_mul,0.010500,384x1x1,64x1x1,2048x6x1x1
ffn_gate-25,kernel_gemv_noshuffle,0.051500,1408x4x1,64x4x1,2816x1x1x1
ffn_up-25,kernel_gemv_noshuffle,0.049400,1408x4x1,64x4x1,2816x1x1x1
ffn_swiglu-25,kernel_swiglu,0.003700,512x1x1,512x1x1,2816x1x1x1
node_1659,kernel_add_row,0.002000,512x0x0,64x0x0,2048x1x1x1
node_1660,kernel_add_row,0.001800,512x0x0,64x0x0,2048x1x1x1
node_1661,kernel_add_row,0.002000,512x0x0,64x0x0,2048x1x1x1
node_1662,kernel_add_row,0.002300,512x0x0,64x0x0,2048x1x1x1
ffn_moe_out-25,kernel_add_row,0.002000,512x0x0,64x0x0,2048x1x1x1
ffn_shexp-25,kernel_gemv_noshuffle,0.056500,1024x4x1,64x4x1,2048x1x1x1
ffn_out-25,kernel_add_row,0.002000,512x0x0,64x0x0,2048x1x1x1
l_out-25,kernel_add_row,0.002000,512x0x0,64x0x0,2048x1x1x1
attn_norm-26,kernel_rms_norm_mul,0.005500,1024x1x1,1024x1x1,2048x1x1x1
q-26,kernel_gemv_noshuffle,0.053300,1536x4x1,64x4x1,3072x1x1x1
q_pe-26,kernel_rope_norm_f32,0.002700,1024x1x1,64x1x1,64x16x1x1
Qcur-26,kernel_concat_f32_non_contiguous,0.039700,16x1x1,0x0x0,192x16x1x1
kv_cmpr_pe-26,kernel_gemv_noshuffle,0.029600,320x4x1,64x4x1,576x1x1x1
k_pe-26,kernel_rope_norm_f32,0.002600,64x1x1,64x1x1,64x1x1x1
node_1677,kernel_repeat,0.037100,16x1x1,0x0x0,64x16x1x1
kv_cmpr-26,kernel_rms_norm_mul,0.004000,512x1x1,512x1x1,512x1x1x1
kv-26,kernel_gemv_noshuffle,0.020500,2048x4x1,64x4x1,4096x1x1x1
Kcur-26,kernel_concat_f32_non_contiguous,0.040900,16x1x1,0x0x0,192x16x1x1
Vcur_cont-26,kernel_cpy_f32_f32,0.002900,1024x1x1,64x1x1,128x16x1x1
cache_k_l26 (view),kernel_set_rows_f16_i64,0.004000,1024x1x1,1024x1x1,3072x4096x1x1
cache_v_l26 (view),kernel_set_rows_f16_i64,0.003100,1024x1x1,1024x1x1,2048x4096x1x1
__fattn__-26,flash_attn_f32_f16_q1,0.957900,64x16x0,64x1x0,128x16x1x1
node_1698,kernel_gemv_noshuffle,0.045800,1024x4x1,64x4x1,2048x1x1x1
node_1699,kernel_get_rows_f32,0.010700,64x1x1,64x1x1,2048x1x1x1
node_1700,kernel_get_rows_f32,0.009700,64x1x1,64x1x1,2048x1x1x1
ffn_inp-26,kernel_add_row,0.002000,512x0x0,64x0x0,2048x1x1x1
ffn_norm-26,kernel_rms_norm_mul,0.005500,1024x1x1,1024x1x1,2048x1x1x1
ffn_moe_logits-26,kernel_mul_mat_f32_f32,0.010700,4096x1x1,64x1x1,64x1x1x1
ffn_moe_probs-26,kernel_soft_max_4,0.003300,64x1x1,64x1x1,64x1x1x1
ffn_moe_argsort-26,kernel_argsort_f32_i32,0.011900,64x1x1,64x1x1,64x1x1x1
ffn_moe_weights-26,kernel_get_rows_f32,0.002400,384x1x1,64x1x1,1x6x1x1
ffn_moe_weights_scaled-26,kernel_scale,0.001900,1x1x1,64x1x1,1x6x1x1
ffn_moe_gate-26,kernel_mul_mv_id_q4_0_f32_8x_flat,0.160200,11264x1x6,64x1x1,1408x6x1x1
ffn_moe_up-26,kernel_mul_mv_id_q4_0_f32_8x_flat,0.158600,11264x1x6,64x1x1,1408x6x1x1
ffn_moe_weighted-26,kernel_swiglu,0.003300,3072x1x1,512x1x1,1408x6x1x1
ffn_moe_down-26,kernel_mul_mv_id_q4_0_f32_8x_flat,0.167300,16384x1x6,64x1x1,2048x6x1x1
node_1716,kernel_mul,0.010300,384x1x1,64x1x1,2048x6x1x1
ffn_gate-26,kernel_gemv_noshuffle,0.048800,1408x4x1,64x4x1,2816x1x1x1
ffn_up-26,kernel_gemv_noshuffle,0.049900,1408x4x1,64x4x1,2816x1x1x1
ffn_swiglu-26,kernel_swiglu,0.003900,512x1x1,512x1x1,2816x1x1x1
node_1726,kernel_add_row,0.002000,512x0x0,64x0x0,2048x1x1x1
node_1727,kernel_add_row,0.001900,512x0x0,64x0x0,2048x1x1x1
node_1728,kernel_add_row,0.001900,512x0x0,64x0x0,2048x1x1x1
node_1729,kernel_add_row,0.002300,512x0x0,64x0x0,2048x1x1x1
ffn_moe_out-26,kernel_add_row,0.002000,512x0x0,64x0x0,2048x1x1x1
ffn_shexp-26,kernel_gemv_noshuffle,0.054900,1024x4x1,64x4x1,2048x1x1x1
ffn_out-26,kernel_add_row,0.002000,512x0x0,64x0x0,2048x1x1x1
l_out-26,kernel_add_row,0.002000,512x0x0,64x0x0,2048x1x1x1
result_norm,kernel_rms_norm_mul,0.005700,1024x1x1,1024x1x1,2048x1x1x1
result_output,kernel_mul_mv_q6_K_f32,7.473700,102400x64x1,2x64x1,102400x1x1x1
