op name, kernel name, exec duration (ms), global size, local size, output size
attn_norm-0,kernel_rms_norm_mul,0.024700,65536x1x1,1024x1x1,2048x64x1x1
q-0,kernel_transpose_32_16,0.019600,512x16x0,1x16x0,3072x64x1x1
q-0,kernel_mul_mat_Ab_Bi_8x4,0.413800,8x768x1,1x128x1,3072x64x1x1
q_pe-0,kernel_rope_norm_f32,0.015400,1024x64x1,64x1x1,64x16x64x1
Qcur-0,kernel_concat_f32_non_contiguous,0.372200,16x64x1,0x0x0,192x16x64x1
kv_cmpr_pe-0,kernel_transpose_32_16,0.010100,512x16x0,1x16x0,576x64x1x1
kv_cmpr_pe-0,kernel_mul_mat_Ab_Bi_8x4,0.329100,8x144x1,1x128x1,576x64x1x1
k_pe-0,kernel_rope_norm_f32,0.002700,64x64x1,64x1x1,64x1x64x1
node_11,kernel_repeat,0.272200,16x64x1,0x0x0,64x16x64x1
kv_cmpr-0,kernel_rms_norm_mul,0.009600,32768x1x1,512x1x1,512x64x1x1
kv-0,kernel_transpose_32_16,0.003800,128x16x0,1x16x0,4096x64x1x1
kv-0,kernel_mul_mat_Ab_Bi_8x4,0.138000,8x1024x1,1x128x1,4096x64x1x1
Kcur-0,kernel_concat_f32_non_contiguous,0.408800,16x64x1,0x0x0,192x16x64x1
Vcur_cont-0,kernel_cpy_f32_f32,0.013400,1024x64x1,64x1x1,128x16x64x1
cache_k_l0 (view),kernel_set_rows_f16_i64,0.015900,65536x1x1,1024x1x1,3072x4096x1x1
cache_v_l0 (view),kernel_set_rows_f16_i64,0.011900,65536x1x1,1024x1x1,2048x4096x1x1
 (copy),kernel_cpy_f32_f16,0.003900,4096x1x1,64x1x1,256x64x1x1
__fattn__-0,flash_attn_f32_f16,4.969100,64x16x0,16x1x0,128x16x64x1
node_33,kernel_transpose_32_16,0.010200,512x16x0,1x16x0,2048x64x1x1
node_33,kernel_mul_mat_Ab_Bi_8x4,0.387800,8x512x1,1x128x1,2048x64x1x1
ffn_inp-0,kernel_add,0.021800,4096x1x1,64x1x1,2048x64x1x1
ffn_norm-0,kernel_rms_norm_mul,0.020400,65536x1x1,1024x1x1,2048x64x1x1
ffn_gate-0,kernel_transpose_32_16,0.010400,512x16x0,1x16x0,10944x64x1x1
ffn_gate-0,kernel_mul_mat_Ab_Bi_8x4,1.188900,8x2736x1,1x128x1,10944x64x1x1
ffn_up-0,kernel_transpose_32_16,0.010900,512x16x0,1x16x0,10944x64x1x1
ffn_up-0,kernel_mul_mat_Ab_Bi_8x4,1.187600,8x2736x1,1x128x1,10944x64x1x1
ffn_swiglu-0,kernel_swiglu,0.113400,32768x1x1,512x1x1,10944x64x1x1
ffn_out-0,kernel_transpose_32_16,0.042300,2736x16x0,1x16x0,2048x64x1x1
ffn_out-0,kernel_mul_mat_Ab_Bi_8x4,2.019600,8x512x1,1x128x1,2048x64x1x1
l_out-0,kernel_add,0.021300,4096x1x1,64x1x1,2048x64x1x1
attn_norm-1,kernel_rms_norm_mul,0.019900,65536x1x1,1024x1x1,2048x64x1x1
q-1,kernel_transpose_32_16,0.006600,512x16x0,1x16x0,3072x64x1x1
q-1,kernel_mul_mat_Ab_Bi_8x4,0.402700,8x768x1,1x128x1,3072x64x1x1
q_pe-1,kernel_rope_norm_f32,0.012400,1024x64x1,64x1x1,64x16x64x1
Qcur-1,kernel_concat_f32_non_contiguous,0.359500,16x64x1,0x0x0,192x16x64x1
kv_cmpr_pe-1,kernel_transpose_32_16,0.010200,512x16x0,1x16x0,576x64x1x1
kv_cmpr_pe-1,kernel_mul_mat_Ab_Bi_8x4,0.325700,8x144x1,1x128x1,576x64x1x1
k_pe-1,kernel_rope_norm_f32,0.002700,64x64x1,64x1x1,64x1x64x1
node_52,kernel_repeat,0.271800,16x64x1,0x0x0,64x16x64x1
kv_cmpr-1,kernel_rms_norm_mul,0.010200,32768x1x1,512x1x1,512x64x1x1
kv-1,kernel_transpose_32_16,0.004200,128x16x0,1x16x0,4096x64x1x1
kv-1,kernel_mul_mat_Ab_Bi_8x4,0.136300,8x1024x1,1x128x1,4096x64x1x1
Kcur-1,kernel_concat_f32_non_contiguous,0.464500,16x64x1,0x0x0,192x16x64x1
Vcur_cont-1,kernel_cpy_f32_f32,0.013900,1024x64x1,64x1x1,128x16x64x1
cache_k_l1 (view),kernel_set_rows_f16_i64,0.015900,65536x1x1,1024x1x1,3072x4096x1x1
cache_v_l1 (view),kernel_set_rows_f16_i64,0.011500,65536x1x1,1024x1x1,2048x4096x1x1
__fattn__-1,flash_attn_f32_f16,4.803700,64x16x0,16x1x0,128x16x64x1
node_73,kernel_transpose_32_16,0.009600,512x16x0,1x16x0,2048x64x1x1
node_73,kernel_mul_mat_Ab_Bi_8x4,0.396500,8x512x1,1x128x1,2048x64x1x1
ffn_inp-1,kernel_add,0.021600,4096x1x1,64x1x1,2048x64x1x1
ffn_norm-1,kernel_rms_norm_mul,0.019900,65536x1x1,1024x1x1,2048x64x1x1
ffn_moe_logits-1,kernel_mul_mm_f32_f32_l4_lm,0.500600,128x1x1,128x1x1,64x64x1x1
ffn_moe_probs-1,kernel_soft_max_4,0.003500,4096x1x1,64x1x1,64x64x1x1
ffn_moe_argsort-1,kernel_argsort_f32_i32,0.015200,64x64x1,64x1x1,64x64x1x1
ffn_moe_weights-1,kernel_get_rows_f32,0.004100,384x64x1,64x1x1,1x6x64x1
ffn_moe_weights_scaled-1,kernel_scale,0.001800,96x1x1,64x1x1,1x6x64x1
ffn_moe_gate-1,kernel_mul_mv_id_q4_0_f32_8x_flat,9.408800,11264x1x384,64x1x1,1408x6x64x1
ffn_moe_up-1,kernel_mul_mv_id_q4_0_f32_8x_flat,9.457400,11264x1x384,64x1x1,1408x6x64x1
ffn_moe_weighted-1,kernel_swiglu,0.083500,196608x1x1,512x1x1,1408x6x64x1
ffn_moe_down-1,kernel_mul_mv_id_q4_0_f32_8x_flat,9.871300,16384x1x384,64x1x1,2048x6x64x1
node_89,kernel_mul,0.102600,384x64x1,64x1x1,2048x6x64x1
ffn_gate-1,kernel_transpose_32_16,0.011100,512x16x0,1x16x0,2816x64x1x1
ffn_gate-1,kernel_mul_mat_Ab_Bi_8x4,0.392300,8x704x1,1x128x1,2816x64x1x1
ffn_up-1,kernel_transpose_32_16,0.009800,512x16x0,1x16x0,2816x64x1x1
ffn_up-1,kernel_mul_mat_Ab_Bi_8x4,0.397600,8x704x1,1x128x1,2816x64x1x1
ffn_swiglu-1,kernel_swiglu,0.024000,32768x1x1,512x1x1,2816x64x1x1
node_99,kernel_add,0.023600,4096x1x1,64x1x1,2048x64x1x1
node_100,kernel_add,0.020700,4096x1x1,64x1x1,2048x64x1x1
node_101,kernel_add,0.017200,4096x1x1,64x1x1,2048x64x1x1
node_102,kernel_add,0.018400,4096x1x1,64x1x1,2048x64x1x1
ffn_moe_out-1,kernel_add,0.017300,4096x1x1,64x1x1,2048x64x1x1
ffn_shexp-1,kernel_transpose_32_16,0.013400,704x16x0,1x16x0,2048x64x1x1
ffn_shexp-1,kernel_mul_mat_Ab_Bi_8x4,0.523300,8x512x1,1x128x1,2048x64x1x1
ffn_out-1,kernel_add,0.021500,4096x1x1,64x1x1,2048x64x1x1
l_out-1,kernel_add,0.018500,4096x1x1,64x1x1,2048x64x1x1
attn_norm-2,kernel_rms_norm_mul,0.019700,65536x1x1,1024x1x1,2048x64x1x1
q-2,kernel_transpose_32_16,0.006700,512x16x0,1x16x0,3072x64x1x1
q-2,kernel_mul_mat_Ab_Bi_8x4,0.401000,8x768x1,1x128x1,3072x64x1x1
q_pe-2,kernel_rope_norm_f32,0.011900,1024x64x1,64x1x1,64x16x64x1
Qcur-2,kernel_concat_f32_non_contiguous,0.364900,16x64x1,0x0x0,192x16x64x1
kv_cmpr_pe-2,kernel_transpose_32_16,0.009100,512x16x0,1x16x0,576x64x1x1
kv_cmpr_pe-2,kernel_mul_mat_Ab_Bi_8x4,0.330500,8x144x1,1x128x1,576x64x1x1
k_pe-2,kernel_rope_norm_f32,0.002700,64x64x1,64x1x1,64x1x64x1
node_117,kernel_repeat,0.270800,16x64x1,0x0x0,64x16x64x1
kv_cmpr-2,kernel_rms_norm_mul,0.009900,32768x1x1,512x1x1,512x64x1x1
kv-2,kernel_transpose_32_16,0.004100,128x16x0,1x16x0,4096x64x1x1
kv-2,kernel_mul_mat_Ab_Bi_8x4,0.137900,8x1024x1,1x128x1,4096x64x1x1
Kcur-2,kernel_concat_f32_non_contiguous,0.391600,16x64x1,0x0x0,192x16x64x1
Vcur_cont-2,kernel_cpy_f32_f32,0.010300,1024x64x1,64x1x1,128x16x64x1
cache_k_l2 (view),kernel_set_rows_f16_i64,0.015500,65536x1x1,1024x1x1,3072x4096x1x1
cache_v_l2 (view),kernel_set_rows_f16_i64,0.011700,65536x1x1,1024x1x1,2048x4096x1x1
__fattn__-2,flash_attn_f32_f16,4.843100,64x16x0,16x1x0,128x16x64x1
node_138,kernel_transpose_32_16,0.009600,512x16x0,1x16x0,2048x64x1x1
node_138,kernel_mul_mat_Ab_Bi_8x4,0.391900,8x512x1,1x128x1,2048x64x1x1
ffn_inp-2,kernel_add,0.019900,4096x1x1,64x1x1,2048x64x1x1
ffn_norm-2,kernel_rms_norm_mul,0.019800,65536x1x1,1024x1x1,2048x64x1x1
ffn_moe_logits-2,kernel_mul_mm_f32_f32_l4_lm,0.487700,128x1x1,128x1x1,64x64x1x1
ffn_moe_probs-2,kernel_soft_max_4,0.003600,4096x1x1,64x1x1,64x64x1x1
ffn_moe_argsort-2,kernel_argsort_f32_i32,0.015300,64x64x1,64x1x1,64x64x1x1
ffn_moe_weights-2,kernel_get_rows_f32,0.004000,384x64x1,64x1x1,1x6x64x1
ffn_moe_weights_scaled-2,kernel_scale,0.001900,96x1x1,64x1x1,1x6x64x1
ffn_moe_gate-2,kernel_mul_mv_id_q4_0_f32_8x_flat,9.483100,11264x1x384,64x1x1,1408x6x64x1
ffn_moe_up-2,kernel_mul_mv_id_q4_0_f32_8x_flat,9.511400,11264x1x384,64x1x1,1408x6x64x1
ffn_moe_weighted-2,kernel_swiglu,0.082200,196608x1x1,512x1x1,1408x6x64x1
ffn_moe_down-2,kernel_mul_mv_id_q4_0_f32_8x_flat,9.853900,16384x1x384,64x1x1,2048x6x64x1
node_154,kernel_mul,0.101800,384x64x1,64x1x1,2048x6x64x1
ffn_gate-2,kernel_transpose_32_16,0.010600,512x16x0,1x16x0,2816x64x1x1
ffn_gate-2,kernel_mul_mat_Ab_Bi_8x4,0.391400,8x704x1,1x128x1,2816x64x1x1
ffn_up-2,kernel_transpose_32_16,0.009900,512x16x0,1x16x0,2816x64x1x1
ffn_up-2,kernel_mul_mat_Ab_Bi_8x4,0.396800,8x704x1,1x128x1,2816x64x1x1
ffn_swiglu-2,kernel_swiglu,0.023400,32768x1x1,512x1x1,2816x64x1x1
node_164,kernel_add,0.024300,4096x1x1,64x1x1,2048x64x1x1
node_165,kernel_add,0.016900,4096x1x1,64x1x1,2048x64x1x1
node_166,kernel_add,0.017700,4096x1x1,64x1x1,2048x64x1x1
node_167,kernel_add,0.017300,4096x1x1,64x1x1,2048x64x1x1
ffn_moe_out-2,kernel_add,0.017400,4096x1x1,64x1x1,2048x64x1x1
ffn_shexp-2,kernel_transpose_32_16,0.013400,704x16x0,1x16x0,2048x64x1x1
ffn_shexp-2,kernel_mul_mat_Ab_Bi_8x4,0.545000,8x512x1,1x128x1,2048x64x1x1
ffn_out-2,kernel_add,0.021200,4096x1x1,64x1x1,2048x64x1x1
l_out-2,kernel_add,0.018900,4096x1x1,64x1x1,2048x64x1x1
attn_norm-3,kernel_rms_norm_mul,0.020000,65536x1x1,1024x1x1,2048x64x1x1
q-3,kernel_transpose_32_16,0.009500,512x16x0,1x16x0,3072x64x1x1
q-3,kernel_mul_mat_Ab_Bi_8x4,0.403200,8x768x1,1x128x1,3072x64x1x1
q_pe-3,kernel_rope_norm_f32,0.012000,1024x64x1,64x1x1,64x16x64x1
Qcur-3,kernel_concat_f32_non_contiguous,0.360500,16x64x1,0x0x0,192x16x64x1
kv_cmpr_pe-3,kernel_transpose_32_16,0.009900,512x16x0,1x16x0,576x64x1x1
kv_cmpr_pe-3,kernel_mul_mat_Ab_Bi_8x4,0.329000,8x144x1,1x128x1,576x64x1x1
k_pe-3,kernel_rope_norm_f32,0.002700,64x64x1,64x1x1,64x1x64x1
node_182,kernel_repeat,0.271600,16x64x1,0x0x0,64x16x64x1
kv_cmpr-3,kernel_rms_norm_mul,0.009800,32768x1x1,512x1x1,512x64x1x1
kv-3,kernel_transpose_32_16,0.003900,128x16x0,1x16x0,4096x64x1x1
kv-3,kernel_mul_mat_Ab_Bi_8x4,0.136900,8x1024x1,1x128x1,4096x64x1x1
Kcur-3,kernel_concat_f32_non_contiguous,0.453100,16x64x1,0x0x0,192x16x64x1
Vcur_cont-3,kernel_cpy_f32_f32,0.013200,1024x64x1,64x1x1,128x16x64x1
cache_k_l3 (view),kernel_set_rows_f16_i64,0.015900,65536x1x1,1024x1x1,3072x4096x1x1
cache_v_l3 (view),kernel_set_rows_f16_i64,0.011400,65536x1x1,1024x1x1,2048x4096x1x1
__fattn__-3,flash_attn_f32_f16,4.811200,64x16x0,16x1x0,128x16x64x1
node_203,kernel_transpose_32_16,0.010000,512x16x0,1x16x0,2048x64x1x1
node_203,kernel_mul_mat_Ab_Bi_8x4,0.388700,8x512x1,1x128x1,2048x64x1x1
ffn_inp-3,kernel_add,0.021800,4096x1x1,64x1x1,2048x64x1x1
ffn_norm-3,kernel_rms_norm_mul,0.020000,65536x1x1,1024x1x1,2048x64x1x1
ffn_moe_logits-3,kernel_mul_mm_f32_f32_l4_lm,0.511400,128x1x1,128x1x1,64x64x1x1
ffn_moe_probs-3,kernel_soft_max_4,0.003700,4096x1x1,64x1x1,64x64x1x1
ffn_moe_argsort-3,kernel_argsort_f32_i32,0.015200,64x64x1,64x1x1,64x64x1x1
ffn_moe_weights-3,kernel_get_rows_f32,0.004400,384x64x1,64x1x1,1x6x64x1
ffn_moe_weights_scaled-3,kernel_scale,0.001700,96x1x1,64x1x1,1x6x64x1
ffn_moe_gate-3,kernel_mul_mv_id_q4_0_f32_8x_flat,9.506700,11264x1x384,64x1x1,1408x6x64x1
ffn_moe_up-3,kernel_mul_mv_id_q4_0_f32_8x_flat,9.393700,11264x1x384,64x1x1,1408x6x64x1
ffn_moe_weighted-3,kernel_swiglu,0.085400,196608x1x1,512x1x1,1408x6x64x1
ffn_moe_down-3,kernel_mul_mv_id_q4_0_f32_8x_flat,9.859700,16384x1x384,64x1x1,2048x6x64x1
node_219,kernel_mul,0.102000,384x64x1,64x1x1,2048x6x64x1
ffn_gate-3,kernel_transpose_32_16,0.010600,512x16x0,1x16x0,2816x64x1x1
ffn_gate-3,kernel_mul_mat_Ab_Bi_8x4,0.394500,8x704x1,1x128x1,2816x64x1x1
ffn_up-3,kernel_transpose_32_16,0.010400,512x16x0,1x16x0,2816x64x1x1
ffn_up-3,kernel_mul_mat_Ab_Bi_8x4,0.395800,8x704x1,1x128x1,2816x64x1x1
ffn_swiglu-3,kernel_swiglu,0.024100,32768x1x1,512x1x1,2816x64x1x1
node_229,kernel_add,0.023900,4096x1x1,64x1x1,2048x64x1x1
node_230,kernel_add,0.021400,4096x1x1,64x1x1,2048x64x1x1
node_231,kernel_add,0.017600,4096x1x1,64x1x1,2048x64x1x1
node_232,kernel_add,0.017400,4096x1x1,64x1x1,2048x64x1x1
ffn_moe_out-3,kernel_add,0.017000,4096x1x1,64x1x1,2048x64x1x1
ffn_shexp-3,kernel_transpose_32_16,0.012900,704x16x0,1x16x0,2048x64x1x1
ffn_shexp-3,kernel_mul_mat_Ab_Bi_8x4,0.525600,8x512x1,1x128x1,2048x64x1x1
ffn_out-3,kernel_add,0.021100,4096x1x1,64x1x1,2048x64x1x1
l_out-3,kernel_add,0.018300,4096x1x1,64x1x1,2048x64x1x1
attn_norm-4,kernel_rms_norm_mul,0.019500,65536x1x1,1024x1x1,2048x64x1x1
q-4,kernel_transpose_32_16,0.006600,512x16x0,1x16x0,3072x64x1x1
q-4,kernel_mul_mat_Ab_Bi_8x4,0.404300,8x768x1,1x128x1,3072x64x1x1
q_pe-4,kernel_rope_norm_f32,0.009300,1024x64x1,64x1x1,64x16x64x1
Qcur-4,kernel_concat_f32_non_contiguous,0.364900,16x64x1,0x0x0,192x16x64x1
kv_cmpr_pe-4,kernel_transpose_32_16,0.010100,512x16x0,1x16x0,576x64x1x1
kv_cmpr_pe-4,kernel_mul_mat_Ab_Bi_8x4,0.329100,8x144x1,1x128x1,576x64x1x1
k_pe-4,kernel_rope_norm_f32,0.002700,64x64x1,64x1x1,64x1x64x1
node_247,kernel_repeat,0.271700,16x64x1,0x0x0,64x16x64x1
kv_cmpr-4,kernel_rms_norm_mul,0.010400,32768x1x1,512x1x1,512x64x1x1
kv-4,kernel_transpose_32_16,0.004200,128x16x0,1x16x0,4096x64x1x1
kv-4,kernel_mul_mat_Ab_Bi_8x4,0.136600,8x1024x1,1x128x1,4096x64x1x1
Kcur-4,kernel_concat_f32_non_contiguous,0.409400,16x64x1,0x0x0,192x16x64x1
Vcur_cont-4,kernel_cpy_f32_f32,0.013900,1024x64x1,64x1x1,128x16x64x1
cache_k_l4 (view),kernel_set_rows_f16_i64,0.015800,65536x1x1,1024x1x1,3072x4096x1x1
cache_v_l4 (view),kernel_set_rows_f16_i64,0.011800,65536x1x1,1024x1x1,2048x4096x1x1
__fattn__-4,flash_attn_f32_f16,4.814200,64x16x0,16x1x0,128x16x64x1
node_268,kernel_transpose_32_16,0.010000,512x16x0,1x16x0,2048x64x1x1
node_268,kernel_mul_mat_Ab_Bi_8x4,0.393600,8x512x1,1x128x1,2048x64x1x1
ffn_inp-4,kernel_add,0.017100,4096x1x1,64x1x1,2048x64x1x1
ffn_norm-4,kernel_rms_norm_mul,0.020400,65536x1x1,1024x1x1,2048x64x1x1
ffn_moe_logits-4,kernel_mul_mm_f32_f32_l4_lm,0.510300,128x1x1,128x1x1,64x64x1x1
ffn_moe_probs-4,kernel_soft_max_4,0.003600,4096x1x1,64x1x1,64x64x1x1
ffn_moe_argsort-4,kernel_argsort_f32_i32,0.015300,64x64x1,64x1x1,64x64x1x1
ffn_moe_weights-4,kernel_get_rows_f32,0.004200,384x64x1,64x1x1,1x6x64x1
ffn_moe_weights_scaled-4,kernel_scale,0.001900,96x1x1,64x1x1,1x6x64x1
ffn_moe_gate-4,kernel_mul_mv_id_q4_0_f32_8x_flat,9.424900,11264x1x384,64x1x1,1408x6x64x1
ffn_moe_up-4,kernel_mul_mv_id_q4_0_f32_8x_flat,9.414200,11264x1x384,64x1x1,1408x6x64x1
ffn_moe_weighted-4,kernel_swiglu,0.083500,196608x1x1,512x1x1,1408x6x64x1
ffn_moe_down-4,kernel_mul_mv_id_q4_0_f32_8x_flat,9.851300,16384x1x384,64x1x1,2048x6x64x1
node_284,kernel_mul,0.101400,384x64x1,64x1x1,2048x6x64x1
ffn_gate-4,kernel_transpose_32_16,0.011400,512x16x0,1x16x0,2816x64x1x1
ffn_gate-4,kernel_mul_mat_Ab_Bi_8x4,0.395200,8x704x1,1x128x1,2816x64x1x1
ffn_up-4,kernel_transpose_32_16,0.009800,512x16x0,1x16x0,2816x64x1x1
ffn_up-4,kernel_mul_mat_Ab_Bi_8x4,0.393900,8x704x1,1x128x1,2816x64x1x1
ffn_swiglu-4,kernel_swiglu,0.022700,32768x1x1,512x1x1,2816x64x1x1
node_294,kernel_add,0.023400,4096x1x1,64x1x1,2048x64x1x1
node_295,kernel_add,0.021200,4096x1x1,64x1x1,2048x64x1x1
node_296,kernel_add,0.017300,4096x1x1,64x1x1,2048x64x1x1
node_297,kernel_add,0.017400,4096x1x1,64x1x1,2048x64x1x1
ffn_moe_out-4,kernel_add,0.017500,4096x1x1,64x1x1,2048x64x1x1
ffn_shexp-4,kernel_transpose_32_16,0.013200,704x16x0,1x16x0,2048x64x1x1
ffn_shexp-4,kernel_mul_mat_Ab_Bi_8x4,0.545700,8x512x1,1x128x1,2048x64x1x1
ffn_out-4,kernel_add,0.015700,4096x1x1,64x1x1,2048x64x1x1
l_out-4,kernel_add,0.018300,4096x1x1,64x1x1,2048x64x1x1
attn_norm-5,kernel_rms_norm_mul,0.020400,65536x1x1,1024x1x1,2048x64x1x1
q-5,kernel_transpose_32_16,0.007000,512x16x0,1x16x0,3072x64x1x1
q-5,kernel_mul_mat_Ab_Bi_8x4,0.404200,8x768x1,1x128x1,3072x64x1x1
q_pe-5,kernel_rope_norm_f32,0.012100,1024x64x1,64x1x1,64x16x64x1
Qcur-5,kernel_concat_f32_non_contiguous,0.368600,16x64x1,0x0x0,192x16x64x1
kv_cmpr_pe-5,kernel_transpose_32_16,0.010200,512x16x0,1x16x0,576x64x1x1
kv_cmpr_pe-5,kernel_mul_mat_Ab_Bi_8x4,0.327500,8x144x1,1x128x1,576x64x1x1
k_pe-5,kernel_rope_norm_f32,0.002800,64x64x1,64x1x1,64x1x64x1
node_312,kernel_repeat,0.273400,16x64x1,0x0x0,64x16x64x1
kv_cmpr-5,kernel_rms_norm_mul,0.010100,32768x1x1,512x1x1,512x64x1x1
kv-5,kernel_transpose_32_16,0.004200,128x16x0,1x16x0,4096x64x1x1
kv-5,kernel_mul_mat_Ab_Bi_8x4,0.136400,8x1024x1,1x128x1,4096x64x1x1
Kcur-5,kernel_concat_f32_non_contiguous,0.446800,16x64x1,0x0x0,192x16x64x1
Vcur_cont-5,kernel_cpy_f32_f32,0.013600,1024x64x1,64x1x1,128x16x64x1
cache_k_l5 (view),kernel_set_rows_f16_i64,0.015100,65536x1x1,1024x1x1,3072x4096x1x1
cache_v_l5 (view),kernel_set_rows_f16_i64,0.011800,65536x1x1,1024x1x1,2048x4096x1x1
__fattn__-5,flash_attn_f32_f16,4.825300,64x16x0,16x1x0,128x16x64x1
node_333,kernel_transpose_32_16,0.010000,512x16x0,1x16x0,2048x64x1x1
node_333,kernel_mul_mat_Ab_Bi_8x4,0.383700,8x512x1,1x128x1,2048x64x1x1
ffn_inp-5,kernel_add,0.020700,4096x1x1,64x1x1,2048x64x1x1
ffn_norm-5,kernel_rms_norm_mul,0.020100,65536x1x1,1024x1x1,2048x64x1x1
ffn_moe_logits-5,kernel_mul_mm_f32_f32_l4_lm,0.506300,128x1x1,128x1x1,64x64x1x1
ffn_moe_probs-5,kernel_soft_max_4,0.003900,4096x1x1,64x1x1,64x64x1x1
ffn_moe_argsort-5,kernel_argsort_f32_i32,0.015300,64x64x1,64x1x1,64x64x1x1
ffn_moe_weights-5,kernel_get_rows_f32,0.004000,384x64x1,64x1x1,1x6x64x1
ffn_moe_weights_scaled-5,kernel_scale,0.001700,96x1x1,64x1x1,1x6x64x1
ffn_moe_gate-5,kernel_mul_mv_id_q4_0_f32_8x_flat,9.496500,11264x1x384,64x1x1,1408x6x64x1
ffn_moe_up-5,kernel_mul_mv_id_q4_0_f32_8x_flat,9.493200,11264x1x384,64x1x1,1408x6x64x1
ffn_moe_weighted-5,kernel_swiglu,0.085400,196608x1x1,512x1x1,1408x6x64x1
ffn_moe_down-5,kernel_mul_mv_id_q4_0_f32_8x_flat,9.920200,16384x1x384,64x1x1,2048x6x64x1
node_349,kernel_mul,0.103000,384x64x1,64x1x1,2048x6x64x1
ffn_gate-5,kernel_transpose_32_16,0.012800,512x16x0,1x16x0,2816x64x1x1
ffn_gate-5,kernel_mul_mat_Ab_Bi_8x4,0.399100,8x704x1,1x128x1,2816x64x1x1
ffn_up-5,kernel_transpose_32_16,0.010000,512x16x0,1x16x0,2816x64x1x1
ffn_up-5,kernel_mul_mat_Ab_Bi_8x4,0.399600,8x704x1,1x128x1,2816x64x1x1
ffn_swiglu-5,kernel_swiglu,0.024900,32768x1x1,512x1x1,2816x64x1x1
node_359,kernel_add,0.024900,4096x1x1,64x1x1,2048x64x1x1
node_360,kernel_add,0.021000,4096x1x1,64x1x1,2048x64x1x1
node_361,kernel_add,0.017400,4096x1x1,64x1x1,2048x64x1x1
node_362,kernel_add,0.018000,4096x1x1,64x1x1,2048x64x1x1
ffn_moe_out-5,kernel_add,0.017700,4096x1x1,64x1x1,2048x64x1x1
ffn_shexp-5,kernel_transpose_32_16,0.012900,704x16x0,1x16x0,2048x64x1x1
ffn_shexp-5,kernel_mul_mat_Ab_Bi_8x4,0.547600,8x512x1,1x128x1,2048x64x1x1
ffn_out-5,kernel_add,0.021300,4096x1x1,64x1x1,2048x64x1x1
l_out-5,kernel_add,0.018500,4096x1x1,64x1x1,2048x64x1x1
attn_norm-6,kernel_rms_norm_mul,0.019600,65536x1x1,1024x1x1,2048x64x1x1
q-6,kernel_transpose_32_16,0.009300,512x16x0,1x16x0,3072x64x1x1
q-6,kernel_mul_mat_Ab_Bi_8x4,0.404100,8x768x1,1x128x1,3072x64x1x1
q_pe-6,kernel_rope_norm_f32,0.011600,1024x64x1,64x1x1,64x16x64x1
Qcur-6,kernel_concat_f32_non_contiguous,0.368300,16x64x1,0x0x0,192x16x64x1
kv_cmpr_pe-6,kernel_transpose_32_16,0.011200,512x16x0,1x16x0,576x64x1x1
kv_cmpr_pe-6,kernel_mul_mat_Ab_Bi_8x4,0.329600,8x144x1,1x128x1,576x64x1x1
k_pe-6,kernel_rope_norm_f32,0.002700,64x64x1,64x1x1,64x1x64x1
node_377,kernel_repeat,0.271500,16x64x1,0x0x0,64x16x64x1
kv_cmpr-6,kernel_rms_norm_mul,0.010000,32768x1x1,512x1x1,512x64x1x1
kv-6,kernel_transpose_32_16,0.003900,128x16x0,1x16x0,4096x64x1x1
kv-6,kernel_mul_mat_Ab_Bi_8x4,0.138000,8x1024x1,1x128x1,4096x64x1x1
Kcur-6,kernel_concat_f32_non_contiguous,0.390500,16x64x1,0x0x0,192x16x64x1
Vcur_cont-6,kernel_cpy_f32_f32,0.013300,1024x64x1,64x1x1,128x16x64x1
cache_k_l6 (view),kernel_set_rows_f16_i64,0.016000,65536x1x1,1024x1x1,3072x4096x1x1
cache_v_l6 (view),kernel_set_rows_f16_i64,0.012100,65536x1x1,1024x1x1,2048x4096x1x1
__fattn__-6,flash_attn_f32_f16,4.872800,64x16x0,16x1x0,128x16x64x1
node_398,kernel_transpose_32_16,0.009200,512x16x0,1x16x0,2048x64x1x1
node_398,kernel_mul_mat_Ab_Bi_8x4,0.390500,8x512x1,1x128x1,2048x64x1x1
ffn_inp-6,kernel_add,0.021400,4096x1x1,64x1x1,2048x64x1x1
ffn_norm-6,kernel_rms_norm_mul,0.020000,65536x1x1,1024x1x1,2048x64x1x1
ffn_moe_logits-6,kernel_mul_mm_f32_f32_l4_lm,0.509900,128x1x1,128x1x1,64x64x1x1
ffn_moe_probs-6,kernel_soft_max_4,0.003700,4096x1x1,64x1x1,64x64x1x1
ffn_moe_argsort-6,kernel_argsort_f32_i32,0.015300,64x64x1,64x1x1,64x64x1x1
ffn_moe_weights-6,kernel_get_rows_f32,0.004100,384x64x1,64x1x1,1x6x64x1
ffn_moe_weights_scaled-6,kernel_scale,0.002200,96x1x1,64x1x1,1x6x64x1
ffn_moe_gate-6,kernel_mul_mv_id_q4_0_f32_8x_flat,9.503400,11264x1x384,64x1x1,1408x6x64x1
ffn_moe_up-6,kernel_mul_mv_id_q4_0_f32_8x_flat,9.702900,11264x1x384,64x1x1,1408x6x64x1
ffn_moe_weighted-6,kernel_swiglu,0.086500,196608x1x1,512x1x1,1408x6x64x1
ffn_moe_down-6,kernel_mul_mv_id_q4_0_f32_8x_flat,9.969700,16384x1x384,64x1x1,2048x6x64x1
node_414,kernel_mul,0.102600,384x64x1,64x1x1,2048x6x64x1
ffn_gate-6,kernel_transpose_32_16,0.011500,512x16x0,1x16x0,2816x64x1x1
ffn_gate-6,kernel_mul_mat_Ab_Bi_8x4,0.395000,8x704x1,1x128x1,2816x64x1x1
ffn_up-6,kernel_transpose_32_16,0.009500,512x16x0,1x16x0,2816x64x1x1
ffn_up-6,kernel_mul_mat_Ab_Bi_8x4,0.398500,8x704x1,1x128x1,2816x64x1x1
ffn_swiglu-6,kernel_swiglu,0.023700,32768x1x1,512x1x1,2816x64x1x1
node_424,kernel_add,0.025900,4096x1x1,64x1x1,2048x64x1x1
node_425,kernel_add,0.021700,4096x1x1,64x1x1,2048x64x1x1
node_426,kernel_add,0.017400,4096x1x1,64x1x1,2048x64x1x1
node_427,kernel_add,0.017400,4096x1x1,64x1x1,2048x64x1x1
ffn_moe_out-6,kernel_add,0.017700,4096x1x1,64x1x1,2048x64x1x1
ffn_shexp-6,kernel_transpose_32_16,0.011800,704x16x0,1x16x0,2048x64x1x1
ffn_shexp-6,kernel_mul_mat_Ab_Bi_8x4,0.539600,8x512x1,1x128x1,2048x64x1x1
ffn_out-6,kernel_add,0.021300,4096x1x1,64x1x1,2048x64x1x1
l_out-6,kernel_add,0.018900,4096x1x1,64x1x1,2048x64x1x1
attn_norm-7,kernel_rms_norm_mul,0.020000,65536x1x1,1024x1x1,2048x64x1x1
q-7,kernel_transpose_32_16,0.007000,512x16x0,1x16x0,3072x64x1x1
q-7,kernel_mul_mat_Ab_Bi_8x4,0.406000,8x768x1,1x128x1,3072x64x1x1
q_pe-7,kernel_rope_norm_f32,0.012300,1024x64x1,64x1x1,64x16x64x1
Qcur-7,kernel_concat_f32_non_contiguous,0.362300,16x64x1,0x0x0,192x16x64x1
kv_cmpr_pe-7,kernel_transpose_32_16,0.010300,512x16x0,1x16x0,576x64x1x1
kv_cmpr_pe-7,kernel_mul_mat_Ab_Bi_8x4,0.328900,8x144x1,1x128x1,576x64x1x1
k_pe-7,kernel_rope_norm_f32,0.002800,64x64x1,64x1x1,64x1x64x1
node_442,kernel_repeat,0.272500,16x64x1,0x0x0,64x16x64x1
kv_cmpr-7,kernel_rms_norm_mul,0.009900,32768x1x1,512x1x1,512x64x1x1
kv-7,kernel_transpose_32_16,0.004700,128x16x0,1x16x0,4096x64x1x1
kv-7,kernel_mul_mat_Ab_Bi_8x4,0.140000,8x1024x1,1x128x1,4096x64x1x1
Kcur-7,kernel_concat_f32_non_contiguous,0.413900,16x64x1,0x0x0,192x16x64x1
Vcur_cont-7,kernel_cpy_f32_f32,0.014000,1024x64x1,64x1x1,128x16x64x1
cache_k_l7 (view),kernel_set_rows_f16_i64,0.016200,65536x1x1,1024x1x1,3072x4096x1x1
cache_v_l7 (view),kernel_set_rows_f16_i64,0.011900,65536x1x1,1024x1x1,2048x4096x1x1
__fattn__-7,flash_attn_f32_f16,4.955400,64x16x0,16x1x0,128x16x64x1
node_463,kernel_transpose_32_16,0.009800,512x16x0,1x16x0,2048x64x1x1
node_463,kernel_mul_mat_Ab_Bi_8x4,0.397200,8x512x1,1x128x1,2048x64x1x1
ffn_inp-7,kernel_add,0.022700,4096x1x1,64x1x1,2048x64x1x1
ffn_norm-7,kernel_rms_norm_mul,0.019900,65536x1x1,1024x1x1,2048x64x1x1
ffn_moe_logits-7,kernel_mul_mm_f32_f32_l4_lm,0.508500,128x1x1,128x1x1,64x64x1x1
ffn_moe_probs-7,kernel_soft_max_4,0.003600,4096x1x1,64x1x1,64x64x1x1
ffn_moe_argsort-7,kernel_argsort_f32_i32,0.015100,64x64x1,64x1x1,64x64x1x1
ffn_moe_weights-7,kernel_get_rows_f32,0.004000,384x64x1,64x1x1,1x6x64x1
ffn_moe_weights_scaled-7,kernel_scale,0.001700,96x1x1,64x1x1,1x6x64x1
ffn_moe_gate-7,kernel_mul_mv_id_q4_0_f32_8x_flat,9.515700,11264x1x384,64x1x1,1408x6x64x1
ffn_moe_up-7,kernel_mul_mv_id_q4_0_f32_8x_flat,9.535200,11264x1x384,64x1x1,1408x6x64x1
ffn_moe_weighted-7,kernel_swiglu,0.084200,196608x1x1,512x1x1,1408x6x64x1
ffn_moe_down-7,kernel_mul_mv_id_q4_0_f32_8x_flat,9.967500,16384x1x384,64x1x1,2048x6x64x1
node_479,kernel_mul,0.104700,384x64x1,64x1x1,2048x6x64x1
ffn_gate-7,kernel_transpose_32_16,0.011600,512x16x0,1x16x0,2816x64x1x1
ffn_gate-7,kernel_mul_mat_Ab_Bi_8x4,0.389200,8x704x1,1x128x1,2816x64x1x1
ffn_up-7,kernel_transpose_32_16,0.010300,512x16x0,1x16x0,2816x64x1x1
ffn_up-7,kernel_mul_mat_Ab_Bi_8x4,0.395700,8x704x1,1x128x1,2816x64x1x1
ffn_swiglu-7,kernel_swiglu,0.023600,32768x1x1,512x1x1,2816x64x1x1
node_489,kernel_add,0.022000,4096x1x1,64x1x1,2048x64x1x1
node_490,kernel_add,0.020100,4096x1x1,64x1x1,2048x64x1x1
node_491,kernel_add,0.017900,4096x1x1,64x1x1,2048x64x1x1
node_492,kernel_add,0.017900,4096x1x1,64x1x1,2048x64x1x1
ffn_moe_out-7,kernel_add,0.017300,4096x1x1,64x1x1,2048x64x1x1
ffn_shexp-7,kernel_transpose_32_16,0.012800,704x16x0,1x16x0,2048x64x1x1
ffn_shexp-7,kernel_mul_mat_Ab_Bi_8x4,0.534200,8x512x1,1x128x1,2048x64x1x1
ffn_out-7,kernel_add,0.021400,4096x1x1,64x1x1,2048x64x1x1
l_out-7,kernel_add,0.016600,4096x1x1,64x1x1,2048x64x1x1
attn_norm-8,kernel_rms_norm_mul,0.020000,65536x1x1,1024x1x1,2048x64x1x1
q-8,kernel_transpose_32_16,0.006800,512x16x0,1x16x0,3072x64x1x1
q-8,kernel_mul_mat_Ab_Bi_8x4,0.402100,8x768x1,1x128x1,3072x64x1x1
q_pe-8,kernel_rope_norm_f32,0.011600,1024x64x1,64x1x1,64x16x64x1
Qcur-8,kernel_concat_f32_non_contiguous,0.368300,16x64x1,0x0x0,192x16x64x1
kv_cmpr_pe-8,kernel_transpose_32_16,0.010900,512x16x0,1x16x0,576x64x1x1
kv_cmpr_pe-8,kernel_mul_mat_Ab_Bi_8x4,0.327800,8x144x1,1x128x1,576x64x1x1
k_pe-8,kernel_rope_norm_f32,0.003000,64x64x1,64x1x1,64x1x64x1
node_507,kernel_repeat,0.272700,16x64x1,0x0x0,64x16x64x1
kv_cmpr-8,kernel_rms_norm_mul,0.010000,32768x1x1,512x1x1,512x64x1x1
kv-8,kernel_transpose_32_16,0.003800,128x16x0,1x16x0,4096x64x1x1
kv-8,kernel_mul_mat_Ab_Bi_8x4,0.137400,8x1024x1,1x128x1,4096x64x1x1
Kcur-8,kernel_concat_f32_non_contiguous,0.441300,16x64x1,0x0x0,192x16x64x1
Vcur_cont-8,kernel_cpy_f32_f32,0.013700,1024x64x1,64x1x1,128x16x64x1
cache_k_l8 (view),kernel_set_rows_f16_i64,0.015700,65536x1x1,1024x1x1,3072x4096x1x1
cache_v_l8 (view),kernel_set_rows_f16_i64,0.012200,65536x1x1,1024x1x1,2048x4096x1x1
__fattn__-8,flash_attn_f32_f16,4.804500,64x16x0,16x1x0,128x16x64x1
node_528,kernel_transpose_32_16,0.009800,512x16x0,1x16x0,2048x64x1x1
node_528,kernel_mul_mat_Ab_Bi_8x4,0.387500,8x512x1,1x128x1,2048x64x1x1
ffn_inp-8,kernel_add,0.021200,4096x1x1,64x1x1,2048x64x1x1
ffn_norm-8,kernel_rms_norm_mul,0.020200,65536x1x1,1024x1x1,2048x64x1x1
ffn_moe_logits-8,kernel_mul_mm_f32_f32_l4_lm,0.511600,128x1x1,128x1x1,64x64x1x1
ffn_moe_probs-8,kernel_soft_max_4,0.003600,4096x1x1,64x1x1,64x64x1x1
ffn_moe_argsort-8,kernel_argsort_f32_i32,0.015500,64x64x1,64x1x1,64x64x1x1
ffn_moe_weights-8,kernel_get_rows_f32,0.004000,384x64x1,64x1x1,1x6x64x1
ffn_moe_weights_scaled-8,kernel_scale,0.001800,96x1x1,64x1x1,1x6x64x1
ffn_moe_gate-8,kernel_mul_mv_id_q4_0_f32_8x_flat,9.348000,11264x1x384,64x1x1,1408x6x64x1
ffn_moe_up-8,kernel_mul_mv_id_q4_0_f32_8x_flat,9.330400,11264x1x384,64x1x1,1408x6x64x1
ffn_moe_weighted-8,kernel_swiglu,0.082700,196608x1x1,512x1x1,1408x6x64x1
ffn_moe_down-8,kernel_mul_mv_id_q4_0_f32_8x_flat,9.834400,16384x1x384,64x1x1,2048x6x64x1
node_544,kernel_mul,0.103300,384x64x1,64x1x1,2048x6x64x1
ffn_gate-8,kernel_transpose_32_16,0.010500,512x16x0,1x16x0,2816x64x1x1
ffn_gate-8,kernel_mul_mat_Ab_Bi_8x4,0.389900,8x704x1,1x128x1,2816x64x1x1
ffn_up-8,kernel_transpose_32_16,0.009700,512x16x0,1x16x0,2816x64x1x1
ffn_up-8,kernel_mul_mat_Ab_Bi_8x4,0.389700,8x704x1,1x128x1,2816x64x1x1
ffn_swiglu-8,kernel_swiglu,0.023600,32768x1x1,512x1x1,2816x64x1x1
node_554,kernel_add,0.024600,4096x1x1,64x1x1,2048x64x1x1
node_555,kernel_add,0.020800,4096x1x1,64x1x1,2048x64x1x1
node_556,kernel_add,0.017300,4096x1x1,64x1x1,2048x64x1x1
node_557,kernel_add,0.016700,4096x1x1,64x1x1,2048x64x1x1
ffn_moe_out-8,kernel_add,0.017600,4096x1x1,64x1x1,2048x64x1x1
ffn_shexp-8,kernel_transpose_32_16,0.013600,704x16x0,1x16x0,2048x64x1x1
ffn_shexp-8,kernel_mul_mat_Ab_Bi_8x4,0.538600,8x512x1,1x128x1,2048x64x1x1
ffn_out-8,kernel_add,0.021400,4096x1x1,64x1x1,2048x64x1x1
l_out-8,kernel_add,0.018500,4096x1x1,64x1x1,2048x64x1x1
attn_norm-9,kernel_rms_norm_mul,0.019800,65536x1x1,1024x1x1,2048x64x1x1
q-9,kernel_transpose_32_16,0.006600,512x16x0,1x16x0,3072x64x1x1
q-9,kernel_mul_mat_Ab_Bi_8x4,0.400300,8x768x1,1x128x1,3072x64x1x1
q_pe-9,kernel_rope_norm_f32,0.012300,1024x64x1,64x1x1,64x16x64x1
Qcur-9,kernel_concat_f32_non_contiguous,0.360800,16x64x1,0x0x0,192x16x64x1
kv_cmpr_pe-9,kernel_transpose_32_16,0.010600,512x16x0,1x16x0,576x64x1x1
kv_cmpr_pe-9,kernel_mul_mat_Ab_Bi_8x4,0.327800,8x144x1,1x128x1,576x64x1x1
k_pe-9,kernel_rope_norm_f32,0.002700,64x64x1,64x1x1,64x1x64x1
node_572,kernel_repeat,0.272800,16x64x1,0x0x0,64x16x64x1
kv_cmpr-9,kernel_rms_norm_mul,0.010400,32768x1x1,512x1x1,512x64x1x1
kv-9,kernel_transpose_32_16,0.004200,128x16x0,1x16x0,4096x64x1x1
kv-9,kernel_mul_mat_Ab_Bi_8x4,0.137100,8x1024x1,1x128x1,4096x64x1x1
Kcur-9,kernel_concat_f32_non_contiguous,0.467900,16x64x1,0x0x0,192x16x64x1
Vcur_cont-9,kernel_cpy_f32_f32,0.013300,1024x64x1,64x1x1,128x16x64x1
cache_k_l9 (view),kernel_set_rows_f16_i64,0.016000,65536x1x1,1024x1x1,3072x4096x1x1
cache_v_l9 (view),kernel_set_rows_f16_i64,0.012400,65536x1x1,1024x1x1,2048x4096x1x1
__fattn__-9,flash_attn_f32_f16,4.807500,64x16x0,16x1x0,128x16x64x1
node_593,kernel_transpose_32_16,0.010000,512x16x0,1x16x0,2048x64x1x1
node_593,kernel_mul_mat_Ab_Bi_8x4,0.386000,8x512x1,1x128x1,2048x64x1x1
ffn_inp-9,kernel_add,0.021500,4096x1x1,64x1x1,2048x64x1x1
ffn_norm-9,kernel_rms_norm_mul,0.019900,65536x1x1,1024x1x1,2048x64x1x1
ffn_moe_logits-9,kernel_mul_mm_f32_f32_l4_lm,0.505100,128x1x1,128x1x1,64x64x1x1
ffn_moe_probs-9,kernel_soft_max_4,0.003700,4096x1x1,64x1x1,64x64x1x1
ffn_moe_argsort-9,kernel_argsort_f32_i32,0.015200,64x64x1,64x1x1,64x64x1x1
ffn_moe_weights-9,kernel_get_rows_f32,0.004200,384x64x1,64x1x1,1x6x64x1
ffn_moe_weights_scaled-9,kernel_scale,0.001700,96x1x1,64x1x1,1x6x64x1
ffn_moe_gate-9,kernel_mul_mv_id_q4_0_f32_8x_flat,9.409500,11264x1x384,64x1x1,1408x6x64x1
ffn_moe_up-9,kernel_mul_mv_id_q4_0_f32_8x_flat,9.367400,11264x1x384,64x1x1,1408x6x64x1
ffn_moe_weighted-9,kernel_swiglu,0.083300,196608x1x1,512x1x1,1408x6x64x1
ffn_moe_down-9,kernel_mul_mv_id_q4_0_f32_8x_flat,9.841900,16384x1x384,64x1x1,2048x6x64x1
node_609,kernel_mul,0.101500,384x64x1,64x1x1,2048x6x64x1
ffn_gate-9,kernel_transpose_32_16,0.010800,512x16x0,1x16x0,2816x64x1x1
ffn_gate-9,kernel_mul_mat_Ab_Bi_8x4,0.392100,8x704x1,1x128x1,2816x64x1x1
ffn_up-9,kernel_transpose_32_16,0.009800,512x16x0,1x16x0,2816x64x1x1
ffn_up-9,kernel_mul_mat_Ab_Bi_8x4,0.394100,8x704x1,1x128x1,2816x64x1x1
ffn_swiglu-9,kernel_swiglu,0.023800,32768x1x1,512x1x1,2816x64x1x1
node_619,kernel_add,0.024700,4096x1x1,64x1x1,2048x64x1x1
node_620,kernel_add,0.020500,4096x1x1,64x1x1,2048x64x1x1
node_621,kernel_add,0.017700,4096x1x1,64x1x1,2048x64x1x1
node_622,kernel_add,0.017900,4096x1x1,64x1x1,2048x64x1x1
ffn_moe_out-9,kernel_add,0.017300,4096x1x1,64x1x1,2048x64x1x1
ffn_shexp-9,kernel_transpose_32_16,0.012400,704x16x0,1x16x0,2048x64x1x1
ffn_shexp-9,kernel_mul_mat_Ab_Bi_8x4,0.536000,8x512x1,1x128x1,2048x64x1x1
ffn_out-9,kernel_add,0.021800,4096x1x1,64x1x1,2048x64x1x1
l_out-9,kernel_add,0.017900,4096x1x1,64x1x1,2048x64x1x1
attn_norm-10,kernel_rms_norm_mul,0.019800,65536x1x1,1024x1x1,2048x64x1x1
q-10,kernel_transpose_32_16,0.006900,512x16x0,1x16x0,3072x64x1x1
q-10,kernel_mul_mat_Ab_Bi_8x4,0.401200,8x768x1,1x128x1,3072x64x1x1
q_pe-10,kernel_rope_norm_f32,0.012200,1024x64x1,64x1x1,64x16x64x1
Qcur-10,kernel_concat_f32_non_contiguous,0.359900,16x64x1,0x0x0,192x16x64x1
kv_cmpr_pe-10,kernel_transpose_32_16,0.009200,512x16x0,1x16x0,576x64x1x1
kv_cmpr_pe-10,kernel_mul_mat_Ab_Bi_8x4,0.328000,8x144x1,1x128x1,576x64x1x1
k_pe-10,kernel_rope_norm_f32,0.002800,64x64x1,64x1x1,64x1x64x1
node_637,kernel_repeat,0.271200,16x64x1,0x0x0,64x16x64x1
kv_cmpr-10,kernel_rms_norm_mul,0.010200,32768x1x1,512x1x1,512x64x1x1
kv-10,kernel_transpose_32_16,0.003900,128x16x0,1x16x0,4096x64x1x1
kv-10,kernel_mul_mat_Ab_Bi_8x4,0.137300,8x1024x1,1x128x1,4096x64x1x1
Kcur-10,kernel_concat_f32_non_contiguous,0.393100,16x64x1,0x0x0,192x16x64x1
Vcur_cont-10,kernel_cpy_f32_f32,0.010900,1024x64x1,64x1x1,128x16x64x1
cache_k_l10 (view),kernel_set_rows_f16_i64,0.016400,65536x1x1,1024x1x1,3072x4096x1x1
cache_v_l10 (view),kernel_set_rows_f16_i64,0.011600,65536x1x1,1024x1x1,2048x4096x1x1
__fattn__-10,flash_attn_f32_f16,4.798700,64x16x0,16x1x0,128x16x64x1
node_658,kernel_transpose_32_16,0.009800,512x16x0,1x16x0,2048x64x1x1
node_658,kernel_mul_mat_Ab_Bi_8x4,0.387300,8x512x1,1x128x1,2048x64x1x1
ffn_inp-10,kernel_add,0.020100,4096x1x1,64x1x1,2048x64x1x1
ffn_norm-10,kernel_rms_norm_mul,0.020400,65536x1x1,1024x1x1,2048x64x1x1
ffn_moe_logits-10,kernel_mul_mm_f32_f32_l4_lm,0.498700,128x1x1,128x1x1,64x64x1x1
ffn_moe_probs-10,kernel_soft_max_4,0.003900,4096x1x1,64x1x1,64x64x1x1
ffn_moe_argsort-10,kernel_argsort_f32_i32,0.015300,64x64x1,64x1x1,64x64x1x1
ffn_moe_weights-10,kernel_get_rows_f32,0.004400,384x64x1,64x1x1,1x6x64x1
ffn_moe_weights_scaled-10,kernel_scale,0.001800,96x1x1,64x1x1,1x6x64x1
ffn_moe_gate-10,kernel_mul_mv_id_q4_0_f32_8x_flat,10.918300,11264x1x384,64x1x1,1408x6x64x1
ffn_moe_up-10,kernel_mul_mv_id_q4_0_f32_8x_flat,9.367500,11264x1x384,64x1x1,1408x6x64x1
ffn_moe_weighted-10,kernel_swiglu,0.082200,196608x1x1,512x1x1,1408x6x64x1
ffn_moe_down-10,kernel_mul_mv_id_q4_0_f32_8x_flat,9.842800,16384x1x384,64x1x1,2048x6x64x1
node_674,kernel_mul,0.101800,384x64x1,64x1x1,2048x6x64x1
ffn_gate-10,kernel_transpose_32_16,0.011100,512x16x0,1x16x0,2816x64x1x1
ffn_gate-10,kernel_mul_mat_Ab_Bi_8x4,0.388700,8x704x1,1x128x1,2816x64x1x1
ffn_up-10,kernel_transpose_32_16,0.009700,512x16x0,1x16x0,2816x64x1x1
ffn_up-10,kernel_mul_mat_Ab_Bi_8x4,0.399300,8x704x1,1x128x1,2816x64x1x1
ffn_swiglu-10,kernel_swiglu,0.023400,32768x1x1,512x1x1,2816x64x1x1
node_684,kernel_add,0.024600,4096x1x1,64x1x1,2048x64x1x1
node_685,kernel_add,0.017100,4096x1x1,64x1x1,2048x64x1x1
node_686,kernel_add,0.018000,4096x1x1,64x1x1,2048x64x1x1
node_687,kernel_add,0.017900,4096x1x1,64x1x1,2048x64x1x1
ffn_moe_out-10,kernel_add,0.017200,4096x1x1,64x1x1,2048x64x1x1
ffn_shexp-10,kernel_transpose_32_16,0.013300,704x16x0,1x16x0,2048x64x1x1
ffn_shexp-10,kernel_mul_mat_Ab_Bi_8x4,0.521700,8x512x1,1x128x1,2048x64x1x1
ffn_out-10,kernel_add,0.020300,4096x1x1,64x1x1,2048x64x1x1
l_out-10,kernel_add,0.018100,4096x1x1,64x1x1,2048x64x1x1
attn_norm-11,kernel_rms_norm_mul,0.020100,65536x1x1,1024x1x1,2048x64x1x1
q-11,kernel_transpose_32_16,0.009600,512x16x0,1x16x0,3072x64x1x1
q-11,kernel_mul_mat_Ab_Bi_8x4,0.403100,8x768x1,1x128x1,3072x64x1x1
q_pe-11,kernel_rope_norm_f32,0.012200,1024x64x1,64x1x1,64x16x64x1
Qcur-11,kernel_concat_f32_non_contiguous,0.378200,16x64x1,0x0x0,192x16x64x1
kv_cmpr_pe-11,kernel_transpose_32_16,0.010600,512x16x0,1x16x0,576x64x1x1
kv_cmpr_pe-11,kernel_mul_mat_Ab_Bi_8x4,0.328400,8x144x1,1x128x1,576x64x1x1
k_pe-11,kernel_rope_norm_f32,0.002900,64x64x1,64x1x1,64x1x64x1
node_702,kernel_repeat,0.271500,16x64x1,0x0x0,64x16x64x1
kv_cmpr-11,kernel_rms_norm_mul,0.009800,32768x1x1,512x1x1,512x64x1x1
kv-11,kernel_transpose_32_16,0.003900,128x16x0,1x16x0,4096x64x1x1
kv-11,kernel_mul_mat_Ab_Bi_8x4,0.136900,8x1024x1,1x128x1,4096x64x1x1
Kcur-11,kernel_concat_f32_non_contiguous,0.456700,16x64x1,0x0x0,192x16x64x1
Vcur_cont-11,kernel_cpy_f32_f32,0.013000,1024x64x1,64x1x1,128x16x64x1
cache_k_l11 (view),kernel_set_rows_f16_i64,0.015900,65536x1x1,1024x1x1,3072x4096x1x1
cache_v_l11 (view),kernel_set_rows_f16_i64,0.011700,65536x1x1,1024x1x1,2048x4096x1x1
__fattn__-11,flash_attn_f32_f16,4.826400,64x16x0,16x1x0,128x16x64x1
node_723,kernel_transpose_32_16,0.009600,512x16x0,1x16x0,2048x64x1x1
node_723,kernel_mul_mat_Ab_Bi_8x4,0.386500,8x512x1,1x128x1,2048x64x1x1
ffn_inp-11,kernel_add,0.021200,4096x1x1,64x1x1,2048x64x1x1
ffn_norm-11,kernel_rms_norm_mul,0.020000,65536x1x1,1024x1x1,2048x64x1x1
ffn_moe_logits-11,kernel_mul_mm_f32_f32_l4_lm,0.505400,128x1x1,128x1x1,64x64x1x1
ffn_moe_probs-11,kernel_soft_max_4,0.003700,4096x1x1,64x1x1,64x64x1x1
ffn_moe_argsort-11,kernel_argsort_f32_i32,0.015300,64x64x1,64x1x1,64x64x1x1
ffn_moe_weights-11,kernel_get_rows_f32,0.004600,384x64x1,64x1x1,1x6x64x1
ffn_moe_weights_scaled-11,kernel_scale,0.001700,96x1x1,64x1x1,1x6x64x1
ffn_moe_gate-11,kernel_mul_mv_id_q4_0_f32_8x_flat,9.424200,11264x1x384,64x1x1,1408x6x64x1
ffn_moe_up-11,kernel_mul_mv_id_q4_0_f32_8x_flat,9.376600,11264x1x384,64x1x1,1408x6x64x1
ffn_moe_weighted-11,kernel_swiglu,0.082900,196608x1x1,512x1x1,1408x6x64x1
ffn_moe_down-11,kernel_mul_mv_id_q4_0_f32_8x_flat,9.845300,16384x1x384,64x1x1,2048x6x64x1
node_739,kernel_mul,0.102600,384x64x1,64x1x1,2048x6x64x1
ffn_gate-11,kernel_transpose_32_16,0.011400,512x16x0,1x16x0,2816x64x1x1
ffn_gate-11,kernel_mul_mat_Ab_Bi_8x4,0.397900,8x704x1,1x128x1,2816x64x1x1
ffn_up-11,kernel_transpose_32_16,0.010200,512x16x0,1x16x0,2816x64x1x1
ffn_up-11,kernel_mul_mat_Ab_Bi_8x4,0.394200,8x704x1,1x128x1,2816x64x1x1
ffn_swiglu-11,kernel_swiglu,0.023900,32768x1x1,512x1x1,2816x64x1x1
node_749,kernel_add,0.024400,4096x1x1,64x1x1,2048x64x1x1
node_750,kernel_add,0.020900,4096x1x1,64x1x1,2048x64x1x1
node_751,kernel_add,0.017300,4096x1x1,64x1x1,2048x64x1x1
node_752,kernel_add,0.017700,4096x1x1,64x1x1,2048x64x1x1
ffn_moe_out-11,kernel_add,0.017500,4096x1x1,64x1x1,2048x64x1x1
ffn_shexp-11,kernel_transpose_32_16,0.012400,704x16x0,1x16x0,2048x64x1x1
ffn_shexp-11,kernel_mul_mat_Ab_Bi_8x4,0.546900,8x512x1,1x128x1,2048x64x1x1
ffn_out-11,kernel_add,0.022000,4096x1x1,64x1x1,2048x64x1x1
l_out-11,kernel_add,0.017900,4096x1x1,64x1x1,2048x64x1x1
attn_norm-12,kernel_rms_norm_mul,0.019900,65536x1x1,1024x1x1,2048x64x1x1
q-12,kernel_transpose_32_16,0.006600,512x16x0,1x16x0,3072x64x1x1
q-12,kernel_mul_mat_Ab_Bi_8x4,0.405800,8x768x1,1x128x1,3072x64x1x1
q_pe-12,kernel_rope_norm_f32,0.009300,1024x64x1,64x1x1,64x16x64x1
Qcur-12,kernel_concat_f32_non_contiguous,0.357800,16x64x1,0x0x0,192x16x64x1
kv_cmpr_pe-12,kernel_transpose_32_16,0.010300,512x16x0,1x16x0,576x64x1x1
kv_cmpr_pe-12,kernel_mul_mat_Ab_Bi_8x4,0.330300,8x144x1,1x128x1,576x64x1x1
k_pe-12,kernel_rope_norm_f32,0.002700,64x64x1,64x1x1,64x1x64x1
node_767,kernel_repeat,0.271500,16x64x1,0x0x0,64x16x64x1
kv_cmpr-12,kernel_rms_norm_mul,0.010100,32768x1x1,512x1x1,512x64x1x1
kv-12,kernel_transpose_32_16,0.003900,128x16x0,1x16x0,4096x64x1x1
kv-12,kernel_mul_mat_Ab_Bi_8x4,0.137900,8x1024x1,1x128x1,4096x64x1x1
Kcur-12,kernel_concat_f32_non_contiguous,0.390100,16x64x1,0x0x0,192x16x64x1
Vcur_cont-12,kernel_cpy_f32_f32,0.013400,1024x64x1,64x1x1,128x16x64x1
cache_k_l12 (view),kernel_set_rows_f16_i64,0.016100,65536x1x1,1024x1x1,3072x4096x1x1
cache_v_l12 (view),kernel_set_rows_f16_i64,0.011500,65536x1x1,1024x1x1,2048x4096x1x1
__fattn__-12,flash_attn_f32_f16,4.915000,64x16x0,16x1x0,128x16x64x1
node_788,kernel_transpose_32_16,0.010000,512x16x0,1x16x0,2048x64x1x1
node_788,kernel_mul_mat_Ab_Bi_8x4,0.388600,8x512x1,1x128x1,2048x64x1x1
ffn_inp-12,kernel_add,0.016400,4096x1x1,64x1x1,2048x64x1x1
ffn_norm-12,kernel_rms_norm_mul,0.020100,65536x1x1,1024x1x1,2048x64x1x1
ffn_moe_logits-12,kernel_mul_mm_f32_f32_l4_lm,0.513700,128x1x1,128x1x1,64x64x1x1
ffn_moe_probs-12,kernel_soft_max_4,0.003600,4096x1x1,64x1x1,64x64x1x1
ffn_moe_argsort-12,kernel_argsort_f32_i32,0.015200,64x64x1,64x1x1,64x64x1x1
ffn_moe_weights-12,kernel_get_rows_f32,0.004100,384x64x1,64x1x1,1x6x64x1
ffn_moe_weights_scaled-12,kernel_scale,0.001900,96x1x1,64x1x1,1x6x64x1
ffn_moe_gate-12,kernel_mul_mv_id_q4_0_f32_8x_flat,9.381700,11264x1x384,64x1x1,1408x6x64x1
ffn_moe_up-12,kernel_mul_mv_id_q4_0_f32_8x_flat,9.484200,11264x1x384,64x1x1,1408x6x64x1
ffn_moe_weighted-12,kernel_swiglu,0.081400,196608x1x1,512x1x1,1408x6x64x1
ffn_moe_down-12,kernel_mul_mv_id_q4_0_f32_8x_flat,9.836600,16384x1x384,64x1x1,2048x6x64x1
node_804,kernel_mul,0.102200,384x64x1,64x1x1,2048x6x64x1
ffn_gate-12,kernel_transpose_32_16,0.010600,512x16x0,1x16x0,2816x64x1x1
ffn_gate-12,kernel_mul_mat_Ab_Bi_8x4,0.394400,8x704x1,1x128x1,2816x64x1x1
ffn_up-12,kernel_transpose_32_16,0.009800,512x16x0,1x16x0,2816x64x1x1
ffn_up-12,kernel_mul_mat_Ab_Bi_8x4,0.395700,8x704x1,1x128x1,2816x64x1x1
ffn_swiglu-12,kernel_swiglu,0.022900,32768x1x1,512x1x1,2816x64x1x1
node_814,kernel_add,0.023300,4096x1x1,64x1x1,2048x64x1x1
node_815,kernel_add,0.021000,4096x1x1,64x1x1,2048x64x1x1
node_816,kernel_add,0.017900,4096x1x1,64x1x1,2048x64x1x1
node_817,kernel_add,0.017900,4096x1x1,64x1x1,2048x64x1x1
ffn_moe_out-12,kernel_add,0.017000,4096x1x1,64x1x1,2048x64x1x1
ffn_shexp-12,kernel_transpose_32_16,0.012900,704x16x0,1x16x0,2048x64x1x1
ffn_shexp-12,kernel_mul_mat_Ab_Bi_8x4,0.540500,8x512x1,1x128x1,2048x64x1x1
ffn_out-12,kernel_add,0.015600,4096x1x1,64x1x1,2048x64x1x1
l_out-12,kernel_add,0.018200,4096x1x1,64x1x1,2048x64x1x1
attn_norm-13,kernel_rms_norm_mul,0.019900,65536x1x1,1024x1x1,2048x64x1x1
q-13,kernel_transpose_32_16,0.006600,512x16x0,1x16x0,3072x64x1x1
q-13,kernel_mul_mat_Ab_Bi_8x4,0.405400,8x768x1,1x128x1,3072x64x1x1
q_pe-13,kernel_rope_norm_f32,0.012100,1024x64x1,64x1x1,64x16x64x1
Qcur-13,kernel_concat_f32_non_contiguous,0.362000,16x64x1,0x0x0,192x16x64x1
kv_cmpr_pe-13,kernel_transpose_32_16,0.010200,512x16x0,1x16x0,576x64x1x1
kv_cmpr_pe-13,kernel_mul_mat_Ab_Bi_8x4,0.328500,8x144x1,1x128x1,576x64x1x1
k_pe-13,kernel_rope_norm_f32,0.002700,64x64x1,64x1x1,64x1x64x1
node_832,kernel_repeat,0.273500,16x64x1,0x0x0,64x16x64x1
kv_cmpr-13,kernel_rms_norm_mul,0.010000,32768x1x1,512x1x1,512x64x1x1
kv-13,kernel_transpose_32_16,0.004100,128x16x0,1x16x0,4096x64x1x1
kv-13,kernel_mul_mat_Ab_Bi_8x4,0.138300,8x1024x1,1x128x1,4096x64x1x1
Kcur-13,kernel_concat_f32_non_contiguous,0.400700,16x64x1,0x0x0,192x16x64x1
Vcur_cont-13,kernel_cpy_f32_f32,0.013100,1024x64x1,64x1x1,128x16x64x1
cache_k_l13 (view),kernel_set_rows_f16_i64,0.015300,65536x1x1,1024x1x1,3072x4096x1x1
cache_v_l13 (view),kernel_set_rows_f16_i64,0.012000,65536x1x1,1024x1x1,2048x4096x1x1
__fattn__-13,flash_attn_f32_f16,4.815900,64x16x0,16x1x0,128x16x64x1
node_853,kernel_transpose_32_16,0.009200,512x16x0,1x16x0,2048x64x1x1
node_853,kernel_mul_mat_Ab_Bi_8x4,0.388900,8x512x1,1x128x1,2048x64x1x1
ffn_inp-13,kernel_add,0.020800,4096x1x1,64x1x1,2048x64x1x1
ffn_norm-13,kernel_rms_norm_mul,0.020000,65536x1x1,1024x1x1,2048x64x1x1
ffn_moe_logits-13,kernel_mul_mm_f32_f32_l4_lm,0.514300,128x1x1,128x1x1,64x64x1x1
ffn_moe_probs-13,kernel_soft_max_4,0.003900,4096x1x1,64x1x1,64x64x1x1
ffn_moe_argsort-13,kernel_argsort_f32_i32,0.015200,64x64x1,64x1x1,64x64x1x1
ffn_moe_weights-13,kernel_get_rows_f32,0.004100,384x64x1,64x1x1,1x6x64x1
ffn_moe_weights_scaled-13,kernel_scale,0.001700,96x1x1,64x1x1,1x6x64x1
ffn_moe_gate-13,kernel_mul_mv_id_q4_0_f32_8x_flat,9.669900,11264x1x384,64x1x1,1408x6x64x1
ffn_moe_up-13,kernel_mul_mv_id_q4_0_f32_8x_flat,9.780900,11264x1x384,64x1x1,1408x6x64x1
ffn_moe_weighted-13,kernel_swiglu,0.086500,196608x1x1,512x1x1,1408x6x64x1
ffn_moe_down-13,kernel_mul_mv_id_q4_0_f32_8x_flat,10.051500,16384x1x384,64x1x1,2048x6x64x1
node_869,kernel_mul,0.105500,384x64x1,64x1x1,2048x6x64x1
ffn_gate-13,kernel_transpose_32_16,0.011800,512x16x0,1x16x0,2816x64x1x1
ffn_gate-13,kernel_mul_mat_Ab_Bi_8x4,0.394600,8x704x1,1x128x1,2816x64x1x1
ffn_up-13,kernel_transpose_32_16,0.010000,512x16x0,1x16x0,2816x64x1x1
ffn_up-13,kernel_mul_mat_Ab_Bi_8x4,0.392700,8x704x1,1x128x1,2816x64x1x1
ffn_swiglu-13,kernel_swiglu,0.023600,32768x1x1,512x1x1,2816x64x1x1
node_879,kernel_add,0.024300,4096x1x1,64x1x1,2048x64x1x1
node_880,kernel_add,0.021300,4096x1x1,64x1x1,2048x64x1x1
node_881,kernel_add,0.018400,4096x1x1,64x1x1,2048x64x1x1
node_882,kernel_add,0.018900,4096x1x1,64x1x1,2048x64x1x1
ffn_moe_out-13,kernel_add,0.018400,4096x1x1,64x1x1,2048x64x1x1
ffn_shexp-13,kernel_transpose_32_16,0.013700,704x16x0,1x16x0,2048x64x1x1
ffn_shexp-13,kernel_mul_mat_Ab_Bi_8x4,0.533100,8x512x1,1x128x1,2048x64x1x1
ffn_out-13,kernel_add,0.022700,4096x1x1,64x1x1,2048x64x1x1
l_out-13,kernel_add,0.018700,4096x1x1,64x1x1,2048x64x1x1
attn_norm-14,kernel_rms_norm_mul,0.019900,65536x1x1,1024x1x1,2048x64x1x1
q-14,kernel_transpose_32_16,0.009100,512x16x0,1x16x0,3072x64x1x1
q-14,kernel_mul_mat_Ab_Bi_8x4,0.402200,8x768x1,1x128x1,3072x64x1x1
q_pe-14,kernel_rope_norm_f32,0.012300,1024x64x1,64x1x1,64x16x64x1
Qcur-14,kernel_concat_f32_non_contiguous,0.358600,16x64x1,0x0x0,192x16x64x1
kv_cmpr_pe-14,kernel_transpose_32_16,0.010700,512x16x0,1x16x0,576x64x1x1
kv_cmpr_pe-14,kernel_mul_mat_Ab_Bi_8x4,0.327900,8x144x1,1x128x1,576x64x1x1
k_pe-14,kernel_rope_norm_f32,0.002600,64x64x1,64x1x1,64x1x64x1
node_897,kernel_repeat,0.272500,16x64x1,0x0x0,64x16x64x1
kv_cmpr-14,kernel_rms_norm_mul,0.010100,32768x1x1,512x1x1,512x64x1x1
kv-14,kernel_transpose_32_16,0.003800,128x16x0,1x16x0,4096x64x1x1
kv-14,kernel_mul_mat_Ab_Bi_8x4,0.138400,8x1024x1,1x128x1,4096x64x1x1
Kcur-14,kernel_concat_f32_non_contiguous,0.459100,16x64x1,0x0x0,192x16x64x1
Vcur_cont-14,kernel_cpy_f32_f32,0.014200,1024x64x1,64x1x1,128x16x64x1
cache_k_l14 (view),kernel_set_rows_f16_i64,0.015900,65536x1x1,1024x1x1,3072x4096x1x1
cache_v_l14 (view),kernel_set_rows_f16_i64,0.011100,65536x1x1,1024x1x1,2048x4096x1x1
__fattn__-14,flash_attn_f32_f16,4.809900,64x16x0,16x1x0,128x16x64x1
node_918,kernel_transpose_32_16,0.009200,512x16x0,1x16x0,2048x64x1x1
node_918,kernel_mul_mat_Ab_Bi_8x4,0.380700,8x512x1,1x128x1,2048x64x1x1
ffn_inp-14,kernel_add,0.021800,4096x1x1,64x1x1,2048x64x1x1
ffn_norm-14,kernel_rms_norm_mul,0.019900,65536x1x1,1024x1x1,2048x64x1x1
ffn_moe_logits-14,kernel_mul_mm_f32_f32_l4_lm,0.518600,128x1x1,128x1x1,64x64x1x1
ffn_moe_probs-14,kernel_soft_max_4,0.003800,4096x1x1,64x1x1,64x64x1x1
ffn_moe_argsort-14,kernel_argsort_f32_i32,0.015100,64x64x1,64x1x1,64x64x1x1
ffn_moe_weights-14,kernel_get_rows_f32,0.004200,384x64x1,64x1x1,1x6x64x1
ffn_moe_weights_scaled-14,kernel_scale,0.002000,96x1x1,64x1x1,1x6x64x1
ffn_moe_gate-14,kernel_mul_mv_id_q4_0_f32_8x_flat,9.509800,11264x1x384,64x1x1,1408x6x64x1
ffn_moe_up-14,kernel_mul_mv_id_q4_0_f32_8x_flat,9.493000,11264x1x384,64x1x1,1408x6x64x1
ffn_moe_weighted-14,kernel_swiglu,0.082600,196608x1x1,512x1x1,1408x6x64x1
ffn_moe_down-14,kernel_mul_mv_id_q4_0_f32_8x_flat,9.874100,16384x1x384,64x1x1,2048x6x64x1
node_934,kernel_mul,0.101500,384x64x1,64x1x1,2048x6x64x1
ffn_gate-14,kernel_transpose_32_16,0.010700,512x16x0,1x16x0,2816x64x1x1
ffn_gate-14,kernel_mul_mat_Ab_Bi_8x4,0.389200,8x704x1,1x128x1,2816x64x1x1
ffn_up-14,kernel_transpose_32_16,0.009400,512x16x0,1x16x0,2816x64x1x1
ffn_up-14,kernel_mul_mat_Ab_Bi_8x4,0.397300,8x704x1,1x128x1,2816x64x1x1
ffn_swiglu-14,kernel_swiglu,0.023200,32768x1x1,512x1x1,2816x64x1x1
node_944,kernel_add,0.023800,4096x1x1,64x1x1,2048x64x1x1
node_945,kernel_add,0.021000,4096x1x1,64x1x1,2048x64x1x1
node_946,kernel_add,0.017100,4096x1x1,64x1x1,2048x64x1x1
node_947,kernel_add,0.017200,4096x1x1,64x1x1,2048x64x1x1
ffn_moe_out-14,kernel_add,0.017600,4096x1x1,64x1x1,2048x64x1x1
ffn_shexp-14,kernel_transpose_32_16,0.011700,704x16x0,1x16x0,2048x64x1x1
ffn_shexp-14,kernel_mul_mat_Ab_Bi_8x4,0.524700,8x512x1,1x128x1,2048x64x1x1
ffn_out-14,kernel_add,0.020600,4096x1x1,64x1x1,2048x64x1x1
l_out-14,kernel_add,0.018400,4096x1x1,64x1x1,2048x64x1x1
attn_norm-15,kernel_rms_norm_mul,0.019500,65536x1x1,1024x1x1,2048x64x1x1
q-15,kernel_transpose_32_16,0.006900,512x16x0,1x16x0,3072x64x1x1
q-15,kernel_mul_mat_Ab_Bi_8x4,0.406600,8x768x1,1x128x1,3072x64x1x1
q_pe-15,kernel_rope_norm_f32,0.012000,1024x64x1,64x1x1,64x16x64x1
Qcur-15,kernel_concat_f32_non_contiguous,0.364800,16x64x1,0x0x0,192x16x64x1
kv_cmpr_pe-15,kernel_transpose_32_16,0.010500,512x16x0,1x16x0,576x64x1x1
kv_cmpr_pe-15,kernel_mul_mat_Ab_Bi_8x4,0.327800,8x144x1,1x128x1,576x64x1x1
k_pe-15,kernel_rope_norm_f32,0.002800,64x64x1,64x1x1,64x1x64x1
node_962,kernel_repeat,0.272500,16x64x1,0x0x0,64x16x64x1
kv_cmpr-15,kernel_rms_norm_mul,0.010000,32768x1x1,512x1x1,512x64x1x1
kv-15,kernel_transpose_32_16,0.004100,128x16x0,1x16x0,4096x64x1x1
kv-15,kernel_mul_mat_Ab_Bi_8x4,0.135800,8x1024x1,1x128x1,4096x64x1x1
Kcur-15,kernel_concat_f32_non_contiguous,0.390300,16x64x1,0x0x0,192x16x64x1
Vcur_cont-15,kernel_cpy_f32_f32,0.012700,1024x64x1,64x1x1,128x16x64x1
cache_k_l15 (view),kernel_set_rows_f16_i64,0.016000,65536x1x1,1024x1x1,3072x4096x1x1
cache_v_l15 (view),kernel_set_rows_f16_i64,0.011500,65536x1x1,1024x1x1,2048x4096x1x1
__fattn__-15,flash_attn_f32_f16,4.799600,64x16x0,16x1x0,128x16x64x1
node_983,kernel_transpose_32_16,0.009900,512x16x0,1x16x0,2048x64x1x1
node_983,kernel_mul_mat_Ab_Bi_8x4,0.390300,8x512x1,1x128x1,2048x64x1x1
ffn_inp-15,kernel_add,0.021300,4096x1x1,64x1x1,2048x64x1x1
ffn_norm-15,kernel_rms_norm_mul,0.020000,65536x1x1,1024x1x1,2048x64x1x1
ffn_moe_logits-15,kernel_mul_mm_f32_f32_l4_lm,0.513000,128x1x1,128x1x1,64x64x1x1
ffn_moe_probs-15,kernel_soft_max_4,0.003600,4096x1x1,64x1x1,64x64x1x1
ffn_moe_argsort-15,kernel_argsort_f32_i32,0.015000,64x64x1,64x1x1,64x64x1x1
ffn_moe_weights-15,kernel_get_rows_f32,0.004000,384x64x1,64x1x1,1x6x64x1
ffn_moe_weights_scaled-15,kernel_scale,0.001900,96x1x1,64x1x1,1x6x64x1
ffn_moe_gate-15,kernel_mul_mv_id_q4_0_f32_8x_flat,9.473800,11264x1x384,64x1x1,1408x6x64x1
ffn_moe_up-15,kernel_mul_mv_id_q4_0_f32_8x_flat,9.492400,11264x1x384,64x1x1,1408x6x64x1
ffn_moe_weighted-15,kernel_swiglu,0.083900,196608x1x1,512x1x1,1408x6x64x1
ffn_moe_down-15,kernel_mul_mv_id_q4_0_f32_8x_flat,9.948200,16384x1x384,64x1x1,2048x6x64x1
node_999,kernel_mul,0.101900,384x64x1,64x1x1,2048x6x64x1
ffn_gate-15,kernel_transpose_32_16,0.011200,512x16x0,1x16x0,2816x64x1x1
ffn_gate-15,kernel_mul_mat_Ab_Bi_8x4,0.393800,8x704x1,1x128x1,2816x64x1x1
ffn_up-15,kernel_transpose_32_16,0.010300,512x16x0,1x16x0,2816x64x1x1
ffn_up-15,kernel_mul_mat_Ab_Bi_8x4,0.398200,8x704x1,1x128x1,2816x64x1x1
ffn_swiglu-15,kernel_swiglu,0.023700,32768x1x1,512x1x1,2816x64x1x1
node_1009,kernel_add,0.021500,4096x1x1,64x1x1,2048x64x1x1
node_1010,kernel_add,0.019900,4096x1x1,64x1x1,2048x64x1x1
node_1011,kernel_add,0.017700,4096x1x1,64x1x1,2048x64x1x1
node_1012,kernel_add,0.018000,4096x1x1,64x1x1,2048x64x1x1
ffn_moe_out-15,kernel_add,0.017200,4096x1x1,64x1x1,2048x64x1x1
ffn_shexp-15,kernel_transpose_32_16,0.013400,704x16x0,1x16x0,2048x64x1x1
ffn_shexp-15,kernel_mul_mat_Ab_Bi_8x4,0.545900,8x512x1,1x128x1,2048x64x1x1
ffn_out-15,kernel_add,0.022300,4096x1x1,64x1x1,2048x64x1x1
l_out-15,kernel_add,0.017200,4096x1x1,64x1x1,2048x64x1x1
attn_norm-16,kernel_rms_norm_mul,0.019800,65536x1x1,1024x1x1,2048x64x1x1
q-16,kernel_transpose_32_16,0.006500,512x16x0,1x16x0,3072x64x1x1
q-16,kernel_mul_mat_Ab_Bi_8x4,0.406700,8x768x1,1x128x1,3072x64x1x1
q_pe-16,kernel_rope_norm_f32,0.011800,1024x64x1,64x1x1,64x16x64x1
Qcur-16,kernel_concat_f32_non_contiguous,0.356400,16x64x1,0x0x0,192x16x64x1
kv_cmpr_pe-16,kernel_transpose_32_16,0.010400,512x16x0,1x16x0,576x64x1x1
kv_cmpr_pe-16,kernel_mul_mat_Ab_Bi_8x4,0.329100,8x144x1,1x128x1,576x64x1x1
k_pe-16,kernel_rope_norm_f32,0.003000,64x64x1,64x1x1,64x1x64x1
node_1027,kernel_repeat,0.271500,16x64x1,0x0x0,64x16x64x1
kv_cmpr-16,kernel_rms_norm_mul,0.009800,32768x1x1,512x1x1,512x64x1x1
kv-16,kernel_transpose_32_16,0.003800,128x16x0,1x16x0,4096x64x1x1
kv-16,kernel_mul_mat_Ab_Bi_8x4,0.139900,8x1024x1,1x128x1,4096x64x1x1
Kcur-16,kernel_concat_f32_non_contiguous,0.442500,16x64x1,0x0x0,192x16x64x1
Vcur_cont-16,kernel_cpy_f32_f32,0.013900,1024x64x1,64x1x1,128x16x64x1
cache_k_l16 (view),kernel_set_rows_f16_i64,0.015800,65536x1x1,1024x1x1,3072x4096x1x1
cache_v_l16 (view),kernel_set_rows_f16_i64,0.011400,65536x1x1,1024x1x1,2048x4096x1x1
__fattn__-16,flash_attn_f32_f16,4.891800,64x16x0,16x1x0,128x16x64x1
node_1048,kernel_transpose_32_16,0.009800,512x16x0,1x16x0,2048x64x1x1
node_1048,kernel_mul_mat_Ab_Bi_8x4,0.391500,8x512x1,1x128x1,2048x64x1x1
ffn_inp-16,kernel_add,0.020500,4096x1x1,64x1x1,2048x64x1x1
ffn_norm-16,kernel_rms_norm_mul,0.020100,65536x1x1,1024x1x1,2048x64x1x1
ffn_moe_logits-16,kernel_mul_mm_f32_f32_l4_lm,0.511300,128x1x1,128x1x1,64x64x1x1
ffn_moe_probs-16,kernel_soft_max_4,0.003800,4096x1x1,64x1x1,64x64x1x1
ffn_moe_argsort-16,kernel_argsort_f32_i32,0.015600,64x64x1,64x1x1,64x64x1x1
ffn_moe_weights-16,kernel_get_rows_f32,0.004000,384x64x1,64x1x1,1x6x64x1
ffn_moe_weights_scaled-16,kernel_scale,0.001800,96x1x1,64x1x1,1x6x64x1
ffn_moe_gate-16,kernel_mul_mv_id_q4_0_f32_8x_flat,9.730500,11264x1x384,64x1x1,1408x6x64x1
ffn_moe_up-16,kernel_mul_mv_id_q4_0_f32_8x_flat,9.602300,11264x1x384,64x1x1,1408x6x64x1
ffn_moe_weighted-16,kernel_swiglu,0.084700,196608x1x1,512x1x1,1408x6x64x1
ffn_moe_down-16,kernel_mul_mv_id_q4_0_f32_8x_flat,10.222000,16384x1x384,64x1x1,2048x6x64x1
node_1064,kernel_mul,0.114200,384x64x1,64x1x1,2048x6x64x1
ffn_gate-16,kernel_transpose_32_16,0.011800,512x16x0,1x16x0,2816x64x1x1
ffn_gate-16,kernel_mul_mat_Ab_Bi_8x4,0.398500,8x704x1,1x128x1,2816x64x1x1
ffn_up-16,kernel_transpose_32_16,0.010800,512x16x0,1x16x0,2816x64x1x1
ffn_up-16,kernel_mul_mat_Ab_Bi_8x4,0.398200,8x704x1,1x128x1,2816x64x1x1
ffn_swiglu-16,kernel_swiglu,0.024800,32768x1x1,512x1x1,2816x64x1x1
node_1074,kernel_add,0.026400,4096x1x1,64x1x1,2048x64x1x1
node_1075,kernel_add,0.022000,4096x1x1,64x1x1,2048x64x1x1
node_1076,kernel_add,0.019400,4096x1x1,64x1x1,2048x64x1x1
node_1077,kernel_add,0.018200,4096x1x1,64x1x1,2048x64x1x1
ffn_moe_out-16,kernel_add,0.019000,4096x1x1,64x1x1,2048x64x1x1
ffn_shexp-16,kernel_transpose_32_16,0.014000,704x16x0,1x16x0,2048x64x1x1
ffn_shexp-16,kernel_mul_mat_Ab_Bi_8x4,0.553800,8x512x1,1x128x1,2048x64x1x1
ffn_out-16,kernel_add,0.021900,4096x1x1,64x1x1,2048x64x1x1
l_out-16,kernel_add,0.019700,4096x1x1,64x1x1,2048x64x1x1
attn_norm-17,kernel_rms_norm_mul,0.020000,65536x1x1,1024x1x1,2048x64x1x1
q-17,kernel_transpose_32_16,0.006600,512x16x0,1x16x0,3072x64x1x1
q-17,kernel_mul_mat_Ab_Bi_8x4,0.408500,8x768x1,1x128x1,3072x64x1x1
q_pe-17,kernel_rope_norm_f32,0.013200,1024x64x1,64x1x1,64x16x64x1
Qcur-17,kernel_concat_f32_non_contiguous,0.369100,16x64x1,0x0x0,192x16x64x1
kv_cmpr_pe-17,kernel_transpose_32_16,0.011600,512x16x0,1x16x0,576x64x1x1
kv_cmpr_pe-17,kernel_mul_mat_Ab_Bi_8x4,0.338500,8x144x1,1x128x1,576x64x1x1
k_pe-17,kernel_rope_norm_f32,0.003000,64x64x1,64x1x1,64x1x64x1
node_1092,kernel_repeat,0.271000,16x64x1,0x0x0,64x16x64x1
kv_cmpr-17,kernel_rms_norm_mul,0.010100,32768x1x1,512x1x1,512x64x1x1
kv-17,kernel_transpose_32_16,0.004400,128x16x0,1x16x0,4096x64x1x1
kv-17,kernel_mul_mat_Ab_Bi_8x4,0.139100,8x1024x1,1x128x1,4096x64x1x1
Kcur-17,kernel_concat_f32_non_contiguous,0.448900,16x64x1,0x0x0,192x16x64x1
Vcur_cont-17,kernel_cpy_f32_f32,0.013700,1024x64x1,64x1x1,128x16x64x1
cache_k_l17 (view),kernel_set_rows_f16_i64,0.017000,65536x1x1,1024x1x1,3072x4096x1x1
cache_v_l17 (view),kernel_set_rows_f16_i64,0.011900,65536x1x1,1024x1x1,2048x4096x1x1
__fattn__-17,flash_attn_f32_f16,5.362000,64x16x0,16x1x0,128x16x64x1
node_1113,kernel_transpose_32_16,0.010900,512x16x0,1x16x0,2048x64x1x1
node_1113,kernel_mul_mat_Ab_Bi_8x4,0.403400,8x512x1,1x128x1,2048x64x1x1
ffn_inp-17,kernel_add,0.034600,4096x1x1,64x1x1,2048x64x1x1
ffn_norm-17,kernel_rms_norm_mul,0.020400,65536x1x1,1024x1x1,2048x64x1x1
ffn_moe_logits-17,kernel_mul_mm_f32_f32_l4_lm,0.528600,128x1x1,128x1x1,64x64x1x1
ffn_moe_probs-17,kernel_soft_max_4,0.003800,4096x1x1,64x1x1,64x64x1x1
ffn_moe_argsort-17,kernel_argsort_f32_i32,0.015300,64x64x1,64x1x1,64x64x1x1
ffn_moe_weights-17,kernel_get_rows_f32,0.004100,384x64x1,64x1x1,1x6x64x1
ffn_moe_weights_scaled-17,kernel_scale,0.001900,96x1x1,64x1x1,1x6x64x1
ffn_moe_gate-17,kernel_mul_mv_id_q4_0_f32_8x_flat,10.617200,11264x1x384,64x1x1,1408x6x64x1
ffn_moe_up-17,kernel_mul_mv_id_q4_0_f32_8x_flat,10.934200,11264x1x384,64x1x1,1408x6x64x1
ffn_moe_weighted-17,kernel_swiglu,0.092300,196608x1x1,512x1x1,1408x6x64x1
ffn_moe_down-17,kernel_mul_mv_id_q4_0_f32_8x_flat,10.448400,16384x1x384,64x1x1,2048x6x64x1
node_1129,kernel_mul,0.103100,384x64x1,64x1x1,2048x6x64x1
ffn_gate-17,kernel_transpose_32_16,0.011000,512x16x0,1x16x0,2816x64x1x1
ffn_gate-17,kernel_mul_mat_Ab_Bi_8x4,0.398000,8x704x1,1x128x1,2816x64x1x1
ffn_up-17,kernel_transpose_32_16,0.010400,512x16x0,1x16x0,2816x64x1x1
ffn_up-17,kernel_mul_mat_Ab_Bi_8x4,0.396800,8x704x1,1x128x1,2816x64x1x1
ffn_swiglu-17,kernel_swiglu,0.023900,32768x1x1,512x1x1,2816x64x1x1
node_1139,kernel_add,0.023800,4096x1x1,64x1x1,2048x64x1x1
node_1140,kernel_add,0.020200,4096x1x1,64x1x1,2048x64x1x1
node_1141,kernel_add,0.017800,4096x1x1,64x1x1,2048x64x1x1
node_1142,kernel_add,0.017300,4096x1x1,64x1x1,2048x64x1x1
ffn_moe_out-17,kernel_add,0.017400,4096x1x1,64x1x1,2048x64x1x1
ffn_shexp-17,kernel_transpose_32_16,0.012500,704x16x0,1x16x0,2048x64x1x1
ffn_shexp-17,kernel_mul_mat_Ab_Bi_8x4,0.543200,8x512x1,1x128x1,2048x64x1x1
ffn_out-17,kernel_add,0.021400,4096x1x1,64x1x1,2048x64x1x1
l_out-17,kernel_add,0.018000,4096x1x1,64x1x1,2048x64x1x1
attn_norm-18,kernel_rms_norm_mul,0.019700,65536x1x1,1024x1x1,2048x64x1x1
q-18,kernel_transpose_32_16,0.006900,512x16x0,1x16x0,3072x64x1x1
q-18,kernel_mul_mat_Ab_Bi_8x4,0.404100,8x768x1,1x128x1,3072x64x1x1
q_pe-18,kernel_rope_norm_f32,0.011800,1024x64x1,64x1x1,64x16x64x1
Qcur-18,kernel_concat_f32_non_contiguous,0.363300,16x64x1,0x0x0,192x16x64x1
kv_cmpr_pe-18,kernel_transpose_32_16,0.009400,512x16x0,1x16x0,576x64x1x1
kv_cmpr_pe-18,kernel_mul_mat_Ab_Bi_8x4,0.328600,8x144x1,1x128x1,576x64x1x1
k_pe-18,kernel_rope_norm_f32,0.002700,64x64x1,64x1x1,64x1x64x1
node_1157,kernel_repeat,0.272400,16x64x1,0x0x0,64x16x64x1
kv_cmpr-18,kernel_rms_norm_mul,0.010400,32768x1x1,512x1x1,512x64x1x1
kv-18,kernel_transpose_32_16,0.003800,128x16x0,1x16x0,4096x64x1x1
kv-18,kernel_mul_mat_Ab_Bi_8x4,0.137200,8x1024x1,1x128x1,4096x64x1x1
Kcur-18,kernel_concat_f32_non_contiguous,0.435500,16x64x1,0x0x0,192x16x64x1
Vcur_cont-18,kernel_cpy_f32_f32,0.010400,1024x64x1,64x1x1,128x16x64x1
cache_k_l18 (view),kernel_set_rows_f16_i64,0.015500,65536x1x1,1024x1x1,3072x4096x1x1
cache_v_l18 (view),kernel_set_rows_f16_i64,0.012200,65536x1x1,1024x1x1,2048x4096x1x1
__fattn__-18,flash_attn_f32_f16,4.805900,64x16x0,16x1x0,128x16x64x1
node_1178,kernel_transpose_32_16,0.009700,512x16x0,1x16x0,2048x64x1x1
node_1178,kernel_mul_mat_Ab_Bi_8x4,0.377900,8x512x1,1x128x1,2048x64x1x1
ffn_inp-18,kernel_add,0.020800,4096x1x1,64x1x1,2048x64x1x1
ffn_norm-18,kernel_rms_norm_mul,0.020300,65536x1x1,1024x1x1,2048x64x1x1
ffn_moe_logits-18,kernel_mul_mm_f32_f32_l4_lm,0.495600,128x1x1,128x1x1,64x64x1x1
ffn_moe_probs-18,kernel_soft_max_4,0.003700,4096x1x1,64x1x1,64x64x1x1
ffn_moe_argsort-18,kernel_argsort_f32_i32,0.015500,64x64x1,64x1x1,64x64x1x1
ffn_moe_weights-18,kernel_get_rows_f32,0.004100,384x64x1,64x1x1,1x6x64x1
ffn_moe_weights_scaled-18,kernel_scale,0.001800,96x1x1,64x1x1,1x6x64x1
ffn_moe_gate-18,kernel_mul_mv_id_q4_0_f32_8x_flat,9.604800,11264x1x384,64x1x1,1408x6x64x1
ffn_moe_up-18,kernel_mul_mv_id_q4_0_f32_8x_flat,9.722900,11264x1x384,64x1x1,1408x6x64x1
ffn_moe_weighted-18,kernel_swiglu,0.084200,196608x1x1,512x1x1,1408x6x64x1
ffn_moe_down-18,kernel_mul_mv_id_q4_0_f32_8x_flat,9.978200,16384x1x384,64x1x1,2048x6x64x1
node_1194,kernel_mul,0.105400,384x64x1,64x1x1,2048x6x64x1
ffn_gate-18,kernel_transpose_32_16,0.011500,512x16x0,1x16x0,2816x64x1x1
ffn_gate-18,kernel_mul_mat_Ab_Bi_8x4,0.401000,8x704x1,1x128x1,2816x64x1x1
ffn_up-18,kernel_transpose_32_16,0.010000,512x16x0,1x16x0,2816x64x1x1
ffn_up-18,kernel_mul_mat_Ab_Bi_8x4,0.398800,8x704x1,1x128x1,2816x64x1x1
ffn_swiglu-18,kernel_swiglu,0.024600,32768x1x1,512x1x1,2816x64x1x1
node_1204,kernel_add,0.025600,4096x1x1,64x1x1,2048x64x1x1
node_1205,kernel_add,0.017200,4096x1x1,64x1x1,2048x64x1x1
node_1206,kernel_add,0.018300,4096x1x1,64x1x1,2048x64x1x1
node_1207,kernel_add,0.018000,4096x1x1,64x1x1,2048x64x1x1
ffn_moe_out-18,kernel_add,0.017900,4096x1x1,64x1x1,2048x64x1x1
ffn_shexp-18,kernel_transpose_32_16,0.013900,704x16x0,1x16x0,2048x64x1x1
ffn_shexp-18,kernel_mul_mat_Ab_Bi_8x4,0.519900,8x512x1,1x128x1,2048x64x1x1
ffn_out-18,kernel_add,0.020500,4096x1x1,64x1x1,2048x64x1x1
l_out-18,kernel_add,0.018300,4096x1x1,64x1x1,2048x64x1x1
attn_norm-19,kernel_rms_norm_mul,0.020100,65536x1x1,1024x1x1,2048x64x1x1
q-19,kernel_transpose_32_16,0.009700,512x16x0,1x16x0,3072x64x1x1
q-19,kernel_mul_mat_Ab_Bi_8x4,0.407400,8x768x1,1x128x1,3072x64x1x1
q_pe-19,kernel_rope_norm_f32,0.012200,1024x64x1,64x1x1,64x16x64x1
Qcur-19,kernel_concat_f32_non_contiguous,0.359800,16x64x1,0x0x0,192x16x64x1
kv_cmpr_pe-19,kernel_transpose_32_16,0.011000,512x16x0,1x16x0,576x64x1x1
kv_cmpr_pe-19,kernel_mul_mat_Ab_Bi_8x4,0.331800,8x144x1,1x128x1,576x64x1x1
k_pe-19,kernel_rope_norm_f32,0.002500,64x64x1,64x1x1,64x1x64x1
node_1222,kernel_repeat,0.272100,16x64x1,0x0x0,64x16x64x1
kv_cmpr-19,kernel_rms_norm_mul,0.009700,32768x1x1,512x1x1,512x64x1x1
kv-19,kernel_transpose_32_16,0.004000,128x16x0,1x16x0,4096x64x1x1
kv-19,kernel_mul_mat_Ab_Bi_8x4,0.137100,8x1024x1,1x128x1,4096x64x1x1
Kcur-19,kernel_concat_f32_non_contiguous,0.421700,16x64x1,0x0x0,192x16x64x1
Vcur_cont-19,kernel_cpy_f32_f32,0.012800,1024x64x1,64x1x1,128x16x64x1
cache_k_l19 (view),kernel_set_rows_f16_i64,0.015900,65536x1x1,1024x1x1,3072x4096x1x1
cache_v_l19 (view),kernel_set_rows_f16_i64,0.011600,65536x1x1,1024x1x1,2048x4096x1x1
__fattn__-19,flash_attn_f32_f16,4.833300,64x16x0,16x1x0,128x16x64x1
node_1243,kernel_transpose_32_16,0.009600,512x16x0,1x16x0,2048x64x1x1
node_1243,kernel_mul_mat_Ab_Bi_8x4,0.396700,8x512x1,1x128x1,2048x64x1x1
ffn_inp-19,kernel_add,0.020900,4096x1x1,64x1x1,2048x64x1x1
ffn_norm-19,kernel_rms_norm_mul,0.020200,65536x1x1,1024x1x1,2048x64x1x1
ffn_moe_logits-19,kernel_mul_mm_f32_f32_l4_lm,0.516800,128x1x1,128x1x1,64x64x1x1
ffn_moe_probs-19,kernel_soft_max_4,0.003700,4096x1x1,64x1x1,64x64x1x1
ffn_moe_argsort-19,kernel_argsort_f32_i32,0.015000,64x64x1,64x1x1,64x64x1x1
ffn_moe_weights-19,kernel_get_rows_f32,0.004500,384x64x1,64x1x1,1x6x64x1
ffn_moe_weights_scaled-19,kernel_scale,0.001700,96x1x1,64x1x1,1x6x64x1
ffn_moe_gate-19,kernel_mul_mv_id_q4_0_f32_8x_flat,9.588600,11264x1x384,64x1x1,1408x6x64x1
ffn_moe_up-19,kernel_mul_mv_id_q4_0_f32_8x_flat,9.525700,11264x1x384,64x1x1,1408x6x64x1
ffn_moe_weighted-19,kernel_swiglu,0.082700,196608x1x1,512x1x1,1408x6x64x1
ffn_moe_down-19,kernel_mul_mv_id_q4_0_f32_8x_flat,9.842900,16384x1x384,64x1x1,2048x6x64x1
node_1259,kernel_mul,0.103100,384x64x1,64x1x1,2048x6x64x1
ffn_gate-19,kernel_transpose_32_16,0.011300,512x16x0,1x16x0,2816x64x1x1
ffn_gate-19,kernel_mul_mat_Ab_Bi_8x4,0.397700,8x704x1,1x128x1,2816x64x1x1
ffn_up-19,kernel_transpose_32_16,0.009900,512x16x0,1x16x0,2816x64x1x1
ffn_up-19,kernel_mul_mat_Ab_Bi_8x4,0.390900,8x704x1,1x128x1,2816x64x1x1
ffn_swiglu-19,kernel_swiglu,0.024700,32768x1x1,512x1x1,2816x64x1x1
node_1269,kernel_add,0.023500,4096x1x1,64x1x1,2048x64x1x1
node_1270,kernel_add,0.021000,4096x1x1,64x1x1,2048x64x1x1
node_1271,kernel_add,0.017900,4096x1x1,64x1x1,2048x64x1x1
node_1272,kernel_add,0.017500,4096x1x1,64x1x1,2048x64x1x1
ffn_moe_out-19,kernel_add,0.017600,4096x1x1,64x1x1,2048x64x1x1
ffn_shexp-19,kernel_transpose_32_16,0.012800,704x16x0,1x16x0,2048x64x1x1
ffn_shexp-19,kernel_mul_mat_Ab_Bi_8x4,0.537300,8x512x1,1x128x1,2048x64x1x1
ffn_out-19,kernel_add,0.021400,4096x1x1,64x1x1,2048x64x1x1
l_out-19,kernel_add,0.017600,4096x1x1,64x1x1,2048x64x1x1
attn_norm-20,kernel_rms_norm_mul,0.019600,65536x1x1,1024x1x1,2048x64x1x1
q-20,kernel_transpose_32_16,0.006900,512x16x0,1x16x0,3072x64x1x1
q-20,kernel_mul_mat_Ab_Bi_8x4,0.403200,8x768x1,1x128x1,3072x64x1x1
q_pe-20,kernel_rope_norm_f32,0.009300,1024x64x1,64x1x1,64x16x64x1
Qcur-20,kernel_concat_f32_non_contiguous,0.357500,16x64x1,0x0x0,192x16x64x1
kv_cmpr_pe-20,kernel_transpose_32_16,0.010400,512x16x0,1x16x0,576x64x1x1
kv_cmpr_pe-20,kernel_mul_mat_Ab_Bi_8x4,0.328200,8x144x1,1x128x1,576x64x1x1
k_pe-20,kernel_rope_norm_f32,0.002700,64x64x1,64x1x1,64x1x64x1
node_1287,kernel_repeat,0.271400,16x64x1,0x0x0,64x16x64x1
kv_cmpr-20,kernel_rms_norm_mul,0.010300,32768x1x1,512x1x1,512x64x1x1
kv-20,kernel_transpose_32_16,0.004100,128x16x0,1x16x0,4096x64x1x1
kv-20,kernel_mul_mat_Ab_Bi_8x4,0.138200,8x1024x1,1x128x1,4096x64x1x1
Kcur-20,kernel_concat_f32_non_contiguous,0.393800,16x64x1,0x0x0,192x16x64x1
Vcur_cont-20,kernel_cpy_f32_f32,0.014100,1024x64x1,64x1x1,128x16x64x1
cache_k_l20 (view),kernel_set_rows_f16_i64,0.016900,65536x1x1,1024x1x1,3072x4096x1x1
cache_v_l20 (view),kernel_set_rows_f16_i64,0.011800,65536x1x1,1024x1x1,2048x4096x1x1
__fattn__-20,flash_attn_f32_f16,4.835500,64x16x0,16x1x0,128x16x64x1
node_1308,kernel_transpose_32_16,0.009400,512x16x0,1x16x0,2048x64x1x1
node_1308,kernel_mul_mat_Ab_Bi_8x4,0.393300,8x512x1,1x128x1,2048x64x1x1
ffn_inp-20,kernel_add,0.017400,4096x1x1,64x1x1,2048x64x1x1
ffn_norm-20,kernel_rms_norm_mul,0.019800,65536x1x1,1024x1x1,2048x64x1x1
ffn_moe_logits-20,kernel_mul_mm_f32_f32_l4_lm,0.522300,128x1x1,128x1x1,64x64x1x1
ffn_moe_probs-20,kernel_soft_max_4,0.003600,4096x1x1,64x1x1,64x64x1x1
ffn_moe_argsort-20,kernel_argsort_f32_i32,0.015100,64x64x1,64x1x1,64x64x1x1
ffn_moe_weights-20,kernel_get_rows_f32,0.004100,384x64x1,64x1x1,1x6x64x1
ffn_moe_weights_scaled-20,kernel_scale,0.001900,96x1x1,64x1x1,1x6x64x1
ffn_moe_gate-20,kernel_mul_mv_id_q4_0_f32_8x_flat,9.427500,11264x1x384,64x1x1,1408x6x64x1
ffn_moe_up-20,kernel_mul_mv_id_q4_0_f32_8x_flat,9.426100,11264x1x384,64x1x1,1408x6x64x1
ffn_moe_weighted-20,kernel_swiglu,0.082100,196608x1x1,512x1x1,1408x6x64x1
ffn_moe_down-20,kernel_mul_mv_id_q4_0_f32_8x_flat,9.852800,16384x1x384,64x1x1,2048x6x64x1
node_1324,kernel_mul,0.102700,384x64x1,64x1x1,2048x6x64x1
ffn_gate-20,kernel_transpose_32_16,0.011000,512x16x0,1x16x0,2816x64x1x1
ffn_gate-20,kernel_mul_mat_Ab_Bi_8x4,0.392700,8x704x1,1x128x1,2816x64x1x1
ffn_up-20,kernel_transpose_32_16,0.009800,512x16x0,1x16x0,2816x64x1x1
ffn_up-20,kernel_mul_mat_Ab_Bi_8x4,0.403500,8x704x1,1x128x1,2816x64x1x1
ffn_swiglu-20,kernel_swiglu,0.021300,32768x1x1,512x1x1,2816x64x1x1
node_1334,kernel_add,0.023500,4096x1x1,64x1x1,2048x64x1x1
node_1335,kernel_add,0.021500,4096x1x1,64x1x1,2048x64x1x1
node_1336,kernel_add,0.017000,4096x1x1,64x1x1,2048x64x1x1
node_1337,kernel_add,0.017500,4096x1x1,64x1x1,2048x64x1x1
ffn_moe_out-20,kernel_add,0.017300,4096x1x1,64x1x1,2048x64x1x1
ffn_shexp-20,kernel_transpose_32_16,0.013200,704x16x0,1x16x0,2048x64x1x1
ffn_shexp-20,kernel_mul_mat_Ab_Bi_8x4,0.529500,8x512x1,1x128x1,2048x64x1x1
ffn_out-20,kernel_add,0.015700,4096x1x1,64x1x1,2048x64x1x1
l_out-20,kernel_add,0.018700,4096x1x1,64x1x1,2048x64x1x1
attn_norm-21,kernel_rms_norm_mul,0.019800,65536x1x1,1024x1x1,2048x64x1x1
q-21,kernel_transpose_32_16,0.006700,512x16x0,1x16x0,3072x64x1x1
q-21,kernel_mul_mat_Ab_Bi_8x4,0.400900,8x768x1,1x128x1,3072x64x1x1
q_pe-21,kernel_rope_norm_f32,0.012200,1024x64x1,64x1x1,64x16x64x1
Qcur-21,kernel_concat_f32_non_contiguous,0.378100,16x64x1,0x0x0,192x16x64x1
kv_cmpr_pe-21,kernel_transpose_32_16,0.010500,512x16x0,1x16x0,576x64x1x1
kv_cmpr_pe-21,kernel_mul_mat_Ab_Bi_8x4,0.327300,8x144x1,1x128x1,576x64x1x1
k_pe-21,kernel_rope_norm_f32,0.002800,64x64x1,64x1x1,64x1x64x1
node_1352,kernel_repeat,0.273200,16x64x1,0x0x0,64x16x64x1
kv_cmpr-21,kernel_rms_norm_mul,0.010100,32768x1x1,512x1x1,512x64x1x1
kv-21,kernel_transpose_32_16,0.004100,128x16x0,1x16x0,4096x64x1x1
kv-21,kernel_mul_mat_Ab_Bi_8x4,0.136800,8x1024x1,1x128x1,4096x64x1x1
Kcur-21,kernel_concat_f32_non_contiguous,0.400700,16x64x1,0x0x0,192x16x64x1
Vcur_cont-21,kernel_cpy_f32_f32,0.013400,1024x64x1,64x1x1,128x16x64x1
cache_k_l21 (view),kernel_set_rows_f16_i64,0.014800,65536x1x1,1024x1x1,3072x4096x1x1
cache_v_l21 (view),kernel_set_rows_f16_i64,0.011800,65536x1x1,1024x1x1,2048x4096x1x1
__fattn__-21,flash_attn_f32_f16,4.814400,64x16x0,16x1x0,128x16x64x1
node_1373,kernel_transpose_32_16,0.009400,512x16x0,1x16x0,2048x64x1x1
node_1373,kernel_mul_mat_Ab_Bi_8x4,0.386000,8x512x1,1x128x1,2048x64x1x1
ffn_inp-21,kernel_add,0.021100,4096x1x1,64x1x1,2048x64x1x1
ffn_norm-21,kernel_rms_norm_mul,0.019700,65536x1x1,1024x1x1,2048x64x1x1
ffn_moe_logits-21,kernel_mul_mm_f32_f32_l4_lm,0.512400,128x1x1,128x1x1,64x64x1x1
ffn_moe_probs-21,kernel_soft_max_4,0.003900,4096x1x1,64x1x1,64x64x1x1
ffn_moe_argsort-21,kernel_argsort_f32_i32,0.015300,64x64x1,64x1x1,64x64x1x1
ffn_moe_weights-21,kernel_get_rows_f32,0.004100,384x64x1,64x1x1,1x6x64x1
ffn_moe_weights_scaled-21,kernel_scale,0.001700,96x1x1,64x1x1,1x6x64x1
ffn_moe_gate-21,kernel_mul_mv_id_q4_0_f32_8x_flat,9.482500,11264x1x384,64x1x1,1408x6x64x1
ffn_moe_up-21,kernel_mul_mv_id_q4_0_f32_8x_flat,9.481100,11264x1x384,64x1x1,1408x6x64x1
ffn_moe_weighted-21,kernel_swiglu,0.081600,196608x1x1,512x1x1,1408x6x64x1
ffn_moe_down-21,kernel_mul_mv_id_q4_0_f32_8x_flat,9.893800,16384x1x384,64x1x1,2048x6x64x1
node_1389,kernel_mul,0.102500,384x64x1,64x1x1,2048x6x64x1
ffn_gate-21,kernel_transpose_32_16,0.011200,512x16x0,1x16x0,2816x64x1x1
ffn_gate-21,kernel_mul_mat_Ab_Bi_8x4,0.394500,8x704x1,1x128x1,2816x64x1x1
ffn_up-21,kernel_transpose_32_16,0.010400,512x16x0,1x16x0,2816x64x1x1
ffn_up-21,kernel_mul_mat_Ab_Bi_8x4,0.393800,8x704x1,1x128x1,2816x64x1x1
ffn_swiglu-21,kernel_swiglu,0.023100,32768x1x1,512x1x1,2816x64x1x1
node_1399,kernel_add,0.023600,4096x1x1,64x1x1,2048x64x1x1
node_1400,kernel_add,0.021100,4096x1x1,64x1x1,2048x64x1x1
node_1401,kernel_add,0.017200,4096x1x1,64x1x1,2048x64x1x1
node_1402,kernel_add,0.017700,4096x1x1,64x1x1,2048x64x1x1
ffn_moe_out-21,kernel_add,0.016900,4096x1x1,64x1x1,2048x64x1x1
ffn_shexp-21,kernel_transpose_32_16,0.012600,704x16x0,1x16x0,2048x64x1x1
ffn_shexp-21,kernel_mul_mat_Ab_Bi_8x4,0.535800,8x512x1,1x128x1,2048x64x1x1
ffn_out-21,kernel_add,0.021800,4096x1x1,64x1x1,2048x64x1x1
l_out-21,kernel_add,0.018100,4096x1x1,64x1x1,2048x64x1x1
attn_norm-22,kernel_rms_norm_mul,0.019700,65536x1x1,1024x1x1,2048x64x1x1
q-22,kernel_transpose_32_16,0.009300,512x16x0,1x16x0,3072x64x1x1
q-22,kernel_mul_mat_Ab_Bi_8x4,0.400300,8x768x1,1x128x1,3072x64x1x1
q_pe-22,kernel_rope_norm_f32,0.012000,1024x64x1,64x1x1,64x16x64x1
Qcur-22,kernel_concat_f32_non_contiguous,0.368600,16x64x1,0x0x0,192x16x64x1
kv_cmpr_pe-22,kernel_transpose_32_16,0.011100,512x16x0,1x16x0,576x64x1x1
kv_cmpr_pe-22,kernel_mul_mat_Ab_Bi_8x4,0.342600,8x144x1,1x128x1,576x64x1x1
k_pe-22,kernel_rope_norm_f32,0.003000,64x64x1,64x1x1,64x1x64x1
node_1417,kernel_repeat,0.273100,16x64x1,0x0x0,64x16x64x1
kv_cmpr-22,kernel_rms_norm_mul,0.010100,32768x1x1,512x1x1,512x64x1x1
kv-22,kernel_transpose_32_16,0.004100,128x16x0,1x16x0,4096x64x1x1
kv-22,kernel_mul_mat_Ab_Bi_8x4,0.137600,8x1024x1,1x128x1,4096x64x1x1
Kcur-22,kernel_concat_f32_non_contiguous,0.404400,16x64x1,0x0x0,192x16x64x1
Vcur_cont-22,kernel_cpy_f32_f32,0.013300,1024x64x1,64x1x1,128x16x64x1
cache_k_l22 (view),kernel_set_rows_f16_i64,0.015900,65536x1x1,1024x1x1,3072x4096x1x1
cache_v_l22 (view),kernel_set_rows_f16_i64,0.011800,65536x1x1,1024x1x1,2048x4096x1x1
__fattn__-22,flash_attn_f32_f16,4.825900,64x16x0,16x1x0,128x16x64x1
node_1438,kernel_transpose_32_16,0.009300,512x16x0,1x16x0,2048x64x1x1
node_1438,kernel_mul_mat_Ab_Bi_8x4,0.391900,8x512x1,1x128x1,2048x64x1x1
ffn_inp-22,kernel_add,0.020900,4096x1x1,64x1x1,2048x64x1x1
ffn_norm-22,kernel_rms_norm_mul,0.019700,65536x1x1,1024x1x1,2048x64x1x1
ffn_moe_logits-22,kernel_mul_mm_f32_f32_l4_lm,0.511400,128x1x1,128x1x1,64x64x1x1
ffn_moe_probs-22,kernel_soft_max_4,0.003800,4096x1x1,64x1x1,64x64x1x1
ffn_moe_argsort-22,kernel_argsort_f32_i32,0.015300,64x64x1,64x1x1,64x64x1x1
ffn_moe_weights-22,kernel_get_rows_f32,0.004200,384x64x1,64x1x1,1x6x64x1
ffn_moe_weights_scaled-22,kernel_scale,0.002200,96x1x1,64x1x1,1x6x64x1
ffn_moe_gate-22,kernel_mul_mv_id_q4_0_f32_8x_flat,9.460100,11264x1x384,64x1x1,1408x6x64x1
ffn_moe_up-22,kernel_mul_mv_id_q4_0_f32_8x_flat,9.476200,11264x1x384,64x1x1,1408x6x64x1
ffn_moe_weighted-22,kernel_swiglu,0.082100,196608x1x1,512x1x1,1408x6x64x1
ffn_moe_down-22,kernel_mul_mv_id_q4_0_f32_8x_flat,9.903400,16384x1x384,64x1x1,2048x6x64x1
node_1454,kernel_mul,0.103600,384x64x1,64x1x1,2048x6x64x1
ffn_gate-22,kernel_transpose_32_16,0.011500,512x16x0,1x16x0,2816x64x1x1
ffn_gate-22,kernel_mul_mat_Ab_Bi_8x4,0.393300,8x704x1,1x128x1,2816x64x1x1
ffn_up-22,kernel_transpose_32_16,0.009600,512x16x0,1x16x0,2816x64x1x1
ffn_up-22,kernel_mul_mat_Ab_Bi_8x4,0.392300,8x704x1,1x128x1,2816x64x1x1
ffn_swiglu-22,kernel_swiglu,0.024700,32768x1x1,512x1x1,2816x64x1x1
node_1464,kernel_add,0.024500,4096x1x1,64x1x1,2048x64x1x1
node_1465,kernel_add,0.022100,4096x1x1,64x1x1,2048x64x1x1
node_1466,kernel_add,0.017600,4096x1x1,64x1x1,2048x64x1x1
node_1467,kernel_add,0.018000,4096x1x1,64x1x1,2048x64x1x1
ffn_moe_out-22,kernel_add,0.017400,4096x1x1,64x1x1,2048x64x1x1
ffn_shexp-22,kernel_transpose_32_16,0.011800,704x16x0,1x16x0,2048x64x1x1
ffn_shexp-22,kernel_mul_mat_Ab_Bi_8x4,0.522200,8x512x1,1x128x1,2048x64x1x1
ffn_out-22,kernel_add,0.021300,4096x1x1,64x1x1,2048x64x1x1
l_out-22,kernel_add,0.018800,4096x1x1,64x1x1,2048x64x1x1
attn_norm-23,kernel_rms_norm_mul,0.019700,65536x1x1,1024x1x1,2048x64x1x1
q-23,kernel_transpose_32_16,0.006500,512x16x0,1x16x0,3072x64x1x1
q-23,kernel_mul_mat_Ab_Bi_8x4,0.403200,8x768x1,1x128x1,3072x64x1x1
q_pe-23,kernel_rope_norm_f32,0.012100,1024x64x1,64x1x1,64x16x64x1
Qcur-23,kernel_concat_f32_non_contiguous,0.367200,16x64x1,0x0x0,192x16x64x1
kv_cmpr_pe-23,kernel_transpose_32_16,0.010100,512x16x0,1x16x0,576x64x1x1
kv_cmpr_pe-23,kernel_mul_mat_Ab_Bi_8x4,0.328800,8x144x1,1x128x1,576x64x1x1
k_pe-23,kernel_rope_norm_f32,0.002800,64x64x1,64x1x1,64x1x64x1
node_1482,kernel_repeat,0.271700,16x64x1,0x0x0,64x16x64x1
kv_cmpr-23,kernel_rms_norm_mul,0.010100,32768x1x1,512x1x1,512x64x1x1
kv-23,kernel_transpose_32_16,0.004100,128x16x0,1x16x0,4096x64x1x1
kv-23,kernel_mul_mat_Ab_Bi_8x4,0.138100,8x1024x1,1x128x1,4096x64x1x1
Kcur-23,kernel_concat_f32_non_contiguous,0.465800,16x64x1,0x0x0,192x16x64x1
Vcur_cont-23,kernel_cpy_f32_f32,0.012900,1024x64x1,64x1x1,128x16x64x1
cache_k_l23 (view),kernel_set_rows_f16_i64,0.015800,65536x1x1,1024x1x1,3072x4096x1x1
cache_v_l23 (view),kernel_set_rows_f16_i64,0.012000,65536x1x1,1024x1x1,2048x4096x1x1
__fattn__-23,flash_attn_f32_f16,4.807300,64x16x0,16x1x0,128x16x64x1
node_1503,kernel_transpose_32_16,0.009100,512x16x0,1x16x0,2048x64x1x1
node_1503,kernel_mul_mat_Ab_Bi_8x4,0.393800,8x512x1,1x128x1,2048x64x1x1
ffn_inp-23,kernel_add,0.021300,4096x1x1,64x1x1,2048x64x1x1
ffn_norm-23,kernel_rms_norm_mul,0.020000,65536x1x1,1024x1x1,2048x64x1x1
ffn_moe_logits-23,kernel_mul_mm_f32_f32_l4_lm,0.521100,128x1x1,128x1x1,64x64x1x1
ffn_moe_probs-23,kernel_soft_max_4,0.003600,4096x1x1,64x1x1,64x64x1x1
ffn_moe_argsort-23,kernel_argsort_f32_i32,0.015200,64x64x1,64x1x1,64x64x1x1
ffn_moe_weights-23,kernel_get_rows_f32,0.004100,384x64x1,64x1x1,1x6x64x1
ffn_moe_weights_scaled-23,kernel_scale,0.001800,96x1x1,64x1x1,1x6x64x1
ffn_moe_gate-23,kernel_mul_mv_id_q4_0_f32_8x_flat,9.465500,11264x1x384,64x1x1,1408x6x64x1
ffn_moe_up-23,kernel_mul_mv_id_q4_0_f32_8x_flat,9.487500,11264x1x384,64x1x1,1408x6x64x1
ffn_moe_weighted-23,kernel_swiglu,0.082500,196608x1x1,512x1x1,1408x6x64x1
ffn_moe_down-23,kernel_mul_mv_id_q4_0_f32_8x_flat,9.878900,16384x1x384,64x1x1,2048x6x64x1
node_1519,kernel_mul,0.100900,384x64x1,64x1x1,2048x6x64x1
ffn_gate-23,kernel_transpose_32_16,0.012000,512x16x0,1x16x0,2816x64x1x1
ffn_gate-23,kernel_mul_mat_Ab_Bi_8x4,0.393200,8x704x1,1x128x1,2816x64x1x1
ffn_up-23,kernel_transpose_32_16,0.010200,512x16x0,1x16x0,2816x64x1x1
ffn_up-23,kernel_mul_mat_Ab_Bi_8x4,0.394900,8x704x1,1x128x1,2816x64x1x1
ffn_swiglu-23,kernel_swiglu,0.023600,32768x1x1,512x1x1,2816x64x1x1
node_1529,kernel_add,0.021400,4096x1x1,64x1x1,2048x64x1x1
node_1530,kernel_add,0.020100,4096x1x1,64x1x1,2048x64x1x1
node_1531,kernel_add,0.017000,4096x1x1,64x1x1,2048x64x1x1
node_1532,kernel_add,0.017600,4096x1x1,64x1x1,2048x64x1x1
ffn_moe_out-23,kernel_add,0.017200,4096x1x1,64x1x1,2048x64x1x1
ffn_shexp-23,kernel_transpose_32_16,0.012700,704x16x0,1x16x0,2048x64x1x1
ffn_shexp-23,kernel_mul_mat_Ab_Bi_8x4,0.543100,8x512x1,1x128x1,2048x64x1x1
ffn_out-23,kernel_add,0.021900,4096x1x1,64x1x1,2048x64x1x1
l_out-23,kernel_add,0.016700,4096x1x1,64x1x1,2048x64x1x1
attn_norm-24,kernel_rms_norm_mul,0.019900,65536x1x1,1024x1x1,2048x64x1x1
q-24,kernel_transpose_32_16,0.006800,512x16x0,1x16x0,3072x64x1x1
q-24,kernel_mul_mat_Ab_Bi_8x4,0.405100,8x768x1,1x128x1,3072x64x1x1
q_pe-24,kernel_rope_norm_f32,0.011500,1024x64x1,64x1x1,64x16x64x1
Qcur-24,kernel_concat_f32_non_contiguous,0.362100,16x64x1,0x0x0,192x16x64x1
kv_cmpr_pe-24,kernel_transpose_32_16,0.010800,512x16x0,1x16x0,576x64x1x1
kv_cmpr_pe-24,kernel_mul_mat_Ab_Bi_8x4,0.327200,8x144x1,1x128x1,576x64x1x1
k_pe-24,kernel_rope_norm_f32,0.003100,64x64x1,64x1x1,64x1x64x1
node_1547,kernel_repeat,0.272200,16x64x1,0x0x0,64x16x64x1
kv_cmpr-24,kernel_rms_norm_mul,0.009900,32768x1x1,512x1x1,512x64x1x1
kv-24,kernel_transpose_32_16,0.004100,128x16x0,1x16x0,4096x64x1x1
kv-24,kernel_mul_mat_Ab_Bi_8x4,0.137000,8x1024x1,1x128x1,4096x64x1x1
Kcur-24,kernel_concat_f32_non_contiguous,0.459000,16x64x1,0x0x0,192x16x64x1
Vcur_cont-24,kernel_cpy_f32_f32,0.014000,1024x64x1,64x1x1,128x16x64x1
cache_k_l24 (view),kernel_set_rows_f16_i64,0.015900,65536x1x1,1024x1x1,3072x4096x1x1
cache_v_l24 (view),kernel_set_rows_f16_i64,0.011000,65536x1x1,1024x1x1,2048x4096x1x1
__fattn__-24,flash_attn_f32_f16,4.815800,64x16x0,16x1x0,128x16x64x1
node_1568,kernel_transpose_32_16,0.009800,512x16x0,1x16x0,2048x64x1x1
node_1568,kernel_mul_mat_Ab_Bi_8x4,0.394000,8x512x1,1x128x1,2048x64x1x1
ffn_inp-24,kernel_add,0.020900,4096x1x1,64x1x1,2048x64x1x1
ffn_norm-24,kernel_rms_norm_mul,0.020200,65536x1x1,1024x1x1,2048x64x1x1
ffn_moe_logits-24,kernel_mul_mm_f32_f32_l4_lm,0.519600,128x1x1,128x1x1,64x64x1x1
ffn_moe_probs-24,kernel_soft_max_4,0.003600,4096x1x1,64x1x1,64x64x1x1
ffn_moe_argsort-24,kernel_argsort_f32_i32,0.015600,64x64x1,64x1x1,64x64x1x1
ffn_moe_weights-24,kernel_get_rows_f32,0.004300,384x64x1,64x1x1,1x6x64x1
ffn_moe_weights_scaled-24,kernel_scale,0.001800,96x1x1,64x1x1,1x6x64x1
ffn_moe_gate-24,kernel_mul_mv_id_q4_0_f32_8x_flat,9.490400,11264x1x384,64x1x1,1408x6x64x1
ffn_moe_up-24,kernel_mul_mv_id_q4_0_f32_8x_flat,9.521700,11264x1x384,64x1x1,1408x6x64x1
ffn_moe_weighted-24,kernel_swiglu,0.081400,196608x1x1,512x1x1,1408x6x64x1
ffn_moe_down-24,kernel_mul_mv_id_q4_0_f32_8x_flat,9.874900,16384x1x384,64x1x1,2048x6x64x1
node_1584,kernel_mul,0.103100,384x64x1,64x1x1,2048x6x64x1
ffn_gate-24,kernel_transpose_32_16,0.011100,512x16x0,1x16x0,2816x64x1x1
ffn_gate-24,kernel_mul_mat_Ab_Bi_8x4,0.390000,8x704x1,1x128x1,2816x64x1x1
ffn_up-24,kernel_transpose_32_16,0.010000,512x16x0,1x16x0,2816x64x1x1
ffn_up-24,kernel_mul_mat_Ab_Bi_8x4,0.396900,8x704x1,1x128x1,2816x64x1x1
ffn_swiglu-24,kernel_swiglu,0.023400,32768x1x1,512x1x1,2816x64x1x1
node_1594,kernel_add,0.025200,4096x1x1,64x1x1,2048x64x1x1
node_1595,kernel_add,0.021300,4096x1x1,64x1x1,2048x64x1x1
node_1596,kernel_add,0.017200,4096x1x1,64x1x1,2048x64x1x1
node_1597,kernel_add,0.016600,4096x1x1,64x1x1,2048x64x1x1
ffn_moe_out-24,kernel_add,0.017400,4096x1x1,64x1x1,2048x64x1x1
ffn_shexp-24,kernel_transpose_32_16,0.013400,704x16x0,1x16x0,2048x64x1x1
ffn_shexp-24,kernel_mul_mat_Ab_Bi_8x4,0.543400,8x512x1,1x128x1,2048x64x1x1
ffn_out-24,kernel_add,0.020400,4096x1x1,64x1x1,2048x64x1x1
l_out-24,kernel_add,0.018600,4096x1x1,64x1x1,2048x64x1x1
attn_norm-25,kernel_rms_norm_mul,0.019900,65536x1x1,1024x1x1,2048x64x1x1
q-25,kernel_transpose_32_16,0.006800,512x16x0,1x16x0,3072x64x1x1
q-25,kernel_mul_mat_Ab_Bi_8x4,0.402300,8x768x1,1x128x1,3072x64x1x1
q_pe-25,kernel_rope_norm_f32,0.012500,1024x64x1,64x1x1,64x16x64x1
Qcur-25,kernel_concat_f32_non_contiguous,0.367900,16x64x1,0x0x0,192x16x64x1
kv_cmpr_pe-25,kernel_transpose_32_16,0.010400,512x16x0,1x16x0,576x64x1x1
kv_cmpr_pe-25,kernel_mul_mat_Ab_Bi_8x4,0.329000,8x144x1,1x128x1,576x64x1x1
k_pe-25,kernel_rope_norm_f32,0.002700,64x64x1,64x1x1,64x1x64x1
node_1612,kernel_repeat,0.274600,16x64x1,0x0x0,64x16x64x1
kv_cmpr-25,kernel_rms_norm_mul,0.010300,32768x1x1,512x1x1,512x64x1x1
kv-25,kernel_transpose_32_16,0.004100,128x16x0,1x16x0,4096x64x1x1
kv-25,kernel_mul_mat_Ab_Bi_8x4,0.137900,8x1024x1,1x128x1,4096x64x1x1
Kcur-25,kernel_concat_f32_non_contiguous,0.440800,16x64x1,0x0x0,192x16x64x1
Vcur_cont-25,kernel_cpy_f32_f32,0.013200,1024x64x1,64x1x1,128x16x64x1
cache_k_l25 (view),kernel_set_rows_f16_i64,0.015900,65536x1x1,1024x1x1,3072x4096x1x1
cache_v_l25 (view),kernel_set_rows_f16_i64,0.012100,65536x1x1,1024x1x1,2048x4096x1x1
__fattn__-25,flash_attn_f32_f16,4.790300,64x16x0,16x1x0,128x16x64x1
node_1633,kernel_transpose_32_16,0.009700,512x16x0,1x16x0,2048x64x1x1
node_1633,kernel_mul_mat_Ab_Bi_8x4,0.393500,8x512x1,1x128x1,2048x64x1x1
ffn_inp-25,kernel_add,0.021100,4096x1x1,64x1x1,2048x64x1x1
ffn_norm-25,kernel_rms_norm_mul,0.019700,65536x1x1,1024x1x1,2048x64x1x1
ffn_moe_logits-25,kernel_mul_mm_f32_f32_l4_lm,0.514700,128x1x1,128x1x1,64x64x1x1
ffn_moe_probs-25,kernel_soft_max_4,0.003600,4096x1x1,64x1x1,64x64x1x1
ffn_moe_argsort-25,kernel_argsort_f32_i32,0.015200,64x64x1,64x1x1,64x64x1x1
ffn_moe_weights-25,kernel_get_rows_f32,0.004500,384x64x1,64x1x1,1x6x64x1
ffn_moe_weights_scaled-25,kernel_scale,0.001800,96x1x1,64x1x1,1x6x64x1
ffn_moe_gate-25,kernel_mul_mv_id_q4_0_f32_8x_flat,9.509400,11264x1x384,64x1x1,1408x6x64x1
ffn_moe_up-25,kernel_mul_mv_id_q4_0_f32_8x_flat,9.561400,11264x1x384,64x1x1,1408x6x64x1
ffn_moe_weighted-25,kernel_swiglu,0.082100,196608x1x1,512x1x1,1408x6x64x1
ffn_moe_down-25,kernel_mul_mv_id_q4_0_f32_8x_flat,9.870300,16384x1x384,64x1x1,2048x6x64x1
node_1649,kernel_mul,0.102300,384x64x1,64x1x1,2048x6x64x1
ffn_gate-25,kernel_transpose_32_16,0.010500,512x16x0,1x16x0,2816x64x1x1
ffn_gate-25,kernel_mul_mat_Ab_Bi_8x4,0.394000,8x704x1,1x128x1,2816x64x1x1
ffn_up-25,kernel_transpose_32_16,0.010000,512x16x0,1x16x0,2816x64x1x1
ffn_up-25,kernel_mul_mat_Ab_Bi_8x4,0.395400,8x704x1,1x128x1,2816x64x1x1
ffn_swiglu-25,kernel_swiglu,0.024400,32768x1x1,512x1x1,2816x64x1x1
node_1659,kernel_add,0.023700,4096x1x1,64x1x1,2048x64x1x1
node_1660,kernel_add,0.020500,4096x1x1,64x1x1,2048x64x1x1
node_1661,kernel_add,0.017000,4096x1x1,64x1x1,2048x64x1x1
node_1662,kernel_add,0.017300,4096x1x1,64x1x1,2048x64x1x1
ffn_moe_out-25,kernel_add,0.017300,4096x1x1,64x1x1,2048x64x1x1
ffn_shexp-25,kernel_transpose_32_16,0.012400,704x16x0,1x16x0,2048x64x1x1
ffn_shexp-25,kernel_mul_mat_Ab_Bi_8x4,0.535300,8x512x1,1x128x1,2048x64x1x1
ffn_out-25,kernel_add,0.021500,4096x1x1,64x1x1,2048x64x1x1
l_out-25,kernel_add,0.018300,4096x1x1,64x1x1,2048x64x1x1
attn_norm-26,kernel_rms_norm_mul,0.019700,65536x1x1,1024x1x1,2048x64x1x1
q-26,kernel_transpose_32_16,0.007500,512x16x0,1x16x0,3072x64x1x1
q-26,kernel_mul_mat_Ab_Bi_8x4,0.402900,8x768x1,1x128x1,3072x64x1x1
q_pe-26,kernel_rope_norm_f32,0.011800,1024x64x1,64x1x1,64x16x64x1
Qcur-26,kernel_concat_f32_non_contiguous,0.373300,16x64x1,0x0x0,192x16x64x1
kv_cmpr_pe-26,kernel_transpose_32_16,0.009500,512x16x0,1x16x0,576x64x1x1
kv_cmpr_pe-26,kernel_mul_mat_Ab_Bi_8x4,0.328200,8x144x1,1x128x1,576x64x1x1
k_pe-26,kernel_rope_norm_f32,0.002800,64x64x1,64x1x1,64x1x64x1
node_1677,kernel_repeat,0.272200,16x64x1,0x0x0,64x16x64x1
kv_cmpr-26,kernel_rms_norm_mul,0.010200,32768x1x1,512x1x1,512x64x1x1
kv-26,kernel_transpose_32_16,0.003800,128x16x0,1x16x0,4096x64x1x1
kv-26,kernel_mul_mat_Ab_Bi_8x4,0.137800,8x1024x1,1x128x1,4096x64x1x1
Kcur-26,kernel_concat_f32_non_contiguous,0.391600,16x64x1,0x0x0,192x16x64x1
Vcur_cont-26,kernel_cpy_f32_f32,0.010500,1024x64x1,64x1x1,128x16x64x1
cache_k_l26 (view),kernel_set_rows_f16_i64,0.015600,65536x1x1,1024x1x1,3072x4096x1x1
cache_v_l26 (view),kernel_set_rows_f16_i64,0.011900,65536x1x1,1024x1x1,2048x4096x1x1
__fattn__-26,flash_attn_f32_f16,4.838000,64x16x0,16x1x0,128x16x64x1
node_1698,kernel_transpose_32_16,0.009400,512x16x0,1x16x0,2048x64x1x1
node_1698,kernel_mul_mat_Ab_Bi_8x4,0.381700,8x512x1,1x128x1,2048x64x1x1
attn_norm-0,kernel_rms_norm_mul,0.021500,65536x1x1,1024x1x1,2048x64x1x1
q-0,kernel_transpose_32_16,0.010900,512x16x0,1x16x0,3072x64x1x1
q-0,kernel_mul_mat_Ab_Bi_8x4,0.391000,8x768x1,1x128x1,3072x64x1x1
q_pe-0,kernel_rope_norm_f32,0.012200,1024x64x1,64x1x1,64x16x64x1
Qcur-0,kernel_concat_f32_non_contiguous,0.346000,16x64x1,0x0x0,192x16x64x1
kv_cmpr_pe-0,kernel_transpose_32_16,0.010500,512x16x0,1x16x0,576x64x1x1
kv_cmpr_pe-0,kernel_mul_mat_Ab_Bi_8x4,0.315600,8x144x1,1x128x1,576x64x1x1
k_pe-0,kernel_rope_norm_f32,0.002800,64x64x1,64x1x1,64x1x64x1
node_11,kernel_repeat,0.283400,16x64x1,0x0x0,64x16x64x1
kv_cmpr-0,kernel_rms_norm_mul,0.009700,32768x1x1,512x1x1,512x64x1x1
kv-0,kernel_transpose_32_16,0.003900,128x16x0,1x16x0,4096x64x1x1
kv-0,kernel_mul_mat_Ab_Bi_8x4,0.134100,8x1024x1,1x128x1,4096x64x1x1
Kcur-0,kernel_concat_f32_non_contiguous,0.390100,16x64x1,0x0x0,192x16x64x1
Vcur_cont-0,kernel_cpy_f32_f32,0.014300,1024x64x1,64x1x1,128x16x64x1
cache_k_l0 (view),kernel_set_rows_f16_i64,0.016200,65536x1x1,1024x1x1,3072x4096x1x1
cache_v_l0 (view),kernel_set_rows_f16_i64,0.011300,65536x1x1,1024x1x1,2048x4096x1x1
 (copy),kernel_cpy_f32_f16,0.003900,4096x1x1,64x1x1,256x64x1x1
__fattn__-0,flash_attn_f32_f16,4.716000,64x16x0,16x1x0,128x16x64x1
node_33,kernel_transpose_32_16,0.009800,512x16x0,1x16x0,2048x64x1x1
node_33,kernel_mul_mat_Ab_Bi_8x4,0.378900,8x512x1,1x128x1,2048x64x1x1
ffn_inp-0,kernel_add,0.021200,4096x1x1,64x1x1,2048x64x1x1
ffn_norm-0,kernel_rms_norm_mul,0.019200,65536x1x1,1024x1x1,2048x64x1x1
ffn_gate-0,kernel_transpose_32_16,0.010100,512x16x0,1x16x0,10944x64x1x1
ffn_gate-0,kernel_mul_mat_Ab_Bi_8x4,1.160900,8x2736x1,1x128x1,10944x64x1x1
ffn_up-0,kernel_transpose_32_16,0.010600,512x16x0,1x16x0,10944x64x1x1
ffn_up-0,kernel_mul_mat_Ab_Bi_8x4,1.162600,8x2736x1,1x128x1,10944x64x1x1
ffn_swiglu-0,kernel_swiglu,0.112200,32768x1x1,512x1x1,10944x64x1x1
ffn_out-0,kernel_transpose_32_16,0.042600,2736x16x0,1x16x0,2048x64x1x1
ffn_out-0,kernel_mul_mat_Ab_Bi_8x4,1.921500,8x512x1,1x128x1,2048x64x1x1
l_out-0,kernel_add,0.021300,4096x1x1,64x1x1,2048x64x1x1
attn_norm-1,kernel_rms_norm_mul,0.019100,65536x1x1,1024x1x1,2048x64x1x1
q-1,kernel_transpose_32_16,0.006600,512x16x0,1x16x0,3072x64x1x1
q-1,kernel_mul_mat_Ab_Bi_8x4,0.390900,8x768x1,1x128x1,3072x64x1x1
q_pe-1,kernel_rope_norm_f32,0.012400,1024x64x1,64x1x1,64x16x64x1
Qcur-1,kernel_concat_f32_non_contiguous,0.347100,16x64x1,0x0x0,192x16x64x1
kv_cmpr_pe-1,kernel_transpose_32_16,0.010600,512x16x0,1x16x0,576x64x1x1
kv_cmpr_pe-1,kernel_mul_mat_Ab_Bi_8x4,0.316100,8x144x1,1x128x1,576x64x1x1
k_pe-1,kernel_rope_norm_f32,0.002700,64x64x1,64x1x1,64x1x64x1
node_52,kernel_repeat,0.284900,16x64x1,0x0x0,64x16x64x1
kv_cmpr-1,kernel_rms_norm_mul,0.009800,32768x1x1,512x1x1,512x64x1x1
kv-1,kernel_transpose_32_16,0.004300,128x16x0,1x16x0,4096x64x1x1
kv-1,kernel_mul_mat_Ab_Bi_8x4,0.132900,8x1024x1,1x128x1,4096x64x1x1
Kcur-1,kernel_concat_f32_non_contiguous,0.411500,16x64x1,0x0x0,192x16x64x1
Vcur_cont-1,kernel_cpy_f32_f32,0.013800,1024x64x1,64x1x1,128x16x64x1
cache_k_l1 (view),kernel_set_rows_f16_i64,0.016400,65536x1x1,1024x1x1,3072x4096x1x1
cache_v_l1 (view),kernel_set_rows_f16_i64,0.011400,65536x1x1,1024x1x1,2048x4096x1x1
__fattn__-1,flash_attn_f32_f16,4.729000,64x16x0,16x1x0,128x16x64x1
node_73,kernel_transpose_32_16,0.009800,512x16x0,1x16x0,2048x64x1x1
node_73,kernel_mul_mat_Ab_Bi_8x4,0.385500,8x512x1,1x128x1,2048x64x1x1
ffn_inp-1,kernel_add,0.020900,4096x1x1,64x1x1,2048x64x1x1
ffn_norm-1,kernel_rms_norm_mul,0.019500,65536x1x1,1024x1x1,2048x64x1x1
ffn_moe_logits-1,kernel_mul_mm_f32_f32_l4_lm,0.502500,128x1x1,128x1x1,64x64x1x1
ffn_moe_probs-1,kernel_soft_max_4,0.003600,4096x1x1,64x1x1,64x64x1x1
ffn_moe_argsort-1,kernel_argsort_f32_i32,0.015000,64x64x1,64x1x1,64x64x1x1
ffn_moe_weights-1,kernel_get_rows_f32,0.004100,384x64x1,64x1x1,1x6x64x1
ffn_moe_weights_scaled-1,kernel_scale,0.001900,96x1x1,64x1x1,1x6x64x1
ffn_moe_gate-1,kernel_mul_mv_id_q4_0_f32_8x_flat,9.176100,11264x1x384,64x1x1,1408x6x64x1
ffn_moe_up-1,kernel_mul_mv_id_q4_0_f32_8x_flat,9.157000,11264x1x384,64x1x1,1408x6x64x1
ffn_moe_weighted-1,kernel_swiglu,0.081500,196608x1x1,512x1x1,1408x6x64x1
ffn_moe_down-1,kernel_mul_mv_id_q4_0_f32_8x_flat,9.918800,16384x1x384,64x1x1,2048x6x64x1
node_89,kernel_mul,0.099400,384x64x1,64x1x1,2048x6x64x1
ffn_gate-1,kernel_transpose_32_16,0.011000,512x16x0,1x16x0,2816x64x1x1
ffn_gate-1,kernel_mul_mat_Ab_Bi_8x4,0.383600,8x704x1,1x128x1,2816x64x1x1
ffn_up-1,kernel_transpose_32_16,0.009900,512x16x0,1x16x0,2816x64x1x1
ffn_up-1,kernel_mul_mat_Ab_Bi_8x4,0.386700,8x704x1,1x128x1,2816x64x1x1
ffn_swiglu-1,kernel_swiglu,0.023700,32768x1x1,512x1x1,2816x64x1x1
node_99,kernel_add,0.024700,4096x1x1,64x1x1,2048x64x1x1
node_100,kernel_add,0.020300,4096x1x1,64x1x1,2048x64x1x1
node_101,kernel_add,0.017800,4096x1x1,64x1x1,2048x64x1x1
node_102,kernel_add,0.018000,4096x1x1,64x1x1,2048x64x1x1
ffn_moe_out-1,kernel_add,0.017900,4096x1x1,64x1x1,2048x64x1x1
ffn_shexp-1,kernel_transpose_32_16,0.012600,704x16x0,1x16x0,2048x64x1x1
ffn_shexp-1,kernel_mul_mat_Ab_Bi_8x4,0.531200,8x512x1,1x128x1,2048x64x1x1
ffn_out-1,kernel_add,0.021700,4096x1x1,64x1x1,2048x64x1x1
l_out-1,kernel_add,0.018200,4096x1x1,64x1x1,2048x64x1x1
attn_norm-2,kernel_rms_norm_mul,0.019200,65536x1x1,1024x1x1,2048x64x1x1
q-2,kernel_transpose_32_16,0.006800,512x16x0,1x16x0,3072x64x1x1
q-2,kernel_mul_mat_Ab_Bi_8x4,0.388300,8x768x1,1x128x1,3072x64x1x1
q_pe-2,kernel_rope_norm_f32,0.011900,1024x64x1,64x1x1,64x16x64x1
Qcur-2,kernel_concat_f32_non_contiguous,0.350900,16x64x1,0x0x0,192x16x64x1
kv_cmpr_pe-2,kernel_transpose_32_16,0.009600,512x16x0,1x16x0,576x64x1x1
kv_cmpr_pe-2,kernel_mul_mat_Ab_Bi_8x4,0.316500,8x144x1,1x128x1,576x64x1x1
k_pe-2,kernel_rope_norm_f32,0.002900,64x64x1,64x1x1,64x1x64x1
node_117,kernel_repeat,0.283900,16x64x1,0x0x0,64x16x64x1
kv_cmpr-2,kernel_rms_norm_mul,0.010000,32768x1x1,512x1x1,512x64x1x1
kv-2,kernel_transpose_32_16,0.003900,128x16x0,1x16x0,4096x64x1x1
kv-2,kernel_mul_mat_Ab_Bi_8x4,0.134200,8x1024x1,1x128x1,4096x64x1x1
Kcur-2,kernel_concat_f32_non_contiguous,0.389500,16x64x1,0x0x0,192x16x64x1
Vcur_cont-2,kernel_cpy_f32_f32,0.010200,1024x64x1,64x1x1,128x16x64x1
cache_k_l2 (view),kernel_set_rows_f16_i64,0.015700,65536x1x1,1024x1x1,3072x4096x1x1
cache_v_l2 (view),kernel_set_rows_f16_i64,0.011600,65536x1x1,1024x1x1,2048x4096x1x1
__fattn__-2,flash_attn_f32_f16,4.725200,64x16x0,16x1x0,128x16x64x1
node_138,kernel_transpose_32_16,0.009300,512x16x0,1x16x0,2048x64x1x1
node_138,kernel_mul_mat_Ab_Bi_8x4,0.382600,8x512x1,1x128x1,2048x64x1x1
ffn_inp-2,kernel_add,0.020600,4096x1x1,64x1x1,2048x64x1x1
ffn_norm-2,kernel_rms_norm_mul,0.019400,65536x1x1,1024x1x1,2048x64x1x1
ffn_moe_logits-2,kernel_mul_mm_f32_f32_l4_lm,0.496300,128x1x1,128x1x1,64x64x1x1
ffn_moe_probs-2,kernel_soft_max_4,0.004000,4096x1x1,64x1x1,64x64x1x1
ffn_moe_argsort-2,kernel_argsort_f32_i32,0.015200,64x64x1,64x1x1,64x64x1x1
ffn_moe_weights-2,kernel_get_rows_f32,0.004100,384x64x1,64x1x1,1x6x64x1
ffn_moe_weights_scaled-2,kernel_scale,0.001800,96x1x1,64x1x1,1x6x64x1
ffn_moe_gate-2,kernel_mul_mv_id_q4_0_f32_8x_flat,9.172700,11264x1x384,64x1x1,1408x6x64x1
ffn_moe_up-2,kernel_mul_mv_id_q4_0_f32_8x_flat,9.194000,11264x1x384,64x1x1,1408x6x64x1
ffn_moe_weighted-2,kernel_swiglu,0.082100,196608x1x1,512x1x1,1408x6x64x1
ffn_moe_down-2,kernel_mul_mv_id_q4_0_f32_8x_flat,9.859200,16384x1x384,64x1x1,2048x6x64x1
node_154,kernel_mul,0.101500,384x64x1,64x1x1,2048x6x64x1
ffn_gate-2,kernel_transpose_32_16,0.010700,512x16x0,1x16x0,2816x64x1x1
ffn_gate-2,kernel_mul_mat_Ab_Bi_8x4,0.384900,8x704x1,1x128x1,2816x64x1x1
ffn_up-2,kernel_transpose_32_16,0.010000,512x16x0,1x16x0,2816x64x1x1
ffn_up-2,kernel_mul_mat_Ab_Bi_8x4,0.383200,8x704x1,1x128x1,2816x64x1x1
ffn_swiglu-2,kernel_swiglu,0.023600,32768x1x1,512x1x1,2816x64x1x1
node_164,kernel_add,0.024200,4096x1x1,64x1x1,2048x64x1x1
node_165,kernel_add,0.017200,4096x1x1,64x1x1,2048x64x1x1
node_166,kernel_add,0.017700,4096x1x1,64x1x1,2048x64x1x1
node_167,kernel_add,0.017500,4096x1x1,64x1x1,2048x64x1x1
ffn_moe_out-2,kernel_add,0.017000,4096x1x1,64x1x1,2048x64x1x1
ffn_shexp-2,kernel_transpose_32_16,0.013700,704x16x0,1x16x0,2048x64x1x1
ffn_shexp-2,kernel_mul_mat_Ab_Bi_8x4,0.527900,8x512x1,1x128x1,2048x64x1x1
ffn_out-2,kernel_add,0.020900,4096x1x1,64x1x1,2048x64x1x1
l_out-2,kernel_add,0.018500,4096x1x1,64x1x1,2048x64x1x1
attn_norm-3,kernel_rms_norm_mul,0.019300,65536x1x1,1024x1x1,2048x64x1x1
q-3,kernel_transpose_32_16,0.009600,512x16x0,1x16x0,3072x64x1x1
q-3,kernel_mul_mat_Ab_Bi_8x4,0.388200,8x768x1,1x128x1,3072x64x1x1
q_pe-3,kernel_rope_norm_f32,0.012200,1024x64x1,64x1x1,64x16x64x1
Qcur-3,kernel_concat_f32_non_contiguous,0.348500,16x64x1,0x0x0,192x16x64x1
kv_cmpr_pe-3,kernel_transpose_32_16,0.010200,512x16x0,1x16x0,576x64x1x1
kv_cmpr_pe-3,kernel_mul_mat_Ab_Bi_8x4,0.316000,8x144x1,1x128x1,576x64x1x1
k_pe-3,kernel_rope_norm_f32,0.002600,64x64x1,64x1x1,64x1x64x1
node_182,kernel_repeat,0.284200,16x64x1,0x0x0,64x16x64x1
kv_cmpr-3,kernel_rms_norm_mul,0.009600,32768x1x1,512x1x1,512x64x1x1
kv-3,kernel_transpose_32_16,0.004000,128x16x0,1x16x0,4096x64x1x1
kv-3,kernel_mul_mat_Ab_Bi_8x4,0.135500,8x1024x1,1x128x1,4096x64x1x1
Kcur-3,kernel_concat_f32_non_contiguous,0.397800,16x64x1,0x0x0,192x16x64x1
Vcur_cont-3,kernel_cpy_f32_f32,0.013600,1024x64x1,64x1x1,128x16x64x1
cache_k_l3 (view),kernel_set_rows_f16_i64,0.015600,65536x1x1,1024x1x1,3072x4096x1x1
cache_v_l3 (view),kernel_set_rows_f16_i64,0.011800,65536x1x1,1024x1x1,2048x4096x1x1
__fattn__-3,flash_attn_f32_f16,4.707100,64x16x0,16x1x0,128x16x64x1
node_203,kernel_transpose_32_16,0.009700,512x16x0,1x16x0,2048x64x1x1
node_203,kernel_mul_mat_Ab_Bi_8x4,0.377400,8x512x1,1x128x1,2048x64x1x1
ffn_inp-3,kernel_add,0.020600,4096x1x1,64x1x1,2048x64x1x1
ffn_norm-3,kernel_rms_norm_mul,0.019100,65536x1x1,1024x1x1,2048x64x1x1
ffn_moe_logits-3,kernel_mul_mm_f32_f32_l4_lm,0.506200,128x1x1,128x1x1,64x64x1x1
ffn_moe_probs-3,kernel_soft_max_4,0.003500,4096x1x1,64x1x1,64x64x1x1
ffn_moe_argsort-3,kernel_argsort_f32_i32,0.015500,64x64x1,64x1x1,64x64x1x1
ffn_moe_weights-3,kernel_get_rows_f32,0.004500,384x64x1,64x1x1,1x6x64x1
ffn_moe_weights_scaled-3,kernel_scale,0.001700,96x1x1,64x1x1,1x6x64x1
ffn_moe_gate-3,kernel_mul_mv_id_q4_0_f32_8x_flat,9.143100,11264x1x384,64x1x1,1408x6x64x1
ffn_moe_up-3,kernel_mul_mv_id_q4_0_f32_8x_flat,9.235000,11264x1x384,64x1x1,1408x6x64x1
ffn_moe_weighted-3,kernel_swiglu,0.083200,196608x1x1,512x1x1,1408x6x64x1
ffn_moe_down-3,kernel_mul_mv_id_q4_0_f32_8x_flat,9.990100,16384x1x384,64x1x1,2048x6x64x1
node_219,kernel_mul,0.101300,384x64x1,64x1x1,2048x6x64x1
ffn_gate-3,kernel_transpose_32_16,0.011300,512x16x0,1x16x0,2816x64x1x1
ffn_gate-3,kernel_mul_mat_Ab_Bi_8x4,0.386600,8x704x1,1x128x1,2816x64x1x1
ffn_up-3,kernel_transpose_32_16,0.009700,512x16x0,1x16x0,2816x64x1x1
ffn_up-3,kernel_mul_mat_Ab_Bi_8x4,0.387000,8x704x1,1x128x1,2816x64x1x1
ffn_swiglu-3,kernel_swiglu,0.024300,32768x1x1,512x1x1,2816x64x1x1
node_229,kernel_add,0.024300,4096x1x1,64x1x1,2048x64x1x1
node_230,kernel_add,0.020700,4096x1x1,64x1x1,2048x64x1x1
node_231,kernel_add,0.017900,4096x1x1,64x1x1,2048x64x1x1
node_232,kernel_add,0.018100,4096x1x1,64x1x1,2048x64x1x1
ffn_moe_out-3,kernel_add,0.017600,4096x1x1,64x1x1,2048x64x1x1
ffn_shexp-3,kernel_transpose_32_16,0.013100,704x16x0,1x16x0,2048x64x1x1
ffn_shexp-3,kernel_mul_mat_Ab_Bi_8x4,0.534700,8x512x1,1x128x1,2048x64x1x1
ffn_out-3,kernel_add,0.021300,4096x1x1,64x1x1,2048x64x1x1
l_out-3,kernel_add,0.018500,4096x1x1,64x1x1,2048x64x1x1
attn_norm-4,kernel_rms_norm_mul,0.018900,65536x1x1,1024x1x1,2048x64x1x1
q-4,kernel_transpose_32_16,0.006800,512x16x0,1x16x0,3072x64x1x1
q-4,kernel_mul_mat_Ab_Bi_8x4,0.391900,8x768x1,1x128x1,3072x64x1x1
q_pe-4,kernel_rope_norm_f32,0.009200,1024x64x1,64x1x1,64x16x64x1
Qcur-4,kernel_concat_f32_non_contiguous,0.344000,16x64x1,0x0x0,192x16x64x1
kv_cmpr_pe-4,kernel_transpose_32_16,0.011200,512x16x0,1x16x0,576x64x1x1
kv_cmpr_pe-4,kernel_mul_mat_Ab_Bi_8x4,0.319900,8x144x1,1x128x1,576x64x1x1
k_pe-4,kernel_rope_norm_f32,0.002600,64x64x1,64x1x1,64x1x64x1
node_247,kernel_repeat,0.284300,16x64x1,0x0x0,64x16x64x1
kv_cmpr-4,kernel_rms_norm_mul,0.009700,32768x1x1,512x1x1,512x64x1x1
kv-4,kernel_transpose_32_16,0.003900,128x16x0,1x16x0,4096x64x1x1
kv-4,kernel_mul_mat_Ab_Bi_8x4,0.135100,8x1024x1,1x128x1,4096x64x1x1
Kcur-4,kernel_concat_f32_non_contiguous,0.411700,16x64x1,0x0x0,192x16x64x1
Vcur_cont-4,kernel_cpy_f32_f32,0.013700,1024x64x1,64x1x1,128x16x64x1
cache_k_l4 (view),kernel_set_rows_f16_i64,0.015700,65536x1x1,1024x1x1,3072x4096x1x1
cache_v_l4 (view),kernel_set_rows_f16_i64,0.011600,65536x1x1,1024x1x1,2048x4096x1x1
__fattn__-4,flash_attn_f32_f16,4.742300,64x16x0,16x1x0,128x16x64x1
node_268,kernel_transpose_32_16,0.009600,512x16x0,1x16x0,2048x64x1x1
node_268,kernel_mul_mat_Ab_Bi_8x4,0.373100,8x512x1,1x128x1,2048x64x1x1
ffn_inp-4,kernel_add,0.016800,4096x1x1,64x1x1,2048x64x1x1
ffn_norm-4,kernel_rms_norm_mul,0.019600,65536x1x1,1024x1x1,2048x64x1x1
ffn_moe_logits-4,kernel_mul_mm_f32_f32_l4_lm,0.505200,128x1x1,128x1x1,64x64x1x1
ffn_moe_probs-4,kernel_soft_max_4,0.003700,4096x1x1,64x1x1,64x64x1x1
ffn_moe_argsort-4,kernel_argsort_f32_i32,0.015300,64x64x1,64x1x1,64x64x1x1
ffn_moe_weights-4,kernel_get_rows_f32,0.004200,384x64x1,64x1x1,1x6x64x1
ffn_moe_weights_scaled-4,kernel_scale,0.001800,96x1x1,64x1x1,1x6x64x1
ffn_moe_gate-4,kernel_mul_mv_id_q4_0_f32_8x_flat,9.217800,11264x1x384,64x1x1,1408x6x64x1
ffn_moe_up-4,kernel_mul_mv_id_q4_0_f32_8x_flat,9.158500,11264x1x384,64x1x1,1408x6x64x1
ffn_moe_weighted-4,kernel_swiglu,0.082400,196608x1x1,512x1x1,1408x6x64x1
ffn_moe_down-4,kernel_mul_mv_id_q4_0_f32_8x_flat,9.906000,16384x1x384,64x1x1,2048x6x64x1
node_284,kernel_mul,0.101900,384x64x1,64x1x1,2048x6x64x1
ffn_gate-4,kernel_transpose_32_16,0.010900,512x16x0,1x16x0,2816x64x1x1
ffn_gate-4,kernel_mul_mat_Ab_Bi_8x4,0.382000,8x704x1,1x128x1,2816x64x1x1
ffn_up-4,kernel_transpose_32_16,0.010400,512x16x0,1x16x0,2816x64x1x1
ffn_up-4,kernel_mul_mat_Ab_Bi_8x4,0.386100,8x704x1,1x128x1,2816x64x1x1
ffn_swiglu-4,kernel_swiglu,0.021600,32768x1x1,512x1x1,2816x64x1x1
node_294,kernel_add,0.024200,4096x1x1,64x1x1,2048x64x1x1
node_295,kernel_add,0.022000,4096x1x1,64x1x1,2048x64x1x1
node_296,kernel_add,0.017900,4096x1x1,64x1x1,2048x64x1x1
node_297,kernel_add,0.018200,4096x1x1,64x1x1,2048x64x1x1
ffn_moe_out-4,kernel_add,0.017200,4096x1x1,64x1x1,2048x64x1x1
ffn_shexp-4,kernel_transpose_32_16,0.012900,704x16x0,1x16x0,2048x64x1x1
ffn_shexp-4,kernel_mul_mat_Ab_Bi_8x4,0.524800,8x512x1,1x128x1,2048x64x1x1
ffn_out-4,kernel_add,0.015400,4096x1x1,64x1x1,2048x64x1x1
l_out-4,kernel_add,0.018500,4096x1x1,64x1x1,2048x64x1x1
attn_norm-5,kernel_rms_norm_mul,0.019600,65536x1x1,1024x1x1,2048x64x1x1
q-5,kernel_transpose_32_16,0.006900,512x16x0,1x16x0,3072x64x1x1
q-5,kernel_mul_mat_Ab_Bi_8x4,0.391200,8x768x1,1x128x1,3072x64x1x1
q_pe-5,kernel_rope_norm_f32,0.012200,1024x64x1,64x1x1,64x16x64x1
Qcur-5,kernel_concat_f32_non_contiguous,0.349900,16x64x1,0x0x0,192x16x64x1
kv_cmpr_pe-5,kernel_transpose_32_16,0.010400,512x16x0,1x16x0,576x64x1x1
kv_cmpr_pe-5,kernel_mul_mat_Ab_Bi_8x4,0.315400,8x144x1,1x128x1,576x64x1x1
k_pe-5,kernel_rope_norm_f32,0.002800,64x64x1,64x1x1,64x1x64x1
node_312,kernel_repeat,0.285900,16x64x1,0x0x0,64x16x64x1
kv_cmpr-5,kernel_rms_norm_mul,0.009800,32768x1x1,512x1x1,512x64x1x1
kv-5,kernel_transpose_32_16,0.004300,128x16x0,1x16x0,4096x64x1x1
kv-5,kernel_mul_mat_Ab_Bi_8x4,0.134100,8x1024x1,1x128x1,4096x64x1x1
Kcur-5,kernel_concat_f32_non_contiguous,0.393200,16x64x1,0x0x0,192x16x64x1
Vcur_cont-5,kernel_cpy_f32_f32,0.013700,1024x64x1,64x1x1,128x16x64x1
cache_k_l5 (view),kernel_set_rows_f16_i64,0.014800,65536x1x1,1024x1x1,3072x4096x1x1
cache_v_l5 (view),kernel_set_rows_f16_i64,0.011700,65536x1x1,1024x1x1,2048x4096x1x1
__fattn__-5,flash_attn_f32_f16,4.708300,64x16x0,16x1x0,128x16x64x1
node_333,kernel_transpose_32_16,0.009400,512x16x0,1x16x0,2048x64x1x1
node_333,kernel_mul_mat_Ab_Bi_8x4,0.380000,8x512x1,1x128x1,2048x64x1x1
ffn_inp-5,kernel_add,0.020700,4096x1x1,64x1x1,2048x64x1x1
ffn_norm-5,kernel_rms_norm_mul,0.019300,65536x1x1,1024x1x1,2048x64x1x1
ffn_moe_logits-5,kernel_mul_mm_f32_f32_l4_lm,0.503000,128x1x1,128x1x1,64x64x1x1
ffn_moe_probs-5,kernel_soft_max_4,0.003900,4096x1x1,64x1x1,64x64x1x1
ffn_moe_argsort-5,kernel_argsort_f32_i32,0.015100,64x64x1,64x1x1,64x64x1x1
ffn_moe_weights-5,kernel_get_rows_f32,0.004000,384x64x1,64x1x1,1x6x64x1
ffn_moe_weights_scaled-5,kernel_scale,0.001700,96x1x1,64x1x1,1x6x64x1
ffn_moe_gate-5,kernel_mul_mv_id_q4_0_f32_8x_flat,9.089500,11264x1x384,64x1x1,1408x6x64x1
ffn_moe_up-5,kernel_mul_mv_id_q4_0_f32_8x_flat,9.088000,11264x1x384,64x1x1,1408x6x64x1
ffn_moe_weighted-5,kernel_swiglu,0.082100,196608x1x1,512x1x1,1408x6x64x1
ffn_moe_down-5,kernel_mul_mv_id_q4_0_f32_8x_flat,9.854700,16384x1x384,64x1x1,2048x6x64x1
node_349,kernel_mul,0.101500,384x64x1,64x1x1,2048x6x64x1
ffn_gate-5,kernel_transpose_32_16,0.010800,512x16x0,1x16x0,2816x64x1x1
ffn_gate-5,kernel_mul_mat_Ab_Bi_8x4,0.384300,8x704x1,1x128x1,2816x64x1x1
ffn_up-5,kernel_transpose_32_16,0.009800,512x16x0,1x16x0,2816x64x1x1
ffn_up-5,kernel_mul_mat_Ab_Bi_8x4,0.382800,8x704x1,1x128x1,2816x64x1x1
ffn_swiglu-5,kernel_swiglu,0.023600,32768x1x1,512x1x1,2816x64x1x1
node_359,kernel_add,0.024200,4096x1x1,64x1x1,2048x64x1x1
node_360,kernel_add,0.020500,4096x1x1,64x1x1,2048x64x1x1
node_361,kernel_add,0.017200,4096x1x1,64x1x1,2048x64x1x1
node_362,kernel_add,0.018100,4096x1x1,64x1x1,2048x64x1x1
ffn_moe_out-5,kernel_add,0.017100,4096x1x1,64x1x1,2048x64x1x1
ffn_shexp-5,kernel_transpose_32_16,0.012300,704x16x0,1x16x0,2048x64x1x1
ffn_shexp-5,kernel_mul_mat_Ab_Bi_8x4,0.531100,8x512x1,1x128x1,2048x64x1x1
ffn_out-5,kernel_add,0.021300,4096x1x1,64x1x1,2048x64x1x1
l_out-5,kernel_add,0.017900,4096x1x1,64x1x1,2048x64x1x1
attn_norm-6,kernel_rms_norm_mul,0.019100,65536x1x1,1024x1x1,2048x64x1x1
q-6,kernel_transpose_32_16,0.009500,512x16x0,1x16x0,3072x64x1x1
q-6,kernel_mul_mat_Ab_Bi_8x4,0.385900,8x768x1,1x128x1,3072x64x1x1
q_pe-6,kernel_rope_norm_f32,0.012000,1024x64x1,64x1x1,64x16x64x1
Qcur-6,kernel_concat_f32_non_contiguous,0.348000,16x64x1,0x0x0,192x16x64x1
kv_cmpr_pe-6,kernel_transpose_32_16,0.010700,512x16x0,1x16x0,576x64x1x1
kv_cmpr_pe-6,kernel_mul_mat_Ab_Bi_8x4,0.315600,8x144x1,1x128x1,576x64x1x1
k_pe-6,kernel_rope_norm_f32,0.002600,64x64x1,64x1x1,64x1x64x1
node_377,kernel_repeat,0.284900,16x64x1,0x0x0,64x16x64x1
kv_cmpr-6,kernel_rms_norm_mul,0.010100,32768x1x1,512x1x1,512x64x1x1
kv-6,kernel_transpose_32_16,0.004000,128x16x0,1x16x0,4096x64x1x1
kv-6,kernel_mul_mat_Ab_Bi_8x4,0.134800,8x1024x1,1x128x1,4096x64x1x1
Kcur-6,kernel_concat_f32_non_contiguous,0.381800,16x64x1,0x0x0,192x16x64x1
Vcur_cont-6,kernel_cpy_f32_f32,0.013700,1024x64x1,64x1x1,128x16x64x1
cache_k_l6 (view),kernel_set_rows_f16_i64,0.015700,65536x1x1,1024x1x1,3072x4096x1x1
cache_v_l6 (view),kernel_set_rows_f16_i64,0.011300,65536x1x1,1024x1x1,2048x4096x1x1
__fattn__-6,flash_attn_f32_f16,4.704300,64x16x0,16x1x0,128x16x64x1
node_398,kernel_transpose_32_16,0.009100,512x16x0,1x16x0,2048x64x1x1
node_398,kernel_mul_mat_Ab_Bi_8x4,0.380400,8x512x1,1x128x1,2048x64x1x1
ffn_inp-6,kernel_add,0.020800,4096x1x1,64x1x1,2048x64x1x1
ffn_norm-6,kernel_rms_norm_mul,0.019100,65536x1x1,1024x1x1,2048x64x1x1
ffn_moe_logits-6,kernel_mul_mm_f32_f32_l4_lm,0.503700,128x1x1,128x1x1,64x64x1x1
ffn_moe_probs-6,kernel_soft_max_4,0.003800,4096x1x1,64x1x1,64x64x1x1
ffn_moe_argsort-6,kernel_argsort_f32_i32,0.015100,64x64x1,64x1x1,64x64x1x1
ffn_moe_weights-6,kernel_get_rows_f32,0.004100,384x64x1,64x1x1,1x6x64x1
ffn_moe_weights_scaled-6,kernel_scale,0.002100,96x1x1,64x1x1,1x6x64x1
ffn_moe_gate-6,kernel_mul_mv_id_q4_0_f32_8x_flat,9.113600,11264x1x384,64x1x1,1408x6x64x1
ffn_moe_up-6,kernel_mul_mv_id_q4_0_f32_8x_flat,9.188000,11264x1x384,64x1x1,1408x6x64x1
ffn_moe_weighted-6,kernel_swiglu,0.082400,196608x1x1,512x1x1,1408x6x64x1
ffn_moe_down-6,kernel_mul_mv_id_q4_0_f32_8x_flat,9.908800,16384x1x384,64x1x1,2048x6x64x1
node_414,kernel_mul,0.102600,384x64x1,64x1x1,2048x6x64x1
ffn_gate-6,kernel_transpose_32_16,0.011500,512x16x0,1x16x0,2816x64x1x1
ffn_gate-6,kernel_mul_mat_Ab_Bi_8x4,0.385400,8x704x1,1x128x1,2816x64x1x1
ffn_up-6,kernel_transpose_32_16,0.009500,512x16x0,1x16x0,2816x64x1x1
ffn_up-6,kernel_mul_mat_Ab_Bi_8x4,0.385500,8x704x1,1x128x1,2816x64x1x1
ffn_swiglu-6,kernel_swiglu,0.023700,32768x1x1,512x1x1,2816x64x1x1
node_424,kernel_add,0.024800,4096x1x1,64x1x1,2048x64x1x1
node_425,kernel_add,0.021300,4096x1x1,64x1x1,2048x64x1x1
node_426,kernel_add,0.017500,4096x1x1,64x1x1,2048x64x1x1
node_427,kernel_add,0.017500,4096x1x1,64x1x1,2048x64x1x1
ffn_moe_out-6,kernel_add,0.017100,4096x1x1,64x1x1,2048x64x1x1
ffn_shexp-6,kernel_transpose_32_16,0.011400,704x16x0,1x16x0,2048x64x1x1
ffn_shexp-6,kernel_mul_mat_Ab_Bi_8x4,0.522200,8x512x1,1x128x1,2048x64x1x1
ffn_out-6,kernel_add,0.020100,4096x1x1,64x1x1,2048x64x1x1
l_out-6,kernel_add,0.018600,4096x1x1,64x1x1,2048x64x1x1
attn_norm-7,kernel_rms_norm_mul,0.019500,65536x1x1,1024x1x1,2048x64x1x1
q-7,kernel_transpose_32_16,0.006900,512x16x0,1x16x0,3072x64x1x1
q-7,kernel_mul_mat_Ab_Bi_8x4,0.388900,8x768x1,1x128x1,3072x64x1x1
q_pe-7,kernel_rope_norm_f32,0.012200,1024x64x1,64x1x1,64x16x64x1
Qcur-7,kernel_concat_f32_non_contiguous,0.344600,16x64x1,0x0x0,192x16x64x1
kv_cmpr_pe-7,kernel_transpose_32_16,0.010300,512x16x0,1x16x0,576x64x1x1
kv_cmpr_pe-7,kernel_mul_mat_Ab_Bi_8x4,0.317800,8x144x1,1x128x1,576x64x1x1
k_pe-7,kernel_rope_norm_f32,0.003000,64x64x1,64x1x1,64x1x64x1
node_442,kernel_repeat,0.288100,16x64x1,0x0x0,64x16x64x1
kv_cmpr-7,kernel_rms_norm_mul,0.010100,32768x1x1,512x1x1,512x64x1x1
kv-7,kernel_transpose_32_16,0.004300,128x16x0,1x16x0,4096x64x1x1
kv-7,kernel_mul_mat_Ab_Bi_8x4,0.134900,8x1024x1,1x128x1,4096x64x1x1
Kcur-7,kernel_concat_f32_non_contiguous,0.386300,16x64x1,0x0x0,192x16x64x1
Vcur_cont-7,kernel_cpy_f32_f32,0.013100,1024x64x1,64x1x1,128x16x64x1
cache_k_l7 (view),kernel_set_rows_f16_i64,0.016000,65536x1x1,1024x1x1,3072x4096x1x1
cache_v_l7 (view),kernel_set_rows_f16_i64,0.011900,65536x1x1,1024x1x1,2048x4096x1x1
__fattn__-7,flash_attn_f32_f16,4.700500,64x16x0,16x1x0,128x16x64x1
node_463,kernel_transpose_32_16,0.009400,512x16x0,1x16x0,2048x64x1x1
node_463,kernel_mul_mat_Ab_Bi_8x4,0.375700,8x512x1,1x128x1,2048x64x1x1
ffn_inp-7,kernel_add,0.020300,4096x1x1,64x1x1,2048x64x1x1
ffn_norm-7,kernel_rms_norm_mul,0.019700,65536x1x1,1024x1x1,2048x64x1x1
ffn_moe_logits-7,kernel_mul_mm_f32_f32_l4_lm,0.500700,128x1x1,128x1x1,64x64x1x1
ffn_moe_probs-7,kernel_soft_max_4,0.003600,4096x1x1,64x1x1,64x64x1x1
ffn_moe_argsort-7,kernel_argsort_f32_i32,0.015200,64x64x1,64x1x1,64x64x1x1
ffn_moe_weights-7,kernel_get_rows_f32,0.004100,384x64x1,64x1x1,1x6x64x1
ffn_moe_weights_scaled-7,kernel_scale,0.001700,96x1x1,64x1x1,1x6x64x1
ffn_moe_gate-7,kernel_mul_mv_id_q4_0_f32_8x_flat,9.144700,11264x1x384,64x1x1,1408x6x64x1
ffn_moe_up-7,kernel_mul_mv_id_q4_0_f32_8x_flat,9.102300,11264x1x384,64x1x1,1408x6x64x1
ffn_moe_weighted-7,kernel_swiglu,0.083000,196608x1x1,512x1x1,1408x6x64x1
ffn_moe_down-7,kernel_mul_mv_id_q4_0_f32_8x_flat,9.818000,16384x1x384,64x1x1,2048x6x64x1
node_479,kernel_mul,0.099200,384x64x1,64x1x1,2048x6x64x1
ffn_gate-7,kernel_transpose_32_16,0.011300,512x16x0,1x16x0,2816x64x1x1
ffn_gate-7,kernel_mul_mat_Ab_Bi_8x4,0.384800,8x704x1,1x128x1,2816x64x1x1
ffn_up-7,kernel_transpose_32_16,0.009900,512x16x0,1x16x0,2816x64x1x1
ffn_up-7,kernel_mul_mat_Ab_Bi_8x4,0.381500,8x704x1,1x128x1,2816x64x1x1
ffn_swiglu-7,kernel_swiglu,0.024400,32768x1x1,512x1x1,2816x64x1x1
node_489,kernel_add,0.020800,4096x1x1,64x1x1,2048x64x1x1
node_490,kernel_add,0.020300,4096x1x1,64x1x1,2048x64x1x1
node_491,kernel_add,0.018000,4096x1x1,64x1x1,2048x64x1x1
node_492,kernel_add,0.017400,4096x1x1,64x1x1,2048x64x1x1
ffn_moe_out-7,kernel_add,0.016900,4096x1x1,64x1x1,2048x64x1x1
ffn_shexp-7,kernel_transpose_32_16,0.013700,704x16x0,1x16x0,2048x64x1x1
ffn_shexp-7,kernel_mul_mat_Ab_Bi_8x4,0.527500,8x512x1,1x128x1,2048x64x1x1
ffn_out-7,kernel_add,0.020900,4096x1x1,64x1x1,2048x64x1x1
l_out-7,kernel_add,0.017000,4096x1x1,64x1x1,2048x64x1x1
attn_norm-8,kernel_rms_norm_mul,0.019800,65536x1x1,1024x1x1,2048x64x1x1
q-8,kernel_transpose_32_16,0.007200,512x16x0,1x16x0,3072x64x1x1
q-8,kernel_mul_mat_Ab_Bi_8x4,0.389500,8x768x1,1x128x1,3072x64x1x1
q_pe-8,kernel_rope_norm_f32,0.011800,1024x64x1,64x1x1,64x16x64x1
Qcur-8,kernel_concat_f32_non_contiguous,0.349900,16x64x1,0x0x0,192x16x64x1
kv_cmpr_pe-8,kernel_transpose_32_16,0.010800,512x16x0,1x16x0,576x64x1x1
kv_cmpr_pe-8,kernel_mul_mat_Ab_Bi_8x4,0.315800,8x144x1,1x128x1,576x64x1x1
k_pe-8,kernel_rope_norm_f32,0.003000,64x64x1,64x1x1,64x1x64x1
node_507,kernel_repeat,0.286800,16x64x1,0x0x0,64x16x64x1
kv_cmpr-8,kernel_rms_norm_mul,0.009900,32768x1x1,512x1x1,512x64x1x1
kv-8,kernel_transpose_32_16,0.003800,128x16x0,1x16x0,4096x64x1x1
kv-8,kernel_mul_mat_Ab_Bi_8x4,0.133100,8x1024x1,1x128x1,4096x64x1x1
Kcur-8,kernel_concat_f32_non_contiguous,0.385600,16x64x1,0x0x0,192x16x64x1
Vcur_cont-8,kernel_cpy_f32_f32,0.014600,1024x64x1,64x1x1,128x16x64x1
cache_k_l8 (view),kernel_set_rows_f16_i64,0.016200,65536x1x1,1024x1x1,3072x4096x1x1
cache_v_l8 (view),kernel_set_rows_f16_i64,0.011300,65536x1x1,1024x1x1,2048x4096x1x1
__fattn__-8,flash_attn_f32_f16,4.722100,64x16x0,16x1x0,128x16x64x1
node_528,kernel_transpose_32_16,0.009400,512x16x0,1x16x0,2048x64x1x1
node_528,kernel_mul_mat_Ab_Bi_8x4,0.388200,8x512x1,1x128x1,2048x64x1x1
ffn_inp-8,kernel_add,0.020900,4096x1x1,64x1x1,2048x64x1x1
ffn_norm-8,kernel_rms_norm_mul,0.019400,65536x1x1,1024x1x1,2048x64x1x1
ffn_moe_logits-8,kernel_mul_mm_f32_f32_l4_lm,0.504200,128x1x1,128x1x1,64x64x1x1
ffn_moe_probs-8,kernel_soft_max_4,0.003600,4096x1x1,64x1x1,64x64x1x1
ffn_moe_argsort-8,kernel_argsort_f32_i32,0.015700,64x64x1,64x1x1,64x64x1x1
ffn_moe_weights-8,kernel_get_rows_f32,0.004100,384x64x1,64x1x1,1x6x64x1
ffn_moe_weights_scaled-8,kernel_scale,0.001800,96x1x1,64x1x1,1x6x64x1
ffn_moe_gate-8,kernel_mul_mv_id_q4_0_f32_8x_flat,9.055500,11264x1x384,64x1x1,1408x6x64x1
ffn_moe_up-8,kernel_mul_mv_id_q4_0_f32_8x_flat,9.047100,11264x1x384,64x1x1,1408x6x64x1
ffn_moe_weighted-8,kernel_swiglu,0.081900,196608x1x1,512x1x1,1408x6x64x1
ffn_moe_down-8,kernel_mul_mv_id_q4_0_f32_8x_flat,9.817500,16384x1x384,64x1x1,2048x6x64x1
node_544,kernel_mul,0.101100,384x64x1,64x1x1,2048x6x64x1
ffn_gate-8,kernel_transpose_32_16,0.010900,512x16x0,1x16x0,2816x64x1x1
ffn_gate-8,kernel_mul_mat_Ab_Bi_8x4,0.378300,8x704x1,1x128x1,2816x64x1x1
ffn_up-8,kernel_transpose_32_16,0.010000,512x16x0,1x16x0,2816x64x1x1
ffn_up-8,kernel_mul_mat_Ab_Bi_8x4,0.385300,8x704x1,1x128x1,2816x64x1x1
ffn_swiglu-8,kernel_swiglu,0.023300,32768x1x1,512x1x1,2816x64x1x1
node_554,kernel_add,0.024500,4096x1x1,64x1x1,2048x64x1x1
node_555,kernel_add,0.021900,4096x1x1,64x1x1,2048x64x1x1
node_556,kernel_add,0.017300,4096x1x1,64x1x1,2048x64x1x1
node_557,kernel_add,0.017000,4096x1x1,64x1x1,2048x64x1x1
ffn_moe_out-8,kernel_add,0.018000,4096x1x1,64x1x1,2048x64x1x1
ffn_shexp-8,kernel_transpose_32_16,0.013100,704x16x0,1x16x0,2048x64x1x1
ffn_shexp-8,kernel_mul_mat_Ab_Bi_8x4,0.536800,8x512x1,1x128x1,2048x64x1x1
ffn_out-8,kernel_add,0.020300,4096x1x1,64x1x1,2048x64x1x1
l_out-8,kernel_add,0.018300,4096x1x1,64x1x1,2048x64x1x1
attn_norm-9,kernel_rms_norm_mul,0.019100,65536x1x1,1024x1x1,2048x64x1x1
q-9,kernel_transpose_32_16,0.006600,512x16x0,1x16x0,3072x64x1x1
q-9,kernel_mul_mat_Ab_Bi_8x4,0.391600,8x768x1,1x128x1,3072x64x1x1
q_pe-9,kernel_rope_norm_f32,0.012500,1024x64x1,64x1x1,64x16x64x1
Qcur-9,kernel_concat_f32_non_contiguous,0.348300,16x64x1,0x0x0,192x16x64x1
kv_cmpr_pe-9,kernel_transpose_32_16,0.010700,512x16x0,1x16x0,576x64x1x1
kv_cmpr_pe-9,kernel_mul_mat_Ab_Bi_8x4,0.316900,8x144x1,1x128x1,576x64x1x1
k_pe-9,kernel_rope_norm_f32,0.002700,64x64x1,64x1x1,64x1x64x1
node_572,kernel_repeat,0.286000,16x64x1,0x0x0,64x16x64x1
kv_cmpr-9,kernel_rms_norm_mul,0.010100,32768x1x1,512x1x1,512x64x1x1
kv-9,kernel_transpose_32_16,0.004200,128x16x0,1x16x0,4096x64x1x1
kv-9,kernel_mul_mat_Ab_Bi_8x4,0.133900,8x1024x1,1x128x1,4096x64x1x1
Kcur-9,kernel_concat_f32_non_contiguous,0.387300,16x64x1,0x0x0,192x16x64x1
Vcur_cont-9,kernel_cpy_f32_f32,0.014100,1024x64x1,64x1x1,128x16x64x1
cache_k_l9 (view),kernel_set_rows_f16_i64,0.016800,65536x1x1,1024x1x1,3072x4096x1x1
cache_v_l9 (view),kernel_set_rows_f16_i64,0.011700,65536x1x1,1024x1x1,2048x4096x1x1
__fattn__-9,flash_attn_f32_f16,4.728300,64x16x0,16x1x0,128x16x64x1
node_593,kernel_transpose_32_16,0.009800,512x16x0,1x16x0,2048x64x1x1
node_593,kernel_mul_mat_Ab_Bi_8x4,0.381200,8x512x1,1x128x1,2048x64x1x1
ffn_inp-9,kernel_add,0.021500,4096x1x1,64x1x1,2048x64x1x1
ffn_norm-9,kernel_rms_norm_mul,0.019000,65536x1x1,1024x1x1,2048x64x1x1
ffn_moe_logits-9,kernel_mul_mm_f32_f32_l4_lm,0.501400,128x1x1,128x1x1,64x64x1x1
ffn_moe_probs-9,kernel_soft_max_4,0.003500,4096x1x1,64x1x1,64x64x1x1
ffn_moe_argsort-9,kernel_argsort_f32_i32,0.015000,64x64x1,64x1x1,64x64x1x1
ffn_moe_weights-9,kernel_get_rows_f32,0.004100,384x64x1,64x1x1,1x6x64x1
ffn_moe_weights_scaled-9,kernel_scale,0.001800,96x1x1,64x1x1,1x6x64x1
ffn_moe_gate-9,kernel_mul_mv_id_q4_0_f32_8x_flat,9.089400,11264x1x384,64x1x1,1408x6x64x1
ffn_moe_up-9,kernel_mul_mv_id_q4_0_f32_8x_flat,9.087000,11264x1x384,64x1x1,1408x6x64x1
ffn_moe_weighted-9,kernel_swiglu,0.082000,196608x1x1,512x1x1,1408x6x64x1
ffn_moe_down-9,kernel_mul_mv_id_q4_0_f32_8x_flat,9.812600,16384x1x384,64x1x1,2048x6x64x1
node_609,kernel_mul,0.098900,384x64x1,64x1x1,2048x6x64x1
ffn_gate-9,kernel_transpose_32_16,0.011500,512x16x0,1x16x0,2816x64x1x1
ffn_gate-9,kernel_mul_mat_Ab_Bi_8x4,0.380900,8x704x1,1x128x1,2816x64x1x1
ffn_up-9,kernel_transpose_32_16,0.010400,512x16x0,1x16x0,2816x64x1x1
ffn_up-9,kernel_mul_mat_Ab_Bi_8x4,0.386400,8x704x1,1x128x1,2816x64x1x1
ffn_swiglu-9,kernel_swiglu,0.024600,32768x1x1,512x1x1,2816x64x1x1
node_619,kernel_add,0.024000,4096x1x1,64x1x1,2048x64x1x1
node_620,kernel_add,0.020800,4096x1x1,64x1x1,2048x64x1x1
node_621,kernel_add,0.017200,4096x1x1,64x1x1,2048x64x1x1
node_622,kernel_add,0.017300,4096x1x1,64x1x1,2048x64x1x1
ffn_moe_out-9,kernel_add,0.017300,4096x1x1,64x1x1,2048x64x1x1
ffn_shexp-9,kernel_transpose_32_16,0.012600,704x16x0,1x16x0,2048x64x1x1
ffn_shexp-9,kernel_mul_mat_Ab_Bi_8x4,0.525000,8x512x1,1x128x1,2048x64x1x1
ffn_out-9,kernel_add,0.021700,4096x1x1,64x1x1,2048x64x1x1
l_out-9,kernel_add,0.017900,4096x1x1,64x1x1,2048x64x1x1
attn_norm-10,kernel_rms_norm_mul,0.018700,65536x1x1,1024x1x1,2048x64x1x1
q-10,kernel_transpose_32_16,0.006800,512x16x0,1x16x0,3072x64x1x1
q-10,kernel_mul_mat_Ab_Bi_8x4,0.389700,8x768x1,1x128x1,3072x64x1x1
q_pe-10,kernel_rope_norm_f32,0.012300,1024x64x1,64x1x1,64x16x64x1
Qcur-10,kernel_concat_f32_non_contiguous,0.346400,16x64x1,0x0x0,192x16x64x1
kv_cmpr_pe-10,kernel_transpose_32_16,0.009500,512x16x0,1x16x0,576x64x1x1
kv_cmpr_pe-10,kernel_mul_mat_Ab_Bi_8x4,0.317400,8x144x1,1x128x1,576x64x1x1
k_pe-10,kernel_rope_norm_f32,0.002700,64x64x1,64x1x1,64x1x64x1
node_637,kernel_repeat,0.284700,16x64x1,0x0x0,64x16x64x1
kv_cmpr-10,kernel_rms_norm_mul,0.009600,32768x1x1,512x1x1,512x64x1x1
kv-10,kernel_transpose_32_16,0.004100,128x16x0,1x16x0,4096x64x1x1
kv-10,kernel_mul_mat_Ab_Bi_8x4,0.133300,8x1024x1,1x128x1,4096x64x1x1
Kcur-10,kernel_concat_f32_non_contiguous,0.393600,16x64x1,0x0x0,192x16x64x1
Vcur_cont-10,kernel_cpy_f32_f32,0.010200,1024x64x1,64x1x1,128x16x64x1
cache_k_l10 (view),kernel_set_rows_f16_i64,0.016400,65536x1x1,1024x1x1,3072x4096x1x1
cache_v_l10 (view),kernel_set_rows_f16_i64,0.011500,65536x1x1,1024x1x1,2048x4096x1x1
__fattn__-10,flash_attn_f32_f16,4.704100,64x16x0,16x1x0,128x16x64x1
node_658,kernel_transpose_32_16,0.010100,512x16x0,1x16x0,2048x64x1x1
node_658,kernel_mul_mat_Ab_Bi_8x4,0.375500,8x512x1,1x128x1,2048x64x1x1
ffn_inp-10,kernel_add,0.021000,4096x1x1,64x1x1,2048x64x1x1
ffn_norm-10,kernel_rms_norm_mul,0.019600,65536x1x1,1024x1x1,2048x64x1x1
ffn_moe_logits-10,kernel_mul_mm_f32_f32_l4_lm,0.490600,128x1x1,128x1x1,64x64x1x1
ffn_moe_probs-10,kernel_soft_max_4,0.003800,4096x1x1,64x1x1,64x64x1x1
ffn_moe_argsort-10,kernel_argsort_f32_i32,0.015200,64x64x1,64x1x1,64x64x1x1
ffn_moe_weights-10,kernel_get_rows_f32,0.004100,384x64x1,64x1x1,1x6x64x1
ffn_moe_weights_scaled-10,kernel_scale,0.001800,96x1x1,64x1x1,1x6x64x1
ffn_moe_gate-10,kernel_mul_mv_id_q4_0_f32_8x_flat,9.137900,11264x1x384,64x1x1,1408x6x64x1
ffn_moe_up-10,kernel_mul_mv_id_q4_0_f32_8x_flat,9.130800,11264x1x384,64x1x1,1408x6x64x1
ffn_moe_weighted-10,kernel_swiglu,0.081600,196608x1x1,512x1x1,1408x6x64x1
ffn_moe_down-10,kernel_mul_mv_id_q4_0_f32_8x_flat,9.826800,16384x1x384,64x1x1,2048x6x64x1
node_674,kernel_mul,0.101900,384x64x1,64x1x1,2048x6x64x1
ffn_gate-10,kernel_transpose_32_16,0.011500,512x16x0,1x16x0,2816x64x1x1
ffn_gate-10,kernel_mul_mat_Ab_Bi_8x4,0.385300,8x704x1,1x128x1,2816x64x1x1
ffn_up-10,kernel_transpose_32_16,0.010600,512x16x0,1x16x0,2816x64x1x1
ffn_up-10,kernel_mul_mat_Ab_Bi_8x4,0.385200,8x704x1,1x128x1,2816x64x1x1
ffn_swiglu-10,kernel_swiglu,0.023600,32768x1x1,512x1x1,2816x64x1x1
node_684,kernel_add,0.024400,4096x1x1,64x1x1,2048x64x1x1
node_685,kernel_add,0.016900,4096x1x1,64x1x1,2048x64x1x1
node_686,kernel_add,0.017400,4096x1x1,64x1x1,2048x64x1x1
node_687,kernel_add,0.017200,4096x1x1,64x1x1,2048x64x1x1
ffn_moe_out-10,kernel_add,0.016800,4096x1x1,64x1x1,2048x64x1x1
ffn_shexp-10,kernel_transpose_32_16,0.013300,704x16x0,1x16x0,2048x64x1x1
ffn_shexp-10,kernel_mul_mat_Ab_Bi_8x4,0.533400,8x512x1,1x128x1,2048x64x1x1
ffn_out-10,kernel_add,0.021300,4096x1x1,64x1x1,2048x64x1x1
l_out-10,kernel_add,0.018300,4096x1x1,64x1x1,2048x64x1x1
attn_norm-11,kernel_rms_norm_mul,0.019500,65536x1x1,1024x1x1,2048x64x1x1
q-11,kernel_transpose_32_16,0.009700,512x16x0,1x16x0,3072x64x1x1
q-11,kernel_mul_mat_Ab_Bi_8x4,0.390000,8x768x1,1x128x1,3072x64x1x1
q_pe-11,kernel_rope_norm_f32,0.012100,1024x64x1,64x1x1,64x16x64x1
Qcur-11,kernel_concat_f32_non_contiguous,0.348700,16x64x1,0x0x0,192x16x64x1
kv_cmpr_pe-11,kernel_transpose_32_16,0.010000,512x16x0,1x16x0,576x64x1x1
kv_cmpr_pe-11,kernel_mul_mat_Ab_Bi_8x4,0.315000,8x144x1,1x128x1,576x64x1x1
k_pe-11,kernel_rope_norm_f32,0.002600,64x64x1,64x1x1,64x1x64x1
node_702,kernel_repeat,0.284400,16x64x1,0x0x0,64x16x64x1
kv_cmpr-11,kernel_rms_norm_mul,0.009600,32768x1x1,512x1x1,512x64x1x1
kv-11,kernel_transpose_32_16,0.003900,128x16x0,1x16x0,4096x64x1x1
kv-11,kernel_mul_mat_Ab_Bi_8x4,0.133000,8x1024x1,1x128x1,4096x64x1x1
Kcur-11,kernel_concat_f32_non_contiguous,0.391800,16x64x1,0x0x0,192x16x64x1
Vcur_cont-11,kernel_cpy_f32_f32,0.013600,1024x64x1,64x1x1,128x16x64x1
cache_k_l11 (view),kernel_set_rows_f16_i64,0.016100,65536x1x1,1024x1x1,3072x4096x1x1
cache_v_l11 (view),kernel_set_rows_f16_i64,0.011900,65536x1x1,1024x1x1,2048x4096x1x1
__fattn__-11,flash_attn_f32_f16,4.702300,64x16x0,16x1x0,128x16x64x1
node_723,kernel_transpose_32_16,0.009700,512x16x0,1x16x0,2048x64x1x1
node_723,kernel_mul_mat_Ab_Bi_8x4,0.378000,8x512x1,1x128x1,2048x64x1x1
ffn_inp-11,kernel_add,0.020800,4096x1x1,64x1x1,2048x64x1x1
ffn_norm-11,kernel_rms_norm_mul,0.019200,65536x1x1,1024x1x1,2048x64x1x1
ffn_moe_logits-11,kernel_mul_mm_f32_f32_l4_lm,0.503600,128x1x1,128x1x1,64x64x1x1
ffn_moe_probs-11,kernel_soft_max_4,0.003500,4096x1x1,64x1x1,64x64x1x1
ffn_moe_argsort-11,kernel_argsort_f32_i32,0.015100,64x64x1,64x1x1,64x64x1x1
ffn_moe_weights-11,kernel_get_rows_f32,0.004400,384x64x1,64x1x1,1x6x64x1
ffn_moe_weights_scaled-11,kernel_scale,0.001800,96x1x1,64x1x1,1x6x64x1
ffn_moe_gate-11,kernel_mul_mv_id_q4_0_f32_8x_flat,9.127300,11264x1x384,64x1x1,1408x6x64x1
ffn_moe_up-11,kernel_mul_mv_id_q4_0_f32_8x_flat,9.107400,11264x1x384,64x1x1,1408x6x64x1
ffn_moe_weighted-11,kernel_swiglu,0.081600,196608x1x1,512x1x1,1408x6x64x1
ffn_moe_down-11,kernel_mul_mv_id_q4_0_f32_8x_flat,9.813400,16384x1x384,64x1x1,2048x6x64x1
node_739,kernel_mul,0.100600,384x64x1,64x1x1,2048x6x64x1
ffn_gate-11,kernel_transpose_32_16,0.011400,512x16x0,1x16x0,2816x64x1x1
ffn_gate-11,kernel_mul_mat_Ab_Bi_8x4,0.386800,8x704x1,1x128x1,2816x64x1x1
ffn_up-11,kernel_transpose_32_16,0.010000,512x16x0,1x16x0,2816x64x1x1
ffn_up-11,kernel_mul_mat_Ab_Bi_8x4,0.382000,8x704x1,1x128x1,2816x64x1x1
ffn_swiglu-11,kernel_swiglu,0.023400,32768x1x1,512x1x1,2816x64x1x1
node_749,kernel_add,0.024800,4096x1x1,64x1x1,2048x64x1x1
node_750,kernel_add,0.020100,4096x1x1,64x1x1,2048x64x1x1
node_751,kernel_add,0.017800,4096x1x1,64x1x1,2048x64x1x1
node_752,kernel_add,0.017300,4096x1x1,64x1x1,2048x64x1x1
ffn_moe_out-11,kernel_add,0.017200,4096x1x1,64x1x1,2048x64x1x1
ffn_shexp-11,kernel_transpose_32_16,0.012700,704x16x0,1x16x0,2048x64x1x1
ffn_shexp-11,kernel_mul_mat_Ab_Bi_8x4,0.514300,8x512x1,1x128x1,2048x64x1x1
ffn_out-11,kernel_add,0.021700,4096x1x1,64x1x1,2048x64x1x1
l_out-11,kernel_add,0.017700,4096x1x1,64x1x1,2048x64x1x1
attn_norm-12,kernel_rms_norm_mul,0.018900,65536x1x1,1024x1x1,2048x64x1x1
q-12,kernel_transpose_32_16,0.006800,512x16x0,1x16x0,3072x64x1x1
q-12,kernel_mul_mat_Ab_Bi_8x4,0.389400,8x768x1,1x128x1,3072x64x1x1
q_pe-12,kernel_rope_norm_f32,0.009400,1024x64x1,64x1x1,64x16x64x1
Qcur-12,kernel_concat_f32_non_contiguous,0.345800,16x64x1,0x0x0,192x16x64x1
kv_cmpr_pe-12,kernel_transpose_32_16,0.010400,512x16x0,1x16x0,576x64x1x1
kv_cmpr_pe-12,kernel_mul_mat_Ab_Bi_8x4,0.316000,8x144x1,1x128x1,576x64x1x1
k_pe-12,kernel_rope_norm_f32,0.002600,64x64x1,64x1x1,64x1x64x1
node_767,kernel_repeat,0.285600,16x64x1,0x0x0,64x16x64x1
kv_cmpr-12,kernel_rms_norm_mul,0.010000,32768x1x1,512x1x1,512x64x1x1
kv-12,kernel_transpose_32_16,0.004200,128x16x0,1x16x0,4096x64x1x1
kv-12,kernel_mul_mat_Ab_Bi_8x4,0.134200,8x1024x1,1x128x1,4096x64x1x1
Kcur-12,kernel_concat_f32_non_contiguous,0.389300,16x64x1,0x0x0,192x16x64x1
Vcur_cont-12,kernel_cpy_f32_f32,0.014400,1024x64x1,64x1x1,128x16x64x1
cache_k_l12 (view),kernel_set_rows_f16_i64,0.016400,65536x1x1,1024x1x1,3072x4096x1x1
cache_v_l12 (view),kernel_set_rows_f16_i64,0.011400,65536x1x1,1024x1x1,2048x4096x1x1
__fattn__-12,flash_attn_f32_f16,4.705000,64x16x0,16x1x0,128x16x64x1
node_788,kernel_transpose_32_16,0.009800,512x16x0,1x16x0,2048x64x1x1
node_788,kernel_mul_mat_Ab_Bi_8x4,0.385700,8x512x1,1x128x1,2048x64x1x1
ffn_inp-12,kernel_add,0.016800,4096x1x1,64x1x1,2048x64x1x1
ffn_norm-12,kernel_rms_norm_mul,0.019500,65536x1x1,1024x1x1,2048x64x1x1
ffn_moe_logits-12,kernel_mul_mm_f32_f32_l4_lm,0.504800,128x1x1,128x1x1,64x64x1x1
ffn_moe_probs-12,kernel_soft_max_4,0.003600,4096x1x1,64x1x1,64x64x1x1
ffn_moe_argsort-12,kernel_argsort_f32_i32,0.015000,64x64x1,64x1x1,64x64x1x1
ffn_moe_weights-12,kernel_get_rows_f32,0.004100,384x64x1,64x1x1,1x6x64x1
ffn_moe_weights_scaled-12,kernel_scale,0.001800,96x1x1,64x1x1,1x6x64x1
ffn_moe_gate-12,kernel_mul_mv_id_q4_0_f32_8x_flat,9.139200,11264x1x384,64x1x1,1408x6x64x1
ffn_moe_up-12,kernel_mul_mv_id_q4_0_f32_8x_flat,9.212500,11264x1x384,64x1x1,1408x6x64x1
ffn_moe_weighted-12,kernel_swiglu,0.082300,196608x1x1,512x1x1,1408x6x64x1
ffn_moe_down-12,kernel_mul_mv_id_q4_0_f32_8x_flat,9.858100,16384x1x384,64x1x1,2048x6x64x1
node_804,kernel_mul,0.099300,384x64x1,64x1x1,2048x6x64x1
ffn_gate-12,kernel_transpose_32_16,0.011400,512x16x0,1x16x0,2816x64x1x1
ffn_gate-12,kernel_mul_mat_Ab_Bi_8x4,0.384400,8x704x1,1x128x1,2816x64x1x1
ffn_up-12,kernel_transpose_32_16,0.010000,512x16x0,1x16x0,2816x64x1x1
ffn_up-12,kernel_mul_mat_Ab_Bi_8x4,0.385700,8x704x1,1x128x1,2816x64x1x1
ffn_swiglu-12,kernel_swiglu,0.022400,32768x1x1,512x1x1,2816x64x1x1
node_814,kernel_add,0.023300,4096x1x1,64x1x1,2048x64x1x1
node_815,kernel_add,0.020600,4096x1x1,64x1x1,2048x64x1x1
node_816,kernel_add,0.016700,4096x1x1,64x1x1,2048x64x1x1
node_817,kernel_add,0.017300,4096x1x1,64x1x1,2048x64x1x1
ffn_moe_out-12,kernel_add,0.017400,4096x1x1,64x1x1,2048x64x1x1
ffn_shexp-12,kernel_transpose_32_16,0.012900,704x16x0,1x16x0,2048x64x1x1
ffn_shexp-12,kernel_mul_mat_Ab_Bi_8x4,0.528300,8x512x1,1x128x1,2048x64x1x1
ffn_out-12,kernel_add,0.015900,4096x1x1,64x1x1,2048x64x1x1
l_out-12,kernel_add,0.019200,4096x1x1,64x1x1,2048x64x1x1
attn_norm-13,kernel_rms_norm_mul,0.019400,65536x1x1,1024x1x1,2048x64x1x1
q-13,kernel_transpose_32_16,0.006500,512x16x0,1x16x0,3072x64x1x1
q-13,kernel_mul_mat_Ab_Bi_8x4,0.390100,8x768x1,1x128x1,3072x64x1x1
q_pe-13,kernel_rope_norm_f32,0.012400,1024x64x1,64x1x1,64x16x64x1
Qcur-13,kernel_concat_f32_non_contiguous,0.347100,16x64x1,0x0x0,192x16x64x1
kv_cmpr_pe-13,kernel_transpose_32_16,0.010900,512x16x0,1x16x0,576x64x1x1
kv_cmpr_pe-13,kernel_mul_mat_Ab_Bi_8x4,0.314800,8x144x1,1x128x1,576x64x1x1
k_pe-13,kernel_rope_norm_f32,0.002700,64x64x1,64x1x1,64x1x64x1
node_832,kernel_repeat,0.284900,16x64x1,0x0x0,64x16x64x1
kv_cmpr-13,kernel_rms_norm_mul,0.009900,32768x1x1,512x1x1,512x64x1x1
kv-13,kernel_transpose_32_16,0.004100,128x16x0,1x16x0,4096x64x1x1
kv-13,kernel_mul_mat_Ab_Bi_8x4,0.133100,8x1024x1,1x128x1,4096x64x1x1
Kcur-13,kernel_concat_f32_non_contiguous,0.403800,16x64x1,0x0x0,192x16x64x1
Vcur_cont-13,kernel_cpy_f32_f32,0.013400,1024x64x1,64x1x1,128x16x64x1
cache_k_l13 (view),kernel_set_rows_f16_i64,0.014500,65536x1x1,1024x1x1,3072x4096x1x1
cache_v_l13 (view),kernel_set_rows_f16_i64,0.011700,65536x1x1,1024x1x1,2048x4096x1x1
__fattn__-13,flash_attn_f32_f16,4.705700,64x16x0,16x1x0,128x16x64x1
node_853,kernel_transpose_32_16,0.009500,512x16x0,1x16x0,2048x64x1x1
node_853,kernel_mul_mat_Ab_Bi_8x4,0.378800,8x512x1,1x128x1,2048x64x1x1
ffn_inp-13,kernel_add,0.021000,4096x1x1,64x1x1,2048x64x1x1
ffn_norm-13,kernel_rms_norm_mul,0.019300,65536x1x1,1024x1x1,2048x64x1x1
ffn_moe_logits-13,kernel_mul_mm_f32_f32_l4_lm,0.510100,128x1x1,128x1x1,64x64x1x1
ffn_moe_probs-13,kernel_soft_max_4,0.003900,4096x1x1,64x1x1,64x64x1x1
ffn_moe_argsort-13,kernel_argsort_f32_i32,0.014900,64x64x1,64x1x1,64x64x1x1
ffn_moe_weights-13,kernel_get_rows_f32,0.004100,384x64x1,64x1x1,1x6x64x1
ffn_moe_weights_scaled-13,kernel_scale,0.001700,96x1x1,64x1x1,1x6x64x1
ffn_moe_gate-13,kernel_mul_mv_id_q4_0_f32_8x_flat,9.202300,11264x1x384,64x1x1,1408x6x64x1
ffn_moe_up-13,kernel_mul_mv_id_q4_0_f32_8x_flat,9.130500,11264x1x384,64x1x1,1408x6x64x1
ffn_moe_weighted-13,kernel_swiglu,0.081500,196608x1x1,512x1x1,1408x6x64x1
ffn_moe_down-13,kernel_mul_mv_id_q4_0_f32_8x_flat,9.845800,16384x1x384,64x1x1,2048x6x64x1
node_869,kernel_mul,0.100500,384x64x1,64x1x1,2048x6x64x1
ffn_gate-13,kernel_transpose_32_16,0.011300,512x16x0,1x16x0,2816x64x1x1
ffn_gate-13,kernel_mul_mat_Ab_Bi_8x4,0.379500,8x704x1,1x128x1,2816x64x1x1
ffn_up-13,kernel_transpose_32_16,0.010000,512x16x0,1x16x0,2816x64x1x1
ffn_up-13,kernel_mul_mat_Ab_Bi_8x4,0.387100,8x704x1,1x128x1,2816x64x1x1
ffn_swiglu-13,kernel_swiglu,0.023300,32768x1x1,512x1x1,2816x64x1x1
node_879,kernel_add,0.024600,4096x1x1,64x1x1,2048x64x1x1
node_880,kernel_add,0.021000,4096x1x1,64x1x1,2048x64x1x1
node_881,kernel_add,0.017400,4096x1x1,64x1x1,2048x64x1x1
node_882,kernel_add,0.018100,4096x1x1,64x1x1,2048x64x1x1
ffn_moe_out-13,kernel_add,0.017300,4096x1x1,64x1x1,2048x64x1x1
ffn_shexp-13,kernel_transpose_32_16,0.012700,704x16x0,1x16x0,2048x64x1x1
ffn_shexp-13,kernel_mul_mat_Ab_Bi_8x4,0.515900,8x512x1,1x128x1,2048x64x1x1
ffn_out-13,kernel_add,0.021700,4096x1x1,64x1x1,2048x64x1x1
l_out-13,kernel_add,0.018500,4096x1x1,64x1x1,2048x64x1x1
attn_norm-14,kernel_rms_norm_mul,0.019100,65536x1x1,1024x1x1,2048x64x1x1
q-14,kernel_transpose_32_16,0.009600,512x16x0,1x16x0,3072x64x1x1
q-14,kernel_mul_mat_Ab_Bi_8x4,0.388500,8x768x1,1x128x1,3072x64x1x1
q_pe-14,kernel_rope_norm_f32,0.011800,1024x64x1,64x1x1,64x16x64x1
Qcur-14,kernel_concat_f32_non_contiguous,0.345400,16x64x1,0x0x0,192x16x64x1
kv_cmpr_pe-14,kernel_transpose_32_16,0.010500,512x16x0,1x16x0,576x64x1x1
kv_cmpr_pe-14,kernel_mul_mat_Ab_Bi_8x4,0.316300,8x144x1,1x128x1,576x64x1x1
k_pe-14,kernel_rope_norm_f32,0.002700,64x64x1,64x1x1,64x1x64x1
node_897,kernel_repeat,0.287900,16x64x1,0x0x0,64x16x64x1
kv_cmpr-14,kernel_rms_norm_mul,0.010000,32768x1x1,512x1x1,512x64x1x1
kv-14,kernel_transpose_32_16,0.003900,128x16x0,1x16x0,4096x64x1x1
kv-14,kernel_mul_mat_Ab_Bi_8x4,0.133200,8x1024x1,1x128x1,4096x64x1x1
Kcur-14,kernel_concat_f32_non_contiguous,0.386700,16x64x1,0x0x0,192x16x64x1
Vcur_cont-14,kernel_cpy_f32_f32,0.014400,1024x64x1,64x1x1,128x16x64x1
cache_k_l14 (view),kernel_set_rows_f16_i64,0.015900,65536x1x1,1024x1x1,3072x4096x1x1
cache_v_l14 (view),kernel_set_rows_f16_i64,0.011600,65536x1x1,1024x1x1,2048x4096x1x1
__fattn__-14,flash_attn_f32_f16,4.709700,64x16x0,16x1x0,128x16x64x1
node_918,kernel_transpose_32_16,0.009300,512x16x0,1x16x0,2048x64x1x1
node_918,kernel_mul_mat_Ab_Bi_8x4,0.380800,8x512x1,1x128x1,2048x64x1x1
ffn_inp-14,kernel_add,0.021100,4096x1x1,64x1x1,2048x64x1x1
ffn_norm-14,kernel_rms_norm_mul,0.019100,65536x1x1,1024x1x1,2048x64x1x1
ffn_moe_logits-14,kernel_mul_mm_f32_f32_l4_lm,0.514900,128x1x1,128x1x1,64x64x1x1
ffn_moe_probs-14,kernel_soft_max_4,0.003600,4096x1x1,64x1x1,64x64x1x1
ffn_moe_argsort-14,kernel_argsort_f32_i32,0.015100,64x64x1,64x1x1,64x64x1x1
ffn_moe_weights-14,kernel_get_rows_f32,0.004100,384x64x1,64x1x1,1x6x64x1
ffn_moe_weights_scaled-14,kernel_scale,0.002100,96x1x1,64x1x1,1x6x64x1
ffn_moe_gate-14,kernel_mul_mv_id_q4_0_f32_8x_flat,9.221200,11264x1x384,64x1x1,1408x6x64x1
ffn_moe_up-14,kernel_mul_mv_id_q4_0_f32_8x_flat,9.176500,11264x1x384,64x1x1,1408x6x64x1
ffn_moe_weighted-14,kernel_swiglu,0.081000,196608x1x1,512x1x1,1408x6x64x1
ffn_moe_down-14,kernel_mul_mv_id_q4_0_f32_8x_flat,9.871200,16384x1x384,64x1x1,2048x6x64x1
node_934,kernel_mul,0.100900,384x64x1,64x1x1,2048x6x64x1
ffn_gate-14,kernel_transpose_32_16,0.010700,512x16x0,1x16x0,2816x64x1x1
ffn_gate-14,kernel_mul_mat_Ab_Bi_8x4,0.382300,8x704x1,1x128x1,2816x64x1x1
ffn_up-14,kernel_transpose_32_16,0.009200,512x16x0,1x16x0,2816x64x1x1
ffn_up-14,kernel_mul_mat_Ab_Bi_8x4,0.382800,8x704x1,1x128x1,2816x64x1x1
ffn_swiglu-14,kernel_swiglu,0.023400,32768x1x1,512x1x1,2816x64x1x1
node_944,kernel_add,0.023700,4096x1x1,64x1x1,2048x64x1x1
node_945,kernel_add,0.020600,4096x1x1,64x1x1,2048x64x1x1
node_946,kernel_add,0.017300,4096x1x1,64x1x1,2048x64x1x1
node_947,kernel_add,0.016900,4096x1x1,64x1x1,2048x64x1x1
ffn_moe_out-14,kernel_add,0.017100,4096x1x1,64x1x1,2048x64x1x1
ffn_shexp-14,kernel_transpose_32_16,0.011800,704x16x0,1x16x0,2048x64x1x1
ffn_shexp-14,kernel_mul_mat_Ab_Bi_8x4,0.519800,8x512x1,1x128x1,2048x64x1x1
ffn_out-14,kernel_add,0.021200,4096x1x1,64x1x1,2048x64x1x1
l_out-14,kernel_add,0.018800,4096x1x1,64x1x1,2048x64x1x1
attn_norm-15,kernel_rms_norm_mul,0.019200,65536x1x1,1024x1x1,2048x64x1x1
q-15,kernel_transpose_32_16,0.006800,512x16x0,1x16x0,3072x64x1x1
q-15,kernel_mul_mat_Ab_Bi_8x4,0.387700,8x768x1,1x128x1,3072x64x1x1
q_pe-15,kernel_rope_norm_f32,0.012400,1024x64x1,64x1x1,64x16x64x1
Qcur-15,kernel_concat_f32_non_contiguous,0.344000,16x64x1,0x0x0,192x16x64x1
kv_cmpr_pe-15,kernel_transpose_32_16,0.010300,512x16x0,1x16x0,576x64x1x1
kv_cmpr_pe-15,kernel_mul_mat_Ab_Bi_8x4,0.317300,8x144x1,1x128x1,576x64x1x1
k_pe-15,kernel_rope_norm_f32,0.002700,64x64x1,64x1x1,64x1x64x1
node_962,kernel_repeat,0.286200,16x64x1,0x0x0,64x16x64x1
kv_cmpr-15,kernel_rms_norm_mul,0.009900,32768x1x1,512x1x1,512x64x1x1
kv-15,kernel_transpose_32_16,0.004000,128x16x0,1x16x0,4096x64x1x1
kv-15,kernel_mul_mat_Ab_Bi_8x4,0.135200,8x1024x1,1x128x1,4096x64x1x1
Kcur-15,kernel_concat_f32_non_contiguous,0.387400,16x64x1,0x0x0,192x16x64x1
Vcur_cont-15,kernel_cpy_f32_f32,0.013300,1024x64x1,64x1x1,128x16x64x1
cache_k_l15 (view),kernel_set_rows_f16_i64,0.015700,65536x1x1,1024x1x1,3072x4096x1x1
cache_v_l15 (view),kernel_set_rows_f16_i64,0.011800,65536x1x1,1024x1x1,2048x4096x1x1
__fattn__-15,flash_attn_f32_f16,4.715700,64x16x0,16x1x0,128x16x64x1
node_983,kernel_transpose_32_16,0.010000,512x16x0,1x16x0,2048x64x1x1
node_983,kernel_mul_mat_Ab_Bi_8x4,0.380200,8x512x1,1x128x1,2048x64x1x1
ffn_inp-15,kernel_add,0.020900,4096x1x1,64x1x1,2048x64x1x1
ffn_norm-15,kernel_rms_norm_mul,0.019300,65536x1x1,1024x1x1,2048x64x1x1
ffn_moe_logits-15,kernel_mul_mm_f32_f32_l4_lm,0.507000,128x1x1,128x1x1,64x64x1x1
ffn_moe_probs-15,kernel_soft_max_4,0.003500,4096x1x1,64x1x1,64x64x1x1
ffn_moe_argsort-15,kernel_argsort_f32_i32,0.015200,64x64x1,64x1x1,64x64x1x1
ffn_moe_weights-15,kernel_get_rows_f32,0.004100,384x64x1,64x1x1,1x6x64x1
ffn_moe_weights_scaled-15,kernel_scale,0.001800,96x1x1,64x1x1,1x6x64x1
ffn_moe_gate-15,kernel_mul_mv_id_q4_0_f32_8x_flat,9.237900,11264x1x384,64x1x1,1408x6x64x1
ffn_moe_up-15,kernel_mul_mv_id_q4_0_f32_8x_flat,9.283000,11264x1x384,64x1x1,1408x6x64x1
ffn_moe_weighted-15,kernel_swiglu,0.083400,196608x1x1,512x1x1,1408x6x64x1
ffn_moe_down-15,kernel_mul_mv_id_q4_0_f32_8x_flat,9.900000,16384x1x384,64x1x1,2048x6x64x1
node_999,kernel_mul,0.099800,384x64x1,64x1x1,2048x6x64x1
ffn_gate-15,kernel_transpose_32_16,0.011200,512x16x0,1x16x0,2816x64x1x1
ffn_gate-15,kernel_mul_mat_Ab_Bi_8x4,0.384700,8x704x1,1x128x1,2816x64x1x1
ffn_up-15,kernel_transpose_32_16,0.010100,512x16x0,1x16x0,2816x64x1x1
ffn_up-15,kernel_mul_mat_Ab_Bi_8x4,0.383400,8x704x1,1x128x1,2816x64x1x1
ffn_swiglu-15,kernel_swiglu,0.025300,32768x1x1,512x1x1,2816x64x1x1
node_1009,kernel_add,0.022000,4096x1x1,64x1x1,2048x64x1x1
node_1010,kernel_add,0.019600,4096x1x1,64x1x1,2048x64x1x1
node_1011,kernel_add,0.017300,4096x1x1,64x1x1,2048x64x1x1
node_1012,kernel_add,0.017000,4096x1x1,64x1x1,2048x64x1x1
ffn_moe_out-15,kernel_add,0.017400,4096x1x1,64x1x1,2048x64x1x1
ffn_shexp-15,kernel_transpose_32_16,0.012800,704x16x0,1x16x0,2048x64x1x1
ffn_shexp-15,kernel_mul_mat_Ab_Bi_8x4,0.525300,8x512x1,1x128x1,2048x64x1x1
ffn_out-15,kernel_add,0.021600,4096x1x1,64x1x1,2048x64x1x1
l_out-15,kernel_add,0.016900,4096x1x1,64x1x1,2048x64x1x1
attn_norm-16,kernel_rms_norm_mul,0.019500,65536x1x1,1024x1x1,2048x64x1x1
q-16,kernel_transpose_32_16,0.006700,512x16x0,1x16x0,3072x64x1x1
q-16,kernel_mul_mat_Ab_Bi_8x4,0.388800,8x768x1,1x128x1,3072x64x1x1
q_pe-16,kernel_rope_norm_f32,0.012500,1024x64x1,64x1x1,64x16x64x1
Qcur-16,kernel_concat_f32_non_contiguous,0.347500,16x64x1,0x0x0,192x16x64x1
kv_cmpr_pe-16,kernel_transpose_32_16,0.010100,512x16x0,1x16x0,576x64x1x1
kv_cmpr_pe-16,kernel_mul_mat_Ab_Bi_8x4,0.316300,8x144x1,1x128x1,576x64x1x1
k_pe-16,kernel_rope_norm_f32,0.003100,64x64x1,64x1x1,64x1x64x1
node_1027,kernel_repeat,0.284900,16x64x1,0x0x0,64x16x64x1
kv_cmpr-16,kernel_rms_norm_mul,0.009500,32768x1x1,512x1x1,512x64x1x1
kv-16,kernel_transpose_32_16,0.003800,128x16x0,1x16x0,4096x64x1x1
kv-16,kernel_mul_mat_Ab_Bi_8x4,0.135100,8x1024x1,1x128x1,4096x64x1x1
Kcur-16,kernel_concat_f32_non_contiguous,0.394600,16x64x1,0x0x0,192x16x64x1
Vcur_cont-16,kernel_cpy_f32_f32,0.014200,1024x64x1,64x1x1,128x16x64x1
cache_k_l16 (view),kernel_set_rows_f16_i64,0.015600,65536x1x1,1024x1x1,3072x4096x1x1
cache_v_l16 (view),kernel_set_rows_f16_i64,0.011100,65536x1x1,1024x1x1,2048x4096x1x1
__fattn__-16,flash_attn_f32_f16,4.711100,64x16x0,16x1x0,128x16x64x1
node_1048,kernel_transpose_32_16,0.009300,512x16x0,1x16x0,2048x64x1x1
node_1048,kernel_mul_mat_Ab_Bi_8x4,0.378100,8x512x1,1x128x1,2048x64x1x1
ffn_inp-16,kernel_add,0.020200,4096x1x1,64x1x1,2048x64x1x1
ffn_norm-16,kernel_rms_norm_mul,0.019600,65536x1x1,1024x1x1,2048x64x1x1
ffn_moe_logits-16,kernel_mul_mm_f32_f32_l4_lm,0.508500,128x1x1,128x1x1,64x64x1x1
ffn_moe_probs-16,kernel_soft_max_4,0.003600,4096x1x1,64x1x1,64x64x1x1
ffn_moe_argsort-16,kernel_argsort_f32_i32,0.015400,64x64x1,64x1x1,64x64x1x1
ffn_moe_weights-16,kernel_get_rows_f32,0.004100,384x64x1,64x1x1,1x6x64x1
ffn_moe_weights_scaled-16,kernel_scale,0.001800,96x1x1,64x1x1,1x6x64x1
ffn_moe_gate-16,kernel_mul_mv_id_q4_0_f32_8x_flat,9.132100,11264x1x384,64x1x1,1408x6x64x1
ffn_moe_up-16,kernel_mul_mv_id_q4_0_f32_8x_flat,9.179200,11264x1x384,64x1x1,1408x6x64x1
ffn_moe_weighted-16,kernel_swiglu,0.081600,196608x1x1,512x1x1,1408x6x64x1
ffn_moe_down-16,kernel_mul_mv_id_q4_0_f32_8x_flat,9.887900,16384x1x384,64x1x1,2048x6x64x1
node_1064,kernel_mul,0.101000,384x64x1,64x1x1,2048x6x64x1
ffn_gate-16,kernel_transpose_32_16,0.011000,512x16x0,1x16x0,2816x64x1x1
ffn_gate-16,kernel_mul_mat_Ab_Bi_8x4,0.376700,8x704x1,1x128x1,2816x64x1x1
ffn_up-16,kernel_transpose_32_16,0.010200,512x16x0,1x16x0,2816x64x1x1
ffn_up-16,kernel_mul_mat_Ab_Bi_8x4,0.387300,8x704x1,1x128x1,2816x64x1x1
ffn_swiglu-16,kernel_swiglu,0.023400,32768x1x1,512x1x1,2816x64x1x1
node_1074,kernel_add,0.024300,4096x1x1,64x1x1,2048x64x1x1
node_1075,kernel_add,0.020400,4096x1x1,64x1x1,2048x64x1x1
node_1076,kernel_add,0.017100,4096x1x1,64x1x1,2048x64x1x1
node_1077,kernel_add,0.017000,4096x1x1,64x1x1,2048x64x1x1
ffn_moe_out-16,kernel_add,0.017600,4096x1x1,64x1x1,2048x64x1x1
ffn_shexp-16,kernel_transpose_32_16,0.013200,704x16x0,1x16x0,2048x64x1x1
ffn_shexp-16,kernel_mul_mat_Ab_Bi_8x4,0.528700,8x512x1,1x128x1,2048x64x1x1
ffn_out-16,kernel_add,0.020500,4096x1x1,64x1x1,2048x64x1x1
l_out-16,kernel_add,0.018300,4096x1x1,64x1x1,2048x64x1x1
attn_norm-17,kernel_rms_norm_mul,0.019200,65536x1x1,1024x1x1,2048x64x1x1
q-17,kernel_transpose_32_16,0.006900,512x16x0,1x16x0,3072x64x1x1
q-17,kernel_mul_mat_Ab_Bi_8x4,0.390800,8x768x1,1x128x1,3072x64x1x1
q_pe-17,kernel_rope_norm_f32,0.012300,1024x64x1,64x1x1,64x16x64x1
Qcur-17,kernel_concat_f32_non_contiguous,0.346100,16x64x1,0x0x0,192x16x64x1
kv_cmpr_pe-17,kernel_transpose_32_16,0.010400,512x16x0,1x16x0,576x64x1x1
kv_cmpr_pe-17,kernel_mul_mat_Ab_Bi_8x4,0.315900,8x144x1,1x128x1,576x64x1x1
k_pe-17,kernel_rope_norm_f32,0.002600,64x64x1,64x1x1,64x1x64x1
node_1092,kernel_repeat,0.285500,16x64x1,0x0x0,64x16x64x1
kv_cmpr-17,kernel_rms_norm_mul,0.009700,32768x1x1,512x1x1,512x64x1x1
kv-17,kernel_transpose_32_16,0.004200,128x16x0,1x16x0,4096x64x1x1
kv-17,kernel_mul_mat_Ab_Bi_8x4,0.133200,8x1024x1,1x128x1,4096x64x1x1
Kcur-17,kernel_concat_f32_non_contiguous,0.387100,16x64x1,0x0x0,192x16x64x1
Vcur_cont-17,kernel_cpy_f32_f32,0.013600,1024x64x1,64x1x1,128x16x64x1
cache_k_l17 (view),kernel_set_rows_f16_i64,0.015700,65536x1x1,1024x1x1,3072x4096x1x1
cache_v_l17 (view),kernel_set_rows_f16_i64,0.011700,65536x1x1,1024x1x1,2048x4096x1x1
__fattn__-17,flash_attn_f32_f16,4.699100,64x16x0,16x1x0,128x16x64x1
node_1113,kernel_transpose_32_16,0.009900,512x16x0,1x16x0,2048x64x1x1
node_1113,kernel_mul_mat_Ab_Bi_8x4,0.385200,8x512x1,1x128x1,2048x64x1x1
ffn_inp-17,kernel_add,0.021100,4096x1x1,64x1x1,2048x64x1x1
ffn_norm-17,kernel_rms_norm_mul,0.019400,65536x1x1,1024x1x1,2048x64x1x1
ffn_moe_logits-17,kernel_mul_mm_f32_f32_l4_lm,0.514500,128x1x1,128x1x1,64x64x1x1
ffn_moe_probs-17,kernel_soft_max_4,0.003700,4096x1x1,64x1x1,64x64x1x1
ffn_moe_argsort-17,kernel_argsort_f32_i32,0.015200,64x64x1,64x1x1,64x64x1x1
ffn_moe_weights-17,kernel_get_rows_f32,0.004000,384x64x1,64x1x1,1x6x64x1
ffn_moe_weights_scaled-17,kernel_scale,0.001700,96x1x1,64x1x1,1x6x64x1
ffn_moe_gate-17,kernel_mul_mv_id_q4_0_f32_8x_flat,9.233700,11264x1x384,64x1x1,1408x6x64x1
ffn_moe_up-17,kernel_mul_mv_id_q4_0_f32_8x_flat,9.311700,11264x1x384,64x1x1,1408x6x64x1
ffn_moe_weighted-17,kernel_swiglu,0.082000,196608x1x1,512x1x1,1408x6x64x1
ffn_moe_down-17,kernel_mul_mv_id_q4_0_f32_8x_flat,9.903900,16384x1x384,64x1x1,2048x6x64x1
node_1129,kernel_mul,0.099600,384x64x1,64x1x1,2048x6x64x1
ffn_gate-17,kernel_transpose_32_16,0.010800,512x16x0,1x16x0,2816x64x1x1
ffn_gate-17,kernel_mul_mat_Ab_Bi_8x4,0.381200,8x704x1,1x128x1,2816x64x1x1
ffn_up-17,kernel_transpose_32_16,0.010000,512x16x0,1x16x0,2816x64x1x1
ffn_up-17,kernel_mul_mat_Ab_Bi_8x4,0.385300,8x704x1,1x128x1,2816x64x1x1
ffn_swiglu-17,kernel_swiglu,0.023700,32768x1x1,512x1x1,2816x64x1x1
node_1139,kernel_add,0.023900,4096x1x1,64x1x1,2048x64x1x1
node_1140,kernel_add,0.020300,4096x1x1,64x1x1,2048x64x1x1
node_1141,kernel_add,0.017400,4096x1x1,64x1x1,2048x64x1x1
node_1142,kernel_add,0.017100,4096x1x1,64x1x1,2048x64x1x1
ffn_moe_out-17,kernel_add,0.017400,4096x1x1,64x1x1,2048x64x1x1
ffn_shexp-17,kernel_transpose_32_16,0.012900,704x16x0,1x16x0,2048x64x1x1
ffn_shexp-17,kernel_mul_mat_Ab_Bi_8x4,0.522800,8x512x1,1x128x1,2048x64x1x1
ffn_out-17,kernel_add,0.021000,4096x1x1,64x1x1,2048x64x1x1
l_out-17,kernel_add,0.018200,4096x1x1,64x1x1,2048x64x1x1
attn_norm-18,kernel_rms_norm_mul,0.019200,65536x1x1,1024x1x1,2048x64x1x1
q-18,kernel_transpose_32_16,0.007000,512x16x0,1x16x0,3072x64x1x1
q-18,kernel_mul_mat_Ab_Bi_8x4,0.391400,8x768x1,1x128x1,3072x64x1x1
q_pe-18,kernel_rope_norm_f32,0.012800,1024x64x1,64x1x1,64x16x64x1
Qcur-18,kernel_concat_f32_non_contiguous,0.349500,16x64x1,0x0x0,192x16x64x1
kv_cmpr_pe-18,kernel_transpose_32_16,0.009500,512x16x0,1x16x0,576x64x1x1
kv_cmpr_pe-18,kernel_mul_mat_Ab_Bi_8x4,0.316200,8x144x1,1x128x1,576x64x1x1
k_pe-18,kernel_rope_norm_f32,0.002900,64x64x1,64x1x1,64x1x64x1
node_1157,kernel_repeat,0.285600,16x64x1,0x0x0,64x16x64x1
kv_cmpr-18,kernel_rms_norm_mul,0.010000,32768x1x1,512x1x1,512x64x1x1
kv-18,kernel_transpose_32_16,0.003900,128x16x0,1x16x0,4096x64x1x1
kv-18,kernel_mul_mat_Ab_Bi_8x4,0.133700,8x1024x1,1x128x1,4096x64x1x1
Kcur-18,kernel_concat_f32_non_contiguous,0.383800,16x64x1,0x0x0,192x16x64x1
Vcur_cont-18,kernel_cpy_f32_f32,0.010300,1024x64x1,64x1x1,128x16x64x1
cache_k_l18 (view),kernel_set_rows_f16_i64,0.016000,65536x1x1,1024x1x1,3072x4096x1x1
cache_v_l18 (view),kernel_set_rows_f16_i64,0.011700,65536x1x1,1024x1x1,2048x4096x1x1
__fattn__-18,flash_attn_f32_f16,4.775100,64x16x0,16x1x0,128x16x64x1
node_1178,kernel_transpose_32_16,0.009900,512x16x0,1x16x0,2048x64x1x1
node_1178,kernel_mul_mat_Ab_Bi_8x4,0.383100,8x512x1,1x128x1,2048x64x1x1
ffn_inp-18,kernel_add,0.021200,4096x1x1,64x1x1,2048x64x1x1
ffn_norm-18,kernel_rms_norm_mul,0.019700,65536x1x1,1024x1x1,2048x64x1x1
ffn_moe_logits-18,kernel_mul_mm_f32_f32_l4_lm,0.507500,128x1x1,128x1x1,64x64x1x1
ffn_moe_probs-18,kernel_soft_max_4,0.004200,4096x1x1,64x1x1,64x64x1x1
ffn_moe_argsort-18,kernel_argsort_f32_i32,0.015100,64x64x1,64x1x1,64x64x1x1
ffn_moe_weights-18,kernel_get_rows_f32,0.004100,384x64x1,64x1x1,1x6x64x1
ffn_moe_weights_scaled-18,kernel_scale,0.002100,96x1x1,64x1x1,1x6x64x1
ffn_moe_gate-18,kernel_mul_mv_id_q4_0_f32_8x_flat,10.277200,11264x1x384,64x1x1,1408x6x64x1
ffn_moe_up-18,kernel_mul_mv_id_q4_0_f32_8x_flat,9.203300,11264x1x384,64x1x1,1408x6x64x1
ffn_moe_weighted-18,kernel_swiglu,0.082600,196608x1x1,512x1x1,1408x6x64x1
ffn_moe_down-18,kernel_mul_mv_id_q4_0_f32_8x_flat,9.884300,16384x1x384,64x1x1,2048x6x64x1
node_1194,kernel_mul,0.099600,384x64x1,64x1x1,2048x6x64x1
ffn_gate-18,kernel_transpose_32_16,0.011200,512x16x0,1x16x0,2816x64x1x1
ffn_gate-18,kernel_mul_mat_Ab_Bi_8x4,0.381800,8x704x1,1x128x1,2816x64x1x1
ffn_up-18,kernel_transpose_32_16,0.010700,512x16x0,1x16x0,2816x64x1x1
ffn_up-18,kernel_mul_mat_Ab_Bi_8x4,0.383400,8x704x1,1x128x1,2816x64x1x1
ffn_swiglu-18,kernel_swiglu,0.024000,32768x1x1,512x1x1,2816x64x1x1
node_1204,kernel_add,0.024300,4096x1x1,64x1x1,2048x64x1x1
node_1205,kernel_add,0.016900,4096x1x1,64x1x1,2048x64x1x1
node_1206,kernel_add,0.017700,4096x1x1,64x1x1,2048x64x1x1
node_1207,kernel_add,0.017300,4096x1x1,64x1x1,2048x64x1x1
ffn_moe_out-18,kernel_add,0.017200,4096x1x1,64x1x1,2048x64x1x1
ffn_shexp-18,kernel_transpose_32_16,0.013300,704x16x0,1x16x0,2048x64x1x1
ffn_shexp-18,kernel_mul_mat_Ab_Bi_8x4,0.524500,8x512x1,1x128x1,2048x64x1x1
ffn_out-18,kernel_add,0.020300,4096x1x1,64x1x1,2048x64x1x1
l_out-18,kernel_add,0.018100,4096x1x1,64x1x1,2048x64x1x1
attn_norm-19,kernel_rms_norm_mul,0.019600,65536x1x1,1024x1x1,2048x64x1x1
q-19,kernel_transpose_32_16,0.009700,512x16x0,1x16x0,3072x64x1x1
q-19,kernel_mul_mat_Ab_Bi_8x4,0.390100,8x768x1,1x128x1,3072x64x1x1
q_pe-19,kernel_rope_norm_f32,0.012200,1024x64x1,64x1x1,64x16x64x1
Qcur-19,kernel_concat_f32_non_contiguous,0.345400,16x64x1,0x0x0,192x16x64x1
kv_cmpr_pe-19,kernel_transpose_32_16,0.010500,512x16x0,1x16x0,576x64x1x1
kv_cmpr_pe-19,kernel_mul_mat_Ab_Bi_8x4,0.317000,8x144x1,1x128x1,576x64x1x1
k_pe-19,kernel_rope_norm_f32,0.002600,64x64x1,64x1x1,64x1x64x1
node_1222,kernel_repeat,0.283700,16x64x1,0x0x0,64x16x64x1
kv_cmpr-19,kernel_rms_norm_mul,0.009600,32768x1x1,512x1x1,512x64x1x1
kv-19,kernel_transpose_32_16,0.004000,128x16x0,1x16x0,4096x64x1x1
kv-19,kernel_mul_mat_Ab_Bi_8x4,0.132900,8x1024x1,1x128x1,4096x64x1x1
Kcur-19,kernel_concat_f32_non_contiguous,0.412000,16x64x1,0x0x0,192x16x64x1
Vcur_cont-19,kernel_cpy_f32_f32,0.013400,1024x64x1,64x1x1,128x16x64x1
cache_k_l19 (view),kernel_set_rows_f16_i64,0.015800,65536x1x1,1024x1x1,3072x4096x1x1
cache_v_l19 (view),kernel_set_rows_f16_i64,0.011700,65536x1x1,1024x1x1,2048x4096x1x1
__fattn__-19,flash_attn_f32_f16,4.734100,64x16x0,16x1x0,128x16x64x1
node_1243,kernel_transpose_32_16,0.009700,512x16x0,1x16x0,2048x64x1x1
node_1243,kernel_mul_mat_Ab_Bi_8x4,0.379400,8x512x1,1x128x1,2048x64x1x1
ffn_inp-19,kernel_add,0.021900,4096x1x1,64x1x1,2048x64x1x1
ffn_norm-19,kernel_rms_norm_mul,0.019600,65536x1x1,1024x1x1,2048x64x1x1
ffn_moe_logits-19,kernel_mul_mm_f32_f32_l4_lm,0.508800,128x1x1,128x1x1,64x64x1x1
ffn_moe_probs-19,kernel_soft_max_4,0.003600,4096x1x1,64x1x1,64x64x1x1
ffn_moe_argsort-19,kernel_argsort_f32_i32,0.015200,64x64x1,64x1x1,64x64x1x1
ffn_moe_weights-19,kernel_get_rows_f32,0.004400,384x64x1,64x1x1,1x6x64x1
ffn_moe_weights_scaled-19,kernel_scale,0.001700,96x1x1,64x1x1,1x6x64x1
ffn_moe_gate-19,kernel_mul_mv_id_q4_0_f32_8x_flat,9.160600,11264x1x384,64x1x1,1408x6x64x1
ffn_moe_up-19,kernel_mul_mv_id_q4_0_f32_8x_flat,9.117600,11264x1x384,64x1x1,1408x6x64x1
ffn_moe_weighted-19,kernel_swiglu,0.082000,196608x1x1,512x1x1,1408x6x64x1
ffn_moe_down-19,kernel_mul_mv_id_q4_0_f32_8x_flat,9.824200,16384x1x384,64x1x1,2048x6x64x1
node_1259,kernel_mul,0.102200,384x64x1,64x1x1,2048x6x64x1
ffn_gate-19,kernel_transpose_32_16,0.010800,512x16x0,1x16x0,2816x64x1x1
ffn_gate-19,kernel_mul_mat_Ab_Bi_8x4,0.386700,8x704x1,1x128x1,2816x64x1x1
ffn_up-19,kernel_transpose_32_16,0.009800,512x16x0,1x16x0,2816x64x1x1
ffn_up-19,kernel_mul_mat_Ab_Bi_8x4,0.383300,8x704x1,1x128x1,2816x64x1x1
ffn_swiglu-19,kernel_swiglu,0.023400,32768x1x1,512x1x1,2816x64x1x1
node_1269,kernel_add,0.023900,4096x1x1,64x1x1,2048x64x1x1
node_1270,kernel_add,0.020500,4096x1x1,64x1x1,2048x64x1x1
node_1271,kernel_add,0.017200,4096x1x1,64x1x1,2048x64x1x1
node_1272,kernel_add,0.017400,4096x1x1,64x1x1,2048x64x1x1
ffn_moe_out-19,kernel_add,0.017400,4096x1x1,64x1x1,2048x64x1x1
ffn_shexp-19,kernel_transpose_32_16,0.012300,704x16x0,1x16x0,2048x64x1x1
ffn_shexp-19,kernel_mul_mat_Ab_Bi_8x4,0.532800,8x512x1,1x128x1,2048x64x1x1
ffn_out-19,kernel_add,0.021400,4096x1x1,64x1x1,2048x64x1x1
l_out-19,kernel_add,0.017900,4096x1x1,64x1x1,2048x64x1x1
attn_norm-20,kernel_rms_norm_mul,0.019200,65536x1x1,1024x1x1,2048x64x1x1
q-20,kernel_transpose_32_16,0.007000,512x16x0,1x16x0,3072x64x1x1
q-20,kernel_mul_mat_Ab_Bi_8x4,0.389600,8x768x1,1x128x1,3072x64x1x1
q_pe-20,kernel_rope_norm_f32,0.009400,1024x64x1,64x1x1,64x16x64x1
Qcur-20,kernel_concat_f32_non_contiguous,0.346700,16x64x1,0x0x0,192x16x64x1
kv_cmpr_pe-20,kernel_transpose_32_16,0.011300,512x16x0,1x16x0,576x64x1x1
kv_cmpr_pe-20,kernel_mul_mat_Ab_Bi_8x4,0.319000,8x144x1,1x128x1,576x64x1x1
k_pe-20,kernel_rope_norm_f32,0.002700,64x64x1,64x1x1,64x1x64x1
node_1287,kernel_repeat,0.284400,16x64x1,0x0x0,64x16x64x1
kv_cmpr-20,kernel_rms_norm_mul,0.010200,32768x1x1,512x1x1,512x64x1x1
kv-20,kernel_transpose_32_16,0.004100,128x16x0,1x16x0,4096x64x1x1
kv-20,kernel_mul_mat_Ab_Bi_8x4,0.134400,8x1024x1,1x128x1,4096x64x1x1
Kcur-20,kernel_concat_f32_non_contiguous,0.391000,16x64x1,0x0x0,192x16x64x1
Vcur_cont-20,kernel_cpy_f32_f32,0.014100,1024x64x1,64x1x1,128x16x64x1
cache_k_l20 (view),kernel_set_rows_f16_i64,0.015600,65536x1x1,1024x1x1,3072x4096x1x1
cache_v_l20 (view),kernel_set_rows_f16_i64,0.011500,65536x1x1,1024x1x1,2048x4096x1x1
__fattn__-20,flash_attn_f32_f16,4.783400,64x16x0,16x1x0,128x16x64x1
node_1308,kernel_transpose_32_16,0.009900,512x16x0,1x16x0,2048x64x1x1
node_1308,kernel_mul_mat_Ab_Bi_8x4,0.380700,8x512x1,1x128x1,2048x64x1x1
ffn_inp-20,kernel_add,0.017000,4096x1x1,64x1x1,2048x64x1x1
ffn_norm-20,kernel_rms_norm_mul,0.019500,65536x1x1,1024x1x1,2048x64x1x1
ffn_moe_logits-20,kernel_mul_mm_f32_f32_l4_lm,0.515700,128x1x1,128x1x1,64x64x1x1
ffn_moe_probs-20,kernel_soft_max_4,0.003800,4096x1x1,64x1x1,64x64x1x1
ffn_moe_argsort-20,kernel_argsort_f32_i32,0.015100,64x64x1,64x1x1,64x64x1x1
ffn_moe_weights-20,kernel_get_rows_f32,0.004100,384x64x1,64x1x1,1x6x64x1
ffn_moe_weights_scaled-20,kernel_scale,0.001900,96x1x1,64x1x1,1x6x64x1
ffn_moe_gate-20,kernel_mul_mv_id_q4_0_f32_8x_flat,9.194500,11264x1x384,64x1x1,1408x6x64x1
ffn_moe_up-20,kernel_mul_mv_id_q4_0_f32_8x_flat,9.193400,11264x1x384,64x1x1,1408x6x64x1
ffn_moe_weighted-20,kernel_swiglu,0.081200,196608x1x1,512x1x1,1408x6x64x1
ffn_moe_down-20,kernel_mul_mv_id_q4_0_f32_8x_flat,9.882600,16384x1x384,64x1x1,2048x6x64x1
node_1324,kernel_mul,0.098900,384x64x1,64x1x1,2048x6x64x1
ffn_gate-20,kernel_transpose_32_16,0.011100,512x16x0,1x16x0,2816x64x1x1
ffn_gate-20,kernel_mul_mat_Ab_Bi_8x4,0.385600,8x704x1,1x128x1,2816x64x1x1
ffn_up-20,kernel_transpose_32_16,0.009900,512x16x0,1x16x0,2816x64x1x1
ffn_up-20,kernel_mul_mat_Ab_Bi_8x4,0.383300,8x704x1,1x128x1,2816x64x1x1
ffn_swiglu-20,kernel_swiglu,0.021300,32768x1x1,512x1x1,2816x64x1x1
node_1334,kernel_add,0.024100,4096x1x1,64x1x1,2048x64x1x1
node_1335,kernel_add,0.021500,4096x1x1,64x1x1,2048x64x1x1
node_1336,kernel_add,0.017300,4096x1x1,64x1x1,2048x64x1x1
node_1337,kernel_add,0.017700,4096x1x1,64x1x1,2048x64x1x1
ffn_moe_out-20,kernel_add,0.017900,4096x1x1,64x1x1,2048x64x1x1
ffn_shexp-20,kernel_transpose_32_16,0.013700,704x16x0,1x16x0,2048x64x1x1
ffn_shexp-20,kernel_mul_mat_Ab_Bi_8x4,0.530600,8x512x1,1x128x1,2048x64x1x1
ffn_out-20,kernel_add,0.015500,4096x1x1,64x1x1,2048x64x1x1
l_out-20,kernel_add,0.018200,4096x1x1,64x1x1,2048x64x1x1
attn_norm-21,kernel_rms_norm_mul,0.019100,65536x1x1,1024x1x1,2048x64x1x1
q-21,kernel_transpose_32_16,0.006900,512x16x0,1x16x0,3072x64x1x1
q-21,kernel_mul_mat_Ab_Bi_8x4,0.387100,8x768x1,1x128x1,3072x64x1x1
q_pe-21,kernel_rope_norm_f32,0.012200,1024x64x1,64x1x1,64x16x64x1
Qcur-21,kernel_concat_f32_non_contiguous,0.348100,16x64x1,0x0x0,192x16x64x1
kv_cmpr_pe-21,kernel_transpose_32_16,0.010200,512x16x0,1x16x0,576x64x1x1
kv_cmpr_pe-21,kernel_mul_mat_Ab_Bi_8x4,0.314100,8x144x1,1x128x1,576x64x1x1
k_pe-21,kernel_rope_norm_f32,0.002700,64x64x1,64x1x1,64x1x64x1
node_1352,kernel_repeat,0.287400,16x64x1,0x0x0,64x16x64x1
kv_cmpr-21,kernel_rms_norm_mul,0.010000,32768x1x1,512x1x1,512x64x1x1
kv-21,kernel_transpose_32_16,0.004100,128x16x0,1x16x0,4096x64x1x1
kv-21,kernel_mul_mat_Ab_Bi_8x4,0.132900,8x1024x1,1x128x1,4096x64x1x1
Kcur-21,kernel_concat_f32_non_contiguous,0.390400,16x64x1,0x0x0,192x16x64x1
Vcur_cont-21,kernel_cpy_f32_f32,0.013700,1024x64x1,64x1x1,128x16x64x1
cache_k_l21 (view),kernel_set_rows_f16_i64,0.014600,65536x1x1,1024x1x1,3072x4096x1x1
cache_v_l21 (view),kernel_set_rows_f16_i64,0.012100,65536x1x1,1024x1x1,2048x4096x1x1
__fattn__-21,flash_attn_f32_f16,4.747000,64x16x0,16x1x0,128x16x64x1
node_1373,kernel_transpose_32_16,0.009500,512x16x0,1x16x0,2048x64x1x1
node_1373,kernel_mul_mat_Ab_Bi_8x4,0.382700,8x512x1,1x128x1,2048x64x1x1
ffn_inp-21,kernel_add,0.021300,4096x1x1,64x1x1,2048x64x1x1
ffn_norm-21,kernel_rms_norm_mul,0.019200,65536x1x1,1024x1x1,2048x64x1x1
ffn_moe_logits-21,kernel_mul_mm_f32_f32_l4_lm,0.505600,128x1x1,128x1x1,64x64x1x1
ffn_moe_probs-21,kernel_soft_max_4,0.003900,4096x1x1,64x1x1,64x64x1x1
ffn_moe_argsort-21,kernel_argsort_f32_i32,0.015100,64x64x1,64x1x1,64x64x1x1
ffn_moe_weights-21,kernel_get_rows_f32,0.004000,384x64x1,64x1x1,1x6x64x1
ffn_moe_weights_scaled-21,kernel_scale,0.001800,96x1x1,64x1x1,1x6x64x1
ffn_moe_gate-21,kernel_mul_mv_id_q4_0_f32_8x_flat,9.250800,11264x1x384,64x1x1,1408x6x64x1
ffn_moe_up-21,kernel_mul_mv_id_q4_0_f32_8x_flat,9.326900,11264x1x384,64x1x1,1408x6x64x1
ffn_moe_weighted-21,kernel_swiglu,0.083200,196608x1x1,512x1x1,1408x6x64x1
ffn_moe_down-21,kernel_mul_mv_id_q4_0_f32_8x_flat,9.892800,16384x1x384,64x1x1,2048x6x64x1
node_1389,kernel_mul,0.101500,384x64x1,64x1x1,2048x6x64x1
ffn_gate-21,kernel_transpose_32_16,0.011000,512x16x0,1x16x0,2816x64x1x1
ffn_gate-21,kernel_mul_mat_Ab_Bi_8x4,0.386300,8x704x1,1x128x1,2816x64x1x1
ffn_up-21,kernel_transpose_32_16,0.010000,512x16x0,1x16x0,2816x64x1x1
ffn_up-21,kernel_mul_mat_Ab_Bi_8x4,0.382600,8x704x1,1x128x1,2816x64x1x1
ffn_swiglu-21,kernel_swiglu,0.023300,32768x1x1,512x1x1,2816x64x1x1
node_1399,kernel_add,0.024000,4096x1x1,64x1x1,2048x64x1x1
node_1400,kernel_add,0.020500,4096x1x1,64x1x1,2048x64x1x1
node_1401,kernel_add,0.017300,4096x1x1,64x1x1,2048x64x1x1
node_1402,kernel_add,0.017700,4096x1x1,64x1x1,2048x64x1x1
ffn_moe_out-21,kernel_add,0.017400,4096x1x1,64x1x1,2048x64x1x1
ffn_shexp-21,kernel_transpose_32_16,0.012500,704x16x0,1x16x0,2048x64x1x1
ffn_shexp-21,kernel_mul_mat_Ab_Bi_8x4,0.528900,8x512x1,1x128x1,2048x64x1x1
ffn_out-21,kernel_add,0.021700,4096x1x1,64x1x1,2048x64x1x1
l_out-21,kernel_add,0.018000,4096x1x1,64x1x1,2048x64x1x1
attn_norm-22,kernel_rms_norm_mul,0.019000,65536x1x1,1024x1x1,2048x64x1x1
q-22,kernel_transpose_32_16,0.009000,512x16x0,1x16x0,3072x64x1x1
q-22,kernel_mul_mat_Ab_Bi_8x4,0.389600,8x768x1,1x128x1,3072x64x1x1
q_pe-22,kernel_rope_norm_f32,0.012200,1024x64x1,64x1x1,64x16x64x1
Qcur-22,kernel_concat_f32_non_contiguous,0.350100,16x64x1,0x0x0,192x16x64x1
kv_cmpr_pe-22,kernel_transpose_32_16,0.010200,512x16x0,1x16x0,576x64x1x1
kv_cmpr_pe-22,kernel_mul_mat_Ab_Bi_8x4,0.315900,8x144x1,1x128x1,576x64x1x1
k_pe-22,kernel_rope_norm_f32,0.002600,64x64x1,64x1x1,64x1x64x1
node_1417,kernel_repeat,0.284800,16x64x1,0x0x0,64x16x64x1
kv_cmpr-22,kernel_rms_norm_mul,0.010000,32768x1x1,512x1x1,512x64x1x1
kv-22,kernel_transpose_32_16,0.003800,128x16x0,1x16x0,4096x64x1x1
kv-22,kernel_mul_mat_Ab_Bi_8x4,0.133500,8x1024x1,1x128x1,4096x64x1x1
Kcur-22,kernel_concat_f32_non_contiguous,0.381200,16x64x1,0x0x0,192x16x64x1
Vcur_cont-22,kernel_cpy_f32_f32,0.014100,1024x64x1,64x1x1,128x16x64x1
cache_k_l22 (view),kernel_set_rows_f16_i64,0.016000,65536x1x1,1024x1x1,3072x4096x1x1
cache_v_l22 (view),kernel_set_rows_f16_i64,0.011600,65536x1x1,1024x1x1,2048x4096x1x1
__fattn__-22,flash_attn_f32_f16,4.707600,64x16x0,16x1x0,128x16x64x1
node_1438,kernel_transpose_32_16,0.009100,512x16x0,1x16x0,2048x64x1x1
node_1438,kernel_mul_mat_Ab_Bi_8x4,0.381700,8x512x1,1x128x1,2048x64x1x1
ffn_inp-22,kernel_add,0.020700,4096x1x1,64x1x1,2048x64x1x1
ffn_norm-22,kernel_rms_norm_mul,0.019300,65536x1x1,1024x1x1,2048x64x1x1
ffn_moe_logits-22,kernel_mul_mm_f32_f32_l4_lm,0.508600,128x1x1,128x1x1,64x64x1x1
ffn_moe_probs-22,kernel_soft_max_4,0.003600,4096x1x1,64x1x1,64x64x1x1
ffn_moe_argsort-22,kernel_argsort_f32_i32,0.015200,64x64x1,64x1x1,64x64x1x1
ffn_moe_weights-22,kernel_get_rows_f32,0.004200,384x64x1,64x1x1,1x6x64x1
ffn_moe_weights_scaled-22,kernel_scale,0.002100,96x1x1,64x1x1,1x6x64x1
ffn_moe_gate-22,kernel_mul_mv_id_q4_0_f32_8x_flat,9.195700,11264x1x384,64x1x1,1408x6x64x1
ffn_moe_up-22,kernel_mul_mv_id_q4_0_f32_8x_flat,9.187800,11264x1x384,64x1x1,1408x6x64x1
ffn_moe_weighted-22,kernel_swiglu,0.081600,196608x1x1,512x1x1,1408x6x64x1
ffn_moe_down-22,kernel_mul_mv_id_q4_0_f32_8x_flat,9.873200,16384x1x384,64x1x1,2048x6x64x1
node_1454,kernel_mul,0.101500,384x64x1,64x1x1,2048x6x64x1
ffn_gate-22,kernel_transpose_32_16,0.010900,512x16x0,1x16x0,2816x64x1x1
ffn_gate-22,kernel_mul_mat_Ab_Bi_8x4,0.378600,8x704x1,1x128x1,2816x64x1x1
ffn_up-22,kernel_transpose_32_16,0.009700,512x16x0,1x16x0,2816x64x1x1
ffn_up-22,kernel_mul_mat_Ab_Bi_8x4,0.382100,8x704x1,1x128x1,2816x64x1x1
ffn_swiglu-22,kernel_swiglu,0.024400,32768x1x1,512x1x1,2816x64x1x1
node_1464,kernel_add,0.024100,4096x1x1,64x1x1,2048x64x1x1
node_1465,kernel_add,0.020600,4096x1x1,64x1x1,2048x64x1x1
node_1466,kernel_add,0.017400,4096x1x1,64x1x1,2048x64x1x1
node_1467,kernel_add,0.017800,4096x1x1,64x1x1,2048x64x1x1
ffn_moe_out-22,kernel_add,0.017500,4096x1x1,64x1x1,2048x64x1x1
ffn_shexp-22,kernel_transpose_32_16,0.011700,704x16x0,1x16x0,2048x64x1x1
ffn_shexp-22,kernel_mul_mat_Ab_Bi_8x4,0.536600,8x512x1,1x128x1,2048x64x1x1
ffn_out-22,kernel_add,0.020600,4096x1x1,64x1x1,2048x64x1x1
l_out-22,kernel_add,0.018400,4096x1x1,64x1x1,2048x64x1x1
attn_norm-23,kernel_rms_norm_mul,0.019300,65536x1x1,1024x1x1,2048x64x1x1
q-23,kernel_transpose_32_16,0.007200,512x16x0,1x16x0,3072x64x1x1
q-23,kernel_mul_mat_Ab_Bi_8x4,0.387900,8x768x1,1x128x1,3072x64x1x1
q_pe-23,kernel_rope_norm_f32,0.012400,1024x64x1,64x1x1,64x16x64x1
Qcur-23,kernel_concat_f32_non_contiguous,0.344700,16x64x1,0x0x0,192x16x64x1
kv_cmpr_pe-23,kernel_transpose_32_16,0.010300,512x16x0,1x16x0,576x64x1x1
kv_cmpr_pe-23,kernel_mul_mat_Ab_Bi_8x4,0.316500,8x144x1,1x128x1,576x64x1x1
k_pe-23,kernel_rope_norm_f32,0.002800,64x64x1,64x1x1,64x1x64x1
node_1482,kernel_repeat,0.286800,16x64x1,0x0x0,64x16x64x1
kv_cmpr-23,kernel_rms_norm_mul,0.010000,32768x1x1,512x1x1,512x64x1x1
kv-23,kernel_transpose_32_16,0.004400,128x16x0,1x16x0,4096x64x1x1
kv-23,kernel_mul_mat_Ab_Bi_8x4,0.135000,8x1024x1,1x128x1,4096x64x1x1
Kcur-23,kernel_concat_f32_non_contiguous,0.392900,16x64x1,0x0x0,192x16x64x1
Vcur_cont-23,kernel_cpy_f32_f32,0.013400,1024x64x1,64x1x1,128x16x64x1
cache_k_l23 (view),kernel_set_rows_f16_i64,0.016000,65536x1x1,1024x1x1,3072x4096x1x1
cache_v_l23 (view),kernel_set_rows_f16_i64,0.011600,65536x1x1,1024x1x1,2048x4096x1x1
__fattn__-23,flash_attn_f32_f16,4.706800,64x16x0,16x1x0,128x16x64x1
node_1503,kernel_transpose_32_16,0.009900,512x16x0,1x16x0,2048x64x1x1
node_1503,kernel_mul_mat_Ab_Bi_8x4,0.378900,8x512x1,1x128x1,2048x64x1x1
ffn_inp-23,kernel_add,0.021200,4096x1x1,64x1x1,2048x64x1x1
ffn_norm-23,kernel_rms_norm_mul,0.019500,65536x1x1,1024x1x1,2048x64x1x1
ffn_moe_logits-23,kernel_mul_mm_f32_f32_l4_lm,0.514700,128x1x1,128x1x1,64x64x1x1
ffn_moe_probs-23,kernel_soft_max_4,0.003600,4096x1x1,64x1x1,64x64x1x1
ffn_moe_argsort-23,kernel_argsort_f32_i32,0.015100,64x64x1,64x1x1,64x64x1x1
ffn_moe_weights-23,kernel_get_rows_f32,0.004100,384x64x1,64x1x1,1x6x64x1
ffn_moe_weights_scaled-23,kernel_scale,0.001800,96x1x1,64x1x1,1x6x64x1
ffn_moe_gate-23,kernel_mul_mv_id_q4_0_f32_8x_flat,9.213400,11264x1x384,64x1x1,1408x6x64x1
ffn_moe_up-23,kernel_mul_mv_id_q4_0_f32_8x_flat,9.237100,11264x1x384,64x1x1,1408x6x64x1
ffn_moe_weighted-23,kernel_swiglu,0.083600,196608x1x1,512x1x1,1408x6x64x1
ffn_moe_down-23,kernel_mul_mv_id_q4_0_f32_8x_flat,9.867400,16384x1x384,64x1x1,2048x6x64x1
node_1519,kernel_mul,0.099200,384x64x1,64x1x1,2048x6x64x1
ffn_gate-23,kernel_transpose_32_16,0.011300,512x16x0,1x16x0,2816x64x1x1
ffn_gate-23,kernel_mul_mat_Ab_Bi_8x4,0.378800,8x704x1,1x128x1,2816x64x1x1
ffn_up-23,kernel_transpose_32_16,0.010300,512x16x0,1x16x0,2816x64x1x1
ffn_up-23,kernel_mul_mat_Ab_Bi_8x4,0.386900,8x704x1,1x128x1,2816x64x1x1
ffn_swiglu-23,kernel_swiglu,0.022500,32768x1x1,512x1x1,2816x64x1x1
node_1529,kernel_add,0.022100,4096x1x1,64x1x1,2048x64x1x1
node_1530,kernel_add,0.019500,4096x1x1,64x1x1,2048x64x1x1
node_1531,kernel_add,0.017100,4096x1x1,64x1x1,2048x64x1x1
node_1532,kernel_add,0.017300,4096x1x1,64x1x1,2048x64x1x1
ffn_moe_out-23,kernel_add,0.017400,4096x1x1,64x1x1,2048x64x1x1
ffn_shexp-23,kernel_transpose_32_16,0.012700,704x16x0,1x16x0,2048x64x1x1
ffn_shexp-23,kernel_mul_mat_Ab_Bi_8x4,0.525900,8x512x1,1x128x1,2048x64x1x1
ffn_out-23,kernel_add,0.021600,4096x1x1,64x1x1,2048x64x1x1
l_out-23,kernel_add,0.016800,4096x1x1,64x1x1,2048x64x1x1
attn_norm-24,kernel_rms_norm_mul,0.019300,65536x1x1,1024x1x1,2048x64x1x1
q-24,kernel_transpose_32_16,0.006600,512x16x0,1x16x0,3072x64x1x1
q-24,kernel_mul_mat_Ab_Bi_8x4,0.390400,8x768x1,1x128x1,3072x64x1x1
q_pe-24,kernel_rope_norm_f32,0.012200,1024x64x1,64x1x1,64x16x64x1
Qcur-24,kernel_concat_f32_non_contiguous,0.348700,16x64x1,0x0x0,192x16x64x1
kv_cmpr_pe-24,kernel_transpose_32_16,0.011000,512x16x0,1x16x0,576x64x1x1
kv_cmpr_pe-24,kernel_mul_mat_Ab_Bi_8x4,0.317000,8x144x1,1x128x1,576x64x1x1
k_pe-24,kernel_rope_norm_f32,0.003000,64x64x1,64x1x1,64x1x64x1
node_1547,kernel_repeat,0.284400,16x64x1,0x0x0,64x16x64x1
kv_cmpr-24,kernel_rms_norm_mul,0.009800,32768x1x1,512x1x1,512x64x1x1
kv-24,kernel_transpose_32_16,0.003800,128x16x0,1x16x0,4096x64x1x1
kv-24,kernel_mul_mat_Ab_Bi_8x4,0.133900,8x1024x1,1x128x1,4096x64x1x1
Kcur-24,kernel_concat_f32_non_contiguous,0.384200,16x64x1,0x0x0,192x16x64x1
Vcur_cont-24,kernel_cpy_f32_f32,0.014400,1024x64x1,64x1x1,128x16x64x1
cache_k_l24 (view),kernel_set_rows_f16_i64,0.015900,65536x1x1,1024x1x1,3072x4096x1x1
cache_v_l24 (view),kernel_set_rows_f16_i64,0.011200,65536x1x1,1024x1x1,2048x4096x1x1
__fattn__-24,flash_attn_f32_f16,4.703500,64x16x0,16x1x0,128x16x64x1
node_1568,kernel_transpose_32_16,0.009300,512x16x0,1x16x0,2048x64x1x1
node_1568,kernel_mul_mat_Ab_Bi_8x4,0.379600,8x512x1,1x128x1,2048x64x1x1
ffn_inp-24,kernel_add,0.020500,4096x1x1,64x1x1,2048x64x1x1
ffn_norm-24,kernel_rms_norm_mul,0.019400,65536x1x1,1024x1x1,2048x64x1x1
ffn_moe_logits-24,kernel_mul_mm_f32_f32_l4_lm,0.515500,128x1x1,128x1x1,64x64x1x1
ffn_moe_probs-24,kernel_soft_max_4,0.003700,4096x1x1,64x1x1,64x64x1x1
ffn_moe_argsort-24,kernel_argsort_f32_i32,0.015400,64x64x1,64x1x1,64x64x1x1
ffn_moe_weights-24,kernel_get_rows_f32,0.004400,384x64x1,64x1x1,1x6x64x1
ffn_moe_weights_scaled-24,kernel_scale,0.001800,96x1x1,64x1x1,1x6x64x1
ffn_moe_gate-24,kernel_mul_mv_id_q4_0_f32_8x_flat,9.207600,11264x1x384,64x1x1,1408x6x64x1
ffn_moe_up-24,kernel_mul_mv_id_q4_0_f32_8x_flat,9.241900,11264x1x384,64x1x1,1408x6x64x1
ffn_moe_weighted-24,kernel_swiglu,0.082600,196608x1x1,512x1x1,1408x6x64x1
ffn_moe_down-24,kernel_mul_mv_id_q4_0_f32_8x_flat,9.893600,16384x1x384,64x1x1,2048x6x64x1
node_1584,kernel_mul,0.099500,384x64x1,64x1x1,2048x6x64x1
ffn_gate-24,kernel_transpose_32_16,0.011100,512x16x0,1x16x0,2816x64x1x1
ffn_gate-24,kernel_mul_mat_Ab_Bi_8x4,0.385000,8x704x1,1x128x1,2816x64x1x1
ffn_up-24,kernel_transpose_32_16,0.010200,512x16x0,1x16x0,2816x64x1x1
ffn_up-24,kernel_mul_mat_Ab_Bi_8x4,0.384400,8x704x1,1x128x1,2816x64x1x1
ffn_swiglu-24,kernel_swiglu,0.023100,32768x1x1,512x1x1,2816x64x1x1
node_1594,kernel_add,0.024600,4096x1x1,64x1x1,2048x64x1x1
node_1595,kernel_add,0.020800,4096x1x1,64x1x1,2048x64x1x1
node_1596,kernel_add,0.017200,4096x1x1,64x1x1,2048x64x1x1
node_1597,kernel_add,0.016700,4096x1x1,64x1x1,2048x64x1x1
ffn_moe_out-24,kernel_add,0.017800,4096x1x1,64x1x1,2048x64x1x1
ffn_shexp-24,kernel_transpose_32_16,0.013400,704x16x0,1x16x0,2048x64x1x1
ffn_shexp-24,kernel_mul_mat_Ab_Bi_8x4,0.534900,8x512x1,1x128x1,2048x64x1x1
ffn_out-24,kernel_add,0.020600,4096x1x1,64x1x1,2048x64x1x1
l_out-24,kernel_add,0.018600,4096x1x1,64x1x1,2048x64x1x1
attn_norm-25,kernel_rms_norm_mul,0.019300,65536x1x1,1024x1x1,2048x64x1x1
q-25,kernel_transpose_32_16,0.006700,512x16x0,1x16x0,3072x64x1x1
q-25,kernel_mul_mat_Ab_Bi_8x4,0.386500,8x768x1,1x128x1,3072x64x1x1
q_pe-25,kernel_rope_norm_f32,0.012400,1024x64x1,64x1x1,64x16x64x1
Qcur-25,kernel_concat_f32_non_contiguous,0.349100,16x64x1,0x0x0,192x16x64x1
kv_cmpr_pe-25,kernel_transpose_32_16,0.010300,512x16x0,1x16x0,576x64x1x1
kv_cmpr_pe-25,kernel_mul_mat_Ab_Bi_8x4,0.316600,8x144x1,1x128x1,576x64x1x1
k_pe-25,kernel_rope_norm_f32,0.002600,64x64x1,64x1x1,64x1x64x1
node_1612,kernel_repeat,0.286800,16x64x1,0x0x0,64x16x64x1
kv_cmpr-25,kernel_rms_norm_mul,0.010400,32768x1x1,512x1x1,512x64x1x1
kv-25,kernel_transpose_32_16,0.004200,128x16x0,1x16x0,4096x64x1x1
kv-25,kernel_mul_mat_Ab_Bi_8x4,0.133400,8x1024x1,1x128x1,4096x64x1x1
Kcur-25,kernel_concat_f32_non_contiguous,0.389700,16x64x1,0x0x0,192x16x64x1
Vcur_cont-25,kernel_cpy_f32_f32,0.013500,1024x64x1,64x1x1,128x16x64x1
cache_k_l25 (view),kernel_set_rows_f16_i64,0.016300,65536x1x1,1024x1x1,3072x4096x1x1
cache_v_l25 (view),kernel_set_rows_f16_i64,0.011500,65536x1x1,1024x1x1,2048x4096x1x1
__fattn__-25,flash_attn_f32_f16,4.716100,64x16x0,16x1x0,128x16x64x1
node_1633,kernel_transpose_32_16,0.009800,512x16x0,1x16x0,2048x64x1x1
node_1633,kernel_mul_mat_Ab_Bi_8x4,0.393400,8x512x1,1x128x1,2048x64x1x1
ffn_inp-25,kernel_add,0.020800,4096x1x1,64x1x1,2048x64x1x1
ffn_norm-25,kernel_rms_norm_mul,0.019200,65536x1x1,1024x1x1,2048x64x1x1
ffn_moe_logits-25,kernel_mul_mm_f32_f32_l4_lm,0.508800,128x1x1,128x1x1,64x64x1x1
ffn_moe_probs-25,kernel_soft_max_4,0.003500,4096x1x1,64x1x1,64x64x1x1
ffn_moe_argsort-25,kernel_argsort_f32_i32,0.015500,64x64x1,64x1x1,64x64x1x1
ffn_moe_weights-25,kernel_get_rows_f32,0.004100,384x64x1,64x1x1,1x6x64x1
ffn_moe_weights_scaled-25,kernel_scale,0.001800,96x1x1,64x1x1,1x6x64x1
ffn_moe_gate-25,kernel_mul_mv_id_q4_0_f32_8x_flat,9.281100,11264x1x384,64x1x1,1408x6x64x1
ffn_moe_up-25,kernel_mul_mv_id_q4_0_f32_8x_flat,9.336300,11264x1x384,64x1x1,1408x6x64x1
ffn_moe_weighted-25,kernel_swiglu,0.081800,196608x1x1,512x1x1,1408x6x64x1
ffn_moe_down-25,kernel_mul_mv_id_q4_0_f32_8x_flat,9.892100,16384x1x384,64x1x1,2048x6x64x1
node_1649,kernel_mul,0.099700,384x64x1,64x1x1,2048x6x64x1
ffn_gate-25,kernel_transpose_32_16,0.011700,512x16x0,1x16x0,2816x64x1x1
ffn_gate-25,kernel_mul_mat_Ab_Bi_8x4,0.380500,8x704x1,1x128x1,2816x64x1x1
ffn_up-25,kernel_transpose_32_16,0.010000,512x16x0,1x16x0,2816x64x1x1
ffn_up-25,kernel_mul_mat_Ab_Bi_8x4,0.384200,8x704x1,1x128x1,2816x64x1x1
ffn_swiglu-25,kernel_swiglu,0.023700,32768x1x1,512x1x1,2816x64x1x1
node_1659,kernel_add,0.023900,4096x1x1,64x1x1,2048x64x1x1
node_1660,kernel_add,0.020300,4096x1x1,64x1x1,2048x64x1x1
node_1661,kernel_add,0.018000,4096x1x1,64x1x1,2048x64x1x1
node_1662,kernel_add,0.017700,4096x1x1,64x1x1,2048x64x1x1
ffn_moe_out-25,kernel_add,0.017800,4096x1x1,64x1x1,2048x64x1x1
ffn_shexp-25,kernel_transpose_32_16,0.012500,704x16x0,1x16x0,2048x64x1x1
ffn_shexp-25,kernel_mul_mat_Ab_Bi_8x4,0.530200,8x512x1,1x128x1,2048x64x1x1
ffn_out-25,kernel_add,0.021300,4096x1x1,64x1x1,2048x64x1x1
l_out-25,kernel_add,0.018300,4096x1x1,64x1x1,2048x64x1x1
attn_norm-26,kernel_rms_norm_mul,0.019000,65536x1x1,1024x1x1,2048x64x1x1
q-26,kernel_transpose_32_16,0.007000,512x16x0,1x16x0,3072x64x1x1
q-26,kernel_mul_mat_Ab_Bi_8x4,0.390700,8x768x1,1x128x1,3072x64x1x1
q_pe-26,kernel_rope_norm_f32,0.012100,1024x64x1,64x1x1,64x16x64x1
Qcur-26,kernel_concat_f32_non_contiguous,0.348800,16x64x1,0x0x0,192x16x64x1
kv_cmpr_pe-26,kernel_transpose_32_16,0.010100,512x16x0,1x16x0,576x64x1x1
kv_cmpr_pe-26,kernel_mul_mat_Ab_Bi_8x4,0.316000,8x144x1,1x128x1,576x64x1x1
k_pe-26,kernel_rope_norm_f32,0.002900,64x64x1,64x1x1,64x1x64x1
node_1677,kernel_repeat,0.284600,16x64x1,0x0x0,64x16x64x1
kv_cmpr-26,kernel_rms_norm_mul,0.009700,32768x1x1,512x1x1,512x64x1x1
kv-26,kernel_transpose_32_16,0.004100,128x16x0,1x16x0,4096x64x1x1
kv-26,kernel_mul_mat_Ab_Bi_8x4,0.133600,8x1024x1,1x128x1,4096x64x1x1
Kcur-26,kernel_concat_f32_non_contiguous,0.390700,16x64x1,0x0x0,192x16x64x1
Vcur_cont-26,kernel_cpy_f32_f32,0.010400,1024x64x1,64x1x1,128x16x64x1
cache_k_l26 (view),kernel_set_rows_f16_i64,0.015700,65536x1x1,1024x1x1,3072x4096x1x1
cache_v_l26 (view),kernel_set_rows_f16_i64,0.011900,65536x1x1,1024x1x1,2048x4096x1x1
__fattn__-26,flash_attn_f32_f16,4.708800,64x16x0,16x1x0,128x16x64x1
node_1698,kernel_transpose_32_16,0.009900,512x16x0,1x16x0,2048x64x1x1
node_1698,kernel_mul_mat_Ab_Bi_8x4,0.382700,8x512x1,1x128x1,2048x64x1x1
attn_norm-0,kernel_rms_norm_mul,0.021800,65536x1x1,1024x1x1,2048x64x1x1
q-0,kernel_transpose_32_16,0.010900,512x16x0,1x16x0,3072x64x1x1
q-0,kernel_mul_mat_Ab_Bi_8x4,0.388200,8x768x1,1x128x1,3072x64x1x1
q_pe-0,kernel_rope_norm_f32,0.012100,1024x64x1,64x1x1,64x16x64x1
Qcur-0,kernel_concat_f32_non_contiguous,0.344700,16x64x1,0x0x0,192x16x64x1
kv_cmpr_pe-0,kernel_transpose_32_16,0.010000,512x16x0,1x16x0,576x64x1x1
kv_cmpr_pe-0,kernel_mul_mat_Ab_Bi_8x4,0.316800,8x144x1,1x128x1,576x64x1x1
k_pe-0,kernel_rope_norm_f32,0.002700,64x64x1,64x1x1,64x1x64x1
node_11,kernel_repeat,0.284900,16x64x1,0x0x0,64x16x64x1
kv_cmpr-0,kernel_rms_norm_mul,0.009800,32768x1x1,512x1x1,512x64x1x1
kv-0,kernel_transpose_32_16,0.003800,128x16x0,1x16x0,4096x64x1x1
kv-0,kernel_mul_mat_Ab_Bi_8x4,0.133700,8x1024x1,1x128x1,4096x64x1x1
Kcur-0,kernel_concat_f32_non_contiguous,0.392300,16x64x1,0x0x0,192x16x64x1
Vcur_cont-0,kernel_cpy_f32_f32,0.014300,1024x64x1,64x1x1,128x16x64x1
cache_k_l0 (view),kernel_set_rows_f16_i64,0.016500,65536x1x1,1024x1x1,3072x4096x1x1
cache_v_l0 (view),kernel_set_rows_f16_i64,0.011300,65536x1x1,1024x1x1,2048x4096x1x1
 (copy),kernel_cpy_f32_f16,0.003800,4096x1x1,64x1x1,256x64x1x1
__fattn__-0,flash_attn_f32_f16,4.717000,64x16x0,16x1x0,128x16x64x1
node_33,kernel_transpose_32_16,0.009600,512x16x0,1x16x0,2048x64x1x1
node_33,kernel_mul_mat_Ab_Bi_8x4,0.381000,8x512x1,1x128x1,2048x64x1x1
ffn_inp-0,kernel_add,0.022100,4096x1x1,64x1x1,2048x64x1x1
ffn_norm-0,kernel_rms_norm_mul,0.019400,65536x1x1,1024x1x1,2048x64x1x1
ffn_gate-0,kernel_transpose_32_16,0.010200,512x16x0,1x16x0,10944x64x1x1
ffn_gate-0,kernel_mul_mat_Ab_Bi_8x4,1.162200,8x2736x1,1x128x1,10944x64x1x1
ffn_up-0,kernel_transpose_32_16,0.010300,512x16x0,1x16x0,10944x64x1x1
ffn_up-0,kernel_mul_mat_Ab_Bi_8x4,1.159100,8x2736x1,1x128x1,10944x64x1x1
ffn_swiglu-0,kernel_swiglu,0.113200,32768x1x1,512x1x1,10944x64x1x1
ffn_out-0,kernel_transpose_32_16,0.042100,2736x16x0,1x16x0,2048x64x1x1
ffn_out-0,kernel_mul_mat_Ab_Bi_8x4,1.946900,8x512x1,1x128x1,2048x64x1x1
l_out-0,kernel_add,0.020800,4096x1x1,64x1x1,2048x64x1x1
attn_norm-1,kernel_rms_norm_mul,0.019200,65536x1x1,1024x1x1,2048x64x1x1
q-1,kernel_transpose_32_16,0.007000,512x16x0,1x16x0,3072x64x1x1
q-1,kernel_mul_mat_Ab_Bi_8x4,0.392200,8x768x1,1x128x1,3072x64x1x1
q_pe-1,kernel_rope_norm_f32,0.012300,1024x64x1,64x1x1,64x16x64x1
Qcur-1,kernel_concat_f32_non_contiguous,0.346400,16x64x1,0x0x0,192x16x64x1
kv_cmpr_pe-1,kernel_transpose_32_16,0.010300,512x16x0,1x16x0,576x64x1x1
kv_cmpr_pe-1,kernel_mul_mat_Ab_Bi_8x4,0.318000,8x144x1,1x128x1,576x64x1x1
k_pe-1,kernel_rope_norm_f32,0.002700,64x64x1,64x1x1,64x1x64x1
node_52,kernel_repeat,0.285100,16x64x1,0x0x0,64x16x64x1
kv_cmpr-1,kernel_rms_norm_mul,0.009800,32768x1x1,512x1x1,512x64x1x1
kv-1,kernel_transpose_32_16,0.004100,128x16x0,1x16x0,4096x64x1x1
kv-1,kernel_mul_mat_Ab_Bi_8x4,0.134000,8x1024x1,1x128x1,4096x64x1x1
Kcur-1,kernel_concat_f32_non_contiguous,0.383500,16x64x1,0x0x0,192x16x64x1
Vcur_cont-1,kernel_cpy_f32_f32,0.013400,1024x64x1,64x1x1,128x16x64x1
cache_k_l1 (view),kernel_set_rows_f16_i64,0.016000,65536x1x1,1024x1x1,3072x4096x1x1
cache_v_l1 (view),kernel_set_rows_f16_i64,0.011400,65536x1x1,1024x1x1,2048x4096x1x1
__fattn__-1,flash_attn_f32_f16,4.721800,64x16x0,16x1x0,128x16x64x1
node_73,kernel_transpose_32_16,0.009600,512x16x0,1x16x0,2048x64x1x1
node_73,kernel_mul_mat_Ab_Bi_8x4,0.389400,8x512x1,1x128x1,2048x64x1x1
ffn_inp-1,kernel_add,0.020900,4096x1x1,64x1x1,2048x64x1x1
ffn_norm-1,kernel_rms_norm_mul,0.019400,65536x1x1,1024x1x1,2048x64x1x1
ffn_moe_logits-1,kernel_mul_mm_f32_f32_l4_lm,0.503500,128x1x1,128x1x1,64x64x1x1
ffn_moe_probs-1,kernel_soft_max_4,0.003700,4096x1x1,64x1x1,64x64x1x1
ffn_moe_argsort-1,kernel_argsort_f32_i32,0.015000,64x64x1,64x1x1,64x64x1x1
ffn_moe_weights-1,kernel_get_rows_f32,0.004100,384x64x1,64x1x1,1x6x64x1
ffn_moe_weights_scaled-1,kernel_scale,0.001700,96x1x1,64x1x1,1x6x64x1
ffn_moe_gate-1,kernel_mul_mv_id_q4_0_f32_8x_flat,9.146200,11264x1x384,64x1x1,1408x6x64x1
ffn_moe_up-1,kernel_mul_mv_id_q4_0_f32_8x_flat,9.143100,11264x1x384,64x1x1,1408x6x64x1
ffn_moe_weighted-1,kernel_swiglu,0.081600,196608x1x1,512x1x1,1408x6x64x1
ffn_moe_down-1,kernel_mul_mv_id_q4_0_f32_8x_flat,9.910800,16384x1x384,64x1x1,2048x6x64x1
node_89,kernel_mul,0.101100,384x64x1,64x1x1,2048x6x64x1
ffn_gate-1,kernel_transpose_32_16,0.011300,512x16x0,1x16x0,2816x64x1x1
ffn_gate-1,kernel_mul_mat_Ab_Bi_8x4,0.382500,8x704x1,1x128x1,2816x64x1x1
ffn_up-1,kernel_transpose_32_16,0.009800,512x16x0,1x16x0,2816x64x1x1
ffn_up-1,kernel_mul_mat_Ab_Bi_8x4,0.383200,8x704x1,1x128x1,2816x64x1x1
ffn_swiglu-1,kernel_swiglu,0.023200,32768x1x1,512x1x1,2816x64x1x1
node_99,kernel_add,0.024300,4096x1x1,64x1x1,2048x64x1x1
node_100,kernel_add,0.021000,4096x1x1,64x1x1,2048x64x1x1
node_101,kernel_add,0.017800,4096x1x1,64x1x1,2048x64x1x1
node_102,kernel_add,0.017800,4096x1x1,64x1x1,2048x64x1x1
ffn_moe_out-1,kernel_add,0.017400,4096x1x1,64x1x1,2048x64x1x1
ffn_shexp-1,kernel_transpose_32_16,0.012500,704x16x0,1x16x0,2048x64x1x1
ffn_shexp-1,kernel_mul_mat_Ab_Bi_8x4,0.536100,8x512x1,1x128x1,2048x64x1x1
ffn_out-1,kernel_add,0.021500,4096x1x1,64x1x1,2048x64x1x1
l_out-1,kernel_add,0.017700,4096x1x1,64x1x1,2048x64x1x1
attn_norm-2,kernel_rms_norm_mul,0.019100,65536x1x1,1024x1x1,2048x64x1x1
q-2,kernel_transpose_32_16,0.006800,512x16x0,1x16x0,3072x64x1x1
q-2,kernel_mul_mat_Ab_Bi_8x4,0.387800,8x768x1,1x128x1,3072x64x1x1
q_pe-2,kernel_rope_norm_f32,0.012000,1024x64x1,64x1x1,64x16x64x1
Qcur-2,kernel_concat_f32_non_contiguous,0.349400,16x64x1,0x0x0,192x16x64x1
kv_cmpr_pe-2,kernel_transpose_32_16,0.009100,512x16x0,1x16x0,576x64x1x1
kv_cmpr_pe-2,kernel_mul_mat_Ab_Bi_8x4,0.317400,8x144x1,1x128x1,576x64x1x1
k_pe-2,kernel_rope_norm_f32,0.002800,64x64x1,64x1x1,64x1x64x1
node_117,kernel_repeat,0.284000,16x64x1,0x0x0,64x16x64x1
kv_cmpr-2,kernel_rms_norm_mul,0.009800,32768x1x1,512x1x1,512x64x1x1
kv-2,kernel_transpose_32_16,0.004200,128x16x0,1x16x0,4096x64x1x1
kv-2,kernel_mul_mat_Ab_Bi_8x4,0.133400,8x1024x1,1x128x1,4096x64x1x1
Kcur-2,kernel_concat_f32_non_contiguous,0.390300,16x64x1,0x0x0,192x16x64x1
Vcur_cont-2,kernel_cpy_f32_f32,0.010500,1024x64x1,64x1x1,128x16x64x1
cache_k_l2 (view),kernel_set_rows_f16_i64,0.016200,65536x1x1,1024x1x1,3072x4096x1x1
cache_v_l2 (view),kernel_set_rows_f16_i64,0.011600,65536x1x1,1024x1x1,2048x4096x1x1
__fattn__-2,flash_attn_f32_f16,4.721100,64x16x0,16x1x0,128x16x64x1
node_138,kernel_transpose_32_16,0.009600,512x16x0,1x16x0,2048x64x1x1
node_138,kernel_mul_mat_Ab_Bi_8x4,0.381600,8x512x1,1x128x1,2048x64x1x1
ffn_inp-2,kernel_add,0.020800,4096x1x1,64x1x1,2048x64x1x1
ffn_norm-2,kernel_rms_norm_mul,0.019100,65536x1x1,1024x1x1,2048x64x1x1
ffn_moe_logits-2,kernel_mul_mm_f32_f32_l4_lm,0.494000,128x1x1,128x1x1,64x64x1x1
ffn_moe_probs-2,kernel_soft_max_4,0.003700,4096x1x1,64x1x1,64x64x1x1
ffn_moe_argsort-2,kernel_argsort_f32_i32,0.015200,64x64x1,64x1x1,64x64x1x1
ffn_moe_weights-2,kernel_get_rows_f32,0.004100,384x64x1,64x1x1,1x6x64x1
ffn_moe_weights_scaled-2,kernel_scale,0.001900,96x1x1,64x1x1,1x6x64x1
ffn_moe_gate-2,kernel_mul_mv_id_q4_0_f32_8x_flat,9.176700,11264x1x384,64x1x1,1408x6x64x1
ffn_moe_up-2,kernel_mul_mv_id_q4_0_f32_8x_flat,9.209100,11264x1x384,64x1x1,1408x6x64x1
ffn_moe_weighted-2,kernel_swiglu,0.082400,196608x1x1,512x1x1,1408x6x64x1
ffn_moe_down-2,kernel_mul_mv_id_q4_0_f32_8x_flat,9.867300,16384x1x384,64x1x1,2048x6x64x1
node_154,kernel_mul,0.100400,384x64x1,64x1x1,2048x6x64x1
ffn_gate-2,kernel_transpose_32_16,0.011100,512x16x0,1x16x0,2816x64x1x1
ffn_gate-2,kernel_mul_mat_Ab_Bi_8x4,0.384600,8x704x1,1x128x1,2816x64x1x1
ffn_up-2,kernel_transpose_32_16,0.010200,512x16x0,1x16x0,2816x64x1x1
ffn_up-2,kernel_mul_mat_Ab_Bi_8x4,0.382600,8x704x1,1x128x1,2816x64x1x1
ffn_swiglu-2,kernel_swiglu,0.022900,32768x1x1,512x1x1,2816x64x1x1
node_164,kernel_add,0.024500,4096x1x1,64x1x1,2048x64x1x1
node_165,kernel_add,0.017300,4096x1x1,64x1x1,2048x64x1x1
node_166,kernel_add,0.017500,4096x1x1,64x1x1,2048x64x1x1
node_167,kernel_add,0.017400,4096x1x1,64x1x1,2048x64x1x1
ffn_moe_out-2,kernel_add,0.017500,4096x1x1,64x1x1,2048x64x1x1
ffn_shexp-2,kernel_transpose_32_16,0.013600,704x16x0,1x16x0,2048x64x1x1
ffn_shexp-2,kernel_mul_mat_Ab_Bi_8x4,0.529800,8x512x1,1x128x1,2048x64x1x1
ffn_out-2,kernel_add,0.020200,4096x1x1,64x1x1,2048x64x1x1
l_out-2,kernel_add,0.018900,4096x1x1,64x1x1,2048x64x1x1
attn_norm-3,kernel_rms_norm_mul,0.019500,65536x1x1,1024x1x1,2048x64x1x1
q-3,kernel_transpose_32_16,0.009700,512x16x0,1x16x0,3072x64x1x1
q-3,kernel_mul_mat_Ab_Bi_8x4,0.387600,8x768x1,1x128x1,3072x64x1x1
q_pe-3,kernel_rope_norm_f32,0.012500,1024x64x1,64x1x1,64x16x64x1
Qcur-3,kernel_concat_f32_non_contiguous,0.346500,16x64x1,0x0x0,192x16x64x1
kv_cmpr_pe-3,kernel_transpose_32_16,0.011300,512x16x0,1x16x0,576x64x1x1
kv_cmpr_pe-3,kernel_mul_mat_Ab_Bi_8x4,0.315500,8x144x1,1x128x1,576x64x1x1
k_pe-3,kernel_rope_norm_f32,0.002800,64x64x1,64x1x1,64x1x64x1
node_182,kernel_repeat,0.283900,16x64x1,0x0x0,64x16x64x1
kv_cmpr-3,kernel_rms_norm_mul,0.009800,32768x1x1,512x1x1,512x64x1x1
kv-3,kernel_transpose_32_16,0.004100,128x16x0,1x16x0,4096x64x1x1
kv-3,kernel_mul_mat_Ab_Bi_8x4,0.134100,8x1024x1,1x128x1,4096x64x1x1
Kcur-3,kernel_concat_f32_non_contiguous,0.395900,16x64x1,0x0x0,192x16x64x1
Vcur_cont-3,kernel_cpy_f32_f32,0.013600,1024x64x1,64x1x1,128x16x64x1
cache_k_l3 (view),kernel_set_rows_f16_i64,0.016200,65536x1x1,1024x1x1,3072x4096x1x1
cache_v_l3 (view),kernel_set_rows_f16_i64,0.011900,65536x1x1,1024x1x1,2048x4096x1x1
__fattn__-3,flash_attn_f32_f16,4.711400,64x16x0,16x1x0,128x16x64x1
node_203,kernel_transpose_32_16,0.009400,512x16x0,1x16x0,2048x64x1x1
node_203,kernel_mul_mat_Ab_Bi_8x4,0.386000,8x512x1,1x128x1,2048x64x1x1
ffn_inp-3,kernel_add,0.020700,4096x1x1,64x1x1,2048x64x1x1
ffn_norm-3,kernel_rms_norm_mul,0.019300,65536x1x1,1024x1x1,2048x64x1x1
ffn_moe_logits-3,kernel_mul_mm_f32_f32_l4_lm,0.506100,128x1x1,128x1x1,64x64x1x1
ffn_moe_probs-3,kernel_soft_max_4,0.003600,4096x1x1,64x1x1,64x64x1x1
ffn_moe_argsort-3,kernel_argsort_f32_i32,0.015300,64x64x1,64x1x1,64x64x1x1
ffn_moe_weights-3,kernel_get_rows_f32,0.004500,384x64x1,64x1x1,1x6x64x1
ffn_moe_weights_scaled-3,kernel_scale,0.001700,96x1x1,64x1x1,1x6x64x1
ffn_moe_gate-3,kernel_mul_mv_id_q4_0_f32_8x_flat,9.122700,11264x1x384,64x1x1,1408x6x64x1
ffn_moe_up-3,kernel_mul_mv_id_q4_0_f32_8x_flat,9.107200,11264x1x384,64x1x1,1408x6x64x1
ffn_moe_weighted-3,kernel_swiglu,0.081000,196608x1x1,512x1x1,1408x6x64x1
ffn_moe_down-3,kernel_mul_mv_id_q4_0_f32_8x_flat,9.848700,16384x1x384,64x1x1,2048x6x64x1
node_219,kernel_mul,0.099400,384x64x1,64x1x1,2048x6x64x1
ffn_gate-3,kernel_transpose_32_16,0.011200,512x16x0,1x16x0,2816x64x1x1
ffn_gate-3,kernel_mul_mat_Ab_Bi_8x4,0.384700,8x704x1,1x128x1,2816x64x1x1
ffn_up-3,kernel_transpose_32_16,0.009800,512x16x0,1x16x0,2816x64x1x1
ffn_up-3,kernel_mul_mat_Ab_Bi_8x4,0.383400,8x704x1,1x128x1,2816x64x1x1
ffn_swiglu-3,kernel_swiglu,0.023800,32768x1x1,512x1x1,2816x64x1x1
node_229,kernel_add,0.024900,4096x1x1,64x1x1,2048x64x1x1
node_230,kernel_add,0.019800,4096x1x1,64x1x1,2048x64x1x1
node_231,kernel_add,0.017700,4096x1x1,64x1x1,2048x64x1x1
node_232,kernel_add,0.016900,4096x1x1,64x1x1,2048x64x1x1
ffn_moe_out-3,kernel_add,0.017500,4096x1x1,64x1x1,2048x64x1x1
ffn_shexp-3,kernel_transpose_32_16,0.012400,704x16x0,1x16x0,2048x64x1x1
ffn_shexp-3,kernel_mul_mat_Ab_Bi_8x4,0.529000,8x512x1,1x128x1,2048x64x1x1
ffn_out-3,kernel_add,0.022100,4096x1x1,64x1x1,2048x64x1x1
l_out-3,kernel_add,0.018500,4096x1x1,64x1x1,2048x64x1x1
attn_norm-4,kernel_rms_norm_mul,0.019200,65536x1x1,1024x1x1,2048x64x1x1
q-4,kernel_transpose_32_16,0.007100,512x16x0,1x16x0,3072x64x1x1
q-4,kernel_mul_mat_Ab_Bi_8x4,0.386100,8x768x1,1x128x1,3072x64x1x1
q_pe-4,kernel_rope_norm_f32,0.009400,1024x64x1,64x1x1,64x16x64x1
Qcur-4,kernel_concat_f32_non_contiguous,0.343400,16x64x1,0x0x0,192x16x64x1
kv_cmpr_pe-4,kernel_transpose_32_16,0.011000,512x16x0,1x16x0,576x64x1x1
kv_cmpr_pe-4,kernel_mul_mat_Ab_Bi_8x4,0.316900,8x144x1,1x128x1,576x64x1x1
k_pe-4,kernel_rope_norm_f32,0.002600,64x64x1,64x1x1,64x1x64x1
node_247,kernel_repeat,0.284500,16x64x1,0x0x0,64x16x64x1
kv_cmpr-4,kernel_rms_norm_mul,0.010800,32768x1x1,512x1x1,512x64x1x1
kv-4,kernel_transpose_32_16,0.003800,128x16x0,1x16x0,4096x64x1x1
kv-4,kernel_mul_mat_Ab_Bi_8x4,0.132800,8x1024x1,1x128x1,4096x64x1x1
Kcur-4,kernel_concat_f32_non_contiguous,0.401900,16x64x1,0x0x0,192x16x64x1
Vcur_cont-4,kernel_cpy_f32_f32,0.013200,1024x64x1,64x1x1,128x16x64x1
cache_k_l4 (view),kernel_set_rows_f16_i64,0.016300,65536x1x1,1024x1x1,3072x4096x1x1
cache_v_l4 (view),kernel_set_rows_f16_i64,0.011600,65536x1x1,1024x1x1,2048x4096x1x1
__fattn__-4,flash_attn_f32_f16,4.731100,64x16x0,16x1x0,128x16x64x1
node_268,kernel_transpose_32_16,0.009700,512x16x0,1x16x0,2048x64x1x1
node_268,kernel_mul_mat_Ab_Bi_8x4,0.373600,8x512x1,1x128x1,2048x64x1x1
ffn_inp-4,kernel_add,0.016900,4096x1x1,64x1x1,2048x64x1x1
ffn_norm-4,kernel_rms_norm_mul,0.019700,65536x1x1,1024x1x1,2048x64x1x1
ffn_moe_logits-4,kernel_mul_mm_f32_f32_l4_lm,0.505300,128x1x1,128x1x1,64x64x1x1
ffn_moe_probs-4,kernel_soft_max_4,0.003600,4096x1x1,64x1x1,64x64x1x1
ffn_moe_argsort-4,kernel_argsort_f32_i32,0.015000,64x64x1,64x1x1,64x64x1x1
ffn_moe_weights-4,kernel_get_rows_f32,0.004100,384x64x1,64x1x1,1x6x64x1
ffn_moe_weights_scaled-4,kernel_scale,0.001800,96x1x1,64x1x1,1x6x64x1
ffn_moe_gate-4,kernel_mul_mv_id_q4_0_f32_8x_flat,9.137700,11264x1x384,64x1x1,1408x6x64x1
ffn_moe_up-4,kernel_mul_mv_id_q4_0_f32_8x_flat,9.130000,11264x1x384,64x1x1,1408x6x64x1
ffn_moe_weighted-4,kernel_swiglu,0.082100,196608x1x1,512x1x1,1408x6x64x1
ffn_moe_down-4,kernel_mul_mv_id_q4_0_f32_8x_flat,9.834500,16384x1x384,64x1x1,2048x6x64x1
node_284,kernel_mul,0.101600,384x64x1,64x1x1,2048x6x64x1
ffn_gate-4,kernel_transpose_32_16,0.010900,512x16x0,1x16x0,2816x64x1x1
ffn_gate-4,kernel_mul_mat_Ab_Bi_8x4,0.383100,8x704x1,1x128x1,2816x64x1x1
ffn_up-4,kernel_transpose_32_16,0.009900,512x16x0,1x16x0,2816x64x1x1
ffn_up-4,kernel_mul_mat_Ab_Bi_8x4,0.382500,8x704x1,1x128x1,2816x64x1x1
ffn_swiglu-4,kernel_swiglu,0.021700,32768x1x1,512x1x1,2816x64x1x1
node_294,kernel_add,0.023700,4096x1x1,64x1x1,2048x64x1x1
node_295,kernel_add,0.021300,4096x1x1,64x1x1,2048x64x1x1
node_296,kernel_add,0.017100,4096x1x1,64x1x1,2048x64x1x1
node_297,kernel_add,0.017300,4096x1x1,64x1x1,2048x64x1x1
ffn_moe_out-4,kernel_add,0.017400,4096x1x1,64x1x1,2048x64x1x1
ffn_shexp-4,kernel_transpose_32_16,0.013300,704x16x0,1x16x0,2048x64x1x1
ffn_shexp-4,kernel_mul_mat_Ab_Bi_8x4,0.521800,8x512x1,1x128x1,2048x64x1x1
ffn_out-4,kernel_add,0.015700,4096x1x1,64x1x1,2048x64x1x1
l_out-4,kernel_add,0.018600,4096x1x1,64x1x1,2048x64x1x1
attn_norm-5,kernel_rms_norm_mul,0.019300,65536x1x1,1024x1x1,2048x64x1x1
q-5,kernel_transpose_32_16,0.006800,512x16x0,1x16x0,3072x64x1x1
q-5,kernel_mul_mat_Ab_Bi_8x4,0.390300,8x768x1,1x128x1,3072x64x1x1
q_pe-5,kernel_rope_norm_f32,0.012000,1024x64x1,64x1x1,64x16x64x1
Qcur-5,kernel_concat_f32_non_contiguous,0.349100,16x64x1,0x0x0,192x16x64x1
kv_cmpr_pe-5,kernel_transpose_32_16,0.010200,512x16x0,1x16x0,576x64x1x1
kv_cmpr_pe-5,kernel_mul_mat_Ab_Bi_8x4,0.317400,8x144x1,1x128x1,576x64x1x1
k_pe-5,kernel_rope_norm_f32,0.002700,64x64x1,64x1x1,64x1x64x1
node_312,kernel_repeat,0.285500,16x64x1,0x0x0,64x16x64x1
kv_cmpr-5,kernel_rms_norm_mul,0.009600,32768x1x1,512x1x1,512x64x1x1
kv-5,kernel_transpose_32_16,0.004100,128x16x0,1x16x0,4096x64x1x1
kv-5,kernel_mul_mat_Ab_Bi_8x4,0.133900,8x1024x1,1x128x1,4096x64x1x1
Kcur-5,kernel_concat_f32_non_contiguous,0.395200,16x64x1,0x0x0,192x16x64x1
Vcur_cont-5,kernel_cpy_f32_f32,0.013900,1024x64x1,64x1x1,128x16x64x1
cache_k_l5 (view),kernel_set_rows_f16_i64,0.014700,65536x1x1,1024x1x1,3072x4096x1x1
cache_v_l5 (view),kernel_set_rows_f16_i64,0.012100,65536x1x1,1024x1x1,2048x4096x1x1
__fattn__-5,flash_attn_f32_f16,4.708800,64x16x0,16x1x0,128x16x64x1
node_333,kernel_transpose_32_16,0.010000,512x16x0,1x16x0,2048x64x1x1
node_333,kernel_mul_mat_Ab_Bi_8x4,0.380500,8x512x1,1x128x1,2048x64x1x1
ffn_inp-5,kernel_add,0.021100,4096x1x1,64x1x1,2048x64x1x1
ffn_norm-5,kernel_rms_norm_mul,0.019300,65536x1x1,1024x1x1,2048x64x1x1
ffn_moe_logits-5,kernel_mul_mm_f32_f32_l4_lm,0.502200,128x1x1,128x1x1,64x64x1x1
ffn_moe_probs-5,kernel_soft_max_4,0.003900,4096x1x1,64x1x1,64x64x1x1
ffn_moe_argsort-5,kernel_argsort_f32_i32,0.015300,64x64x1,64x1x1,64x64x1x1
ffn_moe_weights-5,kernel_get_rows_f32,0.004000,384x64x1,64x1x1,1x6x64x1
ffn_moe_weights_scaled-5,kernel_scale,0.001800,96x1x1,64x1x1,1x6x64x1
ffn_moe_gate-5,kernel_mul_mv_id_q4_0_f32_8x_flat,9.068700,11264x1x384,64x1x1,1408x6x64x1
ffn_moe_up-5,kernel_mul_mv_id_q4_0_f32_8x_flat,9.052100,11264x1x384,64x1x1,1408x6x64x1
ffn_moe_weighted-5,kernel_swiglu,0.082300,196608x1x1,512x1x1,1408x6x64x1
ffn_moe_down-5,kernel_mul_mv_id_q4_0_f32_8x_flat,9.824800,16384x1x384,64x1x1,2048x6x64x1
node_349,kernel_mul,0.099100,384x64x1,64x1x1,2048x6x64x1
ffn_gate-5,kernel_transpose_32_16,0.011300,512x16x0,1x16x0,2816x64x1x1
ffn_gate-5,kernel_mul_mat_Ab_Bi_8x4,0.385500,8x704x1,1x128x1,2816x64x1x1
ffn_up-5,kernel_transpose_32_16,0.010000,512x16x0,1x16x0,2816x64x1x1
ffn_up-5,kernel_mul_mat_Ab_Bi_8x4,0.388400,8x704x1,1x128x1,2816x64x1x1
ffn_swiglu-5,kernel_swiglu,0.022700,32768x1x1,512x1x1,2816x64x1x1
node_359,kernel_add,0.024200,4096x1x1,64x1x1,2048x64x1x1
node_360,kernel_add,0.020900,4096x1x1,64x1x1,2048x64x1x1
node_361,kernel_add,0.017200,4096x1x1,64x1x1,2048x64x1x1
node_362,kernel_add,0.018800,4096x1x1,64x1x1,2048x64x1x1
ffn_moe_out-5,kernel_add,0.016900,4096x1x1,64x1x1,2048x64x1x1
ffn_shexp-5,kernel_transpose_32_16,0.013100,704x16x0,1x16x0,2048x64x1x1
ffn_shexp-5,kernel_mul_mat_Ab_Bi_8x4,0.528400,8x512x1,1x128x1,2048x64x1x1
ffn_out-5,kernel_add,0.021600,4096x1x1,64x1x1,2048x64x1x1
l_out-5,kernel_add,0.017800,4096x1x1,64x1x1,2048x64x1x1
attn_norm-6,kernel_rms_norm_mul,0.019200,65536x1x1,1024x1x1,2048x64x1x1
q-6,kernel_transpose_32_16,0.009400,512x16x0,1x16x0,3072x64x1x1
q-6,kernel_mul_mat_Ab_Bi_8x4,0.391700,8x768x1,1x128x1,3072x64x1x1
q_pe-6,kernel_rope_norm_f32,0.012100,1024x64x1,64x1x1,64x16x64x1
Qcur-6,kernel_concat_f32_non_contiguous,0.345200,16x64x1,0x0x0,192x16x64x1
kv_cmpr_pe-6,kernel_transpose_32_16,0.010500,512x16x0,1x16x0,576x64x1x1
kv_cmpr_pe-6,kernel_mul_mat_Ab_Bi_8x4,0.318100,8x144x1,1x128x1,576x64x1x1
k_pe-6,kernel_rope_norm_f32,0.002600,64x64x1,64x1x1,64x1x64x1
node_377,kernel_repeat,0.285400,16x64x1,0x0x0,64x16x64x1
kv_cmpr-6,kernel_rms_norm_mul,0.010000,32768x1x1,512x1x1,512x64x1x1
kv-6,kernel_transpose_32_16,0.003900,128x16x0,1x16x0,4096x64x1x1
kv-6,kernel_mul_mat_Ab_Bi_8x4,0.135200,8x1024x1,1x128x1,4096x64x1x1
Kcur-6,kernel_concat_f32_non_contiguous,0.382600,16x64x1,0x0x0,192x16x64x1
Vcur_cont-6,kernel_cpy_f32_f32,0.014400,1024x64x1,64x1x1,128x16x64x1
cache_k_l6 (view),kernel_set_rows_f16_i64,0.015900,65536x1x1,1024x1x1,3072x4096x1x1
cache_v_l6 (view),kernel_set_rows_f16_i64,0.011300,65536x1x1,1024x1x1,2048x4096x1x1
__fattn__-6,flash_attn_f32_f16,4.715100,64x16x0,16x1x0,128x16x64x1
node_398,kernel_transpose_32_16,0.009200,512x16x0,1x16x0,2048x64x1x1
node_398,kernel_mul_mat_Ab_Bi_8x4,0.382500,8x512x1,1x128x1,2048x64x1x1
ffn_inp-6,kernel_add,0.021800,4096x1x1,64x1x1,2048x64x1x1
ffn_norm-6,kernel_rms_norm_mul,0.018900,65536x1x1,1024x1x1,2048x64x1x1
ffn_moe_logits-6,kernel_mul_mm_f32_f32_l4_lm,0.501900,128x1x1,128x1x1,64x64x1x1
ffn_moe_probs-6,kernel_soft_max_4,0.003600,4096x1x1,64x1x1,64x64x1x1
ffn_moe_argsort-6,kernel_argsort_f32_i32,0.014900,64x64x1,64x1x1,64x64x1x1
ffn_moe_weights-6,kernel_get_rows_f32,0.004300,384x64x1,64x1x1,1x6x64x1
ffn_moe_weights_scaled-6,kernel_scale,0.002100,96x1x1,64x1x1,1x6x64x1
ffn_moe_gate-6,kernel_mul_mv_id_q4_0_f32_8x_flat,9.099500,11264x1x384,64x1x1,1408x6x64x1
ffn_moe_up-6,kernel_mul_mv_id_q4_0_f32_8x_flat,9.172100,11264x1x384,64x1x1,1408x6x64x1
ffn_moe_weighted-6,kernel_swiglu,0.082400,196608x1x1,512x1x1,1408x6x64x1
ffn_moe_down-6,kernel_mul_mv_id_q4_0_f32_8x_flat,9.870800,16384x1x384,64x1x1,2048x6x64x1
node_414,kernel_mul,0.101600,384x64x1,64x1x1,2048x6x64x1
ffn_gate-6,kernel_transpose_32_16,0.010900,512x16x0,1x16x0,2816x64x1x1
ffn_gate-6,kernel_mul_mat_Ab_Bi_8x4,0.385600,8x704x1,1x128x1,2816x64x1x1
ffn_up-6,kernel_transpose_32_16,0.009400,512x16x0,1x16x0,2816x64x1x1
ffn_up-6,kernel_mul_mat_Ab_Bi_8x4,0.386400,8x704x1,1x128x1,2816x64x1x1
ffn_swiglu-6,kernel_swiglu,0.024100,32768x1x1,512x1x1,2816x64x1x1
node_424,kernel_add,0.023700,4096x1x1,64x1x1,2048x64x1x1
node_425,kernel_add,0.021000,4096x1x1,64x1x1,2048x64x1x1
node_426,kernel_add,0.017500,4096x1x1,64x1x1,2048x64x1x1
node_427,kernel_add,0.017400,4096x1x1,64x1x1,2048x64x1x1
ffn_moe_out-6,kernel_add,0.017800,4096x1x1,64x1x1,2048x64x1x1
ffn_shexp-6,kernel_transpose_32_16,0.011400,704x16x0,1x16x0,2048x64x1x1
ffn_shexp-6,kernel_mul_mat_Ab_Bi_8x4,0.526300,8x512x1,1x128x1,2048x64x1x1
ffn_out-6,kernel_add,0.020900,4096x1x1,64x1x1,2048x64x1x1
l_out-6,kernel_add,0.018900,4096x1x1,64x1x1,2048x64x1x1
attn_norm-7,kernel_rms_norm_mul,0.019100,65536x1x1,1024x1x1,2048x64x1x1
q-7,kernel_transpose_32_16,0.006700,512x16x0,1x16x0,3072x64x1x1
q-7,kernel_mul_mat_Ab_Bi_8x4,0.390100,8x768x1,1x128x1,3072x64x1x1
q_pe-7,kernel_rope_norm_f32,0.012300,1024x64x1,64x1x1,64x16x64x1
Qcur-7,kernel_concat_f32_non_contiguous,0.346200,16x64x1,0x0x0,192x16x64x1
kv_cmpr_pe-7,kernel_transpose_32_16,0.010400,512x16x0,1x16x0,576x64x1x1
kv_cmpr_pe-7,kernel_mul_mat_Ab_Bi_8x4,0.315900,8x144x1,1x128x1,576x64x1x1
k_pe-7,kernel_rope_norm_f32,0.003000,64x64x1,64x1x1,64x1x64x1
node_442,kernel_repeat,0.284400,16x64x1,0x0x0,64x16x64x1
kv_cmpr-7,kernel_rms_norm_mul,0.009900,32768x1x1,512x1x1,512x64x1x1
kv-7,kernel_transpose_32_16,0.004100,128x16x0,1x16x0,4096x64x1x1
kv-7,kernel_mul_mat_Ab_Bi_8x4,0.135100,8x1024x1,1x128x1,4096x64x1x1
Kcur-7,kernel_concat_f32_non_contiguous,0.384200,16x64x1,0x0x0,192x16x64x1
Vcur_cont-7,kernel_cpy_f32_f32,0.013400,1024x64x1,64x1x1,128x16x64x1
cache_k_l7 (view),kernel_set_rows_f16_i64,0.016100,65536x1x1,1024x1x1,3072x4096x1x1
cache_v_l7 (view),kernel_set_rows_f16_i64,0.011900,65536x1x1,1024x1x1,2048x4096x1x1
__fattn__-7,flash_attn_f32_f16,4.709400,64x16x0,16x1x0,128x16x64x1
node_463,kernel_transpose_32_16,0.009600,512x16x0,1x16x0,2048x64x1x1
node_463,kernel_mul_mat_Ab_Bi_8x4,0.378100,8x512x1,1x128x1,2048x64x1x1
ffn_inp-7,kernel_add,0.022000,4096x1x1,64x1x1,2048x64x1x1
ffn_norm-7,kernel_rms_norm_mul,0.019600,65536x1x1,1024x1x1,2048x64x1x1
ffn_moe_logits-7,kernel_mul_mm_f32_f32_l4_lm,0.498700,128x1x1,128x1x1,64x64x1x1
ffn_moe_probs-7,kernel_soft_max_4,0.003600,4096x1x1,64x1x1,64x64x1x1
ffn_moe_argsort-7,kernel_argsort_f32_i32,0.015000,64x64x1,64x1x1,64x64x1x1
ffn_moe_weights-7,kernel_get_rows_f32,0.004100,384x64x1,64x1x1,1x6x64x1
ffn_moe_weights_scaled-7,kernel_scale,0.001800,96x1x1,64x1x1,1x6x64x1
ffn_moe_gate-7,kernel_mul_mv_id_q4_0_f32_8x_flat,9.102900,11264x1x384,64x1x1,1408x6x64x1
ffn_moe_up-7,kernel_mul_mv_id_q4_0_f32_8x_flat,9.131000,11264x1x384,64x1x1,1408x6x64x1
ffn_moe_weighted-7,kernel_swiglu,0.082700,196608x1x1,512x1x1,1408x6x64x1
ffn_moe_down-7,kernel_mul_mv_id_q4_0_f32_8x_flat,9.824900,16384x1x384,64x1x1,2048x6x64x1
node_479,kernel_mul,0.101200,384x64x1,64x1x1,2048x6x64x1
ffn_gate-7,kernel_transpose_32_16,0.010600,512x16x0,1x16x0,2816x64x1x1
ffn_gate-7,kernel_mul_mat_Ab_Bi_8x4,0.380500,8x704x1,1x128x1,2816x64x1x1
ffn_up-7,kernel_transpose_32_16,0.010000,512x16x0,1x16x0,2816x64x1x1
ffn_up-7,kernel_mul_mat_Ab_Bi_8x4,0.382400,8x704x1,1x128x1,2816x64x1x1
ffn_swiglu-7,kernel_swiglu,0.022500,32768x1x1,512x1x1,2816x64x1x1
node_489,kernel_add,0.021900,4096x1x1,64x1x1,2048x64x1x1
node_490,kernel_add,0.019900,4096x1x1,64x1x1,2048x64x1x1
node_491,kernel_add,0.017200,4096x1x1,64x1x1,2048x64x1x1
node_492,kernel_add,0.017300,4096x1x1,64x1x1,2048x64x1x1
ffn_moe_out-7,kernel_add,0.017300,4096x1x1,64x1x1,2048x64x1x1
ffn_shexp-7,kernel_transpose_32_16,0.012600,704x16x0,1x16x0,2048x64x1x1
ffn_shexp-7,kernel_mul_mat_Ab_Bi_8x4,0.523700,8x512x1,1x128x1,2048x64x1x1
ffn_out-7,kernel_add,0.021600,4096x1x1,64x1x1,2048x64x1x1
l_out-7,kernel_add,0.016700,4096x1x1,64x1x1,2048x64x1x1
attn_norm-8,kernel_rms_norm_mul,0.019000,65536x1x1,1024x1x1,2048x64x1x1
q-8,kernel_transpose_32_16,0.006800,512x16x0,1x16x0,3072x64x1x1
q-8,kernel_mul_mat_Ab_Bi_8x4,0.385300,8x768x1,1x128x1,3072x64x1x1
q_pe-8,kernel_rope_norm_f32,0.011900,1024x64x1,64x1x1,64x16x64x1
Qcur-8,kernel_concat_f32_non_contiguous,0.348000,16x64x1,0x0x0,192x16x64x1
kv_cmpr_pe-8,kernel_transpose_32_16,0.010400,512x16x0,1x16x0,576x64x1x1
kv_cmpr_pe-8,kernel_mul_mat_Ab_Bi_8x4,0.315700,8x144x1,1x128x1,576x64x1x1
k_pe-8,kernel_rope_norm_f32,0.003100,64x64x1,64x1x1,64x1x64x1
node_507,kernel_repeat,0.284400,16x64x1,0x0x0,64x16x64x1
kv_cmpr-8,kernel_rms_norm_mul,0.009700,32768x1x1,512x1x1,512x64x1x1
kv-8,kernel_transpose_32_16,0.004100,128x16x0,1x16x0,4096x64x1x1
kv-8,kernel_mul_mat_Ab_Bi_8x4,0.133500,8x1024x1,1x128x1,4096x64x1x1
Kcur-8,kernel_concat_f32_non_contiguous,0.393200,16x64x1,0x0x0,192x16x64x1
Vcur_cont-8,kernel_cpy_f32_f32,0.014300,1024x64x1,64x1x1,128x16x64x1
cache_k_l8 (view),kernel_set_rows_f16_i64,0.015900,65536x1x1,1024x1x1,3072x4096x1x1
cache_v_l8 (view),kernel_set_rows_f16_i64,0.011200,65536x1x1,1024x1x1,2048x4096x1x1
__fattn__-8,flash_attn_f32_f16,4.713500,64x16x0,16x1x0,128x16x64x1
node_528,kernel_transpose_32_16,0.009700,512x16x0,1x16x0,2048x64x1x1
node_528,kernel_mul_mat_Ab_Bi_8x4,0.382100,8x512x1,1x128x1,2048x64x1x1
ffn_inp-8,kernel_add,0.021700,4096x1x1,64x1x1,2048x64x1x1
ffn_norm-8,kernel_rms_norm_mul,0.019400,65536x1x1,1024x1x1,2048x64x1x1
ffn_moe_logits-8,kernel_mul_mm_f32_f32_l4_lm,0.506100,128x1x1,128x1x1,64x64x1x1
ffn_moe_probs-8,kernel_soft_max_4,0.003700,4096x1x1,64x1x1,64x64x1x1
ffn_moe_argsort-8,kernel_argsort_f32_i32,0.015400,64x64x1,64x1x1,64x64x1x1
ffn_moe_weights-8,kernel_get_rows_f32,0.004000,384x64x1,64x1x1,1x6x64x1
ffn_moe_weights_scaled-8,kernel_scale,0.001700,96x1x1,64x1x1,1x6x64x1
ffn_moe_gate-8,kernel_mul_mv_id_q4_0_f32_8x_flat,9.057600,11264x1x384,64x1x1,1408x6x64x1
ffn_moe_up-8,kernel_mul_mv_id_q4_0_f32_8x_flat,9.070700,11264x1x384,64x1x1,1408x6x64x1
ffn_moe_weighted-8,kernel_swiglu,0.081000,196608x1x1,512x1x1,1408x6x64x1
ffn_moe_down-8,kernel_mul_mv_id_q4_0_f32_8x_flat,9.809500,16384x1x384,64x1x1,2048x6x64x1
node_544,kernel_mul,0.099400,384x64x1,64x1x1,2048x6x64x1
ffn_gate-8,kernel_transpose_32_16,0.010500,512x16x0,1x16x0,2816x64x1x1
ffn_gate-8,kernel_mul_mat_Ab_Bi_8x4,0.383000,8x704x1,1x128x1,2816x64x1x1
ffn_up-8,kernel_transpose_32_16,0.010200,512x16x0,1x16x0,2816x64x1x1
ffn_up-8,kernel_mul_mat_Ab_Bi_8x4,0.383000,8x704x1,1x128x1,2816x64x1x1
ffn_swiglu-8,kernel_swiglu,0.023400,32768x1x1,512x1x1,2816x64x1x1
node_554,kernel_add,0.025000,4096x1x1,64x1x1,2048x64x1x1
node_555,kernel_add,0.021300,4096x1x1,64x1x1,2048x64x1x1
node_556,kernel_add,0.017500,4096x1x1,64x1x1,2048x64x1x1
node_557,kernel_add,0.016700,4096x1x1,64x1x1,2048x64x1x1
ffn_moe_out-8,kernel_add,0.018100,4096x1x1,64x1x1,2048x64x1x1
ffn_shexp-8,kernel_transpose_32_16,0.012900,704x16x0,1x16x0,2048x64x1x1
ffn_shexp-8,kernel_mul_mat_Ab_Bi_8x4,0.531300,8x512x1,1x128x1,2048x64x1x1
ffn_out-8,kernel_add,0.020800,4096x1x1,64x1x1,2048x64x1x1
l_out-8,kernel_add,0.018800,4096x1x1,64x1x1,2048x64x1x1
attn_norm-9,kernel_rms_norm_mul,0.019300,65536x1x1,1024x1x1,2048x64x1x1
q-9,kernel_transpose_32_16,0.006600,512x16x0,1x16x0,3072x64x1x1
q-9,kernel_mul_mat_Ab_Bi_8x4,0.387700,8x768x1,1x128x1,3072x64x1x1
q_pe-9,kernel_rope_norm_f32,0.011800,1024x64x1,64x1x1,64x16x64x1
Qcur-9,kernel_concat_f32_non_contiguous,0.351900,16x64x1,0x0x0,192x16x64x1
kv_cmpr_pe-9,kernel_transpose_32_16,0.010700,512x16x0,1x16x0,576x64x1x1
kv_cmpr_pe-9,kernel_mul_mat_Ab_Bi_8x4,0.315000,8x144x1,1x128x1,576x64x1x1
k_pe-9,kernel_rope_norm_f32,0.002800,64x64x1,64x1x1,64x1x64x1
node_572,kernel_repeat,0.286200,16x64x1,0x0x0,64x16x64x1
kv_cmpr-9,kernel_rms_norm_mul,0.010200,32768x1x1,512x1x1,512x64x1x1
kv-9,kernel_transpose_32_16,0.004100,128x16x0,1x16x0,4096x64x1x1
kv-9,kernel_mul_mat_Ab_Bi_8x4,0.133900,8x1024x1,1x128x1,4096x64x1x1
Kcur-9,kernel_concat_f32_non_contiguous,0.382900,16x64x1,0x0x0,192x16x64x1
Vcur_cont-9,kernel_cpy_f32_f32,0.014000,1024x64x1,64x1x1,128x16x64x1
cache_k_l9 (view),kernel_set_rows_f16_i64,0.015600,65536x1x1,1024x1x1,3072x4096x1x1
cache_v_l9 (view),kernel_set_rows_f16_i64,0.011300,65536x1x1,1024x1x1,2048x4096x1x1
__fattn__-9,flash_attn_f32_f16,4.721900,64x16x0,16x1x0,128x16x64x1
node_593,kernel_transpose_32_16,0.009900,512x16x0,1x16x0,2048x64x1x1
node_593,kernel_mul_mat_Ab_Bi_8x4,0.384600,8x512x1,1x128x1,2048x64x1x1
ffn_inp-9,kernel_add,0.021200,4096x1x1,64x1x1,2048x64x1x1
ffn_norm-9,kernel_rms_norm_mul,0.019600,65536x1x1,1024x1x1,2048x64x1x1
ffn_moe_logits-9,kernel_mul_mm_f32_f32_l4_lm,0.501700,128x1x1,128x1x1,64x64x1x1
ffn_moe_probs-9,kernel_soft_max_4,0.003600,4096x1x1,64x1x1,64x64x1x1
ffn_moe_argsort-9,kernel_argsort_f32_i32,0.015000,64x64x1,64x1x1,64x64x1x1
ffn_moe_weights-9,kernel_get_rows_f32,0.004100,384x64x1,64x1x1,1x6x64x1
ffn_moe_weights_scaled-9,kernel_scale,0.001800,96x1x1,64x1x1,1x6x64x1
ffn_moe_gate-9,kernel_mul_mv_id_q4_0_f32_8x_flat,9.087100,11264x1x384,64x1x1,1408x6x64x1
ffn_moe_up-9,kernel_mul_mv_id_q4_0_f32_8x_flat,9.078700,11264x1x384,64x1x1,1408x6x64x1
ffn_moe_weighted-9,kernel_swiglu,0.082000,196608x1x1,512x1x1,1408x6x64x1
ffn_moe_down-9,kernel_mul_mv_id_q4_0_f32_8x_flat,9.814900,16384x1x384,64x1x1,2048x6x64x1
node_609,kernel_mul,0.098700,384x64x1,64x1x1,2048x6x64x1
ffn_gate-9,kernel_transpose_32_16,0.012000,512x16x0,1x16x0,2816x64x1x1
ffn_gate-9,kernel_mul_mat_Ab_Bi_8x4,0.384100,8x704x1,1x128x1,2816x64x1x1
ffn_up-9,kernel_transpose_32_16,0.009700,512x16x0,1x16x0,2816x64x1x1
ffn_up-9,kernel_mul_mat_Ab_Bi_8x4,0.384800,8x704x1,1x128x1,2816x64x1x1
ffn_swiglu-9,kernel_swiglu,0.023600,32768x1x1,512x1x1,2816x64x1x1
node_619,kernel_add,0.024200,4096x1x1,64x1x1,2048x64x1x1
node_620,kernel_add,0.020500,4096x1x1,64x1x1,2048x64x1x1
node_621,kernel_add,0.017200,4096x1x1,64x1x1,2048x64x1x1
node_622,kernel_add,0.016700,4096x1x1,64x1x1,2048x64x1x1
ffn_moe_out-9,kernel_add,0.017600,4096x1x1,64x1x1,2048x64x1x1
ffn_shexp-9,kernel_transpose_32_16,0.012600,704x16x0,1x16x0,2048x64x1x1
ffn_shexp-9,kernel_mul_mat_Ab_Bi_8x4,0.533100,8x512x1,1x128x1,2048x64x1x1
ffn_out-9,kernel_add,0.021800,4096x1x1,64x1x1,2048x64x1x1
l_out-9,kernel_add,0.017400,4096x1x1,64x1x1,2048x64x1x1
attn_norm-10,kernel_rms_norm_mul,0.019000,65536x1x1,1024x1x1,2048x64x1x1
q-10,kernel_transpose_32_16,0.007000,512x16x0,1x16x0,3072x64x1x1
q-10,kernel_mul_mat_Ab_Bi_8x4,0.388900,8x768x1,1x128x1,3072x64x1x1
q_pe-10,kernel_rope_norm_f32,0.012100,1024x64x1,64x1x1,64x16x64x1
Qcur-10,kernel_concat_f32_non_contiguous,0.348700,16x64x1,0x0x0,192x16x64x1
kv_cmpr_pe-10,kernel_transpose_32_16,0.009400,512x16x0,1x16x0,576x64x1x1
kv_cmpr_pe-10,kernel_mul_mat_Ab_Bi_8x4,0.314800,8x144x1,1x128x1,576x64x1x1
k_pe-10,kernel_rope_norm_f32,0.002700,64x64x1,64x1x1,64x1x64x1
node_637,kernel_repeat,0.284700,16x64x1,0x0x0,64x16x64x1
kv_cmpr-10,kernel_rms_norm_mul,0.010100,32768x1x1,512x1x1,512x64x1x1
kv-10,kernel_transpose_32_16,0.004200,128x16x0,1x16x0,4096x64x1x1
kv-10,kernel_mul_mat_Ab_Bi_8x4,0.133600,8x1024x1,1x128x1,4096x64x1x1
Kcur-10,kernel_concat_f32_non_contiguous,0.379900,16x64x1,0x0x0,192x16x64x1
Vcur_cont-10,kernel_cpy_f32_f32,0.010400,1024x64x1,64x1x1,128x16x64x1
cache_k_l10 (view),kernel_set_rows_f16_i64,0.015700,65536x1x1,1024x1x1,3072x4096x1x1
cache_v_l10 (view),kernel_set_rows_f16_i64,0.011600,65536x1x1,1024x1x1,2048x4096x1x1
__fattn__-10,flash_attn_f32_f16,4.705700,64x16x0,16x1x0,128x16x64x1
node_658,kernel_transpose_32_16,0.009200,512x16x0,1x16x0,2048x64x1x1
node_658,kernel_mul_mat_Ab_Bi_8x4,0.381500,8x512x1,1x128x1,2048x64x1x1
ffn_inp-10,kernel_add,0.021200,4096x1x1,64x1x1,2048x64x1x1
ffn_norm-10,kernel_rms_norm_mul,0.019400,65536x1x1,1024x1x1,2048x64x1x1
ffn_moe_logits-10,kernel_mul_mm_f32_f32_l4_lm,0.493300,128x1x1,128x1x1,64x64x1x1
ffn_moe_probs-10,kernel_soft_max_4,0.003900,4096x1x1,64x1x1,64x64x1x1
ffn_moe_argsort-10,kernel_argsort_f32_i32,0.015200,64x64x1,64x1x1,64x64x1x1
ffn_moe_weights-10,kernel_get_rows_f32,0.004400,384x64x1,64x1x1,1x6x64x1
ffn_moe_weights_scaled-10,kernel_scale,0.001800,96x1x1,64x1x1,1x6x64x1
ffn_moe_gate-10,kernel_mul_mv_id_q4_0_f32_8x_flat,9.080500,11264x1x384,64x1x1,1408x6x64x1
ffn_moe_up-10,kernel_mul_mv_id_q4_0_f32_8x_flat,9.101300,11264x1x384,64x1x1,1408x6x64x1
ffn_moe_weighted-10,kernel_swiglu,0.081600,196608x1x1,512x1x1,1408x6x64x1
ffn_moe_down-10,kernel_mul_mv_id_q4_0_f32_8x_flat,9.859300,16384x1x384,64x1x1,2048x6x64x1
node_674,kernel_mul,0.099600,384x64x1,64x1x1,2048x6x64x1
ffn_gate-10,kernel_transpose_32_16,0.012200,512x16x0,1x16x0,2816x64x1x1
ffn_gate-10,kernel_mul_mat_Ab_Bi_8x4,0.381400,8x704x1,1x128x1,2816x64x1x1
ffn_up-10,kernel_transpose_32_16,0.010200,512x16x0,1x16x0,2816x64x1x1
ffn_up-10,kernel_mul_mat_Ab_Bi_8x4,0.384400,8x704x1,1x128x1,2816x64x1x1
ffn_swiglu-10,kernel_swiglu,0.023400,32768x1x1,512x1x1,2816x64x1x1
node_684,kernel_add,0.024500,4096x1x1,64x1x1,2048x64x1x1
node_685,kernel_add,0.017000,4096x1x1,64x1x1,2048x64x1x1
node_686,kernel_add,0.017400,4096x1x1,64x1x1,2048x64x1x1
node_687,kernel_add,0.017900,4096x1x1,64x1x1,2048x64x1x1
ffn_moe_out-10,kernel_add,0.017000,4096x1x1,64x1x1,2048x64x1x1
ffn_shexp-10,kernel_transpose_32_16,0.013500,704x16x0,1x16x0,2048x64x1x1
ffn_shexp-10,kernel_mul_mat_Ab_Bi_8x4,0.528500,8x512x1,1x128x1,2048x64x1x1
ffn_out-10,kernel_add,0.020700,4096x1x1,64x1x1,2048x64x1x1
l_out-10,kernel_add,0.018200,4096x1x1,64x1x1,2048x64x1x1
attn_norm-11,kernel_rms_norm_mul,0.019500,65536x1x1,1024x1x1,2048x64x1x1
q-11,kernel_transpose_32_16,0.009700,512x16x0,1x16x0,3072x64x1x1
q-11,kernel_mul_mat_Ab_Bi_8x4,0.389200,8x768x1,1x128x1,3072x64x1x1
q_pe-11,kernel_rope_norm_f32,0.011500,1024x64x1,64x1x1,64x16x64x1
Qcur-11,kernel_concat_f32_non_contiguous,0.347200,16x64x1,0x0x0,192x16x64x1
kv_cmpr_pe-11,kernel_transpose_32_16,0.010200,512x16x0,1x16x0,576x64x1x1
kv_cmpr_pe-11,kernel_mul_mat_Ab_Bi_8x4,0.316200,8x144x1,1x128x1,576x64x1x1
k_pe-11,kernel_rope_norm_f32,0.002600,64x64x1,64x1x1,64x1x64x1
node_702,kernel_repeat,0.284600,16x64x1,0x0x0,64x16x64x1
kv_cmpr-11,kernel_rms_norm_mul,0.009800,32768x1x1,512x1x1,512x64x1x1
kv-11,kernel_transpose_32_16,0.003800,128x16x0,1x16x0,4096x64x1x1
kv-11,kernel_mul_mat_Ab_Bi_8x4,0.133600,8x1024x1,1x128x1,4096x64x1x1
Kcur-11,kernel_concat_f32_non_contiguous,0.396200,16x64x1,0x0x0,192x16x64x1
Vcur_cont-11,kernel_cpy_f32_f32,0.013500,1024x64x1,64x1x1,128x16x64x1
cache_k_l11 (view),kernel_set_rows_f16_i64,0.016000,65536x1x1,1024x1x1,3072x4096x1x1
cache_v_l11 (view),kernel_set_rows_f16_i64,0.012100,65536x1x1,1024x1x1,2048x4096x1x1
__fattn__-11,flash_attn_f32_f16,4.697400,64x16x0,16x1x0,128x16x64x1
node_723,kernel_transpose_32_16,0.009400,512x16x0,1x16x0,2048x64x1x1
node_723,kernel_mul_mat_Ab_Bi_8x4,0.384400,8x512x1,1x128x1,2048x64x1x1
ffn_inp-11,kernel_add,0.021900,4096x1x1,64x1x1,2048x64x1x1
ffn_norm-11,kernel_rms_norm_mul,0.019200,65536x1x1,1024x1x1,2048x64x1x1
ffn_moe_logits-11,kernel_mul_mm_f32_f32_l4_lm,0.502200,128x1x1,128x1x1,64x64x1x1
ffn_moe_probs-11,kernel_soft_max_4,0.003700,4096x1x1,64x1x1,64x64x1x1
ffn_moe_argsort-11,kernel_argsort_f32_i32,0.015200,64x64x1,64x1x1,64x64x1x1
ffn_moe_weights-11,kernel_get_rows_f32,0.004600,384x64x1,64x1x1,1x6x64x1
ffn_moe_weights_scaled-11,kernel_scale,0.001800,96x1x1,64x1x1,1x6x64x1
ffn_moe_gate-11,kernel_mul_mv_id_q4_0_f32_8x_flat,9.142900,11264x1x384,64x1x1,1408x6x64x1
ffn_moe_up-11,kernel_mul_mv_id_q4_0_f32_8x_flat,9.139300,11264x1x384,64x1x1,1408x6x64x1
ffn_moe_weighted-11,kernel_swiglu,0.081100,196608x1x1,512x1x1,1408x6x64x1
ffn_moe_down-11,kernel_mul_mv_id_q4_0_f32_8x_flat,9.830900,16384x1x384,64x1x1,2048x6x64x1
node_739,kernel_mul,0.099700,384x64x1,64x1x1,2048x6x64x1
ffn_gate-11,kernel_transpose_32_16,0.011600,512x16x0,1x16x0,2816x64x1x1
ffn_gate-11,kernel_mul_mat_Ab_Bi_8x4,0.382400,8x704x1,1x128x1,2816x64x1x1
ffn_up-11,kernel_transpose_32_16,0.010500,512x16x0,1x16x0,2816x64x1x1
ffn_up-11,kernel_mul_mat_Ab_Bi_8x4,0.382900,8x704x1,1x128x1,2816x64x1x1
ffn_swiglu-11,kernel_swiglu,0.022900,32768x1x1,512x1x1,2816x64x1x1
node_749,kernel_add,0.023700,4096x1x1,64x1x1,2048x64x1x1
node_750,kernel_add,0.021000,4096x1x1,64x1x1,2048x64x1x1
node_751,kernel_add,0.017400,4096x1x1,64x1x1,2048x64x1x1
node_752,kernel_add,0.017400,4096x1x1,64x1x1,2048x64x1x1
ffn_moe_out-11,kernel_add,0.017000,4096x1x1,64x1x1,2048x64x1x1
ffn_shexp-11,kernel_transpose_32_16,0.012500,704x16x0,1x16x0,2048x64x1x1
ffn_shexp-11,kernel_mul_mat_Ab_Bi_8x4,0.523300,8x512x1,1x128x1,2048x64x1x1
ffn_out-11,kernel_add,0.021700,4096x1x1,64x1x1,2048x64x1x1
l_out-11,kernel_add,0.018200,4096x1x1,64x1x1,2048x64x1x1
attn_norm-12,kernel_rms_norm_mul,0.019000,65536x1x1,1024x1x1,2048x64x1x1
q-12,kernel_transpose_32_16,0.006800,512x16x0,1x16x0,3072x64x1x1
q-12,kernel_mul_mat_Ab_Bi_8x4,0.386600,8x768x1,1x128x1,3072x64x1x1
q_pe-12,kernel_rope_norm_f32,0.009400,1024x64x1,64x1x1,64x16x64x1
Qcur-12,kernel_concat_f32_non_contiguous,0.345100,16x64x1,0x0x0,192x16x64x1
kv_cmpr_pe-12,kernel_transpose_32_16,0.010300,512x16x0,1x16x0,576x64x1x1
kv_cmpr_pe-12,kernel_mul_mat_Ab_Bi_8x4,0.315000,8x144x1,1x128x1,576x64x1x1
k_pe-12,kernel_rope_norm_f32,0.002700,64x64x1,64x1x1,64x1x64x1
node_767,kernel_repeat,0.286300,16x64x1,0x0x0,64x16x64x1
kv_cmpr-12,kernel_rms_norm_mul,0.009900,32768x1x1,512x1x1,512x64x1x1
kv-12,kernel_transpose_32_16,0.004000,128x16x0,1x16x0,4096x64x1x1
kv-12,kernel_mul_mat_Ab_Bi_8x4,0.133200,8x1024x1,1x128x1,4096x64x1x1
Kcur-12,kernel_concat_f32_non_contiguous,0.387500,16x64x1,0x0x0,192x16x64x1
Vcur_cont-12,kernel_cpy_f32_f32,0.014500,1024x64x1,64x1x1,128x16x64x1
cache_k_l12 (view),kernel_set_rows_f16_i64,0.015400,65536x1x1,1024x1x1,3072x4096x1x1
cache_v_l12 (view),kernel_set_rows_f16_i64,0.011500,65536x1x1,1024x1x1,2048x4096x1x1
__fattn__-12,flash_attn_f32_f16,4.739900,64x16x0,16x1x0,128x16x64x1
node_788,kernel_transpose_32_16,0.009900,512x16x0,1x16x0,2048x64x1x1
node_788,kernel_mul_mat_Ab_Bi_8x4,0.379100,8x512x1,1x128x1,2048x64x1x1
ffn_inp-12,kernel_add,0.016600,4096x1x1,64x1x1,2048x64x1x1
ffn_norm-12,kernel_rms_norm_mul,0.019500,65536x1x1,1024x1x1,2048x64x1x1
ffn_moe_logits-12,kernel_mul_mm_f32_f32_l4_lm,0.505300,128x1x1,128x1x1,64x64x1x1
ffn_moe_probs-12,kernel_soft_max_4,0.003600,4096x1x1,64x1x1,64x64x1x1
ffn_moe_argsort-12,kernel_argsort_f32_i32,0.015100,64x64x1,64x1x1,64x64x1x1
ffn_moe_weights-12,kernel_get_rows_f32,0.004000,384x64x1,64x1x1,1x6x64x1
ffn_moe_weights_scaled-12,kernel_scale,0.001800,96x1x1,64x1x1,1x6x64x1
ffn_moe_gate-12,kernel_mul_mv_id_q4_0_f32_8x_flat,9.094400,11264x1x384,64x1x1,1408x6x64x1
ffn_moe_up-12,kernel_mul_mv_id_q4_0_f32_8x_flat,9.203500,11264x1x384,64x1x1,1408x6x64x1
ffn_moe_weighted-12,kernel_swiglu,0.082300,196608x1x1,512x1x1,1408x6x64x1
ffn_moe_down-12,kernel_mul_mv_id_q4_0_f32_8x_flat,9.850800,16384x1x384,64x1x1,2048x6x64x1
node_804,kernel_mul,0.100800,384x64x1,64x1x1,2048x6x64x1
ffn_gate-12,kernel_transpose_32_16,0.011200,512x16x0,1x16x0,2816x64x1x1
ffn_gate-12,kernel_mul_mat_Ab_Bi_8x4,0.381300,8x704x1,1x128x1,2816x64x1x1
ffn_up-12,kernel_transpose_32_16,0.010500,512x16x0,1x16x0,2816x64x1x1
ffn_up-12,kernel_mul_mat_Ab_Bi_8x4,0.384600,8x704x1,1x128x1,2816x64x1x1
ffn_swiglu-12,kernel_swiglu,0.021100,32768x1x1,512x1x1,2816x64x1x1
node_814,kernel_add,0.024200,4096x1x1,64x1x1,2048x64x1x1
node_815,kernel_add,0.021600,4096x1x1,64x1x1,2048x64x1x1
node_816,kernel_add,0.017500,4096x1x1,64x1x1,2048x64x1x1
node_817,kernel_add,0.017500,4096x1x1,64x1x1,2048x64x1x1
ffn_moe_out-12,kernel_add,0.017400,4096x1x1,64x1x1,2048x64x1x1
ffn_shexp-12,kernel_transpose_32_16,0.012700,704x16x0,1x16x0,2048x64x1x1
ffn_shexp-12,kernel_mul_mat_Ab_Bi_8x4,0.529500,8x512x1,1x128x1,2048x64x1x1
ffn_out-12,kernel_add,0.015800,4096x1x1,64x1x1,2048x64x1x1
l_out-12,kernel_add,0.018200,4096x1x1,64x1x1,2048x64x1x1
attn_norm-13,kernel_rms_norm_mul,0.019300,65536x1x1,1024x1x1,2048x64x1x1
q-13,kernel_transpose_32_16,0.006800,512x16x0,1x16x0,3072x64x1x1
q-13,kernel_mul_mat_Ab_Bi_8x4,0.386800,8x768x1,1x128x1,3072x64x1x1
q_pe-13,kernel_rope_norm_f32,0.012200,1024x64x1,64x1x1,64x16x64x1
Qcur-13,kernel_concat_f32_non_contiguous,0.347400,16x64x1,0x0x0,192x16x64x1
kv_cmpr_pe-13,kernel_transpose_32_16,0.010700,512x16x0,1x16x0,576x64x1x1
kv_cmpr_pe-13,kernel_mul_mat_Ab_Bi_8x4,0.316600,8x144x1,1x128x1,576x64x1x1
k_pe-13,kernel_rope_norm_f32,0.002900,64x64x1,64x1x1,64x1x64x1
node_832,kernel_repeat,0.287500,16x64x1,0x0x0,64x16x64x1
kv_cmpr-13,kernel_rms_norm_mul,0.010000,32768x1x1,512x1x1,512x64x1x1
kv-13,kernel_transpose_32_16,0.004300,128x16x0,1x16x0,4096x64x1x1
kv-13,kernel_mul_mat_Ab_Bi_8x4,0.133800,8x1024x1,1x128x1,4096x64x1x1
Kcur-13,kernel_concat_f32_non_contiguous,0.389300,16x64x1,0x0x0,192x16x64x1
Vcur_cont-13,kernel_cpy_f32_f32,0.013400,1024x64x1,64x1x1,128x16x64x1
cache_k_l13 (view),kernel_set_rows_f16_i64,0.014200,65536x1x1,1024x1x1,3072x4096x1x1
cache_v_l13 (view),kernel_set_rows_f16_i64,0.011600,65536x1x1,1024x1x1,2048x4096x1x1
__fattn__-13,flash_attn_f32_f16,4.710200,64x16x0,16x1x0,128x16x64x1
node_853,kernel_transpose_32_16,0.009800,512x16x0,1x16x0,2048x64x1x1
node_853,kernel_mul_mat_Ab_Bi_8x4,0.376500,8x512x1,1x128x1,2048x64x1x1
ffn_inp-13,kernel_add,0.021800,4096x1x1,64x1x1,2048x64x1x1
ffn_norm-13,kernel_rms_norm_mul,0.019500,65536x1x1,1024x1x1,2048x64x1x1
ffn_moe_logits-13,kernel_mul_mm_f32_f32_l4_lm,0.510600,128x1x1,128x1x1,64x64x1x1
ffn_moe_probs-13,kernel_soft_max_4,0.003900,4096x1x1,64x1x1,64x64x1x1
ffn_moe_argsort-13,kernel_argsort_f32_i32,0.015000,64x64x1,64x1x1,64x64x1x1
ffn_moe_weights-13,kernel_get_rows_f32,0.004100,384x64x1,64x1x1,1x6x64x1
ffn_moe_weights_scaled-13,kernel_scale,0.001700,96x1x1,64x1x1,1x6x64x1
ffn_moe_gate-13,kernel_mul_mv_id_q4_0_f32_8x_flat,9.223200,11264x1x384,64x1x1,1408x6x64x1
ffn_moe_up-13,kernel_mul_mv_id_q4_0_f32_8x_flat,9.168700,11264x1x384,64x1x1,1408x6x64x1
ffn_moe_weighted-13,kernel_swiglu,0.082500,196608x1x1,512x1x1,1408x6x64x1
ffn_moe_down-13,kernel_mul_mv_id_q4_0_f32_8x_flat,9.838900,16384x1x384,64x1x1,2048x6x64x1
node_869,kernel_mul,0.101600,384x64x1,64x1x1,2048x6x64x1
ffn_gate-13,kernel_transpose_32_16,0.011100,512x16x0,1x16x0,2816x64x1x1
ffn_gate-13,kernel_mul_mat_Ab_Bi_8x4,0.380400,8x704x1,1x128x1,2816x64x1x1
ffn_up-13,kernel_transpose_32_16,0.010100,512x16x0,1x16x0,2816x64x1x1
ffn_up-13,kernel_mul_mat_Ab_Bi_8x4,0.382700,8x704x1,1x128x1,2816x64x1x1
ffn_swiglu-13,kernel_swiglu,0.022800,32768x1x1,512x1x1,2816x64x1x1
node_879,kernel_add,0.024300,4096x1x1,64x1x1,2048x64x1x1
node_880,kernel_add,0.020900,4096x1x1,64x1x1,2048x64x1x1
node_881,kernel_add,0.017700,4096x1x1,64x1x1,2048x64x1x1
node_882,kernel_add,0.017700,4096x1x1,64x1x1,2048x64x1x1
ffn_moe_out-13,kernel_add,0.016900,4096x1x1,64x1x1,2048x64x1x1
ffn_shexp-13,kernel_transpose_32_16,0.012700,704x16x0,1x16x0,2048x64x1x1
ffn_shexp-13,kernel_mul_mat_Ab_Bi_8x4,0.525100,8x512x1,1x128x1,2048x64x1x1
ffn_out-13,kernel_add,0.020800,4096x1x1,64x1x1,2048x64x1x1
l_out-13,kernel_add,0.017600,4096x1x1,64x1x1,2048x64x1x1
attn_norm-14,kernel_rms_norm_mul,0.019200,65536x1x1,1024x1x1,2048x64x1x1
q-14,kernel_transpose_32_16,0.009300,512x16x0,1x16x0,3072x64x1x1
q-14,kernel_mul_mat_Ab_Bi_8x4,0.388400,8x768x1,1x128x1,3072x64x1x1
q_pe-14,kernel_rope_norm_f32,0.012000,1024x64x1,64x1x1,64x16x64x1
Qcur-14,kernel_concat_f32_non_contiguous,0.350500,16x64x1,0x0x0,192x16x64x1
kv_cmpr_pe-14,kernel_transpose_32_16,0.010400,512x16x0,1x16x0,576x64x1x1
kv_cmpr_pe-14,kernel_mul_mat_Ab_Bi_8x4,0.315500,8x144x1,1x128x1,576x64x1x1
k_pe-14,kernel_rope_norm_f32,0.002600,64x64x1,64x1x1,64x1x64x1
node_897,kernel_repeat,0.286900,16x64x1,0x0x0,64x16x64x1
kv_cmpr-14,kernel_rms_norm_mul,0.009900,32768x1x1,512x1x1,512x64x1x1
kv-14,kernel_transpose_32_16,0.003900,128x16x0,1x16x0,4096x64x1x1
kv-14,kernel_mul_mat_Ab_Bi_8x4,0.133400,8x1024x1,1x128x1,4096x64x1x1
Kcur-14,kernel_concat_f32_non_contiguous,0.386200,16x64x1,0x0x0,192x16x64x1
Vcur_cont-14,kernel_cpy_f32_f32,0.014400,1024x64x1,64x1x1,128x16x64x1
cache_k_l14 (view),kernel_set_rows_f16_i64,0.015800,65536x1x1,1024x1x1,3072x4096x1x1
cache_v_l14 (view),kernel_set_rows_f16_i64,0.011500,65536x1x1,1024x1x1,2048x4096x1x1
__fattn__-14,flash_attn_f32_f16,4.704600,64x16x0,16x1x0,128x16x64x1
node_918,kernel_transpose_32_16,0.009300,512x16x0,1x16x0,2048x64x1x1
node_918,kernel_mul_mat_Ab_Bi_8x4,0.379700,8x512x1,1x128x1,2048x64x1x1
ffn_inp-14,kernel_add,0.021100,4096x1x1,64x1x1,2048x64x1x1
ffn_norm-14,kernel_rms_norm_mul,0.019300,65536x1x1,1024x1x1,2048x64x1x1
ffn_moe_logits-14,kernel_mul_mm_f32_f32_l4_lm,0.515000,128x1x1,128x1x1,64x64x1x1
ffn_moe_probs-14,kernel_soft_max_4,0.003800,4096x1x1,64x1x1,64x64x1x1
ffn_moe_argsort-14,kernel_argsort_f32_i32,0.015100,64x64x1,64x1x1,64x64x1x1
ffn_moe_weights-14,kernel_get_rows_f32,0.004100,384x64x1,64x1x1,1x6x64x1
ffn_moe_weights_scaled-14,kernel_scale,0.002200,96x1x1,64x1x1,1x6x64x1
ffn_moe_gate-14,kernel_mul_mv_id_q4_0_f32_8x_flat,9.160200,11264x1x384,64x1x1,1408x6x64x1
ffn_moe_up-14,kernel_mul_mv_id_q4_0_f32_8x_flat,9.193300,11264x1x384,64x1x1,1408x6x64x1
ffn_moe_weighted-14,kernel_swiglu,0.081700,196608x1x1,512x1x1,1408x6x64x1
ffn_moe_down-14,kernel_mul_mv_id_q4_0_f32_8x_flat,9.841000,16384x1x384,64x1x1,2048x6x64x1
node_934,kernel_mul,0.100900,384x64x1,64x1x1,2048x6x64x1
ffn_gate-14,kernel_transpose_32_16,0.010400,512x16x0,1x16x0,2816x64x1x1
ffn_gate-14,kernel_mul_mat_Ab_Bi_8x4,0.383400,8x704x1,1x128x1,2816x64x1x1
ffn_up-14,kernel_transpose_32_16,0.009400,512x16x0,1x16x0,2816x64x1x1
ffn_up-14,kernel_mul_mat_Ab_Bi_8x4,0.383400,8x704x1,1x128x1,2816x64x1x1
ffn_swiglu-14,kernel_swiglu,0.024300,32768x1x1,512x1x1,2816x64x1x1
node_944,kernel_add,0.024800,4096x1x1,64x1x1,2048x64x1x1
node_945,kernel_add,0.021600,4096x1x1,64x1x1,2048x64x1x1
node_946,kernel_add,0.017600,4096x1x1,64x1x1,2048x64x1x1
node_947,kernel_add,0.017400,4096x1x1,64x1x1,2048x64x1x1
ffn_moe_out-14,kernel_add,0.018100,4096x1x1,64x1x1,2048x64x1x1
ffn_shexp-14,kernel_transpose_32_16,0.011800,704x16x0,1x16x0,2048x64x1x1
ffn_shexp-14,kernel_mul_mat_Ab_Bi_8x4,0.530000,8x512x1,1x128x1,2048x64x1x1
ffn_out-14,kernel_add,0.020500,4096x1x1,64x1x1,2048x64x1x1
l_out-14,kernel_add,0.017800,4096x1x1,64x1x1,2048x64x1x1
attn_norm-15,kernel_rms_norm_mul,0.019000,65536x1x1,1024x1x1,2048x64x1x1
q-15,kernel_transpose_32_16,0.006800,512x16x0,1x16x0,3072x64x1x1
q-15,kernel_mul_mat_Ab_Bi_8x4,0.389200,8x768x1,1x128x1,3072x64x1x1
q_pe-15,kernel_rope_norm_f32,0.012400,1024x64x1,64x1x1,64x16x64x1
Qcur-15,kernel_concat_f32_non_contiguous,0.344500,16x64x1,0x0x0,192x16x64x1
kv_cmpr_pe-15,kernel_transpose_32_16,0.010400,512x16x0,1x16x0,576x64x1x1
kv_cmpr_pe-15,kernel_mul_mat_Ab_Bi_8x4,0.316800,8x144x1,1x128x1,576x64x1x1
k_pe-15,kernel_rope_norm_f32,0.002900,64x64x1,64x1x1,64x1x64x1
node_962,kernel_repeat,0.286400,16x64x1,0x0x0,64x16x64x1
kv_cmpr-15,kernel_rms_norm_mul,0.009900,32768x1x1,512x1x1,512x64x1x1
kv-15,kernel_transpose_32_16,0.004200,128x16x0,1x16x0,4096x64x1x1
kv-15,kernel_mul_mat_Ab_Bi_8x4,0.134000,8x1024x1,1x128x1,4096x64x1x1
Kcur-15,kernel_concat_f32_non_contiguous,0.391700,16x64x1,0x0x0,192x16x64x1
Vcur_cont-15,kernel_cpy_f32_f32,0.013200,1024x64x1,64x1x1,128x16x64x1
cache_k_l15 (view),kernel_set_rows_f16_i64,0.016000,65536x1x1,1024x1x1,3072x4096x1x1
cache_v_l15 (view),kernel_set_rows_f16_i64,0.011600,65536x1x1,1024x1x1,2048x4096x1x1
__fattn__-15,flash_attn_f32_f16,4.715700,64x16x0,16x1x0,128x16x64x1
node_983,kernel_transpose_32_16,0.009600,512x16x0,1x16x0,2048x64x1x1
node_983,kernel_mul_mat_Ab_Bi_8x4,0.379500,8x512x1,1x128x1,2048x64x1x1
ffn_inp-15,kernel_add,0.021800,4096x1x1,64x1x1,2048x64x1x1
ffn_norm-15,kernel_rms_norm_mul,0.019400,65536x1x1,1024x1x1,2048x64x1x1
ffn_moe_logits-15,kernel_mul_mm_f32_f32_l4_lm,0.506000,128x1x1,128x1x1,64x64x1x1
ffn_moe_probs-15,kernel_soft_max_4,0.003500,4096x1x1,64x1x1,64x64x1x1
ffn_moe_argsort-15,kernel_argsort_f32_i32,0.014900,64x64x1,64x1x1,64x64x1x1
ffn_moe_weights-15,kernel_get_rows_f32,0.004000,384x64x1,64x1x1,1x6x64x1
ffn_moe_weights_scaled-15,kernel_scale,0.001700,96x1x1,64x1x1,1x6x64x1
ffn_moe_gate-15,kernel_mul_mv_id_q4_0_f32_8x_flat,9.237900,11264x1x384,64x1x1,1408x6x64x1
ffn_moe_up-15,kernel_mul_mv_id_q4_0_f32_8x_flat,9.219800,11264x1x384,64x1x1,1408x6x64x1
ffn_moe_weighted-15,kernel_swiglu,0.083500,196608x1x1,512x1x1,1408x6x64x1
ffn_moe_down-15,kernel_mul_mv_id_q4_0_f32_8x_flat,9.879000,16384x1x384,64x1x1,2048x6x64x1
node_999,kernel_mul,0.099600,384x64x1,64x1x1,2048x6x64x1
ffn_gate-15,kernel_transpose_32_16,0.011200,512x16x0,1x16x0,2816x64x1x1
ffn_gate-15,kernel_mul_mat_Ab_Bi_8x4,0.383400,8x704x1,1x128x1,2816x64x1x1
ffn_up-15,kernel_transpose_32_16,0.010200,512x16x0,1x16x0,2816x64x1x1
ffn_up-15,kernel_mul_mat_Ab_Bi_8x4,0.384800,8x704x1,1x128x1,2816x64x1x1
ffn_swiglu-15,kernel_swiglu,0.023400,32768x1x1,512x1x1,2816x64x1x1
node_1009,kernel_add,0.021300,4096x1x1,64x1x1,2048x64x1x1
node_1010,kernel_add,0.020600,4096x1x1,64x1x1,2048x64x1x1
node_1011,kernel_add,0.017700,4096x1x1,64x1x1,2048x64x1x1
node_1012,kernel_add,0.017400,4096x1x1,64x1x1,2048x64x1x1
ffn_moe_out-15,kernel_add,0.017600,4096x1x1,64x1x1,2048x64x1x1
ffn_shexp-15,kernel_transpose_32_16,0.012300,704x16x0,1x16x0,2048x64x1x1
ffn_shexp-15,kernel_mul_mat_Ab_Bi_8x4,0.526000,8x512x1,1x128x1,2048x64x1x1
ffn_out-15,kernel_add,0.022500,4096x1x1,64x1x1,2048x64x1x1
l_out-15,kernel_add,0.017400,4096x1x1,64x1x1,2048x64x1x1
attn_norm-16,kernel_rms_norm_mul,0.019000,65536x1x1,1024x1x1,2048x64x1x1
q-16,kernel_transpose_32_16,0.006700,512x16x0,1x16x0,3072x64x1x1
q-16,kernel_mul_mat_Ab_Bi_8x4,0.391500,8x768x1,1x128x1,3072x64x1x1
q_pe-16,kernel_rope_norm_f32,0.012000,1024x64x1,64x1x1,64x16x64x1
Qcur-16,kernel_concat_f32_non_contiguous,0.345000,16x64x1,0x0x0,192x16x64x1
kv_cmpr_pe-16,kernel_transpose_32_16,0.009900,512x16x0,1x16x0,576x64x1x1
kv_cmpr_pe-16,kernel_mul_mat_Ab_Bi_8x4,0.318800,8x144x1,1x128x1,576x64x1x1
k_pe-16,kernel_rope_norm_f32,0.003100,64x64x1,64x1x1,64x1x64x1
node_1027,kernel_repeat,0.285000,16x64x1,0x0x0,64x16x64x1
kv_cmpr-16,kernel_rms_norm_mul,0.009700,32768x1x1,512x1x1,512x64x1x1
kv-16,kernel_transpose_32_16,0.004000,128x16x0,1x16x0,4096x64x1x1
kv-16,kernel_mul_mat_Ab_Bi_8x4,0.134200,8x1024x1,1x128x1,4096x64x1x1
Kcur-16,kernel_concat_f32_non_contiguous,0.380900,16x64x1,0x0x0,192x16x64x1
Vcur_cont-16,kernel_cpy_f32_f32,0.014300,1024x64x1,64x1x1,128x16x64x1
cache_k_l16 (view),kernel_set_rows_f16_i64,0.015400,65536x1x1,1024x1x1,3072x4096x1x1
cache_v_l16 (view),kernel_set_rows_f16_i64,0.011300,65536x1x1,1024x1x1,2048x4096x1x1
__fattn__-16,flash_attn_f32_f16,4.702200,64x16x0,16x1x0,128x16x64x1
node_1048,kernel_transpose_32_16,0.009800,512x16x0,1x16x0,2048x64x1x1
node_1048,kernel_mul_mat_Ab_Bi_8x4,0.377100,8x512x1,1x128x1,2048x64x1x1
ffn_inp-16,kernel_add,0.020300,4096x1x1,64x1x1,2048x64x1x1
ffn_norm-16,kernel_rms_norm_mul,0.019800,65536x1x1,1024x1x1,2048x64x1x1
ffn_moe_logits-16,kernel_mul_mm_f32_f32_l4_lm,0.507200,128x1x1,128x1x1,64x64x1x1
ffn_moe_probs-16,kernel_soft_max_4,0.003700,4096x1x1,64x1x1,64x64x1x1
ffn_moe_argsort-16,kernel_argsort_f32_i32,0.015500,64x64x1,64x1x1,64x64x1x1
ffn_moe_weights-16,kernel_get_rows_f32,0.004000,384x64x1,64x1x1,1x6x64x1
ffn_moe_weights_scaled-16,kernel_scale,0.001800,96x1x1,64x1x1,1x6x64x1
ffn_moe_gate-16,kernel_mul_mv_id_q4_0_f32_8x_flat,9.147300,11264x1x384,64x1x1,1408x6x64x1
ffn_moe_up-16,kernel_mul_mv_id_q4_0_f32_8x_flat,9.184100,11264x1x384,64x1x1,1408x6x64x1
ffn_moe_weighted-16,kernel_swiglu,0.082400,196608x1x1,512x1x1,1408x6x64x1
ffn_moe_down-16,kernel_mul_mv_id_q4_0_f32_8x_flat,9.897400,16384x1x384,64x1x1,2048x6x64x1
node_1064,kernel_mul,0.098900,384x64x1,64x1x1,2048x6x64x1
ffn_gate-16,kernel_transpose_32_16,0.010300,512x16x0,1x16x0,2816x64x1x1
ffn_gate-16,kernel_mul_mat_Ab_Bi_8x4,0.381100,8x704x1,1x128x1,2816x64x1x1
ffn_up-16,kernel_transpose_32_16,0.010200,512x16x0,1x16x0,2816x64x1x1
ffn_up-16,kernel_mul_mat_Ab_Bi_8x4,0.385600,8x704x1,1x128x1,2816x64x1x1
ffn_swiglu-16,kernel_swiglu,0.023700,32768x1x1,512x1x1,2816x64x1x1
node_1074,kernel_add,0.024600,4096x1x1,64x1x1,2048x64x1x1
node_1075,kernel_add,0.021800,4096x1x1,64x1x1,2048x64x1x1
node_1076,kernel_add,0.017400,4096x1x1,64x1x1,2048x64x1x1
node_1077,kernel_add,0.017300,4096x1x1,64x1x1,2048x64x1x1
ffn_moe_out-16,kernel_add,0.017700,4096x1x1,64x1x1,2048x64x1x1
ffn_shexp-16,kernel_transpose_32_16,0.013400,704x16x0,1x16x0,2048x64x1x1
ffn_shexp-16,kernel_mul_mat_Ab_Bi_8x4,0.530700,8x512x1,1x128x1,2048x64x1x1
ffn_out-16,kernel_add,0.021600,4096x1x1,64x1x1,2048x64x1x1
l_out-16,kernel_add,0.018500,4096x1x1,64x1x1,2048x64x1x1
attn_norm-17,kernel_rms_norm_mul,0.019100,65536x1x1,1024x1x1,2048x64x1x1
q-17,kernel_transpose_32_16,0.006700,512x16x0,1x16x0,3072x64x1x1
q-17,kernel_mul_mat_Ab_Bi_8x4,0.391800,8x768x1,1x128x1,3072x64x1x1
q_pe-17,kernel_rope_norm_f32,0.012500,1024x64x1,64x1x1,64x16x64x1
Qcur-17,kernel_concat_f32_non_contiguous,0.347800,16x64x1,0x0x0,192x16x64x1
kv_cmpr_pe-17,kernel_transpose_32_16,0.010300,512x16x0,1x16x0,576x64x1x1
kv_cmpr_pe-17,kernel_mul_mat_Ab_Bi_8x4,0.316200,8x144x1,1x128x1,576x64x1x1
k_pe-17,kernel_rope_norm_f32,0.002800,64x64x1,64x1x1,64x1x64x1
node_1092,kernel_repeat,0.286100,16x64x1,0x0x0,64x16x64x1
kv_cmpr-17,kernel_rms_norm_mul,0.010100,32768x1x1,512x1x1,512x64x1x1
kv-17,kernel_transpose_32_16,0.004300,128x16x0,1x16x0,4096x64x1x1
kv-17,kernel_mul_mat_Ab_Bi_8x4,0.133400,8x1024x1,1x128x1,4096x64x1x1
Kcur-17,kernel_concat_f32_non_contiguous,0.391100,16x64x1,0x0x0,192x16x64x1
Vcur_cont-17,kernel_cpy_f32_f32,0.013600,1024x64x1,64x1x1,128x16x64x1
cache_k_l17 (view),kernel_set_rows_f16_i64,0.015900,65536x1x1,1024x1x1,3072x4096x1x1
cache_v_l17 (view),kernel_set_rows_f16_i64,0.011500,65536x1x1,1024x1x1,2048x4096x1x1
__fattn__-17,flash_attn_f32_f16,4.706700,64x16x0,16x1x0,128x16x64x1
node_1113,kernel_transpose_32_16,0.009800,512x16x0,1x16x0,2048x64x1x1
node_1113,kernel_mul_mat_Ab_Bi_8x4,0.386400,8x512x1,1x128x1,2048x64x1x1
ffn_inp-17,kernel_add,0.021100,4096x1x1,64x1x1,2048x64x1x1
ffn_norm-17,kernel_rms_norm_mul,0.019700,65536x1x1,1024x1x1,2048x64x1x1
ffn_moe_logits-17,kernel_mul_mm_f32_f32_l4_lm,0.516200,128x1x1,128x1x1,64x64x1x1
ffn_moe_probs-17,kernel_soft_max_4,0.003600,4096x1x1,64x1x1,64x64x1x1
ffn_moe_argsort-17,kernel_argsort_f32_i32,0.015200,64x64x1,64x1x1,64x64x1x1
ffn_moe_weights-17,kernel_get_rows_f32,0.004100,384x64x1,64x1x1,1x6x64x1
ffn_moe_weights_scaled-17,kernel_scale,0.001800,96x1x1,64x1x1,1x6x64x1
ffn_moe_gate-17,kernel_mul_mv_id_q4_0_f32_8x_flat,9.209900,11264x1x384,64x1x1,1408x6x64x1
ffn_moe_up-17,kernel_mul_mv_id_q4_0_f32_8x_flat,9.242100,11264x1x384,64x1x1,1408x6x64x1
ffn_moe_weighted-17,kernel_swiglu,0.082700,196608x1x1,512x1x1,1408x6x64x1
ffn_moe_down-17,kernel_mul_mv_id_q4_0_f32_8x_flat,9.884700,16384x1x384,64x1x1,2048x6x64x1
node_1129,kernel_mul,0.101700,384x64x1,64x1x1,2048x6x64x1
ffn_gate-17,kernel_transpose_32_16,0.011500,512x16x0,1x16x0,2816x64x1x1
ffn_gate-17,kernel_mul_mat_Ab_Bi_8x4,0.383900,8x704x1,1x128x1,2816x64x1x1
ffn_up-17,kernel_transpose_32_16,0.010500,512x16x0,1x16x0,2816x64x1x1
ffn_up-17,kernel_mul_mat_Ab_Bi_8x4,0.385200,8x704x1,1x128x1,2816x64x1x1
ffn_swiglu-17,kernel_swiglu,0.022900,32768x1x1,512x1x1,2816x64x1x1
node_1139,kernel_add,0.025100,4096x1x1,64x1x1,2048x64x1x1
node_1140,kernel_add,0.021000,4096x1x1,64x1x1,2048x64x1x1
node_1141,kernel_add,0.018100,4096x1x1,64x1x1,2048x64x1x1
node_1142,kernel_add,0.017300,4096x1x1,64x1x1,2048x64x1x1
ffn_moe_out-17,kernel_add,0.017100,4096x1x1,64x1x1,2048x64x1x1
ffn_shexp-17,kernel_transpose_32_16,0.012500,704x16x0,1x16x0,2048x64x1x1
ffn_shexp-17,kernel_mul_mat_Ab_Bi_8x4,0.541100,8x512x1,1x128x1,2048x64x1x1
ffn_out-17,kernel_add,0.021400,4096x1x1,64x1x1,2048x64x1x1
l_out-17,kernel_add,0.018000,4096x1x1,64x1x1,2048x64x1x1
attn_norm-18,kernel_rms_norm_mul,0.018900,65536x1x1,1024x1x1,2048x64x1x1
q-18,kernel_transpose_32_16,0.006900,512x16x0,1x16x0,3072x64x1x1
q-18,kernel_mul_mat_Ab_Bi_8x4,0.389100,8x768x1,1x128x1,3072x64x1x1
q_pe-18,kernel_rope_norm_f32,0.012400,1024x64x1,64x1x1,64x16x64x1
Qcur-18,kernel_concat_f32_non_contiguous,0.350400,16x64x1,0x0x0,192x16x64x1
kv_cmpr_pe-18,kernel_transpose_32_16,0.009400,512x16x0,1x16x0,576x64x1x1
kv_cmpr_pe-18,kernel_mul_mat_Ab_Bi_8x4,0.317600,8x144x1,1x128x1,576x64x1x1
k_pe-18,kernel_rope_norm_f32,0.002800,64x64x1,64x1x1,64x1x64x1
node_1157,kernel_repeat,0.284700,16x64x1,0x0x0,64x16x64x1
kv_cmpr-18,kernel_rms_norm_mul,0.009700,32768x1x1,512x1x1,512x64x1x1
kv-18,kernel_transpose_32_16,0.004200,128x16x0,1x16x0,4096x64x1x1
kv-18,kernel_mul_mat_Ab_Bi_8x4,0.135400,8x1024x1,1x128x1,4096x64x1x1
Kcur-18,kernel_concat_f32_non_contiguous,0.392400,16x64x1,0x0x0,192x16x64x1
Vcur_cont-18,kernel_cpy_f32_f32,0.010200,1024x64x1,64x1x1,128x16x64x1
cache_k_l18 (view),kernel_set_rows_f16_i64,0.015500,65536x1x1,1024x1x1,3072x4096x1x1
cache_v_l18 (view),kernel_set_rows_f16_i64,0.012000,65536x1x1,1024x1x1,2048x4096x1x1
__fattn__-18,flash_attn_f32_f16,4.719200,64x16x0,16x1x0,128x16x64x1
node_1178,kernel_transpose_32_16,0.009600,512x16x0,1x16x0,2048x64x1x1
node_1178,kernel_mul_mat_Ab_Bi_8x4,0.382000,8x512x1,1x128x1,2048x64x1x1
ffn_inp-18,kernel_add,0.020200,4096x1x1,64x1x1,2048x64x1x1
ffn_norm-18,kernel_rms_norm_mul,0.019500,65536x1x1,1024x1x1,2048x64x1x1
ffn_moe_logits-18,kernel_mul_mm_f32_f32_l4_lm,0.492700,128x1x1,128x1x1,64x64x1x1
ffn_moe_probs-18,kernel_soft_max_4,0.003600,4096x1x1,64x1x1,64x64x1x1
ffn_moe_argsort-18,kernel_argsort_f32_i32,0.015100,64x64x1,64x1x1,64x64x1x1
ffn_moe_weights-18,kernel_get_rows_f32,0.004400,384x64x1,64x1x1,1x6x64x1
ffn_moe_weights_scaled-18,kernel_scale,0.001800,96x1x1,64x1x1,1x6x64x1
ffn_moe_gate-18,kernel_mul_mv_id_q4_0_f32_8x_flat,9.118200,11264x1x384,64x1x1,1408x6x64x1
ffn_moe_up-18,kernel_mul_mv_id_q4_0_f32_8x_flat,9.186400,11264x1x384,64x1x1,1408x6x64x1
ffn_moe_weighted-18,kernel_swiglu,0.082300,196608x1x1,512x1x1,1408x6x64x1
ffn_moe_down-18,kernel_mul_mv_id_q4_0_f32_8x_flat,9.858000,16384x1x384,64x1x1,2048x6x64x1
node_1194,kernel_mul,0.100400,384x64x1,64x1x1,2048x6x64x1
ffn_gate-18,kernel_transpose_32_16,0.011100,512x16x0,1x16x0,2816x64x1x1
ffn_gate-18,kernel_mul_mat_Ab_Bi_8x4,0.386000,8x704x1,1x128x1,2816x64x1x1
ffn_up-18,kernel_transpose_32_16,0.009700,512x16x0,1x16x0,2816x64x1x1
ffn_up-18,kernel_mul_mat_Ab_Bi_8x4,0.387500,8x704x1,1x128x1,2816x64x1x1
ffn_swiglu-18,kernel_swiglu,0.023100,32768x1x1,512x1x1,2816x64x1x1
node_1204,kernel_add,0.024800,4096x1x1,64x1x1,2048x64x1x1
node_1205,kernel_add,0.016500,4096x1x1,64x1x1,2048x64x1x1
node_1206,kernel_add,0.018000,4096x1x1,64x1x1,2048x64x1x1
node_1207,kernel_add,0.017400,4096x1x1,64x1x1,2048x64x1x1
ffn_moe_out-18,kernel_add,0.017600,4096x1x1,64x1x1,2048x64x1x1
ffn_shexp-18,kernel_transpose_32_16,0.012700,704x16x0,1x16x0,2048x64x1x1
ffn_shexp-18,kernel_mul_mat_Ab_Bi_8x4,0.530200,8x512x1,1x128x1,2048x64x1x1
ffn_out-18,kernel_add,0.020700,4096x1x1,64x1x1,2048x64x1x1
l_out-18,kernel_add,0.018400,4096x1x1,64x1x1,2048x64x1x1
attn_norm-19,kernel_rms_norm_mul,0.019500,65536x1x1,1024x1x1,2048x64x1x1
q-19,kernel_transpose_32_16,0.009700,512x16x0,1x16x0,3072x64x1x1
q-19,kernel_mul_mat_Ab_Bi_8x4,0.386400,8x768x1,1x128x1,3072x64x1x1
q_pe-19,kernel_rope_norm_f32,0.012400,1024x64x1,64x1x1,64x16x64x1
Qcur-19,kernel_concat_f32_non_contiguous,0.346400,16x64x1,0x0x0,192x16x64x1
kv_cmpr_pe-19,kernel_transpose_32_16,0.010000,512x16x0,1x16x0,576x64x1x1
kv_cmpr_pe-19,kernel_mul_mat_Ab_Bi_8x4,0.315800,8x144x1,1x128x1,576x64x1x1
k_pe-19,kernel_rope_norm_f32,0.002800,64x64x1,64x1x1,64x1x64x1
node_1222,kernel_repeat,0.284000,16x64x1,0x0x0,64x16x64x1
kv_cmpr-19,kernel_rms_norm_mul,0.009700,32768x1x1,512x1x1,512x64x1x1
kv-19,kernel_transpose_32_16,0.004000,128x16x0,1x16x0,4096x64x1x1
kv-19,kernel_mul_mat_Ab_Bi_8x4,0.134100,8x1024x1,1x128x1,4096x64x1x1
Kcur-19,kernel_concat_f32_non_contiguous,0.399800,16x64x1,0x0x0,192x16x64x1
Vcur_cont-19,kernel_cpy_f32_f32,0.013600,1024x64x1,64x1x1,128x16x64x1
cache_k_l19 (view),kernel_set_rows_f16_i64,0.016000,65536x1x1,1024x1x1,3072x4096x1x1
cache_v_l19 (view),kernel_set_rows_f16_i64,0.011800,65536x1x1,1024x1x1,2048x4096x1x1
__fattn__-19,flash_attn_f32_f16,4.720400,64x16x0,16x1x0,128x16x64x1
node_1243,kernel_transpose_32_16,0.009500,512x16x0,1x16x0,2048x64x1x1
node_1243,kernel_mul_mat_Ab_Bi_8x4,0.383400,8x512x1,1x128x1,2048x64x1x1
ffn_inp-19,kernel_add,0.021200,4096x1x1,64x1x1,2048x64x1x1
ffn_norm-19,kernel_rms_norm_mul,0.019400,65536x1x1,1024x1x1,2048x64x1x1
ffn_moe_logits-19,kernel_mul_mm_f32_f32_l4_lm,0.511400,128x1x1,128x1x1,64x64x1x1
ffn_moe_probs-19,kernel_soft_max_4,0.003700,4096x1x1,64x1x1,64x64x1x1
ffn_moe_argsort-19,kernel_argsort_f32_i32,0.015200,64x64x1,64x1x1,64x64x1x1
ffn_moe_weights-19,kernel_get_rows_f32,0.004500,384x64x1,64x1x1,1x6x64x1
ffn_moe_weights_scaled-19,kernel_scale,0.001700,96x1x1,64x1x1,1x6x64x1
ffn_moe_gate-19,kernel_mul_mv_id_q4_0_f32_8x_flat,9.225700,11264x1x384,64x1x1,1408x6x64x1
ffn_moe_up-19,kernel_mul_mv_id_q4_0_f32_8x_flat,9.206200,11264x1x384,64x1x1,1408x6x64x1
ffn_moe_weighted-19,kernel_swiglu,0.081600,196608x1x1,512x1x1,1408x6x64x1
ffn_moe_down-19,kernel_mul_mv_id_q4_0_f32_8x_flat,9.864800,16384x1x384,64x1x1,2048x6x64x1
node_1259,kernel_mul,0.099600,384x64x1,64x1x1,2048x6x64x1
ffn_gate-19,kernel_transpose_32_16,0.011400,512x16x0,1x16x0,2816x64x1x1
ffn_gate-19,kernel_mul_mat_Ab_Bi_8x4,0.380600,8x704x1,1x128x1,2816x64x1x1
ffn_up-19,kernel_transpose_32_16,0.010000,512x16x0,1x16x0,2816x64x1x1
ffn_up-19,kernel_mul_mat_Ab_Bi_8x4,0.385300,8x704x1,1x128x1,2816x64x1x1
ffn_swiglu-19,kernel_swiglu,0.024000,32768x1x1,512x1x1,2816x64x1x1
node_1269,kernel_add,0.023900,4096x1x1,64x1x1,2048x64x1x1
node_1270,kernel_add,0.020700,4096x1x1,64x1x1,2048x64x1x1
node_1271,kernel_add,0.017800,4096x1x1,64x1x1,2048x64x1x1
node_1272,kernel_add,0.017100,4096x1x1,64x1x1,2048x64x1x1
ffn_moe_out-19,kernel_add,0.017500,4096x1x1,64x1x1,2048x64x1x1
ffn_shexp-19,kernel_transpose_32_16,0.012300,704x16x0,1x16x0,2048x64x1x1
ffn_shexp-19,kernel_mul_mat_Ab_Bi_8x4,0.522700,8x512x1,1x128x1,2048x64x1x1
ffn_out-19,kernel_add,0.021300,4096x1x1,64x1x1,2048x64x1x1
l_out-19,kernel_add,0.017800,4096x1x1,64x1x1,2048x64x1x1
attn_norm-20,kernel_rms_norm_mul,0.019200,65536x1x1,1024x1x1,2048x64x1x1
q-20,kernel_transpose_32_16,0.006800,512x16x0,1x16x0,3072x64x1x1
q-20,kernel_mul_mat_Ab_Bi_8x4,0.390300,8x768x1,1x128x1,3072x64x1x1
q_pe-20,kernel_rope_norm_f32,0.009400,1024x64x1,64x1x1,64x16x64x1
Qcur-20,kernel_concat_f32_non_contiguous,0.346800,16x64x1,0x0x0,192x16x64x1
kv_cmpr_pe-20,kernel_transpose_32_16,0.010900,512x16x0,1x16x0,576x64x1x1
kv_cmpr_pe-20,kernel_mul_mat_Ab_Bi_8x4,0.316500,8x144x1,1x128x1,576x64x1x1
k_pe-20,kernel_rope_norm_f32,0.002600,64x64x1,64x1x1,64x1x64x1
node_1287,kernel_repeat,0.285600,16x64x1,0x0x0,64x16x64x1
kv_cmpr-20,kernel_rms_norm_mul,0.010000,32768x1x1,512x1x1,512x64x1x1
kv-20,kernel_transpose_32_16,0.004000,128x16x0,1x16x0,4096x64x1x1
kv-20,kernel_mul_mat_Ab_Bi_8x4,0.132900,8x1024x1,1x128x1,4096x64x1x1
Kcur-20,kernel_concat_f32_non_contiguous,0.413600,16x64x1,0x0x0,192x16x64x1
Vcur_cont-20,kernel_cpy_f32_f32,0.014400,1024x64x1,64x1x1,128x16x64x1
cache_k_l20 (view),kernel_set_rows_f16_i64,0.016100,65536x1x1,1024x1x1,3072x4096x1x1
cache_v_l20 (view),kernel_set_rows_f16_i64,0.012000,65536x1x1,1024x1x1,2048x4096x1x1
__fattn__-20,flash_attn_f32_f16,4.722800,64x16x0,16x1x0,128x16x64x1
node_1308,kernel_transpose_32_16,0.009600,512x16x0,1x16x0,2048x64x1x1
node_1308,kernel_mul_mat_Ab_Bi_8x4,0.379000,8x512x1,1x128x1,2048x64x1x1
ffn_inp-20,kernel_add,0.016900,4096x1x1,64x1x1,2048x64x1x1
ffn_norm-20,kernel_rms_norm_mul,0.019600,65536x1x1,1024x1x1,2048x64x1x1
ffn_moe_logits-20,kernel_mul_mm_f32_f32_l4_lm,0.517100,128x1x1,128x1x1,64x64x1x1
ffn_moe_probs-20,kernel_soft_max_4,0.003600,4096x1x1,64x1x1,64x64x1x1
ffn_moe_argsort-20,kernel_argsort_f32_i32,0.015100,64x64x1,64x1x1,64x64x1x1
ffn_moe_weights-20,kernel_get_rows_f32,0.004200,384x64x1,64x1x1,1x6x64x1
ffn_moe_weights_scaled-20,kernel_scale,0.001800,96x1x1,64x1x1,1x6x64x1
ffn_moe_gate-20,kernel_mul_mv_id_q4_0_f32_8x_flat,9.191100,11264x1x384,64x1x1,1408x6x64x1
ffn_moe_up-20,kernel_mul_mv_id_q4_0_f32_8x_flat,9.184800,11264x1x384,64x1x1,1408x6x64x1
ffn_moe_weighted-20,kernel_swiglu,0.082500,196608x1x1,512x1x1,1408x6x64x1
ffn_moe_down-20,kernel_mul_mv_id_q4_0_f32_8x_flat,9.880900,16384x1x384,64x1x1,2048x6x64x1
node_1324,kernel_mul,0.100800,384x64x1,64x1x1,2048x6x64x1
ffn_gate-20,kernel_transpose_32_16,0.011600,512x16x0,1x16x0,2816x64x1x1
ffn_gate-20,kernel_mul_mat_Ab_Bi_8x4,0.381800,8x704x1,1x128x1,2816x64x1x1
ffn_up-20,kernel_transpose_32_16,0.010500,512x16x0,1x16x0,2816x64x1x1
ffn_up-20,kernel_mul_mat_Ab_Bi_8x4,0.387300,8x704x1,1x128x1,2816x64x1x1
ffn_swiglu-20,kernel_swiglu,0.021500,32768x1x1,512x1x1,2816x64x1x1
node_1334,kernel_add,0.022500,4096x1x1,64x1x1,2048x64x1x1
node_1335,kernel_add,0.021000,4096x1x1,64x1x1,2048x64x1x1
node_1336,kernel_add,0.017400,4096x1x1,64x1x1,2048x64x1x1
node_1337,kernel_add,0.017300,4096x1x1,64x1x1,2048x64x1x1
ffn_moe_out-20,kernel_add,0.017500,4096x1x1,64x1x1,2048x64x1x1
ffn_shexp-20,kernel_transpose_32_16,0.013300,704x16x0,1x16x0,2048x64x1x1
ffn_shexp-20,kernel_mul_mat_Ab_Bi_8x4,0.526800,8x512x1,1x128x1,2048x64x1x1
ffn_out-20,kernel_add,0.015700,4096x1x1,64x1x1,2048x64x1x1
l_out-20,kernel_add,0.018400,4096x1x1,64x1x1,2048x64x1x1
attn_norm-21,kernel_rms_norm_mul,0.019300,65536x1x1,1024x1x1,2048x64x1x1
q-21,kernel_transpose_32_16,0.006500,512x16x0,1x16x0,3072x64x1x1
q-21,kernel_mul_mat_Ab_Bi_8x4,0.389400,8x768x1,1x128x1,3072x64x1x1
q_pe-21,kernel_rope_norm_f32,0.011900,1024x64x1,64x1x1,64x16x64x1
Qcur-21,kernel_concat_f32_non_contiguous,0.351400,16x64x1,0x0x0,192x16x64x1
kv_cmpr_pe-21,kernel_transpose_32_16,0.011000,512x16x0,1x16x0,576x64x1x1
kv_cmpr_pe-21,kernel_mul_mat_Ab_Bi_8x4,0.316800,8x144x1,1x128x1,576x64x1x1
k_pe-21,kernel_rope_norm_f32,0.002900,64x64x1,64x1x1,64x1x64x1
node_1352,kernel_repeat,0.284500,16x64x1,0x0x0,64x16x64x1
kv_cmpr-21,kernel_rms_norm_mul,0.009600,32768x1x1,512x1x1,512x64x1x1
kv-21,kernel_transpose_32_16,0.004200,128x16x0,1x16x0,4096x64x1x1
kv-21,kernel_mul_mat_Ab_Bi_8x4,0.134000,8x1024x1,1x128x1,4096x64x1x1
Kcur-21,kernel_concat_f32_non_contiguous,0.394400,16x64x1,0x0x0,192x16x64x1
Vcur_cont-21,kernel_cpy_f32_f32,0.013200,1024x64x1,64x1x1,128x16x64x1
cache_k_l21 (view),kernel_set_rows_f16_i64,0.014200,65536x1x1,1024x1x1,3072x4096x1x1
cache_v_l21 (view),kernel_set_rows_f16_i64,0.011300,65536x1x1,1024x1x1,2048x4096x1x1
__fattn__-21,flash_attn_f32_f16,4.707500,64x16x0,16x1x0,128x16x64x1
node_1373,kernel_transpose_32_16,0.009700,512x16x0,1x16x0,2048x64x1x1
node_1373,kernel_mul_mat_Ab_Bi_8x4,0.372700,8x512x1,1x128x1,2048x64x1x1
ffn_inp-21,kernel_add,0.022200,4096x1x1,64x1x1,2048x64x1x1
ffn_norm-21,kernel_rms_norm_mul,0.019400,65536x1x1,1024x1x1,2048x64x1x1
ffn_moe_logits-21,kernel_mul_mm_f32_f32_l4_lm,0.507700,128x1x1,128x1x1,64x64x1x1
ffn_moe_probs-21,kernel_soft_max_4,0.003900,4096x1x1,64x1x1,64x64x1x1
ffn_moe_argsort-21,kernel_argsort_f32_i32,0.015100,64x64x1,64x1x1,64x64x1x1
ffn_moe_weights-21,kernel_get_rows_f32,0.004000,384x64x1,64x1x1,1x6x64x1
ffn_moe_weights_scaled-21,kernel_scale,0.001700,96x1x1,64x1x1,1x6x64x1
ffn_moe_gate-21,kernel_mul_mv_id_q4_0_f32_8x_flat,9.215300,11264x1x384,64x1x1,1408x6x64x1
ffn_moe_up-21,kernel_mul_mv_id_q4_0_f32_8x_flat,9.198300,11264x1x384,64x1x1,1408x6x64x1
ffn_moe_weighted-21,kernel_swiglu,0.082500,196608x1x1,512x1x1,1408x6x64x1
ffn_moe_down-21,kernel_mul_mv_id_q4_0_f32_8x_flat,9.868500,16384x1x384,64x1x1,2048x6x64x1
node_1389,kernel_mul,0.099800,384x64x1,64x1x1,2048x6x64x1
ffn_gate-21,kernel_transpose_32_16,0.011900,512x16x0,1x16x0,2816x64x1x1
ffn_gate-21,kernel_mul_mat_Ab_Bi_8x4,0.384500,8x704x1,1x128x1,2816x64x1x1
ffn_up-21,kernel_transpose_32_16,0.010100,512x16x0,1x16x0,2816x64x1x1
ffn_up-21,kernel_mul_mat_Ab_Bi_8x4,0.383000,8x704x1,1x128x1,2816x64x1x1
ffn_swiglu-21,kernel_swiglu,0.023200,32768x1x1,512x1x1,2816x64x1x1
node_1399,kernel_add,0.023200,4096x1x1,64x1x1,2048x64x1x1
node_1400,kernel_add,0.021000,4096x1x1,64x1x1,2048x64x1x1
node_1401,kernel_add,0.017500,4096x1x1,64x1x1,2048x64x1x1
node_1402,kernel_add,0.017600,4096x1x1,64x1x1,2048x64x1x1
ffn_moe_out-21,kernel_add,0.017000,4096x1x1,64x1x1,2048x64x1x1
ffn_shexp-21,kernel_transpose_32_16,0.013400,704x16x0,1x16x0,2048x64x1x1
ffn_shexp-21,kernel_mul_mat_Ab_Bi_8x4,0.528200,8x512x1,1x128x1,2048x64x1x1
ffn_out-21,kernel_add,0.021400,4096x1x1,64x1x1,2048x64x1x1
l_out-21,kernel_add,0.018200,4096x1x1,64x1x1,2048x64x1x1
attn_norm-22,kernel_rms_norm_mul,0.019100,65536x1x1,1024x1x1,2048x64x1x1
q-22,kernel_transpose_32_16,0.009300,512x16x0,1x16x0,3072x64x1x1
q-22,kernel_mul_mat_Ab_Bi_8x4,0.390400,8x768x1,1x128x1,3072x64x1x1
q_pe-22,kernel_rope_norm_f32,0.012300,1024x64x1,64x1x1,64x16x64x1
Qcur-22,kernel_concat_f32_non_contiguous,0.346700,16x64x1,0x0x0,192x16x64x1
kv_cmpr_pe-22,kernel_transpose_32_16,0.010700,512x16x0,1x16x0,576x64x1x1
kv_cmpr_pe-22,kernel_mul_mat_Ab_Bi_8x4,0.316900,8x144x1,1x128x1,576x64x1x1
k_pe-22,kernel_rope_norm_f32,0.002700,64x64x1,64x1x1,64x1x64x1
node_1417,kernel_repeat,0.286700,16x64x1,0x0x0,64x16x64x1
kv_cmpr-22,kernel_rms_norm_mul,0.009800,32768x1x1,512x1x1,512x64x1x1
kv-22,kernel_transpose_32_16,0.003900,128x16x0,1x16x0,4096x64x1x1
kv-22,kernel_mul_mat_Ab_Bi_8x4,0.135500,8x1024x1,1x128x1,4096x64x1x1
Kcur-22,kernel_concat_f32_non_contiguous,0.384200,16x64x1,0x0x0,192x16x64x1
Vcur_cont-22,kernel_cpy_f32_f32,0.013900,1024x64x1,64x1x1,128x16x64x1
cache_k_l22 (view),kernel_set_rows_f16_i64,0.015900,65536x1x1,1024x1x1,3072x4096x1x1
cache_v_l22 (view),kernel_set_rows_f16_i64,0.011800,65536x1x1,1024x1x1,2048x4096x1x1
__fattn__-22,flash_attn_f32_f16,4.706500,64x16x0,16x1x0,128x16x64x1
node_1438,kernel_transpose_32_16,0.009300,512x16x0,1x16x0,2048x64x1x1
node_1438,kernel_mul_mat_Ab_Bi_8x4,0.376100,8x512x1,1x128x1,2048x64x1x1
ffn_inp-22,kernel_add,0.020600,4096x1x1,64x1x1,2048x64x1x1
ffn_norm-22,kernel_rms_norm_mul,0.019500,65536x1x1,1024x1x1,2048x64x1x1
ffn_moe_logits-22,kernel_mul_mm_f32_f32_l4_lm,0.506600,128x1x1,128x1x1,64x64x1x1
ffn_moe_probs-22,kernel_soft_max_4,0.003600,4096x1x1,64x1x1,64x64x1x1
ffn_moe_argsort-22,kernel_argsort_f32_i32,0.015400,64x64x1,64x1x1,64x64x1x1
ffn_moe_weights-22,kernel_get_rows_f32,0.004000,384x64x1,64x1x1,1x6x64x1
ffn_moe_weights_scaled-22,kernel_scale,0.002000,96x1x1,64x1x1,1x6x64x1
ffn_moe_gate-22,kernel_mul_mv_id_q4_0_f32_8x_flat,9.164600,11264x1x384,64x1x1,1408x6x64x1
ffn_moe_up-22,kernel_mul_mv_id_q4_0_f32_8x_flat,9.162800,11264x1x384,64x1x1,1408x6x64x1
ffn_moe_weighted-22,kernel_swiglu,0.080900,196608x1x1,512x1x1,1408x6x64x1
ffn_moe_down-22,kernel_mul_mv_id_q4_0_f32_8x_flat,9.852300,16384x1x384,64x1x1,2048x6x64x1
node_1454,kernel_mul,0.101200,384x64x1,64x1x1,2048x6x64x1
ffn_gate-22,kernel_transpose_32_16,0.010600,512x16x0,1x16x0,2816x64x1x1
ffn_gate-22,kernel_mul_mat_Ab_Bi_8x4,0.385400,8x704x1,1x128x1,2816x64x1x1
ffn_up-22,kernel_transpose_32_16,0.009200,512x16x0,1x16x0,2816x64x1x1
ffn_up-22,kernel_mul_mat_Ab_Bi_8x4,0.386700,8x704x1,1x128x1,2816x64x1x1
ffn_swiglu-22,kernel_swiglu,0.023400,32768x1x1,512x1x1,2816x64x1x1
node_1464,kernel_add,0.024100,4096x1x1,64x1x1,2048x64x1x1
node_1465,kernel_add,0.021000,4096x1x1,64x1x1,2048x64x1x1
node_1466,kernel_add,0.017300,4096x1x1,64x1x1,2048x64x1x1
node_1467,kernel_add,0.018100,4096x1x1,64x1x1,2048x64x1x1
ffn_moe_out-22,kernel_add,0.017100,4096x1x1,64x1x1,2048x64x1x1
ffn_shexp-22,kernel_transpose_32_16,0.011500,704x16x0,1x16x0,2048x64x1x1
ffn_shexp-22,kernel_mul_mat_Ab_Bi_8x4,0.524700,8x512x1,1x128x1,2048x64x1x1
ffn_out-22,kernel_add,0.021100,4096x1x1,64x1x1,2048x64x1x1
l_out-22,kernel_add,0.018900,4096x1x1,64x1x1,2048x64x1x1
attn_norm-23,kernel_rms_norm_mul,0.019300,65536x1x1,1024x1x1,2048x64x1x1
q-23,kernel_transpose_32_16,0.007000,512x16x0,1x16x0,3072x64x1x1
q-23,kernel_mul_mat_Ab_Bi_8x4,0.391900,8x768x1,1x128x1,3072x64x1x1
q_pe-23,kernel_rope_norm_f32,0.012300,1024x64x1,64x1x1,64x16x64x1
Qcur-23,kernel_concat_f32_non_contiguous,0.343000,16x64x1,0x0x0,192x16x64x1
kv_cmpr_pe-23,kernel_transpose_32_16,0.010900,512x16x0,1x16x0,576x64x1x1
kv_cmpr_pe-23,kernel_mul_mat_Ab_Bi_8x4,0.318000,8x144x1,1x128x1,576x64x1x1
k_pe-23,kernel_rope_norm_f32,0.002900,64x64x1,64x1x1,64x1x64x1
node_1482,kernel_repeat,0.286000,16x64x1,0x0x0,64x16x64x1
kv_cmpr-23,kernel_rms_norm_mul,0.010400,32768x1x1,512x1x1,512x64x1x1
kv-23,kernel_transpose_32_16,0.004000,128x16x0,1x16x0,4096x64x1x1
kv-23,kernel_mul_mat_Ab_Bi_8x4,0.133600,8x1024x1,1x128x1,4096x64x1x1
Kcur-23,kernel_concat_f32_non_contiguous,0.382300,16x64x1,0x0x0,192x16x64x1
Vcur_cont-23,kernel_cpy_f32_f32,0.014000,1024x64x1,64x1x1,128x16x64x1
cache_k_l23 (view),kernel_set_rows_f16_i64,0.016000,65536x1x1,1024x1x1,3072x4096x1x1
cache_v_l23 (view),kernel_set_rows_f16_i64,0.011600,65536x1x1,1024x1x1,2048x4096x1x1
__fattn__-23,flash_attn_f32_f16,4.727200,64x16x0,16x1x0,128x16x64x1
node_1503,kernel_transpose_32_16,0.009600,512x16x0,1x16x0,2048x64x1x1
node_1503,kernel_mul_mat_Ab_Bi_8x4,0.382300,8x512x1,1x128x1,2048x64x1x1
ffn_inp-23,kernel_add,0.022100,4096x1x1,64x1x1,2048x64x1x1
ffn_norm-23,kernel_rms_norm_mul,0.019500,65536x1x1,1024x1x1,2048x64x1x1
ffn_moe_logits-23,kernel_mul_mm_f32_f32_l4_lm,0.514900,128x1x1,128x1x1,64x64x1x1
ffn_moe_probs-23,kernel_soft_max_4,0.003500,4096x1x1,64x1x1,64x64x1x1
ffn_moe_argsort-23,kernel_argsort_f32_i32,0.015000,64x64x1,64x1x1,64x64x1x1
ffn_moe_weights-23,kernel_get_rows_f32,0.004100,384x64x1,64x1x1,1x6x64x1
ffn_moe_weights_scaled-23,kernel_scale,0.001800,96x1x1,64x1x1,1x6x64x1
ffn_moe_gate-23,kernel_mul_mv_id_q4_0_f32_8x_flat,9.215100,11264x1x384,64x1x1,1408x6x64x1
ffn_moe_up-23,kernel_mul_mv_id_q4_0_f32_8x_flat,9.226800,11264x1x384,64x1x1,1408x6x64x1
ffn_moe_weighted-23,kernel_swiglu,0.082700,196608x1x1,512x1x1,1408x6x64x1
ffn_moe_down-23,kernel_mul_mv_id_q4_0_f32_8x_flat,9.879100,16384x1x384,64x1x1,2048x6x64x1
node_1519,kernel_mul,0.099200,384x64x1,64x1x1,2048x6x64x1
ffn_gate-23,kernel_transpose_32_16,0.012000,512x16x0,1x16x0,2816x64x1x1
ffn_gate-23,kernel_mul_mat_Ab_Bi_8x4,0.385800,8x704x1,1x128x1,2816x64x1x1
ffn_up-23,kernel_transpose_32_16,0.009900,512x16x0,1x16x0,2816x64x1x1
ffn_up-23,kernel_mul_mat_Ab_Bi_8x4,0.383700,8x704x1,1x128x1,2816x64x1x1
ffn_swiglu-23,kernel_swiglu,0.022500,32768x1x1,512x1x1,2816x64x1x1
node_1529,kernel_add,0.020400,4096x1x1,64x1x1,2048x64x1x1
node_1530,kernel_add,0.020400,4096x1x1,64x1x1,2048x64x1x1
node_1531,kernel_add,0.017100,4096x1x1,64x1x1,2048x64x1x1
node_1532,kernel_add,0.017700,4096x1x1,64x1x1,2048x64x1x1
ffn_moe_out-23,kernel_add,0.017100,4096x1x1,64x1x1,2048x64x1x1
ffn_shexp-23,kernel_transpose_32_16,0.012900,704x16x0,1x16x0,2048x64x1x1
ffn_shexp-23,kernel_mul_mat_Ab_Bi_8x4,0.529100,8x512x1,1x128x1,2048x64x1x1
ffn_out-23,kernel_add,0.021900,4096x1x1,64x1x1,2048x64x1x1
l_out-23,kernel_add,0.016700,4096x1x1,64x1x1,2048x64x1x1
attn_norm-24,kernel_rms_norm_mul,0.019300,65536x1x1,1024x1x1,2048x64x1x1
q-24,kernel_transpose_32_16,0.006600,512x16x0,1x16x0,3072x64x1x1
q-24,kernel_mul_mat_Ab_Bi_8x4,0.389000,8x768x1,1x128x1,3072x64x1x1
q_pe-24,kernel_rope_norm_f32,0.012500,1024x64x1,64x1x1,64x16x64x1
Qcur-24,kernel_concat_f32_non_contiguous,0.348600,16x64x1,0x0x0,192x16x64x1
kv_cmpr_pe-24,kernel_transpose_32_16,0.010100,512x16x0,1x16x0,576x64x1x1
kv_cmpr_pe-24,kernel_mul_mat_Ab_Bi_8x4,0.317000,8x144x1,1x128x1,576x64x1x1
k_pe-24,kernel_rope_norm_f32,0.003200,64x64x1,64x1x1,64x1x64x1
node_1547,kernel_repeat,0.285100,16x64x1,0x0x0,64x16x64x1
kv_cmpr-24,kernel_rms_norm_mul,0.009700,32768x1x1,512x1x1,512x64x1x1
kv-24,kernel_transpose_32_16,0.003900,128x16x0,1x16x0,4096x64x1x1
kv-24,kernel_mul_mat_Ab_Bi_8x4,0.133700,8x1024x1,1x128x1,4096x64x1x1
Kcur-24,kernel_concat_f32_non_contiguous,0.381300,16x64x1,0x0x0,192x16x64x1
Vcur_cont-24,kernel_cpy_f32_f32,0.013900,1024x64x1,64x1x1,128x16x64x1
cache_k_l24 (view),kernel_set_rows_f16_i64,0.015300,65536x1x1,1024x1x1,3072x4096x1x1
cache_v_l24 (view),kernel_set_rows_f16_i64,0.011400,65536x1x1,1024x1x1,2048x4096x1x1
__fattn__-24,flash_attn_f32_f16,4.718900,64x16x0,16x1x0,128x16x64x1
node_1568,kernel_transpose_32_16,0.009400,512x16x0,1x16x0,2048x64x1x1
node_1568,kernel_mul_mat_Ab_Bi_8x4,0.376000,8x512x1,1x128x1,2048x64x1x1
ffn_inp-24,kernel_add,0.021500,4096x1x1,64x1x1,2048x64x1x1
ffn_norm-24,kernel_rms_norm_mul,0.019700,65536x1x1,1024x1x1,2048x64x1x1
ffn_moe_logits-24,kernel_mul_mm_f32_f32_l4_lm,0.514400,128x1x1,128x1x1,64x64x1x1
ffn_moe_probs-24,kernel_soft_max_4,0.003600,4096x1x1,64x1x1,64x64x1x1
ffn_moe_argsort-24,kernel_argsort_f32_i32,0.015400,64x64x1,64x1x1,64x64x1x1
ffn_moe_weights-24,kernel_get_rows_f32,0.004400,384x64x1,64x1x1,1x6x64x1
ffn_moe_weights_scaled-24,kernel_scale,0.001800,96x1x1,64x1x1,1x6x64x1
ffn_moe_gate-24,kernel_mul_mv_id_q4_0_f32_8x_flat,9.182400,11264x1x384,64x1x1,1408x6x64x1
ffn_moe_up-24,kernel_mul_mv_id_q4_0_f32_8x_flat,9.209500,11264x1x384,64x1x1,1408x6x64x1
ffn_moe_weighted-24,kernel_swiglu,0.081600,196608x1x1,512x1x1,1408x6x64x1
ffn_moe_down-24,kernel_mul_mv_id_q4_0_f32_8x_flat,9.880800,16384x1x384,64x1x1,2048x6x64x1
node_1584,kernel_mul,0.101100,384x64x1,64x1x1,2048x6x64x1
ffn_gate-24,kernel_transpose_32_16,0.010500,512x16x0,1x16x0,2816x64x1x1
ffn_gate-24,kernel_mul_mat_Ab_Bi_8x4,0.382900,8x704x1,1x128x1,2816x64x1x1
ffn_up-24,kernel_transpose_32_16,0.010100,512x16x0,1x16x0,2816x64x1x1
ffn_up-24,kernel_mul_mat_Ab_Bi_8x4,0.383900,8x704x1,1x128x1,2816x64x1x1
ffn_swiglu-24,kernel_swiglu,0.024300,32768x1x1,512x1x1,2816x64x1x1
node_1594,kernel_add,0.024800,4096x1x1,64x1x1,2048x64x1x1
node_1595,kernel_add,0.020900,4096x1x1,64x1x1,2048x64x1x1
node_1596,kernel_add,0.016900,4096x1x1,64x1x1,2048x64x1x1
node_1597,kernel_add,0.016900,4096x1x1,64x1x1,2048x64x1x1
ffn_moe_out-24,kernel_add,0.017600,4096x1x1,64x1x1,2048x64x1x1
ffn_shexp-24,kernel_transpose_32_16,0.013000,704x16x0,1x16x0,2048x64x1x1
ffn_shexp-24,kernel_mul_mat_Ab_Bi_8x4,0.529400,8x512x1,1x128x1,2048x64x1x1
ffn_out-24,kernel_add,0.020400,4096x1x1,64x1x1,2048x64x1x1
l_out-24,kernel_add,0.018200,4096x1x1,64x1x1,2048x64x1x1
attn_norm-25,kernel_rms_norm_mul,0.019200,65536x1x1,1024x1x1,2048x64x1x1
q-25,kernel_transpose_32_16,0.006600,512x16x0,1x16x0,3072x64x1x1
q-25,kernel_mul_mat_Ab_Bi_8x4,0.390500,8x768x1,1x128x1,3072x64x1x1
q_pe-25,kernel_rope_norm_f32,0.012200,1024x64x1,64x1x1,64x16x64x1
Qcur-25,kernel_concat_f32_non_contiguous,0.351100,16x64x1,0x0x0,192x16x64x1
kv_cmpr_pe-25,kernel_transpose_32_16,0.010100,512x16x0,1x16x0,576x64x1x1
kv_cmpr_pe-25,kernel_mul_mat_Ab_Bi_8x4,0.315800,8x144x1,1x128x1,576x64x1x1
k_pe-25,kernel_rope_norm_f32,0.002700,64x64x1,64x1x1,64x1x64x1
node_1612,kernel_repeat,0.286700,16x64x1,0x0x0,64x16x64x1
kv_cmpr-25,kernel_rms_norm_mul,0.010000,32768x1x1,512x1x1,512x64x1x1
kv-25,kernel_transpose_32_16,0.004300,128x16x0,1x16x0,4096x64x1x1
kv-25,kernel_mul_mat_Ab_Bi_8x4,0.134800,8x1024x1,1x128x1,4096x64x1x1
Kcur-25,kernel_concat_f32_non_contiguous,0.390100,16x64x1,0x0x0,192x16x64x1
Vcur_cont-25,kernel_cpy_f32_f32,0.013500,1024x64x1,64x1x1,128x16x64x1
cache_k_l25 (view),kernel_set_rows_f16_i64,0.015700,65536x1x1,1024x1x1,3072x4096x1x1
cache_v_l25 (view),kernel_set_rows_f16_i64,0.012000,65536x1x1,1024x1x1,2048x4096x1x1
__fattn__-25,flash_attn_f32_f16,4.707800,64x16x0,16x1x0,128x16x64x1
node_1633,kernel_transpose_32_16,0.009600,512x16x0,1x16x0,2048x64x1x1
node_1633,kernel_mul_mat_Ab_Bi_8x4,0.385300,8x512x1,1x128x1,2048x64x1x1
ffn_inp-25,kernel_add,0.021500,4096x1x1,64x1x1,2048x64x1x1
ffn_norm-25,kernel_rms_norm_mul,0.019100,65536x1x1,1024x1x1,2048x64x1x1
ffn_moe_logits-25,kernel_mul_mm_f32_f32_l4_lm,0.508400,128x1x1,128x1x1,64x64x1x1
ffn_moe_probs-25,kernel_soft_max_4,0.003600,4096x1x1,64x1x1,64x64x1x1
ffn_moe_argsort-25,kernel_argsort_f32_i32,0.015200,64x64x1,64x1x1,64x64x1x1
ffn_moe_weights-25,kernel_get_rows_f32,0.004100,384x64x1,64x1x1,1x6x64x1
ffn_moe_weights_scaled-25,kernel_scale,0.001800,96x1x1,64x1x1,1x6x64x1
ffn_moe_gate-25,kernel_mul_mv_id_q4_0_f32_8x_flat,9.270600,11264x1x384,64x1x1,1408x6x64x1
ffn_moe_up-25,kernel_mul_mv_id_q4_0_f32_8x_flat,9.341600,11264x1x384,64x1x1,1408x6x64x1
ffn_moe_weighted-25,kernel_swiglu,0.084200,196608x1x1,512x1x1,1408x6x64x1
ffn_moe_down-25,kernel_mul_mv_id_q4_0_f32_8x_flat,9.880900,16384x1x384,64x1x1,2048x6x64x1
node_1649,kernel_mul,0.101900,384x64x1,64x1x1,2048x6x64x1
ffn_gate-25,kernel_transpose_32_16,0.013400,512x16x0,1x16x0,2816x64x1x1
ffn_gate-25,kernel_mul_mat_Ab_Bi_8x4,0.384100,8x704x1,1x128x1,2816x64x1x1
ffn_up-25,kernel_transpose_32_16,0.010100,512x16x0,1x16x0,2816x64x1x1
ffn_up-25,kernel_mul_mat_Ab_Bi_8x4,0.385500,8x704x1,1x128x1,2816x64x1x1
ffn_swiglu-25,kernel_swiglu,0.023700,32768x1x1,512x1x1,2816x64x1x1
node_1659,kernel_add,0.023700,4096x1x1,64x1x1,2048x64x1x1
node_1660,kernel_add,0.020600,4096x1x1,64x1x1,2048x64x1x1
node_1661,kernel_add,0.017400,4096x1x1,64x1x1,2048x64x1x1
node_1662,kernel_add,0.017600,4096x1x1,64x1x1,2048x64x1x1
ffn_moe_out-25,kernel_add,0.017400,4096x1x1,64x1x1,2048x64x1x1
ffn_shexp-25,kernel_transpose_32_16,0.012600,704x16x0,1x16x0,2048x64x1x1
ffn_shexp-25,kernel_mul_mat_Ab_Bi_8x4,0.525500,8x512x1,1x128x1,2048x64x1x1
ffn_out-25,kernel_add,0.021700,4096x1x1,64x1x1,2048x64x1x1
l_out-25,kernel_add,0.018100,4096x1x1,64x1x1,2048x64x1x1
attn_norm-26,kernel_rms_norm_mul,0.019200,65536x1x1,1024x1x1,2048x64x1x1
q-26,kernel_transpose_32_16,0.006800,512x16x0,1x16x0,3072x64x1x1
q-26,kernel_mul_mat_Ab_Bi_8x4,0.389000,8x768x1,1x128x1,3072x64x1x1
q_pe-26,kernel_rope_norm_f32,0.012000,1024x64x1,64x1x1,64x16x64x1
Qcur-26,kernel_concat_f32_non_contiguous,0.345200,16x64x1,0x0x0,192x16x64x1
kv_cmpr_pe-26,kernel_transpose_32_16,0.009600,512x16x0,1x16x0,576x64x1x1
kv_cmpr_pe-26,kernel_mul_mat_Ab_Bi_8x4,0.315900,8x144x1,1x128x1,576x64x1x1
k_pe-26,kernel_rope_norm_f32,0.002900,64x64x1,64x1x1,64x1x64x1
node_1677,kernel_repeat,0.284700,16x64x1,0x0x0,64x16x64x1
kv_cmpr-26,kernel_rms_norm_mul,0.010000,32768x1x1,512x1x1,512x64x1x1
kv-26,kernel_transpose_32_16,0.004200,128x16x0,1x16x0,4096x64x1x1
kv-26,kernel_mul_mat_Ab_Bi_8x4,0.133400,8x1024x1,1x128x1,4096x64x1x1
Kcur-26,kernel_concat_f32_non_contiguous,0.394200,16x64x1,0x0x0,192x16x64x1
Vcur_cont-26,kernel_cpy_f32_f32,0.010400,1024x64x1,64x1x1,128x16x64x1
cache_k_l26 (view),kernel_set_rows_f16_i64,0.015700,65536x1x1,1024x1x1,3072x4096x1x1
cache_v_l26 (view),kernel_set_rows_f16_i64,0.011600,65536x1x1,1024x1x1,2048x4096x1x1
__fattn__-26,flash_attn_f32_f16,4.703400,64x16x0,16x1x0,128x16x64x1
node_1698,kernel_transpose_32_16,0.009600,512x16x0,1x16x0,2048x64x1x1
node_1698,kernel_mul_mat_Ab_Bi_8x4,0.381300,8x512x1,1x128x1,2048x64x1x1
attn_norm-0,kernel_rms_norm_mul,0.021700,65536x1x1,1024x1x1,2048x64x1x1
q-0,kernel_transpose_32_16,0.010900,512x16x0,1x16x0,3072x64x1x1
q-0,kernel_mul_mat_Ab_Bi_8x4,0.389200,8x768x1,1x128x1,3072x64x1x1
q_pe-0,kernel_rope_norm_f32,0.012500,1024x64x1,64x1x1,64x16x64x1
Qcur-0,kernel_concat_f32_non_contiguous,0.345700,16x64x1,0x0x0,192x16x64x1
kv_cmpr_pe-0,kernel_transpose_32_16,0.010500,512x16x0,1x16x0,576x64x1x1
kv_cmpr_pe-0,kernel_mul_mat_Ab_Bi_8x4,0.315900,8x144x1,1x128x1,576x64x1x1
k_pe-0,kernel_rope_norm_f32,0.002600,64x64x1,64x1x1,64x1x64x1
node_11,kernel_repeat,0.284500,16x64x1,0x0x0,64x16x64x1
kv_cmpr-0,kernel_rms_norm_mul,0.009700,32768x1x1,512x1x1,512x64x1x1
kv-0,kernel_transpose_32_16,0.004200,128x16x0,1x16x0,4096x64x1x1
kv-0,kernel_mul_mat_Ab_Bi_8x4,0.134400,8x1024x1,1x128x1,4096x64x1x1
Kcur-0,kernel_concat_f32_non_contiguous,0.390000,16x64x1,0x0x0,192x16x64x1
Vcur_cont-0,kernel_cpy_f32_f32,0.014300,1024x64x1,64x1x1,128x16x64x1
cache_k_l0 (view),kernel_set_rows_f16_i64,0.016000,65536x1x1,1024x1x1,3072x4096x1x1
cache_v_l0 (view),kernel_set_rows_f16_i64,0.011200,65536x1x1,1024x1x1,2048x4096x1x1
 (copy),kernel_cpy_f32_f16,0.003800,4096x1x1,64x1x1,256x64x1x1
__fattn__-0,flash_attn_f32_f16,4.719300,64x16x0,16x1x0,128x16x64x1
node_33,kernel_transpose_32_16,0.009500,512x16x0,1x16x0,2048x64x1x1
node_33,kernel_mul_mat_Ab_Bi_8x4,0.380900,8x512x1,1x128x1,2048x64x1x1
ffn_inp-0,kernel_add,0.021800,4096x1x1,64x1x1,2048x64x1x1
ffn_norm-0,kernel_rms_norm_mul,0.019600,65536x1x1,1024x1x1,2048x64x1x1
ffn_gate-0,kernel_transpose_32_16,0.009900,512x16x0,1x16x0,10944x64x1x1
ffn_gate-0,kernel_mul_mat_Ab_Bi_8x4,1.161300,8x2736x1,1x128x1,10944x64x1x1
ffn_up-0,kernel_transpose_32_16,0.010600,512x16x0,1x16x0,10944x64x1x1
ffn_up-0,kernel_mul_mat_Ab_Bi_8x4,1.160500,8x2736x1,1x128x1,10944x64x1x1
ffn_swiglu-0,kernel_swiglu,0.112600,32768x1x1,512x1x1,10944x64x1x1
ffn_out-0,kernel_transpose_32_16,0.041800,2736x16x0,1x16x0,2048x64x1x1
ffn_out-0,kernel_mul_mat_Ab_Bi_8x4,1.910400,8x512x1,1x128x1,2048x64x1x1
l_out-0,kernel_add,0.022100,4096x1x1,64x1x1,2048x64x1x1
attn_norm-1,kernel_rms_norm_mul,0.019300,65536x1x1,1024x1x1,2048x64x1x1
q-1,kernel_transpose_32_16,0.007100,512x16x0,1x16x0,3072x64x1x1
q-1,kernel_mul_mat_Ab_Bi_8x4,0.388800,8x768x1,1x128x1,3072x64x1x1
q_pe-1,kernel_rope_norm_f32,0.012100,1024x64x1,64x1x1,64x16x64x1
Qcur-1,kernel_concat_f32_non_contiguous,0.346000,16x64x1,0x0x0,192x16x64x1
kv_cmpr_pe-1,kernel_transpose_32_16,0.009900,512x16x0,1x16x0,576x64x1x1
kv_cmpr_pe-1,kernel_mul_mat_Ab_Bi_8x4,0.317600,8x144x1,1x128x1,576x64x1x1
k_pe-1,kernel_rope_norm_f32,0.002700,64x64x1,64x1x1,64x1x64x1
node_52,kernel_repeat,0.284800,16x64x1,0x0x0,64x16x64x1
kv_cmpr-1,kernel_rms_norm_mul,0.009600,32768x1x1,512x1x1,512x64x1x1
kv-1,kernel_transpose_32_16,0.004400,128x16x0,1x16x0,4096x64x1x1
kv-1,kernel_mul_mat_Ab_Bi_8x4,0.134800,8x1024x1,1x128x1,4096x64x1x1
Kcur-1,kernel_concat_f32_non_contiguous,0.388400,16x64x1,0x0x0,192x16x64x1
Vcur_cont-1,kernel_cpy_f32_f32,0.014000,1024x64x1,64x1x1,128x16x64x1
cache_k_l1 (view),kernel_set_rows_f16_i64,0.016900,65536x1x1,1024x1x1,3072x4096x1x1
cache_v_l1 (view),kernel_set_rows_f16_i64,0.012400,65536x1x1,1024x1x1,2048x4096x1x1
__fattn__-1,flash_attn_f32_f16,6.126700,64x16x0,16x1x0,128x16x64x1
node_73,kernel_transpose_32_16,0.009500,512x16x0,1x16x0,2048x64x1x1
node_73,kernel_mul_mat_Ab_Bi_8x4,0.386300,8x512x1,1x128x1,2048x64x1x1
ffn_inp-1,kernel_add,0.020600,4096x1x1,64x1x1,2048x64x1x1
ffn_norm-1,kernel_rms_norm_mul,0.019500,65536x1x1,1024x1x1,2048x64x1x1
ffn_moe_logits-1,kernel_mul_mm_f32_f32_l4_lm,0.504400,128x1x1,128x1x1,64x64x1x1
ffn_moe_probs-1,kernel_soft_max_4,0.003700,4096x1x1,64x1x1,64x64x1x1
ffn_moe_argsort-1,kernel_argsort_f32_i32,0.015000,64x64x1,64x1x1,64x64x1x1
ffn_moe_weights-1,kernel_get_rows_f32,0.004200,384x64x1,64x1x1,1x6x64x1
ffn_moe_weights_scaled-1,kernel_scale,0.001800,96x1x1,64x1x1,1x6x64x1
ffn_moe_gate-1,kernel_mul_mv_id_q4_0_f32_8x_flat,9.245100,11264x1x384,64x1x1,1408x6x64x1
ffn_moe_up-1,kernel_mul_mv_id_q4_0_f32_8x_flat,9.153800,11264x1x384,64x1x1,1408x6x64x1
ffn_moe_weighted-1,kernel_swiglu,0.082400,196608x1x1,512x1x1,1408x6x64x1
ffn_moe_down-1,kernel_mul_mv_id_q4_0_f32_8x_flat,9.937900,16384x1x384,64x1x1,2048x6x64x1
node_89,kernel_mul,0.100100,384x64x1,64x1x1,2048x6x64x1
ffn_gate-1,kernel_transpose_32_16,0.010600,512x16x0,1x16x0,2816x64x1x1
ffn_gate-1,kernel_mul_mat_Ab_Bi_8x4,0.380700,8x704x1,1x128x1,2816x64x1x1
ffn_up-1,kernel_transpose_32_16,0.010600,512x16x0,1x16x0,2816x64x1x1
ffn_up-1,kernel_mul_mat_Ab_Bi_8x4,0.386500,8x704x1,1x128x1,2816x64x1x1
ffn_swiglu-1,kernel_swiglu,0.023300,32768x1x1,512x1x1,2816x64x1x1
node_99,kernel_add,0.024600,4096x1x1,64x1x1,2048x64x1x1
node_100,kernel_add,0.021300,4096x1x1,64x1x1,2048x64x1x1
node_101,kernel_add,0.017500,4096x1x1,64x1x1,2048x64x1x1
node_102,kernel_add,0.017400,4096x1x1,64x1x1,2048x64x1x1
ffn_moe_out-1,kernel_add,0.017700,4096x1x1,64x1x1,2048x64x1x1
ffn_shexp-1,kernel_transpose_32_16,0.013100,704x16x0,1x16x0,2048x64x1x1
ffn_shexp-1,kernel_mul_mat_Ab_Bi_8x4,0.540800,8x512x1,1x128x1,2048x64x1x1
ffn_out-1,kernel_add,0.022100,4096x1x1,64x1x1,2048x64x1x1
l_out-1,kernel_add,0.017800,4096x1x1,64x1x1,2048x64x1x1
attn_norm-2,kernel_rms_norm_mul,0.019000,65536x1x1,1024x1x1,2048x64x1x1
q-2,kernel_transpose_32_16,0.006800,512x16x0,1x16x0,3072x64x1x1
q-2,kernel_mul_mat_Ab_Bi_8x4,0.387700,8x768x1,1x128x1,3072x64x1x1
q_pe-2,kernel_rope_norm_f32,0.011800,1024x64x1,64x1x1,64x16x64x1
Qcur-2,kernel_concat_f32_non_contiguous,0.350300,16x64x1,0x0x0,192x16x64x1
kv_cmpr_pe-2,kernel_transpose_32_16,0.009200,512x16x0,1x16x0,576x64x1x1
kv_cmpr_pe-2,kernel_mul_mat_Ab_Bi_8x4,0.314200,8x144x1,1x128x1,576x64x1x1
k_pe-2,kernel_rope_norm_f32,0.002800,64x64x1,64x1x1,64x1x64x1
node_117,kernel_repeat,0.286700,16x64x1,0x0x0,64x16x64x1
kv_cmpr-2,kernel_rms_norm_mul,0.010000,32768x1x1,512x1x1,512x64x1x1
kv-2,kernel_transpose_32_16,0.004200,128x16x0,1x16x0,4096x64x1x1
kv-2,kernel_mul_mat_Ab_Bi_8x4,0.134900,8x1024x1,1x128x1,4096x64x1x1
Kcur-2,kernel_concat_f32_non_contiguous,0.391500,16x64x1,0x0x0,192x16x64x1
Vcur_cont-2,kernel_cpy_f32_f32,0.010600,1024x64x1,64x1x1,128x16x64x1
cache_k_l2 (view),kernel_set_rows_f16_i64,0.015500,65536x1x1,1024x1x1,3072x4096x1x1
cache_v_l2 (view),kernel_set_rows_f16_i64,0.011700,65536x1x1,1024x1x1,2048x4096x1x1
__fattn__-2,flash_attn_f32_f16,4.711100,64x16x0,16x1x0,128x16x64x1
node_138,kernel_transpose_32_16,0.009600,512x16x0,1x16x0,2048x64x1x1
node_138,kernel_mul_mat_Ab_Bi_8x4,0.385000,8x512x1,1x128x1,2048x64x1x1
ffn_inp-2,kernel_add,0.021100,4096x1x1,64x1x1,2048x64x1x1
ffn_norm-2,kernel_rms_norm_mul,0.019100,65536x1x1,1024x1x1,2048x64x1x1
ffn_moe_logits-2,kernel_mul_mm_f32_f32_l4_lm,0.494100,128x1x1,128x1x1,64x64x1x1
ffn_moe_probs-2,kernel_soft_max_4,0.003600,4096x1x1,64x1x1,64x64x1x1
ffn_moe_argsort-2,kernel_argsort_f32_i32,0.014900,64x64x1,64x1x1,64x64x1x1
ffn_moe_weights-2,kernel_get_rows_f32,0.004100,384x64x1,64x1x1,1x6x64x1
ffn_moe_weights_scaled-2,kernel_scale,0.001800,96x1x1,64x1x1,1x6x64x1
ffn_moe_gate-2,kernel_mul_mv_id_q4_0_f32_8x_flat,9.151500,11264x1x384,64x1x1,1408x6x64x1
ffn_moe_up-2,kernel_mul_mv_id_q4_0_f32_8x_flat,9.166200,11264x1x384,64x1x1,1408x6x64x1
ffn_moe_weighted-2,kernel_swiglu,0.082500,196608x1x1,512x1x1,1408x6x64x1
ffn_moe_down-2,kernel_mul_mv_id_q4_0_f32_8x_flat,9.855400,16384x1x384,64x1x1,2048x6x64x1
node_154,kernel_mul,0.098900,384x64x1,64x1x1,2048x6x64x1
ffn_gate-2,kernel_transpose_32_16,0.011200,512x16x0,1x16x0,2816x64x1x1
ffn_gate-2,kernel_mul_mat_Ab_Bi_8x4,0.381900,8x704x1,1x128x1,2816x64x1x1
ffn_up-2,kernel_transpose_32_16,0.010500,512x16x0,1x16x0,2816x64x1x1
ffn_up-2,kernel_mul_mat_Ab_Bi_8x4,0.387000,8x704x1,1x128x1,2816x64x1x1
ffn_swiglu-2,kernel_swiglu,0.023100,32768x1x1,512x1x1,2816x64x1x1
node_164,kernel_add,0.025000,4096x1x1,64x1x1,2048x64x1x1
node_165,kernel_add,0.016800,4096x1x1,64x1x1,2048x64x1x1
node_166,kernel_add,0.018000,4096x1x1,64x1x1,2048x64x1x1
node_167,kernel_add,0.017600,4096x1x1,64x1x1,2048x64x1x1
ffn_moe_out-2,kernel_add,0.017000,4096x1x1,64x1x1,2048x64x1x1
ffn_shexp-2,kernel_transpose_32_16,0.013400,704x16x0,1x16x0,2048x64x1x1
ffn_shexp-2,kernel_mul_mat_Ab_Bi_8x4,0.525200,8x512x1,1x128x1,2048x64x1x1
ffn_out-2,kernel_add,0.020700,4096x1x1,64x1x1,2048x64x1x1
l_out-2,kernel_add,0.019100,4096x1x1,64x1x1,2048x64x1x1
attn_norm-3,kernel_rms_norm_mul,0.019500,65536x1x1,1024x1x1,2048x64x1x1
q-3,kernel_transpose_32_16,0.009900,512x16x0,1x16x0,3072x64x1x1
q-3,kernel_mul_mat_Ab_Bi_8x4,0.387200,8x768x1,1x128x1,3072x64x1x1
q_pe-3,kernel_rope_norm_f32,0.012200,1024x64x1,64x1x1,64x16x64x1
Qcur-3,kernel_concat_f32_non_contiguous,0.350400,16x64x1,0x0x0,192x16x64x1
kv_cmpr_pe-3,kernel_transpose_32_16,0.010500,512x16x0,1x16x0,576x64x1x1
kv_cmpr_pe-3,kernel_mul_mat_Ab_Bi_8x4,0.315400,8x144x1,1x128x1,576x64x1x1
k_pe-3,kernel_rope_norm_f32,0.002700,64x64x1,64x1x1,64x1x64x1
node_182,kernel_repeat,0.285000,16x64x1,0x0x0,64x16x64x1
kv_cmpr-3,kernel_rms_norm_mul,0.009800,32768x1x1,512x1x1,512x64x1x1
kv-3,kernel_transpose_32_16,0.004000,128x16x0,1x16x0,4096x64x1x1
kv-3,kernel_mul_mat_Ab_Bi_8x4,0.134500,8x1024x1,1x128x1,4096x64x1x1
Kcur-3,kernel_concat_f32_non_contiguous,0.389000,16x64x1,0x0x0,192x16x64x1
Vcur_cont-3,kernel_cpy_f32_f32,0.013400,1024x64x1,64x1x1,128x16x64x1
cache_k_l3 (view),kernel_set_rows_f16_i64,0.016300,65536x1x1,1024x1x1,3072x4096x1x1
cache_v_l3 (view),kernel_set_rows_f16_i64,0.011200,65536x1x1,1024x1x1,2048x4096x1x1
__fattn__-3,flash_attn_f32_f16,4.705100,64x16x0,16x1x0,128x16x64x1
node_203,kernel_transpose_32_16,0.009300,512x16x0,1x16x0,2048x64x1x1
node_203,kernel_mul_mat_Ab_Bi_8x4,0.383600,8x512x1,1x128x1,2048x64x1x1
ffn_inp-3,kernel_add,0.020800,4096x1x1,64x1x1,2048x64x1x1
ffn_norm-3,kernel_rms_norm_mul,0.019700,65536x1x1,1024x1x1,2048x64x1x1
ffn_moe_logits-3,kernel_mul_mm_f32_f32_l4_lm,0.505900,128x1x1,128x1x1,64x64x1x1
ffn_moe_probs-3,kernel_soft_max_4,0.003700,4096x1x1,64x1x1,64x64x1x1
ffn_moe_argsort-3,kernel_argsort_f32_i32,0.015200,64x64x1,64x1x1,64x64x1x1
ffn_moe_weights-3,kernel_get_rows_f32,0.004500,384x64x1,64x1x1,1x6x64x1
ffn_moe_weights_scaled-3,kernel_scale,0.001700,96x1x1,64x1x1,1x6x64x1
ffn_moe_gate-3,kernel_mul_mv_id_q4_0_f32_8x_flat,9.149400,11264x1x384,64x1x1,1408x6x64x1
ffn_moe_up-3,kernel_mul_mv_id_q4_0_f32_8x_flat,9.136700,11264x1x384,64x1x1,1408x6x64x1
ffn_moe_weighted-3,kernel_swiglu,0.081600,196608x1x1,512x1x1,1408x6x64x1
ffn_moe_down-3,kernel_mul_mv_id_q4_0_f32_8x_flat,9.867200,16384x1x384,64x1x1,2048x6x64x1
node_219,kernel_mul,0.100100,384x64x1,64x1x1,2048x6x64x1
ffn_gate-3,kernel_transpose_32_16,0.011100,512x16x0,1x16x0,2816x64x1x1
ffn_gate-3,kernel_mul_mat_Ab_Bi_8x4,0.385700,8x704x1,1x128x1,2816x64x1x1
ffn_up-3,kernel_transpose_32_16,0.010100,512x16x0,1x16x0,2816x64x1x1
ffn_up-3,kernel_mul_mat_Ab_Bi_8x4,0.386000,8x704x1,1x128x1,2816x64x1x1
ffn_swiglu-3,kernel_swiglu,0.023800,32768x1x1,512x1x1,2816x64x1x1
node_229,kernel_add,0.025100,4096x1x1,64x1x1,2048x64x1x1
node_230,kernel_add,0.021000,4096x1x1,64x1x1,2048x64x1x1
node_231,kernel_add,0.017900,4096x1x1,64x1x1,2048x64x1x1
node_232,kernel_add,0.018100,4096x1x1,64x1x1,2048x64x1x1
ffn_moe_out-3,kernel_add,0.017700,4096x1x1,64x1x1,2048x64x1x1
ffn_shexp-3,kernel_transpose_32_16,0.012700,704x16x0,1x16x0,2048x64x1x1
ffn_shexp-3,kernel_mul_mat_Ab_Bi_8x4,0.524200,8x512x1,1x128x1,2048x64x1x1
ffn_out-3,kernel_add,0.021600,4096x1x1,64x1x1,2048x64x1x1
l_out-3,kernel_add,0.018200,4096x1x1,64x1x1,2048x64x1x1
attn_norm-4,kernel_rms_norm_mul,0.019000,65536x1x1,1024x1x1,2048x64x1x1
q-4,kernel_transpose_32_16,0.006600,512x16x0,1x16x0,3072x64x1x1
q-4,kernel_mul_mat_Ab_Bi_8x4,0.387000,8x768x1,1x128x1,3072x64x1x1
q_pe-4,kernel_rope_norm_f32,0.009400,1024x64x1,64x1x1,64x16x64x1
Qcur-4,kernel_concat_f32_non_contiguous,0.343400,16x64x1,0x0x0,192x16x64x1
kv_cmpr_pe-4,kernel_transpose_32_16,0.010300,512x16x0,1x16x0,576x64x1x1
kv_cmpr_pe-4,kernel_mul_mat_Ab_Bi_8x4,0.315100,8x144x1,1x128x1,576x64x1x1
k_pe-4,kernel_rope_norm_f32,0.002800,64x64x1,64x1x1,64x1x64x1
node_247,kernel_repeat,0.284600,16x64x1,0x0x0,64x16x64x1
kv_cmpr-4,kernel_rms_norm_mul,0.009900,32768x1x1,512x1x1,512x64x1x1
kv-4,kernel_transpose_32_16,0.004000,128x16x0,1x16x0,4096x64x1x1
kv-4,kernel_mul_mat_Ab_Bi_8x4,0.133500,8x1024x1,1x128x1,4096x64x1x1
Kcur-4,kernel_concat_f32_non_contiguous,0.380500,16x64x1,0x0x0,192x16x64x1
Vcur_cont-4,kernel_cpy_f32_f32,0.014300,1024x64x1,64x1x1,128x16x64x1
cache_k_l4 (view),kernel_set_rows_f16_i64,0.015800,65536x1x1,1024x1x1,3072x4096x1x1
cache_v_l4 (view),kernel_set_rows_f16_i64,0.011600,65536x1x1,1024x1x1,2048x4096x1x1
__fattn__-4,flash_attn_f32_f16,4.718400,64x16x0,16x1x0,128x16x64x1
node_268,kernel_transpose_32_16,0.009500,512x16x0,1x16x0,2048x64x1x1
node_268,kernel_mul_mat_Ab_Bi_8x4,0.380200,8x512x1,1x128x1,2048x64x1x1
ffn_inp-4,kernel_add,0.017000,4096x1x1,64x1x1,2048x64x1x1
ffn_norm-4,kernel_rms_norm_mul,0.019600,65536x1x1,1024x1x1,2048x64x1x1
ffn_moe_logits-4,kernel_mul_mm_f32_f32_l4_lm,0.503500,128x1x1,128x1x1,64x64x1x1
ffn_moe_probs-4,kernel_soft_max_4,0.003600,4096x1x1,64x1x1,64x64x1x1
ffn_moe_argsort-4,kernel_argsort_f32_i32,0.015100,64x64x1,64x1x1,64x64x1x1
ffn_moe_weights-4,kernel_get_rows_f32,0.004100,384x64x1,64x1x1,1x6x64x1
ffn_moe_weights_scaled-4,kernel_scale,0.001900,96x1x1,64x1x1,1x6x64x1
ffn_moe_gate-4,kernel_mul_mv_id_q4_0_f32_8x_flat,9.182500,11264x1x384,64x1x1,1408x6x64x1
ffn_moe_up-4,kernel_mul_mv_id_q4_0_f32_8x_flat,9.160800,11264x1x384,64x1x1,1408x6x64x1
ffn_moe_weighted-4,kernel_swiglu,0.082400,196608x1x1,512x1x1,1408x6x64x1
ffn_moe_down-4,kernel_mul_mv_id_q4_0_f32_8x_flat,9.847700,16384x1x384,64x1x1,2048x6x64x1
node_284,kernel_mul,0.101000,384x64x1,64x1x1,2048x6x64x1
ffn_gate-4,kernel_transpose_32_16,0.010700,512x16x0,1x16x0,2816x64x1x1
ffn_gate-4,kernel_mul_mat_Ab_Bi_8x4,0.383400,8x704x1,1x128x1,2816x64x1x1
ffn_up-4,kernel_transpose_32_16,0.010100,512x16x0,1x16x0,2816x64x1x1
ffn_up-4,kernel_mul_mat_Ab_Bi_8x4,0.389400,8x704x1,1x128x1,2816x64x1x1
ffn_swiglu-4,kernel_swiglu,0.021400,32768x1x1,512x1x1,2816x64x1x1
node_294,kernel_add,0.024300,4096x1x1,64x1x1,2048x64x1x1
node_295,kernel_add,0.021500,4096x1x1,64x1x1,2048x64x1x1
node_296,kernel_add,0.017300,4096x1x1,64x1x1,2048x64x1x1
node_297,kernel_add,0.017300,4096x1x1,64x1x1,2048x64x1x1
ffn_moe_out-4,kernel_add,0.017200,4096x1x1,64x1x1,2048x64x1x1
ffn_shexp-4,kernel_transpose_32_16,0.013100,704x16x0,1x16x0,2048x64x1x1
ffn_shexp-4,kernel_mul_mat_Ab_Bi_8x4,0.526700,8x512x1,1x128x1,2048x64x1x1
ffn_out-4,kernel_add,0.016100,4096x1x1,64x1x1,2048x64x1x1
l_out-4,kernel_add,0.018900,4096x1x1,64x1x1,2048x64x1x1
attn_norm-5,kernel_rms_norm_mul,0.019300,65536x1x1,1024x1x1,2048x64x1x1
q-5,kernel_transpose_32_16,0.006900,512x16x0,1x16x0,3072x64x1x1
q-5,kernel_mul_mat_Ab_Bi_8x4,0.389300,8x768x1,1x128x1,3072x64x1x1
q_pe-5,kernel_rope_norm_f32,0.012100,1024x64x1,64x1x1,64x16x64x1
Qcur-5,kernel_concat_f32_non_contiguous,0.349400,16x64x1,0x0x0,192x16x64x1
kv_cmpr_pe-5,kernel_transpose_32_16,0.010100,512x16x0,1x16x0,576x64x1x1
kv_cmpr_pe-5,kernel_mul_mat_Ab_Bi_8x4,0.315900,8x144x1,1x128x1,576x64x1x1
k_pe-5,kernel_rope_norm_f32,0.002700,64x64x1,64x1x1,64x1x64x1
node_312,kernel_repeat,0.286600,16x64x1,0x0x0,64x16x64x1
kv_cmpr-5,kernel_rms_norm_mul,0.009800,32768x1x1,512x1x1,512x64x1x1
kv-5,kernel_transpose_32_16,0.004100,128x16x0,1x16x0,4096x64x1x1
kv-5,kernel_mul_mat_Ab_Bi_8x4,0.132900,8x1024x1,1x128x1,4096x64x1x1
Kcur-5,kernel_concat_f32_non_contiguous,0.412500,16x64x1,0x0x0,192x16x64x1
Vcur_cont-5,kernel_cpy_f32_f32,0.013600,1024x64x1,64x1x1,128x16x64x1
cache_k_l5 (view),kernel_set_rows_f16_i64,0.014300,65536x1x1,1024x1x1,3072x4096x1x1
cache_v_l5 (view),kernel_set_rows_f16_i64,0.011500,65536x1x1,1024x1x1,2048x4096x1x1
__fattn__-5,flash_attn_f32_f16,4.708200,64x16x0,16x1x0,128x16x64x1
node_333,kernel_transpose_32_16,0.009300,512x16x0,1x16x0,2048x64x1x1
node_333,kernel_mul_mat_Ab_Bi_8x4,0.379700,8x512x1,1x128x1,2048x64x1x1
ffn_inp-5,kernel_add,0.020900,4096x1x1,64x1x1,2048x64x1x1
ffn_norm-5,kernel_rms_norm_mul,0.019400,65536x1x1,1024x1x1,2048x64x1x1
ffn_moe_logits-5,kernel_mul_mm_f32_f32_l4_lm,0.501300,128x1x1,128x1x1,64x64x1x1
ffn_moe_probs-5,kernel_soft_max_4,0.003900,4096x1x1,64x1x1,64x64x1x1
ffn_moe_argsort-5,kernel_argsort_f32_i32,0.015100,64x64x1,64x1x1,64x64x1x1
ffn_moe_weights-5,kernel_get_rows_f32,0.004000,384x64x1,64x1x1,1x6x64x1
ffn_moe_weights_scaled-5,kernel_scale,0.001700,96x1x1,64x1x1,1x6x64x1
ffn_moe_gate-5,kernel_mul_mv_id_q4_0_f32_8x_flat,9.104900,11264x1x384,64x1x1,1408x6x64x1
ffn_moe_up-5,kernel_mul_mv_id_q4_0_f32_8x_flat,9.088500,11264x1x384,64x1x1,1408x6x64x1
ffn_moe_weighted-5,kernel_swiglu,0.082200,196608x1x1,512x1x1,1408x6x64x1
ffn_moe_down-5,kernel_mul_mv_id_q4_0_f32_8x_flat,9.839300,16384x1x384,64x1x1,2048x6x64x1
node_349,kernel_mul,0.100500,384x64x1,64x1x1,2048x6x64x1
ffn_gate-5,kernel_transpose_32_16,0.011000,512x16x0,1x16x0,2816x64x1x1
ffn_gate-5,kernel_mul_mat_Ab_Bi_8x4,0.384100,8x704x1,1x128x1,2816x64x1x1
ffn_up-5,kernel_transpose_32_16,0.010300,512x16x0,1x16x0,2816x64x1x1
ffn_up-5,kernel_mul_mat_Ab_Bi_8x4,0.387200,8x704x1,1x128x1,2816x64x1x1
ffn_swiglu-5,kernel_swiglu,0.023500,32768x1x1,512x1x1,2816x64x1x1
node_359,kernel_add,0.023300,4096x1x1,64x1x1,2048x64x1x1
node_360,kernel_add,0.020400,4096x1x1,64x1x1,2048x64x1x1
node_361,kernel_add,0.017200,4096x1x1,64x1x1,2048x64x1x1
node_362,kernel_add,0.018300,4096x1x1,64x1x1,2048x64x1x1
ffn_moe_out-5,kernel_add,0.017200,4096x1x1,64x1x1,2048x64x1x1
ffn_shexp-5,kernel_transpose_32_16,0.012400,704x16x0,1x16x0,2048x64x1x1
ffn_shexp-5,kernel_mul_mat_Ab_Bi_8x4,0.528700,8x512x1,1x128x1,2048x64x1x1
ffn_out-5,kernel_add,0.021900,4096x1x1,64x1x1,2048x64x1x1
l_out-5,kernel_add,0.017900,4096x1x1,64x1x1,2048x64x1x1
attn_norm-6,kernel_rms_norm_mul,0.019300,65536x1x1,1024x1x1,2048x64x1x1
q-6,kernel_transpose_32_16,0.009000,512x16x0,1x16x0,3072x64x1x1
q-6,kernel_mul_mat_Ab_Bi_8x4,0.390000,8x768x1,1x128x1,3072x64x1x1
q_pe-6,kernel_rope_norm_f32,0.011600,1024x64x1,64x1x1,64x16x64x1
Qcur-6,kernel_concat_f32_non_contiguous,0.348200,16x64x1,0x0x0,192x16x64x1
kv_cmpr_pe-6,kernel_transpose_32_16,0.010500,512x16x0,1x16x0,576x64x1x1
kv_cmpr_pe-6,kernel_mul_mat_Ab_Bi_8x4,0.314800,8x144x1,1x128x1,576x64x1x1
k_pe-6,kernel_rope_norm_f32,0.002700,64x64x1,64x1x1,64x1x64x1
node_377,kernel_repeat,0.285900,16x64x1,0x0x0,64x16x64x1
kv_cmpr-6,kernel_rms_norm_mul,0.010000,32768x1x1,512x1x1,512x64x1x1
kv-6,kernel_transpose_32_16,0.003900,128x16x0,1x16x0,4096x64x1x1
kv-6,kernel_mul_mat_Ab_Bi_8x4,0.134600,8x1024x1,1x128x1,4096x64x1x1
Kcur-6,kernel_concat_f32_non_contiguous,0.391600,16x64x1,0x0x0,192x16x64x1
Vcur_cont-6,kernel_cpy_f32_f32,0.014000,1024x64x1,64x1x1,128x16x64x1
cache_k_l6 (view),kernel_set_rows_f16_i64,0.015600,65536x1x1,1024x1x1,3072x4096x1x1
cache_v_l6 (view),kernel_set_rows_f16_i64,0.011200,65536x1x1,1024x1x1,2048x4096x1x1
__fattn__-6,flash_attn_f32_f16,4.696800,64x16x0,16x1x0,128x16x64x1
node_398,kernel_transpose_32_16,0.009200,512x16x0,1x16x0,2048x64x1x1
node_398,kernel_mul_mat_Ab_Bi_8x4,0.378000,8x512x1,1x128x1,2048x64x1x1
ffn_inp-6,kernel_add,0.021100,4096x1x1,64x1x1,2048x64x1x1
ffn_norm-6,kernel_rms_norm_mul,0.019200,65536x1x1,1024x1x1,2048x64x1x1
ffn_moe_logits-6,kernel_mul_mm_f32_f32_l4_lm,0.504700,128x1x1,128x1x1,64x64x1x1
ffn_moe_probs-6,kernel_soft_max_4,0.003700,4096x1x1,64x1x1,64x64x1x1
ffn_moe_argsort-6,kernel_argsort_f32_i32,0.015300,64x64x1,64x1x1,64x64x1x1
ffn_moe_weights-6,kernel_get_rows_f32,0.004100,384x64x1,64x1x1,1x6x64x1
ffn_moe_weights_scaled-6,kernel_scale,0.002000,96x1x1,64x1x1,1x6x64x1
ffn_moe_gate-6,kernel_mul_mv_id_q4_0_f32_8x_flat,9.133400,11264x1x384,64x1x1,1408x6x64x1
ffn_moe_up-6,kernel_mul_mv_id_q4_0_f32_8x_flat,9.226300,11264x1x384,64x1x1,1408x6x64x1
ffn_moe_weighted-6,kernel_swiglu,0.081500,196608x1x1,512x1x1,1408x6x64x1
ffn_moe_down-6,kernel_mul_mv_id_q4_0_f32_8x_flat,9.854600,16384x1x384,64x1x1,2048x6x64x1
node_414,kernel_mul,0.103000,384x64x1,64x1x1,2048x6x64x1
ffn_gate-6,kernel_transpose_32_16,0.010800,512x16x0,1x16x0,2816x64x1x1
ffn_gate-6,kernel_mul_mat_Ab_Bi_8x4,0.381500,8x704x1,1x128x1,2816x64x1x1
ffn_up-6,kernel_transpose_32_16,0.009600,512x16x0,1x16x0,2816x64x1x1
ffn_up-6,kernel_mul_mat_Ab_Bi_8x4,0.383200,8x704x1,1x128x1,2816x64x1x1
ffn_swiglu-6,kernel_swiglu,0.023600,32768x1x1,512x1x1,2816x64x1x1
node_424,kernel_add,0.024700,4096x1x1,64x1x1,2048x64x1x1
node_425,kernel_add,0.021600,4096x1x1,64x1x1,2048x64x1x1
node_426,kernel_add,0.016700,4096x1x1,64x1x1,2048x64x1x1
node_427,kernel_add,0.017400,4096x1x1,64x1x1,2048x64x1x1
ffn_moe_out-6,kernel_add,0.017300,4096x1x1,64x1x1,2048x64x1x1
ffn_shexp-6,kernel_transpose_32_16,0.011500,704x16x0,1x16x0,2048x64x1x1
ffn_shexp-6,kernel_mul_mat_Ab_Bi_8x4,0.532100,8x512x1,1x128x1,2048x64x1x1
ffn_out-6,kernel_add,0.020600,4096x1x1,64x1x1,2048x64x1x1
l_out-6,kernel_add,0.018700,4096x1x1,64x1x1,2048x64x1x1
attn_norm-7,kernel_rms_norm_mul,0.019300,65536x1x1,1024x1x1,2048x64x1x1
q-7,kernel_transpose_32_16,0.006700,512x16x0,1x16x0,3072x64x1x1
q-7,kernel_mul_mat_Ab_Bi_8x4,0.390200,8x768x1,1x128x1,3072x64x1x1
q_pe-7,kernel_rope_norm_f32,0.012300,1024x64x1,64x1x1,64x16x64x1
Qcur-7,kernel_concat_f32_non_contiguous,0.343200,16x64x1,0x0x0,192x16x64x1
kv_cmpr_pe-7,kernel_transpose_32_16,0.010500,512x16x0,1x16x0,576x64x1x1
kv_cmpr_pe-7,kernel_mul_mat_Ab_Bi_8x4,0.320900,8x144x1,1x128x1,576x64x1x1
k_pe-7,kernel_rope_norm_f32,0.002900,64x64x1,64x1x1,64x1x64x1
node_442,kernel_repeat,0.284300,16x64x1,0x0x0,64x16x64x1
kv_cmpr-7,kernel_rms_norm_mul,0.009800,32768x1x1,512x1x1,512x64x1x1
kv-7,kernel_transpose_32_16,0.004200,128x16x0,1x16x0,4096x64x1x1
kv-7,kernel_mul_mat_Ab_Bi_8x4,0.132200,8x1024x1,1x128x1,4096x64x1x1
Kcur-7,kernel_concat_f32_non_contiguous,0.386600,16x64x1,0x0x0,192x16x64x1
Vcur_cont-7,kernel_cpy_f32_f32,0.013500,1024x64x1,64x1x1,128x16x64x1
cache_k_l7 (view),kernel_set_rows_f16_i64,0.015800,65536x1x1,1024x1x1,3072x4096x1x1
cache_v_l7 (view),kernel_set_rows_f16_i64,0.011800,65536x1x1,1024x1x1,2048x4096x1x1
__fattn__-7,flash_attn_f32_f16,4.722800,64x16x0,16x1x0,128x16x64x1
node_463,kernel_transpose_32_16,0.009400,512x16x0,1x16x0,2048x64x1x1
node_463,kernel_mul_mat_Ab_Bi_8x4,0.381800,8x512x1,1x128x1,2048x64x1x1
ffn_inp-7,kernel_add,0.021300,4096x1x1,64x1x1,2048x64x1x1
ffn_norm-7,kernel_rms_norm_mul,0.019400,65536x1x1,1024x1x1,2048x64x1x1
ffn_moe_logits-7,kernel_mul_mm_f32_f32_l4_lm,0.501500,128x1x1,128x1x1,64x64x1x1
ffn_moe_probs-7,kernel_soft_max_4,0.003500,4096x1x1,64x1x1,64x64x1x1
ffn_moe_argsort-7,kernel_argsort_f32_i32,0.015200,64x64x1,64x1x1,64x64x1x1
ffn_moe_weights-7,kernel_get_rows_f32,0.004100,384x64x1,64x1x1,1x6x64x1
ffn_moe_weights_scaled-7,kernel_scale,0.001700,96x1x1,64x1x1,1x6x64x1
ffn_moe_gate-7,kernel_mul_mv_id_q4_0_f32_8x_flat,9.152800,11264x1x384,64x1x1,1408x6x64x1
ffn_moe_up-7,kernel_mul_mv_id_q4_0_f32_8x_flat,9.126000,11264x1x384,64x1x1,1408x6x64x1
ffn_moe_weighted-7,kernel_swiglu,0.083200,196608x1x1,512x1x1,1408x6x64x1
ffn_moe_down-7,kernel_mul_mv_id_q4_0_f32_8x_flat,9.831900,16384x1x384,64x1x1,2048x6x64x1
node_479,kernel_mul,0.099500,384x64x1,64x1x1,2048x6x64x1
ffn_gate-7,kernel_transpose_32_16,0.011300,512x16x0,1x16x0,2816x64x1x1
ffn_gate-7,kernel_mul_mat_Ab_Bi_8x4,0.382400,8x704x1,1x128x1,2816x64x1x1
ffn_up-7,kernel_transpose_32_16,0.010000,512x16x0,1x16x0,2816x64x1x1
ffn_up-7,kernel_mul_mat_Ab_Bi_8x4,0.383600,8x704x1,1x128x1,2816x64x1x1
ffn_swiglu-7,kernel_swiglu,0.022600,32768x1x1,512x1x1,2816x64x1x1
node_489,kernel_add,0.021900,4096x1x1,64x1x1,2048x64x1x1
node_490,kernel_add,0.020000,4096x1x1,64x1x1,2048x64x1x1
node_491,kernel_add,0.017000,4096x1x1,64x1x1,2048x64x1x1
node_492,kernel_add,0.017600,4096x1x1,64x1x1,2048x64x1x1
ffn_moe_out-7,kernel_add,0.017300,4096x1x1,64x1x1,2048x64x1x1
ffn_shexp-7,kernel_transpose_32_16,0.012500,704x16x0,1x16x0,2048x64x1x1
ffn_shexp-7,kernel_mul_mat_Ab_Bi_8x4,0.526200,8x512x1,1x128x1,2048x64x1x1
ffn_out-7,kernel_add,0.022500,4096x1x1,64x1x1,2048x64x1x1
l_out-7,kernel_add,0.017300,4096x1x1,64x1x1,2048x64x1x1
attn_norm-8,kernel_rms_norm_mul,0.019300,65536x1x1,1024x1x1,2048x64x1x1
q-8,kernel_transpose_32_16,0.006800,512x16x0,1x16x0,3072x64x1x1
q-8,kernel_mul_mat_Ab_Bi_8x4,0.390500,8x768x1,1x128x1,3072x64x1x1
q_pe-8,kernel_rope_norm_f32,0.012300,1024x64x1,64x1x1,64x16x64x1
Qcur-8,kernel_concat_f32_non_contiguous,0.344900,16x64x1,0x0x0,192x16x64x1
kv_cmpr_pe-8,kernel_transpose_32_16,0.010500,512x16x0,1x16x0,576x64x1x1
kv_cmpr_pe-8,kernel_mul_mat_Ab_Bi_8x4,0.319700,8x144x1,1x128x1,576x64x1x1
k_pe-8,kernel_rope_norm_f32,0.003100,64x64x1,64x1x1,64x1x64x1
node_507,kernel_repeat,0.284500,16x64x1,0x0x0,64x16x64x1
kv_cmpr-8,kernel_rms_norm_mul,0.010000,32768x1x1,512x1x1,512x64x1x1
kv-8,kernel_transpose_32_16,0.003900,128x16x0,1x16x0,4096x64x1x1
kv-8,kernel_mul_mat_Ab_Bi_8x4,0.133800,8x1024x1,1x128x1,4096x64x1x1
Kcur-8,kernel_concat_f32_non_contiguous,0.414100,16x64x1,0x0x0,192x16x64x1
Vcur_cont-8,kernel_cpy_f32_f32,0.014000,1024x64x1,64x1x1,128x16x64x1
cache_k_l8 (view),kernel_set_rows_f16_i64,0.015800,65536x1x1,1024x1x1,3072x4096x1x1
cache_v_l8 (view),kernel_set_rows_f16_i64,0.011300,65536x1x1,1024x1x1,2048x4096x1x1
__fattn__-8,flash_attn_f32_f16,4.712800,64x16x0,16x1x0,128x16x64x1
node_528,kernel_transpose_32_16,0.009800,512x16x0,1x16x0,2048x64x1x1
node_528,kernel_mul_mat_Ab_Bi_8x4,0.375200,8x512x1,1x128x1,2048x64x1x1
ffn_inp-8,kernel_add,0.021300,4096x1x1,64x1x1,2048x64x1x1
ffn_norm-8,kernel_rms_norm_mul,0.019600,65536x1x1,1024x1x1,2048x64x1x1
ffn_moe_logits-8,kernel_mul_mm_f32_f32_l4_lm,0.505400,128x1x1,128x1x1,64x64x1x1
ffn_moe_probs-8,kernel_soft_max_4,0.003700,4096x1x1,64x1x1,64x64x1x1
ffn_moe_argsort-8,kernel_argsort_f32_i32,0.015400,64x64x1,64x1x1,64x64x1x1
ffn_moe_weights-8,kernel_get_rows_f32,0.004100,384x64x1,64x1x1,1x6x64x1
ffn_moe_weights_scaled-8,kernel_scale,0.001800,96x1x1,64x1x1,1x6x64x1
ffn_moe_gate-8,kernel_mul_mv_id_q4_0_f32_8x_flat,9.079300,11264x1x384,64x1x1,1408x6x64x1
ffn_moe_up-8,kernel_mul_mv_id_q4_0_f32_8x_flat,9.065600,11264x1x384,64x1x1,1408x6x64x1
ffn_moe_weighted-8,kernel_swiglu,0.082400,196608x1x1,512x1x1,1408x6x64x1
ffn_moe_down-8,kernel_mul_mv_id_q4_0_f32_8x_flat,9.814800,16384x1x384,64x1x1,2048x6x64x1
node_544,kernel_mul,0.101200,384x64x1,64x1x1,2048x6x64x1
ffn_gate-8,kernel_transpose_32_16,0.010400,512x16x0,1x16x0,2816x64x1x1
ffn_gate-8,kernel_mul_mat_Ab_Bi_8x4,0.385300,8x704x1,1x128x1,2816x64x1x1
ffn_up-8,kernel_transpose_32_16,0.010600,512x16x0,1x16x0,2816x64x1x1
ffn_up-8,kernel_mul_mat_Ab_Bi_8x4,0.386000,8x704x1,1x128x1,2816x64x1x1
ffn_swiglu-8,kernel_swiglu,0.024500,32768x1x1,512x1x1,2816x64x1x1
node_554,kernel_add,0.024400,4096x1x1,64x1x1,2048x64x1x1
node_555,kernel_add,0.021700,4096x1x1,64x1x1,2048x64x1x1
node_556,kernel_add,0.017400,4096x1x1,64x1x1,2048x64x1x1
node_557,kernel_add,0.016800,4096x1x1,64x1x1,2048x64x1x1
ffn_moe_out-8,kernel_add,0.017800,4096x1x1,64x1x1,2048x64x1x1
ffn_shexp-8,kernel_transpose_32_16,0.013100,704x16x0,1x16x0,2048x64x1x1
ffn_shexp-8,kernel_mul_mat_Ab_Bi_8x4,0.522800,8x512x1,1x128x1,2048x64x1x1
ffn_out-8,kernel_add,0.020900,4096x1x1,64x1x1,2048x64x1x1
l_out-8,kernel_add,0.018300,4096x1x1,64x1x1,2048x64x1x1
attn_norm-9,kernel_rms_norm_mul,0.019200,65536x1x1,1024x1x1,2048x64x1x1
q-9,kernel_transpose_32_16,0.006700,512x16x0,1x16x0,3072x64x1x1
q-9,kernel_mul_mat_Ab_Bi_8x4,0.388700,8x768x1,1x128x1,3072x64x1x1
q_pe-9,kernel_rope_norm_f32,0.012600,1024x64x1,64x1x1,64x16x64x1
Qcur-9,kernel_concat_f32_non_contiguous,0.344000,16x64x1,0x0x0,192x16x64x1
kv_cmpr_pe-9,kernel_transpose_32_16,0.010200,512x16x0,1x16x0,576x64x1x1
kv_cmpr_pe-9,kernel_mul_mat_Ab_Bi_8x4,0.317200,8x144x1,1x128x1,576x64x1x1
k_pe-9,kernel_rope_norm_f32,0.002700,64x64x1,64x1x1,64x1x64x1
node_572,kernel_repeat,0.287300,16x64x1,0x0x0,64x16x64x1
kv_cmpr-9,kernel_rms_norm_mul,0.010000,32768x1x1,512x1x1,512x64x1x1
kv-9,kernel_transpose_32_16,0.004100,128x16x0,1x16x0,4096x64x1x1
kv-9,kernel_mul_mat_Ab_Bi_8x4,0.133100,8x1024x1,1x128x1,4096x64x1x1
Kcur-9,kernel_concat_f32_non_contiguous,0.389200,16x64x1,0x0x0,192x16x64x1
Vcur_cont-9,kernel_cpy_f32_f32,0.013900,1024x64x1,64x1x1,128x16x64x1
cache_k_l9 (view),kernel_set_rows_f16_i64,0.015300,65536x1x1,1024x1x1,3072x4096x1x1
cache_v_l9 (view),kernel_set_rows_f16_i64,0.011700,65536x1x1,1024x1x1,2048x4096x1x1
__fattn__-9,flash_attn_f32_f16,4.701500,64x16x0,16x1x0,128x16x64x1
node_593,kernel_transpose_32_16,0.009500,512x16x0,1x16x0,2048x64x1x1
node_593,kernel_mul_mat_Ab_Bi_8x4,0.379900,8x512x1,1x128x1,2048x64x1x1
ffn_inp-9,kernel_add,0.021500,4096x1x1,64x1x1,2048x64x1x1
ffn_norm-9,kernel_rms_norm_mul,0.018900,65536x1x1,1024x1x1,2048x64x1x1
ffn_moe_logits-9,kernel_mul_mm_f32_f32_l4_lm,0.501000,128x1x1,128x1x1,64x64x1x1
ffn_moe_probs-9,kernel_soft_max_4,0.003600,4096x1x1,64x1x1,64x64x1x1
ffn_moe_argsort-9,kernel_argsort_f32_i32,0.015000,64x64x1,64x1x1,64x64x1x1
ffn_moe_weights-9,kernel_get_rows_f32,0.004100,384x64x1,64x1x1,1x6x64x1
ffn_moe_weights_scaled-9,kernel_scale,0.001900,96x1x1,64x1x1,1x6x64x1
ffn_moe_gate-9,kernel_mul_mv_id_q4_0_f32_8x_flat,9.140000,11264x1x384,64x1x1,1408x6x64x1
ffn_moe_up-9,kernel_mul_mv_id_q4_0_f32_8x_flat,9.120200,11264x1x384,64x1x1,1408x6x64x1
ffn_moe_weighted-9,kernel_swiglu,0.082100,196608x1x1,512x1x1,1408x6x64x1
ffn_moe_down-9,kernel_mul_mv_id_q4_0_f32_8x_flat,9.821500,16384x1x384,64x1x1,2048x6x64x1
node_609,kernel_mul,0.100300,384x64x1,64x1x1,2048x6x64x1
ffn_gate-9,kernel_transpose_32_16,0.011100,512x16x0,1x16x0,2816x64x1x1
ffn_gate-9,kernel_mul_mat_Ab_Bi_8x4,0.381600,8x704x1,1x128x1,2816x64x1x1
ffn_up-9,kernel_transpose_32_16,0.010000,512x16x0,1x16x0,2816x64x1x1
ffn_up-9,kernel_mul_mat_Ab_Bi_8x4,0.386400,8x704x1,1x128x1,2816x64x1x1
ffn_swiglu-9,kernel_swiglu,0.023000,32768x1x1,512x1x1,2816x64x1x1
node_619,kernel_add,0.024900,4096x1x1,64x1x1,2048x64x1x1
node_620,kernel_add,0.020800,4096x1x1,64x1x1,2048x64x1x1
node_621,kernel_add,0.017600,4096x1x1,64x1x1,2048x64x1x1
node_622,kernel_add,0.017600,4096x1x1,64x1x1,2048x64x1x1
ffn_moe_out-9,kernel_add,0.018000,4096x1x1,64x1x1,2048x64x1x1
ffn_shexp-9,kernel_transpose_32_16,0.012800,704x16x0,1x16x0,2048x64x1x1
ffn_shexp-9,kernel_mul_mat_Ab_Bi_8x4,0.525100,8x512x1,1x128x1,2048x64x1x1
ffn_out-9,kernel_add,0.021400,4096x1x1,64x1x1,2048x64x1x1
l_out-9,kernel_add,0.018300,4096x1x1,64x1x1,2048x64x1x1
attn_norm-10,kernel_rms_norm_mul,0.019100,65536x1x1,1024x1x1,2048x64x1x1
q-10,kernel_transpose_32_16,0.007200,512x16x0,1x16x0,3072x64x1x1
q-10,kernel_mul_mat_Ab_Bi_8x4,0.388800,8x768x1,1x128x1,3072x64x1x1
q_pe-10,kernel_rope_norm_f32,0.011500,1024x64x1,64x1x1,64x16x64x1
Qcur-10,kernel_concat_f32_non_contiguous,0.347300,16x64x1,0x0x0,192x16x64x1
kv_cmpr_pe-10,kernel_transpose_32_16,0.009100,512x16x0,1x16x0,576x64x1x1
kv_cmpr_pe-10,kernel_mul_mat_Ab_Bi_8x4,0.314100,8x144x1,1x128x1,576x64x1x1
k_pe-10,kernel_rope_norm_f32,0.002800,64x64x1,64x1x1,64x1x64x1
node_637,kernel_repeat,0.286200,16x64x1,0x0x0,64x16x64x1
kv_cmpr-10,kernel_rms_norm_mul,0.010000,32768x1x1,512x1x1,512x64x1x1
kv-10,kernel_transpose_32_16,0.004100,128x16x0,1x16x0,4096x64x1x1
kv-10,kernel_mul_mat_Ab_Bi_8x4,0.134900,8x1024x1,1x128x1,4096x64x1x1
Kcur-10,kernel_concat_f32_non_contiguous,0.397700,16x64x1,0x0x0,192x16x64x1
Vcur_cont-10,kernel_cpy_f32_f32,0.010200,1024x64x1,64x1x1,128x16x64x1
cache_k_l10 (view),kernel_set_rows_f16_i64,0.015700,65536x1x1,1024x1x1,3072x4096x1x1
cache_v_l10 (view),kernel_set_rows_f16_i64,0.011400,65536x1x1,1024x1x1,2048x4096x1x1
__fattn__-10,flash_attn_f32_f16,4.729800,64x16x0,16x1x0,128x16x64x1
node_658,kernel_transpose_32_16,0.009600,512x16x0,1x16x0,2048x64x1x1
node_658,kernel_mul_mat_Ab_Bi_8x4,0.386400,8x512x1,1x128x1,2048x64x1x1
ffn_inp-10,kernel_add,0.020900,4096x1x1,64x1x1,2048x64x1x1
ffn_norm-10,kernel_rms_norm_mul,0.019800,65536x1x1,1024x1x1,2048x64x1x1
ffn_moe_logits-10,kernel_mul_mm_f32_f32_l4_lm,0.493200,128x1x1,128x1x1,64x64x1x1
ffn_moe_probs-10,kernel_soft_max_4,0.003500,4096x1x1,64x1x1,64x64x1x1
ffn_moe_argsort-10,kernel_argsort_f32_i32,0.015100,64x64x1,64x1x1,64x64x1x1
ffn_moe_weights-10,kernel_get_rows_f32,0.004400,384x64x1,64x1x1,1x6x64x1
ffn_moe_weights_scaled-10,kernel_scale,0.001900,96x1x1,64x1x1,1x6x64x1
ffn_moe_gate-10,kernel_mul_mv_id_q4_0_f32_8x_flat,9.049900,11264x1x384,64x1x1,1408x6x64x1
ffn_moe_up-10,kernel_mul_mv_id_q4_0_f32_8x_flat,9.077200,11264x1x384,64x1x1,1408x6x64x1
ffn_moe_weighted-10,kernel_swiglu,0.082800,196608x1x1,512x1x1,1408x6x64x1
ffn_moe_down-10,kernel_mul_mv_id_q4_0_f32_8x_flat,9.820200,16384x1x384,64x1x1,2048x6x64x1
node_674,kernel_mul,0.099000,384x64x1,64x1x1,2048x6x64x1
ffn_gate-10,kernel_transpose_32_16,0.010800,512x16x0,1x16x0,2816x64x1x1
ffn_gate-10,kernel_mul_mat_Ab_Bi_8x4,0.385600,8x704x1,1x128x1,2816x64x1x1
ffn_up-10,kernel_transpose_32_16,0.010300,512x16x0,1x16x0,2816x64x1x1
ffn_up-10,kernel_mul_mat_Ab_Bi_8x4,0.384800,8x704x1,1x128x1,2816x64x1x1
ffn_swiglu-10,kernel_swiglu,0.022600,32768x1x1,512x1x1,2816x64x1x1
node_684,kernel_add,0.024000,4096x1x1,64x1x1,2048x64x1x1
node_685,kernel_add,0.016700,4096x1x1,64x1x1,2048x64x1x1
node_686,kernel_add,0.017300,4096x1x1,64x1x1,2048x64x1x1
node_687,kernel_add,0.017400,4096x1x1,64x1x1,2048x64x1x1
ffn_moe_out-10,kernel_add,0.017200,4096x1x1,64x1x1,2048x64x1x1
ffn_shexp-10,kernel_transpose_32_16,0.014100,704x16x0,1x16x0,2048x64x1x1
ffn_shexp-10,kernel_mul_mat_Ab_Bi_8x4,0.525900,8x512x1,1x128x1,2048x64x1x1
ffn_out-10,kernel_add,0.021500,4096x1x1,64x1x1,2048x64x1x1
l_out-10,kernel_add,0.019200,4096x1x1,64x1x1,2048x64x1x1
attn_norm-11,kernel_rms_norm_mul,0.019500,65536x1x1,1024x1x1,2048x64x1x1
q-11,kernel_transpose_32_16,0.009700,512x16x0,1x16x0,3072x64x1x1
q-11,kernel_mul_mat_Ab_Bi_8x4,0.395600,8x768x1,1x128x1,3072x64x1x1
q_pe-11,kernel_rope_norm_f32,0.012100,1024x64x1,64x1x1,64x16x64x1
Qcur-11,kernel_concat_f32_non_contiguous,0.348400,16x64x1,0x0x0,192x16x64x1
kv_cmpr_pe-11,kernel_transpose_32_16,0.009900,512x16x0,1x16x0,576x64x1x1
kv_cmpr_pe-11,kernel_mul_mat_Ab_Bi_8x4,0.316300,8x144x1,1x128x1,576x64x1x1
k_pe-11,kernel_rope_norm_f32,0.002600,64x64x1,64x1x1,64x1x64x1
node_702,kernel_repeat,0.284900,16x64x1,0x0x0,64x16x64x1
kv_cmpr-11,kernel_rms_norm_mul,0.009700,32768x1x1,512x1x1,512x64x1x1
kv-11,kernel_transpose_32_16,0.003900,128x16x0,1x16x0,4096x64x1x1
kv-11,kernel_mul_mat_Ab_Bi_8x4,0.133600,8x1024x1,1x128x1,4096x64x1x1
Kcur-11,kernel_concat_f32_non_contiguous,0.382200,16x64x1,0x0x0,192x16x64x1
Vcur_cont-11,kernel_cpy_f32_f32,0.013700,1024x64x1,64x1x1,128x16x64x1
cache_k_l11 (view),kernel_set_rows_f16_i64,0.015600,65536x1x1,1024x1x1,3072x4096x1x1
cache_v_l11 (view),kernel_set_rows_f16_i64,0.011900,65536x1x1,1024x1x1,2048x4096x1x1
__fattn__-11,flash_attn_f32_f16,4.712300,64x16x0,16x1x0,128x16x64x1
node_723,kernel_transpose_32_16,0.009900,512x16x0,1x16x0,2048x64x1x1
node_723,kernel_mul_mat_Ab_Bi_8x4,0.386500,8x512x1,1x128x1,2048x64x1x1
ffn_inp-11,kernel_add,0.021600,4096x1x1,64x1x1,2048x64x1x1
ffn_norm-11,kernel_rms_norm_mul,0.019400,65536x1x1,1024x1x1,2048x64x1x1
ffn_moe_logits-11,kernel_mul_mm_f32_f32_l4_lm,0.503300,128x1x1,128x1x1,64x64x1x1
ffn_moe_probs-11,kernel_soft_max_4,0.003600,4096x1x1,64x1x1,64x64x1x1
ffn_moe_argsort-11,kernel_argsort_f32_i32,0.015500,64x64x1,64x1x1,64x64x1x1
ffn_moe_weights-11,kernel_get_rows_f32,0.004500,384x64x1,64x1x1,1x6x64x1
ffn_moe_weights_scaled-11,kernel_scale,0.001700,96x1x1,64x1x1,1x6x64x1
ffn_moe_gate-11,kernel_mul_mv_id_q4_0_f32_8x_flat,9.167400,11264x1x384,64x1x1,1408x6x64x1
ffn_moe_up-11,kernel_mul_mv_id_q4_0_f32_8x_flat,9.144000,11264x1x384,64x1x1,1408x6x64x1
ffn_moe_weighted-11,kernel_swiglu,0.081800,196608x1x1,512x1x1,1408x6x64x1
ffn_moe_down-11,kernel_mul_mv_id_q4_0_f32_8x_flat,9.837200,16384x1x384,64x1x1,2048x6x64x1
node_739,kernel_mul,0.103400,384x64x1,64x1x1,2048x6x64x1
ffn_gate-11,kernel_transpose_32_16,0.010900,512x16x0,1x16x0,2816x64x1x1
ffn_gate-11,kernel_mul_mat_Ab_Bi_8x4,0.383800,8x704x1,1x128x1,2816x64x1x1
ffn_up-11,kernel_transpose_32_16,0.010900,512x16x0,1x16x0,2816x64x1x1
ffn_up-11,kernel_mul_mat_Ab_Bi_8x4,0.385400,8x704x1,1x128x1,2816x64x1x1
ffn_swiglu-11,kernel_swiglu,0.023000,32768x1x1,512x1x1,2816x64x1x1
node_749,kernel_add,0.023900,4096x1x1,64x1x1,2048x64x1x1
node_750,kernel_add,0.020700,4096x1x1,64x1x1,2048x64x1x1
node_751,kernel_add,0.017000,4096x1x1,64x1x1,2048x64x1x1
node_752,kernel_add,0.017400,4096x1x1,64x1x1,2048x64x1x1
ffn_moe_out-11,kernel_add,0.017200,4096x1x1,64x1x1,2048x64x1x1
ffn_shexp-11,kernel_transpose_32_16,0.013000,704x16x0,1x16x0,2048x64x1x1
ffn_shexp-11,kernel_mul_mat_Ab_Bi_8x4,0.525200,8x512x1,1x128x1,2048x64x1x1
ffn_out-11,kernel_add,0.021300,4096x1x1,64x1x1,2048x64x1x1
l_out-11,kernel_add,0.017800,4096x1x1,64x1x1,2048x64x1x1
attn_norm-12,kernel_rms_norm_mul,0.018900,65536x1x1,1024x1x1,2048x64x1x1
q-12,kernel_transpose_32_16,0.006800,512x16x0,1x16x0,3072x64x1x1
q-12,kernel_mul_mat_Ab_Bi_8x4,0.388300,8x768x1,1x128x1,3072x64x1x1
q_pe-12,kernel_rope_norm_f32,0.009300,1024x64x1,64x1x1,64x16x64x1
Qcur-12,kernel_concat_f32_non_contiguous,0.344800,16x64x1,0x0x0,192x16x64x1
kv_cmpr_pe-12,kernel_transpose_32_16,0.010900,512x16x0,1x16x0,576x64x1x1
kv_cmpr_pe-12,kernel_mul_mat_Ab_Bi_8x4,0.315200,8x144x1,1x128x1,576x64x1x1
k_pe-12,kernel_rope_norm_f32,0.002700,64x64x1,64x1x1,64x1x64x1
node_767,kernel_repeat,0.285800,16x64x1,0x0x0,64x16x64x1
kv_cmpr-12,kernel_rms_norm_mul,0.010500,32768x1x1,512x1x1,512x64x1x1
kv-12,kernel_transpose_32_16,0.004100,128x16x0,1x16x0,4096x64x1x1
kv-12,kernel_mul_mat_Ab_Bi_8x4,0.134200,8x1024x1,1x128x1,4096x64x1x1
Kcur-12,kernel_concat_f32_non_contiguous,0.390500,16x64x1,0x0x0,192x16x64x1
Vcur_cont-12,kernel_cpy_f32_f32,0.014300,1024x64x1,64x1x1,128x16x64x1
cache_k_l12 (view),kernel_set_rows_f16_i64,0.015500,65536x1x1,1024x1x1,3072x4096x1x1
cache_v_l12 (view),kernel_set_rows_f16_i64,0.011400,65536x1x1,1024x1x1,2048x4096x1x1
__fattn__-12,flash_attn_f32_f16,4.712800,64x16x0,16x1x0,128x16x64x1
node_788,kernel_transpose_32_16,0.009500,512x16x0,1x16x0,2048x64x1x1
node_788,kernel_mul_mat_Ab_Bi_8x4,0.379600,8x512x1,1x128x1,2048x64x1x1
ffn_inp-12,kernel_add,0.017000,4096x1x1,64x1x1,2048x64x1x1
ffn_norm-12,kernel_rms_norm_mul,0.019600,65536x1x1,1024x1x1,2048x64x1x1
ffn_moe_logits-12,kernel_mul_mm_f32_f32_l4_lm,0.505900,128x1x1,128x1x1,64x64x1x1
ffn_moe_probs-12,kernel_soft_max_4,0.003600,4096x1x1,64x1x1,64x64x1x1
ffn_moe_argsort-12,kernel_argsort_f32_i32,0.015200,64x64x1,64x1x1,64x64x1x1
ffn_moe_weights-12,kernel_get_rows_f32,0.004100,384x64x1,64x1x1,1x6x64x1
ffn_moe_weights_scaled-12,kernel_scale,0.001800,96x1x1,64x1x1,1x6x64x1
ffn_moe_gate-12,kernel_mul_mv_id_q4_0_f32_8x_flat,9.082500,11264x1x384,64x1x1,1408x6x64x1
ffn_moe_up-12,kernel_mul_mv_id_q4_0_f32_8x_flat,9.198600,11264x1x384,64x1x1,1408x6x64x1
ffn_moe_weighted-12,kernel_swiglu,0.083000,196608x1x1,512x1x1,1408x6x64x1
ffn_moe_down-12,kernel_mul_mv_id_q4_0_f32_8x_flat,9.846300,16384x1x384,64x1x1,2048x6x64x1
node_804,kernel_mul,0.098800,384x64x1,64x1x1,2048x6x64x1
ffn_gate-12,kernel_transpose_32_16,0.011800,512x16x0,1x16x0,2816x64x1x1
ffn_gate-12,kernel_mul_mat_Ab_Bi_8x4,0.381100,8x704x1,1x128x1,2816x64x1x1
ffn_up-12,kernel_transpose_32_16,0.010200,512x16x0,1x16x0,2816x64x1x1
ffn_up-12,kernel_mul_mat_Ab_Bi_8x4,0.383500,8x704x1,1x128x1,2816x64x1x1
ffn_swiglu-12,kernel_swiglu,0.020700,32768x1x1,512x1x1,2816x64x1x1
node_814,kernel_add,0.023800,4096x1x1,64x1x1,2048x64x1x1
node_815,kernel_add,0.020800,4096x1x1,64x1x1,2048x64x1x1
node_816,kernel_add,0.017100,4096x1x1,64x1x1,2048x64x1x1
node_817,kernel_add,0.017700,4096x1x1,64x1x1,2048x64x1x1
ffn_moe_out-12,kernel_add,0.017500,4096x1x1,64x1x1,2048x64x1x1
ffn_shexp-12,kernel_transpose_32_16,0.013300,704x16x0,1x16x0,2048x64x1x1
ffn_shexp-12,kernel_mul_mat_Ab_Bi_8x4,0.526000,8x512x1,1x128x1,2048x64x1x1
ffn_out-12,kernel_add,0.015800,4096x1x1,64x1x1,2048x64x1x1
l_out-12,kernel_add,0.018600,4096x1x1,64x1x1,2048x64x1x1
attn_norm-13,kernel_rms_norm_mul,0.019200,65536x1x1,1024x1x1,2048x64x1x1
q-13,kernel_transpose_32_16,0.007000,512x16x0,1x16x0,3072x64x1x1
q-13,kernel_mul_mat_Ab_Bi_8x4,0.391600,8x768x1,1x128x1,3072x64x1x1
q_pe-13,kernel_rope_norm_f32,0.012600,1024x64x1,64x1x1,64x16x64x1
Qcur-13,kernel_concat_f32_non_contiguous,0.347400,16x64x1,0x0x0,192x16x64x1
kv_cmpr_pe-13,kernel_transpose_32_16,0.010200,512x16x0,1x16x0,576x64x1x1
kv_cmpr_pe-13,kernel_mul_mat_Ab_Bi_8x4,0.316800,8x144x1,1x128x1,576x64x1x1
k_pe-13,kernel_rope_norm_f32,0.002900,64x64x1,64x1x1,64x1x64x1
node_832,kernel_repeat,0.285200,16x64x1,0x0x0,64x16x64x1
kv_cmpr-13,kernel_rms_norm_mul,0.009900,32768x1x1,512x1x1,512x64x1x1
kv-13,kernel_transpose_32_16,0.004100,128x16x0,1x16x0,4096x64x1x1
kv-13,kernel_mul_mat_Ab_Bi_8x4,0.135000,8x1024x1,1x128x1,4096x64x1x1
Kcur-13,kernel_concat_f32_non_contiguous,0.413500,16x64x1,0x0x0,192x16x64x1
Vcur_cont-13,kernel_cpy_f32_f32,0.013500,1024x64x1,64x1x1,128x16x64x1
cache_k_l13 (view),kernel_set_rows_f16_i64,0.014400,65536x1x1,1024x1x1,3072x4096x1x1
cache_v_l13 (view),kernel_set_rows_f16_i64,0.011800,65536x1x1,1024x1x1,2048x4096x1x1
__fattn__-13,flash_attn_f32_f16,4.696200,64x16x0,16x1x0,128x16x64x1
node_853,kernel_transpose_32_16,0.009600,512x16x0,1x16x0,2048x64x1x1
node_853,kernel_mul_mat_Ab_Bi_8x4,0.376000,8x512x1,1x128x1,2048x64x1x1
ffn_inp-13,kernel_add,0.020700,4096x1x1,64x1x1,2048x64x1x1
ffn_norm-13,kernel_rms_norm_mul,0.019500,65536x1x1,1024x1x1,2048x64x1x1
ffn_moe_logits-13,kernel_mul_mm_f32_f32_l4_lm,0.512500,128x1x1,128x1x1,64x64x1x1
ffn_moe_probs-13,kernel_soft_max_4,0.004000,4096x1x1,64x1x1,64x64x1x1
ffn_moe_argsort-13,kernel_argsort_f32_i32,0.015100,64x64x1,64x1x1,64x64x1x1
ffn_moe_weights-13,kernel_get_rows_f32,0.004000,384x64x1,64x1x1,1x6x64x1
ffn_moe_weights_scaled-13,kernel_scale,0.001800,96x1x1,64x1x1,1x6x64x1
ffn_moe_gate-13,kernel_mul_mv_id_q4_0_f32_8x_flat,9.204600,11264x1x384,64x1x1,1408x6x64x1
ffn_moe_up-13,kernel_mul_mv_id_q4_0_f32_8x_flat,9.146200,11264x1x384,64x1x1,1408x6x64x1
ffn_moe_weighted-13,kernel_swiglu,0.082200,196608x1x1,512x1x1,1408x6x64x1
ffn_moe_down-13,kernel_mul_mv_id_q4_0_f32_8x_flat,9.835000,16384x1x384,64x1x1,2048x6x64x1
node_869,kernel_mul,0.101200,384x64x1,64x1x1,2048x6x64x1
ffn_gate-13,kernel_transpose_32_16,0.011200,512x16x0,1x16x0,2816x64x1x1
ffn_gate-13,kernel_mul_mat_Ab_Bi_8x4,0.386500,8x704x1,1x128x1,2816x64x1x1
ffn_up-13,kernel_transpose_32_16,0.010700,512x16x0,1x16x0,2816x64x1x1
ffn_up-13,kernel_mul_mat_Ab_Bi_8x4,0.386100,8x704x1,1x128x1,2816x64x1x1
ffn_swiglu-13,kernel_swiglu,0.023800,32768x1x1,512x1x1,2816x64x1x1
node_879,kernel_add,0.024200,4096x1x1,64x1x1,2048x64x1x1
node_880,kernel_add,0.020800,4096x1x1,64x1x1,2048x64x1x1
node_881,kernel_add,0.017200,4096x1x1,64x1x1,2048x64x1x1
node_882,kernel_add,0.018200,4096x1x1,64x1x1,2048x64x1x1
ffn_moe_out-13,kernel_add,0.017100,4096x1x1,64x1x1,2048x64x1x1
ffn_shexp-13,kernel_transpose_32_16,0.012800,704x16x0,1x16x0,2048x64x1x1
ffn_shexp-13,kernel_mul_mat_Ab_Bi_8x4,0.522100,8x512x1,1x128x1,2048x64x1x1
ffn_out-13,kernel_add,0.021700,4096x1x1,64x1x1,2048x64x1x1
l_out-13,kernel_add,0.017900,4096x1x1,64x1x1,2048x64x1x1
attn_norm-14,kernel_rms_norm_mul,0.019200,65536x1x1,1024x1x1,2048x64x1x1
q-14,kernel_transpose_32_16,0.009100,512x16x0,1x16x0,3072x64x1x1
q-14,kernel_mul_mat_Ab_Bi_8x4,0.389400,8x768x1,1x128x1,3072x64x1x1
q_pe-14,kernel_rope_norm_f32,0.012000,1024x64x1,64x1x1,64x16x64x1
Qcur-14,kernel_concat_f32_non_contiguous,0.349100,16x64x1,0x0x0,192x16x64x1
kv_cmpr_pe-14,kernel_transpose_32_16,0.010100,512x16x0,1x16x0,576x64x1x1
kv_cmpr_pe-14,kernel_mul_mat_Ab_Bi_8x4,0.316800,8x144x1,1x128x1,576x64x1x1
k_pe-14,kernel_rope_norm_f32,0.002600,64x64x1,64x1x1,64x1x64x1
node_897,kernel_repeat,0.287300,16x64x1,0x0x0,64x16x64x1
kv_cmpr-14,kernel_rms_norm_mul,0.010000,32768x1x1,512x1x1,512x64x1x1
kv-14,kernel_transpose_32_16,0.003900,128x16x0,1x16x0,4096x64x1x1
kv-14,kernel_mul_mat_Ab_Bi_8x4,0.133600,8x1024x1,1x128x1,4096x64x1x1
Kcur-14,kernel_concat_f32_non_contiguous,0.385400,16x64x1,0x0x0,192x16x64x1
Vcur_cont-14,kernel_cpy_f32_f32,0.013500,1024x64x1,64x1x1,128x16x64x1
cache_k_l14 (view),kernel_set_rows_f16_i64,0.015600,65536x1x1,1024x1x1,3072x4096x1x1
cache_v_l14 (view),kernel_set_rows_f16_i64,0.011500,65536x1x1,1024x1x1,2048x4096x1x1
__fattn__-14,flash_attn_f32_f16,4.710000,64x16x0,16x1x0,128x16x64x1
node_918,kernel_transpose_32_16,0.009300,512x16x0,1x16x0,2048x64x1x1
node_918,kernel_mul_mat_Ab_Bi_8x4,0.377300,8x512x1,1x128x1,2048x64x1x1
ffn_inp-14,kernel_add,0.021600,4096x1x1,64x1x1,2048x64x1x1
ffn_norm-14,kernel_rms_norm_mul,0.019200,65536x1x1,1024x1x1,2048x64x1x1
ffn_moe_logits-14,kernel_mul_mm_f32_f32_l4_lm,0.513500,128x1x1,128x1x1,64x64x1x1
ffn_moe_probs-14,kernel_soft_max_4,0.003800,4096x1x1,64x1x1,64x64x1x1
ffn_moe_argsort-14,kernel_argsort_f32_i32,0.015000,64x64x1,64x1x1,64x64x1x1
ffn_moe_weights-14,kernel_get_rows_f32,0.004000,384x64x1,64x1x1,1x6x64x1
ffn_moe_weights_scaled-14,kernel_scale,0.002000,96x1x1,64x1x1,1x6x64x1
ffn_moe_gate-14,kernel_mul_mv_id_q4_0_f32_8x_flat,9.204600,11264x1x384,64x1x1,1408x6x64x1
ffn_moe_up-14,kernel_mul_mv_id_q4_0_f32_8x_flat,9.181000,11264x1x384,64x1x1,1408x6x64x1
ffn_moe_weighted-14,kernel_swiglu,0.081800,196608x1x1,512x1x1,1408x6x64x1
ffn_moe_down-14,kernel_mul_mv_id_q4_0_f32_8x_flat,9.880300,16384x1x384,64x1x1,2048x6x64x1
node_934,kernel_mul,0.100900,384x64x1,64x1x1,2048x6x64x1
ffn_gate-14,kernel_transpose_32_16,0.010700,512x16x0,1x16x0,2816x64x1x1
ffn_gate-14,kernel_mul_mat_Ab_Bi_8x4,0.381900,8x704x1,1x128x1,2816x64x1x1
ffn_up-14,kernel_transpose_32_16,0.009300,512x16x0,1x16x0,2816x64x1x1
ffn_up-14,kernel_mul_mat_Ab_Bi_8x4,0.383500,8x704x1,1x128x1,2816x64x1x1
ffn_swiglu-14,kernel_swiglu,0.024600,32768x1x1,512x1x1,2816x64x1x1
node_944,kernel_add,0.024600,4096x1x1,64x1x1,2048x64x1x1
node_945,kernel_add,0.021100,4096x1x1,64x1x1,2048x64x1x1
node_946,kernel_add,0.017500,4096x1x1,64x1x1,2048x64x1x1
node_947,kernel_add,0.017200,4096x1x1,64x1x1,2048x64x1x1
ffn_moe_out-14,kernel_add,0.017200,4096x1x1,64x1x1,2048x64x1x1
ffn_shexp-14,kernel_transpose_32_16,0.011600,704x16x0,1x16x0,2048x64x1x1
ffn_shexp-14,kernel_mul_mat_Ab_Bi_8x4,0.525700,8x512x1,1x128x1,2048x64x1x1
ffn_out-14,kernel_add,0.020900,4096x1x1,64x1x1,2048x64x1x1
l_out-14,kernel_add,0.018500,4096x1x1,64x1x1,2048x64x1x1
attn_norm-15,kernel_rms_norm_mul,0.018900,65536x1x1,1024x1x1,2048x64x1x1
q-15,kernel_transpose_32_16,0.006800,512x16x0,1x16x0,3072x64x1x1
q-15,kernel_mul_mat_Ab_Bi_8x4,0.387600,8x768x1,1x128x1,3072x64x1x1
q_pe-15,kernel_rope_norm_f32,0.011900,1024x64x1,64x1x1,64x16x64x1
Qcur-15,kernel_concat_f32_non_contiguous,0.343700,16x64x1,0x0x0,192x16x64x1
kv_cmpr_pe-15,kernel_transpose_32_16,0.010100,512x16x0,1x16x0,576x64x1x1
kv_cmpr_pe-15,kernel_mul_mat_Ab_Bi_8x4,0.318600,8x144x1,1x128x1,576x64x1x1
k_pe-15,kernel_rope_norm_f32,0.002800,64x64x1,64x1x1,64x1x64x1
node_962,kernel_repeat,0.285300,16x64x1,0x0x0,64x16x64x1
kv_cmpr-15,kernel_rms_norm_mul,0.009600,32768x1x1,512x1x1,512x64x1x1
kv-15,kernel_transpose_32_16,0.004100,128x16x0,1x16x0,4096x64x1x1
kv-15,kernel_mul_mat_Ab_Bi_8x4,0.134700,8x1024x1,1x128x1,4096x64x1x1
Kcur-15,kernel_concat_f32_non_contiguous,0.395400,16x64x1,0x0x0,192x16x64x1
Vcur_cont-15,kernel_cpy_f32_f32,0.013700,1024x64x1,64x1x1,128x16x64x1
cache_k_l15 (view),kernel_set_rows_f16_i64,0.015900,65536x1x1,1024x1x1,3072x4096x1x1
cache_v_l15 (view),kernel_set_rows_f16_i64,0.011900,65536x1x1,1024x1x1,2048x4096x1x1
__fattn__-15,flash_attn_f32_f16,4.709200,64x16x0,16x1x0,128x16x64x1
node_983,kernel_transpose_32_16,0.009400,512x16x0,1x16x0,2048x64x1x1
node_983,kernel_mul_mat_Ab_Bi_8x4,0.375700,8x512x1,1x128x1,2048x64x1x1
ffn_inp-15,kernel_add,0.021200,4096x1x1,64x1x1,2048x64x1x1
ffn_norm-15,kernel_rms_norm_mul,0.019600,65536x1x1,1024x1x1,2048x64x1x1
ffn_moe_logits-15,kernel_mul_mm_f32_f32_l4_lm,0.508700,128x1x1,128x1x1,64x64x1x1
ffn_moe_probs-15,kernel_soft_max_4,0.003600,4096x1x1,64x1x1,64x64x1x1
ffn_moe_argsort-15,kernel_argsort_f32_i32,0.014900,64x64x1,64x1x1,64x64x1x1
ffn_moe_weights-15,kernel_get_rows_f32,0.004100,384x64x1,64x1x1,1x6x64x1
ffn_moe_weights_scaled-15,kernel_scale,0.001900,96x1x1,64x1x1,1x6x64x1
ffn_moe_gate-15,kernel_mul_mv_id_q4_0_f32_8x_flat,9.264300,11264x1x384,64x1x1,1408x6x64x1
ffn_moe_up-15,kernel_mul_mv_id_q4_0_f32_8x_flat,9.288500,11264x1x384,64x1x1,1408x6x64x1
ffn_moe_weighted-15,kernel_swiglu,0.083100,196608x1x1,512x1x1,1408x6x64x1
ffn_moe_down-15,kernel_mul_mv_id_q4_0_f32_8x_flat,9.883900,16384x1x384,64x1x1,2048x6x64x1
node_999,kernel_mul,0.101500,384x64x1,64x1x1,2048x6x64x1
ffn_gate-15,kernel_transpose_32_16,0.011600,512x16x0,1x16x0,2816x64x1x1
ffn_gate-15,kernel_mul_mat_Ab_Bi_8x4,0.382000,8x704x1,1x128x1,2816x64x1x1
ffn_up-15,kernel_transpose_32_16,0.010100,512x16x0,1x16x0,2816x64x1x1
ffn_up-15,kernel_mul_mat_Ab_Bi_8x4,0.386200,8x704x1,1x128x1,2816x64x1x1
ffn_swiglu-15,kernel_swiglu,0.023400,32768x1x1,512x1x1,2816x64x1x1
node_1009,kernel_add,0.020800,4096x1x1,64x1x1,2048x64x1x1
node_1010,kernel_add,0.020000,4096x1x1,64x1x1,2048x64x1x1
node_1011,kernel_add,0.017600,4096x1x1,64x1x1,2048x64x1x1
node_1012,kernel_add,0.017300,4096x1x1,64x1x1,2048x64x1x1
ffn_moe_out-15,kernel_add,0.017200,4096x1x1,64x1x1,2048x64x1x1
ffn_shexp-15,kernel_transpose_32_16,0.012600,704x16x0,1x16x0,2048x64x1x1
ffn_shexp-15,kernel_mul_mat_Ab_Bi_8x4,0.527700,8x512x1,1x128x1,2048x64x1x1
ffn_out-15,kernel_add,0.021600,4096x1x1,64x1x1,2048x64x1x1
l_out-15,kernel_add,0.017100,4096x1x1,64x1x1,2048x64x1x1
attn_norm-16,kernel_rms_norm_mul,0.019000,65536x1x1,1024x1x1,2048x64x1x1
q-16,kernel_transpose_32_16,0.006700,512x16x0,1x16x0,3072x64x1x1
q-16,kernel_mul_mat_Ab_Bi_8x4,0.388000,8x768x1,1x128x1,3072x64x1x1
q_pe-16,kernel_rope_norm_f32,0.011800,1024x64x1,64x1x1,64x16x64x1
Qcur-16,kernel_concat_f32_non_contiguous,0.348100,16x64x1,0x0x0,192x16x64x1
kv_cmpr_pe-16,kernel_transpose_32_16,0.010200,512x16x0,1x16x0,576x64x1x1
kv_cmpr_pe-16,kernel_mul_mat_Ab_Bi_8x4,0.317100,8x144x1,1x128x1,576x64x1x1
k_pe-16,kernel_rope_norm_f32,0.003100,64x64x1,64x1x1,64x1x64x1
node_1027,kernel_repeat,0.285600,16x64x1,0x0x0,64x16x64x1
kv_cmpr-16,kernel_rms_norm_mul,0.010000,32768x1x1,512x1x1,512x64x1x1
kv-16,kernel_transpose_32_16,0.003900,128x16x0,1x16x0,4096x64x1x1
kv-16,kernel_mul_mat_Ab_Bi_8x4,0.133800,8x1024x1,1x128x1,4096x64x1x1
Kcur-16,kernel_concat_f32_non_contiguous,0.389000,16x64x1,0x0x0,192x16x64x1
Vcur_cont-16,kernel_cpy_f32_f32,0.014400,1024x64x1,64x1x1,128x16x64x1
cache_k_l16 (view),kernel_set_rows_f16_i64,0.015800,65536x1x1,1024x1x1,3072x4096x1x1
cache_v_l16 (view),kernel_set_rows_f16_i64,0.011000,65536x1x1,1024x1x1,2048x4096x1x1
__fattn__-16,flash_attn_f32_f16,4.700600,64x16x0,16x1x0,128x16x64x1
node_1048,kernel_transpose_32_16,0.009500,512x16x0,1x16x0,2048x64x1x1
node_1048,kernel_mul_mat_Ab_Bi_8x4,0.380800,8x512x1,1x128x1,2048x64x1x1
ffn_inp-16,kernel_add,0.020700,4096x1x1,64x1x1,2048x64x1x1
ffn_norm-16,kernel_rms_norm_mul,0.019400,65536x1x1,1024x1x1,2048x64x1x1
ffn_moe_logits-16,kernel_mul_mm_f32_f32_l4_lm,0.506500,128x1x1,128x1x1,64x64x1x1
ffn_moe_probs-16,kernel_soft_max_4,0.003800,4096x1x1,64x1x1,64x64x1x1
ffn_moe_argsort-16,kernel_argsort_f32_i32,0.015600,64x64x1,64x1x1,64x64x1x1
ffn_moe_weights-16,kernel_get_rows_f32,0.004000,384x64x1,64x1x1,1x6x64x1
ffn_moe_weights_scaled-16,kernel_scale,0.001800,96x1x1,64x1x1,1x6x64x1
ffn_moe_gate-16,kernel_mul_mv_id_q4_0_f32_8x_flat,9.153700,11264x1x384,64x1x1,1408x6x64x1
ffn_moe_up-16,kernel_mul_mv_id_q4_0_f32_8x_flat,9.195800,11264x1x384,64x1x1,1408x6x64x1
ffn_moe_weighted-16,kernel_swiglu,0.082900,196608x1x1,512x1x1,1408x6x64x1
ffn_moe_down-16,kernel_mul_mv_id_q4_0_f32_8x_flat,9.904000,16384x1x384,64x1x1,2048x6x64x1
node_1064,kernel_mul,0.099100,384x64x1,64x1x1,2048x6x64x1
ffn_gate-16,kernel_transpose_32_16,0.010500,512x16x0,1x16x0,2816x64x1x1
ffn_gate-16,kernel_mul_mat_Ab_Bi_8x4,0.378000,8x704x1,1x128x1,2816x64x1x1
ffn_up-16,kernel_transpose_32_16,0.010400,512x16x0,1x16x0,2816x64x1x1
ffn_up-16,kernel_mul_mat_Ab_Bi_8x4,0.383200,8x704x1,1x128x1,2816x64x1x1
ffn_swiglu-16,kernel_swiglu,0.023200,32768x1x1,512x1x1,2816x64x1x1
node_1074,kernel_add,0.024100,4096x1x1,64x1x1,2048x64x1x1
node_1075,kernel_add,0.021700,4096x1x1,64x1x1,2048x64x1x1
node_1076,kernel_add,0.017000,4096x1x1,64x1x1,2048x64x1x1
node_1077,kernel_add,0.017100,4096x1x1,64x1x1,2048x64x1x1
ffn_moe_out-16,kernel_add,0.017700,4096x1x1,64x1x1,2048x64x1x1
ffn_shexp-16,kernel_transpose_32_16,0.013100,704x16x0,1x16x0,2048x64x1x1
ffn_shexp-16,kernel_mul_mat_Ab_Bi_8x4,0.531200,8x512x1,1x128x1,2048x64x1x1
ffn_out-16,kernel_add,0.021000,4096x1x1,64x1x1,2048x64x1x1
l_out-16,kernel_add,0.017900,4096x1x1,64x1x1,2048x64x1x1
attn_norm-17,kernel_rms_norm_mul,0.019200,65536x1x1,1024x1x1,2048x64x1x1
q-17,kernel_transpose_32_16,0.006900,512x16x0,1x16x0,3072x64x1x1
q-17,kernel_mul_mat_Ab_Bi_8x4,0.389200,8x768x1,1x128x1,3072x64x1x1
q_pe-17,kernel_rope_norm_f32,0.012400,1024x64x1,64x1x1,64x16x64x1
Qcur-17,kernel_concat_f32_non_contiguous,0.350300,16x64x1,0x0x0,192x16x64x1
kv_cmpr_pe-17,kernel_transpose_32_16,0.010500,512x16x0,1x16x0,576x64x1x1
kv_cmpr_pe-17,kernel_mul_mat_Ab_Bi_8x4,0.318000,8x144x1,1x128x1,576x64x1x1
k_pe-17,kernel_rope_norm_f32,0.002600,64x64x1,64x1x1,64x1x64x1
node_1092,kernel_repeat,0.285200,16x64x1,0x0x0,64x16x64x1
kv_cmpr-17,kernel_rms_norm_mul,0.010000,32768x1x1,512x1x1,512x64x1x1
kv-17,kernel_transpose_32_16,0.004200,128x16x0,1x16x0,4096x64x1x1
kv-17,kernel_mul_mat_Ab_Bi_8x4,0.132700,8x1024x1,1x128x1,4096x64x1x1
Kcur-17,kernel_concat_f32_non_contiguous,0.399500,16x64x1,0x0x0,192x16x64x1
Vcur_cont-17,kernel_cpy_f32_f32,0.013600,1024x64x1,64x1x1,128x16x64x1
cache_k_l17 (view),kernel_set_rows_f16_i64,0.015900,65536x1x1,1024x1x1,3072x4096x1x1
cache_v_l17 (view),kernel_set_rows_f16_i64,0.011800,65536x1x1,1024x1x1,2048x4096x1x1
__fattn__-17,flash_attn_f32_f16,4.700400,64x16x0,16x1x0,128x16x64x1
node_1113,kernel_transpose_32_16,0.009600,512x16x0,1x16x0,2048x64x1x1
node_1113,kernel_mul_mat_Ab_Bi_8x4,0.384100,8x512x1,1x128x1,2048x64x1x1
ffn_inp-17,kernel_add,0.021600,4096x1x1,64x1x1,2048x64x1x1
ffn_norm-17,kernel_rms_norm_mul,0.019300,65536x1x1,1024x1x1,2048x64x1x1
ffn_moe_logits-17,kernel_mul_mm_f32_f32_l4_lm,0.516400,128x1x1,128x1x1,64x64x1x1
ffn_moe_probs-17,kernel_soft_max_4,0.003700,4096x1x1,64x1x1,64x64x1x1
ffn_moe_argsort-17,kernel_argsort_f32_i32,0.015100,64x64x1,64x1x1,64x64x1x1
ffn_moe_weights-17,kernel_get_rows_f32,0.004200,384x64x1,64x1x1,1x6x64x1
ffn_moe_weights_scaled-17,kernel_scale,0.001700,96x1x1,64x1x1,1x6x64x1
ffn_moe_gate-17,kernel_mul_mv_id_q4_0_f32_8x_flat,9.222400,11264x1x384,64x1x1,1408x6x64x1
ffn_moe_up-17,kernel_mul_mv_id_q4_0_f32_8x_flat,9.260400,11264x1x384,64x1x1,1408x6x64x1
ffn_moe_weighted-17,kernel_swiglu,0.084000,196608x1x1,512x1x1,1408x6x64x1
ffn_moe_down-17,kernel_mul_mv_id_q4_0_f32_8x_flat,9.908100,16384x1x384,64x1x1,2048x6x64x1
node_1129,kernel_mul,0.099000,384x64x1,64x1x1,2048x6x64x1
ffn_gate-17,kernel_transpose_32_16,0.011000,512x16x0,1x16x0,2816x64x1x1
ffn_gate-17,kernel_mul_mat_Ab_Bi_8x4,0.384400,8x704x1,1x128x1,2816x64x1x1
ffn_up-17,kernel_transpose_32_16,0.009700,512x16x0,1x16x0,2816x64x1x1
ffn_up-17,kernel_mul_mat_Ab_Bi_8x4,0.385500,8x704x1,1x128x1,2816x64x1x1
ffn_swiglu-17,kernel_swiglu,0.023400,32768x1x1,512x1x1,2816x64x1x1
node_1139,kernel_add,0.024600,4096x1x1,64x1x1,2048x64x1x1
node_1140,kernel_add,0.020600,4096x1x1,64x1x1,2048x64x1x1
node_1141,kernel_add,0.017200,4096x1x1,64x1x1,2048x64x1x1
node_1142,kernel_add,0.017200,4096x1x1,64x1x1,2048x64x1x1
ffn_moe_out-17,kernel_add,0.017700,4096x1x1,64x1x1,2048x64x1x1
ffn_shexp-17,kernel_transpose_32_16,0.012500,704x16x0,1x16x0,2048x64x1x1
ffn_shexp-17,kernel_mul_mat_Ab_Bi_8x4,0.530100,8x512x1,1x128x1,2048x64x1x1
ffn_out-17,kernel_add,0.021500,4096x1x1,64x1x1,2048x64x1x1
l_out-17,kernel_add,0.018000,4096x1x1,64x1x1,2048x64x1x1
attn_norm-18,kernel_rms_norm_mul,0.019200,65536x1x1,1024x1x1,2048x64x1x1
q-18,kernel_transpose_32_16,0.006800,512x16x0,1x16x0,3072x64x1x1
q-18,kernel_mul_mat_Ab_Bi_8x4,0.387100,8x768x1,1x128x1,3072x64x1x1
q_pe-18,kernel_rope_norm_f32,0.012200,1024x64x1,64x1x1,64x16x64x1
Qcur-18,kernel_concat_f32_non_contiguous,0.350000,16x64x1,0x0x0,192x16x64x1
kv_cmpr_pe-18,kernel_transpose_32_16,0.009300,512x16x0,1x16x0,576x64x1x1
kv_cmpr_pe-18,kernel_mul_mat_Ab_Bi_8x4,0.316000,8x144x1,1x128x1,576x64x1x1
k_pe-18,kernel_rope_norm_f32,0.002700,64x64x1,64x1x1,64x1x64x1
node_1157,kernel_repeat,0.286300,16x64x1,0x0x0,64x16x64x1
kv_cmpr-18,kernel_rms_norm_mul,0.010000,32768x1x1,512x1x1,512x64x1x1
kv-18,kernel_transpose_32_16,0.004200,128x16x0,1x16x0,4096x64x1x1
kv-18,kernel_mul_mat_Ab_Bi_8x4,0.134000,8x1024x1,1x128x1,4096x64x1x1
Kcur-18,kernel_concat_f32_non_contiguous,0.388400,16x64x1,0x0x0,192x16x64x1
Vcur_cont-18,kernel_cpy_f32_f32,0.010300,1024x64x1,64x1x1,128x16x64x1
cache_k_l18 (view),kernel_set_rows_f16_i64,0.015600,65536x1x1,1024x1x1,3072x4096x1x1
cache_v_l18 (view),kernel_set_rows_f16_i64,0.011800,65536x1x1,1024x1x1,2048x4096x1x1
__fattn__-18,flash_attn_f32_f16,4.700700,64x16x0,16x1x0,128x16x64x1
node_1178,kernel_transpose_32_16,0.009700,512x16x0,1x16x0,2048x64x1x1
node_1178,kernel_mul_mat_Ab_Bi_8x4,0.381000,8x512x1,1x128x1,2048x64x1x1
ffn_inp-18,kernel_add,0.020800,4096x1x1,64x1x1,2048x64x1x1
ffn_norm-18,kernel_rms_norm_mul,0.019800,65536x1x1,1024x1x1,2048x64x1x1
ffn_moe_logits-18,kernel_mul_mm_f32_f32_l4_lm,0.500100,128x1x1,128x1x1,64x64x1x1
ffn_moe_probs-18,kernel_soft_max_4,0.004000,4096x1x1,64x1x1,64x64x1x1
ffn_moe_argsort-18,kernel_argsort_f32_i32,0.015200,64x64x1,64x1x1,64x64x1x1
ffn_moe_weights-18,kernel_get_rows_f32,0.004400,384x64x1,64x1x1,1x6x64x1
ffn_moe_weights_scaled-18,kernel_scale,0.002100,96x1x1,64x1x1,1x6x64x1
ffn_moe_gate-18,kernel_mul_mv_id_q4_0_f32_8x_flat,9.117000,11264x1x384,64x1x1,1408x6x64x1
ffn_moe_up-18,kernel_mul_mv_id_q4_0_f32_8x_flat,9.184500,11264x1x384,64x1x1,1408x6x64x1
ffn_moe_weighted-18,kernel_swiglu,0.082500,196608x1x1,512x1x1,1408x6x64x1
ffn_moe_down-18,kernel_mul_mv_id_q4_0_f32_8x_flat,9.841600,16384x1x384,64x1x1,2048x6x64x1
node_1194,kernel_mul,0.101000,384x64x1,64x1x1,2048x6x64x1
ffn_gate-18,kernel_transpose_32_16,0.011300,512x16x0,1x16x0,2816x64x1x1
ffn_gate-18,kernel_mul_mat_Ab_Bi_8x4,0.383700,8x704x1,1x128x1,2816x64x1x1
ffn_up-18,kernel_transpose_32_16,0.010400,512x16x0,1x16x0,2816x64x1x1
ffn_up-18,kernel_mul_mat_Ab_Bi_8x4,0.384600,8x704x1,1x128x1,2816x64x1x1
ffn_swiglu-18,kernel_swiglu,0.022900,32768x1x1,512x1x1,2816x64x1x1
node_1204,kernel_add,0.024900,4096x1x1,64x1x1,2048x64x1x1
node_1205,kernel_add,0.017100,4096x1x1,64x1x1,2048x64x1x1
node_1206,kernel_add,0.017300,4096x1x1,64x1x1,2048x64x1x1
node_1207,kernel_add,0.017300,4096x1x1,64x1x1,2048x64x1x1
ffn_moe_out-18,kernel_add,0.017100,4096x1x1,64x1x1,2048x64x1x1
ffn_shexp-18,kernel_transpose_32_16,0.013000,704x16x0,1x16x0,2048x64x1x1
ffn_shexp-18,kernel_mul_mat_Ab_Bi_8x4,0.522600,8x512x1,1x128x1,2048x64x1x1
ffn_out-18,kernel_add,0.020700,4096x1x1,64x1x1,2048x64x1x1
l_out-18,kernel_add,0.018200,4096x1x1,64x1x1,2048x64x1x1
attn_norm-19,kernel_rms_norm_mul,0.019500,65536x1x1,1024x1x1,2048x64x1x1
q-19,kernel_transpose_32_16,0.009400,512x16x0,1x16x0,3072x64x1x1
q-19,kernel_mul_mat_Ab_Bi_8x4,0.388400,8x768x1,1x128x1,3072x64x1x1
q_pe-19,kernel_rope_norm_f32,0.012400,1024x64x1,64x1x1,64x16x64x1
Qcur-19,kernel_concat_f32_non_contiguous,0.349600,16x64x1,0x0x0,192x16x64x1
kv_cmpr_pe-19,kernel_transpose_32_16,0.010700,512x16x0,1x16x0,576x64x1x1
kv_cmpr_pe-19,kernel_mul_mat_Ab_Bi_8x4,0.317300,8x144x1,1x128x1,576x64x1x1
k_pe-19,kernel_rope_norm_f32,0.002800,64x64x1,64x1x1,64x1x64x1
node_1222,kernel_repeat,0.284500,16x64x1,0x0x0,64x16x64x1
kv_cmpr-19,kernel_rms_norm_mul,0.009700,32768x1x1,512x1x1,512x64x1x1
kv-19,kernel_transpose_32_16,0.004000,128x16x0,1x16x0,4096x64x1x1
kv-19,kernel_mul_mat_Ab_Bi_8x4,0.136500,8x1024x1,1x128x1,4096x64x1x1
Kcur-19,kernel_concat_f32_non_contiguous,0.385500,16x64x1,0x0x0,192x16x64x1
Vcur_cont-19,kernel_cpy_f32_f32,0.013200,1024x64x1,64x1x1,128x16x64x1
cache_k_l19 (view),kernel_set_rows_f16_i64,0.015800,65536x1x1,1024x1x1,3072x4096x1x1
cache_v_l19 (view),kernel_set_rows_f16_i64,0.011800,65536x1x1,1024x1x1,2048x4096x1x1
__fattn__-19,flash_attn_f32_f16,4.725800,64x16x0,16x1x0,128x16x64x1
node_1243,kernel_transpose_32_16,0.009800,512x16x0,1x16x0,2048x64x1x1
node_1243,kernel_mul_mat_Ab_Bi_8x4,0.380100,8x512x1,1x128x1,2048x64x1x1
ffn_inp-19,kernel_add,0.021700,4096x1x1,64x1x1,2048x64x1x1
ffn_norm-19,kernel_rms_norm_mul,0.019400,65536x1x1,1024x1x1,2048x64x1x1
ffn_moe_logits-19,kernel_mul_mm_f32_f32_l4_lm,0.513400,128x1x1,128x1x1,64x64x1x1
ffn_moe_probs-19,kernel_soft_max_4,0.003600,4096x1x1,64x1x1,64x64x1x1
ffn_moe_argsort-19,kernel_argsort_f32_i32,0.015100,64x64x1,64x1x1,64x64x1x1
ffn_moe_weights-19,kernel_get_rows_f32,0.004500,384x64x1,64x1x1,1x6x64x1
ffn_moe_weights_scaled-19,kernel_scale,0.001700,96x1x1,64x1x1,1x6x64x1
ffn_moe_gate-19,kernel_mul_mv_id_q4_0_f32_8x_flat,9.209100,11264x1x384,64x1x1,1408x6x64x1
ffn_moe_up-19,kernel_mul_mv_id_q4_0_f32_8x_flat,9.188000,11264x1x384,64x1x1,1408x6x64x1
ffn_moe_weighted-19,kernel_swiglu,0.082500,196608x1x1,512x1x1,1408x6x64x1
ffn_moe_down-19,kernel_mul_mv_id_q4_0_f32_8x_flat,9.869900,16384x1x384,64x1x1,2048x6x64x1
node_1259,kernel_mul,0.100700,384x64x1,64x1x1,2048x6x64x1
ffn_gate-19,kernel_transpose_32_16,0.011400,512x16x0,1x16x0,2816x64x1x1
ffn_gate-19,kernel_mul_mat_Ab_Bi_8x4,0.387000,8x704x1,1x128x1,2816x64x1x1
ffn_up-19,kernel_transpose_32_16,0.010400,512x16x0,1x16x0,2816x64x1x1
ffn_up-19,kernel_mul_mat_Ab_Bi_8x4,0.387100,8x704x1,1x128x1,2816x64x1x1
ffn_swiglu-19,kernel_swiglu,0.023000,32768x1x1,512x1x1,2816x64x1x1
node_1269,kernel_add,0.024000,4096x1x1,64x1x1,2048x64x1x1
node_1270,kernel_add,0.020500,4096x1x1,64x1x1,2048x64x1x1
node_1271,kernel_add,0.017300,4096x1x1,64x1x1,2048x64x1x1
node_1272,kernel_add,0.017900,4096x1x1,64x1x1,2048x64x1x1
ffn_moe_out-19,kernel_add,0.017100,4096x1x1,64x1x1,2048x64x1x1
ffn_shexp-19,kernel_transpose_32_16,0.013100,704x16x0,1x16x0,2048x64x1x1
ffn_shexp-19,kernel_mul_mat_Ab_Bi_8x4,0.530900,8x512x1,1x128x1,2048x64x1x1
ffn_out-19,kernel_add,0.021400,4096x1x1,64x1x1,2048x64x1x1
l_out-19,kernel_add,0.017800,4096x1x1,64x1x1,2048x64x1x1
attn_norm-20,kernel_rms_norm_mul,0.019100,65536x1x1,1024x1x1,2048x64x1x1
q-20,kernel_transpose_32_16,0.006800,512x16x0,1x16x0,3072x64x1x1
q-20,kernel_mul_mat_Ab_Bi_8x4,0.392000,8x768x1,1x128x1,3072x64x1x1
q_pe-20,kernel_rope_norm_f32,0.009500,1024x64x1,64x1x1,64x16x64x1
Qcur-20,kernel_concat_f32_non_contiguous,0.345500,16x64x1,0x0x0,192x16x64x1
kv_cmpr_pe-20,kernel_transpose_32_16,0.010300,512x16x0,1x16x0,576x64x1x1
kv_cmpr_pe-20,kernel_mul_mat_Ab_Bi_8x4,0.317600,8x144x1,1x128x1,576x64x1x1
k_pe-20,kernel_rope_norm_f32,0.002600,64x64x1,64x1x1,64x1x64x1
node_1287,kernel_repeat,0.286000,16x64x1,0x0x0,64x16x64x1
kv_cmpr-20,kernel_rms_norm_mul,0.010100,32768x1x1,512x1x1,512x64x1x1
kv-20,kernel_transpose_32_16,0.004000,128x16x0,1x16x0,4096x64x1x1
kv-20,kernel_mul_mat_Ab_Bi_8x4,0.134400,8x1024x1,1x128x1,4096x64x1x1
Kcur-20,kernel_concat_f32_non_contiguous,0.392800,16x64x1,0x0x0,192x16x64x1
Vcur_cont-20,kernel_cpy_f32_f32,0.014200,1024x64x1,64x1x1,128x16x64x1
cache_k_l20 (view),kernel_set_rows_f16_i64,0.015500,65536x1x1,1024x1x1,3072x4096x1x1
cache_v_l20 (view),kernel_set_rows_f16_i64,0.011500,65536x1x1,1024x1x1,2048x4096x1x1
__fattn__-20,flash_attn_f32_f16,4.711200,64x16x0,16x1x0,128x16x64x1
node_1308,kernel_transpose_32_16,0.009400,512x16x0,1x16x0,2048x64x1x1
node_1308,kernel_mul_mat_Ab_Bi_8x4,0.379900,8x512x1,1x128x1,2048x64x1x1
ffn_inp-20,kernel_add,0.017000,4096x1x1,64x1x1,2048x64x1x1
ffn_norm-20,kernel_rms_norm_mul,0.019500,65536x1x1,1024x1x1,2048x64x1x1
ffn_moe_logits-20,kernel_mul_mm_f32_f32_l4_lm,0.516000,128x1x1,128x1x1,64x64x1x1
ffn_moe_probs-20,kernel_soft_max_4,0.003600,4096x1x1,64x1x1,64x64x1x1
ffn_moe_argsort-20,kernel_argsort_f32_i32,0.015100,64x64x1,64x1x1,64x64x1x1
ffn_moe_weights-20,kernel_get_rows_f32,0.004200,384x64x1,64x1x1,1x6x64x1
ffn_moe_weights_scaled-20,kernel_scale,0.001800,96x1x1,64x1x1,1x6x64x1
ffn_moe_gate-20,kernel_mul_mv_id_q4_0_f32_8x_flat,9.248700,11264x1x384,64x1x1,1408x6x64x1
ffn_moe_up-20,kernel_mul_mv_id_q4_0_f32_8x_flat,9.218700,11264x1x384,64x1x1,1408x6x64x1
ffn_moe_weighted-20,kernel_swiglu,0.081700,196608x1x1,512x1x1,1408x6x64x1
ffn_moe_down-20,kernel_mul_mv_id_q4_0_f32_8x_flat,9.893200,16384x1x384,64x1x1,2048x6x64x1
node_1324,kernel_mul,0.099400,384x64x1,64x1x1,2048x6x64x1
ffn_gate-20,kernel_transpose_32_16,0.011900,512x16x0,1x16x0,2816x64x1x1
ffn_gate-20,kernel_mul_mat_Ab_Bi_8x4,0.380400,8x704x1,1x128x1,2816x64x1x1
ffn_up-20,kernel_transpose_32_16,0.009800,512x16x0,1x16x0,2816x64x1x1
ffn_up-20,kernel_mul_mat_Ab_Bi_8x4,0.384500,8x704x1,1x128x1,2816x64x1x1
ffn_swiglu-20,kernel_swiglu,0.021400,32768x1x1,512x1x1,2816x64x1x1
node_1334,kernel_add,0.023400,4096x1x1,64x1x1,2048x64x1x1
node_1335,kernel_add,0.020600,4096x1x1,64x1x1,2048x64x1x1
node_1336,kernel_add,0.017200,4096x1x1,64x1x1,2048x64x1x1
node_1337,kernel_add,0.017000,4096x1x1,64x1x1,2048x64x1x1
ffn_moe_out-20,kernel_add,0.017500,4096x1x1,64x1x1,2048x64x1x1
ffn_shexp-20,kernel_transpose_32_16,0.013100,704x16x0,1x16x0,2048x64x1x1
ffn_shexp-20,kernel_mul_mat_Ab_Bi_8x4,0.529100,8x512x1,1x128x1,2048x64x1x1
ffn_out-20,kernel_add,0.016000,4096x1x1,64x1x1,2048x64x1x1
l_out-20,kernel_add,0.019300,4096x1x1,64x1x1,2048x64x1x1
attn_norm-21,kernel_rms_norm_mul,0.019100,65536x1x1,1024x1x1,2048x64x1x1
q-21,kernel_transpose_32_16,0.007000,512x16x0,1x16x0,3072x64x1x1
q-21,kernel_mul_mat_Ab_Bi_8x4,0.391600,8x768x1,1x128x1,3072x64x1x1
q_pe-21,kernel_rope_norm_f32,0.011900,1024x64x1,64x1x1,64x16x64x1
Qcur-21,kernel_concat_f32_non_contiguous,0.347200,16x64x1,0x0x0,192x16x64x1
kv_cmpr_pe-21,kernel_transpose_32_16,0.009900,512x16x0,1x16x0,576x64x1x1
kv_cmpr_pe-21,kernel_mul_mat_Ab_Bi_8x4,0.315200,8x144x1,1x128x1,576x64x1x1
k_pe-21,kernel_rope_norm_f32,0.002800,64x64x1,64x1x1,64x1x64x1
node_1352,kernel_repeat,0.285900,16x64x1,0x0x0,64x16x64x1
kv_cmpr-21,kernel_rms_norm_mul,0.009900,32768x1x1,512x1x1,512x64x1x1
kv-21,kernel_transpose_32_16,0.004300,128x16x0,1x16x0,4096x64x1x1
kv-21,kernel_mul_mat_Ab_Bi_8x4,0.133900,8x1024x1,1x128x1,4096x64x1x1
Kcur-21,kernel_concat_f32_non_contiguous,0.391800,16x64x1,0x0x0,192x16x64x1
Vcur_cont-21,kernel_cpy_f32_f32,0.013800,1024x64x1,64x1x1,128x16x64x1
cache_k_l21 (view),kernel_set_rows_f16_i64,0.014400,65536x1x1,1024x1x1,3072x4096x1x1
cache_v_l21 (view),kernel_set_rows_f16_i64,0.011800,65536x1x1,1024x1x1,2048x4096x1x1
__fattn__-21,flash_attn_f32_f16,4.705700,64x16x0,16x1x0,128x16x64x1
node_1373,kernel_transpose_32_16,0.009400,512x16x0,1x16x0,2048x64x1x1
node_1373,kernel_mul_mat_Ab_Bi_8x4,0.379000,8x512x1,1x128x1,2048x64x1x1
ffn_inp-21,kernel_add,0.021200,4096x1x1,64x1x1,2048x64x1x1
ffn_norm-21,kernel_rms_norm_mul,0.019300,65536x1x1,1024x1x1,2048x64x1x1
ffn_moe_logits-21,kernel_mul_mm_f32_f32_l4_lm,0.507100,128x1x1,128x1x1,64x64x1x1
ffn_moe_probs-21,kernel_soft_max_4,0.004000,4096x1x1,64x1x1,64x64x1x1
ffn_moe_argsort-21,kernel_argsort_f32_i32,0.015100,64x64x1,64x1x1,64x64x1x1
ffn_moe_weights-21,kernel_get_rows_f32,0.004100,384x64x1,64x1x1,1x6x64x1
ffn_moe_weights_scaled-21,kernel_scale,0.001800,96x1x1,64x1x1,1x6x64x1
ffn_moe_gate-21,kernel_mul_mv_id_q4_0_f32_8x_flat,9.219100,11264x1x384,64x1x1,1408x6x64x1
ffn_moe_up-21,kernel_mul_mv_id_q4_0_f32_8x_flat,9.247500,11264x1x384,64x1x1,1408x6x64x1
ffn_moe_weighted-21,kernel_swiglu,0.082400,196608x1x1,512x1x1,1408x6x64x1
ffn_moe_down-21,kernel_mul_mv_id_q4_0_f32_8x_flat,9.901800,16384x1x384,64x1x1,2048x6x64x1
node_1389,kernel_mul,0.101000,384x64x1,64x1x1,2048x6x64x1
ffn_gate-21,kernel_transpose_32_16,0.010600,512x16x0,1x16x0,2816x64x1x1
ffn_gate-21,kernel_mul_mat_Ab_Bi_8x4,0.386200,8x704x1,1x128x1,2816x64x1x1
ffn_up-21,kernel_transpose_32_16,0.010100,512x16x0,1x16x0,2816x64x1x1
ffn_up-21,kernel_mul_mat_Ab_Bi_8x4,0.382000,8x704x1,1x128x1,2816x64x1x1
ffn_swiglu-21,kernel_swiglu,0.023300,32768x1x1,512x1x1,2816x64x1x1
node_1399,kernel_add,0.024000,4096x1x1,64x1x1,2048x64x1x1
node_1400,kernel_add,0.020500,4096x1x1,64x1x1,2048x64x1x1
node_1401,kernel_add,0.017200,4096x1x1,64x1x1,2048x64x1x1
node_1402,kernel_add,0.017800,4096x1x1,64x1x1,2048x64x1x1
ffn_moe_out-21,kernel_add,0.017100,4096x1x1,64x1x1,2048x64x1x1
ffn_shexp-21,kernel_transpose_32_16,0.013100,704x16x0,1x16x0,2048x64x1x1
ffn_shexp-21,kernel_mul_mat_Ab_Bi_8x4,0.528600,8x512x1,1x128x1,2048x64x1x1
ffn_out-21,kernel_add,0.021900,4096x1x1,64x1x1,2048x64x1x1
l_out-21,kernel_add,0.018000,4096x1x1,64x1x1,2048x64x1x1
attn_norm-22,kernel_rms_norm_mul,0.019100,65536x1x1,1024x1x1,2048x64x1x1
q-22,kernel_transpose_32_16,0.009200,512x16x0,1x16x0,3072x64x1x1
q-22,kernel_mul_mat_Ab_Bi_8x4,0.386400,8x768x1,1x128x1,3072x64x1x1
q_pe-22,kernel_rope_norm_f32,0.012100,1024x64x1,64x1x1,64x16x64x1
Qcur-22,kernel_concat_f32_non_contiguous,0.348200,16x64x1,0x0x0,192x16x64x1
kv_cmpr_pe-22,kernel_transpose_32_16,0.010100,512x16x0,1x16x0,576x64x1x1
kv_cmpr_pe-22,kernel_mul_mat_Ab_Bi_8x4,0.315600,8x144x1,1x128x1,576x64x1x1
k_pe-22,kernel_rope_norm_f32,0.002700,64x64x1,64x1x1,64x1x64x1
node_1417,kernel_repeat,0.285800,16x64x1,0x0x0,64x16x64x1
kv_cmpr-22,kernel_rms_norm_mul,0.010000,32768x1x1,512x1x1,512x64x1x1
kv-22,kernel_transpose_32_16,0.004000,128x16x0,1x16x0,4096x64x1x1
kv-22,kernel_mul_mat_Ab_Bi_8x4,0.133300,8x1024x1,1x128x1,4096x64x1x1
Kcur-22,kernel_concat_f32_non_contiguous,0.399000,16x64x1,0x0x0,192x16x64x1
Vcur_cont-22,kernel_cpy_f32_f32,0.014100,1024x64x1,64x1x1,128x16x64x1
cache_k_l22 (view),kernel_set_rows_f16_i64,0.015400,65536x1x1,1024x1x1,3072x4096x1x1
cache_v_l22 (view),kernel_set_rows_f16_i64,0.011300,65536x1x1,1024x1x1,2048x4096x1x1
__fattn__-22,flash_attn_f32_f16,4.704400,64x16x0,16x1x0,128x16x64x1
node_1438,kernel_transpose_32_16,0.009400,512x16x0,1x16x0,2048x64x1x1
node_1438,kernel_mul_mat_Ab_Bi_8x4,0.379000,8x512x1,1x128x1,2048x64x1x1
ffn_inp-22,kernel_add,0.021200,4096x1x1,64x1x1,2048x64x1x1
ffn_norm-22,kernel_rms_norm_mul,0.019300,65536x1x1,1024x1x1,2048x64x1x1
ffn_moe_logits-22,kernel_mul_mm_f32_f32_l4_lm,0.508300,128x1x1,128x1x1,64x64x1x1
ffn_moe_probs-22,kernel_soft_max_4,0.003700,4096x1x1,64x1x1,64x64x1x1
ffn_moe_argsort-22,kernel_argsort_f32_i32,0.015200,64x64x1,64x1x1,64x64x1x1
ffn_moe_weights-22,kernel_get_rows_f32,0.004200,384x64x1,64x1x1,1x6x64x1
ffn_moe_weights_scaled-22,kernel_scale,0.002100,96x1x1,64x1x1,1x6x64x1
ffn_moe_gate-22,kernel_mul_mv_id_q4_0_f32_8x_flat,9.212600,11264x1x384,64x1x1,1408x6x64x1
ffn_moe_up-22,kernel_mul_mv_id_q4_0_f32_8x_flat,9.182300,11264x1x384,64x1x1,1408x6x64x1
ffn_moe_weighted-22,kernel_swiglu,0.081900,196608x1x1,512x1x1,1408x6x64x1
ffn_moe_down-22,kernel_mul_mv_id_q4_0_f32_8x_flat,9.863800,16384x1x384,64x1x1,2048x6x64x1
node_1454,kernel_mul,0.099000,384x64x1,64x1x1,2048x6x64x1
ffn_gate-22,kernel_transpose_32_16,0.011000,512x16x0,1x16x0,2816x64x1x1
ffn_gate-22,kernel_mul_mat_Ab_Bi_8x4,0.385600,8x704x1,1x128x1,2816x64x1x1
ffn_up-22,kernel_transpose_32_16,0.009600,512x16x0,1x16x0,2816x64x1x1
ffn_up-22,kernel_mul_mat_Ab_Bi_8x4,0.384400,8x704x1,1x128x1,2816x64x1x1
ffn_swiglu-22,kernel_swiglu,0.024400,32768x1x1,512x1x1,2816x64x1x1
node_1464,kernel_add,0.023400,4096x1x1,64x1x1,2048x64x1x1
node_1465,kernel_add,0.021200,4096x1x1,64x1x1,2048x64x1x1
node_1466,kernel_add,0.017200,4096x1x1,64x1x1,2048x64x1x1
node_1467,kernel_add,0.017800,4096x1x1,64x1x1,2048x64x1x1
ffn_moe_out-22,kernel_add,0.017300,4096x1x1,64x1x1,2048x64x1x1
ffn_shexp-22,kernel_transpose_32_16,0.011500,704x16x0,1x16x0,2048x64x1x1
ffn_shexp-22,kernel_mul_mat_Ab_Bi_8x4,0.527000,8x512x1,1x128x1,2048x64x1x1
ffn_out-22,kernel_add,0.020500,4096x1x1,64x1x1,2048x64x1x1
l_out-22,kernel_add,0.018200,4096x1x1,64x1x1,2048x64x1x1
attn_norm-23,kernel_rms_norm_mul,0.019400,65536x1x1,1024x1x1,2048x64x1x1
q-23,kernel_transpose_32_16,0.006600,512x16x0,1x16x0,3072x64x1x1
q-23,kernel_mul_mat_Ab_Bi_8x4,0.388100,8x768x1,1x128x1,3072x64x1x1
q_pe-23,kernel_rope_norm_f32,0.012200,1024x64x1,64x1x1,64x16x64x1
Qcur-23,kernel_concat_f32_non_contiguous,0.344000,16x64x1,0x0x0,192x16x64x1
kv_cmpr_pe-23,kernel_transpose_32_16,0.010200,512x16x0,1x16x0,576x64x1x1
kv_cmpr_pe-23,kernel_mul_mat_Ab_Bi_8x4,0.318000,8x144x1,1x128x1,576x64x1x1
k_pe-23,kernel_rope_norm_f32,0.002800,64x64x1,64x1x1,64x1x64x1
node_1482,kernel_repeat,0.284300,16x64x1,0x0x0,64x16x64x1
kv_cmpr-23,kernel_rms_norm_mul,0.010000,32768x1x1,512x1x1,512x64x1x1
kv-23,kernel_transpose_32_16,0.003900,128x16x0,1x16x0,4096x64x1x1
kv-23,kernel_mul_mat_Ab_Bi_8x4,0.134200,8x1024x1,1x128x1,4096x64x1x1
Kcur-23,kernel_concat_f32_non_contiguous,0.388800,16x64x1,0x0x0,192x16x64x1
Vcur_cont-23,kernel_cpy_f32_f32,0.013100,1024x64x1,64x1x1,128x16x64x1
cache_k_l23 (view),kernel_set_rows_f16_i64,0.016100,65536x1x1,1024x1x1,3072x4096x1x1
cache_v_l23 (view),kernel_set_rows_f16_i64,0.012000,65536x1x1,1024x1x1,2048x4096x1x1
__fattn__-23,flash_attn_f32_f16,4.704000,64x16x0,16x1x0,128x16x64x1
node_1503,kernel_transpose_32_16,0.009500,512x16x0,1x16x0,2048x64x1x1
node_1503,kernel_mul_mat_Ab_Bi_8x4,0.381300,8x512x1,1x128x1,2048x64x1x1
ffn_inp-23,kernel_add,0.021600,4096x1x1,64x1x1,2048x64x1x1
ffn_norm-23,kernel_rms_norm_mul,0.019500,65536x1x1,1024x1x1,2048x64x1x1
ffn_moe_logits-23,kernel_mul_mm_f32_f32_l4_lm,0.515200,128x1x1,128x1x1,64x64x1x1
ffn_moe_probs-23,kernel_soft_max_4,0.003600,4096x1x1,64x1x1,64x64x1x1
ffn_moe_argsort-23,kernel_argsort_f32_i32,0.015200,64x64x1,64x1x1,64x64x1x1
ffn_moe_weights-23,kernel_get_rows_f32,0.004100,384x64x1,64x1x1,1x6x64x1
ffn_moe_weights_scaled-23,kernel_scale,0.001900,96x1x1,64x1x1,1x6x64x1
ffn_moe_gate-23,kernel_mul_mv_id_q4_0_f32_8x_flat,9.258700,11264x1x384,64x1x1,1408x6x64x1
ffn_moe_up-23,kernel_mul_mv_id_q4_0_f32_8x_flat,9.261300,11264x1x384,64x1x1,1408x6x64x1
ffn_moe_weighted-23,kernel_swiglu,0.082100,196608x1x1,512x1x1,1408x6x64x1
ffn_moe_down-23,kernel_mul_mv_id_q4_0_f32_8x_flat,9.906100,16384x1x384,64x1x1,2048x6x64x1
node_1519,kernel_mul,0.100400,384x64x1,64x1x1,2048x6x64x1
ffn_gate-23,kernel_transpose_32_16,0.011100,512x16x0,1x16x0,2816x64x1x1
ffn_gate-23,kernel_mul_mat_Ab_Bi_8x4,0.379400,8x704x1,1x128x1,2816x64x1x1
ffn_up-23,kernel_transpose_32_16,0.010400,512x16x0,1x16x0,2816x64x1x1
ffn_up-23,kernel_mul_mat_Ab_Bi_8x4,0.384000,8x704x1,1x128x1,2816x64x1x1
ffn_swiglu-23,kernel_swiglu,0.022800,32768x1x1,512x1x1,2816x64x1x1
node_1529,kernel_add,0.020700,4096x1x1,64x1x1,2048x64x1x1
node_1530,kernel_add,0.019800,4096x1x1,64x1x1,2048x64x1x1
node_1531,kernel_add,0.018000,4096x1x1,64x1x1,2048x64x1x1
node_1532,kernel_add,0.017300,4096x1x1,64x1x1,2048x64x1x1
ffn_moe_out-23,kernel_add,0.017000,4096x1x1,64x1x1,2048x64x1x1
ffn_shexp-23,kernel_transpose_32_16,0.012700,704x16x0,1x16x0,2048x64x1x1
ffn_shexp-23,kernel_mul_mat_Ab_Bi_8x4,0.523600,8x512x1,1x128x1,2048x64x1x1
ffn_out-23,kernel_add,0.022400,4096x1x1,64x1x1,2048x64x1x1
l_out-23,kernel_add,0.016800,4096x1x1,64x1x1,2048x64x1x1
attn_norm-24,kernel_rms_norm_mul,0.019200,65536x1x1,1024x1x1,2048x64x1x1
q-24,kernel_transpose_32_16,0.006800,512x16x0,1x16x0,3072x64x1x1
q-24,kernel_mul_mat_Ab_Bi_8x4,0.389900,8x768x1,1x128x1,3072x64x1x1
q_pe-24,kernel_rope_norm_f32,0.012000,1024x64x1,64x1x1,64x16x64x1
Qcur-24,kernel_concat_f32_non_contiguous,0.351000,16x64x1,0x0x0,192x16x64x1
kv_cmpr_pe-24,kernel_transpose_32_16,0.010200,512x16x0,1x16x0,576x64x1x1
kv_cmpr_pe-24,kernel_mul_mat_Ab_Bi_8x4,0.315600,8x144x1,1x128x1,576x64x1x1
k_pe-24,kernel_rope_norm_f32,0.003100,64x64x1,64x1x1,64x1x64x1
node_1547,kernel_repeat,0.283900,16x64x1,0x0x0,64x16x64x1
kv_cmpr-24,kernel_rms_norm_mul,0.009600,32768x1x1,512x1x1,512x64x1x1
kv-24,kernel_transpose_32_16,0.003900,128x16x0,1x16x0,4096x64x1x1
kv-24,kernel_mul_mat_Ab_Bi_8x4,0.134100,8x1024x1,1x128x1,4096x64x1x1
Kcur-24,kernel_concat_f32_non_contiguous,0.396900,16x64x1,0x0x0,192x16x64x1
Vcur_cont-24,kernel_cpy_f32_f32,0.013600,1024x64x1,64x1x1,128x16x64x1
cache_k_l24 (view),kernel_set_rows_f16_i64,0.016200,65536x1x1,1024x1x1,3072x4096x1x1
cache_v_l24 (view),kernel_set_rows_f16_i64,0.011100,65536x1x1,1024x1x1,2048x4096x1x1
__fattn__-24,flash_attn_f32_f16,4.708500,64x16x0,16x1x0,128x16x64x1
node_1568,kernel_transpose_32_16,0.009500,512x16x0,1x16x0,2048x64x1x1
node_1568,kernel_mul_mat_Ab_Bi_8x4,0.377800,8x512x1,1x128x1,2048x64x1x1
ffn_inp-24,kernel_add,0.021000,4096x1x1,64x1x1,2048x64x1x1
ffn_norm-24,kernel_rms_norm_mul,0.019500,65536x1x1,1024x1x1,2048x64x1x1
ffn_moe_logits-24,kernel_mul_mm_f32_f32_l4_lm,0.514400,128x1x1,128x1x1,64x64x1x1
ffn_moe_probs-24,kernel_soft_max_4,0.003800,4096x1x1,64x1x1,64x64x1x1
ffn_moe_argsort-24,kernel_argsort_f32_i32,0.015400,64x64x1,64x1x1,64x64x1x1
ffn_moe_weights-24,kernel_get_rows_f32,0.004200,384x64x1,64x1x1,1x6x64x1
ffn_moe_weights_scaled-24,kernel_scale,0.001900,96x1x1,64x1x1,1x6x64x1
ffn_moe_gate-24,kernel_mul_mv_id_q4_0_f32_8x_flat,9.186900,11264x1x384,64x1x1,1408x6x64x1
ffn_moe_up-24,kernel_mul_mv_id_q4_0_f32_8x_flat,9.193000,11264x1x384,64x1x1,1408x6x64x1
ffn_moe_weighted-24,kernel_swiglu,0.081700,196608x1x1,512x1x1,1408x6x64x1
ffn_moe_down-24,kernel_mul_mv_id_q4_0_f32_8x_flat,9.882900,16384x1x384,64x1x1,2048x6x64x1
node_1584,kernel_mul,0.100800,384x64x1,64x1x1,2048x6x64x1
ffn_gate-24,kernel_transpose_32_16,0.010100,512x16x0,1x16x0,2816x64x1x1
ffn_gate-24,kernel_mul_mat_Ab_Bi_8x4,0.381900,8x704x1,1x128x1,2816x64x1x1
ffn_up-24,kernel_transpose_32_16,0.010000,512x16x0,1x16x0,2816x64x1x1
ffn_up-24,kernel_mul_mat_Ab_Bi_8x4,0.381600,8x704x1,1x128x1,2816x64x1x1
ffn_swiglu-24,kernel_swiglu,0.023100,32768x1x1,512x1x1,2816x64x1x1
node_1594,kernel_add,0.024300,4096x1x1,64x1x1,2048x64x1x1
node_1595,kernel_add,0.021500,4096x1x1,64x1x1,2048x64x1x1
node_1596,kernel_add,0.017400,4096x1x1,64x1x1,2048x64x1x1
node_1597,kernel_add,0.016600,4096x1x1,64x1x1,2048x64x1x1
ffn_moe_out-24,kernel_add,0.018200,4096x1x1,64x1x1,2048x64x1x1
ffn_shexp-24,kernel_transpose_32_16,0.012900,704x16x0,1x16x0,2048x64x1x1
ffn_shexp-24,kernel_mul_mat_Ab_Bi_8x4,0.532800,8x512x1,1x128x1,2048x64x1x1
ffn_out-24,kernel_add,0.020600,4096x1x1,64x1x1,2048x64x1x1
l_out-24,kernel_add,0.018700,4096x1x1,64x1x1,2048x64x1x1
attn_norm-25,kernel_rms_norm_mul,0.019200,65536x1x1,1024x1x1,2048x64x1x1
q-25,kernel_transpose_32_16,0.006600,512x16x0,1x16x0,3072x64x1x1
q-25,kernel_mul_mat_Ab_Bi_8x4,0.387100,8x768x1,1x128x1,3072x64x1x1
q_pe-25,kernel_rope_norm_f32,0.011800,1024x64x1,64x1x1,64x16x64x1
Qcur-25,kernel_concat_f32_non_contiguous,0.349100,16x64x1,0x0x0,192x16x64x1
kv_cmpr_pe-25,kernel_transpose_32_16,0.010900,512x16x0,1x16x0,576x64x1x1
kv_cmpr_pe-25,kernel_mul_mat_Ab_Bi_8x4,0.316800,8x144x1,1x128x1,576x64x1x1
k_pe-25,kernel_rope_norm_f32,0.002500,64x64x1,64x1x1,64x1x64x1
node_1612,kernel_repeat,0.286000,16x64x1,0x0x0,64x16x64x1
kv_cmpr-25,kernel_rms_norm_mul,0.010100,32768x1x1,512x1x1,512x64x1x1
kv-25,kernel_transpose_32_16,0.004200,128x16x0,1x16x0,4096x64x1x1
kv-25,kernel_mul_mat_Ab_Bi_8x4,0.133100,8x1024x1,1x128x1,4096x64x1x1
Kcur-25,kernel_concat_f32_non_contiguous,0.395100,16x64x1,0x0x0,192x16x64x1
Vcur_cont-25,kernel_cpy_f32_f32,0.013600,1024x64x1,64x1x1,128x16x64x1
cache_k_l25 (view),kernel_set_rows_f16_i64,0.016300,65536x1x1,1024x1x1,3072x4096x1x1
cache_v_l25 (view),kernel_set_rows_f16_i64,0.011400,65536x1x1,1024x1x1,2048x4096x1x1
__fattn__-25,flash_attn_f32_f16,4.715800,64x16x0,16x1x0,128x16x64x1
node_1633,kernel_transpose_32_16,0.010100,512x16x0,1x16x0,2048x64x1x1
node_1633,kernel_mul_mat_Ab_Bi_8x4,0.381100,8x512x1,1x128x1,2048x64x1x1
ffn_inp-25,kernel_add,0.021600,4096x1x1,64x1x1,2048x64x1x1
ffn_norm-25,kernel_rms_norm_mul,0.019400,65536x1x1,1024x1x1,2048x64x1x1
ffn_moe_logits-25,kernel_mul_mm_f32_f32_l4_lm,0.510800,128x1x1,128x1x1,64x64x1x1
ffn_moe_probs-25,kernel_soft_max_4,0.003500,4096x1x1,64x1x1,64x64x1x1
ffn_moe_argsort-25,kernel_argsort_f32_i32,0.015200,64x64x1,64x1x1,64x64x1x1
ffn_moe_weights-25,kernel_get_rows_f32,0.004000,384x64x1,64x1x1,1x6x64x1
ffn_moe_weights_scaled-25,kernel_scale,0.001800,96x1x1,64x1x1,1x6x64x1
ffn_moe_gate-25,kernel_mul_mv_id_q4_0_f32_8x_flat,9.277600,11264x1x384,64x1x1,1408x6x64x1
ffn_moe_up-25,kernel_mul_mv_id_q4_0_f32_8x_flat,9.296900,11264x1x384,64x1x1,1408x6x64x1
ffn_moe_weighted-25,kernel_swiglu,0.081900,196608x1x1,512x1x1,1408x6x64x1
ffn_moe_down-25,kernel_mul_mv_id_q4_0_f32_8x_flat,9.885600,16384x1x384,64x1x1,2048x6x64x1
node_1649,kernel_mul,0.100600,384x64x1,64x1x1,2048x6x64x1
ffn_gate-25,kernel_transpose_32_16,0.011200,512x16x0,1x16x0,2816x64x1x1
ffn_gate-25,kernel_mul_mat_Ab_Bi_8x4,0.383100,8x704x1,1x128x1,2816x64x1x1
ffn_up-25,kernel_transpose_32_16,0.010200,512x16x0,1x16x0,2816x64x1x1
ffn_up-25,kernel_mul_mat_Ab_Bi_8x4,0.385100,8x704x1,1x128x1,2816x64x1x1
ffn_swiglu-25,kernel_swiglu,0.023200,32768x1x1,512x1x1,2816x64x1x1
node_1659,kernel_add,0.024200,4096x1x1,64x1x1,2048x64x1x1
node_1660,kernel_add,0.020200,4096x1x1,64x1x1,2048x64x1x1
node_1661,kernel_add,0.017600,4096x1x1,64x1x1,2048x64x1x1
node_1662,kernel_add,0.017200,4096x1x1,64x1x1,2048x64x1x1
ffn_moe_out-25,kernel_add,0.017800,4096x1x1,64x1x1,2048x64x1x1
ffn_shexp-25,kernel_transpose_32_16,0.012300,704x16x0,1x16x0,2048x64x1x1
ffn_shexp-25,kernel_mul_mat_Ab_Bi_8x4,0.522300,8x512x1,1x128x1,2048x64x1x1
ffn_out-25,kernel_add,0.022000,4096x1x1,64x1x1,2048x64x1x1
l_out-25,kernel_add,0.017900,4096x1x1,64x1x1,2048x64x1x1
attn_norm-26,kernel_rms_norm_mul,0.019100,65536x1x1,1024x1x1,2048x64x1x1
q-26,kernel_transpose_32_16,0.006700,512x16x0,1x16x0,3072x64x1x1
q-26,kernel_mul_mat_Ab_Bi_8x4,0.390200,8x768x1,1x128x1,3072x64x1x1
q_pe-26,kernel_rope_norm_f32,0.012300,1024x64x1,64x1x1,64x16x64x1
Qcur-26,kernel_concat_f32_non_contiguous,0.350900,16x64x1,0x0x0,192x16x64x1
kv_cmpr_pe-26,kernel_transpose_32_16,0.009600,512x16x0,1x16x0,576x64x1x1
kv_cmpr_pe-26,kernel_mul_mat_Ab_Bi_8x4,0.316300,8x144x1,1x128x1,576x64x1x1
k_pe-26,kernel_rope_norm_f32,0.002800,64x64x1,64x1x1,64x1x64x1
node_1677,kernel_repeat,0.285200,16x64x1,0x0x0,64x16x64x1
kv_cmpr-26,kernel_rms_norm_mul,0.010100,32768x1x1,512x1x1,512x64x1x1
kv-26,kernel_transpose_32_16,0.004000,128x16x0,1x16x0,4096x64x1x1
kv-26,kernel_mul_mat_Ab_Bi_8x4,0.132100,8x1024x1,1x128x1,4096x64x1x1
Kcur-26,kernel_concat_f32_non_contiguous,0.386800,16x64x1,0x0x0,192x16x64x1
Vcur_cont-26,kernel_cpy_f32_f32,0.010300,1024x64x1,64x1x1,128x16x64x1
cache_k_l26 (view),kernel_set_rows_f16_i64,0.015600,65536x1x1,1024x1x1,3072x4096x1x1
cache_v_l26 (view),kernel_set_rows_f16_i64,0.011300,65536x1x1,1024x1x1,2048x4096x1x1
__fattn__-26,flash_attn_f32_f16,4.686500,64x16x0,16x1x0,128x16x64x1
node_1698,kernel_transpose_32_16,0.009600,512x16x0,1x16x0,2048x64x1x1
node_1698,kernel_mul_mat_Ab_Bi_8x4,0.377000,8x512x1,1x128x1,2048x64x1x1
attn_norm-0,kernel_rms_norm_mul,0.021500,65536x1x1,1024x1x1,2048x64x1x1
q-0,kernel_transpose_32_16,0.011000,512x16x0,1x16x0,3072x64x1x1
q-0,kernel_mul_mat_Ab_Bi_8x4,0.388900,8x768x1,1x128x1,3072x64x1x1
q_pe-0,kernel_rope_norm_f32,0.011800,1024x64x1,64x1x1,64x16x64x1
Qcur-0,kernel_concat_f32_non_contiguous,0.344800,16x64x1,0x0x0,192x16x64x1
kv_cmpr_pe-0,kernel_transpose_32_16,0.011000,512x16x0,1x16x0,576x64x1x1
kv_cmpr_pe-0,kernel_mul_mat_Ab_Bi_8x4,0.317200,8x144x1,1x128x1,576x64x1x1
k_pe-0,kernel_rope_norm_f32,0.002800,64x64x1,64x1x1,64x1x64x1
node_11,kernel_repeat,0.283600,16x64x1,0x0x0,64x16x64x1
kv_cmpr-0,kernel_rms_norm_mul,0.009800,32768x1x1,512x1x1,512x64x1x1
kv-0,kernel_transpose_32_16,0.004100,128x16x0,1x16x0,4096x64x1x1
kv-0,kernel_mul_mat_Ab_Bi_8x4,0.133700,8x1024x1,1x128x1,4096x64x1x1
Kcur-0,kernel_concat_f32_non_contiguous,0.383900,16x64x1,0x0x0,192x16x64x1
Vcur_cont-0,kernel_cpy_f32_f32,0.014000,1024x64x1,64x1x1,128x16x64x1
cache_k_l0 (view),kernel_set_rows_f16_i64,0.015200,65536x1x1,1024x1x1,3072x4096x1x1
cache_v_l0 (view),kernel_set_rows_f16_i64,0.011100,65536x1x1,1024x1x1,2048x4096x1x1
 (copy),kernel_cpy_f32_f16,0.005000,4096x1x1,64x1x1,512x64x1x1
__fattn__-0,flash_attn_f32_f16,9.382900,64x16x0,16x1x0,128x16x64x1
node_33,kernel_transpose_32_16,0.010000,512x16x0,1x16x0,2048x64x1x1
node_33,kernel_mul_mat_Ab_Bi_8x4,0.381500,8x512x1,1x128x1,2048x64x1x1
ffn_inp-0,kernel_add,0.022600,4096x1x1,64x1x1,2048x64x1x1
ffn_norm-0,kernel_rms_norm_mul,0.019100,65536x1x1,1024x1x1,2048x64x1x1
ffn_gate-0,kernel_transpose_32_16,0.009700,512x16x0,1x16x0,10944x64x1x1
ffn_gate-0,kernel_mul_mat_Ab_Bi_8x4,1.160600,8x2736x1,1x128x1,10944x64x1x1
ffn_up-0,kernel_transpose_32_16,0.010700,512x16x0,1x16x0,10944x64x1x1
ffn_up-0,kernel_mul_mat_Ab_Bi_8x4,1.163500,8x2736x1,1x128x1,10944x64x1x1
ffn_swiglu-0,kernel_swiglu,0.113800,32768x1x1,512x1x1,10944x64x1x1
ffn_out-0,kernel_transpose_32_16,0.042000,2736x16x0,1x16x0,2048x64x1x1
ffn_out-0,kernel_mul_mat_Ab_Bi_8x4,1.912800,8x512x1,1x128x1,2048x64x1x1
l_out-0,kernel_add,0.021500,4096x1x1,64x1x1,2048x64x1x1
attn_norm-1,kernel_rms_norm_mul,0.019200,65536x1x1,1024x1x1,2048x64x1x1
q-1,kernel_transpose_32_16,0.006700,512x16x0,1x16x0,3072x64x1x1
q-1,kernel_mul_mat_Ab_Bi_8x4,0.389100,8x768x1,1x128x1,3072x64x1x1
q_pe-1,kernel_rope_norm_f32,0.012000,1024x64x1,64x1x1,64x16x64x1
Qcur-1,kernel_concat_f32_non_contiguous,0.345800,16x64x1,0x0x0,192x16x64x1
kv_cmpr_pe-1,kernel_transpose_32_16,0.010100,512x16x0,1x16x0,576x64x1x1
kv_cmpr_pe-1,kernel_mul_mat_Ab_Bi_8x4,0.317600,8x144x1,1x128x1,576x64x1x1
k_pe-1,kernel_rope_norm_f32,0.002600,64x64x1,64x1x1,64x1x64x1
node_52,kernel_repeat,0.284500,16x64x1,0x0x0,64x16x64x1
kv_cmpr-1,kernel_rms_norm_mul,0.009800,32768x1x1,512x1x1,512x64x1x1
kv-1,kernel_transpose_32_16,0.004200,128x16x0,1x16x0,4096x64x1x1
kv-1,kernel_mul_mat_Ab_Bi_8x4,0.133700,8x1024x1,1x128x1,4096x64x1x1
Kcur-1,kernel_concat_f32_non_contiguous,0.393100,16x64x1,0x0x0,192x16x64x1
Vcur_cont-1,kernel_cpy_f32_f32,0.013100,1024x64x1,64x1x1,128x16x64x1
cache_k_l1 (view),kernel_set_rows_f16_i64,0.016300,65536x1x1,1024x1x1,3072x4096x1x1
cache_v_l1 (view),kernel_set_rows_f16_i64,0.011300,65536x1x1,1024x1x1,2048x4096x1x1
__fattn__-1,flash_attn_f32_f16,9.390000,64x16x0,16x1x0,128x16x64x1
node_73,kernel_transpose_32_16,0.009800,512x16x0,1x16x0,2048x64x1x1
node_73,kernel_mul_mat_Ab_Bi_8x4,0.385200,8x512x1,1x128x1,2048x64x1x1
ffn_inp-1,kernel_add,0.021700,4096x1x1,64x1x1,2048x64x1x1
ffn_norm-1,kernel_rms_norm_mul,0.019600,65536x1x1,1024x1x1,2048x64x1x1
ffn_moe_logits-1,kernel_mul_mm_f32_f32_l4_lm,0.504400,128x1x1,128x1x1,64x64x1x1
ffn_moe_probs-1,kernel_soft_max_4,0.003500,4096x1x1,64x1x1,64x64x1x1
ffn_moe_argsort-1,kernel_argsort_f32_i32,0.015100,64x64x1,64x1x1,64x64x1x1
ffn_moe_weights-1,kernel_get_rows_f32,0.004200,384x64x1,64x1x1,1x6x64x1
ffn_moe_weights_scaled-1,kernel_scale,0.001800,96x1x1,64x1x1,1x6x64x1
ffn_moe_gate-1,kernel_mul_mv_id_q4_0_f32_8x_flat,9.135400,11264x1x384,64x1x1,1408x6x64x1
ffn_moe_up-1,kernel_mul_mv_id_q4_0_f32_8x_flat,9.254300,11264x1x384,64x1x1,1408x6x64x1
ffn_moe_weighted-1,kernel_swiglu,0.081000,196608x1x1,512x1x1,1408x6x64x1
ffn_moe_down-1,kernel_mul_mv_id_q4_0_f32_8x_flat,9.884700,16384x1x384,64x1x1,2048x6x64x1
node_89,kernel_mul,0.102100,384x64x1,64x1x1,2048x6x64x1
ffn_gate-1,kernel_transpose_32_16,0.011400,512x16x0,1x16x0,2816x64x1x1
ffn_gate-1,kernel_mul_mat_Ab_Bi_8x4,0.379700,8x704x1,1x128x1,2816x64x1x1
ffn_up-1,kernel_transpose_32_16,0.010100,512x16x0,1x16x0,2816x64x1x1
ffn_up-1,kernel_mul_mat_Ab_Bi_8x4,0.384300,8x704x1,1x128x1,2816x64x1x1
ffn_swiglu-1,kernel_swiglu,0.023200,32768x1x1,512x1x1,2816x64x1x1
node_99,kernel_add,0.024500,4096x1x1,64x1x1,2048x64x1x1
node_100,kernel_add,0.020500,4096x1x1,64x1x1,2048x64x1x1
node_101,kernel_add,0.017800,4096x1x1,64x1x1,2048x64x1x1
node_102,kernel_add,0.017100,4096x1x1,64x1x1,2048x64x1x1
ffn_moe_out-1,kernel_add,0.017800,4096x1x1,64x1x1,2048x64x1x1
ffn_shexp-1,kernel_transpose_32_16,0.012900,704x16x0,1x16x0,2048x64x1x1
ffn_shexp-1,kernel_mul_mat_Ab_Bi_8x4,0.534900,8x512x1,1x128x1,2048x64x1x1
ffn_out-1,kernel_add,0.021300,4096x1x1,64x1x1,2048x64x1x1
l_out-1,kernel_add,0.018200,4096x1x1,64x1x1,2048x64x1x1
attn_norm-2,kernel_rms_norm_mul,0.019200,65536x1x1,1024x1x1,2048x64x1x1
q-2,kernel_transpose_32_16,0.007000,512x16x0,1x16x0,3072x64x1x1
q-2,kernel_mul_mat_Ab_Bi_8x4,0.387700,8x768x1,1x128x1,3072x64x1x1
q_pe-2,kernel_rope_norm_f32,0.012200,1024x64x1,64x1x1,64x16x64x1
Qcur-2,kernel_concat_f32_non_contiguous,0.349700,16x64x1,0x0x0,192x16x64x1
kv_cmpr_pe-2,kernel_transpose_32_16,0.009300,512x16x0,1x16x0,576x64x1x1
kv_cmpr_pe-2,kernel_mul_mat_Ab_Bi_8x4,0.316000,8x144x1,1x128x1,576x64x1x1
k_pe-2,kernel_rope_norm_f32,0.002800,64x64x1,64x1x1,64x1x64x1
node_117,kernel_repeat,0.287000,16x64x1,0x0x0,64x16x64x1
kv_cmpr-2,kernel_rms_norm_mul,0.009800,32768x1x1,512x1x1,512x64x1x1
kv-2,kernel_transpose_32_16,0.003900,128x16x0,1x16x0,4096x64x1x1
kv-2,kernel_mul_mat_Ab_Bi_8x4,0.135300,8x1024x1,1x128x1,4096x64x1x1
Kcur-2,kernel_concat_f32_non_contiguous,0.394200,16x64x1,0x0x0,192x16x64x1
Vcur_cont-2,kernel_cpy_f32_f32,0.010300,1024x64x1,64x1x1,128x16x64x1
cache_k_l2 (view),kernel_set_rows_f16_i64,0.015600,65536x1x1,1024x1x1,3072x4096x1x1
cache_v_l2 (view),kernel_set_rows_f16_i64,0.011200,65536x1x1,1024x1x1,2048x4096x1x1
__fattn__-2,flash_attn_f32_f16,9.362100,64x16x0,16x1x0,128x16x64x1
node_138,kernel_transpose_32_16,0.009900,512x16x0,1x16x0,2048x64x1x1
node_138,kernel_mul_mat_Ab_Bi_8x4,0.377100,8x512x1,1x128x1,2048x64x1x1
ffn_inp-2,kernel_add,0.021400,4096x1x1,64x1x1,2048x64x1x1
ffn_norm-2,kernel_rms_norm_mul,0.019200,65536x1x1,1024x1x1,2048x64x1x1
ffn_moe_logits-2,kernel_mul_mm_f32_f32_l4_lm,0.493800,128x1x1,128x1x1,64x64x1x1
ffn_moe_probs-2,kernel_soft_max_4,0.003600,4096x1x1,64x1x1,64x64x1x1
ffn_moe_argsort-2,kernel_argsort_f32_i32,0.015000,64x64x1,64x1x1,64x64x1x1
ffn_moe_weights-2,kernel_get_rows_f32,0.004300,384x64x1,64x1x1,1x6x64x1
ffn_moe_weights_scaled-2,kernel_scale,0.001800,96x1x1,64x1x1,1x6x64x1
ffn_moe_gate-2,kernel_mul_mv_id_q4_0_f32_8x_flat,9.196600,11264x1x384,64x1x1,1408x6x64x1
ffn_moe_up-2,kernel_mul_mv_id_q4_0_f32_8x_flat,9.217100,11264x1x384,64x1x1,1408x6x64x1
ffn_moe_weighted-2,kernel_swiglu,0.082200,196608x1x1,512x1x1,1408x6x64x1
ffn_moe_down-2,kernel_mul_mv_id_q4_0_f32_8x_flat,9.868300,16384x1x384,64x1x1,2048x6x64x1
node_154,kernel_mul,0.100000,384x64x1,64x1x1,2048x6x64x1
ffn_gate-2,kernel_transpose_32_16,0.011000,512x16x0,1x16x0,2816x64x1x1
ffn_gate-2,kernel_mul_mat_Ab_Bi_8x4,0.383300,8x704x1,1x128x1,2816x64x1x1
ffn_up-2,kernel_transpose_32_16,0.010200,512x16x0,1x16x0,2816x64x1x1
ffn_up-2,kernel_mul_mat_Ab_Bi_8x4,0.385600,8x704x1,1x128x1,2816x64x1x1
ffn_swiglu-2,kernel_swiglu,0.023200,32768x1x1,512x1x1,2816x64x1x1
node_164,kernel_add,0.024300,4096x1x1,64x1x1,2048x64x1x1
node_165,kernel_add,0.016700,4096x1x1,64x1x1,2048x64x1x1
node_166,kernel_add,0.017400,4096x1x1,64x1x1,2048x64x1x1
node_167,kernel_add,0.017300,4096x1x1,64x1x1,2048x64x1x1
ffn_moe_out-2,kernel_add,0.017200,4096x1x1,64x1x1,2048x64x1x1
ffn_shexp-2,kernel_transpose_32_16,0.013000,704x16x0,1x16x0,2048x64x1x1
ffn_shexp-2,kernel_mul_mat_Ab_Bi_8x4,0.526800,8x512x1,1x128x1,2048x64x1x1
ffn_out-2,kernel_add,0.020400,4096x1x1,64x1x1,2048x64x1x1
l_out-2,kernel_add,0.018500,4096x1x1,64x1x1,2048x64x1x1
attn_norm-3,kernel_rms_norm_mul,0.019800,65536x1x1,1024x1x1,2048x64x1x1
q-3,kernel_transpose_32_16,0.009400,512x16x0,1x16x0,3072x64x1x1
q-3,kernel_mul_mat_Ab_Bi_8x4,0.388400,8x768x1,1x128x1,3072x64x1x1
q_pe-3,kernel_rope_norm_f32,0.011900,1024x64x1,64x1x1,64x16x64x1
Qcur-3,kernel_concat_f32_non_contiguous,0.348900,16x64x1,0x0x0,192x16x64x1
kv_cmpr_pe-3,kernel_transpose_32_16,0.010300,512x16x0,1x16x0,576x64x1x1
kv_cmpr_pe-3,kernel_mul_mat_Ab_Bi_8x4,0.314900,8x144x1,1x128x1,576x64x1x1
k_pe-3,kernel_rope_norm_f32,0.002600,64x64x1,64x1x1,64x1x64x1
node_182,kernel_repeat,0.284700,16x64x1,0x0x0,64x16x64x1
kv_cmpr-3,kernel_rms_norm_mul,0.009600,32768x1x1,512x1x1,512x64x1x1
kv-3,kernel_transpose_32_16,0.003900,128x16x0,1x16x0,4096x64x1x1
kv-3,kernel_mul_mat_Ab_Bi_8x4,0.135100,8x1024x1,1x128x1,4096x64x1x1
Kcur-3,kernel_concat_f32_non_contiguous,0.396500,16x64x1,0x0x0,192x16x64x1
Vcur_cont-3,kernel_cpy_f32_f32,0.013700,1024x64x1,64x1x1,128x16x64x1
cache_k_l3 (view),kernel_set_rows_f16_i64,0.015900,65536x1x1,1024x1x1,3072x4096x1x1
cache_v_l3 (view),kernel_set_rows_f16_i64,0.011400,65536x1x1,1024x1x1,2048x4096x1x1
__fattn__-3,flash_attn_f32_f16,9.355100,64x16x0,16x1x0,128x16x64x1
node_203,kernel_transpose_32_16,0.010000,512x16x0,1x16x0,2048x64x1x1
node_203,kernel_mul_mat_Ab_Bi_8x4,0.376700,8x512x1,1x128x1,2048x64x1x1
ffn_inp-3,kernel_add,0.020700,4096x1x1,64x1x1,2048x64x1x1
ffn_norm-3,kernel_rms_norm_mul,0.019100,65536x1x1,1024x1x1,2048x64x1x1
ffn_moe_logits-3,kernel_mul_mm_f32_f32_l4_lm,0.504700,128x1x1,128x1x1,64x64x1x1
ffn_moe_probs-3,kernel_soft_max_4,0.003600,4096x1x1,64x1x1,64x64x1x1
ffn_moe_argsort-3,kernel_argsort_f32_i32,0.015200,64x64x1,64x1x1,64x64x1x1
ffn_moe_weights-3,kernel_get_rows_f32,0.004500,384x64x1,64x1x1,1x6x64x1
ffn_moe_weights_scaled-3,kernel_scale,0.001700,96x1x1,64x1x1,1x6x64x1
ffn_moe_gate-3,kernel_mul_mv_id_q4_0_f32_8x_flat,9.133100,11264x1x384,64x1x1,1408x6x64x1
ffn_moe_up-3,kernel_mul_mv_id_q4_0_f32_8x_flat,9.114300,11264x1x384,64x1x1,1408x6x64x1
ffn_moe_weighted-3,kernel_swiglu,0.082100,196608x1x1,512x1x1,1408x6x64x1
ffn_moe_down-3,kernel_mul_mv_id_q4_0_f32_8x_flat,9.847300,16384x1x384,64x1x1,2048x6x64x1
node_219,kernel_mul,0.098800,384x64x1,64x1x1,2048x6x64x1
ffn_gate-3,kernel_transpose_32_16,0.011300,512x16x0,1x16x0,2816x64x1x1
ffn_gate-3,kernel_mul_mat_Ab_Bi_8x4,0.386700,8x704x1,1x128x1,2816x64x1x1
ffn_up-3,kernel_transpose_32_16,0.009900,512x16x0,1x16x0,2816x64x1x1
ffn_up-3,kernel_mul_mat_Ab_Bi_8x4,0.383000,8x704x1,1x128x1,2816x64x1x1
ffn_swiglu-3,kernel_swiglu,0.023200,32768x1x1,512x1x1,2816x64x1x1
node_229,kernel_add,0.024100,4096x1x1,64x1x1,2048x64x1x1
node_230,kernel_add,0.020100,4096x1x1,64x1x1,2048x64x1x1
node_231,kernel_add,0.018100,4096x1x1,64x1x1,2048x64x1x1
node_232,kernel_add,0.017300,4096x1x1,64x1x1,2048x64x1x1
ffn_moe_out-3,kernel_add,0.017200,4096x1x1,64x1x1,2048x64x1x1
ffn_shexp-3,kernel_transpose_32_16,0.012600,704x16x0,1x16x0,2048x64x1x1
ffn_shexp-3,kernel_mul_mat_Ab_Bi_8x4,0.530200,8x512x1,1x128x1,2048x64x1x1
ffn_out-3,kernel_add,0.022300,4096x1x1,64x1x1,2048x64x1x1
l_out-3,kernel_add,0.018200,4096x1x1,64x1x1,2048x64x1x1
attn_norm-4,kernel_rms_norm_mul,0.019100,65536x1x1,1024x1x1,2048x64x1x1
q-4,kernel_transpose_32_16,0.006800,512x16x0,1x16x0,3072x64x1x1
q-4,kernel_mul_mat_Ab_Bi_8x4,0.387300,8x768x1,1x128x1,3072x64x1x1
q_pe-4,kernel_rope_norm_f32,0.009200,1024x64x1,64x1x1,64x16x64x1
Qcur-4,kernel_concat_f32_non_contiguous,0.344000,16x64x1,0x0x0,192x16x64x1
kv_cmpr_pe-4,kernel_transpose_32_16,0.010400,512x16x0,1x16x0,576x64x1x1
kv_cmpr_pe-4,kernel_mul_mat_Ab_Bi_8x4,0.317100,8x144x1,1x128x1,576x64x1x1
k_pe-4,kernel_rope_norm_f32,0.002800,64x64x1,64x1x1,64x1x64x1
node_247,kernel_repeat,0.285400,16x64x1,0x0x0,64x16x64x1
kv_cmpr-4,kernel_rms_norm_mul,0.009600,32768x1x1,512x1x1,512x64x1x1
kv-4,kernel_transpose_32_16,0.003900,128x16x0,1x16x0,4096x64x1x1
kv-4,kernel_mul_mat_Ab_Bi_8x4,0.133300,8x1024x1,1x128x1,4096x64x1x1
Kcur-4,kernel_concat_f32_non_contiguous,0.393900,16x64x1,0x0x0,192x16x64x1
Vcur_cont-4,kernel_cpy_f32_f32,0.014300,1024x64x1,64x1x1,128x16x64x1
cache_k_l4 (view),kernel_set_rows_f16_i64,0.016000,65536x1x1,1024x1x1,3072x4096x1x1
cache_v_l4 (view),kernel_set_rows_f16_i64,0.011300,65536x1x1,1024x1x1,2048x4096x1x1
__fattn__-4,flash_attn_f32_f16,9.376900,64x16x0,16x1x0,128x16x64x1
node_268,kernel_transpose_32_16,0.009700,512x16x0,1x16x0,2048x64x1x1
node_268,kernel_mul_mat_Ab_Bi_8x4,0.381200,8x512x1,1x128x1,2048x64x1x1
ffn_inp-4,kernel_add,0.016900,4096x1x1,64x1x1,2048x64x1x1
ffn_norm-4,kernel_rms_norm_mul,0.019500,65536x1x1,1024x1x1,2048x64x1x1
ffn_moe_logits-4,kernel_mul_mm_f32_f32_l4_lm,0.505100,128x1x1,128x1x1,64x64x1x1
ffn_moe_probs-4,kernel_soft_max_4,0.003800,4096x1x1,64x1x1,64x64x1x1
ffn_moe_argsort-4,kernel_argsort_f32_i32,0.015400,64x64x1,64x1x1,64x64x1x1
ffn_moe_weights-4,kernel_get_rows_f32,0.004200,384x64x1,64x1x1,1x6x64x1
ffn_moe_weights_scaled-4,kernel_scale,0.001800,96x1x1,64x1x1,1x6x64x1
ffn_moe_gate-4,kernel_mul_mv_id_q4_0_f32_8x_flat,9.156100,11264x1x384,64x1x1,1408x6x64x1
ffn_moe_up-4,kernel_mul_mv_id_q4_0_f32_8x_flat,9.123800,11264x1x384,64x1x1,1408x6x64x1
ffn_moe_weighted-4,kernel_swiglu,0.083000,196608x1x1,512x1x1,1408x6x64x1
ffn_moe_down-4,kernel_mul_mv_id_q4_0_f32_8x_flat,9.851300,16384x1x384,64x1x1,2048x6x64x1
node_284,kernel_mul,0.099700,384x64x1,64x1x1,2048x6x64x1
ffn_gate-4,kernel_transpose_32_16,0.011500,512x16x0,1x16x0,2816x64x1x1
ffn_gate-4,kernel_mul_mat_Ab_Bi_8x4,0.383800,8x704x1,1x128x1,2816x64x1x1
ffn_up-4,kernel_transpose_32_16,0.010000,512x16x0,1x16x0,2816x64x1x1
ffn_up-4,kernel_mul_mat_Ab_Bi_8x4,0.382100,8x704x1,1x128x1,2816x64x1x1
ffn_swiglu-4,kernel_swiglu,0.021100,32768x1x1,512x1x1,2816x64x1x1
node_294,kernel_add,0.023200,4096x1x1,64x1x1,2048x64x1x1
node_295,kernel_add,0.020400,4096x1x1,64x1x1,2048x64x1x1
node_296,kernel_add,0.017400,4096x1x1,64x1x1,2048x64x1x1
node_297,kernel_add,0.017500,4096x1x1,64x1x1,2048x64x1x1
ffn_moe_out-4,kernel_add,0.017000,4096x1x1,64x1x1,2048x64x1x1
ffn_shexp-4,kernel_transpose_32_16,0.013100,704x16x0,1x16x0,2048x64x1x1
ffn_shexp-4,kernel_mul_mat_Ab_Bi_8x4,0.535400,8x512x1,1x128x1,2048x64x1x1
ffn_out-4,kernel_add,0.015600,4096x1x1,64x1x1,2048x64x1x1
l_out-4,kernel_add,0.018500,4096x1x1,64x1x1,2048x64x1x1
attn_norm-5,kernel_rms_norm_mul,0.019300,65536x1x1,1024x1x1,2048x64x1x1
q-5,kernel_transpose_32_16,0.006900,512x16x0,1x16x0,3072x64x1x1
q-5,kernel_mul_mat_Ab_Bi_8x4,0.391400,8x768x1,1x128x1,3072x64x1x1
q_pe-5,kernel_rope_norm_f32,0.012100,1024x64x1,64x1x1,64x16x64x1
Qcur-5,kernel_concat_f32_non_contiguous,0.347900,16x64x1,0x0x0,192x16x64x1
kv_cmpr_pe-5,kernel_transpose_32_16,0.011200,512x16x0,1x16x0,576x64x1x1
kv_cmpr_pe-5,kernel_mul_mat_Ab_Bi_8x4,0.318900,8x144x1,1x128x1,576x64x1x1
k_pe-5,kernel_rope_norm_f32,0.002800,64x64x1,64x1x1,64x1x64x1
node_312,kernel_repeat,0.283900,16x64x1,0x0x0,64x16x64x1
kv_cmpr-5,kernel_rms_norm_mul,0.009700,32768x1x1,512x1x1,512x64x1x1
kv-5,kernel_transpose_32_16,0.004200,128x16x0,1x16x0,4096x64x1x1
kv-5,kernel_mul_mat_Ab_Bi_8x4,0.135200,8x1024x1,1x128x1,4096x64x1x1
Kcur-5,kernel_concat_f32_non_contiguous,0.388800,16x64x1,0x0x0,192x16x64x1
Vcur_cont-5,kernel_cpy_f32_f32,0.013700,1024x64x1,64x1x1,128x16x64x1
cache_k_l5 (view),kernel_set_rows_f16_i64,0.014300,65536x1x1,1024x1x1,3072x4096x1x1
cache_v_l5 (view),kernel_set_rows_f16_i64,0.011400,65536x1x1,1024x1x1,2048x4096x1x1
__fattn__-5,flash_attn_f32_f16,9.383900,64x16x0,16x1x0,128x16x64x1
node_333,kernel_transpose_32_16,0.009700,512x16x0,1x16x0,2048x64x1x1
node_333,kernel_mul_mat_Ab_Bi_8x4,0.376800,8x512x1,1x128x1,2048x64x1x1
ffn_inp-5,kernel_add,0.021000,4096x1x1,64x1x1,2048x64x1x1
ffn_norm-5,kernel_rms_norm_mul,0.019600,65536x1x1,1024x1x1,2048x64x1x1
ffn_moe_logits-5,kernel_mul_mm_f32_f32_l4_lm,0.503700,128x1x1,128x1x1,64x64x1x1
ffn_moe_probs-5,kernel_soft_max_4,0.004100,4096x1x1,64x1x1,64x64x1x1
ffn_moe_argsort-5,kernel_argsort_f32_i32,0.015100,64x64x1,64x1x1,64x64x1x1
ffn_moe_weights-5,kernel_get_rows_f32,0.004000,384x64x1,64x1x1,1x6x64x1
ffn_moe_weights_scaled-5,kernel_scale,0.001900,96x1x1,64x1x1,1x6x64x1
ffn_moe_gate-5,kernel_mul_mv_id_q4_0_f32_8x_flat,9.052400,11264x1x384,64x1x1,1408x6x64x1
ffn_moe_up-5,kernel_mul_mv_id_q4_0_f32_8x_flat,9.058600,11264x1x384,64x1x1,1408x6x64x1
ffn_moe_weighted-5,kernel_swiglu,0.081900,196608x1x1,512x1x1,1408x6x64x1
ffn_moe_down-5,kernel_mul_mv_id_q4_0_f32_8x_flat,9.810400,16384x1x384,64x1x1,2048x6x64x1
node_349,kernel_mul,0.101000,384x64x1,64x1x1,2048x6x64x1
ffn_gate-5,kernel_transpose_32_16,0.011200,512x16x0,1x16x0,2816x64x1x1
ffn_gate-5,kernel_mul_mat_Ab_Bi_8x4,0.383500,8x704x1,1x128x1,2816x64x1x1
ffn_up-5,kernel_transpose_32_16,0.009700,512x16x0,1x16x0,2816x64x1x1
ffn_up-5,kernel_mul_mat_Ab_Bi_8x4,0.383500,8x704x1,1x128x1,2816x64x1x1
ffn_swiglu-5,kernel_swiglu,0.023100,32768x1x1,512x1x1,2816x64x1x1
node_359,kernel_add,0.024200,4096x1x1,64x1x1,2048x64x1x1
node_360,kernel_add,0.020800,4096x1x1,64x1x1,2048x64x1x1
node_361,kernel_add,0.017200,4096x1x1,64x1x1,2048x64x1x1
node_362,kernel_add,0.018300,4096x1x1,64x1x1,2048x64x1x1
ffn_moe_out-5,kernel_add,0.017200,4096x1x1,64x1x1,2048x64x1x1
ffn_shexp-5,kernel_transpose_32_16,0.012900,704x16x0,1x16x0,2048x64x1x1
ffn_shexp-5,kernel_mul_mat_Ab_Bi_8x4,0.521200,8x512x1,1x128x1,2048x64x1x1
ffn_out-5,kernel_add,0.021400,4096x1x1,64x1x1,2048x64x1x1
l_out-5,kernel_add,0.017700,4096x1x1,64x1x1,2048x64x1x1
attn_norm-6,kernel_rms_norm_mul,0.019100,65536x1x1,1024x1x1,2048x64x1x1
q-6,kernel_transpose_32_16,0.009300,512x16x0,1x16x0,3072x64x1x1
q-6,kernel_mul_mat_Ab_Bi_8x4,0.388300,8x768x1,1x128x1,3072x64x1x1
q_pe-6,kernel_rope_norm_f32,0.012400,1024x64x1,64x1x1,64x16x64x1
Qcur-6,kernel_concat_f32_non_contiguous,0.346100,16x64x1,0x0x0,192x16x64x1
kv_cmpr_pe-6,kernel_transpose_32_16,0.010800,512x16x0,1x16x0,576x64x1x1
kv_cmpr_pe-6,kernel_mul_mat_Ab_Bi_8x4,0.317300,8x144x1,1x128x1,576x64x1x1
k_pe-6,kernel_rope_norm_f32,0.002600,64x64x1,64x1x1,64x1x64x1
node_377,kernel_repeat,0.283700,16x64x1,0x0x0,64x16x64x1
kv_cmpr-6,kernel_rms_norm_mul,0.009900,32768x1x1,512x1x1,512x64x1x1
kv-6,kernel_transpose_32_16,0.004100,128x16x0,1x16x0,4096x64x1x1
kv-6,kernel_mul_mat_Ab_Bi_8x4,0.133700,8x1024x1,1x128x1,4096x64x1x1
Kcur-6,kernel_concat_f32_non_contiguous,0.391800,16x64x1,0x0x0,192x16x64x1
Vcur_cont-6,kernel_cpy_f32_f32,0.014200,1024x64x1,64x1x1,128x16x64x1
cache_k_l6 (view),kernel_set_rows_f16_i64,0.015900,65536x1x1,1024x1x1,3072x4096x1x1
cache_v_l6 (view),kernel_set_rows_f16_i64,0.011500,65536x1x1,1024x1x1,2048x4096x1x1
__fattn__-6,flash_attn_f32_f16,9.359200,64x16x0,16x1x0,128x16x64x1
node_398,kernel_transpose_32_16,0.009500,512x16x0,1x16x0,2048x64x1x1
node_398,kernel_mul_mat_Ab_Bi_8x4,0.384100,8x512x1,1x128x1,2048x64x1x1
ffn_inp-6,kernel_add,0.020800,4096x1x1,64x1x1,2048x64x1x1
ffn_norm-6,kernel_rms_norm_mul,0.019300,65536x1x1,1024x1x1,2048x64x1x1
ffn_moe_logits-6,kernel_mul_mm_f32_f32_l4_lm,0.503400,128x1x1,128x1x1,64x64x1x1
ffn_moe_probs-6,kernel_soft_max_4,0.003700,4096x1x1,64x1x1,64x64x1x1
ffn_moe_argsort-6,kernel_argsort_f32_i32,0.015100,64x64x1,64x1x1,64x64x1x1
ffn_moe_weights-6,kernel_get_rows_f32,0.004100,384x64x1,64x1x1,1x6x64x1
ffn_moe_weights_scaled-6,kernel_scale,0.002100,96x1x1,64x1x1,1x6x64x1
ffn_moe_gate-6,kernel_mul_mv_id_q4_0_f32_8x_flat,9.121500,11264x1x384,64x1x1,1408x6x64x1
ffn_moe_up-6,kernel_mul_mv_id_q4_0_f32_8x_flat,9.174000,11264x1x384,64x1x1,1408x6x64x1
ffn_moe_weighted-6,kernel_swiglu,0.083100,196608x1x1,512x1x1,1408x6x64x1
ffn_moe_down-6,kernel_mul_mv_id_q4_0_f32_8x_flat,9.863100,16384x1x384,64x1x1,2048x6x64x1
node_414,kernel_mul,0.100500,384x64x1,64x1x1,2048x6x64x1
ffn_gate-6,kernel_transpose_32_16,0.010800,512x16x0,1x16x0,2816x64x1x1
ffn_gate-6,kernel_mul_mat_Ab_Bi_8x4,0.384500,8x704x1,1x128x1,2816x64x1x1
ffn_up-6,kernel_transpose_32_16,0.009100,512x16x0,1x16x0,2816x64x1x1
ffn_up-6,kernel_mul_mat_Ab_Bi_8x4,0.383300,8x704x1,1x128x1,2816x64x1x1
ffn_swiglu-6,kernel_swiglu,0.023000,32768x1x1,512x1x1,2816x64x1x1
node_424,kernel_add,0.025000,4096x1x1,64x1x1,2048x64x1x1
node_425,kernel_add,0.020700,4096x1x1,64x1x1,2048x64x1x1
node_426,kernel_add,0.017200,4096x1x1,64x1x1,2048x64x1x1
node_427,kernel_add,0.017300,4096x1x1,64x1x1,2048x64x1x1
ffn_moe_out-6,kernel_add,0.016900,4096x1x1,64x1x1,2048x64x1x1
ffn_shexp-6,kernel_transpose_32_16,0.011500,704x16x0,1x16x0,2048x64x1x1
ffn_shexp-6,kernel_mul_mat_Ab_Bi_8x4,0.523500,8x512x1,1x128x1,2048x64x1x1
ffn_out-6,kernel_add,0.020400,4096x1x1,64x1x1,2048x64x1x1
l_out-6,kernel_add,0.018600,4096x1x1,64x1x1,2048x64x1x1
attn_norm-7,kernel_rms_norm_mul,0.019400,65536x1x1,1024x1x1,2048x64x1x1
q-7,kernel_transpose_32_16,0.006700,512x16x0,1x16x0,3072x64x1x1
q-7,kernel_mul_mat_Ab_Bi_8x4,0.388900,8x768x1,1x128x1,3072x64x1x1
q_pe-7,kernel_rope_norm_f32,0.012000,1024x64x1,64x1x1,64x16x64x1
Qcur-7,kernel_concat_f32_non_contiguous,0.344500,16x64x1,0x0x0,192x16x64x1
kv_cmpr_pe-7,kernel_transpose_32_16,0.010200,512x16x0,1x16x0,576x64x1x1
kv_cmpr_pe-7,kernel_mul_mat_Ab_Bi_8x4,0.315900,8x144x1,1x128x1,576x64x1x1
k_pe-7,kernel_rope_norm_f32,0.002700,64x64x1,64x1x1,64x1x64x1
node_442,kernel_repeat,0.286500,16x64x1,0x0x0,64x16x64x1
kv_cmpr-7,kernel_rms_norm_mul,0.010000,32768x1x1,512x1x1,512x64x1x1
kv-7,kernel_transpose_32_16,0.004200,128x16x0,1x16x0,4096x64x1x1
kv-7,kernel_mul_mat_Ab_Bi_8x4,0.135000,8x1024x1,1x128x1,4096x64x1x1
Kcur-7,kernel_concat_f32_non_contiguous,0.395600,16x64x1,0x0x0,192x16x64x1
Vcur_cont-7,kernel_cpy_f32_f32,0.013400,1024x64x1,64x1x1,128x16x64x1
cache_k_l7 (view),kernel_set_rows_f16_i64,0.016200,65536x1x1,1024x1x1,3072x4096x1x1
cache_v_l7 (view),kernel_set_rows_f16_i64,0.012300,65536x1x1,1024x1x1,2048x4096x1x1
__fattn__-7,flash_attn_f32_f16,9.382900,64x16x0,16x1x0,128x16x64x1
node_463,kernel_transpose_32_16,0.009600,512x16x0,1x16x0,2048x64x1x1
node_463,kernel_mul_mat_Ab_Bi_8x4,0.373800,8x512x1,1x128x1,2048x64x1x1
ffn_inp-7,kernel_add,0.021700,4096x1x1,64x1x1,2048x64x1x1
ffn_norm-7,kernel_rms_norm_mul,0.019400,65536x1x1,1024x1x1,2048x64x1x1
ffn_moe_logits-7,kernel_mul_mm_f32_f32_l4_lm,0.503400,128x1x1,128x1x1,64x64x1x1
ffn_moe_probs-7,kernel_soft_max_4,0.003600,4096x1x1,64x1x1,64x64x1x1
ffn_moe_argsort-7,kernel_argsort_f32_i32,0.015200,64x64x1,64x1x1,64x64x1x1
ffn_moe_weights-7,kernel_get_rows_f32,0.004100,384x64x1,64x1x1,1x6x64x1
ffn_moe_weights_scaled-7,kernel_scale,0.001800,96x1x1,64x1x1,1x6x64x1
ffn_moe_gate-7,kernel_mul_mv_id_q4_0_f32_8x_flat,9.192400,11264x1x384,64x1x1,1408x6x64x1
ffn_moe_up-7,kernel_mul_mv_id_q4_0_f32_8x_flat,9.125900,11264x1x384,64x1x1,1408x6x64x1
ffn_moe_weighted-7,kernel_swiglu,0.083300,196608x1x1,512x1x1,1408x6x64x1
ffn_moe_down-7,kernel_mul_mv_id_q4_0_f32_8x_flat,9.827400,16384x1x384,64x1x1,2048x6x64x1
node_479,kernel_mul,0.099500,384x64x1,64x1x1,2048x6x64x1
ffn_gate-7,kernel_transpose_32_16,0.011700,512x16x0,1x16x0,2816x64x1x1
ffn_gate-7,kernel_mul_mat_Ab_Bi_8x4,0.378800,8x704x1,1x128x1,2816x64x1x1
ffn_up-7,kernel_transpose_32_16,0.009900,512x16x0,1x16x0,2816x64x1x1
ffn_up-7,kernel_mul_mat_Ab_Bi_8x4,0.384300,8x704x1,1x128x1,2816x64x1x1
ffn_swiglu-7,kernel_swiglu,0.024000,32768x1x1,512x1x1,2816x64x1x1
node_489,kernel_add,0.020800,4096x1x1,64x1x1,2048x64x1x1
node_490,kernel_add,0.020100,4096x1x1,64x1x1,2048x64x1x1
node_491,kernel_add,0.017300,4096x1x1,64x1x1,2048x64x1x1
node_492,kernel_add,0.017000,4096x1x1,64x1x1,2048x64x1x1
ffn_moe_out-7,kernel_add,0.017000,4096x1x1,64x1x1,2048x64x1x1
ffn_shexp-7,kernel_transpose_32_16,0.013000,704x16x0,1x16x0,2048x64x1x1
ffn_shexp-7,kernel_mul_mat_Ab_Bi_8x4,0.528500,8x512x1,1x128x1,2048x64x1x1
ffn_out-7,kernel_add,0.022200,4096x1x1,64x1x1,2048x64x1x1
l_out-7,kernel_add,0.016900,4096x1x1,64x1x1,2048x64x1x1
attn_norm-8,kernel_rms_norm_mul,0.019400,65536x1x1,1024x1x1,2048x64x1x1
q-8,kernel_transpose_32_16,0.006500,512x16x0,1x16x0,3072x64x1x1
q-8,kernel_mul_mat_Ab_Bi_8x4,0.390800,8x768x1,1x128x1,3072x64x1x1
q_pe-8,kernel_rope_norm_f32,0.011800,1024x64x1,64x1x1,64x16x64x1
Qcur-8,kernel_concat_f32_non_contiguous,0.349400,16x64x1,0x0x0,192x16x64x1
kv_cmpr_pe-8,kernel_transpose_32_16,0.010400,512x16x0,1x16x0,576x64x1x1
kv_cmpr_pe-8,kernel_mul_mat_Ab_Bi_8x4,0.315800,8x144x1,1x128x1,576x64x1x1
k_pe-8,kernel_rope_norm_f32,0.003100,64x64x1,64x1x1,64x1x64x1
node_507,kernel_repeat,0.285800,16x64x1,0x0x0,64x16x64x1
kv_cmpr-8,kernel_rms_norm_mul,0.009500,32768x1x1,512x1x1,512x64x1x1
kv-8,kernel_transpose_32_16,0.004100,128x16x0,1x16x0,4096x64x1x1
kv-8,kernel_mul_mat_Ab_Bi_8x4,0.134300,8x1024x1,1x128x1,4096x64x1x1
Kcur-8,kernel_concat_f32_non_contiguous,0.383300,16x64x1,0x0x0,192x16x64x1
Vcur_cont-8,kernel_cpy_f32_f32,0.014800,1024x64x1,64x1x1,128x16x64x1
cache_k_l8 (view),kernel_set_rows_f16_i64,0.015700,65536x1x1,1024x1x1,3072x4096x1x1
cache_v_l8 (view),kernel_set_rows_f16_i64,0.011100,65536x1x1,1024x1x1,2048x4096x1x1
__fattn__-8,flash_attn_f32_f16,9.362500,64x16x0,16x1x0,128x16x64x1
node_528,kernel_transpose_32_16,0.009700,512x16x0,1x16x0,2048x64x1x1
node_528,kernel_mul_mat_Ab_Bi_8x4,0.378000,8x512x1,1x128x1,2048x64x1x1
ffn_inp-8,kernel_add,0.021500,4096x1x1,64x1x1,2048x64x1x1
ffn_norm-8,kernel_rms_norm_mul,0.019600,65536x1x1,1024x1x1,2048x64x1x1
ffn_moe_logits-8,kernel_mul_mm_f32_f32_l4_lm,0.506900,128x1x1,128x1x1,64x64x1x1
ffn_moe_probs-8,kernel_soft_max_4,0.003600,4096x1x1,64x1x1,64x64x1x1
ffn_moe_argsort-8,kernel_argsort_f32_i32,0.015400,64x64x1,64x1x1,64x64x1x1
ffn_moe_weights-8,kernel_get_rows_f32,0.004000,384x64x1,64x1x1,1x6x64x1
ffn_moe_weights_scaled-8,kernel_scale,0.001800,96x1x1,64x1x1,1x6x64x1
ffn_moe_gate-8,kernel_mul_mv_id_q4_0_f32_8x_flat,9.089900,11264x1x384,64x1x1,1408x6x64x1
ffn_moe_up-8,kernel_mul_mv_id_q4_0_f32_8x_flat,10.567900,11264x1x384,64x1x1,1408x6x64x1
ffn_moe_weighted-8,kernel_swiglu,0.081500,196608x1x1,512x1x1,1408x6x64x1
ffn_moe_down-8,kernel_mul_mv_id_q4_0_f32_8x_flat,9.828000,16384x1x384,64x1x1,2048x6x64x1
node_544,kernel_mul,0.100400,384x64x1,64x1x1,2048x6x64x1
ffn_gate-8,kernel_transpose_32_16,0.010300,512x16x0,1x16x0,2816x64x1x1
ffn_gate-8,kernel_mul_mat_Ab_Bi_8x4,0.380500,8x704x1,1x128x1,2816x64x1x1
ffn_up-8,kernel_transpose_32_16,0.009700,512x16x0,1x16x0,2816x64x1x1
ffn_up-8,kernel_mul_mat_Ab_Bi_8x4,0.385900,8x704x1,1x128x1,2816x64x1x1
ffn_swiglu-8,kernel_swiglu,0.023300,32768x1x1,512x1x1,2816x64x1x1
node_554,kernel_add,0.023900,4096x1x1,64x1x1,2048x64x1x1
node_555,kernel_add,0.020600,4096x1x1,64x1x1,2048x64x1x1
node_556,kernel_add,0.017100,4096x1x1,64x1x1,2048x64x1x1
node_557,kernel_add,0.016700,4096x1x1,64x1x1,2048x64x1x1
ffn_moe_out-8,kernel_add,0.017900,4096x1x1,64x1x1,2048x64x1x1
ffn_shexp-8,kernel_transpose_32_16,0.013300,704x16x0,1x16x0,2048x64x1x1
ffn_shexp-8,kernel_mul_mat_Ab_Bi_8x4,0.533400,8x512x1,1x128x1,2048x64x1x1
ffn_out-8,kernel_add,0.020300,4096x1x1,64x1x1,2048x64x1x1
l_out-8,kernel_add,0.018500,4096x1x1,64x1x1,2048x64x1x1
attn_norm-9,kernel_rms_norm_mul,0.019300,65536x1x1,1024x1x1,2048x64x1x1
q-9,kernel_transpose_32_16,0.006800,512x16x0,1x16x0,3072x64x1x1
q-9,kernel_mul_mat_Ab_Bi_8x4,0.390400,8x768x1,1x128x1,3072x64x1x1
q_pe-9,kernel_rope_norm_f32,0.012800,1024x64x1,64x1x1,64x16x64x1
Qcur-9,kernel_concat_f32_non_contiguous,0.344700,16x64x1,0x0x0,192x16x64x1
kv_cmpr_pe-9,kernel_transpose_32_16,0.010300,512x16x0,1x16x0,576x64x1x1
kv_cmpr_pe-9,kernel_mul_mat_Ab_Bi_8x4,0.318100,8x144x1,1x128x1,576x64x1x1
k_pe-9,kernel_rope_norm_f32,0.002700,64x64x1,64x1x1,64x1x64x1
node_572,kernel_repeat,0.287500,16x64x1,0x0x0,64x16x64x1
kv_cmpr-9,kernel_rms_norm_mul,0.010000,32768x1x1,512x1x1,512x64x1x1
kv-9,kernel_transpose_32_16,0.004200,128x16x0,1x16x0,4096x64x1x1
kv-9,kernel_mul_mat_Ab_Bi_8x4,0.133700,8x1024x1,1x128x1,4096x64x1x1
Kcur-9,kernel_concat_f32_non_contiguous,0.393200,16x64x1,0x0x0,192x16x64x1
Vcur_cont-9,kernel_cpy_f32_f32,0.013800,1024x64x1,64x1x1,128x16x64x1
cache_k_l9 (view),kernel_set_rows_f16_i64,0.015900,65536x1x1,1024x1x1,3072x4096x1x1
cache_v_l9 (view),kernel_set_rows_f16_i64,0.012000,65536x1x1,1024x1x1,2048x4096x1x1
__fattn__-9,flash_attn_f32_f16,9.371400,64x16x0,16x1x0,128x16x64x1
node_593,kernel_transpose_32_16,0.009700,512x16x0,1x16x0,2048x64x1x1
node_593,kernel_mul_mat_Ab_Bi_8x4,0.387900,8x512x1,1x128x1,2048x64x1x1
ffn_inp-9,kernel_add,0.023000,4096x1x1,64x1x1,2048x64x1x1
ffn_norm-9,kernel_rms_norm_mul,0.019400,65536x1x1,1024x1x1,2048x64x1x1
ffn_moe_logits-9,kernel_mul_mm_f32_f32_l4_lm,0.502600,128x1x1,128x1x1,64x64x1x1
ffn_moe_probs-9,kernel_soft_max_4,0.003700,4096x1x1,64x1x1,64x64x1x1
ffn_moe_argsort-9,kernel_argsort_f32_i32,0.015300,64x64x1,64x1x1,64x64x1x1
ffn_moe_weights-9,kernel_get_rows_f32,0.004100,384x64x1,64x1x1,1x6x64x1
ffn_moe_weights_scaled-9,kernel_scale,0.001700,96x1x1,64x1x1,1x6x64x1
ffn_moe_gate-9,kernel_mul_mv_id_q4_0_f32_8x_flat,9.100200,11264x1x384,64x1x1,1408x6x64x1
ffn_moe_up-9,kernel_mul_mv_id_q4_0_f32_8x_flat,9.099000,11264x1x384,64x1x1,1408x6x64x1
ffn_moe_weighted-9,kernel_swiglu,0.081500,196608x1x1,512x1x1,1408x6x64x1
ffn_moe_down-9,kernel_mul_mv_id_q4_0_f32_8x_flat,9.815300,16384x1x384,64x1x1,2048x6x64x1
node_609,kernel_mul,0.098200,384x64x1,64x1x1,2048x6x64x1
ffn_gate-9,kernel_transpose_32_16,0.011900,512x16x0,1x16x0,2816x64x1x1
ffn_gate-9,kernel_mul_mat_Ab_Bi_8x4,0.384400,8x704x1,1x128x1,2816x64x1x1
ffn_up-9,kernel_transpose_32_16,0.009600,512x16x0,1x16x0,2816x64x1x1
ffn_up-9,kernel_mul_mat_Ab_Bi_8x4,0.383700,8x704x1,1x128x1,2816x64x1x1
ffn_swiglu-9,kernel_swiglu,0.023800,32768x1x1,512x1x1,2816x64x1x1
node_619,kernel_add,0.024400,4096x1x1,64x1x1,2048x64x1x1
node_620,kernel_add,0.020500,4096x1x1,64x1x1,2048x64x1x1
node_621,kernel_add,0.017400,4096x1x1,64x1x1,2048x64x1x1
node_622,kernel_add,0.017400,4096x1x1,64x1x1,2048x64x1x1
ffn_moe_out-9,kernel_add,0.017600,4096x1x1,64x1x1,2048x64x1x1
ffn_shexp-9,kernel_transpose_32_16,0.013100,704x16x0,1x16x0,2048x64x1x1
ffn_shexp-9,kernel_mul_mat_Ab_Bi_8x4,0.523300,8x512x1,1x128x1,2048x64x1x1
ffn_out-9,kernel_add,0.022300,4096x1x1,64x1x1,2048x64x1x1
l_out-9,kernel_add,0.017800,4096x1x1,64x1x1,2048x64x1x1
attn_norm-10,kernel_rms_norm_mul,0.019100,65536x1x1,1024x1x1,2048x64x1x1
q-10,kernel_transpose_32_16,0.006900,512x16x0,1x16x0,3072x64x1x1
q-10,kernel_mul_mat_Ab_Bi_8x4,0.389600,8x768x1,1x128x1,3072x64x1x1
q_pe-10,kernel_rope_norm_f32,0.012300,1024x64x1,64x1x1,64x16x64x1
Qcur-10,kernel_concat_f32_non_contiguous,0.346600,16x64x1,0x0x0,192x16x64x1
kv_cmpr_pe-10,kernel_transpose_32_16,0.009400,512x16x0,1x16x0,576x64x1x1
kv_cmpr_pe-10,kernel_mul_mat_Ab_Bi_8x4,0.316000,8x144x1,1x128x1,576x64x1x1
k_pe-10,kernel_rope_norm_f32,0.002800,64x64x1,64x1x1,64x1x64x1
node_637,kernel_repeat,0.283600,16x64x1,0x0x0,64x16x64x1
kv_cmpr-10,kernel_rms_norm_mul,0.009800,32768x1x1,512x1x1,512x64x1x1
kv-10,kernel_transpose_32_16,0.004000,128x16x0,1x16x0,4096x64x1x1
kv-10,kernel_mul_mat_Ab_Bi_8x4,0.135500,8x1024x1,1x128x1,4096x64x1x1
Kcur-10,kernel_concat_f32_non_contiguous,0.394300,16x64x1,0x0x0,192x16x64x1
Vcur_cont-10,kernel_cpy_f32_f32,0.010300,1024x64x1,64x1x1,128x16x64x1
cache_k_l10 (view),kernel_set_rows_f16_i64,0.016000,65536x1x1,1024x1x1,3072x4096x1x1
cache_v_l10 (view),kernel_set_rows_f16_i64,0.012100,65536x1x1,1024x1x1,2048x4096x1x1
__fattn__-10,flash_attn_f32_f16,9.367100,64x16x0,16x1x0,128x16x64x1
node_658,kernel_transpose_32_16,0.009600,512x16x0,1x16x0,2048x64x1x1
node_658,kernel_mul_mat_Ab_Bi_8x4,0.377200,8x512x1,1x128x1,2048x64x1x1
ffn_inp-10,kernel_add,0.020600,4096x1x1,64x1x1,2048x64x1x1
ffn_norm-10,kernel_rms_norm_mul,0.019900,65536x1x1,1024x1x1,2048x64x1x1
ffn_moe_logits-10,kernel_mul_mm_f32_f32_l4_lm,0.500800,128x1x1,128x1x1,64x64x1x1
ffn_moe_probs-10,kernel_soft_max_4,0.003800,4096x1x1,64x1x1,64x64x1x1
ffn_moe_argsort-10,kernel_argsort_f32_i32,0.015200,64x64x1,64x1x1,64x64x1x1
ffn_moe_weights-10,kernel_get_rows_f32,0.004500,384x64x1,64x1x1,1x6x64x1
ffn_moe_weights_scaled-10,kernel_scale,0.001800,96x1x1,64x1x1,1x6x64x1
ffn_moe_gate-10,kernel_mul_mv_id_q4_0_f32_8x_flat,9.078800,11264x1x384,64x1x1,1408x6x64x1
ffn_moe_up-10,kernel_mul_mv_id_q4_0_f32_8x_flat,9.049000,11264x1x384,64x1x1,1408x6x64x1
ffn_moe_weighted-10,kernel_swiglu,0.081600,196608x1x1,512x1x1,1408x6x64x1
ffn_moe_down-10,kernel_mul_mv_id_q4_0_f32_8x_flat,9.831700,16384x1x384,64x1x1,2048x6x64x1
node_674,kernel_mul,0.100500,384x64x1,64x1x1,2048x6x64x1
ffn_gate-10,kernel_transpose_32_16,0.010700,512x16x0,1x16x0,2816x64x1x1
ffn_gate-10,kernel_mul_mat_Ab_Bi_8x4,0.384400,8x704x1,1x128x1,2816x64x1x1
ffn_up-10,kernel_transpose_32_16,0.009800,512x16x0,1x16x0,2816x64x1x1
ffn_up-10,kernel_mul_mat_Ab_Bi_8x4,0.384300,8x704x1,1x128x1,2816x64x1x1
ffn_swiglu-10,kernel_swiglu,0.023300,32768x1x1,512x1x1,2816x64x1x1
node_684,kernel_add,0.025000,4096x1x1,64x1x1,2048x64x1x1
node_685,kernel_add,0.016900,4096x1x1,64x1x1,2048x64x1x1
node_686,kernel_add,0.017300,4096x1x1,64x1x1,2048x64x1x1
node_687,kernel_add,0.017300,4096x1x1,64x1x1,2048x64x1x1
ffn_moe_out-10,kernel_add,0.017100,4096x1x1,64x1x1,2048x64x1x1
ffn_shexp-10,kernel_transpose_32_16,0.013500,704x16x0,1x16x0,2048x64x1x1
ffn_shexp-10,kernel_mul_mat_Ab_Bi_8x4,0.530000,8x512x1,1x128x1,2048x64x1x1
ffn_out-10,kernel_add,0.021000,4096x1x1,64x1x1,2048x64x1x1
l_out-10,kernel_add,0.018800,4096x1x1,64x1x1,2048x64x1x1
attn_norm-11,kernel_rms_norm_mul,0.019500,65536x1x1,1024x1x1,2048x64x1x1
q-11,kernel_transpose_32_16,0.009700,512x16x0,1x16x0,3072x64x1x1
q-11,kernel_mul_mat_Ab_Bi_8x4,0.388200,8x768x1,1x128x1,3072x64x1x1
q_pe-11,kernel_rope_norm_f32,0.012200,1024x64x1,64x1x1,64x16x64x1
Qcur-11,kernel_concat_f32_non_contiguous,0.346800,16x64x1,0x0x0,192x16x64x1
kv_cmpr_pe-11,kernel_transpose_32_16,0.010900,512x16x0,1x16x0,576x64x1x1
kv_cmpr_pe-11,kernel_mul_mat_Ab_Bi_8x4,0.316000,8x144x1,1x128x1,576x64x1x1
k_pe-11,kernel_rope_norm_f32,0.002600,64x64x1,64x1x1,64x1x64x1
node_702,kernel_repeat,0.283800,16x64x1,0x0x0,64x16x64x1
kv_cmpr-11,kernel_rms_norm_mul,0.009700,32768x1x1,512x1x1,512x64x1x1
kv-11,kernel_transpose_32_16,0.003900,128x16x0,1x16x0,4096x64x1x1
kv-11,kernel_mul_mat_Ab_Bi_8x4,0.132600,8x1024x1,1x128x1,4096x64x1x1
Kcur-11,kernel_concat_f32_non_contiguous,0.388300,16x64x1,0x0x0,192x16x64x1
Vcur_cont-11,kernel_cpy_f32_f32,0.013600,1024x64x1,64x1x1,128x16x64x1
cache_k_l11 (view),kernel_set_rows_f16_i64,0.016000,65536x1x1,1024x1x1,3072x4096x1x1
cache_v_l11 (view),kernel_set_rows_f16_i64,0.012100,65536x1x1,1024x1x1,2048x4096x1x1
__fattn__-11,flash_attn_f32_f16,9.377700,64x16x0,16x1x0,128x16x64x1
node_723,kernel_transpose_32_16,0.009600,512x16x0,1x16x0,2048x64x1x1
node_723,kernel_mul_mat_Ab_Bi_8x4,0.370500,8x512x1,1x128x1,2048x64x1x1
ffn_inp-11,kernel_add,0.021200,4096x1x1,64x1x1,2048x64x1x1
ffn_norm-11,kernel_rms_norm_mul,0.019500,65536x1x1,1024x1x1,2048x64x1x1
ffn_moe_logits-11,kernel_mul_mm_f32_f32_l4_lm,0.502000,128x1x1,128x1x1,64x64x1x1
ffn_moe_probs-11,kernel_soft_max_4,0.003700,4096x1x1,64x1x1,64x64x1x1
ffn_moe_argsort-11,kernel_argsort_f32_i32,0.015200,64x64x1,64x1x1,64x64x1x1
ffn_moe_weights-11,kernel_get_rows_f32,0.004500,384x64x1,64x1x1,1x6x64x1
ffn_moe_weights_scaled-11,kernel_scale,0.002000,96x1x1,64x1x1,1x6x64x1
ffn_moe_gate-11,kernel_mul_mv_id_q4_0_f32_8x_flat,9.238200,11264x1x384,64x1x1,1408x6x64x1
ffn_moe_up-11,kernel_mul_mv_id_q4_0_f32_8x_flat,9.217800,11264x1x384,64x1x1,1408x6x64x1
ffn_moe_weighted-11,kernel_swiglu,0.082700,196608x1x1,512x1x1,1408x6x64x1
ffn_moe_down-11,kernel_mul_mv_id_q4_0_f32_8x_flat,9.855700,16384x1x384,64x1x1,2048x6x64x1
node_739,kernel_mul,0.099800,384x64x1,64x1x1,2048x6x64x1
ffn_gate-11,kernel_transpose_32_16,0.011200,512x16x0,1x16x0,2816x64x1x1
ffn_gate-11,kernel_mul_mat_Ab_Bi_8x4,0.383900,8x704x1,1x128x1,2816x64x1x1
ffn_up-11,kernel_transpose_32_16,0.010100,512x16x0,1x16x0,2816x64x1x1
ffn_up-11,kernel_mul_mat_Ab_Bi_8x4,0.385100,8x704x1,1x128x1,2816x64x1x1
ffn_swiglu-11,kernel_swiglu,0.023700,32768x1x1,512x1x1,2816x64x1x1
node_749,kernel_add,0.024700,4096x1x1,64x1x1,2048x64x1x1
node_750,kernel_add,0.020800,4096x1x1,64x1x1,2048x64x1x1
node_751,kernel_add,0.017700,4096x1x1,64x1x1,2048x64x1x1
node_752,kernel_add,0.017000,4096x1x1,64x1x1,2048x64x1x1
ffn_moe_out-11,kernel_add,0.017200,4096x1x1,64x1x1,2048x64x1x1
ffn_shexp-11,kernel_transpose_32_16,0.012500,704x16x0,1x16x0,2048x64x1x1
ffn_shexp-11,kernel_mul_mat_Ab_Bi_8x4,0.520200,8x512x1,1x128x1,2048x64x1x1
ffn_out-11,kernel_add,0.021900,4096x1x1,64x1x1,2048x64x1x1
l_out-11,kernel_add,0.017700,4096x1x1,64x1x1,2048x64x1x1
attn_norm-12,kernel_rms_norm_mul,0.019000,65536x1x1,1024x1x1,2048x64x1x1
q-12,kernel_transpose_32_16,0.006700,512x16x0,1x16x0,3072x64x1x1
q-12,kernel_mul_mat_Ab_Bi_8x4,0.389400,8x768x1,1x128x1,3072x64x1x1
q_pe-12,kernel_rope_norm_f32,0.009400,1024x64x1,64x1x1,64x16x64x1
Qcur-12,kernel_concat_f32_non_contiguous,0.344900,16x64x1,0x0x0,192x16x64x1
kv_cmpr_pe-12,kernel_transpose_32_16,0.010400,512x16x0,1x16x0,576x64x1x1
kv_cmpr_pe-12,kernel_mul_mat_Ab_Bi_8x4,0.316700,8x144x1,1x128x1,576x64x1x1
k_pe-12,kernel_rope_norm_f32,0.002700,64x64x1,64x1x1,64x1x64x1
node_767,kernel_repeat,0.284300,16x64x1,0x0x0,64x16x64x1
kv_cmpr-12,kernel_rms_norm_mul,0.009800,32768x1x1,512x1x1,512x64x1x1
kv-12,kernel_transpose_32_16,0.004100,128x16x0,1x16x0,4096x64x1x1
kv-12,kernel_mul_mat_Ab_Bi_8x4,0.132800,8x1024x1,1x128x1,4096x64x1x1
Kcur-12,kernel_concat_f32_non_contiguous,0.383300,16x64x1,0x0x0,192x16x64x1
Vcur_cont-12,kernel_cpy_f32_f32,0.014000,1024x64x1,64x1x1,128x16x64x1
cache_k_l12 (view),kernel_set_rows_f16_i64,0.016000,65536x1x1,1024x1x1,3072x4096x1x1
cache_v_l12 (view),kernel_set_rows_f16_i64,0.011600,65536x1x1,1024x1x1,2048x4096x1x1
__fattn__-12,flash_attn_f32_f16,9.412000,64x16x0,16x1x0,128x16x64x1
node_788,kernel_transpose_32_16,0.009400,512x16x0,1x16x0,2048x64x1x1
node_788,kernel_mul_mat_Ab_Bi_8x4,0.378000,8x512x1,1x128x1,2048x64x1x1
ffn_inp-12,kernel_add,0.017000,4096x1x1,64x1x1,2048x64x1x1
ffn_norm-12,kernel_rms_norm_mul,0.019800,65536x1x1,1024x1x1,2048x64x1x1
ffn_moe_logits-12,kernel_mul_mm_f32_f32_l4_lm,0.508600,128x1x1,128x1x1,64x64x1x1
ffn_moe_probs-12,kernel_soft_max_4,0.003700,4096x1x1,64x1x1,64x64x1x1
ffn_moe_argsort-12,kernel_argsort_f32_i32,0.015100,64x64x1,64x1x1,64x64x1x1
ffn_moe_weights-12,kernel_get_rows_f32,0.004100,384x64x1,64x1x1,1x6x64x1
ffn_moe_weights_scaled-12,kernel_scale,0.001800,96x1x1,64x1x1,1x6x64x1
ffn_moe_gate-12,kernel_mul_mv_id_q4_0_f32_8x_flat,9.283500,11264x1x384,64x1x1,1408x6x64x1
ffn_moe_up-12,kernel_mul_mv_id_q4_0_f32_8x_flat,9.453100,11264x1x384,64x1x1,1408x6x64x1
ffn_moe_weighted-12,kernel_swiglu,0.084700,196608x1x1,512x1x1,1408x6x64x1
ffn_moe_down-12,kernel_mul_mv_id_q4_0_f32_8x_flat,9.938700,16384x1x384,64x1x1,2048x6x64x1
node_804,kernel_mul,0.100900,384x64x1,64x1x1,2048x6x64x1
ffn_gate-12,kernel_transpose_32_16,0.011700,512x16x0,1x16x0,2816x64x1x1
ffn_gate-12,kernel_mul_mat_Ab_Bi_8x4,0.386600,8x704x1,1x128x1,2816x64x1x1
ffn_up-12,kernel_transpose_32_16,0.010700,512x16x0,1x16x0,2816x64x1x1
ffn_up-12,kernel_mul_mat_Ab_Bi_8x4,0.385600,8x704x1,1x128x1,2816x64x1x1
ffn_swiglu-12,kernel_swiglu,0.021400,32768x1x1,512x1x1,2816x64x1x1
node_814,kernel_add,0.025200,4096x1x1,64x1x1,2048x64x1x1
node_815,kernel_add,0.020800,4096x1x1,64x1x1,2048x64x1x1
node_816,kernel_add,0.017200,4096x1x1,64x1x1,2048x64x1x1
node_817,kernel_add,0.017600,4096x1x1,64x1x1,2048x64x1x1
ffn_moe_out-12,kernel_add,0.017600,4096x1x1,64x1x1,2048x64x1x1
ffn_shexp-12,kernel_transpose_32_16,0.013600,704x16x0,1x16x0,2048x64x1x1
ffn_shexp-12,kernel_mul_mat_Ab_Bi_8x4,0.533100,8x512x1,1x128x1,2048x64x1x1
ffn_out-12,kernel_add,0.015700,4096x1x1,64x1x1,2048x64x1x1
l_out-12,kernel_add,0.018400,4096x1x1,64x1x1,2048x64x1x1
attn_norm-13,kernel_rms_norm_mul,0.019400,65536x1x1,1024x1x1,2048x64x1x1
q-13,kernel_transpose_32_16,0.006600,512x16x0,1x16x0,3072x64x1x1
q-13,kernel_mul_mat_Ab_Bi_8x4,0.388900,8x768x1,1x128x1,3072x64x1x1
q_pe-13,kernel_rope_norm_f32,0.012100,1024x64x1,64x1x1,64x16x64x1
Qcur-13,kernel_concat_f32_non_contiguous,0.345800,16x64x1,0x0x0,192x16x64x1
kv_cmpr_pe-13,kernel_transpose_32_16,0.010000,512x16x0,1x16x0,576x64x1x1
kv_cmpr_pe-13,kernel_mul_mat_Ab_Bi_8x4,0.317600,8x144x1,1x128x1,576x64x1x1
k_pe-13,kernel_rope_norm_f32,0.002800,64x64x1,64x1x1,64x1x64x1
node_832,kernel_repeat,0.285300,16x64x1,0x0x0,64x16x64x1
kv_cmpr-13,kernel_rms_norm_mul,0.009500,32768x1x1,512x1x1,512x64x1x1
kv-13,kernel_transpose_32_16,0.004000,128x16x0,1x16x0,4096x64x1x1
kv-13,kernel_mul_mat_Ab_Bi_8x4,0.134800,8x1024x1,1x128x1,4096x64x1x1
Kcur-13,kernel_concat_f32_non_contiguous,0.392600,16x64x1,0x0x0,192x16x64x1
Vcur_cont-13,kernel_cpy_f32_f32,0.013700,1024x64x1,64x1x1,128x16x64x1
cache_k_l13 (view),kernel_set_rows_f16_i64,0.014200,65536x1x1,1024x1x1,3072x4096x1x1
cache_v_l13 (view),kernel_set_rows_f16_i64,0.011500,65536x1x1,1024x1x1,2048x4096x1x1
__fattn__-13,flash_attn_f32_f16,9.425500,64x16x0,16x1x0,128x16x64x1
node_853,kernel_transpose_32_16,0.009700,512x16x0,1x16x0,2048x64x1x1
node_853,kernel_mul_mat_Ab_Bi_8x4,0.372800,8x512x1,1x128x1,2048x64x1x1
ffn_inp-13,kernel_add,0.021500,4096x1x1,64x1x1,2048x64x1x1
ffn_norm-13,kernel_rms_norm_mul,0.019200,65536x1x1,1024x1x1,2048x64x1x1
ffn_moe_logits-13,kernel_mul_mm_f32_f32_l4_lm,0.510400,128x1x1,128x1x1,64x64x1x1
ffn_moe_probs-13,kernel_soft_max_4,0.003900,4096x1x1,64x1x1,64x64x1x1
ffn_moe_argsort-13,kernel_argsort_f32_i32,0.015100,64x64x1,64x1x1,64x64x1x1
ffn_moe_weights-13,kernel_get_rows_f32,0.004000,384x64x1,64x1x1,1x6x64x1
ffn_moe_weights_scaled-13,kernel_scale,0.001700,96x1x1,64x1x1,1x6x64x1
ffn_moe_gate-13,kernel_mul_mv_id_q4_0_f32_8x_flat,9.428900,11264x1x384,64x1x1,1408x6x64x1
ffn_moe_up-13,kernel_mul_mv_id_q4_0_f32_8x_flat,9.616100,11264x1x384,64x1x1,1408x6x64x1
ffn_moe_weighted-13,kernel_swiglu,0.084300,196608x1x1,512x1x1,1408x6x64x1
ffn_moe_down-13,kernel_mul_mv_id_q4_0_f32_8x_flat,10.042800,16384x1x384,64x1x1,2048x6x64x1
node_869,kernel_mul,0.104200,384x64x1,64x1x1,2048x6x64x1
ffn_gate-13,kernel_transpose_32_16,0.011900,512x16x0,1x16x0,2816x64x1x1
ffn_gate-13,kernel_mul_mat_Ab_Bi_8x4,0.387800,8x704x1,1x128x1,2816x64x1x1
ffn_up-13,kernel_transpose_32_16,0.010500,512x16x0,1x16x0,2816x64x1x1
ffn_up-13,kernel_mul_mat_Ab_Bi_8x4,0.389500,8x704x1,1x128x1,2816x64x1x1
ffn_swiglu-13,kernel_swiglu,0.023500,32768x1x1,512x1x1,2816x64x1x1
node_879,kernel_add,0.024400,4096x1x1,64x1x1,2048x64x1x1
node_880,kernel_add,0.020900,4096x1x1,64x1x1,2048x64x1x1
node_881,kernel_add,0.017700,4096x1x1,64x1x1,2048x64x1x1
node_882,kernel_add,0.018400,4096x1x1,64x1x1,2048x64x1x1
ffn_moe_out-13,kernel_add,0.017800,4096x1x1,64x1x1,2048x64x1x1
ffn_shexp-13,kernel_transpose_32_16,0.013400,704x16x0,1x16x0,2048x64x1x1
ffn_shexp-13,kernel_mul_mat_Ab_Bi_8x4,0.527900,8x512x1,1x128x1,2048x64x1x1
ffn_out-13,kernel_add,0.022100,4096x1x1,64x1x1,2048x64x1x1
l_out-13,kernel_add,0.018400,4096x1x1,64x1x1,2048x64x1x1
attn_norm-14,kernel_rms_norm_mul,0.019100,65536x1x1,1024x1x1,2048x64x1x1
q-14,kernel_transpose_32_16,0.009400,512x16x0,1x16x0,3072x64x1x1
q-14,kernel_mul_mat_Ab_Bi_8x4,0.390500,8x768x1,1x128x1,3072x64x1x1
q_pe-14,kernel_rope_norm_f32,0.012200,1024x64x1,64x1x1,64x16x64x1
Qcur-14,kernel_concat_f32_non_contiguous,0.349100,16x64x1,0x0x0,192x16x64x1
kv_cmpr_pe-14,kernel_transpose_32_16,0.010400,512x16x0,1x16x0,576x64x1x1
kv_cmpr_pe-14,kernel_mul_mat_Ab_Bi_8x4,0.316100,8x144x1,1x128x1,576x64x1x1
k_pe-14,kernel_rope_norm_f32,0.002700,64x64x1,64x1x1,64x1x64x1
node_897,kernel_repeat,0.286300,16x64x1,0x0x0,64x16x64x1
kv_cmpr-14,kernel_rms_norm_mul,0.010100,32768x1x1,512x1x1,512x64x1x1
kv-14,kernel_transpose_32_16,0.003900,128x16x0,1x16x0,4096x64x1x1
kv-14,kernel_mul_mat_Ab_Bi_8x4,0.134500,8x1024x1,1x128x1,4096x64x1x1
Kcur-14,kernel_concat_f32_non_contiguous,0.383600,16x64x1,0x0x0,192x16x64x1
Vcur_cont-14,kernel_cpy_f32_f32,0.013600,1024x64x1,64x1x1,128x16x64x1
cache_k_l14 (view),kernel_set_rows_f16_i64,0.015900,65536x1x1,1024x1x1,3072x4096x1x1
cache_v_l14 (view),kernel_set_rows_f16_i64,0.012200,65536x1x1,1024x1x1,2048x4096x1x1
__fattn__-14,flash_attn_f32_f16,9.383200,64x16x0,16x1x0,128x16x64x1
node_918,kernel_transpose_32_16,0.009300,512x16x0,1x16x0,2048x64x1x1
node_918,kernel_mul_mat_Ab_Bi_8x4,0.380500,8x512x1,1x128x1,2048x64x1x1
ffn_inp-14,kernel_add,0.021700,4096x1x1,64x1x1,2048x64x1x1
ffn_norm-14,kernel_rms_norm_mul,0.019200,65536x1x1,1024x1x1,2048x64x1x1
ffn_moe_logits-14,kernel_mul_mm_f32_f32_l4_lm,0.513900,128x1x1,128x1x1,64x64x1x1
ffn_moe_probs-14,kernel_soft_max_4,0.003600,4096x1x1,64x1x1,64x64x1x1
ffn_moe_argsort-14,kernel_argsort_f32_i32,0.015200,64x64x1,64x1x1,64x64x1x1
ffn_moe_weights-14,kernel_get_rows_f32,0.004200,384x64x1,64x1x1,1x6x64x1
ffn_moe_weights_scaled-14,kernel_scale,0.002100,96x1x1,64x1x1,1x6x64x1
ffn_moe_gate-14,kernel_mul_mv_id_q4_0_f32_8x_flat,9.175300,11264x1x384,64x1x1,1408x6x64x1
ffn_moe_up-14,kernel_mul_mv_id_q4_0_f32_8x_flat,9.164700,11264x1x384,64x1x1,1408x6x64x1
ffn_moe_weighted-14,kernel_swiglu,0.081600,196608x1x1,512x1x1,1408x6x64x1
ffn_moe_down-14,kernel_mul_mv_id_q4_0_f32_8x_flat,9.858200,16384x1x384,64x1x1,2048x6x64x1
node_934,kernel_mul,0.100200,384x64x1,64x1x1,2048x6x64x1
ffn_gate-14,kernel_transpose_32_16,0.011000,512x16x0,1x16x0,2816x64x1x1
ffn_gate-14,kernel_mul_mat_Ab_Bi_8x4,0.387200,8x704x1,1x128x1,2816x64x1x1
ffn_up-14,kernel_transpose_32_16,0.009800,512x16x0,1x16x0,2816x64x1x1
ffn_up-14,kernel_mul_mat_Ab_Bi_8x4,0.386000,8x704x1,1x128x1,2816x64x1x1
ffn_swiglu-14,kernel_swiglu,0.023700,32768x1x1,512x1x1,2816x64x1x1
node_944,kernel_add,0.023700,4096x1x1,64x1x1,2048x64x1x1
node_945,kernel_add,0.020600,4096x1x1,64x1x1,2048x64x1x1
node_946,kernel_add,0.017400,4096x1x1,64x1x1,2048x64x1x1
node_947,kernel_add,0.016900,4096x1x1,64x1x1,2048x64x1x1
ffn_moe_out-14,kernel_add,0.017300,4096x1x1,64x1x1,2048x64x1x1
ffn_shexp-14,kernel_transpose_32_16,0.011700,704x16x0,1x16x0,2048x64x1x1
ffn_shexp-14,kernel_mul_mat_Ab_Bi_8x4,0.521900,8x512x1,1x128x1,2048x64x1x1
ffn_out-14,kernel_add,0.020300,4096x1x1,64x1x1,2048x64x1x1
l_out-14,kernel_add,0.018500,4096x1x1,64x1x1,2048x64x1x1
attn_norm-15,kernel_rms_norm_mul,0.019000,65536x1x1,1024x1x1,2048x64x1x1
q-15,kernel_transpose_32_16,0.006900,512x16x0,1x16x0,3072x64x1x1
q-15,kernel_mul_mat_Ab_Bi_8x4,0.387700,8x768x1,1x128x1,3072x64x1x1
q_pe-15,kernel_rope_norm_f32,0.011700,1024x64x1,64x1x1,64x16x64x1
Qcur-15,kernel_concat_f32_non_contiguous,0.344700,16x64x1,0x0x0,192x16x64x1
kv_cmpr_pe-15,kernel_transpose_32_16,0.010600,512x16x0,1x16x0,576x64x1x1
kv_cmpr_pe-15,kernel_mul_mat_Ab_Bi_8x4,0.317400,8x144x1,1x128x1,576x64x1x1
k_pe-15,kernel_rope_norm_f32,0.002900,64x64x1,64x1x1,64x1x64x1
node_962,kernel_repeat,0.285300,16x64x1,0x0x0,64x16x64x1
kv_cmpr-15,kernel_rms_norm_mul,0.010100,32768x1x1,512x1x1,512x64x1x1
kv-15,kernel_transpose_32_16,0.004000,128x16x0,1x16x0,4096x64x1x1
kv-15,kernel_mul_mat_Ab_Bi_8x4,0.133300,8x1024x1,1x128x1,4096x64x1x1
Kcur-15,kernel_concat_f32_non_contiguous,0.384000,16x64x1,0x0x0,192x16x64x1
Vcur_cont-15,kernel_cpy_f32_f32,0.013400,1024x64x1,64x1x1,128x16x64x1
cache_k_l15 (view),kernel_set_rows_f16_i64,0.015900,65536x1x1,1024x1x1,3072x4096x1x1
cache_v_l15 (view),kernel_set_rows_f16_i64,0.011800,65536x1x1,1024x1x1,2048x4096x1x1
__fattn__-15,flash_attn_f32_f16,9.409200,64x16x0,16x1x0,128x16x64x1
node_983,kernel_transpose_32_16,0.009300,512x16x0,1x16x0,2048x64x1x1
node_983,kernel_mul_mat_Ab_Bi_8x4,0.380200,8x512x1,1x128x1,2048x64x1x1
ffn_inp-15,kernel_add,0.022100,4096x1x1,64x1x1,2048x64x1x1
ffn_norm-15,kernel_rms_norm_mul,0.019500,65536x1x1,1024x1x1,2048x64x1x1
ffn_moe_logits-15,kernel_mul_mm_f32_f32_l4_lm,0.508600,128x1x1,128x1x1,64x64x1x1
ffn_moe_probs-15,kernel_soft_max_4,0.003600,4096x1x1,64x1x1,64x64x1x1
ffn_moe_argsort-15,kernel_argsort_f32_i32,0.015000,64x64x1,64x1x1,64x64x1x1
ffn_moe_weights-15,kernel_get_rows_f32,0.004100,384x64x1,64x1x1,1x6x64x1
ffn_moe_weights_scaled-15,kernel_scale,0.001700,96x1x1,64x1x1,1x6x64x1
ffn_moe_gate-15,kernel_mul_mv_id_q4_0_f32_8x_flat,9.243300,11264x1x384,64x1x1,1408x6x64x1
ffn_moe_up-15,kernel_mul_mv_id_q4_0_f32_8x_flat,9.315100,11264x1x384,64x1x1,1408x6x64x1
ffn_moe_weighted-15,kernel_swiglu,0.082800,196608x1x1,512x1x1,1408x6x64x1
ffn_moe_down-15,kernel_mul_mv_id_q4_0_f32_8x_flat,9.880400,16384x1x384,64x1x1,2048x6x64x1
node_999,kernel_mul,0.099800,384x64x1,64x1x1,2048x6x64x1
ffn_gate-15,kernel_transpose_32_16,0.011600,512x16x0,1x16x0,2816x64x1x1
ffn_gate-15,kernel_mul_mat_Ab_Bi_8x4,0.382000,8x704x1,1x128x1,2816x64x1x1
ffn_up-15,kernel_transpose_32_16,0.010700,512x16x0,1x16x0,2816x64x1x1
ffn_up-15,kernel_mul_mat_Ab_Bi_8x4,0.385200,8x704x1,1x128x1,2816x64x1x1
ffn_swiglu-15,kernel_swiglu,0.022500,32768x1x1,512x1x1,2816x64x1x1
node_1009,kernel_add,0.020800,4096x1x1,64x1x1,2048x64x1x1
node_1010,kernel_add,0.019800,4096x1x1,64x1x1,2048x64x1x1
node_1011,kernel_add,0.016800,4096x1x1,64x1x1,2048x64x1x1
node_1012,kernel_add,0.017500,4096x1x1,64x1x1,2048x64x1x1
ffn_moe_out-15,kernel_add,0.017000,4096x1x1,64x1x1,2048x64x1x1
ffn_shexp-15,kernel_transpose_32_16,0.012300,704x16x0,1x16x0,2048x64x1x1
ffn_shexp-15,kernel_mul_mat_Ab_Bi_8x4,0.516900,8x512x1,1x128x1,2048x64x1x1
ffn_out-15,kernel_add,0.021000,4096x1x1,64x1x1,2048x64x1x1
l_out-15,kernel_add,0.017200,4096x1x1,64x1x1,2048x64x1x1
attn_norm-16,kernel_rms_norm_mul,0.019100,65536x1x1,1024x1x1,2048x64x1x1
q-16,kernel_transpose_32_16,0.006700,512x16x0,1x16x0,3072x64x1x1
q-16,kernel_mul_mat_Ab_Bi_8x4,0.390200,8x768x1,1x128x1,3072x64x1x1
q_pe-16,kernel_rope_norm_f32,0.012200,1024x64x1,64x1x1,64x16x64x1
Qcur-16,kernel_concat_f32_non_contiguous,0.348600,16x64x1,0x0x0,192x16x64x1
kv_cmpr_pe-16,kernel_transpose_32_16,0.010900,512x16x0,1x16x0,576x64x1x1
kv_cmpr_pe-16,kernel_mul_mat_Ab_Bi_8x4,0.317100,8x144x1,1x128x1,576x64x1x1
k_pe-16,kernel_rope_norm_f32,0.003100,64x64x1,64x1x1,64x1x64x1
node_1027,kernel_repeat,0.284500,16x64x1,0x0x0,64x16x64x1
kv_cmpr-16,kernel_rms_norm_mul,0.009900,32768x1x1,512x1x1,512x64x1x1
kv-16,kernel_transpose_32_16,0.003900,128x16x0,1x16x0,4096x64x1x1
kv-16,kernel_mul_mat_Ab_Bi_8x4,0.134700,8x1024x1,1x128x1,4096x64x1x1
Kcur-16,kernel_concat_f32_non_contiguous,0.393900,16x64x1,0x0x0,192x16x64x1
Vcur_cont-16,kernel_cpy_f32_f32,0.013900,1024x64x1,64x1x1,128x16x64x1
cache_k_l16 (view),kernel_set_rows_f16_i64,0.015800,65536x1x1,1024x1x1,3072x4096x1x1
cache_v_l16 (view),kernel_set_rows_f16_i64,0.011300,65536x1x1,1024x1x1,2048x4096x1x1
__fattn__-16,flash_attn_f32_f16,9.382000,64x16x0,16x1x0,128x16x64x1
node_1048,kernel_transpose_32_16,0.009600,512x16x0,1x16x0,2048x64x1x1
node_1048,kernel_mul_mat_Ab_Bi_8x4,0.377200,8x512x1,1x128x1,2048x64x1x1
ffn_inp-16,kernel_add,0.020700,4096x1x1,64x1x1,2048x64x1x1
ffn_norm-16,kernel_rms_norm_mul,0.019400,65536x1x1,1024x1x1,2048x64x1x1
ffn_moe_logits-16,kernel_mul_mm_f32_f32_l4_lm,0.509700,128x1x1,128x1x1,64x64x1x1
ffn_moe_probs-16,kernel_soft_max_4,0.003700,4096x1x1,64x1x1,64x64x1x1
ffn_moe_argsort-16,kernel_argsort_f32_i32,0.015400,64x64x1,64x1x1,64x64x1x1
ffn_moe_weights-16,kernel_get_rows_f32,0.004100,384x64x1,64x1x1,1x6x64x1
ffn_moe_weights_scaled-16,kernel_scale,0.001800,96x1x1,64x1x1,1x6x64x1
ffn_moe_gate-16,kernel_mul_mv_id_q4_0_f32_8x_flat,9.159700,11264x1x384,64x1x1,1408x6x64x1
ffn_moe_up-16,kernel_mul_mv_id_q4_0_f32_8x_flat,9.199300,11264x1x384,64x1x1,1408x6x64x1
ffn_moe_weighted-16,kernel_swiglu,0.081700,196608x1x1,512x1x1,1408x6x64x1
ffn_moe_down-16,kernel_mul_mv_id_q4_0_f32_8x_flat,9.903400,16384x1x384,64x1x1,2048x6x64x1
node_1064,kernel_mul,0.099400,384x64x1,64x1x1,2048x6x64x1
ffn_gate-16,kernel_transpose_32_16,0.010300,512x16x0,1x16x0,2816x64x1x1
ffn_gate-16,kernel_mul_mat_Ab_Bi_8x4,0.381000,8x704x1,1x128x1,2816x64x1x1
ffn_up-16,kernel_transpose_32_16,0.010400,512x16x0,1x16x0,2816x64x1x1
ffn_up-16,kernel_mul_mat_Ab_Bi_8x4,0.384400,8x704x1,1x128x1,2816x64x1x1
ffn_swiglu-16,kernel_swiglu,0.023500,32768x1x1,512x1x1,2816x64x1x1
node_1074,kernel_add,0.023900,4096x1x1,64x1x1,2048x64x1x1
node_1075,kernel_add,0.020600,4096x1x1,64x1x1,2048x64x1x1
node_1076,kernel_add,0.017200,4096x1x1,64x1x1,2048x64x1x1
node_1077,kernel_add,0.017000,4096x1x1,64x1x1,2048x64x1x1
ffn_moe_out-16,kernel_add,0.017800,4096x1x1,64x1x1,2048x64x1x1
ffn_shexp-16,kernel_transpose_32_16,0.013000,704x16x0,1x16x0,2048x64x1x1
ffn_shexp-16,kernel_mul_mat_Ab_Bi_8x4,0.527200,8x512x1,1x128x1,2048x64x1x1
ffn_out-16,kernel_add,0.021500,4096x1x1,64x1x1,2048x64x1x1
l_out-16,kernel_add,0.018100,4096x1x1,64x1x1,2048x64x1x1
attn_norm-17,kernel_rms_norm_mul,0.019200,65536x1x1,1024x1x1,2048x64x1x1
q-17,kernel_transpose_32_16,0.006800,512x16x0,1x16x0,3072x64x1x1
q-17,kernel_mul_mat_Ab_Bi_8x4,0.388900,8x768x1,1x128x1,3072x64x1x1
q_pe-17,kernel_rope_norm_f32,0.012400,1024x64x1,64x1x1,64x16x64x1
Qcur-17,kernel_concat_f32_non_contiguous,0.350100,16x64x1,0x0x0,192x16x64x1
kv_cmpr_pe-17,kernel_transpose_32_16,0.011200,512x16x0,1x16x0,576x64x1x1
kv_cmpr_pe-17,kernel_mul_mat_Ab_Bi_8x4,0.317500,8x144x1,1x128x1,576x64x1x1
k_pe-17,kernel_rope_norm_f32,0.002600,64x64x1,64x1x1,64x1x64x1
node_1092,kernel_repeat,0.286400,16x64x1,0x0x0,64x16x64x1
kv_cmpr-17,kernel_rms_norm_mul,0.010100,32768x1x1,512x1x1,512x64x1x1
kv-17,kernel_transpose_32_16,0.004300,128x16x0,1x16x0,4096x64x1x1
kv-17,kernel_mul_mat_Ab_Bi_8x4,0.134100,8x1024x1,1x128x1,4096x64x1x1
Kcur-17,kernel_concat_f32_non_contiguous,0.394200,16x64x1,0x0x0,192x16x64x1
Vcur_cont-17,kernel_cpy_f32_f32,0.013400,1024x64x1,64x1x1,128x16x64x1
cache_k_l17 (view),kernel_set_rows_f16_i64,0.016300,65536x1x1,1024x1x1,3072x4096x1x1
cache_v_l17 (view),kernel_set_rows_f16_i64,0.011800,65536x1x1,1024x1x1,2048x4096x1x1
__fattn__-17,flash_attn_f32_f16,9.404900,64x16x0,16x1x0,128x16x64x1
node_1113,kernel_transpose_32_16,0.009500,512x16x0,1x16x0,2048x64x1x1
node_1113,kernel_mul_mat_Ab_Bi_8x4,0.387500,8x512x1,1x128x1,2048x64x1x1
ffn_inp-17,kernel_add,0.021400,4096x1x1,64x1x1,2048x64x1x1
ffn_norm-17,kernel_rms_norm_mul,0.019300,65536x1x1,1024x1x1,2048x64x1x1
ffn_moe_logits-17,kernel_mul_mm_f32_f32_l4_lm,0.515500,128x1x1,128x1x1,64x64x1x1
ffn_moe_probs-17,kernel_soft_max_4,0.003700,4096x1x1,64x1x1,64x64x1x1
ffn_moe_argsort-17,kernel_argsort_f32_i32,0.015100,64x64x1,64x1x1,64x64x1x1
ffn_moe_weights-17,kernel_get_rows_f32,0.004100,384x64x1,64x1x1,1x6x64x1
ffn_moe_weights_scaled-17,kernel_scale,0.001800,96x1x1,64x1x1,1x6x64x1
ffn_moe_gate-17,kernel_mul_mv_id_q4_0_f32_8x_flat,9.221900,11264x1x384,64x1x1,1408x6x64x1
ffn_moe_up-17,kernel_mul_mv_id_q4_0_f32_8x_flat,9.259400,11264x1x384,64x1x1,1408x6x64x1
ffn_moe_weighted-17,kernel_swiglu,0.082100,196608x1x1,512x1x1,1408x6x64x1
ffn_moe_down-17,kernel_mul_mv_id_q4_0_f32_8x_flat,9.898300,16384x1x384,64x1x1,2048x6x64x1
node_1129,kernel_mul,0.100200,384x64x1,64x1x1,2048x6x64x1
ffn_gate-17,kernel_transpose_32_16,0.012900,512x16x0,1x16x0,2816x64x1x1
ffn_gate-17,kernel_mul_mat_Ab_Bi_8x4,0.385300,8x704x1,1x128x1,2816x64x1x1
ffn_up-17,kernel_transpose_32_16,0.010400,512x16x0,1x16x0,2816x64x1x1
ffn_up-17,kernel_mul_mat_Ab_Bi_8x4,0.385900,8x704x1,1x128x1,2816x64x1x1
ffn_swiglu-17,kernel_swiglu,0.023300,32768x1x1,512x1x1,2816x64x1x1
node_1139,kernel_add,0.024300,4096x1x1,64x1x1,2048x64x1x1
node_1140,kernel_add,0.020800,4096x1x1,64x1x1,2048x64x1x1
node_1141,kernel_add,0.017700,4096x1x1,64x1x1,2048x64x1x1
node_1142,kernel_add,0.017400,4096x1x1,64x1x1,2048x64x1x1
ffn_moe_out-17,kernel_add,0.017400,4096x1x1,64x1x1,2048x64x1x1
ffn_shexp-17,kernel_transpose_32_16,0.012600,704x16x0,1x16x0,2048x64x1x1
ffn_shexp-17,kernel_mul_mat_Ab_Bi_8x4,0.524600,8x512x1,1x128x1,2048x64x1x1
ffn_out-17,kernel_add,0.021200,4096x1x1,64x1x1,2048x64x1x1
l_out-17,kernel_add,0.017700,4096x1x1,64x1x1,2048x64x1x1
attn_norm-18,kernel_rms_norm_mul,0.019000,65536x1x1,1024x1x1,2048x64x1x1
q-18,kernel_transpose_32_16,0.006900,512x16x0,1x16x0,3072x64x1x1
q-18,kernel_mul_mat_Ab_Bi_8x4,0.387000,8x768x1,1x128x1,3072x64x1x1
q_pe-18,kernel_rope_norm_f32,0.012400,1024x64x1,64x1x1,64x16x64x1
Qcur-18,kernel_concat_f32_non_contiguous,0.349800,16x64x1,0x0x0,192x16x64x1
kv_cmpr_pe-18,kernel_transpose_32_16,0.009300,512x16x0,1x16x0,576x64x1x1
kv_cmpr_pe-18,kernel_mul_mat_Ab_Bi_8x4,0.316000,8x144x1,1x128x1,576x64x1x1
k_pe-18,kernel_rope_norm_f32,0.002700,64x64x1,64x1x1,64x1x64x1
node_1157,kernel_repeat,0.284400,16x64x1,0x0x0,64x16x64x1
kv_cmpr-18,kernel_rms_norm_mul,0.010400,32768x1x1,512x1x1,512x64x1x1
kv-18,kernel_transpose_32_16,0.003900,128x16x0,1x16x0,4096x64x1x1
kv-18,kernel_mul_mat_Ab_Bi_8x4,0.134500,8x1024x1,1x128x1,4096x64x1x1
Kcur-18,kernel_concat_f32_non_contiguous,0.395400,16x64x1,0x0x0,192x16x64x1
Vcur_cont-18,kernel_cpy_f32_f32,0.010400,1024x64x1,64x1x1,128x16x64x1
cache_k_l18 (view),kernel_set_rows_f16_i64,0.015800,65536x1x1,1024x1x1,3072x4096x1x1
cache_v_l18 (view),kernel_set_rows_f16_i64,0.011700,65536x1x1,1024x1x1,2048x4096x1x1
__fattn__-18,flash_attn_f32_f16,9.365800,64x16x0,16x1x0,128x16x64x1
node_1178,kernel_transpose_32_16,0.009600,512x16x0,1x16x0,2048x64x1x1
node_1178,kernel_mul_mat_Ab_Bi_8x4,0.376400,8x512x1,1x128x1,2048x64x1x1
ffn_inp-18,kernel_add,0.021400,4096x1x1,64x1x1,2048x64x1x1
ffn_norm-18,kernel_rms_norm_mul,0.019300,65536x1x1,1024x1x1,2048x64x1x1
ffn_moe_logits-18,kernel_mul_mm_f32_f32_l4_lm,0.499400,128x1x1,128x1x1,64x64x1x1
ffn_moe_probs-18,kernel_soft_max_4,0.003700,4096x1x1,64x1x1,64x64x1x1
ffn_moe_argsort-18,kernel_argsort_f32_i32,0.015200,64x64x1,64x1x1,64x64x1x1
ffn_moe_weights-18,kernel_get_rows_f32,0.004500,384x64x1,64x1x1,1x6x64x1
ffn_moe_weights_scaled-18,kernel_scale,0.001900,96x1x1,64x1x1,1x6x64x1
ffn_moe_gate-18,kernel_mul_mv_id_q4_0_f32_8x_flat,9.172400,11264x1x384,64x1x1,1408x6x64x1
ffn_moe_up-18,kernel_mul_mv_id_q4_0_f32_8x_flat,9.238200,11264x1x384,64x1x1,1408x6x64x1
ffn_moe_weighted-18,kernel_swiglu,0.082200,196608x1x1,512x1x1,1408x6x64x1
ffn_moe_down-18,kernel_mul_mv_id_q4_0_f32_8x_flat,9.843800,16384x1x384,64x1x1,2048x6x64x1
node_1194,kernel_mul,0.102700,384x64x1,64x1x1,2048x6x64x1
ffn_gate-18,kernel_transpose_32_16,0.010900,512x16x0,1x16x0,2816x64x1x1
ffn_gate-18,kernel_mul_mat_Ab_Bi_8x4,0.382700,8x704x1,1x128x1,2816x64x1x1
ffn_up-18,kernel_transpose_32_16,0.009900,512x16x0,1x16x0,2816x64x1x1
ffn_up-18,kernel_mul_mat_Ab_Bi_8x4,0.386100,8x704x1,1x128x1,2816x64x1x1
ffn_swiglu-18,kernel_swiglu,0.023500,32768x1x1,512x1x1,2816x64x1x1
node_1204,kernel_add,0.023800,4096x1x1,64x1x1,2048x64x1x1
node_1205,kernel_add,0.016600,4096x1x1,64x1x1,2048x64x1x1
node_1206,kernel_add,0.017400,4096x1x1,64x1x1,2048x64x1x1
node_1207,kernel_add,0.017400,4096x1x1,64x1x1,2048x64x1x1
ffn_moe_out-18,kernel_add,0.017100,4096x1x1,64x1x1,2048x64x1x1
ffn_shexp-18,kernel_transpose_32_16,0.013000,704x16x0,1x16x0,2048x64x1x1
ffn_shexp-18,kernel_mul_mat_Ab_Bi_8x4,0.533400,8x512x1,1x128x1,2048x64x1x1
ffn_out-18,kernel_add,0.020600,4096x1x1,64x1x1,2048x64x1x1
l_out-18,kernel_add,0.018600,4096x1x1,64x1x1,2048x64x1x1
attn_norm-19,kernel_rms_norm_mul,0.019500,65536x1x1,1024x1x1,2048x64x1x1
q-19,kernel_transpose_32_16,0.009900,512x16x0,1x16x0,3072x64x1x1
q-19,kernel_mul_mat_Ab_Bi_8x4,0.388200,8x768x1,1x128x1,3072x64x1x1
q_pe-19,kernel_rope_norm_f32,0.012100,1024x64x1,64x1x1,64x16x64x1
Qcur-19,kernel_concat_f32_non_contiguous,0.349800,16x64x1,0x0x0,192x16x64x1
kv_cmpr_pe-19,kernel_transpose_32_16,0.010000,512x16x0,1x16x0,576x64x1x1
kv_cmpr_pe-19,kernel_mul_mat_Ab_Bi_8x4,0.316700,8x144x1,1x128x1,576x64x1x1
k_pe-19,kernel_rope_norm_f32,0.002800,64x64x1,64x1x1,64x1x64x1
node_1222,kernel_repeat,0.284000,16x64x1,0x0x0,64x16x64x1
kv_cmpr-19,kernel_rms_norm_mul,0.009900,32768x1x1,512x1x1,512x64x1x1
kv-19,kernel_transpose_32_16,0.003900,128x16x0,1x16x0,4096x64x1x1
kv-19,kernel_mul_mat_Ab_Bi_8x4,0.134900,8x1024x1,1x128x1,4096x64x1x1
Kcur-19,kernel_concat_f32_non_contiguous,0.388300,16x64x1,0x0x0,192x16x64x1
Vcur_cont-19,kernel_cpy_f32_f32,0.013700,1024x64x1,64x1x1,128x16x64x1
cache_k_l19 (view),kernel_set_rows_f16_i64,0.015700,65536x1x1,1024x1x1,3072x4096x1x1
cache_v_l19 (view),kernel_set_rows_f16_i64,0.011600,65536x1x1,1024x1x1,2048x4096x1x1
__fattn__-19,flash_attn_f32_f16,9.378900,64x16x0,16x1x0,128x16x64x1
node_1243,kernel_transpose_32_16,0.009500,512x16x0,1x16x0,2048x64x1x1
node_1243,kernel_mul_mat_Ab_Bi_8x4,0.373900,8x512x1,1x128x1,2048x64x1x1
ffn_inp-19,kernel_add,0.020600,4096x1x1,64x1x1,2048x64x1x1
ffn_norm-19,kernel_rms_norm_mul,0.019400,65536x1x1,1024x1x1,2048x64x1x1
ffn_moe_logits-19,kernel_mul_mm_f32_f32_l4_lm,0.511500,128x1x1,128x1x1,64x64x1x1
ffn_moe_probs-19,kernel_soft_max_4,0.003600,4096x1x1,64x1x1,64x64x1x1
ffn_moe_argsort-19,kernel_argsort_f32_i32,0.015300,64x64x1,64x1x1,64x64x1x1
ffn_moe_weights-19,kernel_get_rows_f32,0.004500,384x64x1,64x1x1,1x6x64x1
ffn_moe_weights_scaled-19,kernel_scale,0.001800,96x1x1,64x1x1,1x6x64x1
ffn_moe_gate-19,kernel_mul_mv_id_q4_0_f32_8x_flat,9.225100,11264x1x384,64x1x1,1408x6x64x1
ffn_moe_up-19,kernel_mul_mv_id_q4_0_f32_8x_flat,9.223100,11264x1x384,64x1x1,1408x6x64x1
ffn_moe_weighted-19,kernel_swiglu,0.081900,196608x1x1,512x1x1,1408x6x64x1
ffn_moe_down-19,kernel_mul_mv_id_q4_0_f32_8x_flat,9.864500,16384x1x384,64x1x1,2048x6x64x1
node_1259,kernel_mul,0.102200,384x64x1,64x1x1,2048x6x64x1
ffn_gate-19,kernel_transpose_32_16,0.011000,512x16x0,1x16x0,2816x64x1x1
ffn_gate-19,kernel_mul_mat_Ab_Bi_8x4,0.386500,8x704x1,1x128x1,2816x64x1x1
ffn_up-19,kernel_transpose_32_16,0.010800,512x16x0,1x16x0,2816x64x1x1
ffn_up-19,kernel_mul_mat_Ab_Bi_8x4,0.385200,8x704x1,1x128x1,2816x64x1x1
ffn_swiglu-19,kernel_swiglu,0.023800,32768x1x1,512x1x1,2816x64x1x1
node_1269,kernel_add,0.024300,4096x1x1,64x1x1,2048x64x1x1
node_1270,kernel_add,0.020000,4096x1x1,64x1x1,2048x64x1x1
node_1271,kernel_add,0.018000,4096x1x1,64x1x1,2048x64x1x1
node_1272,kernel_add,0.017100,4096x1x1,64x1x1,2048x64x1x1
ffn_moe_out-19,kernel_add,0.017600,4096x1x1,64x1x1,2048x64x1x1
ffn_shexp-19,kernel_transpose_32_16,0.012300,704x16x0,1x16x0,2048x64x1x1
ffn_shexp-19,kernel_mul_mat_Ab_Bi_8x4,0.535600,8x512x1,1x128x1,2048x64x1x1
ffn_out-19,kernel_add,0.021400,4096x1x1,64x1x1,2048x64x1x1
l_out-19,kernel_add,0.018000,4096x1x1,64x1x1,2048x64x1x1
attn_norm-20,kernel_rms_norm_mul,0.019100,65536x1x1,1024x1x1,2048x64x1x1
q-20,kernel_transpose_32_16,0.006800,512x16x0,1x16x0,3072x64x1x1
q-20,kernel_mul_mat_Ab_Bi_8x4,0.388000,8x768x1,1x128x1,3072x64x1x1
q_pe-20,kernel_rope_norm_f32,0.009400,1024x64x1,64x1x1,64x16x64x1
Qcur-20,kernel_concat_f32_non_contiguous,0.346000,16x64x1,0x0x0,192x16x64x1
kv_cmpr_pe-20,kernel_transpose_32_16,0.010400,512x16x0,1x16x0,576x64x1x1
kv_cmpr_pe-20,kernel_mul_mat_Ab_Bi_8x4,0.315700,8x144x1,1x128x1,576x64x1x1
k_pe-20,kernel_rope_norm_f32,0.002600,64x64x1,64x1x1,64x1x64x1
node_1287,kernel_repeat,0.285600,16x64x1,0x0x0,64x16x64x1
kv_cmpr-20,kernel_rms_norm_mul,0.010300,32768x1x1,512x1x1,512x64x1x1
kv-20,kernel_transpose_32_16,0.004000,128x16x0,1x16x0,4096x64x1x1
kv-20,kernel_mul_mat_Ab_Bi_8x4,0.134500,8x1024x1,1x128x1,4096x64x1x1
Kcur-20,kernel_concat_f32_non_contiguous,0.414800,16x64x1,0x0x0,192x16x64x1
Vcur_cont-20,kernel_cpy_f32_f32,0.014500,1024x64x1,64x1x1,128x16x64x1
cache_k_l20 (view),kernel_set_rows_f16_i64,0.015400,65536x1x1,1024x1x1,3072x4096x1x1
cache_v_l20 (view),kernel_set_rows_f16_i64,0.011800,65536x1x1,1024x1x1,2048x4096x1x1
__fattn__-20,flash_attn_f32_f16,9.383600,64x16x0,16x1x0,128x16x64x1
node_1308,kernel_transpose_32_16,0.009500,512x16x0,1x16x0,2048x64x1x1
node_1308,kernel_mul_mat_Ab_Bi_8x4,0.379900,8x512x1,1x128x1,2048x64x1x1
ffn_inp-20,kernel_add,0.017000,4096x1x1,64x1x1,2048x64x1x1
ffn_norm-20,kernel_rms_norm_mul,0.019500,65536x1x1,1024x1x1,2048x64x1x1
ffn_moe_logits-20,kernel_mul_mm_f32_f32_l4_lm,0.516800,128x1x1,128x1x1,64x64x1x1
ffn_moe_probs-20,kernel_soft_max_4,0.003600,4096x1x1,64x1x1,64x64x1x1
ffn_moe_argsort-20,kernel_argsort_f32_i32,0.015100,64x64x1,64x1x1,64x64x1x1
ffn_moe_weights-20,kernel_get_rows_f32,0.004100,384x64x1,64x1x1,1x6x64x1
ffn_moe_weights_scaled-20,kernel_scale,0.001800,96x1x1,64x1x1,1x6x64x1
ffn_moe_gate-20,kernel_mul_mv_id_q4_0_f32_8x_flat,9.176900,11264x1x384,64x1x1,1408x6x64x1
ffn_moe_up-20,kernel_mul_mv_id_q4_0_f32_8x_flat,9.183800,11264x1x384,64x1x1,1408x6x64x1
ffn_moe_weighted-20,kernel_swiglu,0.081300,196608x1x1,512x1x1,1408x6x64x1
ffn_moe_down-20,kernel_mul_mv_id_q4_0_f32_8x_flat,9.883100,16384x1x384,64x1x1,2048x6x64x1
node_1324,kernel_mul,0.099100,384x64x1,64x1x1,2048x6x64x1
ffn_gate-20,kernel_transpose_32_16,0.011100,512x16x0,1x16x0,2816x64x1x1
ffn_gate-20,kernel_mul_mat_Ab_Bi_8x4,0.381000,8x704x1,1x128x1,2816x64x1x1
ffn_up-20,kernel_transpose_32_16,0.010000,512x16x0,1x16x0,2816x64x1x1
ffn_up-20,kernel_mul_mat_Ab_Bi_8x4,0.386200,8x704x1,1x128x1,2816x64x1x1
ffn_swiglu-20,kernel_swiglu,0.021300,32768x1x1,512x1x1,2816x64x1x1
node_1334,kernel_add,0.023600,4096x1x1,64x1x1,2048x64x1x1
node_1335,kernel_add,0.021000,4096x1x1,64x1x1,2048x64x1x1
node_1336,kernel_add,0.017400,4096x1x1,64x1x1,2048x64x1x1
node_1337,kernel_add,0.017400,4096x1x1,64x1x1,2048x64x1x1
ffn_moe_out-20,kernel_add,0.017600,4096x1x1,64x1x1,2048x64x1x1
ffn_shexp-20,kernel_transpose_32_16,0.013000,704x16x0,1x16x0,2048x64x1x1
ffn_shexp-20,kernel_mul_mat_Ab_Bi_8x4,0.525800,8x512x1,1x128x1,2048x64x1x1
ffn_out-20,kernel_add,0.015700,4096x1x1,64x1x1,2048x64x1x1
l_out-20,kernel_add,0.018400,4096x1x1,64x1x1,2048x64x1x1
attn_norm-21,kernel_rms_norm_mul,0.019300,65536x1x1,1024x1x1,2048x64x1x1
q-21,kernel_transpose_32_16,0.006800,512x16x0,1x16x0,3072x64x1x1
q-21,kernel_mul_mat_Ab_Bi_8x4,0.388200,8x768x1,1x128x1,3072x64x1x1
q_pe-21,kernel_rope_norm_f32,0.012000,1024x64x1,64x1x1,64x16x64x1
Qcur-21,kernel_concat_f32_non_contiguous,0.348300,16x64x1,0x0x0,192x16x64x1
kv_cmpr_pe-21,kernel_transpose_32_16,0.010100,512x16x0,1x16x0,576x64x1x1
kv_cmpr_pe-21,kernel_mul_mat_Ab_Bi_8x4,0.315100,8x144x1,1x128x1,576x64x1x1
k_pe-21,kernel_rope_norm_f32,0.002800,64x64x1,64x1x1,64x1x64x1
node_1352,kernel_repeat,0.287400,16x64x1,0x0x0,64x16x64x1
kv_cmpr-21,kernel_rms_norm_mul,0.009900,32768x1x1,512x1x1,512x64x1x1
kv-21,kernel_transpose_32_16,0.004200,128x16x0,1x16x0,4096x64x1x1
kv-21,kernel_mul_mat_Ab_Bi_8x4,0.134300,8x1024x1,1x128x1,4096x64x1x1
Kcur-21,kernel_concat_f32_non_contiguous,0.396600,16x64x1,0x0x0,192x16x64x1
Vcur_cont-21,kernel_cpy_f32_f32,0.013600,1024x64x1,64x1x1,128x16x64x1
cache_k_l21 (view),kernel_set_rows_f16_i64,0.014700,65536x1x1,1024x1x1,3072x4096x1x1
cache_v_l21 (view),kernel_set_rows_f16_i64,0.011500,65536x1x1,1024x1x1,2048x4096x1x1
__fattn__-21,flash_attn_f32_f16,9.364100,64x16x0,16x1x0,128x16x64x1
node_1373,kernel_transpose_32_16,0.009300,512x16x0,1x16x0,2048x64x1x1
node_1373,kernel_mul_mat_Ab_Bi_8x4,0.374500,8x512x1,1x128x1,2048x64x1x1
ffn_inp-21,kernel_add,0.020500,4096x1x1,64x1x1,2048x64x1x1
ffn_norm-21,kernel_rms_norm_mul,0.019100,65536x1x1,1024x1x1,2048x64x1x1
ffn_moe_logits-21,kernel_mul_mm_f32_f32_l4_lm,0.509000,128x1x1,128x1x1,64x64x1x1
ffn_moe_probs-21,kernel_soft_max_4,0.004000,4096x1x1,64x1x1,64x64x1x1
ffn_moe_argsort-21,kernel_argsort_f32_i32,0.015000,64x64x1,64x1x1,64x64x1x1
ffn_moe_weights-21,kernel_get_rows_f32,0.004000,384x64x1,64x1x1,1x6x64x1
ffn_moe_weights_scaled-21,kernel_scale,0.001800,96x1x1,64x1x1,1x6x64x1
ffn_moe_gate-21,kernel_mul_mv_id_q4_0_f32_8x_flat,9.228500,11264x1x384,64x1x1,1408x6x64x1
ffn_moe_up-21,kernel_mul_mv_id_q4_0_f32_8x_flat,9.227900,11264x1x384,64x1x1,1408x6x64x1
ffn_moe_weighted-21,kernel_swiglu,0.083800,196608x1x1,512x1x1,1408x6x64x1
ffn_moe_down-21,kernel_mul_mv_id_q4_0_f32_8x_flat,9.891700,16384x1x384,64x1x1,2048x6x64x1
node_1389,kernel_mul,0.100700,384x64x1,64x1x1,2048x6x64x1
ffn_gate-21,kernel_transpose_32_16,0.011600,512x16x0,1x16x0,2816x64x1x1
ffn_gate-21,kernel_mul_mat_Ab_Bi_8x4,0.382600,8x704x1,1x128x1,2816x64x1x1
ffn_up-21,kernel_transpose_32_16,0.010400,512x16x0,1x16x0,2816x64x1x1
ffn_up-21,kernel_mul_mat_Ab_Bi_8x4,0.385800,8x704x1,1x128x1,2816x64x1x1
ffn_swiglu-21,kernel_swiglu,0.023100,32768x1x1,512x1x1,2816x64x1x1
node_1399,kernel_add,0.025100,4096x1x1,64x1x1,2048x64x1x1
node_1400,kernel_add,0.020600,4096x1x1,64x1x1,2048x64x1x1
node_1401,kernel_add,0.017000,4096x1x1,64x1x1,2048x64x1x1
node_1402,kernel_add,0.018200,4096x1x1,64x1x1,2048x64x1x1
ffn_moe_out-21,kernel_add,0.017600,4096x1x1,64x1x1,2048x64x1x1
ffn_shexp-21,kernel_transpose_32_16,0.013300,704x16x0,1x16x0,2048x64x1x1
ffn_shexp-21,kernel_mul_mat_Ab_Bi_8x4,0.523100,8x512x1,1x128x1,2048x64x1x1
ffn_out-21,kernel_add,0.021700,4096x1x1,64x1x1,2048x64x1x1
l_out-21,kernel_add,0.018600,4096x1x1,64x1x1,2048x64x1x1
attn_norm-22,kernel_rms_norm_mul,0.019300,65536x1x1,1024x1x1,2048x64x1x1
q-22,kernel_transpose_32_16,0.008900,512x16x0,1x16x0,3072x64x1x1
q-22,kernel_mul_mat_Ab_Bi_8x4,0.389900,8x768x1,1x128x1,3072x64x1x1
q_pe-22,kernel_rope_norm_f32,0.012000,1024x64x1,64x1x1,64x16x64x1
Qcur-22,kernel_concat_f32_non_contiguous,0.348900,16x64x1,0x0x0,192x16x64x1
kv_cmpr_pe-22,kernel_transpose_32_16,0.010700,512x16x0,1x16x0,576x64x1x1
kv_cmpr_pe-22,kernel_mul_mat_Ab_Bi_8x4,0.316900,8x144x1,1x128x1,576x64x1x1
k_pe-22,kernel_rope_norm_f32,0.002600,64x64x1,64x1x1,64x1x64x1
node_1417,kernel_repeat,0.285600,16x64x1,0x0x0,64x16x64x1
kv_cmpr-22,kernel_rms_norm_mul,0.009900,32768x1x1,512x1x1,512x64x1x1
kv-22,kernel_transpose_32_16,0.004100,128x16x0,1x16x0,4096x64x1x1
kv-22,kernel_mul_mat_Ab_Bi_8x4,0.133900,8x1024x1,1x128x1,4096x64x1x1
Kcur-22,kernel_concat_f32_non_contiguous,0.400600,16x64x1,0x0x0,192x16x64x1
Vcur_cont-22,kernel_cpy_f32_f32,0.014000,1024x64x1,64x1x1,128x16x64x1
cache_k_l22 (view),kernel_set_rows_f16_i64,0.015800,65536x1x1,1024x1x1,3072x4096x1x1
cache_v_l22 (view),kernel_set_rows_f16_i64,0.011400,65536x1x1,1024x1x1,2048x4096x1x1
__fattn__-22,flash_attn_f32_f16,9.386800,64x16x0,16x1x0,128x16x64x1
node_1438,kernel_transpose_32_16,0.009000,512x16x0,1x16x0,2048x64x1x1
node_1438,kernel_mul_mat_Ab_Bi_8x4,0.372200,8x512x1,1x128x1,2048x64x1x1
ffn_inp-22,kernel_add,0.021500,4096x1x1,64x1x1,2048x64x1x1
ffn_norm-22,kernel_rms_norm_mul,0.019300,65536x1x1,1024x1x1,2048x64x1x1
ffn_moe_logits-22,kernel_mul_mm_f32_f32_l4_lm,0.508900,128x1x1,128x1x1,64x64x1x1
ffn_moe_probs-22,kernel_soft_max_4,0.003700,4096x1x1,64x1x1,64x64x1x1
ffn_moe_argsort-22,kernel_argsort_f32_i32,0.015300,64x64x1,64x1x1,64x64x1x1
ffn_moe_weights-22,kernel_get_rows_f32,0.004000,384x64x1,64x1x1,1x6x64x1
ffn_moe_weights_scaled-22,kernel_scale,0.002100,96x1x1,64x1x1,1x6x64x1
ffn_moe_gate-22,kernel_mul_mv_id_q4_0_f32_8x_flat,9.208700,11264x1x384,64x1x1,1408x6x64x1
ffn_moe_up-22,kernel_mul_mv_id_q4_0_f32_8x_flat,9.226800,11264x1x384,64x1x1,1408x6x64x1
ffn_moe_weighted-22,kernel_swiglu,0.083600,196608x1x1,512x1x1,1408x6x64x1
ffn_moe_down-22,kernel_mul_mv_id_q4_0_f32_8x_flat,9.865500,16384x1x384,64x1x1,2048x6x64x1
node_1454,kernel_mul,0.101100,384x64x1,64x1x1,2048x6x64x1
ffn_gate-22,kernel_transpose_32_16,0.010800,512x16x0,1x16x0,2816x64x1x1
ffn_gate-22,kernel_mul_mat_Ab_Bi_8x4,0.383700,8x704x1,1x128x1,2816x64x1x1
ffn_up-22,kernel_transpose_32_16,0.009400,512x16x0,1x16x0,2816x64x1x1
ffn_up-22,kernel_mul_mat_Ab_Bi_8x4,0.383700,8x704x1,1x128x1,2816x64x1x1
ffn_swiglu-22,kernel_swiglu,0.023800,32768x1x1,512x1x1,2816x64x1x1
node_1464,kernel_add,0.024300,4096x1x1,64x1x1,2048x64x1x1
node_1465,kernel_add,0.021200,4096x1x1,64x1x1,2048x64x1x1
node_1466,kernel_add,0.017200,4096x1x1,64x1x1,2048x64x1x1
node_1467,kernel_add,0.017500,4096x1x1,64x1x1,2048x64x1x1
ffn_moe_out-22,kernel_add,0.017200,4096x1x1,64x1x1,2048x64x1x1
ffn_shexp-22,kernel_transpose_32_16,0.011600,704x16x0,1x16x0,2048x64x1x1
ffn_shexp-22,kernel_mul_mat_Ab_Bi_8x4,0.528200,8x512x1,1x128x1,2048x64x1x1
ffn_out-22,kernel_add,0.020600,4096x1x1,64x1x1,2048x64x1x1
l_out-22,kernel_add,0.018700,4096x1x1,64x1x1,2048x64x1x1
attn_norm-23,kernel_rms_norm_mul,0.019500,65536x1x1,1024x1x1,2048x64x1x1
q-23,kernel_transpose_32_16,0.006700,512x16x0,1x16x0,3072x64x1x1
q-23,kernel_mul_mat_Ab_Bi_8x4,0.387600,8x768x1,1x128x1,3072x64x1x1
q_pe-23,kernel_rope_norm_f32,0.011700,1024x64x1,64x1x1,64x16x64x1
Qcur-23,kernel_concat_f32_non_contiguous,0.346200,16x64x1,0x0x0,192x16x64x1
kv_cmpr_pe-23,kernel_transpose_32_16,0.010500,512x16x0,1x16x0,576x64x1x1
kv_cmpr_pe-23,kernel_mul_mat_Ab_Bi_8x4,0.318400,8x144x1,1x128x1,576x64x1x1
k_pe-23,kernel_rope_norm_f32,0.002800,64x64x1,64x1x1,64x1x64x1
node_1482,kernel_repeat,0.287300,16x64x1,0x0x0,64x16x64x1
kv_cmpr-23,kernel_rms_norm_mul,0.010100,32768x1x1,512x1x1,512x64x1x1
kv-23,kernel_transpose_32_16,0.004100,128x16x0,1x16x0,4096x64x1x1
kv-23,kernel_mul_mat_Ab_Bi_8x4,0.132900,8x1024x1,1x128x1,4096x64x1x1
Kcur-23,kernel_concat_f32_non_contiguous,0.401000,16x64x1,0x0x0,192x16x64x1
Vcur_cont-23,kernel_cpy_f32_f32,0.013200,1024x64x1,64x1x1,128x16x64x1
cache_k_l23 (view),kernel_set_rows_f16_i64,0.015700,65536x1x1,1024x1x1,3072x4096x1x1
cache_v_l23 (view),kernel_set_rows_f16_i64,0.011700,65536x1x1,1024x1x1,2048x4096x1x1
__fattn__-23,flash_attn_f32_f16,9.348900,64x16x0,16x1x0,128x16x64x1
node_1503,kernel_transpose_32_16,0.009600,512x16x0,1x16x0,2048x64x1x1
node_1503,kernel_mul_mat_Ab_Bi_8x4,0.376600,8x512x1,1x128x1,2048x64x1x1
ffn_inp-23,kernel_add,0.021500,4096x1x1,64x1x1,2048x64x1x1
ffn_norm-23,kernel_rms_norm_mul,0.019400,65536x1x1,1024x1x1,2048x64x1x1
ffn_moe_logits-23,kernel_mul_mm_f32_f32_l4_lm,0.515400,128x1x1,128x1x1,64x64x1x1
ffn_moe_probs-23,kernel_soft_max_4,0.003800,4096x1x1,64x1x1,64x64x1x1
ffn_moe_argsort-23,kernel_argsort_f32_i32,0.015000,64x64x1,64x1x1,64x64x1x1
ffn_moe_weights-23,kernel_get_rows_f32,0.004100,384x64x1,64x1x1,1x6x64x1
ffn_moe_weights_scaled-23,kernel_scale,0.001800,96x1x1,64x1x1,1x6x64x1
ffn_moe_gate-23,kernel_mul_mv_id_q4_0_f32_8x_flat,9.212500,11264x1x384,64x1x1,1408x6x64x1
ffn_moe_up-23,kernel_mul_mv_id_q4_0_f32_8x_flat,9.247900,11264x1x384,64x1x1,1408x6x64x1
ffn_moe_weighted-23,kernel_swiglu,0.082300,196608x1x1,512x1x1,1408x6x64x1
ffn_moe_down-23,kernel_mul_mv_id_q4_0_f32_8x_flat,9.892100,16384x1x384,64x1x1,2048x6x64x1
node_1519,kernel_mul,0.099500,384x64x1,64x1x1,2048x6x64x1
ffn_gate-23,kernel_transpose_32_16,0.011300,512x16x0,1x16x0,2816x64x1x1
ffn_gate-23,kernel_mul_mat_Ab_Bi_8x4,0.382500,8x704x1,1x128x1,2816x64x1x1
ffn_up-23,kernel_transpose_32_16,0.010200,512x16x0,1x16x0,2816x64x1x1
ffn_up-23,kernel_mul_mat_Ab_Bi_8x4,0.385800,8x704x1,1x128x1,2816x64x1x1
ffn_swiglu-23,kernel_swiglu,0.022900,32768x1x1,512x1x1,2816x64x1x1
node_1529,kernel_add,0.021200,4096x1x1,64x1x1,2048x64x1x1
node_1530,kernel_add,0.020400,4096x1x1,64x1x1,2048x64x1x1
node_1531,kernel_add,0.018000,4096x1x1,64x1x1,2048x64x1x1
node_1532,kernel_add,0.017300,4096x1x1,64x1x1,2048x64x1x1
ffn_moe_out-23,kernel_add,0.017200,4096x1x1,64x1x1,2048x64x1x1
ffn_shexp-23,kernel_transpose_32_16,0.013000,704x16x0,1x16x0,2048x64x1x1
ffn_shexp-23,kernel_mul_mat_Ab_Bi_8x4,0.527400,8x512x1,1x128x1,2048x64x1x1
ffn_out-23,kernel_add,0.021700,4096x1x1,64x1x1,2048x64x1x1
l_out-23,kernel_add,0.016600,4096x1x1,64x1x1,2048x64x1x1
attn_norm-24,kernel_rms_norm_mul,0.018900,65536x1x1,1024x1x1,2048x64x1x1
q-24,kernel_transpose_32_16,0.006400,512x16x0,1x16x0,3072x64x1x1
q-24,kernel_mul_mat_Ab_Bi_8x4,0.390300,8x768x1,1x128x1,3072x64x1x1
q_pe-24,kernel_rope_norm_f32,0.011800,1024x64x1,64x1x1,64x16x64x1
Qcur-24,kernel_concat_f32_non_contiguous,0.347000,16x64x1,0x0x0,192x16x64x1
kv_cmpr_pe-24,kernel_transpose_32_16,0.010600,512x16x0,1x16x0,576x64x1x1
kv_cmpr_pe-24,kernel_mul_mat_Ab_Bi_8x4,0.317600,8x144x1,1x128x1,576x64x1x1
k_pe-24,kernel_rope_norm_f32,0.003200,64x64x1,64x1x1,64x1x64x1
node_1547,kernel_repeat,0.284200,16x64x1,0x0x0,64x16x64x1
kv_cmpr-24,kernel_rms_norm_mul,0.009600,32768x1x1,512x1x1,512x64x1x1
kv-24,kernel_transpose_32_16,0.003900,128x16x0,1x16x0,4096x64x1x1
kv-24,kernel_mul_mat_Ab_Bi_8x4,0.134200,8x1024x1,1x128x1,4096x64x1x1
Kcur-24,kernel_concat_f32_non_contiguous,0.386600,16x64x1,0x0x0,192x16x64x1
Vcur_cont-24,kernel_cpy_f32_f32,0.013900,1024x64x1,64x1x1,128x16x64x1
cache_k_l24 (view),kernel_set_rows_f16_i64,0.015700,65536x1x1,1024x1x1,3072x4096x1x1
cache_v_l24 (view),kernel_set_rows_f16_i64,0.011900,65536x1x1,1024x1x1,2048x4096x1x1
__fattn__-24,flash_attn_f32_f16,9.342800,64x16x0,16x1x0,128x16x64x1
node_1568,kernel_transpose_32_16,0.009700,512x16x0,1x16x0,2048x64x1x1
node_1568,kernel_mul_mat_Ab_Bi_8x4,0.375600,8x512x1,1x128x1,2048x64x1x1
ffn_inp-24,kernel_add,0.021000,4096x1x1,64x1x1,2048x64x1x1
ffn_norm-24,kernel_rms_norm_mul,0.019400,65536x1x1,1024x1x1,2048x64x1x1
ffn_moe_logits-24,kernel_mul_mm_f32_f32_l4_lm,0.515500,128x1x1,128x1x1,64x64x1x1
ffn_moe_probs-24,kernel_soft_max_4,0.003700,4096x1x1,64x1x1,64x64x1x1
ffn_moe_argsort-24,kernel_argsort_f32_i32,0.015500,64x64x1,64x1x1,64x64x1x1
ffn_moe_weights-24,kernel_get_rows_f32,0.004300,384x64x1,64x1x1,1x6x64x1
ffn_moe_weights_scaled-24,kernel_scale,0.001700,96x1x1,64x1x1,1x6x64x1
ffn_moe_gate-24,kernel_mul_mv_id_q4_0_f32_8x_flat,9.207400,11264x1x384,64x1x1,1408x6x64x1
ffn_moe_up-24,kernel_mul_mv_id_q4_0_f32_8x_flat,9.238300,11264x1x384,64x1x1,1408x6x64x1
ffn_moe_weighted-24,kernel_swiglu,0.082600,196608x1x1,512x1x1,1408x6x64x1
ffn_moe_down-24,kernel_mul_mv_id_q4_0_f32_8x_flat,9.872400,16384x1x384,64x1x1,2048x6x64x1
node_1584,kernel_mul,0.099200,384x64x1,64x1x1,2048x6x64x1
ffn_gate-24,kernel_transpose_32_16,0.011100,512x16x0,1x16x0,2816x64x1x1
ffn_gate-24,kernel_mul_mat_Ab_Bi_8x4,0.382700,8x704x1,1x128x1,2816x64x1x1
ffn_up-24,kernel_transpose_32_16,0.010000,512x16x0,1x16x0,2816x64x1x1
ffn_up-24,kernel_mul_mat_Ab_Bi_8x4,0.385500,8x704x1,1x128x1,2816x64x1x1
ffn_swiglu-24,kernel_swiglu,0.023800,32768x1x1,512x1x1,2816x64x1x1
node_1594,kernel_add,0.024500,4096x1x1,64x1x1,2048x64x1x1
node_1595,kernel_add,0.021200,4096x1x1,64x1x1,2048x64x1x1
node_1596,kernel_add,0.017200,4096x1x1,64x1x1,2048x64x1x1
node_1597,kernel_add,0.016500,4096x1x1,64x1x1,2048x64x1x1
ffn_moe_out-24,kernel_add,0.018300,4096x1x1,64x1x1,2048x64x1x1
ffn_shexp-24,kernel_transpose_32_16,0.012900,704x16x0,1x16x0,2048x64x1x1
ffn_shexp-24,kernel_mul_mat_Ab_Bi_8x4,0.529200,8x512x1,1x128x1,2048x64x1x1
ffn_out-24,kernel_add,0.020500,4096x1x1,64x1x1,2048x64x1x1
l_out-24,kernel_add,0.018600,4096x1x1,64x1x1,2048x64x1x1
attn_norm-25,kernel_rms_norm_mul,0.019500,65536x1x1,1024x1x1,2048x64x1x1
q-25,kernel_transpose_32_16,0.007000,512x16x0,1x16x0,3072x64x1x1
q-25,kernel_mul_mat_Ab_Bi_8x4,0.386400,8x768x1,1x128x1,3072x64x1x1
q_pe-25,kernel_rope_norm_f32,0.012200,1024x64x1,64x1x1,64x16x64x1
Qcur-25,kernel_concat_f32_non_contiguous,0.345800,16x64x1,0x0x0,192x16x64x1
kv_cmpr_pe-25,kernel_transpose_32_16,0.010000,512x16x0,1x16x0,576x64x1x1
kv_cmpr_pe-25,kernel_mul_mat_Ab_Bi_8x4,0.318800,8x144x1,1x128x1,576x64x1x1
k_pe-25,kernel_rope_norm_f32,0.002600,64x64x1,64x1x1,64x1x64x1
node_1612,kernel_repeat,0.284400,16x64x1,0x0x0,64x16x64x1
kv_cmpr-25,kernel_rms_norm_mul,0.009900,32768x1x1,512x1x1,512x64x1x1
kv-25,kernel_transpose_32_16,0.004100,128x16x0,1x16x0,4096x64x1x1
kv-25,kernel_mul_mat_Ab_Bi_8x4,0.135000,8x1024x1,1x128x1,4096x64x1x1
Kcur-25,kernel_concat_f32_non_contiguous,0.387100,16x64x1,0x0x0,192x16x64x1
Vcur_cont-25,kernel_cpy_f32_f32,0.013300,1024x64x1,64x1x1,128x16x64x1
cache_k_l25 (view),kernel_set_rows_f16_i64,0.016000,65536x1x1,1024x1x1,3072x4096x1x1
cache_v_l25 (view),kernel_set_rows_f16_i64,0.011500,65536x1x1,1024x1x1,2048x4096x1x1
__fattn__-25,flash_attn_f32_f16,9.337400,64x16x0,16x1x0,128x16x64x1
node_1633,kernel_transpose_32_16,0.009300,512x16x0,1x16x0,2048x64x1x1
node_1633,kernel_mul_mat_Ab_Bi_8x4,0.383000,8x512x1,1x128x1,2048x64x1x1
ffn_inp-25,kernel_add,0.021800,4096x1x1,64x1x1,2048x64x1x1
ffn_norm-25,kernel_rms_norm_mul,0.019300,65536x1x1,1024x1x1,2048x64x1x1
ffn_moe_logits-25,kernel_mul_mm_f32_f32_l4_lm,0.510300,128x1x1,128x1x1,64x64x1x1
ffn_moe_probs-25,kernel_soft_max_4,0.003700,4096x1x1,64x1x1,64x64x1x1
ffn_moe_argsort-25,kernel_argsort_f32_i32,0.015300,64x64x1,64x1x1,64x64x1x1
ffn_moe_weights-25,kernel_get_rows_f32,0.004200,384x64x1,64x1x1,1x6x64x1
ffn_moe_weights_scaled-25,kernel_scale,0.001800,96x1x1,64x1x1,1x6x64x1
ffn_moe_gate-25,kernel_mul_mv_id_q4_0_f32_8x_flat,9.298200,11264x1x384,64x1x1,1408x6x64x1
ffn_moe_up-25,kernel_mul_mv_id_q4_0_f32_8x_flat,9.330600,11264x1x384,64x1x1,1408x6x64x1
ffn_moe_weighted-25,kernel_swiglu,0.082800,196608x1x1,512x1x1,1408x6x64x1
ffn_moe_down-25,kernel_mul_mv_id_q4_0_f32_8x_flat,9.889700,16384x1x384,64x1x1,2048x6x64x1
node_1649,kernel_mul,0.100500,384x64x1,64x1x1,2048x6x64x1
ffn_gate-25,kernel_transpose_32_16,0.011600,512x16x0,1x16x0,2816x64x1x1
ffn_gate-25,kernel_mul_mat_Ab_Bi_8x4,0.383800,8x704x1,1x128x1,2816x64x1x1
ffn_up-25,kernel_transpose_32_16,0.010300,512x16x0,1x16x0,2816x64x1x1
ffn_up-25,kernel_mul_mat_Ab_Bi_8x4,0.384700,8x704x1,1x128x1,2816x64x1x1
ffn_swiglu-25,kernel_swiglu,0.023700,32768x1x1,512x1x1,2816x64x1x1
node_1659,kernel_add,0.023900,4096x1x1,64x1x1,2048x64x1x1
node_1660,kernel_add,0.020700,4096x1x1,64x1x1,2048x64x1x1
node_1661,kernel_add,0.017200,4096x1x1,64x1x1,2048x64x1x1
node_1662,kernel_add,0.016900,4096x1x1,64x1x1,2048x64x1x1
ffn_moe_out-25,kernel_add,0.017800,4096x1x1,64x1x1,2048x64x1x1
ffn_shexp-25,kernel_transpose_32_16,0.012500,704x16x0,1x16x0,2048x64x1x1
ffn_shexp-25,kernel_mul_mat_Ab_Bi_8x4,0.530000,8x512x1,1x128x1,2048x64x1x1
ffn_out-25,kernel_add,0.022500,4096x1x1,64x1x1,2048x64x1x1
l_out-25,kernel_add,0.019100,4096x1x1,64x1x1,2048x64x1x1
attn_norm-26,kernel_rms_norm_mul,0.019200,65536x1x1,1024x1x1,2048x64x1x1
q-26,kernel_transpose_32_16,0.006700,512x16x0,1x16x0,3072x64x1x1
q-26,kernel_mul_mat_Ab_Bi_8x4,0.388500,8x768x1,1x128x1,3072x64x1x1
q_pe-26,kernel_rope_norm_f32,0.011900,1024x64x1,64x1x1,64x16x64x1
Qcur-26,kernel_concat_f32_non_contiguous,0.350200,16x64x1,0x0x0,192x16x64x1
kv_cmpr_pe-26,kernel_transpose_32_16,0.010000,512x16x0,1x16x0,576x64x1x1
kv_cmpr_pe-26,kernel_mul_mat_Ab_Bi_8x4,0.315800,8x144x1,1x128x1,576x64x1x1
k_pe-26,kernel_rope_norm_f32,0.002700,64x64x1,64x1x1,64x1x64x1
node_1677,kernel_repeat,0.285100,16x64x1,0x0x0,64x16x64x1
kv_cmpr-26,kernel_rms_norm_mul,0.010100,32768x1x1,512x1x1,512x64x1x1
kv-26,kernel_transpose_32_16,0.004000,128x16x0,1x16x0,4096x64x1x1
kv-26,kernel_mul_mat_Ab_Bi_8x4,0.134100,8x1024x1,1x128x1,4096x64x1x1
Kcur-26,kernel_concat_f32_non_contiguous,0.398100,16x64x1,0x0x0,192x16x64x1
Vcur_cont-26,kernel_cpy_f32_f32,0.010300,1024x64x1,64x1x1,128x16x64x1
cache_k_l26 (view),kernel_set_rows_f16_i64,0.015500,65536x1x1,1024x1x1,3072x4096x1x1
cache_v_l26 (view),kernel_set_rows_f16_i64,0.011500,65536x1x1,1024x1x1,2048x4096x1x1
__fattn__-26,flash_attn_f32_f16,9.359900,64x16x0,16x1x0,128x16x64x1
node_1698,kernel_transpose_32_16,0.009600,512x16x0,1x16x0,2048x64x1x1
node_1698,kernel_mul_mat_Ab_Bi_8x4,0.378700,8x512x1,1x128x1,2048x64x1x1
attn_norm-0,kernel_rms_norm_mul,0.021800,65536x1x1,1024x1x1,2048x64x1x1
q-0,kernel_transpose_32_16,0.010400,512x16x0,1x16x0,3072x64x1x1
q-0,kernel_mul_mat_Ab_Bi_8x4,0.388300,8x768x1,1x128x1,3072x64x1x1
q_pe-0,kernel_rope_norm_f32,0.011900,1024x64x1,64x1x1,64x16x64x1
Qcur-0,kernel_concat_f32_non_contiguous,0.345500,16x64x1,0x0x0,192x16x64x1
kv_cmpr_pe-0,kernel_transpose_32_16,0.010100,512x16x0,1x16x0,576x64x1x1
kv_cmpr_pe-0,kernel_mul_mat_Ab_Bi_8x4,0.316600,8x144x1,1x128x1,576x64x1x1
k_pe-0,kernel_rope_norm_f32,0.002800,64x64x1,64x1x1,64x1x64x1
node_11,kernel_repeat,0.284600,16x64x1,0x0x0,64x16x64x1
kv_cmpr-0,kernel_rms_norm_mul,0.009600,32768x1x1,512x1x1,512x64x1x1
kv-0,kernel_transpose_32_16,0.004000,128x16x0,1x16x0,4096x64x1x1
kv-0,kernel_mul_mat_Ab_Bi_8x4,0.134200,8x1024x1,1x128x1,4096x64x1x1
Kcur-0,kernel_concat_f32_non_contiguous,0.392500,16x64x1,0x0x0,192x16x64x1
Vcur_cont-0,kernel_cpy_f32_f32,0.013800,1024x64x1,64x1x1,128x16x64x1
cache_k_l0 (view),kernel_set_rows_f16_i64,0.016300,65536x1x1,1024x1x1,3072x4096x1x1
cache_v_l0 (view),kernel_set_rows_f16_i64,0.011500,65536x1x1,1024x1x1,2048x4096x1x1
 (copy),kernel_cpy_f32_f16,0.005200,4096x1x1,64x1x1,512x64x1x1
__fattn__-0,flash_attn_f32_f16,9.397200,64x16x0,16x1x0,128x16x64x1
node_33,kernel_transpose_32_16,0.009300,512x16x0,1x16x0,2048x64x1x1
node_33,kernel_mul_mat_Ab_Bi_8x4,0.376500,8x512x1,1x128x1,2048x64x1x1
ffn_inp-0,kernel_add,0.022100,4096x1x1,64x1x1,2048x64x1x1
ffn_norm-0,kernel_rms_norm_mul,0.019400,65536x1x1,1024x1x1,2048x64x1x1
ffn_gate-0,kernel_transpose_32_16,0.010200,512x16x0,1x16x0,10944x64x1x1
ffn_gate-0,kernel_mul_mat_Ab_Bi_8x4,1.162200,8x2736x1,1x128x1,10944x64x1x1
ffn_up-0,kernel_transpose_32_16,0.010500,512x16x0,1x16x0,10944x64x1x1
ffn_up-0,kernel_mul_mat_Ab_Bi_8x4,1.159400,8x2736x1,1x128x1,10944x64x1x1
ffn_swiglu-0,kernel_swiglu,0.112500,32768x1x1,512x1x1,10944x64x1x1
ffn_out-0,kernel_transpose_32_16,0.042300,2736x16x0,1x16x0,2048x64x1x1
ffn_out-0,kernel_mul_mat_Ab_Bi_8x4,1.924300,8x512x1,1x128x1,2048x64x1x1
l_out-0,kernel_add,0.022100,4096x1x1,64x1x1,2048x64x1x1
attn_norm-1,kernel_rms_norm_mul,0.019300,65536x1x1,1024x1x1,2048x64x1x1
q-1,kernel_transpose_32_16,0.006900,512x16x0,1x16x0,3072x64x1x1
q-1,kernel_mul_mat_Ab_Bi_8x4,0.388900,8x768x1,1x128x1,3072x64x1x1
q_pe-1,kernel_rope_norm_f32,0.012300,1024x64x1,64x1x1,64x16x64x1
Qcur-1,kernel_concat_f32_non_contiguous,0.344700,16x64x1,0x0x0,192x16x64x1
kv_cmpr_pe-1,kernel_transpose_32_16,0.010100,512x16x0,1x16x0,576x64x1x1
kv_cmpr_pe-1,kernel_mul_mat_Ab_Bi_8x4,0.316700,8x144x1,1x128x1,576x64x1x1
k_pe-1,kernel_rope_norm_f32,0.002700,64x64x1,64x1x1,64x1x64x1
node_52,kernel_repeat,0.284600,16x64x1,0x0x0,64x16x64x1
kv_cmpr-1,kernel_rms_norm_mul,0.009800,32768x1x1,512x1x1,512x64x1x1
kv-1,kernel_transpose_32_16,0.004300,128x16x0,1x16x0,4096x64x1x1
kv-1,kernel_mul_mat_Ab_Bi_8x4,0.132600,8x1024x1,1x128x1,4096x64x1x1
Kcur-1,kernel_concat_f32_non_contiguous,0.407600,16x64x1,0x0x0,192x16x64x1
Vcur_cont-1,kernel_cpy_f32_f32,0.013400,1024x64x1,64x1x1,128x16x64x1
cache_k_l1 (view),kernel_set_rows_f16_i64,0.016200,65536x1x1,1024x1x1,3072x4096x1x1
cache_v_l1 (view),kernel_set_rows_f16_i64,0.011600,65536x1x1,1024x1x1,2048x4096x1x1
__fattn__-1,flash_attn_f32_f16,9.382000,64x16x0,16x1x0,128x16x64x1
node_73,kernel_transpose_32_16,0.009500,512x16x0,1x16x0,2048x64x1x1
node_73,kernel_mul_mat_Ab_Bi_8x4,0.386700,8x512x1,1x128x1,2048x64x1x1
ffn_inp-1,kernel_add,0.021600,4096x1x1,64x1x1,2048x64x1x1
ffn_norm-1,kernel_rms_norm_mul,0.019400,65536x1x1,1024x1x1,2048x64x1x1
ffn_moe_logits-1,kernel_mul_mm_f32_f32_l4_lm,0.505100,128x1x1,128x1x1,64x64x1x1
ffn_moe_probs-1,kernel_soft_max_4,0.003700,4096x1x1,64x1x1,64x64x1x1
ffn_moe_argsort-1,kernel_argsort_f32_i32,0.015100,64x64x1,64x1x1,64x64x1x1
ffn_moe_weights-1,kernel_get_rows_f32,0.004100,384x64x1,64x1x1,1x6x64x1
ffn_moe_weights_scaled-1,kernel_scale,0.001900,96x1x1,64x1x1,1x6x64x1
ffn_moe_gate-1,kernel_mul_mv_id_q4_0_f32_8x_flat,9.126700,11264x1x384,64x1x1,1408x6x64x1
ffn_moe_up-1,kernel_mul_mv_id_q4_0_f32_8x_flat,9.224300,11264x1x384,64x1x1,1408x6x64x1
ffn_moe_weighted-1,kernel_swiglu,0.082200,196608x1x1,512x1x1,1408x6x64x1
ffn_moe_down-1,kernel_mul_mv_id_q4_0_f32_8x_flat,9.872200,16384x1x384,64x1x1,2048x6x64x1
node_89,kernel_mul,0.100100,384x64x1,64x1x1,2048x6x64x1
ffn_gate-1,kernel_transpose_32_16,0.011400,512x16x0,1x16x0,2816x64x1x1
ffn_gate-1,kernel_mul_mat_Ab_Bi_8x4,0.383900,8x704x1,1x128x1,2816x64x1x1
ffn_up-1,kernel_transpose_32_16,0.010300,512x16x0,1x16x0,2816x64x1x1
ffn_up-1,kernel_mul_mat_Ab_Bi_8x4,0.384900,8x704x1,1x128x1,2816x64x1x1
ffn_swiglu-1,kernel_swiglu,0.023600,32768x1x1,512x1x1,2816x64x1x1
node_99,kernel_add,0.024400,4096x1x1,64x1x1,2048x64x1x1
node_100,kernel_add,0.020800,4096x1x1,64x1x1,2048x64x1x1
node_101,kernel_add,0.017500,4096x1x1,64x1x1,2048x64x1x1
node_102,kernel_add,0.017200,4096x1x1,64x1x1,2048x64x1x1
ffn_moe_out-1,kernel_add,0.017300,4096x1x1,64x1x1,2048x64x1x1
ffn_shexp-1,kernel_transpose_32_16,0.012700,704x16x0,1x16x0,2048x64x1x1
ffn_shexp-1,kernel_mul_mat_Ab_Bi_8x4,0.531900,8x512x1,1x128x1,2048x64x1x1
ffn_out-1,kernel_add,0.021500,4096x1x1,64x1x1,2048x64x1x1
l_out-1,kernel_add,0.017800,4096x1x1,64x1x1,2048x64x1x1
attn_norm-2,kernel_rms_norm_mul,0.019300,65536x1x1,1024x1x1,2048x64x1x1
q-2,kernel_transpose_32_16,0.006700,512x16x0,1x16x0,3072x64x1x1
q-2,kernel_mul_mat_Ab_Bi_8x4,0.388000,8x768x1,1x128x1,3072x64x1x1
q_pe-2,kernel_rope_norm_f32,0.011800,1024x64x1,64x1x1,64x16x64x1
Qcur-2,kernel_concat_f32_non_contiguous,0.351800,16x64x1,0x0x0,192x16x64x1
kv_cmpr_pe-2,kernel_transpose_32_16,0.009100,512x16x0,1x16x0,576x64x1x1
kv_cmpr_pe-2,kernel_mul_mat_Ab_Bi_8x4,0.315600,8x144x1,1x128x1,576x64x1x1
k_pe-2,kernel_rope_norm_f32,0.002900,64x64x1,64x1x1,64x1x64x1
node_117,kernel_repeat,0.285400,16x64x1,0x0x0,64x16x64x1
kv_cmpr-2,kernel_rms_norm_mul,0.009900,32768x1x1,512x1x1,512x64x1x1
kv-2,kernel_transpose_32_16,0.004200,128x16x0,1x16x0,4096x64x1x1
kv-2,kernel_mul_mat_Ab_Bi_8x4,0.133800,8x1024x1,1x128x1,4096x64x1x1
Kcur-2,kernel_concat_f32_non_contiguous,0.377200,16x64x1,0x0x0,192x16x64x1
Vcur_cont-2,kernel_cpy_f32_f32,0.010200,1024x64x1,64x1x1,128x16x64x1
cache_k_l2 (view),kernel_set_rows_f16_i64,0.015600,65536x1x1,1024x1x1,3072x4096x1x1
cache_v_l2 (view),kernel_set_rows_f16_i64,0.011800,65536x1x1,1024x1x1,2048x4096x1x1
__fattn__-2,flash_attn_f32_f16,9.380600,64x16x0,16x1x0,128x16x64x1
node_138,kernel_transpose_32_16,0.009700,512x16x0,1x16x0,2048x64x1x1
node_138,kernel_mul_mat_Ab_Bi_8x4,0.387500,8x512x1,1x128x1,2048x64x1x1
ffn_inp-2,kernel_add,0.021500,4096x1x1,64x1x1,2048x64x1x1
ffn_norm-2,kernel_rms_norm_mul,0.019300,65536x1x1,1024x1x1,2048x64x1x1
ffn_moe_logits-2,kernel_mul_mm_f32_f32_l4_lm,0.497000,128x1x1,128x1x1,64x64x1x1
ffn_moe_probs-2,kernel_soft_max_4,0.003600,4096x1x1,64x1x1,64x64x1x1
ffn_moe_argsort-2,kernel_argsort_f32_i32,0.015000,64x64x1,64x1x1,64x64x1x1
ffn_moe_weights-2,kernel_get_rows_f32,0.004100,384x64x1,64x1x1,1x6x64x1
ffn_moe_weights_scaled-2,kernel_scale,0.001800,96x1x1,64x1x1,1x6x64x1
ffn_moe_gate-2,kernel_mul_mv_id_q4_0_f32_8x_flat,9.162200,11264x1x384,64x1x1,1408x6x64x1
ffn_moe_up-2,kernel_mul_mv_id_q4_0_f32_8x_flat,9.191700,11264x1x384,64x1x1,1408x6x64x1
ffn_moe_weighted-2,kernel_swiglu,0.082000,196608x1x1,512x1x1,1408x6x64x1
ffn_moe_down-2,kernel_mul_mv_id_q4_0_f32_8x_flat,9.850500,16384x1x384,64x1x1,2048x6x64x1
node_154,kernel_mul,0.098600,384x64x1,64x1x1,2048x6x64x1
ffn_gate-2,kernel_transpose_32_16,0.011300,512x16x0,1x16x0,2816x64x1x1
ffn_gate-2,kernel_mul_mat_Ab_Bi_8x4,0.382000,8x704x1,1x128x1,2816x64x1x1
ffn_up-2,kernel_transpose_32_16,0.009600,512x16x0,1x16x0,2816x64x1x1
ffn_up-2,kernel_mul_mat_Ab_Bi_8x4,0.384400,8x704x1,1x128x1,2816x64x1x1
ffn_swiglu-2,kernel_swiglu,0.022800,32768x1x1,512x1x1,2816x64x1x1
node_164,kernel_add,0.025000,4096x1x1,64x1x1,2048x64x1x1
node_165,kernel_add,0.016900,4096x1x1,64x1x1,2048x64x1x1
node_166,kernel_add,0.017200,4096x1x1,64x1x1,2048x64x1x1
node_167,kernel_add,0.017900,4096x1x1,64x1x1,2048x64x1x1
ffn_moe_out-2,kernel_add,0.017200,4096x1x1,64x1x1,2048x64x1x1
ffn_shexp-2,kernel_transpose_32_16,0.013100,704x16x0,1x16x0,2048x64x1x1
ffn_shexp-2,kernel_mul_mat_Ab_Bi_8x4,0.526700,8x512x1,1x128x1,2048x64x1x1
ffn_out-2,kernel_add,0.020500,4096x1x1,64x1x1,2048x64x1x1
l_out-2,kernel_add,0.018900,4096x1x1,64x1x1,2048x64x1x1
attn_norm-3,kernel_rms_norm_mul,0.019400,65536x1x1,1024x1x1,2048x64x1x1
q-3,kernel_transpose_32_16,0.009700,512x16x0,1x16x0,3072x64x1x1
q-3,kernel_mul_mat_Ab_Bi_8x4,0.387500,8x768x1,1x128x1,3072x64x1x1
q_pe-3,kernel_rope_norm_f32,0.012200,1024x64x1,64x1x1,64x16x64x1
Qcur-3,kernel_concat_f32_non_contiguous,0.350300,16x64x1,0x0x0,192x16x64x1
kv_cmpr_pe-3,kernel_transpose_32_16,0.010300,512x16x0,1x16x0,576x64x1x1
kv_cmpr_pe-3,kernel_mul_mat_Ab_Bi_8x4,0.316200,8x144x1,1x128x1,576x64x1x1
k_pe-3,kernel_rope_norm_f32,0.002700,64x64x1,64x1x1,64x1x64x1
node_182,kernel_repeat,0.284000,16x64x1,0x0x0,64x16x64x1
kv_cmpr-3,kernel_rms_norm_mul,0.009700,32768x1x1,512x1x1,512x64x1x1
kv-3,kernel_transpose_32_16,0.003900,128x16x0,1x16x0,4096x64x1x1
kv-3,kernel_mul_mat_Ab_Bi_8x4,0.132900,8x1024x1,1x128x1,4096x64x1x1
Kcur-3,kernel_concat_f32_non_contiguous,0.411600,16x64x1,0x0x0,192x16x64x1
Vcur_cont-3,kernel_cpy_f32_f32,0.013700,1024x64x1,64x1x1,128x16x64x1
cache_k_l3 (view),kernel_set_rows_f16_i64,0.016100,65536x1x1,1024x1x1,3072x4096x1x1
cache_v_l3 (view),kernel_set_rows_f16_i64,0.011800,65536x1x1,1024x1x1,2048x4096x1x1
__fattn__-3,flash_attn_f32_f16,9.349700,64x16x0,16x1x0,128x16x64x1
node_203,kernel_transpose_32_16,0.009600,512x16x0,1x16x0,2048x64x1x1
node_203,kernel_mul_mat_Ab_Bi_8x4,0.374700,8x512x1,1x128x1,2048x64x1x1
ffn_inp-3,kernel_add,0.021300,4096x1x1,64x1x1,2048x64x1x1
ffn_norm-3,kernel_rms_norm_mul,0.019000,65536x1x1,1024x1x1,2048x64x1x1
ffn_moe_logits-3,kernel_mul_mm_f32_f32_l4_lm,0.505800,128x1x1,128x1x1,64x64x1x1
ffn_moe_probs-3,kernel_soft_max_4,0.003700,4096x1x1,64x1x1,64x64x1x1
ffn_moe_argsort-3,kernel_argsort_f32_i32,0.015100,64x64x1,64x1x1,64x64x1x1
ffn_moe_weights-3,kernel_get_rows_f32,0.004400,384x64x1,64x1x1,1x6x64x1
ffn_moe_weights_scaled-3,kernel_scale,0.001800,96x1x1,64x1x1,1x6x64x1
ffn_moe_gate-3,kernel_mul_mv_id_q4_0_f32_8x_flat,9.127200,11264x1x384,64x1x1,1408x6x64x1
ffn_moe_up-3,kernel_mul_mv_id_q4_0_f32_8x_flat,9.131200,11264x1x384,64x1x1,1408x6x64x1
ffn_moe_weighted-3,kernel_swiglu,0.081500,196608x1x1,512x1x1,1408x6x64x1
ffn_moe_down-3,kernel_mul_mv_id_q4_0_f32_8x_flat,9.854600,16384x1x384,64x1x1,2048x6x64x1
node_219,kernel_mul,0.100300,384x64x1,64x1x1,2048x6x64x1
ffn_gate-3,kernel_transpose_32_16,0.010900,512x16x0,1x16x0,2816x64x1x1
ffn_gate-3,kernel_mul_mat_Ab_Bi_8x4,0.382800,8x704x1,1x128x1,2816x64x1x1
ffn_up-3,kernel_transpose_32_16,0.010100,512x16x0,1x16x0,2816x64x1x1
ffn_up-3,kernel_mul_mat_Ab_Bi_8x4,0.385600,8x704x1,1x128x1,2816x64x1x1
ffn_swiglu-3,kernel_swiglu,0.023700,32768x1x1,512x1x1,2816x64x1x1
node_229,kernel_add,0.024200,4096x1x1,64x1x1,2048x64x1x1
node_230,kernel_add,0.020700,4096x1x1,64x1x1,2048x64x1x1
node_231,kernel_add,0.017900,4096x1x1,64x1x1,2048x64x1x1
node_232,kernel_add,0.018600,4096x1x1,64x1x1,2048x64x1x1
ffn_moe_out-3,kernel_add,0.017800,4096x1x1,64x1x1,2048x64x1x1
ffn_shexp-3,kernel_transpose_32_16,0.012600,704x16x0,1x16x0,2048x64x1x1
ffn_shexp-3,kernel_mul_mat_Ab_Bi_8x4,0.533800,8x512x1,1x128x1,2048x64x1x1
ffn_out-3,kernel_add,0.021600,4096x1x1,64x1x1,2048x64x1x1
l_out-3,kernel_add,0.017800,4096x1x1,64x1x1,2048x64x1x1
attn_norm-4,kernel_rms_norm_mul,0.019000,65536x1x1,1024x1x1,2048x64x1x1
q-4,kernel_transpose_32_16,0.007100,512x16x0,1x16x0,3072x64x1x1
q-4,kernel_mul_mat_Ab_Bi_8x4,0.391300,8x768x1,1x128x1,3072x64x1x1
q_pe-4,kernel_rope_norm_f32,0.009400,1024x64x1,64x1x1,64x16x64x1
Qcur-4,kernel_concat_f32_non_contiguous,0.343400,16x64x1,0x0x0,192x16x64x1
kv_cmpr_pe-4,kernel_transpose_32_16,0.010400,512x16x0,1x16x0,576x64x1x1
kv_cmpr_pe-4,kernel_mul_mat_Ab_Bi_8x4,0.315300,8x144x1,1x128x1,576x64x1x1
k_pe-4,kernel_rope_norm_f32,0.002600,64x64x1,64x1x1,64x1x64x1
node_247,kernel_repeat,0.287300,16x64x1,0x0x0,64x16x64x1
kv_cmpr-4,kernel_rms_norm_mul,0.010000,32768x1x1,512x1x1,512x64x1x1
kv-4,kernel_transpose_32_16,0.003900,128x16x0,1x16x0,4096x64x1x1
kv-4,kernel_mul_mat_Ab_Bi_8x4,0.133400,8x1024x1,1x128x1,4096x64x1x1
Kcur-4,kernel_concat_f32_non_contiguous,0.396400,16x64x1,0x0x0,192x16x64x1
Vcur_cont-4,kernel_cpy_f32_f32,0.014000,1024x64x1,64x1x1,128x16x64x1
cache_k_l4 (view),kernel_set_rows_f16_i64,0.016100,65536x1x1,1024x1x1,3072x4096x1x1
cache_v_l4 (view),kernel_set_rows_f16_i64,0.011800,65536x1x1,1024x1x1,2048x4096x1x1
__fattn__-4,flash_attn_f32_f16,9.369600,64x16x0,16x1x0,128x16x64x1
node_268,kernel_transpose_32_16,0.009700,512x16x0,1x16x0,2048x64x1x1
node_268,kernel_mul_mat_Ab_Bi_8x4,0.379900,8x512x1,1x128x1,2048x64x1x1
ffn_inp-4,kernel_add,0.017100,4096x1x1,64x1x1,2048x64x1x1
ffn_norm-4,kernel_rms_norm_mul,0.019400,65536x1x1,1024x1x1,2048x64x1x1
ffn_moe_logits-4,kernel_mul_mm_f32_f32_l4_lm,0.505900,128x1x1,128x1x1,64x64x1x1
ffn_moe_probs-4,kernel_soft_max_4,0.003600,4096x1x1,64x1x1,64x64x1x1
ffn_moe_argsort-4,kernel_argsort_f32_i32,0.015300,64x64x1,64x1x1,64x64x1x1
ffn_moe_weights-4,kernel_get_rows_f32,0.004100,384x64x1,64x1x1,1x6x64x1
ffn_moe_weights_scaled-4,kernel_scale,0.001800,96x1x1,64x1x1,1x6x64x1
ffn_moe_gate-4,kernel_mul_mv_id_q4_0_f32_8x_flat,9.132800,11264x1x384,64x1x1,1408x6x64x1
ffn_moe_up-4,kernel_mul_mv_id_q4_0_f32_8x_flat,9.155800,11264x1x384,64x1x1,1408x6x64x1
ffn_moe_weighted-4,kernel_swiglu,0.081500,196608x1x1,512x1x1,1408x6x64x1
ffn_moe_down-4,kernel_mul_mv_id_q4_0_f32_8x_flat,9.841800,16384x1x384,64x1x1,2048x6x64x1
node_284,kernel_mul,0.098700,384x64x1,64x1x1,2048x6x64x1
ffn_gate-4,kernel_transpose_32_16,0.011600,512x16x0,1x16x0,2816x64x1x1
ffn_gate-4,kernel_mul_mat_Ab_Bi_8x4,0.384400,8x704x1,1x128x1,2816x64x1x1
ffn_up-4,kernel_transpose_32_16,0.009800,512x16x0,1x16x0,2816x64x1x1
ffn_up-4,kernel_mul_mat_Ab_Bi_8x4,0.381900,8x704x1,1x128x1,2816x64x1x1
ffn_swiglu-4,kernel_swiglu,0.021000,32768x1x1,512x1x1,2816x64x1x1
node_294,kernel_add,0.026100,4096x1x1,64x1x1,2048x64x1x1
node_295,kernel_add,0.020900,4096x1x1,64x1x1,2048x64x1x1
node_296,kernel_add,0.017400,4096x1x1,64x1x1,2048x64x1x1
node_297,kernel_add,0.017600,4096x1x1,64x1x1,2048x64x1x1
ffn_moe_out-4,kernel_add,0.016800,4096x1x1,64x1x1,2048x64x1x1
ffn_shexp-4,kernel_transpose_32_16,0.012900,704x16x0,1x16x0,2048x64x1x1
ffn_shexp-4,kernel_mul_mat_Ab_Bi_8x4,0.529200,8x512x1,1x128x1,2048x64x1x1
ffn_out-4,kernel_add,0.015800,4096x1x1,64x1x1,2048x64x1x1
l_out-4,kernel_add,0.018400,4096x1x1,64x1x1,2048x64x1x1
attn_norm-5,kernel_rms_norm_mul,0.019000,65536x1x1,1024x1x1,2048x64x1x1
q-5,kernel_transpose_32_16,0.006800,512x16x0,1x16x0,3072x64x1x1
q-5,kernel_mul_mat_Ab_Bi_8x4,0.387800,8x768x1,1x128x1,3072x64x1x1
q_pe-5,kernel_rope_norm_f32,0.012600,1024x64x1,64x1x1,64x16x64x1
Qcur-5,kernel_concat_f32_non_contiguous,0.347500,16x64x1,0x0x0,192x16x64x1
kv_cmpr_pe-5,kernel_transpose_32_16,0.010200,512x16x0,1x16x0,576x64x1x1
kv_cmpr_pe-5,kernel_mul_mat_Ab_Bi_8x4,0.314700,8x144x1,1x128x1,576x64x1x1
k_pe-5,kernel_rope_norm_f32,0.002700,64x64x1,64x1x1,64x1x64x1
node_312,kernel_repeat,0.287600,16x64x1,0x0x0,64x16x64x1
kv_cmpr-5,kernel_rms_norm_mul,0.010000,32768x1x1,512x1x1,512x64x1x1
kv-5,kernel_transpose_32_16,0.004100,128x16x0,1x16x0,4096x64x1x1
kv-5,kernel_mul_mat_Ab_Bi_8x4,0.135700,8x1024x1,1x128x1,4096x64x1x1
Kcur-5,kernel_concat_f32_non_contiguous,0.383100,16x64x1,0x0x0,192x16x64x1
Vcur_cont-5,kernel_cpy_f32_f32,0.013700,1024x64x1,64x1x1,128x16x64x1
cache_k_l5 (view),kernel_set_rows_f16_i64,0.014200,65536x1x1,1024x1x1,3072x4096x1x1
cache_v_l5 (view),kernel_set_rows_f16_i64,0.011800,65536x1x1,1024x1x1,2048x4096x1x1
__fattn__-5,flash_attn_f32_f16,9.353200,64x16x0,16x1x0,128x16x64x1
node_333,kernel_transpose_32_16,0.009700,512x16x0,1x16x0,2048x64x1x1
node_333,kernel_mul_mat_Ab_Bi_8x4,0.378300,8x512x1,1x128x1,2048x64x1x1
ffn_inp-5,kernel_add,0.020800,4096x1x1,64x1x1,2048x64x1x1
ffn_norm-5,kernel_rms_norm_mul,0.019500,65536x1x1,1024x1x1,2048x64x1x1
ffn_moe_logits-5,kernel_mul_mm_f32_f32_l4_lm,0.502200,128x1x1,128x1x1,64x64x1x1
ffn_moe_probs-5,kernel_soft_max_4,0.003900,4096x1x1,64x1x1,64x64x1x1
ffn_moe_argsort-5,kernel_argsort_f32_i32,0.015200,64x64x1,64x1x1,64x64x1x1
ffn_moe_weights-5,kernel_get_rows_f32,0.004000,384x64x1,64x1x1,1x6x64x1
ffn_moe_weights_scaled-5,kernel_scale,0.001900,96x1x1,64x1x1,1x6x64x1
ffn_moe_gate-5,kernel_mul_mv_id_q4_0_f32_8x_flat,9.107500,11264x1x384,64x1x1,1408x6x64x1
ffn_moe_up-5,kernel_mul_mv_id_q4_0_f32_8x_flat,9.060800,11264x1x384,64x1x1,1408x6x64x1
ffn_moe_weighted-5,kernel_swiglu,0.083500,196608x1x1,512x1x1,1408x6x64x1
ffn_moe_down-5,kernel_mul_mv_id_q4_0_f32_8x_flat,9.829500,16384x1x384,64x1x1,2048x6x64x1
node_349,kernel_mul,0.100500,384x64x1,64x1x1,2048x6x64x1
ffn_gate-5,kernel_transpose_32_16,0.011200,512x16x0,1x16x0,2816x64x1x1
ffn_gate-5,kernel_mul_mat_Ab_Bi_8x4,0.385400,8x704x1,1x128x1,2816x64x1x1
ffn_up-5,kernel_transpose_32_16,0.009900,512x16x0,1x16x0,2816x64x1x1
ffn_up-5,kernel_mul_mat_Ab_Bi_8x4,0.384900,8x704x1,1x128x1,2816x64x1x1
ffn_swiglu-5,kernel_swiglu,0.022500,32768x1x1,512x1x1,2816x64x1x1
node_359,kernel_add,0.024500,4096x1x1,64x1x1,2048x64x1x1
node_360,kernel_add,0.020900,4096x1x1,64x1x1,2048x64x1x1
node_361,kernel_add,0.017900,4096x1x1,64x1x1,2048x64x1x1
node_362,kernel_add,0.017700,4096x1x1,64x1x1,2048x64x1x1
ffn_moe_out-5,kernel_add,0.017000,4096x1x1,64x1x1,2048x64x1x1
ffn_shexp-5,kernel_transpose_32_16,0.012600,704x16x0,1x16x0,2048x64x1x1
ffn_shexp-5,kernel_mul_mat_Ab_Bi_8x4,0.531900,8x512x1,1x128x1,2048x64x1x1
ffn_out-5,kernel_add,0.021200,4096x1x1,64x1x1,2048x64x1x1
l_out-5,kernel_add,0.017800,4096x1x1,64x1x1,2048x64x1x1
attn_norm-6,kernel_rms_norm_mul,0.019000,65536x1x1,1024x1x1,2048x64x1x1
q-6,kernel_transpose_32_16,0.009800,512x16x0,1x16x0,3072x64x1x1
q-6,kernel_mul_mat_Ab_Bi_8x4,0.390700,8x768x1,1x128x1,3072x64x1x1
q_pe-6,kernel_rope_norm_f32,0.011900,1024x64x1,64x1x1,64x16x64x1
Qcur-6,kernel_concat_f32_non_contiguous,0.347800,16x64x1,0x0x0,192x16x64x1
kv_cmpr_pe-6,kernel_transpose_32_16,0.010700,512x16x0,1x16x0,576x64x1x1
kv_cmpr_pe-6,kernel_mul_mat_Ab_Bi_8x4,0.316300,8x144x1,1x128x1,576x64x1x1
k_pe-6,kernel_rope_norm_f32,0.002600,64x64x1,64x1x1,64x1x64x1
node_377,kernel_repeat,0.284900,16x64x1,0x0x0,64x16x64x1
kv_cmpr-6,kernel_rms_norm_mul,0.010000,32768x1x1,512x1x1,512x64x1x1
kv-6,kernel_transpose_32_16,0.004000,128x16x0,1x16x0,4096x64x1x1
kv-6,kernel_mul_mat_Ab_Bi_8x4,0.134300,8x1024x1,1x128x1,4096x64x1x1
Kcur-6,kernel_concat_f32_non_contiguous,0.397100,16x64x1,0x0x0,192x16x64x1
Vcur_cont-6,kernel_cpy_f32_f32,0.014300,1024x64x1,64x1x1,128x16x64x1
cache_k_l6 (view),kernel_set_rows_f16_i64,0.016300,65536x1x1,1024x1x1,3072x4096x1x1
cache_v_l6 (view),kernel_set_rows_f16_i64,0.011600,65536x1x1,1024x1x1,2048x4096x1x1
__fattn__-6,flash_attn_f32_f16,9.372400,64x16x0,16x1x0,128x16x64x1
node_398,kernel_transpose_32_16,0.009200,512x16x0,1x16x0,2048x64x1x1
node_398,kernel_mul_mat_Ab_Bi_8x4,0.380800,8x512x1,1x128x1,2048x64x1x1
ffn_inp-6,kernel_add,0.022100,4096x1x1,64x1x1,2048x64x1x1
ffn_norm-6,kernel_rms_norm_mul,0.019200,65536x1x1,1024x1x1,2048x64x1x1
ffn_moe_logits-6,kernel_mul_mm_f32_f32_l4_lm,0.503500,128x1x1,128x1x1,64x64x1x1
ffn_moe_probs-6,kernel_soft_max_4,0.003600,4096x1x1,64x1x1,64x64x1x1
ffn_moe_argsort-6,kernel_argsort_f32_i32,0.015000,64x64x1,64x1x1,64x64x1x1
ffn_moe_weights-6,kernel_get_rows_f32,0.004200,384x64x1,64x1x1,1x6x64x1
ffn_moe_weights_scaled-6,kernel_scale,0.002100,96x1x1,64x1x1,1x6x64x1
ffn_moe_gate-6,kernel_mul_mv_id_q4_0_f32_8x_flat,9.104900,11264x1x384,64x1x1,1408x6x64x1
ffn_moe_up-6,kernel_mul_mv_id_q4_0_f32_8x_flat,9.178400,11264x1x384,64x1x1,1408x6x64x1
ffn_moe_weighted-6,kernel_swiglu,0.081800,196608x1x1,512x1x1,1408x6x64x1
ffn_moe_down-6,kernel_mul_mv_id_q4_0_f32_8x_flat,9.846600,16384x1x384,64x1x1,2048x6x64x1
node_414,kernel_mul,0.101200,384x64x1,64x1x1,2048x6x64x1
ffn_gate-6,kernel_transpose_32_16,0.010800,512x16x0,1x16x0,2816x64x1x1
ffn_gate-6,kernel_mul_mat_Ab_Bi_8x4,0.383200,8x704x1,1x128x1,2816x64x1x1
ffn_up-6,kernel_transpose_32_16,0.009700,512x16x0,1x16x0,2816x64x1x1
ffn_up-6,kernel_mul_mat_Ab_Bi_8x4,0.386200,8x704x1,1x128x1,2816x64x1x1
ffn_swiglu-6,kernel_swiglu,0.023900,32768x1x1,512x1x1,2816x64x1x1
node_424,kernel_add,0.024100,4096x1x1,64x1x1,2048x64x1x1
node_425,kernel_add,0.022100,4096x1x1,64x1x1,2048x64x1x1
node_426,kernel_add,0.017400,4096x1x1,64x1x1,2048x64x1x1
node_427,kernel_add,0.017400,4096x1x1,64x1x1,2048x64x1x1
ffn_moe_out-6,kernel_add,0.017300,4096x1x1,64x1x1,2048x64x1x1
ffn_shexp-6,kernel_transpose_32_16,0.011600,704x16x0,1x16x0,2048x64x1x1
ffn_shexp-6,kernel_mul_mat_Ab_Bi_8x4,0.519500,8x512x1,1x128x1,2048x64x1x1
ffn_out-6,kernel_add,0.020800,4096x1x1,64x1x1,2048x64x1x1
l_out-6,kernel_add,0.018700,4096x1x1,64x1x1,2048x64x1x1
attn_norm-7,kernel_rms_norm_mul,0.019000,65536x1x1,1024x1x1,2048x64x1x1
q-7,kernel_transpose_32_16,0.006900,512x16x0,1x16x0,3072x64x1x1
q-7,kernel_mul_mat_Ab_Bi_8x4,0.389600,8x768x1,1x128x1,3072x64x1x1
q_pe-7,kernel_rope_norm_f32,0.012200,1024x64x1,64x1x1,64x16x64x1
Qcur-7,kernel_concat_f32_non_contiguous,0.343700,16x64x1,0x0x0,192x16x64x1
kv_cmpr_pe-7,kernel_transpose_32_16,0.010400,512x16x0,1x16x0,576x64x1x1
kv_cmpr_pe-7,kernel_mul_mat_Ab_Bi_8x4,0.316200,8x144x1,1x128x1,576x64x1x1
k_pe-7,kernel_rope_norm_f32,0.002700,64x64x1,64x1x1,64x1x64x1
node_442,kernel_repeat,0.286700,16x64x1,0x0x0,64x16x64x1
kv_cmpr-7,kernel_rms_norm_mul,0.009600,32768x1x1,512x1x1,512x64x1x1
kv-7,kernel_transpose_32_16,0.004000,128x16x0,1x16x0,4096x64x1x1
kv-7,kernel_mul_mat_Ab_Bi_8x4,0.134700,8x1024x1,1x128x1,4096x64x1x1
Kcur-7,kernel_concat_f32_non_contiguous,0.397400,16x64x1,0x0x0,192x16x64x1
Vcur_cont-7,kernel_cpy_f32_f32,0.013300,1024x64x1,64x1x1,128x16x64x1
cache_k_l7 (view),kernel_set_rows_f16_i64,0.015400,65536x1x1,1024x1x1,3072x4096x1x1
cache_v_l7 (view),kernel_set_rows_f16_i64,0.011600,65536x1x1,1024x1x1,2048x4096x1x1
__fattn__-7,flash_attn_f32_f16,9.372500,64x16x0,16x1x0,128x16x64x1
node_463,kernel_transpose_32_16,0.009800,512x16x0,1x16x0,2048x64x1x1
node_463,kernel_mul_mat_Ab_Bi_8x4,0.378500,8x512x1,1x128x1,2048x64x1x1
ffn_inp-7,kernel_add,0.021600,4096x1x1,64x1x1,2048x64x1x1
ffn_norm-7,kernel_rms_norm_mul,0.019500,65536x1x1,1024x1x1,2048x64x1x1
ffn_moe_logits-7,kernel_mul_mm_f32_f32_l4_lm,0.502600,128x1x1,128x1x1,64x64x1x1
ffn_moe_probs-7,kernel_soft_max_4,0.003700,4096x1x1,64x1x1,64x64x1x1
ffn_moe_argsort-7,kernel_argsort_f32_i32,0.015100,64x64x1,64x1x1,64x64x1x1
ffn_moe_weights-7,kernel_get_rows_f32,0.004000,384x64x1,64x1x1,1x6x64x1
ffn_moe_weights_scaled-7,kernel_scale,0.001700,96x1x1,64x1x1,1x6x64x1
ffn_moe_gate-7,kernel_mul_mv_id_q4_0_f32_8x_flat,9.138800,11264x1x384,64x1x1,1408x6x64x1
ffn_moe_up-7,kernel_mul_mv_id_q4_0_f32_8x_flat,9.127200,11264x1x384,64x1x1,1408x6x64x1
ffn_moe_weighted-7,kernel_swiglu,0.084300,196608x1x1,512x1x1,1408x6x64x1
ffn_moe_down-7,kernel_mul_mv_id_q4_0_f32_8x_flat,9.836300,16384x1x384,64x1x1,2048x6x64x1
node_479,kernel_mul,0.098600,384x64x1,64x1x1,2048x6x64x1
ffn_gate-7,kernel_transpose_32_16,0.011700,512x16x0,1x16x0,2816x64x1x1
ffn_gate-7,kernel_mul_mat_Ab_Bi_8x4,0.383200,8x704x1,1x128x1,2816x64x1x1
ffn_up-7,kernel_transpose_32_16,0.010000,512x16x0,1x16x0,2816x64x1x1
ffn_up-7,kernel_mul_mat_Ab_Bi_8x4,0.384500,8x704x1,1x128x1,2816x64x1x1
ffn_swiglu-7,kernel_swiglu,0.022400,32768x1x1,512x1x1,2816x64x1x1
node_489,kernel_add,0.021700,4096x1x1,64x1x1,2048x64x1x1
node_490,kernel_add,0.020500,4096x1x1,64x1x1,2048x64x1x1
node_491,kernel_add,0.017300,4096x1x1,64x1x1,2048x64x1x1
node_492,kernel_add,0.018200,4096x1x1,64x1x1,2048x64x1x1
ffn_moe_out-7,kernel_add,0.017000,4096x1x1,64x1x1,2048x64x1x1
ffn_shexp-7,kernel_transpose_32_16,0.012900,704x16x0,1x16x0,2048x64x1x1
ffn_shexp-7,kernel_mul_mat_Ab_Bi_8x4,0.528400,8x512x1,1x128x1,2048x64x1x1
ffn_out-7,kernel_add,0.021600,4096x1x1,64x1x1,2048x64x1x1
l_out-7,kernel_add,0.017200,4096x1x1,64x1x1,2048x64x1x1
attn_norm-8,kernel_rms_norm_mul,0.019100,65536x1x1,1024x1x1,2048x64x1x1
q-8,kernel_transpose_32_16,0.006700,512x16x0,1x16x0,3072x64x1x1
q-8,kernel_mul_mat_Ab_Bi_8x4,0.390600,8x768x1,1x128x1,3072x64x1x1
q_pe-8,kernel_rope_norm_f32,0.011800,1024x64x1,64x1x1,64x16x64x1
Qcur-8,kernel_concat_f32_non_contiguous,0.348900,16x64x1,0x0x0,192x16x64x1
kv_cmpr_pe-8,kernel_transpose_32_16,0.010400,512x16x0,1x16x0,576x64x1x1
kv_cmpr_pe-8,kernel_mul_mat_Ab_Bi_8x4,0.316500,8x144x1,1x128x1,576x64x1x1
k_pe-8,kernel_rope_norm_f32,0.003000,64x64x1,64x1x1,64x1x64x1
node_507,kernel_repeat,0.284900,16x64x1,0x0x0,64x16x64x1
kv_cmpr-8,kernel_rms_norm_mul,0.009900,32768x1x1,512x1x1,512x64x1x1
kv-8,kernel_transpose_32_16,0.003900,128x16x0,1x16x0,4096x64x1x1
kv-8,kernel_mul_mat_Ab_Bi_8x4,0.133800,8x1024x1,1x128x1,4096x64x1x1
Kcur-8,kernel_concat_f32_non_contiguous,0.378700,16x64x1,0x0x0,192x16x64x1
Vcur_cont-8,kernel_cpy_f32_f32,0.014100,1024x64x1,64x1x1,128x16x64x1
cache_k_l8 (view),kernel_set_rows_f16_i64,0.015300,65536x1x1,1024x1x1,3072x4096x1x1
cache_v_l8 (view),kernel_set_rows_f16_i64,0.010800,65536x1x1,1024x1x1,2048x4096x1x1
__fattn__-8,flash_attn_f32_f16,9.363200,64x16x0,16x1x0,128x16x64x1
node_528,kernel_transpose_32_16,0.009600,512x16x0,1x16x0,2048x64x1x1
node_528,kernel_mul_mat_Ab_Bi_8x4,0.377500,8x512x1,1x128x1,2048x64x1x1
ffn_inp-8,kernel_add,0.020800,4096x1x1,64x1x1,2048x64x1x1
ffn_norm-8,kernel_rms_norm_mul,0.019600,65536x1x1,1024x1x1,2048x64x1x1
ffn_moe_logits-8,kernel_mul_mm_f32_f32_l4_lm,0.507800,128x1x1,128x1x1,64x64x1x1
ffn_moe_probs-8,kernel_soft_max_4,0.003700,4096x1x1,64x1x1,64x64x1x1
ffn_moe_argsort-8,kernel_argsort_f32_i32,0.015600,64x64x1,64x1x1,64x64x1x1
ffn_moe_weights-8,kernel_get_rows_f32,0.004200,384x64x1,64x1x1,1x6x64x1
ffn_moe_weights_scaled-8,kernel_scale,0.001900,96x1x1,64x1x1,1x6x64x1
ffn_moe_gate-8,kernel_mul_mv_id_q4_0_f32_8x_flat,9.031100,11264x1x384,64x1x1,1408x6x64x1
ffn_moe_up-8,kernel_mul_mv_id_q4_0_f32_8x_flat,9.078500,11264x1x384,64x1x1,1408x6x64x1
ffn_moe_weighted-8,kernel_swiglu,0.082700,196608x1x1,512x1x1,1408x6x64x1
ffn_moe_down-8,kernel_mul_mv_id_q4_0_f32_8x_flat,9.820500,16384x1x384,64x1x1,2048x6x64x1
node_544,kernel_mul,0.101500,384x64x1,64x1x1,2048x6x64x1
ffn_gate-8,kernel_transpose_32_16,0.010400,512x16x0,1x16x0,2816x64x1x1
ffn_gate-8,kernel_mul_mat_Ab_Bi_8x4,0.381400,8x704x1,1x128x1,2816x64x1x1
ffn_up-8,kernel_transpose_32_16,0.010200,512x16x0,1x16x0,2816x64x1x1
ffn_up-8,kernel_mul_mat_Ab_Bi_8x4,0.385800,8x704x1,1x128x1,2816x64x1x1
ffn_swiglu-8,kernel_swiglu,0.022900,32768x1x1,512x1x1,2816x64x1x1
node_554,kernel_add,0.024000,4096x1x1,64x1x1,2048x64x1x1
node_555,kernel_add,0.021400,4096x1x1,64x1x1,2048x64x1x1
node_556,kernel_add,0.017100,4096x1x1,64x1x1,2048x64x1x1
node_557,kernel_add,0.016800,4096x1x1,64x1x1,2048x64x1x1
ffn_moe_out-8,kernel_add,0.017800,4096x1x1,64x1x1,2048x64x1x1
ffn_shexp-8,kernel_transpose_32_16,0.013400,704x16x0,1x16x0,2048x64x1x1
ffn_shexp-8,kernel_mul_mat_Ab_Bi_8x4,0.525400,8x512x1,1x128x1,2048x64x1x1
ffn_out-8,kernel_add,0.020900,4096x1x1,64x1x1,2048x64x1x1
l_out-8,kernel_add,0.018500,4096x1x1,64x1x1,2048x64x1x1
attn_norm-9,kernel_rms_norm_mul,0.019300,65536x1x1,1024x1x1,2048x64x1x1
q-9,kernel_transpose_32_16,0.006700,512x16x0,1x16x0,3072x64x1x1
q-9,kernel_mul_mat_Ab_Bi_8x4,0.386700,8x768x1,1x128x1,3072x64x1x1
q_pe-9,kernel_rope_norm_f32,0.012100,1024x64x1,64x1x1,64x16x64x1
Qcur-9,kernel_concat_f32_non_contiguous,0.348900,16x64x1,0x0x0,192x16x64x1
kv_cmpr_pe-9,kernel_transpose_32_16,0.010700,512x16x0,1x16x0,576x64x1x1
kv_cmpr_pe-9,kernel_mul_mat_Ab_Bi_8x4,0.316100,8x144x1,1x128x1,576x64x1x1
k_pe-9,kernel_rope_norm_f32,0.002600,64x64x1,64x1x1,64x1x64x1
node_572,kernel_repeat,0.284900,16x64x1,0x0x0,64x16x64x1
kv_cmpr-9,kernel_rms_norm_mul,0.010000,32768x1x1,512x1x1,512x64x1x1
kv-9,kernel_transpose_32_16,0.004100,128x16x0,1x16x0,4096x64x1x1
kv-9,kernel_mul_mat_Ab_Bi_8x4,0.133300,8x1024x1,1x128x1,4096x64x1x1
Kcur-9,kernel_concat_f32_non_contiguous,0.392700,16x64x1,0x0x0,192x16x64x1
Vcur_cont-9,kernel_cpy_f32_f32,0.013000,1024x64x1,64x1x1,128x16x64x1
cache_k_l9 (view),kernel_set_rows_f16_i64,0.015700,65536x1x1,1024x1x1,3072x4096x1x1
cache_v_l9 (view),kernel_set_rows_f16_i64,0.012200,65536x1x1,1024x1x1,2048x4096x1x1
__fattn__-9,flash_attn_f32_f16,9.343800,64x16x0,16x1x0,128x16x64x1
node_593,kernel_transpose_32_16,0.009700,512x16x0,1x16x0,2048x64x1x1
node_593,kernel_mul_mat_Ab_Bi_8x4,0.392700,8x512x1,1x128x1,2048x64x1x1
ffn_inp-9,kernel_add,0.021300,4096x1x1,64x1x1,2048x64x1x1
ffn_norm-9,kernel_rms_norm_mul,0.019300,65536x1x1,1024x1x1,2048x64x1x1
ffn_moe_logits-9,kernel_mul_mm_f32_f32_l4_lm,0.499900,128x1x1,128x1x1,64x64x1x1
ffn_moe_probs-9,kernel_soft_max_4,0.003800,4096x1x1,64x1x1,64x64x1x1
ffn_moe_argsort-9,kernel_argsort_f32_i32,0.015200,64x64x1,64x1x1,64x64x1x1
ffn_moe_weights-9,kernel_get_rows_f32,0.004100,384x64x1,64x1x1,1x6x64x1
ffn_moe_weights_scaled-9,kernel_scale,0.001700,96x1x1,64x1x1,1x6x64x1
ffn_moe_gate-9,kernel_mul_mv_id_q4_0_f32_8x_flat,9.152700,11264x1x384,64x1x1,1408x6x64x1
ffn_moe_up-9,kernel_mul_mv_id_q4_0_f32_8x_flat,9.119400,11264x1x384,64x1x1,1408x6x64x1
ffn_moe_weighted-9,kernel_swiglu,0.080600,196608x1x1,512x1x1,1408x6x64x1
ffn_moe_down-9,kernel_mul_mv_id_q4_0_f32_8x_flat,9.833000,16384x1x384,64x1x1,2048x6x64x1
node_609,kernel_mul,0.099500,384x64x1,64x1x1,2048x6x64x1
ffn_gate-9,kernel_transpose_32_16,0.011000,512x16x0,1x16x0,2816x64x1x1
ffn_gate-9,kernel_mul_mat_Ab_Bi_8x4,0.382500,8x704x1,1x128x1,2816x64x1x1
ffn_up-9,kernel_transpose_32_16,0.010100,512x16x0,1x16x0,2816x64x1x1
ffn_up-9,kernel_mul_mat_Ab_Bi_8x4,0.386000,8x704x1,1x128x1,2816x64x1x1
ffn_swiglu-9,kernel_swiglu,0.023100,32768x1x1,512x1x1,2816x64x1x1
node_619,kernel_add,0.024500,4096x1x1,64x1x1,2048x64x1x1
node_620,kernel_add,0.020300,4096x1x1,64x1x1,2048x64x1x1
node_621,kernel_add,0.017200,4096x1x1,64x1x1,2048x64x1x1
node_622,kernel_add,0.017300,4096x1x1,64x1x1,2048x64x1x1
ffn_moe_out-9,kernel_add,0.017400,4096x1x1,64x1x1,2048x64x1x1
ffn_shexp-9,kernel_transpose_32_16,0.012700,704x16x0,1x16x0,2048x64x1x1
ffn_shexp-9,kernel_mul_mat_Ab_Bi_8x4,0.525000,8x512x1,1x128x1,2048x64x1x1
ffn_out-9,kernel_add,0.021300,4096x1x1,64x1x1,2048x64x1x1
l_out-9,kernel_add,0.018000,4096x1x1,64x1x1,2048x64x1x1
attn_norm-10,kernel_rms_norm_mul,0.019100,65536x1x1,1024x1x1,2048x64x1x1
q-10,kernel_transpose_32_16,0.006900,512x16x0,1x16x0,3072x64x1x1
q-10,kernel_mul_mat_Ab_Bi_8x4,0.393000,8x768x1,1x128x1,3072x64x1x1
q_pe-10,kernel_rope_norm_f32,0.012000,1024x64x1,64x1x1,64x16x64x1
Qcur-10,kernel_concat_f32_non_contiguous,0.348200,16x64x1,0x0x0,192x16x64x1
kv_cmpr_pe-10,kernel_transpose_32_16,0.009400,512x16x0,1x16x0,576x64x1x1
kv_cmpr_pe-10,kernel_mul_mat_Ab_Bi_8x4,0.314500,8x144x1,1x128x1,576x64x1x1
k_pe-10,kernel_rope_norm_f32,0.002900,64x64x1,64x1x1,64x1x64x1
node_637,kernel_repeat,0.285500,16x64x1,0x0x0,64x16x64x1
kv_cmpr-10,kernel_rms_norm_mul,0.010000,32768x1x1,512x1x1,512x64x1x1
kv-10,kernel_transpose_32_16,0.003800,128x16x0,1x16x0,4096x64x1x1
kv-10,kernel_mul_mat_Ab_Bi_8x4,0.135000,8x1024x1,1x128x1,4096x64x1x1
Kcur-10,kernel_concat_f32_non_contiguous,0.392400,16x64x1,0x0x0,192x16x64x1
Vcur_cont-10,kernel_cpy_f32_f32,0.010200,1024x64x1,64x1x1,128x16x64x1
cache_k_l10 (view),kernel_set_rows_f16_i64,0.015700,65536x1x1,1024x1x1,3072x4096x1x1
cache_v_l10 (view),kernel_set_rows_f16_i64,0.011600,65536x1x1,1024x1x1,2048x4096x1x1
__fattn__-10,flash_attn_f32_f16,9.358200,64x16x0,16x1x0,128x16x64x1
node_658,kernel_transpose_32_16,0.009800,512x16x0,1x16x0,2048x64x1x1
node_658,kernel_mul_mat_Ab_Bi_8x4,0.380400,8x512x1,1x128x1,2048x64x1x1
ffn_inp-10,kernel_add,0.021300,4096x1x1,64x1x1,2048x64x1x1
ffn_norm-10,kernel_rms_norm_mul,0.019800,65536x1x1,1024x1x1,2048x64x1x1
ffn_moe_logits-10,kernel_mul_mm_f32_f32_l4_lm,0.498600,128x1x1,128x1x1,64x64x1x1
ffn_moe_probs-10,kernel_soft_max_4,0.003600,4096x1x1,64x1x1,64x64x1x1
ffn_moe_argsort-10,kernel_argsort_f32_i32,0.015000,64x64x1,64x1x1,64x64x1x1
ffn_moe_weights-10,kernel_get_rows_f32,0.004500,384x64x1,64x1x1,1x6x64x1
ffn_moe_weights_scaled-10,kernel_scale,0.001900,96x1x1,64x1x1,1x6x64x1
ffn_moe_gate-10,kernel_mul_mv_id_q4_0_f32_8x_flat,9.091900,11264x1x384,64x1x1,1408x6x64x1
ffn_moe_up-10,kernel_mul_mv_id_q4_0_f32_8x_flat,9.089200,11264x1x384,64x1x1,1408x6x64x1
ffn_moe_weighted-10,kernel_swiglu,0.081300,196608x1x1,512x1x1,1408x6x64x1
ffn_moe_down-10,kernel_mul_mv_id_q4_0_f32_8x_flat,9.831700,16384x1x384,64x1x1,2048x6x64x1
node_674,kernel_mul,0.099400,384x64x1,64x1x1,2048x6x64x1
ffn_gate-10,kernel_transpose_32_16,0.011400,512x16x0,1x16x0,2816x64x1x1
ffn_gate-10,kernel_mul_mat_Ab_Bi_8x4,0.386300,8x704x1,1x128x1,2816x64x1x1
ffn_up-10,kernel_transpose_32_16,0.010200,512x16x0,1x16x0,2816x64x1x1
ffn_up-10,kernel_mul_mat_Ab_Bi_8x4,0.386500,8x704x1,1x128x1,2816x64x1x1
ffn_swiglu-10,kernel_swiglu,0.023700,32768x1x1,512x1x1,2816x64x1x1
node_684,kernel_add,0.023800,4096x1x1,64x1x1,2048x64x1x1
node_685,kernel_add,0.017100,4096x1x1,64x1x1,2048x64x1x1
node_686,kernel_add,0.017200,4096x1x1,64x1x1,2048x64x1x1
node_687,kernel_add,0.017300,4096x1x1,64x1x1,2048x64x1x1
ffn_moe_out-10,kernel_add,0.017300,4096x1x1,64x1x1,2048x64x1x1
ffn_shexp-10,kernel_transpose_32_16,0.013000,704x16x0,1x16x0,2048x64x1x1
ffn_shexp-10,kernel_mul_mat_Ab_Bi_8x4,0.535500,8x512x1,1x128x1,2048x64x1x1
ffn_out-10,kernel_add,0.020400,4096x1x1,64x1x1,2048x64x1x1
l_out-10,kernel_add,0.018200,4096x1x1,64x1x1,2048x64x1x1
attn_norm-11,kernel_rms_norm_mul,0.019700,65536x1x1,1024x1x1,2048x64x1x1
q-11,kernel_transpose_32_16,0.010000,512x16x0,1x16x0,3072x64x1x1
q-11,kernel_mul_mat_Ab_Bi_8x4,0.390400,8x768x1,1x128x1,3072x64x1x1
q_pe-11,kernel_rope_norm_f32,0.012200,1024x64x1,64x1x1,64x16x64x1
Qcur-11,kernel_concat_f32_non_contiguous,0.348800,16x64x1,0x0x0,192x16x64x1
kv_cmpr_pe-11,kernel_transpose_32_16,0.010700,512x16x0,1x16x0,576x64x1x1
kv_cmpr_pe-11,kernel_mul_mat_Ab_Bi_8x4,0.315700,8x144x1,1x128x1,576x64x1x1
k_pe-11,kernel_rope_norm_f32,0.002600,64x64x1,64x1x1,64x1x64x1
node_702,kernel_repeat,0.284000,16x64x1,0x0x0,64x16x64x1
kv_cmpr-11,kernel_rms_norm_mul,0.009700,32768x1x1,512x1x1,512x64x1x1
kv-11,kernel_transpose_32_16,0.003900,128x16x0,1x16x0,4096x64x1x1
kv-11,kernel_mul_mat_Ab_Bi_8x4,0.132800,8x1024x1,1x128x1,4096x64x1x1
Kcur-11,kernel_concat_f32_non_contiguous,0.397900,16x64x1,0x0x0,192x16x64x1
Vcur_cont-11,kernel_cpy_f32_f32,0.014000,1024x64x1,64x1x1,128x16x64x1
cache_k_l11 (view),kernel_set_rows_f16_i64,0.016300,65536x1x1,1024x1x1,3072x4096x1x1
cache_v_l11 (view),kernel_set_rows_f16_i64,0.012100,65536x1x1,1024x1x1,2048x4096x1x1
__fattn__-11,flash_attn_f32_f16,9.375000,64x16x0,16x1x0,128x16x64x1
node_723,kernel_transpose_32_16,0.010100,512x16x0,1x16x0,2048x64x1x1
node_723,kernel_mul_mat_Ab_Bi_8x4,0.371400,8x512x1,1x128x1,2048x64x1x1
ffn_inp-11,kernel_add,0.021700,4096x1x1,64x1x1,2048x64x1x1
ffn_norm-11,kernel_rms_norm_mul,0.019300,65536x1x1,1024x1x1,2048x64x1x1
ffn_moe_logits-11,kernel_mul_mm_f32_f32_l4_lm,0.502500,128x1x1,128x1x1,64x64x1x1
ffn_moe_probs-11,kernel_soft_max_4,0.003700,4096x1x1,64x1x1,64x64x1x1
ffn_moe_argsort-11,kernel_argsort_f32_i32,0.015100,64x64x1,64x1x1,64x64x1x1
ffn_moe_weights-11,kernel_get_rows_f32,0.004400,384x64x1,64x1x1,1x6x64x1
ffn_moe_weights_scaled-11,kernel_scale,0.001800,96x1x1,64x1x1,1x6x64x1
ffn_moe_gate-11,kernel_mul_mv_id_q4_0_f32_8x_flat,9.111000,11264x1x384,64x1x1,1408x6x64x1
ffn_moe_up-11,kernel_mul_mv_id_q4_0_f32_8x_flat,9.121600,11264x1x384,64x1x1,1408x6x64x1
ffn_moe_weighted-11,kernel_swiglu,0.082300,196608x1x1,512x1x1,1408x6x64x1
ffn_moe_down-11,kernel_mul_mv_id_q4_0_f32_8x_flat,9.825300,16384x1x384,64x1x1,2048x6x64x1
node_739,kernel_mul,0.099300,384x64x1,64x1x1,2048x6x64x1
ffn_gate-11,kernel_transpose_32_16,0.011000,512x16x0,1x16x0,2816x64x1x1
ffn_gate-11,kernel_mul_mat_Ab_Bi_8x4,0.383100,8x704x1,1x128x1,2816x64x1x1
ffn_up-11,kernel_transpose_32_16,0.010400,512x16x0,1x16x0,2816x64x1x1
ffn_up-11,kernel_mul_mat_Ab_Bi_8x4,0.382300,8x704x1,1x128x1,2816x64x1x1
ffn_swiglu-11,kernel_swiglu,0.022800,32768x1x1,512x1x1,2816x64x1x1
node_749,kernel_add,0.024300,4096x1x1,64x1x1,2048x64x1x1
node_750,kernel_add,0.020400,4096x1x1,64x1x1,2048x64x1x1
node_751,kernel_add,0.017200,4096x1x1,64x1x1,2048x64x1x1
node_752,kernel_add,0.017200,4096x1x1,64x1x1,2048x64x1x1
ffn_moe_out-11,kernel_add,0.017200,4096x1x1,64x1x1,2048x64x1x1
ffn_shexp-11,kernel_transpose_32_16,0.012800,704x16x0,1x16x0,2048x64x1x1
ffn_shexp-11,kernel_mul_mat_Ab_Bi_8x4,0.524000,8x512x1,1x128x1,2048x64x1x1
ffn_out-11,kernel_add,0.021300,4096x1x1,64x1x1,2048x64x1x1
l_out-11,kernel_add,0.018300,4096x1x1,64x1x1,2048x64x1x1
attn_norm-12,kernel_rms_norm_mul,0.019000,65536x1x1,1024x1x1,2048x64x1x1
q-12,kernel_transpose_32_16,0.007000,512x16x0,1x16x0,3072x64x1x1
q-12,kernel_mul_mat_Ab_Bi_8x4,0.392300,8x768x1,1x128x1,3072x64x1x1
q_pe-12,kernel_rope_norm_f32,0.009400,1024x64x1,64x1x1,64x16x64x1
Qcur-12,kernel_concat_f32_non_contiguous,0.344100,16x64x1,0x0x0,192x16x64x1
kv_cmpr_pe-12,kernel_transpose_32_16,0.010300,512x16x0,1x16x0,576x64x1x1
kv_cmpr_pe-12,kernel_mul_mat_Ab_Bi_8x4,0.315400,8x144x1,1x128x1,576x64x1x1
k_pe-12,kernel_rope_norm_f32,0.002700,64x64x1,64x1x1,64x1x64x1
node_767,kernel_repeat,0.284900,16x64x1,0x0x0,64x16x64x1
kv_cmpr-12,kernel_rms_norm_mul,0.010000,32768x1x1,512x1x1,512x64x1x1
kv-12,kernel_transpose_32_16,0.004100,128x16x0,1x16x0,4096x64x1x1
kv-12,kernel_mul_mat_Ab_Bi_8x4,0.131800,8x1024x1,1x128x1,4096x64x1x1
Kcur-12,kernel_concat_f32_non_contiguous,0.383900,16x64x1,0x0x0,192x16x64x1
Vcur_cont-12,kernel_cpy_f32_f32,0.013300,1024x64x1,64x1x1,128x16x64x1
cache_k_l12 (view),kernel_set_rows_f16_i64,0.016200,65536x1x1,1024x1x1,3072x4096x1x1
cache_v_l12 (view),kernel_set_rows_f16_i64,0.011500,65536x1x1,1024x1x1,2048x4096x1x1
__fattn__-12,flash_attn_f32_f16,9.369300,64x16x0,16x1x0,128x16x64x1
node_788,kernel_transpose_32_16,0.009500,512x16x0,1x16x0,2048x64x1x1
node_788,kernel_mul_mat_Ab_Bi_8x4,0.377600,8x512x1,1x128x1,2048x64x1x1
ffn_inp-12,kernel_add,0.016500,4096x1x1,64x1x1,2048x64x1x1
ffn_norm-12,kernel_rms_norm_mul,0.019900,65536x1x1,1024x1x1,2048x64x1x1
ffn_moe_logits-12,kernel_mul_mm_f32_f32_l4_lm,0.504800,128x1x1,128x1x1,64x64x1x1
ffn_moe_probs-12,kernel_soft_max_4,0.003600,4096x1x1,64x1x1,64x64x1x1
ffn_moe_argsort-12,kernel_argsort_f32_i32,0.015200,64x64x1,64x1x1,64x64x1x1
ffn_moe_weights-12,kernel_get_rows_f32,0.004000,384x64x1,64x1x1,1x6x64x1
ffn_moe_weights_scaled-12,kernel_scale,0.001800,96x1x1,64x1x1,1x6x64x1
ffn_moe_gate-12,kernel_mul_mv_id_q4_0_f32_8x_flat,9.156100,11264x1x384,64x1x1,1408x6x64x1
ffn_moe_up-12,kernel_mul_mv_id_q4_0_f32_8x_flat,9.274900,11264x1x384,64x1x1,1408x6x64x1
ffn_moe_weighted-12,kernel_swiglu,0.083100,196608x1x1,512x1x1,1408x6x64x1
ffn_moe_down-12,kernel_mul_mv_id_q4_0_f32_8x_flat,9.873000,16384x1x384,64x1x1,2048x6x64x1
node_804,kernel_mul,0.100100,384x64x1,64x1x1,2048x6x64x1
ffn_gate-12,kernel_transpose_32_16,0.010500,512x16x0,1x16x0,2816x64x1x1
ffn_gate-12,kernel_mul_mat_Ab_Bi_8x4,0.385300,8x704x1,1x128x1,2816x64x1x1
ffn_up-12,kernel_transpose_32_16,0.010200,512x16x0,1x16x0,2816x64x1x1
ffn_up-12,kernel_mul_mat_Ab_Bi_8x4,0.381500,8x704x1,1x128x1,2816x64x1x1
ffn_swiglu-12,kernel_swiglu,0.021300,32768x1x1,512x1x1,2816x64x1x1
node_814,kernel_add,0.023600,4096x1x1,64x1x1,2048x64x1x1
node_815,kernel_add,0.021700,4096x1x1,64x1x1,2048x64x1x1
node_816,kernel_add,0.017400,4096x1x1,64x1x1,2048x64x1x1
node_817,kernel_add,0.017700,4096x1x1,64x1x1,2048x64x1x1
ffn_moe_out-12,kernel_add,0.017300,4096x1x1,64x1x1,2048x64x1x1
ffn_shexp-12,kernel_transpose_32_16,0.013100,704x16x0,1x16x0,2048x64x1x1
ffn_shexp-12,kernel_mul_mat_Ab_Bi_8x4,0.530300,8x512x1,1x128x1,2048x64x1x1
ffn_out-12,kernel_add,0.015800,4096x1x1,64x1x1,2048x64x1x1
l_out-12,kernel_add,0.018900,4096x1x1,64x1x1,2048x64x1x1
attn_norm-13,kernel_rms_norm_mul,0.019300,65536x1x1,1024x1x1,2048x64x1x1
q-13,kernel_transpose_32_16,0.007100,512x16x0,1x16x0,3072x64x1x1
q-13,kernel_mul_mat_Ab_Bi_8x4,0.390500,8x768x1,1x128x1,3072x64x1x1
q_pe-13,kernel_rope_norm_f32,0.012200,1024x64x1,64x1x1,64x16x64x1
Qcur-13,kernel_concat_f32_non_contiguous,0.345400,16x64x1,0x0x0,192x16x64x1
kv_cmpr_pe-13,kernel_transpose_32_16,0.010500,512x16x0,1x16x0,576x64x1x1
kv_cmpr_pe-13,kernel_mul_mat_Ab_Bi_8x4,0.318500,8x144x1,1x128x1,576x64x1x1
k_pe-13,kernel_rope_norm_f32,0.002700,64x64x1,64x1x1,64x1x64x1
node_832,kernel_repeat,0.283600,16x64x1,0x0x0,64x16x64x1
kv_cmpr-13,kernel_rms_norm_mul,0.009800,32768x1x1,512x1x1,512x64x1x1
kv-13,kernel_transpose_32_16,0.004200,128x16x0,1x16x0,4096x64x1x1
kv-13,kernel_mul_mat_Ab_Bi_8x4,0.135200,8x1024x1,1x128x1,4096x64x1x1
Kcur-13,kernel_concat_f32_non_contiguous,0.400000,16x64x1,0x0x0,192x16x64x1
Vcur_cont-13,kernel_cpy_f32_f32,0.013100,1024x64x1,64x1x1,128x16x64x1
cache_k_l13 (view),kernel_set_rows_f16_i64,0.014700,65536x1x1,1024x1x1,3072x4096x1x1
cache_v_l13 (view),kernel_set_rows_f16_i64,0.011800,65536x1x1,1024x1x1,2048x4096x1x1
__fattn__-13,flash_attn_f32_f16,10.590100,64x16x0,16x1x0,128x16x64x1
node_853,kernel_transpose_32_16,0.009500,512x16x0,1x16x0,2048x64x1x1
node_853,kernel_mul_mat_Ab_Bi_8x4,0.369700,8x512x1,1x128x1,2048x64x1x1
ffn_inp-13,kernel_add,0.020700,4096x1x1,64x1x1,2048x64x1x1
ffn_norm-13,kernel_rms_norm_mul,0.019200,65536x1x1,1024x1x1,2048x64x1x1
ffn_moe_logits-13,kernel_mul_mm_f32_f32_l4_lm,0.510300,128x1x1,128x1x1,64x64x1x1
ffn_moe_probs-13,kernel_soft_max_4,0.003900,4096x1x1,64x1x1,64x64x1x1
ffn_moe_argsort-13,kernel_argsort_f32_i32,0.015400,64x64x1,64x1x1,64x64x1x1
ffn_moe_weights-13,kernel_get_rows_f32,0.004000,384x64x1,64x1x1,1x6x64x1
ffn_moe_weights_scaled-13,kernel_scale,0.001700,96x1x1,64x1x1,1x6x64x1
ffn_moe_gate-13,kernel_mul_mv_id_q4_0_f32_8x_flat,9.243700,11264x1x384,64x1x1,1408x6x64x1
ffn_moe_up-13,kernel_mul_mv_id_q4_0_f32_8x_flat,9.202100,11264x1x384,64x1x1,1408x6x64x1
ffn_moe_weighted-13,kernel_swiglu,0.082100,196608x1x1,512x1x1,1408x6x64x1
ffn_moe_down-13,kernel_mul_mv_id_q4_0_f32_8x_flat,9.861300,16384x1x384,64x1x1,2048x6x64x1
node_869,kernel_mul,0.100100,384x64x1,64x1x1,2048x6x64x1
ffn_gate-13,kernel_transpose_32_16,0.011700,512x16x0,1x16x0,2816x64x1x1
ffn_gate-13,kernel_mul_mat_Ab_Bi_8x4,0.384800,8x704x1,1x128x1,2816x64x1x1
ffn_up-13,kernel_transpose_32_16,0.010000,512x16x0,1x16x0,2816x64x1x1
ffn_up-13,kernel_mul_mat_Ab_Bi_8x4,0.385100,8x704x1,1x128x1,2816x64x1x1
ffn_swiglu-13,kernel_swiglu,0.022600,32768x1x1,512x1x1,2816x64x1x1
node_879,kernel_add,0.024300,4096x1x1,64x1x1,2048x64x1x1
node_880,kernel_add,0.020400,4096x1x1,64x1x1,2048x64x1x1
node_881,kernel_add,0.017100,4096x1x1,64x1x1,2048x64x1x1
node_882,kernel_add,0.018200,4096x1x1,64x1x1,2048x64x1x1
ffn_moe_out-13,kernel_add,0.017200,4096x1x1,64x1x1,2048x64x1x1
ffn_shexp-13,kernel_transpose_32_16,0.013100,704x16x0,1x16x0,2048x64x1x1
ffn_shexp-13,kernel_mul_mat_Ab_Bi_8x4,0.519100,8x512x1,1x128x1,2048x64x1x1
ffn_out-13,kernel_add,0.021900,4096x1x1,64x1x1,2048x64x1x1
l_out-13,kernel_add,0.018300,4096x1x1,64x1x1,2048x64x1x1
attn_norm-14,kernel_rms_norm_mul,0.019000,65536x1x1,1024x1x1,2048x64x1x1
q-14,kernel_transpose_32_16,0.009400,512x16x0,1x16x0,3072x64x1x1
q-14,kernel_mul_mat_Ab_Bi_8x4,0.391400,8x768x1,1x128x1,3072x64x1x1
q_pe-14,kernel_rope_norm_f32,0.012000,1024x64x1,64x1x1,64x16x64x1
Qcur-14,kernel_concat_f32_non_contiguous,0.347100,16x64x1,0x0x0,192x16x64x1
kv_cmpr_pe-14,kernel_transpose_32_16,0.010100,512x16x0,1x16x0,576x64x1x1
kv_cmpr_pe-14,kernel_mul_mat_Ab_Bi_8x4,0.316800,8x144x1,1x128x1,576x64x1x1
k_pe-14,kernel_rope_norm_f32,0.002900,64x64x1,64x1x1,64x1x64x1
node_897,kernel_repeat,0.283800,16x64x1,0x0x0,64x16x64x1
kv_cmpr-14,kernel_rms_norm_mul,0.010200,32768x1x1,512x1x1,512x64x1x1
kv-14,kernel_transpose_32_16,0.003900,128x16x0,1x16x0,4096x64x1x1
kv-14,kernel_mul_mat_Ab_Bi_8x4,0.133100,8x1024x1,1x128x1,4096x64x1x1
Kcur-14,kernel_concat_f32_non_contiguous,0.385300,16x64x1,0x0x0,192x16x64x1
Vcur_cont-14,kernel_cpy_f32_f32,0.013700,1024x64x1,64x1x1,128x16x64x1
cache_k_l14 (view),kernel_set_rows_f16_i64,0.015500,65536x1x1,1024x1x1,3072x4096x1x1
cache_v_l14 (view),kernel_set_rows_f16_i64,0.011800,65536x1x1,1024x1x1,2048x4096x1x1
__fattn__-14,flash_attn_f32_f16,9.401100,64x16x0,16x1x0,128x16x64x1
node_918,kernel_transpose_32_16,0.009500,512x16x0,1x16x0,2048x64x1x1
node_918,kernel_mul_mat_Ab_Bi_8x4,0.378800,8x512x1,1x128x1,2048x64x1x1
ffn_inp-14,kernel_add,0.020800,4096x1x1,64x1x1,2048x64x1x1
ffn_norm-14,kernel_rms_norm_mul,0.019000,65536x1x1,1024x1x1,2048x64x1x1
ffn_moe_logits-14,kernel_mul_mm_f32_f32_l4_lm,0.514300,128x1x1,128x1x1,64x64x1x1
ffn_moe_probs-14,kernel_soft_max_4,0.003700,4096x1x1,64x1x1,64x64x1x1
ffn_moe_argsort-14,kernel_argsort_f32_i32,0.015200,64x64x1,64x1x1,64x64x1x1
ffn_moe_weights-14,kernel_get_rows_f32,0.004100,384x64x1,64x1x1,1x6x64x1
ffn_moe_weights_scaled-14,kernel_scale,0.002100,96x1x1,64x1x1,1x6x64x1
ffn_moe_gate-14,kernel_mul_mv_id_q4_0_f32_8x_flat,9.241700,11264x1x384,64x1x1,1408x6x64x1
ffn_moe_up-14,kernel_mul_mv_id_q4_0_f32_8x_flat,9.190100,11264x1x384,64x1x1,1408x6x64x1
ffn_moe_weighted-14,kernel_swiglu,0.082300,196608x1x1,512x1x1,1408x6x64x1
ffn_moe_down-14,kernel_mul_mv_id_q4_0_f32_8x_flat,9.884800,16384x1x384,64x1x1,2048x6x64x1
node_934,kernel_mul,0.099100,384x64x1,64x1x1,2048x6x64x1
ffn_gate-14,kernel_transpose_32_16,0.011300,512x16x0,1x16x0,2816x64x1x1
ffn_gate-14,kernel_mul_mat_Ab_Bi_8x4,0.386100,8x704x1,1x128x1,2816x64x1x1
ffn_up-14,kernel_transpose_32_16,0.009400,512x16x0,1x16x0,2816x64x1x1
ffn_up-14,kernel_mul_mat_Ab_Bi_8x4,0.383200,8x704x1,1x128x1,2816x64x1x1
ffn_swiglu-14,kernel_swiglu,0.023500,32768x1x1,512x1x1,2816x64x1x1
node_944,kernel_add,0.023900,4096x1x1,64x1x1,2048x64x1x1
node_945,kernel_add,0.020900,4096x1x1,64x1x1,2048x64x1x1
node_946,kernel_add,0.017400,4096x1x1,64x1x1,2048x64x1x1
node_947,kernel_add,0.017800,4096x1x1,64x1x1,2048x64x1x1
ffn_moe_out-14,kernel_add,0.017200,4096x1x1,64x1x1,2048x64x1x1
ffn_shexp-14,kernel_transpose_32_16,0.011600,704x16x0,1x16x0,2048x64x1x1
ffn_shexp-14,kernel_mul_mat_Ab_Bi_8x4,0.526000,8x512x1,1x128x1,2048x64x1x1
ffn_out-14,kernel_add,0.020700,4096x1x1,64x1x1,2048x64x1x1
l_out-14,kernel_add,0.018100,4096x1x1,64x1x1,2048x64x1x1
attn_norm-15,kernel_rms_norm_mul,0.019300,65536x1x1,1024x1x1,2048x64x1x1
q-15,kernel_transpose_32_16,0.006900,512x16x0,1x16x0,3072x64x1x1
q-15,kernel_mul_mat_Ab_Bi_8x4,0.386200,8x768x1,1x128x1,3072x64x1x1
q_pe-15,kernel_rope_norm_f32,0.012100,1024x64x1,64x1x1,64x16x64x1
Qcur-15,kernel_concat_f32_non_contiguous,0.343900,16x64x1,0x0x0,192x16x64x1
kv_cmpr_pe-15,kernel_transpose_32_16,0.010500,512x16x0,1x16x0,576x64x1x1
kv_cmpr_pe-15,kernel_mul_mat_Ab_Bi_8x4,0.319400,8x144x1,1x128x1,576x64x1x1
k_pe-15,kernel_rope_norm_f32,0.002900,64x64x1,64x1x1,64x1x64x1
node_962,kernel_repeat,0.284200,16x64x1,0x0x0,64x16x64x1
kv_cmpr-15,kernel_rms_norm_mul,0.009900,32768x1x1,512x1x1,512x64x1x1
kv-15,kernel_transpose_32_16,0.003900,128x16x0,1x16x0,4096x64x1x1
kv-15,kernel_mul_mat_Ab_Bi_8x4,0.135000,8x1024x1,1x128x1,4096x64x1x1
Kcur-15,kernel_concat_f32_non_contiguous,0.399100,16x64x1,0x0x0,192x16x64x1
Vcur_cont-15,kernel_cpy_f32_f32,0.013100,1024x64x1,64x1x1,128x16x64x1
cache_k_l15 (view),kernel_set_rows_f16_i64,0.016100,65536x1x1,1024x1x1,3072x4096x1x1
cache_v_l15 (view),kernel_set_rows_f16_i64,0.011800,65536x1x1,1024x1x1,2048x4096x1x1
__fattn__-15,flash_attn_f32_f16,9.375000,64x16x0,16x1x0,128x16x64x1
node_983,kernel_transpose_32_16,0.010100,512x16x0,1x16x0,2048x64x1x1
node_983,kernel_mul_mat_Ab_Bi_8x4,0.377400,8x512x1,1x128x1,2048x64x1x1
ffn_inp-15,kernel_add,0.021400,4096x1x1,64x1x1,2048x64x1x1
ffn_norm-15,kernel_rms_norm_mul,0.019500,65536x1x1,1024x1x1,2048x64x1x1
ffn_moe_logits-15,kernel_mul_mm_f32_f32_l4_lm,0.507100,128x1x1,128x1x1,64x64x1x1
ffn_moe_probs-15,kernel_soft_max_4,0.003700,4096x1x1,64x1x1,64x64x1x1
ffn_moe_argsort-15,kernel_argsort_f32_i32,0.015100,64x64x1,64x1x1,64x64x1x1
ffn_moe_weights-15,kernel_get_rows_f32,0.004000,384x64x1,64x1x1,1x6x64x1
ffn_moe_weights_scaled-15,kernel_scale,0.001800,96x1x1,64x1x1,1x6x64x1
ffn_moe_gate-15,kernel_mul_mv_id_q4_0_f32_8x_flat,9.192900,11264x1x384,64x1x1,1408x6x64x1
ffn_moe_up-15,kernel_mul_mv_id_q4_0_f32_8x_flat,9.191000,11264x1x384,64x1x1,1408x6x64x1
ffn_moe_weighted-15,kernel_swiglu,0.083900,196608x1x1,512x1x1,1408x6x64x1
ffn_moe_down-15,kernel_mul_mv_id_q4_0_f32_8x_flat,9.859300,16384x1x384,64x1x1,2048x6x64x1
node_999,kernel_mul,0.101100,384x64x1,64x1x1,2048x6x64x1
ffn_gate-15,kernel_transpose_32_16,0.010900,512x16x0,1x16x0,2816x64x1x1
ffn_gate-15,kernel_mul_mat_Ab_Bi_8x4,0.380300,8x704x1,1x128x1,2816x64x1x1
ffn_up-15,kernel_transpose_32_16,0.009700,512x16x0,1x16x0,2816x64x1x1
ffn_up-15,kernel_mul_mat_Ab_Bi_8x4,0.385200,8x704x1,1x128x1,2816x64x1x1
ffn_swiglu-15,kernel_swiglu,0.022900,32768x1x1,512x1x1,2816x64x1x1
node_1009,kernel_add,0.021100,4096x1x1,64x1x1,2048x64x1x1
node_1010,kernel_add,0.020500,4096x1x1,64x1x1,2048x64x1x1
node_1011,kernel_add,0.017700,4096x1x1,64x1x1,2048x64x1x1
node_1012,kernel_add,0.017100,4096x1x1,64x1x1,2048x64x1x1
ffn_moe_out-15,kernel_add,0.017100,4096x1x1,64x1x1,2048x64x1x1
ffn_shexp-15,kernel_transpose_32_16,0.013000,704x16x0,1x16x0,2048x64x1x1
ffn_shexp-15,kernel_mul_mat_Ab_Bi_8x4,0.526300,8x512x1,1x128x1,2048x64x1x1
ffn_out-15,kernel_add,0.021700,4096x1x1,64x1x1,2048x64x1x1
l_out-15,kernel_add,0.016700,4096x1x1,64x1x1,2048x64x1x1
attn_norm-16,kernel_rms_norm_mul,0.019000,65536x1x1,1024x1x1,2048x64x1x1
q-16,kernel_transpose_32_16,0.006900,512x16x0,1x16x0,3072x64x1x1
q-16,kernel_mul_mat_Ab_Bi_8x4,0.389000,8x768x1,1x128x1,3072x64x1x1
q_pe-16,kernel_rope_norm_f32,0.012000,1024x64x1,64x1x1,64x16x64x1
Qcur-16,kernel_concat_f32_non_contiguous,0.345600,16x64x1,0x0x0,192x16x64x1
kv_cmpr_pe-16,kernel_transpose_32_16,0.010300,512x16x0,1x16x0,576x64x1x1
kv_cmpr_pe-16,kernel_mul_mat_Ab_Bi_8x4,0.316700,8x144x1,1x128x1,576x64x1x1
k_pe-16,kernel_rope_norm_f32,0.003100,64x64x1,64x1x1,64x1x64x1
node_1027,kernel_repeat,0.285100,16x64x1,0x0x0,64x16x64x1
kv_cmpr-16,kernel_rms_norm_mul,0.009500,32768x1x1,512x1x1,512x64x1x1
kv-16,kernel_transpose_32_16,0.004000,128x16x0,1x16x0,4096x64x1x1
kv-16,kernel_mul_mat_Ab_Bi_8x4,0.132700,8x1024x1,1x128x1,4096x64x1x1
Kcur-16,kernel_concat_f32_non_contiguous,0.389700,16x64x1,0x0x0,192x16x64x1
Vcur_cont-16,kernel_cpy_f32_f32,0.013900,1024x64x1,64x1x1,128x16x64x1
cache_k_l16 (view),kernel_set_rows_f16_i64,0.015700,65536x1x1,1024x1x1,3072x4096x1x1
cache_v_l16 (view),kernel_set_rows_f16_i64,0.011400,65536x1x1,1024x1x1,2048x4096x1x1
__fattn__-16,flash_attn_f32_f16,9.353800,64x16x0,16x1x0,128x16x64x1
node_1048,kernel_transpose_32_16,0.009500,512x16x0,1x16x0,2048x64x1x1
node_1048,kernel_mul_mat_Ab_Bi_8x4,0.378100,8x512x1,1x128x1,2048x64x1x1
ffn_inp-16,kernel_add,0.020700,4096x1x1,64x1x1,2048x64x1x1
ffn_norm-16,kernel_rms_norm_mul,0.019600,65536x1x1,1024x1x1,2048x64x1x1
ffn_moe_logits-16,kernel_mul_mm_f32_f32_l4_lm,0.506600,128x1x1,128x1x1,64x64x1x1
ffn_moe_probs-16,kernel_soft_max_4,0.003700,4096x1x1,64x1x1,64x64x1x1
ffn_moe_argsort-16,kernel_argsort_f32_i32,0.015500,64x64x1,64x1x1,64x64x1x1
ffn_moe_weights-16,kernel_get_rows_f32,0.004100,384x64x1,64x1x1,1x6x64x1
ffn_moe_weights_scaled-16,kernel_scale,0.001800,96x1x1,64x1x1,1x6x64x1
ffn_moe_gate-16,kernel_mul_mv_id_q4_0_f32_8x_flat,9.147600,11264x1x384,64x1x1,1408x6x64x1
ffn_moe_up-16,kernel_mul_mv_id_q4_0_f32_8x_flat,9.155700,11264x1x384,64x1x1,1408x6x64x1
ffn_moe_weighted-16,kernel_swiglu,0.082200,196608x1x1,512x1x1,1408x6x64x1
ffn_moe_down-16,kernel_mul_mv_id_q4_0_f32_8x_flat,9.883200,16384x1x384,64x1x1,2048x6x64x1
node_1064,kernel_mul,0.101200,384x64x1,64x1x1,2048x6x64x1
ffn_gate-16,kernel_transpose_32_16,0.010200,512x16x0,1x16x0,2816x64x1x1
ffn_gate-16,kernel_mul_mat_Ab_Bi_8x4,0.383800,8x704x1,1x128x1,2816x64x1x1
ffn_up-16,kernel_transpose_32_16,0.010100,512x16x0,1x16x0,2816x64x1x1
ffn_up-16,kernel_mul_mat_Ab_Bi_8x4,0.386700,8x704x1,1x128x1,2816x64x1x1
ffn_swiglu-16,kernel_swiglu,0.023800,32768x1x1,512x1x1,2816x64x1x1
node_1074,kernel_add,0.025000,4096x1x1,64x1x1,2048x64x1x1
node_1075,kernel_add,0.021600,4096x1x1,64x1x1,2048x64x1x1
node_1076,kernel_add,0.017600,4096x1x1,64x1x1,2048x64x1x1
node_1077,kernel_add,0.016500,4096x1x1,64x1x1,2048x64x1x1
ffn_moe_out-16,kernel_add,0.017900,4096x1x1,64x1x1,2048x64x1x1
ffn_shexp-16,kernel_transpose_32_16,0.013200,704x16x0,1x16x0,2048x64x1x1
ffn_shexp-16,kernel_mul_mat_Ab_Bi_8x4,0.533600,8x512x1,1x128x1,2048x64x1x1
ffn_out-16,kernel_add,0.020900,4096x1x1,64x1x1,2048x64x1x1
l_out-16,kernel_add,0.018400,4096x1x1,64x1x1,2048x64x1x1
attn_norm-17,kernel_rms_norm_mul,0.019400,65536x1x1,1024x1x1,2048x64x1x1
q-17,kernel_transpose_32_16,0.006900,512x16x0,1x16x0,3072x64x1x1
q-17,kernel_mul_mat_Ab_Bi_8x4,0.389500,8x768x1,1x128x1,3072x64x1x1
q_pe-17,kernel_rope_norm_f32,0.012900,1024x64x1,64x1x1,64x16x64x1
Qcur-17,kernel_concat_f32_non_contiguous,0.344900,16x64x1,0x0x0,192x16x64x1
kv_cmpr_pe-17,kernel_transpose_32_16,0.010000,512x16x0,1x16x0,576x64x1x1
kv_cmpr_pe-17,kernel_mul_mat_Ab_Bi_8x4,0.315600,8x144x1,1x128x1,576x64x1x1
k_pe-17,kernel_rope_norm_f32,0.002600,64x64x1,64x1x1,64x1x64x1
node_1092,kernel_repeat,0.286100,16x64x1,0x0x0,64x16x64x1
kv_cmpr-17,kernel_rms_norm_mul,0.009900,32768x1x1,512x1x1,512x64x1x1
kv-17,kernel_transpose_32_16,0.004100,128x16x0,1x16x0,4096x64x1x1
kv-17,kernel_mul_mat_Ab_Bi_8x4,0.133600,8x1024x1,1x128x1,4096x64x1x1
Kcur-17,kernel_concat_f32_non_contiguous,0.394600,16x64x1,0x0x0,192x16x64x1
Vcur_cont-17,kernel_cpy_f32_f32,0.013100,1024x64x1,64x1x1,128x16x64x1
cache_k_l17 (view),kernel_set_rows_f16_i64,0.015800,65536x1x1,1024x1x1,3072x4096x1x1
cache_v_l17 (view),kernel_set_rows_f16_i64,0.011500,65536x1x1,1024x1x1,2048x4096x1x1
__fattn__-17,flash_attn_f32_f16,9.356300,64x16x0,16x1x0,128x16x64x1
node_1113,kernel_transpose_32_16,0.009800,512x16x0,1x16x0,2048x64x1x1
node_1113,kernel_mul_mat_Ab_Bi_8x4,0.392700,8x512x1,1x128x1,2048x64x1x1
ffn_inp-17,kernel_add,0.021700,4096x1x1,64x1x1,2048x64x1x1
ffn_norm-17,kernel_rms_norm_mul,0.019300,65536x1x1,1024x1x1,2048x64x1x1
ffn_moe_logits-17,kernel_mul_mm_f32_f32_l4_lm,0.514700,128x1x1,128x1x1,64x64x1x1
ffn_moe_probs-17,kernel_soft_max_4,0.003600,4096x1x1,64x1x1,64x64x1x1
ffn_moe_argsort-17,kernel_argsort_f32_i32,0.015200,64x64x1,64x1x1,64x64x1x1
ffn_moe_weights-17,kernel_get_rows_f32,0.004100,384x64x1,64x1x1,1x6x64x1
ffn_moe_weights_scaled-17,kernel_scale,0.001800,96x1x1,64x1x1,1x6x64x1
ffn_moe_gate-17,kernel_mul_mv_id_q4_0_f32_8x_flat,9.215000,11264x1x384,64x1x1,1408x6x64x1
ffn_moe_up-17,kernel_mul_mv_id_q4_0_f32_8x_flat,9.205500,11264x1x384,64x1x1,1408x6x64x1
ffn_moe_weighted-17,kernel_swiglu,0.083800,196608x1x1,512x1x1,1408x6x64x1
ffn_moe_down-17,kernel_mul_mv_id_q4_0_f32_8x_flat,9.894500,16384x1x384,64x1x1,2048x6x64x1
node_1129,kernel_mul,0.099900,384x64x1,64x1x1,2048x6x64x1
ffn_gate-17,kernel_transpose_32_16,0.010700,512x16x0,1x16x0,2816x64x1x1
ffn_gate-17,kernel_mul_mat_Ab_Bi_8x4,0.381400,8x704x1,1x128x1,2816x64x1x1
ffn_up-17,kernel_transpose_32_16,0.010300,512x16x0,1x16x0,2816x64x1x1
ffn_up-17,kernel_mul_mat_Ab_Bi_8x4,0.383200,8x704x1,1x128x1,2816x64x1x1
ffn_swiglu-17,kernel_swiglu,0.023300,32768x1x1,512x1x1,2816x64x1x1
node_1139,kernel_add,0.024000,4096x1x1,64x1x1,2048x64x1x1
node_1140,kernel_add,0.020800,4096x1x1,64x1x1,2048x64x1x1
node_1141,kernel_add,0.017300,4096x1x1,64x1x1,2048x64x1x1
node_1142,kernel_add,0.017300,4096x1x1,64x1x1,2048x64x1x1
ffn_moe_out-17,kernel_add,0.017200,4096x1x1,64x1x1,2048x64x1x1
ffn_shexp-17,kernel_transpose_32_16,0.013200,704x16x0,1x16x0,2048x64x1x1
ffn_shexp-17,kernel_mul_mat_Ab_Bi_8x4,0.539100,8x512x1,1x128x1,2048x64x1x1
ffn_out-17,kernel_add,0.022600,4096x1x1,64x1x1,2048x64x1x1
l_out-17,kernel_add,0.017800,4096x1x1,64x1x1,2048x64x1x1
attn_norm-18,kernel_rms_norm_mul,0.019300,65536x1x1,1024x1x1,2048x64x1x1
q-18,kernel_transpose_32_16,0.006900,512x16x0,1x16x0,3072x64x1x1
q-18,kernel_mul_mat_Ab_Bi_8x4,0.388300,8x768x1,1x128x1,3072x64x1x1
q_pe-18,kernel_rope_norm_f32,0.012100,1024x64x1,64x1x1,64x16x64x1
Qcur-18,kernel_concat_f32_non_contiguous,0.349500,16x64x1,0x0x0,192x16x64x1
kv_cmpr_pe-18,kernel_transpose_32_16,0.009000,512x16x0,1x16x0,576x64x1x1
kv_cmpr_pe-18,kernel_mul_mat_Ab_Bi_8x4,0.316700,8x144x1,1x128x1,576x64x1x1
k_pe-18,kernel_rope_norm_f32,0.002700,64x64x1,64x1x1,64x1x64x1
node_1157,kernel_repeat,0.284900,16x64x1,0x0x0,64x16x64x1
kv_cmpr-18,kernel_rms_norm_mul,0.009800,32768x1x1,512x1x1,512x64x1x1
kv-18,kernel_transpose_32_16,0.004100,128x16x0,1x16x0,4096x64x1x1
kv-18,kernel_mul_mat_Ab_Bi_8x4,0.134200,8x1024x1,1x128x1,4096x64x1x1
Kcur-18,kernel_concat_f32_non_contiguous,0.412900,16x64x1,0x0x0,192x16x64x1
Vcur_cont-18,kernel_cpy_f32_f32,0.010400,1024x64x1,64x1x1,128x16x64x1
cache_k_l18 (view),kernel_set_rows_f16_i64,0.015500,65536x1x1,1024x1x1,3072x4096x1x1
cache_v_l18 (view),kernel_set_rows_f16_i64,0.011900,65536x1x1,1024x1x1,2048x4096x1x1
__fattn__-18,flash_attn_f32_f16,9.348600,64x16x0,16x1x0,128x16x64x1
node_1178,kernel_transpose_32_16,0.010700,512x16x0,1x16x0,2048x64x1x1
node_1178,kernel_mul_mat_Ab_Bi_8x4,0.375200,8x512x1,1x128x1,2048x64x1x1
ffn_inp-18,kernel_add,0.021000,4096x1x1,64x1x1,2048x64x1x1
ffn_norm-18,kernel_rms_norm_mul,0.019600,65536x1x1,1024x1x1,2048x64x1x1
ffn_moe_logits-18,kernel_mul_mm_f32_f32_l4_lm,0.500600,128x1x1,128x1x1,64x64x1x1
ffn_moe_probs-18,kernel_soft_max_4,0.003600,4096x1x1,64x1x1,64x64x1x1
ffn_moe_argsort-18,kernel_argsort_f32_i32,0.015100,64x64x1,64x1x1,64x64x1x1
ffn_moe_weights-18,kernel_get_rows_f32,0.004400,384x64x1,64x1x1,1x6x64x1
ffn_moe_weights_scaled-18,kernel_scale,0.002000,96x1x1,64x1x1,1x6x64x1
ffn_moe_gate-18,kernel_mul_mv_id_q4_0_f32_8x_flat,9.150000,11264x1x384,64x1x1,1408x6x64x1
ffn_moe_up-18,kernel_mul_mv_id_q4_0_f32_8x_flat,9.206000,11264x1x384,64x1x1,1408x6x64x1
ffn_moe_weighted-18,kernel_swiglu,0.081800,196608x1x1,512x1x1,1408x6x64x1
ffn_moe_down-18,kernel_mul_mv_id_q4_0_f32_8x_flat,9.864300,16384x1x384,64x1x1,2048x6x64x1
node_1194,kernel_mul,0.098500,384x64x1,64x1x1,2048x6x64x1
ffn_gate-18,kernel_transpose_32_16,0.012000,512x16x0,1x16x0,2816x64x1x1
ffn_gate-18,kernel_mul_mat_Ab_Bi_8x4,0.383900,8x704x1,1x128x1,2816x64x1x1
ffn_up-18,kernel_transpose_32_16,0.010300,512x16x0,1x16x0,2816x64x1x1
ffn_up-18,kernel_mul_mat_Ab_Bi_8x4,0.385300,8x704x1,1x128x1,2816x64x1x1
ffn_swiglu-18,kernel_swiglu,0.023400,32768x1x1,512x1x1,2816x64x1x1
node_1204,kernel_add,0.024200,4096x1x1,64x1x1,2048x64x1x1
node_1205,kernel_add,0.016600,4096x1x1,64x1x1,2048x64x1x1
node_1206,kernel_add,0.017700,4096x1x1,64x1x1,2048x64x1x1
node_1207,kernel_add,0.017600,4096x1x1,64x1x1,2048x64x1x1
ffn_moe_out-18,kernel_add,0.017300,4096x1x1,64x1x1,2048x64x1x1
ffn_shexp-18,kernel_transpose_32_16,0.013700,704x16x0,1x16x0,2048x64x1x1
ffn_shexp-18,kernel_mul_mat_Ab_Bi_8x4,0.531200,8x512x1,1x128x1,2048x64x1x1
ffn_out-18,kernel_add,0.020700,4096x1x1,64x1x1,2048x64x1x1
l_out-18,kernel_add,0.018500,4096x1x1,64x1x1,2048x64x1x1
attn_norm-19,kernel_rms_norm_mul,0.019400,65536x1x1,1024x1x1,2048x64x1x1
q-19,kernel_transpose_32_16,0.009600,512x16x0,1x16x0,3072x64x1x1
q-19,kernel_mul_mat_Ab_Bi_8x4,0.389100,8x768x1,1x128x1,3072x64x1x1
q_pe-19,kernel_rope_norm_f32,0.011900,1024x64x1,64x1x1,64x16x64x1
Qcur-19,kernel_concat_f32_non_contiguous,0.345700,16x64x1,0x0x0,192x16x64x1
kv_cmpr_pe-19,kernel_transpose_32_16,0.010000,512x16x0,1x16x0,576x64x1x1
kv_cmpr_pe-19,kernel_mul_mat_Ab_Bi_8x4,0.317700,8x144x1,1x128x1,576x64x1x1
k_pe-19,kernel_rope_norm_f32,0.002600,64x64x1,64x1x1,64x1x64x1
node_1222,kernel_repeat,0.284400,16x64x1,0x0x0,64x16x64x1
kv_cmpr-19,kernel_rms_norm_mul,0.009800,32768x1x1,512x1x1,512x64x1x1
kv-19,kernel_transpose_32_16,0.004100,128x16x0,1x16x0,4096x64x1x1
kv-19,kernel_mul_mat_Ab_Bi_8x4,0.134700,8x1024x1,1x128x1,4096x64x1x1
Kcur-19,kernel_concat_f32_non_contiguous,0.412200,16x64x1,0x0x0,192x16x64x1
Vcur_cont-19,kernel_cpy_f32_f32,0.012800,1024x64x1,64x1x1,128x16x64x1
cache_k_l19 (view),kernel_set_rows_f16_i64,0.015500,65536x1x1,1024x1x1,3072x4096x1x1
cache_v_l19 (view),kernel_set_rows_f16_i64,0.011300,65536x1x1,1024x1x1,2048x4096x1x1
__fattn__-19,flash_attn_f32_f16,9.358800,64x16x0,16x1x0,128x16x64x1
node_1243,kernel_transpose_32_16,0.009700,512x16x0,1x16x0,2048x64x1x1
node_1243,kernel_mul_mat_Ab_Bi_8x4,0.380000,8x512x1,1x128x1,2048x64x1x1
ffn_inp-19,kernel_add,0.021000,4096x1x1,64x1x1,2048x64x1x1
ffn_norm-19,kernel_rms_norm_mul,0.019200,65536x1x1,1024x1x1,2048x64x1x1
ffn_moe_logits-19,kernel_mul_mm_f32_f32_l4_lm,0.510300,128x1x1,128x1x1,64x64x1x1
ffn_moe_probs-19,kernel_soft_max_4,0.003700,4096x1x1,64x1x1,64x64x1x1
ffn_moe_argsort-19,kernel_argsort_f32_i32,0.015400,64x64x1,64x1x1,64x64x1x1
ffn_moe_weights-19,kernel_get_rows_f32,0.004500,384x64x1,64x1x1,1x6x64x1
ffn_moe_weights_scaled-19,kernel_scale,0.001700,96x1x1,64x1x1,1x6x64x1
ffn_moe_gate-19,kernel_mul_mv_id_q4_0_f32_8x_flat,9.228100,11264x1x384,64x1x1,1408x6x64x1
ffn_moe_up-19,kernel_mul_mv_id_q4_0_f32_8x_flat,9.257300,11264x1x384,64x1x1,1408x6x64x1
ffn_moe_weighted-19,kernel_swiglu,0.081900,196608x1x1,512x1x1,1408x6x64x1
ffn_moe_down-19,kernel_mul_mv_id_q4_0_f32_8x_flat,9.866900,16384x1x384,64x1x1,2048x6x64x1
node_1259,kernel_mul,0.098900,384x64x1,64x1x1,2048x6x64x1
ffn_gate-19,kernel_transpose_32_16,0.011000,512x16x0,1x16x0,2816x64x1x1
ffn_gate-19,kernel_mul_mat_Ab_Bi_8x4,0.383300,8x704x1,1x128x1,2816x64x1x1
ffn_up-19,kernel_transpose_32_16,0.010000,512x16x0,1x16x0,2816x64x1x1
ffn_up-19,kernel_mul_mat_Ab_Bi_8x4,0.384400,8x704x1,1x128x1,2816x64x1x1
ffn_swiglu-19,kernel_swiglu,0.022800,32768x1x1,512x1x1,2816x64x1x1
node_1269,kernel_add,0.024300,4096x1x1,64x1x1,2048x64x1x1
node_1270,kernel_add,0.020900,4096x1x1,64x1x1,2048x64x1x1
node_1271,kernel_add,0.017300,4096x1x1,64x1x1,2048x64x1x1
node_1272,kernel_add,0.017300,4096x1x1,64x1x1,2048x64x1x1
ffn_moe_out-19,kernel_add,0.017500,4096x1x1,64x1x1,2048x64x1x1
ffn_shexp-19,kernel_transpose_32_16,0.012400,704x16x0,1x16x0,2048x64x1x1
ffn_shexp-19,kernel_mul_mat_Ab_Bi_8x4,0.527900,8x512x1,1x128x1,2048x64x1x1
ffn_out-19,kernel_add,0.020600,4096x1x1,64x1x1,2048x64x1x1
l_out-19,kernel_add,0.017900,4096x1x1,64x1x1,2048x64x1x1
attn_norm-20,kernel_rms_norm_mul,0.019000,65536x1x1,1024x1x1,2048x64x1x1
q-20,kernel_transpose_32_16,0.007100,512x16x0,1x16x0,3072x64x1x1
q-20,kernel_mul_mat_Ab_Bi_8x4,0.390500,8x768x1,1x128x1,3072x64x1x1
q_pe-20,kernel_rope_norm_f32,0.009300,1024x64x1,64x1x1,64x16x64x1
Qcur-20,kernel_concat_f32_non_contiguous,0.345600,16x64x1,0x0x0,192x16x64x1
kv_cmpr_pe-20,kernel_transpose_32_16,0.010800,512x16x0,1x16x0,576x64x1x1
kv_cmpr_pe-20,kernel_mul_mat_Ab_Bi_8x4,0.315900,8x144x1,1x128x1,576x64x1x1
k_pe-20,kernel_rope_norm_f32,0.002900,64x64x1,64x1x1,64x1x64x1
node_1287,kernel_repeat,0.286300,16x64x1,0x0x0,64x16x64x1
kv_cmpr-20,kernel_rms_norm_mul,0.010300,32768x1x1,512x1x1,512x64x1x1
kv-20,kernel_transpose_32_16,0.003900,128x16x0,1x16x0,4096x64x1x1
kv-20,kernel_mul_mat_Ab_Bi_8x4,0.133400,8x1024x1,1x128x1,4096x64x1x1
Kcur-20,kernel_concat_f32_non_contiguous,0.375600,16x64x1,0x0x0,192x16x64x1
Vcur_cont-20,kernel_cpy_f32_f32,0.013400,1024x64x1,64x1x1,128x16x64x1
cache_k_l20 (view),kernel_set_rows_f16_i64,0.015700,65536x1x1,1024x1x1,3072x4096x1x1
cache_v_l20 (view),kernel_set_rows_f16_i64,0.011600,65536x1x1,1024x1x1,2048x4096x1x1
__fattn__-20,flash_attn_f32_f16,9.359000,64x16x0,16x1x0,128x16x64x1
node_1308,kernel_transpose_32_16,0.009500,512x16x0,1x16x0,2048x64x1x1
node_1308,kernel_mul_mat_Ab_Bi_8x4,0.376500,8x512x1,1x128x1,2048x64x1x1
ffn_inp-20,kernel_add,0.017500,4096x1x1,64x1x1,2048x64x1x1
ffn_norm-20,kernel_rms_norm_mul,0.019400,65536x1x1,1024x1x1,2048x64x1x1
ffn_moe_logits-20,kernel_mul_mm_f32_f32_l4_lm,0.517200,128x1x1,128x1x1,64x64x1x1
ffn_moe_probs-20,kernel_soft_max_4,0.003700,4096x1x1,64x1x1,64x64x1x1
ffn_moe_argsort-20,kernel_argsort_f32_i32,0.015100,64x64x1,64x1x1,64x64x1x1
ffn_moe_weights-20,kernel_get_rows_f32,0.004100,384x64x1,64x1x1,1x6x64x1
ffn_moe_weights_scaled-20,kernel_scale,0.001900,96x1x1,64x1x1,1x6x64x1
ffn_moe_gate-20,kernel_mul_mv_id_q4_0_f32_8x_flat,9.156400,11264x1x384,64x1x1,1408x6x64x1
ffn_moe_up-20,kernel_mul_mv_id_q4_0_f32_8x_flat,9.149500,11264x1x384,64x1x1,1408x6x64x1
ffn_moe_weighted-20,kernel_swiglu,0.081600,196608x1x1,512x1x1,1408x6x64x1
ffn_moe_down-20,kernel_mul_mv_id_q4_0_f32_8x_flat,9.863000,16384x1x384,64x1x1,2048x6x64x1
node_1324,kernel_mul,0.100200,384x64x1,64x1x1,2048x6x64x1
ffn_gate-20,kernel_transpose_32_16,0.010500,512x16x0,1x16x0,2816x64x1x1
ffn_gate-20,kernel_mul_mat_Ab_Bi_8x4,0.382800,8x704x1,1x128x1,2816x64x1x1
ffn_up-20,kernel_transpose_32_16,0.009900,512x16x0,1x16x0,2816x64x1x1
ffn_up-20,kernel_mul_mat_Ab_Bi_8x4,0.382000,8x704x1,1x128x1,2816x64x1x1
ffn_swiglu-20,kernel_swiglu,0.021400,32768x1x1,512x1x1,2816x64x1x1
node_1334,kernel_add,0.023300,4096x1x1,64x1x1,2048x64x1x1
node_1335,kernel_add,0.020900,4096x1x1,64x1x1,2048x64x1x1
node_1336,kernel_add,0.017100,4096x1x1,64x1x1,2048x64x1x1
node_1337,kernel_add,0.017200,4096x1x1,64x1x1,2048x64x1x1
ffn_moe_out-20,kernel_add,0.017400,4096x1x1,64x1x1,2048x64x1x1
ffn_shexp-20,kernel_transpose_32_16,0.013300,704x16x0,1x16x0,2048x64x1x1
ffn_shexp-20,kernel_mul_mat_Ab_Bi_8x4,0.525500,8x512x1,1x128x1,2048x64x1x1
ffn_out-20,kernel_add,0.015800,4096x1x1,64x1x1,2048x64x1x1
l_out-20,kernel_add,0.018800,4096x1x1,64x1x1,2048x64x1x1
attn_norm-21,kernel_rms_norm_mul,0.019200,65536x1x1,1024x1x1,2048x64x1x1
q-21,kernel_transpose_32_16,0.006900,512x16x0,1x16x0,3072x64x1x1
q-21,kernel_mul_mat_Ab_Bi_8x4,0.387100,8x768x1,1x128x1,3072x64x1x1
q_pe-21,kernel_rope_norm_f32,0.012000,1024x64x1,64x1x1,64x16x64x1
Qcur-21,kernel_concat_f32_non_contiguous,0.346900,16x64x1,0x0x0,192x16x64x1
kv_cmpr_pe-21,kernel_transpose_32_16,0.010100,512x16x0,1x16x0,576x64x1x1
kv_cmpr_pe-21,kernel_mul_mat_Ab_Bi_8x4,0.315700,8x144x1,1x128x1,576x64x1x1
k_pe-21,kernel_rope_norm_f32,0.002800,64x64x1,64x1x1,64x1x64x1
node_1352,kernel_repeat,0.287300,16x64x1,0x0x0,64x16x64x1
kv_cmpr-21,kernel_rms_norm_mul,0.009900,32768x1x1,512x1x1,512x64x1x1
kv-21,kernel_transpose_32_16,0.004100,128x16x0,1x16x0,4096x64x1x1
kv-21,kernel_mul_mat_Ab_Bi_8x4,0.133800,8x1024x1,1x128x1,4096x64x1x1
Kcur-21,kernel_concat_f32_non_contiguous,0.390200,16x64x1,0x0x0,192x16x64x1
Vcur_cont-21,kernel_cpy_f32_f32,0.013500,1024x64x1,64x1x1,128x16x64x1
cache_k_l21 (view),kernel_set_rows_f16_i64,0.014600,65536x1x1,1024x1x1,3072x4096x1x1
cache_v_l21 (view),kernel_set_rows_f16_i64,0.011600,65536x1x1,1024x1x1,2048x4096x1x1
__fattn__-21,flash_attn_f32_f16,9.342800,64x16x0,16x1x0,128x16x64x1
node_1373,kernel_transpose_32_16,0.009600,512x16x0,1x16x0,2048x64x1x1
node_1373,kernel_mul_mat_Ab_Bi_8x4,0.378000,8x512x1,1x128x1,2048x64x1x1
ffn_inp-21,kernel_add,0.021400,4096x1x1,64x1x1,2048x64x1x1
ffn_norm-21,kernel_rms_norm_mul,0.019200,65536x1x1,1024x1x1,2048x64x1x1
ffn_moe_logits-21,kernel_mul_mm_f32_f32_l4_lm,0.506800,128x1x1,128x1x1,64x64x1x1
ffn_moe_probs-21,kernel_soft_max_4,0.003900,4096x1x1,64x1x1,64x64x1x1
ffn_moe_argsort-21,kernel_argsort_f32_i32,0.015100,64x64x1,64x1x1,64x64x1x1
ffn_moe_weights-21,kernel_get_rows_f32,0.004000,384x64x1,64x1x1,1x6x64x1
ffn_moe_weights_scaled-21,kernel_scale,0.001700,96x1x1,64x1x1,1x6x64x1
ffn_moe_gate-21,kernel_mul_mv_id_q4_0_f32_8x_flat,9.215700,11264x1x384,64x1x1,1408x6x64x1
ffn_moe_up-21,kernel_mul_mv_id_q4_0_f32_8x_flat,9.280300,11264x1x384,64x1x1,1408x6x64x1
ffn_moe_weighted-21,kernel_swiglu,0.083000,196608x1x1,512x1x1,1408x6x64x1
ffn_moe_down-21,kernel_mul_mv_id_q4_0_f32_8x_flat,9.894100,16384x1x384,64x1x1,2048x6x64x1
node_1389,kernel_mul,0.099700,384x64x1,64x1x1,2048x6x64x1
ffn_gate-21,kernel_transpose_32_16,0.011400,512x16x0,1x16x0,2816x64x1x1
ffn_gate-21,kernel_mul_mat_Ab_Bi_8x4,0.378000,8x704x1,1x128x1,2816x64x1x1
ffn_up-21,kernel_transpose_32_16,0.010500,512x16x0,1x16x0,2816x64x1x1
ffn_up-21,kernel_mul_mat_Ab_Bi_8x4,0.385300,8x704x1,1x128x1,2816x64x1x1
ffn_swiglu-21,kernel_swiglu,0.023900,32768x1x1,512x1x1,2816x64x1x1
node_1399,kernel_add,0.024400,4096x1x1,64x1x1,2048x64x1x1
node_1400,kernel_add,0.020100,4096x1x1,64x1x1,2048x64x1x1
node_1401,kernel_add,0.017800,4096x1x1,64x1x1,2048x64x1x1
node_1402,kernel_add,0.018700,4096x1x1,64x1x1,2048x64x1x1
ffn_moe_out-21,kernel_add,0.017600,4096x1x1,64x1x1,2048x64x1x1
ffn_shexp-21,kernel_transpose_32_16,0.013000,704x16x0,1x16x0,2048x64x1x1
ffn_shexp-21,kernel_mul_mat_Ab_Bi_8x4,0.525900,8x512x1,1x128x1,2048x64x1x1
ffn_out-21,kernel_add,0.021500,4096x1x1,64x1x1,2048x64x1x1
l_out-21,kernel_add,0.018100,4096x1x1,64x1x1,2048x64x1x1
attn_norm-22,kernel_rms_norm_mul,0.019000,65536x1x1,1024x1x1,2048x64x1x1
q-22,kernel_transpose_32_16,0.009300,512x16x0,1x16x0,3072x64x1x1
q-22,kernel_mul_mat_Ab_Bi_8x4,0.392300,8x768x1,1x128x1,3072x64x1x1
q_pe-22,kernel_rope_norm_f32,0.012200,1024x64x1,64x1x1,64x16x64x1
Qcur-22,kernel_concat_f32_non_contiguous,0.345800,16x64x1,0x0x0,192x16x64x1
kv_cmpr_pe-22,kernel_transpose_32_16,0.010000,512x16x0,1x16x0,576x64x1x1
kv_cmpr_pe-22,kernel_mul_mat_Ab_Bi_8x4,0.316300,8x144x1,1x128x1,576x64x1x1
k_pe-22,kernel_rope_norm_f32,0.002800,64x64x1,64x1x1,64x1x64x1
node_1417,kernel_repeat,0.284500,16x64x1,0x0x0,64x16x64x1
kv_cmpr-22,kernel_rms_norm_mul,0.009900,32768x1x1,512x1x1,512x64x1x1
kv-22,kernel_transpose_32_16,0.004000,128x16x0,1x16x0,4096x64x1x1
kv-22,kernel_mul_mat_Ab_Bi_8x4,0.133400,8x1024x1,1x128x1,4096x64x1x1
Kcur-22,kernel_concat_f32_non_contiguous,0.387400,16x64x1,0x0x0,192x16x64x1
Vcur_cont-22,kernel_cpy_f32_f32,0.014300,1024x64x1,64x1x1,128x16x64x1
cache_k_l22 (view),kernel_set_rows_f16_i64,0.015200,65536x1x1,1024x1x1,3072x4096x1x1
cache_v_l22 (view),kernel_set_rows_f16_i64,0.011400,65536x1x1,1024x1x1,2048x4096x1x1
__fattn__-22,flash_attn_f32_f16,9.356200,64x16x0,16x1x0,128x16x64x1
node_1438,kernel_transpose_32_16,0.009000,512x16x0,1x16x0,2048x64x1x1
node_1438,kernel_mul_mat_Ab_Bi_8x4,0.381200,8x512x1,1x128x1,2048x64x1x1
ffn_inp-22,kernel_add,0.021300,4096x1x1,64x1x1,2048x64x1x1
ffn_norm-22,kernel_rms_norm_mul,0.019300,65536x1x1,1024x1x1,2048x64x1x1
ffn_moe_logits-22,kernel_mul_mm_f32_f32_l4_lm,0.507400,128x1x1,128x1x1,64x64x1x1
ffn_moe_probs-22,kernel_soft_max_4,0.003700,4096x1x1,64x1x1,64x64x1x1
ffn_moe_argsort-22,kernel_argsort_f32_i32,0.015300,64x64x1,64x1x1,64x64x1x1
ffn_moe_weights-22,kernel_get_rows_f32,0.004200,384x64x1,64x1x1,1x6x64x1
ffn_moe_weights_scaled-22,kernel_scale,0.002000,96x1x1,64x1x1,1x6x64x1
ffn_moe_gate-22,kernel_mul_mv_id_q4_0_f32_8x_flat,9.187400,11264x1x384,64x1x1,1408x6x64x1
ffn_moe_up-22,kernel_mul_mv_id_q4_0_f32_8x_flat,9.161400,11264x1x384,64x1x1,1408x6x64x1
ffn_moe_weighted-22,kernel_swiglu,0.082000,196608x1x1,512x1x1,1408x6x64x1
ffn_moe_down-22,kernel_mul_mv_id_q4_0_f32_8x_flat,9.869900,16384x1x384,64x1x1,2048x6x64x1
node_1454,kernel_mul,0.099800,384x64x1,64x1x1,2048x6x64x1
ffn_gate-22,kernel_transpose_32_16,0.011700,512x16x0,1x16x0,2816x64x1x1
ffn_gate-22,kernel_mul_mat_Ab_Bi_8x4,0.385700,8x704x1,1x128x1,2816x64x1x1
ffn_up-22,kernel_transpose_32_16,0.009500,512x16x0,1x16x0,2816x64x1x1
ffn_up-22,kernel_mul_mat_Ab_Bi_8x4,0.386000,8x704x1,1x128x1,2816x64x1x1
ffn_swiglu-22,kernel_swiglu,0.024000,32768x1x1,512x1x1,2816x64x1x1
node_1464,kernel_add,0.024600,4096x1x1,64x1x1,2048x64x1x1
node_1465,kernel_add,0.021400,4096x1x1,64x1x1,2048x64x1x1
node_1466,kernel_add,0.017400,4096x1x1,64x1x1,2048x64x1x1
node_1467,kernel_add,0.017400,4096x1x1,64x1x1,2048x64x1x1
ffn_moe_out-22,kernel_add,0.017500,4096x1x1,64x1x1,2048x64x1x1
ffn_shexp-22,kernel_transpose_32_16,0.011500,704x16x0,1x16x0,2048x64x1x1
ffn_shexp-22,kernel_mul_mat_Ab_Bi_8x4,0.526800,8x512x1,1x128x1,2048x64x1x1
ffn_out-22,kernel_add,0.020900,4096x1x1,64x1x1,2048x64x1x1
l_out-22,kernel_add,0.018300,4096x1x1,64x1x1,2048x64x1x1
attn_norm-23,kernel_rms_norm_mul,0.019300,65536x1x1,1024x1x1,2048x64x1x1
q-23,kernel_transpose_32_16,0.006600,512x16x0,1x16x0,3072x64x1x1
q-23,kernel_mul_mat_Ab_Bi_8x4,0.389700,8x768x1,1x128x1,3072x64x1x1
q_pe-23,kernel_rope_norm_f32,0.012500,1024x64x1,64x1x1,64x16x64x1
Qcur-23,kernel_concat_f32_non_contiguous,0.343300,16x64x1,0x0x0,192x16x64x1
kv_cmpr_pe-23,kernel_transpose_32_16,0.009800,512x16x0,1x16x0,576x64x1x1
kv_cmpr_pe-23,kernel_mul_mat_Ab_Bi_8x4,0.316600,8x144x1,1x128x1,576x64x1x1
k_pe-23,kernel_rope_norm_f32,0.002900,64x64x1,64x1x1,64x1x64x1
node_1482,kernel_repeat,0.284800,16x64x1,0x0x0,64x16x64x1
kv_cmpr-23,kernel_rms_norm_mul,0.010700,32768x1x1,512x1x1,512x64x1x1
kv-23,kernel_transpose_32_16,0.003900,128x16x0,1x16x0,4096x64x1x1
kv-23,kernel_mul_mat_Ab_Bi_8x4,0.134700,8x1024x1,1x128x1,4096x64x1x1
Kcur-23,kernel_concat_f32_non_contiguous,0.405400,16x64x1,0x0x0,192x16x64x1
Vcur_cont-23,kernel_cpy_f32_f32,0.013600,1024x64x1,64x1x1,128x16x64x1
cache_k_l23 (view),kernel_set_rows_f16_i64,0.015700,65536x1x1,1024x1x1,3072x4096x1x1
cache_v_l23 (view),kernel_set_rows_f16_i64,0.011800,65536x1x1,1024x1x1,2048x4096x1x1
__fattn__-23,flash_attn_f32_f16,9.373100,64x16x0,16x1x0,128x16x64x1
node_1503,kernel_transpose_32_16,0.009600,512x16x0,1x16x0,2048x64x1x1
node_1503,kernel_mul_mat_Ab_Bi_8x4,0.378700,8x512x1,1x128x1,2048x64x1x1
ffn_inp-23,kernel_add,0.020900,4096x1x1,64x1x1,2048x64x1x1
ffn_norm-23,kernel_rms_norm_mul,0.019400,65536x1x1,1024x1x1,2048x64x1x1
ffn_moe_logits-23,kernel_mul_mm_f32_f32_l4_lm,0.517800,128x1x1,128x1x1,64x64x1x1
ffn_moe_probs-23,kernel_soft_max_4,0.003600,4096x1x1,64x1x1,64x64x1x1
ffn_moe_argsort-23,kernel_argsort_f32_i32,0.015000,64x64x1,64x1x1,64x64x1x1
ffn_moe_weights-23,kernel_get_rows_f32,0.004100,384x64x1,64x1x1,1x6x64x1
ffn_moe_weights_scaled-23,kernel_scale,0.002000,96x1x1,64x1x1,1x6x64x1
ffn_moe_gate-23,kernel_mul_mv_id_q4_0_f32_8x_flat,9.256400,11264x1x384,64x1x1,1408x6x64x1
ffn_moe_up-23,kernel_mul_mv_id_q4_0_f32_8x_flat,9.288000,11264x1x384,64x1x1,1408x6x64x1
ffn_moe_weighted-23,kernel_swiglu,0.083000,196608x1x1,512x1x1,1408x6x64x1
ffn_moe_down-23,kernel_mul_mv_id_q4_0_f32_8x_flat,9.896300,16384x1x384,64x1x1,2048x6x64x1
node_1519,kernel_mul,0.102000,384x64x1,64x1x1,2048x6x64x1
ffn_gate-23,kernel_transpose_32_16,0.010900,512x16x0,1x16x0,2816x64x1x1
ffn_gate-23,kernel_mul_mat_Ab_Bi_8x4,0.382500,8x704x1,1x128x1,2816x64x1x1
ffn_up-23,kernel_transpose_32_16,0.009500,512x16x0,1x16x0,2816x64x1x1
ffn_up-23,kernel_mul_mat_Ab_Bi_8x4,0.386300,8x704x1,1x128x1,2816x64x1x1
ffn_swiglu-23,kernel_swiglu,0.022400,32768x1x1,512x1x1,2816x64x1x1
node_1529,kernel_add,0.021100,4096x1x1,64x1x1,2048x64x1x1
node_1530,kernel_add,0.019600,4096x1x1,64x1x1,2048x64x1x1
node_1531,kernel_add,0.017400,4096x1x1,64x1x1,2048x64x1x1
node_1532,kernel_add,0.017600,4096x1x1,64x1x1,2048x64x1x1
ffn_moe_out-23,kernel_add,0.017200,4096x1x1,64x1x1,2048x64x1x1
ffn_shexp-23,kernel_transpose_32_16,0.012400,704x16x0,1x16x0,2048x64x1x1
ffn_shexp-23,kernel_mul_mat_Ab_Bi_8x4,0.532600,8x512x1,1x128x1,2048x64x1x1
ffn_out-23,kernel_add,0.021800,4096x1x1,64x1x1,2048x64x1x1
l_out-23,kernel_add,0.017000,4096x1x1,64x1x1,2048x64x1x1
attn_norm-24,kernel_rms_norm_mul,0.019500,65536x1x1,1024x1x1,2048x64x1x1
q-24,kernel_transpose_32_16,0.006600,512x16x0,1x16x0,3072x64x1x1
q-24,kernel_mul_mat_Ab_Bi_8x4,0.390300,8x768x1,1x128x1,3072x64x1x1
q_pe-24,kernel_rope_norm_f32,0.011900,1024x64x1,64x1x1,64x16x64x1
Qcur-24,kernel_concat_f32_non_contiguous,0.349900,16x64x1,0x0x0,192x16x64x1
kv_cmpr_pe-24,kernel_transpose_32_16,0.010400,512x16x0,1x16x0,576x64x1x1
kv_cmpr_pe-24,kernel_mul_mat_Ab_Bi_8x4,0.316700,8x144x1,1x128x1,576x64x1x1
k_pe-24,kernel_rope_norm_f32,0.003000,64x64x1,64x1x1,64x1x64x1
node_1547,kernel_repeat,0.283500,16x64x1,0x0x0,64x16x64x1
kv_cmpr-24,kernel_rms_norm_mul,0.009700,32768x1x1,512x1x1,512x64x1x1
kv-24,kernel_transpose_32_16,0.003800,128x16x0,1x16x0,4096x64x1x1
kv-24,kernel_mul_mat_Ab_Bi_8x4,0.134300,8x1024x1,1x128x1,4096x64x1x1
Kcur-24,kernel_concat_f32_non_contiguous,0.386600,16x64x1,0x0x0,192x16x64x1
Vcur_cont-24,kernel_cpy_f32_f32,0.013600,1024x64x1,64x1x1,128x16x64x1
cache_k_l24 (view),kernel_set_rows_f16_i64,0.015800,65536x1x1,1024x1x1,3072x4096x1x1
cache_v_l24 (view),kernel_set_rows_f16_i64,0.011000,65536x1x1,1024x1x1,2048x4096x1x1
__fattn__-24,flash_attn_f32_f16,9.382900,64x16x0,16x1x0,128x16x64x1
node_1568,kernel_transpose_32_16,0.009600,512x16x0,1x16x0,2048x64x1x1
node_1568,kernel_mul_mat_Ab_Bi_8x4,0.377200,8x512x1,1x128x1,2048x64x1x1
ffn_inp-24,kernel_add,0.021600,4096x1x1,64x1x1,2048x64x1x1
ffn_norm-24,kernel_rms_norm_mul,0.019300,65536x1x1,1024x1x1,2048x64x1x1
ffn_moe_logits-24,kernel_mul_mm_f32_f32_l4_lm,0.513000,128x1x1,128x1x1,64x64x1x1
ffn_moe_probs-24,kernel_soft_max_4,0.003600,4096x1x1,64x1x1,64x64x1x1
ffn_moe_argsort-24,kernel_argsort_f32_i32,0.015700,64x64x1,64x1x1,64x64x1x1
ffn_moe_weights-24,kernel_get_rows_f32,0.004100,384x64x1,64x1x1,1x6x64x1
ffn_moe_weights_scaled-24,kernel_scale,0.001800,96x1x1,64x1x1,1x6x64x1
ffn_moe_gate-24,kernel_mul_mv_id_q4_0_f32_8x_flat,9.205400,11264x1x384,64x1x1,1408x6x64x1
ffn_moe_up-24,kernel_mul_mv_id_q4_0_f32_8x_flat,9.224200,11264x1x384,64x1x1,1408x6x64x1
ffn_moe_weighted-24,kernel_swiglu,0.081600,196608x1x1,512x1x1,1408x6x64x1
ffn_moe_down-24,kernel_mul_mv_id_q4_0_f32_8x_flat,9.876600,16384x1x384,64x1x1,2048x6x64x1
node_1584,kernel_mul,0.101300,384x64x1,64x1x1,2048x6x64x1
ffn_gate-24,kernel_transpose_32_16,0.011000,512x16x0,1x16x0,2816x64x1x1
ffn_gate-24,kernel_mul_mat_Ab_Bi_8x4,0.380000,8x704x1,1x128x1,2816x64x1x1
ffn_up-24,kernel_transpose_32_16,0.010100,512x16x0,1x16x0,2816x64x1x1
ffn_up-24,kernel_mul_mat_Ab_Bi_8x4,0.383200,8x704x1,1x128x1,2816x64x1x1
ffn_swiglu-24,kernel_swiglu,0.023000,32768x1x1,512x1x1,2816x64x1x1
node_1594,kernel_add,0.024200,4096x1x1,64x1x1,2048x64x1x1
node_1595,kernel_add,0.020500,4096x1x1,64x1x1,2048x64x1x1
node_1596,kernel_add,0.017200,4096x1x1,64x1x1,2048x64x1x1
node_1597,kernel_add,0.016600,4096x1x1,64x1x1,2048x64x1x1
ffn_moe_out-24,kernel_add,0.017900,4096x1x1,64x1x1,2048x64x1x1
ffn_shexp-24,kernel_transpose_32_16,0.013200,704x16x0,1x16x0,2048x64x1x1
ffn_shexp-24,kernel_mul_mat_Ab_Bi_8x4,0.527200,8x512x1,1x128x1,2048x64x1x1
ffn_out-24,kernel_add,0.020100,4096x1x1,64x1x1,2048x64x1x1
l_out-24,kernel_add,0.018100,4096x1x1,64x1x1,2048x64x1x1
attn_norm-25,kernel_rms_norm_mul,0.019600,65536x1x1,1024x1x1,2048x64x1x1
q-25,kernel_transpose_32_16,0.006500,512x16x0,1x16x0,3072x64x1x1
q-25,kernel_mul_mat_Ab_Bi_8x4,0.387700,8x768x1,1x128x1,3072x64x1x1
q_pe-25,kernel_rope_norm_f32,0.012500,1024x64x1,64x1x1,64x16x64x1
Qcur-25,kernel_concat_f32_non_contiguous,0.344300,16x64x1,0x0x0,192x16x64x1
kv_cmpr_pe-25,kernel_transpose_32_16,0.010300,512x16x0,1x16x0,576x64x1x1
kv_cmpr_pe-25,kernel_mul_mat_Ab_Bi_8x4,0.317200,8x144x1,1x128x1,576x64x1x1
k_pe-25,kernel_rope_norm_f32,0.002700,64x64x1,64x1x1,64x1x64x1
node_1612,kernel_repeat,0.287800,16x64x1,0x0x0,64x16x64x1
kv_cmpr-25,kernel_rms_norm_mul,0.010200,32768x1x1,512x1x1,512x64x1x1
kv-25,kernel_transpose_32_16,0.004200,128x16x0,1x16x0,4096x64x1x1
kv-25,kernel_mul_mat_Ab_Bi_8x4,0.134600,8x1024x1,1x128x1,4096x64x1x1
Kcur-25,kernel_concat_f32_non_contiguous,0.392400,16x64x1,0x0x0,192x16x64x1
Vcur_cont-25,kernel_cpy_f32_f32,0.013700,1024x64x1,64x1x1,128x16x64x1
cache_k_l25 (view),kernel_set_rows_f16_i64,0.015700,65536x1x1,1024x1x1,3072x4096x1x1
cache_v_l25 (view),kernel_set_rows_f16_i64,0.011800,65536x1x1,1024x1x1,2048x4096x1x1
__fattn__-25,flash_attn_f32_f16,9.347000,64x16x0,16x1x0,128x16x64x1
node_1633,kernel_transpose_32_16,0.009800,512x16x0,1x16x0,2048x64x1x1
node_1633,kernel_mul_mat_Ab_Bi_8x4,0.382900,8x512x1,1x128x1,2048x64x1x1
ffn_inp-25,kernel_add,0.021900,4096x1x1,64x1x1,2048x64x1x1
ffn_norm-25,kernel_rms_norm_mul,0.019600,65536x1x1,1024x1x1,2048x64x1x1
ffn_moe_logits-25,kernel_mul_mm_f32_f32_l4_lm,0.510300,128x1x1,128x1x1,64x64x1x1
ffn_moe_probs-25,kernel_soft_max_4,0.003700,4096x1x1,64x1x1,64x64x1x1
ffn_moe_argsort-25,kernel_argsort_f32_i32,0.015200,64x64x1,64x1x1,64x64x1x1
ffn_moe_weights-25,kernel_get_rows_f32,0.004000,384x64x1,64x1x1,1x6x64x1
ffn_moe_weights_scaled-25,kernel_scale,0.001800,96x1x1,64x1x1,1x6x64x1
ffn_moe_gate-25,kernel_mul_mv_id_q4_0_f32_8x_flat,9.265100,11264x1x384,64x1x1,1408x6x64x1
ffn_moe_up-25,kernel_mul_mv_id_q4_0_f32_8x_flat,9.297300,11264x1x384,64x1x1,1408x6x64x1
ffn_moe_weighted-25,kernel_swiglu,0.082200,196608x1x1,512x1x1,1408x6x64x1
ffn_moe_down-25,kernel_mul_mv_id_q4_0_f32_8x_flat,9.891400,16384x1x384,64x1x1,2048x6x64x1
node_1649,kernel_mul,0.099900,384x64x1,64x1x1,2048x6x64x1
ffn_gate-25,kernel_transpose_32_16,0.012100,512x16x0,1x16x0,2816x64x1x1
ffn_gate-25,kernel_mul_mat_Ab_Bi_8x4,0.386500,8x704x1,1x128x1,2816x64x1x1
ffn_up-25,kernel_transpose_32_16,0.010000,512x16x0,1x16x0,2816x64x1x1
ffn_up-25,kernel_mul_mat_Ab_Bi_8x4,0.386600,8x704x1,1x128x1,2816x64x1x1
ffn_swiglu-25,kernel_swiglu,0.022800,32768x1x1,512x1x1,2816x64x1x1
node_1659,kernel_add,0.024400,4096x1x1,64x1x1,2048x64x1x1
node_1660,kernel_add,0.020900,4096x1x1,64x1x1,2048x64x1x1
node_1661,kernel_add,0.017800,4096x1x1,64x1x1,2048x64x1x1
node_1662,kernel_add,0.017300,4096x1x1,64x1x1,2048x64x1x1
ffn_moe_out-25,kernel_add,0.017200,4096x1x1,64x1x1,2048x64x1x1
ffn_shexp-25,kernel_transpose_32_16,0.012500,704x16x0,1x16x0,2048x64x1x1
ffn_shexp-25,kernel_mul_mat_Ab_Bi_8x4,0.524100,8x512x1,1x128x1,2048x64x1x1
ffn_out-25,kernel_add,0.020800,4096x1x1,64x1x1,2048x64x1x1
l_out-25,kernel_add,0.018600,4096x1x1,64x1x1,2048x64x1x1
attn_norm-26,kernel_rms_norm_mul,0.018900,65536x1x1,1024x1x1,2048x64x1x1
q-26,kernel_transpose_32_16,0.007000,512x16x0,1x16x0,3072x64x1x1
q-26,kernel_mul_mat_Ab_Bi_8x4,0.391500,8x768x1,1x128x1,3072x64x1x1
q_pe-26,kernel_rope_norm_f32,0.011600,1024x64x1,64x1x1,64x16x64x1
Qcur-26,kernel_concat_f32_non_contiguous,0.349000,16x64x1,0x0x0,192x16x64x1
kv_cmpr_pe-26,kernel_transpose_32_16,0.009300,512x16x0,1x16x0,576x64x1x1
kv_cmpr_pe-26,kernel_mul_mat_Ab_Bi_8x4,0.315600,8x144x1,1x128x1,576x64x1x1
k_pe-26,kernel_rope_norm_f32,0.002800,64x64x1,64x1x1,64x1x64x1
node_1677,kernel_repeat,0.284300,16x64x1,0x0x0,64x16x64x1
kv_cmpr-26,kernel_rms_norm_mul,0.009900,32768x1x1,512x1x1,512x64x1x1
kv-26,kernel_transpose_32_16,0.004000,128x16x0,1x16x0,4096x64x1x1
kv-26,kernel_mul_mat_Ab_Bi_8x4,0.135800,8x1024x1,1x128x1,4096x64x1x1
Kcur-26,kernel_concat_f32_non_contiguous,0.390100,16x64x1,0x0x0,192x16x64x1
Vcur_cont-26,kernel_cpy_f32_f32,0.010300,1024x64x1,64x1x1,128x16x64x1
cache_k_l26 (view),kernel_set_rows_f16_i64,0.015900,65536x1x1,1024x1x1,3072x4096x1x1
cache_v_l26 (view),kernel_set_rows_f16_i64,0.011600,65536x1x1,1024x1x1,2048x4096x1x1
__fattn__-26,flash_attn_f32_f16,9.341300,64x16x0,16x1x0,128x16x64x1
node_1698,kernel_transpose_32_16,0.009400,512x16x0,1x16x0,2048x64x1x1
node_1698,kernel_mul_mat_Ab_Bi_8x4,0.373800,8x512x1,1x128x1,2048x64x1x1
attn_norm-0,kernel_rms_norm_mul,0.021800,65536x1x1,1024x1x1,2048x64x1x1
q-0,kernel_transpose_32_16,0.010200,512x16x0,1x16x0,3072x64x1x1
q-0,kernel_mul_mat_Ab_Bi_8x4,0.390000,8x768x1,1x128x1,3072x64x1x1
q_pe-0,kernel_rope_norm_f32,0.012700,1024x64x1,64x1x1,64x16x64x1
Qcur-0,kernel_concat_f32_non_contiguous,0.344700,16x64x1,0x0x0,192x16x64x1
kv_cmpr_pe-0,kernel_transpose_32_16,0.010300,512x16x0,1x16x0,576x64x1x1
kv_cmpr_pe-0,kernel_mul_mat_Ab_Bi_8x4,0.316800,8x144x1,1x128x1,576x64x1x1
k_pe-0,kernel_rope_norm_f32,0.002800,64x64x1,64x1x1,64x1x64x1
node_11,kernel_repeat,0.283800,16x64x1,0x0x0,64x16x64x1
kv_cmpr-0,kernel_rms_norm_mul,0.009800,32768x1x1,512x1x1,512x64x1x1
kv-0,kernel_transpose_32_16,0.003900,128x16x0,1x16x0,4096x64x1x1
kv-0,kernel_mul_mat_Ab_Bi_8x4,0.133400,8x1024x1,1x128x1,4096x64x1x1
Kcur-0,kernel_concat_f32_non_contiguous,0.388700,16x64x1,0x0x0,192x16x64x1
Vcur_cont-0,kernel_cpy_f32_f32,0.014400,1024x64x1,64x1x1,128x16x64x1
cache_k_l0 (view),kernel_set_rows_f16_i64,0.015700,65536x1x1,1024x1x1,3072x4096x1x1
cache_v_l0 (view),kernel_set_rows_f16_i64,0.011500,65536x1x1,1024x1x1,2048x4096x1x1
 (copy),kernel_cpy_f32_f16,0.005400,4096x1x1,64x1x1,512x64x1x1
__fattn__-0,flash_attn_f32_f16,9.366600,64x16x0,16x1x0,128x16x64x1
node_33,kernel_transpose_32_16,0.009800,512x16x0,1x16x0,2048x64x1x1
node_33,kernel_mul_mat_Ab_Bi_8x4,0.384400,8x512x1,1x128x1,2048x64x1x1
ffn_inp-0,kernel_add,0.022100,4096x1x1,64x1x1,2048x64x1x1
ffn_norm-0,kernel_rms_norm_mul,0.019300,65536x1x1,1024x1x1,2048x64x1x1
ffn_gate-0,kernel_transpose_32_16,0.010000,512x16x0,1x16x0,10944x64x1x1
ffn_gate-0,kernel_mul_mat_Ab_Bi_8x4,1.158300,8x2736x1,1x128x1,10944x64x1x1
ffn_up-0,kernel_transpose_32_16,0.010900,512x16x0,1x16x0,10944x64x1x1
ffn_up-0,kernel_mul_mat_Ab_Bi_8x4,1.160400,8x2736x1,1x128x1,10944x64x1x1
ffn_swiglu-0,kernel_swiglu,0.112000,32768x1x1,512x1x1,10944x64x1x1
ffn_out-0,kernel_transpose_32_16,0.041600,2736x16x0,1x16x0,2048x64x1x1
ffn_out-0,kernel_mul_mat_Ab_Bi_8x4,1.928000,8x512x1,1x128x1,2048x64x1x1
l_out-0,kernel_add,0.021500,4096x1x1,64x1x1,2048x64x1x1
attn_norm-1,kernel_rms_norm_mul,0.019500,65536x1x1,1024x1x1,2048x64x1x1
q-1,kernel_transpose_32_16,0.006900,512x16x0,1x16x0,3072x64x1x1
q-1,kernel_mul_mat_Ab_Bi_8x4,0.387400,8x768x1,1x128x1,3072x64x1x1
q_pe-1,kernel_rope_norm_f32,0.012700,1024x64x1,64x1x1,64x16x64x1
Qcur-1,kernel_concat_f32_non_contiguous,0.347000,16x64x1,0x0x0,192x16x64x1
kv_cmpr_pe-1,kernel_transpose_32_16,0.010700,512x16x0,1x16x0,576x64x1x1
kv_cmpr_pe-1,kernel_mul_mat_Ab_Bi_8x4,0.317100,8x144x1,1x128x1,576x64x1x1
k_pe-1,kernel_rope_norm_f32,0.002600,64x64x1,64x1x1,64x1x64x1
node_52,kernel_repeat,0.284600,16x64x1,0x0x0,64x16x64x1
kv_cmpr-1,kernel_rms_norm_mul,0.010100,32768x1x1,512x1x1,512x64x1x1
kv-1,kernel_transpose_32_16,0.004200,128x16x0,1x16x0,4096x64x1x1
kv-1,kernel_mul_mat_Ab_Bi_8x4,0.133900,8x1024x1,1x128x1,4096x64x1x1
Kcur-1,kernel_concat_f32_non_contiguous,0.391000,16x64x1,0x0x0,192x16x64x1
Vcur_cont-1,kernel_cpy_f32_f32,0.013700,1024x64x1,64x1x1,128x16x64x1
cache_k_l1 (view),kernel_set_rows_f16_i64,0.016000,65536x1x1,1024x1x1,3072x4096x1x1
cache_v_l1 (view),kernel_set_rows_f16_i64,0.011500,65536x1x1,1024x1x1,2048x4096x1x1
__fattn__-1,flash_attn_f32_f16,9.380200,64x16x0,16x1x0,128x16x64x1
node_73,kernel_transpose_32_16,0.009600,512x16x0,1x16x0,2048x64x1x1
node_73,kernel_mul_mat_Ab_Bi_8x4,0.391300,8x512x1,1x128x1,2048x64x1x1
ffn_inp-1,kernel_add,0.021100,4096x1x1,64x1x1,2048x64x1x1
ffn_norm-1,kernel_rms_norm_mul,0.019500,65536x1x1,1024x1x1,2048x64x1x1
ffn_moe_logits-1,kernel_mul_mm_f32_f32_l4_lm,0.503600,128x1x1,128x1x1,64x64x1x1
ffn_moe_probs-1,kernel_soft_max_4,0.003700,4096x1x1,64x1x1,64x64x1x1
ffn_moe_argsort-1,kernel_argsort_f32_i32,0.015100,64x64x1,64x1x1,64x64x1x1
ffn_moe_weights-1,kernel_get_rows_f32,0.004100,384x64x1,64x1x1,1x6x64x1
ffn_moe_weights_scaled-1,kernel_scale,0.001700,96x1x1,64x1x1,1x6x64x1
ffn_moe_gate-1,kernel_mul_mv_id_q4_0_f32_8x_flat,9.152500,11264x1x384,64x1x1,1408x6x64x1
ffn_moe_up-1,kernel_mul_mv_id_q4_0_f32_8x_flat,9.237600,11264x1x384,64x1x1,1408x6x64x1
ffn_moe_weighted-1,kernel_swiglu,0.082500,196608x1x1,512x1x1,1408x6x64x1
ffn_moe_down-1,kernel_mul_mv_id_q4_0_f32_8x_flat,9.858100,16384x1x384,64x1x1,2048x6x64x1
node_89,kernel_mul,0.100300,384x64x1,64x1x1,2048x6x64x1
ffn_gate-1,kernel_transpose_32_16,0.010600,512x16x0,1x16x0,2816x64x1x1
ffn_gate-1,kernel_mul_mat_Ab_Bi_8x4,0.383300,8x704x1,1x128x1,2816x64x1x1
ffn_up-1,kernel_transpose_32_16,0.010000,512x16x0,1x16x0,2816x64x1x1
ffn_up-1,kernel_mul_mat_Ab_Bi_8x4,0.385700,8x704x1,1x128x1,2816x64x1x1
ffn_swiglu-1,kernel_swiglu,0.023100,32768x1x1,512x1x1,2816x64x1x1
node_99,kernel_add,0.024300,4096x1x1,64x1x1,2048x64x1x1
node_100,kernel_add,0.020800,4096x1x1,64x1x1,2048x64x1x1
node_101,kernel_add,0.017400,4096x1x1,64x1x1,2048x64x1x1
node_102,kernel_add,0.017200,4096x1x1,64x1x1,2048x64x1x1
ffn_moe_out-1,kernel_add,0.017500,4096x1x1,64x1x1,2048x64x1x1
ffn_shexp-1,kernel_transpose_32_16,0.012900,704x16x0,1x16x0,2048x64x1x1
ffn_shexp-1,kernel_mul_mat_Ab_Bi_8x4,0.534700,8x512x1,1x128x1,2048x64x1x1
ffn_out-1,kernel_add,0.021400,4096x1x1,64x1x1,2048x64x1x1
l_out-1,kernel_add,0.018000,4096x1x1,64x1x1,2048x64x1x1
attn_norm-2,kernel_rms_norm_mul,0.019000,65536x1x1,1024x1x1,2048x64x1x1
q-2,kernel_transpose_32_16,0.006900,512x16x0,1x16x0,3072x64x1x1
q-2,kernel_mul_mat_Ab_Bi_8x4,0.389200,8x768x1,1x128x1,3072x64x1x1
q_pe-2,kernel_rope_norm_f32,0.011900,1024x64x1,64x1x1,64x16x64x1
Qcur-2,kernel_concat_f32_non_contiguous,0.345300,16x64x1,0x0x0,192x16x64x1
kv_cmpr_pe-2,kernel_transpose_32_16,0.009600,512x16x0,1x16x0,576x64x1x1
kv_cmpr_pe-2,kernel_mul_mat_Ab_Bi_8x4,0.315800,8x144x1,1x128x1,576x64x1x1
k_pe-2,kernel_rope_norm_f32,0.002800,64x64x1,64x1x1,64x1x64x1
node_117,kernel_repeat,0.284800,16x64x1,0x0x0,64x16x64x1
kv_cmpr-2,kernel_rms_norm_mul,0.009700,32768x1x1,512x1x1,512x64x1x1
kv-2,kernel_transpose_32_16,0.003900,128x16x0,1x16x0,4096x64x1x1
kv-2,kernel_mul_mat_Ab_Bi_8x4,0.134100,8x1024x1,1x128x1,4096x64x1x1
Kcur-2,kernel_concat_f32_non_contiguous,0.413700,16x64x1,0x0x0,192x16x64x1
Vcur_cont-2,kernel_cpy_f32_f32,0.010200,1024x64x1,64x1x1,128x16x64x1
cache_k_l2 (view),kernel_set_rows_f16_i64,0.015900,65536x1x1,1024x1x1,3072x4096x1x1
cache_v_l2 (view),kernel_set_rows_f16_i64,0.011900,65536x1x1,1024x1x1,2048x4096x1x1
__fattn__-2,flash_attn_f32_f16,9.365400,64x16x0,16x1x0,128x16x64x1
node_138,kernel_transpose_32_16,0.009600,512x16x0,1x16x0,2048x64x1x1
node_138,kernel_mul_mat_Ab_Bi_8x4,0.382700,8x512x1,1x128x1,2048x64x1x1
ffn_inp-2,kernel_add,0.021800,4096x1x1,64x1x1,2048x64x1x1
ffn_norm-2,kernel_rms_norm_mul,0.019300,65536x1x1,1024x1x1,2048x64x1x1
ffn_moe_logits-2,kernel_mul_mm_f32_f32_l4_lm,0.495500,128x1x1,128x1x1,64x64x1x1
ffn_moe_probs-2,kernel_soft_max_4,0.003600,4096x1x1,64x1x1,64x64x1x1
ffn_moe_argsort-2,kernel_argsort_f32_i32,0.015100,64x64x1,64x1x1,64x64x1x1
ffn_moe_weights-2,kernel_get_rows_f32,0.004600,384x64x1,64x1x1,1x6x64x1
ffn_moe_weights_scaled-2,kernel_scale,0.001800,96x1x1,64x1x1,1x6x64x1
ffn_moe_gate-2,kernel_mul_mv_id_q4_0_f32_8x_flat,9.195600,11264x1x384,64x1x1,1408x6x64x1
ffn_moe_up-2,kernel_mul_mv_id_q4_0_f32_8x_flat,9.217200,11264x1x384,64x1x1,1408x6x64x1
ffn_moe_weighted-2,kernel_swiglu,0.081900,196608x1x1,512x1x1,1408x6x64x1
ffn_moe_down-2,kernel_mul_mv_id_q4_0_f32_8x_flat,9.859500,16384x1x384,64x1x1,2048x6x64x1
node_154,kernel_mul,0.099800,384x64x1,64x1x1,2048x6x64x1
ffn_gate-2,kernel_transpose_32_16,0.010900,512x16x0,1x16x0,2816x64x1x1
ffn_gate-2,kernel_mul_mat_Ab_Bi_8x4,0.383500,8x704x1,1x128x1,2816x64x1x1
ffn_up-2,kernel_transpose_32_16,0.009800,512x16x0,1x16x0,2816x64x1x1
ffn_up-2,kernel_mul_mat_Ab_Bi_8x4,0.384900,8x704x1,1x128x1,2816x64x1x1
ffn_swiglu-2,kernel_swiglu,0.023600,32768x1x1,512x1x1,2816x64x1x1
node_164,kernel_add,0.024400,4096x1x1,64x1x1,2048x64x1x1
node_165,kernel_add,0.016900,4096x1x1,64x1x1,2048x64x1x1
node_166,kernel_add,0.017600,4096x1x1,64x1x1,2048x64x1x1
node_167,kernel_add,0.018100,4096x1x1,64x1x1,2048x64x1x1
ffn_moe_out-2,kernel_add,0.017000,4096x1x1,64x1x1,2048x64x1x1
ffn_shexp-2,kernel_transpose_32_16,0.013700,704x16x0,1x16x0,2048x64x1x1
ffn_shexp-2,kernel_mul_mat_Ab_Bi_8x4,0.531100,8x512x1,1x128x1,2048x64x1x1
ffn_out-2,kernel_add,0.020700,4096x1x1,64x1x1,2048x64x1x1
l_out-2,kernel_add,0.018400,4096x1x1,64x1x1,2048x64x1x1
attn_norm-3,kernel_rms_norm_mul,0.019400,65536x1x1,1024x1x1,2048x64x1x1
q-3,kernel_transpose_32_16,0.009900,512x16x0,1x16x0,3072x64x1x1
q-3,kernel_mul_mat_Ab_Bi_8x4,0.390600,8x768x1,1x128x1,3072x64x1x1
q_pe-3,kernel_rope_norm_f32,0.012200,1024x64x1,64x1x1,64x16x64x1
Qcur-3,kernel_concat_f32_non_contiguous,0.349400,16x64x1,0x0x0,192x16x64x1
kv_cmpr_pe-3,kernel_transpose_32_16,0.010400,512x16x0,1x16x0,576x64x1x1
kv_cmpr_pe-3,kernel_mul_mat_Ab_Bi_8x4,0.315600,8x144x1,1x128x1,576x64x1x1
k_pe-3,kernel_rope_norm_f32,0.002600,64x64x1,64x1x1,64x1x64x1
node_182,kernel_repeat,0.283900,16x64x1,0x0x0,64x16x64x1
kv_cmpr-3,kernel_rms_norm_mul,0.009700,32768x1x1,512x1x1,512x64x1x1
kv-3,kernel_transpose_32_16,0.003900,128x16x0,1x16x0,4096x64x1x1
kv-3,kernel_mul_mat_Ab_Bi_8x4,0.134300,8x1024x1,1x128x1,4096x64x1x1
Kcur-3,kernel_concat_f32_non_contiguous,0.392400,16x64x1,0x0x0,192x16x64x1
Vcur_cont-3,kernel_cpy_f32_f32,0.013500,1024x64x1,64x1x1,128x16x64x1
cache_k_l3 (view),kernel_set_rows_f16_i64,0.016600,65536x1x1,1024x1x1,3072x4096x1x1
cache_v_l3 (view),kernel_set_rows_f16_i64,0.011800,65536x1x1,1024x1x1,2048x4096x1x1
__fattn__-3,flash_attn_f32_f16,9.458200,64x16x0,16x1x0,128x16x64x1
node_203,kernel_transpose_32_16,0.009400,512x16x0,1x16x0,2048x64x1x1
node_203,kernel_mul_mat_Ab_Bi_8x4,0.374300,8x512x1,1x128x1,2048x64x1x1
ffn_inp-3,kernel_add,0.020400,4096x1x1,64x1x1,2048x64x1x1
ffn_norm-3,kernel_rms_norm_mul,0.019200,65536x1x1,1024x1x1,2048x64x1x1
ffn_moe_logits-3,kernel_mul_mm_f32_f32_l4_lm,0.505100,128x1x1,128x1x1,64x64x1x1
ffn_moe_probs-3,kernel_soft_max_4,0.003600,4096x1x1,64x1x1,64x64x1x1
ffn_moe_argsort-3,kernel_argsort_f32_i32,0.015000,64x64x1,64x1x1,64x64x1x1
ffn_moe_weights-3,kernel_get_rows_f32,0.004500,384x64x1,64x1x1,1x6x64x1
ffn_moe_weights_scaled-3,kernel_scale,0.001800,96x1x1,64x1x1,1x6x64x1
ffn_moe_gate-3,kernel_mul_mv_id_q4_0_f32_8x_flat,9.178100,11264x1x384,64x1x1,1408x6x64x1
ffn_moe_up-3,kernel_mul_mv_id_q4_0_f32_8x_flat,9.122100,11264x1x384,64x1x1,1408x6x64x1
ffn_moe_weighted-3,kernel_swiglu,0.082300,196608x1x1,512x1x1,1408x6x64x1
ffn_moe_down-3,kernel_mul_mv_id_q4_0_f32_8x_flat,9.855500,16384x1x384,64x1x1,2048x6x64x1
node_219,kernel_mul,0.100600,384x64x1,64x1x1,2048x6x64x1
ffn_gate-3,kernel_transpose_32_16,0.010900,512x16x0,1x16x0,2816x64x1x1
ffn_gate-3,kernel_mul_mat_Ab_Bi_8x4,0.386000,8x704x1,1x128x1,2816x64x1x1
ffn_up-3,kernel_transpose_32_16,0.009900,512x16x0,1x16x0,2816x64x1x1
ffn_up-3,kernel_mul_mat_Ab_Bi_8x4,0.382700,8x704x1,1x128x1,2816x64x1x1
ffn_swiglu-3,kernel_swiglu,0.023700,32768x1x1,512x1x1,2816x64x1x1
node_229,kernel_add,0.024300,4096x1x1,64x1x1,2048x64x1x1
node_230,kernel_add,0.020300,4096x1x1,64x1x1,2048x64x1x1
node_231,kernel_add,0.017800,4096x1x1,64x1x1,2048x64x1x1
node_232,kernel_add,0.017600,4096x1x1,64x1x1,2048x64x1x1
ffn_moe_out-3,kernel_add,0.017700,4096x1x1,64x1x1,2048x64x1x1
ffn_shexp-3,kernel_transpose_32_16,0.013100,704x16x0,1x16x0,2048x64x1x1
ffn_shexp-3,kernel_mul_mat_Ab_Bi_8x4,0.527000,8x512x1,1x128x1,2048x64x1x1
ffn_out-3,kernel_add,0.021400,4096x1x1,64x1x1,2048x64x1x1
l_out-3,kernel_add,0.018300,4096x1x1,64x1x1,2048x64x1x1
attn_norm-4,kernel_rms_norm_mul,0.019100,65536x1x1,1024x1x1,2048x64x1x1
q-4,kernel_transpose_32_16,0.007200,512x16x0,1x16x0,3072x64x1x1
q-4,kernel_mul_mat_Ab_Bi_8x4,0.393200,8x768x1,1x128x1,3072x64x1x1
q_pe-4,kernel_rope_norm_f32,0.009400,1024x64x1,64x1x1,64x16x64x1
Qcur-4,kernel_concat_f32_non_contiguous,0.342800,16x64x1,0x0x0,192x16x64x1
kv_cmpr_pe-4,kernel_transpose_32_16,0.010700,512x16x0,1x16x0,576x64x1x1
kv_cmpr_pe-4,kernel_mul_mat_Ab_Bi_8x4,0.318400,8x144x1,1x128x1,576x64x1x1
k_pe-4,kernel_rope_norm_f32,0.002600,64x64x1,64x1x1,64x1x64x1
node_247,kernel_repeat,0.285400,16x64x1,0x0x0,64x16x64x1
kv_cmpr-4,kernel_rms_norm_mul,0.010500,32768x1x1,512x1x1,512x64x1x1
kv-4,kernel_transpose_32_16,0.004000,128x16x0,1x16x0,4096x64x1x1
kv-4,kernel_mul_mat_Ab_Bi_8x4,0.134300,8x1024x1,1x128x1,4096x64x1x1
Kcur-4,kernel_concat_f32_non_contiguous,0.390000,16x64x1,0x0x0,192x16x64x1
Vcur_cont-4,kernel_cpy_f32_f32,0.014200,1024x64x1,64x1x1,128x16x64x1
cache_k_l4 (view),kernel_set_rows_f16_i64,0.015200,65536x1x1,1024x1x1,3072x4096x1x1
cache_v_l4 (view),kernel_set_rows_f16_i64,0.011200,65536x1x1,1024x1x1,2048x4096x1x1
__fattn__-4,flash_attn_f32_f16,9.382600,64x16x0,16x1x0,128x16x64x1
node_268,kernel_transpose_32_16,0.009400,512x16x0,1x16x0,2048x64x1x1
node_268,kernel_mul_mat_Ab_Bi_8x4,0.375100,8x512x1,1x128x1,2048x64x1x1
ffn_inp-4,kernel_add,0.016900,4096x1x1,64x1x1,2048x64x1x1
ffn_norm-4,kernel_rms_norm_mul,0.019400,65536x1x1,1024x1x1,2048x64x1x1
ffn_moe_logits-4,kernel_mul_mm_f32_f32_l4_lm,0.503100,128x1x1,128x1x1,64x64x1x1
ffn_moe_probs-4,kernel_soft_max_4,0.003700,4096x1x1,64x1x1,64x64x1x1
ffn_moe_argsort-4,kernel_argsort_f32_i32,0.015000,64x64x1,64x1x1,64x64x1x1
ffn_moe_weights-4,kernel_get_rows_f32,0.004300,384x64x1,64x1x1,1x6x64x1
ffn_moe_weights_scaled-4,kernel_scale,0.001800,96x1x1,64x1x1,1x6x64x1
ffn_moe_gate-4,kernel_mul_mv_id_q4_0_f32_8x_flat,9.160800,11264x1x384,64x1x1,1408x6x64x1
ffn_moe_up-4,kernel_mul_mv_id_q4_0_f32_8x_flat,9.153500,11264x1x384,64x1x1,1408x6x64x1
ffn_moe_weighted-4,kernel_swiglu,0.081600,196608x1x1,512x1x1,1408x6x64x1
ffn_moe_down-4,kernel_mul_mv_id_q4_0_f32_8x_flat,9.837100,16384x1x384,64x1x1,2048x6x64x1
node_284,kernel_mul,0.099700,384x64x1,64x1x1,2048x6x64x1
ffn_gate-4,kernel_transpose_32_16,0.010900,512x16x0,1x16x0,2816x64x1x1
ffn_gate-4,kernel_mul_mat_Ab_Bi_8x4,0.385100,8x704x1,1x128x1,2816x64x1x1
ffn_up-4,kernel_transpose_32_16,0.010700,512x16x0,1x16x0,2816x64x1x1
ffn_up-4,kernel_mul_mat_Ab_Bi_8x4,0.387300,8x704x1,1x128x1,2816x64x1x1
ffn_swiglu-4,kernel_swiglu,0.021100,32768x1x1,512x1x1,2816x64x1x1
node_294,kernel_add,0.024400,4096x1x1,64x1x1,2048x64x1x1
node_295,kernel_add,0.021400,4096x1x1,64x1x1,2048x64x1x1
node_296,kernel_add,0.017300,4096x1x1,64x1x1,2048x64x1x1
node_297,kernel_add,0.018000,4096x1x1,64x1x1,2048x64x1x1
ffn_moe_out-4,kernel_add,0.017500,4096x1x1,64x1x1,2048x64x1x1
ffn_shexp-4,kernel_transpose_32_16,0.013000,704x16x0,1x16x0,2048x64x1x1
ffn_shexp-4,kernel_mul_mat_Ab_Bi_8x4,0.519800,8x512x1,1x128x1,2048x64x1x1
ffn_out-4,kernel_add,0.015800,4096x1x1,64x1x1,2048x64x1x1
l_out-4,kernel_add,0.018000,4096x1x1,64x1x1,2048x64x1x1
attn_norm-5,kernel_rms_norm_mul,0.019300,65536x1x1,1024x1x1,2048x64x1x1
q-5,kernel_transpose_32_16,0.006800,512x16x0,1x16x0,3072x64x1x1
q-5,kernel_mul_mat_Ab_Bi_8x4,0.389100,8x768x1,1x128x1,3072x64x1x1
q_pe-5,kernel_rope_norm_f32,0.012400,1024x64x1,64x1x1,64x16x64x1
Qcur-5,kernel_concat_f32_non_contiguous,0.347900,16x64x1,0x0x0,192x16x64x1
kv_cmpr_pe-5,kernel_transpose_32_16,0.010100,512x16x0,1x16x0,576x64x1x1
kv_cmpr_pe-5,kernel_mul_mat_Ab_Bi_8x4,0.317600,8x144x1,1x128x1,576x64x1x1
k_pe-5,kernel_rope_norm_f32,0.002700,64x64x1,64x1x1,64x1x64x1
node_312,kernel_repeat,0.286200,16x64x1,0x0x0,64x16x64x1
kv_cmpr-5,kernel_rms_norm_mul,0.010100,32768x1x1,512x1x1,512x64x1x1
kv-5,kernel_transpose_32_16,0.004000,128x16x0,1x16x0,4096x64x1x1
kv-5,kernel_mul_mat_Ab_Bi_8x4,0.132900,8x1024x1,1x128x1,4096x64x1x1
Kcur-5,kernel_concat_f32_non_contiguous,0.393300,16x64x1,0x0x0,192x16x64x1
Vcur_cont-5,kernel_cpy_f32_f32,0.013700,1024x64x1,64x1x1,128x16x64x1
cache_k_l5 (view),kernel_set_rows_f16_i64,0.014600,65536x1x1,1024x1x1,3072x4096x1x1
cache_v_l5 (view),kernel_set_rows_f16_i64,0.011800,65536x1x1,1024x1x1,2048x4096x1x1
__fattn__-5,flash_attn_f32_f16,9.338600,64x16x0,16x1x0,128x16x64x1
node_333,kernel_transpose_32_16,0.009900,512x16x0,1x16x0,2048x64x1x1
node_333,kernel_mul_mat_Ab_Bi_8x4,0.380200,8x512x1,1x128x1,2048x64x1x1
ffn_inp-5,kernel_add,0.021900,4096x1x1,64x1x1,2048x64x1x1
ffn_norm-5,kernel_rms_norm_mul,0.019300,65536x1x1,1024x1x1,2048x64x1x1
ffn_moe_logits-5,kernel_mul_mm_f32_f32_l4_lm,0.502600,128x1x1,128x1x1,64x64x1x1
ffn_moe_probs-5,kernel_soft_max_4,0.003900,4096x1x1,64x1x1,64x64x1x1
ffn_moe_argsort-5,kernel_argsort_f32_i32,0.015100,64x64x1,64x1x1,64x64x1x1
ffn_moe_weights-5,kernel_get_rows_f32,0.004200,384x64x1,64x1x1,1x6x64x1
ffn_moe_weights_scaled-5,kernel_scale,0.001600,96x1x1,64x1x1,1x6x64x1
ffn_moe_gate-5,kernel_mul_mv_id_q4_0_f32_8x_flat,9.070800,11264x1x384,64x1x1,1408x6x64x1
ffn_moe_up-5,kernel_mul_mv_id_q4_0_f32_8x_flat,9.049500,11264x1x384,64x1x1,1408x6x64x1
ffn_moe_weighted-5,kernel_swiglu,0.080600,196608x1x1,512x1x1,1408x6x64x1
ffn_moe_down-5,kernel_mul_mv_id_q4_0_f32_8x_flat,9.829100,16384x1x384,64x1x1,2048x6x64x1
node_349,kernel_mul,0.100500,384x64x1,64x1x1,2048x6x64x1
ffn_gate-5,kernel_transpose_32_16,0.011300,512x16x0,1x16x0,2816x64x1x1
ffn_gate-5,kernel_mul_mat_Ab_Bi_8x4,0.384800,8x704x1,1x128x1,2816x64x1x1
ffn_up-5,kernel_transpose_32_16,0.010500,512x16x0,1x16x0,2816x64x1x1
ffn_up-5,kernel_mul_mat_Ab_Bi_8x4,0.384500,8x704x1,1x128x1,2816x64x1x1
ffn_swiglu-5,kernel_swiglu,0.023600,32768x1x1,512x1x1,2816x64x1x1
node_359,kernel_add,0.023900,4096x1x1,64x1x1,2048x64x1x1
node_360,kernel_add,0.020500,4096x1x1,64x1x1,2048x64x1x1
node_361,kernel_add,0.017200,4096x1x1,64x1x1,2048x64x1x1
node_362,kernel_add,0.018000,4096x1x1,64x1x1,2048x64x1x1
ffn_moe_out-5,kernel_add,0.017000,4096x1x1,64x1x1,2048x64x1x1
ffn_shexp-5,kernel_transpose_32_16,0.012600,704x16x0,1x16x0,2048x64x1x1
ffn_shexp-5,kernel_mul_mat_Ab_Bi_8x4,0.527900,8x512x1,1x128x1,2048x64x1x1
ffn_out-5,kernel_add,0.022000,4096x1x1,64x1x1,2048x64x1x1
l_out-5,kernel_add,0.017800,4096x1x1,64x1x1,2048x64x1x1
attn_norm-6,kernel_rms_norm_mul,0.019000,65536x1x1,1024x1x1,2048x64x1x1
q-6,kernel_transpose_32_16,0.009100,512x16x0,1x16x0,3072x64x1x1
q-6,kernel_mul_mat_Ab_Bi_8x4,0.388600,8x768x1,1x128x1,3072x64x1x1
q_pe-6,kernel_rope_norm_f32,0.012600,1024x64x1,64x1x1,64x16x64x1
Qcur-6,kernel_concat_f32_non_contiguous,0.345300,16x64x1,0x0x0,192x16x64x1
kv_cmpr_pe-6,kernel_transpose_32_16,0.010400,512x16x0,1x16x0,576x64x1x1
kv_cmpr_pe-6,kernel_mul_mat_Ab_Bi_8x4,0.315500,8x144x1,1x128x1,576x64x1x1
k_pe-6,kernel_rope_norm_f32,0.002600,64x64x1,64x1x1,64x1x64x1
node_377,kernel_repeat,0.284300,16x64x1,0x0x0,64x16x64x1
kv_cmpr-6,kernel_rms_norm_mul,0.009900,32768x1x1,512x1x1,512x64x1x1
kv-6,kernel_transpose_32_16,0.003800,128x16x0,1x16x0,4096x64x1x1
kv-6,kernel_mul_mat_Ab_Bi_8x4,0.133300,8x1024x1,1x128x1,4096x64x1x1
Kcur-6,kernel_concat_f32_non_contiguous,0.387000,16x64x1,0x0x0,192x16x64x1
Vcur_cont-6,kernel_cpy_f32_f32,0.013700,1024x64x1,64x1x1,128x16x64x1
cache_k_l6 (view),kernel_set_rows_f16_i64,0.015800,65536x1x1,1024x1x1,3072x4096x1x1
cache_v_l6 (view),kernel_set_rows_f16_i64,0.011900,65536x1x1,1024x1x1,2048x4096x1x1
__fattn__-6,flash_attn_f32_f16,9.350900,64x16x0,16x1x0,128x16x64x1
node_398,kernel_transpose_32_16,0.009200,512x16x0,1x16x0,2048x64x1x1
node_398,kernel_mul_mat_Ab_Bi_8x4,0.379400,8x512x1,1x128x1,2048x64x1x1
ffn_inp-6,kernel_add,0.021100,4096x1x1,64x1x1,2048x64x1x1
ffn_norm-6,kernel_rms_norm_mul,0.019500,65536x1x1,1024x1x1,2048x64x1x1
ffn_moe_logits-6,kernel_mul_mm_f32_f32_l4_lm,0.502600,128x1x1,128x1x1,64x64x1x1
ffn_moe_probs-6,kernel_soft_max_4,0.003800,4096x1x1,64x1x1,64x64x1x1
ffn_moe_argsort-6,kernel_argsort_f32_i32,0.015200,64x64x1,64x1x1,64x64x1x1
ffn_moe_weights-6,kernel_get_rows_f32,0.004100,384x64x1,64x1x1,1x6x64x1
ffn_moe_weights_scaled-6,kernel_scale,0.002000,96x1x1,64x1x1,1x6x64x1
ffn_moe_gate-6,kernel_mul_mv_id_q4_0_f32_8x_flat,9.129500,11264x1x384,64x1x1,1408x6x64x1
ffn_moe_up-6,kernel_mul_mv_id_q4_0_f32_8x_flat,9.184900,11264x1x384,64x1x1,1408x6x64x1
ffn_moe_weighted-6,kernel_swiglu,0.081700,196608x1x1,512x1x1,1408x6x64x1
ffn_moe_down-6,kernel_mul_mv_id_q4_0_f32_8x_flat,9.840100,16384x1x384,64x1x1,2048x6x64x1
node_414,kernel_mul,0.100100,384x64x1,64x1x1,2048x6x64x1
ffn_gate-6,kernel_transpose_32_16,0.010800,512x16x0,1x16x0,2816x64x1x1
ffn_gate-6,kernel_mul_mat_Ab_Bi_8x4,0.381700,8x704x1,1x128x1,2816x64x1x1
ffn_up-6,kernel_transpose_32_16,0.009500,512x16x0,1x16x0,2816x64x1x1
ffn_up-6,kernel_mul_mat_Ab_Bi_8x4,0.384500,8x704x1,1x128x1,2816x64x1x1
ffn_swiglu-6,kernel_swiglu,0.024300,32768x1x1,512x1x1,2816x64x1x1
node_424,kernel_add,0.024500,4096x1x1,64x1x1,2048x64x1x1
node_425,kernel_add,0.020700,4096x1x1,64x1x1,2048x64x1x1
node_426,kernel_add,0.017000,4096x1x1,64x1x1,2048x64x1x1
node_427,kernel_add,0.017200,4096x1x1,64x1x1,2048x64x1x1
ffn_moe_out-6,kernel_add,0.017200,4096x1x1,64x1x1,2048x64x1x1
ffn_shexp-6,kernel_transpose_32_16,0.011600,704x16x0,1x16x0,2048x64x1x1
ffn_shexp-6,kernel_mul_mat_Ab_Bi_8x4,0.526200,8x512x1,1x128x1,2048x64x1x1
ffn_out-6,kernel_add,0.021000,4096x1x1,64x1x1,2048x64x1x1
l_out-6,kernel_add,0.018400,4096x1x1,64x1x1,2048x64x1x1
attn_norm-7,kernel_rms_norm_mul,0.019500,65536x1x1,1024x1x1,2048x64x1x1
q-7,kernel_transpose_32_16,0.006900,512x16x0,1x16x0,3072x64x1x1
q-7,kernel_mul_mat_Ab_Bi_8x4,0.388000,8x768x1,1x128x1,3072x64x1x1
q_pe-7,kernel_rope_norm_f32,0.012300,1024x64x1,64x1x1,64x16x64x1
Qcur-7,kernel_concat_f32_non_contiguous,0.346600,16x64x1,0x0x0,192x16x64x1
kv_cmpr_pe-7,kernel_transpose_32_16,0.010000,512x16x0,1x16x0,576x64x1x1
kv_cmpr_pe-7,kernel_mul_mat_Ab_Bi_8x4,0.315900,8x144x1,1x128x1,576x64x1x1
k_pe-7,kernel_rope_norm_f32,0.002800,64x64x1,64x1x1,64x1x64x1
node_442,kernel_repeat,0.286200,16x64x1,0x0x0,64x16x64x1
kv_cmpr-7,kernel_rms_norm_mul,0.010100,32768x1x1,512x1x1,512x64x1x1
kv-7,kernel_transpose_32_16,0.004200,128x16x0,1x16x0,4096x64x1x1
kv-7,kernel_mul_mat_Ab_Bi_8x4,0.135100,8x1024x1,1x128x1,4096x64x1x1
Kcur-7,kernel_concat_f32_non_contiguous,0.392100,16x64x1,0x0x0,192x16x64x1
Vcur_cont-7,kernel_cpy_f32_f32,0.013500,1024x64x1,64x1x1,128x16x64x1
cache_k_l7 (view),kernel_set_rows_f16_i64,0.015600,65536x1x1,1024x1x1,3072x4096x1x1
cache_v_l7 (view),kernel_set_rows_f16_i64,0.011600,65536x1x1,1024x1x1,2048x4096x1x1
__fattn__-7,flash_attn_f32_f16,9.366500,64x16x0,16x1x0,128x16x64x1
node_463,kernel_transpose_32_16,0.009800,512x16x0,1x16x0,2048x64x1x1
node_463,kernel_mul_mat_Ab_Bi_8x4,0.373200,8x512x1,1x128x1,2048x64x1x1
ffn_inp-7,kernel_add,0.021300,4096x1x1,64x1x1,2048x64x1x1
ffn_norm-7,kernel_rms_norm_mul,0.019500,65536x1x1,1024x1x1,2048x64x1x1
ffn_moe_logits-7,kernel_mul_mm_f32_f32_l4_lm,0.500800,128x1x1,128x1x1,64x64x1x1
ffn_moe_probs-7,kernel_soft_max_4,0.003500,4096x1x1,64x1x1,64x64x1x1
ffn_moe_argsort-7,kernel_argsort_f32_i32,0.015200,64x64x1,64x1x1,64x64x1x1
ffn_moe_weights-7,kernel_get_rows_f32,0.004200,384x64x1,64x1x1,1x6x64x1
ffn_moe_weights_scaled-7,kernel_scale,0.001800,96x1x1,64x1x1,1x6x64x1
ffn_moe_gate-7,kernel_mul_mv_id_q4_0_f32_8x_flat,9.140300,11264x1x384,64x1x1,1408x6x64x1
ffn_moe_up-7,kernel_mul_mv_id_q4_0_f32_8x_flat,9.106700,11264x1x384,64x1x1,1408x6x64x1
ffn_moe_weighted-7,kernel_swiglu,0.083700,196608x1x1,512x1x1,1408x6x64x1
ffn_moe_down-7,kernel_mul_mv_id_q4_0_f32_8x_flat,9.839700,16384x1x384,64x1x1,2048x6x64x1
node_479,kernel_mul,0.098900,384x64x1,64x1x1,2048x6x64x1
ffn_gate-7,kernel_transpose_32_16,0.011400,512x16x0,1x16x0,2816x64x1x1
ffn_gate-7,kernel_mul_mat_Ab_Bi_8x4,0.383700,8x704x1,1x128x1,2816x64x1x1
ffn_up-7,kernel_transpose_32_16,0.010000,512x16x0,1x16x0,2816x64x1x1
ffn_up-7,kernel_mul_mat_Ab_Bi_8x4,0.384700,8x704x1,1x128x1,2816x64x1x1
ffn_swiglu-7,kernel_swiglu,0.022500,32768x1x1,512x1x1,2816x64x1x1
node_489,kernel_add,0.021500,4096x1x1,64x1x1,2048x64x1x1
node_490,kernel_add,0.020000,4096x1x1,64x1x1,2048x64x1x1
node_491,kernel_add,0.017100,4096x1x1,64x1x1,2048x64x1x1
node_492,kernel_add,0.017300,4096x1x1,64x1x1,2048x64x1x1
ffn_moe_out-7,kernel_add,0.017600,4096x1x1,64x1x1,2048x64x1x1
ffn_shexp-7,kernel_transpose_32_16,0.012900,704x16x0,1x16x0,2048x64x1x1
ffn_shexp-7,kernel_mul_mat_Ab_Bi_8x4,0.522600,8x512x1,1x128x1,2048x64x1x1
ffn_out-7,kernel_add,0.021200,4096x1x1,64x1x1,2048x64x1x1
l_out-7,kernel_add,0.016700,4096x1x1,64x1x1,2048x64x1x1
attn_norm-8,kernel_rms_norm_mul,0.018900,65536x1x1,1024x1x1,2048x64x1x1
q-8,kernel_transpose_32_16,0.006800,512x16x0,1x16x0,3072x64x1x1
q-8,kernel_mul_mat_Ab_Bi_8x4,0.388700,8x768x1,1x128x1,3072x64x1x1
q_pe-8,kernel_rope_norm_f32,0.012000,1024x64x1,64x1x1,64x16x64x1
Qcur-8,kernel_concat_f32_non_contiguous,0.348200,16x64x1,0x0x0,192x16x64x1
kv_cmpr_pe-8,kernel_transpose_32_16,0.010500,512x16x0,1x16x0,576x64x1x1
kv_cmpr_pe-8,kernel_mul_mat_Ab_Bi_8x4,0.316400,8x144x1,1x128x1,576x64x1x1
k_pe-8,kernel_rope_norm_f32,0.003100,64x64x1,64x1x1,64x1x64x1
node_507,kernel_repeat,0.284600,16x64x1,0x0x0,64x16x64x1
kv_cmpr-8,kernel_rms_norm_mul,0.010000,32768x1x1,512x1x1,512x64x1x1
kv-8,kernel_transpose_32_16,0.003900,128x16x0,1x16x0,4096x64x1x1
kv-8,kernel_mul_mat_Ab_Bi_8x4,0.132700,8x1024x1,1x128x1,4096x64x1x1
Kcur-8,kernel_concat_f32_non_contiguous,0.392200,16x64x1,0x0x0,192x16x64x1
Vcur_cont-8,kernel_cpy_f32_f32,0.014300,1024x64x1,64x1x1,128x16x64x1
cache_k_l8 (view),kernel_set_rows_f16_i64,0.015700,65536x1x1,1024x1x1,3072x4096x1x1
cache_v_l8 (view),kernel_set_rows_f16_i64,0.011200,65536x1x1,1024x1x1,2048x4096x1x1
__fattn__-8,flash_attn_f32_f16,9.371700,64x16x0,16x1x0,128x16x64x1
node_528,kernel_transpose_32_16,0.010200,512x16x0,1x16x0,2048x64x1x1
node_528,kernel_mul_mat_Ab_Bi_8x4,0.380400,8x512x1,1x128x1,2048x64x1x1
ffn_inp-8,kernel_add,0.021200,4096x1x1,64x1x1,2048x64x1x1
ffn_norm-8,kernel_rms_norm_mul,0.019800,65536x1x1,1024x1x1,2048x64x1x1
ffn_moe_logits-8,kernel_mul_mm_f32_f32_l4_lm,0.507100,128x1x1,128x1x1,64x64x1x1
ffn_moe_probs-8,kernel_soft_max_4,0.003600,4096x1x1,64x1x1,64x64x1x1
ffn_moe_argsort-8,kernel_argsort_f32_i32,0.015500,64x64x1,64x1x1,64x64x1x1
ffn_moe_weights-8,kernel_get_rows_f32,0.004000,384x64x1,64x1x1,1x6x64x1
ffn_moe_weights_scaled-8,kernel_scale,0.001900,96x1x1,64x1x1,1x6x64x1
ffn_moe_gate-8,kernel_mul_mv_id_q4_0_f32_8x_flat,9.077500,11264x1x384,64x1x1,1408x6x64x1
ffn_moe_up-8,kernel_mul_mv_id_q4_0_f32_8x_flat,9.065100,11264x1x384,64x1x1,1408x6x64x1
ffn_moe_weighted-8,kernel_swiglu,0.081600,196608x1x1,512x1x1,1408x6x64x1
ffn_moe_down-8,kernel_mul_mv_id_q4_0_f32_8x_flat,9.824400,16384x1x384,64x1x1,2048x6x64x1
node_544,kernel_mul,0.099200,384x64x1,64x1x1,2048x6x64x1
ffn_gate-8,kernel_transpose_32_16,0.010900,512x16x0,1x16x0,2816x64x1x1
ffn_gate-8,kernel_mul_mat_Ab_Bi_8x4,0.380800,8x704x1,1x128x1,2816x64x1x1
ffn_up-8,kernel_transpose_32_16,0.010300,512x16x0,1x16x0,2816x64x1x1
ffn_up-8,kernel_mul_mat_Ab_Bi_8x4,0.381700,8x704x1,1x128x1,2816x64x1x1
ffn_swiglu-8,kernel_swiglu,0.023500,32768x1x1,512x1x1,2816x64x1x1
node_554,kernel_add,0.024500,4096x1x1,64x1x1,2048x64x1x1
node_555,kernel_add,0.021000,4096x1x1,64x1x1,2048x64x1x1
node_556,kernel_add,0.017500,4096x1x1,64x1x1,2048x64x1x1
node_557,kernel_add,0.017000,4096x1x1,64x1x1,2048x64x1x1
ffn_moe_out-8,kernel_add,0.017700,4096x1x1,64x1x1,2048x64x1x1
ffn_shexp-8,kernel_transpose_32_16,0.013000,704x16x0,1x16x0,2048x64x1x1
ffn_shexp-8,kernel_mul_mat_Ab_Bi_8x4,0.526700,8x512x1,1x128x1,2048x64x1x1
ffn_out-8,kernel_add,0.020400,4096x1x1,64x1x1,2048x64x1x1
l_out-8,kernel_add,0.018400,4096x1x1,64x1x1,2048x64x1x1
attn_norm-9,kernel_rms_norm_mul,0.019100,65536x1x1,1024x1x1,2048x64x1x1
q-9,kernel_transpose_32_16,0.006500,512x16x0,1x16x0,3072x64x1x1
q-9,kernel_mul_mat_Ab_Bi_8x4,0.386800,8x768x1,1x128x1,3072x64x1x1
q_pe-9,kernel_rope_norm_f32,0.012200,1024x64x1,64x1x1,64x16x64x1
Qcur-9,kernel_concat_f32_non_contiguous,0.345400,16x64x1,0x0x0,192x16x64x1
kv_cmpr_pe-9,kernel_transpose_32_16,0.011000,512x16x0,1x16x0,576x64x1x1
kv_cmpr_pe-9,kernel_mul_mat_Ab_Bi_8x4,0.317100,8x144x1,1x128x1,576x64x1x1
k_pe-9,kernel_rope_norm_f32,0.002600,64x64x1,64x1x1,64x1x64x1
node_572,kernel_repeat,0.285200,16x64x1,0x0x0,64x16x64x1
kv_cmpr-9,kernel_rms_norm_mul,0.010500,32768x1x1,512x1x1,512x64x1x1
kv-9,kernel_transpose_32_16,0.004200,128x16x0,1x16x0,4096x64x1x1
kv-9,kernel_mul_mat_Ab_Bi_8x4,0.132700,8x1024x1,1x128x1,4096x64x1x1
Kcur-9,kernel_concat_f32_non_contiguous,0.385000,16x64x1,0x0x0,192x16x64x1
Vcur_cont-9,kernel_cpy_f32_f32,0.013500,1024x64x1,64x1x1,128x16x64x1
cache_k_l9 (view),kernel_set_rows_f16_i64,0.015900,65536x1x1,1024x1x1,3072x4096x1x1
cache_v_l9 (view),kernel_set_rows_f16_i64,0.011500,65536x1x1,1024x1x1,2048x4096x1x1
__fattn__-9,flash_attn_f32_f16,9.379600,64x16x0,16x1x0,128x16x64x1
node_593,kernel_transpose_32_16,0.010000,512x16x0,1x16x0,2048x64x1x1
node_593,kernel_mul_mat_Ab_Bi_8x4,0.382400,8x512x1,1x128x1,2048x64x1x1
ffn_inp-9,kernel_add,0.021400,4096x1x1,64x1x1,2048x64x1x1
ffn_norm-9,kernel_rms_norm_mul,0.019200,65536x1x1,1024x1x1,2048x64x1x1
ffn_moe_logits-9,kernel_mul_mm_f32_f32_l4_lm,0.503700,128x1x1,128x1x1,64x64x1x1
ffn_moe_probs-9,kernel_soft_max_4,0.003600,4096x1x1,64x1x1,64x64x1x1
ffn_moe_argsort-9,kernel_argsort_f32_i32,0.015300,64x64x1,64x1x1,64x64x1x1
ffn_moe_weights-9,kernel_get_rows_f32,0.004100,384x64x1,64x1x1,1x6x64x1
ffn_moe_weights_scaled-9,kernel_scale,0.001700,96x1x1,64x1x1,1x6x64x1
ffn_moe_gate-9,kernel_mul_mv_id_q4_0_f32_8x_flat,9.126700,11264x1x384,64x1x1,1408x6x64x1
ffn_moe_up-9,kernel_mul_mv_id_q4_0_f32_8x_flat,9.148200,11264x1x384,64x1x1,1408x6x64x1
ffn_moe_weighted-9,kernel_swiglu,0.082300,196608x1x1,512x1x1,1408x6x64x1
ffn_moe_down-9,kernel_mul_mv_id_q4_0_f32_8x_flat,9.844000,16384x1x384,64x1x1,2048x6x64x1
node_609,kernel_mul,0.100400,384x64x1,64x1x1,2048x6x64x1
ffn_gate-9,kernel_transpose_32_16,0.010900,512x16x0,1x16x0,2816x64x1x1
ffn_gate-9,kernel_mul_mat_Ab_Bi_8x4,0.383100,8x704x1,1x128x1,2816x64x1x1
ffn_up-9,kernel_transpose_32_16,0.010000,512x16x0,1x16x0,2816x64x1x1
ffn_up-9,kernel_mul_mat_Ab_Bi_8x4,0.382500,8x704x1,1x128x1,2816x64x1x1
ffn_swiglu-9,kernel_swiglu,0.023300,32768x1x1,512x1x1,2816x64x1x1
node_619,kernel_add,0.024000,4096x1x1,64x1x1,2048x64x1x1
node_620,kernel_add,0.021400,4096x1x1,64x1x1,2048x64x1x1
node_621,kernel_add,0.017400,4096x1x1,64x1x1,2048x64x1x1
node_622,kernel_add,0.017200,4096x1x1,64x1x1,2048x64x1x1
ffn_moe_out-9,kernel_add,0.017700,4096x1x1,64x1x1,2048x64x1x1
ffn_shexp-9,kernel_transpose_32_16,0.012600,704x16x0,1x16x0,2048x64x1x1
ffn_shexp-9,kernel_mul_mat_Ab_Bi_8x4,0.530200,8x512x1,1x128x1,2048x64x1x1
ffn_out-9,kernel_add,0.021200,4096x1x1,64x1x1,2048x64x1x1
l_out-9,kernel_add,0.018500,4096x1x1,64x1x1,2048x64x1x1
attn_norm-10,kernel_rms_norm_mul,0.019100,65536x1x1,1024x1x1,2048x64x1x1
q-10,kernel_transpose_32_16,0.007100,512x16x0,1x16x0,3072x64x1x1
q-10,kernel_mul_mat_Ab_Bi_8x4,0.388500,8x768x1,1x128x1,3072x64x1x1
q_pe-10,kernel_rope_norm_f32,0.012100,1024x64x1,64x1x1,64x16x64x1
Qcur-10,kernel_concat_f32_non_contiguous,0.345600,16x64x1,0x0x0,192x16x64x1
kv_cmpr_pe-10,kernel_transpose_32_16,0.009400,512x16x0,1x16x0,576x64x1x1
kv_cmpr_pe-10,kernel_mul_mat_Ab_Bi_8x4,0.317100,8x144x1,1x128x1,576x64x1x1
k_pe-10,kernel_rope_norm_f32,0.002800,64x64x1,64x1x1,64x1x64x1
node_637,kernel_repeat,0.284400,16x64x1,0x0x0,64x16x64x1
kv_cmpr-10,kernel_rms_norm_mul,0.009800,32768x1x1,512x1x1,512x64x1x1
kv-10,kernel_transpose_32_16,0.004100,128x16x0,1x16x0,4096x64x1x1
kv-10,kernel_mul_mat_Ab_Bi_8x4,0.132700,8x1024x1,1x128x1,4096x64x1x1
Kcur-10,kernel_concat_f32_non_contiguous,0.385000,16x64x1,0x0x0,192x16x64x1
Vcur_cont-10,kernel_cpy_f32_f32,0.010400,1024x64x1,64x1x1,128x16x64x1
cache_k_l10 (view),kernel_set_rows_f16_i64,0.015700,65536x1x1,1024x1x1,3072x4096x1x1
cache_v_l10 (view),kernel_set_rows_f16_i64,0.011500,65536x1x1,1024x1x1,2048x4096x1x1
__fattn__-10,flash_attn_f32_f16,9.365200,64x16x0,16x1x0,128x16x64x1
node_658,kernel_transpose_32_16,0.009900,512x16x0,1x16x0,2048x64x1x1
node_658,kernel_mul_mat_Ab_Bi_8x4,0.375400,8x512x1,1x128x1,2048x64x1x1
ffn_inp-10,kernel_add,0.021400,4096x1x1,64x1x1,2048x64x1x1
ffn_norm-10,kernel_rms_norm_mul,0.019600,65536x1x1,1024x1x1,2048x64x1x1
ffn_moe_logits-10,kernel_mul_mm_f32_f32_l4_lm,0.490000,128x1x1,128x1x1,64x64x1x1
ffn_moe_probs-10,kernel_soft_max_4,0.003700,4096x1x1,64x1x1,64x64x1x1
ffn_moe_argsort-10,kernel_argsort_f32_i32,0.015200,64x64x1,64x1x1,64x64x1x1
ffn_moe_weights-10,kernel_get_rows_f32,0.004100,384x64x1,64x1x1,1x6x64x1
ffn_moe_weights_scaled-10,kernel_scale,0.001800,96x1x1,64x1x1,1x6x64x1
ffn_moe_gate-10,kernel_mul_mv_id_q4_0_f32_8x_flat,9.065900,11264x1x384,64x1x1,1408x6x64x1
ffn_moe_up-10,kernel_mul_mv_id_q4_0_f32_8x_flat,9.086800,11264x1x384,64x1x1,1408x6x64x1
ffn_moe_weighted-10,kernel_swiglu,0.083000,196608x1x1,512x1x1,1408x6x64x1
ffn_moe_down-10,kernel_mul_mv_id_q4_0_f32_8x_flat,9.834900,16384x1x384,64x1x1,2048x6x64x1
node_674,kernel_mul,0.100000,384x64x1,64x1x1,2048x6x64x1
ffn_gate-10,kernel_transpose_32_16,0.011200,512x16x0,1x16x0,2816x64x1x1
ffn_gate-10,kernel_mul_mat_Ab_Bi_8x4,0.382000,8x704x1,1x128x1,2816x64x1x1
ffn_up-10,kernel_transpose_32_16,0.010200,512x16x0,1x16x0,2816x64x1x1
ffn_up-10,kernel_mul_mat_Ab_Bi_8x4,0.382600,8x704x1,1x128x1,2816x64x1x1
ffn_swiglu-10,kernel_swiglu,0.023000,32768x1x1,512x1x1,2816x64x1x1
node_684,kernel_add,0.024000,4096x1x1,64x1x1,2048x64x1x1
node_685,kernel_add,0.017000,4096x1x1,64x1x1,2048x64x1x1
node_686,kernel_add,0.017500,4096x1x1,64x1x1,2048x64x1x1
node_687,kernel_add,0.017300,4096x1x1,64x1x1,2048x64x1x1
ffn_moe_out-10,kernel_add,0.017200,4096x1x1,64x1x1,2048x64x1x1
ffn_shexp-10,kernel_transpose_32_16,0.013300,704x16x0,1x16x0,2048x64x1x1
ffn_shexp-10,kernel_mul_mat_Ab_Bi_8x4,0.533200,8x512x1,1x128x1,2048x64x1x1
ffn_out-10,kernel_add,0.020600,4096x1x1,64x1x1,2048x64x1x1
l_out-10,kernel_add,0.018200,4096x1x1,64x1x1,2048x64x1x1
attn_norm-11,kernel_rms_norm_mul,0.019800,65536x1x1,1024x1x1,2048x64x1x1
q-11,kernel_transpose_32_16,0.009600,512x16x0,1x16x0,3072x64x1x1
q-11,kernel_mul_mat_Ab_Bi_8x4,0.389800,8x768x1,1x128x1,3072x64x1x1
q_pe-11,kernel_rope_norm_f32,0.012500,1024x64x1,64x1x1,64x16x64x1
Qcur-11,kernel_concat_f32_non_contiguous,0.348800,16x64x1,0x0x0,192x16x64x1
kv_cmpr_pe-11,kernel_transpose_32_16,0.010100,512x16x0,1x16x0,576x64x1x1
kv_cmpr_pe-11,kernel_mul_mat_Ab_Bi_8x4,0.315900,8x144x1,1x128x1,576x64x1x1
k_pe-11,kernel_rope_norm_f32,0.002700,64x64x1,64x1x1,64x1x64x1
node_702,kernel_repeat,0.285000,16x64x1,0x0x0,64x16x64x1
kv_cmpr-11,kernel_rms_norm_mul,0.009800,32768x1x1,512x1x1,512x64x1x1
kv-11,kernel_transpose_32_16,0.003800,128x16x0,1x16x0,4096x64x1x1
kv-11,kernel_mul_mat_Ab_Bi_8x4,0.133400,8x1024x1,1x128x1,4096x64x1x1
Kcur-11,kernel_concat_f32_non_contiguous,0.388900,16x64x1,0x0x0,192x16x64x1
Vcur_cont-11,kernel_cpy_f32_f32,0.013200,1024x64x1,64x1x1,128x16x64x1
cache_k_l11 (view),kernel_set_rows_f16_i64,0.016300,65536x1x1,1024x1x1,3072x4096x1x1
cache_v_l11 (view),kernel_set_rows_f16_i64,0.011700,65536x1x1,1024x1x1,2048x4096x1x1
__fattn__-11,flash_attn_f32_f16,9.378800,64x16x0,16x1x0,128x16x64x1
node_723,kernel_transpose_32_16,0.009800,512x16x0,1x16x0,2048x64x1x1
node_723,kernel_mul_mat_Ab_Bi_8x4,0.373900,8x512x1,1x128x1,2048x64x1x1
ffn_inp-11,kernel_add,0.020800,4096x1x1,64x1x1,2048x64x1x1
ffn_norm-11,kernel_rms_norm_mul,0.019400,65536x1x1,1024x1x1,2048x64x1x1
ffn_moe_logits-11,kernel_mul_mm_f32_f32_l4_lm,0.502800,128x1x1,128x1x1,64x64x1x1
ffn_moe_probs-11,kernel_soft_max_4,0.003600,4096x1x1,64x1x1,64x64x1x1
ffn_moe_argsort-11,kernel_argsort_f32_i32,0.015100,64x64x1,64x1x1,64x64x1x1
ffn_moe_weights-11,kernel_get_rows_f32,0.004500,384x64x1,64x1x1,1x6x64x1
ffn_moe_weights_scaled-11,kernel_scale,0.001800,96x1x1,64x1x1,1x6x64x1
ffn_moe_gate-11,kernel_mul_mv_id_q4_0_f32_8x_flat,9.116300,11264x1x384,64x1x1,1408x6x64x1
ffn_moe_up-11,kernel_mul_mv_id_q4_0_f32_8x_flat,9.122000,11264x1x384,64x1x1,1408x6x64x1
ffn_moe_weighted-11,kernel_swiglu,0.082000,196608x1x1,512x1x1,1408x6x64x1
ffn_moe_down-11,kernel_mul_mv_id_q4_0_f32_8x_flat,9.819000,16384x1x384,64x1x1,2048x6x64x1
node_739,kernel_mul,0.099300,384x64x1,64x1x1,2048x6x64x1
ffn_gate-11,kernel_transpose_32_16,0.011300,512x16x0,1x16x0,2816x64x1x1
ffn_gate-11,kernel_mul_mat_Ab_Bi_8x4,0.388700,8x704x1,1x128x1,2816x64x1x1
ffn_up-11,kernel_transpose_32_16,0.009900,512x16x0,1x16x0,2816x64x1x1
ffn_up-11,kernel_mul_mat_Ab_Bi_8x4,0.383400,8x704x1,1x128x1,2816x64x1x1
ffn_swiglu-11,kernel_swiglu,0.023300,32768x1x1,512x1x1,2816x64x1x1
node_749,kernel_add,0.024800,4096x1x1,64x1x1,2048x64x1x1
node_750,kernel_add,0.020800,4096x1x1,64x1x1,2048x64x1x1
node_751,kernel_add,0.017600,4096x1x1,64x1x1,2048x64x1x1
node_752,kernel_add,0.017200,4096x1x1,64x1x1,2048x64x1x1
ffn_moe_out-11,kernel_add,0.017400,4096x1x1,64x1x1,2048x64x1x1
ffn_shexp-11,kernel_transpose_32_16,0.012400,704x16x0,1x16x0,2048x64x1x1
ffn_shexp-11,kernel_mul_mat_Ab_Bi_8x4,0.530400,8x512x1,1x128x1,2048x64x1x1
ffn_out-11,kernel_add,0.020700,4096x1x1,64x1x1,2048x64x1x1
l_out-11,kernel_add,0.018700,4096x1x1,64x1x1,2048x64x1x1
attn_norm-12,kernel_rms_norm_mul,0.019400,65536x1x1,1024x1x1,2048x64x1x1
q-12,kernel_transpose_32_16,0.007100,512x16x0,1x16x0,3072x64x1x1
q-12,kernel_mul_mat_Ab_Bi_8x4,0.387700,8x768x1,1x128x1,3072x64x1x1
q_pe-12,kernel_rope_norm_f32,0.009400,1024x64x1,64x1x1,64x16x64x1
Qcur-12,kernel_concat_f32_non_contiguous,0.345500,16x64x1,0x0x0,192x16x64x1
kv_cmpr_pe-12,kernel_transpose_32_16,0.010400,512x16x0,1x16x0,576x64x1x1
kv_cmpr_pe-12,kernel_mul_mat_Ab_Bi_8x4,0.314600,8x144x1,1x128x1,576x64x1x1
k_pe-12,kernel_rope_norm_f32,0.002700,64x64x1,64x1x1,64x1x64x1
node_767,kernel_repeat,0.284200,16x64x1,0x0x0,64x16x64x1
kv_cmpr-12,kernel_rms_norm_mul,0.010000,32768x1x1,512x1x1,512x64x1x1
kv-12,kernel_transpose_32_16,0.004000,128x16x0,1x16x0,4096x64x1x1
kv-12,kernel_mul_mat_Ab_Bi_8x4,0.132500,8x1024x1,1x128x1,4096x64x1x1
Kcur-12,kernel_concat_f32_non_contiguous,0.398600,16x64x1,0x0x0,192x16x64x1
Vcur_cont-12,kernel_cpy_f32_f32,0.014100,1024x64x1,64x1x1,128x16x64x1
cache_k_l12 (view),kernel_set_rows_f16_i64,0.015900,65536x1x1,1024x1x1,3072x4096x1x1
cache_v_l12 (view),kernel_set_rows_f16_i64,0.011500,65536x1x1,1024x1x1,2048x4096x1x1
__fattn__-12,flash_attn_f32_f16,9.362900,64x16x0,16x1x0,128x16x64x1
node_788,kernel_transpose_32_16,0.009800,512x16x0,1x16x0,2048x64x1x1
node_788,kernel_mul_mat_Ab_Bi_8x4,0.379500,8x512x1,1x128x1,2048x64x1x1
ffn_inp-12,kernel_add,0.017000,4096x1x1,64x1x1,2048x64x1x1
ffn_norm-12,kernel_rms_norm_mul,0.019500,65536x1x1,1024x1x1,2048x64x1x1
ffn_moe_logits-12,kernel_mul_mm_f32_f32_l4_lm,0.501900,128x1x1,128x1x1,64x64x1x1
ffn_moe_probs-12,kernel_soft_max_4,0.003600,4096x1x1,64x1x1,64x64x1x1
ffn_moe_argsort-12,kernel_argsort_f32_i32,0.015400,64x64x1,64x1x1,64x64x1x1
ffn_moe_weights-12,kernel_get_rows_f32,0.004000,384x64x1,64x1x1,1x6x64x1
ffn_moe_weights_scaled-12,kernel_scale,0.001800,96x1x1,64x1x1,1x6x64x1
ffn_moe_gate-12,kernel_mul_mv_id_q4_0_f32_8x_flat,9.106800,11264x1x384,64x1x1,1408x6x64x1
ffn_moe_up-12,kernel_mul_mv_id_q4_0_f32_8x_flat,9.221900,11264x1x384,64x1x1,1408x6x64x1
ffn_moe_weighted-12,kernel_swiglu,0.083000,196608x1x1,512x1x1,1408x6x64x1
ffn_moe_down-12,kernel_mul_mv_id_q4_0_f32_8x_flat,9.859000,16384x1x384,64x1x1,2048x6x64x1
node_804,kernel_mul,0.099800,384x64x1,64x1x1,2048x6x64x1
ffn_gate-12,kernel_transpose_32_16,0.011400,512x16x0,1x16x0,2816x64x1x1
ffn_gate-12,kernel_mul_mat_Ab_Bi_8x4,0.381600,8x704x1,1x128x1,2816x64x1x1
ffn_up-12,kernel_transpose_32_16,0.009900,512x16x0,1x16x0,2816x64x1x1
ffn_up-12,kernel_mul_mat_Ab_Bi_8x4,0.385300,8x704x1,1x128x1,2816x64x1x1
ffn_swiglu-12,kernel_swiglu,0.021900,32768x1x1,512x1x1,2816x64x1x1
node_814,kernel_add,0.022800,4096x1x1,64x1x1,2048x64x1x1
node_815,kernel_add,0.021200,4096x1x1,64x1x1,2048x64x1x1
node_816,kernel_add,0.017500,4096x1x1,64x1x1,2048x64x1x1
node_817,kernel_add,0.017500,4096x1x1,64x1x1,2048x64x1x1
ffn_moe_out-12,kernel_add,0.017600,4096x1x1,64x1x1,2048x64x1x1
ffn_shexp-12,kernel_transpose_32_16,0.013000,704x16x0,1x16x0,2048x64x1x1
ffn_shexp-12,kernel_mul_mat_Ab_Bi_8x4,0.532600,8x512x1,1x128x1,2048x64x1x1
ffn_out-12,kernel_add,0.015900,4096x1x1,64x1x1,2048x64x1x1
l_out-12,kernel_add,0.018300,4096x1x1,64x1x1,2048x64x1x1
attn_norm-13,kernel_rms_norm_mul,0.019200,65536x1x1,1024x1x1,2048x64x1x1
q-13,kernel_transpose_32_16,0.007200,512x16x0,1x16x0,3072x64x1x1
q-13,kernel_mul_mat_Ab_Bi_8x4,0.389300,8x768x1,1x128x1,3072x64x1x1
q_pe-13,kernel_rope_norm_f32,0.012300,1024x64x1,64x1x1,64x16x64x1
Qcur-13,kernel_concat_f32_non_contiguous,0.348600,16x64x1,0x0x0,192x16x64x1
kv_cmpr_pe-13,kernel_transpose_32_16,0.010200,512x16x0,1x16x0,576x64x1x1
kv_cmpr_pe-13,kernel_mul_mat_Ab_Bi_8x4,0.317600,8x144x1,1x128x1,576x64x1x1
k_pe-13,kernel_rope_norm_f32,0.002700,64x64x1,64x1x1,64x1x64x1
node_832,kernel_repeat,0.284100,16x64x1,0x0x0,64x16x64x1
kv_cmpr-13,kernel_rms_norm_mul,0.009600,32768x1x1,512x1x1,512x64x1x1
kv-13,kernel_transpose_32_16,0.004000,128x16x0,1x16x0,4096x64x1x1
kv-13,kernel_mul_mat_Ab_Bi_8x4,0.134800,8x1024x1,1x128x1,4096x64x1x1
Kcur-13,kernel_concat_f32_non_contiguous,0.383400,16x64x1,0x0x0,192x16x64x1
Vcur_cont-13,kernel_cpy_f32_f32,0.013300,1024x64x1,64x1x1,128x16x64x1
cache_k_l13 (view),kernel_set_rows_f16_i64,0.014900,65536x1x1,1024x1x1,3072x4096x1x1
cache_v_l13 (view),kernel_set_rows_f16_i64,0.011500,65536x1x1,1024x1x1,2048x4096x1x1
__fattn__-13,flash_attn_f32_f16,9.365300,64x16x0,16x1x0,128x16x64x1
node_853,kernel_transpose_32_16,0.009900,512x16x0,1x16x0,2048x64x1x1
node_853,kernel_mul_mat_Ab_Bi_8x4,0.375300,8x512x1,1x128x1,2048x64x1x1
ffn_inp-13,kernel_add,0.021700,4096x1x1,64x1x1,2048x64x1x1
ffn_norm-13,kernel_rms_norm_mul,0.019200,65536x1x1,1024x1x1,2048x64x1x1
ffn_moe_logits-13,kernel_mul_mm_f32_f32_l4_lm,0.509600,128x1x1,128x1x1,64x64x1x1
ffn_moe_probs-13,kernel_soft_max_4,0.003900,4096x1x1,64x1x1,64x64x1x1
ffn_moe_argsort-13,kernel_argsort_f32_i32,0.015100,64x64x1,64x1x1,64x64x1x1
ffn_moe_weights-13,kernel_get_rows_f32,0.004100,384x64x1,64x1x1,1x6x64x1
ffn_moe_weights_scaled-13,kernel_scale,0.001600,96x1x1,64x1x1,1x6x64x1
ffn_moe_gate-13,kernel_mul_mv_id_q4_0_f32_8x_flat,9.269100,11264x1x384,64x1x1,1408x6x64x1
ffn_moe_up-13,kernel_mul_mv_id_q4_0_f32_8x_flat,9.234700,11264x1x384,64x1x1,1408x6x64x1
ffn_moe_weighted-13,kernel_swiglu,0.082100,196608x1x1,512x1x1,1408x6x64x1
ffn_moe_down-13,kernel_mul_mv_id_q4_0_f32_8x_flat,9.861900,16384x1x384,64x1x1,2048x6x64x1
node_869,kernel_mul,0.100000,384x64x1,64x1x1,2048x6x64x1
ffn_gate-13,kernel_transpose_32_16,0.010900,512x16x0,1x16x0,2816x64x1x1
ffn_gate-13,kernel_mul_mat_Ab_Bi_8x4,0.384800,8x704x1,1x128x1,2816x64x1x1
ffn_up-13,kernel_transpose_32_16,0.009700,512x16x0,1x16x0,2816x64x1x1
ffn_up-13,kernel_mul_mat_Ab_Bi_8x4,0.386000,8x704x1,1x128x1,2816x64x1x1
ffn_swiglu-13,kernel_swiglu,0.022800,32768x1x1,512x1x1,2816x64x1x1
node_879,kernel_add,0.025200,4096x1x1,64x1x1,2048x64x1x1
node_880,kernel_add,0.020600,4096x1x1,64x1x1,2048x64x1x1
node_881,kernel_add,0.017300,4096x1x1,64x1x1,2048x64x1x1
node_882,kernel_add,0.018300,4096x1x1,64x1x1,2048x64x1x1
ffn_moe_out-13,kernel_add,0.017400,4096x1x1,64x1x1,2048x64x1x1
ffn_shexp-13,kernel_transpose_32_16,0.013000,704x16x0,1x16x0,2048x64x1x1
ffn_shexp-13,kernel_mul_mat_Ab_Bi_8x4,0.524200,8x512x1,1x128x1,2048x64x1x1
ffn_out-13,kernel_add,0.022000,4096x1x1,64x1x1,2048x64x1x1
l_out-13,kernel_add,0.018100,4096x1x1,64x1x1,2048x64x1x1
attn_norm-14,kernel_rms_norm_mul,0.019200,65536x1x1,1024x1x1,2048x64x1x1
q-14,kernel_transpose_32_16,0.009100,512x16x0,1x16x0,3072x64x1x1
q-14,kernel_mul_mat_Ab_Bi_8x4,0.390000,8x768x1,1x128x1,3072x64x1x1
q_pe-14,kernel_rope_norm_f32,0.011800,1024x64x1,64x1x1,64x16x64x1
Qcur-14,kernel_concat_f32_non_contiguous,0.350900,16x64x1,0x0x0,192x16x64x1
kv_cmpr_pe-14,kernel_transpose_32_16,0.010500,512x16x0,1x16x0,576x64x1x1
kv_cmpr_pe-14,kernel_mul_mat_Ab_Bi_8x4,0.315600,8x144x1,1x128x1,576x64x1x1
k_pe-14,kernel_rope_norm_f32,0.002800,64x64x1,64x1x1,64x1x64x1
node_897,kernel_repeat,0.286100,16x64x1,0x0x0,64x16x64x1
kv_cmpr-14,kernel_rms_norm_mul,0.010000,32768x1x1,512x1x1,512x64x1x1
kv-14,kernel_transpose_32_16,0.003900,128x16x0,1x16x0,4096x64x1x1
kv-14,kernel_mul_mat_Ab_Bi_8x4,0.134300,8x1024x1,1x128x1,4096x64x1x1
Kcur-14,kernel_concat_f32_non_contiguous,0.391400,16x64x1,0x0x0,192x16x64x1
Vcur_cont-14,kernel_cpy_f32_f32,0.013700,1024x64x1,64x1x1,128x16x64x1
cache_k_l14 (view),kernel_set_rows_f16_i64,0.015800,65536x1x1,1024x1x1,3072x4096x1x1
cache_v_l14 (view),kernel_set_rows_f16_i64,0.012100,65536x1x1,1024x1x1,2048x4096x1x1
__fattn__-14,flash_attn_f32_f16,9.363900,64x16x0,16x1x0,128x16x64x1
node_918,kernel_transpose_32_16,0.009300,512x16x0,1x16x0,2048x64x1x1
node_918,kernel_mul_mat_Ab_Bi_8x4,0.378000,8x512x1,1x128x1,2048x64x1x1
ffn_inp-14,kernel_add,0.021900,4096x1x1,64x1x1,2048x64x1x1
ffn_norm-14,kernel_rms_norm_mul,0.019300,65536x1x1,1024x1x1,2048x64x1x1
ffn_moe_logits-14,kernel_mul_mm_f32_f32_l4_lm,0.515700,128x1x1,128x1x1,64x64x1x1
ffn_moe_probs-14,kernel_soft_max_4,0.003700,4096x1x1,64x1x1,64x64x1x1
ffn_moe_argsort-14,kernel_argsort_f32_i32,0.015000,64x64x1,64x1x1,64x64x1x1
ffn_moe_weights-14,kernel_get_rows_f32,0.004100,384x64x1,64x1x1,1x6x64x1
ffn_moe_weights_scaled-14,kernel_scale,0.002000,96x1x1,64x1x1,1x6x64x1
ffn_moe_gate-14,kernel_mul_mv_id_q4_0_f32_8x_flat,9.228600,11264x1x384,64x1x1,1408x6x64x1
ffn_moe_up-14,kernel_mul_mv_id_q4_0_f32_8x_flat,9.193300,11264x1x384,64x1x1,1408x6x64x1
ffn_moe_weighted-14,kernel_swiglu,0.081800,196608x1x1,512x1x1,1408x6x64x1
ffn_moe_down-14,kernel_mul_mv_id_q4_0_f32_8x_flat,9.866900,16384x1x384,64x1x1,2048x6x64x1
node_934,kernel_mul,0.101100,384x64x1,64x1x1,2048x6x64x1
ffn_gate-14,kernel_transpose_32_16,0.010700,512x16x0,1x16x0,2816x64x1x1
ffn_gate-14,kernel_mul_mat_Ab_Bi_8x4,0.384000,8x704x1,1x128x1,2816x64x1x1
ffn_up-14,kernel_transpose_32_16,0.009600,512x16x0,1x16x0,2816x64x1x1
ffn_up-14,kernel_mul_mat_Ab_Bi_8x4,0.386500,8x704x1,1x128x1,2816x64x1x1
ffn_swiglu-14,kernel_swiglu,0.023600,32768x1x1,512x1x1,2816x64x1x1
node_944,kernel_add,0.023900,4096x1x1,64x1x1,2048x64x1x1
node_945,kernel_add,0.021600,4096x1x1,64x1x1,2048x64x1x1
node_946,kernel_add,0.017300,4096x1x1,64x1x1,2048x64x1x1
node_947,kernel_add,0.017400,4096x1x1,64x1x1,2048x64x1x1
ffn_moe_out-14,kernel_add,0.017200,4096x1x1,64x1x1,2048x64x1x1
ffn_shexp-14,kernel_transpose_32_16,0.011400,704x16x0,1x16x0,2048x64x1x1
ffn_shexp-14,kernel_mul_mat_Ab_Bi_8x4,0.524400,8x512x1,1x128x1,2048x64x1x1
ffn_out-14,kernel_add,0.021000,4096x1x1,64x1x1,2048x64x1x1
l_out-14,kernel_add,0.018300,4096x1x1,64x1x1,2048x64x1x1
attn_norm-15,kernel_rms_norm_mul,0.019200,65536x1x1,1024x1x1,2048x64x1x1
q-15,kernel_transpose_32_16,0.006900,512x16x0,1x16x0,3072x64x1x1
q-15,kernel_mul_mat_Ab_Bi_8x4,0.389000,8x768x1,1x128x1,3072x64x1x1
q_pe-15,kernel_rope_norm_f32,0.012300,1024x64x1,64x1x1,64x16x64x1
Qcur-15,kernel_concat_f32_non_contiguous,0.342900,16x64x1,0x0x0,192x16x64x1
kv_cmpr_pe-15,kernel_transpose_32_16,0.010500,512x16x0,1x16x0,576x64x1x1
kv_cmpr_pe-15,kernel_mul_mat_Ab_Bi_8x4,0.317600,8x144x1,1x128x1,576x64x1x1
k_pe-15,kernel_rope_norm_f32,0.002800,64x64x1,64x1x1,64x1x64x1
node_962,kernel_repeat,0.285000,16x64x1,0x0x0,64x16x64x1
kv_cmpr-15,kernel_rms_norm_mul,0.009700,32768x1x1,512x1x1,512x64x1x1
kv-15,kernel_transpose_32_16,0.004100,128x16x0,1x16x0,4096x64x1x1
kv-15,kernel_mul_mat_Ab_Bi_8x4,0.134200,8x1024x1,1x128x1,4096x64x1x1
Kcur-15,kernel_concat_f32_non_contiguous,0.395400,16x64x1,0x0x0,192x16x64x1
Vcur_cont-15,kernel_cpy_f32_f32,0.013800,1024x64x1,64x1x1,128x16x64x1
cache_k_l15 (view),kernel_set_rows_f16_i64,0.015600,65536x1x1,1024x1x1,3072x4096x1x1
cache_v_l15 (view),kernel_set_rows_f16_i64,0.011700,65536x1x1,1024x1x1,2048x4096x1x1
__fattn__-15,flash_attn_f32_f16,9.362300,64x16x0,16x1x0,128x16x64x1
node_983,kernel_transpose_32_16,0.009500,512x16x0,1x16x0,2048x64x1x1
node_983,kernel_mul_mat_Ab_Bi_8x4,0.380800,8x512x1,1x128x1,2048x64x1x1
ffn_inp-15,kernel_add,0.021600,4096x1x1,64x1x1,2048x64x1x1
ffn_norm-15,kernel_rms_norm_mul,0.019800,65536x1x1,1024x1x1,2048x64x1x1
ffn_moe_logits-15,kernel_mul_mm_f32_f32_l4_lm,0.507200,128x1x1,128x1x1,64x64x1x1
ffn_moe_probs-15,kernel_soft_max_4,0.003700,4096x1x1,64x1x1,64x64x1x1
ffn_moe_argsort-15,kernel_argsort_f32_i32,0.015100,64x64x1,64x1x1,64x64x1x1
ffn_moe_weights-15,kernel_get_rows_f32,0.004000,384x64x1,64x1x1,1x6x64x1
ffn_moe_weights_scaled-15,kernel_scale,0.001900,96x1x1,64x1x1,1x6x64x1
ffn_moe_gate-15,kernel_mul_mv_id_q4_0_f32_8x_flat,9.293200,11264x1x384,64x1x1,1408x6x64x1
ffn_moe_up-15,kernel_mul_mv_id_q4_0_f32_8x_flat,9.228100,11264x1x384,64x1x1,1408x6x64x1
ffn_moe_weighted-15,kernel_swiglu,0.083700,196608x1x1,512x1x1,1408x6x64x1
ffn_moe_down-15,kernel_mul_mv_id_q4_0_f32_8x_flat,9.882000,16384x1x384,64x1x1,2048x6x64x1
node_999,kernel_mul,0.099300,384x64x1,64x1x1,2048x6x64x1
ffn_gate-15,kernel_transpose_32_16,0.011500,512x16x0,1x16x0,2816x64x1x1
ffn_gate-15,kernel_mul_mat_Ab_Bi_8x4,0.382100,8x704x1,1x128x1,2816x64x1x1
ffn_up-15,kernel_transpose_32_16,0.010000,512x16x0,1x16x0,2816x64x1x1
ffn_up-15,kernel_mul_mat_Ab_Bi_8x4,0.385100,8x704x1,1x128x1,2816x64x1x1
ffn_swiglu-15,kernel_swiglu,0.022600,32768x1x1,512x1x1,2816x64x1x1
node_1009,kernel_add,0.021400,4096x1x1,64x1x1,2048x64x1x1
node_1010,kernel_add,0.020200,4096x1x1,64x1x1,2048x64x1x1
node_1011,kernel_add,0.017300,4096x1x1,64x1x1,2048x64x1x1
node_1012,kernel_add,0.017400,4096x1x1,64x1x1,2048x64x1x1
ffn_moe_out-15,kernel_add,0.017700,4096x1x1,64x1x1,2048x64x1x1
ffn_shexp-15,kernel_transpose_32_16,0.012500,704x16x0,1x16x0,2048x64x1x1
ffn_shexp-15,kernel_mul_mat_Ab_Bi_8x4,0.526600,8x512x1,1x128x1,2048x64x1x1
ffn_out-15,kernel_add,0.022100,4096x1x1,64x1x1,2048x64x1x1
l_out-15,kernel_add,0.017000,4096x1x1,64x1x1,2048x64x1x1
attn_norm-16,kernel_rms_norm_mul,0.019200,65536x1x1,1024x1x1,2048x64x1x1
q-16,kernel_transpose_32_16,0.006700,512x16x0,1x16x0,3072x64x1x1
q-16,kernel_mul_mat_Ab_Bi_8x4,0.389600,8x768x1,1x128x1,3072x64x1x1
q_pe-16,kernel_rope_norm_f32,0.011700,1024x64x1,64x1x1,64x16x64x1
Qcur-16,kernel_concat_f32_non_contiguous,0.349000,16x64x1,0x0x0,192x16x64x1
kv_cmpr_pe-16,kernel_transpose_32_16,0.010200,512x16x0,1x16x0,576x64x1x1
kv_cmpr_pe-16,kernel_mul_mat_Ab_Bi_8x4,0.317600,8x144x1,1x128x1,576x64x1x1
k_pe-16,kernel_rope_norm_f32,0.003100,64x64x1,64x1x1,64x1x64x1
node_1027,kernel_repeat,0.284400,16x64x1,0x0x0,64x16x64x1
kv_cmpr-16,kernel_rms_norm_mul,0.009600,32768x1x1,512x1x1,512x64x1x1
kv-16,kernel_transpose_32_16,0.003900,128x16x0,1x16x0,4096x64x1x1
kv-16,kernel_mul_mat_Ab_Bi_8x4,0.133700,8x1024x1,1x128x1,4096x64x1x1
Kcur-16,kernel_concat_f32_non_contiguous,0.387100,16x64x1,0x0x0,192x16x64x1
Vcur_cont-16,kernel_cpy_f32_f32,0.014300,1024x64x1,64x1x1,128x16x64x1
cache_k_l16 (view),kernel_set_rows_f16_i64,0.015500,65536x1x1,1024x1x1,3072x4096x1x1
cache_v_l16 (view),kernel_set_rows_f16_i64,0.011100,65536x1x1,1024x1x1,2048x4096x1x1
__fattn__-16,flash_attn_f32_f16,9.367200,64x16x0,16x1x0,128x16x64x1
node_1048,kernel_transpose_32_16,0.010400,512x16x0,1x16x0,2048x64x1x1
node_1048,kernel_mul_mat_Ab_Bi_8x4,0.379500,8x512x1,1x128x1,2048x64x1x1
ffn_inp-16,kernel_add,0.020800,4096x1x1,64x1x1,2048x64x1x1
ffn_norm-16,kernel_rms_norm_mul,0.019400,65536x1x1,1024x1x1,2048x64x1x1
ffn_moe_logits-16,kernel_mul_mm_f32_f32_l4_lm,0.507800,128x1x1,128x1x1,64x64x1x1
ffn_moe_probs-16,kernel_soft_max_4,0.003700,4096x1x1,64x1x1,64x64x1x1
ffn_moe_argsort-16,kernel_argsort_f32_i32,0.015700,64x64x1,64x1x1,64x64x1x1
ffn_moe_weights-16,kernel_get_rows_f32,0.004400,384x64x1,64x1x1,1x6x64x1
ffn_moe_weights_scaled-16,kernel_scale,0.001800,96x1x1,64x1x1,1x6x64x1
ffn_moe_gate-16,kernel_mul_mv_id_q4_0_f32_8x_flat,9.119500,11264x1x384,64x1x1,1408x6x64x1
ffn_moe_up-16,kernel_mul_mv_id_q4_0_f32_8x_flat,9.163400,11264x1x384,64x1x1,1408x6x64x1
ffn_moe_weighted-16,kernel_swiglu,0.082400,196608x1x1,512x1x1,1408x6x64x1
ffn_moe_down-16,kernel_mul_mv_id_q4_0_f32_8x_flat,9.877300,16384x1x384,64x1x1,2048x6x64x1
node_1064,kernel_mul,0.100100,384x64x1,64x1x1,2048x6x64x1
ffn_gate-16,kernel_transpose_32_16,0.010600,512x16x0,1x16x0,2816x64x1x1
ffn_gate-16,kernel_mul_mat_Ab_Bi_8x4,0.381200,8x704x1,1x128x1,2816x64x1x1
ffn_up-16,kernel_transpose_32_16,0.010600,512x16x0,1x16x0,2816x64x1x1
ffn_up-16,kernel_mul_mat_Ab_Bi_8x4,0.384800,8x704x1,1x128x1,2816x64x1x1
ffn_swiglu-16,kernel_swiglu,0.022900,32768x1x1,512x1x1,2816x64x1x1
node_1074,kernel_add,0.024200,4096x1x1,64x1x1,2048x64x1x1
node_1075,kernel_add,0.020800,4096x1x1,64x1x1,2048x64x1x1
node_1076,kernel_add,0.017500,4096x1x1,64x1x1,2048x64x1x1
node_1077,kernel_add,0.016400,4096x1x1,64x1x1,2048x64x1x1
ffn_moe_out-16,kernel_add,0.017700,4096x1x1,64x1x1,2048x64x1x1
ffn_shexp-16,kernel_transpose_32_16,0.013300,704x16x0,1x16x0,2048x64x1x1
ffn_shexp-16,kernel_mul_mat_Ab_Bi_8x4,0.534000,8x512x1,1x128x1,2048x64x1x1
ffn_out-16,kernel_add,0.020700,4096x1x1,64x1x1,2048x64x1x1
l_out-16,kernel_add,0.018400,4096x1x1,64x1x1,2048x64x1x1
attn_norm-17,kernel_rms_norm_mul,0.019000,65536x1x1,1024x1x1,2048x64x1x1
q-17,kernel_transpose_32_16,0.006800,512x16x0,1x16x0,3072x64x1x1
q-17,kernel_mul_mat_Ab_Bi_8x4,0.390200,8x768x1,1x128x1,3072x64x1x1
q_pe-17,kernel_rope_norm_f32,0.012300,1024x64x1,64x1x1,64x16x64x1
Qcur-17,kernel_concat_f32_non_contiguous,0.349000,16x64x1,0x0x0,192x16x64x1
kv_cmpr_pe-17,kernel_transpose_32_16,0.010300,512x16x0,1x16x0,576x64x1x1
kv_cmpr_pe-17,kernel_mul_mat_Ab_Bi_8x4,0.315300,8x144x1,1x128x1,576x64x1x1
k_pe-17,kernel_rope_norm_f32,0.002600,64x64x1,64x1x1,64x1x64x1
node_1092,kernel_repeat,0.286300,16x64x1,0x0x0,64x16x64x1
kv_cmpr-17,kernel_rms_norm_mul,0.010200,32768x1x1,512x1x1,512x64x1x1
kv-17,kernel_transpose_32_16,0.004200,128x16x0,1x16x0,4096x64x1x1
kv-17,kernel_mul_mat_Ab_Bi_8x4,0.134200,8x1024x1,1x128x1,4096x64x1x1
Kcur-17,kernel_concat_f32_non_contiguous,0.394500,16x64x1,0x0x0,192x16x64x1
Vcur_cont-17,kernel_cpy_f32_f32,0.013700,1024x64x1,64x1x1,128x16x64x1
cache_k_l17 (view),kernel_set_rows_f16_i64,0.016500,65536x1x1,1024x1x1,3072x4096x1x1
cache_v_l17 (view),kernel_set_rows_f16_i64,0.012400,65536x1x1,1024x1x1,2048x4096x1x1
__fattn__-17,flash_attn_f32_f16,9.352500,64x16x0,16x1x0,128x16x64x1
node_1113,kernel_transpose_32_16,0.010100,512x16x0,1x16x0,2048x64x1x1
node_1113,kernel_mul_mat_Ab_Bi_8x4,0.391900,8x512x1,1x128x1,2048x64x1x1
ffn_inp-17,kernel_add,0.022100,4096x1x1,64x1x1,2048x64x1x1
ffn_norm-17,kernel_rms_norm_mul,0.019600,65536x1x1,1024x1x1,2048x64x1x1
ffn_moe_logits-17,kernel_mul_mm_f32_f32_l4_lm,0.514400,128x1x1,128x1x1,64x64x1x1
ffn_moe_probs-17,kernel_soft_max_4,0.003600,4096x1x1,64x1x1,64x64x1x1
ffn_moe_argsort-17,kernel_argsort_f32_i32,0.015000,64x64x1,64x1x1,64x64x1x1
ffn_moe_weights-17,kernel_get_rows_f32,0.004100,384x64x1,64x1x1,1x6x64x1
ffn_moe_weights_scaled-17,kernel_scale,0.001800,96x1x1,64x1x1,1x6x64x1
ffn_moe_gate-17,kernel_mul_mv_id_q4_0_f32_8x_flat,9.273400,11264x1x384,64x1x1,1408x6x64x1
ffn_moe_up-17,kernel_mul_mv_id_q4_0_f32_8x_flat,10.730500,11264x1x384,64x1x1,1408x6x64x1
ffn_moe_weighted-17,kernel_swiglu,0.085700,196608x1x1,512x1x1,1408x6x64x1
ffn_moe_down-17,kernel_mul_mv_id_q4_0_f32_8x_flat,9.909800,16384x1x384,64x1x1,2048x6x64x1
node_1129,kernel_mul,0.100800,384x64x1,64x1x1,2048x6x64x1
ffn_gate-17,kernel_transpose_32_16,0.011000,512x16x0,1x16x0,2816x64x1x1
ffn_gate-17,kernel_mul_mat_Ab_Bi_8x4,0.382800,8x704x1,1x128x1,2816x64x1x1
ffn_up-17,kernel_transpose_32_16,0.009900,512x16x0,1x16x0,2816x64x1x1
ffn_up-17,kernel_mul_mat_Ab_Bi_8x4,0.383500,8x704x1,1x128x1,2816x64x1x1
ffn_swiglu-17,kernel_swiglu,0.023700,32768x1x1,512x1x1,2816x64x1x1
node_1139,kernel_add,0.023600,4096x1x1,64x1x1,2048x64x1x1
node_1140,kernel_add,0.020000,4096x1x1,64x1x1,2048x64x1x1
node_1141,kernel_add,0.017300,4096x1x1,64x1x1,2048x64x1x1
node_1142,kernel_add,0.017300,4096x1x1,64x1x1,2048x64x1x1
ffn_moe_out-17,kernel_add,0.017200,4096x1x1,64x1x1,2048x64x1x1
ffn_shexp-17,kernel_transpose_32_16,0.012600,704x16x0,1x16x0,2048x64x1x1
ffn_shexp-17,kernel_mul_mat_Ab_Bi_8x4,0.526400,8x512x1,1x128x1,2048x64x1x1
ffn_out-17,kernel_add,0.021900,4096x1x1,64x1x1,2048x64x1x1
l_out-17,kernel_add,0.018000,4096x1x1,64x1x1,2048x64x1x1
attn_norm-18,kernel_rms_norm_mul,0.018900,65536x1x1,1024x1x1,2048x64x1x1
q-18,kernel_transpose_32_16,0.007000,512x16x0,1x16x0,3072x64x1x1
q-18,kernel_mul_mat_Ab_Bi_8x4,0.389400,8x768x1,1x128x1,3072x64x1x1
q_pe-18,kernel_rope_norm_f32,0.011800,1024x64x1,64x1x1,64x16x64x1
Qcur-18,kernel_concat_f32_non_contiguous,0.345900,16x64x1,0x0x0,192x16x64x1
kv_cmpr_pe-18,kernel_transpose_32_16,0.009500,512x16x0,1x16x0,576x64x1x1
kv_cmpr_pe-18,kernel_mul_mat_Ab_Bi_8x4,0.318600,8x144x1,1x128x1,576x64x1x1
k_pe-18,kernel_rope_norm_f32,0.002700,64x64x1,64x1x1,64x1x64x1
node_1157,kernel_repeat,0.284000,16x64x1,0x0x0,64x16x64x1
kv_cmpr-18,kernel_rms_norm_mul,0.009700,32768x1x1,512x1x1,512x64x1x1
kv-18,kernel_transpose_32_16,0.004200,128x16x0,1x16x0,4096x64x1x1
kv-18,kernel_mul_mat_Ab_Bi_8x4,0.134300,8x1024x1,1x128x1,4096x64x1x1
Kcur-18,kernel_concat_f32_non_contiguous,0.381700,16x64x1,0x0x0,192x16x64x1
Vcur_cont-18,kernel_cpy_f32_f32,0.010200,1024x64x1,64x1x1,128x16x64x1
cache_k_l18 (view),kernel_set_rows_f16_i64,0.015300,65536x1x1,1024x1x1,3072x4096x1x1
cache_v_l18 (view),kernel_set_rows_f16_i64,0.011600,65536x1x1,1024x1x1,2048x4096x1x1
__fattn__-18,flash_attn_f32_f16,9.369300,64x16x0,16x1x0,128x16x64x1
node_1178,kernel_transpose_32_16,0.009600,512x16x0,1x16x0,2048x64x1x1
node_1178,kernel_mul_mat_Ab_Bi_8x4,0.380600,8x512x1,1x128x1,2048x64x1x1
ffn_inp-18,kernel_add,0.020800,4096x1x1,64x1x1,2048x64x1x1
ffn_norm-18,kernel_rms_norm_mul,0.019700,65536x1x1,1024x1x1,2048x64x1x1
ffn_moe_logits-18,kernel_mul_mm_f32_f32_l4_lm,0.495300,128x1x1,128x1x1,64x64x1x1
ffn_moe_probs-18,kernel_soft_max_4,0.003900,4096x1x1,64x1x1,64x64x1x1
ffn_moe_argsort-18,kernel_argsort_f32_i32,0.015000,64x64x1,64x1x1,64x64x1x1
ffn_moe_weights-18,kernel_get_rows_f32,0.004300,384x64x1,64x1x1,1x6x64x1
ffn_moe_weights_scaled-18,kernel_scale,0.001800,96x1x1,64x1x1,1x6x64x1
ffn_moe_gate-18,kernel_mul_mv_id_q4_0_f32_8x_flat,9.165000,11264x1x384,64x1x1,1408x6x64x1
ffn_moe_up-18,kernel_mul_mv_id_q4_0_f32_8x_flat,9.239000,11264x1x384,64x1x1,1408x6x64x1
ffn_moe_weighted-18,kernel_swiglu,0.081100,196608x1x1,512x1x1,1408x6x64x1
ffn_moe_down-18,kernel_mul_mv_id_q4_0_f32_8x_flat,9.862900,16384x1x384,64x1x1,2048x6x64x1
node_1194,kernel_mul,0.097700,384x64x1,64x1x1,2048x6x64x1
ffn_gate-18,kernel_transpose_32_16,0.011900,512x16x0,1x16x0,2816x64x1x1
ffn_gate-18,kernel_mul_mat_Ab_Bi_8x4,0.385900,8x704x1,1x128x1,2816x64x1x1
ffn_up-18,kernel_transpose_32_16,0.009800,512x16x0,1x16x0,2816x64x1x1
ffn_up-18,kernel_mul_mat_Ab_Bi_8x4,0.383200,8x704x1,1x128x1,2816x64x1x1
ffn_swiglu-18,kernel_swiglu,0.024000,32768x1x1,512x1x1,2816x64x1x1
node_1204,kernel_add,0.024500,4096x1x1,64x1x1,2048x64x1x1
node_1205,kernel_add,0.016700,4096x1x1,64x1x1,2048x64x1x1
node_1206,kernel_add,0.017400,4096x1x1,64x1x1,2048x64x1x1
node_1207,kernel_add,0.017100,4096x1x1,64x1x1,2048x64x1x1
ffn_moe_out-18,kernel_add,0.017100,4096x1x1,64x1x1,2048x64x1x1
ffn_shexp-18,kernel_transpose_32_16,0.013200,704x16x0,1x16x0,2048x64x1x1
ffn_shexp-18,kernel_mul_mat_Ab_Bi_8x4,0.523100,8x512x1,1x128x1,2048x64x1x1
ffn_out-18,kernel_add,0.020100,4096x1x1,64x1x1,2048x64x1x1
l_out-18,kernel_add,0.019000,4096x1x1,64x1x1,2048x64x1x1
attn_norm-19,kernel_rms_norm_mul,0.019300,65536x1x1,1024x1x1,2048x64x1x1
q-19,kernel_transpose_32_16,0.009800,512x16x0,1x16x0,3072x64x1x1
q-19,kernel_mul_mat_Ab_Bi_8x4,0.389500,8x768x1,1x128x1,3072x64x1x1
q_pe-19,kernel_rope_norm_f32,0.012200,1024x64x1,64x1x1,64x16x64x1
Qcur-19,kernel_concat_f32_non_contiguous,0.350700,16x64x1,0x0x0,192x16x64x1
kv_cmpr_pe-19,kernel_transpose_32_16,0.010600,512x16x0,1x16x0,576x64x1x1
kv_cmpr_pe-19,kernel_mul_mat_Ab_Bi_8x4,0.316400,8x144x1,1x128x1,576x64x1x1
k_pe-19,kernel_rope_norm_f32,0.002700,64x64x1,64x1x1,64x1x64x1
node_1222,kernel_repeat,0.284400,16x64x1,0x0x0,64x16x64x1
kv_cmpr-19,kernel_rms_norm_mul,0.009600,32768x1x1,512x1x1,512x64x1x1
kv-19,kernel_transpose_32_16,0.004200,128x16x0,1x16x0,4096x64x1x1
kv-19,kernel_mul_mat_Ab_Bi_8x4,0.134400,8x1024x1,1x128x1,4096x64x1x1
Kcur-19,kernel_concat_f32_non_contiguous,0.411900,16x64x1,0x0x0,192x16x64x1
Vcur_cont-19,kernel_cpy_f32_f32,0.013300,1024x64x1,64x1x1,128x16x64x1
cache_k_l19 (view),kernel_set_rows_f16_i64,0.016500,65536x1x1,1024x1x1,3072x4096x1x1
cache_v_l19 (view),kernel_set_rows_f16_i64,0.011300,65536x1x1,1024x1x1,2048x4096x1x1
__fattn__-19,flash_attn_f32_f16,9.376300,64x16x0,16x1x0,128x16x64x1
node_1243,kernel_transpose_32_16,0.010300,512x16x0,1x16x0,2048x64x1x1
node_1243,kernel_mul_mat_Ab_Bi_8x4,0.377700,8x512x1,1x128x1,2048x64x1x1
ffn_inp-19,kernel_add,0.021100,4096x1x1,64x1x1,2048x64x1x1
ffn_norm-19,kernel_rms_norm_mul,0.019300,65536x1x1,1024x1x1,2048x64x1x1
ffn_moe_logits-19,kernel_mul_mm_f32_f32_l4_lm,0.510400,128x1x1,128x1x1,64x64x1x1
ffn_moe_probs-19,kernel_soft_max_4,0.003600,4096x1x1,64x1x1,64x64x1x1
ffn_moe_argsort-19,kernel_argsort_f32_i32,0.015100,64x64x1,64x1x1,64x64x1x1
ffn_moe_weights-19,kernel_get_rows_f32,0.004500,384x64x1,64x1x1,1x6x64x1
ffn_moe_weights_scaled-19,kernel_scale,0.001700,96x1x1,64x1x1,1x6x64x1
ffn_moe_gate-19,kernel_mul_mv_id_q4_0_f32_8x_flat,9.207400,11264x1x384,64x1x1,1408x6x64x1
ffn_moe_up-19,kernel_mul_mv_id_q4_0_f32_8x_flat,9.197600,11264x1x384,64x1x1,1408x6x64x1
ffn_moe_weighted-19,kernel_swiglu,0.082000,196608x1x1,512x1x1,1408x6x64x1
ffn_moe_down-19,kernel_mul_mv_id_q4_0_f32_8x_flat,9.861800,16384x1x384,64x1x1,2048x6x64x1
node_1259,kernel_mul,0.099300,384x64x1,64x1x1,2048x6x64x1
ffn_gate-19,kernel_transpose_32_16,0.011200,512x16x0,1x16x0,2816x64x1x1
ffn_gate-19,kernel_mul_mat_Ab_Bi_8x4,0.386600,8x704x1,1x128x1,2816x64x1x1
ffn_up-19,kernel_transpose_32_16,0.010000,512x16x0,1x16x0,2816x64x1x1
ffn_up-19,kernel_mul_mat_Ab_Bi_8x4,0.387200,8x704x1,1x128x1,2816x64x1x1
ffn_swiglu-19,kernel_swiglu,0.023000,32768x1x1,512x1x1,2816x64x1x1
node_1269,kernel_add,0.024700,4096x1x1,64x1x1,2048x64x1x1
node_1270,kernel_add,0.020600,4096x1x1,64x1x1,2048x64x1x1
node_1271,kernel_add,0.017100,4096x1x1,64x1x1,2048x64x1x1
node_1272,kernel_add,0.017000,4096x1x1,64x1x1,2048x64x1x1
ffn_moe_out-19,kernel_add,0.017300,4096x1x1,64x1x1,2048x64x1x1
ffn_shexp-19,kernel_transpose_32_16,0.012800,704x16x0,1x16x0,2048x64x1x1
ffn_shexp-19,kernel_mul_mat_Ab_Bi_8x4,0.523700,8x512x1,1x128x1,2048x64x1x1
ffn_out-19,kernel_add,0.021300,4096x1x1,64x1x1,2048x64x1x1
l_out-19,kernel_add,0.018300,4096x1x1,64x1x1,2048x64x1x1
attn_norm-20,kernel_rms_norm_mul,0.019000,65536x1x1,1024x1x1,2048x64x1x1
q-20,kernel_transpose_32_16,0.006900,512x16x0,1x16x0,3072x64x1x1
q-20,kernel_mul_mat_Ab_Bi_8x4,0.390900,8x768x1,1x128x1,3072x64x1x1
q_pe-20,kernel_rope_norm_f32,0.009300,1024x64x1,64x1x1,64x16x64x1
Qcur-20,kernel_concat_f32_non_contiguous,0.346300,16x64x1,0x0x0,192x16x64x1
kv_cmpr_pe-20,kernel_transpose_32_16,0.010700,512x16x0,1x16x0,576x64x1x1
kv_cmpr_pe-20,kernel_mul_mat_Ab_Bi_8x4,0.316800,8x144x1,1x128x1,576x64x1x1
k_pe-20,kernel_rope_norm_f32,0.002600,64x64x1,64x1x1,64x1x64x1
node_1287,kernel_repeat,0.286700,16x64x1,0x0x0,64x16x64x1
kv_cmpr-20,kernel_rms_norm_mul,0.010000,32768x1x1,512x1x1,512x64x1x1
kv-20,kernel_transpose_32_16,0.004000,128x16x0,1x16x0,4096x64x1x1
kv-20,kernel_mul_mat_Ab_Bi_8x4,0.134800,8x1024x1,1x128x1,4096x64x1x1
Kcur-20,kernel_concat_f32_non_contiguous,0.385200,16x64x1,0x0x0,192x16x64x1
Vcur_cont-20,kernel_cpy_f32_f32,0.014200,1024x64x1,64x1x1,128x16x64x1
cache_k_l20 (view),kernel_set_rows_f16_i64,0.015800,65536x1x1,1024x1x1,3072x4096x1x1
cache_v_l20 (view),kernel_set_rows_f16_i64,0.011600,65536x1x1,1024x1x1,2048x4096x1x1
__fattn__-20,flash_attn_f32_f16,9.368900,64x16x0,16x1x0,128x16x64x1
node_1308,kernel_transpose_32_16,0.010000,512x16x0,1x16x0,2048x64x1x1
node_1308,kernel_mul_mat_Ab_Bi_8x4,0.378000,8x512x1,1x128x1,2048x64x1x1
ffn_inp-20,kernel_add,0.016700,4096x1x1,64x1x1,2048x64x1x1
ffn_norm-20,kernel_rms_norm_mul,0.019500,65536x1x1,1024x1x1,2048x64x1x1
ffn_moe_logits-20,kernel_mul_mm_f32_f32_l4_lm,0.514400,128x1x1,128x1x1,64x64x1x1
ffn_moe_probs-20,kernel_soft_max_4,0.003600,4096x1x1,64x1x1,64x64x1x1
ffn_moe_argsort-20,kernel_argsort_f32_i32,0.015200,64x64x1,64x1x1,64x64x1x1
ffn_moe_weights-20,kernel_get_rows_f32,0.004100,384x64x1,64x1x1,1x6x64x1
ffn_moe_weights_scaled-20,kernel_scale,0.001800,96x1x1,64x1x1,1x6x64x1
ffn_moe_gate-20,kernel_mul_mv_id_q4_0_f32_8x_flat,9.155100,11264x1x384,64x1x1,1408x6x64x1
ffn_moe_up-20,kernel_mul_mv_id_q4_0_f32_8x_flat,9.127600,11264x1x384,64x1x1,1408x6x64x1
ffn_moe_weighted-20,kernel_swiglu,0.081600,196608x1x1,512x1x1,1408x6x64x1
ffn_moe_down-20,kernel_mul_mv_id_q4_0_f32_8x_flat,9.861800,16384x1x384,64x1x1,2048x6x64x1
node_1324,kernel_mul,0.101400,384x64x1,64x1x1,2048x6x64x1
ffn_gate-20,kernel_transpose_32_16,0.010900,512x16x0,1x16x0,2816x64x1x1
ffn_gate-20,kernel_mul_mat_Ab_Bi_8x4,0.383100,8x704x1,1x128x1,2816x64x1x1
ffn_up-20,kernel_transpose_32_16,0.010000,512x16x0,1x16x0,2816x64x1x1
ffn_up-20,kernel_mul_mat_Ab_Bi_8x4,0.385300,8x704x1,1x128x1,2816x64x1x1
ffn_swiglu-20,kernel_swiglu,0.021200,32768x1x1,512x1x1,2816x64x1x1
node_1334,kernel_add,0.024900,4096x1x1,64x1x1,2048x64x1x1
node_1335,kernel_add,0.021000,4096x1x1,64x1x1,2048x64x1x1
node_1336,kernel_add,0.017700,4096x1x1,64x1x1,2048x64x1x1
node_1337,kernel_add,0.018000,4096x1x1,64x1x1,2048x64x1x1
ffn_moe_out-20,kernel_add,0.017000,4096x1x1,64x1x1,2048x64x1x1
ffn_shexp-20,kernel_transpose_32_16,0.012900,704x16x0,1x16x0,2048x64x1x1
ffn_shexp-20,kernel_mul_mat_Ab_Bi_8x4,0.528900,8x512x1,1x128x1,2048x64x1x1
ffn_out-20,kernel_add,0.015700,4096x1x1,64x1x1,2048x64x1x1
l_out-20,kernel_add,0.018100,4096x1x1,64x1x1,2048x64x1x1
attn_norm-21,kernel_rms_norm_mul,0.019200,65536x1x1,1024x1x1,2048x64x1x1
q-21,kernel_transpose_32_16,0.007100,512x16x0,1x16x0,3072x64x1x1
q-21,kernel_mul_mat_Ab_Bi_8x4,0.391500,8x768x1,1x128x1,3072x64x1x1
q_pe-21,kernel_rope_norm_f32,0.012500,1024x64x1,64x1x1,64x16x64x1
Qcur-21,kernel_concat_f32_non_contiguous,0.346400,16x64x1,0x0x0,192x16x64x1
kv_cmpr_pe-21,kernel_transpose_32_16,0.010200,512x16x0,1x16x0,576x64x1x1
kv_cmpr_pe-21,kernel_mul_mat_Ab_Bi_8x4,0.316400,8x144x1,1x128x1,576x64x1x1
k_pe-21,kernel_rope_norm_f32,0.002800,64x64x1,64x1x1,64x1x64x1
node_1352,kernel_repeat,0.286200,16x64x1,0x0x0,64x16x64x1
kv_cmpr-21,kernel_rms_norm_mul,0.009500,32768x1x1,512x1x1,512x64x1x1
kv-21,kernel_transpose_32_16,0.004200,128x16x0,1x16x0,4096x64x1x1
kv-21,kernel_mul_mat_Ab_Bi_8x4,0.134800,8x1024x1,1x128x1,4096x64x1x1
Kcur-21,kernel_concat_f32_non_contiguous,0.394000,16x64x1,0x0x0,192x16x64x1
Vcur_cont-21,kernel_cpy_f32_f32,0.013700,1024x64x1,64x1x1,128x16x64x1
cache_k_l21 (view),kernel_set_rows_f16_i64,0.014600,65536x1x1,1024x1x1,3072x4096x1x1
cache_v_l21 (view),kernel_set_rows_f16_i64,0.011500,65536x1x1,1024x1x1,2048x4096x1x1
__fattn__-21,flash_attn_f32_f16,9.380900,64x16x0,16x1x0,128x16x64x1
node_1373,kernel_transpose_32_16,0.009600,512x16x0,1x16x0,2048x64x1x1
node_1373,kernel_mul_mat_Ab_Bi_8x4,0.371900,8x512x1,1x128x1,2048x64x1x1
ffn_inp-21,kernel_add,0.021000,4096x1x1,64x1x1,2048x64x1x1
ffn_norm-21,kernel_rms_norm_mul,0.019400,65536x1x1,1024x1x1,2048x64x1x1
ffn_moe_logits-21,kernel_mul_mm_f32_f32_l4_lm,0.506000,128x1x1,128x1x1,64x64x1x1
ffn_moe_probs-21,kernel_soft_max_4,0.003900,4096x1x1,64x1x1,64x64x1x1
ffn_moe_argsort-21,kernel_argsort_f32_i32,0.015000,64x64x1,64x1x1,64x64x1x1
ffn_moe_weights-21,kernel_get_rows_f32,0.004100,384x64x1,64x1x1,1x6x64x1
ffn_moe_weights_scaled-21,kernel_scale,0.001700,96x1x1,64x1x1,1x6x64x1
ffn_moe_gate-21,kernel_mul_mv_id_q4_0_f32_8x_flat,9.215100,11264x1x384,64x1x1,1408x6x64x1
ffn_moe_up-21,kernel_mul_mv_id_q4_0_f32_8x_flat,9.204400,11264x1x384,64x1x1,1408x6x64x1
ffn_moe_weighted-21,kernel_swiglu,0.081100,196608x1x1,512x1x1,1408x6x64x1
ffn_moe_down-21,kernel_mul_mv_id_q4_0_f32_8x_flat,9.894200,16384x1x384,64x1x1,2048x6x64x1
node_1389,kernel_mul,0.099700,384x64x1,64x1x1,2048x6x64x1
ffn_gate-21,kernel_transpose_32_16,0.011100,512x16x0,1x16x0,2816x64x1x1
ffn_gate-21,kernel_mul_mat_Ab_Bi_8x4,0.382200,8x704x1,1x128x1,2816x64x1x1
ffn_up-21,kernel_transpose_32_16,0.009900,512x16x0,1x16x0,2816x64x1x1
ffn_up-21,kernel_mul_mat_Ab_Bi_8x4,0.384800,8x704x1,1x128x1,2816x64x1x1
ffn_swiglu-21,kernel_swiglu,0.024100,32768x1x1,512x1x1,2816x64x1x1
node_1399,kernel_add,0.023600,4096x1x1,64x1x1,2048x64x1x1
node_1400,kernel_add,0.020500,4096x1x1,64x1x1,2048x64x1x1
node_1401,kernel_add,0.017100,4096x1x1,64x1x1,2048x64x1x1
node_1402,kernel_add,0.017700,4096x1x1,64x1x1,2048x64x1x1
ffn_moe_out-21,kernel_add,0.017600,4096x1x1,64x1x1,2048x64x1x1
ffn_shexp-21,kernel_transpose_32_16,0.013000,704x16x0,1x16x0,2048x64x1x1
ffn_shexp-21,kernel_mul_mat_Ab_Bi_8x4,0.529000,8x512x1,1x128x1,2048x64x1x1
ffn_out-21,kernel_add,0.021400,4096x1x1,64x1x1,2048x64x1x1
l_out-21,kernel_add,0.018000,4096x1x1,64x1x1,2048x64x1x1
attn_norm-22,kernel_rms_norm_mul,0.019300,65536x1x1,1024x1x1,2048x64x1x1
q-22,kernel_transpose_32_16,0.009400,512x16x0,1x16x0,3072x64x1x1
q-22,kernel_mul_mat_Ab_Bi_8x4,0.389400,8x768x1,1x128x1,3072x64x1x1
q_pe-22,kernel_rope_norm_f32,0.012000,1024x64x1,64x1x1,64x16x64x1
Qcur-22,kernel_concat_f32_non_contiguous,0.348800,16x64x1,0x0x0,192x16x64x1
kv_cmpr_pe-22,kernel_transpose_32_16,0.010300,512x16x0,1x16x0,576x64x1x1
kv_cmpr_pe-22,kernel_mul_mat_Ab_Bi_8x4,0.316400,8x144x1,1x128x1,576x64x1x1
k_pe-22,kernel_rope_norm_f32,0.002600,64x64x1,64x1x1,64x1x64x1
node_1417,kernel_repeat,0.284700,16x64x1,0x0x0,64x16x64x1
kv_cmpr-22,kernel_rms_norm_mul,0.009900,32768x1x1,512x1x1,512x64x1x1
kv-22,kernel_transpose_32_16,0.004000,128x16x0,1x16x0,4096x64x1x1
kv-22,kernel_mul_mat_Ab_Bi_8x4,0.134200,8x1024x1,1x128x1,4096x64x1x1
Kcur-22,kernel_concat_f32_non_contiguous,0.396000,16x64x1,0x0x0,192x16x64x1
Vcur_cont-22,kernel_cpy_f32_f32,0.013800,1024x64x1,64x1x1,128x16x64x1
cache_k_l22 (view),kernel_set_rows_f16_i64,0.015900,65536x1x1,1024x1x1,3072x4096x1x1
cache_v_l22 (view),kernel_set_rows_f16_i64,0.011600,65536x1x1,1024x1x1,2048x4096x1x1
__fattn__-22,flash_attn_f32_f16,9.367000,64x16x0,16x1x0,128x16x64x1
node_1438,kernel_transpose_32_16,0.009000,512x16x0,1x16x0,2048x64x1x1
node_1438,kernel_mul_mat_Ab_Bi_8x4,0.379700,8x512x1,1x128x1,2048x64x1x1
ffn_inp-22,kernel_add,0.021500,4096x1x1,64x1x1,2048x64x1x1
ffn_norm-22,kernel_rms_norm_mul,0.019600,65536x1x1,1024x1x1,2048x64x1x1
ffn_moe_logits-22,kernel_mul_mm_f32_f32_l4_lm,0.508600,128x1x1,128x1x1,64x64x1x1
ffn_moe_probs-22,kernel_soft_max_4,0.003700,4096x1x1,64x1x1,64x64x1x1
ffn_moe_argsort-22,kernel_argsort_f32_i32,0.015300,64x64x1,64x1x1,64x64x1x1
ffn_moe_weights-22,kernel_get_rows_f32,0.004100,384x64x1,64x1x1,1x6x64x1
ffn_moe_weights_scaled-22,kernel_scale,0.002000,96x1x1,64x1x1,1x6x64x1
ffn_moe_gate-22,kernel_mul_mv_id_q4_0_f32_8x_flat,9.182600,11264x1x384,64x1x1,1408x6x64x1
ffn_moe_up-22,kernel_mul_mv_id_q4_0_f32_8x_flat,9.181400,11264x1x384,64x1x1,1408x6x64x1
ffn_moe_weighted-22,kernel_swiglu,0.082300,196608x1x1,512x1x1,1408x6x64x1
ffn_moe_down-22,kernel_mul_mv_id_q4_0_f32_8x_flat,9.859400,16384x1x384,64x1x1,2048x6x64x1
node_1454,kernel_mul,0.099900,384x64x1,64x1x1,2048x6x64x1
ffn_gate-22,kernel_transpose_32_16,0.011600,512x16x0,1x16x0,2816x64x1x1
ffn_gate-22,kernel_mul_mat_Ab_Bi_8x4,0.385700,8x704x1,1x128x1,2816x64x1x1
ffn_up-22,kernel_transpose_32_16,0.009800,512x16x0,1x16x0,2816x64x1x1
ffn_up-22,kernel_mul_mat_Ab_Bi_8x4,0.384100,8x704x1,1x128x1,2816x64x1x1
ffn_swiglu-22,kernel_swiglu,0.024300,32768x1x1,512x1x1,2816x64x1x1
node_1464,kernel_add,0.024000,4096x1x1,64x1x1,2048x64x1x1
node_1465,kernel_add,0.021300,4096x1x1,64x1x1,2048x64x1x1
node_1466,kernel_add,0.016800,4096x1x1,64x1x1,2048x64x1x1
node_1467,kernel_add,0.017500,4096x1x1,64x1x1,2048x64x1x1
ffn_moe_out-22,kernel_add,0.017000,4096x1x1,64x1x1,2048x64x1x1
ffn_shexp-22,kernel_transpose_32_16,0.011500,704x16x0,1x16x0,2048x64x1x1
ffn_shexp-22,kernel_mul_mat_Ab_Bi_8x4,0.531600,8x512x1,1x128x1,2048x64x1x1
ffn_out-22,kernel_add,0.020800,4096x1x1,64x1x1,2048x64x1x1
l_out-22,kernel_add,0.018300,4096x1x1,64x1x1,2048x64x1x1
attn_norm-23,kernel_rms_norm_mul,0.019100,65536x1x1,1024x1x1,2048x64x1x1
q-23,kernel_transpose_32_16,0.007100,512x16x0,1x16x0,3072x64x1x1
q-23,kernel_mul_mat_Ab_Bi_8x4,0.388700,8x768x1,1x128x1,3072x64x1x1
q_pe-23,kernel_rope_norm_f32,0.013100,1024x64x1,64x1x1,64x16x64x1
Qcur-23,kernel_concat_f32_non_contiguous,0.345900,16x64x1,0x0x0,192x16x64x1
kv_cmpr_pe-23,kernel_transpose_32_16,0.010200,512x16x0,1x16x0,576x64x1x1
kv_cmpr_pe-23,kernel_mul_mat_Ab_Bi_8x4,0.317600,8x144x1,1x128x1,576x64x1x1
k_pe-23,kernel_rope_norm_f32,0.002800,64x64x1,64x1x1,64x1x64x1
node_1482,kernel_repeat,0.286100,16x64x1,0x0x0,64x16x64x1
kv_cmpr-23,kernel_rms_norm_mul,0.010000,32768x1x1,512x1x1,512x64x1x1
kv-23,kernel_transpose_32_16,0.003900,128x16x0,1x16x0,4096x64x1x1
kv-23,kernel_mul_mat_Ab_Bi_8x4,0.134800,8x1024x1,1x128x1,4096x64x1x1
Kcur-23,kernel_concat_f32_non_contiguous,0.409500,16x64x1,0x0x0,192x16x64x1
Vcur_cont-23,kernel_cpy_f32_f32,0.013900,1024x64x1,64x1x1,128x16x64x1
cache_k_l23 (view),kernel_set_rows_f16_i64,0.016100,65536x1x1,1024x1x1,3072x4096x1x1
cache_v_l23 (view),kernel_set_rows_f16_i64,0.011300,65536x1x1,1024x1x1,2048x4096x1x1
__fattn__-23,flash_attn_f32_f16,9.348100,64x16x0,16x1x0,128x16x64x1
node_1503,kernel_transpose_32_16,0.009400,512x16x0,1x16x0,2048x64x1x1
node_1503,kernel_mul_mat_Ab_Bi_8x4,0.386100,8x512x1,1x128x1,2048x64x1x1
ffn_inp-23,kernel_add,0.021800,4096x1x1,64x1x1,2048x64x1x1
ffn_norm-23,kernel_rms_norm_mul,0.019400,65536x1x1,1024x1x1,2048x64x1x1
ffn_moe_logits-23,kernel_mul_mm_f32_f32_l4_lm,0.514500,128x1x1,128x1x1,64x64x1x1
ffn_moe_probs-23,kernel_soft_max_4,0.003600,4096x1x1,64x1x1,64x64x1x1
ffn_moe_argsort-23,kernel_argsort_f32_i32,0.015200,64x64x1,64x1x1,64x64x1x1
ffn_moe_weights-23,kernel_get_rows_f32,0.004100,384x64x1,64x1x1,1x6x64x1
ffn_moe_weights_scaled-23,kernel_scale,0.001800,96x1x1,64x1x1,1x6x64x1
ffn_moe_gate-23,kernel_mul_mv_id_q4_0_f32_8x_flat,9.215100,11264x1x384,64x1x1,1408x6x64x1
ffn_moe_up-23,kernel_mul_mv_id_q4_0_f32_8x_flat,9.235300,11264x1x384,64x1x1,1408x6x64x1
ffn_moe_weighted-23,kernel_swiglu,0.082800,196608x1x1,512x1x1,1408x6x64x1
ffn_moe_down-23,kernel_mul_mv_id_q4_0_f32_8x_flat,9.884500,16384x1x384,64x1x1,2048x6x64x1
node_1519,kernel_mul,0.099900,384x64x1,64x1x1,2048x6x64x1
ffn_gate-23,kernel_transpose_32_16,0.011000,512x16x0,1x16x0,2816x64x1x1
ffn_gate-23,kernel_mul_mat_Ab_Bi_8x4,0.382200,8x704x1,1x128x1,2816x64x1x1
ffn_up-23,kernel_transpose_32_16,0.009800,512x16x0,1x16x0,2816x64x1x1
ffn_up-23,kernel_mul_mat_Ab_Bi_8x4,0.388500,8x704x1,1x128x1,2816x64x1x1
ffn_swiglu-23,kernel_swiglu,0.022600,32768x1x1,512x1x1,2816x64x1x1
node_1529,kernel_add,0.022000,4096x1x1,64x1x1,2048x64x1x1
node_1530,kernel_add,0.019300,4096x1x1,64x1x1,2048x64x1x1
node_1531,kernel_add,0.017500,4096x1x1,64x1x1,2048x64x1x1
node_1532,kernel_add,0.017400,4096x1x1,64x1x1,2048x64x1x1
ffn_moe_out-23,kernel_add,0.018000,4096x1x1,64x1x1,2048x64x1x1
ffn_shexp-23,kernel_transpose_32_16,0.012700,704x16x0,1x16x0,2048x64x1x1
ffn_shexp-23,kernel_mul_mat_Ab_Bi_8x4,0.528400,8x512x1,1x128x1,2048x64x1x1
ffn_out-23,kernel_add,0.021400,4096x1x1,64x1x1,2048x64x1x1
l_out-23,kernel_add,0.016800,4096x1x1,64x1x1,2048x64x1x1
attn_norm-24,kernel_rms_norm_mul,0.019100,65536x1x1,1024x1x1,2048x64x1x1
q-24,kernel_transpose_32_16,0.006600,512x16x0,1x16x0,3072x64x1x1
q-24,kernel_mul_mat_Ab_Bi_8x4,0.388700,8x768x1,1x128x1,3072x64x1x1
q_pe-24,kernel_rope_norm_f32,0.011800,1024x64x1,64x1x1,64x16x64x1
Qcur-24,kernel_concat_f32_non_contiguous,0.349800,16x64x1,0x0x0,192x16x64x1
kv_cmpr_pe-24,kernel_transpose_32_16,0.010500,512x16x0,1x16x0,576x64x1x1
kv_cmpr_pe-24,kernel_mul_mat_Ab_Bi_8x4,0.316000,8x144x1,1x128x1,576x64x1x1
k_pe-24,kernel_rope_norm_f32,0.003100,64x64x1,64x1x1,64x1x64x1
node_1547,kernel_repeat,0.285600,16x64x1,0x0x0,64x16x64x1
kv_cmpr-24,kernel_rms_norm_mul,0.009900,32768x1x1,512x1x1,512x64x1x1
kv-24,kernel_transpose_32_16,0.003800,128x16x0,1x16x0,4096x64x1x1
kv-24,kernel_mul_mat_Ab_Bi_8x4,0.133800,8x1024x1,1x128x1,4096x64x1x1
Kcur-24,kernel_concat_f32_non_contiguous,0.389900,16x64x1,0x0x0,192x16x64x1
Vcur_cont-24,kernel_cpy_f32_f32,0.014000,1024x64x1,64x1x1,128x16x64x1
cache_k_l24 (view),kernel_set_rows_f16_i64,0.016000,65536x1x1,1024x1x1,3072x4096x1x1
cache_v_l24 (view),kernel_set_rows_f16_i64,0.011200,65536x1x1,1024x1x1,2048x4096x1x1
__fattn__-24,flash_attn_f32_f16,9.345300,64x16x0,16x1x0,128x16x64x1
node_1568,kernel_transpose_32_16,0.009500,512x16x0,1x16x0,2048x64x1x1
node_1568,kernel_mul_mat_Ab_Bi_8x4,0.379400,8x512x1,1x128x1,2048x64x1x1
ffn_inp-24,kernel_add,0.020800,4096x1x1,64x1x1,2048x64x1x1
ffn_norm-24,kernel_rms_norm_mul,0.019400,65536x1x1,1024x1x1,2048x64x1x1
ffn_moe_logits-24,kernel_mul_mm_f32_f32_l4_lm,0.516000,128x1x1,128x1x1,64x64x1x1
ffn_moe_probs-24,kernel_soft_max_4,0.003700,4096x1x1,64x1x1,64x64x1x1
ffn_moe_argsort-24,kernel_argsort_f32_i32,0.015500,64x64x1,64x1x1,64x64x1x1
ffn_moe_weights-24,kernel_get_rows_f32,0.004400,384x64x1,64x1x1,1x6x64x1
ffn_moe_weights_scaled-24,kernel_scale,0.001900,96x1x1,64x1x1,1x6x64x1
ffn_moe_gate-24,kernel_mul_mv_id_q4_0_f32_8x_flat,9.180500,11264x1x384,64x1x1,1408x6x64x1
ffn_moe_up-24,kernel_mul_mv_id_q4_0_f32_8x_flat,9.210300,11264x1x384,64x1x1,1408x6x64x1
ffn_moe_weighted-24,kernel_swiglu,0.083000,196608x1x1,512x1x1,1408x6x64x1
ffn_moe_down-24,kernel_mul_mv_id_q4_0_f32_8x_flat,9.872000,16384x1x384,64x1x1,2048x6x64x1
node_1584,kernel_mul,0.101500,384x64x1,64x1x1,2048x6x64x1
ffn_gate-24,kernel_transpose_32_16,0.010700,512x16x0,1x16x0,2816x64x1x1
ffn_gate-24,kernel_mul_mat_Ab_Bi_8x4,0.385700,8x704x1,1x128x1,2816x64x1x1
ffn_up-24,kernel_transpose_32_16,0.010000,512x16x0,1x16x0,2816x64x1x1
ffn_up-24,kernel_mul_mat_Ab_Bi_8x4,0.383700,8x704x1,1x128x1,2816x64x1x1
ffn_swiglu-24,kernel_swiglu,0.023900,32768x1x1,512x1x1,2816x64x1x1
node_1594,kernel_add,0.024000,4096x1x1,64x1x1,2048x64x1x1
node_1595,kernel_add,0.021700,4096x1x1,64x1x1,2048x64x1x1
node_1596,kernel_add,0.017200,4096x1x1,64x1x1,2048x64x1x1
node_1597,kernel_add,0.016800,4096x1x1,64x1x1,2048x64x1x1
ffn_moe_out-24,kernel_add,0.017700,4096x1x1,64x1x1,2048x64x1x1
ffn_shexp-24,kernel_transpose_32_16,0.013400,704x16x0,1x16x0,2048x64x1x1
ffn_shexp-24,kernel_mul_mat_Ab_Bi_8x4,0.536600,8x512x1,1x128x1,2048x64x1x1
ffn_out-24,kernel_add,0.020700,4096x1x1,64x1x1,2048x64x1x1
l_out-24,kernel_add,0.018400,4096x1x1,64x1x1,2048x64x1x1
attn_norm-25,kernel_rms_norm_mul,0.019200,65536x1x1,1024x1x1,2048x64x1x1
q-25,kernel_transpose_32_16,0.006900,512x16x0,1x16x0,3072x64x1x1
q-25,kernel_mul_mat_Ab_Bi_8x4,0.385500,8x768x1,1x128x1,3072x64x1x1
q_pe-25,kernel_rope_norm_f32,0.012300,1024x64x1,64x1x1,64x16x64x1
Qcur-25,kernel_concat_f32_non_contiguous,0.349400,16x64x1,0x0x0,192x16x64x1
kv_cmpr_pe-25,kernel_transpose_32_16,0.010300,512x16x0,1x16x0,576x64x1x1
kv_cmpr_pe-25,kernel_mul_mat_Ab_Bi_8x4,0.316800,8x144x1,1x128x1,576x64x1x1
k_pe-25,kernel_rope_norm_f32,0.002600,64x64x1,64x1x1,64x1x64x1
node_1612,kernel_repeat,0.286200,16x64x1,0x0x0,64x16x64x1
kv_cmpr-25,kernel_rms_norm_mul,0.010000,32768x1x1,512x1x1,512x64x1x1
kv-25,kernel_transpose_32_16,0.004200,128x16x0,1x16x0,4096x64x1x1
kv-25,kernel_mul_mat_Ab_Bi_8x4,0.132600,8x1024x1,1x128x1,4096x64x1x1
Kcur-25,kernel_concat_f32_non_contiguous,0.397000,16x64x1,0x0x0,192x16x64x1
Vcur_cont-25,kernel_cpy_f32_f32,0.013700,1024x64x1,64x1x1,128x16x64x1
cache_k_l25 (view),kernel_set_rows_f16_i64,0.015900,65536x1x1,1024x1x1,3072x4096x1x1
cache_v_l25 (view),kernel_set_rows_f16_i64,0.011500,65536x1x1,1024x1x1,2048x4096x1x1
__fattn__-25,flash_attn_f32_f16,9.388200,64x16x0,16x1x0,128x16x64x1
node_1633,kernel_transpose_32_16,0.009600,512x16x0,1x16x0,2048x64x1x1
node_1633,kernel_mul_mat_Ab_Bi_8x4,0.383300,8x512x1,1x128x1,2048x64x1x1
ffn_inp-25,kernel_add,0.021800,4096x1x1,64x1x1,2048x64x1x1
ffn_norm-25,kernel_rms_norm_mul,0.019300,65536x1x1,1024x1x1,2048x64x1x1
ffn_moe_logits-25,kernel_mul_mm_f32_f32_l4_lm,0.510600,128x1x1,128x1x1,64x64x1x1
ffn_moe_probs-25,kernel_soft_max_4,0.003700,4096x1x1,64x1x1,64x64x1x1
ffn_moe_argsort-25,kernel_argsort_f32_i32,0.015100,64x64x1,64x1x1,64x64x1x1
ffn_moe_weights-25,kernel_get_rows_f32,0.004100,384x64x1,64x1x1,1x6x64x1
ffn_moe_weights_scaled-25,kernel_scale,0.001900,96x1x1,64x1x1,1x6x64x1
ffn_moe_gate-25,kernel_mul_mv_id_q4_0_f32_8x_flat,9.263500,11264x1x384,64x1x1,1408x6x64x1
ffn_moe_up-25,kernel_mul_mv_id_q4_0_f32_8x_flat,9.296400,11264x1x384,64x1x1,1408x6x64x1
ffn_moe_weighted-25,kernel_swiglu,0.081200,196608x1x1,512x1x1,1408x6x64x1
ffn_moe_down-25,kernel_mul_mv_id_q4_0_f32_8x_flat,9.891700,16384x1x384,64x1x1,2048x6x64x1
node_1649,kernel_mul,0.101600,384x64x1,64x1x1,2048x6x64x1
ffn_gate-25,kernel_transpose_32_16,0.012000,512x16x0,1x16x0,2816x64x1x1
ffn_gate-25,kernel_mul_mat_Ab_Bi_8x4,0.383400,8x704x1,1x128x1,2816x64x1x1
ffn_up-25,kernel_transpose_32_16,0.009900,512x16x0,1x16x0,2816x64x1x1
ffn_up-25,kernel_mul_mat_Ab_Bi_8x4,0.383100,8x704x1,1x128x1,2816x64x1x1
ffn_swiglu-25,kernel_swiglu,0.023200,32768x1x1,512x1x1,2816x64x1x1
node_1659,kernel_add,0.024300,4096x1x1,64x1x1,2048x64x1x1
node_1660,kernel_add,0.020700,4096x1x1,64x1x1,2048x64x1x1
node_1661,kernel_add,0.017200,4096x1x1,64x1x1,2048x64x1x1
node_1662,kernel_add,0.017200,4096x1x1,64x1x1,2048x64x1x1
ffn_moe_out-25,kernel_add,0.018000,4096x1x1,64x1x1,2048x64x1x1
ffn_shexp-25,kernel_transpose_32_16,0.012300,704x16x0,1x16x0,2048x64x1x1
ffn_shexp-25,kernel_mul_mat_Ab_Bi_8x4,0.520700,8x512x1,1x128x1,2048x64x1x1
ffn_out-25,kernel_add,0.021300,4096x1x1,64x1x1,2048x64x1x1
l_out-25,kernel_add,0.018300,4096x1x1,64x1x1,2048x64x1x1
attn_norm-26,kernel_rms_norm_mul,0.019100,65536x1x1,1024x1x1,2048x64x1x1
q-26,kernel_transpose_32_16,0.006700,512x16x0,1x16x0,3072x64x1x1
q-26,kernel_mul_mat_Ab_Bi_8x4,0.389500,8x768x1,1x128x1,3072x64x1x1
q_pe-26,kernel_rope_norm_f32,0.011700,1024x64x1,64x1x1,64x16x64x1
Qcur-26,kernel_concat_f32_non_contiguous,0.346300,16x64x1,0x0x0,192x16x64x1
kv_cmpr_pe-26,kernel_transpose_32_16,0.009400,512x16x0,1x16x0,576x64x1x1
kv_cmpr_pe-26,kernel_mul_mat_Ab_Bi_8x4,0.318800,8x144x1,1x128x1,576x64x1x1
k_pe-26,kernel_rope_norm_f32,0.002800,64x64x1,64x1x1,64x1x64x1
node_1677,kernel_repeat,0.284800,16x64x1,0x0x0,64x16x64x1
kv_cmpr-26,kernel_rms_norm_mul,0.009800,32768x1x1,512x1x1,512x64x1x1
kv-26,kernel_transpose_32_16,0.003900,128x16x0,1x16x0,4096x64x1x1
kv-26,kernel_mul_mat_Ab_Bi_8x4,0.133200,8x1024x1,1x128x1,4096x64x1x1
Kcur-26,kernel_concat_f32_non_contiguous,0.413500,16x64x1,0x0x0,192x16x64x1
Vcur_cont-26,kernel_cpy_f32_f32,0.010200,1024x64x1,64x1x1,128x16x64x1
cache_k_l26 (view),kernel_set_rows_f16_i64,0.015900,65536x1x1,1024x1x1,3072x4096x1x1
cache_v_l26 (view),kernel_set_rows_f16_i64,0.011600,65536x1x1,1024x1x1,2048x4096x1x1
__fattn__-26,flash_attn_f32_f16,9.354200,64x16x0,16x1x0,128x16x64x1
node_1698,kernel_transpose_32_16,0.009500,512x16x0,1x16x0,2048x64x1x1
node_1698,kernel_mul_mat_Ab_Bi_8x4,0.376200,8x512x1,1x128x1,2048x64x1x1
attn_norm-0,kernel_rms_norm_mul,0.021500,65536x1x1,1024x1x1,2048x64x1x1
q-0,kernel_transpose_32_16,0.010800,512x16x0,1x16x0,3072x64x1x1
q-0,kernel_mul_mat_Ab_Bi_8x4,0.390900,8x768x1,1x128x1,3072x64x1x1
q_pe-0,kernel_rope_norm_f32,0.012500,1024x64x1,64x1x1,64x16x64x1
Qcur-0,kernel_concat_f32_non_contiguous,0.345600,16x64x1,0x0x0,192x16x64x1
kv_cmpr_pe-0,kernel_transpose_32_16,0.010300,512x16x0,1x16x0,576x64x1x1
kv_cmpr_pe-0,kernel_mul_mat_Ab_Bi_8x4,0.315700,8x144x1,1x128x1,576x64x1x1
k_pe-0,kernel_rope_norm_f32,0.002800,64x64x1,64x1x1,64x1x64x1
node_11,kernel_repeat,0.284400,16x64x1,0x0x0,64x16x64x1
kv_cmpr-0,kernel_rms_norm_mul,0.009800,32768x1x1,512x1x1,512x64x1x1
kv-0,kernel_transpose_32_16,0.004000,128x16x0,1x16x0,4096x64x1x1
kv-0,kernel_mul_mat_Ab_Bi_8x4,0.134700,8x1024x1,1x128x1,4096x64x1x1
Kcur-0,kernel_concat_f32_non_contiguous,0.383000,16x64x1,0x0x0,192x16x64x1
Vcur_cont-0,kernel_cpy_f32_f32,0.013600,1024x64x1,64x1x1,128x16x64x1
cache_k_l0 (view),kernel_set_rows_f16_i64,0.015700,65536x1x1,1024x1x1,3072x4096x1x1
cache_v_l0 (view),kernel_set_rows_f16_i64,0.011700,65536x1x1,1024x1x1,2048x4096x1x1
 (copy),kernel_cpy_f32_f16,0.005100,4096x1x1,64x1x1,512x64x1x1
__fattn__-0,flash_attn_f32_f16,9.418000,64x16x0,16x1x0,128x16x64x1
node_33,kernel_transpose_32_16,0.009800,512x16x0,1x16x0,2048x64x1x1
node_33,kernel_mul_mat_Ab_Bi_8x4,0.369200,8x512x1,1x128x1,2048x64x1x1
ffn_inp-0,kernel_add,0.023100,4096x1x1,64x1x1,2048x64x1x1
ffn_norm-0,kernel_rms_norm_mul,0.019300,65536x1x1,1024x1x1,2048x64x1x1
ffn_gate-0,kernel_transpose_32_16,0.009600,512x16x0,1x16x0,10944x64x1x1
ffn_gate-0,kernel_mul_mat_Ab_Bi_8x4,1.160800,8x2736x1,1x128x1,10944x64x1x1
ffn_up-0,kernel_transpose_32_16,0.010700,512x16x0,1x16x0,10944x64x1x1
ffn_up-0,kernel_mul_mat_Ab_Bi_8x4,1.162600,8x2736x1,1x128x1,10944x64x1x1
ffn_swiglu-0,kernel_swiglu,0.112500,32768x1x1,512x1x1,10944x64x1x1
ffn_out-0,kernel_transpose_32_16,0.043300,2736x16x0,1x16x0,2048x64x1x1
ffn_out-0,kernel_mul_mat_Ab_Bi_8x4,1.924300,8x512x1,1x128x1,2048x64x1x1
l_out-0,kernel_add,0.021100,4096x1x1,64x1x1,2048x64x1x1
attn_norm-1,kernel_rms_norm_mul,0.019400,65536x1x1,1024x1x1,2048x64x1x1
q-1,kernel_transpose_32_16,0.006900,512x16x0,1x16x0,3072x64x1x1
q-1,kernel_mul_mat_Ab_Bi_8x4,0.386700,8x768x1,1x128x1,3072x64x1x1
q_pe-1,kernel_rope_norm_f32,0.012700,1024x64x1,64x1x1,64x16x64x1
Qcur-1,kernel_concat_f32_non_contiguous,0.347400,16x64x1,0x0x0,192x16x64x1
kv_cmpr_pe-1,kernel_transpose_32_16,0.010200,512x16x0,1x16x0,576x64x1x1
kv_cmpr_pe-1,kernel_mul_mat_Ab_Bi_8x4,0.316400,8x144x1,1x128x1,576x64x1x1
k_pe-1,kernel_rope_norm_f32,0.002700,64x64x1,64x1x1,64x1x64x1
node_52,kernel_repeat,0.285600,16x64x1,0x0x0,64x16x64x1
kv_cmpr-1,kernel_rms_norm_mul,0.010200,32768x1x1,512x1x1,512x64x1x1
kv-1,kernel_transpose_32_16,0.004200,128x16x0,1x16x0,4096x64x1x1
kv-1,kernel_mul_mat_Ab_Bi_8x4,0.134600,8x1024x1,1x128x1,4096x64x1x1
Kcur-1,kernel_concat_f32_non_contiguous,0.388200,16x64x1,0x0x0,192x16x64x1
Vcur_cont-1,kernel_cpy_f32_f32,0.013200,1024x64x1,64x1x1,128x16x64x1
cache_k_l1 (view),kernel_set_rows_f16_i64,0.015500,65536x1x1,1024x1x1,3072x4096x1x1
cache_v_l1 (view),kernel_set_rows_f16_i64,0.011500,65536x1x1,1024x1x1,2048x4096x1x1
__fattn__-1,flash_attn_f32_f16,9.405900,64x16x0,16x1x0,128x16x64x1
node_73,kernel_transpose_32_16,0.009200,512x16x0,1x16x0,2048x64x1x1
node_73,kernel_mul_mat_Ab_Bi_8x4,0.383300,8x512x1,1x128x1,2048x64x1x1
ffn_inp-1,kernel_add,0.021100,4096x1x1,64x1x1,2048x64x1x1
ffn_norm-1,kernel_rms_norm_mul,0.019300,65536x1x1,1024x1x1,2048x64x1x1
ffn_moe_logits-1,kernel_mul_mm_f32_f32_l4_lm,0.504900,128x1x1,128x1x1,64x64x1x1
ffn_moe_probs-1,kernel_soft_max_4,0.003600,4096x1x1,64x1x1,64x64x1x1
ffn_moe_argsort-1,kernel_argsort_f32_i32,0.015000,64x64x1,64x1x1,64x64x1x1
ffn_moe_weights-1,kernel_get_rows_f32,0.004000,384x64x1,64x1x1,1x6x64x1
ffn_moe_weights_scaled-1,kernel_scale,0.001700,96x1x1,64x1x1,1x6x64x1
ffn_moe_gate-1,kernel_mul_mv_id_q4_0_f32_8x_flat,9.156800,11264x1x384,64x1x1,1408x6x64x1
ffn_moe_up-1,kernel_mul_mv_id_q4_0_f32_8x_flat,9.194300,11264x1x384,64x1x1,1408x6x64x1
ffn_moe_weighted-1,kernel_swiglu,0.082500,196608x1x1,512x1x1,1408x6x64x1
ffn_moe_down-1,kernel_mul_mv_id_q4_0_f32_8x_flat,9.870000,16384x1x384,64x1x1,2048x6x64x1
node_89,kernel_mul,0.098700,384x64x1,64x1x1,2048x6x64x1
ffn_gate-1,kernel_transpose_32_16,0.011300,512x16x0,1x16x0,2816x64x1x1
ffn_gate-1,kernel_mul_mat_Ab_Bi_8x4,0.385200,8x704x1,1x128x1,2816x64x1x1
ffn_up-1,kernel_transpose_32_16,0.009700,512x16x0,1x16x0,2816x64x1x1
ffn_up-1,kernel_mul_mat_Ab_Bi_8x4,0.385900,8x704x1,1x128x1,2816x64x1x1
ffn_swiglu-1,kernel_swiglu,0.023300,32768x1x1,512x1x1,2816x64x1x1
node_99,kernel_add,0.025300,4096x1x1,64x1x1,2048x64x1x1
node_100,kernel_add,0.020100,4096x1x1,64x1x1,2048x64x1x1
node_101,kernel_add,0.017800,4096x1x1,64x1x1,2048x64x1x1
node_102,kernel_add,0.017600,4096x1x1,64x1x1,2048x64x1x1
ffn_moe_out-1,kernel_add,0.017300,4096x1x1,64x1x1,2048x64x1x1
ffn_shexp-1,kernel_transpose_32_16,0.012600,704x16x0,1x16x0,2048x64x1x1
ffn_shexp-1,kernel_mul_mat_Ab_Bi_8x4,0.524600,8x512x1,1x128x1,2048x64x1x1
ffn_out-1,kernel_add,0.021300,4096x1x1,64x1x1,2048x64x1x1
l_out-1,kernel_add,0.017800,4096x1x1,64x1x1,2048x64x1x1
attn_norm-2,kernel_rms_norm_mul,0.019100,65536x1x1,1024x1x1,2048x64x1x1
q-2,kernel_transpose_32_16,0.007000,512x16x0,1x16x0,3072x64x1x1
q-2,kernel_mul_mat_Ab_Bi_8x4,0.387000,8x768x1,1x128x1,3072x64x1x1
q_pe-2,kernel_rope_norm_f32,0.012300,1024x64x1,64x1x1,64x16x64x1
Qcur-2,kernel_concat_f32_non_contiguous,0.347000,16x64x1,0x0x0,192x16x64x1
kv_cmpr_pe-2,kernel_transpose_32_16,0.009200,512x16x0,1x16x0,576x64x1x1
kv_cmpr_pe-2,kernel_mul_mat_Ab_Bi_8x4,0.314200,8x144x1,1x128x1,576x64x1x1
k_pe-2,kernel_rope_norm_f32,0.002800,64x64x1,64x1x1,64x1x64x1
node_117,kernel_repeat,0.285000,16x64x1,0x0x0,64x16x64x1
kv_cmpr-2,kernel_rms_norm_mul,0.009800,32768x1x1,512x1x1,512x64x1x1
kv-2,kernel_transpose_32_16,0.004000,128x16x0,1x16x0,4096x64x1x1
kv-2,kernel_mul_mat_Ab_Bi_8x4,0.133300,8x1024x1,1x128x1,4096x64x1x1
Kcur-2,kernel_concat_f32_non_contiguous,0.413200,16x64x1,0x0x0,192x16x64x1
Vcur_cont-2,kernel_cpy_f32_f32,0.010300,1024x64x1,64x1x1,128x16x64x1
cache_k_l2 (view),kernel_set_rows_f16_i64,0.015500,65536x1x1,1024x1x1,3072x4096x1x1
cache_v_l2 (view),kernel_set_rows_f16_i64,0.011600,65536x1x1,1024x1x1,2048x4096x1x1
__fattn__-2,flash_attn_f32_f16,9.375400,64x16x0,16x1x0,128x16x64x1
node_138,kernel_transpose_32_16,0.010200,512x16x0,1x16x0,2048x64x1x1
node_138,kernel_mul_mat_Ab_Bi_8x4,0.375700,8x512x1,1x128x1,2048x64x1x1
ffn_inp-2,kernel_add,0.021300,4096x1x1,64x1x1,2048x64x1x1
ffn_norm-2,kernel_rms_norm_mul,0.019300,65536x1x1,1024x1x1,2048x64x1x1
ffn_moe_logits-2,kernel_mul_mm_f32_f32_l4_lm,0.499000,128x1x1,128x1x1,64x64x1x1
ffn_moe_probs-2,kernel_soft_max_4,0.003700,4096x1x1,64x1x1,64x64x1x1
ffn_moe_argsort-2,kernel_argsort_f32_i32,0.015300,64x64x1,64x1x1,64x64x1x1
ffn_moe_weights-2,kernel_get_rows_f32,0.004400,384x64x1,64x1x1,1x6x64x1
ffn_moe_weights_scaled-2,kernel_scale,0.001800,96x1x1,64x1x1,1x6x64x1
ffn_moe_gate-2,kernel_mul_mv_id_q4_0_f32_8x_flat,9.254400,11264x1x384,64x1x1,1408x6x64x1
ffn_moe_up-2,kernel_mul_mv_id_q4_0_f32_8x_flat,9.223300,11264x1x384,64x1x1,1408x6x64x1
ffn_moe_weighted-2,kernel_swiglu,0.082900,196608x1x1,512x1x1,1408x6x64x1
ffn_moe_down-2,kernel_mul_mv_id_q4_0_f32_8x_flat,9.887900,16384x1x384,64x1x1,2048x6x64x1
node_154,kernel_mul,0.100400,384x64x1,64x1x1,2048x6x64x1
ffn_gate-2,kernel_transpose_32_16,0.010800,512x16x0,1x16x0,2816x64x1x1
ffn_gate-2,kernel_mul_mat_Ab_Bi_8x4,0.384700,8x704x1,1x128x1,2816x64x1x1
ffn_up-2,kernel_transpose_32_16,0.010300,512x16x0,1x16x0,2816x64x1x1
ffn_up-2,kernel_mul_mat_Ab_Bi_8x4,0.384500,8x704x1,1x128x1,2816x64x1x1
ffn_swiglu-2,kernel_swiglu,0.023400,32768x1x1,512x1x1,2816x64x1x1
node_164,kernel_add,0.024200,4096x1x1,64x1x1,2048x64x1x1
node_165,kernel_add,0.016600,4096x1x1,64x1x1,2048x64x1x1
node_166,kernel_add,0.017600,4096x1x1,64x1x1,2048x64x1x1
node_167,kernel_add,0.017600,4096x1x1,64x1x1,2048x64x1x1
ffn_moe_out-2,kernel_add,0.017100,4096x1x1,64x1x1,2048x64x1x1
ffn_shexp-2,kernel_transpose_32_16,0.013200,704x16x0,1x16x0,2048x64x1x1
ffn_shexp-2,kernel_mul_mat_Ab_Bi_8x4,0.526700,8x512x1,1x128x1,2048x64x1x1
ffn_out-2,kernel_add,0.020700,4096x1x1,64x1x1,2048x64x1x1
l_out-2,kernel_add,0.018800,4096x1x1,64x1x1,2048x64x1x1
attn_norm-3,kernel_rms_norm_mul,0.019400,65536x1x1,1024x1x1,2048x64x1x1
q-3,kernel_transpose_32_16,0.009900,512x16x0,1x16x0,3072x64x1x1
q-3,kernel_mul_mat_Ab_Bi_8x4,0.389800,8x768x1,1x128x1,3072x64x1x1
q_pe-3,kernel_rope_norm_f32,0.012000,1024x64x1,64x1x1,64x16x64x1
Qcur-3,kernel_concat_f32_non_contiguous,0.349400,16x64x1,0x0x0,192x16x64x1
kv_cmpr_pe-3,kernel_transpose_32_16,0.010700,512x16x0,1x16x0,576x64x1x1
kv_cmpr_pe-3,kernel_mul_mat_Ab_Bi_8x4,0.315300,8x144x1,1x128x1,576x64x1x1
k_pe-3,kernel_rope_norm_f32,0.002600,64x64x1,64x1x1,64x1x64x1
node_182,kernel_repeat,0.284900,16x64x1,0x0x0,64x16x64x1
kv_cmpr-3,kernel_rms_norm_mul,0.009600,32768x1x1,512x1x1,512x64x1x1
kv-3,kernel_transpose_32_16,0.004000,128x16x0,1x16x0,4096x64x1x1
kv-3,kernel_mul_mat_Ab_Bi_8x4,0.133500,8x1024x1,1x128x1,4096x64x1x1
Kcur-3,kernel_concat_f32_non_contiguous,0.396700,16x64x1,0x0x0,192x16x64x1
Vcur_cont-3,kernel_cpy_f32_f32,0.013600,1024x64x1,64x1x1,128x16x64x1
cache_k_l3 (view),kernel_set_rows_f16_i64,0.016100,65536x1x1,1024x1x1,3072x4096x1x1
cache_v_l3 (view),kernel_set_rows_f16_i64,0.011600,65536x1x1,1024x1x1,2048x4096x1x1
__fattn__-3,flash_attn_f32_f16,9.351400,64x16x0,16x1x0,128x16x64x1
node_203,kernel_transpose_32_16,0.009300,512x16x0,1x16x0,2048x64x1x1
node_203,kernel_mul_mat_Ab_Bi_8x4,0.378300,8x512x1,1x128x1,2048x64x1x1
ffn_inp-3,kernel_add,0.021300,4096x1x1,64x1x1,2048x64x1x1
ffn_norm-3,kernel_rms_norm_mul,0.019200,65536x1x1,1024x1x1,2048x64x1x1
ffn_moe_logits-3,kernel_mul_mm_f32_f32_l4_lm,0.503600,128x1x1,128x1x1,64x64x1x1
ffn_moe_probs-3,kernel_soft_max_4,0.003700,4096x1x1,64x1x1,64x64x1x1
ffn_moe_argsort-3,kernel_argsort_f32_i32,0.015200,64x64x1,64x1x1,64x64x1x1
ffn_moe_weights-3,kernel_get_rows_f32,0.004500,384x64x1,64x1x1,1x6x64x1
ffn_moe_weights_scaled-3,kernel_scale,0.001700,96x1x1,64x1x1,1x6x64x1
ffn_moe_gate-3,kernel_mul_mv_id_q4_0_f32_8x_flat,9.153700,11264x1x384,64x1x1,1408x6x64x1
ffn_moe_up-3,kernel_mul_mv_id_q4_0_f32_8x_flat,9.135700,11264x1x384,64x1x1,1408x6x64x1
ffn_moe_weighted-3,kernel_swiglu,0.081600,196608x1x1,512x1x1,1408x6x64x1
ffn_moe_down-3,kernel_mul_mv_id_q4_0_f32_8x_flat,9.861000,16384x1x384,64x1x1,2048x6x64x1
node_219,kernel_mul,0.101200,384x64x1,64x1x1,2048x6x64x1
ffn_gate-3,kernel_transpose_32_16,0.011200,512x16x0,1x16x0,2816x64x1x1
ffn_gate-3,kernel_mul_mat_Ab_Bi_8x4,0.385600,8x704x1,1x128x1,2816x64x1x1
ffn_up-3,kernel_transpose_32_16,0.010000,512x16x0,1x16x0,2816x64x1x1
ffn_up-3,kernel_mul_mat_Ab_Bi_8x4,0.382800,8x704x1,1x128x1,2816x64x1x1
ffn_swiglu-3,kernel_swiglu,0.023900,32768x1x1,512x1x1,2816x64x1x1
node_229,kernel_add,0.024400,4096x1x1,64x1x1,2048x64x1x1
node_230,kernel_add,0.020300,4096x1x1,64x1x1,2048x64x1x1
node_231,kernel_add,0.017400,4096x1x1,64x1x1,2048x64x1x1
node_232,kernel_add,0.017700,4096x1x1,64x1x1,2048x64x1x1
ffn_moe_out-3,kernel_add,0.017300,4096x1x1,64x1x1,2048x64x1x1
ffn_shexp-3,kernel_transpose_32_16,0.012900,704x16x0,1x16x0,2048x64x1x1
ffn_shexp-3,kernel_mul_mat_Ab_Bi_8x4,0.532100,8x512x1,1x128x1,2048x64x1x1
ffn_out-3,kernel_add,0.021000,4096x1x1,64x1x1,2048x64x1x1
l_out-3,kernel_add,0.018400,4096x1x1,64x1x1,2048x64x1x1
attn_norm-4,kernel_rms_norm_mul,0.019200,65536x1x1,1024x1x1,2048x64x1x1
q-4,kernel_transpose_32_16,0.006500,512x16x0,1x16x0,3072x64x1x1
q-4,kernel_mul_mat_Ab_Bi_8x4,0.390200,8x768x1,1x128x1,3072x64x1x1
q_pe-4,kernel_rope_norm_f32,0.009300,1024x64x1,64x1x1,64x16x64x1
Qcur-4,kernel_concat_f32_non_contiguous,0.344300,16x64x1,0x0x0,192x16x64x1
kv_cmpr_pe-4,kernel_transpose_32_16,0.010600,512x16x0,1x16x0,576x64x1x1
kv_cmpr_pe-4,kernel_mul_mat_Ab_Bi_8x4,0.315700,8x144x1,1x128x1,576x64x1x1
k_pe-4,kernel_rope_norm_f32,0.002600,64x64x1,64x1x1,64x1x64x1
node_247,kernel_repeat,0.284800,16x64x1,0x0x0,64x16x64x1
kv_cmpr-4,kernel_rms_norm_mul,0.009900,32768x1x1,512x1x1,512x64x1x1
kv-4,kernel_transpose_32_16,0.003900,128x16x0,1x16x0,4096x64x1x1
kv-4,kernel_mul_mat_Ab_Bi_8x4,0.133200,8x1024x1,1x128x1,4096x64x1x1
Kcur-4,kernel_concat_f32_non_contiguous,0.409600,16x64x1,0x0x0,192x16x64x1
Vcur_cont-4,kernel_cpy_f32_f32,0.013700,1024x64x1,64x1x1,128x16x64x1
cache_k_l4 (view),kernel_set_rows_f16_i64,0.015600,65536x1x1,1024x1x1,3072x4096x1x1
cache_v_l4 (view),kernel_set_rows_f16_i64,0.011500,65536x1x1,1024x1x1,2048x4096x1x1
__fattn__-4,flash_attn_f32_f16,9.386300,64x16x0,16x1x0,128x16x64x1
node_268,kernel_transpose_32_16,0.010000,512x16x0,1x16x0,2048x64x1x1
node_268,kernel_mul_mat_Ab_Bi_8x4,0.377100,8x512x1,1x128x1,2048x64x1x1
ffn_inp-4,kernel_add,0.016500,4096x1x1,64x1x1,2048x64x1x1
ffn_norm-4,kernel_rms_norm_mul,0.019500,65536x1x1,1024x1x1,2048x64x1x1
ffn_moe_logits-4,kernel_mul_mm_f32_f32_l4_lm,0.506300,128x1x1,128x1x1,64x64x1x1
ffn_moe_probs-4,kernel_soft_max_4,0.003600,4096x1x1,64x1x1,64x64x1x1
ffn_moe_argsort-4,kernel_argsort_f32_i32,0.015200,64x64x1,64x1x1,64x64x1x1
ffn_moe_weights-4,kernel_get_rows_f32,0.004100,384x64x1,64x1x1,1x6x64x1
ffn_moe_weights_scaled-4,kernel_scale,0.001800,96x1x1,64x1x1,1x6x64x1
ffn_moe_gate-4,kernel_mul_mv_id_q4_0_f32_8x_flat,9.165100,11264x1x384,64x1x1,1408x6x64x1
ffn_moe_up-4,kernel_mul_mv_id_q4_0_f32_8x_flat,9.149500,11264x1x384,64x1x1,1408x6x64x1
ffn_moe_weighted-4,kernel_swiglu,0.081800,196608x1x1,512x1x1,1408x6x64x1
ffn_moe_down-4,kernel_mul_mv_id_q4_0_f32_8x_flat,9.845900,16384x1x384,64x1x1,2048x6x64x1
node_284,kernel_mul,0.100800,384x64x1,64x1x1,2048x6x64x1
ffn_gate-4,kernel_transpose_32_16,0.010800,512x16x0,1x16x0,2816x64x1x1
ffn_gate-4,kernel_mul_mat_Ab_Bi_8x4,0.382900,8x704x1,1x128x1,2816x64x1x1
ffn_up-4,kernel_transpose_32_16,0.010400,512x16x0,1x16x0,2816x64x1x1
ffn_up-4,kernel_mul_mat_Ab_Bi_8x4,0.388700,8x704x1,1x128x1,2816x64x1x1
ffn_swiglu-4,kernel_swiglu,0.021300,32768x1x1,512x1x1,2816x64x1x1
node_294,kernel_add,0.024000,4096x1x1,64x1x1,2048x64x1x1
node_295,kernel_add,0.021100,4096x1x1,64x1x1,2048x64x1x1
node_296,kernel_add,0.017400,4096x1x1,64x1x1,2048x64x1x1
node_297,kernel_add,0.017300,4096x1x1,64x1x1,2048x64x1x1
ffn_moe_out-4,kernel_add,0.016900,4096x1x1,64x1x1,2048x64x1x1
ffn_shexp-4,kernel_transpose_32_16,0.013300,704x16x0,1x16x0,2048x64x1x1
ffn_shexp-4,kernel_mul_mat_Ab_Bi_8x4,0.526400,8x512x1,1x128x1,2048x64x1x1
ffn_out-4,kernel_add,0.015700,4096x1x1,64x1x1,2048x64x1x1
l_out-4,kernel_add,0.018400,4096x1x1,64x1x1,2048x64x1x1
attn_norm-5,kernel_rms_norm_mul,0.019500,65536x1x1,1024x1x1,2048x64x1x1
q-5,kernel_transpose_32_16,0.006600,512x16x0,1x16x0,3072x64x1x1
q-5,kernel_mul_mat_Ab_Bi_8x4,0.388400,8x768x1,1x128x1,3072x64x1x1
q_pe-5,kernel_rope_norm_f32,0.012200,1024x64x1,64x1x1,64x16x64x1
Qcur-5,kernel_concat_f32_non_contiguous,0.347300,16x64x1,0x0x0,192x16x64x1
kv_cmpr_pe-5,kernel_transpose_32_16,0.010300,512x16x0,1x16x0,576x64x1x1
kv_cmpr_pe-5,kernel_mul_mat_Ab_Bi_8x4,0.315300,8x144x1,1x128x1,576x64x1x1
k_pe-5,kernel_rope_norm_f32,0.002700,64x64x1,64x1x1,64x1x64x1
node_312,kernel_repeat,0.289200,16x64x1,0x0x0,64x16x64x1
kv_cmpr-5,kernel_rms_norm_mul,0.010000,32768x1x1,512x1x1,512x64x1x1
kv-5,kernel_transpose_32_16,0.004100,128x16x0,1x16x0,4096x64x1x1
kv-5,kernel_mul_mat_Ab_Bi_8x4,0.132800,8x1024x1,1x128x1,4096x64x1x1
Kcur-5,kernel_concat_f32_non_contiguous,0.394200,16x64x1,0x0x0,192x16x64x1
Vcur_cont-5,kernel_cpy_f32_f32,0.013700,1024x64x1,64x1x1,128x16x64x1
cache_k_l5 (view),kernel_set_rows_f16_i64,0.014600,65536x1x1,1024x1x1,3072x4096x1x1
cache_v_l5 (view),kernel_set_rows_f16_i64,0.011900,65536x1x1,1024x1x1,2048x4096x1x1
__fattn__-5,flash_attn_f32_f16,9.374700,64x16x0,16x1x0,128x16x64x1
node_333,kernel_transpose_32_16,0.009600,512x16x0,1x16x0,2048x64x1x1
node_333,kernel_mul_mat_Ab_Bi_8x4,0.377700,8x512x1,1x128x1,2048x64x1x1
ffn_inp-5,kernel_add,0.021200,4096x1x1,64x1x1,2048x64x1x1
ffn_norm-5,kernel_rms_norm_mul,0.019300,65536x1x1,1024x1x1,2048x64x1x1
ffn_moe_logits-5,kernel_mul_mm_f32_f32_l4_lm,0.503700,128x1x1,128x1x1,64x64x1x1
ffn_moe_probs-5,kernel_soft_max_4,0.003900,4096x1x1,64x1x1,64x64x1x1
ffn_moe_argsort-5,kernel_argsort_f32_i32,0.015300,64x64x1,64x1x1,64x64x1x1
ffn_moe_weights-5,kernel_get_rows_f32,0.004300,384x64x1,64x1x1,1x6x64x1
ffn_moe_weights_scaled-5,kernel_scale,0.001700,96x1x1,64x1x1,1x6x64x1
ffn_moe_gate-5,kernel_mul_mv_id_q4_0_f32_8x_flat,9.098600,11264x1x384,64x1x1,1408x6x64x1
ffn_moe_up-5,kernel_mul_mv_id_q4_0_f32_8x_flat,9.073000,11264x1x384,64x1x1,1408x6x64x1
ffn_moe_weighted-5,kernel_swiglu,0.081400,196608x1x1,512x1x1,1408x6x64x1
ffn_moe_down-5,kernel_mul_mv_id_q4_0_f32_8x_flat,9.838200,16384x1x384,64x1x1,2048x6x64x1
node_349,kernel_mul,0.099800,384x64x1,64x1x1,2048x6x64x1
ffn_gate-5,kernel_transpose_32_16,0.011200,512x16x0,1x16x0,2816x64x1x1
ffn_gate-5,kernel_mul_mat_Ab_Bi_8x4,0.379400,8x704x1,1x128x1,2816x64x1x1
ffn_up-5,kernel_transpose_32_16,0.010200,512x16x0,1x16x0,2816x64x1x1
ffn_up-5,kernel_mul_mat_Ab_Bi_8x4,0.383600,8x704x1,1x128x1,2816x64x1x1
ffn_swiglu-5,kernel_swiglu,0.023100,32768x1x1,512x1x1,2816x64x1x1
node_359,kernel_add,0.024100,4096x1x1,64x1x1,2048x64x1x1
node_360,kernel_add,0.020400,4096x1x1,64x1x1,2048x64x1x1
node_361,kernel_add,0.017300,4096x1x1,64x1x1,2048x64x1x1
node_362,kernel_add,0.018000,4096x1x1,64x1x1,2048x64x1x1
ffn_moe_out-5,kernel_add,0.016900,4096x1x1,64x1x1,2048x64x1x1
ffn_shexp-5,kernel_transpose_32_16,0.012600,704x16x0,1x16x0,2048x64x1x1
ffn_shexp-5,kernel_mul_mat_Ab_Bi_8x4,0.525200,8x512x1,1x128x1,2048x64x1x1
ffn_out-5,kernel_add,0.021700,4096x1x1,64x1x1,2048x64x1x1
l_out-5,kernel_add,0.018000,4096x1x1,64x1x1,2048x64x1x1
attn_norm-6,kernel_rms_norm_mul,0.019000,65536x1x1,1024x1x1,2048x64x1x1
q-6,kernel_transpose_32_16,0.009200,512x16x0,1x16x0,3072x64x1x1
q-6,kernel_mul_mat_Ab_Bi_8x4,0.387400,8x768x1,1x128x1,3072x64x1x1
q_pe-6,kernel_rope_norm_f32,0.012000,1024x64x1,64x1x1,64x16x64x1
Qcur-6,kernel_concat_f32_non_contiguous,0.349000,16x64x1,0x0x0,192x16x64x1
kv_cmpr_pe-6,kernel_transpose_32_16,0.010200,512x16x0,1x16x0,576x64x1x1
kv_cmpr_pe-6,kernel_mul_mat_Ab_Bi_8x4,0.315000,8x144x1,1x128x1,576x64x1x1
k_pe-6,kernel_rope_norm_f32,0.002600,64x64x1,64x1x1,64x1x64x1
node_377,kernel_repeat,0.283900,16x64x1,0x0x0,64x16x64x1
kv_cmpr-6,kernel_rms_norm_mul,0.010000,32768x1x1,512x1x1,512x64x1x1
kv-6,kernel_transpose_32_16,0.003800,128x16x0,1x16x0,4096x64x1x1
kv-6,kernel_mul_mat_Ab_Bi_8x4,0.133700,8x1024x1,1x128x1,4096x64x1x1
Kcur-6,kernel_concat_f32_non_contiguous,0.412500,16x64x1,0x0x0,192x16x64x1
Vcur_cont-6,kernel_cpy_f32_f32,0.014300,1024x64x1,64x1x1,128x16x64x1
cache_k_l6 (view),kernel_set_rows_f16_i64,0.015300,65536x1x1,1024x1x1,3072x4096x1x1
cache_v_l6 (view),kernel_set_rows_f16_i64,0.011300,65536x1x1,1024x1x1,2048x4096x1x1
__fattn__-6,flash_attn_f32_f16,9.417200,64x16x0,16x1x0,128x16x64x1
node_398,kernel_transpose_32_16,0.009600,512x16x0,1x16x0,2048x64x1x1
node_398,kernel_mul_mat_Ab_Bi_8x4,0.386400,8x512x1,1x128x1,2048x64x1x1
ffn_inp-6,kernel_add,0.021100,4096x1x1,64x1x1,2048x64x1x1
ffn_norm-6,kernel_rms_norm_mul,0.019300,65536x1x1,1024x1x1,2048x64x1x1
ffn_moe_logits-6,kernel_mul_mm_f32_f32_l4_lm,0.503700,128x1x1,128x1x1,64x64x1x1
ffn_moe_probs-6,kernel_soft_max_4,0.003700,4096x1x1,64x1x1,64x64x1x1
ffn_moe_argsort-6,kernel_argsort_f32_i32,0.015100,64x64x1,64x1x1,64x64x1x1
ffn_moe_weights-6,kernel_get_rows_f32,0.004100,384x64x1,64x1x1,1x6x64x1
ffn_moe_weights_scaled-6,kernel_scale,0.002000,96x1x1,64x1x1,1x6x64x1
ffn_moe_gate-6,kernel_mul_mv_id_q4_0_f32_8x_flat,9.165000,11264x1x384,64x1x1,1408x6x64x1
ffn_moe_up-6,kernel_mul_mv_id_q4_0_f32_8x_flat,9.329500,11264x1x384,64x1x1,1408x6x64x1
ffn_moe_weighted-6,kernel_swiglu,0.082500,196608x1x1,512x1x1,1408x6x64x1
ffn_moe_down-6,kernel_mul_mv_id_q4_0_f32_8x_flat,9.900400,16384x1x384,64x1x1,2048x6x64x1
node_414,kernel_mul,0.100100,384x64x1,64x1x1,2048x6x64x1
ffn_gate-6,kernel_transpose_32_16,0.011600,512x16x0,1x16x0,2816x64x1x1
ffn_gate-6,kernel_mul_mat_Ab_Bi_8x4,0.382400,8x704x1,1x128x1,2816x64x1x1
ffn_up-6,kernel_transpose_32_16,0.009300,512x16x0,1x16x0,2816x64x1x1
ffn_up-6,kernel_mul_mat_Ab_Bi_8x4,0.382700,8x704x1,1x128x1,2816x64x1x1
ffn_swiglu-6,kernel_swiglu,0.024100,32768x1x1,512x1x1,2816x64x1x1
node_424,kernel_add,0.024300,4096x1x1,64x1x1,2048x64x1x1
node_425,kernel_add,0.021200,4096x1x1,64x1x1,2048x64x1x1
node_426,kernel_add,0.017400,4096x1x1,64x1x1,2048x64x1x1
node_427,kernel_add,0.017300,4096x1x1,64x1x1,2048x64x1x1
ffn_moe_out-6,kernel_add,0.017600,4096x1x1,64x1x1,2048x64x1x1
ffn_shexp-6,kernel_transpose_32_16,0.011600,704x16x0,1x16x0,2048x64x1x1
ffn_shexp-6,kernel_mul_mat_Ab_Bi_8x4,0.525800,8x512x1,1x128x1,2048x64x1x1
ffn_out-6,kernel_add,0.021100,4096x1x1,64x1x1,2048x64x1x1
l_out-6,kernel_add,0.018200,4096x1x1,64x1x1,2048x64x1x1
attn_norm-7,kernel_rms_norm_mul,0.019200,65536x1x1,1024x1x1,2048x64x1x1
q-7,kernel_transpose_32_16,0.006600,512x16x0,1x16x0,3072x64x1x1
q-7,kernel_mul_mat_Ab_Bi_8x4,0.389000,8x768x1,1x128x1,3072x64x1x1
q_pe-7,kernel_rope_norm_f32,0.012500,1024x64x1,64x1x1,64x16x64x1
Qcur-7,kernel_concat_f32_non_contiguous,0.344000,16x64x1,0x0x0,192x16x64x1
kv_cmpr_pe-7,kernel_transpose_32_16,0.009800,512x16x0,1x16x0,576x64x1x1
kv_cmpr_pe-7,kernel_mul_mat_Ab_Bi_8x4,0.318200,8x144x1,1x128x1,576x64x1x1
k_pe-7,kernel_rope_norm_f32,0.003000,64x64x1,64x1x1,64x1x64x1
node_442,kernel_repeat,0.285000,16x64x1,0x0x0,64x16x64x1
kv_cmpr-7,kernel_rms_norm_mul,0.009800,32768x1x1,512x1x1,512x64x1x1
kv-7,kernel_transpose_32_16,0.004000,128x16x0,1x16x0,4096x64x1x1
kv-7,kernel_mul_mat_Ab_Bi_8x4,0.135300,8x1024x1,1x128x1,4096x64x1x1
Kcur-7,kernel_concat_f32_non_contiguous,0.391100,16x64x1,0x0x0,192x16x64x1
Vcur_cont-7,kernel_cpy_f32_f32,0.013400,1024x64x1,64x1x1,128x16x64x1
cache_k_l7 (view),kernel_set_rows_f16_i64,0.017000,65536x1x1,1024x1x1,3072x4096x1x1
cache_v_l7 (view),kernel_set_rows_f16_i64,0.011300,65536x1x1,1024x1x1,2048x4096x1x1
__fattn__-7,flash_attn_f32_f16,9.356900,64x16x0,16x1x0,128x16x64x1
node_463,kernel_transpose_32_16,0.009800,512x16x0,1x16x0,2048x64x1x1
node_463,kernel_mul_mat_Ab_Bi_8x4,0.374000,8x512x1,1x128x1,2048x64x1x1
ffn_inp-7,kernel_add,0.021400,4096x1x1,64x1x1,2048x64x1x1
ffn_norm-7,kernel_rms_norm_mul,0.019500,65536x1x1,1024x1x1,2048x64x1x1
ffn_moe_logits-7,kernel_mul_mm_f32_f32_l4_lm,0.499900,128x1x1,128x1x1,64x64x1x1
ffn_moe_probs-7,kernel_soft_max_4,0.003700,4096x1x1,64x1x1,64x64x1x1
ffn_moe_argsort-7,kernel_argsort_f32_i32,0.015100,64x64x1,64x1x1,64x64x1x1
ffn_moe_weights-7,kernel_get_rows_f32,0.004000,384x64x1,64x1x1,1x6x64x1
ffn_moe_weights_scaled-7,kernel_scale,0.001800,96x1x1,64x1x1,1x6x64x1
ffn_moe_gate-7,kernel_mul_mv_id_q4_0_f32_8x_flat,9.120000,11264x1x384,64x1x1,1408x6x64x1
ffn_moe_up-7,kernel_mul_mv_id_q4_0_f32_8x_flat,9.096500,11264x1x384,64x1x1,1408x6x64x1
ffn_moe_weighted-7,kernel_swiglu,0.083500,196608x1x1,512x1x1,1408x6x64x1
ffn_moe_down-7,kernel_mul_mv_id_q4_0_f32_8x_flat,9.811900,16384x1x384,64x1x1,2048x6x64x1
node_479,kernel_mul,0.100000,384x64x1,64x1x1,2048x6x64x1
ffn_gate-7,kernel_transpose_32_16,0.010800,512x16x0,1x16x0,2816x64x1x1
ffn_gate-7,kernel_mul_mat_Ab_Bi_8x4,0.381000,8x704x1,1x128x1,2816x64x1x1
ffn_up-7,kernel_transpose_32_16,0.010300,512x16x0,1x16x0,2816x64x1x1
ffn_up-7,kernel_mul_mat_Ab_Bi_8x4,0.383400,8x704x1,1x128x1,2816x64x1x1
ffn_swiglu-7,kernel_swiglu,0.022500,32768x1x1,512x1x1,2816x64x1x1
node_489,kernel_add,0.022300,4096x1x1,64x1x1,2048x64x1x1
node_490,kernel_add,0.019900,4096x1x1,64x1x1,2048x64x1x1
node_491,kernel_add,0.017300,4096x1x1,64x1x1,2048x64x1x1
node_492,kernel_add,0.016900,4096x1x1,64x1x1,2048x64x1x1
ffn_moe_out-7,kernel_add,0.017600,4096x1x1,64x1x1,2048x64x1x1
ffn_shexp-7,kernel_transpose_32_16,0.012500,704x16x0,1x16x0,2048x64x1x1
ffn_shexp-7,kernel_mul_mat_Ab_Bi_8x4,0.524800,8x512x1,1x128x1,2048x64x1x1
ffn_out-7,kernel_add,0.021700,4096x1x1,64x1x1,2048x64x1x1
l_out-7,kernel_add,0.016600,4096x1x1,64x1x1,2048x64x1x1
attn_norm-8,kernel_rms_norm_mul,0.019100,65536x1x1,1024x1x1,2048x64x1x1
q-8,kernel_transpose_32_16,0.006800,512x16x0,1x16x0,3072x64x1x1
q-8,kernel_mul_mat_Ab_Bi_8x4,0.388300,8x768x1,1x128x1,3072x64x1x1
q_pe-8,kernel_rope_norm_f32,0.012200,1024x64x1,64x1x1,64x16x64x1
Qcur-8,kernel_concat_f32_non_contiguous,0.347600,16x64x1,0x0x0,192x16x64x1
kv_cmpr_pe-8,kernel_transpose_32_16,0.010500,512x16x0,1x16x0,576x64x1x1
kv_cmpr_pe-8,kernel_mul_mat_Ab_Bi_8x4,0.314600,8x144x1,1x128x1,576x64x1x1
k_pe-8,kernel_rope_norm_f32,0.003100,64x64x1,64x1x1,64x1x64x1
node_507,kernel_repeat,0.284300,16x64x1,0x0x0,64x16x64x1
kv_cmpr-8,kernel_rms_norm_mul,0.009600,32768x1x1,512x1x1,512x64x1x1
kv-8,kernel_transpose_32_16,0.004100,128x16x0,1x16x0,4096x64x1x1
kv-8,kernel_mul_mat_Ab_Bi_8x4,0.132300,8x1024x1,1x128x1,4096x64x1x1
Kcur-8,kernel_concat_f32_non_contiguous,0.391000,16x64x1,0x0x0,192x16x64x1
Vcur_cont-8,kernel_cpy_f32_f32,0.014200,1024x64x1,64x1x1,128x16x64x1
cache_k_l8 (view),kernel_set_rows_f16_i64,0.015900,65536x1x1,1024x1x1,3072x4096x1x1
cache_v_l8 (view),kernel_set_rows_f16_i64,0.011400,65536x1x1,1024x1x1,2048x4096x1x1
__fattn__-8,flash_attn_f32_f16,9.357800,64x16x0,16x1x0,128x16x64x1
node_528,kernel_transpose_32_16,0.010400,512x16x0,1x16x0,2048x64x1x1
node_528,kernel_mul_mat_Ab_Bi_8x4,0.380900,8x512x1,1x128x1,2048x64x1x1
ffn_inp-8,kernel_add,0.021500,4096x1x1,64x1x1,2048x64x1x1
ffn_norm-8,kernel_rms_norm_mul,0.019300,65536x1x1,1024x1x1,2048x64x1x1
ffn_moe_logits-8,kernel_mul_mm_f32_f32_l4_lm,0.507600,128x1x1,128x1x1,64x64x1x1
ffn_moe_probs-8,kernel_soft_max_4,0.003700,4096x1x1,64x1x1,64x64x1x1
ffn_moe_argsort-8,kernel_argsort_f32_i32,0.015300,64x64x1,64x1x1,64x64x1x1
ffn_moe_weights-8,kernel_get_rows_f32,0.004100,384x64x1,64x1x1,1x6x64x1
ffn_moe_weights_scaled-8,kernel_scale,0.001800,96x1x1,64x1x1,1x6x64x1
ffn_moe_gate-8,kernel_mul_mv_id_q4_0_f32_8x_flat,9.073200,11264x1x384,64x1x1,1408x6x64x1
ffn_moe_up-8,kernel_mul_mv_id_q4_0_f32_8x_flat,9.087300,11264x1x384,64x1x1,1408x6x64x1
ffn_moe_weighted-8,kernel_swiglu,0.081600,196608x1x1,512x1x1,1408x6x64x1
ffn_moe_down-8,kernel_mul_mv_id_q4_0_f32_8x_flat,9.832300,16384x1x384,64x1x1,2048x6x64x1
node_544,kernel_mul,0.098800,384x64x1,64x1x1,2048x6x64x1
ffn_gate-8,kernel_transpose_32_16,0.010400,512x16x0,1x16x0,2816x64x1x1
ffn_gate-8,kernel_mul_mat_Ab_Bi_8x4,0.384600,8x704x1,1x128x1,2816x64x1x1
ffn_up-8,kernel_transpose_32_16,0.009700,512x16x0,1x16x0,2816x64x1x1
ffn_up-8,kernel_mul_mat_Ab_Bi_8x4,0.386400,8x704x1,1x128x1,2816x64x1x1
ffn_swiglu-8,kernel_swiglu,0.024400,32768x1x1,512x1x1,2816x64x1x1
node_554,kernel_add,0.024800,4096x1x1,64x1x1,2048x64x1x1
node_555,kernel_add,0.021700,4096x1x1,64x1x1,2048x64x1x1
node_556,kernel_add,0.017300,4096x1x1,64x1x1,2048x64x1x1
node_557,kernel_add,0.016600,4096x1x1,64x1x1,2048x64x1x1
ffn_moe_out-8,kernel_add,0.018100,4096x1x1,64x1x1,2048x64x1x1
ffn_shexp-8,kernel_transpose_32_16,0.013300,704x16x0,1x16x0,2048x64x1x1
ffn_shexp-8,kernel_mul_mat_Ab_Bi_8x4,0.528600,8x512x1,1x128x1,2048x64x1x1
ffn_out-8,kernel_add,0.021000,4096x1x1,64x1x1,2048x64x1x1
l_out-8,kernel_add,0.018500,4096x1x1,64x1x1,2048x64x1x1
attn_norm-9,kernel_rms_norm_mul,0.019400,65536x1x1,1024x1x1,2048x64x1x1
q-9,kernel_transpose_32_16,0.006700,512x16x0,1x16x0,3072x64x1x1
q-9,kernel_mul_mat_Ab_Bi_8x4,0.386800,8x768x1,1x128x1,3072x64x1x1
q_pe-9,kernel_rope_norm_f32,0.012400,1024x64x1,64x1x1,64x16x64x1
Qcur-9,kernel_concat_f32_non_contiguous,0.345400,16x64x1,0x0x0,192x16x64x1
kv_cmpr_pe-9,kernel_transpose_32_16,0.010600,512x16x0,1x16x0,576x64x1x1
kv_cmpr_pe-9,kernel_mul_mat_Ab_Bi_8x4,0.317200,8x144x1,1x128x1,576x64x1x1
k_pe-9,kernel_rope_norm_f32,0.002600,64x64x1,64x1x1,64x1x64x1
node_572,kernel_repeat,0.287100,16x64x1,0x0x0,64x16x64x1
kv_cmpr-9,kernel_rms_norm_mul,0.009900,32768x1x1,512x1x1,512x64x1x1
kv-9,kernel_transpose_32_16,0.004200,128x16x0,1x16x0,4096x64x1x1
kv-9,kernel_mul_mat_Ab_Bi_8x4,0.133900,8x1024x1,1x128x1,4096x64x1x1
Kcur-9,kernel_concat_f32_non_contiguous,0.403600,16x64x1,0x0x0,192x16x64x1
Vcur_cont-9,kernel_cpy_f32_f32,0.013600,1024x64x1,64x1x1,128x16x64x1
cache_k_l9 (view),kernel_set_rows_f16_i64,0.015700,65536x1x1,1024x1x1,3072x4096x1x1
cache_v_l9 (view),kernel_set_rows_f16_i64,0.011800,65536x1x1,1024x1x1,2048x4096x1x1
__fattn__-9,flash_attn_f32_f16,9.396100,64x16x0,16x1x0,128x16x64x1
node_593,kernel_transpose_32_16,0.011600,512x16x0,1x16x0,2048x64x1x1
node_593,kernel_mul_mat_Ab_Bi_8x4,0.389600,8x512x1,1x128x1,2048x64x1x1
ffn_inp-9,kernel_add,0.022200,4096x1x1,64x1x1,2048x64x1x1
ffn_norm-9,kernel_rms_norm_mul,0.019300,65536x1x1,1024x1x1,2048x64x1x1
ffn_moe_logits-9,kernel_mul_mm_f32_f32_l4_lm,0.503000,128x1x1,128x1x1,64x64x1x1
ffn_moe_probs-9,kernel_soft_max_4,0.003500,4096x1x1,64x1x1,64x64x1x1
ffn_moe_argsort-9,kernel_argsort_f32_i32,0.015100,64x64x1,64x1x1,64x64x1x1
ffn_moe_weights-9,kernel_get_rows_f32,0.004300,384x64x1,64x1x1,1x6x64x1
ffn_moe_weights_scaled-9,kernel_scale,0.001800,96x1x1,64x1x1,1x6x64x1
ffn_moe_gate-9,kernel_mul_mv_id_q4_0_f32_8x_flat,9.116200,11264x1x384,64x1x1,1408x6x64x1
ffn_moe_up-9,kernel_mul_mv_id_q4_0_f32_8x_flat,9.099700,11264x1x384,64x1x1,1408x6x64x1
ffn_moe_weighted-9,kernel_swiglu,0.082100,196608x1x1,512x1x1,1408x6x64x1
ffn_moe_down-9,kernel_mul_mv_id_q4_0_f32_8x_flat,9.831500,16384x1x384,64x1x1,2048x6x64x1
node_609,kernel_mul,0.098600,384x64x1,64x1x1,2048x6x64x1
ffn_gate-9,kernel_transpose_32_16,0.011300,512x16x0,1x16x0,2816x64x1x1
ffn_gate-9,kernel_mul_mat_Ab_Bi_8x4,0.381100,8x704x1,1x128x1,2816x64x1x1
ffn_up-9,kernel_transpose_32_16,0.010200,512x16x0,1x16x0,2816x64x1x1
ffn_up-9,kernel_mul_mat_Ab_Bi_8x4,0.384600,8x704x1,1x128x1,2816x64x1x1
ffn_swiglu-9,kernel_swiglu,0.022900,32768x1x1,512x1x1,2816x64x1x1
node_619,kernel_add,0.024400,4096x1x1,64x1x1,2048x64x1x1
node_620,kernel_add,0.021000,4096x1x1,64x1x1,2048x64x1x1
node_621,kernel_add,0.017800,4096x1x1,64x1x1,2048x64x1x1
node_622,kernel_add,0.017700,4096x1x1,64x1x1,2048x64x1x1
ffn_moe_out-9,kernel_add,0.017700,4096x1x1,64x1x1,2048x64x1x1
ffn_shexp-9,kernel_transpose_32_16,0.012600,704x16x0,1x16x0,2048x64x1x1
ffn_shexp-9,kernel_mul_mat_Ab_Bi_8x4,0.529600,8x512x1,1x128x1,2048x64x1x1
ffn_out-9,kernel_add,0.022000,4096x1x1,64x1x1,2048x64x1x1
l_out-9,kernel_add,0.017500,4096x1x1,64x1x1,2048x64x1x1
attn_norm-10,kernel_rms_norm_mul,0.019100,65536x1x1,1024x1x1,2048x64x1x1
q-10,kernel_transpose_32_16,0.007600,512x16x0,1x16x0,3072x64x1x1
q-10,kernel_mul_mat_Ab_Bi_8x4,0.391000,8x768x1,1x128x1,3072x64x1x1
q_pe-10,kernel_rope_norm_f32,0.012200,1024x64x1,64x1x1,64x16x64x1
Qcur-10,kernel_concat_f32_non_contiguous,0.349000,16x64x1,0x0x0,192x16x64x1
kv_cmpr_pe-10,kernel_transpose_32_16,0.009300,512x16x0,1x16x0,576x64x1x1
kv_cmpr_pe-10,kernel_mul_mat_Ab_Bi_8x4,0.314800,8x144x1,1x128x1,576x64x1x1
k_pe-10,kernel_rope_norm_f32,0.002800,64x64x1,64x1x1,64x1x64x1
node_637,kernel_repeat,0.285500,16x64x1,0x0x0,64x16x64x1
kv_cmpr-10,kernel_rms_norm_mul,0.010100,32768x1x1,512x1x1,512x64x1x1
kv-10,kernel_transpose_32_16,0.003900,128x16x0,1x16x0,4096x64x1x1
kv-10,kernel_mul_mat_Ab_Bi_8x4,0.134100,8x1024x1,1x128x1,4096x64x1x1
Kcur-10,kernel_concat_f32_non_contiguous,0.384500,16x64x1,0x0x0,192x16x64x1
Vcur_cont-10,kernel_cpy_f32_f32,0.010400,1024x64x1,64x1x1,128x16x64x1
cache_k_l10 (view),kernel_set_rows_f16_i64,0.015900,65536x1x1,1024x1x1,3072x4096x1x1
cache_v_l10 (view),kernel_set_rows_f16_i64,0.011600,65536x1x1,1024x1x1,2048x4096x1x1
__fattn__-10,flash_attn_f32_f16,9.359200,64x16x0,16x1x0,128x16x64x1
node_658,kernel_transpose_32_16,0.009800,512x16x0,1x16x0,2048x64x1x1
node_658,kernel_mul_mat_Ab_Bi_8x4,0.380600,8x512x1,1x128x1,2048x64x1x1
ffn_inp-10,kernel_add,0.021700,4096x1x1,64x1x1,2048x64x1x1
ffn_norm-10,kernel_rms_norm_mul,0.019300,65536x1x1,1024x1x1,2048x64x1x1
ffn_moe_logits-10,kernel_mul_mm_f32_f32_l4_lm,0.498200,128x1x1,128x1x1,64x64x1x1
ffn_moe_probs-10,kernel_soft_max_4,0.003700,4096x1x1,64x1x1,64x64x1x1
ffn_moe_argsort-10,kernel_argsort_f32_i32,0.015300,64x64x1,64x1x1,64x64x1x1
ffn_moe_weights-10,kernel_get_rows_f32,0.004400,384x64x1,64x1x1,1x6x64x1
ffn_moe_weights_scaled-10,kernel_scale,0.001900,96x1x1,64x1x1,1x6x64x1
ffn_moe_gate-10,kernel_mul_mv_id_q4_0_f32_8x_flat,9.055500,11264x1x384,64x1x1,1408x6x64x1
ffn_moe_up-10,kernel_mul_mv_id_q4_0_f32_8x_flat,9.061500,11264x1x384,64x1x1,1408x6x64x1
ffn_moe_weighted-10,kernel_swiglu,0.081600,196608x1x1,512x1x1,1408x6x64x1
ffn_moe_down-10,kernel_mul_mv_id_q4_0_f32_8x_flat,9.855800,16384x1x384,64x1x1,2048x6x64x1
node_674,kernel_mul,0.100400,384x64x1,64x1x1,2048x6x64x1
ffn_gate-10,kernel_transpose_32_16,0.010800,512x16x0,1x16x0,2816x64x1x1
ffn_gate-10,kernel_mul_mat_Ab_Bi_8x4,0.383200,8x704x1,1x128x1,2816x64x1x1
ffn_up-10,kernel_transpose_32_16,0.010200,512x16x0,1x16x0,2816x64x1x1
ffn_up-10,kernel_mul_mat_Ab_Bi_8x4,0.386500,8x704x1,1x128x1,2816x64x1x1
ffn_swiglu-10,kernel_swiglu,0.023700,32768x1x1,512x1x1,2816x64x1x1
node_684,kernel_add,0.024600,4096x1x1,64x1x1,2048x64x1x1
node_685,kernel_add,0.016600,4096x1x1,64x1x1,2048x64x1x1
node_686,kernel_add,0.017700,4096x1x1,64x1x1,2048x64x1x1
node_687,kernel_add,0.017000,4096x1x1,64x1x1,2048x64x1x1
ffn_moe_out-10,kernel_add,0.017300,4096x1x1,64x1x1,2048x64x1x1
ffn_shexp-10,kernel_transpose_32_16,0.013500,704x16x0,1x16x0,2048x64x1x1
ffn_shexp-10,kernel_mul_mat_Ab_Bi_8x4,0.533100,8x512x1,1x128x1,2048x64x1x1
ffn_out-10,kernel_add,0.021100,4096x1x1,64x1x1,2048x64x1x1
l_out-10,kernel_add,0.018300,4096x1x1,64x1x1,2048x64x1x1
attn_norm-11,kernel_rms_norm_mul,0.019400,65536x1x1,1024x1x1,2048x64x1x1
q-11,kernel_transpose_32_16,0.009800,512x16x0,1x16x0,3072x64x1x1
q-11,kernel_mul_mat_Ab_Bi_8x4,0.387200,8x768x1,1x128x1,3072x64x1x1
q_pe-11,kernel_rope_norm_f32,0.012200,1024x64x1,64x1x1,64x16x64x1
Qcur-11,kernel_concat_f32_non_contiguous,0.347500,16x64x1,0x0x0,192x16x64x1
kv_cmpr_pe-11,kernel_transpose_32_16,0.010300,512x16x0,1x16x0,576x64x1x1
kv_cmpr_pe-11,kernel_mul_mat_Ab_Bi_8x4,0.316000,8x144x1,1x128x1,576x64x1x1
k_pe-11,kernel_rope_norm_f32,0.002600,64x64x1,64x1x1,64x1x64x1
node_702,kernel_repeat,0.284400,16x64x1,0x0x0,64x16x64x1
kv_cmpr-11,kernel_rms_norm_mul,0.009900,32768x1x1,512x1x1,512x64x1x1
kv-11,kernel_transpose_32_16,0.003900,128x16x0,1x16x0,4096x64x1x1
kv-11,kernel_mul_mat_Ab_Bi_8x4,0.131900,8x1024x1,1x128x1,4096x64x1x1
Kcur-11,kernel_concat_f32_non_contiguous,0.387600,16x64x1,0x0x0,192x16x64x1
Vcur_cont-11,kernel_cpy_f32_f32,0.013700,1024x64x1,64x1x1,128x16x64x1
cache_k_l11 (view),kernel_set_rows_f16_i64,0.016000,65536x1x1,1024x1x1,3072x4096x1x1
cache_v_l11 (view),kernel_set_rows_f16_i64,0.012400,65536x1x1,1024x1x1,2048x4096x1x1
__fattn__-11,flash_attn_f32_f16,9.351600,64x16x0,16x1x0,128x16x64x1
node_723,kernel_transpose_32_16,0.009900,512x16x0,1x16x0,2048x64x1x1
node_723,kernel_mul_mat_Ab_Bi_8x4,0.377200,8x512x1,1x128x1,2048x64x1x1
ffn_inp-11,kernel_add,0.021600,4096x1x1,64x1x1,2048x64x1x1
ffn_norm-11,kernel_rms_norm_mul,0.019300,65536x1x1,1024x1x1,2048x64x1x1
ffn_moe_logits-11,kernel_mul_mm_f32_f32_l4_lm,0.501800,128x1x1,128x1x1,64x64x1x1
ffn_moe_probs-11,kernel_soft_max_4,0.003600,4096x1x1,64x1x1,64x64x1x1
ffn_moe_argsort-11,kernel_argsort_f32_i32,0.015100,64x64x1,64x1x1,64x64x1x1
ffn_moe_weights-11,kernel_get_rows_f32,0.004600,384x64x1,64x1x1,1x6x64x1
ffn_moe_weights_scaled-11,kernel_scale,0.001900,96x1x1,64x1x1,1x6x64x1
ffn_moe_gate-11,kernel_mul_mv_id_q4_0_f32_8x_flat,9.091100,11264x1x384,64x1x1,1408x6x64x1
ffn_moe_up-11,kernel_mul_mv_id_q4_0_f32_8x_flat,9.088100,11264x1x384,64x1x1,1408x6x64x1
ffn_moe_weighted-11,kernel_swiglu,0.081100,196608x1x1,512x1x1,1408x6x64x1
ffn_moe_down-11,kernel_mul_mv_id_q4_0_f32_8x_flat,9.822200,16384x1x384,64x1x1,2048x6x64x1
node_739,kernel_mul,0.100800,384x64x1,64x1x1,2048x6x64x1
ffn_gate-11,kernel_transpose_32_16,0.011200,512x16x0,1x16x0,2816x64x1x1
ffn_gate-11,kernel_mul_mat_Ab_Bi_8x4,0.383900,8x704x1,1x128x1,2816x64x1x1
ffn_up-11,kernel_transpose_32_16,0.009900,512x16x0,1x16x0,2816x64x1x1
ffn_up-11,kernel_mul_mat_Ab_Bi_8x4,0.383600,8x704x1,1x128x1,2816x64x1x1
ffn_swiglu-11,kernel_swiglu,0.023500,32768x1x1,512x1x1,2816x64x1x1
node_749,kernel_add,0.024000,4096x1x1,64x1x1,2048x64x1x1
node_750,kernel_add,0.020400,4096x1x1,64x1x1,2048x64x1x1
node_751,kernel_add,0.017700,4096x1x1,64x1x1,2048x64x1x1
node_752,kernel_add,0.017000,4096x1x1,64x1x1,2048x64x1x1
ffn_moe_out-11,kernel_add,0.017300,4096x1x1,64x1x1,2048x64x1x1
ffn_shexp-11,kernel_transpose_32_16,0.013200,704x16x0,1x16x0,2048x64x1x1
ffn_shexp-11,kernel_mul_mat_Ab_Bi_8x4,0.522300,8x512x1,1x128x1,2048x64x1x1
ffn_out-11,kernel_add,0.021900,4096x1x1,64x1x1,2048x64x1x1
l_out-11,kernel_add,0.017600,4096x1x1,64x1x1,2048x64x1x1
attn_norm-12,kernel_rms_norm_mul,0.019100,65536x1x1,1024x1x1,2048x64x1x1
q-12,kernel_transpose_32_16,0.006700,512x16x0,1x16x0,3072x64x1x1
q-12,kernel_mul_mat_Ab_Bi_8x4,0.388900,8x768x1,1x128x1,3072x64x1x1
q_pe-12,kernel_rope_norm_f32,0.009400,1024x64x1,64x1x1,64x16x64x1
Qcur-12,kernel_concat_f32_non_contiguous,0.347700,16x64x1,0x0x0,192x16x64x1
kv_cmpr_pe-12,kernel_transpose_32_16,0.010500,512x16x0,1x16x0,576x64x1x1
kv_cmpr_pe-12,kernel_mul_mat_Ab_Bi_8x4,0.315700,8x144x1,1x128x1,576x64x1x1
k_pe-12,kernel_rope_norm_f32,0.002600,64x64x1,64x1x1,64x1x64x1
node_767,kernel_repeat,0.284900,16x64x1,0x0x0,64x16x64x1
kv_cmpr-12,kernel_rms_norm_mul,0.009900,32768x1x1,512x1x1,512x64x1x1
kv-12,kernel_transpose_32_16,0.004200,128x16x0,1x16x0,4096x64x1x1
kv-12,kernel_mul_mat_Ab_Bi_8x4,0.134300,8x1024x1,1x128x1,4096x64x1x1
Kcur-12,kernel_concat_f32_non_contiguous,0.394700,16x64x1,0x0x0,192x16x64x1
Vcur_cont-12,kernel_cpy_f32_f32,0.014000,1024x64x1,64x1x1,128x16x64x1
cache_k_l12 (view),kernel_set_rows_f16_i64,0.016300,65536x1x1,1024x1x1,3072x4096x1x1
cache_v_l12 (view),kernel_set_rows_f16_i64,0.011900,65536x1x1,1024x1x1,2048x4096x1x1
__fattn__-12,flash_attn_f32_f16,9.388100,64x16x0,16x1x0,128x16x64x1
node_788,kernel_transpose_32_16,0.009800,512x16x0,1x16x0,2048x64x1x1
node_788,kernel_mul_mat_Ab_Bi_8x4,0.378500,8x512x1,1x128x1,2048x64x1x1
ffn_inp-12,kernel_add,0.017000,4096x1x1,64x1x1,2048x64x1x1
ffn_norm-12,kernel_rms_norm_mul,0.019600,65536x1x1,1024x1x1,2048x64x1x1
ffn_moe_logits-12,kernel_mul_mm_f32_f32_l4_lm,0.506700,128x1x1,128x1x1,64x64x1x1
ffn_moe_probs-12,kernel_soft_max_4,0.003600,4096x1x1,64x1x1,64x64x1x1
ffn_moe_argsort-12,kernel_argsort_f32_i32,0.015200,64x64x1,64x1x1,64x64x1x1
ffn_moe_weights-12,kernel_get_rows_f32,0.004100,384x64x1,64x1x1,1x6x64x1
ffn_moe_weights_scaled-12,kernel_scale,0.001900,96x1x1,64x1x1,1x6x64x1
ffn_moe_gate-12,kernel_mul_mv_id_q4_0_f32_8x_flat,9.082300,11264x1x384,64x1x1,1408x6x64x1
ffn_moe_up-12,kernel_mul_mv_id_q4_0_f32_8x_flat,9.187700,11264x1x384,64x1x1,1408x6x64x1
ffn_moe_weighted-12,kernel_swiglu,0.081300,196608x1x1,512x1x1,1408x6x64x1
ffn_moe_down-12,kernel_mul_mv_id_q4_0_f32_8x_flat,9.841600,16384x1x384,64x1x1,2048x6x64x1
node_804,kernel_mul,0.100000,384x64x1,64x1x1,2048x6x64x1
ffn_gate-12,kernel_transpose_32_16,0.010800,512x16x0,1x16x0,2816x64x1x1
ffn_gate-12,kernel_mul_mat_Ab_Bi_8x4,0.382000,8x704x1,1x128x1,2816x64x1x1
ffn_up-12,kernel_transpose_32_16,0.009700,512x16x0,1x16x0,2816x64x1x1
ffn_up-12,kernel_mul_mat_Ab_Bi_8x4,0.383400,8x704x1,1x128x1,2816x64x1x1
ffn_swiglu-12,kernel_swiglu,0.021200,32768x1x1,512x1x1,2816x64x1x1
node_814,kernel_add,0.024200,4096x1x1,64x1x1,2048x64x1x1
node_815,kernel_add,0.020100,4096x1x1,64x1x1,2048x64x1x1
node_816,kernel_add,0.017400,4096x1x1,64x1x1,2048x64x1x1
node_817,kernel_add,0.017300,4096x1x1,64x1x1,2048x64x1x1
ffn_moe_out-12,kernel_add,0.017300,4096x1x1,64x1x1,2048x64x1x1
ffn_shexp-12,kernel_transpose_32_16,0.013300,704x16x0,1x16x0,2048x64x1x1
ffn_shexp-12,kernel_mul_mat_Ab_Bi_8x4,0.520100,8x512x1,1x128x1,2048x64x1x1
ffn_out-12,kernel_add,0.015800,4096x1x1,64x1x1,2048x64x1x1
l_out-12,kernel_add,0.018600,4096x1x1,64x1x1,2048x64x1x1
attn_norm-13,kernel_rms_norm_mul,0.019400,65536x1x1,1024x1x1,2048x64x1x1
q-13,kernel_transpose_32_16,0.006700,512x16x0,1x16x0,3072x64x1x1
q-13,kernel_mul_mat_Ab_Bi_8x4,0.388300,8x768x1,1x128x1,3072x64x1x1
q_pe-13,kernel_rope_norm_f32,0.012000,1024x64x1,64x1x1,64x16x64x1
Qcur-13,kernel_concat_f32_non_contiguous,0.351800,16x64x1,0x0x0,192x16x64x1
kv_cmpr_pe-13,kernel_transpose_32_16,0.010900,512x16x0,1x16x0,576x64x1x1
kv_cmpr_pe-13,kernel_mul_mat_Ab_Bi_8x4,0.316000,8x144x1,1x128x1,576x64x1x1
k_pe-13,kernel_rope_norm_f32,0.002700,64x64x1,64x1x1,64x1x64x1
node_832,kernel_repeat,0.287900,16x64x1,0x0x0,64x16x64x1
kv_cmpr-13,kernel_rms_norm_mul,0.009900,32768x1x1,512x1x1,512x64x1x1
kv-13,kernel_transpose_32_16,0.004200,128x16x0,1x16x0,4096x64x1x1
kv-13,kernel_mul_mat_Ab_Bi_8x4,0.134900,8x1024x1,1x128x1,4096x64x1x1
Kcur-13,kernel_concat_f32_non_contiguous,0.381400,16x64x1,0x0x0,192x16x64x1
Vcur_cont-13,kernel_cpy_f32_f32,0.014300,1024x64x1,64x1x1,128x16x64x1
cache_k_l13 (view),kernel_set_rows_f16_i64,0.014500,65536x1x1,1024x1x1,3072x4096x1x1
cache_v_l13 (view),kernel_set_rows_f16_i64,0.011400,65536x1x1,1024x1x1,2048x4096x1x1
__fattn__-13,flash_attn_f32_f16,9.354200,64x16x0,16x1x0,128x16x64x1
node_853,kernel_transpose_32_16,0.009300,512x16x0,1x16x0,2048x64x1x1
node_853,kernel_mul_mat_Ab_Bi_8x4,0.376800,8x512x1,1x128x1,2048x64x1x1
ffn_inp-13,kernel_add,0.021600,4096x1x1,64x1x1,2048x64x1x1
ffn_norm-13,kernel_rms_norm_mul,0.019400,65536x1x1,1024x1x1,2048x64x1x1
ffn_moe_logits-13,kernel_mul_mm_f32_f32_l4_lm,0.512000,128x1x1,128x1x1,64x64x1x1
ffn_moe_probs-13,kernel_soft_max_4,0.004000,4096x1x1,64x1x1,64x64x1x1
ffn_moe_argsort-13,kernel_argsort_f32_i32,0.015300,64x64x1,64x1x1,64x64x1x1
ffn_moe_weights-13,kernel_get_rows_f32,0.004000,384x64x1,64x1x1,1x6x64x1
ffn_moe_weights_scaled-13,kernel_scale,0.001700,96x1x1,64x1x1,1x6x64x1
ffn_moe_gate-13,kernel_mul_mv_id_q4_0_f32_8x_flat,9.251200,11264x1x384,64x1x1,1408x6x64x1
ffn_moe_up-13,kernel_mul_mv_id_q4_0_f32_8x_flat,9.157100,11264x1x384,64x1x1,1408x6x64x1
ffn_moe_weighted-13,kernel_swiglu,0.082000,196608x1x1,512x1x1,1408x6x64x1
ffn_moe_down-13,kernel_mul_mv_id_q4_0_f32_8x_flat,9.840000,16384x1x384,64x1x1,2048x6x64x1
node_869,kernel_mul,0.101000,384x64x1,64x1x1,2048x6x64x1
ffn_gate-13,kernel_transpose_32_16,0.012200,512x16x0,1x16x0,2816x64x1x1
ffn_gate-13,kernel_mul_mat_Ab_Bi_8x4,0.382000,8x704x1,1x128x1,2816x64x1x1
ffn_up-13,kernel_transpose_32_16,0.009800,512x16x0,1x16x0,2816x64x1x1
ffn_up-13,kernel_mul_mat_Ab_Bi_8x4,0.389000,8x704x1,1x128x1,2816x64x1x1
ffn_swiglu-13,kernel_swiglu,0.023200,32768x1x1,512x1x1,2816x64x1x1
node_879,kernel_add,0.023500,4096x1x1,64x1x1,2048x64x1x1
node_880,kernel_add,0.020900,4096x1x1,64x1x1,2048x64x1x1
node_881,kernel_add,0.017100,4096x1x1,64x1x1,2048x64x1x1
node_882,kernel_add,0.017900,4096x1x1,64x1x1,2048x64x1x1
ffn_moe_out-13,kernel_add,0.017500,4096x1x1,64x1x1,2048x64x1x1
ffn_shexp-13,kernel_transpose_32_16,0.012700,704x16x0,1x16x0,2048x64x1x1
ffn_shexp-13,kernel_mul_mat_Ab_Bi_8x4,0.514500,8x512x1,1x128x1,2048x64x1x1
ffn_out-13,kernel_add,0.023000,4096x1x1,64x1x1,2048x64x1x1
l_out-13,kernel_add,0.020000,4096x1x1,64x1x1,2048x64x1x1
attn_norm-14,kernel_rms_norm_mul,0.019400,65536x1x1,1024x1x1,2048x64x1x1
q-14,kernel_transpose_32_16,0.010000,512x16x0,1x16x0,3072x64x1x1
q-14,kernel_mul_mat_Ab_Bi_8x4,0.390600,8x768x1,1x128x1,3072x64x1x1
q_pe-14,kernel_rope_norm_f32,0.012400,1024x64x1,64x1x1,64x16x64x1
Qcur-14,kernel_concat_f32_non_contiguous,0.344800,16x64x1,0x0x0,192x16x64x1
kv_cmpr_pe-14,kernel_transpose_32_16,0.010600,512x16x0,1x16x0,576x64x1x1
kv_cmpr_pe-14,kernel_mul_mat_Ab_Bi_8x4,0.316000,8x144x1,1x128x1,576x64x1x1
k_pe-14,kernel_rope_norm_f32,0.002600,64x64x1,64x1x1,64x1x64x1
node_897,kernel_repeat,0.284800,16x64x1,0x0x0,64x16x64x1
kv_cmpr-14,kernel_rms_norm_mul,0.010000,32768x1x1,512x1x1,512x64x1x1
kv-14,kernel_transpose_32_16,0.003900,128x16x0,1x16x0,4096x64x1x1
kv-14,kernel_mul_mat_Ab_Bi_8x4,0.133600,8x1024x1,1x128x1,4096x64x1x1
Kcur-14,kernel_concat_f32_non_contiguous,0.384100,16x64x1,0x0x0,192x16x64x1
Vcur_cont-14,kernel_cpy_f32_f32,0.013500,1024x64x1,64x1x1,128x16x64x1
cache_k_l14 (view),kernel_set_rows_f16_i64,0.015700,65536x1x1,1024x1x1,3072x4096x1x1
cache_v_l14 (view),kernel_set_rows_f16_i64,0.012000,65536x1x1,1024x1x1,2048x4096x1x1
__fattn__-14,flash_attn_f32_f16,9.382700,64x16x0,16x1x0,128x16x64x1
node_918,kernel_transpose_32_16,0.009200,512x16x0,1x16x0,2048x64x1x1
node_918,kernel_mul_mat_Ab_Bi_8x4,0.378500,8x512x1,1x128x1,2048x64x1x1
ffn_inp-14,kernel_add,0.020500,4096x1x1,64x1x1,2048x64x1x1
ffn_norm-14,kernel_rms_norm_mul,0.019200,65536x1x1,1024x1x1,2048x64x1x1
ffn_moe_logits-14,kernel_mul_mm_f32_f32_l4_lm,0.514800,128x1x1,128x1x1,64x64x1x1
ffn_moe_probs-14,kernel_soft_max_4,0.003700,4096x1x1,64x1x1,64x64x1x1
ffn_moe_argsort-14,kernel_argsort_f32_i32,0.015100,64x64x1,64x1x1,64x64x1x1
ffn_moe_weights-14,kernel_get_rows_f32,0.004100,384x64x1,64x1x1,1x6x64x1
ffn_moe_weights_scaled-14,kernel_scale,0.002100,96x1x1,64x1x1,1x6x64x1
ffn_moe_gate-14,kernel_mul_mv_id_q4_0_f32_8x_flat,9.188800,11264x1x384,64x1x1,1408x6x64x1
ffn_moe_up-14,kernel_mul_mv_id_q4_0_f32_8x_flat,9.162900,11264x1x384,64x1x1,1408x6x64x1
ffn_moe_weighted-14,kernel_swiglu,0.082600,196608x1x1,512x1x1,1408x6x64x1
ffn_moe_down-14,kernel_mul_mv_id_q4_0_f32_8x_flat,9.885800,16384x1x384,64x1x1,2048x6x64x1
node_934,kernel_mul,0.098900,384x64x1,64x1x1,2048x6x64x1
ffn_gate-14,kernel_transpose_32_16,0.010700,512x16x0,1x16x0,2816x64x1x1
ffn_gate-14,kernel_mul_mat_Ab_Bi_8x4,0.387300,8x704x1,1x128x1,2816x64x1x1
ffn_up-14,kernel_transpose_32_16,0.009400,512x16x0,1x16x0,2816x64x1x1
ffn_up-14,kernel_mul_mat_Ab_Bi_8x4,0.385100,8x704x1,1x128x1,2816x64x1x1
ffn_swiglu-14,kernel_swiglu,0.023900,32768x1x1,512x1x1,2816x64x1x1
node_944,kernel_add,0.024900,4096x1x1,64x1x1,2048x64x1x1
node_945,kernel_add,0.021400,4096x1x1,64x1x1,2048x64x1x1
node_946,kernel_add,0.017500,4096x1x1,64x1x1,2048x64x1x1
node_947,kernel_add,0.017800,4096x1x1,64x1x1,2048x64x1x1
ffn_moe_out-14,kernel_add,0.017300,4096x1x1,64x1x1,2048x64x1x1
ffn_shexp-14,kernel_transpose_32_16,0.011700,704x16x0,1x16x0,2048x64x1x1
ffn_shexp-14,kernel_mul_mat_Ab_Bi_8x4,0.527700,8x512x1,1x128x1,2048x64x1x1
ffn_out-14,kernel_add,0.020300,4096x1x1,64x1x1,2048x64x1x1
l_out-14,kernel_add,0.018300,4096x1x1,64x1x1,2048x64x1x1
attn_norm-15,kernel_rms_norm_mul,0.019500,65536x1x1,1024x1x1,2048x64x1x1
q-15,kernel_transpose_32_16,0.006900,512x16x0,1x16x0,3072x64x1x1
q-15,kernel_mul_mat_Ab_Bi_8x4,0.390900,8x768x1,1x128x1,3072x64x1x1
q_pe-15,kernel_rope_norm_f32,0.012300,1024x64x1,64x1x1,64x16x64x1
Qcur-15,kernel_concat_f32_non_contiguous,0.343700,16x64x1,0x0x0,192x16x64x1
kv_cmpr_pe-15,kernel_transpose_32_16,0.009900,512x16x0,1x16x0,576x64x1x1
kv_cmpr_pe-15,kernel_mul_mat_Ab_Bi_8x4,0.317000,8x144x1,1x128x1,576x64x1x1
k_pe-15,kernel_rope_norm_f32,0.002900,64x64x1,64x1x1,64x1x64x1
node_962,kernel_repeat,0.285500,16x64x1,0x0x0,64x16x64x1
kv_cmpr-15,kernel_rms_norm_mul,0.009800,32768x1x1,512x1x1,512x64x1x1
kv-15,kernel_transpose_32_16,0.004100,128x16x0,1x16x0,4096x64x1x1
kv-15,kernel_mul_mat_Ab_Bi_8x4,0.133700,8x1024x1,1x128x1,4096x64x1x1
Kcur-15,kernel_concat_f32_non_contiguous,0.394700,16x64x1,0x0x0,192x16x64x1
Vcur_cont-15,kernel_cpy_f32_f32,0.013500,1024x64x1,64x1x1,128x16x64x1
cache_k_l15 (view),kernel_set_rows_f16_i64,0.016200,65536x1x1,1024x1x1,3072x4096x1x1
cache_v_l15 (view),kernel_set_rows_f16_i64,0.011700,65536x1x1,1024x1x1,2048x4096x1x1
__fattn__-15,flash_attn_f32_f16,9.391600,64x16x0,16x1x0,128x16x64x1
node_983,kernel_transpose_32_16,0.009900,512x16x0,1x16x0,2048x64x1x1
node_983,kernel_mul_mat_Ab_Bi_8x4,0.373600,8x512x1,1x128x1,2048x64x1x1
ffn_inp-15,kernel_add,0.020800,4096x1x1,64x1x1,2048x64x1x1
ffn_norm-15,kernel_rms_norm_mul,0.019500,65536x1x1,1024x1x1,2048x64x1x1
ffn_moe_logits-15,kernel_mul_mm_f32_f32_l4_lm,0.507200,128x1x1,128x1x1,64x64x1x1
ffn_moe_probs-15,kernel_soft_max_4,0.003500,4096x1x1,64x1x1,64x64x1x1
ffn_moe_argsort-15,kernel_argsort_f32_i32,0.015100,64x64x1,64x1x1,64x64x1x1
ffn_moe_weights-15,kernel_get_rows_f32,0.004000,384x64x1,64x1x1,1x6x64x1
ffn_moe_weights_scaled-15,kernel_scale,0.001800,96x1x1,64x1x1,1x6x64x1
ffn_moe_gate-15,kernel_mul_mv_id_q4_0_f32_8x_flat,9.258700,11264x1x384,64x1x1,1408x6x64x1
ffn_moe_up-15,kernel_mul_mv_id_q4_0_f32_8x_flat,9.221300,11264x1x384,64x1x1,1408x6x64x1
ffn_moe_weighted-15,kernel_swiglu,0.083400,196608x1x1,512x1x1,1408x6x64x1
ffn_moe_down-15,kernel_mul_mv_id_q4_0_f32_8x_flat,9.872600,16384x1x384,64x1x1,2048x6x64x1
node_999,kernel_mul,0.100100,384x64x1,64x1x1,2048x6x64x1
ffn_gate-15,kernel_transpose_32_16,0.011000,512x16x0,1x16x0,2816x64x1x1
ffn_gate-15,kernel_mul_mat_Ab_Bi_8x4,0.383100,8x704x1,1x128x1,2816x64x1x1
ffn_up-15,kernel_transpose_32_16,0.010000,512x16x0,1x16x0,2816x64x1x1
ffn_up-15,kernel_mul_mat_Ab_Bi_8x4,0.381800,8x704x1,1x128x1,2816x64x1x1
ffn_swiglu-15,kernel_swiglu,0.024000,32768x1x1,512x1x1,2816x64x1x1
node_1009,kernel_add,0.022400,4096x1x1,64x1x1,2048x64x1x1
node_1010,kernel_add,0.019700,4096x1x1,64x1x1,2048x64x1x1
node_1011,kernel_add,0.017100,4096x1x1,64x1x1,2048x64x1x1
node_1012,kernel_add,0.017000,4096x1x1,64x1x1,2048x64x1x1
ffn_moe_out-15,kernel_add,0.017300,4096x1x1,64x1x1,2048x64x1x1
ffn_shexp-15,kernel_transpose_32_16,0.012400,704x16x0,1x16x0,2048x64x1x1
ffn_shexp-15,kernel_mul_mat_Ab_Bi_8x4,0.530900,8x512x1,1x128x1,2048x64x1x1
ffn_out-15,kernel_add,0.021800,4096x1x1,64x1x1,2048x64x1x1
l_out-15,kernel_add,0.016600,4096x1x1,64x1x1,2048x64x1x1
attn_norm-16,kernel_rms_norm_mul,0.019400,65536x1x1,1024x1x1,2048x64x1x1
q-16,kernel_transpose_32_16,0.006600,512x16x0,1x16x0,3072x64x1x1
q-16,kernel_mul_mat_Ab_Bi_8x4,0.387900,8x768x1,1x128x1,3072x64x1x1
q_pe-16,kernel_rope_norm_f32,0.011900,1024x64x1,64x1x1,64x16x64x1
Qcur-16,kernel_concat_f32_non_contiguous,0.349800,16x64x1,0x0x0,192x16x64x1
kv_cmpr_pe-16,kernel_transpose_32_16,0.010300,512x16x0,1x16x0,576x64x1x1
kv_cmpr_pe-16,kernel_mul_mat_Ab_Bi_8x4,0.317000,8x144x1,1x128x1,576x64x1x1
k_pe-16,kernel_rope_norm_f32,0.003000,64x64x1,64x1x1,64x1x64x1
node_1027,kernel_repeat,0.284900,16x64x1,0x0x0,64x16x64x1
kv_cmpr-16,kernel_rms_norm_mul,0.009700,32768x1x1,512x1x1,512x64x1x1
kv-16,kernel_transpose_32_16,0.003900,128x16x0,1x16x0,4096x64x1x1
kv-16,kernel_mul_mat_Ab_Bi_8x4,0.131700,8x1024x1,1x128x1,4096x64x1x1
Kcur-16,kernel_concat_f32_non_contiguous,0.411300,16x64x1,0x0x0,192x16x64x1
Vcur_cont-16,kernel_cpy_f32_f32,0.013300,1024x64x1,64x1x1,128x16x64x1
cache_k_l16 (view),kernel_set_rows_f16_i64,0.016200,65536x1x1,1024x1x1,3072x4096x1x1
cache_v_l16 (view),kernel_set_rows_f16_i64,0.011600,65536x1x1,1024x1x1,2048x4096x1x1
__fattn__-16,flash_attn_f32_f16,9.366800,64x16x0,16x1x0,128x16x64x1
node_1048,kernel_transpose_32_16,0.009500,512x16x0,1x16x0,2048x64x1x1
node_1048,kernel_mul_mat_Ab_Bi_8x4,0.378900,8x512x1,1x128x1,2048x64x1x1
ffn_inp-16,kernel_add,0.020700,4096x1x1,64x1x1,2048x64x1x1
ffn_norm-16,kernel_rms_norm_mul,0.019400,65536x1x1,1024x1x1,2048x64x1x1
ffn_moe_logits-16,kernel_mul_mm_f32_f32_l4_lm,0.508500,128x1x1,128x1x1,64x64x1x1
ffn_moe_probs-16,kernel_soft_max_4,0.003700,4096x1x1,64x1x1,64x64x1x1
ffn_moe_argsort-16,kernel_argsort_f32_i32,0.015500,64x64x1,64x1x1,64x64x1x1
ffn_moe_weights-16,kernel_get_rows_f32,0.004000,384x64x1,64x1x1,1x6x64x1
ffn_moe_weights_scaled-16,kernel_scale,0.001800,96x1x1,64x1x1,1x6x64x1
ffn_moe_gate-16,kernel_mul_mv_id_q4_0_f32_8x_flat,9.158700,11264x1x384,64x1x1,1408x6x64x1
ffn_moe_up-16,kernel_mul_mv_id_q4_0_f32_8x_flat,9.167100,11264x1x384,64x1x1,1408x6x64x1
ffn_moe_weighted-16,kernel_swiglu,0.082300,196608x1x1,512x1x1,1408x6x64x1
ffn_moe_down-16,kernel_mul_mv_id_q4_0_f32_8x_flat,9.889400,16384x1x384,64x1x1,2048x6x64x1
node_1064,kernel_mul,0.101700,384x64x1,64x1x1,2048x6x64x1
ffn_gate-16,kernel_transpose_32_16,0.010500,512x16x0,1x16x0,2816x64x1x1
ffn_gate-16,kernel_mul_mat_Ab_Bi_8x4,0.381400,8x704x1,1x128x1,2816x64x1x1
ffn_up-16,kernel_transpose_32_16,0.010900,512x16x0,1x16x0,2816x64x1x1
ffn_up-16,kernel_mul_mat_Ab_Bi_8x4,0.384700,8x704x1,1x128x1,2816x64x1x1
ffn_swiglu-16,kernel_swiglu,0.023600,32768x1x1,512x1x1,2816x64x1x1
node_1074,kernel_add,0.026000,4096x1x1,64x1x1,2048x64x1x1
node_1075,kernel_add,0.021800,4096x1x1,64x1x1,2048x64x1x1
node_1076,kernel_add,0.017100,4096x1x1,64x1x1,2048x64x1x1
node_1077,kernel_add,0.016600,4096x1x1,64x1x1,2048x64x1x1
ffn_moe_out-16,kernel_add,0.018200,4096x1x1,64x1x1,2048x64x1x1
ffn_shexp-16,kernel_transpose_32_16,0.013100,704x16x0,1x16x0,2048x64x1x1
ffn_shexp-16,kernel_mul_mat_Ab_Bi_8x4,0.530000,8x512x1,1x128x1,2048x64x1x1
ffn_out-16,kernel_add,0.021600,4096x1x1,64x1x1,2048x64x1x1
l_out-16,kernel_add,0.018700,4096x1x1,64x1x1,2048x64x1x1
attn_norm-17,kernel_rms_norm_mul,0.019100,65536x1x1,1024x1x1,2048x64x1x1
q-17,kernel_transpose_32_16,0.006800,512x16x0,1x16x0,3072x64x1x1
q-17,kernel_mul_mat_Ab_Bi_8x4,0.389100,8x768x1,1x128x1,3072x64x1x1
q_pe-17,kernel_rope_norm_f32,0.011900,1024x64x1,64x1x1,64x16x64x1
Qcur-17,kernel_concat_f32_non_contiguous,0.349900,16x64x1,0x0x0,192x16x64x1
kv_cmpr_pe-17,kernel_transpose_32_16,0.010600,512x16x0,1x16x0,576x64x1x1
kv_cmpr_pe-17,kernel_mul_mat_Ab_Bi_8x4,0.316200,8x144x1,1x128x1,576x64x1x1
k_pe-17,kernel_rope_norm_f32,0.002700,64x64x1,64x1x1,64x1x64x1
node_1092,kernel_repeat,0.285400,16x64x1,0x0x0,64x16x64x1
kv_cmpr-17,kernel_rms_norm_mul,0.010100,32768x1x1,512x1x1,512x64x1x1
kv-17,kernel_transpose_32_16,0.004200,128x16x0,1x16x0,4096x64x1x1
kv-17,kernel_mul_mat_Ab_Bi_8x4,0.133700,8x1024x1,1x128x1,4096x64x1x1
Kcur-17,kernel_concat_f32_non_contiguous,0.385900,16x64x1,0x0x0,192x16x64x1
Vcur_cont-17,kernel_cpy_f32_f32,0.013200,1024x64x1,64x1x1,128x16x64x1
cache_k_l17 (view),kernel_set_rows_f16_i64,0.015600,65536x1x1,1024x1x1,3072x4096x1x1
cache_v_l17 (view),kernel_set_rows_f16_i64,0.012000,65536x1x1,1024x1x1,2048x4096x1x1
__fattn__-17,flash_attn_f32_f16,9.353900,64x16x0,16x1x0,128x16x64x1
node_1113,kernel_transpose_32_16,0.009500,512x16x0,1x16x0,2048x64x1x1
node_1113,kernel_mul_mat_Ab_Bi_8x4,0.386900,8x512x1,1x128x1,2048x64x1x1
ffn_inp-17,kernel_add,0.021600,4096x1x1,64x1x1,2048x64x1x1
ffn_norm-17,kernel_rms_norm_mul,0.019400,65536x1x1,1024x1x1,2048x64x1x1
ffn_moe_logits-17,kernel_mul_mm_f32_f32_l4_lm,0.515400,128x1x1,128x1x1,64x64x1x1
ffn_moe_probs-17,kernel_soft_max_4,0.003700,4096x1x1,64x1x1,64x64x1x1
ffn_moe_argsort-17,kernel_argsort_f32_i32,0.015200,64x64x1,64x1x1,64x64x1x1
ffn_moe_weights-17,kernel_get_rows_f32,0.004100,384x64x1,64x1x1,1x6x64x1
ffn_moe_weights_scaled-17,kernel_scale,0.001800,96x1x1,64x1x1,1x6x64x1
ffn_moe_gate-17,kernel_mul_mv_id_q4_0_f32_8x_flat,9.182600,11264x1x384,64x1x1,1408x6x64x1
ffn_moe_up-17,kernel_mul_mv_id_q4_0_f32_8x_flat,9.239200,11264x1x384,64x1x1,1408x6x64x1
ffn_moe_weighted-17,kernel_swiglu,0.082200,196608x1x1,512x1x1,1408x6x64x1
ffn_moe_down-17,kernel_mul_mv_id_q4_0_f32_8x_flat,9.883500,16384x1x384,64x1x1,2048x6x64x1
node_1129,kernel_mul,0.099500,384x64x1,64x1x1,2048x6x64x1
ffn_gate-17,kernel_transpose_32_16,0.012400,512x16x0,1x16x0,2816x64x1x1
ffn_gate-17,kernel_mul_mat_Ab_Bi_8x4,0.386600,8x704x1,1x128x1,2816x64x1x1
ffn_up-17,kernel_transpose_32_16,0.010000,512x16x0,1x16x0,2816x64x1x1
ffn_up-17,kernel_mul_mat_Ab_Bi_8x4,0.383500,8x704x1,1x128x1,2816x64x1x1
ffn_swiglu-17,kernel_swiglu,0.022900,32768x1x1,512x1x1,2816x64x1x1
node_1139,kernel_add,0.024400,4096x1x1,64x1x1,2048x64x1x1
node_1140,kernel_add,0.020300,4096x1x1,64x1x1,2048x64x1x1
node_1141,kernel_add,0.017300,4096x1x1,64x1x1,2048x64x1x1
node_1142,kernel_add,0.017100,4096x1x1,64x1x1,2048x64x1x1
ffn_moe_out-17,kernel_add,0.017500,4096x1x1,64x1x1,2048x64x1x1
ffn_shexp-17,kernel_transpose_32_16,0.012600,704x16x0,1x16x0,2048x64x1x1
ffn_shexp-17,kernel_mul_mat_Ab_Bi_8x4,0.525900,8x512x1,1x128x1,2048x64x1x1
ffn_out-17,kernel_add,0.022200,4096x1x1,64x1x1,2048x64x1x1
l_out-17,kernel_add,0.018000,4096x1x1,64x1x1,2048x64x1x1
attn_norm-18,kernel_rms_norm_mul,0.019100,65536x1x1,1024x1x1,2048x64x1x1
q-18,kernel_transpose_32_16,0.007000,512x16x0,1x16x0,3072x64x1x1
q-18,kernel_mul_mat_Ab_Bi_8x4,0.390000,8x768x1,1x128x1,3072x64x1x1
q_pe-18,kernel_rope_norm_f32,0.012000,1024x64x1,64x1x1,64x16x64x1
Qcur-18,kernel_concat_f32_non_contiguous,0.348600,16x64x1,0x0x0,192x16x64x1
kv_cmpr_pe-18,kernel_transpose_32_16,0.009300,512x16x0,1x16x0,576x64x1x1
kv_cmpr_pe-18,kernel_mul_mat_Ab_Bi_8x4,0.316100,8x144x1,1x128x1,576x64x1x1
k_pe-18,kernel_rope_norm_f32,0.002900,64x64x1,64x1x1,64x1x64x1
node_1157,kernel_repeat,0.284900,16x64x1,0x0x0,64x16x64x1
kv_cmpr-18,kernel_rms_norm_mul,0.010100,32768x1x1,512x1x1,512x64x1x1
kv-18,kernel_transpose_32_16,0.004100,128x16x0,1x16x0,4096x64x1x1
kv-18,kernel_mul_mat_Ab_Bi_8x4,0.134800,8x1024x1,1x128x1,4096x64x1x1
Kcur-18,kernel_concat_f32_non_contiguous,0.388000,16x64x1,0x0x0,192x16x64x1
Vcur_cont-18,kernel_cpy_f32_f32,0.010200,1024x64x1,64x1x1,128x16x64x1
cache_k_l18 (view),kernel_set_rows_f16_i64,0.015400,65536x1x1,1024x1x1,3072x4096x1x1
cache_v_l18 (view),kernel_set_rows_f16_i64,0.012000,65536x1x1,1024x1x1,2048x4096x1x1
__fattn__-18,flash_attn_f32_f16,9.378300,64x16x0,16x1x0,128x16x64x1
node_1178,kernel_transpose_32_16,0.009800,512x16x0,1x16x0,2048x64x1x1
node_1178,kernel_mul_mat_Ab_Bi_8x4,0.376500,8x512x1,1x128x1,2048x64x1x1
ffn_inp-18,kernel_add,0.021000,4096x1x1,64x1x1,2048x64x1x1
ffn_norm-18,kernel_rms_norm_mul,0.019600,65536x1x1,1024x1x1,2048x64x1x1
ffn_moe_logits-18,kernel_mul_mm_f32_f32_l4_lm,0.507300,128x1x1,128x1x1,64x64x1x1
ffn_moe_probs-18,kernel_soft_max_4,0.003900,4096x1x1,64x1x1,64x64x1x1
ffn_moe_argsort-18,kernel_argsort_f32_i32,0.015200,64x64x1,64x1x1,64x64x1x1
ffn_moe_weights-18,kernel_get_rows_f32,0.004400,384x64x1,64x1x1,1x6x64x1
ffn_moe_weights_scaled-18,kernel_scale,0.001900,96x1x1,64x1x1,1x6x64x1
ffn_moe_gate-18,kernel_mul_mv_id_q4_0_f32_8x_flat,9.235100,11264x1x384,64x1x1,1408x6x64x1
ffn_moe_up-18,kernel_mul_mv_id_q4_0_f32_8x_flat,9.390700,11264x1x384,64x1x1,1408x6x64x1
ffn_moe_weighted-18,kernel_swiglu,0.081700,196608x1x1,512x1x1,1408x6x64x1
ffn_moe_down-18,kernel_mul_mv_id_q4_0_f32_8x_flat,9.857100,16384x1x384,64x1x1,2048x6x64x1
node_1194,kernel_mul,0.099900,384x64x1,64x1x1,2048x6x64x1
ffn_gate-18,kernel_transpose_32_16,0.011100,512x16x0,1x16x0,2816x64x1x1
ffn_gate-18,kernel_mul_mat_Ab_Bi_8x4,0.380900,8x704x1,1x128x1,2816x64x1x1
ffn_up-18,kernel_transpose_32_16,0.010000,512x16x0,1x16x0,2816x64x1x1
ffn_up-18,kernel_mul_mat_Ab_Bi_8x4,0.387300,8x704x1,1x128x1,2816x64x1x1
ffn_swiglu-18,kernel_swiglu,0.023200,32768x1x1,512x1x1,2816x64x1x1
node_1204,kernel_add,0.024000,4096x1x1,64x1x1,2048x64x1x1
node_1205,kernel_add,0.016700,4096x1x1,64x1x1,2048x64x1x1
node_1206,kernel_add,0.017500,4096x1x1,64x1x1,2048x64x1x1
node_1207,kernel_add,0.017400,4096x1x1,64x1x1,2048x64x1x1
ffn_moe_out-18,kernel_add,0.017100,4096x1x1,64x1x1,2048x64x1x1
ffn_shexp-18,kernel_transpose_32_16,0.013200,704x16x0,1x16x0,2048x64x1x1
ffn_shexp-18,kernel_mul_mat_Ab_Bi_8x4,0.533500,8x512x1,1x128x1,2048x64x1x1
ffn_out-18,kernel_add,0.020100,4096x1x1,64x1x1,2048x64x1x1
l_out-18,kernel_add,0.018100,4096x1x1,64x1x1,2048x64x1x1
attn_norm-19,kernel_rms_norm_mul,0.019700,65536x1x1,1024x1x1,2048x64x1x1
q-19,kernel_transpose_32_16,0.009400,512x16x0,1x16x0,3072x64x1x1
q-19,kernel_mul_mat_Ab_Bi_8x4,0.389700,8x768x1,1x128x1,3072x64x1x1
q_pe-19,kernel_rope_norm_f32,0.012100,1024x64x1,64x1x1,64x16x64x1
Qcur-19,kernel_concat_f32_non_contiguous,0.351300,16x64x1,0x0x0,192x16x64x1
kv_cmpr_pe-19,kernel_transpose_32_16,0.010000,512x16x0,1x16x0,576x64x1x1
kv_cmpr_pe-19,kernel_mul_mat_Ab_Bi_8x4,0.316300,8x144x1,1x128x1,576x64x1x1
k_pe-19,kernel_rope_norm_f32,0.002600,64x64x1,64x1x1,64x1x64x1
node_1222,kernel_repeat,0.284600,16x64x1,0x0x0,64x16x64x1
kv_cmpr-19,kernel_rms_norm_mul,0.009600,32768x1x1,512x1x1,512x64x1x1
kv-19,kernel_transpose_32_16,0.003900,128x16x0,1x16x0,4096x64x1x1
kv-19,kernel_mul_mat_Ab_Bi_8x4,0.135000,8x1024x1,1x128x1,4096x64x1x1
Kcur-19,kernel_concat_f32_non_contiguous,0.397300,16x64x1,0x0x0,192x16x64x1
Vcur_cont-19,kernel_cpy_f32_f32,0.013500,1024x64x1,64x1x1,128x16x64x1
cache_k_l19 (view),kernel_set_rows_f16_i64,0.015700,65536x1x1,1024x1x1,3072x4096x1x1
cache_v_l19 (view),kernel_set_rows_f16_i64,0.011600,65536x1x1,1024x1x1,2048x4096x1x1
__fattn__-19,flash_attn_f32_f16,9.392200,64x16x0,16x1x0,128x16x64x1
node_1243,kernel_transpose_32_16,0.009700,512x16x0,1x16x0,2048x64x1x1
node_1243,kernel_mul_mat_Ab_Bi_8x4,0.377000,8x512x1,1x128x1,2048x64x1x1
ffn_inp-19,kernel_add,0.021700,4096x1x1,64x1x1,2048x64x1x1
ffn_norm-19,kernel_rms_norm_mul,0.019100,65536x1x1,1024x1x1,2048x64x1x1
ffn_moe_logits-19,kernel_mul_mm_f32_f32_l4_lm,0.510700,128x1x1,128x1x1,64x64x1x1
ffn_moe_probs-19,kernel_soft_max_4,0.003600,4096x1x1,64x1x1,64x64x1x1
ffn_moe_argsort-19,kernel_argsort_f32_i32,0.015000,64x64x1,64x1x1,64x64x1x1
ffn_moe_weights-19,kernel_get_rows_f32,0.004500,384x64x1,64x1x1,1x6x64x1
ffn_moe_weights_scaled-19,kernel_scale,0.001700,96x1x1,64x1x1,1x6x64x1
ffn_moe_gate-19,kernel_mul_mv_id_q4_0_f32_8x_flat,9.227800,11264x1x384,64x1x1,1408x6x64x1
ffn_moe_up-19,kernel_mul_mv_id_q4_0_f32_8x_flat,9.207000,11264x1x384,64x1x1,1408x6x64x1
ffn_moe_weighted-19,kernel_swiglu,0.081300,196608x1x1,512x1x1,1408x6x64x1
ffn_moe_down-19,kernel_mul_mv_id_q4_0_f32_8x_flat,9.864100,16384x1x384,64x1x1,2048x6x64x1
node_1259,kernel_mul,0.099100,384x64x1,64x1x1,2048x6x64x1
ffn_gate-19,kernel_transpose_32_16,0.011300,512x16x0,1x16x0,2816x64x1x1
ffn_gate-19,kernel_mul_mat_Ab_Bi_8x4,0.387500,8x704x1,1x128x1,2816x64x1x1
ffn_up-19,kernel_transpose_32_16,0.010200,512x16x0,1x16x0,2816x64x1x1
ffn_up-19,kernel_mul_mat_Ab_Bi_8x4,0.385800,8x704x1,1x128x1,2816x64x1x1
ffn_swiglu-19,kernel_swiglu,0.023100,32768x1x1,512x1x1,2816x64x1x1
node_1269,kernel_add,0.024500,4096x1x1,64x1x1,2048x64x1x1
node_1270,kernel_add,0.020700,4096x1x1,64x1x1,2048x64x1x1
node_1271,kernel_add,0.017400,4096x1x1,64x1x1,2048x64x1x1
node_1272,kernel_add,0.017600,4096x1x1,64x1x1,2048x64x1x1
ffn_moe_out-19,kernel_add,0.017300,4096x1x1,64x1x1,2048x64x1x1
ffn_shexp-19,kernel_transpose_32_16,0.012500,704x16x0,1x16x0,2048x64x1x1
ffn_shexp-19,kernel_mul_mat_Ab_Bi_8x4,0.525200,8x512x1,1x128x1,2048x64x1x1
ffn_out-19,kernel_add,0.022000,4096x1x1,64x1x1,2048x64x1x1
l_out-19,kernel_add,0.018100,4096x1x1,64x1x1,2048x64x1x1
attn_norm-20,kernel_rms_norm_mul,0.019300,65536x1x1,1024x1x1,2048x64x1x1
q-20,kernel_transpose_32_16,0.006800,512x16x0,1x16x0,3072x64x1x1
q-20,kernel_mul_mat_Ab_Bi_8x4,0.390000,8x768x1,1x128x1,3072x64x1x1
q_pe-20,kernel_rope_norm_f32,0.009400,1024x64x1,64x1x1,64x16x64x1
Qcur-20,kernel_concat_f32_non_contiguous,0.344400,16x64x1,0x0x0,192x16x64x1
kv_cmpr_pe-20,kernel_transpose_32_16,0.010200,512x16x0,1x16x0,576x64x1x1
kv_cmpr_pe-20,kernel_mul_mat_Ab_Bi_8x4,0.317200,8x144x1,1x128x1,576x64x1x1
k_pe-20,kernel_rope_norm_f32,0.002900,64x64x1,64x1x1,64x1x64x1
node_1287,kernel_repeat,0.285600,16x64x1,0x0x0,64x16x64x1
kv_cmpr-20,kernel_rms_norm_mul,0.010200,32768x1x1,512x1x1,512x64x1x1
kv-20,kernel_transpose_32_16,0.004000,128x16x0,1x16x0,4096x64x1x1
kv-20,kernel_mul_mat_Ab_Bi_8x4,0.133500,8x1024x1,1x128x1,4096x64x1x1
Kcur-20,kernel_concat_f32_non_contiguous,0.386700,16x64x1,0x0x0,192x16x64x1
Vcur_cont-20,kernel_cpy_f32_f32,0.014600,1024x64x1,64x1x1,128x16x64x1
cache_k_l20 (view),kernel_set_rows_f16_i64,0.015500,65536x1x1,1024x1x1,3072x4096x1x1
cache_v_l20 (view),kernel_set_rows_f16_i64,0.012000,65536x1x1,1024x1x1,2048x4096x1x1
__fattn__-20,flash_attn_f32_f16,9.346800,64x16x0,16x1x0,128x16x64x1
node_1308,kernel_transpose_32_16,0.009700,512x16x0,1x16x0,2048x64x1x1
node_1308,kernel_mul_mat_Ab_Bi_8x4,0.377200,8x512x1,1x128x1,2048x64x1x1
ffn_inp-20,kernel_add,0.016500,4096x1x1,64x1x1,2048x64x1x1
ffn_norm-20,kernel_rms_norm_mul,0.019700,65536x1x1,1024x1x1,2048x64x1x1
ffn_moe_logits-20,kernel_mul_mm_f32_f32_l4_lm,0.514800,128x1x1,128x1x1,64x64x1x1
ffn_moe_probs-20,kernel_soft_max_4,0.003800,4096x1x1,64x1x1,64x64x1x1
ffn_moe_argsort-20,kernel_argsort_f32_i32,0.015200,64x64x1,64x1x1,64x64x1x1
ffn_moe_weights-20,kernel_get_rows_f32,0.004100,384x64x1,64x1x1,1x6x64x1
ffn_moe_weights_scaled-20,kernel_scale,0.001900,96x1x1,64x1x1,1x6x64x1
ffn_moe_gate-20,kernel_mul_mv_id_q4_0_f32_8x_flat,9.233800,11264x1x384,64x1x1,1408x6x64x1
ffn_moe_up-20,kernel_mul_mv_id_q4_0_f32_8x_flat,9.187700,11264x1x384,64x1x1,1408x6x64x1
ffn_moe_weighted-20,kernel_swiglu,0.081800,196608x1x1,512x1x1,1408x6x64x1
ffn_moe_down-20,kernel_mul_mv_id_q4_0_f32_8x_flat,9.870500,16384x1x384,64x1x1,2048x6x64x1
node_1324,kernel_mul,0.099100,384x64x1,64x1x1,2048x6x64x1
ffn_gate-20,kernel_transpose_32_16,0.011100,512x16x0,1x16x0,2816x64x1x1
ffn_gate-20,kernel_mul_mat_Ab_Bi_8x4,0.382500,8x704x1,1x128x1,2816x64x1x1
ffn_up-20,kernel_transpose_32_16,0.010100,512x16x0,1x16x0,2816x64x1x1
ffn_up-20,kernel_mul_mat_Ab_Bi_8x4,0.385700,8x704x1,1x128x1,2816x64x1x1
ffn_swiglu-20,kernel_swiglu,0.021200,32768x1x1,512x1x1,2816x64x1x1
node_1334,kernel_add,0.023500,4096x1x1,64x1x1,2048x64x1x1
node_1335,kernel_add,0.021100,4096x1x1,64x1x1,2048x64x1x1
node_1336,kernel_add,0.017100,4096x1x1,64x1x1,2048x64x1x1
node_1337,kernel_add,0.017300,4096x1x1,64x1x1,2048x64x1x1
ffn_moe_out-20,kernel_add,0.016800,4096x1x1,64x1x1,2048x64x1x1
ffn_shexp-20,kernel_transpose_32_16,0.012800,704x16x0,1x16x0,2048x64x1x1
ffn_shexp-20,kernel_mul_mat_Ab_Bi_8x4,0.529300,8x512x1,1x128x1,2048x64x1x1
ffn_out-20,kernel_add,0.015600,4096x1x1,64x1x1,2048x64x1x1
l_out-20,kernel_add,0.018100,4096x1x1,64x1x1,2048x64x1x1
attn_norm-21,kernel_rms_norm_mul,0.019200,65536x1x1,1024x1x1,2048x64x1x1
q-21,kernel_transpose_32_16,0.006900,512x16x0,1x16x0,3072x64x1x1
q-21,kernel_mul_mat_Ab_Bi_8x4,0.389400,8x768x1,1x128x1,3072x64x1x1
q_pe-21,kernel_rope_norm_f32,0.012300,1024x64x1,64x1x1,64x16x64x1
Qcur-21,kernel_concat_f32_non_contiguous,0.350500,16x64x1,0x0x0,192x16x64x1
kv_cmpr_pe-21,kernel_transpose_32_16,0.010300,512x16x0,1x16x0,576x64x1x1
kv_cmpr_pe-21,kernel_mul_mat_Ab_Bi_8x4,0.314900,8x144x1,1x128x1,576x64x1x1
k_pe-21,kernel_rope_norm_f32,0.002800,64x64x1,64x1x1,64x1x64x1
node_1352,kernel_repeat,0.286200,16x64x1,0x0x0,64x16x64x1
kv_cmpr-21,kernel_rms_norm_mul,0.010000,32768x1x1,512x1x1,512x64x1x1
kv-21,kernel_transpose_32_16,0.004000,128x16x0,1x16x0,4096x64x1x1
kv-21,kernel_mul_mat_Ab_Bi_8x4,0.132800,8x1024x1,1x128x1,4096x64x1x1
Kcur-21,kernel_concat_f32_non_contiguous,0.396000,16x64x1,0x0x0,192x16x64x1
Vcur_cont-21,kernel_cpy_f32_f32,0.013900,1024x64x1,64x1x1,128x16x64x1
cache_k_l21 (view),kernel_set_rows_f16_i64,0.014500,65536x1x1,1024x1x1,3072x4096x1x1
cache_v_l21 (view),kernel_set_rows_f16_i64,0.011900,65536x1x1,1024x1x1,2048x4096x1x1
__fattn__-21,flash_attn_f32_f16,9.373100,64x16x0,16x1x0,128x16x64x1
node_1373,kernel_transpose_32_16,0.009700,512x16x0,1x16x0,2048x64x1x1
node_1373,kernel_mul_mat_Ab_Bi_8x4,0.378800,8x512x1,1x128x1,2048x64x1x1
ffn_inp-21,kernel_add,0.021000,4096x1x1,64x1x1,2048x64x1x1
ffn_norm-21,kernel_rms_norm_mul,0.019600,65536x1x1,1024x1x1,2048x64x1x1
ffn_moe_logits-21,kernel_mul_mm_f32_f32_l4_lm,0.508900,128x1x1,128x1x1,64x64x1x1
ffn_moe_probs-21,kernel_soft_max_4,0.003900,4096x1x1,64x1x1,64x64x1x1
ffn_moe_argsort-21,kernel_argsort_f32_i32,0.015200,64x64x1,64x1x1,64x64x1x1
ffn_moe_weights-21,kernel_get_rows_f32,0.004000,384x64x1,64x1x1,1x6x64x1
ffn_moe_weights_scaled-21,kernel_scale,0.001800,96x1x1,64x1x1,1x6x64x1
ffn_moe_gate-21,kernel_mul_mv_id_q4_0_f32_8x_flat,9.240200,11264x1x384,64x1x1,1408x6x64x1
ffn_moe_up-21,kernel_mul_mv_id_q4_0_f32_8x_flat,9.229200,11264x1x384,64x1x1,1408x6x64x1
ffn_moe_weighted-21,kernel_swiglu,0.082200,196608x1x1,512x1x1,1408x6x64x1
ffn_moe_down-21,kernel_mul_mv_id_q4_0_f32_8x_flat,9.894400,16384x1x384,64x1x1,2048x6x64x1
node_1389,kernel_mul,0.101100,384x64x1,64x1x1,2048x6x64x1
ffn_gate-21,kernel_transpose_32_16,0.011600,512x16x0,1x16x0,2816x64x1x1
ffn_gate-21,kernel_mul_mat_Ab_Bi_8x4,0.383200,8x704x1,1x128x1,2816x64x1x1
ffn_up-21,kernel_transpose_32_16,0.010200,512x16x0,1x16x0,2816x64x1x1
ffn_up-21,kernel_mul_mat_Ab_Bi_8x4,0.385400,8x704x1,1x128x1,2816x64x1x1
ffn_swiglu-21,kernel_swiglu,0.022800,32768x1x1,512x1x1,2816x64x1x1
node_1399,kernel_add,0.023400,4096x1x1,64x1x1,2048x64x1x1
node_1400,kernel_add,0.021100,4096x1x1,64x1x1,2048x64x1x1
node_1401,kernel_add,0.017300,4096x1x1,64x1x1,2048x64x1x1
node_1402,kernel_add,0.017700,4096x1x1,64x1x1,2048x64x1x1
ffn_moe_out-21,kernel_add,0.017900,4096x1x1,64x1x1,2048x64x1x1
ffn_shexp-21,kernel_transpose_32_16,0.012800,704x16x0,1x16x0,2048x64x1x1
ffn_shexp-21,kernel_mul_mat_Ab_Bi_8x4,0.528200,8x512x1,1x128x1,2048x64x1x1
ffn_out-21,kernel_add,0.022300,4096x1x1,64x1x1,2048x64x1x1
l_out-21,kernel_add,0.017700,4096x1x1,64x1x1,2048x64x1x1
attn_norm-22,kernel_rms_norm_mul,0.019300,65536x1x1,1024x1x1,2048x64x1x1
q-22,kernel_transpose_32_16,0.009500,512x16x0,1x16x0,3072x64x1x1
q-22,kernel_mul_mat_Ab_Bi_8x4,0.387400,8x768x1,1x128x1,3072x64x1x1
q_pe-22,kernel_rope_norm_f32,0.012000,1024x64x1,64x1x1,64x16x64x1
Qcur-22,kernel_concat_f32_non_contiguous,0.347500,16x64x1,0x0x0,192x16x64x1
kv_cmpr_pe-22,kernel_transpose_32_16,0.010500,512x16x0,1x16x0,576x64x1x1
kv_cmpr_pe-22,kernel_mul_mat_Ab_Bi_8x4,0.315500,8x144x1,1x128x1,576x64x1x1
k_pe-22,kernel_rope_norm_f32,0.002700,64x64x1,64x1x1,64x1x64x1
node_1417,kernel_repeat,0.285400,16x64x1,0x0x0,64x16x64x1
kv_cmpr-22,kernel_rms_norm_mul,0.010000,32768x1x1,512x1x1,512x64x1x1
kv-22,kernel_transpose_32_16,0.004000,128x16x0,1x16x0,4096x64x1x1
kv-22,kernel_mul_mat_Ab_Bi_8x4,0.134100,8x1024x1,1x128x1,4096x64x1x1
Kcur-22,kernel_concat_f32_non_contiguous,0.392600,16x64x1,0x0x0,192x16x64x1
Vcur_cont-22,kernel_cpy_f32_f32,0.013700,1024x64x1,64x1x1,128x16x64x1
cache_k_l22 (view),kernel_set_rows_f16_i64,0.015600,65536x1x1,1024x1x1,3072x4096x1x1
cache_v_l22 (view),kernel_set_rows_f16_i64,0.011700,65536x1x1,1024x1x1,2048x4096x1x1
__fattn__-22,flash_attn_f32_f16,10.622900,64x16x0,16x1x0,128x16x64x1
node_1438,kernel_transpose_32_16,0.009400,512x16x0,1x16x0,2048x64x1x1
node_1438,kernel_mul_mat_Ab_Bi_8x4,0.378000,8x512x1,1x128x1,2048x64x1x1
ffn_inp-22,kernel_add,0.021800,4096x1x1,64x1x1,2048x64x1x1
ffn_norm-22,kernel_rms_norm_mul,0.019500,65536x1x1,1024x1x1,2048x64x1x1
ffn_moe_logits-22,kernel_mul_mm_f32_f32_l4_lm,0.507200,128x1x1,128x1x1,64x64x1x1
ffn_moe_probs-22,kernel_soft_max_4,0.003700,4096x1x1,64x1x1,64x64x1x1
ffn_moe_argsort-22,kernel_argsort_f32_i32,0.015100,64x64x1,64x1x1,64x64x1x1
ffn_moe_weights-22,kernel_get_rows_f32,0.004100,384x64x1,64x1x1,1x6x64x1
ffn_moe_weights_scaled-22,kernel_scale,0.002000,96x1x1,64x1x1,1x6x64x1
ffn_moe_gate-22,kernel_mul_mv_id_q4_0_f32_8x_flat,9.239200,11264x1x384,64x1x1,1408x6x64x1
ffn_moe_up-22,kernel_mul_mv_id_q4_0_f32_8x_flat,9.249900,11264x1x384,64x1x1,1408x6x64x1
ffn_moe_weighted-22,kernel_swiglu,0.081400,196608x1x1,512x1x1,1408x6x64x1
ffn_moe_down-22,kernel_mul_mv_id_q4_0_f32_8x_flat,9.865400,16384x1x384,64x1x1,2048x6x64x1
node_1454,kernel_mul,0.100600,384x64x1,64x1x1,2048x6x64x1
ffn_gate-22,kernel_transpose_32_16,0.011100,512x16x0,1x16x0,2816x64x1x1
ffn_gate-22,kernel_mul_mat_Ab_Bi_8x4,0.386000,8x704x1,1x128x1,2816x64x1x1
ffn_up-22,kernel_transpose_32_16,0.009600,512x16x0,1x16x0,2816x64x1x1
ffn_up-22,kernel_mul_mat_Ab_Bi_8x4,0.382900,8x704x1,1x128x1,2816x64x1x1
ffn_swiglu-22,kernel_swiglu,0.023700,32768x1x1,512x1x1,2816x64x1x1
node_1464,kernel_add,0.025000,4096x1x1,64x1x1,2048x64x1x1
node_1465,kernel_add,0.021500,4096x1x1,64x1x1,2048x64x1x1
node_1466,kernel_add,0.017300,4096x1x1,64x1x1,2048x64x1x1
node_1467,kernel_add,0.017200,4096x1x1,64x1x1,2048x64x1x1
ffn_moe_out-22,kernel_add,0.017200,4096x1x1,64x1x1,2048x64x1x1
ffn_shexp-22,kernel_transpose_32_16,0.011600,704x16x0,1x16x0,2048x64x1x1
ffn_shexp-22,kernel_mul_mat_Ab_Bi_8x4,0.525700,8x512x1,1x128x1,2048x64x1x1
ffn_out-22,kernel_add,0.021100,4096x1x1,64x1x1,2048x64x1x1
l_out-22,kernel_add,0.018500,4096x1x1,64x1x1,2048x64x1x1
attn_norm-23,kernel_rms_norm_mul,0.019300,65536x1x1,1024x1x1,2048x64x1x1
q-23,kernel_transpose_32_16,0.006800,512x16x0,1x16x0,3072x64x1x1
q-23,kernel_mul_mat_Ab_Bi_8x4,0.387300,8x768x1,1x128x1,3072x64x1x1
q_pe-23,kernel_rope_norm_f32,0.012400,1024x64x1,64x1x1,64x16x64x1
Qcur-23,kernel_concat_f32_non_contiguous,0.345000,16x64x1,0x0x0,192x16x64x1
kv_cmpr_pe-23,kernel_transpose_32_16,0.009900,512x16x0,1x16x0,576x64x1x1
kv_cmpr_pe-23,kernel_mul_mat_Ab_Bi_8x4,0.315900,8x144x1,1x128x1,576x64x1x1
k_pe-23,kernel_rope_norm_f32,0.002800,64x64x1,64x1x1,64x1x64x1
node_1482,kernel_repeat,0.285500,16x64x1,0x0x0,64x16x64x1
kv_cmpr-23,kernel_rms_norm_mul,0.010000,32768x1x1,512x1x1,512x64x1x1
kv-23,kernel_transpose_32_16,0.004100,128x16x0,1x16x0,4096x64x1x1
kv-23,kernel_mul_mat_Ab_Bi_8x4,0.134300,8x1024x1,1x128x1,4096x64x1x1
Kcur-23,kernel_concat_f32_non_contiguous,0.384800,16x64x1,0x0x0,192x16x64x1
Vcur_cont-23,kernel_cpy_f32_f32,0.013300,1024x64x1,64x1x1,128x16x64x1
cache_k_l23 (view),kernel_set_rows_f16_i64,0.016200,65536x1x1,1024x1x1,3072x4096x1x1
cache_v_l23 (view),kernel_set_rows_f16_i64,0.011500,65536x1x1,1024x1x1,2048x4096x1x1
__fattn__-23,flash_attn_f32_f16,9.365200,64x16x0,16x1x0,128x16x64x1
node_1503,kernel_transpose_32_16,0.009500,512x16x0,1x16x0,2048x64x1x1
node_1503,kernel_mul_mat_Ab_Bi_8x4,0.379400,8x512x1,1x128x1,2048x64x1x1
ffn_inp-23,kernel_add,0.021600,4096x1x1,64x1x1,2048x64x1x1
ffn_norm-23,kernel_rms_norm_mul,0.019400,65536x1x1,1024x1x1,2048x64x1x1
ffn_moe_logits-23,kernel_mul_mm_f32_f32_l4_lm,0.516000,128x1x1,128x1x1,64x64x1x1
ffn_moe_probs-23,kernel_soft_max_4,0.003700,4096x1x1,64x1x1,64x64x1x1
ffn_moe_argsort-23,kernel_argsort_f32_i32,0.015000,64x64x1,64x1x1,64x64x1x1
ffn_moe_weights-23,kernel_get_rows_f32,0.004100,384x64x1,64x1x1,1x6x64x1
ffn_moe_weights_scaled-23,kernel_scale,0.001800,96x1x1,64x1x1,1x6x64x1
ffn_moe_gate-23,kernel_mul_mv_id_q4_0_f32_8x_flat,9.251100,11264x1x384,64x1x1,1408x6x64x1
ffn_moe_up-23,kernel_mul_mv_id_q4_0_f32_8x_flat,9.249000,11264x1x384,64x1x1,1408x6x64x1
ffn_moe_weighted-23,kernel_swiglu,0.082000,196608x1x1,512x1x1,1408x6x64x1
ffn_moe_down-23,kernel_mul_mv_id_q4_0_f32_8x_flat,9.902100,16384x1x384,64x1x1,2048x6x64x1
node_1519,kernel_mul,0.102900,384x64x1,64x1x1,2048x6x64x1
ffn_gate-23,kernel_transpose_32_16,0.011200,512x16x0,1x16x0,2816x64x1x1
ffn_gate-23,kernel_mul_mat_Ab_Bi_8x4,0.380100,8x704x1,1x128x1,2816x64x1x1
ffn_up-23,kernel_transpose_32_16,0.009900,512x16x0,1x16x0,2816x64x1x1
ffn_up-23,kernel_mul_mat_Ab_Bi_8x4,0.384400,8x704x1,1x128x1,2816x64x1x1
ffn_swiglu-23,kernel_swiglu,0.022700,32768x1x1,512x1x1,2816x64x1x1
node_1529,kernel_add,0.021500,4096x1x1,64x1x1,2048x64x1x1
node_1530,kernel_add,0.019400,4096x1x1,64x1x1,2048x64x1x1
node_1531,kernel_add,0.017800,4096x1x1,64x1x1,2048x64x1x1
node_1532,kernel_add,0.016900,4096x1x1,64x1x1,2048x64x1x1
ffn_moe_out-23,kernel_add,0.017600,4096x1x1,64x1x1,2048x64x1x1
ffn_shexp-23,kernel_transpose_32_16,0.013000,704x16x0,1x16x0,2048x64x1x1
ffn_shexp-23,kernel_mul_mat_Ab_Bi_8x4,0.529000,8x512x1,1x128x1,2048x64x1x1
ffn_out-23,kernel_add,0.021400,4096x1x1,64x1x1,2048x64x1x1
l_out-23,kernel_add,0.016500,4096x1x1,64x1x1,2048x64x1x1
attn_norm-24,kernel_rms_norm_mul,0.019100,65536x1x1,1024x1x1,2048x64x1x1
q-24,kernel_transpose_32_16,0.006800,512x16x0,1x16x0,3072x64x1x1
q-24,kernel_mul_mat_Ab_Bi_8x4,0.388600,8x768x1,1x128x1,3072x64x1x1
q_pe-24,kernel_rope_norm_f32,0.012300,1024x64x1,64x1x1,64x16x64x1
Qcur-24,kernel_concat_f32_non_contiguous,0.349300,16x64x1,0x0x0,192x16x64x1
kv_cmpr_pe-24,kernel_transpose_32_16,0.010700,512x16x0,1x16x0,576x64x1x1
kv_cmpr_pe-24,kernel_mul_mat_Ab_Bi_8x4,0.317000,8x144x1,1x128x1,576x64x1x1
k_pe-24,kernel_rope_norm_f32,0.003000,64x64x1,64x1x1,64x1x64x1
node_1547,kernel_repeat,0.284700,16x64x1,0x0x0,64x16x64x1
kv_cmpr-24,kernel_rms_norm_mul,0.009800,32768x1x1,512x1x1,512x64x1x1
kv-24,kernel_transpose_32_16,0.004100,128x16x0,1x16x0,4096x64x1x1
kv-24,kernel_mul_mat_Ab_Bi_8x4,0.134000,8x1024x1,1x128x1,4096x64x1x1
Kcur-24,kernel_concat_f32_non_contiguous,0.388000,16x64x1,0x0x0,192x16x64x1
Vcur_cont-24,kernel_cpy_f32_f32,0.014500,1024x64x1,64x1x1,128x16x64x1
cache_k_l24 (view),kernel_set_rows_f16_i64,0.015900,65536x1x1,1024x1x1,3072x4096x1x1
cache_v_l24 (view),kernel_set_rows_f16_i64,0.011200,65536x1x1,1024x1x1,2048x4096x1x1
__fattn__-24,flash_attn_f32_f16,9.374900,64x16x0,16x1x0,128x16x64x1
node_1568,kernel_transpose_32_16,0.009400,512x16x0,1x16x0,2048x64x1x1
node_1568,kernel_mul_mat_Ab_Bi_8x4,0.379300,8x512x1,1x128x1,2048x64x1x1
ffn_inp-24,kernel_add,0.021600,4096x1x1,64x1x1,2048x64x1x1
ffn_norm-24,kernel_rms_norm_mul,0.019400,65536x1x1,1024x1x1,2048x64x1x1
ffn_moe_logits-24,kernel_mul_mm_f32_f32_l4_lm,0.515300,128x1x1,128x1x1,64x64x1x1
ffn_moe_probs-24,kernel_soft_max_4,0.003600,4096x1x1,64x1x1,64x64x1x1
ffn_moe_argsort-24,kernel_argsort_f32_i32,0.015400,64x64x1,64x1x1,64x64x1x1
ffn_moe_weights-24,kernel_get_rows_f32,0.004300,384x64x1,64x1x1,1x6x64x1
ffn_moe_weights_scaled-24,kernel_scale,0.001900,96x1x1,64x1x1,1x6x64x1
ffn_moe_gate-24,kernel_mul_mv_id_q4_0_f32_8x_flat,9.268200,11264x1x384,64x1x1,1408x6x64x1
ffn_moe_up-24,kernel_mul_mv_id_q4_0_f32_8x_flat,9.260700,11264x1x384,64x1x1,1408x6x64x1
ffn_moe_weighted-24,kernel_swiglu,0.081200,196608x1x1,512x1x1,1408x6x64x1
ffn_moe_down-24,kernel_mul_mv_id_q4_0_f32_8x_flat,9.871000,16384x1x384,64x1x1,2048x6x64x1
node_1584,kernel_mul,0.100700,384x64x1,64x1x1,2048x6x64x1
ffn_gate-24,kernel_transpose_32_16,0.011100,512x16x0,1x16x0,2816x64x1x1
ffn_gate-24,kernel_mul_mat_Ab_Bi_8x4,0.380400,8x704x1,1x128x1,2816x64x1x1
ffn_up-24,kernel_transpose_32_16,0.010400,512x16x0,1x16x0,2816x64x1x1
ffn_up-24,kernel_mul_mat_Ab_Bi_8x4,0.384900,8x704x1,1x128x1,2816x64x1x1
ffn_swiglu-24,kernel_swiglu,0.023000,32768x1x1,512x1x1,2816x64x1x1
node_1594,kernel_add,0.024600,4096x1x1,64x1x1,2048x64x1x1
node_1595,kernel_add,0.021100,4096x1x1,64x1x1,2048x64x1x1
node_1596,kernel_add,0.017100,4096x1x1,64x1x1,2048x64x1x1
node_1597,kernel_add,0.016700,4096x1x1,64x1x1,2048x64x1x1
ffn_moe_out-24,kernel_add,0.017700,4096x1x1,64x1x1,2048x64x1x1
ffn_shexp-24,kernel_transpose_32_16,0.013400,704x16x0,1x16x0,2048x64x1x1
ffn_shexp-24,kernel_mul_mat_Ab_Bi_8x4,0.532800,8x512x1,1x128x1,2048x64x1x1
ffn_out-24,kernel_add,0.020600,4096x1x1,64x1x1,2048x64x1x1
l_out-24,kernel_add,0.018000,4096x1x1,64x1x1,2048x64x1x1
attn_norm-25,kernel_rms_norm_mul,0.019300,65536x1x1,1024x1x1,2048x64x1x1
q-25,kernel_transpose_32_16,0.006900,512x16x0,1x16x0,3072x64x1x1
q-25,kernel_mul_mat_Ab_Bi_8x4,0.389600,8x768x1,1x128x1,3072x64x1x1
q_pe-25,kernel_rope_norm_f32,0.012200,1024x64x1,64x1x1,64x16x64x1
Qcur-25,kernel_concat_f32_non_contiguous,0.352000,16x64x1,0x0x0,192x16x64x1
kv_cmpr_pe-25,kernel_transpose_32_16,0.010500,512x16x0,1x16x0,576x64x1x1
kv_cmpr_pe-25,kernel_mul_mat_Ab_Bi_8x4,0.317200,8x144x1,1x128x1,576x64x1x1
k_pe-25,kernel_rope_norm_f32,0.002600,64x64x1,64x1x1,64x1x64x1
node_1612,kernel_repeat,0.285600,16x64x1,0x0x0,64x16x64x1
kv_cmpr-25,kernel_rms_norm_mul,0.010100,32768x1x1,512x1x1,512x64x1x1
kv-25,kernel_transpose_32_16,0.004200,128x16x0,1x16x0,4096x64x1x1
kv-25,kernel_mul_mat_Ab_Bi_8x4,0.134600,8x1024x1,1x128x1,4096x64x1x1
Kcur-25,kernel_concat_f32_non_contiguous,0.394600,16x64x1,0x0x0,192x16x64x1
Vcur_cont-25,kernel_cpy_f32_f32,0.013800,1024x64x1,64x1x1,128x16x64x1
cache_k_l25 (view),kernel_set_rows_f16_i64,0.015900,65536x1x1,1024x1x1,3072x4096x1x1
cache_v_l25 (view),kernel_set_rows_f16_i64,0.011700,65536x1x1,1024x1x1,2048x4096x1x1
__fattn__-25,flash_attn_f32_f16,9.351700,64x16x0,16x1x0,128x16x64x1
node_1633,kernel_transpose_32_16,0.010100,512x16x0,1x16x0,2048x64x1x1
node_1633,kernel_mul_mat_Ab_Bi_8x4,0.381400,8x512x1,1x128x1,2048x64x1x1
ffn_inp-25,kernel_add,0.021100,4096x1x1,64x1x1,2048x64x1x1
ffn_norm-25,kernel_rms_norm_mul,0.019500,65536x1x1,1024x1x1,2048x64x1x1
ffn_moe_logits-25,kernel_mul_mm_f32_f32_l4_lm,0.510800,128x1x1,128x1x1,64x64x1x1
ffn_moe_probs-25,kernel_soft_max_4,0.003500,4096x1x1,64x1x1,64x64x1x1
ffn_moe_argsort-25,kernel_argsort_f32_i32,0.015100,64x64x1,64x1x1,64x64x1x1
ffn_moe_weights-25,kernel_get_rows_f32,0.004000,384x64x1,64x1x1,1x6x64x1
ffn_moe_weights_scaled-25,kernel_scale,0.001800,96x1x1,64x1x1,1x6x64x1
ffn_moe_gate-25,kernel_mul_mv_id_q4_0_f32_8x_flat,9.275100,11264x1x384,64x1x1,1408x6x64x1
ffn_moe_up-25,kernel_mul_mv_id_q4_0_f32_8x_flat,9.313500,11264x1x384,64x1x1,1408x6x64x1
ffn_moe_weighted-25,kernel_swiglu,0.082200,196608x1x1,512x1x1,1408x6x64x1
ffn_moe_down-25,kernel_mul_mv_id_q4_0_f32_8x_flat,9.887900,16384x1x384,64x1x1,2048x6x64x1
node_1649,kernel_mul,0.098900,384x64x1,64x1x1,2048x6x64x1
ffn_gate-25,kernel_transpose_32_16,0.011700,512x16x0,1x16x0,2816x64x1x1
ffn_gate-25,kernel_mul_mat_Ab_Bi_8x4,0.381400,8x704x1,1x128x1,2816x64x1x1
ffn_up-25,kernel_transpose_32_16,0.010100,512x16x0,1x16x0,2816x64x1x1
ffn_up-25,kernel_mul_mat_Ab_Bi_8x4,0.384700,8x704x1,1x128x1,2816x64x1x1
ffn_swiglu-25,kernel_swiglu,0.023500,32768x1x1,512x1x1,2816x64x1x1
node_1659,kernel_add,0.023800,4096x1x1,64x1x1,2048x64x1x1
node_1660,kernel_add,0.020500,4096x1x1,64x1x1,2048x64x1x1
node_1661,kernel_add,0.017600,4096x1x1,64x1x1,2048x64x1x1
node_1662,kernel_add,0.017200,4096x1x1,64x1x1,2048x64x1x1
ffn_moe_out-25,kernel_add,0.017400,4096x1x1,64x1x1,2048x64x1x1
ffn_shexp-25,kernel_transpose_32_16,0.012800,704x16x0,1x16x0,2048x64x1x1
ffn_shexp-25,kernel_mul_mat_Ab_Bi_8x4,0.527500,8x512x1,1x128x1,2048x64x1x1
ffn_out-25,kernel_add,0.021900,4096x1x1,64x1x1,2048x64x1x1
l_out-25,kernel_add,0.017800,4096x1x1,64x1x1,2048x64x1x1
attn_norm-26,kernel_rms_norm_mul,0.019300,65536x1x1,1024x1x1,2048x64x1x1
q-26,kernel_transpose_32_16,0.007100,512x16x0,1x16x0,3072x64x1x1
q-26,kernel_mul_mat_Ab_Bi_8x4,0.387200,8x768x1,1x128x1,3072x64x1x1
q_pe-26,kernel_rope_norm_f32,0.012500,1024x64x1,64x1x1,64x16x64x1
Qcur-26,kernel_concat_f32_non_contiguous,0.350300,16x64x1,0x0x0,192x16x64x1
kv_cmpr_pe-26,kernel_transpose_32_16,0.009300,512x16x0,1x16x0,576x64x1x1
kv_cmpr_pe-26,kernel_mul_mat_Ab_Bi_8x4,0.315700,8x144x1,1x128x1,576x64x1x1
k_pe-26,kernel_rope_norm_f32,0.002800,64x64x1,64x1x1,64x1x64x1
node_1677,kernel_repeat,0.283800,16x64x1,0x0x0,64x16x64x1
kv_cmpr-26,kernel_rms_norm_mul,0.010200,32768x1x1,512x1x1,512x64x1x1
kv-26,kernel_transpose_32_16,0.004000,128x16x0,1x16x0,4096x64x1x1
kv-26,kernel_mul_mat_Ab_Bi_8x4,0.133700,8x1024x1,1x128x1,4096x64x1x1
Kcur-26,kernel_concat_f32_non_contiguous,0.393800,16x64x1,0x0x0,192x16x64x1
Vcur_cont-26,kernel_cpy_f32_f32,0.010300,1024x64x1,64x1x1,128x16x64x1
cache_k_l26 (view),kernel_set_rows_f16_i64,0.016400,65536x1x1,1024x1x1,3072x4096x1x1
cache_v_l26 (view),kernel_set_rows_f16_i64,0.012200,65536x1x1,1024x1x1,2048x4096x1x1
__fattn__-26,flash_attn_f32_f16,9.398900,64x16x0,16x1x0,128x16x64x1
node_1698,kernel_transpose_32_16,0.009700,512x16x0,1x16x0,2048x64x1x1
node_1698,kernel_mul_mat_Ab_Bi_8x4,0.377900,8x512x1,1x128x1,2048x64x1x1
attn_norm-0,kernel_rms_norm_mul,0.021700,65536x1x1,1024x1x1,2048x64x1x1
q-0,kernel_transpose_32_16,0.010800,512x16x0,1x16x0,3072x64x1x1
q-0,kernel_mul_mat_Ab_Bi_8x4,0.390100,8x768x1,1x128x1,3072x64x1x1
q_pe-0,kernel_rope_norm_f32,0.011900,1024x64x1,64x1x1,64x16x64x1
Qcur-0,kernel_concat_f32_non_contiguous,0.345800,16x64x1,0x0x0,192x16x64x1
kv_cmpr_pe-0,kernel_transpose_32_16,0.011000,512x16x0,1x16x0,576x64x1x1
kv_cmpr_pe-0,kernel_mul_mat_Ab_Bi_8x4,0.317000,8x144x1,1x128x1,576x64x1x1
k_pe-0,kernel_rope_norm_f32,0.002700,64x64x1,64x1x1,64x1x64x1
node_11,kernel_repeat,0.283400,16x64x1,0x0x0,64x16x64x1
kv_cmpr-0,kernel_rms_norm_mul,0.009600,32768x1x1,512x1x1,512x64x1x1
kv-0,kernel_transpose_32_16,0.004100,128x16x0,1x16x0,4096x64x1x1
kv-0,kernel_mul_mat_Ab_Bi_8x4,0.134600,8x1024x1,1x128x1,4096x64x1x1
Kcur-0,kernel_concat_f32_non_contiguous,0.391400,16x64x1,0x0x0,192x16x64x1
Vcur_cont-0,kernel_cpy_f32_f32,0.014200,1024x64x1,64x1x1,128x16x64x1
cache_k_l0 (view),kernel_set_rows_f16_i64,0.015900,65536x1x1,1024x1x1,3072x4096x1x1
cache_v_l0 (view),kernel_set_rows_f16_i64,0.011300,65536x1x1,1024x1x1,2048x4096x1x1
 (copy),kernel_cpy_f32_f16,0.006500,4096x1x1,64x1x1,768x64x1x1
__fattn__-0,flash_attn_f32_f16,14.049700,64x16x0,16x1x0,128x16x64x1
node_33,kernel_transpose_32_16,0.009700,512x16x0,1x16x0,2048x64x1x1
node_33,kernel_mul_mat_Ab_Bi_8x4,0.381500,8x512x1,1x128x1,2048x64x1x1
ffn_inp-0,kernel_add,0.022300,4096x1x1,64x1x1,2048x64x1x1
ffn_norm-0,kernel_rms_norm_mul,0.019400,65536x1x1,1024x1x1,2048x64x1x1
ffn_gate-0,kernel_transpose_32_16,0.010000,512x16x0,1x16x0,10944x64x1x1
ffn_gate-0,kernel_mul_mat_Ab_Bi_8x4,1.161500,8x2736x1,1x128x1,10944x64x1x1
ffn_up-0,kernel_transpose_32_16,0.010500,512x16x0,1x16x0,10944x64x1x1
ffn_up-0,kernel_mul_mat_Ab_Bi_8x4,1.158900,8x2736x1,1x128x1,10944x64x1x1
ffn_swiglu-0,kernel_swiglu,0.113100,32768x1x1,512x1x1,10944x64x1x1
ffn_out-0,kernel_transpose_32_16,0.042400,2736x16x0,1x16x0,2048x64x1x1
ffn_out-0,kernel_mul_mat_Ab_Bi_8x4,1.914300,8x512x1,1x128x1,2048x64x1x1
l_out-0,kernel_add,0.021900,4096x1x1,64x1x1,2048x64x1x1
attn_norm-1,kernel_rms_norm_mul,0.019300,65536x1x1,1024x1x1,2048x64x1x1
q-1,kernel_transpose_32_16,0.007000,512x16x0,1x16x0,3072x64x1x1
q-1,kernel_mul_mat_Ab_Bi_8x4,0.391100,8x768x1,1x128x1,3072x64x1x1
q_pe-1,kernel_rope_norm_f32,0.012400,1024x64x1,64x1x1,64x16x64x1
Qcur-1,kernel_concat_f32_non_contiguous,0.344900,16x64x1,0x0x0,192x16x64x1
kv_cmpr_pe-1,kernel_transpose_32_16,0.010100,512x16x0,1x16x0,576x64x1x1
kv_cmpr_pe-1,kernel_mul_mat_Ab_Bi_8x4,0.316600,8x144x1,1x128x1,576x64x1x1
k_pe-1,kernel_rope_norm_f32,0.002800,64x64x1,64x1x1,64x1x64x1
node_52,kernel_repeat,0.284000,16x64x1,0x0x0,64x16x64x1
kv_cmpr-1,kernel_rms_norm_mul,0.009900,32768x1x1,512x1x1,512x64x1x1
kv-1,kernel_transpose_32_16,0.004300,128x16x0,1x16x0,4096x64x1x1
kv-1,kernel_mul_mat_Ab_Bi_8x4,0.134600,8x1024x1,1x128x1,4096x64x1x1
Kcur-1,kernel_concat_f32_non_contiguous,0.384800,16x64x1,0x0x0,192x16x64x1
Vcur_cont-1,kernel_cpy_f32_f32,0.013700,1024x64x1,64x1x1,128x16x64x1
cache_k_l1 (view),kernel_set_rows_f16_i64,0.016200,65536x1x1,1024x1x1,3072x4096x1x1
cache_v_l1 (view),kernel_set_rows_f16_i64,0.011400,65536x1x1,1024x1x1,2048x4096x1x1
__fattn__-1,flash_attn_f32_f16,14.076800,64x16x0,16x1x0,128x16x64x1
node_73,kernel_transpose_32_16,0.009500,512x16x0,1x16x0,2048x64x1x1
node_73,kernel_mul_mat_Ab_Bi_8x4,0.386500,8x512x1,1x128x1,2048x64x1x1
ffn_inp-1,kernel_add,0.021900,4096x1x1,64x1x1,2048x64x1x1
ffn_norm-1,kernel_rms_norm_mul,0.019500,65536x1x1,1024x1x1,2048x64x1x1
ffn_moe_logits-1,kernel_mul_mm_f32_f32_l4_lm,0.504000,128x1x1,128x1x1,64x64x1x1
ffn_moe_probs-1,kernel_soft_max_4,0.003500,4096x1x1,64x1x1,64x64x1x1
ffn_moe_argsort-1,kernel_argsort_f32_i32,0.015200,64x64x1,64x1x1,64x64x1x1
ffn_moe_weights-1,kernel_get_rows_f32,0.004000,384x64x1,64x1x1,1x6x64x1
ffn_moe_weights_scaled-1,kernel_scale,0.001800,96x1x1,64x1x1,1x6x64x1
ffn_moe_gate-1,kernel_mul_mv_id_q4_0_f32_8x_flat,9.155500,11264x1x384,64x1x1,1408x6x64x1
ffn_moe_up-1,kernel_mul_mv_id_q4_0_f32_8x_flat,9.159800,11264x1x384,64x1x1,1408x6x64x1
ffn_moe_weighted-1,kernel_swiglu,0.082400,196608x1x1,512x1x1,1408x6x64x1
ffn_moe_down-1,kernel_mul_mv_id_q4_0_f32_8x_flat,9.866200,16384x1x384,64x1x1,2048x6x64x1
node_89,kernel_mul,0.099400,384x64x1,64x1x1,2048x6x64x1
ffn_gate-1,kernel_transpose_32_16,0.011100,512x16x0,1x16x0,2816x64x1x1
ffn_gate-1,kernel_mul_mat_Ab_Bi_8x4,0.381900,8x704x1,1x128x1,2816x64x1x1
ffn_up-1,kernel_transpose_32_16,0.009900,512x16x0,1x16x0,2816x64x1x1
ffn_up-1,kernel_mul_mat_Ab_Bi_8x4,0.385200,8x704x1,1x128x1,2816x64x1x1
ffn_swiglu-1,kernel_swiglu,0.024000,32768x1x1,512x1x1,2816x64x1x1
node_99,kernel_add,0.024100,4096x1x1,64x1x1,2048x64x1x1
node_100,kernel_add,0.020600,4096x1x1,64x1x1,2048x64x1x1
node_101,kernel_add,0.017300,4096x1x1,64x1x1,2048x64x1x1
node_102,kernel_add,0.017200,4096x1x1,64x1x1,2048x64x1x1
ffn_moe_out-1,kernel_add,0.017500,4096x1x1,64x1x1,2048x64x1x1
ffn_shexp-1,kernel_transpose_32_16,0.013200,704x16x0,1x16x0,2048x64x1x1
ffn_shexp-1,kernel_mul_mat_Ab_Bi_8x4,0.540900,8x512x1,1x128x1,2048x64x1x1
ffn_out-1,kernel_add,0.021700,4096x1x1,64x1x1,2048x64x1x1
l_out-1,kernel_add,0.017500,4096x1x1,64x1x1,2048x64x1x1
attn_norm-2,kernel_rms_norm_mul,0.019200,65536x1x1,1024x1x1,2048x64x1x1
q-2,kernel_transpose_32_16,0.006800,512x16x0,1x16x0,3072x64x1x1
q-2,kernel_mul_mat_Ab_Bi_8x4,0.389200,8x768x1,1x128x1,3072x64x1x1
q_pe-2,kernel_rope_norm_f32,0.012200,1024x64x1,64x1x1,64x16x64x1
Qcur-2,kernel_concat_f32_non_contiguous,0.350500,16x64x1,0x0x0,192x16x64x1
kv_cmpr_pe-2,kernel_transpose_32_16,0.009400,512x16x0,1x16x0,576x64x1x1
kv_cmpr_pe-2,kernel_mul_mat_Ab_Bi_8x4,0.315400,8x144x1,1x128x1,576x64x1x1
k_pe-2,kernel_rope_norm_f32,0.002700,64x64x1,64x1x1,64x1x64x1
node_117,kernel_repeat,0.285800,16x64x1,0x0x0,64x16x64x1
kv_cmpr-2,kernel_rms_norm_mul,0.010100,32768x1x1,512x1x1,512x64x1x1
kv-2,kernel_transpose_32_16,0.004000,128x16x0,1x16x0,4096x64x1x1
kv-2,kernel_mul_mat_Ab_Bi_8x4,0.133800,8x1024x1,1x128x1,4096x64x1x1
Kcur-2,kernel_concat_f32_non_contiguous,0.394900,16x64x1,0x0x0,192x16x64x1
Vcur_cont-2,kernel_cpy_f32_f32,0.010200,1024x64x1,64x1x1,128x16x64x1
cache_k_l2 (view),kernel_set_rows_f16_i64,0.015800,65536x1x1,1024x1x1,3072x4096x1x1
cache_v_l2 (view),kernel_set_rows_f16_i64,0.011700,65536x1x1,1024x1x1,2048x4096x1x1
__fattn__-2,flash_attn_f32_f16,14.004500,64x16x0,16x1x0,128x16x64x1
node_138,kernel_transpose_32_16,0.009400,512x16x0,1x16x0,2048x64x1x1
node_138,kernel_mul_mat_Ab_Bi_8x4,0.377200,8x512x1,1x128x1,2048x64x1x1
ffn_inp-2,kernel_add,0.021900,4096x1x1,64x1x1,2048x64x1x1
ffn_norm-2,kernel_rms_norm_mul,0.019300,65536x1x1,1024x1x1,2048x64x1x1
ffn_moe_logits-2,kernel_mul_mm_f32_f32_l4_lm,0.510300,128x1x1,128x1x1,64x64x1x1
ffn_moe_probs-2,kernel_soft_max_4,0.003700,4096x1x1,64x1x1,64x64x1x1
ffn_moe_argsort-2,kernel_argsort_f32_i32,0.015100,64x64x1,64x1x1,64x64x1x1
ffn_moe_weights-2,kernel_get_rows_f32,0.004400,384x64x1,64x1x1,1x6x64x1
ffn_moe_weights_scaled-2,kernel_scale,0.001800,96x1x1,64x1x1,1x6x64x1
ffn_moe_gate-2,kernel_mul_mv_id_q4_0_f32_8x_flat,9.191500,11264x1x384,64x1x1,1408x6x64x1
ffn_moe_up-2,kernel_mul_mv_id_q4_0_f32_8x_flat,9.185500,11264x1x384,64x1x1,1408x6x64x1
ffn_moe_weighted-2,kernel_swiglu,0.082300,196608x1x1,512x1x1,1408x6x64x1
ffn_moe_down-2,kernel_mul_mv_id_q4_0_f32_8x_flat,9.862400,16384x1x384,64x1x1,2048x6x64x1
node_154,kernel_mul,0.098900,384x64x1,64x1x1,2048x6x64x1
ffn_gate-2,kernel_transpose_32_16,0.011400,512x16x0,1x16x0,2816x64x1x1
ffn_gate-2,kernel_mul_mat_Ab_Bi_8x4,0.382000,8x704x1,1x128x1,2816x64x1x1
ffn_up-2,kernel_transpose_32_16,0.009800,512x16x0,1x16x0,2816x64x1x1
ffn_up-2,kernel_mul_mat_Ab_Bi_8x4,0.381300,8x704x1,1x128x1,2816x64x1x1
ffn_swiglu-2,kernel_swiglu,0.023700,32768x1x1,512x1x1,2816x64x1x1
node_164,kernel_add,0.024100,4096x1x1,64x1x1,2048x64x1x1
node_165,kernel_add,0.016700,4096x1x1,64x1x1,2048x64x1x1
node_166,kernel_add,0.017700,4096x1x1,64x1x1,2048x64x1x1
node_167,kernel_add,0.017500,4096x1x1,64x1x1,2048x64x1x1
ffn_moe_out-2,kernel_add,0.017100,4096x1x1,64x1x1,2048x64x1x1
ffn_shexp-2,kernel_transpose_32_16,0.013300,704x16x0,1x16x0,2048x64x1x1
ffn_shexp-2,kernel_mul_mat_Ab_Bi_8x4,0.530800,8x512x1,1x128x1,2048x64x1x1
ffn_out-2,kernel_add,0.021400,4096x1x1,64x1x1,2048x64x1x1
l_out-2,kernel_add,0.018600,4096x1x1,64x1x1,2048x64x1x1
attn_norm-3,kernel_rms_norm_mul,0.019500,65536x1x1,1024x1x1,2048x64x1x1
q-3,kernel_transpose_32_16,0.009800,512x16x0,1x16x0,3072x64x1x1
q-3,kernel_mul_mat_Ab_Bi_8x4,0.391200,8x768x1,1x128x1,3072x64x1x1
q_pe-3,kernel_rope_norm_f32,0.012400,1024x64x1,64x1x1,64x16x64x1
Qcur-3,kernel_concat_f32_non_contiguous,0.347600,16x64x1,0x0x0,192x16x64x1
kv_cmpr_pe-3,kernel_transpose_32_16,0.010300,512x16x0,1x16x0,576x64x1x1
kv_cmpr_pe-3,kernel_mul_mat_Ab_Bi_8x4,0.315700,8x144x1,1x128x1,576x64x1x1
k_pe-3,kernel_rope_norm_f32,0.002600,64x64x1,64x1x1,64x1x64x1
node_182,kernel_repeat,0.285000,16x64x1,0x0x0,64x16x64x1
kv_cmpr-3,kernel_rms_norm_mul,0.009800,32768x1x1,512x1x1,512x64x1x1
kv-3,kernel_transpose_32_16,0.003900,128x16x0,1x16x0,4096x64x1x1
kv-3,kernel_mul_mat_Ab_Bi_8x4,0.134700,8x1024x1,1x128x1,4096x64x1x1
Kcur-3,kernel_concat_f32_non_contiguous,0.394000,16x64x1,0x0x0,192x16x64x1
Vcur_cont-3,kernel_cpy_f32_f32,0.013900,1024x64x1,64x1x1,128x16x64x1
cache_k_l3 (view),kernel_set_rows_f16_i64,0.015800,65536x1x1,1024x1x1,3072x4096x1x1
cache_v_l3 (view),kernel_set_rows_f16_i64,0.011500,65536x1x1,1024x1x1,2048x4096x1x1
__fattn__-3,flash_attn_f32_f16,14.033100,64x16x0,16x1x0,128x16x64x1
node_203,kernel_transpose_32_16,0.009800,512x16x0,1x16x0,2048x64x1x1
node_203,kernel_mul_mat_Ab_Bi_8x4,0.385000,8x512x1,1x128x1,2048x64x1x1
ffn_inp-3,kernel_add,0.022100,4096x1x1,64x1x1,2048x64x1x1
ffn_norm-3,kernel_rms_norm_mul,0.019300,65536x1x1,1024x1x1,2048x64x1x1
ffn_moe_logits-3,kernel_mul_mm_f32_f32_l4_lm,0.501700,128x1x1,128x1x1,64x64x1x1
ffn_moe_probs-3,kernel_soft_max_4,0.003600,4096x1x1,64x1x1,64x64x1x1
ffn_moe_argsort-3,kernel_argsort_f32_i32,0.015200,64x64x1,64x1x1,64x64x1x1
ffn_moe_weights-3,kernel_get_rows_f32,0.004500,384x64x1,64x1x1,1x6x64x1
ffn_moe_weights_scaled-3,kernel_scale,0.001700,96x1x1,64x1x1,1x6x64x1
ffn_moe_gate-3,kernel_mul_mv_id_q4_0_f32_8x_flat,9.161300,11264x1x384,64x1x1,1408x6x64x1
ffn_moe_up-3,kernel_mul_mv_id_q4_0_f32_8x_flat,9.154500,11264x1x384,64x1x1,1408x6x64x1
ffn_moe_weighted-3,kernel_swiglu,0.081700,196608x1x1,512x1x1,1408x6x64x1
ffn_moe_down-3,kernel_mul_mv_id_q4_0_f32_8x_flat,9.878800,16384x1x384,64x1x1,2048x6x64x1
node_219,kernel_mul,0.100900,384x64x1,64x1x1,2048x6x64x1
ffn_gate-3,kernel_transpose_32_16,0.011000,512x16x0,1x16x0,2816x64x1x1
ffn_gate-3,kernel_mul_mat_Ab_Bi_8x4,0.383100,8x704x1,1x128x1,2816x64x1x1
ffn_up-3,kernel_transpose_32_16,0.009900,512x16x0,1x16x0,2816x64x1x1
ffn_up-3,kernel_mul_mat_Ab_Bi_8x4,0.387500,8x704x1,1x128x1,2816x64x1x1
ffn_swiglu-3,kernel_swiglu,0.023200,32768x1x1,512x1x1,2816x64x1x1
node_229,kernel_add,0.024700,4096x1x1,64x1x1,2048x64x1x1
node_230,kernel_add,0.021100,4096x1x1,64x1x1,2048x64x1x1
node_231,kernel_add,0.017500,4096x1x1,64x1x1,2048x64x1x1
node_232,kernel_add,0.017600,4096x1x1,64x1x1,2048x64x1x1
ffn_moe_out-3,kernel_add,0.019000,4096x1x1,64x1x1,2048x64x1x1
ffn_shexp-3,kernel_transpose_32_16,0.012600,704x16x0,1x16x0,2048x64x1x1
ffn_shexp-3,kernel_mul_mat_Ab_Bi_8x4,0.534700,8x512x1,1x128x1,2048x64x1x1
ffn_out-3,kernel_add,0.020900,4096x1x1,64x1x1,2048x64x1x1
l_out-3,kernel_add,0.017700,4096x1x1,64x1x1,2048x64x1x1
attn_norm-4,kernel_rms_norm_mul,0.019000,65536x1x1,1024x1x1,2048x64x1x1
q-4,kernel_transpose_32_16,0.006900,512x16x0,1x16x0,3072x64x1x1
q-4,kernel_mul_mat_Ab_Bi_8x4,0.389800,8x768x1,1x128x1,3072x64x1x1
q_pe-4,kernel_rope_norm_f32,0.009400,1024x64x1,64x1x1,64x16x64x1
Qcur-4,kernel_concat_f32_non_contiguous,0.343800,16x64x1,0x0x0,192x16x64x1
kv_cmpr_pe-4,kernel_transpose_32_16,0.010100,512x16x0,1x16x0,576x64x1x1
kv_cmpr_pe-4,kernel_mul_mat_Ab_Bi_8x4,0.318100,8x144x1,1x128x1,576x64x1x1
k_pe-4,kernel_rope_norm_f32,0.002800,64x64x1,64x1x1,64x1x64x1
node_247,kernel_repeat,0.284100,16x64x1,0x0x0,64x16x64x1
kv_cmpr-4,kernel_rms_norm_mul,0.009500,32768x1x1,512x1x1,512x64x1x1
kv-4,kernel_transpose_32_16,0.003800,128x16x0,1x16x0,4096x64x1x1
kv-4,kernel_mul_mat_Ab_Bi_8x4,0.134600,8x1024x1,1x128x1,4096x64x1x1
Kcur-4,kernel_concat_f32_non_contiguous,0.389800,16x64x1,0x0x0,192x16x64x1
Vcur_cont-4,kernel_cpy_f32_f32,0.014500,1024x64x1,64x1x1,128x16x64x1
cache_k_l4 (view),kernel_set_rows_f16_i64,0.015500,65536x1x1,1024x1x1,3072x4096x1x1
cache_v_l4 (view),kernel_set_rows_f16_i64,0.011400,65536x1x1,1024x1x1,2048x4096x1x1
__fattn__-4,flash_attn_f32_f16,13.990300,64x16x0,16x1x0,128x16x64x1
node_268,kernel_transpose_32_16,0.009400,512x16x0,1x16x0,2048x64x1x1
node_268,kernel_mul_mat_Ab_Bi_8x4,0.374400,8x512x1,1x128x1,2048x64x1x1
ffn_inp-4,kernel_add,0.016700,4096x1x1,64x1x1,2048x64x1x1
ffn_norm-4,kernel_rms_norm_mul,0.019700,65536x1x1,1024x1x1,2048x64x1x1
ffn_moe_logits-4,kernel_mul_mm_f32_f32_l4_lm,0.505900,128x1x1,128x1x1,64x64x1x1
ffn_moe_probs-4,kernel_soft_max_4,0.003600,4096x1x1,64x1x1,64x64x1x1
ffn_moe_argsort-4,kernel_argsort_f32_i32,0.015000,64x64x1,64x1x1,64x64x1x1
ffn_moe_weights-4,kernel_get_rows_f32,0.004000,384x64x1,64x1x1,1x6x64x1
ffn_moe_weights_scaled-4,kernel_scale,0.001900,96x1x1,64x1x1,1x6x64x1
ffn_moe_gate-4,kernel_mul_mv_id_q4_0_f32_8x_flat,9.160100,11264x1x384,64x1x1,1408x6x64x1
ffn_moe_up-4,kernel_mul_mv_id_q4_0_f32_8x_flat,9.150700,11264x1x384,64x1x1,1408x6x64x1
ffn_moe_weighted-4,kernel_swiglu,0.082900,196608x1x1,512x1x1,1408x6x64x1
ffn_moe_down-4,kernel_mul_mv_id_q4_0_f32_8x_flat,9.845000,16384x1x384,64x1x1,2048x6x64x1
node_284,kernel_mul,0.099300,384x64x1,64x1x1,2048x6x64x1
ffn_gate-4,kernel_transpose_32_16,0.011000,512x16x0,1x16x0,2816x64x1x1
ffn_gate-4,kernel_mul_mat_Ab_Bi_8x4,0.385800,8x704x1,1x128x1,2816x64x1x1
ffn_up-4,kernel_transpose_32_16,0.010100,512x16x0,1x16x0,2816x64x1x1
ffn_up-4,kernel_mul_mat_Ab_Bi_8x4,0.386500,8x704x1,1x128x1,2816x64x1x1
ffn_swiglu-4,kernel_swiglu,0.021200,32768x1x1,512x1x1,2816x64x1x1
node_294,kernel_add,0.023600,4096x1x1,64x1x1,2048x64x1x1
node_295,kernel_add,0.020700,4096x1x1,64x1x1,2048x64x1x1
node_296,kernel_add,0.017300,4096x1x1,64x1x1,2048x64x1x1
node_297,kernel_add,0.018200,4096x1x1,64x1x1,2048x64x1x1
ffn_moe_out-4,kernel_add,0.017200,4096x1x1,64x1x1,2048x64x1x1
ffn_shexp-4,kernel_transpose_32_16,0.012900,704x16x0,1x16x0,2048x64x1x1
ffn_shexp-4,kernel_mul_mat_Ab_Bi_8x4,0.528200,8x512x1,1x128x1,2048x64x1x1
ffn_out-4,kernel_add,0.015600,4096x1x1,64x1x1,2048x64x1x1
l_out-4,kernel_add,0.018500,4096x1x1,64x1x1,2048x64x1x1
attn_norm-5,kernel_rms_norm_mul,0.019400,65536x1x1,1024x1x1,2048x64x1x1
q-5,kernel_transpose_32_16,0.007000,512x16x0,1x16x0,3072x64x1x1
q-5,kernel_mul_mat_Ab_Bi_8x4,0.387800,8x768x1,1x128x1,3072x64x1x1
q_pe-5,kernel_rope_norm_f32,0.012400,1024x64x1,64x1x1,64x16x64x1
Qcur-5,kernel_concat_f32_non_contiguous,0.345900,16x64x1,0x0x0,192x16x64x1
kv_cmpr_pe-5,kernel_transpose_32_16,0.010000,512x16x0,1x16x0,576x64x1x1
kv_cmpr_pe-5,kernel_mul_mat_Ab_Bi_8x4,0.316900,8x144x1,1x128x1,576x64x1x1
k_pe-5,kernel_rope_norm_f32,0.002800,64x64x1,64x1x1,64x1x64x1
node_312,kernel_repeat,0.286600,16x64x1,0x0x0,64x16x64x1
kv_cmpr-5,kernel_rms_norm_mul,0.009900,32768x1x1,512x1x1,512x64x1x1
kv-5,kernel_transpose_32_16,0.004200,128x16x0,1x16x0,4096x64x1x1
kv-5,kernel_mul_mat_Ab_Bi_8x4,0.134200,8x1024x1,1x128x1,4096x64x1x1
Kcur-5,kernel_concat_f32_non_contiguous,0.390400,16x64x1,0x0x0,192x16x64x1
Vcur_cont-5,kernel_cpy_f32_f32,0.013300,1024x64x1,64x1x1,128x16x64x1
cache_k_l5 (view),kernel_set_rows_f16_i64,0.014400,65536x1x1,1024x1x1,3072x4096x1x1
cache_v_l5 (view),kernel_set_rows_f16_i64,0.011500,65536x1x1,1024x1x1,2048x4096x1x1
__fattn__-5,flash_attn_f32_f16,14.020600,64x16x0,16x1x0,128x16x64x1
node_333,kernel_transpose_32_16,0.009600,512x16x0,1x16x0,2048x64x1x1
node_333,kernel_mul_mat_Ab_Bi_8x4,0.382200,8x512x1,1x128x1,2048x64x1x1
ffn_inp-5,kernel_add,0.021200,4096x1x1,64x1x1,2048x64x1x1
ffn_norm-5,kernel_rms_norm_mul,0.019200,65536x1x1,1024x1x1,2048x64x1x1
ffn_moe_logits-5,kernel_mul_mm_f32_f32_l4_lm,0.502900,128x1x1,128x1x1,64x64x1x1
ffn_moe_probs-5,kernel_soft_max_4,0.004000,4096x1x1,64x1x1,64x64x1x1
ffn_moe_argsort-5,kernel_argsort_f32_i32,0.015400,64x64x1,64x1x1,64x64x1x1
ffn_moe_weights-5,kernel_get_rows_f32,0.004100,384x64x1,64x1x1,1x6x64x1
ffn_moe_weights_scaled-5,kernel_scale,0.001700,96x1x1,64x1x1,1x6x64x1
ffn_moe_gate-5,kernel_mul_mv_id_q4_0_f32_8x_flat,9.139600,11264x1x384,64x1x1,1408x6x64x1
ffn_moe_up-5,kernel_mul_mv_id_q4_0_f32_8x_flat,9.088400,11264x1x384,64x1x1,1408x6x64x1
ffn_moe_weighted-5,kernel_swiglu,0.082100,196608x1x1,512x1x1,1408x6x64x1
ffn_moe_down-5,kernel_mul_mv_id_q4_0_f32_8x_flat,9.835600,16384x1x384,64x1x1,2048x6x64x1
node_349,kernel_mul,0.099600,384x64x1,64x1x1,2048x6x64x1
ffn_gate-5,kernel_transpose_32_16,0.011000,512x16x0,1x16x0,2816x64x1x1
ffn_gate-5,kernel_mul_mat_Ab_Bi_8x4,0.382800,8x704x1,1x128x1,2816x64x1x1
ffn_up-5,kernel_transpose_32_16,0.009900,512x16x0,1x16x0,2816x64x1x1
ffn_up-5,kernel_mul_mat_Ab_Bi_8x4,0.383600,8x704x1,1x128x1,2816x64x1x1
ffn_swiglu-5,kernel_swiglu,0.022900,32768x1x1,512x1x1,2816x64x1x1
node_359,kernel_add,0.023900,4096x1x1,64x1x1,2048x64x1x1
node_360,kernel_add,0.021300,4096x1x1,64x1x1,2048x64x1x1
node_361,kernel_add,0.017900,4096x1x1,64x1x1,2048x64x1x1
node_362,kernel_add,0.017700,4096x1x1,64x1x1,2048x64x1x1
ffn_moe_out-5,kernel_add,0.017600,4096x1x1,64x1x1,2048x64x1x1
ffn_shexp-5,kernel_transpose_32_16,0.013300,704x16x0,1x16x0,2048x64x1x1
ffn_shexp-5,kernel_mul_mat_Ab_Bi_8x4,0.519400,8x512x1,1x128x1,2048x64x1x1
ffn_out-5,kernel_add,0.021400,4096x1x1,64x1x1,2048x64x1x1
l_out-5,kernel_add,0.018300,4096x1x1,64x1x1,2048x64x1x1
attn_norm-6,kernel_rms_norm_mul,0.019200,65536x1x1,1024x1x1,2048x64x1x1
q-6,kernel_transpose_32_16,0.009300,512x16x0,1x16x0,3072x64x1x1
q-6,kernel_mul_mat_Ab_Bi_8x4,0.389700,8x768x1,1x128x1,3072x64x1x1
q_pe-6,kernel_rope_norm_f32,0.012100,1024x64x1,64x1x1,64x16x64x1
Qcur-6,kernel_concat_f32_non_contiguous,0.351300,16x64x1,0x0x0,192x16x64x1
kv_cmpr_pe-6,kernel_transpose_32_16,0.010400,512x16x0,1x16x0,576x64x1x1
kv_cmpr_pe-6,kernel_mul_mat_Ab_Bi_8x4,0.316100,8x144x1,1x128x1,576x64x1x1
k_pe-6,kernel_rope_norm_f32,0.002600,64x64x1,64x1x1,64x1x64x1
node_377,kernel_repeat,0.286600,16x64x1,0x0x0,64x16x64x1
kv_cmpr-6,kernel_rms_norm_mul,0.010200,32768x1x1,512x1x1,512x64x1x1
kv-6,kernel_transpose_32_16,0.003800,128x16x0,1x16x0,4096x64x1x1
kv-6,kernel_mul_mat_Ab_Bi_8x4,0.132900,8x1024x1,1x128x1,4096x64x1x1
Kcur-6,kernel_concat_f32_non_contiguous,0.389200,16x64x1,0x0x0,192x16x64x1
Vcur_cont-6,kernel_cpy_f32_f32,0.014100,1024x64x1,64x1x1,128x16x64x1
cache_k_l6 (view),kernel_set_rows_f16_i64,0.015700,65536x1x1,1024x1x1,3072x4096x1x1
cache_v_l6 (view),kernel_set_rows_f16_i64,0.011800,65536x1x1,1024x1x1,2048x4096x1x1
__fattn__-6,flash_attn_f32_f16,14.019000,64x16x0,16x1x0,128x16x64x1
node_398,kernel_transpose_32_16,0.009500,512x16x0,1x16x0,2048x64x1x1
node_398,kernel_mul_mat_Ab_Bi_8x4,0.382700,8x512x1,1x128x1,2048x64x1x1
ffn_inp-6,kernel_add,0.021000,4096x1x1,64x1x1,2048x64x1x1
ffn_norm-6,kernel_rms_norm_mul,0.019300,65536x1x1,1024x1x1,2048x64x1x1
ffn_moe_logits-6,kernel_mul_mm_f32_f32_l4_lm,0.504800,128x1x1,128x1x1,64x64x1x1
ffn_moe_probs-6,kernel_soft_max_4,0.003600,4096x1x1,64x1x1,64x64x1x1
ffn_moe_argsort-6,kernel_argsort_f32_i32,0.015200,64x64x1,64x1x1,64x64x1x1
ffn_moe_weights-6,kernel_get_rows_f32,0.004100,384x64x1,64x1x1,1x6x64x1
ffn_moe_weights_scaled-6,kernel_scale,0.002100,96x1x1,64x1x1,1x6x64x1
ffn_moe_gate-6,kernel_mul_mv_id_q4_0_f32_8x_flat,9.136700,11264x1x384,64x1x1,1408x6x64x1
ffn_moe_up-6,kernel_mul_mv_id_q4_0_f32_8x_flat,9.203400,11264x1x384,64x1x1,1408x6x64x1
ffn_moe_weighted-6,kernel_swiglu,0.081800,196608x1x1,512x1x1,1408x6x64x1
ffn_moe_down-6,kernel_mul_mv_id_q4_0_f32_8x_flat,9.898300,16384x1x384,64x1x1,2048x6x64x1
node_414,kernel_mul,0.099500,384x64x1,64x1x1,2048x6x64x1
ffn_gate-6,kernel_transpose_32_16,0.011300,512x16x0,1x16x0,2816x64x1x1
ffn_gate-6,kernel_mul_mat_Ab_Bi_8x4,0.384100,8x704x1,1x128x1,2816x64x1x1
ffn_up-6,kernel_transpose_32_16,0.009400,512x16x0,1x16x0,2816x64x1x1
ffn_up-6,kernel_mul_mat_Ab_Bi_8x4,0.385900,8x704x1,1x128x1,2816x64x1x1
ffn_swiglu-6,kernel_swiglu,0.023400,32768x1x1,512x1x1,2816x64x1x1
node_424,kernel_add,0.024500,4096x1x1,64x1x1,2048x64x1x1
node_425,kernel_add,0.021700,4096x1x1,64x1x1,2048x64x1x1
node_426,kernel_add,0.017300,4096x1x1,64x1x1,2048x64x1x1
node_427,kernel_add,0.017900,4096x1x1,64x1x1,2048x64x1x1
ffn_moe_out-6,kernel_add,0.017300,4096x1x1,64x1x1,2048x64x1x1
ffn_shexp-6,kernel_transpose_32_16,0.011600,704x16x0,1x16x0,2048x64x1x1
ffn_shexp-6,kernel_mul_mat_Ab_Bi_8x4,0.527300,8x512x1,1x128x1,2048x64x1x1
ffn_out-6,kernel_add,0.021200,4096x1x1,64x1x1,2048x64x1x1
l_out-6,kernel_add,0.017700,4096x1x1,64x1x1,2048x64x1x1
attn_norm-7,kernel_rms_norm_mul,0.019200,65536x1x1,1024x1x1,2048x64x1x1
q-7,kernel_transpose_32_16,0.006800,512x16x0,1x16x0,3072x64x1x1
q-7,kernel_mul_mat_Ab_Bi_8x4,0.390000,8x768x1,1x128x1,3072x64x1x1
q_pe-7,kernel_rope_norm_f32,0.012200,1024x64x1,64x1x1,64x16x64x1
Qcur-7,kernel_concat_f32_non_contiguous,0.343800,16x64x1,0x0x0,192x16x64x1
kv_cmpr_pe-7,kernel_transpose_32_16,0.010400,512x16x0,1x16x0,576x64x1x1
kv_cmpr_pe-7,kernel_mul_mat_Ab_Bi_8x4,0.319100,8x144x1,1x128x1,576x64x1x1
k_pe-7,kernel_rope_norm_f32,0.003000,64x64x1,64x1x1,64x1x64x1
node_442,kernel_repeat,0.285100,16x64x1,0x0x0,64x16x64x1
kv_cmpr-7,kernel_rms_norm_mul,0.009600,32768x1x1,512x1x1,512x64x1x1
kv-7,kernel_transpose_32_16,0.004100,128x16x0,1x16x0,4096x64x1x1
kv-7,kernel_mul_mat_Ab_Bi_8x4,0.134600,8x1024x1,1x128x1,4096x64x1x1
Kcur-7,kernel_concat_f32_non_contiguous,0.400100,16x64x1,0x0x0,192x16x64x1
Vcur_cont-7,kernel_cpy_f32_f32,0.013700,1024x64x1,64x1x1,128x16x64x1
cache_k_l7 (view),kernel_set_rows_f16_i64,0.015800,65536x1x1,1024x1x1,3072x4096x1x1
cache_v_l7 (view),kernel_set_rows_f16_i64,0.011400,65536x1x1,1024x1x1,2048x4096x1x1
__fattn__-7,flash_attn_f32_f16,14.009700,64x16x0,16x1x0,128x16x64x1
node_463,kernel_transpose_32_16,0.010000,512x16x0,1x16x0,2048x64x1x1
node_463,kernel_mul_mat_Ab_Bi_8x4,0.377000,8x512x1,1x128x1,2048x64x1x1
ffn_inp-7,kernel_add,0.021600,4096x1x1,64x1x1,2048x64x1x1
ffn_norm-7,kernel_rms_norm_mul,0.019800,65536x1x1,1024x1x1,2048x64x1x1
ffn_moe_logits-7,kernel_mul_mm_f32_f32_l4_lm,0.501100,128x1x1,128x1x1,64x64x1x1
ffn_moe_probs-7,kernel_soft_max_4,0.003600,4096x1x1,64x1x1,64x64x1x1
ffn_moe_argsort-7,kernel_argsort_f32_i32,0.015100,64x64x1,64x1x1,64x64x1x1
ffn_moe_weights-7,kernel_get_rows_f32,0.004100,384x64x1,64x1x1,1x6x64x1
ffn_moe_weights_scaled-7,kernel_scale,0.001700,96x1x1,64x1x1,1x6x64x1
ffn_moe_gate-7,kernel_mul_mv_id_q4_0_f32_8x_flat,9.098800,11264x1x384,64x1x1,1408x6x64x1
ffn_moe_up-7,kernel_mul_mv_id_q4_0_f32_8x_flat,9.090400,11264x1x384,64x1x1,1408x6x64x1
ffn_moe_weighted-7,kernel_swiglu,0.083000,196608x1x1,512x1x1,1408x6x64x1
ffn_moe_down-7,kernel_mul_mv_id_q4_0_f32_8x_flat,9.815300,16384x1x384,64x1x1,2048x6x64x1
node_479,kernel_mul,0.100600,384x64x1,64x1x1,2048x6x64x1
ffn_gate-7,kernel_transpose_32_16,0.011000,512x16x0,1x16x0,2816x64x1x1
ffn_gate-7,kernel_mul_mat_Ab_Bi_8x4,0.383800,8x704x1,1x128x1,2816x64x1x1
ffn_up-7,kernel_transpose_32_16,0.009900,512x16x0,1x16x0,2816x64x1x1
ffn_up-7,kernel_mul_mat_Ab_Bi_8x4,0.384400,8x704x1,1x128x1,2816x64x1x1
ffn_swiglu-7,kernel_swiglu,0.022600,32768x1x1,512x1x1,2816x64x1x1
node_489,kernel_add,0.021000,4096x1x1,64x1x1,2048x64x1x1
node_490,kernel_add,0.020300,4096x1x1,64x1x1,2048x64x1x1
node_491,kernel_add,0.017500,4096x1x1,64x1x1,2048x64x1x1
node_492,kernel_add,0.018000,4096x1x1,64x1x1,2048x64x1x1
ffn_moe_out-7,kernel_add,0.017200,4096x1x1,64x1x1,2048x64x1x1
ffn_shexp-7,kernel_transpose_32_16,0.013300,704x16x0,1x16x0,2048x64x1x1
ffn_shexp-7,kernel_mul_mat_Ab_Bi_8x4,0.524200,8x512x1,1x128x1,2048x64x1x1
ffn_out-7,kernel_add,0.022200,4096x1x1,64x1x1,2048x64x1x1
l_out-7,kernel_add,0.016800,4096x1x1,64x1x1,2048x64x1x1
attn_norm-8,kernel_rms_norm_mul,0.019300,65536x1x1,1024x1x1,2048x64x1x1
q-8,kernel_transpose_32_16,0.006800,512x16x0,1x16x0,3072x64x1x1
q-8,kernel_mul_mat_Ab_Bi_8x4,0.388200,8x768x1,1x128x1,3072x64x1x1
q_pe-8,kernel_rope_norm_f32,0.011900,1024x64x1,64x1x1,64x16x64x1
Qcur-8,kernel_concat_f32_non_contiguous,0.349100,16x64x1,0x0x0,192x16x64x1
kv_cmpr_pe-8,kernel_transpose_32_16,0.010700,512x16x0,1x16x0,576x64x1x1
kv_cmpr_pe-8,kernel_mul_mat_Ab_Bi_8x4,0.316200,8x144x1,1x128x1,576x64x1x1
k_pe-8,kernel_rope_norm_f32,0.003100,64x64x1,64x1x1,64x1x64x1
node_507,kernel_repeat,0.283500,16x64x1,0x0x0,64x16x64x1
kv_cmpr-8,kernel_rms_norm_mul,0.009700,32768x1x1,512x1x1,512x64x1x1
kv-8,kernel_transpose_32_16,0.003800,128x16x0,1x16x0,4096x64x1x1
kv-8,kernel_mul_mat_Ab_Bi_8x4,0.133500,8x1024x1,1x128x1,4096x64x1x1
Kcur-8,kernel_concat_f32_non_contiguous,0.394800,16x64x1,0x0x0,192x16x64x1
Vcur_cont-8,kernel_cpy_f32_f32,0.017300,1024x64x1,64x1x1,128x16x64x1
cache_k_l8 (view),kernel_set_rows_f16_i64,0.016600,65536x1x1,1024x1x1,3072x4096x1x1
cache_v_l8 (view),kernel_set_rows_f16_i64,0.011200,65536x1x1,1024x1x1,2048x4096x1x1
__fattn__-8,flash_attn_f32_f16,14.017300,64x16x0,16x1x0,128x16x64x1
node_528,kernel_transpose_32_16,0.010100,512x16x0,1x16x0,2048x64x1x1
node_528,kernel_mul_mat_Ab_Bi_8x4,0.379500,8x512x1,1x128x1,2048x64x1x1
ffn_inp-8,kernel_add,0.021300,4096x1x1,64x1x1,2048x64x1x1
ffn_norm-8,kernel_rms_norm_mul,0.019600,65536x1x1,1024x1x1,2048x64x1x1
ffn_moe_logits-8,kernel_mul_mm_f32_f32_l4_lm,0.505300,128x1x1,128x1x1,64x64x1x1
ffn_moe_probs-8,kernel_soft_max_4,0.003600,4096x1x1,64x1x1,64x64x1x1
ffn_moe_argsort-8,kernel_argsort_f32_i32,0.015400,64x64x1,64x1x1,64x64x1x1
ffn_moe_weights-8,kernel_get_rows_f32,0.004100,384x64x1,64x1x1,1x6x64x1
ffn_moe_weights_scaled-8,kernel_scale,0.001800,96x1x1,64x1x1,1x6x64x1
ffn_moe_gate-8,kernel_mul_mv_id_q4_0_f32_8x_flat,9.053900,11264x1x384,64x1x1,1408x6x64x1
ffn_moe_up-8,kernel_mul_mv_id_q4_0_f32_8x_flat,9.043100,11264x1x384,64x1x1,1408x6x64x1
ffn_moe_weighted-8,kernel_swiglu,0.082000,196608x1x1,512x1x1,1408x6x64x1
ffn_moe_down-8,kernel_mul_mv_id_q4_0_f32_8x_flat,9.815000,16384x1x384,64x1x1,2048x6x64x1
node_544,kernel_mul,0.099700,384x64x1,64x1x1,2048x6x64x1
ffn_gate-8,kernel_transpose_32_16,0.010900,512x16x0,1x16x0,2816x64x1x1
ffn_gate-8,kernel_mul_mat_Ab_Bi_8x4,0.384600,8x704x1,1x128x1,2816x64x1x1
ffn_up-8,kernel_transpose_32_16,0.010100,512x16x0,1x16x0,2816x64x1x1
ffn_up-8,kernel_mul_mat_Ab_Bi_8x4,0.382300,8x704x1,1x128x1,2816x64x1x1
ffn_swiglu-8,kernel_swiglu,0.022700,32768x1x1,512x1x1,2816x64x1x1
node_554,kernel_add,0.024600,4096x1x1,64x1x1,2048x64x1x1
node_555,kernel_add,0.021200,4096x1x1,64x1x1,2048x64x1x1
node_556,kernel_add,0.017500,4096x1x1,64x1x1,2048x64x1x1
node_557,kernel_add,0.017000,4096x1x1,64x1x1,2048x64x1x1
ffn_moe_out-8,kernel_add,0.017800,4096x1x1,64x1x1,2048x64x1x1
ffn_shexp-8,kernel_transpose_32_16,0.013400,704x16x0,1x16x0,2048x64x1x1
ffn_shexp-8,kernel_mul_mat_Ab_Bi_8x4,0.523100,8x512x1,1x128x1,2048x64x1x1
ffn_out-8,kernel_add,0.021100,4096x1x1,64x1x1,2048x64x1x1
l_out-8,kernel_add,0.018400,4096x1x1,64x1x1,2048x64x1x1
attn_norm-9,kernel_rms_norm_mul,0.019000,65536x1x1,1024x1x1,2048x64x1x1
q-9,kernel_transpose_32_16,0.006800,512x16x0,1x16x0,3072x64x1x1
q-9,kernel_mul_mat_Ab_Bi_8x4,0.388700,8x768x1,1x128x1,3072x64x1x1
q_pe-9,kernel_rope_norm_f32,0.012700,1024x64x1,64x1x1,64x16x64x1
Qcur-9,kernel_concat_f32_non_contiguous,0.350900,16x64x1,0x0x0,192x16x64x1
kv_cmpr_pe-9,kernel_transpose_32_16,0.011000,512x16x0,1x16x0,576x64x1x1
kv_cmpr_pe-9,kernel_mul_mat_Ab_Bi_8x4,0.316900,8x144x1,1x128x1,576x64x1x1
k_pe-9,kernel_rope_norm_f32,0.002600,64x64x1,64x1x1,64x1x64x1
node_572,kernel_repeat,0.286900,16x64x1,0x0x0,64x16x64x1
kv_cmpr-9,kernel_rms_norm_mul,0.010100,32768x1x1,512x1x1,512x64x1x1
kv-9,kernel_transpose_32_16,0.004300,128x16x0,1x16x0,4096x64x1x1
kv-9,kernel_mul_mat_Ab_Bi_8x4,0.134300,8x1024x1,1x128x1,4096x64x1x1
Kcur-9,kernel_concat_f32_non_contiguous,0.403100,16x64x1,0x0x0,192x16x64x1
Vcur_cont-9,kernel_cpy_f32_f32,0.013100,1024x64x1,64x1x1,128x16x64x1
cache_k_l9 (view),kernel_set_rows_f16_i64,0.015700,65536x1x1,1024x1x1,3072x4096x1x1
cache_v_l9 (view),kernel_set_rows_f16_i64,0.011900,65536x1x1,1024x1x1,2048x4096x1x1
__fattn__-9,flash_attn_f32_f16,14.044100,64x16x0,16x1x0,128x16x64x1
node_593,kernel_transpose_32_16,0.009600,512x16x0,1x16x0,2048x64x1x1
node_593,kernel_mul_mat_Ab_Bi_8x4,0.388900,8x512x1,1x128x1,2048x64x1x1
ffn_inp-9,kernel_add,0.021300,4096x1x1,64x1x1,2048x64x1x1
ffn_norm-9,kernel_rms_norm_mul,0.019300,65536x1x1,1024x1x1,2048x64x1x1
ffn_moe_logits-9,kernel_mul_mm_f32_f32_l4_lm,0.502900,128x1x1,128x1x1,64x64x1x1
ffn_moe_probs-9,kernel_soft_max_4,0.003700,4096x1x1,64x1x1,64x64x1x1
ffn_moe_argsort-9,kernel_argsort_f32_i32,0.015100,64x64x1,64x1x1,64x64x1x1
ffn_moe_weights-9,kernel_get_rows_f32,0.004100,384x64x1,64x1x1,1x6x64x1
ffn_moe_weights_scaled-9,kernel_scale,0.001900,96x1x1,64x1x1,1x6x64x1
ffn_moe_gate-9,kernel_mul_mv_id_q4_0_f32_8x_flat,9.147000,11264x1x384,64x1x1,1408x6x64x1
ffn_moe_up-9,kernel_mul_mv_id_q4_0_f32_8x_flat,9.153900,11264x1x384,64x1x1,1408x6x64x1
ffn_moe_weighted-9,kernel_swiglu,0.082400,196608x1x1,512x1x1,1408x6x64x1
ffn_moe_down-9,kernel_mul_mv_id_q4_0_f32_8x_flat,9.820500,16384x1x384,64x1x1,2048x6x64x1
node_609,kernel_mul,0.100700,384x64x1,64x1x1,2048x6x64x1
ffn_gate-9,kernel_transpose_32_16,0.011000,512x16x0,1x16x0,2816x64x1x1
ffn_gate-9,kernel_mul_mat_Ab_Bi_8x4,0.382500,8x704x1,1x128x1,2816x64x1x1
ffn_up-9,kernel_transpose_32_16,0.009700,512x16x0,1x16x0,2816x64x1x1
ffn_up-9,kernel_mul_mat_Ab_Bi_8x4,0.383500,8x704x1,1x128x1,2816x64x1x1
ffn_swiglu-9,kernel_swiglu,0.022700,32768x1x1,512x1x1,2816x64x1x1
node_619,kernel_add,0.024400,4096x1x1,64x1x1,2048x64x1x1
node_620,kernel_add,0.020700,4096x1x1,64x1x1,2048x64x1x1
node_621,kernel_add,0.017200,4096x1x1,64x1x1,2048x64x1x1
node_622,kernel_add,0.017800,4096x1x1,64x1x1,2048x64x1x1
ffn_moe_out-9,kernel_add,0.017600,4096x1x1,64x1x1,2048x64x1x1
ffn_shexp-9,kernel_transpose_32_16,0.013200,704x16x0,1x16x0,2048x64x1x1
ffn_shexp-9,kernel_mul_mat_Ab_Bi_8x4,0.529900,8x512x1,1x128x1,2048x64x1x1
ffn_out-9,kernel_add,0.022000,4096x1x1,64x1x1,2048x64x1x1
l_out-9,kernel_add,0.018200,4096x1x1,64x1x1,2048x64x1x1
attn_norm-10,kernel_rms_norm_mul,0.019300,65536x1x1,1024x1x1,2048x64x1x1
q-10,kernel_transpose_32_16,0.007300,512x16x0,1x16x0,3072x64x1x1
q-10,kernel_mul_mat_Ab_Bi_8x4,0.388300,8x768x1,1x128x1,3072x64x1x1
q_pe-10,kernel_rope_norm_f32,0.012600,1024x64x1,64x1x1,64x16x64x1
Qcur-10,kernel_concat_f32_non_contiguous,0.348100,16x64x1,0x0x0,192x16x64x1
kv_cmpr_pe-10,kernel_transpose_32_16,0.009500,512x16x0,1x16x0,576x64x1x1
kv_cmpr_pe-10,kernel_mul_mat_Ab_Bi_8x4,0.315300,8x144x1,1x128x1,576x64x1x1
k_pe-10,kernel_rope_norm_f32,0.002900,64x64x1,64x1x1,64x1x64x1
node_637,kernel_repeat,0.284800,16x64x1,0x0x0,64x16x64x1
kv_cmpr-10,kernel_rms_norm_mul,0.009900,32768x1x1,512x1x1,512x64x1x1
kv-10,kernel_transpose_32_16,0.004100,128x16x0,1x16x0,4096x64x1x1
kv-10,kernel_mul_mat_Ab_Bi_8x4,0.133900,8x1024x1,1x128x1,4096x64x1x1
Kcur-10,kernel_concat_f32_non_contiguous,0.385400,16x64x1,0x0x0,192x16x64x1
Vcur_cont-10,kernel_cpy_f32_f32,0.010200,1024x64x1,64x1x1,128x16x64x1
cache_k_l10 (view),kernel_set_rows_f16_i64,0.015100,65536x1x1,1024x1x1,3072x4096x1x1
cache_v_l10 (view),kernel_set_rows_f16_i64,0.011600,65536x1x1,1024x1x1,2048x4096x1x1
__fattn__-10,flash_attn_f32_f16,14.017900,64x16x0,16x1x0,128x16x64x1
node_658,kernel_transpose_32_16,0.009800,512x16x0,1x16x0,2048x64x1x1
node_658,kernel_mul_mat_Ab_Bi_8x4,0.376800,8x512x1,1x128x1,2048x64x1x1
ffn_inp-10,kernel_add,0.021200,4096x1x1,64x1x1,2048x64x1x1
ffn_norm-10,kernel_rms_norm_mul,0.019400,65536x1x1,1024x1x1,2048x64x1x1
ffn_moe_logits-10,kernel_mul_mm_f32_f32_l4_lm,0.501300,128x1x1,128x1x1,64x64x1x1
ffn_moe_probs-10,kernel_soft_max_4,0.003900,4096x1x1,64x1x1,64x64x1x1
ffn_moe_argsort-10,kernel_argsort_f32_i32,0.015100,64x64x1,64x1x1,64x64x1x1
ffn_moe_weights-10,kernel_get_rows_f32,0.004300,384x64x1,64x1x1,1x6x64x1
ffn_moe_weights_scaled-10,kernel_scale,0.001800,96x1x1,64x1x1,1x6x64x1
ffn_moe_gate-10,kernel_mul_mv_id_q4_0_f32_8x_flat,9.049600,11264x1x384,64x1x1,1408x6x64x1
ffn_moe_up-10,kernel_mul_mv_id_q4_0_f32_8x_flat,9.069500,11264x1x384,64x1x1,1408x6x64x1
ffn_moe_weighted-10,kernel_swiglu,0.083000,196608x1x1,512x1x1,1408x6x64x1
ffn_moe_down-10,kernel_mul_mv_id_q4_0_f32_8x_flat,9.819000,16384x1x384,64x1x1,2048x6x64x1
node_674,kernel_mul,0.099300,384x64x1,64x1x1,2048x6x64x1
ffn_gate-10,kernel_transpose_32_16,0.011500,512x16x0,1x16x0,2816x64x1x1
ffn_gate-10,kernel_mul_mat_Ab_Bi_8x4,0.382800,8x704x1,1x128x1,2816x64x1x1
ffn_up-10,kernel_transpose_32_16,0.010200,512x16x0,1x16x0,2816x64x1x1
ffn_up-10,kernel_mul_mat_Ab_Bi_8x4,0.387600,8x704x1,1x128x1,2816x64x1x1
ffn_swiglu-10,kernel_swiglu,0.023600,32768x1x1,512x1x1,2816x64x1x1
node_684,kernel_add,0.023800,4096x1x1,64x1x1,2048x64x1x1
node_685,kernel_add,0.016700,4096x1x1,64x1x1,2048x64x1x1
node_686,kernel_add,0.017700,4096x1x1,64x1x1,2048x64x1x1
node_687,kernel_add,0.017600,4096x1x1,64x1x1,2048x64x1x1
ffn_moe_out-10,kernel_add,0.017400,4096x1x1,64x1x1,2048x64x1x1
ffn_shexp-10,kernel_transpose_32_16,0.013600,704x16x0,1x16x0,2048x64x1x1
ffn_shexp-10,kernel_mul_mat_Ab_Bi_8x4,0.521800,8x512x1,1x128x1,2048x64x1x1
ffn_out-10,kernel_add,0.021500,4096x1x1,64x1x1,2048x64x1x1
l_out-10,kernel_add,0.018800,4096x1x1,64x1x1,2048x64x1x1
attn_norm-11,kernel_rms_norm_mul,0.019600,65536x1x1,1024x1x1,2048x64x1x1
q-11,kernel_transpose_32_16,0.009500,512x16x0,1x16x0,3072x64x1x1
q-11,kernel_mul_mat_Ab_Bi_8x4,0.389100,8x768x1,1x128x1,3072x64x1x1
q_pe-11,kernel_rope_norm_f32,0.012300,1024x64x1,64x1x1,64x16x64x1
Qcur-11,kernel_concat_f32_non_contiguous,0.349100,16x64x1,0x0x0,192x16x64x1
kv_cmpr_pe-11,kernel_transpose_32_16,0.010100,512x16x0,1x16x0,576x64x1x1
kv_cmpr_pe-11,kernel_mul_mat_Ab_Bi_8x4,0.315100,8x144x1,1x128x1,576x64x1x1
k_pe-11,kernel_rope_norm_f32,0.002700,64x64x1,64x1x1,64x1x64x1
node_702,kernel_repeat,0.284300,16x64x1,0x0x0,64x16x64x1
kv_cmpr-11,kernel_rms_norm_mul,0.009600,32768x1x1,512x1x1,512x64x1x1
kv-11,kernel_transpose_32_16,0.003800,128x16x0,1x16x0,4096x64x1x1
kv-11,kernel_mul_mat_Ab_Bi_8x4,0.133800,8x1024x1,1x128x1,4096x64x1x1
Kcur-11,kernel_concat_f32_non_contiguous,0.394200,16x64x1,0x0x0,192x16x64x1
Vcur_cont-11,kernel_cpy_f32_f32,0.013100,1024x64x1,64x1x1,128x16x64x1
cache_k_l11 (view),kernel_set_rows_f16_i64,0.015500,65536x1x1,1024x1x1,3072x4096x1x1
cache_v_l11 (view),kernel_set_rows_f16_i64,0.011500,65536x1x1,1024x1x1,2048x4096x1x1
__fattn__-11,flash_attn_f32_f16,14.014300,64x16x0,16x1x0,128x16x64x1
node_723,kernel_transpose_32_16,0.010000,512x16x0,1x16x0,2048x64x1x1
node_723,kernel_mul_mat_Ab_Bi_8x4,0.372400,8x512x1,1x128x1,2048x64x1x1
ffn_inp-11,kernel_add,0.021100,4096x1x1,64x1x1,2048x64x1x1
ffn_norm-11,kernel_rms_norm_mul,0.019400,65536x1x1,1024x1x1,2048x64x1x1
ffn_moe_logits-11,kernel_mul_mm_f32_f32_l4_lm,0.501500,128x1x1,128x1x1,64x64x1x1
ffn_moe_probs-11,kernel_soft_max_4,0.003700,4096x1x1,64x1x1,64x64x1x1
ffn_moe_argsort-11,kernel_argsort_f32_i32,0.015200,64x64x1,64x1x1,64x64x1x1
ffn_moe_weights-11,kernel_get_rows_f32,0.004500,384x64x1,64x1x1,1x6x64x1
ffn_moe_weights_scaled-11,kernel_scale,0.001800,96x1x1,64x1x1,1x6x64x1
ffn_moe_gate-11,kernel_mul_mv_id_q4_0_f32_8x_flat,9.124200,11264x1x384,64x1x1,1408x6x64x1
ffn_moe_up-11,kernel_mul_mv_id_q4_0_f32_8x_flat,9.123700,11264x1x384,64x1x1,1408x6x64x1
ffn_moe_weighted-11,kernel_swiglu,0.082400,196608x1x1,512x1x1,1408x6x64x1
ffn_moe_down-11,kernel_mul_mv_id_q4_0_f32_8x_flat,9.819400,16384x1x384,64x1x1,2048x6x64x1
node_739,kernel_mul,0.099100,384x64x1,64x1x1,2048x6x64x1
ffn_gate-11,kernel_transpose_32_16,0.011400,512x16x0,1x16x0,2816x64x1x1
ffn_gate-11,kernel_mul_mat_Ab_Bi_8x4,0.384900,8x704x1,1x128x1,2816x64x1x1
ffn_up-11,kernel_transpose_32_16,0.009900,512x16x0,1x16x0,2816x64x1x1
ffn_up-11,kernel_mul_mat_Ab_Bi_8x4,0.384600,8x704x1,1x128x1,2816x64x1x1
ffn_swiglu-11,kernel_swiglu,0.023200,32768x1x1,512x1x1,2816x64x1x1
node_749,kernel_add,0.024500,4096x1x1,64x1x1,2048x64x1x1
node_750,kernel_add,0.019900,4096x1x1,64x1x1,2048x64x1x1
node_751,kernel_add,0.017400,4096x1x1,64x1x1,2048x64x1x1
node_752,kernel_add,0.017700,4096x1x1,64x1x1,2048x64x1x1
ffn_moe_out-11,kernel_add,0.017300,4096x1x1,64x1x1,2048x64x1x1
ffn_shexp-11,kernel_transpose_32_16,0.012600,704x16x0,1x16x0,2048x64x1x1
ffn_shexp-11,kernel_mul_mat_Ab_Bi_8x4,0.529500,8x512x1,1x128x1,2048x64x1x1
ffn_out-11,kernel_add,0.021200,4096x1x1,64x1x1,2048x64x1x1
l_out-11,kernel_add,0.018200,4096x1x1,64x1x1,2048x64x1x1
attn_norm-12,kernel_rms_norm_mul,0.019200,65536x1x1,1024x1x1,2048x64x1x1
q-12,kernel_transpose_32_16,0.006600,512x16x0,1x16x0,3072x64x1x1
q-12,kernel_mul_mat_Ab_Bi_8x4,0.389000,8x768x1,1x128x1,3072x64x1x1
q_pe-12,kernel_rope_norm_f32,0.009300,1024x64x1,64x1x1,64x16x64x1
Qcur-12,kernel_concat_f32_non_contiguous,0.344500,16x64x1,0x0x0,192x16x64x1
kv_cmpr_pe-12,kernel_transpose_32_16,0.010800,512x16x0,1x16x0,576x64x1x1
kv_cmpr_pe-12,kernel_mul_mat_Ab_Bi_8x4,0.316800,8x144x1,1x128x1,576x64x1x1
k_pe-12,kernel_rope_norm_f32,0.002700,64x64x1,64x1x1,64x1x64x1
node_767,kernel_repeat,0.285900,16x64x1,0x0x0,64x16x64x1
kv_cmpr-12,kernel_rms_norm_mul,0.010300,32768x1x1,512x1x1,512x64x1x1
kv-12,kernel_transpose_32_16,0.004200,128x16x0,1x16x0,4096x64x1x1
kv-12,kernel_mul_mat_Ab_Bi_8x4,0.133400,8x1024x1,1x128x1,4096x64x1x1
Kcur-12,kernel_concat_f32_non_contiguous,0.391600,16x64x1,0x0x0,192x16x64x1
Vcur_cont-12,kernel_cpy_f32_f32,0.013700,1024x64x1,64x1x1,128x16x64x1
cache_k_l12 (view),kernel_set_rows_f16_i64,0.015500,65536x1x1,1024x1x1,3072x4096x1x1
cache_v_l12 (view),kernel_set_rows_f16_i64,0.011300,65536x1x1,1024x1x1,2048x4096x1x1
__fattn__-12,flash_attn_f32_f16,14.033800,64x16x0,16x1x0,128x16x64x1
node_788,kernel_transpose_32_16,0.009400,512x16x0,1x16x0,2048x64x1x1
node_788,kernel_mul_mat_Ab_Bi_8x4,0.378300,8x512x1,1x128x1,2048x64x1x1
ffn_inp-12,kernel_add,0.017100,4096x1x1,64x1x1,2048x64x1x1
ffn_norm-12,kernel_rms_norm_mul,0.019700,65536x1x1,1024x1x1,2048x64x1x1
ffn_moe_logits-12,kernel_mul_mm_f32_f32_l4_lm,0.508600,128x1x1,128x1x1,64x64x1x1
ffn_moe_probs-12,kernel_soft_max_4,0.003600,4096x1x1,64x1x1,64x64x1x1
ffn_moe_argsort-12,kernel_argsort_f32_i32,0.015000,64x64x1,64x1x1,64x64x1x1
ffn_moe_weights-12,kernel_get_rows_f32,0.004000,384x64x1,64x1x1,1x6x64x1
ffn_moe_weights_scaled-12,kernel_scale,0.001800,96x1x1,64x1x1,1x6x64x1
ffn_moe_gate-12,kernel_mul_mv_id_q4_0_f32_8x_flat,9.134500,11264x1x384,64x1x1,1408x6x64x1
ffn_moe_up-12,kernel_mul_mv_id_q4_0_f32_8x_flat,9.219500,11264x1x384,64x1x1,1408x6x64x1
ffn_moe_weighted-12,kernel_swiglu,0.082300,196608x1x1,512x1x1,1408x6x64x1
ffn_moe_down-12,kernel_mul_mv_id_q4_0_f32_8x_flat,9.867400,16384x1x384,64x1x1,2048x6x64x1
node_804,kernel_mul,0.100300,384x64x1,64x1x1,2048x6x64x1
ffn_gate-12,kernel_transpose_32_16,0.011600,512x16x0,1x16x0,2816x64x1x1
ffn_gate-12,kernel_mul_mat_Ab_Bi_8x4,0.384900,8x704x1,1x128x1,2816x64x1x1
ffn_up-12,kernel_transpose_32_16,0.009800,512x16x0,1x16x0,2816x64x1x1
ffn_up-12,kernel_mul_mat_Ab_Bi_8x4,0.387700,8x704x1,1x128x1,2816x64x1x1
ffn_swiglu-12,kernel_swiglu,0.021600,32768x1x1,512x1x1,2816x64x1x1
node_814,kernel_add,0.023600,4096x1x1,64x1x1,2048x64x1x1
node_815,kernel_add,0.021500,4096x1x1,64x1x1,2048x64x1x1
node_816,kernel_add,0.017600,4096x1x1,64x1x1,2048x64x1x1
node_817,kernel_add,0.017200,4096x1x1,64x1x1,2048x64x1x1
ffn_moe_out-12,kernel_add,0.017300,4096x1x1,64x1x1,2048x64x1x1
ffn_shexp-12,kernel_transpose_32_16,0.013400,704x16x0,1x16x0,2048x64x1x1
ffn_shexp-12,kernel_mul_mat_Ab_Bi_8x4,0.530200,8x512x1,1x128x1,2048x64x1x1
ffn_out-12,kernel_add,0.015600,4096x1x1,64x1x1,2048x64x1x1
l_out-12,kernel_add,0.018600,4096x1x1,64x1x1,2048x64x1x1
attn_norm-13,kernel_rms_norm_mul,0.019600,65536x1x1,1024x1x1,2048x64x1x1
q-13,kernel_transpose_32_16,0.006700,512x16x0,1x16x0,3072x64x1x1
q-13,kernel_mul_mat_Ab_Bi_8x4,0.390000,8x768x1,1x128x1,3072x64x1x1
q_pe-13,kernel_rope_norm_f32,0.012300,1024x64x1,64x1x1,64x16x64x1
Qcur-13,kernel_concat_f32_non_contiguous,0.350100,16x64x1,0x0x0,192x16x64x1
kv_cmpr_pe-13,kernel_transpose_32_16,0.010200,512x16x0,1x16x0,576x64x1x1
kv_cmpr_pe-13,kernel_mul_mat_Ab_Bi_8x4,0.316400,8x144x1,1x128x1,576x64x1x1
k_pe-13,kernel_rope_norm_f32,0.002800,64x64x1,64x1x1,64x1x64x1
node_832,kernel_repeat,0.286700,16x64x1,0x0x0,64x16x64x1
kv_cmpr-13,kernel_rms_norm_mul,0.010000,32768x1x1,512x1x1,512x64x1x1
kv-13,kernel_transpose_32_16,0.004400,128x16x0,1x16x0,4096x64x1x1
kv-13,kernel_mul_mat_Ab_Bi_8x4,0.133500,8x1024x1,1x128x1,4096x64x1x1
Kcur-13,kernel_concat_f32_non_contiguous,0.414400,16x64x1,0x0x0,192x16x64x1
Vcur_cont-13,kernel_cpy_f32_f32,0.013800,1024x64x1,64x1x1,128x16x64x1
cache_k_l13 (view),kernel_set_rows_f16_i64,0.014300,65536x1x1,1024x1x1,3072x4096x1x1
cache_v_l13 (view),kernel_set_rows_f16_i64,0.011700,65536x1x1,1024x1x1,2048x4096x1x1
__fattn__-13,flash_attn_f32_f16,14.041800,64x16x0,16x1x0,128x16x64x1
node_853,kernel_transpose_32_16,0.009500,512x16x0,1x16x0,2048x64x1x1
node_853,kernel_mul_mat_Ab_Bi_8x4,0.380800,8x512x1,1x128x1,2048x64x1x1
ffn_inp-13,kernel_add,0.021200,4096x1x1,64x1x1,2048x64x1x1
ffn_norm-13,kernel_rms_norm_mul,0.019500,65536x1x1,1024x1x1,2048x64x1x1
ffn_moe_logits-13,kernel_mul_mm_f32_f32_l4_lm,0.512000,128x1x1,128x1x1,64x64x1x1
ffn_moe_probs-13,kernel_soft_max_4,0.003800,4096x1x1,64x1x1,64x64x1x1
ffn_moe_argsort-13,kernel_argsort_f32_i32,0.015200,64x64x1,64x1x1,64x64x1x1
ffn_moe_weights-13,kernel_get_rows_f32,0.004100,384x64x1,64x1x1,1x6x64x1
ffn_moe_weights_scaled-13,kernel_scale,0.001700,96x1x1,64x1x1,1x6x64x1
ffn_moe_gate-13,kernel_mul_mv_id_q4_0_f32_8x_flat,9.281900,11264x1x384,64x1x1,1408x6x64x1
ffn_moe_up-13,kernel_mul_mv_id_q4_0_f32_8x_flat,9.235600,11264x1x384,64x1x1,1408x6x64x1
ffn_moe_weighted-13,kernel_swiglu,0.083100,196608x1x1,512x1x1,1408x6x64x1
ffn_moe_down-13,kernel_mul_mv_id_q4_0_f32_8x_flat,9.867900,16384x1x384,64x1x1,2048x6x64x1
node_869,kernel_mul,0.100900,384x64x1,64x1x1,2048x6x64x1
ffn_gate-13,kernel_transpose_32_16,0.011100,512x16x0,1x16x0,2816x64x1x1
ffn_gate-13,kernel_mul_mat_Ab_Bi_8x4,0.381700,8x704x1,1x128x1,2816x64x1x1
ffn_up-13,kernel_transpose_32_16,0.010100,512x16x0,1x16x0,2816x64x1x1
ffn_up-13,kernel_mul_mat_Ab_Bi_8x4,0.389800,8x704x1,1x128x1,2816x64x1x1
ffn_swiglu-13,kernel_swiglu,0.022800,32768x1x1,512x1x1,2816x64x1x1
node_879,kernel_add,0.023900,4096x1x1,64x1x1,2048x64x1x1
node_880,kernel_add,0.020500,4096x1x1,64x1x1,2048x64x1x1
node_881,kernel_add,0.017300,4096x1x1,64x1x1,2048x64x1x1
node_882,kernel_add,0.018400,4096x1x1,64x1x1,2048x64x1x1
ffn_moe_out-13,kernel_add,0.017300,4096x1x1,64x1x1,2048x64x1x1
ffn_shexp-13,kernel_transpose_32_16,0.012400,704x16x0,1x16x0,2048x64x1x1
ffn_shexp-13,kernel_mul_mat_Ab_Bi_8x4,0.521600,8x512x1,1x128x1,2048x64x1x1
ffn_out-13,kernel_add,0.021600,4096x1x1,64x1x1,2048x64x1x1
l_out-13,kernel_add,0.018400,4096x1x1,64x1x1,2048x64x1x1
attn_norm-14,kernel_rms_norm_mul,0.019000,65536x1x1,1024x1x1,2048x64x1x1
q-14,kernel_transpose_32_16,0.009200,512x16x0,1x16x0,3072x64x1x1
q-14,kernel_mul_mat_Ab_Bi_8x4,0.389400,8x768x1,1x128x1,3072x64x1x1
q_pe-14,kernel_rope_norm_f32,0.011700,1024x64x1,64x1x1,64x16x64x1
Qcur-14,kernel_concat_f32_non_contiguous,0.349700,16x64x1,0x0x0,192x16x64x1
kv_cmpr_pe-14,kernel_transpose_32_16,0.010100,512x16x0,1x16x0,576x64x1x1
kv_cmpr_pe-14,kernel_mul_mat_Ab_Bi_8x4,0.316700,8x144x1,1x128x1,576x64x1x1
k_pe-14,kernel_rope_norm_f32,0.002600,64x64x1,64x1x1,64x1x64x1
node_897,kernel_repeat,0.286000,16x64x1,0x0x0,64x16x64x1
kv_cmpr-14,kernel_rms_norm_mul,0.009900,32768x1x1,512x1x1,512x64x1x1
kv-14,kernel_transpose_32_16,0.003900,128x16x0,1x16x0,4096x64x1x1
kv-14,kernel_mul_mat_Ab_Bi_8x4,0.134700,8x1024x1,1x128x1,4096x64x1x1
Kcur-14,kernel_concat_f32_non_contiguous,0.382700,16x64x1,0x0x0,192x16x64x1
Vcur_cont-14,kernel_cpy_f32_f32,0.014300,1024x64x1,64x1x1,128x16x64x1
cache_k_l14 (view),kernel_set_rows_f16_i64,0.015700,65536x1x1,1024x1x1,3072x4096x1x1
cache_v_l14 (view),kernel_set_rows_f16_i64,0.011700,65536x1x1,1024x1x1,2048x4096x1x1
__fattn__-14,flash_attn_f32_f16,14.018400,64x16x0,16x1x0,128x16x64x1
node_918,kernel_transpose_32_16,0.009500,512x16x0,1x16x0,2048x64x1x1
node_918,kernel_mul_mat_Ab_Bi_8x4,0.376700,8x512x1,1x128x1,2048x64x1x1
ffn_inp-14,kernel_add,0.021300,4096x1x1,64x1x1,2048x64x1x1
ffn_norm-14,kernel_rms_norm_mul,0.019300,65536x1x1,1024x1x1,2048x64x1x1
ffn_moe_logits-14,kernel_mul_mm_f32_f32_l4_lm,0.513700,128x1x1,128x1x1,64x64x1x1
ffn_moe_probs-14,kernel_soft_max_4,0.003800,4096x1x1,64x1x1,64x64x1x1
ffn_moe_argsort-14,kernel_argsort_f32_i32,0.015300,64x64x1,64x1x1,64x64x1x1
ffn_moe_weights-14,kernel_get_rows_f32,0.004100,384x64x1,64x1x1,1x6x64x1
ffn_moe_weights_scaled-14,kernel_scale,0.002200,96x1x1,64x1x1,1x6x64x1
ffn_moe_gate-14,kernel_mul_mv_id_q4_0_f32_8x_flat,9.196300,11264x1x384,64x1x1,1408x6x64x1
ffn_moe_up-14,kernel_mul_mv_id_q4_0_f32_8x_flat,9.183700,11264x1x384,64x1x1,1408x6x64x1
ffn_moe_weighted-14,kernel_swiglu,0.082300,196608x1x1,512x1x1,1408x6x64x1
ffn_moe_down-14,kernel_mul_mv_id_q4_0_f32_8x_flat,9.868400,16384x1x384,64x1x1,2048x6x64x1
node_934,kernel_mul,0.100400,384x64x1,64x1x1,2048x6x64x1
ffn_gate-14,kernel_transpose_32_16,0.010900,512x16x0,1x16x0,2816x64x1x1
ffn_gate-14,kernel_mul_mat_Ab_Bi_8x4,0.385000,8x704x1,1x128x1,2816x64x1x1
ffn_up-14,kernel_transpose_32_16,0.009400,512x16x0,1x16x0,2816x64x1x1
ffn_up-14,kernel_mul_mat_Ab_Bi_8x4,0.382600,8x704x1,1x128x1,2816x64x1x1
ffn_swiglu-14,kernel_swiglu,0.023300,32768x1x1,512x1x1,2816x64x1x1
node_944,kernel_add,0.024500,4096x1x1,64x1x1,2048x64x1x1
node_945,kernel_add,0.021000,4096x1x1,64x1x1,2048x64x1x1
node_946,kernel_add,0.017000,4096x1x1,64x1x1,2048x64x1x1
node_947,kernel_add,0.017800,4096x1x1,64x1x1,2048x64x1x1
ffn_moe_out-14,kernel_add,0.017700,4096x1x1,64x1x1,2048x64x1x1
ffn_shexp-14,kernel_transpose_32_16,0.011600,704x16x0,1x16x0,2048x64x1x1
ffn_shexp-14,kernel_mul_mat_Ab_Bi_8x4,0.526200,8x512x1,1x128x1,2048x64x1x1
ffn_out-14,kernel_add,0.020600,4096x1x1,64x1x1,2048x64x1x1
l_out-14,kernel_add,0.018600,4096x1x1,64x1x1,2048x64x1x1
attn_norm-15,kernel_rms_norm_mul,0.019000,65536x1x1,1024x1x1,2048x64x1x1
q-15,kernel_transpose_32_16,0.006600,512x16x0,1x16x0,3072x64x1x1
q-15,kernel_mul_mat_Ab_Bi_8x4,0.388800,8x768x1,1x128x1,3072x64x1x1
q_pe-15,kernel_rope_norm_f32,0.012200,1024x64x1,64x1x1,64x16x64x1
Qcur-15,kernel_concat_f32_non_contiguous,0.344200,16x64x1,0x0x0,192x16x64x1
kv_cmpr_pe-15,kernel_transpose_32_16,0.010000,512x16x0,1x16x0,576x64x1x1
kv_cmpr_pe-15,kernel_mul_mat_Ab_Bi_8x4,0.320400,8x144x1,1x128x1,576x64x1x1
k_pe-15,kernel_rope_norm_f32,0.002900,64x64x1,64x1x1,64x1x64x1
node_962,kernel_repeat,0.284600,16x64x1,0x0x0,64x16x64x1
kv_cmpr-15,kernel_rms_norm_mul,0.009700,32768x1x1,512x1x1,512x64x1x1
kv-15,kernel_transpose_32_16,0.004100,128x16x0,1x16x0,4096x64x1x1
kv-15,kernel_mul_mat_Ab_Bi_8x4,0.135400,8x1024x1,1x128x1,4096x64x1x1
Kcur-15,kernel_concat_f32_non_contiguous,0.387800,16x64x1,0x0x0,192x16x64x1
Vcur_cont-15,kernel_cpy_f32_f32,0.013100,1024x64x1,64x1x1,128x16x64x1
cache_k_l15 (view),kernel_set_rows_f16_i64,0.015900,65536x1x1,1024x1x1,3072x4096x1x1
cache_v_l15 (view),kernel_set_rows_f16_i64,0.011500,65536x1x1,1024x1x1,2048x4096x1x1
__fattn__-15,flash_attn_f32_f16,14.013000,64x16x0,16x1x0,128x16x64x1
node_983,kernel_transpose_32_16,0.009500,512x16x0,1x16x0,2048x64x1x1
node_983,kernel_mul_mat_Ab_Bi_8x4,0.382500,8x512x1,1x128x1,2048x64x1x1
ffn_inp-15,kernel_add,0.021500,4096x1x1,64x1x1,2048x64x1x1
ffn_norm-15,kernel_rms_norm_mul,0.019600,65536x1x1,1024x1x1,2048x64x1x1
ffn_moe_logits-15,kernel_mul_mm_f32_f32_l4_lm,0.507300,128x1x1,128x1x1,64x64x1x1
ffn_moe_probs-15,kernel_soft_max_4,0.003500,4096x1x1,64x1x1,64x64x1x1
ffn_moe_argsort-15,kernel_argsort_f32_i32,0.015100,64x64x1,64x1x1,64x64x1x1
ffn_moe_weights-15,kernel_get_rows_f32,0.004000,384x64x1,64x1x1,1x6x64x1
ffn_moe_weights_scaled-15,kernel_scale,0.001900,96x1x1,64x1x1,1x6x64x1
ffn_moe_gate-15,kernel_mul_mv_id_q4_0_f32_8x_flat,9.268000,11264x1x384,64x1x1,1408x6x64x1
ffn_moe_up-15,kernel_mul_mv_id_q4_0_f32_8x_flat,9.254700,11264x1x384,64x1x1,1408x6x64x1
ffn_moe_weighted-15,kernel_swiglu,0.082900,196608x1x1,512x1x1,1408x6x64x1
ffn_moe_down-15,kernel_mul_mv_id_q4_0_f32_8x_flat,9.902200,16384x1x384,64x1x1,2048x6x64x1
node_999,kernel_mul,0.102000,384x64x1,64x1x1,2048x6x64x1
ffn_gate-15,kernel_transpose_32_16,0.011200,512x16x0,1x16x0,2816x64x1x1
ffn_gate-15,kernel_mul_mat_Ab_Bi_8x4,0.381700,8x704x1,1x128x1,2816x64x1x1
ffn_up-15,kernel_transpose_32_16,0.010300,512x16x0,1x16x0,2816x64x1x1
ffn_up-15,kernel_mul_mat_Ab_Bi_8x4,0.383900,8x704x1,1x128x1,2816x64x1x1
ffn_swiglu-15,kernel_swiglu,0.023600,32768x1x1,512x1x1,2816x64x1x1
node_1009,kernel_add,0.021600,4096x1x1,64x1x1,2048x64x1x1
node_1010,kernel_add,0.020300,4096x1x1,64x1x1,2048x64x1x1
node_1011,kernel_add,0.017300,4096x1x1,64x1x1,2048x64x1x1
node_1012,kernel_add,0.017300,4096x1x1,64x1x1,2048x64x1x1
ffn_moe_out-15,kernel_add,0.017700,4096x1x1,64x1x1,2048x64x1x1
ffn_shexp-15,kernel_transpose_32_16,0.012800,704x16x0,1x16x0,2048x64x1x1
ffn_shexp-15,kernel_mul_mat_Ab_Bi_8x4,0.524300,8x512x1,1x128x1,2048x64x1x1
ffn_out-15,kernel_add,0.021500,4096x1x1,64x1x1,2048x64x1x1
l_out-15,kernel_add,0.016800,4096x1x1,64x1x1,2048x64x1x1
attn_norm-16,kernel_rms_norm_mul,0.019400,65536x1x1,1024x1x1,2048x64x1x1
q-16,kernel_transpose_32_16,0.007000,512x16x0,1x16x0,3072x64x1x1
q-16,kernel_mul_mat_Ab_Bi_8x4,0.390100,8x768x1,1x128x1,3072x64x1x1
q_pe-16,kernel_rope_norm_f32,0.012100,1024x64x1,64x1x1,64x16x64x1
Qcur-16,kernel_concat_f32_non_contiguous,0.346500,16x64x1,0x0x0,192x16x64x1
kv_cmpr_pe-16,kernel_transpose_32_16,0.010200,512x16x0,1x16x0,576x64x1x1
kv_cmpr_pe-16,kernel_mul_mat_Ab_Bi_8x4,0.317900,8x144x1,1x128x1,576x64x1x1
k_pe-16,kernel_rope_norm_f32,0.002900,64x64x1,64x1x1,64x1x64x1
node_1027,kernel_repeat,0.284200,16x64x1,0x0x0,64x16x64x1
kv_cmpr-16,kernel_rms_norm_mul,0.009500,32768x1x1,512x1x1,512x64x1x1
kv-16,kernel_transpose_32_16,0.003900,128x16x0,1x16x0,4096x64x1x1
kv-16,kernel_mul_mat_Ab_Bi_8x4,0.133900,8x1024x1,1x128x1,4096x64x1x1
Kcur-16,kernel_concat_f32_non_contiguous,0.387300,16x64x1,0x0x0,192x16x64x1
Vcur_cont-16,kernel_cpy_f32_f32,0.014500,1024x64x1,64x1x1,128x16x64x1
cache_k_l16 (view),kernel_set_rows_f16_i64,0.015800,65536x1x1,1024x1x1,3072x4096x1x1
cache_v_l16 (view),kernel_set_rows_f16_i64,0.011300,65536x1x1,1024x1x1,2048x4096x1x1
__fattn__-16,flash_attn_f32_f16,14.040700,64x16x0,16x1x0,128x16x64x1
node_1048,kernel_transpose_32_16,0.009700,512x16x0,1x16x0,2048x64x1x1
node_1048,kernel_mul_mat_Ab_Bi_8x4,0.379200,8x512x1,1x128x1,2048x64x1x1
ffn_inp-16,kernel_add,0.020500,4096x1x1,64x1x1,2048x64x1x1
ffn_norm-16,kernel_rms_norm_mul,0.019500,65536x1x1,1024x1x1,2048x64x1x1
ffn_moe_logits-16,kernel_mul_mm_f32_f32_l4_lm,0.509200,128x1x1,128x1x1,64x64x1x1
ffn_moe_probs-16,kernel_soft_max_4,0.003700,4096x1x1,64x1x1,64x64x1x1
ffn_moe_argsort-16,kernel_argsort_f32_i32,0.015500,64x64x1,64x1x1,64x64x1x1
ffn_moe_weights-16,kernel_get_rows_f32,0.004200,384x64x1,64x1x1,1x6x64x1
ffn_moe_weights_scaled-16,kernel_scale,0.001900,96x1x1,64x1x1,1x6x64x1
ffn_moe_gate-16,kernel_mul_mv_id_q4_0_f32_8x_flat,9.138200,11264x1x384,64x1x1,1408x6x64x1
ffn_moe_up-16,kernel_mul_mv_id_q4_0_f32_8x_flat,9.153400,11264x1x384,64x1x1,1408x6x64x1
ffn_moe_weighted-16,kernel_swiglu,0.082100,196608x1x1,512x1x1,1408x6x64x1
ffn_moe_down-16,kernel_mul_mv_id_q4_0_f32_8x_flat,9.891400,16384x1x384,64x1x1,2048x6x64x1
node_1064,kernel_mul,0.099500,384x64x1,64x1x1,2048x6x64x1
ffn_gate-16,kernel_transpose_32_16,0.010100,512x16x0,1x16x0,2816x64x1x1
ffn_gate-16,kernel_mul_mat_Ab_Bi_8x4,0.378100,8x704x1,1x128x1,2816x64x1x1
ffn_up-16,kernel_transpose_32_16,0.010300,512x16x0,1x16x0,2816x64x1x1
ffn_up-16,kernel_mul_mat_Ab_Bi_8x4,0.386600,8x704x1,1x128x1,2816x64x1x1
ffn_swiglu-16,kernel_swiglu,0.023300,32768x1x1,512x1x1,2816x64x1x1
node_1074,kernel_add,0.023900,4096x1x1,64x1x1,2048x64x1x1
node_1075,kernel_add,0.021000,4096x1x1,64x1x1,2048x64x1x1
node_1076,kernel_add,0.016800,4096x1x1,64x1x1,2048x64x1x1
node_1077,kernel_add,0.016600,4096x1x1,64x1x1,2048x64x1x1
ffn_moe_out-16,kernel_add,0.018200,4096x1x1,64x1x1,2048x64x1x1
ffn_shexp-16,kernel_transpose_32_16,0.013300,704x16x0,1x16x0,2048x64x1x1
ffn_shexp-16,kernel_mul_mat_Ab_Bi_8x4,0.532900,8x512x1,1x128x1,2048x64x1x1
ffn_out-16,kernel_add,0.021200,4096x1x1,64x1x1,2048x64x1x1
l_out-16,kernel_add,0.018600,4096x1x1,64x1x1,2048x64x1x1
attn_norm-17,kernel_rms_norm_mul,0.019300,65536x1x1,1024x1x1,2048x64x1x1
q-17,kernel_transpose_32_16,0.007000,512x16x0,1x16x0,3072x64x1x1
q-17,kernel_mul_mat_Ab_Bi_8x4,0.392800,8x768x1,1x128x1,3072x64x1x1
q_pe-17,kernel_rope_norm_f32,0.012300,1024x64x1,64x1x1,64x16x64x1
Qcur-17,kernel_concat_f32_non_contiguous,0.345500,16x64x1,0x0x0,192x16x64x1
kv_cmpr_pe-17,kernel_transpose_32_16,0.010100,512x16x0,1x16x0,576x64x1x1
kv_cmpr_pe-17,kernel_mul_mat_Ab_Bi_8x4,0.318000,8x144x1,1x128x1,576x64x1x1
k_pe-17,kernel_rope_norm_f32,0.002700,64x64x1,64x1x1,64x1x64x1
node_1092,kernel_repeat,0.284600,16x64x1,0x0x0,64x16x64x1
kv_cmpr-17,kernel_rms_norm_mul,0.010000,32768x1x1,512x1x1,512x64x1x1
kv-17,kernel_transpose_32_16,0.004200,128x16x0,1x16x0,4096x64x1x1
kv-17,kernel_mul_mat_Ab_Bi_8x4,0.134700,8x1024x1,1x128x1,4096x64x1x1
Kcur-17,kernel_concat_f32_non_contiguous,0.391000,16x64x1,0x0x0,192x16x64x1
Vcur_cont-17,kernel_cpy_f32_f32,0.013100,1024x64x1,64x1x1,128x16x64x1
cache_k_l17 (view),kernel_set_rows_f16_i64,0.015800,65536x1x1,1024x1x1,3072x4096x1x1
cache_v_l17 (view),kernel_set_rows_f16_i64,0.011800,65536x1x1,1024x1x1,2048x4096x1x1
__fattn__-17,flash_attn_f32_f16,14.018800,64x16x0,16x1x0,128x16x64x1
node_1113,kernel_transpose_32_16,0.009500,512x16x0,1x16x0,2048x64x1x1
node_1113,kernel_mul_mat_Ab_Bi_8x4,0.377200,8x512x1,1x128x1,2048x64x1x1
ffn_inp-17,kernel_add,0.022300,4096x1x1,64x1x1,2048x64x1x1
ffn_norm-17,kernel_rms_norm_mul,0.019400,65536x1x1,1024x1x1,2048x64x1x1
ffn_moe_logits-17,kernel_mul_mm_f32_f32_l4_lm,0.515400,128x1x1,128x1x1,64x64x1x1
ffn_moe_probs-17,kernel_soft_max_4,0.003600,4096x1x1,64x1x1,64x64x1x1
ffn_moe_argsort-17,kernel_argsort_f32_i32,0.015100,64x64x1,64x1x1,64x64x1x1
ffn_moe_weights-17,kernel_get_rows_f32,0.004100,384x64x1,64x1x1,1x6x64x1
ffn_moe_weights_scaled-17,kernel_scale,0.001700,96x1x1,64x1x1,1x6x64x1
ffn_moe_gate-17,kernel_mul_mv_id_q4_0_f32_8x_flat,9.271400,11264x1x384,64x1x1,1408x6x64x1
ffn_moe_up-17,kernel_mul_mv_id_q4_0_f32_8x_flat,9.296700,11264x1x384,64x1x1,1408x6x64x1
ffn_moe_weighted-17,kernel_swiglu,0.081300,196608x1x1,512x1x1,1408x6x64x1
ffn_moe_down-17,kernel_mul_mv_id_q4_0_f32_8x_flat,9.881600,16384x1x384,64x1x1,2048x6x64x1
node_1129,kernel_mul,0.100200,384x64x1,64x1x1,2048x6x64x1
ffn_gate-17,kernel_transpose_32_16,0.011100,512x16x0,1x16x0,2816x64x1x1
ffn_gate-17,kernel_mul_mat_Ab_Bi_8x4,0.382300,8x704x1,1x128x1,2816x64x1x1
ffn_up-17,kernel_transpose_32_16,0.010400,512x16x0,1x16x0,2816x64x1x1
ffn_up-17,kernel_mul_mat_Ab_Bi_8x4,0.387600,8x704x1,1x128x1,2816x64x1x1
ffn_swiglu-17,kernel_swiglu,0.023600,32768x1x1,512x1x1,2816x64x1x1
node_1139,kernel_add,0.024300,4096x1x1,64x1x1,2048x64x1x1
node_1140,kernel_add,0.020600,4096x1x1,64x1x1,2048x64x1x1
node_1141,kernel_add,0.017500,4096x1x1,64x1x1,2048x64x1x1
node_1142,kernel_add,0.017500,4096x1x1,64x1x1,2048x64x1x1
ffn_moe_out-17,kernel_add,0.017600,4096x1x1,64x1x1,2048x64x1x1
ffn_shexp-17,kernel_transpose_32_16,0.012700,704x16x0,1x16x0,2048x64x1x1
ffn_shexp-17,kernel_mul_mat_Ab_Bi_8x4,0.523000,8x512x1,1x128x1,2048x64x1x1
ffn_out-17,kernel_add,0.021600,4096x1x1,64x1x1,2048x64x1x1
l_out-17,kernel_add,0.017700,4096x1x1,64x1x1,2048x64x1x1
attn_norm-18,kernel_rms_norm_mul,0.018900,65536x1x1,1024x1x1,2048x64x1x1
q-18,kernel_transpose_32_16,0.006900,512x16x0,1x16x0,3072x64x1x1
q-18,kernel_mul_mat_Ab_Bi_8x4,0.388900,8x768x1,1x128x1,3072x64x1x1
q_pe-18,kernel_rope_norm_f32,0.012100,1024x64x1,64x1x1,64x16x64x1
Qcur-18,kernel_concat_f32_non_contiguous,0.351300,16x64x1,0x0x0,192x16x64x1
kv_cmpr_pe-18,kernel_transpose_32_16,0.009500,512x16x0,1x16x0,576x64x1x1
kv_cmpr_pe-18,kernel_mul_mat_Ab_Bi_8x4,0.316000,8x144x1,1x128x1,576x64x1x1
k_pe-18,kernel_rope_norm_f32,0.002900,64x64x1,64x1x1,64x1x64x1
node_1157,kernel_repeat,0.284700,16x64x1,0x0x0,64x16x64x1
kv_cmpr-18,kernel_rms_norm_mul,0.010100,32768x1x1,512x1x1,512x64x1x1
kv-18,kernel_transpose_32_16,0.004100,128x16x0,1x16x0,4096x64x1x1
kv-18,kernel_mul_mat_Ab_Bi_8x4,0.133800,8x1024x1,1x128x1,4096x64x1x1
Kcur-18,kernel_concat_f32_non_contiguous,0.389700,16x64x1,0x0x0,192x16x64x1
Vcur_cont-18,kernel_cpy_f32_f32,0.010400,1024x64x1,64x1x1,128x16x64x1
cache_k_l18 (view),kernel_set_rows_f16_i64,0.015400,65536x1x1,1024x1x1,3072x4096x1x1
cache_v_l18 (view),kernel_set_rows_f16_i64,0.012400,65536x1x1,1024x1x1,2048x4096x1x1
__fattn__-18,flash_attn_f32_f16,13.992900,64x16x0,16x1x0,128x16x64x1
node_1178,kernel_transpose_32_16,0.009600,512x16x0,1x16x0,2048x64x1x1
node_1178,kernel_mul_mat_Ab_Bi_8x4,0.375200,8x512x1,1x128x1,2048x64x1x1
ffn_inp-18,kernel_add,0.020700,4096x1x1,64x1x1,2048x64x1x1
ffn_norm-18,kernel_rms_norm_mul,0.019300,65536x1x1,1024x1x1,2048x64x1x1
ffn_moe_logits-18,kernel_mul_mm_f32_f32_l4_lm,0.500600,128x1x1,128x1x1,64x64x1x1
ffn_moe_probs-18,kernel_soft_max_4,0.003700,4096x1x1,64x1x1,64x64x1x1
ffn_moe_argsort-18,kernel_argsort_f32_i32,0.015200,64x64x1,64x1x1,64x64x1x1
ffn_moe_weights-18,kernel_get_rows_f32,0.004400,384x64x1,64x1x1,1x6x64x1
ffn_moe_weights_scaled-18,kernel_scale,0.001800,96x1x1,64x1x1,1x6x64x1
ffn_moe_gate-18,kernel_mul_mv_id_q4_0_f32_8x_flat,9.176100,11264x1x384,64x1x1,1408x6x64x1
ffn_moe_up-18,kernel_mul_mv_id_q4_0_f32_8x_flat,9.242400,11264x1x384,64x1x1,1408x6x64x1
ffn_moe_weighted-18,kernel_swiglu,0.082000,196608x1x1,512x1x1,1408x6x64x1
ffn_moe_down-18,kernel_mul_mv_id_q4_0_f32_8x_flat,9.870500,16384x1x384,64x1x1,2048x6x64x1
node_1194,kernel_mul,0.098500,384x64x1,64x1x1,2048x6x64x1
ffn_gate-18,kernel_transpose_32_16,0.011900,512x16x0,1x16x0,2816x64x1x1
ffn_gate-18,kernel_mul_mat_Ab_Bi_8x4,0.380500,8x704x1,1x128x1,2816x64x1x1
ffn_up-18,kernel_transpose_32_16,0.010100,512x16x0,1x16x0,2816x64x1x1
ffn_up-18,kernel_mul_mat_Ab_Bi_8x4,0.383300,8x704x1,1x128x1,2816x64x1x1
ffn_swiglu-18,kernel_swiglu,0.023100,32768x1x1,512x1x1,2816x64x1x1
node_1204,kernel_add,0.024300,4096x1x1,64x1x1,2048x64x1x1
node_1205,kernel_add,0.016700,4096x1x1,64x1x1,2048x64x1x1
node_1206,kernel_add,0.017900,4096x1x1,64x1x1,2048x64x1x1
node_1207,kernel_add,0.017600,4096x1x1,64x1x1,2048x64x1x1
ffn_moe_out-18,kernel_add,0.017400,4096x1x1,64x1x1,2048x64x1x1
ffn_shexp-18,kernel_transpose_32_16,0.013700,704x16x0,1x16x0,2048x64x1x1
ffn_shexp-18,kernel_mul_mat_Ab_Bi_8x4,0.522800,8x512x1,1x128x1,2048x64x1x1
ffn_out-18,kernel_add,0.021000,4096x1x1,64x1x1,2048x64x1x1
l_out-18,kernel_add,0.018600,4096x1x1,64x1x1,2048x64x1x1
attn_norm-19,kernel_rms_norm_mul,0.019500,65536x1x1,1024x1x1,2048x64x1x1
q-19,kernel_transpose_32_16,0.009500,512x16x0,1x16x0,3072x64x1x1
q-19,kernel_mul_mat_Ab_Bi_8x4,0.389000,8x768x1,1x128x1,3072x64x1x1
q_pe-19,kernel_rope_norm_f32,0.012500,1024x64x1,64x1x1,64x16x64x1
Qcur-19,kernel_concat_f32_non_contiguous,0.349500,16x64x1,0x0x0,192x16x64x1
kv_cmpr_pe-19,kernel_transpose_32_16,0.010900,512x16x0,1x16x0,576x64x1x1
kv_cmpr_pe-19,kernel_mul_mat_Ab_Bi_8x4,0.316700,8x144x1,1x128x1,576x64x1x1
k_pe-19,kernel_rope_norm_f32,0.002600,64x64x1,64x1x1,64x1x64x1
node_1222,kernel_repeat,0.284000,16x64x1,0x0x0,64x16x64x1
kv_cmpr-19,kernel_rms_norm_mul,0.009800,32768x1x1,512x1x1,512x64x1x1
kv-19,kernel_transpose_32_16,0.004000,128x16x0,1x16x0,4096x64x1x1
kv-19,kernel_mul_mat_Ab_Bi_8x4,0.133800,8x1024x1,1x128x1,4096x64x1x1
Kcur-19,kernel_concat_f32_non_contiguous,0.406100,16x64x1,0x0x0,192x16x64x1
Vcur_cont-19,kernel_cpy_f32_f32,0.013300,1024x64x1,64x1x1,128x16x64x1
cache_k_l19 (view),kernel_set_rows_f16_i64,0.015600,65536x1x1,1024x1x1,3072x4096x1x1
cache_v_l19 (view),kernel_set_rows_f16_i64,0.011700,65536x1x1,1024x1x1,2048x4096x1x1
__fattn__-19,flash_attn_f32_f16,14.031800,64x16x0,16x1x0,128x16x64x1
node_1243,kernel_transpose_32_16,0.009700,512x16x0,1x16x0,2048x64x1x1
node_1243,kernel_mul_mat_Ab_Bi_8x4,0.376900,8x512x1,1x128x1,2048x64x1x1
ffn_inp-19,kernel_add,0.021800,4096x1x1,64x1x1,2048x64x1x1
ffn_norm-19,kernel_rms_norm_mul,0.019400,65536x1x1,1024x1x1,2048x64x1x1
ffn_moe_logits-19,kernel_mul_mm_f32_f32_l4_lm,0.511600,128x1x1,128x1x1,64x64x1x1
ffn_moe_probs-19,kernel_soft_max_4,0.003700,4096x1x1,64x1x1,64x64x1x1
ffn_moe_argsort-19,kernel_argsort_f32_i32,0.015300,64x64x1,64x1x1,64x64x1x1
ffn_moe_weights-19,kernel_get_rows_f32,0.004500,384x64x1,64x1x1,1x6x64x1
ffn_moe_weights_scaled-19,kernel_scale,0.001900,96x1x1,64x1x1,1x6x64x1
ffn_moe_gate-19,kernel_mul_mv_id_q4_0_f32_8x_flat,9.230500,11264x1x384,64x1x1,1408x6x64x1
ffn_moe_up-19,kernel_mul_mv_id_q4_0_f32_8x_flat,9.211500,11264x1x384,64x1x1,1408x6x64x1
ffn_moe_weighted-19,kernel_swiglu,0.081700,196608x1x1,512x1x1,1408x6x64x1
ffn_moe_down-19,kernel_mul_mv_id_q4_0_f32_8x_flat,9.859400,16384x1x384,64x1x1,2048x6x64x1
node_1259,kernel_mul,0.101900,384x64x1,64x1x1,2048x6x64x1
ffn_gate-19,kernel_transpose_32_16,0.011200,512x16x0,1x16x0,2816x64x1x1
ffn_gate-19,kernel_mul_mat_Ab_Bi_8x4,0.386300,8x704x1,1x128x1,2816x64x1x1
ffn_up-19,kernel_transpose_32_16,0.010400,512x16x0,1x16x0,2816x64x1x1
ffn_up-19,kernel_mul_mat_Ab_Bi_8x4,0.382600,8x704x1,1x128x1,2816x64x1x1
ffn_swiglu-19,kernel_swiglu,0.023300,32768x1x1,512x1x1,2816x64x1x1
node_1269,kernel_add,0.025500,4096x1x1,64x1x1,2048x64x1x1
node_1270,kernel_add,0.021400,4096x1x1,64x1x1,2048x64x1x1
node_1271,kernel_add,0.017600,4096x1x1,64x1x1,2048x64x1x1
node_1272,kernel_add,0.017200,4096x1x1,64x1x1,2048x64x1x1
ffn_moe_out-19,kernel_add,0.017700,4096x1x1,64x1x1,2048x64x1x1
ffn_shexp-19,kernel_transpose_32_16,0.012500,704x16x0,1x16x0,2048x64x1x1
ffn_shexp-19,kernel_mul_mat_Ab_Bi_8x4,0.527700,8x512x1,1x128x1,2048x64x1x1
ffn_out-19,kernel_add,0.021400,4096x1x1,64x1x1,2048x64x1x1
l_out-19,kernel_add,0.017600,4096x1x1,64x1x1,2048x64x1x1
attn_norm-20,kernel_rms_norm_mul,0.019100,65536x1x1,1024x1x1,2048x64x1x1
q-20,kernel_transpose_32_16,0.006800,512x16x0,1x16x0,3072x64x1x1
q-20,kernel_mul_mat_Ab_Bi_8x4,0.387200,8x768x1,1x128x1,3072x64x1x1
q_pe-20,kernel_rope_norm_f32,0.009500,1024x64x1,64x1x1,64x16x64x1
Qcur-20,kernel_concat_f32_non_contiguous,0.345700,16x64x1,0x0x0,192x16x64x1
kv_cmpr_pe-20,kernel_transpose_32_16,0.010700,512x16x0,1x16x0,576x64x1x1
kv_cmpr_pe-20,kernel_mul_mat_Ab_Bi_8x4,0.317500,8x144x1,1x128x1,576x64x1x1
k_pe-20,kernel_rope_norm_f32,0.002700,64x64x1,64x1x1,64x1x64x1
node_1287,kernel_repeat,0.286300,16x64x1,0x0x0,64x16x64x1
kv_cmpr-20,kernel_rms_norm_mul,0.010100,32768x1x1,512x1x1,512x64x1x1
kv-20,kernel_transpose_32_16,0.003900,128x16x0,1x16x0,4096x64x1x1
kv-20,kernel_mul_mat_Ab_Bi_8x4,0.133100,8x1024x1,1x128x1,4096x64x1x1
Kcur-20,kernel_concat_f32_non_contiguous,0.414200,16x64x1,0x0x0,192x16x64x1
Vcur_cont-20,kernel_cpy_f32_f32,0.014100,1024x64x1,64x1x1,128x16x64x1
cache_k_l20 (view),kernel_set_rows_f16_i64,0.015800,65536x1x1,1024x1x1,3072x4096x1x1
cache_v_l20 (view),kernel_set_rows_f16_i64,0.012000,65536x1x1,1024x1x1,2048x4096x1x1
__fattn__-20,flash_attn_f32_f16,14.054800,64x16x0,16x1x0,128x16x64x1
node_1308,kernel_transpose_32_16,0.009700,512x16x0,1x16x0,2048x64x1x1
node_1308,kernel_mul_mat_Ab_Bi_8x4,0.378900,8x512x1,1x128x1,2048x64x1x1
ffn_inp-20,kernel_add,0.016500,4096x1x1,64x1x1,2048x64x1x1
ffn_norm-20,kernel_rms_norm_mul,0.019400,65536x1x1,1024x1x1,2048x64x1x1
ffn_moe_logits-20,kernel_mul_mm_f32_f32_l4_lm,0.516700,128x1x1,128x1x1,64x64x1x1
ffn_moe_probs-20,kernel_soft_max_4,0.003700,4096x1x1,64x1x1,64x64x1x1
ffn_moe_argsort-20,kernel_argsort_f32_i32,0.015200,64x64x1,64x1x1,64x64x1x1
ffn_moe_weights-20,kernel_get_rows_f32,0.004200,384x64x1,64x1x1,1x6x64x1
ffn_moe_weights_scaled-20,kernel_scale,0.001900,96x1x1,64x1x1,1x6x64x1
ffn_moe_gate-20,kernel_mul_mv_id_q4_0_f32_8x_flat,9.188200,11264x1x384,64x1x1,1408x6x64x1
ffn_moe_up-20,kernel_mul_mv_id_q4_0_f32_8x_flat,9.151600,11264x1x384,64x1x1,1408x6x64x1
ffn_moe_weighted-20,kernel_swiglu,0.082100,196608x1x1,512x1x1,1408x6x64x1
ffn_moe_down-20,kernel_mul_mv_id_q4_0_f32_8x_flat,9.864400,16384x1x384,64x1x1,2048x6x64x1
node_1324,kernel_mul,0.099500,384x64x1,64x1x1,2048x6x64x1
ffn_gate-20,kernel_transpose_32_16,0.011500,512x16x0,1x16x0,2816x64x1x1
ffn_gate-20,kernel_mul_mat_Ab_Bi_8x4,0.386500,8x704x1,1x128x1,2816x64x1x1
ffn_up-20,kernel_transpose_32_16,0.010000,512x16x0,1x16x0,2816x64x1x1
ffn_up-20,kernel_mul_mat_Ab_Bi_8x4,0.384000,8x704x1,1x128x1,2816x64x1x1
ffn_swiglu-20,kernel_swiglu,0.022300,32768x1x1,512x1x1,2816x64x1x1
node_1334,kernel_add,0.023800,4096x1x1,64x1x1,2048x64x1x1
node_1335,kernel_add,0.021200,4096x1x1,64x1x1,2048x64x1x1
node_1336,kernel_add,0.017100,4096x1x1,64x1x1,2048x64x1x1
node_1337,kernel_add,0.017500,4096x1x1,64x1x1,2048x64x1x1
ffn_moe_out-20,kernel_add,0.017000,4096x1x1,64x1x1,2048x64x1x1
ffn_shexp-20,kernel_transpose_32_16,0.012900,704x16x0,1x16x0,2048x64x1x1
ffn_shexp-20,kernel_mul_mat_Ab_Bi_8x4,0.523200,8x512x1,1x128x1,2048x64x1x1
ffn_out-20,kernel_add,0.015500,4096x1x1,64x1x1,2048x64x1x1
l_out-20,kernel_add,0.019400,4096x1x1,64x1x1,2048x64x1x1
attn_norm-21,kernel_rms_norm_mul,0.019200,65536x1x1,1024x1x1,2048x64x1x1
q-21,kernel_transpose_32_16,0.007100,512x16x0,1x16x0,3072x64x1x1
q-21,kernel_mul_mat_Ab_Bi_8x4,0.389800,8x768x1,1x128x1,3072x64x1x1
q_pe-21,kernel_rope_norm_f32,0.012200,1024x64x1,64x1x1,64x16x64x1
Qcur-21,kernel_concat_f32_non_contiguous,0.348500,16x64x1,0x0x0,192x16x64x1
kv_cmpr_pe-21,kernel_transpose_32_16,0.010200,512x16x0,1x16x0,576x64x1x1
kv_cmpr_pe-21,kernel_mul_mat_Ab_Bi_8x4,0.314800,8x144x1,1x128x1,576x64x1x1
k_pe-21,kernel_rope_norm_f32,0.002800,64x64x1,64x1x1,64x1x64x1
node_1352,kernel_repeat,0.284400,16x64x1,0x0x0,64x16x64x1
kv_cmpr-21,kernel_rms_norm_mul,0.009700,32768x1x1,512x1x1,512x64x1x1
kv-21,kernel_transpose_32_16,0.004300,128x16x0,1x16x0,4096x64x1x1
kv-21,kernel_mul_mat_Ab_Bi_8x4,0.134900,8x1024x1,1x128x1,4096x64x1x1
Kcur-21,kernel_concat_f32_non_contiguous,0.394000,16x64x1,0x0x0,192x16x64x1
Vcur_cont-21,kernel_cpy_f32_f32,0.013400,1024x64x1,64x1x1,128x16x64x1
cache_k_l21 (view),kernel_set_rows_f16_i64,0.014600,65536x1x1,1024x1x1,3072x4096x1x1
cache_v_l21 (view),kernel_set_rows_f16_i64,0.011900,65536x1x1,1024x1x1,2048x4096x1x1
__fattn__-21,flash_attn_f32_f16,14.041200,64x16x0,16x1x0,128x16x64x1
node_1373,kernel_transpose_32_16,0.009600,512x16x0,1x16x0,2048x64x1x1
node_1373,kernel_mul_mat_Ab_Bi_8x4,0.375700,8x512x1,1x128x1,2048x64x1x1
ffn_inp-21,kernel_add,0.022100,4096x1x1,64x1x1,2048x64x1x1
ffn_norm-21,kernel_rms_norm_mul,0.019200,65536x1x1,1024x1x1,2048x64x1x1
ffn_moe_logits-21,kernel_mul_mm_f32_f32_l4_lm,0.506900,128x1x1,128x1x1,64x64x1x1
ffn_moe_probs-21,kernel_soft_max_4,0.003900,4096x1x1,64x1x1,64x64x1x1
ffn_moe_argsort-21,kernel_argsort_f32_i32,0.015100,64x64x1,64x1x1,64x64x1x1
ffn_moe_weights-21,kernel_get_rows_f32,0.004100,384x64x1,64x1x1,1x6x64x1
ffn_moe_weights_scaled-21,kernel_scale,0.001800,96x1x1,64x1x1,1x6x64x1
ffn_moe_gate-21,kernel_mul_mv_id_q4_0_f32_8x_flat,9.189700,11264x1x384,64x1x1,1408x6x64x1
ffn_moe_up-21,kernel_mul_mv_id_q4_0_f32_8x_flat,9.204600,11264x1x384,64x1x1,1408x6x64x1
ffn_moe_weighted-21,kernel_swiglu,0.082400,196608x1x1,512x1x1,1408x6x64x1
ffn_moe_down-21,kernel_mul_mv_id_q4_0_f32_8x_flat,9.881500,16384x1x384,64x1x1,2048x6x64x1
node_1389,kernel_mul,0.099500,384x64x1,64x1x1,2048x6x64x1
ffn_gate-21,kernel_transpose_32_16,0.011900,512x16x0,1x16x0,2816x64x1x1
ffn_gate-21,kernel_mul_mat_Ab_Bi_8x4,0.382400,8x704x1,1x128x1,2816x64x1x1
ffn_up-21,kernel_transpose_32_16,0.010300,512x16x0,1x16x0,2816x64x1x1
ffn_up-21,kernel_mul_mat_Ab_Bi_8x4,0.386400,8x704x1,1x128x1,2816x64x1x1
ffn_swiglu-21,kernel_swiglu,0.023200,32768x1x1,512x1x1,2816x64x1x1
node_1399,kernel_add,0.024000,4096x1x1,64x1x1,2048x64x1x1
node_1400,kernel_add,0.020800,4096x1x1,64x1x1,2048x64x1x1
node_1401,kernel_add,0.017000,4096x1x1,64x1x1,2048x64x1x1
node_1402,kernel_add,0.018700,4096x1x1,64x1x1,2048x64x1x1
ffn_moe_out-21,kernel_add,0.017700,4096x1x1,64x1x1,2048x64x1x1
ffn_shexp-21,kernel_transpose_32_16,0.012300,704x16x0,1x16x0,2048x64x1x1
ffn_shexp-21,kernel_mul_mat_Ab_Bi_8x4,0.526900,8x512x1,1x128x1,2048x64x1x1
ffn_out-21,kernel_add,0.021400,4096x1x1,64x1x1,2048x64x1x1
l_out-21,kernel_add,0.017700,4096x1x1,64x1x1,2048x64x1x1
attn_norm-22,kernel_rms_norm_mul,0.018900,65536x1x1,1024x1x1,2048x64x1x1
q-22,kernel_transpose_32_16,0.009300,512x16x0,1x16x0,3072x64x1x1
q-22,kernel_mul_mat_Ab_Bi_8x4,0.389200,8x768x1,1x128x1,3072x64x1x1
q_pe-22,kernel_rope_norm_f32,0.012400,1024x64x1,64x1x1,64x16x64x1
Qcur-22,kernel_concat_f32_non_contiguous,0.344500,16x64x1,0x0x0,192x16x64x1
kv_cmpr_pe-22,kernel_transpose_32_16,0.010400,512x16x0,1x16x0,576x64x1x1
kv_cmpr_pe-22,kernel_mul_mat_Ab_Bi_8x4,0.316500,8x144x1,1x128x1,576x64x1x1
k_pe-22,kernel_rope_norm_f32,0.002600,64x64x1,64x1x1,64x1x64x1
node_1417,kernel_repeat,0.285700,16x64x1,0x0x0,64x16x64x1
kv_cmpr-22,kernel_rms_norm_mul,0.010100,32768x1x1,512x1x1,512x64x1x1
kv-22,kernel_transpose_32_16,0.003800,128x16x0,1x16x0,4096x64x1x1
kv-22,kernel_mul_mat_Ab_Bi_8x4,0.133800,8x1024x1,1x128x1,4096x64x1x1
Kcur-22,kernel_concat_f32_non_contiguous,0.386300,16x64x1,0x0x0,192x16x64x1
Vcur_cont-22,kernel_cpy_f32_f32,0.013900,1024x64x1,64x1x1,128x16x64x1
cache_k_l22 (view),kernel_set_rows_f16_i64,0.015700,65536x1x1,1024x1x1,3072x4096x1x1
cache_v_l22 (view),kernel_set_rows_f16_i64,0.011100,65536x1x1,1024x1x1,2048x4096x1x1
__fattn__-22,flash_attn_f32_f16,13.999000,64x16x0,16x1x0,128x16x64x1
node_1438,kernel_transpose_32_16,0.009100,512x16x0,1x16x0,2048x64x1x1
node_1438,kernel_mul_mat_Ab_Bi_8x4,0.375800,8x512x1,1x128x1,2048x64x1x1
ffn_inp-22,kernel_add,0.021500,4096x1x1,64x1x1,2048x64x1x1
ffn_norm-22,kernel_rms_norm_mul,0.019400,65536x1x1,1024x1x1,2048x64x1x1
ffn_moe_logits-22,kernel_mul_mm_f32_f32_l4_lm,0.507700,128x1x1,128x1x1,64x64x1x1
ffn_moe_probs-22,kernel_soft_max_4,0.003800,4096x1x1,64x1x1,64x64x1x1
ffn_moe_argsort-22,kernel_argsort_f32_i32,0.015000,64x64x1,64x1x1,64x64x1x1
ffn_moe_weights-22,kernel_get_rows_f32,0.004100,384x64x1,64x1x1,1x6x64x1
ffn_moe_weights_scaled-22,kernel_scale,0.002100,96x1x1,64x1x1,1x6x64x1
ffn_moe_gate-22,kernel_mul_mv_id_q4_0_f32_8x_flat,9.201400,11264x1x384,64x1x1,1408x6x64x1
ffn_moe_up-22,kernel_mul_mv_id_q4_0_f32_8x_flat,9.207100,11264x1x384,64x1x1,1408x6x64x1
ffn_moe_weighted-22,kernel_swiglu,0.082200,196608x1x1,512x1x1,1408x6x64x1
ffn_moe_down-22,kernel_mul_mv_id_q4_0_f32_8x_flat,9.874900,16384x1x384,64x1x1,2048x6x64x1
node_1454,kernel_mul,0.099000,384x64x1,64x1x1,2048x6x64x1
ffn_gate-22,kernel_transpose_32_16,0.011300,512x16x0,1x16x0,2816x64x1x1
ffn_gate-22,kernel_mul_mat_Ab_Bi_8x4,0.382900,8x704x1,1x128x1,2816x64x1x1
ffn_up-22,kernel_transpose_32_16,0.009600,512x16x0,1x16x0,2816x64x1x1
ffn_up-22,kernel_mul_mat_Ab_Bi_8x4,0.384900,8x704x1,1x128x1,2816x64x1x1
ffn_swiglu-22,kernel_swiglu,0.023900,32768x1x1,512x1x1,2816x64x1x1
node_1464,kernel_add,0.024300,4096x1x1,64x1x1,2048x64x1x1
node_1465,kernel_add,0.021100,4096x1x1,64x1x1,2048x64x1x1
node_1466,kernel_add,0.017600,4096x1x1,64x1x1,2048x64x1x1
node_1467,kernel_add,0.017700,4096x1x1,64x1x1,2048x64x1x1
ffn_moe_out-22,kernel_add,0.017500,4096x1x1,64x1x1,2048x64x1x1
ffn_shexp-22,kernel_transpose_32_16,0.011600,704x16x0,1x16x0,2048x64x1x1
ffn_shexp-22,kernel_mul_mat_Ab_Bi_8x4,0.524300,8x512x1,1x128x1,2048x64x1x1
ffn_out-22,kernel_add,0.020500,4096x1x1,64x1x1,2048x64x1x1
l_out-22,kernel_add,0.018200,4096x1x1,64x1x1,2048x64x1x1
attn_norm-23,kernel_rms_norm_mul,0.019500,65536x1x1,1024x1x1,2048x64x1x1
q-23,kernel_transpose_32_16,0.006800,512x16x0,1x16x0,3072x64x1x1
q-23,kernel_mul_mat_Ab_Bi_8x4,0.386800,8x768x1,1x128x1,3072x64x1x1
q_pe-23,kernel_rope_norm_f32,0.012000,1024x64x1,64x1x1,64x16x64x1
Qcur-23,kernel_concat_f32_non_contiguous,0.343400,16x64x1,0x0x0,192x16x64x1
kv_cmpr_pe-23,kernel_transpose_32_16,0.010500,512x16x0,1x16x0,576x64x1x1
kv_cmpr_pe-23,kernel_mul_mat_Ab_Bi_8x4,0.319900,8x144x1,1x128x1,576x64x1x1
k_pe-23,kernel_rope_norm_f32,0.002800,64x64x1,64x1x1,64x1x64x1
node_1482,kernel_repeat,0.285200,16x64x1,0x0x0,64x16x64x1
kv_cmpr-23,kernel_rms_norm_mul,0.009800,32768x1x1,512x1x1,512x64x1x1
kv-23,kernel_transpose_32_16,0.003900,128x16x0,1x16x0,4096x64x1x1
kv-23,kernel_mul_mat_Ab_Bi_8x4,0.135000,8x1024x1,1x128x1,4096x64x1x1
Kcur-23,kernel_concat_f32_non_contiguous,0.391300,16x64x1,0x0x0,192x16x64x1
Vcur_cont-23,kernel_cpy_f32_f32,0.013800,1024x64x1,64x1x1,128x16x64x1
cache_k_l23 (view),kernel_set_rows_f16_i64,0.016100,65536x1x1,1024x1x1,3072x4096x1x1
cache_v_l23 (view),kernel_set_rows_f16_i64,0.011800,65536x1x1,1024x1x1,2048x4096x1x1
__fattn__-23,flash_attn_f32_f16,14.031800,64x16x0,16x1x0,128x16x64x1
node_1503,kernel_transpose_32_16,0.009700,512x16x0,1x16x0,2048x64x1x1
node_1503,kernel_mul_mat_Ab_Bi_8x4,0.375100,8x512x1,1x128x1,2048x64x1x1
ffn_inp-23,kernel_add,0.021300,4096x1x1,64x1x1,2048x64x1x1
ffn_norm-23,kernel_rms_norm_mul,0.019600,65536x1x1,1024x1x1,2048x64x1x1
ffn_moe_logits-23,kernel_mul_mm_f32_f32_l4_lm,0.517000,128x1x1,128x1x1,64x64x1x1
ffn_moe_probs-23,kernel_soft_max_4,0.003600,4096x1x1,64x1x1,64x64x1x1
ffn_moe_argsort-23,kernel_argsort_f32_i32,0.015000,64x64x1,64x1x1,64x64x1x1
ffn_moe_weights-23,kernel_get_rows_f32,0.004000,384x64x1,64x1x1,1x6x64x1
ffn_moe_weights_scaled-23,kernel_scale,0.001800,96x1x1,64x1x1,1x6x64x1
ffn_moe_gate-23,kernel_mul_mv_id_q4_0_f32_8x_flat,9.261600,11264x1x384,64x1x1,1408x6x64x1
ffn_moe_up-23,kernel_mul_mv_id_q4_0_f32_8x_flat,9.273300,11264x1x384,64x1x1,1408x6x64x1
ffn_moe_weighted-23,kernel_swiglu,0.082600,196608x1x1,512x1x1,1408x6x64x1
ffn_moe_down-23,kernel_mul_mv_id_q4_0_f32_8x_flat,10.448900,16384x1x384,64x1x1,2048x6x64x1
node_1519,kernel_mul,0.250600,384x64x1,64x1x1,2048x6x64x1
ffn_gate-23,kernel_transpose_32_16,0.036600,512x16x0,1x16x0,2816x64x1x1
ffn_gate-23,kernel_mul_mat_Ab_Bi_8x4,0.396000,8x704x1,1x128x1,2816x64x1x1
ffn_up-23,kernel_transpose_32_16,0.038000,512x16x0,1x16x0,2816x64x1x1
ffn_up-23,kernel_mul_mat_Ab_Bi_8x4,0.401500,8x704x1,1x128x1,2816x64x1x1
ffn_swiglu-23,kernel_swiglu,0.099600,32768x1x1,512x1x1,2816x64x1x1
node_1529,kernel_add,0.033300,4096x1x1,64x1x1,2048x64x1x1
node_1530,kernel_add,0.020300,4096x1x1,64x1x1,2048x64x1x1
node_1531,kernel_add,0.017400,4096x1x1,64x1x1,2048x64x1x1
node_1532,kernel_add,0.018300,4096x1x1,64x1x1,2048x64x1x1
ffn_moe_out-23,kernel_add,0.017600,4096x1x1,64x1x1,2048x64x1x1
ffn_shexp-23,kernel_transpose_32_16,0.012600,704x16x0,1x16x0,2048x64x1x1
ffn_shexp-23,kernel_mul_mat_Ab_Bi_8x4,0.526800,8x512x1,1x128x1,2048x64x1x1
ffn_out-23,kernel_add,0.022100,4096x1x1,64x1x1,2048x64x1x1
l_out-23,kernel_add,0.016800,4096x1x1,64x1x1,2048x64x1x1
attn_norm-24,kernel_rms_norm_mul,0.019000,65536x1x1,1024x1x1,2048x64x1x1
q-24,kernel_transpose_32_16,0.006700,512x16x0,1x16x0,3072x64x1x1
q-24,kernel_mul_mat_Ab_Bi_8x4,0.389100,8x768x1,1x128x1,3072x64x1x1
q_pe-24,kernel_rope_norm_f32,0.011800,1024x64x1,64x1x1,64x16x64x1
Qcur-24,kernel_concat_f32_non_contiguous,0.348500,16x64x1,0x0x0,192x16x64x1
kv_cmpr_pe-24,kernel_transpose_32_16,0.010200,512x16x0,1x16x0,576x64x1x1
kv_cmpr_pe-24,kernel_mul_mat_Ab_Bi_8x4,0.315800,8x144x1,1x128x1,576x64x1x1
k_pe-24,kernel_rope_norm_f32,0.003000,64x64x1,64x1x1,64x1x64x1
node_1547,kernel_repeat,0.284300,16x64x1,0x0x0,64x16x64x1
kv_cmpr-24,kernel_rms_norm_mul,0.009900,32768x1x1,512x1x1,512x64x1x1
kv-24,kernel_transpose_32_16,0.003800,128x16x0,1x16x0,4096x64x1x1
kv-24,kernel_mul_mat_Ab_Bi_8x4,0.134700,8x1024x1,1x128x1,4096x64x1x1
Kcur-24,kernel_concat_f32_non_contiguous,0.390800,16x64x1,0x0x0,192x16x64x1
Vcur_cont-24,kernel_cpy_f32_f32,0.014200,1024x64x1,64x1x1,128x16x64x1
cache_k_l24 (view),kernel_set_rows_f16_i64,0.016400,65536x1x1,1024x1x1,3072x4096x1x1
cache_v_l24 (view),kernel_set_rows_f16_i64,0.011100,65536x1x1,1024x1x1,2048x4096x1x1
__fattn__-24,flash_attn_f32_f16,14.071500,64x16x0,16x1x0,128x16x64x1
node_1568,kernel_transpose_32_16,0.009700,512x16x0,1x16x0,2048x64x1x1
node_1568,kernel_mul_mat_Ab_Bi_8x4,0.375600,8x512x1,1x128x1,2048x64x1x1
ffn_inp-24,kernel_add,0.021000,4096x1x1,64x1x1,2048x64x1x1
ffn_norm-24,kernel_rms_norm_mul,0.019600,65536x1x1,1024x1x1,2048x64x1x1
ffn_moe_logits-24,kernel_mul_mm_f32_f32_l4_lm,0.515100,128x1x1,128x1x1,64x64x1x1
ffn_moe_probs-24,kernel_soft_max_4,0.003700,4096x1x1,64x1x1,64x64x1x1
ffn_moe_argsort-24,kernel_argsort_f32_i32,0.015400,64x64x1,64x1x1,64x64x1x1
ffn_moe_weights-24,kernel_get_rows_f32,0.004400,384x64x1,64x1x1,1x6x64x1
ffn_moe_weights_scaled-24,kernel_scale,0.001900,96x1x1,64x1x1,1x6x64x1
ffn_moe_gate-24,kernel_mul_mv_id_q4_0_f32_8x_flat,9.212100,11264x1x384,64x1x1,1408x6x64x1
ffn_moe_up-24,kernel_mul_mv_id_q4_0_f32_8x_flat,9.259000,11264x1x384,64x1x1,1408x6x64x1
ffn_moe_weighted-24,kernel_swiglu,0.081700,196608x1x1,512x1x1,1408x6x64x1
ffn_moe_down-24,kernel_mul_mv_id_q4_0_f32_8x_flat,9.871500,16384x1x384,64x1x1,2048x6x64x1
node_1584,kernel_mul,0.101100,384x64x1,64x1x1,2048x6x64x1
ffn_gate-24,kernel_transpose_32_16,0.011000,512x16x0,1x16x0,2816x64x1x1
ffn_gate-24,kernel_mul_mat_Ab_Bi_8x4,0.382200,8x704x1,1x128x1,2816x64x1x1
ffn_up-24,kernel_transpose_32_16,0.010400,512x16x0,1x16x0,2816x64x1x1
ffn_up-24,kernel_mul_mat_Ab_Bi_8x4,0.389600,8x704x1,1x128x1,2816x64x1x1
ffn_swiglu-24,kernel_swiglu,0.023700,32768x1x1,512x1x1,2816x64x1x1
node_1594,kernel_add,0.023600,4096x1x1,64x1x1,2048x64x1x1
node_1595,kernel_add,0.020600,4096x1x1,64x1x1,2048x64x1x1
node_1596,kernel_add,0.017500,4096x1x1,64x1x1,2048x64x1x1
node_1597,kernel_add,0.016700,4096x1x1,64x1x1,2048x64x1x1
ffn_moe_out-24,kernel_add,0.017900,4096x1x1,64x1x1,2048x64x1x1
ffn_shexp-24,kernel_transpose_32_16,0.013800,704x16x0,1x16x0,2048x64x1x1
ffn_shexp-24,kernel_mul_mat_Ab_Bi_8x4,0.527200,8x512x1,1x128x1,2048x64x1x1
ffn_out-24,kernel_add,0.020800,4096x1x1,64x1x1,2048x64x1x1
l_out-24,kernel_add,0.018200,4096x1x1,64x1x1,2048x64x1x1
attn_norm-25,kernel_rms_norm_mul,0.019300,65536x1x1,1024x1x1,2048x64x1x1
q-25,kernel_transpose_32_16,0.006600,512x16x0,1x16x0,3072x64x1x1
q-25,kernel_mul_mat_Ab_Bi_8x4,0.386000,8x768x1,1x128x1,3072x64x1x1
q_pe-25,kernel_rope_norm_f32,0.011900,1024x64x1,64x1x1,64x16x64x1
Qcur-25,kernel_concat_f32_non_contiguous,0.352400,16x64x1,0x0x0,192x16x64x1
kv_cmpr_pe-25,kernel_transpose_32_16,0.010200,512x16x0,1x16x0,576x64x1x1
kv_cmpr_pe-25,kernel_mul_mat_Ab_Bi_8x4,0.316800,8x144x1,1x128x1,576x64x1x1
k_pe-25,kernel_rope_norm_f32,0.002600,64x64x1,64x1x1,64x1x64x1
node_1612,kernel_repeat,0.288000,16x64x1,0x0x0,64x16x64x1
kv_cmpr-25,kernel_rms_norm_mul,0.009900,32768x1x1,512x1x1,512x64x1x1
kv-25,kernel_transpose_32_16,0.004200,128x16x0,1x16x0,4096x64x1x1
kv-25,kernel_mul_mat_Ab_Bi_8x4,0.134300,8x1024x1,1x128x1,4096x64x1x1
Kcur-25,kernel_concat_f32_non_contiguous,0.401700,16x64x1,0x0x0,192x16x64x1
Vcur_cont-25,kernel_cpy_f32_f32,0.013900,1024x64x1,64x1x1,128x16x64x1
cache_k_l25 (view),kernel_set_rows_f16_i64,0.015900,65536x1x1,1024x1x1,3072x4096x1x1
cache_v_l25 (view),kernel_set_rows_f16_i64,0.011300,65536x1x1,1024x1x1,2048x4096x1x1
__fattn__-25,flash_attn_f32_f16,14.016000,64x16x0,16x1x0,128x16x64x1
node_1633,kernel_transpose_32_16,0.009900,512x16x0,1x16x0,2048x64x1x1
node_1633,kernel_mul_mat_Ab_Bi_8x4,0.386700,8x512x1,1x128x1,2048x64x1x1
ffn_inp-25,kernel_add,0.021300,4096x1x1,64x1x1,2048x64x1x1
ffn_norm-25,kernel_rms_norm_mul,0.019400,65536x1x1,1024x1x1,2048x64x1x1
ffn_moe_logits-25,kernel_mul_mm_f32_f32_l4_lm,0.509400,128x1x1,128x1x1,64x64x1x1
ffn_moe_probs-25,kernel_soft_max_4,0.003600,4096x1x1,64x1x1,64x64x1x1
ffn_moe_argsort-25,kernel_argsort_f32_i32,0.015000,64x64x1,64x1x1,64x64x1x1
ffn_moe_weights-25,kernel_get_rows_f32,0.004100,384x64x1,64x1x1,1x6x64x1
ffn_moe_weights_scaled-25,kernel_scale,0.001900,96x1x1,64x1x1,1x6x64x1
ffn_moe_gate-25,kernel_mul_mv_id_q4_0_f32_8x_flat,9.276200,11264x1x384,64x1x1,1408x6x64x1
ffn_moe_up-25,kernel_mul_mv_id_q4_0_f32_8x_flat,9.314000,11264x1x384,64x1x1,1408x6x64x1
ffn_moe_weighted-25,kernel_swiglu,0.081600,196608x1x1,512x1x1,1408x6x64x1
ffn_moe_down-25,kernel_mul_mv_id_q4_0_f32_8x_flat,9.885000,16384x1x384,64x1x1,2048x6x64x1
node_1649,kernel_mul,0.099600,384x64x1,64x1x1,2048x6x64x1
ffn_gate-25,kernel_transpose_32_16,0.011400,512x16x0,1x16x0,2816x64x1x1
ffn_gate-25,kernel_mul_mat_Ab_Bi_8x4,0.387100,8x704x1,1x128x1,2816x64x1x1
ffn_up-25,kernel_transpose_32_16,0.010200,512x16x0,1x16x0,2816x64x1x1
ffn_up-25,kernel_mul_mat_Ab_Bi_8x4,0.386100,8x704x1,1x128x1,2816x64x1x1
ffn_swiglu-25,kernel_swiglu,0.023900,32768x1x1,512x1x1,2816x64x1x1
node_1659,kernel_add,0.024600,4096x1x1,64x1x1,2048x64x1x1
node_1660,kernel_add,0.020600,4096x1x1,64x1x1,2048x64x1x1
node_1661,kernel_add,0.017100,4096x1x1,64x1x1,2048x64x1x1
node_1662,kernel_add,0.017500,4096x1x1,64x1x1,2048x64x1x1
ffn_moe_out-25,kernel_add,0.017000,4096x1x1,64x1x1,2048x64x1x1
ffn_shexp-25,kernel_transpose_32_16,0.012500,704x16x0,1x16x0,2048x64x1x1
ffn_shexp-25,kernel_mul_mat_Ab_Bi_8x4,0.525300,8x512x1,1x128x1,2048x64x1x1
ffn_out-25,kernel_add,0.021500,4096x1x1,64x1x1,2048x64x1x1
l_out-25,kernel_add,0.018300,4096x1x1,64x1x1,2048x64x1x1
attn_norm-26,kernel_rms_norm_mul,0.019200,65536x1x1,1024x1x1,2048x64x1x1
q-26,kernel_transpose_32_16,0.006900,512x16x0,1x16x0,3072x64x1x1
q-26,kernel_mul_mat_Ab_Bi_8x4,0.388900,8x768x1,1x128x1,3072x64x1x1
q_pe-26,kernel_rope_norm_f32,0.012000,1024x64x1,64x1x1,64x16x64x1
Qcur-26,kernel_concat_f32_non_contiguous,0.347800,16x64x1,0x0x0,192x16x64x1
kv_cmpr_pe-26,kernel_transpose_32_16,0.009600,512x16x0,1x16x0,576x64x1x1
kv_cmpr_pe-26,kernel_mul_mat_Ab_Bi_8x4,0.316600,8x144x1,1x128x1,576x64x1x1
k_pe-26,kernel_rope_norm_f32,0.002700,64x64x1,64x1x1,64x1x64x1
node_1677,kernel_repeat,0.284100,16x64x1,0x0x0,64x16x64x1
kv_cmpr-26,kernel_rms_norm_mul,0.009800,32768x1x1,512x1x1,512x64x1x1
kv-26,kernel_transpose_32_16,0.004100,128x16x0,1x16x0,4096x64x1x1
kv-26,kernel_mul_mat_Ab_Bi_8x4,0.134300,8x1024x1,1x128x1,4096x64x1x1
Kcur-26,kernel_concat_f32_non_contiguous,0.387000,16x64x1,0x0x0,192x16x64x1
Vcur_cont-26,kernel_cpy_f32_f32,0.010300,1024x64x1,64x1x1,128x16x64x1
cache_k_l26 (view),kernel_set_rows_f16_i64,0.015300,65536x1x1,1024x1x1,3072x4096x1x1
cache_v_l26 (view),kernel_set_rows_f16_i64,0.011600,65536x1x1,1024x1x1,2048x4096x1x1
__fattn__-26,flash_attn_f32_f16,14.057500,64x16x0,16x1x0,128x16x64x1
node_1698,kernel_transpose_32_16,0.009600,512x16x0,1x16x0,2048x64x1x1
node_1698,kernel_mul_mat_Ab_Bi_8x4,0.385500,8x512x1,1x128x1,2048x64x1x1
attn_norm-0,kernel_rms_norm_mul,0.021600,65536x1x1,1024x1x1,2048x64x1x1
q-0,kernel_transpose_32_16,0.010500,512x16x0,1x16x0,3072x64x1x1
q-0,kernel_mul_mat_Ab_Bi_8x4,0.389600,8x768x1,1x128x1,3072x64x1x1
q_pe-0,kernel_rope_norm_f32,0.012000,1024x64x1,64x1x1,64x16x64x1
Qcur-0,kernel_concat_f32_non_contiguous,0.345100,16x64x1,0x0x0,192x16x64x1
kv_cmpr_pe-0,kernel_transpose_32_16,0.011000,512x16x0,1x16x0,576x64x1x1
kv_cmpr_pe-0,kernel_mul_mat_Ab_Bi_8x4,0.317500,8x144x1,1x128x1,576x64x1x1
k_pe-0,kernel_rope_norm_f32,0.002700,64x64x1,64x1x1,64x1x64x1
node_11,kernel_repeat,0.285100,16x64x1,0x0x0,64x16x64x1
kv_cmpr-0,kernel_rms_norm_mul,0.009700,32768x1x1,512x1x1,512x64x1x1
kv-0,kernel_transpose_32_16,0.004000,128x16x0,1x16x0,4096x64x1x1
kv-0,kernel_mul_mat_Ab_Bi_8x4,0.135100,8x1024x1,1x128x1,4096x64x1x1
Kcur-0,kernel_concat_f32_non_contiguous,0.384600,16x64x1,0x0x0,192x16x64x1
Vcur_cont-0,kernel_cpy_f32_f32,0.013800,1024x64x1,64x1x1,128x16x64x1
cache_k_l0 (view),kernel_set_rows_f16_i64,0.016000,65536x1x1,1024x1x1,3072x4096x1x1
cache_v_l0 (view),kernel_set_rows_f16_i64,0.011200,65536x1x1,1024x1x1,2048x4096x1x1
 (copy),kernel_cpy_f32_f16,0.006800,4096x1x1,64x1x1,768x64x1x1
__fattn__-0,flash_attn_f32_f16,14.065100,64x16x0,16x1x0,128x16x64x1
node_33,kernel_transpose_32_16,0.010400,512x16x0,1x16x0,2048x64x1x1
node_33,kernel_mul_mat_Ab_Bi_8x4,0.369600,8x512x1,1x128x1,2048x64x1x1
ffn_inp-0,kernel_add,0.021700,4096x1x1,64x1x1,2048x64x1x1
ffn_norm-0,kernel_rms_norm_mul,0.019400,65536x1x1,1024x1x1,2048x64x1x1
ffn_gate-0,kernel_transpose_32_16,0.010200,512x16x0,1x16x0,10944x64x1x1
ffn_gate-0,kernel_mul_mat_Ab_Bi_8x4,1.161600,8x2736x1,1x128x1,10944x64x1x1
ffn_up-0,kernel_transpose_32_16,0.010700,512x16x0,1x16x0,10944x64x1x1
ffn_up-0,kernel_mul_mat_Ab_Bi_8x4,1.158300,8x2736x1,1x128x1,10944x64x1x1
ffn_swiglu-0,kernel_swiglu,0.112700,32768x1x1,512x1x1,10944x64x1x1
ffn_out-0,kernel_transpose_32_16,0.041800,2736x16x0,1x16x0,2048x64x1x1
ffn_out-0,kernel_mul_mat_Ab_Bi_8x4,1.921300,8x512x1,1x128x1,2048x64x1x1
l_out-0,kernel_add,0.022100,4096x1x1,64x1x1,2048x64x1x1
attn_norm-1,kernel_rms_norm_mul,0.019200,65536x1x1,1024x1x1,2048x64x1x1
q-1,kernel_transpose_32_16,0.006900,512x16x0,1x16x0,3072x64x1x1
q-1,kernel_mul_mat_Ab_Bi_8x4,0.386700,8x768x1,1x128x1,3072x64x1x1
q_pe-1,kernel_rope_norm_f32,0.012000,1024x64x1,64x1x1,64x16x64x1
Qcur-1,kernel_concat_f32_non_contiguous,0.346300,16x64x1,0x0x0,192x16x64x1
kv_cmpr_pe-1,kernel_transpose_32_16,0.010000,512x16x0,1x16x0,576x64x1x1
kv_cmpr_pe-1,kernel_mul_mat_Ab_Bi_8x4,0.316500,8x144x1,1x128x1,576x64x1x1
k_pe-1,kernel_rope_norm_f32,0.002700,64x64x1,64x1x1,64x1x64x1
node_52,kernel_repeat,0.284600,16x64x1,0x0x0,64x16x64x1
kv_cmpr-1,kernel_rms_norm_mul,0.009900,32768x1x1,512x1x1,512x64x1x1
kv-1,kernel_transpose_32_16,0.004400,128x16x0,1x16x0,4096x64x1x1
kv-1,kernel_mul_mat_Ab_Bi_8x4,0.132200,8x1024x1,1x128x1,4096x64x1x1
Kcur-1,kernel_concat_f32_non_contiguous,0.385500,16x64x1,0x0x0,192x16x64x1
Vcur_cont-1,kernel_cpy_f32_f32,0.013400,1024x64x1,64x1x1,128x16x64x1
cache_k_l1 (view),kernel_set_rows_f16_i64,0.016400,65536x1x1,1024x1x1,3072x4096x1x1
cache_v_l1 (view),kernel_set_rows_f16_i64,0.011500,65536x1x1,1024x1x1,2048x4096x1x1
__fattn__-1,flash_attn_f32_f16,13.997700,64x16x0,16x1x0,128x16x64x1
node_73,kernel_transpose_32_16,0.009900,512x16x0,1x16x0,2048x64x1x1
node_73,kernel_mul_mat_Ab_Bi_8x4,0.385500,8x512x1,1x128x1,2048x64x1x1
ffn_inp-1,kernel_add,0.021500,4096x1x1,64x1x1,2048x64x1x1
ffn_norm-1,kernel_rms_norm_mul,0.019600,65536x1x1,1024x1x1,2048x64x1x1
ffn_moe_logits-1,kernel_mul_mm_f32_f32_l4_lm,0.500800,128x1x1,128x1x1,64x64x1x1
ffn_moe_probs-1,kernel_soft_max_4,0.003600,4096x1x1,64x1x1,64x64x1x1
ffn_moe_argsort-1,kernel_argsort_f32_i32,0.015300,64x64x1,64x1x1,64x64x1x1
ffn_moe_weights-1,kernel_get_rows_f32,0.004200,384x64x1,64x1x1,1x6x64x1
ffn_moe_weights_scaled-1,kernel_scale,0.001800,96x1x1,64x1x1,1x6x64x1
ffn_moe_gate-1,kernel_mul_mv_id_q4_0_f32_8x_flat,9.140600,11264x1x384,64x1x1,1408x6x64x1
ffn_moe_up-1,kernel_mul_mv_id_q4_0_f32_8x_flat,9.250500,11264x1x384,64x1x1,1408x6x64x1
ffn_moe_weighted-1,kernel_swiglu,0.081600,196608x1x1,512x1x1,1408x6x64x1
ffn_moe_down-1,kernel_mul_mv_id_q4_0_f32_8x_flat,9.875300,16384x1x384,64x1x1,2048x6x64x1
node_89,kernel_mul,0.100400,384x64x1,64x1x1,2048x6x64x1
ffn_gate-1,kernel_transpose_32_16,0.010600,512x16x0,1x16x0,2816x64x1x1
ffn_gate-1,kernel_mul_mat_Ab_Bi_8x4,0.381300,8x704x1,1x128x1,2816x64x1x1
ffn_up-1,kernel_transpose_32_16,0.009800,512x16x0,1x16x0,2816x64x1x1
ffn_up-1,kernel_mul_mat_Ab_Bi_8x4,0.387000,8x704x1,1x128x1,2816x64x1x1
ffn_swiglu-1,kernel_swiglu,0.023500,32768x1x1,512x1x1,2816x64x1x1
node_99,kernel_add,0.023900,4096x1x1,64x1x1,2048x64x1x1
node_100,kernel_add,0.020200,4096x1x1,64x1x1,2048x64x1x1
node_101,kernel_add,0.017700,4096x1x1,64x1x1,2048x64x1x1
node_102,kernel_add,0.018000,4096x1x1,64x1x1,2048x64x1x1
ffn_moe_out-1,kernel_add,0.016900,4096x1x1,64x1x1,2048x64x1x1
ffn_shexp-1,kernel_transpose_32_16,0.012500,704x16x0,1x16x0,2048x64x1x1
ffn_shexp-1,kernel_mul_mat_Ab_Bi_8x4,0.538100,8x512x1,1x128x1,2048x64x1x1
ffn_out-1,kernel_add,0.021500,4096x1x1,64x1x1,2048x64x1x1
l_out-1,kernel_add,0.018100,4096x1x1,64x1x1,2048x64x1x1
attn_norm-2,kernel_rms_norm_mul,0.019200,65536x1x1,1024x1x1,2048x64x1x1
q-2,kernel_transpose_32_16,0.006800,512x16x0,1x16x0,3072x64x1x1
q-2,kernel_mul_mat_Ab_Bi_8x4,0.387500,8x768x1,1x128x1,3072x64x1x1
q_pe-2,kernel_rope_norm_f32,0.011800,1024x64x1,64x1x1,64x16x64x1
Qcur-2,kernel_concat_f32_non_contiguous,0.345600,16x64x1,0x0x0,192x16x64x1
kv_cmpr_pe-2,kernel_transpose_32_16,0.009200,512x16x0,1x16x0,576x64x1x1
kv_cmpr_pe-2,kernel_mul_mat_Ab_Bi_8x4,0.317900,8x144x1,1x128x1,576x64x1x1
k_pe-2,kernel_rope_norm_f32,0.002700,64x64x1,64x1x1,64x1x64x1
node_117,kernel_repeat,0.284500,16x64x1,0x0x0,64x16x64x1
kv_cmpr-2,kernel_rms_norm_mul,0.010000,32768x1x1,512x1x1,512x64x1x1
kv-2,kernel_transpose_32_16,0.004100,128x16x0,1x16x0,4096x64x1x1
kv-2,kernel_mul_mat_Ab_Bi_8x4,0.134600,8x1024x1,1x128x1,4096x64x1x1
Kcur-2,kernel_concat_f32_non_contiguous,0.383500,16x64x1,0x0x0,192x16x64x1
Vcur_cont-2,kernel_cpy_f32_f32,0.010200,1024x64x1,64x1x1,128x16x64x1
cache_k_l2 (view),kernel_set_rows_f16_i64,0.015900,65536x1x1,1024x1x1,3072x4096x1x1
cache_v_l2 (view),kernel_set_rows_f16_i64,0.011600,65536x1x1,1024x1x1,2048x4096x1x1
__fattn__-2,flash_attn_f32_f16,14.038700,64x16x0,16x1x0,128x16x64x1
node_138,kernel_transpose_32_16,0.009600,512x16x0,1x16x0,2048x64x1x1
node_138,kernel_mul_mat_Ab_Bi_8x4,0.378700,8x512x1,1x128x1,2048x64x1x1
ffn_inp-2,kernel_add,0.022200,4096x1x1,64x1x1,2048x64x1x1
ffn_norm-2,kernel_rms_norm_mul,0.019200,65536x1x1,1024x1x1,2048x64x1x1
ffn_moe_logits-2,kernel_mul_mm_f32_f32_l4_lm,0.507200,128x1x1,128x1x1,64x64x1x1
ffn_moe_probs-2,kernel_soft_max_4,0.004000,4096x1x1,64x1x1,64x64x1x1
ffn_moe_argsort-2,kernel_argsort_f32_i32,0.015100,64x64x1,64x1x1,64x64x1x1
ffn_moe_weights-2,kernel_get_rows_f32,0.004400,384x64x1,64x1x1,1x6x64x1
ffn_moe_weights_scaled-2,kernel_scale,0.001800,96x1x1,64x1x1,1x6x64x1
ffn_moe_gate-2,kernel_mul_mv_id_q4_0_f32_8x_flat,9.198200,11264x1x384,64x1x1,1408x6x64x1
ffn_moe_up-2,kernel_mul_mv_id_q4_0_f32_8x_flat,9.207800,11264x1x384,64x1x1,1408x6x64x1
ffn_moe_weighted-2,kernel_swiglu,0.082700,196608x1x1,512x1x1,1408x6x64x1
ffn_moe_down-2,kernel_mul_mv_id_q4_0_f32_8x_flat,9.854900,16384x1x384,64x1x1,2048x6x64x1
node_154,kernel_mul,0.101600,384x64x1,64x1x1,2048x6x64x1
ffn_gate-2,kernel_transpose_32_16,0.011400,512x16x0,1x16x0,2816x64x1x1
ffn_gate-2,kernel_mul_mat_Ab_Bi_8x4,0.380000,8x704x1,1x128x1,2816x64x1x1
ffn_up-2,kernel_transpose_32_16,0.010400,512x16x0,1x16x0,2816x64x1x1
ffn_up-2,kernel_mul_mat_Ab_Bi_8x4,0.386500,8x704x1,1x128x1,2816x64x1x1
ffn_swiglu-2,kernel_swiglu,0.023900,32768x1x1,512x1x1,2816x64x1x1
node_164,kernel_add,0.024800,4096x1x1,64x1x1,2048x64x1x1
node_165,kernel_add,0.017300,4096x1x1,64x1x1,2048x64x1x1
node_166,kernel_add,0.017800,4096x1x1,64x1x1,2048x64x1x1
node_167,kernel_add,0.017200,4096x1x1,64x1x1,2048x64x1x1
ffn_moe_out-2,kernel_add,0.016600,4096x1x1,64x1x1,2048x64x1x1
ffn_shexp-2,kernel_transpose_32_16,0.013800,704x16x0,1x16x0,2048x64x1x1
ffn_shexp-2,kernel_mul_mat_Ab_Bi_8x4,0.525300,8x512x1,1x128x1,2048x64x1x1
ffn_out-2,kernel_add,0.020700,4096x1x1,64x1x1,2048x64x1x1
l_out-2,kernel_add,0.018500,4096x1x1,64x1x1,2048x64x1x1
attn_norm-3,kernel_rms_norm_mul,0.019400,65536x1x1,1024x1x1,2048x64x1x1
q-3,kernel_transpose_32_16,0.009800,512x16x0,1x16x0,3072x64x1x1
q-3,kernel_mul_mat_Ab_Bi_8x4,0.390800,8x768x1,1x128x1,3072x64x1x1
q_pe-3,kernel_rope_norm_f32,0.012600,1024x64x1,64x1x1,64x16x64x1
Qcur-3,kernel_concat_f32_non_contiguous,0.349200,16x64x1,0x0x0,192x16x64x1
kv_cmpr_pe-3,kernel_transpose_32_16,0.010900,512x16x0,1x16x0,576x64x1x1
kv_cmpr_pe-3,kernel_mul_mat_Ab_Bi_8x4,0.315600,8x144x1,1x128x1,576x64x1x1
k_pe-3,kernel_rope_norm_f32,0.002700,64x64x1,64x1x1,64x1x64x1
node_182,kernel_repeat,0.284600,16x64x1,0x0x0,64x16x64x1
kv_cmpr-3,kernel_rms_norm_mul,0.009800,32768x1x1,512x1x1,512x64x1x1
kv-3,kernel_transpose_32_16,0.003900,128x16x0,1x16x0,4096x64x1x1
kv-3,kernel_mul_mat_Ab_Bi_8x4,0.133300,8x1024x1,1x128x1,4096x64x1x1
Kcur-3,kernel_concat_f32_non_contiguous,0.411900,16x64x1,0x0x0,192x16x64x1
Vcur_cont-3,kernel_cpy_f32_f32,0.013300,1024x64x1,64x1x1,128x16x64x1
cache_k_l3 (view),kernel_set_rows_f16_i64,0.015700,65536x1x1,1024x1x1,3072x4096x1x1
cache_v_l3 (view),kernel_set_rows_f16_i64,0.011700,65536x1x1,1024x1x1,2048x4096x1x1
__fattn__-3,flash_attn_f32_f16,13.980600,64x16x0,16x1x0,128x16x64x1
node_203,kernel_transpose_32_16,0.009700,512x16x0,1x16x0,2048x64x1x1
node_203,kernel_mul_mat_Ab_Bi_8x4,0.378700,8x512x1,1x128x1,2048x64x1x1
ffn_inp-3,kernel_add,0.021400,4096x1x1,64x1x1,2048x64x1x1
ffn_norm-3,kernel_rms_norm_mul,0.019400,65536x1x1,1024x1x1,2048x64x1x1
ffn_moe_logits-3,kernel_mul_mm_f32_f32_l4_lm,0.502700,128x1x1,128x1x1,64x64x1x1
ffn_moe_probs-3,kernel_soft_max_4,0.003600,4096x1x1,64x1x1,64x64x1x1
ffn_moe_argsort-3,kernel_argsort_f32_i32,0.015100,64x64x1,64x1x1,64x64x1x1
ffn_moe_weights-3,kernel_get_rows_f32,0.004400,384x64x1,64x1x1,1x6x64x1
ffn_moe_weights_scaled-3,kernel_scale,0.001700,96x1x1,64x1x1,1x6x64x1
ffn_moe_gate-3,kernel_mul_mv_id_q4_0_f32_8x_flat,9.171500,11264x1x384,64x1x1,1408x6x64x1
ffn_moe_up-3,kernel_mul_mv_id_q4_0_f32_8x_flat,9.140500,11264x1x384,64x1x1,1408x6x64x1
ffn_moe_weighted-3,kernel_swiglu,0.081200,196608x1x1,512x1x1,1408x6x64x1
ffn_moe_down-3,kernel_mul_mv_id_q4_0_f32_8x_flat,9.847600,16384x1x384,64x1x1,2048x6x64x1
node_219,kernel_mul,0.101200,384x64x1,64x1x1,2048x6x64x1
ffn_gate-3,kernel_transpose_32_16,0.010900,512x16x0,1x16x0,2816x64x1x1
ffn_gate-3,kernel_mul_mat_Ab_Bi_8x4,0.382500,8x704x1,1x128x1,2816x64x1x1
ffn_up-3,kernel_transpose_32_16,0.009900,512x16x0,1x16x0,2816x64x1x1
ffn_up-3,kernel_mul_mat_Ab_Bi_8x4,0.385700,8x704x1,1x128x1,2816x64x1x1
ffn_swiglu-3,kernel_swiglu,0.022900,32768x1x1,512x1x1,2816x64x1x1
node_229,kernel_add,0.024600,4096x1x1,64x1x1,2048x64x1x1
node_230,kernel_add,0.020800,4096x1x1,64x1x1,2048x64x1x1
node_231,kernel_add,0.017200,4096x1x1,64x1x1,2048x64x1x1
node_232,kernel_add,0.017700,4096x1x1,64x1x1,2048x64x1x1
ffn_moe_out-3,kernel_add,0.017900,4096x1x1,64x1x1,2048x64x1x1
ffn_shexp-3,kernel_transpose_32_16,0.012600,704x16x0,1x16x0,2048x64x1x1
ffn_shexp-3,kernel_mul_mat_Ab_Bi_8x4,0.526100,8x512x1,1x128x1,2048x64x1x1
ffn_out-3,kernel_add,0.021100,4096x1x1,64x1x1,2048x64x1x1
l_out-3,kernel_add,0.017700,4096x1x1,64x1x1,2048x64x1x1
attn_norm-4,kernel_rms_norm_mul,0.018900,65536x1x1,1024x1x1,2048x64x1x1
q-4,kernel_transpose_32_16,0.006800,512x16x0,1x16x0,3072x64x1x1
q-4,kernel_mul_mat_Ab_Bi_8x4,0.388700,8x768x1,1x128x1,3072x64x1x1
q_pe-4,kernel_rope_norm_f32,0.009300,1024x64x1,64x1x1,64x16x64x1
Qcur-4,kernel_concat_f32_non_contiguous,0.343300,16x64x1,0x0x0,192x16x64x1
kv_cmpr_pe-4,kernel_transpose_32_16,0.010100,512x16x0,1x16x0,576x64x1x1
kv_cmpr_pe-4,kernel_mul_mat_Ab_Bi_8x4,0.316900,8x144x1,1x128x1,576x64x1x1
k_pe-4,kernel_rope_norm_f32,0.002600,64x64x1,64x1x1,64x1x64x1
node_247,kernel_repeat,0.283900,16x64x1,0x0x0,64x16x64x1
kv_cmpr-4,kernel_rms_norm_mul,0.009700,32768x1x1,512x1x1,512x64x1x1
kv-4,kernel_transpose_32_16,0.004000,128x16x0,1x16x0,4096x64x1x1
kv-4,kernel_mul_mat_Ab_Bi_8x4,0.134500,8x1024x1,1x128x1,4096x64x1x1
Kcur-4,kernel_concat_f32_non_contiguous,0.391800,16x64x1,0x0x0,192x16x64x1
Vcur_cont-4,kernel_cpy_f32_f32,0.014000,1024x64x1,64x1x1,128x16x64x1
cache_k_l4 (view),kernel_set_rows_f16_i64,0.016000,65536x1x1,1024x1x1,3072x4096x1x1
cache_v_l4 (view),kernel_set_rows_f16_i64,0.012000,65536x1x1,1024x1x1,2048x4096x1x1
__fattn__-4,flash_attn_f32_f16,14.051400,64x16x0,16x1x0,128x16x64x1
node_268,kernel_transpose_32_16,0.010200,512x16x0,1x16x0,2048x64x1x1
node_268,kernel_mul_mat_Ab_Bi_8x4,0.375500,8x512x1,1x128x1,2048x64x1x1
ffn_inp-4,kernel_add,0.016700,4096x1x1,64x1x1,2048x64x1x1
ffn_norm-4,kernel_rms_norm_mul,0.019400,65536x1x1,1024x1x1,2048x64x1x1
ffn_moe_logits-4,kernel_mul_mm_f32_f32_l4_lm,0.505300,128x1x1,128x1x1,64x64x1x1
ffn_moe_probs-4,kernel_soft_max_4,0.003700,4096x1x1,64x1x1,64x64x1x1
ffn_moe_argsort-4,kernel_argsort_f32_i32,0.015100,64x64x1,64x1x1,64x64x1x1
ffn_moe_weights-4,kernel_get_rows_f32,0.004100,384x64x1,64x1x1,1x6x64x1
ffn_moe_weights_scaled-4,kernel_scale,0.001800,96x1x1,64x1x1,1x6x64x1
ffn_moe_gate-4,kernel_mul_mv_id_q4_0_f32_8x_flat,9.193800,11264x1x384,64x1x1,1408x6x64x1
ffn_moe_up-4,kernel_mul_mv_id_q4_0_f32_8x_flat,9.161100,11264x1x384,64x1x1,1408x6x64x1
ffn_moe_weighted-4,kernel_swiglu,0.081500,196608x1x1,512x1x1,1408x6x64x1
ffn_moe_down-4,kernel_mul_mv_id_q4_0_f32_8x_flat,9.859500,16384x1x384,64x1x1,2048x6x64x1
node_284,kernel_mul,0.101200,384x64x1,64x1x1,2048x6x64x1
ffn_gate-4,kernel_transpose_32_16,0.011100,512x16x0,1x16x0,2816x64x1x1
ffn_gate-4,kernel_mul_mat_Ab_Bi_8x4,0.382900,8x704x1,1x128x1,2816x64x1x1
ffn_up-4,kernel_transpose_32_16,0.009900,512x16x0,1x16x0,2816x64x1x1
ffn_up-4,kernel_mul_mat_Ab_Bi_8x4,0.383500,8x704x1,1x128x1,2816x64x1x1
ffn_swiglu-4,kernel_swiglu,0.021400,32768x1x1,512x1x1,2816x64x1x1
node_294,kernel_add,0.024000,4096x1x1,64x1x1,2048x64x1x1
node_295,kernel_add,0.021300,4096x1x1,64x1x1,2048x64x1x1
node_296,kernel_add,0.017300,4096x1x1,64x1x1,2048x64x1x1
node_297,kernel_add,0.017500,4096x1x1,64x1x1,2048x64x1x1
ffn_moe_out-4,kernel_add,0.017300,4096x1x1,64x1x1,2048x64x1x1
ffn_shexp-4,kernel_transpose_32_16,0.013100,704x16x0,1x16x0,2048x64x1x1
ffn_shexp-4,kernel_mul_mat_Ab_Bi_8x4,0.526700,8x512x1,1x128x1,2048x64x1x1
ffn_out-4,kernel_add,0.015800,4096x1x1,64x1x1,2048x64x1x1
l_out-4,kernel_add,0.018400,4096x1x1,64x1x1,2048x64x1x1
attn_norm-5,kernel_rms_norm_mul,0.019100,65536x1x1,1024x1x1,2048x64x1x1
q-5,kernel_transpose_32_16,0.006800,512x16x0,1x16x0,3072x64x1x1
q-5,kernel_mul_mat_Ab_Bi_8x4,0.389400,8x768x1,1x128x1,3072x64x1x1
q_pe-5,kernel_rope_norm_f32,0.012000,1024x64x1,64x1x1,64x16x64x1
Qcur-5,kernel_concat_f32_non_contiguous,0.349100,16x64x1,0x0x0,192x16x64x1
kv_cmpr_pe-5,kernel_transpose_32_16,0.010400,512x16x0,1x16x0,576x64x1x1
kv_cmpr_pe-5,kernel_mul_mat_Ab_Bi_8x4,0.317300,8x144x1,1x128x1,576x64x1x1
k_pe-5,kernel_rope_norm_f32,0.002800,64x64x1,64x1x1,64x1x64x1
node_312,kernel_repeat,0.284300,16x64x1,0x0x0,64x16x64x1
kv_cmpr-5,kernel_rms_norm_mul,0.009900,32768x1x1,512x1x1,512x64x1x1
kv-5,kernel_transpose_32_16,0.004400,128x16x0,1x16x0,4096x64x1x1
kv-5,kernel_mul_mat_Ab_Bi_8x4,0.133100,8x1024x1,1x128x1,4096x64x1x1
Kcur-5,kernel_concat_f32_non_contiguous,0.398100,16x64x1,0x0x0,192x16x64x1
Vcur_cont-5,kernel_cpy_f32_f32,0.013700,1024x64x1,64x1x1,128x16x64x1
cache_k_l5 (view),kernel_set_rows_f16_i64,0.014000,65536x1x1,1024x1x1,3072x4096x1x1
cache_v_l5 (view),kernel_set_rows_f16_i64,0.012200,65536x1x1,1024x1x1,2048x4096x1x1
__fattn__-5,flash_attn_f32_f16,13.975600,64x16x0,16x1x0,128x16x64x1
node_333,kernel_transpose_32_16,0.009500,512x16x0,1x16x0,2048x64x1x1
node_333,kernel_mul_mat_Ab_Bi_8x4,0.379400,8x512x1,1x128x1,2048x64x1x1
ffn_inp-5,kernel_add,0.020900,4096x1x1,64x1x1,2048x64x1x1
ffn_norm-5,kernel_rms_norm_mul,0.019400,65536x1x1,1024x1x1,2048x64x1x1
ffn_moe_logits-5,kernel_mul_mm_f32_f32_l4_lm,0.501100,128x1x1,128x1x1,64x64x1x1
ffn_moe_probs-5,kernel_soft_max_4,0.004000,4096x1x1,64x1x1,64x64x1x1
ffn_moe_argsort-5,kernel_argsort_f32_i32,0.015000,64x64x1,64x1x1,64x64x1x1
ffn_moe_weights-5,kernel_get_rows_f32,0.004200,384x64x1,64x1x1,1x6x64x1
ffn_moe_weights_scaled-5,kernel_scale,0.001700,96x1x1,64x1x1,1x6x64x1
ffn_moe_gate-5,kernel_mul_mv_id_q4_0_f32_8x_flat,9.116200,11264x1x384,64x1x1,1408x6x64x1
ffn_moe_up-5,kernel_mul_mv_id_q4_0_f32_8x_flat,9.132200,11264x1x384,64x1x1,1408x6x64x1
ffn_moe_weighted-5,kernel_swiglu,0.081800,196608x1x1,512x1x1,1408x6x64x1
ffn_moe_down-5,kernel_mul_mv_id_q4_0_f32_8x_flat,9.848500,16384x1x384,64x1x1,2048x6x64x1
node_349,kernel_mul,0.101100,384x64x1,64x1x1,2048x6x64x1
ffn_gate-5,kernel_transpose_32_16,0.010700,512x16x0,1x16x0,2816x64x1x1
ffn_gate-5,kernel_mul_mat_Ab_Bi_8x4,0.385600,8x704x1,1x128x1,2816x64x1x1
ffn_up-5,kernel_transpose_32_16,0.009700,512x16x0,1x16x0,2816x64x1x1
ffn_up-5,kernel_mul_mat_Ab_Bi_8x4,0.384900,8x704x1,1x128x1,2816x64x1x1
ffn_swiglu-5,kernel_swiglu,0.022500,32768x1x1,512x1x1,2816x64x1x1
node_359,kernel_add,0.023900,4096x1x1,64x1x1,2048x64x1x1
node_360,kernel_add,0.021300,4096x1x1,64x1x1,2048x64x1x1
node_361,kernel_add,0.017100,4096x1x1,64x1x1,2048x64x1x1
node_362,kernel_add,0.017800,4096x1x1,64x1x1,2048x64x1x1
ffn_moe_out-5,kernel_add,0.017000,4096x1x1,64x1x1,2048x64x1x1
ffn_shexp-5,kernel_transpose_32_16,0.012500,704x16x0,1x16x0,2048x64x1x1
ffn_shexp-5,kernel_mul_mat_Ab_Bi_8x4,0.532600,8x512x1,1x128x1,2048x64x1x1
ffn_out-5,kernel_add,0.021700,4096x1x1,64x1x1,2048x64x1x1
l_out-5,kernel_add,0.017900,4096x1x1,64x1x1,2048x64x1x1
attn_norm-6,kernel_rms_norm_mul,0.019300,65536x1x1,1024x1x1,2048x64x1x1
q-6,kernel_transpose_32_16,0.009100,512x16x0,1x16x0,3072x64x1x1
q-6,kernel_mul_mat_Ab_Bi_8x4,0.387400,8x768x1,1x128x1,3072x64x1x1
q_pe-6,kernel_rope_norm_f32,0.011700,1024x64x1,64x1x1,64x16x64x1
Qcur-6,kernel_concat_f32_non_contiguous,0.348300,16x64x1,0x0x0,192x16x64x1
kv_cmpr_pe-6,kernel_transpose_32_16,0.011000,512x16x0,1x16x0,576x64x1x1
kv_cmpr_pe-6,kernel_mul_mat_Ab_Bi_8x4,0.315400,8x144x1,1x128x1,576x64x1x1
k_pe-6,kernel_rope_norm_f32,0.002600,64x64x1,64x1x1,64x1x64x1
node_377,kernel_repeat,0.285700,16x64x1,0x0x0,64x16x64x1
kv_cmpr-6,kernel_rms_norm_mul,0.010100,32768x1x1,512x1x1,512x64x1x1
kv-6,kernel_transpose_32_16,0.003900,128x16x0,1x16x0,4096x64x1x1
kv-6,kernel_mul_mat_Ab_Bi_8x4,0.135200,8x1024x1,1x128x1,4096x64x1x1
Kcur-6,kernel_concat_f32_non_contiguous,0.383600,16x64x1,0x0x0,192x16x64x1
Vcur_cont-6,kernel_cpy_f32_f32,0.014500,1024x64x1,64x1x1,128x16x64x1
cache_k_l6 (view),kernel_set_rows_f16_i64,0.016000,65536x1x1,1024x1x1,3072x4096x1x1
cache_v_l6 (view),kernel_set_rows_f16_i64,0.011600,65536x1x1,1024x1x1,2048x4096x1x1
__fattn__-6,flash_attn_f32_f16,14.021100,64x16x0,16x1x0,128x16x64x1
node_398,kernel_transpose_32_16,0.009500,512x16x0,1x16x0,2048x64x1x1
node_398,kernel_mul_mat_Ab_Bi_8x4,0.381400,8x512x1,1x128x1,2048x64x1x1
ffn_inp-6,kernel_add,0.022000,4096x1x1,64x1x1,2048x64x1x1
ffn_norm-6,kernel_rms_norm_mul,0.019200,65536x1x1,1024x1x1,2048x64x1x1
ffn_moe_logits-6,kernel_mul_mm_f32_f32_l4_lm,0.504400,128x1x1,128x1x1,64x64x1x1
ffn_moe_probs-6,kernel_soft_max_4,0.003600,4096x1x1,64x1x1,64x64x1x1
ffn_moe_argsort-6,kernel_argsort_f32_i32,0.015100,64x64x1,64x1x1,64x64x1x1
ffn_moe_weights-6,kernel_get_rows_f32,0.004300,384x64x1,64x1x1,1x6x64x1
ffn_moe_weights_scaled-6,kernel_scale,0.002200,96x1x1,64x1x1,1x6x64x1
ffn_moe_gate-6,kernel_mul_mv_id_q4_0_f32_8x_flat,9.169300,11264x1x384,64x1x1,1408x6x64x1
ffn_moe_up-6,kernel_mul_mv_id_q4_0_f32_8x_flat,9.193200,11264x1x384,64x1x1,1408x6x64x1
ffn_moe_weighted-6,kernel_swiglu,0.081300,196608x1x1,512x1x1,1408x6x64x1
ffn_moe_down-6,kernel_mul_mv_id_q4_0_f32_8x_flat,9.878600,16384x1x384,64x1x1,2048x6x64x1
node_414,kernel_mul,0.101400,384x64x1,64x1x1,2048x6x64x1
ffn_gate-6,kernel_transpose_32_16,0.010600,512x16x0,1x16x0,2816x64x1x1
ffn_gate-6,kernel_mul_mat_Ab_Bi_8x4,0.382200,8x704x1,1x128x1,2816x64x1x1
ffn_up-6,kernel_transpose_32_16,0.009600,512x16x0,1x16x0,2816x64x1x1
ffn_up-6,kernel_mul_mat_Ab_Bi_8x4,0.386500,8x704x1,1x128x1,2816x64x1x1
ffn_swiglu-6,kernel_swiglu,0.023500,32768x1x1,512x1x1,2816x64x1x1
node_424,kernel_add,0.024100,4096x1x1,64x1x1,2048x64x1x1
node_425,kernel_add,0.021400,4096x1x1,64x1x1,2048x64x1x1
node_426,kernel_add,0.017300,4096x1x1,64x1x1,2048x64x1x1
node_427,kernel_add,0.018100,4096x1x1,64x1x1,2048x64x1x1
ffn_moe_out-6,kernel_add,0.017500,4096x1x1,64x1x1,2048x64x1x1
ffn_shexp-6,kernel_transpose_32_16,0.011800,704x16x0,1x16x0,2048x64x1x1
ffn_shexp-6,kernel_mul_mat_Ab_Bi_8x4,0.529400,8x512x1,1x128x1,2048x64x1x1
ffn_out-6,kernel_add,0.021300,4096x1x1,64x1x1,2048x64x1x1
l_out-6,kernel_add,0.018700,4096x1x1,64x1x1,2048x64x1x1
attn_norm-7,kernel_rms_norm_mul,0.019300,65536x1x1,1024x1x1,2048x64x1x1
q-7,kernel_transpose_32_16,0.006800,512x16x0,1x16x0,3072x64x1x1
q-7,kernel_mul_mat_Ab_Bi_8x4,0.390200,8x768x1,1x128x1,3072x64x1x1
q_pe-7,kernel_rope_norm_f32,0.012100,1024x64x1,64x1x1,64x16x64x1
Qcur-7,kernel_concat_f32_non_contiguous,0.343600,16x64x1,0x0x0,192x16x64x1
kv_cmpr_pe-7,kernel_transpose_32_16,0.009700,512x16x0,1x16x0,576x64x1x1
kv_cmpr_pe-7,kernel_mul_mat_Ab_Bi_8x4,0.317400,8x144x1,1x128x1,576x64x1x1
k_pe-7,kernel_rope_norm_f32,0.002700,64x64x1,64x1x1,64x1x64x1
node_442,kernel_repeat,0.286400,16x64x1,0x0x0,64x16x64x1
kv_cmpr-7,kernel_rms_norm_mul,0.010100,32768x1x1,512x1x1,512x64x1x1
kv-7,kernel_transpose_32_16,0.004100,128x16x0,1x16x0,4096x64x1x1
kv-7,kernel_mul_mat_Ab_Bi_8x4,0.134400,8x1024x1,1x128x1,4096x64x1x1
Kcur-7,kernel_concat_f32_non_contiguous,0.391900,16x64x1,0x0x0,192x16x64x1
Vcur_cont-7,kernel_cpy_f32_f32,0.013300,1024x64x1,64x1x1,128x16x64x1
cache_k_l7 (view),kernel_set_rows_f16_i64,0.015900,65536x1x1,1024x1x1,3072x4096x1x1
cache_v_l7 (view),kernel_set_rows_f16_i64,0.012000,65536x1x1,1024x1x1,2048x4096x1x1
__fattn__-7,flash_attn_f32_f16,14.006900,64x16x0,16x1x0,128x16x64x1
node_463,kernel_transpose_32_16,0.009600,512x16x0,1x16x0,2048x64x1x1
node_463,kernel_mul_mat_Ab_Bi_8x4,0.378800,8x512x1,1x128x1,2048x64x1x1
ffn_inp-7,kernel_add,0.020800,4096x1x1,64x1x1,2048x64x1x1
ffn_norm-7,kernel_rms_norm_mul,0.019500,65536x1x1,1024x1x1,2048x64x1x1
ffn_moe_logits-7,kernel_mul_mm_f32_f32_l4_lm,0.499000,128x1x1,128x1x1,64x64x1x1
ffn_moe_probs-7,kernel_soft_max_4,0.003500,4096x1x1,64x1x1,64x64x1x1
ffn_moe_argsort-7,kernel_argsort_f32_i32,0.015200,64x64x1,64x1x1,64x64x1x1
ffn_moe_weights-7,kernel_get_rows_f32,0.004200,384x64x1,64x1x1,1x6x64x1
ffn_moe_weights_scaled-7,kernel_scale,0.001800,96x1x1,64x1x1,1x6x64x1
ffn_moe_gate-7,kernel_mul_mv_id_q4_0_f32_8x_flat,9.116800,11264x1x384,64x1x1,1408x6x64x1
ffn_moe_up-7,kernel_mul_mv_id_q4_0_f32_8x_flat,9.105900,11264x1x384,64x1x1,1408x6x64x1
ffn_moe_weighted-7,kernel_swiglu,0.083800,196608x1x1,512x1x1,1408x6x64x1
ffn_moe_down-7,kernel_mul_mv_id_q4_0_f32_8x_flat,9.826100,16384x1x384,64x1x1,2048x6x64x1
node_479,kernel_mul,0.101400,384x64x1,64x1x1,2048x6x64x1
ffn_gate-7,kernel_transpose_32_16,0.011300,512x16x0,1x16x0,2816x64x1x1
ffn_gate-7,kernel_mul_mat_Ab_Bi_8x4,0.381700,8x704x1,1x128x1,2816x64x1x1
ffn_up-7,kernel_transpose_32_16,0.009700,512x16x0,1x16x0,2816x64x1x1
ffn_up-7,kernel_mul_mat_Ab_Bi_8x4,0.384700,8x704x1,1x128x1,2816x64x1x1
ffn_swiglu-7,kernel_swiglu,0.023600,32768x1x1,512x1x1,2816x64x1x1
node_489,kernel_add,0.021100,4096x1x1,64x1x1,2048x64x1x1
node_490,kernel_add,0.019900,4096x1x1,64x1x1,2048x64x1x1
node_491,kernel_add,0.017500,4096x1x1,64x1x1,2048x64x1x1
node_492,kernel_add,0.017700,4096x1x1,64x1x1,2048x64x1x1
ffn_moe_out-7,kernel_add,0.017100,4096x1x1,64x1x1,2048x64x1x1
ffn_shexp-7,kernel_transpose_32_16,0.013300,704x16x0,1x16x0,2048x64x1x1
ffn_shexp-7,kernel_mul_mat_Ab_Bi_8x4,0.517200,8x512x1,1x128x1,2048x64x1x1
ffn_out-7,kernel_add,0.021100,4096x1x1,64x1x1,2048x64x1x1
l_out-7,kernel_add,0.017000,4096x1x1,64x1x1,2048x64x1x1
attn_norm-8,kernel_rms_norm_mul,0.019400,65536x1x1,1024x1x1,2048x64x1x1
q-8,kernel_transpose_32_16,0.006900,512x16x0,1x16x0,3072x64x1x1
q-8,kernel_mul_mat_Ab_Bi_8x4,0.387600,8x768x1,1x128x1,3072x64x1x1
q_pe-8,kernel_rope_norm_f32,0.012100,1024x64x1,64x1x1,64x16x64x1
Qcur-8,kernel_concat_f32_non_contiguous,0.347600,16x64x1,0x0x0,192x16x64x1
kv_cmpr_pe-8,kernel_transpose_32_16,0.010600,512x16x0,1x16x0,576x64x1x1
kv_cmpr_pe-8,kernel_mul_mat_Ab_Bi_8x4,0.316000,8x144x1,1x128x1,576x64x1x1
k_pe-8,kernel_rope_norm_f32,0.003000,64x64x1,64x1x1,64x1x64x1
node_507,kernel_repeat,0.284500,16x64x1,0x0x0,64x16x64x1
kv_cmpr-8,kernel_rms_norm_mul,0.009800,32768x1x1,512x1x1,512x64x1x1
kv-8,kernel_transpose_32_16,0.003900,128x16x0,1x16x0,4096x64x1x1
kv-8,kernel_mul_mat_Ab_Bi_8x4,0.132100,8x1024x1,1x128x1,4096x64x1x1
Kcur-8,kernel_concat_f32_non_contiguous,0.390500,16x64x1,0x0x0,192x16x64x1
Vcur_cont-8,kernel_cpy_f32_f32,0.014300,1024x64x1,64x1x1,128x16x64x1
cache_k_l8 (view),kernel_set_rows_f16_i64,0.015500,65536x1x1,1024x1x1,3072x4096x1x1
cache_v_l8 (view),kernel_set_rows_f16_i64,0.011300,65536x1x1,1024x1x1,2048x4096x1x1
__fattn__-8,flash_attn_f32_f16,14.070000,64x16x0,16x1x0,128x16x64x1
node_528,kernel_transpose_32_16,0.010100,512x16x0,1x16x0,2048x64x1x1
node_528,kernel_mul_mat_Ab_Bi_8x4,0.377800,8x512x1,1x128x1,2048x64x1x1
ffn_inp-8,kernel_add,0.021500,4096x1x1,64x1x1,2048x64x1x1
ffn_norm-8,kernel_rms_norm_mul,0.019500,65536x1x1,1024x1x1,2048x64x1x1
ffn_moe_logits-8,kernel_mul_mm_f32_f32_l4_lm,0.506500,128x1x1,128x1x1,64x64x1x1
ffn_moe_probs-8,kernel_soft_max_4,0.003600,4096x1x1,64x1x1,64x64x1x1
ffn_moe_argsort-8,kernel_argsort_f32_i32,0.015400,64x64x1,64x1x1,64x64x1x1
ffn_moe_weights-8,kernel_get_rows_f32,0.004100,384x64x1,64x1x1,1x6x64x1
ffn_moe_weights_scaled-8,kernel_scale,0.001900,96x1x1,64x1x1,1x6x64x1
ffn_moe_gate-8,kernel_mul_mv_id_q4_0_f32_8x_flat,9.070400,11264x1x384,64x1x1,1408x6x64x1
ffn_moe_up-8,kernel_mul_mv_id_q4_0_f32_8x_flat,9.106000,11264x1x384,64x1x1,1408x6x64x1
ffn_moe_weighted-8,kernel_swiglu,0.082200,196608x1x1,512x1x1,1408x6x64x1
ffn_moe_down-8,kernel_mul_mv_id_q4_0_f32_8x_flat,9.833800,16384x1x384,64x1x1,2048x6x64x1
node_544,kernel_mul,0.099900,384x64x1,64x1x1,2048x6x64x1
ffn_gate-8,kernel_transpose_32_16,0.010200,512x16x0,1x16x0,2816x64x1x1
ffn_gate-8,kernel_mul_mat_Ab_Bi_8x4,0.381900,8x704x1,1x128x1,2816x64x1x1
ffn_up-8,kernel_transpose_32_16,0.010400,512x16x0,1x16x0,2816x64x1x1
ffn_up-8,kernel_mul_mat_Ab_Bi_8x4,0.382800,8x704x1,1x128x1,2816x64x1x1
ffn_swiglu-8,kernel_swiglu,0.023300,32768x1x1,512x1x1,2816x64x1x1
node_554,kernel_add,0.024400,4096x1x1,64x1x1,2048x64x1x1
node_555,kernel_add,0.020800,4096x1x1,64x1x1,2048x64x1x1
node_556,kernel_add,0.017500,4096x1x1,64x1x1,2048x64x1x1
node_557,kernel_add,0.016900,4096x1x1,64x1x1,2048x64x1x1
ffn_moe_out-8,kernel_add,0.017800,4096x1x1,64x1x1,2048x64x1x1
ffn_shexp-8,kernel_transpose_32_16,0.013700,704x16x0,1x16x0,2048x64x1x1
ffn_shexp-8,kernel_mul_mat_Ab_Bi_8x4,0.538100,8x512x1,1x128x1,2048x64x1x1
ffn_out-8,kernel_add,0.020800,4096x1x1,64x1x1,2048x64x1x1
l_out-8,kernel_add,0.018200,4096x1x1,64x1x1,2048x64x1x1
attn_norm-9,kernel_rms_norm_mul,0.019200,65536x1x1,1024x1x1,2048x64x1x1
q-9,kernel_transpose_32_16,0.007100,512x16x0,1x16x0,3072x64x1x1
q-9,kernel_mul_mat_Ab_Bi_8x4,0.388700,8x768x1,1x128x1,3072x64x1x1
q_pe-9,kernel_rope_norm_f32,0.012200,1024x64x1,64x1x1,64x16x64x1
Qcur-9,kernel_concat_f32_non_contiguous,0.351000,16x64x1,0x0x0,192x16x64x1
kv_cmpr_pe-9,kernel_transpose_32_16,0.010600,512x16x0,1x16x0,576x64x1x1
kv_cmpr_pe-9,kernel_mul_mat_Ab_Bi_8x4,0.316100,8x144x1,1x128x1,576x64x1x1
k_pe-9,kernel_rope_norm_f32,0.002700,64x64x1,64x1x1,64x1x64x1
node_572,kernel_repeat,0.285900,16x64x1,0x0x0,64x16x64x1
kv_cmpr-9,kernel_rms_norm_mul,0.010200,32768x1x1,512x1x1,512x64x1x1
kv-9,kernel_transpose_32_16,0.004300,128x16x0,1x16x0,4096x64x1x1
kv-9,kernel_mul_mat_Ab_Bi_8x4,0.133700,8x1024x1,1x128x1,4096x64x1x1
Kcur-9,kernel_concat_f32_non_contiguous,0.380200,16x64x1,0x0x0,192x16x64x1
Vcur_cont-9,kernel_cpy_f32_f32,0.013700,1024x64x1,64x1x1,128x16x64x1
cache_k_l9 (view),kernel_set_rows_f16_i64,0.015800,65536x1x1,1024x1x1,3072x4096x1x1
cache_v_l9 (view),kernel_set_rows_f16_i64,0.012300,65536x1x1,1024x1x1,2048x4096x1x1
__fattn__-9,flash_attn_f32_f16,13.990300,64x16x0,16x1x0,128x16x64x1
node_593,kernel_transpose_32_16,0.009800,512x16x0,1x16x0,2048x64x1x1
node_593,kernel_mul_mat_Ab_Bi_8x4,0.381100,8x512x1,1x128x1,2048x64x1x1
ffn_inp-9,kernel_add,0.021200,4096x1x1,64x1x1,2048x64x1x1
ffn_norm-9,kernel_rms_norm_mul,0.019000,65536x1x1,1024x1x1,2048x64x1x1
ffn_moe_logits-9,kernel_mul_mm_f32_f32_l4_lm,0.500000,128x1x1,128x1x1,64x64x1x1
ffn_moe_probs-9,kernel_soft_max_4,0.003500,4096x1x1,64x1x1,64x64x1x1
ffn_moe_argsort-9,kernel_argsort_f32_i32,0.015200,64x64x1,64x1x1,64x64x1x1
ffn_moe_weights-9,kernel_get_rows_f32,0.004100,384x64x1,64x1x1,1x6x64x1
ffn_moe_weights_scaled-9,kernel_scale,0.001800,96x1x1,64x1x1,1x6x64x1
ffn_moe_gate-9,kernel_mul_mv_id_q4_0_f32_8x_flat,9.143700,11264x1x384,64x1x1,1408x6x64x1
ffn_moe_up-9,kernel_mul_mv_id_q4_0_f32_8x_flat,9.121500,11264x1x384,64x1x1,1408x6x64x1
ffn_moe_weighted-9,kernel_swiglu,0.082200,196608x1x1,512x1x1,1408x6x64x1
ffn_moe_down-9,kernel_mul_mv_id_q4_0_f32_8x_flat,9.840500,16384x1x384,64x1x1,2048x6x64x1
node_609,kernel_mul,0.099300,384x64x1,64x1x1,2048x6x64x1
ffn_gate-9,kernel_transpose_32_16,0.010900,512x16x0,1x16x0,2816x64x1x1
ffn_gate-9,kernel_mul_mat_Ab_Bi_8x4,0.384300,8x704x1,1x128x1,2816x64x1x1
ffn_up-9,kernel_transpose_32_16,0.010600,512x16x0,1x16x0,2816x64x1x1
ffn_up-9,kernel_mul_mat_Ab_Bi_8x4,0.384800,8x704x1,1x128x1,2816x64x1x1
ffn_swiglu-9,kernel_swiglu,0.023000,32768x1x1,512x1x1,2816x64x1x1
node_619,kernel_add,0.023300,4096x1x1,64x1x1,2048x64x1x1
node_620,kernel_add,0.020300,4096x1x1,64x1x1,2048x64x1x1
node_621,kernel_add,0.017200,4096x1x1,64x1x1,2048x64x1x1
node_622,kernel_add,0.017200,4096x1x1,64x1x1,2048x64x1x1
ffn_moe_out-9,kernel_add,0.017500,4096x1x1,64x1x1,2048x64x1x1
ffn_shexp-9,kernel_transpose_32_16,0.012100,704x16x0,1x16x0,2048x64x1x1
ffn_shexp-9,kernel_mul_mat_Ab_Bi_8x4,0.527600,8x512x1,1x128x1,2048x64x1x1
ffn_out-9,kernel_add,0.021300,4096x1x1,64x1x1,2048x64x1x1
l_out-9,kernel_add,0.018100,4096x1x1,64x1x1,2048x64x1x1
attn_norm-10,kernel_rms_norm_mul,0.019300,65536x1x1,1024x1x1,2048x64x1x1
q-10,kernel_transpose_32_16,0.006900,512x16x0,1x16x0,3072x64x1x1
q-10,kernel_mul_mat_Ab_Bi_8x4,0.389000,8x768x1,1x128x1,3072x64x1x1
q_pe-10,kernel_rope_norm_f32,0.012200,1024x64x1,64x1x1,64x16x64x1
Qcur-10,kernel_concat_f32_non_contiguous,0.346800,16x64x1,0x0x0,192x16x64x1
kv_cmpr_pe-10,kernel_transpose_32_16,0.009600,512x16x0,1x16x0,576x64x1x1
kv_cmpr_pe-10,kernel_mul_mat_Ab_Bi_8x4,0.316600,8x144x1,1x128x1,576x64x1x1
k_pe-10,kernel_rope_norm_f32,0.002800,64x64x1,64x1x1,64x1x64x1
node_637,kernel_repeat,0.285100,16x64x1,0x0x0,64x16x64x1
kv_cmpr-10,kernel_rms_norm_mul,0.009800,32768x1x1,512x1x1,512x64x1x1
kv-10,kernel_transpose_32_16,0.004000,128x16x0,1x16x0,4096x64x1x1
kv-10,kernel_mul_mat_Ab_Bi_8x4,0.134500,8x1024x1,1x128x1,4096x64x1x1
Kcur-10,kernel_concat_f32_non_contiguous,0.393700,16x64x1,0x0x0,192x16x64x1
Vcur_cont-10,kernel_cpy_f32_f32,0.010200,1024x64x1,64x1x1,128x16x64x1
cache_k_l10 (view),kernel_set_rows_f16_i64,0.016100,65536x1x1,1024x1x1,3072x4096x1x1
cache_v_l10 (view),kernel_set_rows_f16_i64,0.011500,65536x1x1,1024x1x1,2048x4096x1x1
__fattn__-10,flash_attn_f32_f16,14.041700,64x16x0,16x1x0,128x16x64x1
node_658,kernel_transpose_32_16,0.009600,512x16x0,1x16x0,2048x64x1x1
node_658,kernel_mul_mat_Ab_Bi_8x4,0.377400,8x512x1,1x128x1,2048x64x1x1
ffn_inp-10,kernel_add,0.021000,4096x1x1,64x1x1,2048x64x1x1
ffn_norm-10,kernel_rms_norm_mul,0.019300,65536x1x1,1024x1x1,2048x64x1x1
ffn_moe_logits-10,kernel_mul_mm_f32_f32_l4_lm,0.492500,128x1x1,128x1x1,64x64x1x1
ffn_moe_probs-10,kernel_soft_max_4,0.003700,4096x1x1,64x1x1,64x64x1x1
ffn_moe_argsort-10,kernel_argsort_f32_i32,0.015100,64x64x1,64x1x1,64x64x1x1
ffn_moe_weights-10,kernel_get_rows_f32,0.004300,384x64x1,64x1x1,1x6x64x1
ffn_moe_weights_scaled-10,kernel_scale,0.001800,96x1x1,64x1x1,1x6x64x1
ffn_moe_gate-10,kernel_mul_mv_id_q4_0_f32_8x_flat,9.078300,11264x1x384,64x1x1,1408x6x64x1
ffn_moe_up-10,kernel_mul_mv_id_q4_0_f32_8x_flat,9.074000,11264x1x384,64x1x1,1408x6x64x1
ffn_moe_weighted-10,kernel_swiglu,0.082000,196608x1x1,512x1x1,1408x6x64x1
ffn_moe_down-10,kernel_mul_mv_id_q4_0_f32_8x_flat,9.831900,16384x1x384,64x1x1,2048x6x64x1
node_674,kernel_mul,0.101700,384x64x1,64x1x1,2048x6x64x1
ffn_gate-10,kernel_transpose_32_16,0.010700,512x16x0,1x16x0,2816x64x1x1
ffn_gate-10,kernel_mul_mat_Ab_Bi_8x4,0.387600,8x704x1,1x128x1,2816x64x1x1
ffn_up-10,kernel_transpose_32_16,0.010100,512x16x0,1x16x0,2816x64x1x1
ffn_up-10,kernel_mul_mat_Ab_Bi_8x4,0.385700,8x704x1,1x128x1,2816x64x1x1
ffn_swiglu-10,kernel_swiglu,0.023600,32768x1x1,512x1x1,2816x64x1x1
node_684,kernel_add,0.024900,4096x1x1,64x1x1,2048x64x1x1
node_685,kernel_add,0.016700,4096x1x1,64x1x1,2048x64x1x1
node_686,kernel_add,0.017600,4096x1x1,64x1x1,2048x64x1x1
node_687,kernel_add,0.017400,4096x1x1,64x1x1,2048x64x1x1
ffn_moe_out-10,kernel_add,0.016800,4096x1x1,64x1x1,2048x64x1x1
ffn_shexp-10,kernel_transpose_32_16,0.013400,704x16x0,1x16x0,2048x64x1x1
ffn_shexp-10,kernel_mul_mat_Ab_Bi_8x4,0.530700,8x512x1,1x128x1,2048x64x1x1
ffn_out-10,kernel_add,0.020700,4096x1x1,64x1x1,2048x64x1x1
l_out-10,kernel_add,0.018300,4096x1x1,64x1x1,2048x64x1x1
attn_norm-11,kernel_rms_norm_mul,0.019700,65536x1x1,1024x1x1,2048x64x1x1
q-11,kernel_transpose_32_16,0.009800,512x16x0,1x16x0,3072x64x1x1
q-11,kernel_mul_mat_Ab_Bi_8x4,0.389900,8x768x1,1x128x1,3072x64x1x1
q_pe-11,kernel_rope_norm_f32,0.012300,1024x64x1,64x1x1,64x16x64x1
Qcur-11,kernel_concat_f32_non_contiguous,0.349800,16x64x1,0x0x0,192x16x64x1
kv_cmpr_pe-11,kernel_transpose_32_16,0.009900,512x16x0,1x16x0,576x64x1x1
kv_cmpr_pe-11,kernel_mul_mat_Ab_Bi_8x4,0.315500,8x144x1,1x128x1,576x64x1x1
k_pe-11,kernel_rope_norm_f32,0.002600,64x64x1,64x1x1,64x1x64x1
node_702,kernel_repeat,0.284400,16x64x1,0x0x0,64x16x64x1
kv_cmpr-11,kernel_rms_norm_mul,0.009700,32768x1x1,512x1x1,512x64x1x1
kv-11,kernel_transpose_32_16,0.003800,128x16x0,1x16x0,4096x64x1x1
kv-11,kernel_mul_mat_Ab_Bi_8x4,0.134500,8x1024x1,1x128x1,4096x64x1x1
Kcur-11,kernel_concat_f32_non_contiguous,0.386100,16x64x1,0x0x0,192x16x64x1
Vcur_cont-11,kernel_cpy_f32_f32,0.013700,1024x64x1,64x1x1,128x16x64x1
cache_k_l11 (view),kernel_set_rows_f16_i64,0.015900,65536x1x1,1024x1x1,3072x4096x1x1
cache_v_l11 (view),kernel_set_rows_f16_i64,0.011700,65536x1x1,1024x1x1,2048x4096x1x1
__fattn__-11,flash_attn_f32_f16,13.976300,64x16x0,16x1x0,128x16x64x1
node_723,kernel_transpose_32_16,0.009600,512x16x0,1x16x0,2048x64x1x1
node_723,kernel_mul_mat_Ab_Bi_8x4,0.379100,8x512x1,1x128x1,2048x64x1x1
ffn_inp-11,kernel_add,0.022000,4096x1x1,64x1x1,2048x64x1x1
ffn_norm-11,kernel_rms_norm_mul,0.019200,65536x1x1,1024x1x1,2048x64x1x1
ffn_moe_logits-11,kernel_mul_mm_f32_f32_l4_lm,0.500800,128x1x1,128x1x1,64x64x1x1
ffn_moe_probs-11,kernel_soft_max_4,0.003700,4096x1x1,64x1x1,64x64x1x1
ffn_moe_argsort-11,kernel_argsort_f32_i32,0.015000,64x64x1,64x1x1,64x64x1x1
ffn_moe_weights-11,kernel_get_rows_f32,0.004500,384x64x1,64x1x1,1x6x64x1
ffn_moe_weights_scaled-11,kernel_scale,0.001700,96x1x1,64x1x1,1x6x64x1
ffn_moe_gate-11,kernel_mul_mv_id_q4_0_f32_8x_flat,9.146100,11264x1x384,64x1x1,1408x6x64x1
ffn_moe_up-11,kernel_mul_mv_id_q4_0_f32_8x_flat,9.152400,11264x1x384,64x1x1,1408x6x64x1
ffn_moe_weighted-11,kernel_swiglu,0.082000,196608x1x1,512x1x1,1408x6x64x1
ffn_moe_down-11,kernel_mul_mv_id_q4_0_f32_8x_flat,9.837400,16384x1x384,64x1x1,2048x6x64x1
node_739,kernel_mul,0.100600,384x64x1,64x1x1,2048x6x64x1
ffn_gate-11,kernel_transpose_32_16,0.012100,512x16x0,1x16x0,2816x64x1x1
ffn_gate-11,kernel_mul_mat_Ab_Bi_8x4,0.387300,8x704x1,1x128x1,2816x64x1x1
ffn_up-11,kernel_transpose_32_16,0.010500,512x16x0,1x16x0,2816x64x1x1
ffn_up-11,kernel_mul_mat_Ab_Bi_8x4,0.385700,8x704x1,1x128x1,2816x64x1x1
ffn_swiglu-11,kernel_swiglu,0.023300,32768x1x1,512x1x1,2816x64x1x1
node_749,kernel_add,0.023900,4096x1x1,64x1x1,2048x64x1x1
node_750,kernel_add,0.020000,4096x1x1,64x1x1,2048x64x1x1
node_751,kernel_add,0.017600,4096x1x1,64x1x1,2048x64x1x1
node_752,kernel_add,0.017000,4096x1x1,64x1x1,2048x64x1x1
ffn_moe_out-11,kernel_add,0.017400,4096x1x1,64x1x1,2048x64x1x1
ffn_shexp-11,kernel_transpose_32_16,0.013600,704x16x0,1x16x0,2048x64x1x1
ffn_shexp-11,kernel_mul_mat_Ab_Bi_8x4,0.528100,8x512x1,1x128x1,2048x64x1x1
ffn_out-11,kernel_add,0.021200,4096x1x1,64x1x1,2048x64x1x1
l_out-11,kernel_add,0.017700,4096x1x1,64x1x1,2048x64x1x1
attn_norm-12,kernel_rms_norm_mul,0.019200,65536x1x1,1024x1x1,2048x64x1x1
q-12,kernel_transpose_32_16,0.006700,512x16x0,1x16x0,3072x64x1x1
q-12,kernel_mul_mat_Ab_Bi_8x4,0.388500,8x768x1,1x128x1,3072x64x1x1
q_pe-12,kernel_rope_norm_f32,0.009300,1024x64x1,64x1x1,64x16x64x1
Qcur-12,kernel_concat_f32_non_contiguous,0.346900,16x64x1,0x0x0,192x16x64x1
kv_cmpr_pe-12,kernel_transpose_32_16,0.010200,512x16x0,1x16x0,576x64x1x1
kv_cmpr_pe-12,kernel_mul_mat_Ab_Bi_8x4,0.315300,8x144x1,1x128x1,576x64x1x1
k_pe-12,kernel_rope_norm_f32,0.002700,64x64x1,64x1x1,64x1x64x1
node_767,kernel_repeat,0.285300,16x64x1,0x0x0,64x16x64x1
kv_cmpr-12,kernel_rms_norm_mul,0.010000,32768x1x1,512x1x1,512x64x1x1
kv-12,kernel_transpose_32_16,0.003900,128x16x0,1x16x0,4096x64x1x1
kv-12,kernel_mul_mat_Ab_Bi_8x4,0.134000,8x1024x1,1x128x1,4096x64x1x1
Kcur-12,kernel_concat_f32_non_contiguous,0.383100,16x64x1,0x0x0,192x16x64x1
Vcur_cont-12,kernel_cpy_f32_f32,0.014100,1024x64x1,64x1x1,128x16x64x1
cache_k_l12 (view),kernel_set_rows_f16_i64,0.015800,65536x1x1,1024x1x1,3072x4096x1x1
cache_v_l12 (view),kernel_set_rows_f16_i64,0.012400,65536x1x1,1024x1x1,2048x4096x1x1
__fattn__-12,flash_attn_f32_f16,14.028900,64x16x0,16x1x0,128x16x64x1
node_788,kernel_transpose_32_16,0.009700,512x16x0,1x16x0,2048x64x1x1
node_788,kernel_mul_mat_Ab_Bi_8x4,0.381300,8x512x1,1x128x1,2048x64x1x1
ffn_inp-12,kernel_add,0.016800,4096x1x1,64x1x1,2048x64x1x1
ffn_norm-12,kernel_rms_norm_mul,0.019700,65536x1x1,1024x1x1,2048x64x1x1
ffn_moe_logits-12,kernel_mul_mm_f32_f32_l4_lm,0.503600,128x1x1,128x1x1,64x64x1x1
ffn_moe_probs-12,kernel_soft_max_4,0.003600,4096x1x1,64x1x1,64x64x1x1
ffn_moe_argsort-12,kernel_argsort_f32_i32,0.015100,64x64x1,64x1x1,64x64x1x1
ffn_moe_weights-12,kernel_get_rows_f32,0.004200,384x64x1,64x1x1,1x6x64x1
ffn_moe_weights_scaled-12,kernel_scale,0.001800,96x1x1,64x1x1,1x6x64x1
ffn_moe_gate-12,kernel_mul_mv_id_q4_0_f32_8x_flat,9.133900,11264x1x384,64x1x1,1408x6x64x1
ffn_moe_up-12,kernel_mul_mv_id_q4_0_f32_8x_flat,9.220100,11264x1x384,64x1x1,1408x6x64x1
ffn_moe_weighted-12,kernel_swiglu,0.082300,196608x1x1,512x1x1,1408x6x64x1
ffn_moe_down-12,kernel_mul_mv_id_q4_0_f32_8x_flat,9.861300,16384x1x384,64x1x1,2048x6x64x1
node_804,kernel_mul,0.100100,384x64x1,64x1x1,2048x6x64x1
ffn_gate-12,kernel_transpose_32_16,0.011100,512x16x0,1x16x0,2816x64x1x1
ffn_gate-12,kernel_mul_mat_Ab_Bi_8x4,0.381600,8x704x1,1x128x1,2816x64x1x1
ffn_up-12,kernel_transpose_32_16,0.009800,512x16x0,1x16x0,2816x64x1x1
ffn_up-12,kernel_mul_mat_Ab_Bi_8x4,0.384000,8x704x1,1x128x1,2816x64x1x1
ffn_swiglu-12,kernel_swiglu,0.021200,32768x1x1,512x1x1,2816x64x1x1
node_814,kernel_add,0.024100,4096x1x1,64x1x1,2048x64x1x1
node_815,kernel_add,0.021600,4096x1x1,64x1x1,2048x64x1x1
node_816,kernel_add,0.017800,4096x1x1,64x1x1,2048x64x1x1
node_817,kernel_add,0.017000,4096x1x1,64x1x1,2048x64x1x1
ffn_moe_out-12,kernel_add,0.017200,4096x1x1,64x1x1,2048x64x1x1
ffn_shexp-12,kernel_transpose_32_16,0.012900,704x16x0,1x16x0,2048x64x1x1
ffn_shexp-12,kernel_mul_mat_Ab_Bi_8x4,0.535700,8x512x1,1x128x1,2048x64x1x1
ffn_out-12,kernel_add,0.015700,4096x1x1,64x1x1,2048x64x1x1
l_out-12,kernel_add,0.018200,4096x1x1,64x1x1,2048x64x1x1
attn_norm-13,kernel_rms_norm_mul,0.019200,65536x1x1,1024x1x1,2048x64x1x1
q-13,kernel_transpose_32_16,0.007000,512x16x0,1x16x0,3072x64x1x1
q-13,kernel_mul_mat_Ab_Bi_8x4,0.388300,8x768x1,1x128x1,3072x64x1x1
q_pe-13,kernel_rope_norm_f32,0.012000,1024x64x1,64x1x1,64x16x64x1
Qcur-13,kernel_concat_f32_non_contiguous,0.349500,16x64x1,0x0x0,192x16x64x1
kv_cmpr_pe-13,kernel_transpose_32_16,0.010700,512x16x0,1x16x0,576x64x1x1
kv_cmpr_pe-13,kernel_mul_mat_Ab_Bi_8x4,0.316900,8x144x1,1x128x1,576x64x1x1
k_pe-13,kernel_rope_norm_f32,0.002700,64x64x1,64x1x1,64x1x64x1
node_832,kernel_repeat,0.283500,16x64x1,0x0x0,64x16x64x1
kv_cmpr-13,kernel_rms_norm_mul,0.009800,32768x1x1,512x1x1,512x64x1x1
kv-13,kernel_transpose_32_16,0.004100,128x16x0,1x16x0,4096x64x1x1
kv-13,kernel_mul_mat_Ab_Bi_8x4,0.135000,8x1024x1,1x128x1,4096x64x1x1
Kcur-13,kernel_concat_f32_non_contiguous,0.384600,16x64x1,0x0x0,192x16x64x1
Vcur_cont-13,kernel_cpy_f32_f32,0.013600,1024x64x1,64x1x1,128x16x64x1
cache_k_l13 (view),kernel_set_rows_f16_i64,0.014400,65536x1x1,1024x1x1,3072x4096x1x1
cache_v_l13 (view),kernel_set_rows_f16_i64,0.011800,65536x1x1,1024x1x1,2048x4096x1x1
__fattn__-13,flash_attn_f32_f16,13.983100,64x16x0,16x1x0,128x16x64x1
node_853,kernel_transpose_32_16,0.009700,512x16x0,1x16x0,2048x64x1x1
node_853,kernel_mul_mat_Ab_Bi_8x4,0.370300,8x512x1,1x128x1,2048x64x1x1
ffn_inp-13,kernel_add,0.021500,4096x1x1,64x1x1,2048x64x1x1
ffn_norm-13,kernel_rms_norm_mul,0.019200,65536x1x1,1024x1x1,2048x64x1x1
ffn_moe_logits-13,kernel_mul_mm_f32_f32_l4_lm,0.510300,128x1x1,128x1x1,64x64x1x1
ffn_moe_probs-13,kernel_soft_max_4,0.004100,4096x1x1,64x1x1,64x64x1x1
ffn_moe_argsort-13,kernel_argsort_f32_i32,0.015100,64x64x1,64x1x1,64x64x1x1
ffn_moe_weights-13,kernel_get_rows_f32,0.004100,384x64x1,64x1x1,1x6x64x1
ffn_moe_weights_scaled-13,kernel_scale,0.001700,96x1x1,64x1x1,1x6x64x1
ffn_moe_gate-13,kernel_mul_mv_id_q4_0_f32_8x_flat,9.296900,11264x1x384,64x1x1,1408x6x64x1
ffn_moe_up-13,kernel_mul_mv_id_q4_0_f32_8x_flat,9.238600,11264x1x384,64x1x1,1408x6x64x1
ffn_moe_weighted-13,kernel_swiglu,0.081000,196608x1x1,512x1x1,1408x6x64x1
ffn_moe_down-13,kernel_mul_mv_id_q4_0_f32_8x_flat,9.876500,16384x1x384,64x1x1,2048x6x64x1
node_869,kernel_mul,0.099900,384x64x1,64x1x1,2048x6x64x1
ffn_gate-13,kernel_transpose_32_16,0.011700,512x16x0,1x16x0,2816x64x1x1
ffn_gate-13,kernel_mul_mat_Ab_Bi_8x4,0.383700,8x704x1,1x128x1,2816x64x1x1
ffn_up-13,kernel_transpose_32_16,0.010400,512x16x0,1x16x0,2816x64x1x1
ffn_up-13,kernel_mul_mat_Ab_Bi_8x4,0.384000,8x704x1,1x128x1,2816x64x1x1
ffn_swiglu-13,kernel_swiglu,0.023600,32768x1x1,512x1x1,2816x64x1x1
node_879,kernel_add,0.023900,4096x1x1,64x1x1,2048x64x1x1
node_880,kernel_add,0.020600,4096x1x1,64x1x1,2048x64x1x1
node_881,kernel_add,0.017400,4096x1x1,64x1x1,2048x64x1x1
node_882,kernel_add,0.017600,4096x1x1,64x1x1,2048x64x1x1
ffn_moe_out-13,kernel_add,0.017400,4096x1x1,64x1x1,2048x64x1x1
ffn_shexp-13,kernel_transpose_32_16,0.012800,704x16x0,1x16x0,2048x64x1x1
ffn_shexp-13,kernel_mul_mat_Ab_Bi_8x4,0.525300,8x512x1,1x128x1,2048x64x1x1
ffn_out-13,kernel_add,0.022300,4096x1x1,64x1x1,2048x64x1x1
l_out-13,kernel_add,0.018200,4096x1x1,64x1x1,2048x64x1x1
attn_norm-14,kernel_rms_norm_mul,0.019300,65536x1x1,1024x1x1,2048x64x1x1
q-14,kernel_transpose_32_16,0.009300,512x16x0,1x16x0,3072x64x1x1
q-14,kernel_mul_mat_Ab_Bi_8x4,0.388900,8x768x1,1x128x1,3072x64x1x1
q_pe-14,kernel_rope_norm_f32,0.011900,1024x64x1,64x1x1,64x16x64x1
Qcur-14,kernel_concat_f32_non_contiguous,0.348600,16x64x1,0x0x0,192x16x64x1
kv_cmpr_pe-14,kernel_transpose_32_16,0.010600,512x16x0,1x16x0,576x64x1x1
kv_cmpr_pe-14,kernel_mul_mat_Ab_Bi_8x4,0.316900,8x144x1,1x128x1,576x64x1x1
k_pe-14,kernel_rope_norm_f32,0.002600,64x64x1,64x1x1,64x1x64x1
node_897,kernel_repeat,0.286100,16x64x1,0x0x0,64x16x64x1
kv_cmpr-14,kernel_rms_norm_mul,0.010100,32768x1x1,512x1x1,512x64x1x1
kv-14,kernel_transpose_32_16,0.003900,128x16x0,1x16x0,4096x64x1x1
kv-14,kernel_mul_mat_Ab_Bi_8x4,0.135300,8x1024x1,1x128x1,4096x64x1x1
Kcur-14,kernel_concat_f32_non_contiguous,0.391100,16x64x1,0x0x0,192x16x64x1
Vcur_cont-14,kernel_cpy_f32_f32,0.013900,1024x64x1,64x1x1,128x16x64x1
cache_k_l14 (view),kernel_set_rows_f16_i64,0.016200,65536x1x1,1024x1x1,3072x4096x1x1
cache_v_l14 (view),kernel_set_rows_f16_i64,0.011400,65536x1x1,1024x1x1,2048x4096x1x1
__fattn__-14,flash_attn_f32_f16,14.023400,64x16x0,16x1x0,128x16x64x1
node_918,kernel_transpose_32_16,0.009800,512x16x0,1x16x0,2048x64x1x1
node_918,kernel_mul_mat_Ab_Bi_8x4,0.379500,8x512x1,1x128x1,2048x64x1x1
ffn_inp-14,kernel_add,0.021000,4096x1x1,64x1x1,2048x64x1x1
ffn_norm-14,kernel_rms_norm_mul,0.019300,65536x1x1,1024x1x1,2048x64x1x1
ffn_moe_logits-14,kernel_mul_mm_f32_f32_l4_lm,0.514900,128x1x1,128x1x1,64x64x1x1
ffn_moe_probs-14,kernel_soft_max_4,0.003800,4096x1x1,64x1x1,64x64x1x1
ffn_moe_argsort-14,kernel_argsort_f32_i32,0.015200,64x64x1,64x1x1,64x64x1x1
ffn_moe_weights-14,kernel_get_rows_f32,0.004300,384x64x1,64x1x1,1x6x64x1
ffn_moe_weights_scaled-14,kernel_scale,0.002100,96x1x1,64x1x1,1x6x64x1
ffn_moe_gate-14,kernel_mul_mv_id_q4_0_f32_8x_flat,9.259100,11264x1x384,64x1x1,1408x6x64x1
ffn_moe_up-14,kernel_mul_mv_id_q4_0_f32_8x_flat,9.195600,11264x1x384,64x1x1,1408x6x64x1
ffn_moe_weighted-14,kernel_swiglu,0.081800,196608x1x1,512x1x1,1408x6x64x1
ffn_moe_down-14,kernel_mul_mv_id_q4_0_f32_8x_flat,9.881700,16384x1x384,64x1x1,2048x6x64x1
node_934,kernel_mul,0.100300,384x64x1,64x1x1,2048x6x64x1
ffn_gate-14,kernel_transpose_32_16,0.011000,512x16x0,1x16x0,2816x64x1x1
ffn_gate-14,kernel_mul_mat_Ab_Bi_8x4,0.382900,8x704x1,1x128x1,2816x64x1x1
ffn_up-14,kernel_transpose_32_16,0.009700,512x16x0,1x16x0,2816x64x1x1
ffn_up-14,kernel_mul_mat_Ab_Bi_8x4,0.382200,8x704x1,1x128x1,2816x64x1x1
ffn_swiglu-14,kernel_swiglu,0.024300,32768x1x1,512x1x1,2816x64x1x1
node_944,kernel_add,0.025200,4096x1x1,64x1x1,2048x64x1x1
node_945,kernel_add,0.020500,4096x1x1,64x1x1,2048x64x1x1
node_946,kernel_add,0.017200,4096x1x1,64x1x1,2048x64x1x1
node_947,kernel_add,0.017600,4096x1x1,64x1x1,2048x64x1x1
ffn_moe_out-14,kernel_add,0.017500,4096x1x1,64x1x1,2048x64x1x1
ffn_shexp-14,kernel_transpose_32_16,0.011600,704x16x0,1x16x0,2048x64x1x1
ffn_shexp-14,kernel_mul_mat_Ab_Bi_8x4,0.537300,8x512x1,1x128x1,2048x64x1x1
ffn_out-14,kernel_add,0.020500,4096x1x1,64x1x1,2048x64x1x1
l_out-14,kernel_add,0.018200,4096x1x1,64x1x1,2048x64x1x1
attn_norm-15,kernel_rms_norm_mul,0.019000,65536x1x1,1024x1x1,2048x64x1x1
q-15,kernel_transpose_32_16,0.006600,512x16x0,1x16x0,3072x64x1x1
q-15,kernel_mul_mat_Ab_Bi_8x4,0.388700,8x768x1,1x128x1,3072x64x1x1
q_pe-15,kernel_rope_norm_f32,0.012400,1024x64x1,64x1x1,64x16x64x1
Qcur-15,kernel_concat_f32_non_contiguous,0.343400,16x64x1,0x0x0,192x16x64x1
kv_cmpr_pe-15,kernel_transpose_32_16,0.010400,512x16x0,1x16x0,576x64x1x1
kv_cmpr_pe-15,kernel_mul_mat_Ab_Bi_8x4,0.317600,8x144x1,1x128x1,576x64x1x1
k_pe-15,kernel_rope_norm_f32,0.002700,64x64x1,64x1x1,64x1x64x1
node_962,kernel_repeat,0.285100,16x64x1,0x0x0,64x16x64x1
kv_cmpr-15,kernel_rms_norm_mul,0.010000,32768x1x1,512x1x1,512x64x1x1
kv-15,kernel_transpose_32_16,0.004100,128x16x0,1x16x0,4096x64x1x1
kv-15,kernel_mul_mat_Ab_Bi_8x4,0.134800,8x1024x1,1x128x1,4096x64x1x1
Kcur-15,kernel_concat_f32_non_contiguous,0.406500,16x64x1,0x0x0,192x16x64x1
Vcur_cont-15,kernel_cpy_f32_f32,0.013700,1024x64x1,64x1x1,128x16x64x1
cache_k_l15 (view),kernel_set_rows_f16_i64,0.015600,65536x1x1,1024x1x1,3072x4096x1x1
cache_v_l15 (view),kernel_set_rows_f16_i64,0.011800,65536x1x1,1024x1x1,2048x4096x1x1
__fattn__-15,flash_attn_f32_f16,14.017900,64x16x0,16x1x0,128x16x64x1
node_983,kernel_transpose_32_16,0.009700,512x16x0,1x16x0,2048x64x1x1
node_983,kernel_mul_mat_Ab_Bi_8x4,0.375500,8x512x1,1x128x1,2048x64x1x1
ffn_inp-15,kernel_add,0.021500,4096x1x1,64x1x1,2048x64x1x1
ffn_norm-15,kernel_rms_norm_mul,0.019500,65536x1x1,1024x1x1,2048x64x1x1
ffn_moe_logits-15,kernel_mul_mm_f32_f32_l4_lm,0.507700,128x1x1,128x1x1,64x64x1x1
ffn_moe_probs-15,kernel_soft_max_4,0.003600,4096x1x1,64x1x1,64x64x1x1
ffn_moe_argsort-15,kernel_argsort_f32_i32,0.015000,64x64x1,64x1x1,64x64x1x1
ffn_moe_weights-15,kernel_get_rows_f32,0.004100,384x64x1,64x1x1,1x6x64x1
ffn_moe_weights_scaled-15,kernel_scale,0.001900,96x1x1,64x1x1,1x6x64x1
ffn_moe_gate-15,kernel_mul_mv_id_q4_0_f32_8x_flat,9.276700,11264x1x384,64x1x1,1408x6x64x1
ffn_moe_up-15,kernel_mul_mv_id_q4_0_f32_8x_flat,9.257100,11264x1x384,64x1x1,1408x6x64x1
ffn_moe_weighted-15,kernel_swiglu,0.083000,196608x1x1,512x1x1,1408x6x64x1
ffn_moe_down-15,kernel_mul_mv_id_q4_0_f32_8x_flat,9.900600,16384x1x384,64x1x1,2048x6x64x1
node_999,kernel_mul,0.100700,384x64x1,64x1x1,2048x6x64x1
ffn_gate-15,kernel_transpose_32_16,0.010600,512x16x0,1x16x0,2816x64x1x1
ffn_gate-15,kernel_mul_mat_Ab_Bi_8x4,0.381100,8x704x1,1x128x1,2816x64x1x1
ffn_up-15,kernel_transpose_32_16,0.009900,512x16x0,1x16x0,2816x64x1x1
ffn_up-15,kernel_mul_mat_Ab_Bi_8x4,0.388400,8x704x1,1x128x1,2816x64x1x1
ffn_swiglu-15,kernel_swiglu,0.022700,32768x1x1,512x1x1,2816x64x1x1
node_1009,kernel_add,0.021500,4096x1x1,64x1x1,2048x64x1x1
node_1010,kernel_add,0.019800,4096x1x1,64x1x1,2048x64x1x1
node_1011,kernel_add,0.017400,4096x1x1,64x1x1,2048x64x1x1
node_1012,kernel_add,0.017400,4096x1x1,64x1x1,2048x64x1x1
ffn_moe_out-15,kernel_add,0.017300,4096x1x1,64x1x1,2048x64x1x1
ffn_shexp-15,kernel_transpose_32_16,0.012700,704x16x0,1x16x0,2048x64x1x1
ffn_shexp-15,kernel_mul_mat_Ab_Bi_8x4,0.525000,8x512x1,1x128x1,2048x64x1x1
ffn_out-15,kernel_add,0.021400,4096x1x1,64x1x1,2048x64x1x1
l_out-15,kernel_add,0.016700,4096x1x1,64x1x1,2048x64x1x1
attn_norm-16,kernel_rms_norm_mul,0.019500,65536x1x1,1024x1x1,2048x64x1x1
q-16,kernel_transpose_32_16,0.006700,512x16x0,1x16x0,3072x64x1x1
q-16,kernel_mul_mat_Ab_Bi_8x4,0.390700,8x768x1,1x128x1,3072x64x1x1
q_pe-16,kernel_rope_norm_f32,0.012200,1024x64x1,64x1x1,64x16x64x1
Qcur-16,kernel_concat_f32_non_contiguous,0.348400,16x64x1,0x0x0,192x16x64x1
kv_cmpr_pe-16,kernel_transpose_32_16,0.010400,512x16x0,1x16x0,576x64x1x1
kv_cmpr_pe-16,kernel_mul_mat_Ab_Bi_8x4,0.317300,8x144x1,1x128x1,576x64x1x1
k_pe-16,kernel_rope_norm_f32,0.003000,64x64x1,64x1x1,64x1x64x1
node_1027,kernel_repeat,0.285900,16x64x1,0x0x0,64x16x64x1
kv_cmpr-16,kernel_rms_norm_mul,0.011000,32768x1x1,512x1x1,512x64x1x1
kv-16,kernel_transpose_32_16,0.003800,128x16x0,1x16x0,4096x64x1x1
kv-16,kernel_mul_mat_Ab_Bi_8x4,0.135100,8x1024x1,1x128x1,4096x64x1x1
Kcur-16,kernel_concat_f32_non_contiguous,0.389400,16x64x1,0x0x0,192x16x64x1
Vcur_cont-16,kernel_cpy_f32_f32,0.014000,1024x64x1,64x1x1,128x16x64x1
cache_k_l16 (view),kernel_set_rows_f16_i64,0.015200,65536x1x1,1024x1x1,3072x4096x1x1
cache_v_l16 (view),kernel_set_rows_f16_i64,0.011000,65536x1x1,1024x1x1,2048x4096x1x1
__fattn__-16,flash_attn_f32_f16,14.043200,64x16x0,16x1x0,128x16x64x1
node_1048,kernel_transpose_32_16,0.009600,512x16x0,1x16x0,2048x64x1x1
node_1048,kernel_mul_mat_Ab_Bi_8x4,0.378100,8x512x1,1x128x1,2048x64x1x1
ffn_inp-16,kernel_add,0.021500,4096x1x1,64x1x1,2048x64x1x1
ffn_norm-16,kernel_rms_norm_mul,0.019300,65536x1x1,1024x1x1,2048x64x1x1
ffn_moe_logits-16,kernel_mul_mm_f32_f32_l4_lm,0.508200,128x1x1,128x1x1,64x64x1x1
ffn_moe_probs-16,kernel_soft_max_4,0.004000,4096x1x1,64x1x1,64x64x1x1
ffn_moe_argsort-16,kernel_argsort_f32_i32,0.015600,64x64x1,64x1x1,64x64x1x1
ffn_moe_weights-16,kernel_get_rows_f32,0.004000,384x64x1,64x1x1,1x6x64x1
ffn_moe_weights_scaled-16,kernel_scale,0.001900,96x1x1,64x1x1,1x6x64x1
ffn_moe_gate-16,kernel_mul_mv_id_q4_0_f32_8x_flat,9.135200,11264x1x384,64x1x1,1408x6x64x1
ffn_moe_up-16,kernel_mul_mv_id_q4_0_f32_8x_flat,9.191800,11264x1x384,64x1x1,1408x6x64x1
ffn_moe_weighted-16,kernel_swiglu,0.082300,196608x1x1,512x1x1,1408x6x64x1
ffn_moe_down-16,kernel_mul_mv_id_q4_0_f32_8x_flat,9.889000,16384x1x384,64x1x1,2048x6x64x1
node_1064,kernel_mul,0.099400,384x64x1,64x1x1,2048x6x64x1
ffn_gate-16,kernel_transpose_32_16,0.010700,512x16x0,1x16x0,2816x64x1x1
ffn_gate-16,kernel_mul_mat_Ab_Bi_8x4,0.381300,8x704x1,1x128x1,2816x64x1x1
ffn_up-16,kernel_transpose_32_16,0.010700,512x16x0,1x16x0,2816x64x1x1
ffn_up-16,kernel_mul_mat_Ab_Bi_8x4,0.387200,8x704x1,1x128x1,2816x64x1x1
ffn_swiglu-16,kernel_swiglu,0.023700,32768x1x1,512x1x1,2816x64x1x1
node_1074,kernel_add,0.023800,4096x1x1,64x1x1,2048x64x1x1
node_1075,kernel_add,0.022000,4096x1x1,64x1x1,2048x64x1x1
node_1076,kernel_add,0.017300,4096x1x1,64x1x1,2048x64x1x1
node_1077,kernel_add,0.016900,4096x1x1,64x1x1,2048x64x1x1
ffn_moe_out-16,kernel_add,0.018100,4096x1x1,64x1x1,2048x64x1x1
ffn_shexp-16,kernel_transpose_32_16,0.013500,704x16x0,1x16x0,2048x64x1x1
ffn_shexp-16,kernel_mul_mat_Ab_Bi_8x4,0.524300,8x512x1,1x128x1,2048x64x1x1
ffn_out-16,kernel_add,0.020600,4096x1x1,64x1x1,2048x64x1x1
l_out-16,kernel_add,0.018700,4096x1x1,64x1x1,2048x64x1x1
attn_norm-17,kernel_rms_norm_mul,0.019300,65536x1x1,1024x1x1,2048x64x1x1
q-17,kernel_transpose_32_16,0.006400,512x16x0,1x16x0,3072x64x1x1
q-17,kernel_mul_mat_Ab_Bi_8x4,0.389900,8x768x1,1x128x1,3072x64x1x1
q_pe-17,kernel_rope_norm_f32,0.012300,1024x64x1,64x1x1,64x16x64x1
Qcur-17,kernel_concat_f32_non_contiguous,0.349700,16x64x1,0x0x0,192x16x64x1
kv_cmpr_pe-17,kernel_transpose_32_16,0.010300,512x16x0,1x16x0,576x64x1x1
kv_cmpr_pe-17,kernel_mul_mat_Ab_Bi_8x4,0.316400,8x144x1,1x128x1,576x64x1x1
k_pe-17,kernel_rope_norm_f32,0.002700,64x64x1,64x1x1,64x1x64x1
node_1092,kernel_repeat,0.284000,16x64x1,0x0x0,64x16x64x1
kv_cmpr-17,kernel_rms_norm_mul,0.010200,32768x1x1,512x1x1,512x64x1x1
kv-17,kernel_transpose_32_16,0.004300,128x16x0,1x16x0,4096x64x1x1
kv-17,kernel_mul_mat_Ab_Bi_8x4,0.134100,8x1024x1,1x128x1,4096x64x1x1
Kcur-17,kernel_concat_f32_non_contiguous,0.388000,16x64x1,0x0x0,192x16x64x1
Vcur_cont-17,kernel_cpy_f32_f32,0.013500,1024x64x1,64x1x1,128x16x64x1
cache_k_l17 (view),kernel_set_rows_f16_i64,0.015600,65536x1x1,1024x1x1,3072x4096x1x1
cache_v_l17 (view),kernel_set_rows_f16_i64,0.011900,65536x1x1,1024x1x1,2048x4096x1x1
__fattn__-17,flash_attn_f32_f16,14.063800,64x16x0,16x1x0,128x16x64x1
node_1113,kernel_transpose_32_16,0.009400,512x16x0,1x16x0,2048x64x1x1
node_1113,kernel_mul_mat_Ab_Bi_8x4,0.385200,8x512x1,1x128x1,2048x64x1x1
ffn_inp-17,kernel_add,0.020600,4096x1x1,64x1x1,2048x64x1x1
ffn_norm-17,kernel_rms_norm_mul,0.019200,65536x1x1,1024x1x1,2048x64x1x1
ffn_moe_logits-17,kernel_mul_mm_f32_f32_l4_lm,0.515300,128x1x1,128x1x1,64x64x1x1
ffn_moe_probs-17,kernel_soft_max_4,0.003700,4096x1x1,64x1x1,64x64x1x1
ffn_moe_argsort-17,kernel_argsort_f32_i32,0.015400,64x64x1,64x1x1,64x64x1x1
ffn_moe_weights-17,kernel_get_rows_f32,0.004400,384x64x1,64x1x1,1x6x64x1
ffn_moe_weights_scaled-17,kernel_scale,0.001800,96x1x1,64x1x1,1x6x64x1
ffn_moe_gate-17,kernel_mul_mv_id_q4_0_f32_8x_flat,9.233300,11264x1x384,64x1x1,1408x6x64x1
ffn_moe_up-17,kernel_mul_mv_id_q4_0_f32_8x_flat,9.267800,11264x1x384,64x1x1,1408x6x64x1
ffn_moe_weighted-17,kernel_swiglu,0.083000,196608x1x1,512x1x1,1408x6x64x1
ffn_moe_down-17,kernel_mul_mv_id_q4_0_f32_8x_flat,9.899300,16384x1x384,64x1x1,2048x6x64x1
node_1129,kernel_mul,0.099900,384x64x1,64x1x1,2048x6x64x1
ffn_gate-17,kernel_transpose_32_16,0.010700,512x16x0,1x16x0,2816x64x1x1
ffn_gate-17,kernel_mul_mat_Ab_Bi_8x4,0.385900,8x704x1,1x128x1,2816x64x1x1
ffn_up-17,kernel_transpose_32_16,0.010300,512x16x0,1x16x0,2816x64x1x1
ffn_up-17,kernel_mul_mat_Ab_Bi_8x4,0.383600,8x704x1,1x128x1,2816x64x1x1
ffn_swiglu-17,kernel_swiglu,0.023100,32768x1x1,512x1x1,2816x64x1x1
node_1139,kernel_add,0.023700,4096x1x1,64x1x1,2048x64x1x1
node_1140,kernel_add,0.020600,4096x1x1,64x1x1,2048x64x1x1
node_1141,kernel_add,0.017200,4096x1x1,64x1x1,2048x64x1x1
node_1142,kernel_add,0.017400,4096x1x1,64x1x1,2048x64x1x1
ffn_moe_out-17,kernel_add,0.017400,4096x1x1,64x1x1,2048x64x1x1
ffn_shexp-17,kernel_transpose_32_16,0.012400,704x16x0,1x16x0,2048x64x1x1
ffn_shexp-17,kernel_mul_mat_Ab_Bi_8x4,0.531300,8x512x1,1x128x1,2048x64x1x1
ffn_out-17,kernel_add,0.021200,4096x1x1,64x1x1,2048x64x1x1
l_out-17,kernel_add,0.017800,4096x1x1,64x1x1,2048x64x1x1
attn_norm-18,kernel_rms_norm_mul,0.019100,65536x1x1,1024x1x1,2048x64x1x1
q-18,kernel_transpose_32_16,0.006900,512x16x0,1x16x0,3072x64x1x1
q-18,kernel_mul_mat_Ab_Bi_8x4,0.387400,8x768x1,1x128x1,3072x64x1x1
q_pe-18,kernel_rope_norm_f32,0.012100,1024x64x1,64x1x1,64x16x64x1
Qcur-18,kernel_concat_f32_non_contiguous,0.349200,16x64x1,0x0x0,192x16x64x1
kv_cmpr_pe-18,kernel_transpose_32_16,0.009500,512x16x0,1x16x0,576x64x1x1
kv_cmpr_pe-18,kernel_mul_mat_Ab_Bi_8x4,0.315800,8x144x1,1x128x1,576x64x1x1
k_pe-18,kernel_rope_norm_f32,0.002800,64x64x1,64x1x1,64x1x64x1
node_1157,kernel_repeat,0.284600,16x64x1,0x0x0,64x16x64x1
kv_cmpr-18,kernel_rms_norm_mul,0.010000,32768x1x1,512x1x1,512x64x1x1
kv-18,kernel_transpose_32_16,0.004000,128x16x0,1x16x0,4096x64x1x1
kv-18,kernel_mul_mat_Ab_Bi_8x4,0.134400,8x1024x1,1x128x1,4096x64x1x1
Kcur-18,kernel_concat_f32_non_contiguous,0.391300,16x64x1,0x0x0,192x16x64x1
Vcur_cont-18,kernel_cpy_f32_f32,0.010400,1024x64x1,64x1x1,128x16x64x1
cache_k_l18 (view),kernel_set_rows_f16_i64,0.015700,65536x1x1,1024x1x1,3072x4096x1x1
cache_v_l18 (view),kernel_set_rows_f16_i64,0.012000,65536x1x1,1024x1x1,2048x4096x1x1
__fattn__-18,flash_attn_f32_f16,14.046600,64x16x0,16x1x0,128x16x64x1
node_1178,kernel_transpose_32_16,0.009500,512x16x0,1x16x0,2048x64x1x1
node_1178,kernel_mul_mat_Ab_Bi_8x4,0.377900,8x512x1,1x128x1,2048x64x1x1
ffn_inp-18,kernel_add,0.021500,4096x1x1,64x1x1,2048x64x1x1
ffn_norm-18,kernel_rms_norm_mul,0.019300,65536x1x1,1024x1x1,2048x64x1x1
ffn_moe_logits-18,kernel_mul_mm_f32_f32_l4_lm,0.492100,128x1x1,128x1x1,64x64x1x1
ffn_moe_probs-18,kernel_soft_max_4,0.003900,4096x1x1,64x1x1,64x64x1x1
ffn_moe_argsort-18,kernel_argsort_f32_i32,0.015200,64x64x1,64x1x1,64x64x1x1
ffn_moe_weights-18,kernel_get_rows_f32,0.004400,384x64x1,64x1x1,1x6x64x1
ffn_moe_weights_scaled-18,kernel_scale,0.001800,96x1x1,64x1x1,1x6x64x1
ffn_moe_gate-18,kernel_mul_mv_id_q4_0_f32_8x_flat,9.187200,11264x1x384,64x1x1,1408x6x64x1
ffn_moe_up-18,kernel_mul_mv_id_q4_0_f32_8x_flat,9.242900,11264x1x384,64x1x1,1408x6x64x1
ffn_moe_weighted-18,kernel_swiglu,0.082300,196608x1x1,512x1x1,1408x6x64x1
ffn_moe_down-18,kernel_mul_mv_id_q4_0_f32_8x_flat,9.871900,16384x1x384,64x1x1,2048x6x64x1
node_1194,kernel_mul,0.102800,384x64x1,64x1x1,2048x6x64x1
ffn_gate-18,kernel_transpose_32_16,0.011200,512x16x0,1x16x0,2816x64x1x1
ffn_gate-18,kernel_mul_mat_Ab_Bi_8x4,0.386400,8x704x1,1x128x1,2816x64x1x1
ffn_up-18,kernel_transpose_32_16,0.010300,512x16x0,1x16x0,2816x64x1x1
ffn_up-18,kernel_mul_mat_Ab_Bi_8x4,0.385500,8x704x1,1x128x1,2816x64x1x1
ffn_swiglu-18,kernel_swiglu,0.023000,32768x1x1,512x1x1,2816x64x1x1
node_1204,kernel_add,0.024300,4096x1x1,64x1x1,2048x64x1x1
node_1205,kernel_add,0.016800,4096x1x1,64x1x1,2048x64x1x1
node_1206,kernel_add,0.017800,4096x1x1,64x1x1,2048x64x1x1
node_1207,kernel_add,0.017700,4096x1x1,64x1x1,2048x64x1x1
ffn_moe_out-18,kernel_add,0.017300,4096x1x1,64x1x1,2048x64x1x1
ffn_shexp-18,kernel_transpose_32_16,0.013700,704x16x0,1x16x0,2048x64x1x1
ffn_shexp-18,kernel_mul_mat_Ab_Bi_8x4,0.528400,8x512x1,1x128x1,2048x64x1x1
ffn_out-18,kernel_add,0.020300,4096x1x1,64x1x1,2048x64x1x1
l_out-18,kernel_add,0.019500,4096x1x1,64x1x1,2048x64x1x1
attn_norm-19,kernel_rms_norm_mul,0.019400,65536x1x1,1024x1x1,2048x64x1x1
q-19,kernel_transpose_32_16,0.009700,512x16x0,1x16x0,3072x64x1x1
q-19,kernel_mul_mat_Ab_Bi_8x4,0.390000,8x768x1,1x128x1,3072x64x1x1
q_pe-19,kernel_rope_norm_f32,0.011700,1024x64x1,64x1x1,64x16x64x1
Qcur-19,kernel_concat_f32_non_contiguous,0.345100,16x64x1,0x0x0,192x16x64x1
kv_cmpr_pe-19,kernel_transpose_32_16,0.010700,512x16x0,1x16x0,576x64x1x1
kv_cmpr_pe-19,kernel_mul_mat_Ab_Bi_8x4,0.315700,8x144x1,1x128x1,576x64x1x1
k_pe-19,kernel_rope_norm_f32,0.002800,64x64x1,64x1x1,64x1x64x1
node_1222,kernel_repeat,0.284300,16x64x1,0x0x0,64x16x64x1
kv_cmpr-19,kernel_rms_norm_mul,0.009900,32768x1x1,512x1x1,512x64x1x1
kv-19,kernel_transpose_32_16,0.003800,128x16x0,1x16x0,4096x64x1x1
kv-19,kernel_mul_mat_Ab_Bi_8x4,0.134400,8x1024x1,1x128x1,4096x64x1x1
Kcur-19,kernel_concat_f32_non_contiguous,0.395800,16x64x1,0x0x0,192x16x64x1
Vcur_cont-19,kernel_cpy_f32_f32,0.013400,1024x64x1,64x1x1,128x16x64x1
cache_k_l19 (view),kernel_set_rows_f16_i64,0.016400,65536x1x1,1024x1x1,3072x4096x1x1
cache_v_l19 (view),kernel_set_rows_f16_i64,0.011500,65536x1x1,1024x1x1,2048x4096x1x1
__fattn__-19,flash_attn_f32_f16,13.992100,64x16x0,16x1x0,128x16x64x1
node_1243,kernel_transpose_32_16,0.010100,512x16x0,1x16x0,2048x64x1x1
node_1243,kernel_mul_mat_Ab_Bi_8x4,0.380500,8x512x1,1x128x1,2048x64x1x1
ffn_inp-19,kernel_add,0.022400,4096x1x1,64x1x1,2048x64x1x1
ffn_norm-19,kernel_rms_norm_mul,0.019400,65536x1x1,1024x1x1,2048x64x1x1
ffn_moe_logits-19,kernel_mul_mm_f32_f32_l4_lm,0.511900,128x1x1,128x1x1,64x64x1x1
ffn_moe_probs-19,kernel_soft_max_4,0.003600,4096x1x1,64x1x1,64x64x1x1
ffn_moe_argsort-19,kernel_argsort_f32_i32,0.015100,64x64x1,64x1x1,64x64x1x1
ffn_moe_weights-19,kernel_get_rows_f32,0.004500,384x64x1,64x1x1,1x6x64x1
ffn_moe_weights_scaled-19,kernel_scale,0.001800,96x1x1,64x1x1,1x6x64x1
ffn_moe_gate-19,kernel_mul_mv_id_q4_0_f32_8x_flat,9.288300,11264x1x384,64x1x1,1408x6x64x1
ffn_moe_up-19,kernel_mul_mv_id_q4_0_f32_8x_flat,9.241500,11264x1x384,64x1x1,1408x6x64x1
ffn_moe_weighted-19,kernel_swiglu,0.081500,196608x1x1,512x1x1,1408x6x64x1
ffn_moe_down-19,kernel_mul_mv_id_q4_0_f32_8x_flat,9.886500,16384x1x384,64x1x1,2048x6x64x1
node_1259,kernel_mul,0.100500,384x64x1,64x1x1,2048x6x64x1
ffn_gate-19,kernel_transpose_32_16,0.010900,512x16x0,1x16x0,2816x64x1x1
ffn_gate-19,kernel_mul_mat_Ab_Bi_8x4,0.384700,8x704x1,1x128x1,2816x64x1x1
ffn_up-19,kernel_transpose_32_16,0.010000,512x16x0,1x16x0,2816x64x1x1
ffn_up-19,kernel_mul_mat_Ab_Bi_8x4,0.382300,8x704x1,1x128x1,2816x64x1x1
ffn_swiglu-19,kernel_swiglu,0.022900,32768x1x1,512x1x1,2816x64x1x1
node_1269,kernel_add,0.024100,4096x1x1,64x1x1,2048x64x1x1
node_1270,kernel_add,0.020600,4096x1x1,64x1x1,2048x64x1x1
node_1271,kernel_add,0.017400,4096x1x1,64x1x1,2048x64x1x1
node_1272,kernel_add,0.017400,4096x1x1,64x1x1,2048x64x1x1
ffn_moe_out-19,kernel_add,0.016900,4096x1x1,64x1x1,2048x64x1x1
ffn_shexp-19,kernel_transpose_32_16,0.012700,704x16x0,1x16x0,2048x64x1x1
ffn_shexp-19,kernel_mul_mat_Ab_Bi_8x4,0.523000,8x512x1,1x128x1,2048x64x1x1
ffn_out-19,kernel_add,0.021200,4096x1x1,64x1x1,2048x64x1x1
l_out-19,kernel_add,0.017500,4096x1x1,64x1x1,2048x64x1x1
attn_norm-20,kernel_rms_norm_mul,0.019000,65536x1x1,1024x1x1,2048x64x1x1
q-20,kernel_transpose_32_16,0.006700,512x16x0,1x16x0,3072x64x1x1
q-20,kernel_mul_mat_Ab_Bi_8x4,0.389100,8x768x1,1x128x1,3072x64x1x1
q_pe-20,kernel_rope_norm_f32,0.009500,1024x64x1,64x1x1,64x16x64x1
Qcur-20,kernel_concat_f32_non_contiguous,0.346200,16x64x1,0x0x0,192x16x64x1
kv_cmpr_pe-20,kernel_transpose_32_16,0.010300,512x16x0,1x16x0,576x64x1x1
kv_cmpr_pe-20,kernel_mul_mat_Ab_Bi_8x4,0.317600,8x144x1,1x128x1,576x64x1x1
k_pe-20,kernel_rope_norm_f32,0.002600,64x64x1,64x1x1,64x1x64x1
node_1287,kernel_repeat,0.284000,16x64x1,0x0x0,64x16x64x1
kv_cmpr-20,kernel_rms_norm_mul,0.010100,32768x1x1,512x1x1,512x64x1x1
kv-20,kernel_transpose_32_16,0.004000,128x16x0,1x16x0,4096x64x1x1
kv-20,kernel_mul_mat_Ab_Bi_8x4,0.134400,8x1024x1,1x128x1,4096x64x1x1
Kcur-20,kernel_concat_f32_non_contiguous,0.386300,16x64x1,0x0x0,192x16x64x1
Vcur_cont-20,kernel_cpy_f32_f32,0.014500,1024x64x1,64x1x1,128x16x64x1
cache_k_l20 (view),kernel_set_rows_f16_i64,0.015400,65536x1x1,1024x1x1,3072x4096x1x1
cache_v_l20 (view),kernel_set_rows_f16_i64,0.010900,65536x1x1,1024x1x1,2048x4096x1x1
__fattn__-20,flash_attn_f32_f16,13.997600,64x16x0,16x1x0,128x16x64x1
node_1308,kernel_transpose_32_16,0.009400,512x16x0,1x16x0,2048x64x1x1
node_1308,kernel_mul_mat_Ab_Bi_8x4,0.380200,8x512x1,1x128x1,2048x64x1x1
ffn_inp-20,kernel_add,0.016800,4096x1x1,64x1x1,2048x64x1x1
ffn_norm-20,kernel_rms_norm_mul,0.019500,65536x1x1,1024x1x1,2048x64x1x1
ffn_moe_logits-20,kernel_mul_mm_f32_f32_l4_lm,0.517200,128x1x1,128x1x1,64x64x1x1
ffn_moe_probs-20,kernel_soft_max_4,0.003600,4096x1x1,64x1x1,64x64x1x1
ffn_moe_argsort-20,kernel_argsort_f32_i32,0.015300,64x64x1,64x1x1,64x64x1x1
ffn_moe_weights-20,kernel_get_rows_f32,0.004100,384x64x1,64x1x1,1x6x64x1
ffn_moe_weights_scaled-20,kernel_scale,0.002000,96x1x1,64x1x1,1x6x64x1
ffn_moe_gate-20,kernel_mul_mv_id_q4_0_f32_8x_flat,9.227400,11264x1x384,64x1x1,1408x6x64x1
ffn_moe_up-20,kernel_mul_mv_id_q4_0_f32_8x_flat,9.182000,11264x1x384,64x1x1,1408x6x64x1
ffn_moe_weighted-20,kernel_swiglu,0.081300,196608x1x1,512x1x1,1408x6x64x1
ffn_moe_down-20,kernel_mul_mv_id_q4_0_f32_8x_flat,9.893000,16384x1x384,64x1x1,2048x6x64x1
node_1324,kernel_mul,0.099300,384x64x1,64x1x1,2048x6x64x1
ffn_gate-20,kernel_transpose_32_16,0.011500,512x16x0,1x16x0,2816x64x1x1
ffn_gate-20,kernel_mul_mat_Ab_Bi_8x4,0.386000,8x704x1,1x128x1,2816x64x1x1
ffn_up-20,kernel_transpose_32_16,0.010300,512x16x0,1x16x0,2816x64x1x1
ffn_up-20,kernel_mul_mat_Ab_Bi_8x4,0.382800,8x704x1,1x128x1,2816x64x1x1
ffn_swiglu-20,kernel_swiglu,0.021200,32768x1x1,512x1x1,2816x64x1x1
node_1334,kernel_add,0.024500,4096x1x1,64x1x1,2048x64x1x1
node_1335,kernel_add,0.020800,4096x1x1,64x1x1,2048x64x1x1
node_1336,kernel_add,0.017300,4096x1x1,64x1x1,2048x64x1x1
node_1337,kernel_add,0.017600,4096x1x1,64x1x1,2048x64x1x1
ffn_moe_out-20,kernel_add,0.017300,4096x1x1,64x1x1,2048x64x1x1
ffn_shexp-20,kernel_transpose_32_16,0.013500,704x16x0,1x16x0,2048x64x1x1
ffn_shexp-20,kernel_mul_mat_Ab_Bi_8x4,0.533000,8x512x1,1x128x1,2048x64x1x1
ffn_out-20,kernel_add,0.015600,4096x1x1,64x1x1,2048x64x1x1
l_out-20,kernel_add,0.018400,4096x1x1,64x1x1,2048x64x1x1
attn_norm-21,kernel_rms_norm_mul,0.019400,65536x1x1,1024x1x1,2048x64x1x1
q-21,kernel_transpose_32_16,0.006800,512x16x0,1x16x0,3072x64x1x1
q-21,kernel_mul_mat_Ab_Bi_8x4,0.388800,8x768x1,1x128x1,3072x64x1x1
q_pe-21,kernel_rope_norm_f32,0.012300,1024x64x1,64x1x1,64x16x64x1
Qcur-21,kernel_concat_f32_non_contiguous,0.348900,16x64x1,0x0x0,192x16x64x1
kv_cmpr_pe-21,kernel_transpose_32_16,0.010300,512x16x0,1x16x0,576x64x1x1
kv_cmpr_pe-21,kernel_mul_mat_Ab_Bi_8x4,0.314800,8x144x1,1x128x1,576x64x1x1
k_pe-21,kernel_rope_norm_f32,0.002700,64x64x1,64x1x1,64x1x64x1
node_1352,kernel_repeat,0.285100,16x64x1,0x0x0,64x16x64x1
kv_cmpr-21,kernel_rms_norm_mul,0.009700,32768x1x1,512x1x1,512x64x1x1
kv-21,kernel_transpose_32_16,0.004300,128x16x0,1x16x0,4096x64x1x1
kv-21,kernel_mul_mat_Ab_Bi_8x4,0.132500,8x1024x1,1x128x1,4096x64x1x1
Kcur-21,kernel_concat_f32_non_contiguous,0.393800,16x64x1,0x0x0,192x16x64x1
Vcur_cont-21,kernel_cpy_f32_f32,0.013500,1024x64x1,64x1x1,128x16x64x1
cache_k_l21 (view),kernel_set_rows_f16_i64,0.014200,65536x1x1,1024x1x1,3072x4096x1x1
cache_v_l21 (view),kernel_set_rows_f16_i64,0.011600,65536x1x1,1024x1x1,2048x4096x1x1
__fattn__-21,flash_attn_f32_f16,14.027900,64x16x0,16x1x0,128x16x64x1
node_1373,kernel_transpose_32_16,0.009700,512x16x0,1x16x0,2048x64x1x1
node_1373,kernel_mul_mat_Ab_Bi_8x4,0.376400,8x512x1,1x128x1,2048x64x1x1
ffn_inp-21,kernel_add,0.021400,4096x1x1,64x1x1,2048x64x1x1
ffn_norm-21,kernel_rms_norm_mul,0.018900,65536x1x1,1024x1x1,2048x64x1x1
ffn_moe_logits-21,kernel_mul_mm_f32_f32_l4_lm,0.506200,128x1x1,128x1x1,64x64x1x1
ffn_moe_probs-21,kernel_soft_max_4,0.003900,4096x1x1,64x1x1,64x64x1x1
ffn_moe_argsort-21,kernel_argsort_f32_i32,0.015000,64x64x1,64x1x1,64x64x1x1
ffn_moe_weights-21,kernel_get_rows_f32,0.004000,384x64x1,64x1x1,1x6x64x1
ffn_moe_weights_scaled-21,kernel_scale,0.001700,96x1x1,64x1x1,1x6x64x1
ffn_moe_gate-21,kernel_mul_mv_id_q4_0_f32_8x_flat,9.282700,11264x1x384,64x1x1,1408x6x64x1
ffn_moe_up-21,kernel_mul_mv_id_q4_0_f32_8x_flat,9.263900,11264x1x384,64x1x1,1408x6x64x1
ffn_moe_weighted-21,kernel_swiglu,0.081500,196608x1x1,512x1x1,1408x6x64x1
ffn_moe_down-21,kernel_mul_mv_id_q4_0_f32_8x_flat,9.909200,16384x1x384,64x1x1,2048x6x64x1
node_1389,kernel_mul,0.103200,384x64x1,64x1x1,2048x6x64x1
ffn_gate-21,kernel_transpose_32_16,0.011500,512x16x0,1x16x0,2816x64x1x1
ffn_gate-21,kernel_mul_mat_Ab_Bi_8x4,0.382400,8x704x1,1x128x1,2816x64x1x1
ffn_up-21,kernel_transpose_32_16,0.010300,512x16x0,1x16x0,2816x64x1x1
ffn_up-21,kernel_mul_mat_Ab_Bi_8x4,0.387700,8x704x1,1x128x1,2816x64x1x1
ffn_swiglu-21,kernel_swiglu,0.023000,32768x1x1,512x1x1,2816x64x1x1
node_1399,kernel_add,0.024800,4096x1x1,64x1x1,2048x64x1x1
node_1400,kernel_add,0.020100,4096x1x1,64x1x1,2048x64x1x1
node_1401,kernel_add,0.017000,4096x1x1,64x1x1,2048x64x1x1
node_1402,kernel_add,0.017600,4096x1x1,64x1x1,2048x64x1x1
ffn_moe_out-21,kernel_add,0.017600,4096x1x1,64x1x1,2048x64x1x1
ffn_shexp-21,kernel_transpose_32_16,0.012700,704x16x0,1x16x0,2048x64x1x1
ffn_shexp-21,kernel_mul_mat_Ab_Bi_8x4,0.523600,8x512x1,1x128x1,2048x64x1x1
ffn_out-21,kernel_add,0.021800,4096x1x1,64x1x1,2048x64x1x1
l_out-21,kernel_add,0.018300,4096x1x1,64x1x1,2048x64x1x1
attn_norm-22,kernel_rms_norm_mul,0.019100,65536x1x1,1024x1x1,2048x64x1x1
q-22,kernel_transpose_32_16,0.009300,512x16x0,1x16x0,3072x64x1x1
q-22,kernel_mul_mat_Ab_Bi_8x4,0.387700,8x768x1,1x128x1,3072x64x1x1
q_pe-22,kernel_rope_norm_f32,0.012400,1024x64x1,64x1x1,64x16x64x1
Qcur-22,kernel_concat_f32_non_contiguous,0.350200,16x64x1,0x0x0,192x16x64x1
kv_cmpr_pe-22,kernel_transpose_32_16,0.010300,512x16x0,1x16x0,576x64x1x1
kv_cmpr_pe-22,kernel_mul_mat_Ab_Bi_8x4,0.315700,8x144x1,1x128x1,576x64x1x1
k_pe-22,kernel_rope_norm_f32,0.002700,64x64x1,64x1x1,64x1x64x1
node_1417,kernel_repeat,0.285500,16x64x1,0x0x0,64x16x64x1
kv_cmpr-22,kernel_rms_norm_mul,0.010000,32768x1x1,512x1x1,512x64x1x1
kv-22,kernel_transpose_32_16,0.003800,128x16x0,1x16x0,4096x64x1x1
kv-22,kernel_mul_mat_Ab_Bi_8x4,0.132700,8x1024x1,1x128x1,4096x64x1x1
Kcur-22,kernel_concat_f32_non_contiguous,0.383800,16x64x1,0x0x0,192x16x64x1
Vcur_cont-22,kernel_cpy_f32_f32,0.014100,1024x64x1,64x1x1,128x16x64x1
cache_k_l22 (view),kernel_set_rows_f16_i64,0.015700,65536x1x1,1024x1x1,3072x4096x1x1
cache_v_l22 (view),kernel_set_rows_f16_i64,0.011400,65536x1x1,1024x1x1,2048x4096x1x1
__fattn__-22,flash_attn_f32_f16,14.010900,64x16x0,16x1x0,128x16x64x1
node_1438,kernel_transpose_32_16,0.009200,512x16x0,1x16x0,2048x64x1x1
node_1438,kernel_mul_mat_Ab_Bi_8x4,0.377100,8x512x1,1x128x1,2048x64x1x1
ffn_inp-22,kernel_add,0.020300,4096x1x1,64x1x1,2048x64x1x1
ffn_norm-22,kernel_rms_norm_mul,0.019300,65536x1x1,1024x1x1,2048x64x1x1
ffn_moe_logits-22,kernel_mul_mm_f32_f32_l4_lm,0.506200,128x1x1,128x1x1,64x64x1x1
ffn_moe_probs-22,kernel_soft_max_4,0.003600,4096x1x1,64x1x1,64x64x1x1
ffn_moe_argsort-22,kernel_argsort_f32_i32,0.015400,64x64x1,64x1x1,64x64x1x1
ffn_moe_weights-22,kernel_get_rows_f32,0.004100,384x64x1,64x1x1,1x6x64x1
ffn_moe_weights_scaled-22,kernel_scale,0.002000,96x1x1,64x1x1,1x6x64x1
ffn_moe_gate-22,kernel_mul_mv_id_q4_0_f32_8x_flat,9.191200,11264x1x384,64x1x1,1408x6x64x1
ffn_moe_up-22,kernel_mul_mv_id_q4_0_f32_8x_flat,9.184200,11264x1x384,64x1x1,1408x6x64x1
ffn_moe_weighted-22,kernel_swiglu,0.082700,196608x1x1,512x1x1,1408x6x64x1
ffn_moe_down-22,kernel_mul_mv_id_q4_0_f32_8x_flat,9.883000,16384x1x384,64x1x1,2048x6x64x1
node_1454,kernel_mul,0.101100,384x64x1,64x1x1,2048x6x64x1
ffn_gate-22,kernel_transpose_32_16,0.010900,512x16x0,1x16x0,2816x64x1x1
ffn_gate-22,kernel_mul_mat_Ab_Bi_8x4,0.385900,8x704x1,1x128x1,2816x64x1x1
ffn_up-22,kernel_transpose_32_16,0.009500,512x16x0,1x16x0,2816x64x1x1
ffn_up-22,kernel_mul_mat_Ab_Bi_8x4,0.385500,8x704x1,1x128x1,2816x64x1x1
ffn_swiglu-22,kernel_swiglu,0.024000,32768x1x1,512x1x1,2816x64x1x1
node_1464,kernel_add,0.024100,4096x1x1,64x1x1,2048x64x1x1
node_1465,kernel_add,0.020600,4096x1x1,64x1x1,2048x64x1x1
node_1466,kernel_add,0.017800,4096x1x1,64x1x1,2048x64x1x1
node_1467,kernel_add,0.017200,4096x1x1,64x1x1,2048x64x1x1
ffn_moe_out-22,kernel_add,0.017800,4096x1x1,64x1x1,2048x64x1x1
ffn_shexp-22,kernel_transpose_32_16,0.011600,704x16x0,1x16x0,2048x64x1x1
ffn_shexp-22,kernel_mul_mat_Ab_Bi_8x4,0.524800,8x512x1,1x128x1,2048x64x1x1
ffn_out-22,kernel_add,0.020600,4096x1x1,64x1x1,2048x64x1x1
l_out-22,kernel_add,0.018400,4096x1x1,64x1x1,2048x64x1x1
attn_norm-23,kernel_rms_norm_mul,0.019100,65536x1x1,1024x1x1,2048x64x1x1
q-23,kernel_transpose_32_16,0.007000,512x16x0,1x16x0,3072x64x1x1
q-23,kernel_mul_mat_Ab_Bi_8x4,0.389100,8x768x1,1x128x1,3072x64x1x1
q_pe-23,kernel_rope_norm_f32,0.012200,1024x64x1,64x1x1,64x16x64x1
Qcur-23,kernel_concat_f32_non_contiguous,0.345600,16x64x1,0x0x0,192x16x64x1
kv_cmpr_pe-23,kernel_transpose_32_16,0.010400,512x16x0,1x16x0,576x64x1x1
kv_cmpr_pe-23,kernel_mul_mat_Ab_Bi_8x4,0.318500,8x144x1,1x128x1,576x64x1x1
k_pe-23,kernel_rope_norm_f32,0.002800,64x64x1,64x1x1,64x1x64x1
node_1482,kernel_repeat,0.285000,16x64x1,0x0x0,64x16x64x1
kv_cmpr-23,kernel_rms_norm_mul,0.010200,32768x1x1,512x1x1,512x64x1x1
kv-23,kernel_transpose_32_16,0.004200,128x16x0,1x16x0,4096x64x1x1
kv-23,kernel_mul_mat_Ab_Bi_8x4,0.134900,8x1024x1,1x128x1,4096x64x1x1
Kcur-23,kernel_concat_f32_non_contiguous,0.394200,16x64x1,0x0x0,192x16x64x1
Vcur_cont-23,kernel_cpy_f32_f32,0.013400,1024x64x1,64x1x1,128x16x64x1
cache_k_l23 (view),kernel_set_rows_f16_i64,0.015900,65536x1x1,1024x1x1,3072x4096x1x1
cache_v_l23 (view),kernel_set_rows_f16_i64,0.011400,65536x1x1,1024x1x1,2048x4096x1x1
__fattn__-23,flash_attn_f32_f16,14.022000,64x16x0,16x1x0,128x16x64x1
node_1503,kernel_transpose_32_16,0.009900,512x16x0,1x16x0,2048x64x1x1
node_1503,kernel_mul_mat_Ab_Bi_8x4,0.378300,8x512x1,1x128x1,2048x64x1x1
ffn_inp-23,kernel_add,0.021700,4096x1x1,64x1x1,2048x64x1x1
ffn_norm-23,kernel_rms_norm_mul,0.019600,65536x1x1,1024x1x1,2048x64x1x1
ffn_moe_logits-23,kernel_mul_mm_f32_f32_l4_lm,0.516000,128x1x1,128x1x1,64x64x1x1
ffn_moe_probs-23,kernel_soft_max_4,0.003600,4096x1x1,64x1x1,64x64x1x1
ffn_moe_argsort-23,kernel_argsort_f32_i32,0.015200,64x64x1,64x1x1,64x64x1x1
ffn_moe_weights-23,kernel_get_rows_f32,0.004200,384x64x1,64x1x1,1x6x64x1
ffn_moe_weights_scaled-23,kernel_scale,0.001800,96x1x1,64x1x1,1x6x64x1
ffn_moe_gate-23,kernel_mul_mv_id_q4_0_f32_8x_flat,9.263200,11264x1x384,64x1x1,1408x6x64x1
ffn_moe_up-23,kernel_mul_mv_id_q4_0_f32_8x_flat,9.260800,11264x1x384,64x1x1,1408x6x64x1
ffn_moe_weighted-23,kernel_swiglu,0.083200,196608x1x1,512x1x1,1408x6x64x1
ffn_moe_down-23,kernel_mul_mv_id_q4_0_f32_8x_flat,9.902500,16384x1x384,64x1x1,2048x6x64x1
node_1519,kernel_mul,0.099400,384x64x1,64x1x1,2048x6x64x1
ffn_gate-23,kernel_transpose_32_16,0.011900,512x16x0,1x16x0,2816x64x1x1
ffn_gate-23,kernel_mul_mat_Ab_Bi_8x4,0.385900,8x704x1,1x128x1,2816x64x1x1
ffn_up-23,kernel_transpose_32_16,0.009900,512x16x0,1x16x0,2816x64x1x1
ffn_up-23,kernel_mul_mat_Ab_Bi_8x4,0.381300,8x704x1,1x128x1,2816x64x1x1
ffn_swiglu-23,kernel_swiglu,0.024400,32768x1x1,512x1x1,2816x64x1x1
node_1529,kernel_add,0.021700,4096x1x1,64x1x1,2048x64x1x1
node_1530,kernel_add,0.020000,4096x1x1,64x1x1,2048x64x1x1
node_1531,kernel_add,0.017200,4096x1x1,64x1x1,2048x64x1x1
node_1532,kernel_add,0.017400,4096x1x1,64x1x1,2048x64x1x1
ffn_moe_out-23,kernel_add,0.018000,4096x1x1,64x1x1,2048x64x1x1
ffn_shexp-23,kernel_transpose_32_16,0.012600,704x16x0,1x16x0,2048x64x1x1
ffn_shexp-23,kernel_mul_mat_Ab_Bi_8x4,0.527000,8x512x1,1x128x1,2048x64x1x1
ffn_out-23,kernel_add,0.021200,4096x1x1,64x1x1,2048x64x1x1
l_out-23,kernel_add,0.016900,4096x1x1,64x1x1,2048x64x1x1
attn_norm-24,kernel_rms_norm_mul,0.019200,65536x1x1,1024x1x1,2048x64x1x1
q-24,kernel_transpose_32_16,0.006900,512x16x0,1x16x0,3072x64x1x1
q-24,kernel_mul_mat_Ab_Bi_8x4,0.387500,8x768x1,1x128x1,3072x64x1x1
q_pe-24,kernel_rope_norm_f32,0.012400,1024x64x1,64x1x1,64x16x64x1
Qcur-24,kernel_concat_f32_non_contiguous,0.348700,16x64x1,0x0x0,192x16x64x1
kv_cmpr_pe-24,kernel_transpose_32_16,0.010200,512x16x0,1x16x0,576x64x1x1
kv_cmpr_pe-24,kernel_mul_mat_Ab_Bi_8x4,0.316400,8x144x1,1x128x1,576x64x1x1
k_pe-24,kernel_rope_norm_f32,0.003100,64x64x1,64x1x1,64x1x64x1
node_1547,kernel_repeat,0.284900,16x64x1,0x0x0,64x16x64x1
kv_cmpr-24,kernel_rms_norm_mul,0.009700,32768x1x1,512x1x1,512x64x1x1
kv-24,kernel_transpose_32_16,0.004000,128x16x0,1x16x0,4096x64x1x1
kv-24,kernel_mul_mat_Ab_Bi_8x4,0.134500,8x1024x1,1x128x1,4096x64x1x1
Kcur-24,kernel_concat_f32_non_contiguous,0.387700,16x64x1,0x0x0,192x16x64x1
Vcur_cont-24,kernel_cpy_f32_f32,0.014200,1024x64x1,64x1x1,128x16x64x1
cache_k_l24 (view),kernel_set_rows_f16_i64,0.015900,65536x1x1,1024x1x1,3072x4096x1x1
cache_v_l24 (view),kernel_set_rows_f16_i64,0.011300,65536x1x1,1024x1x1,2048x4096x1x1
__fattn__-24,flash_attn_f32_f16,14.051900,64x16x0,16x1x0,128x16x64x1
node_1568,kernel_transpose_32_16,0.009900,512x16x0,1x16x0,2048x64x1x1
node_1568,kernel_mul_mat_Ab_Bi_8x4,0.378000,8x512x1,1x128x1,2048x64x1x1
ffn_inp-24,kernel_add,0.021800,4096x1x1,64x1x1,2048x64x1x1
ffn_norm-24,kernel_rms_norm_mul,0.019600,65536x1x1,1024x1x1,2048x64x1x1
ffn_moe_logits-24,kernel_mul_mm_f32_f32_l4_lm,0.515300,128x1x1,128x1x1,64x64x1x1
ffn_moe_probs-24,kernel_soft_max_4,0.003600,4096x1x1,64x1x1,64x64x1x1
ffn_moe_argsort-24,kernel_argsort_f32_i32,0.015400,64x64x1,64x1x1,64x64x1x1
ffn_moe_weights-24,kernel_get_rows_f32,0.004300,384x64x1,64x1x1,1x6x64x1
ffn_moe_weights_scaled-24,kernel_scale,0.002000,96x1x1,64x1x1,1x6x64x1
ffn_moe_gate-24,kernel_mul_mv_id_q4_0_f32_8x_flat,9.201300,11264x1x384,64x1x1,1408x6x64x1
ffn_moe_up-24,kernel_mul_mv_id_q4_0_f32_8x_flat,9.251900,11264x1x384,64x1x1,1408x6x64x1
ffn_moe_weighted-24,kernel_swiglu,0.080800,196608x1x1,512x1x1,1408x6x64x1
ffn_moe_down-24,kernel_mul_mv_id_q4_0_f32_8x_flat,9.892200,16384x1x384,64x1x1,2048x6x64x1
node_1584,kernel_mul,0.099200,384x64x1,64x1x1,2048x6x64x1
ffn_gate-24,kernel_transpose_32_16,0.011000,512x16x0,1x16x0,2816x64x1x1
ffn_gate-24,kernel_mul_mat_Ab_Bi_8x4,0.378900,8x704x1,1x128x1,2816x64x1x1
ffn_up-24,kernel_transpose_32_16,0.010000,512x16x0,1x16x0,2816x64x1x1
ffn_up-24,kernel_mul_mat_Ab_Bi_8x4,0.382000,8x704x1,1x128x1,2816x64x1x1
ffn_swiglu-24,kernel_swiglu,0.024100,32768x1x1,512x1x1,2816x64x1x1
node_1594,kernel_add,0.024000,4096x1x1,64x1x1,2048x64x1x1
node_1595,kernel_add,0.021700,4096x1x1,64x1x1,2048x64x1x1
node_1596,kernel_add,0.017100,4096x1x1,64x1x1,2048x64x1x1
node_1597,kernel_add,0.016600,4096x1x1,64x1x1,2048x64x1x1
ffn_moe_out-24,kernel_add,0.017800,4096x1x1,64x1x1,2048x64x1x1
ffn_shexp-24,kernel_transpose_32_16,0.013300,704x16x0,1x16x0,2048x64x1x1
ffn_shexp-24,kernel_mul_mat_Ab_Bi_8x4,0.526500,8x512x1,1x128x1,2048x64x1x1
ffn_out-24,kernel_add,0.020600,4096x1x1,64x1x1,2048x64x1x1
l_out-24,kernel_add,0.018300,4096x1x1,64x1x1,2048x64x1x1
attn_norm-25,kernel_rms_norm_mul,0.019400,65536x1x1,1024x1x1,2048x64x1x1
q-25,kernel_transpose_32_16,0.006900,512x16x0,1x16x0,3072x64x1x1
q-25,kernel_mul_mat_Ab_Bi_8x4,0.386800,8x768x1,1x128x1,3072x64x1x1
q_pe-25,kernel_rope_norm_f32,0.012500,1024x64x1,64x1x1,64x16x64x1
Qcur-25,kernel_concat_f32_non_contiguous,0.346200,16x64x1,0x0x0,192x16x64x1
kv_cmpr_pe-25,kernel_transpose_32_16,0.010300,512x16x0,1x16x0,576x64x1x1
kv_cmpr_pe-25,kernel_mul_mat_Ab_Bi_8x4,0.319200,8x144x1,1x128x1,576x64x1x1
k_pe-25,kernel_rope_norm_f32,0.002600,64x64x1,64x1x1,64x1x64x1
node_1612,kernel_repeat,0.284700,16x64x1,0x0x0,64x16x64x1
kv_cmpr-25,kernel_rms_norm_mul,0.010200,32768x1x1,512x1x1,512x64x1x1
kv-25,kernel_transpose_32_16,0.004200,128x16x0,1x16x0,4096x64x1x1
kv-25,kernel_mul_mat_Ab_Bi_8x4,0.134800,8x1024x1,1x128x1,4096x64x1x1
Kcur-25,kernel_concat_f32_non_contiguous,0.385700,16x64x1,0x0x0,192x16x64x1
Vcur_cont-25,kernel_cpy_f32_f32,0.013500,1024x64x1,64x1x1,128x16x64x1
cache_k_l25 (view),kernel_set_rows_f16_i64,0.016200,65536x1x1,1024x1x1,3072x4096x1x1
cache_v_l25 (view),kernel_set_rows_f16_i64,0.011000,65536x1x1,1024x1x1,2048x4096x1x1
__fattn__-25,flash_attn_f32_f16,15.246400,64x16x0,16x1x0,128x16x64x1
node_1633,kernel_transpose_32_16,0.010200,512x16x0,1x16x0,2048x64x1x1
node_1633,kernel_mul_mat_Ab_Bi_8x4,0.383600,8x512x1,1x128x1,2048x64x1x1
ffn_inp-25,kernel_add,0.022100,4096x1x1,64x1x1,2048x64x1x1
ffn_norm-25,kernel_rms_norm_mul,0.019400,65536x1x1,1024x1x1,2048x64x1x1
ffn_moe_logits-25,kernel_mul_mm_f32_f32_l4_lm,0.507900,128x1x1,128x1x1,64x64x1x1
ffn_moe_probs-25,kernel_soft_max_4,0.003500,4096x1x1,64x1x1,64x64x1x1
ffn_moe_argsort-25,kernel_argsort_f32_i32,0.015000,64x64x1,64x1x1,64x64x1x1
ffn_moe_weights-25,kernel_get_rows_f32,0.004100,384x64x1,64x1x1,1x6x64x1
ffn_moe_weights_scaled-25,kernel_scale,0.001700,96x1x1,64x1x1,1x6x64x1
ffn_moe_gate-25,kernel_mul_mv_id_q4_0_f32_8x_flat,9.382400,11264x1x384,64x1x1,1408x6x64x1
ffn_moe_up-25,kernel_mul_mv_id_q4_0_f32_8x_flat,9.370900,11264x1x384,64x1x1,1408x6x64x1
ffn_moe_weighted-25,kernel_swiglu,0.081600,196608x1x1,512x1x1,1408x6x64x1
ffn_moe_down-25,kernel_mul_mv_id_q4_0_f32_8x_flat,9.911700,16384x1x384,64x1x1,2048x6x64x1
node_1649,kernel_mul,0.101900,384x64x1,64x1x1,2048x6x64x1
ffn_gate-25,kernel_transpose_32_16,0.011200,512x16x0,1x16x0,2816x64x1x1
ffn_gate-25,kernel_mul_mat_Ab_Bi_8x4,0.382700,8x704x1,1x128x1,2816x64x1x1
ffn_up-25,kernel_transpose_32_16,0.010400,512x16x0,1x16x0,2816x64x1x1
ffn_up-25,kernel_mul_mat_Ab_Bi_8x4,0.384000,8x704x1,1x128x1,2816x64x1x1
ffn_swiglu-25,kernel_swiglu,0.023300,32768x1x1,512x1x1,2816x64x1x1
node_1659,kernel_add,0.024300,4096x1x1,64x1x1,2048x64x1x1
node_1660,kernel_add,0.021000,4096x1x1,64x1x1,2048x64x1x1
node_1661,kernel_add,0.017600,4096x1x1,64x1x1,2048x64x1x1
node_1662,kernel_add,0.017600,4096x1x1,64x1x1,2048x64x1x1
ffn_moe_out-25,kernel_add,0.017200,4096x1x1,64x1x1,2048x64x1x1
ffn_shexp-25,kernel_transpose_32_16,0.013300,704x16x0,1x16x0,2048x64x1x1
ffn_shexp-25,kernel_mul_mat_Ab_Bi_8x4,0.536000,8x512x1,1x128x1,2048x64x1x1
ffn_out-25,kernel_add,0.021500,4096x1x1,64x1x1,2048x64x1x1
l_out-25,kernel_add,0.017600,4096x1x1,64x1x1,2048x64x1x1
attn_norm-26,kernel_rms_norm_mul,0.019200,65536x1x1,1024x1x1,2048x64x1x1
q-26,kernel_transpose_32_16,0.006800,512x16x0,1x16x0,3072x64x1x1
q-26,kernel_mul_mat_Ab_Bi_8x4,0.388000,8x768x1,1x128x1,3072x64x1x1
q_pe-26,kernel_rope_norm_f32,0.012100,1024x64x1,64x1x1,64x16x64x1
Qcur-26,kernel_concat_f32_non_contiguous,0.346500,16x64x1,0x0x0,192x16x64x1
kv_cmpr_pe-26,kernel_transpose_32_16,0.009600,512x16x0,1x16x0,576x64x1x1
kv_cmpr_pe-26,kernel_mul_mat_Ab_Bi_8x4,0.316900,8x144x1,1x128x1,576x64x1x1
k_pe-26,kernel_rope_norm_f32,0.002800,64x64x1,64x1x1,64x1x64x1
node_1677,kernel_repeat,0.284500,16x64x1,0x0x0,64x16x64x1
kv_cmpr-26,kernel_rms_norm_mul,0.010100,32768x1x1,512x1x1,512x64x1x1
kv-26,kernel_transpose_32_16,0.003900,128x16x0,1x16x0,4096x64x1x1
kv-26,kernel_mul_mat_Ab_Bi_8x4,0.134800,8x1024x1,1x128x1,4096x64x1x1
Kcur-26,kernel_concat_f32_non_contiguous,0.395400,16x64x1,0x0x0,192x16x64x1
Vcur_cont-26,kernel_cpy_f32_f32,0.010200,1024x64x1,64x1x1,128x16x64x1
cache_k_l26 (view),kernel_set_rows_f16_i64,0.015900,65536x1x1,1024x1x1,3072x4096x1x1
cache_v_l26 (view),kernel_set_rows_f16_i64,0.011900,65536x1x1,1024x1x1,2048x4096x1x1
__fattn__-26,flash_attn_f32_f16,14.033200,64x16x0,16x1x0,128x16x64x1
node_1698,kernel_transpose_32_16,0.009900,512x16x0,1x16x0,2048x64x1x1
node_1698,kernel_mul_mat_Ab_Bi_8x4,0.380900,8x512x1,1x128x1,2048x64x1x1
attn_norm-0,kernel_rms_norm_mul,0.008200,1024x1x1,1024x1x1,2048x1x1x1
q-0,kernel_gemv_noshuffle,0.053700,1536x4x1,64x4x1,3072x1x1x1
q_pe-0,kernel_rope_norm_f32,0.002800,1024x1x1,64x1x1,64x16x1x1
Qcur-0,kernel_concat_f32_non_contiguous,0.040100,16x1x1,0x0x0,192x16x1x1
kv_cmpr_pe-0,kernel_gemv_noshuffle,0.029700,320x4x1,64x4x1,576x1x1x1
k_pe-0,kernel_rope_norm_f32,0.002200,64x1x1,64x1x1,64x1x1x1
node_11,kernel_repeat,0.037200,16x1x1,0x0x0,64x16x1x1
kv_cmpr-0,kernel_rms_norm_mul,0.003700,512x1x1,512x1x1,512x1x1x1
kv-0,kernel_gemv_noshuffle,0.021900,2048x4x1,64x4x1,4096x1x1x1
Kcur-0,kernel_concat_f32_non_contiguous,0.040500,16x1x1,0x0x0,192x16x1x1
Vcur_cont-0,kernel_cpy_f32_f32,0.002600,1024x1x1,64x1x1,128x16x1x1
cache_k_l0 (view),kernel_set_rows_f16_i64,0.003800,1024x1x1,1024x1x1,3072x4096x1x1
cache_v_l0 (view),kernel_set_rows_f16_i64,0.003200,1024x1x1,1024x1x1,2048x4096x1x1
 (copy),kernel_cpy_f32_f16,0.006200,4096x1x1,64x1x1,768x64x1x1
__fattn__-0,flash_attn_f32_f16_q1,0.934700,64x16x0,64x1x0,128x16x1x1
node_33,kernel_gemv_noshuffle,0.046200,1024x4x1,64x4x1,2048x1x1x1
ffn_inp-0,kernel_add_row,0.002300,512x0x0,64x0x0,2048x1x1x1
ffn_norm-0,kernel_rms_norm_mul,0.005400,1024x1x1,1024x1x1,2048x1x1x1
ffn_gate-0,kernel_gemv_noshuffle,0.189400,5504x4x1,64x4x1,10944x1x1x1
ffn_up-0,kernel_gemv_noshuffle,0.193000,5504x4x1,64x4x1,10944x1x1x1
ffn_swiglu-0,kernel_swiglu,0.009300,512x1x1,512x1x1,10944x1x1x1
ffn_out-0,kernel_gemv_noshuffle,0.207700,1024x4x1,64x4x1,2048x1x1x1
l_out-0,kernel_add_row,0.002200,512x0x0,64x0x0,2048x1x1x1
attn_norm-1,kernel_rms_norm_mul,0.005600,1024x1x1,1024x1x1,2048x1x1x1
q-1,kernel_gemv_noshuffle,0.054500,1536x4x1,64x4x1,3072x1x1x1
q_pe-1,kernel_rope_norm_f32,0.002600,1024x1x1,64x1x1,64x16x1x1
Qcur-1,kernel_concat_f32_non_contiguous,0.040100,16x1x1,0x0x0,192x16x1x1
kv_cmpr_pe-1,kernel_gemv_noshuffle,0.028900,320x4x1,64x4x1,576x1x1x1
k_pe-1,kernel_rope_norm_f32,0.002300,64x1x1,64x1x1,64x1x1x1
node_52,kernel_repeat,0.037700,16x1x1,0x0x0,64x16x1x1
kv_cmpr-1,kernel_rms_norm_mul,0.003800,512x1x1,512x1x1,512x1x1x1
kv-1,kernel_gemv_noshuffle,0.019900,2048x4x1,64x4x1,4096x1x1x1
Kcur-1,kernel_concat_f32_non_contiguous,0.039600,16x1x1,0x0x0,192x16x1x1
Vcur_cont-1,kernel_cpy_f32_f32,0.002500,1024x1x1,64x1x1,128x16x1x1
cache_k_l1 (view),kernel_set_rows_f16_i64,0.003700,1024x1x1,1024x1x1,3072x4096x1x1
cache_v_l1 (view),kernel_set_rows_f16_i64,0.003300,1024x1x1,1024x1x1,2048x4096x1x1
__fattn__-1,flash_attn_f32_f16_q1,0.952000,64x16x0,64x1x0,128x16x1x1
node_73,kernel_gemv_noshuffle,0.045600,1024x4x1,64x4x1,2048x1x1x1
ffn_inp-1,kernel_add_row,0.002400,512x0x0,64x0x0,2048x1x1x1
ffn_norm-1,kernel_rms_norm_mul,0.005400,1024x1x1,1024x1x1,2048x1x1x1
ffn_moe_logits-1,kernel_mul_mat_f32_f32,0.011900,4096x1x1,64x1x1,64x1x1x1
ffn_moe_probs-1,kernel_soft_max_4,0.003300,64x1x1,64x1x1,64x1x1x1
ffn_moe_argsort-1,kernel_argsort_f32_i32,0.012000,64x1x1,64x1x1,64x1x1x1
ffn_moe_weights-1,kernel_get_rows_f32,0.002300,384x1x1,64x1x1,1x6x1x1
ffn_moe_weights_scaled-1,kernel_scale,0.001700,1x1x1,64x1x1,1x6x1x1
ffn_moe_gate-1,kernel_mul_mv_id_q4_0_f32_8x_flat,0.157500,11264x1x6,64x1x1,1408x6x1x1
ffn_moe_up-1,kernel_mul_mv_id_q4_0_f32_8x_flat,0.157600,11264x1x6,64x1x1,1408x6x1x1
ffn_moe_weighted-1,kernel_swiglu,0.003200,3072x1x1,512x1x1,1408x6x1x1
ffn_moe_down-1,kernel_mul_mv_id_q4_0_f32_8x_flat,0.168800,16384x1x6,64x1x1,2048x6x1x1
node_89,kernel_mul,0.010500,384x1x1,64x1x1,2048x6x1x1
ffn_gate-1,kernel_gemv_noshuffle,0.050000,1408x4x1,64x4x1,2816x1x1x1
ffn_up-1,kernel_gemv_noshuffle,0.049200,1408x4x1,64x4x1,2816x1x1x1
ffn_swiglu-1,kernel_swiglu,0.003800,512x1x1,512x1x1,2816x1x1x1
node_99,kernel_add_row,0.002000,512x0x0,64x0x0,2048x1x1x1
node_100,kernel_add_row,0.001900,512x0x0,64x0x0,2048x1x1x1
node_101,kernel_add_row,0.001800,512x0x0,64x0x0,2048x1x1x1
node_102,kernel_add_row,0.002300,512x0x0,64x0x0,2048x1x1x1
ffn_moe_out-1,kernel_add_row,0.001900,512x0x0,64x0x0,2048x1x1x1
ffn_shexp-1,kernel_gemv_noshuffle,0.056200,1024x4x1,64x4x1,2048x1x1x1
ffn_out-1,kernel_add_row,0.002000,512x0x0,64x0x0,2048x1x1x1
l_out-1,kernel_add_row,0.002300,512x0x0,64x0x0,2048x1x1x1
attn_norm-2,kernel_rms_norm_mul,0.005400,1024x1x1,1024x1x1,2048x1x1x1
q-2,kernel_gemv_noshuffle,0.053900,1536x4x1,64x4x1,3072x1x1x1
q_pe-2,kernel_rope_norm_f32,0.002800,1024x1x1,64x1x1,64x16x1x1
Qcur-2,kernel_concat_f32_non_contiguous,0.039600,16x1x1,0x0x0,192x16x1x1
kv_cmpr_pe-2,kernel_gemv_noshuffle,0.030000,320x4x1,64x4x1,576x1x1x1
k_pe-2,kernel_rope_norm_f32,0.002500,64x1x1,64x1x1,64x1x1x1
node_117,kernel_repeat,0.037300,16x1x1,0x0x0,64x16x1x1
kv_cmpr-2,kernel_rms_norm_mul,0.003900,512x1x1,512x1x1,512x1x1x1
kv-2,kernel_gemv_noshuffle,0.020100,2048x4x1,64x4x1,4096x1x1x1
Kcur-2,kernel_concat_f32_non_contiguous,0.039800,16x1x1,0x0x0,192x16x1x1
Vcur_cont-2,kernel_cpy_f32_f32,0.002700,1024x1x1,64x1x1,128x16x1x1
cache_k_l2 (view),kernel_set_rows_f16_i64,0.003900,1024x1x1,1024x1x1,3072x4096x1x1
cache_v_l2 (view),kernel_set_rows_f16_i64,0.003100,1024x1x1,1024x1x1,2048x4096x1x1
__fattn__-2,flash_attn_f32_f16_q1,0.952600,64x16x0,64x1x0,128x16x1x1
node_138,kernel_gemv_noshuffle,0.045400,1024x4x1,64x4x1,2048x1x1x1
ffn_inp-2,kernel_add_row,0.002000,512x0x0,64x0x0,2048x1x1x1
ffn_norm-2,kernel_rms_norm_mul,0.005400,1024x1x1,1024x1x1,2048x1x1x1
ffn_moe_logits-2,kernel_mul_mat_f32_f32,0.010600,4096x1x1,64x1x1,64x1x1x1
ffn_moe_probs-2,kernel_soft_max_4,0.003200,64x1x1,64x1x1,64x1x1x1
ffn_moe_argsort-2,kernel_argsort_f32_i32,0.012300,64x1x1,64x1x1,64x1x1x1
ffn_moe_weights-2,kernel_get_rows_f32,0.002100,384x1x1,64x1x1,1x6x1x1
ffn_moe_weights_scaled-2,kernel_scale,0.001700,1x1x1,64x1x1,1x6x1x1
ffn_moe_gate-2,kernel_mul_mv_id_q4_0_f32_8x_flat,0.160800,11264x1x6,64x1x1,1408x6x1x1
ffn_moe_up-2,kernel_mul_mv_id_q4_0_f32_8x_flat,0.159600,11264x1x6,64x1x1,1408x6x1x1
ffn_moe_weighted-2,kernel_swiglu,0.003100,3072x1x1,512x1x1,1408x6x1x1
ffn_moe_down-2,kernel_mul_mv_id_q4_0_f32_8x_flat,0.170400,16384x1x6,64x1x1,2048x6x1x1
node_154,kernel_mul,0.010600,384x1x1,64x1x1,2048x6x1x1
ffn_gate-2,kernel_gemv_noshuffle,0.052100,1408x4x1,64x4x1,2816x1x1x1
ffn_up-2,kernel_gemv_noshuffle,0.049600,1408x4x1,64x4x1,2816x1x1x1
ffn_swiglu-2,kernel_swiglu,0.003700,512x1x1,512x1x1,2816x1x1x1
node_164,kernel_add_row,0.002100,512x0x0,64x0x0,2048x1x1x1
node_165,kernel_add_row,0.002000,512x0x0,64x0x0,2048x1x1x1
node_166,kernel_add_row,0.001900,512x0x0,64x0x0,2048x1x1x1
node_167,kernel_add_row,0.001900,512x0x0,64x0x0,2048x1x1x1
ffn_moe_out-2,kernel_add_row,0.001900,512x0x0,64x0x0,2048x1x1x1
ffn_shexp-2,kernel_gemv_noshuffle,0.056500,1024x4x1,64x4x1,2048x1x1x1
ffn_out-2,kernel_add_row,0.002100,512x0x0,64x0x0,2048x1x1x1
l_out-2,kernel_add_row,0.002000,512x0x0,64x0x0,2048x1x1x1
attn_norm-3,kernel_rms_norm_mul,0.005800,1024x1x1,1024x1x1,2048x1x1x1
q-3,kernel_gemv_noshuffle,0.056100,1536x4x1,64x4x1,3072x1x1x1
q_pe-3,kernel_rope_norm_f32,0.002700,1024x1x1,64x1x1,64x16x1x1
Qcur-3,kernel_concat_f32_non_contiguous,0.040000,16x1x1,0x0x0,192x16x1x1
kv_cmpr_pe-3,kernel_gemv_noshuffle,0.030000,320x4x1,64x4x1,576x1x1x1
k_pe-3,kernel_rope_norm_f32,0.002800,64x1x1,64x1x1,64x1x1x1
node_182,kernel_repeat,0.037800,16x1x1,0x0x0,64x16x1x1
kv_cmpr-3,kernel_rms_norm_mul,0.003800,512x1x1,512x1x1,512x1x1x1
kv-3,kernel_gemv_noshuffle,0.021100,2048x4x1,64x4x1,4096x1x1x1
Kcur-3,kernel_concat_f32_non_contiguous,0.040400,16x1x1,0x0x0,192x16x1x1
Vcur_cont-3,kernel_cpy_f32_f32,0.002700,1024x1x1,64x1x1,128x16x1x1
cache_k_l3 (view),kernel_set_rows_f16_i64,0.004000,1024x1x1,1024x1x1,3072x4096x1x1
cache_v_l3 (view),kernel_set_rows_f16_i64,0.003400,1024x1x1,1024x1x1,2048x4096x1x1
__fattn__-3,flash_attn_f32_f16_q1,0.954700,64x16x0,64x1x0,128x16x1x1
node_203,kernel_gemv_noshuffle,0.045300,1024x4x1,64x4x1,2048x1x1x1
ffn_inp-3,kernel_add_row,0.002200,512x0x0,64x0x0,2048x1x1x1
ffn_norm-3,kernel_rms_norm_mul,0.005500,1024x1x1,1024x1x1,2048x1x1x1
ffn_moe_logits-3,kernel_mul_mat_f32_f32,0.010700,4096x1x1,64x1x1,64x1x1x1
ffn_moe_probs-3,kernel_soft_max_4,0.003200,64x1x1,64x1x1,64x1x1x1
ffn_moe_argsort-3,kernel_argsort_f32_i32,0.011900,64x1x1,64x1x1,64x1x1x1
ffn_moe_weights-3,kernel_get_rows_f32,0.002300,384x1x1,64x1x1,1x6x1x1
ffn_moe_weights_scaled-3,kernel_scale,0.002000,1x1x1,64x1x1,1x6x1x1
ffn_moe_gate-3,kernel_mul_mv_id_q4_0_f32_8x_flat,0.161300,11264x1x6,64x1x1,1408x6x1x1
ffn_moe_up-3,kernel_mul_mv_id_q4_0_f32_8x_flat,0.157400,11264x1x6,64x1x1,1408x6x1x1
ffn_moe_weighted-3,kernel_swiglu,0.003100,3072x1x1,512x1x1,1408x6x1x1
ffn_moe_down-3,kernel_mul_mv_id_q4_0_f32_8x_flat,0.168900,16384x1x6,64x1x1,2048x6x1x1
node_219,kernel_mul,0.010400,384x1x1,64x1x1,2048x6x1x1
ffn_gate-3,kernel_gemv_noshuffle,0.050200,1408x4x1,64x4x1,2816x1x1x1
ffn_up-3,kernel_gemv_noshuffle,0.049300,1408x4x1,64x4x1,2816x1x1x1
ffn_swiglu-3,kernel_swiglu,0.003800,512x1x1,512x1x1,2816x1x1x1
node_229,kernel_add_row,0.002000,512x0x0,64x0x0,2048x1x1x1
node_230,kernel_add_row,0.001900,512x0x0,64x0x0,2048x1x1x1
node_231,kernel_add_row,0.001900,512x0x0,64x0x0,2048x1x1x1
node_232,kernel_add_row,0.002100,512x0x0,64x0x0,2048x1x1x1
ffn_moe_out-3,kernel_add_row,0.001900,512x0x0,64x0x0,2048x1x1x1
ffn_shexp-3,kernel_gemv_noshuffle,0.056500,1024x4x1,64x4x1,2048x1x1x1
ffn_out-3,kernel_add_row,0.002000,512x0x0,64x0x0,2048x1x1x1
l_out-3,kernel_add_row,0.002400,512x0x0,64x0x0,2048x1x1x1
attn_norm-4,kernel_rms_norm_mul,0.005400,1024x1x1,1024x1x1,2048x1x1x1
q-4,kernel_gemv_noshuffle,0.056700,1536x4x1,64x4x1,3072x1x1x1
q_pe-4,kernel_rope_norm_f32,0.002700,1024x1x1,64x1x1,64x16x1x1
Qcur-4,kernel_concat_f32_non_contiguous,0.040300,16x1x1,0x0x0,192x16x1x1
kv_cmpr_pe-4,kernel_gemv_noshuffle,0.029400,320x4x1,64x4x1,576x1x1x1
k_pe-4,kernel_rope_norm_f32,0.002300,64x1x1,64x1x1,64x1x1x1
node_247,kernel_repeat,0.037300,16x1x1,0x0x0,64x16x1x1
kv_cmpr-4,kernel_rms_norm_mul,0.004300,512x1x1,512x1x1,512x1x1x1
kv-4,kernel_gemv_noshuffle,0.019400,2048x4x1,64x4x1,4096x1x1x1
Kcur-4,kernel_concat_f32_non_contiguous,0.040000,16x1x1,0x0x0,192x16x1x1
Vcur_cont-4,kernel_cpy_f32_f32,0.002900,1024x1x1,64x1x1,128x16x1x1
cache_k_l4 (view),kernel_set_rows_f16_i64,0.004000,1024x1x1,1024x1x1,3072x4096x1x1
cache_v_l4 (view),kernel_set_rows_f16_i64,0.003200,1024x1x1,1024x1x1,2048x4096x1x1
__fattn__-4,flash_attn_f32_f16_q1,0.963800,64x16x0,64x1x0,128x16x1x1
node_268,kernel_gemv_noshuffle,0.045100,1024x4x1,64x4x1,2048x1x1x1
ffn_inp-4,kernel_add_row,0.002400,512x0x0,64x0x0,2048x1x1x1
ffn_norm-4,kernel_rms_norm_mul,0.005300,1024x1x1,1024x1x1,2048x1x1x1
ffn_moe_logits-4,kernel_mul_mat_f32_f32,0.011600,4096x1x1,64x1x1,64x1x1x1
ffn_moe_probs-4,kernel_soft_max_4,0.003300,64x1x1,64x1x1,64x1x1x1
ffn_moe_argsort-4,kernel_argsort_f32_i32,0.011900,64x1x1,64x1x1,64x1x1x1
ffn_moe_weights-4,kernel_get_rows_f32,0.002100,384x1x1,64x1x1,1x6x1x1
ffn_moe_weights_scaled-4,kernel_scale,0.001800,1x1x1,64x1x1,1x6x1x1
ffn_moe_gate-4,kernel_mul_mv_id_q4_0_f32_8x_flat,0.158700,11264x1x6,64x1x1,1408x6x1x1
ffn_moe_up-4,kernel_mul_mv_id_q4_0_f32_8x_flat,0.159800,11264x1x6,64x1x1,1408x6x1x1
ffn_moe_weighted-4,kernel_swiglu,0.003200,3072x1x1,512x1x1,1408x6x1x1
ffn_moe_down-4,kernel_mul_mv_id_q4_0_f32_8x_flat,0.170000,16384x1x6,64x1x1,2048x6x1x1
node_284,kernel_mul,0.010400,384x1x1,64x1x1,2048x6x1x1
ffn_gate-4,kernel_gemv_noshuffle,0.050100,1408x4x1,64x4x1,2816x1x1x1
ffn_up-4,kernel_gemv_noshuffle,0.050200,1408x4x1,64x4x1,2816x1x1x1
ffn_swiglu-4,kernel_swiglu,0.003800,512x1x1,512x1x1,2816x1x1x1
node_294,kernel_add_row,0.002100,512x0x0,64x0x0,2048x1x1x1
node_295,kernel_add_row,0.002300,512x0x0,64x0x0,2048x1x1x1
node_296,kernel_add_row,0.001900,512x0x0,64x0x0,2048x1x1x1
node_297,kernel_add_row,0.001900,512x0x0,64x0x0,2048x1x1x1
ffn_moe_out-4,kernel_add_row,0.002000,512x0x0,64x0x0,2048x1x1x1
ffn_shexp-4,kernel_gemv_noshuffle,0.055800,1024x4x1,64x4x1,2048x1x1x1
ffn_out-4,kernel_add_row,0.002200,512x0x0,64x0x0,2048x1x1x1
l_out-4,kernel_add_row,0.002100,512x0x0,64x0x0,2048x1x1x1
attn_norm-5,kernel_rms_norm_mul,0.005500,1024x1x1,1024x1x1,2048x1x1x1
q-5,kernel_gemv_noshuffle,0.055900,1536x4x1,64x4x1,3072x1x1x1
q_pe-5,kernel_rope_norm_f32,0.002700,1024x1x1,64x1x1,64x16x1x1
Qcur-5,kernel_concat_f32_non_contiguous,0.040000,16x1x1,0x0x0,192x16x1x1
kv_cmpr_pe-5,kernel_gemv_noshuffle,0.029300,320x4x1,64x4x1,576x1x1x1
k_pe-5,kernel_rope_norm_f32,0.002100,64x1x1,64x1x1,64x1x1x1
node_312,kernel_repeat,0.037900,16x1x1,0x0x0,64x16x1x1
kv_cmpr-5,kernel_rms_norm_mul,0.003800,512x1x1,512x1x1,512x1x1x1
kv-5,kernel_gemv_noshuffle,0.020100,2048x4x1,64x4x1,4096x1x1x1
Kcur-5,kernel_concat_f32_non_contiguous,0.039900,16x1x1,0x0x0,192x16x1x1
Vcur_cont-5,kernel_cpy_f32_f32,0.002500,1024x1x1,64x1x1,128x16x1x1
cache_k_l5 (view),kernel_set_rows_f16_i64,0.003900,1024x1x1,1024x1x1,3072x4096x1x1
cache_v_l5 (view),kernel_set_rows_f16_i64,0.003300,1024x1x1,1024x1x1,2048x4096x1x1
__fattn__-5,flash_attn_f32_f16_q1,0.960200,64x16x0,64x1x0,128x16x1x1
node_333,kernel_gemv_noshuffle,0.045200,1024x4x1,64x4x1,2048x1x1x1
ffn_inp-5,kernel_add_row,0.002100,512x0x0,64x0x0,2048x1x1x1
ffn_norm-5,kernel_rms_norm_mul,0.005500,1024x1x1,1024x1x1,2048x1x1x1
ffn_moe_logits-5,kernel_mul_mat_f32_f32,0.011400,4096x1x1,64x1x1,64x1x1x1
ffn_moe_probs-5,kernel_soft_max_4,0.003300,64x1x1,64x1x1,64x1x1x1
ffn_moe_argsort-5,kernel_argsort_f32_i32,0.011900,64x1x1,64x1x1,64x1x1x1
ffn_moe_weights-5,kernel_get_rows_f32,0.002000,384x1x1,64x1x1,1x6x1x1
ffn_moe_weights_scaled-5,kernel_scale,0.001700,1x1x1,64x1x1,1x6x1x1
ffn_moe_gate-5,kernel_mul_mv_id_q4_0_f32_8x_flat,0.158300,11264x1x6,64x1x1,1408x6x1x1
ffn_moe_up-5,kernel_mul_mv_id_q4_0_f32_8x_flat,0.157000,11264x1x6,64x1x1,1408x6x1x1
ffn_moe_weighted-5,kernel_swiglu,0.003200,3072x1x1,512x1x1,1408x6x1x1
ffn_moe_down-5,kernel_mul_mv_id_q4_0_f32_8x_flat,0.169900,16384x1x6,64x1x1,2048x6x1x1
node_349,kernel_mul,0.010300,384x1x1,64x1x1,2048x6x1x1
ffn_gate-5,kernel_gemv_noshuffle,0.050300,1408x4x1,64x4x1,2816x1x1x1
ffn_up-5,kernel_gemv_noshuffle,0.049400,1408x4x1,64x4x1,2816x1x1x1
ffn_swiglu-5,kernel_swiglu,0.003700,512x1x1,512x1x1,2816x1x1x1
node_359,kernel_add_row,0.002100,512x0x0,64x0x0,2048x1x1x1
node_360,kernel_add_row,0.001900,512x0x0,64x0x0,2048x1x1x1
node_361,kernel_add_row,0.001900,512x0x0,64x0x0,2048x1x1x1
node_362,kernel_add_row,0.002200,512x0x0,64x0x0,2048x1x1x1
ffn_moe_out-5,kernel_add_row,0.001900,512x0x0,64x0x0,2048x1x1x1
ffn_shexp-5,kernel_gemv_noshuffle,0.055400,1024x4x1,64x4x1,2048x1x1x1
ffn_out-5,kernel_add_row,0.002000,512x0x0,64x0x0,2048x1x1x1
l_out-5,kernel_add_row,0.001900,512x0x0,64x0x0,2048x1x1x1
attn_norm-6,kernel_rms_norm_mul,0.005500,1024x1x1,1024x1x1,2048x1x1x1
q-6,kernel_gemv_noshuffle,0.053000,1536x4x1,64x4x1,3072x1x1x1
q_pe-6,kernel_rope_norm_f32,0.002600,1024x1x1,64x1x1,64x16x1x1
Qcur-6,kernel_concat_f32_non_contiguous,0.039600,16x1x1,0x0x0,192x16x1x1
kv_cmpr_pe-6,kernel_gemv_noshuffle,0.029400,320x4x1,64x4x1,576x1x1x1
k_pe-6,kernel_rope_norm_f32,0.002600,64x1x1,64x1x1,64x1x1x1
node_377,kernel_repeat,0.037300,16x1x1,0x0x0,64x16x1x1
kv_cmpr-6,kernel_rms_norm_mul,0.003800,512x1x1,512x1x1,512x1x1x1
kv-6,kernel_gemv_noshuffle,0.020300,2048x4x1,64x4x1,4096x1x1x1
Kcur-6,kernel_concat_f32_non_contiguous,0.040000,16x1x1,0x0x0,192x16x1x1
Vcur_cont-6,kernel_cpy_f32_f32,0.002600,1024x1x1,64x1x1,128x16x1x1
cache_k_l6 (view),kernel_set_rows_f16_i64,0.004000,1024x1x1,1024x1x1,3072x4096x1x1
cache_v_l6 (view),kernel_set_rows_f16_i64,0.003200,1024x1x1,1024x1x1,2048x4096x1x1
__fattn__-6,flash_attn_f32_f16_q1,0.945500,64x16x0,64x1x0,128x16x1x1
node_398,kernel_gemv_noshuffle,0.046500,1024x4x1,64x4x1,2048x1x1x1
ffn_inp-6,kernel_add_row,0.002100,512x0x0,64x0x0,2048x1x1x1
ffn_norm-6,kernel_rms_norm_mul,0.005600,1024x1x1,1024x1x1,2048x1x1x1
ffn_moe_logits-6,kernel_mul_mat_f32_f32,0.011700,4096x1x1,64x1x1,64x1x1x1
ffn_moe_probs-6,kernel_soft_max_4,0.003200,64x1x1,64x1x1,64x1x1x1
ffn_moe_argsort-6,kernel_argsort_f32_i32,0.012300,64x1x1,64x1x1,64x1x1x1
ffn_moe_weights-6,kernel_get_rows_f32,0.002000,384x1x1,64x1x1,1x6x1x1
ffn_moe_weights_scaled-6,kernel_scale,0.001800,1x1x1,64x1x1,1x6x1x1
ffn_moe_gate-6,kernel_mul_mv_id_q4_0_f32_8x_flat,0.158400,11264x1x6,64x1x1,1408x6x1x1
ffn_moe_up-6,kernel_mul_mv_id_q4_0_f32_8x_flat,0.159300,11264x1x6,64x1x1,1408x6x1x1
ffn_moe_weighted-6,kernel_swiglu,0.003100,3072x1x1,512x1x1,1408x6x1x1
ffn_moe_down-6,kernel_mul_mv_id_q4_0_f32_8x_flat,0.169900,16384x1x6,64x1x1,2048x6x1x1
node_414,kernel_mul,0.010400,384x1x1,64x1x1,2048x6x1x1
ffn_gate-6,kernel_gemv_noshuffle,0.050400,1408x4x1,64x4x1,2816x1x1x1
ffn_up-6,kernel_gemv_noshuffle,0.049300,1408x4x1,64x4x1,2816x1x1x1
ffn_swiglu-6,kernel_swiglu,0.003700,512x1x1,512x1x1,2816x1x1x1
node_424,kernel_add_row,0.002000,512x0x0,64x0x0,2048x1x1x1
node_425,kernel_add_row,0.001900,512x0x0,64x0x0,2048x1x1x1
node_426,kernel_add_row,0.001900,512x0x0,64x0x0,2048x1x1x1
node_427,kernel_add_row,0.001800,512x0x0,64x0x0,2048x1x1x1
ffn_moe_out-6,kernel_add_row,0.001900,512x0x0,64x0x0,2048x1x1x1
ffn_shexp-6,kernel_gemv_noshuffle,0.056700,1024x4x1,64x4x1,2048x1x1x1
ffn_out-6,kernel_add_row,0.002000,512x0x0,64x0x0,2048x1x1x1
l_out-6,kernel_add_row,0.001900,512x0x0,64x0x0,2048x1x1x1
attn_norm-7,kernel_rms_norm_mul,0.005400,1024x1x1,1024x1x1,2048x1x1x1
q-7,kernel_gemv_noshuffle,0.051700,1536x4x1,64x4x1,3072x1x1x1
q_pe-7,kernel_rope_norm_f32,0.002600,1024x1x1,64x1x1,64x16x1x1
Qcur-7,kernel_concat_f32_non_contiguous,0.039900,16x1x1,0x0x0,192x16x1x1
kv_cmpr_pe-7,kernel_gemv_noshuffle,0.029300,320x4x1,64x4x1,576x1x1x1
k_pe-7,kernel_rope_norm_f32,0.002800,64x1x1,64x1x1,64x1x1x1
node_442,kernel_repeat,0.037800,16x1x1,0x0x0,64x16x1x1
kv_cmpr-7,kernel_rms_norm_mul,0.003800,512x1x1,512x1x1,512x1x1x1
kv-7,kernel_gemv_noshuffle,0.020700,2048x4x1,64x4x1,4096x1x1x1
Kcur-7,kernel_concat_f32_non_contiguous,0.040200,16x1x1,0x0x0,192x16x1x1
Vcur_cont-7,kernel_cpy_f32_f32,0.002700,1024x1x1,64x1x1,128x16x1x1
cache_k_l7 (view),kernel_set_rows_f16_i64,0.003700,1024x1x1,1024x1x1,3072x4096x1x1
cache_v_l7 (view),kernel_set_rows_f16_i64,0.003200,1024x1x1,1024x1x1,2048x4096x1x1
__fattn__-7,flash_attn_f32_f16_q1,0.930000,64x16x0,64x1x0,128x16x1x1
node_463,kernel_gemv_noshuffle,0.045500,1024x4x1,64x4x1,2048x1x1x1
ffn_inp-7,kernel_add_row,0.002000,512x0x0,64x0x0,2048x1x1x1
ffn_norm-7,kernel_rms_norm_mul,0.005300,1024x1x1,1024x1x1,2048x1x1x1
ffn_moe_logits-7,kernel_mul_mat_f32_f32,0.010300,4096x1x1,64x1x1,64x1x1x1
ffn_moe_probs-7,kernel_soft_max_4,0.003100,64x1x1,64x1x1,64x1x1x1
ffn_moe_argsort-7,kernel_argsort_f32_i32,0.011900,64x1x1,64x1x1,64x1x1x1
ffn_moe_weights-7,kernel_get_rows_f32,0.002100,384x1x1,64x1x1,1x6x1x1
ffn_moe_weights_scaled-7,kernel_scale,0.001900,1x1x1,64x1x1,1x6x1x1
ffn_moe_gate-7,kernel_mul_mv_id_q4_0_f32_8x_flat,0.160000,11264x1x6,64x1x1,1408x6x1x1
ffn_moe_up-7,kernel_mul_mv_id_q4_0_f32_8x_flat,0.157500,11264x1x6,64x1x1,1408x6x1x1
ffn_moe_weighted-7,kernel_swiglu,0.003000,3072x1x1,512x1x1,1408x6x1x1
ffn_moe_down-7,kernel_mul_mv_id_q4_0_f32_8x_flat,0.169300,16384x1x6,64x1x1,2048x6x1x1
node_479,kernel_mul,0.010500,384x1x1,64x1x1,2048x6x1x1
ffn_gate-7,kernel_gemv_noshuffle,0.051200,1408x4x1,64x4x1,2816x1x1x1
ffn_up-7,kernel_gemv_noshuffle,0.048600,1408x4x1,64x4x1,2816x1x1x1
ffn_swiglu-7,kernel_swiglu,0.003700,512x1x1,512x1x1,2816x1x1x1
node_489,kernel_add_row,0.002100,512x0x0,64x0x0,2048x1x1x1
node_490,kernel_add_row,0.002000,512x0x0,64x0x0,2048x1x1x1
node_491,kernel_add_row,0.001800,512x0x0,64x0x0,2048x1x1x1
node_492,kernel_add_row,0.001800,512x0x0,64x0x0,2048x1x1x1
ffn_moe_out-7,kernel_add_row,0.001800,512x0x0,64x0x0,2048x1x1x1
ffn_shexp-7,kernel_gemv_noshuffle,0.058800,1024x4x1,64x4x1,2048x1x1x1
ffn_out-7,kernel_add_row,0.001900,512x0x0,64x0x0,2048x1x1x1
l_out-7,kernel_add_row,0.002400,512x0x0,64x0x0,2048x1x1x1
attn_norm-8,kernel_rms_norm_mul,0.005400,1024x1x1,1024x1x1,2048x1x1x1
q-8,kernel_gemv_noshuffle,0.057100,1536x4x1,64x4x1,3072x1x1x1
q_pe-8,kernel_rope_norm_f32,0.002700,1024x1x1,64x1x1,64x16x1x1
Qcur-8,kernel_concat_f32_non_contiguous,0.040100,16x1x1,0x0x0,192x16x1x1
kv_cmpr_pe-8,kernel_gemv_noshuffle,0.029500,320x4x1,64x4x1,576x1x1x1
k_pe-8,kernel_rope_norm_f32,0.002100,64x1x1,64x1x1,64x1x1x1
node_507,kernel_repeat,0.037200,16x1x1,0x0x0,64x16x1x1
kv_cmpr-8,kernel_rms_norm_mul,0.004200,512x1x1,512x1x1,512x1x1x1
kv-8,kernel_gemv_noshuffle,0.020500,2048x4x1,64x4x1,4096x1x1x1
Kcur-8,kernel_concat_f32_non_contiguous,0.040000,16x1x1,0x0x0,192x16x1x1
Vcur_cont-8,kernel_cpy_f32_f32,0.002800,1024x1x1,64x1x1,128x16x1x1
cache_k_l8 (view),kernel_set_rows_f16_i64,0.004000,1024x1x1,1024x1x1,3072x4096x1x1
cache_v_l8 (view),kernel_set_rows_f16_i64,0.003400,1024x1x1,1024x1x1,2048x4096x1x1
__fattn__-8,flash_attn_f32_f16_q1,0.961700,64x16x0,64x1x0,128x16x1x1
node_528,kernel_gemv_noshuffle,0.045100,1024x4x1,64x4x1,2048x1x1x1
ffn_inp-8,kernel_add_row,0.002300,512x0x0,64x0x0,2048x1x1x1
ffn_norm-8,kernel_rms_norm_mul,0.005400,1024x1x1,1024x1x1,2048x1x1x1
ffn_moe_logits-8,kernel_mul_mat_f32_f32,0.011000,4096x1x1,64x1x1,64x1x1x1
ffn_moe_probs-8,kernel_soft_max_4,0.003300,64x1x1,64x1x1,64x1x1x1
ffn_moe_argsort-8,kernel_argsort_f32_i32,0.011900,64x1x1,64x1x1,64x1x1x1
ffn_moe_weights-8,kernel_get_rows_f32,0.002100,384x1x1,64x1x1,1x6x1x1
ffn_moe_weights_scaled-8,kernel_scale,0.001700,1x1x1,64x1x1,1x6x1x1
ffn_moe_gate-8,kernel_mul_mv_id_q4_0_f32_8x_flat,0.157200,11264x1x6,64x1x1,1408x6x1x1
ffn_moe_up-8,kernel_mul_mv_id_q4_0_f32_8x_flat,0.159100,11264x1x6,64x1x1,1408x6x1x1
ffn_moe_weighted-8,kernel_swiglu,0.003300,3072x1x1,512x1x1,1408x6x1x1
ffn_moe_down-8,kernel_mul_mv_id_q4_0_f32_8x_flat,0.169700,16384x1x6,64x1x1,2048x6x1x1
node_544,kernel_mul,0.010700,384x1x1,64x1x1,2048x6x1x1
ffn_gate-8,kernel_gemv_noshuffle,0.050300,1408x4x1,64x4x1,2816x1x1x1
ffn_up-8,kernel_gemv_noshuffle,0.050800,1408x4x1,64x4x1,2816x1x1x1
ffn_swiglu-8,kernel_swiglu,0.003700,512x1x1,512x1x1,2816x1x1x1
node_554,kernel_add_row,0.002100,512x0x0,64x0x0,2048x1x1x1
node_555,kernel_add_row,0.002300,512x0x0,64x0x0,2048x1x1x1
node_556,kernel_add_row,0.001800,512x0x0,64x0x0,2048x1x1x1
node_557,kernel_add_row,0.001800,512x0x0,64x0x0,2048x1x1x1
ffn_moe_out-8,kernel_add_row,0.001900,512x0x0,64x0x0,2048x1x1x1
ffn_shexp-8,kernel_gemv_noshuffle,0.057700,1024x4x1,64x4x1,2048x1x1x1
ffn_out-8,kernel_add_row,0.002000,512x0x0,64x0x0,2048x1x1x1
l_out-8,kernel_add_row,0.001900,512x0x0,64x0x0,2048x1x1x1
attn_norm-9,kernel_rms_norm_mul,0.005500,1024x1x1,1024x1x1,2048x1x1x1
q-9,kernel_gemv_noshuffle,0.057300,1536x4x1,64x4x1,3072x1x1x1
q_pe-9,kernel_rope_norm_f32,0.002700,1024x1x1,64x1x1,64x16x1x1
Qcur-9,kernel_concat_f32_non_contiguous,0.040200,16x1x1,0x0x0,192x16x1x1
kv_cmpr_pe-9,kernel_gemv_noshuffle,0.029600,320x4x1,64x4x1,576x1x1x1
k_pe-9,kernel_rope_norm_f32,0.002300,64x1x1,64x1x1,64x1x1x1
node_572,kernel_repeat,0.038400,16x1x1,0x0x0,64x16x1x1
kv_cmpr-9,kernel_rms_norm_mul,0.004100,512x1x1,512x1x1,512x1x1x1
kv-9,kernel_gemv_noshuffle,0.020200,2048x4x1,64x4x1,4096x1x1x1
Kcur-9,kernel_concat_f32_non_contiguous,0.039600,16x1x1,0x0x0,192x16x1x1
Vcur_cont-9,kernel_cpy_f32_f32,0.002500,1024x1x1,64x1x1,128x16x1x1
cache_k_l9 (view),kernel_set_rows_f16_i64,0.003700,1024x1x1,1024x1x1,3072x4096x1x1
cache_v_l9 (view),kernel_set_rows_f16_i64,0.003300,1024x1x1,1024x1x1,2048x4096x1x1
__fattn__-9,flash_attn_f32_f16_q1,0.950000,64x16x0,64x1x0,128x16x1x1
node_593,kernel_gemv_noshuffle,0.044700,1024x4x1,64x4x1,2048x1x1x1
ffn_inp-9,kernel_add_row,0.002200,512x0x0,64x0x0,2048x1x1x1
ffn_norm-9,kernel_rms_norm_mul,0.005500,1024x1x1,1024x1x1,2048x1x1x1
ffn_moe_logits-9,kernel_mul_mat_f32_f32,0.012000,4096x1x1,64x1x1,64x1x1x1
ffn_moe_probs-9,kernel_soft_max_4,0.003200,64x1x1,64x1x1,64x1x1x1
ffn_moe_argsort-9,kernel_argsort_f32_i32,0.011900,64x1x1,64x1x1,64x1x1x1
ffn_moe_weights-9,kernel_get_rows_f32,0.002100,384x1x1,64x1x1,1x6x1x1
ffn_moe_weights_scaled-9,kernel_scale,0.001800,1x1x1,64x1x1,1x6x1x1
ffn_moe_gate-9,kernel_mul_mv_id_q4_0_f32_8x_flat,0.157300,11264x1x6,64x1x1,1408x6x1x1
ffn_moe_up-9,kernel_mul_mv_id_q4_0_f32_8x_flat,0.157900,11264x1x6,64x1x1,1408x6x1x1
ffn_moe_weighted-9,kernel_swiglu,0.003200,3072x1x1,512x1x1,1408x6x1x1
ffn_moe_down-9,kernel_mul_mv_id_q4_0_f32_8x_flat,0.170600,16384x1x6,64x1x1,2048x6x1x1
node_609,kernel_mul,0.010500,384x1x1,64x1x1,2048x6x1x1
ffn_gate-9,kernel_gemv_noshuffle,0.049500,1408x4x1,64x4x1,2816x1x1x1
ffn_up-9,kernel_gemv_noshuffle,0.049800,1408x4x1,64x4x1,2816x1x1x1
ffn_swiglu-9,kernel_swiglu,0.003800,512x1x1,512x1x1,2816x1x1x1
node_619,kernel_add_row,0.002100,512x0x0,64x0x0,2048x1x1x1
node_620,kernel_add_row,0.001900,512x0x0,64x0x0,2048x1x1x1
node_621,kernel_add_row,0.001900,512x0x0,64x0x0,2048x1x1x1
node_622,kernel_add_row,0.002300,512x0x0,64x0x0,2048x1x1x1
ffn_moe_out-9,kernel_add_row,0.001800,512x0x0,64x0x0,2048x1x1x1
ffn_shexp-9,kernel_gemv_noshuffle,0.058000,1024x4x1,64x4x1,2048x1x1x1
ffn_out-9,kernel_add_row,0.001900,512x0x0,64x0x0,2048x1x1x1
l_out-9,kernel_add_row,0.001900,512x0x0,64x0x0,2048x1x1x1
attn_norm-10,kernel_rms_norm_mul,0.005400,1024x1x1,1024x1x1,2048x1x1x1
q-10,kernel_gemv_noshuffle,0.051600,1536x4x1,64x4x1,3072x1x1x1
q_pe-10,kernel_rope_norm_f32,0.002800,1024x1x1,64x1x1,64x16x1x1
Qcur-10,kernel_concat_f32_non_contiguous,0.039500,16x1x1,0x0x0,192x16x1x1
kv_cmpr_pe-10,kernel_gemv_noshuffle,0.029900,320x4x1,64x4x1,576x1x1x1
k_pe-10,kernel_rope_norm_f32,0.002600,64x1x1,64x1x1,64x1x1x1
node_637,kernel_repeat,0.037200,16x1x1,0x0x0,64x16x1x1
kv_cmpr-10,kernel_rms_norm_mul,0.003700,512x1x1,512x1x1,512x1x1x1
kv-10,kernel_gemv_noshuffle,0.020000,2048x4x1,64x4x1,4096x1x1x1
Kcur-10,kernel_concat_f32_non_contiguous,0.040000,16x1x1,0x0x0,192x16x1x1
Vcur_cont-10,kernel_cpy_f32_f32,0.002700,1024x1x1,64x1x1,128x16x1x1
cache_k_l10 (view),kernel_set_rows_f16_i64,0.003900,1024x1x1,1024x1x1,3072x4096x1x1
cache_v_l10 (view),kernel_set_rows_f16_i64,0.003200,1024x1x1,1024x1x1,2048x4096x1x1
__fattn__-10,flash_attn_f32_f16_q1,0.948300,64x16x0,64x1x0,128x16x1x1
node_658,kernel_gemv_noshuffle,0.044000,1024x4x1,64x4x1,2048x1x1x1
ffn_inp-10,kernel_add_row,0.002300,512x0x0,64x0x0,2048x1x1x1
ffn_norm-10,kernel_rms_norm_mul,0.005500,1024x1x1,1024x1x1,2048x1x1x1
ffn_moe_logits-10,kernel_mul_mat_f32_f32,0.010600,4096x1x1,64x1x1,64x1x1x1
ffn_moe_probs-10,kernel_soft_max_4,0.003200,64x1x1,64x1x1,64x1x1x1
ffn_moe_argsort-10,kernel_argsort_f32_i32,0.012300,64x1x1,64x1x1,64x1x1x1
ffn_moe_weights-10,kernel_get_rows_f32,0.002100,384x1x1,64x1x1,1x6x1x1
ffn_moe_weights_scaled-10,kernel_scale,0.001800,1x1x1,64x1x1,1x6x1x1
ffn_moe_gate-10,kernel_mul_mv_id_q4_0_f32_8x_flat,0.158800,11264x1x6,64x1x1,1408x6x1x1
ffn_moe_up-10,kernel_mul_mv_id_q4_0_f32_8x_flat,0.157300,11264x1x6,64x1x1,1408x6x1x1
ffn_moe_weighted-10,kernel_swiglu,0.003100,3072x1x1,512x1x1,1408x6x1x1
ffn_moe_down-10,kernel_mul_mv_id_q4_0_f32_8x_flat,0.169300,16384x1x6,64x1x1,2048x6x1x1
node_674,kernel_mul,0.010600,384x1x1,64x1x1,2048x6x1x1
ffn_gate-10,kernel_gemv_noshuffle,0.053200,1408x4x1,64x4x1,2816x1x1x1
ffn_up-10,kernel_gemv_noshuffle,0.050000,1408x4x1,64x4x1,2816x1x1x1
ffn_swiglu-10,kernel_swiglu,0.003600,512x1x1,512x1x1,2816x1x1x1
node_684,kernel_add_row,0.002100,512x0x0,64x0x0,2048x1x1x1
node_685,kernel_add_row,0.002000,512x0x0,64x0x0,2048x1x1x1
node_686,kernel_add_row,0.002000,512x0x0,64x0x0,2048x1x1x1
node_687,kernel_add_row,0.002000,512x0x0,64x0x0,2048x1x1x1
ffn_moe_out-10,kernel_add_row,0.001900,512x0x0,64x0x0,2048x1x1x1
ffn_shexp-10,kernel_gemv_noshuffle,0.058800,1024x4x1,64x4x1,2048x1x1x1
ffn_out-10,kernel_add_row,0.002100,512x0x0,64x0x0,2048x1x1x1
l_out-10,kernel_add_row,0.001900,512x0x0,64x0x0,2048x1x1x1
attn_norm-11,kernel_rms_norm_mul,0.005400,1024x1x1,1024x1x1,2048x1x1x1
q-11,kernel_gemv_noshuffle,0.053500,1536x4x1,64x4x1,3072x1x1x1
q_pe-11,kernel_rope_norm_f32,0.002700,1024x1x1,64x1x1,64x16x1x1
Qcur-11,kernel_concat_f32_non_contiguous,0.040200,16x1x1,0x0x0,192x16x1x1
kv_cmpr_pe-11,kernel_gemv_noshuffle,0.029000,320x4x1,64x4x1,576x1x1x1
k_pe-11,kernel_rope_norm_f32,0.002800,64x1x1,64x1x1,64x1x1x1
node_702,kernel_repeat,0.037800,16x1x1,0x0x0,64x16x1x1
kv_cmpr-11,kernel_rms_norm_mul,0.003800,512x1x1,512x1x1,512x1x1x1
kv-11,kernel_gemv_noshuffle,0.020400,2048x4x1,64x4x1,4096x1x1x1
Kcur-11,kernel_concat_f32_non_contiguous,0.040600,16x1x1,0x0x0,192x16x1x1
Vcur_cont-11,kernel_cpy_f32_f32,0.002600,1024x1x1,64x1x1,128x16x1x1
cache_k_l11 (view),kernel_set_rows_f16_i64,0.003700,1024x1x1,1024x1x1,3072x4096x1x1
cache_v_l11 (view),kernel_set_rows_f16_i64,0.003200,1024x1x1,1024x1x1,2048x4096x1x1
__fattn__-11,flash_attn_f32_f16_q1,0.968500,64x16x0,64x1x0,128x16x1x1
node_723,kernel_gemv_noshuffle,0.044100,1024x4x1,64x4x1,2048x1x1x1
ffn_inp-11,kernel_add_row,0.002100,512x0x0,64x0x0,2048x1x1x1
ffn_norm-11,kernel_rms_norm_mul,0.005400,1024x1x1,1024x1x1,2048x1x1x1
ffn_moe_logits-11,kernel_mul_mat_f32_f32,0.010600,4096x1x1,64x1x1,64x1x1x1
ffn_moe_probs-11,kernel_soft_max_4,0.003100,64x1x1,64x1x1,64x1x1x1
ffn_moe_argsort-11,kernel_argsort_f32_i32,0.012100,64x1x1,64x1x1,64x1x1x1
ffn_moe_weights-11,kernel_get_rows_f32,0.002100,384x1x1,64x1x1,1x6x1x1
ffn_moe_weights_scaled-11,kernel_scale,0.002000,1x1x1,64x1x1,1x6x1x1
ffn_moe_gate-11,kernel_mul_mv_id_q4_0_f32_8x_flat,0.158000,11264x1x6,64x1x1,1408x6x1x1
ffn_moe_up-11,kernel_mul_mv_id_q4_0_f32_8x_flat,0.156600,11264x1x6,64x1x1,1408x6x1x1
ffn_moe_weighted-11,kernel_swiglu,0.003300,3072x1x1,512x1x1,1408x6x1x1
ffn_moe_down-11,kernel_mul_mv_id_q4_0_f32_8x_flat,0.169000,16384x1x6,64x1x1,2048x6x1x1
node_739,kernel_mul,0.010400,384x1x1,64x1x1,2048x6x1x1
ffn_gate-11,kernel_gemv_noshuffle,0.049600,1408x4x1,64x4x1,2816x1x1x1
ffn_up-11,kernel_gemv_noshuffle,0.048700,1408x4x1,64x4x1,2816x1x1x1
ffn_swiglu-11,kernel_swiglu,0.003600,512x1x1,512x1x1,2816x1x1x1
node_749,kernel_add_row,0.002100,512x0x0,64x0x0,2048x1x1x1
node_750,kernel_add_row,0.001900,512x0x0,64x0x0,2048x1x1x1
node_751,kernel_add_row,0.001900,512x0x0,64x0x0,2048x1x1x1
node_752,kernel_add_row,0.001900,512x0x0,64x0x0,2048x1x1x1
ffn_moe_out-11,kernel_add_row,0.001900,512x0x0,64x0x0,2048x1x1x1
ffn_shexp-11,kernel_gemv_noshuffle,0.059700,1024x4x1,64x4x1,2048x1x1x1
ffn_out-11,kernel_add_row,0.002000,512x0x0,64x0x0,2048x1x1x1
l_out-11,kernel_add_row,0.002700,512x0x0,64x0x0,2048x1x1x1
attn_norm-12,kernel_rms_norm_mul,0.005500,1024x1x1,1024x1x1,2048x1x1x1
q-12,kernel_gemv_noshuffle,0.055800,1536x4x1,64x4x1,3072x1x1x1
q_pe-12,kernel_rope_norm_f32,0.002800,1024x1x1,64x1x1,64x16x1x1
Qcur-12,kernel_concat_f32_non_contiguous,0.040200,16x1x1,0x0x0,192x16x1x1
kv_cmpr_pe-12,kernel_gemv_noshuffle,0.029300,320x4x1,64x4x1,576x1x1x1
k_pe-12,kernel_rope_norm_f32,0.002200,64x1x1,64x1x1,64x1x1x1
node_767,kernel_repeat,0.037300,16x1x1,0x0x0,64x16x1x1
kv_cmpr-12,kernel_rms_norm_mul,0.004100,512x1x1,512x1x1,512x1x1x1
kv-12,kernel_gemv_noshuffle,0.020500,2048x4x1,64x4x1,4096x1x1x1
Kcur-12,kernel_concat_f32_non_contiguous,0.039900,16x1x1,0x0x0,192x16x1x1
Vcur_cont-12,kernel_cpy_f32_f32,0.002600,1024x1x1,64x1x1,128x16x1x1
cache_k_l12 (view),kernel_set_rows_f16_i64,0.004200,1024x1x1,1024x1x1,3072x4096x1x1
cache_v_l12 (view),kernel_set_rows_f16_i64,0.003200,1024x1x1,1024x1x1,2048x4096x1x1
__fattn__-12,flash_attn_f32_f16_q1,0.967200,64x16x0,64x1x0,128x16x1x1
node_788,kernel_gemv_noshuffle,0.045000,1024x4x1,64x4x1,2048x1x1x1
ffn_inp-12,kernel_add_row,0.002300,512x0x0,64x0x0,2048x1x1x1
ffn_norm-12,kernel_rms_norm_mul,0.005400,1024x1x1,1024x1x1,2048x1x1x1
ffn_moe_logits-12,kernel_mul_mat_f32_f32,0.011500,4096x1x1,64x1x1,64x1x1x1
ffn_moe_probs-12,kernel_soft_max_4,0.003200,64x1x1,64x1x1,64x1x1x1
ffn_moe_argsort-12,kernel_argsort_f32_i32,0.011900,64x1x1,64x1x1,64x1x1x1
ffn_moe_weights-12,kernel_get_rows_f32,0.002100,384x1x1,64x1x1,1x6x1x1
ffn_moe_weights_scaled-12,kernel_scale,0.001700,1x1x1,64x1x1,1x6x1x1
ffn_moe_gate-12,kernel_mul_mv_id_q4_0_f32_8x_flat,0.157700,11264x1x6,64x1x1,1408x6x1x1
ffn_moe_up-12,kernel_mul_mv_id_q4_0_f32_8x_flat,0.166400,11264x1x6,64x1x1,1408x6x1x1
ffn_moe_weighted-12,kernel_swiglu,0.003200,3072x1x1,512x1x1,1408x6x1x1
ffn_moe_down-12,kernel_mul_mv_id_q4_0_f32_8x_flat,0.170700,16384x1x6,64x1x1,2048x6x1x1
node_804,kernel_mul,0.010700,384x1x1,64x1x1,2048x6x1x1
ffn_gate-12,kernel_gemv_noshuffle,0.052200,1408x4x1,64x4x1,2816x1x1x1
ffn_up-12,kernel_gemv_noshuffle,0.050400,1408x4x1,64x4x1,2816x1x1x1
ffn_swiglu-12,kernel_swiglu,0.003800,512x1x1,512x1x1,2816x1x1x1
node_814,kernel_add_row,0.002000,512x0x0,64x0x0,2048x1x1x1
node_815,kernel_add_row,0.002300,512x0x0,64x0x0,2048x1x1x1
node_816,kernel_add_row,0.001900,512x0x0,64x0x0,2048x1x1x1
node_817,kernel_add_row,0.001900,512x0x0,64x0x0,2048x1x1x1
ffn_moe_out-12,kernel_add_row,0.001800,512x0x0,64x0x0,2048x1x1x1
ffn_shexp-12,kernel_gemv_noshuffle,0.057500,1024x4x1,64x4x1,2048x1x1x1
ffn_out-12,kernel_add_row,0.002100,512x0x0,64x0x0,2048x1x1x1
l_out-12,kernel_add_row,0.001900,512x0x0,64x0x0,2048x1x1x1
attn_norm-13,kernel_rms_norm_mul,0.005500,1024x1x1,1024x1x1,2048x1x1x1
q-13,kernel_gemv_noshuffle,0.058900,1536x4x1,64x4x1,3072x1x1x1
q_pe-13,kernel_rope_norm_f32,0.002700,1024x1x1,64x1x1,64x16x1x1
Qcur-13,kernel_concat_f32_non_contiguous,0.040300,16x1x1,0x0x0,192x16x1x1
kv_cmpr_pe-13,kernel_gemv_noshuffle,0.029300,320x4x1,64x4x1,576x1x1x1
k_pe-13,kernel_rope_norm_f32,0.002300,64x1x1,64x1x1,64x1x1x1
node_832,kernel_repeat,0.038100,16x1x1,0x0x0,64x16x1x1
kv_cmpr-13,kernel_rms_norm_mul,0.003800,512x1x1,512x1x1,512x1x1x1
kv-13,kernel_gemv_noshuffle,0.020300,2048x4x1,64x4x1,4096x1x1x1
Kcur-13,kernel_concat_f32_non_contiguous,0.039600,16x1x1,0x0x0,192x16x1x1
Vcur_cont-13,kernel_cpy_f32_f32,0.003000,1024x1x1,64x1x1,128x16x1x1
cache_k_l13 (view),kernel_set_rows_f16_i64,0.003600,1024x1x1,1024x1x1,3072x4096x1x1
cache_v_l13 (view),kernel_set_rows_f16_i64,0.003300,1024x1x1,1024x1x1,2048x4096x1x1
__fattn__-13,flash_attn_f32_f16_q1,0.960900,64x16x0,64x1x0,128x16x1x1
node_853,kernel_gemv_noshuffle,0.046300,1024x4x1,64x4x1,2048x1x1x1
ffn_inp-13,kernel_add_row,0.002100,512x0x0,64x0x0,2048x1x1x1
ffn_norm-13,kernel_rms_norm_mul,0.005400,1024x1x1,1024x1x1,2048x1x1x1
ffn_moe_logits-13,kernel_mul_mat_f32_f32,0.011600,4096x1x1,64x1x1,64x1x1x1
ffn_moe_probs-13,kernel_soft_max_4,0.003100,64x1x1,64x1x1,64x1x1x1
ffn_moe_argsort-13,kernel_argsort_f32_i32,0.012000,64x1x1,64x1x1,64x1x1x1
ffn_moe_weights-13,kernel_get_rows_f32,0.002100,384x1x1,64x1x1,1x6x1x1
ffn_moe_weights_scaled-13,kernel_scale,0.001900,1x1x1,64x1x1,1x6x1x1
ffn_moe_gate-13,kernel_mul_mv_id_q4_0_f32_8x_flat,0.162500,11264x1x6,64x1x1,1408x6x1x1
ffn_moe_up-13,kernel_mul_mv_id_q4_0_f32_8x_flat,0.160200,11264x1x6,64x1x1,1408x6x1x1
ffn_moe_weighted-13,kernel_swiglu,0.003100,3072x1x1,512x1x1,1408x6x1x1
ffn_moe_down-13,kernel_mul_mv_id_q4_0_f32_8x_flat,0.172900,16384x1x6,64x1x1,2048x6x1x1
node_869,kernel_mul,0.010700,384x1x1,64x1x1,2048x6x1x1
ffn_gate-13,kernel_gemv_noshuffle,0.051200,1408x4x1,64x4x1,2816x1x1x1
ffn_up-13,kernel_gemv_noshuffle,0.050500,1408x4x1,64x4x1,2816x1x1x1
ffn_swiglu-13,kernel_swiglu,0.003600,512x1x1,512x1x1,2816x1x1x1
node_879,kernel_add_row,0.002000,512x0x0,64x0x0,2048x1x1x1
node_880,kernel_add_row,0.001800,512x0x0,64x0x0,2048x1x1x1
node_881,kernel_add_row,0.002000,512x0x0,64x0x0,2048x1x1x1
node_882,kernel_add_row,0.002200,512x0x0,64x0x0,2048x1x1x1
ffn_moe_out-13,kernel_add_row,0.001800,512x0x0,64x0x0,2048x1x1x1
ffn_shexp-13,kernel_gemv_noshuffle,0.058000,1024x4x1,64x4x1,2048x1x1x1
ffn_out-13,kernel_add_row,0.002000,512x0x0,64x0x0,2048x1x1x1
l_out-13,kernel_add_row,0.001900,512x0x0,64x0x0,2048x1x1x1
attn_norm-14,kernel_rms_norm_mul,0.005400,1024x1x1,1024x1x1,2048x1x1x1
q-14,kernel_gemv_noshuffle,0.054200,1536x4x1,64x4x1,3072x1x1x1
q_pe-14,kernel_rope_norm_f32,0.002900,1024x1x1,64x1x1,64x16x1x1
Qcur-14,kernel_concat_f32_non_contiguous,0.039500,16x1x1,0x0x0,192x16x1x1
kv_cmpr_pe-14,kernel_gemv_noshuffle,0.029600,320x4x1,64x4x1,576x1x1x1
k_pe-14,kernel_rope_norm_f32,0.002500,64x1x1,64x1x1,64x1x1x1
node_897,kernel_repeat,0.037200,16x1x1,0x0x0,64x16x1x1
kv_cmpr-14,kernel_rms_norm_mul,0.003800,512x1x1,512x1x1,512x1x1x1
kv-14,kernel_gemv_noshuffle,0.019700,2048x4x1,64x4x1,4096x1x1x1
Kcur-14,kernel_concat_f32_non_contiguous,0.039800,16x1x1,0x0x0,192x16x1x1
Vcur_cont-14,kernel_cpy_f32_f32,0.002500,1024x1x1,64x1x1,128x16x1x1
cache_k_l14 (view),kernel_set_rows_f16_i64,0.004000,1024x1x1,1024x1x1,3072x4096x1x1
cache_v_l14 (view),kernel_set_rows_f16_i64,0.003100,1024x1x1,1024x1x1,2048x4096x1x1
__fattn__-14,flash_attn_f32_f16_q1,0.954300,64x16x0,64x1x0,128x16x1x1
node_918,kernel_gemv_noshuffle,0.045800,1024x4x1,64x4x1,2048x1x1x1
ffn_inp-14,kernel_add_row,0.002300,512x0x0,64x0x0,2048x1x1x1
ffn_norm-14,kernel_rms_norm_mul,0.005500,1024x1x1,1024x1x1,2048x1x1x1
ffn_moe_logits-14,kernel_mul_mat_f32_f32,0.010600,4096x1x1,64x1x1,64x1x1x1
ffn_moe_probs-14,kernel_soft_max_4,0.003200,64x1x1,64x1x1,64x1x1x1
ffn_moe_argsort-14,kernel_argsort_f32_i32,0.012400,64x1x1,64x1x1,64x1x1x1
ffn_moe_weights-14,kernel_get_rows_f32,0.002100,384x1x1,64x1x1,1x6x1x1
ffn_moe_weights_scaled-14,kernel_scale,0.001700,1x1x1,64x1x1,1x6x1x1
ffn_moe_gate-14,kernel_mul_mv_id_q4_0_f32_8x_flat,0.161700,11264x1x6,64x1x1,1408x6x1x1
ffn_moe_up-14,kernel_mul_mv_id_q4_0_f32_8x_flat,0.158600,11264x1x6,64x1x1,1408x6x1x1
ffn_moe_weighted-14,kernel_swiglu,0.003000,3072x1x1,512x1x1,1408x6x1x1
ffn_moe_down-14,kernel_mul_mv_id_q4_0_f32_8x_flat,0.170000,16384x1x6,64x1x1,2048x6x1x1
node_934,kernel_mul,0.010600,384x1x1,64x1x1,2048x6x1x1
ffn_gate-14,kernel_gemv_noshuffle,0.052500,1408x4x1,64x4x1,2816x1x1x1
ffn_up-14,kernel_gemv_noshuffle,0.051600,1408x4x1,64x4x1,2816x1x1x1
ffn_swiglu-14,kernel_swiglu,0.003700,512x1x1,512x1x1,2816x1x1x1
node_944,kernel_add_row,0.002100,512x0x0,64x0x0,2048x1x1x1
node_945,kernel_add_row,0.002000,512x0x0,64x0x0,2048x1x1x1
node_946,kernel_add_row,0.001900,512x0x0,64x0x0,2048x1x1x1
node_947,kernel_add_row,0.001800,512x0x0,64x0x0,2048x1x1x1
ffn_moe_out-14,kernel_add_row,0.001800,512x0x0,64x0x0,2048x1x1x1
ffn_shexp-14,kernel_gemv_noshuffle,0.058700,1024x4x1,64x4x1,2048x1x1x1
ffn_out-14,kernel_add_row,0.002000,512x0x0,64x0x0,2048x1x1x1
l_out-14,kernel_add_row,0.001900,512x0x0,64x0x0,2048x1x1x1
attn_norm-15,kernel_rms_norm_mul,0.005400,1024x1x1,1024x1x1,2048x1x1x1
q-15,kernel_gemv_noshuffle,0.054000,1536x4x1,64x4x1,3072x1x1x1
q_pe-15,kernel_rope_norm_f32,0.002700,1024x1x1,64x1x1,64x16x1x1
Qcur-15,kernel_concat_f32_non_contiguous,0.040000,16x1x1,0x0x0,192x16x1x1
kv_cmpr_pe-15,kernel_gemv_noshuffle,0.029700,320x4x1,64x4x1,576x1x1x1
k_pe-15,kernel_rope_norm_f32,0.002800,64x1x1,64x1x1,64x1x1x1
node_962,kernel_repeat,0.037900,16x1x1,0x0x0,64x16x1x1
kv_cmpr-15,kernel_rms_norm_mul,0.003900,512x1x1,512x1x1,512x1x1x1
kv-15,kernel_gemv_noshuffle,0.020000,2048x4x1,64x4x1,4096x1x1x1
Kcur-15,kernel_concat_f32_non_contiguous,0.040200,16x1x1,0x0x0,192x16x1x1
Vcur_cont-15,kernel_cpy_f32_f32,0.002700,1024x1x1,64x1x1,128x16x1x1
cache_k_l15 (view),kernel_set_rows_f16_i64,0.003900,1024x1x1,1024x1x1,3072x4096x1x1
cache_v_l15 (view),kernel_set_rows_f16_i64,0.003200,1024x1x1,1024x1x1,2048x4096x1x1
__fattn__-15,flash_attn_f32_f16_q1,0.970800,64x16x0,64x1x0,128x16x1x1
node_983,kernel_gemv_noshuffle,0.045100,1024x4x1,64x4x1,2048x1x1x1
ffn_inp-15,kernel_add_row,0.002200,512x0x0,64x0x0,2048x1x1x1
ffn_norm-15,kernel_rms_norm_mul,0.005400,1024x1x1,1024x1x1,2048x1x1x1
ffn_moe_logits-15,kernel_mul_mat_f32_f32,0.011000,4096x1x1,64x1x1,64x1x1x1
ffn_moe_probs-15,kernel_soft_max_4,0.003200,64x1x1,64x1x1,64x1x1x1
ffn_moe_argsort-15,kernel_argsort_f32_i32,0.011900,64x1x1,64x1x1,64x1x1x1
ffn_moe_weights-15,kernel_get_rows_f32,0.002200,384x1x1,64x1x1,1x6x1x1
ffn_moe_weights_scaled-15,kernel_scale,0.001900,1x1x1,64x1x1,1x6x1x1
ffn_moe_gate-15,kernel_mul_mv_id_q4_0_f32_8x_flat,0.161700,11264x1x6,64x1x1,1408x6x1x1
ffn_moe_up-15,kernel_mul_mv_id_q4_0_f32_8x_flat,0.160100,11264x1x6,64x1x1,1408x6x1x1
ffn_moe_weighted-15,kernel_swiglu,0.003100,3072x1x1,512x1x1,1408x6x1x1
ffn_moe_down-15,kernel_mul_mv_id_q4_0_f32_8x_flat,0.171500,16384x1x6,64x1x1,2048x6x1x1
node_999,kernel_mul,0.010700,384x1x1,64x1x1,2048x6x1x1
ffn_gate-15,kernel_gemv_noshuffle,0.049800,1408x4x1,64x4x1,2816x1x1x1
ffn_up-15,kernel_gemv_noshuffle,0.050300,1408x4x1,64x4x1,2816x1x1x1
ffn_swiglu-15,kernel_swiglu,0.003700,512x1x1,512x1x1,2816x1x1x1
node_1009,kernel_add_row,0.002200,512x0x0,64x0x0,2048x1x1x1
node_1010,kernel_add_row,0.002000,512x0x0,64x0x0,2048x1x1x1
node_1011,kernel_add_row,0.002000,512x0x0,64x0x0,2048x1x1x1
node_1012,kernel_add_row,0.001900,512x0x0,64x0x0,2048x1x1x1
ffn_moe_out-15,kernel_add_row,0.001900,512x0x0,64x0x0,2048x1x1x1
ffn_shexp-15,kernel_gemv_noshuffle,0.057900,1024x4x1,64x4x1,2048x1x1x1
ffn_out-15,kernel_add_row,0.001900,512x0x0,64x0x0,2048x1x1x1
l_out-15,kernel_add_row,0.002200,512x0x0,64x0x0,2048x1x1x1
attn_norm-16,kernel_rms_norm_mul,0.005500,1024x1x1,1024x1x1,2048x1x1x1
q-16,kernel_gemv_noshuffle,0.057200,1536x4x1,64x4x1,3072x1x1x1
q_pe-16,kernel_rope_norm_f32,0.002700,1024x1x1,64x1x1,64x16x1x1
Qcur-16,kernel_concat_f32_non_contiguous,0.040200,16x1x1,0x0x0,192x16x1x1
kv_cmpr_pe-16,kernel_gemv_noshuffle,0.029400,320x4x1,64x4x1,576x1x1x1
k_pe-16,kernel_rope_norm_f32,0.002300,64x1x1,64x1x1,64x1x1x1
node_1027,kernel_repeat,0.037200,16x1x1,0x0x0,64x16x1x1
kv_cmpr-16,kernel_rms_norm_mul,0.004100,512x1x1,512x1x1,512x1x1x1
kv-16,kernel_gemv_noshuffle,0.021700,2048x4x1,64x4x1,4096x1x1x1
Kcur-16,kernel_concat_f32_non_contiguous,0.039900,16x1x1,0x0x0,192x16x1x1
Vcur_cont-16,kernel_cpy_f32_f32,0.002500,1024x1x1,64x1x1,128x16x1x1
cache_k_l16 (view),kernel_set_rows_f16_i64,0.004000,1024x1x1,1024x1x1,3072x4096x1x1
cache_v_l16 (view),kernel_set_rows_f16_i64,0.003300,1024x1x1,1024x1x1,2048x4096x1x1
__fattn__-16,flash_attn_f32_f16_q1,0.955500,64x16x0,64x1x0,128x16x1x1
node_1048,kernel_gemv_noshuffle,0.044800,1024x4x1,64x4x1,2048x1x1x1
ffn_inp-16,kernel_add_row,0.002400,512x0x0,64x0x0,2048x1x1x1
ffn_norm-16,kernel_rms_norm_mul,0.005500,1024x1x1,1024x1x1,2048x1x1x1
ffn_moe_logits-16,kernel_mul_mat_f32_f32,0.011300,4096x1x1,64x1x1,64x1x1x1
ffn_moe_probs-16,kernel_soft_max_4,0.003200,64x1x1,64x1x1,64x1x1x1
ffn_moe_argsort-16,kernel_argsort_f32_i32,0.012000,64x1x1,64x1x1,64x1x1x1
ffn_moe_weights-16,kernel_get_rows_f32,0.002100,384x1x1,64x1x1,1x6x1x1
ffn_moe_weights_scaled-16,kernel_scale,0.001800,1x1x1,64x1x1,1x6x1x1
ffn_moe_gate-16,kernel_mul_mv_id_q4_0_f32_8x_flat,0.159100,11264x1x6,64x1x1,1408x6x1x1
ffn_moe_up-16,kernel_mul_mv_id_q4_0_f32_8x_flat,0.163100,11264x1x6,64x1x1,1408x6x1x1
ffn_moe_weighted-16,kernel_swiglu,0.003200,3072x1x1,512x1x1,1408x6x1x1
ffn_moe_down-16,kernel_mul_mv_id_q4_0_f32_8x_flat,0.171300,16384x1x6,64x1x1,2048x6x1x1
node_1064,kernel_mul,0.010400,384x1x1,64x1x1,2048x6x1x1
ffn_gate-16,kernel_gemv_noshuffle,0.050000,1408x4x1,64x4x1,2816x1x1x1
ffn_up-16,kernel_gemv_noshuffle,0.049900,1408x4x1,64x4x1,2816x1x1x1
ffn_swiglu-16,kernel_swiglu,0.003700,512x1x1,512x1x1,2816x1x1x1
node_1074,kernel_add_row,0.002100,512x0x0,64x0x0,2048x1x1x1
node_1075,kernel_add_row,0.002300,512x0x0,64x0x0,2048x1x1x1
node_1076,kernel_add_row,0.001800,512x0x0,64x0x0,2048x1x1x1
node_1077,kernel_add_row,0.001800,512x0x0,64x0x0,2048x1x1x1
ffn_moe_out-16,kernel_add_row,0.001800,512x0x0,64x0x0,2048x1x1x1
ffn_shexp-16,kernel_gemv_noshuffle,0.057100,1024x4x1,64x4x1,2048x1x1x1
ffn_out-16,kernel_add_row,0.002000,512x0x0,64x0x0,2048x1x1x1
l_out-16,kernel_add_row,0.002000,512x0x0,64x0x0,2048x1x1x1
attn_norm-17,kernel_rms_norm_mul,0.005600,1024x1x1,1024x1x1,2048x1x1x1
q-17,kernel_gemv_noshuffle,0.056600,1536x4x1,64x4x1,3072x1x1x1
q_pe-17,kernel_rope_norm_f32,0.002700,1024x1x1,64x1x1,64x16x1x1
Qcur-17,kernel_concat_f32_non_contiguous,0.040000,16x1x1,0x0x0,192x16x1x1
kv_cmpr_pe-17,kernel_gemv_noshuffle,0.029400,320x4x1,64x4x1,576x1x1x1
k_pe-17,kernel_rope_norm_f32,0.002100,64x1x1,64x1x1,64x1x1x1
node_1092,kernel_repeat,0.038900,16x1x1,0x0x0,64x16x1x1
kv_cmpr-17,kernel_rms_norm_mul,0.004200,512x1x1,512x1x1,512x1x1x1
kv-17,kernel_gemv_noshuffle,0.020500,2048x4x1,64x4x1,4096x1x1x1
Kcur-17,kernel_concat_f32_non_contiguous,0.039600,16x1x1,0x0x0,192x16x1x1
Vcur_cont-17,kernel_cpy_f32_f32,0.002800,1024x1x1,64x1x1,128x16x1x1
cache_k_l17 (view),kernel_set_rows_f16_i64,0.003800,1024x1x1,1024x1x1,3072x4096x1x1
cache_v_l17 (view),kernel_set_rows_f16_i64,0.003400,1024x1x1,1024x1x1,2048x4096x1x1
__fattn__-17,flash_attn_f32_f16_q1,0.958300,64x16x0,64x1x0,128x16x1x1
node_1113,kernel_gemv_noshuffle,0.044800,1024x4x1,64x4x1,2048x1x1x1
ffn_inp-17,kernel_add_row,0.002300,512x0x0,64x0x0,2048x1x1x1
ffn_norm-17,kernel_rms_norm_mul,0.005400,1024x1x1,1024x1x1,2048x1x1x1
ffn_moe_logits-17,kernel_mul_mat_f32_f32,0.012300,4096x1x1,64x1x1,64x1x1x1
ffn_moe_probs-17,kernel_soft_max_4,0.003200,64x1x1,64x1x1,64x1x1x1
ffn_moe_argsort-17,kernel_argsort_f32_i32,0.011900,64x1x1,64x1x1,64x1x1x1
ffn_moe_weights-17,kernel_get_rows_f32,0.002000,384x1x1,64x1x1,1x6x1x1
ffn_moe_weights_scaled-17,kernel_scale,0.001800,1x1x1,64x1x1,1x6x1x1
ffn_moe_gate-17,kernel_mul_mv_id_q4_0_f32_8x_flat,0.158000,11264x1x6,64x1x1,1408x6x1x1
ffn_moe_up-17,kernel_mul_mv_id_q4_0_f32_8x_flat,0.161400,11264x1x6,64x1x1,1408x6x1x1
ffn_moe_weighted-17,kernel_swiglu,0.003100,3072x1x1,512x1x1,1408x6x1x1
ffn_moe_down-17,kernel_mul_mv_id_q4_0_f32_8x_flat,0.171600,16384x1x6,64x1x1,2048x6x1x1
node_1129,kernel_mul,0.010500,384x1x1,64x1x1,2048x6x1x1
ffn_gate-17,kernel_gemv_noshuffle,0.051400,1408x4x1,64x4x1,2816x1x1x1
ffn_up-17,kernel_gemv_noshuffle,0.049700,1408x4x1,64x4x1,2816x1x1x1
ffn_swiglu-17,kernel_swiglu,0.003600,512x1x1,512x1x1,2816x1x1x1
node_1139,kernel_add_row,0.002200,512x0x0,64x0x0,2048x1x1x1
node_1140,kernel_add_row,0.002100,512x0x0,64x0x0,2048x1x1x1
node_1141,kernel_add_row,0.001900,512x0x0,64x0x0,2048x1x1x1
node_1142,kernel_add_row,0.002300,512x0x0,64x0x0,2048x1x1x1
ffn_moe_out-17,kernel_add_row,0.001900,512x0x0,64x0x0,2048x1x1x1
ffn_shexp-17,kernel_gemv_noshuffle,0.057300,1024x4x1,64x4x1,2048x1x1x1
ffn_out-17,kernel_add_row,0.002000,512x0x0,64x0x0,2048x1x1x1
l_out-17,kernel_add_row,0.001900,512x0x0,64x0x0,2048x1x1x1
attn_norm-18,kernel_rms_norm_mul,0.005400,1024x1x1,1024x1x1,2048x1x1x1
q-18,kernel_gemv_noshuffle,0.055100,1536x4x1,64x4x1,3072x1x1x1
q_pe-18,kernel_rope_norm_f32,0.002700,1024x1x1,64x1x1,64x16x1x1
Qcur-18,kernel_concat_f32_non_contiguous,0.039500,16x1x1,0x0x0,192x16x1x1
kv_cmpr_pe-18,kernel_gemv_noshuffle,0.029900,320x4x1,64x4x1,576x1x1x1
k_pe-18,kernel_rope_norm_f32,0.002500,64x1x1,64x1x1,64x1x1x1
node_1157,kernel_repeat,0.037300,16x1x1,0x0x0,64x16x1x1
kv_cmpr-18,kernel_rms_norm_mul,0.003800,512x1x1,512x1x1,512x1x1x1
kv-18,kernel_gemv_noshuffle,0.020500,2048x4x1,64x4x1,4096x1x1x1
Kcur-18,kernel_concat_f32_non_contiguous,0.040700,16x1x1,0x0x0,192x16x1x1
Vcur_cont-18,kernel_cpy_f32_f32,0.002900,1024x1x1,64x1x1,128x16x1x1
cache_k_l18 (view),kernel_set_rows_f16_i64,0.004000,1024x1x1,1024x1x1,3072x4096x1x1
cache_v_l18 (view),kernel_set_rows_f16_i64,0.003200,1024x1x1,1024x1x1,2048x4096x1x1
__fattn__-18,flash_attn_f32_f16_q1,0.968800,64x16x0,64x1x0,128x16x1x1
node_1178,kernel_gemv_noshuffle,0.043800,1024x4x1,64x4x1,2048x1x1x1
ffn_inp-18,kernel_add_row,0.002400,512x0x0,64x0x0,2048x1x1x1
ffn_norm-18,kernel_rms_norm_mul,0.005500,1024x1x1,1024x1x1,2048x1x1x1
ffn_moe_logits-18,kernel_mul_mat_f32_f32,0.011100,4096x1x1,64x1x1,64x1x1x1
ffn_moe_probs-18,kernel_soft_max_4,0.003200,64x1x1,64x1x1,64x1x1x1
ffn_moe_argsort-18,kernel_argsort_f32_i32,0.012400,64x1x1,64x1x1,64x1x1x1
ffn_moe_weights-18,kernel_get_rows_f32,0.002200,384x1x1,64x1x1,1x6x1x1
ffn_moe_weights_scaled-18,kernel_scale,0.001600,1x1x1,64x1x1,1x6x1x1
ffn_moe_gate-18,kernel_mul_mv_id_q4_0_f32_8x_flat,0.160000,11264x1x6,64x1x1,1408x6x1x1
ffn_moe_up-18,kernel_mul_mv_id_q4_0_f32_8x_flat,0.160700,11264x1x6,64x1x1,1408x6x1x1
ffn_moe_weighted-18,kernel_swiglu,0.003100,3072x1x1,512x1x1,1408x6x1x1
ffn_moe_down-18,kernel_mul_mv_id_q4_0_f32_8x_flat,0.169000,16384x1x6,64x1x1,2048x6x1x1
node_1194,kernel_mul,0.010500,384x1x1,64x1x1,2048x6x1x1
ffn_gate-18,kernel_gemv_noshuffle,0.054500,1408x4x1,64x4x1,2816x1x1x1
ffn_up-18,kernel_gemv_noshuffle,0.050000,1408x4x1,64x4x1,2816x1x1x1
ffn_swiglu-18,kernel_swiglu,0.004100,512x1x1,512x1x1,2816x1x1x1
node_1204,kernel_add_row,0.002000,512x0x0,64x0x0,2048x1x1x1
node_1205,kernel_add_row,0.001800,512x0x0,64x0x0,2048x1x1x1
node_1206,kernel_add_row,0.001900,512x0x0,64x0x0,2048x1x1x1
node_1207,kernel_add_row,0.001900,512x0x0,64x0x0,2048x1x1x1
ffn_moe_out-18,kernel_add_row,0.001900,512x0x0,64x0x0,2048x1x1x1
ffn_shexp-18,kernel_gemv_noshuffle,0.058400,1024x4x1,64x4x1,2048x1x1x1
ffn_out-18,kernel_add_row,0.002000,512x0x0,64x0x0,2048x1x1x1
l_out-18,kernel_add_row,0.001900,512x0x0,64x0x0,2048x1x1x1
attn_norm-19,kernel_rms_norm_mul,0.005400,1024x1x1,1024x1x1,2048x1x1x1
q-19,kernel_gemv_noshuffle,0.054200,1536x4x1,64x4x1,3072x1x1x1
q_pe-19,kernel_rope_norm_f32,0.002700,1024x1x1,64x1x1,64x16x1x1
Qcur-19,kernel_concat_f32_non_contiguous,0.040200,16x1x1,0x0x0,192x16x1x1
kv_cmpr_pe-19,kernel_gemv_noshuffle,0.029700,320x4x1,64x4x1,576x1x1x1
k_pe-19,kernel_rope_norm_f32,0.002900,64x1x1,64x1x1,64x1x1x1
node_1222,kernel_repeat,0.038100,16x1x1,0x0x0,64x16x1x1
kv_cmpr-19,kernel_rms_norm_mul,0.004000,512x1x1,512x1x1,512x1x1x1
kv-19,kernel_gemv_noshuffle,0.020500,2048x4x1,64x4x1,4096x1x1x1
Kcur-19,kernel_concat_f32_non_contiguous,0.040600,16x1x1,0x0x0,192x16x1x1
Vcur_cont-19,kernel_cpy_f32_f32,0.002600,1024x1x1,64x1x1,128x16x1x1
cache_k_l19 (view),kernel_set_rows_f16_i64,0.003700,1024x1x1,1024x1x1,3072x4096x1x1
cache_v_l19 (view),kernel_set_rows_f16_i64,0.003300,1024x1x1,1024x1x1,2048x4096x1x1
__fattn__-19,flash_attn_f32_f16_q1,0.935500,64x16x0,64x1x0,128x16x1x1
node_1243,kernel_gemv_noshuffle,0.045700,1024x4x1,64x4x1,2048x1x1x1
ffn_inp-19,kernel_add_row,0.002100,512x0x0,64x0x0,2048x1x1x1
ffn_norm-19,kernel_rms_norm_mul,0.005400,1024x1x1,1024x1x1,2048x1x1x1
ffn_moe_logits-19,kernel_mul_mat_f32_f32,0.010600,4096x1x1,64x1x1,64x1x1x1
ffn_moe_probs-19,kernel_soft_max_4,0.003000,64x1x1,64x1x1,64x1x1x1
ffn_moe_argsort-19,kernel_argsort_f32_i32,0.012000,64x1x1,64x1x1,64x1x1x1
ffn_moe_weights-19,kernel_get_rows_f32,0.002300,384x1x1,64x1x1,1x6x1x1
ffn_moe_weights_scaled-19,kernel_scale,0.002100,1x1x1,64x1x1,1x6x1x1
ffn_moe_gate-19,kernel_mul_mv_id_q4_0_f32_8x_flat,0.160400,11264x1x6,64x1x1,1408x6x1x1
ffn_moe_up-19,kernel_mul_mv_id_q4_0_f32_8x_flat,0.159100,11264x1x6,64x1x1,1408x6x1x1
ffn_moe_weighted-19,kernel_swiglu,0.003100,3072x1x1,512x1x1,1408x6x1x1
ffn_moe_down-19,kernel_mul_mv_id_q4_0_f32_8x_flat,0.169400,16384x1x6,64x1x1,2048x6x1x1
node_1259,kernel_mul,0.010300,384x1x1,64x1x1,2048x6x1x1
ffn_gate-19,kernel_gemv_noshuffle,0.049800,1408x4x1,64x4x1,2816x1x1x1
ffn_up-19,kernel_gemv_noshuffle,0.050100,1408x4x1,64x4x1,2816x1x1x1
ffn_swiglu-19,kernel_swiglu,0.003800,512x1x1,512x1x1,2816x1x1x1
node_1269,kernel_add_row,0.002100,512x0x0,64x0x0,2048x1x1x1
node_1270,kernel_add_row,0.002000,512x0x0,64x0x0,2048x1x1x1
node_1271,kernel_add_row,0.001900,512x0x0,64x0x0,2048x1x1x1
node_1272,kernel_add_row,0.001800,512x0x0,64x0x0,2048x1x1x1
ffn_moe_out-19,kernel_add_row,0.001900,512x0x0,64x0x0,2048x1x1x1
ffn_shexp-19,kernel_gemv_noshuffle,0.057300,1024x4x1,64x4x1,2048x1x1x1
ffn_out-19,kernel_add_row,0.002000,512x0x0,64x0x0,2048x1x1x1
l_out-19,kernel_add_row,0.002400,512x0x0,64x0x0,2048x1x1x1
attn_norm-20,kernel_rms_norm_mul,0.005400,1024x1x1,1024x1x1,2048x1x1x1
q-20,kernel_gemv_noshuffle,0.056000,1536x4x1,64x4x1,3072x1x1x1
q_pe-20,kernel_rope_norm_f32,0.002700,1024x1x1,64x1x1,64x16x1x1
Qcur-20,kernel_concat_f32_non_contiguous,0.040200,16x1x1,0x0x0,192x16x1x1
kv_cmpr_pe-20,kernel_gemv_noshuffle,0.029300,320x4x1,64x4x1,576x1x1x1
k_pe-20,kernel_rope_norm_f32,0.002100,64x1x1,64x1x1,64x1x1x1
node_1287,kernel_repeat,0.037300,16x1x1,0x0x0,64x16x1x1
kv_cmpr-20,kernel_rms_norm_mul,0.004000,512x1x1,512x1x1,512x1x1x1
kv-20,kernel_gemv_noshuffle,0.021300,2048x4x1,64x4x1,4096x1x1x1
Kcur-20,kernel_concat_f32_non_contiguous,0.039900,16x1x1,0x0x0,192x16x1x1
Vcur_cont-20,kernel_cpy_f32_f32,0.002500,1024x1x1,64x1x1,128x16x1x1
cache_k_l20 (view),kernel_set_rows_f16_i64,0.004000,1024x1x1,1024x1x1,3072x4096x1x1
cache_v_l20 (view),kernel_set_rows_f16_i64,0.003300,1024x1x1,1024x1x1,2048x4096x1x1
__fattn__-20,flash_attn_f32_f16_q1,0.954800,64x16x0,64x1x0,128x16x1x1
node_1308,kernel_gemv_noshuffle,0.044700,1024x4x1,64x4x1,2048x1x1x1
ffn_inp-20,kernel_add_row,0.002300,512x0x0,64x0x0,2048x1x1x1
ffn_norm-20,kernel_rms_norm_mul,0.005600,1024x1x1,1024x1x1,2048x1x1x1
ffn_moe_logits-20,kernel_mul_mat_f32_f32,0.010600,4096x1x1,64x1x1,64x1x1x1
ffn_moe_probs-20,kernel_soft_max_4,0.003200,64x1x1,64x1x1,64x1x1x1
ffn_moe_argsort-20,kernel_argsort_f32_i32,0.012000,64x1x1,64x1x1,64x1x1x1
ffn_moe_weights-20,kernel_get_rows_f32,0.002200,384x1x1,64x1x1,1x6x1x1
ffn_moe_weights_scaled-20,kernel_scale,0.001800,1x1x1,64x1x1,1x6x1x1
ffn_moe_gate-20,kernel_mul_mv_id_q4_0_f32_8x_flat,0.158900,11264x1x6,64x1x1,1408x6x1x1
ffn_moe_up-20,kernel_mul_mv_id_q4_0_f32_8x_flat,0.160300,11264x1x6,64x1x1,1408x6x1x1
ffn_moe_weighted-20,kernel_swiglu,0.003000,3072x1x1,512x1x1,1408x6x1x1
ffn_moe_down-20,kernel_mul_mv_id_q4_0_f32_8x_flat,0.169200,16384x1x6,64x1x1,2048x6x1x1
node_1324,kernel_mul,0.010800,384x1x1,64x1x1,2048x6x1x1
ffn_gate-20,kernel_gemv_noshuffle,0.050100,1408x4x1,64x4x1,2816x1x1x1
ffn_up-20,kernel_gemv_noshuffle,0.049300,1408x4x1,64x4x1,2816x1x1x1
ffn_swiglu-20,kernel_swiglu,0.003700,512x1x1,512x1x1,2816x1x1x1
node_1334,kernel_add_row,0.002000,512x0x0,64x0x0,2048x1x1x1
node_1335,kernel_add_row,0.002300,512x0x0,64x0x0,2048x1x1x1
node_1336,kernel_add_row,0.002000,512x0x0,64x0x0,2048x1x1x1
node_1337,kernel_add_row,0.001900,512x0x0,64x0x0,2048x1x1x1
ffn_moe_out-20,kernel_add_row,0.001900,512x0x0,64x0x0,2048x1x1x1
ffn_shexp-20,kernel_gemv_noshuffle,0.058400,1024x4x1,64x4x1,2048x1x1x1
ffn_out-20,kernel_add_row,0.002100,512x0x0,64x0x0,2048x1x1x1
l_out-20,kernel_add_row,0.001900,512x0x0,64x0x0,2048x1x1x1
attn_norm-21,kernel_rms_norm_mul,0.005500,1024x1x1,1024x1x1,2048x1x1x1
q-21,kernel_gemv_noshuffle,0.056600,1536x4x1,64x4x1,3072x1x1x1
q_pe-21,kernel_rope_norm_f32,0.002900,1024x1x1,64x1x1,64x16x1x1
Qcur-21,kernel_concat_f32_non_contiguous,0.040000,16x1x1,0x0x0,192x16x1x1
kv_cmpr_pe-21,kernel_gemv_noshuffle,0.029800,320x4x1,64x4x1,576x1x1x1
k_pe-21,kernel_rope_norm_f32,0.002200,64x1x1,64x1x1,64x1x1x1
node_1352,kernel_repeat,0.039000,16x1x1,0x0x0,64x16x1x1
kv_cmpr-21,kernel_rms_norm_mul,0.004100,512x1x1,512x1x1,512x1x1x1
kv-21,kernel_gemv_noshuffle,0.020300,2048x4x1,64x4x1,4096x1x1x1
Kcur-21,kernel_concat_f32_non_contiguous,0.039600,16x1x1,0x0x0,192x16x1x1
Vcur_cont-21,kernel_cpy_f32_f32,0.002700,1024x1x1,64x1x1,128x16x1x1
cache_k_l21 (view),kernel_set_rows_f16_i64,0.003900,1024x1x1,1024x1x1,3072x4096x1x1
cache_v_l21 (view),kernel_set_rows_f16_i64,0.003200,1024x1x1,1024x1x1,2048x4096x1x1
__fattn__-21,flash_attn_f32_f16_q1,0.947600,64x16x0,64x1x0,128x16x1x1
node_1373,kernel_gemv_noshuffle,0.045400,1024x4x1,64x4x1,2048x1x1x1
ffn_inp-21,kernel_add_row,0.002100,512x0x0,64x0x0,2048x1x1x1
ffn_norm-21,kernel_rms_norm_mul,0.005500,1024x1x1,1024x1x1,2048x1x1x1
ffn_moe_logits-21,kernel_mul_mat_f32_f32,0.011800,4096x1x1,64x1x1,64x1x1x1
ffn_moe_probs-21,kernel_soft_max_4,0.003200,64x1x1,64x1x1,64x1x1x1
ffn_moe_argsort-21,kernel_argsort_f32_i32,0.012100,64x1x1,64x1x1,64x1x1x1
ffn_moe_weights-21,kernel_get_rows_f32,0.002000,384x1x1,64x1x1,1x6x1x1
ffn_moe_weights_scaled-21,kernel_scale,0.001800,1x1x1,64x1x1,1x6x1x1
ffn_moe_gate-21,kernel_mul_mv_id_q4_0_f32_8x_flat,0.157600,11264x1x6,64x1x1,1408x6x1x1
ffn_moe_up-21,kernel_mul_mv_id_q4_0_f32_8x_flat,0.159700,11264x1x6,64x1x1,1408x6x1x1
ffn_moe_weighted-21,kernel_swiglu,0.003100,3072x1x1,512x1x1,1408x6x1x1
ffn_moe_down-21,kernel_mul_mv_id_q4_0_f32_8x_flat,0.172100,16384x1x6,64x1x1,2048x6x1x1
node_1389,kernel_mul,0.010500,384x1x1,64x1x1,2048x6x1x1
ffn_gate-21,kernel_gemv_noshuffle,0.051100,1408x4x1,64x4x1,2816x1x1x1
ffn_up-21,kernel_gemv_noshuffle,0.051100,1408x4x1,64x4x1,2816x1x1x1
ffn_swiglu-21,kernel_swiglu,0.003800,512x1x1,512x1x1,2816x1x1x1
node_1399,kernel_add_row,0.002000,512x0x0,64x0x0,2048x1x1x1
node_1400,kernel_add_row,0.001900,512x0x0,64x0x0,2048x1x1x1
node_1401,kernel_add_row,0.001900,512x0x0,64x0x0,2048x1x1x1
node_1402,kernel_add_row,0.002300,512x0x0,64x0x0,2048x1x1x1
ffn_moe_out-21,kernel_add_row,0.001800,512x0x0,64x0x0,2048x1x1x1
ffn_shexp-21,kernel_gemv_noshuffle,0.057200,1024x4x1,64x4x1,2048x1x1x1
ffn_out-21,kernel_add_row,0.002000,512x0x0,64x0x0,2048x1x1x1
l_out-21,kernel_add_row,0.001900,512x0x0,64x0x0,2048x1x1x1
attn_norm-22,kernel_rms_norm_mul,0.005400,1024x1x1,1024x1x1,2048x1x1x1
q-22,kernel_gemv_noshuffle,0.055300,1536x4x1,64x4x1,3072x1x1x1
q_pe-22,kernel_rope_norm_f32,0.002700,1024x1x1,64x1x1,64x16x1x1
Qcur-22,kernel_concat_f32_non_contiguous,0.039800,16x1x1,0x0x0,192x16x1x1
kv_cmpr_pe-22,kernel_gemv_noshuffle,0.029100,320x4x1,64x4x1,576x1x1x1
k_pe-22,kernel_rope_norm_f32,0.002600,64x1x1,64x1x1,64x1x1x1
node_1417,kernel_repeat,0.037200,16x1x1,0x0x0,64x16x1x1
kv_cmpr-22,kernel_rms_norm_mul,0.004400,512x1x1,512x1x1,512x1x1x1
kv-22,kernel_gemv_noshuffle,0.022100,2048x4x1,64x4x1,4096x1x1x1
Kcur-22,kernel_concat_f32_non_contiguous,0.040200,16x1x1,0x0x0,192x16x1x1
Vcur_cont-22,kernel_cpy_f32_f32,0.002600,1024x1x1,64x1x1,128x16x1x1
cache_k_l22 (view),kernel_set_rows_f16_i64,0.004100,1024x1x1,1024x1x1,3072x4096x1x1
cache_v_l22 (view),kernel_set_rows_f16_i64,0.003100,1024x1x1,1024x1x1,2048x4096x1x1
__fattn__-22,flash_attn_f32_f16_q1,0.940400,64x16x0,64x1x0,128x16x1x1
node_1438,kernel_gemv_noshuffle,0.044300,1024x4x1,64x4x1,2048x1x1x1
ffn_inp-22,kernel_add_row,0.002100,512x0x0,64x0x0,2048x1x1x1
ffn_norm-22,kernel_rms_norm_mul,0.005500,1024x1x1,1024x1x1,2048x1x1x1
ffn_moe_logits-22,kernel_mul_mat_f32_f32,0.010600,4096x1x1,64x1x1,64x1x1x1
ffn_moe_probs-22,kernel_soft_max_4,0.003300,64x1x1,64x1x1,64x1x1x1
ffn_moe_argsort-22,kernel_argsort_f32_i32,0.012400,64x1x1,64x1x1,64x1x1x1
ffn_moe_weights-22,kernel_get_rows_f32,0.002100,384x1x1,64x1x1,1x6x1x1
ffn_moe_weights_scaled-22,kernel_scale,0.001700,1x1x1,64x1x1,1x6x1x1
ffn_moe_gate-22,kernel_mul_mv_id_q4_0_f32_8x_flat,0.158700,11264x1x6,64x1x1,1408x6x1x1
ffn_moe_up-22,kernel_mul_mv_id_q4_0_f32_8x_flat,0.157500,11264x1x6,64x1x1,1408x6x1x1
ffn_moe_weighted-22,kernel_swiglu,0.003000,3072x1x1,512x1x1,1408x6x1x1
ffn_moe_down-22,kernel_mul_mv_id_q4_0_f32_8x_flat,0.169800,16384x1x6,64x1x1,2048x6x1x1
node_1454,kernel_mul,0.010700,384x1x1,64x1x1,2048x6x1x1
ffn_gate-22,kernel_gemv_noshuffle,0.054700,1408x4x1,64x4x1,2816x1x1x1
ffn_up-22,kernel_gemv_noshuffle,0.048100,1408x4x1,64x4x1,2816x1x1x1
ffn_swiglu-22,kernel_swiglu,0.003700,512x1x1,512x1x1,2816x1x1x1
node_1464,kernel_add_row,0.002100,512x0x0,64x0x0,2048x1x1x1
node_1465,kernel_add_row,0.002000,512x0x0,64x0x0,2048x1x1x1
node_1466,kernel_add_row,0.002000,512x0x0,64x0x0,2048x1x1x1
node_1467,kernel_add_row,0.001900,512x0x0,64x0x0,2048x1x1x1
ffn_moe_out-22,kernel_add_row,0.002000,512x0x0,64x0x0,2048x1x1x1
ffn_shexp-22,kernel_gemv_noshuffle,0.058600,1024x4x1,64x4x1,2048x1x1x1
ffn_out-22,kernel_add_row,0.002100,512x0x0,64x0x0,2048x1x1x1
l_out-22,kernel_add_row,0.001900,512x0x0,64x0x0,2048x1x1x1
attn_norm-23,kernel_rms_norm_mul,0.005500,1024x1x1,1024x1x1,2048x1x1x1
q-23,kernel_gemv_noshuffle,0.053200,1536x4x1,64x4x1,3072x1x1x1
q_pe-23,kernel_rope_norm_f32,0.002900,1024x1x1,64x1x1,64x16x1x1
Qcur-23,kernel_concat_f32_non_contiguous,0.040300,16x1x1,0x0x0,192x16x1x1
kv_cmpr_pe-23,kernel_gemv_noshuffle,0.029900,320x4x1,64x4x1,576x1x1x1
k_pe-23,kernel_rope_norm_f32,0.003100,64x1x1,64x1x1,64x1x1x1
node_1482,kernel_repeat,0.037700,16x1x1,0x0x0,64x16x1x1
kv_cmpr-23,kernel_rms_norm_mul,0.003900,512x1x1,512x1x1,512x1x1x1
kv-23,kernel_gemv_noshuffle,0.020100,2048x4x1,64x4x1,4096x1x1x1
Kcur-23,kernel_concat_f32_non_contiguous,0.040200,16x1x1,0x0x0,192x16x1x1
Vcur_cont-23,kernel_cpy_f32_f32,0.002700,1024x1x1,64x1x1,128x16x1x1
cache_k_l23 (view),kernel_set_rows_f16_i64,0.003700,1024x1x1,1024x1x1,3072x4096x1x1
cache_v_l23 (view),kernel_set_rows_f16_i64,0.003400,1024x1x1,1024x1x1,2048x4096x1x1
__fattn__-23,flash_attn_f32_f16_q1,0.955100,64x16x0,64x1x0,128x16x1x1
node_1503,kernel_gemv_noshuffle,0.044000,1024x4x1,64x4x1,2048x1x1x1
ffn_inp-23,kernel_add_row,0.002300,512x0x0,64x0x0,2048x1x1x1
ffn_norm-23,kernel_rms_norm_mul,0.005400,1024x1x1,1024x1x1,2048x1x1x1
ffn_moe_logits-23,kernel_mul_mat_f32_f32,0.010600,4096x1x1,64x1x1,64x1x1x1
ffn_moe_probs-23,kernel_soft_max_4,0.003200,64x1x1,64x1x1,64x1x1x1
ffn_moe_argsort-23,kernel_argsort_f32_i32,0.012000,64x1x1,64x1x1,64x1x1x1
ffn_moe_weights-23,kernel_get_rows_f32,0.002100,384x1x1,64x1x1,1x6x1x1
ffn_moe_weights_scaled-23,kernel_scale,0.002000,1x1x1,64x1x1,1x6x1x1
ffn_moe_gate-23,kernel_mul_mv_id_q4_0_f32_8x_flat,0.159300,11264x1x6,64x1x1,1408x6x1x1
ffn_moe_up-23,kernel_mul_mv_id_q4_0_f32_8x_flat,0.159900,11264x1x6,64x1x1,1408x6x1x1
ffn_moe_weighted-23,kernel_swiglu,0.003000,3072x1x1,512x1x1,1408x6x1x1
ffn_moe_down-23,kernel_mul_mv_id_q4_0_f32_8x_flat,0.170600,16384x1x6,64x1x1,2048x6x1x1
node_1519,kernel_mul,0.010500,384x1x1,64x1x1,2048x6x1x1
ffn_gate-23,kernel_gemv_noshuffle,0.050300,1408x4x1,64x4x1,2816x1x1x1
ffn_up-23,kernel_gemv_noshuffle,0.050000,1408x4x1,64x4x1,2816x1x1x1
ffn_swiglu-23,kernel_swiglu,0.003700,512x1x1,512x1x1,2816x1x1x1
node_1529,kernel_add_row,0.002000,512x0x0,64x0x0,2048x1x1x1
node_1530,kernel_add_row,0.001800,512x0x0,64x0x0,2048x1x1x1
node_1531,kernel_add_row,0.001900,512x0x0,64x0x0,2048x1x1x1
node_1532,kernel_add_row,0.001800,512x0x0,64x0x0,2048x1x1x1
ffn_moe_out-23,kernel_add_row,0.002000,512x0x0,64x0x0,2048x1x1x1
ffn_shexp-23,kernel_gemv_noshuffle,0.056500,1024x4x1,64x4x1,2048x1x1x1
ffn_out-23,kernel_add_row,0.002000,512x0x0,64x0x0,2048x1x1x1
l_out-23,kernel_add_row,0.002300,512x0x0,64x0x0,2048x1x1x1
attn_norm-24,kernel_rms_norm_mul,0.005500,1024x1x1,1024x1x1,2048x1x1x1
q-24,kernel_gemv_noshuffle,0.057700,1536x4x1,64x4x1,3072x1x1x1
q_pe-24,kernel_rope_norm_f32,0.002900,1024x1x1,64x1x1,64x16x1x1
Qcur-24,kernel_concat_f32_non_contiguous,0.040100,16x1x1,0x0x0,192x16x1x1
kv_cmpr_pe-24,kernel_gemv_noshuffle,0.029900,320x4x1,64x4x1,576x1x1x1
k_pe-24,kernel_rope_norm_f32,0.002200,64x1x1,64x1x1,64x1x1x1
node_1547,kernel_repeat,0.037200,16x1x1,0x0x0,64x16x1x1
kv_cmpr-24,kernel_rms_norm_mul,0.004100,512x1x1,512x1x1,512x1x1x1
kv-24,kernel_gemv_noshuffle,0.021100,2048x4x1,64x4x1,4096x1x1x1
Kcur-24,kernel_concat_f32_non_contiguous,0.039900,16x1x1,0x0x0,192x16x1x1
Vcur_cont-24,kernel_cpy_f32_f32,0.002800,1024x1x1,64x1x1,128x16x1x1
cache_k_l24 (view),kernel_set_rows_f16_i64,0.004200,1024x1x1,1024x1x1,3072x4096x1x1
cache_v_l24 (view),kernel_set_rows_f16_i64,0.003400,1024x1x1,1024x1x1,2048x4096x1x1
__fattn__-24,flash_attn_f32_f16_q1,0.950700,64x16x0,64x1x0,128x16x1x1
node_1568,kernel_gemv_noshuffle,0.045100,1024x4x1,64x4x1,2048x1x1x1
ffn_inp-24,kernel_add_row,0.002400,512x0x0,64x0x0,2048x1x1x1
ffn_norm-24,kernel_rms_norm_mul,0.005500,1024x1x1,1024x1x1,2048x1x1x1
ffn_moe_logits-24,kernel_mul_mat_f32_f32,0.010700,4096x1x1,64x1x1,64x1x1x1
ffn_moe_probs-24,kernel_soft_max_4,0.003300,64x1x1,64x1x1,64x1x1x1
ffn_moe_argsort-24,kernel_argsort_f32_i32,0.012000,64x1x1,64x1x1,64x1x1x1
ffn_moe_weights-24,kernel_get_rows_f32,0.002400,384x1x1,64x1x1,1x6x1x1
ffn_moe_weights_scaled-24,kernel_scale,0.001700,1x1x1,64x1x1,1x6x1x1
ffn_moe_gate-24,kernel_mul_mv_id_q4_0_f32_8x_flat,0.157700,11264x1x6,64x1x1,1408x6x1x1
ffn_moe_up-24,kernel_mul_mv_id_q4_0_f32_8x_flat,0.159800,11264x1x6,64x1x1,1408x6x1x1
ffn_moe_weighted-24,kernel_swiglu,0.003100,3072x1x1,512x1x1,1408x6x1x1
ffn_moe_down-24,kernel_mul_mv_id_q4_0_f32_8x_flat,0.170100,16384x1x6,64x1x1,2048x6x1x1
node_1584,kernel_mul,0.010700,384x1x1,64x1x1,2048x6x1x1
ffn_gate-24,kernel_gemv_noshuffle,0.050700,1408x4x1,64x4x1,2816x1x1x1
ffn_up-24,kernel_gemv_noshuffle,0.049700,1408x4x1,64x4x1,2816x1x1x1
ffn_swiglu-24,kernel_swiglu,0.003600,512x1x1,512x1x1,2816x1x1x1
node_1594,kernel_add_row,0.002100,512x0x0,64x0x0,2048x1x1x1
node_1595,kernel_add_row,0.002500,512x0x0,64x0x0,2048x1x1x1
node_1596,kernel_add_row,0.001900,512x0x0,64x0x0,2048x1x1x1
node_1597,kernel_add_row,0.002000,512x0x0,64x0x0,2048x1x1x1
ffn_moe_out-24,kernel_add_row,0.001900,512x0x0,64x0x0,2048x1x1x1
ffn_shexp-24,kernel_gemv_noshuffle,0.055900,1024x4x1,64x4x1,2048x1x1x1
ffn_out-24,kernel_add_row,0.002100,512x0x0,64x0x0,2048x1x1x1
l_out-24,kernel_add_row,0.001900,512x0x0,64x0x0,2048x1x1x1
attn_norm-25,kernel_rms_norm_mul,0.005500,1024x1x1,1024x1x1,2048x1x1x1
q-25,kernel_gemv_noshuffle,0.055300,1536x4x1,64x4x1,3072x1x1x1
q_pe-25,kernel_rope_norm_f32,0.002700,1024x1x1,64x1x1,64x16x1x1
Qcur-25,kernel_concat_f32_non_contiguous,0.040100,16x1x1,0x0x0,192x16x1x1
kv_cmpr_pe-25,kernel_gemv_noshuffle,0.029900,320x4x1,64x4x1,576x1x1x1
k_pe-25,kernel_rope_norm_f32,0.002200,64x1x1,64x1x1,64x1x1x1
node_1612,kernel_repeat,0.037900,16x1x1,0x0x0,64x16x1x1
kv_cmpr-25,kernel_rms_norm_mul,0.004100,512x1x1,512x1x1,512x1x1x1
kv-25,kernel_gemv_noshuffle,0.020500,2048x4x1,64x4x1,4096x1x1x1
Kcur-25,kernel_concat_f32_non_contiguous,0.039800,16x1x1,0x0x0,192x16x1x1
Vcur_cont-25,kernel_cpy_f32_f32,0.002600,1024x1x1,64x1x1,128x16x1x1
cache_k_l25 (view),kernel_set_rows_f16_i64,0.003800,1024x1x1,1024x1x1,3072x4096x1x1
cache_v_l25 (view),kernel_set_rows_f16_i64,0.003200,1024x1x1,1024x1x1,2048x4096x1x1
__fattn__-25,flash_attn_f32_f16_q1,0.945000,64x16x0,64x1x0,128x16x1x1
node_1633,kernel_gemv_noshuffle,0.045700,1024x4x1,64x4x1,2048x1x1x1
ffn_inp-25,kernel_add_row,0.002300,512x0x0,64x0x0,2048x1x1x1
ffn_norm-25,kernel_rms_norm_mul,0.005500,1024x1x1,1024x1x1,2048x1x1x1
ffn_moe_logits-25,kernel_mul_mat_f32_f32,0.011600,4096x1x1,64x1x1,64x1x1x1
ffn_moe_probs-25,kernel_soft_max_4,0.003300,64x1x1,64x1x1,64x1x1x1
ffn_moe_argsort-25,kernel_argsort_f32_i32,0.012000,64x1x1,64x1x1,64x1x1x1
ffn_moe_weights-25,kernel_get_rows_f32,0.002200,384x1x1,64x1x1,1x6x1x1
ffn_moe_weights_scaled-25,kernel_scale,0.001700,1x1x1,64x1x1,1x6x1x1
ffn_moe_gate-25,kernel_mul_mv_id_q4_0_f32_8x_flat,0.160400,11264x1x6,64x1x1,1408x6x1x1
ffn_moe_up-25,kernel_mul_mv_id_q4_0_f32_8x_flat,0.161600,11264x1x6,64x1x1,1408x6x1x1
ffn_moe_weighted-25,kernel_swiglu,0.003100,3072x1x1,512x1x1,1408x6x1x1
ffn_moe_down-25,kernel_mul_mv_id_q4_0_f32_8x_flat,0.172100,16384x1x6,64x1x1,2048x6x1x1
node_1649,kernel_mul,0.010400,384x1x1,64x1x1,2048x6x1x1
ffn_gate-25,kernel_gemv_noshuffle,0.050900,1408x4x1,64x4x1,2816x1x1x1
ffn_up-25,kernel_gemv_noshuffle,0.049900,1408x4x1,64x4x1,2816x1x1x1
ffn_swiglu-25,kernel_swiglu,0.003900,512x1x1,512x1x1,2816x1x1x1
node_1659,kernel_add_row,0.002100,512x0x0,64x0x0,2048x1x1x1
node_1660,kernel_add_row,0.001900,512x0x0,64x0x0,2048x1x1x1
node_1661,kernel_add_row,0.002000,512x0x0,64x0x0,2048x1x1x1
node_1662,kernel_add_row,0.002300,512x0x0,64x0x0,2048x1x1x1
ffn_moe_out-25,kernel_add_row,0.002000,512x0x0,64x0x0,2048x1x1x1
ffn_shexp-25,kernel_gemv_noshuffle,0.056100,1024x4x1,64x4x1,2048x1x1x1
ffn_out-25,kernel_add_row,0.001900,512x0x0,64x0x0,2048x1x1x1
l_out-25,kernel_add_row,0.002000,512x0x0,64x0x0,2048x1x1x1
attn_norm-26,kernel_rms_norm_mul,0.005500,1024x1x1,1024x1x1,2048x1x1x1
q-26,kernel_gemv_noshuffle,0.054300,1536x4x1,64x4x1,3072x1x1x1
q_pe-26,kernel_rope_norm_f32,0.002700,1024x1x1,64x1x1,64x16x1x1
Qcur-26,kernel_concat_f32_non_contiguous,0.039800,16x1x1,0x0x0,192x16x1x1
kv_cmpr_pe-26,kernel_gemv_noshuffle,0.029700,320x4x1,64x4x1,576x1x1x1
k_pe-26,kernel_rope_norm_f32,0.002700,64x1x1,64x1x1,64x1x1x1
node_1677,kernel_repeat,0.037200,16x1x1,0x0x0,64x16x1x1
kv_cmpr-26,kernel_rms_norm_mul,0.003800,512x1x1,512x1x1,512x1x1x1
kv-26,kernel_gemv_noshuffle,0.020600,2048x4x1,64x4x1,4096x1x1x1
Kcur-26,kernel_concat_f32_non_contiguous,0.040100,16x1x1,0x0x0,192x16x1x1
Vcur_cont-26,kernel_cpy_f32_f32,0.002700,1024x1x1,64x1x1,128x16x1x1
cache_k_l26 (view),kernel_set_rows_f16_i64,0.004100,1024x1x1,1024x1x1,3072x4096x1x1
cache_v_l26 (view),kernel_set_rows_f16_i64,0.003200,1024x1x1,1024x1x1,2048x4096x1x1
__fattn__-26,flash_attn_f32_f16_q1,0.956800,64x16x0,64x1x0,128x16x1x1
node_1698,kernel_gemv_noshuffle,0.045000,1024x4x1,64x4x1,2048x1x1x1
node_1699,kernel_get_rows_f32,0.010400,64x1x1,64x1x1,2048x1x1x1
node_1700,kernel_get_rows_f32,0.009400,64x1x1,64x1x1,2048x1x1x1
ffn_inp-26,kernel_add_row,0.001900,512x0x0,64x0x0,2048x1x1x1
ffn_norm-26,kernel_rms_norm_mul,0.005500,1024x1x1,1024x1x1,2048x1x1x1
ffn_moe_logits-26,kernel_mul_mat_f32_f32,0.011900,4096x1x1,64x1x1,64x1x1x1
ffn_moe_probs-26,kernel_soft_max_4,0.003300,64x1x1,64x1x1,64x1x1x1
ffn_moe_argsort-26,kernel_argsort_f32_i32,0.011900,64x1x1,64x1x1,64x1x1x1
ffn_moe_weights-26,kernel_get_rows_f32,0.002000,384x1x1,64x1x1,1x6x1x1
ffn_moe_weights_scaled-26,kernel_scale,0.001700,1x1x1,64x1x1,1x6x1x1
ffn_moe_gate-26,kernel_mul_mv_id_q4_0_f32_8x_flat,0.158600,11264x1x6,64x1x1,1408x6x1x1
ffn_moe_up-26,kernel_mul_mv_id_q4_0_f32_8x_flat,0.158800,11264x1x6,64x1x1,1408x6x1x1
ffn_moe_weighted-26,kernel_swiglu,0.003100,3072x1x1,512x1x1,1408x6x1x1
ffn_moe_down-26,kernel_mul_mv_id_q4_0_f32_8x_flat,0.171900,16384x1x6,64x1x1,2048x6x1x1
node_1716,kernel_mul,0.010500,384x1x1,64x1x1,2048x6x1x1
ffn_gate-26,kernel_gemv_noshuffle,0.051500,1408x4x1,64x4x1,2816x1x1x1
ffn_up-26,kernel_gemv_noshuffle,0.049700,1408x4x1,64x4x1,2816x1x1x1
ffn_swiglu-26,kernel_swiglu,0.003800,512x1x1,512x1x1,2816x1x1x1
node_1726,kernel_add_row,0.002000,512x0x0,64x0x0,2048x1x1x1
node_1727,kernel_add_row,0.001900,512x0x0,64x0x0,2048x1x1x1
node_1728,kernel_add_row,0.001900,512x0x0,64x0x0,2048x1x1x1
node_1729,kernel_add_row,0.002300,512x0x0,64x0x0,2048x1x1x1
ffn_moe_out-26,kernel_add_row,0.001900,512x0x0,64x0x0,2048x1x1x1
ffn_shexp-26,kernel_gemv_noshuffle,0.058600,1024x4x1,64x4x1,2048x1x1x1
ffn_out-26,kernel_add_row,0.001900,512x0x0,64x0x0,2048x1x1x1
l_out-26,kernel_add_row,0.001900,512x0x0,64x0x0,2048x1x1x1
result_norm,kernel_rms_norm_mul,0.005800,1024x1x1,1024x1x1,2048x1x1x1
result_output,kernel_mul_mv_q6_K_f32,7.500800,102400x64x1,2x64x1,102400x1x1x1
